scope,state_code,state,section,rank,label,value,proposal_number,project_name,organization,district,status,application_date,grant_date,total_cost_lakhs,land_ha,proposal_url
all,,All India,stat,,projects,155826,,,,,,,,,,
all,,All India,stat,,active_projects,114955,,,,,,,,,,
all,,All India,stat,,applications,114955,,,,,,,,,,
all,,All India,stat,,ec_granted,63942,,,,,,,,,,
all,,All India,stat,,ec_tor,16635,,,,,,,,,,
all,,All India,stat,,ec_pending,26704,,,,,,,,,,
all,,All India,stat,,ec_rejected,3110,,,,,,,,,,
all,,All India,stat,,ec_withdrawn,4564,,,,,,,,,,
all,,All India,stat,,pc_A,5399,,,,,,,,,,
all,,All India,stat,,pc_B1,29816,,,,,,,,,,
all,,All India,stat,,pc_B2,53874,,,,,,,,,,
all,,All India,stat,,pc_OTHER,25866,,,,,,,,,,
all,,All India,stat,,ty_ec,81085,,,,,,,,,,
all,,All India,stat,,ty_forest,16280,,,,,,,,,,
all,,All India,stat,,ty_wildlife,3941,,,,,,,,,,
all,,All India,stat,,ty_crz,1642,,,,,,,,,,
all,,All India,stat,,ty_other,12007,,,,,,,,,,
all,,All India,stat,,delisted_or_removed,40871,,,,,,,,,,
all,,All India,stat,,total_cost_lakhs,1210722370.64,,,,,,,,,,
all,,All India,stat,,cost_outliers_excluded,258,,,,,,,,,,
all,,All India,stat,,total_land_ha,111627950.2651,,,,,,,,,,
all,,All India,stat,,latest_application,2026-10-10T04:19:37.735+00:00,,,,,,,,,,
all,,All India,stat,,latest_grant,2026-10-08T12:31:44.516+00:00,,,,,,,,,,
all,,All India,stat,,changes_added,62,,,,,,,,,,
all,,All India,stat,,changes_removed,0,,,,,,,,,,
all,,All India,stat,,changes_updated,12107,,,,,,,,,,
all,,All India,stat,,changes_status,0,,,,,,,,,,
all,,All India,stat,,compared_with,2026-10-09T20:19:01Z,,,,,,,,,,
all,,All India,stat,,changes_added_active,62,,,,,,,,,,
all,,All India,stat,,changes_removed_active,0,,,,,,,,,,
all,,All India,stat,,changes_updated_active,10080,,,,,,,,,,
all,,All India,stat,,changes_status_active,0,,,,,,,,,,
all,,All India,stat,,window_added_active,2284,,,,,,,,,,
all,,All India,stat,,window_updated_active,10055,,,,,,,,,,
all,,All India,stat,,window_added,2284,,,,,,,,,,
all,,All India,stat,,window_updated,13635,,,,,,,,,,
all,,All India,stat,,window_since,2026-10-01T03:52:08Z,,,,,,,,,,
all,,All India,status,,EC Granted,56132,,,,,,,,,,
all,,All India,status,,DELISTED_BY_SYSTEM,37970,,,,,,,,,,
all,,All India,status,,Standard ToR Granted,6382,,,,,,,,,,
all,,All India,status,,(none),5338,,,,,,,,,,
all,,All India,status,,ToR Granted,5271,,,,,,,,,,
all,,All India,status,,Final Diversion Order Issued,4307,,,,,,,,,,
all,,All India,status,,Under Verification,2959,,,,,,,,,,
all,,All India,status,,REMOVED,2894,,,,,,,,,,
all,,All India,status,,TOR Granted,2655,,,,,,,,,,
all,,All India,status,,EC Rejected,2537,,,,,,,,,,
all,,All India,status,,Stage-II Accorded,2372,,,,,,,,,,
all,,All India,status,,TOR GRANTED,2326,,,,,,,,,,
all,,All India,status,,Proposal returned in present form,1975,,,,,,,,,,
all,,All India,status,,EDS raised,1567,,,,,,,,,,
all,,All India,status,,ADS Raised,1353,,,,,,,,,,
all,,All India,status,,Under Examination,1240,,,,,,,,,,
all,,All India,status,,Referred to SEIAA,1196,,,,,,,,,,
all,,All India,status,,Pending at DFO for Scrutiny and Recommendation,1171,,,,,,,,,,
all,,All India,status,,Proposal pulled back (withdrawn),1025,,,,,,,,,,
all,,All India,status,,Pending at MS SEIAA,944,,,,,,,,,,
all,,All India,status,,Pending at UA due to EDS by DFO,913,,,,,,,,,,
all,,All India,status,,Pending on UA for Compensatory Levies Payment,891,,,,,,,,,,
all,,All India,status,,Withdrawal Request Accepted,824,,,,,,,,,,
all,,All India,status,,Referred to SEAC,793,,,,,,,,,,
all,,All India,status,,Proposal Accepted and Referred to SEAC,778,,,,,,,,,,
all,,All India,status,,Proposal Withdrawal Request Accepted,713,,,,,,,,,,
all,,All India,status,,Pending at DFO due to EDS by Nodal Officer,599,,,,,,,,,,
all,,All India,status,,Pending at UA for Compliance Report,577,,,,,,,,,,
all,,All India,status,,CRZ Granted,541,,,,,,,,,,
all,,All India,status,,Pending at UA for Compensatory Levies Payment and Compliance Report,513,,,,,,,,,,
all,,All India,status,,Recommend to Town Planner Authority,460,,,,,,,,,,
all,,All India,status,,Pending at PP due to EDS by DFO,419,,,,,,,,,,
all,,All India,status,,Pending at Nodal Officer for Recommendation,392,,,,,,,,,,
all,,All India,status,,Pending at UA for DFO EDS Reply,334,,,,,,,,,,
all,,All India,status,,Granted,325,,,,,,,,,,
all,,All India,status,,Pending at UA due to EDS by MS after PSC-I,310,,,,,,,,,,
all,,All India,status,,Pending at State Secretary for Recommendation,285,,,,,,,,,,
all,,All India,status,,Pending at State Government for Diversion Letter,258,,,,,,,,,,
all,,All India,status,,Approval Granted,240,,,,,,,,,,
all,,All India,status,,Pending at Nodal Officer due to EDS by State Secretary,220,,,,,,,,,,
all,,All India,status,,Rejected in PSC-I,200,,,,,,,,,,
all,,All India,status,,ToR Rejected,188,,,,,,,,,,
all,,All India,status,,Recommend to SEIAA/SEAC,158,,,,,,,,,,
all,,All India,status,,Pending at MS for Proposal Withdraw,151,,,,,,,,,,
all,,All India,status,,Pending at MS for Acceptance in PSC-I,147,,,,,,,,,,
all,,All India,status,,Pending at DFO/CF after acceptance in PSC-I,141,,,,,,,,,,
all,,All India,status,,Pending at DFO for Compensatory Levies,138,,,,,,,,,,
all,,All India,status,,Referred to SAEIA,130,,,,,,,,,,
all,,All India,status,,Pending at PP due to EDS by Nodal Officer,123,,,,,,,,,,
all,,All India,status,,REJECTED,118,,,,,,,,,,
all,,All India,status,,EDS Raised,105,,,,,,,,,,
all,,All India,status,,Pending at UA due to Delisting by Authority,102,,,,,,,,,,
all,,All India,status,,Pending at DFO/CF/Nodal Officer after acceptance in PSC-I,102,,,,,,,,,,
all,,All India,status,,Accepted and Referred to SCZMA,96,,,,,,,,,,
all,,All India,status,,Under Examination with SCZMA,94,,,,,,,,,,
all,,All India,status,,Pending at State Secretary for Compliance Review,91,,,,,,,,,,
all,,All India,status,,Pending at Nodal Officer for Compliance Review,86,,,,,,,,,,
all,,All India,status,,Pending at Technical Officer - IRO,78,,,,,,,,,,
all,,All India,status,,Proposal Accepted and Referred to EAC,78,,,,,,,,,,
all,,All India,status,,Pending at State Secretary for Recommendation after PSC-II,72,,,,,,,,,,
all,,All India,status,,Pending at DFO For Compliance Review,68,,,,,,,,,,
all,,All India,status,,Forwarded to DD,59,,,,,,,,,,
all,,All India,status,,Pending on UA for Levies Payment,52,,,,,,,,,,
all,,All India,status,,Application Rejected,52,,,,,,,,,,
all,,All India,status,,Pending at MS for Recommendation in PSC-II,50,,,,,,,,,,
all,,All India,status,,"Pending at Technical Officer - MoEFCC, HQ",48,,,,,,,,,,
all,,All India,status,,Forwarded to MS,42,,,,,,,,,,
all,,All India,status,,Under Verification with SCEIA,42,,,,,,,,,,
all,,All India,status,,Pending at State Secretary for Recommendation and In-Principle Approval (Stage-I),41,,,,,,,,,,
all,,All India,status,,Pending at Nodal for Compensatory Levies Review,40,,,,,,,,,,
all,,All India,status,,Pending at UA due to EDS by MS after PSC-II,36,,,,,,,,,,
all,,All India,status,,Pending at DFO due to Query by Nodal Officer,35,,,,,,,,,,
all,,All India,status,,Pending at UA due to EDS by Nodal Officer,35,,,,,,,,,,
all,,All India,status,,Pending at AIGF - RO,33,,,,,,,,,,
all,,All India,status,,Pending at SDO for Filling Inspection Report,33,,,,,,,,,,
all,,All India,status,,Pending at State Secretary due to EDS by RO,32,,,,,,,,,,
all,,All India,status,,Pending at Technical Officer RO for Stage-II Letter,30,,,,,,,,,,
all,,All India,status,,Pending at Technical Officer - RO,28,,,,,,,,,,
all,,All India,status,,Pending at Nodal Officer for Recommendation after PSC-II,28,,,,,,,,,,
all,,All India,status,,Pending at DFO for Compliance Review,26,,,,,,,,,,
all,,All India,status,,Pending at DFO due to EDS by MS After PSC-II,25,,,,,,,,,,
all,,All India,status,,Forwarded to USS SEIAA,22,,,,,,,,,,
all,,All India,status,,Pending at REC,21,,,,,,,,,,
all,,All India,status,,Pending at Nodal Officer for Compensatory Levies Review,20,,,,,,,,,,
all,,All India,status,,EDS Under Examination,20,,,,,,,,,,
all,,All India,status,,Referred to EAC,19,,,,,,,,,,
all,,All India,status,,Pending at State Secretary due to EDS by IRO,19,,,,,,,,,,
all,,All India,status,,Pending at AIGF RO for Stage-II Letter,19,,,,,,,,,,
all,,All India,status,,"Pending at State Secretary due to EDS by MoEFCC, HQ",18,,,,,,,,,,
all,,All India,status,,Referred to SCZMA,18,,,,,,,,,,
all,,All India,status,,Raised/Forwarded EDS to UA,17,,,,,,,,,,
all,,All India,status,,Pending at SS for Diversion Letter,17,,,,,,,,,,
all,,All India,status,,Pending at MS for Proposal Withdraw Request,17,,,,,,,,,,
all,,All India,status,,Pending at DFO for Issue Approval letter,17,,,,,,,,,,
all,,All India,status,,Pending at State Government For Recommendation,16,,,,,,,,,,
all,,All India,status,,Query Raised,15,,,,,,,,,,
all,,All India,status,,Pending at DFO due to Query by State Secretary,14,,,,,,,,,,
all,,All India,status,,Pending at UA for CA Payment and Compliance Report,13,,,,,,,,,,
all,,All India,status,,Return to UA,12,,,,,,,,,,
all,,All India,status,,GRANTED,12,,,,,,,,,,
all,,All India,status,,Pending at State Government  for Diversion,12,,,,,,,,,,
all,,All India,status,,Pending at UA due to EDS raised by DFO,12,,,,,,,,,,
all,,All India,status,,Under Examination with SCEIA,11,,,,,,,,,,
all,,All India,status,,Ec Form 9 Approved,10,,,,,,,,,,
all,,All India,status,,"Pending at AIGF - MoEFCC, HQ",9,,,,,,,,,,
all,,All India,status,,Withdrawn,8,,,,,,,,,,
all,,All India,status,,"Pending at TO – MoEFCC, HQ for Final Approval",8,,,,,,,,,,
all,,All India,status,,Pending at FAC,7,,,,,,,,,,
all,,All India,status,,Pending at RO Head,7,,,,,,,,,,
all,,All India,status,,Stage-I FC Awaited,7,,,,,,,,,,
all,,All India,status,,Pending at DIGF - RO,7,,,,,,,,,,
all,,All India,status,,Pending at DIGF RO for Stage-II Letter,7,,,,,,,,,,
all,,All India,status,,Proposal Revoked,6,,,,,,,,,,
all,,All India,status,,Pending at DFO,6,,,,,,,,,,
all,,All India,status,,Under Examinitaion,6,,,,,,,,,,
all,,All India,status,,Delisted,6,,,,,,,,,,
all,,All India,status,,Pending at Nodal Officer due to EDS by SS,5,,,,,,,,,,
all,,All India,status,,Pending at Nodal Officer due to Query by State Secretary,5,,,,,,,,,,
all,,All India,status,,REVOKED,5,,,,,,,,,,
all,,All India,status,,Pending at Scrutiny after PSC-I,5,,,,,,,,,,
all,,All India,status,,Pending for State Government for Stage-II Letter,4,,,,,,,,,,
all,,All India,status,,"Pending at AIGF – MoEFCC, HQ for Final Approval",4,,,,,,,,,,
all,,All India,status,,Pending at RO Head for Stage-II Letter,4,,,,,,,,,,
all,,All India,status,,Report Violation,4,,,,,,,,,,
all,,All India,status,,ADS Raised to SCZMA,4,,,,,,,,,,
all,,All India,status,,Pending at Nodal Officer due to Demand Modification Request By UA,3,,,,,,,,,,
all,,All India,status,,Forwarded to AS,3,,,,,,,,,,
all,,All India,status,,"Pending at State Secretary due to EDS by MoEFCC, HQ for Compliance",3,,,,,,,,,,
all,,All India,status,,"Pending at Director General of Forest - MoEFCC, HQ",3,,,,,,,,,,
all,,All India,status,,withdrawn,3,,,,,,,,,,
all,,All India,status,,"Pending at IGF - MoEFCC, HQ",3,,,,,,,,,,
all,,All India,status,,MOM PUBLISHED,3,,,,,,,,,,
all,,All India,status,,Forwarded to JS,3,,,,,,,,,,
all,,All India,status,,Pending at UA for Compensatory Levies Payment,3,,,,,,,,,,
all,,All India,status,,Pending at Scrutiny,3,,,,,,,,,,
all,,All India,status,,SUBMITTED,3,,,,,,,,,,
all,,All India,status,,Proposal Withdraw Request Accepted,3,,,,,,,,,,
all,,All India,status,,Pending at DC for Form Submission,3,,,,,,,,,,
all,,All India,status,,Pending at SDO due to EDS by DC,3,,,,,,,,,,
all,,All India,status,,EDS RAISED,2,,,,,,,,,,
all,,All India,status,,Pending at PCCF for Recommendation and In-Principle Approval (Stage-I),2,,,,,,,,,,
all,,All India,status,,Pending at State Secretary for Recommendation and Approval Letter,2,,,,,,,,,,
all,,All India,status,,Pending for NODAL for Stage-II Letter,2,,,,,,,,,,
all,,All India,status,,"Pending at Union Minister - MoEFCC, HQ",2,,,,,,,,,,
all,,All India,status,,Pending at Nodal Officer for Levies Review,2,,,,,,,,,,
all,,All India,status,,Query Replied,2,,,,,,,,,,
all,,All India,status,,Pending at UA due to EDS by CF,2,,,,,,,,,,
all,,All India,status,,Pending at CF due to Query by Nodal Officer,2,,,,,,,,,,
all,,All India,status,,MS Verification,2,,,,,,,,,,
all,,All India,status,,Pending at MS,2,,,,,,,,,,
all,,All India,status,,Pending at DFO for Demand Letter,2,,,,,,,,,,
all,,All India,status,,Pending at DC due to Query by Nodal Officer,1,,,,,,,,,,
all,,All India,status,,Revoked,1,,,,,,,,,,
all,,All India,status,,Scheduled for PSC,1,,,,,,,,,,
all,,All India,status,,Pending at MS with SAEIA,1,,,,,,,,,,
all,,All India,status,,Pending at DFO For Recommendation,1,,,,,,,,,,
all,,All India,status,,"Pending at AIGF/Scientist- MoEFCC, HQ",1,,,,,,,,,,
all,,All India,status,,DELISTED,1,,,,,,,,,,
all,,All India,status,,Pending at UA due to EDS by Nodal,1,,,,,,,,,,
all,,All India,status,,Pending at CF for Compliance Review,1,,,,,,,,,,
all,,All India,status,,Rejected,1,,,,,,,,,,
all,,All India,status,,EC GRANTED,1,,,,,,,,,,
all,,All India,status,,Submitted,1,,,,,,,,,,
all,,All India,status,,draft,1,,,,,,,,,,
all,,All India,status,,Proposal Accepted and Referred to SCEIA,1,,,,,,,,,,
all,,All India,status,,Ec Form 9 Rejected,1,,,,,,,,,,
all,,All India,status,,CRZ_Rejected,1,,,,,,,,,,
all,,All India,status,,"Proposal Parked by AIGF-MoEFCC, HQ due to State confirmation",1,,,,,,,,,,
all,,All India,status,,Approved,1,,,,,,,,,,
all,,All India,status,,Pending at PP due to Query by State Secretary,1,,,,,,,,,,
all,,All India,status,,Pending at Nodal Officer for Compliance Approval,1,,,,,,,,,,
all,,All India,status,,Proposal Withdraw,1,,,,,,,,,,
all,,All India,status,,Ec Form 9 Accepted,1,,,,,,,,,,
all,,All India,status,,TOR GRanted,1,,,,,,,,,,
all,,All India,status,,Pending at DC due to EDS by Nodal Officer,1,,,,,,,,,,
all,,All India,status,,Pending at State Government Recommendation,1,,,,,,,,,,
all,,All India,status,,Pending at MS for MoM Creation,1,,,,,,,,,,
all,,All India,status,,Pending for PCCF for Stage-II Letter,1,,,,,,,,,,
all,,All India,status,,Pending at UA for Nodal EDS Reply,1,,,,,,,,,,
all,,All India,status,,Forwarded to SO,1,,,,,,,,,,
all,,All India,status,,EDS_REPLIED,1,,,,,,,,,,
all,,All India,status,,Forwarded to USS,1,,,,,,,,,,
all,,All India,status,,Proposal Forwarded to SCZMA,1,,,,,,,,,,
all,,All India,status,,Public Hearing Proposal Under Examination,1,,,,,,,,,,
all,,All India,applications_by_year,,2022,5453,,,,,,,,,,
all,,All India,applications_by_year,,2023,23983,,,,,,,,,,
all,,All India,applications_by_year,,2024,37729,,,,,,,,,,
all,,All India,applications_by_year,,2025,27004,,,,,,,,,,
all,,All India,applications_by_year,,2026,20786,,,,,,,,,,
all,,All India,year_granted,,2022,3666,,,,,,,,,,
all,,All India,year_granted,,2023,13675,,,,,,,,,,
all,,All India,year_granted,,2024,26297,,,,,,,,,,
all,,All India,year_granted,,2025,14471,,,,,,,,,,
all,,All India,year_granted,,2026,5833,,,,,,,,,,
all,,All India,year_tor,,2022,1240,,,,,,,,,,
all,,All India,year_tor,,2023,5070,,,,,,,,,,
all,,All India,year_tor,,2024,3517,,,,,,,,,,
all,,All India,year_tor,,2025,4460,,,,,,,,,,
all,,All India,year_tor,,2026,2348,,,,,,,,,,
all,,All India,year_pending,,2022,488,,,,,,,,,,
all,,All India,year_pending,,2023,4562,,,,,,,,,,
all,,All India,year_pending,,2024,4411,,,,,,,,,,
all,,All India,year_pending,,2025,5539,,,,,,,,,,
all,,All India,year_pending,,2026,11704,,,,,,,,,,
all,,All India,year_rejected,,2022,41,,,,,,,,,,
all,,All India,year_rejected,,2023,153,,,,,,,,,,
all,,All India,year_rejected,,2024,1620,,,,,,,,,,
all,,All India,year_rejected,,2025,998,,,,,,,,,,
all,,All India,year_rejected,,2026,298,,,,,,,,,,
all,,All India,year_withdrawn,,2022,18,,,,,,,,,,
all,,All India,year_withdrawn,,2023,523,,,,,,,,,,
all,,All India,year_withdrawn,,2024,1884,,,,,,,,,,
all,,All India,year_withdrawn,,2025,1536,,,,,,,,,,
all,,All India,year_withdrawn,,2026,603,,,,,,,,,,
all,,All India,year_pc_A,,2022,248,,,,,,,,,,
all,,All India,year_pc_A,,2023,1469,,,,,,,,,,
all,,All India,year_pc_A,,2024,1218,,,,,,,,,,
all,,All India,year_pc_A,,2025,1319,,,,,,,,,,
all,,All India,year_pc_A,,2026,1145,,,,,,,,,,
all,,All India,year_pc_B1,,2022,1752,,,,,,,,,,
all,,All India,year_pc_B1,,2023,8078,,,,,,,,,,
all,,All India,year_pc_B1,,2024,6744,,,,,,,,,,
all,,All India,year_pc_B1,,2025,7758,,,,,,,,,,
all,,All India,year_pc_B1,,2026,5484,,,,,,,,,,
all,,All India,year_pc_B2,,2022,2416,,,,,,,,,,
all,,All India,year_pc_B2,,2023,8294,,,,,,,,,,
all,,All India,year_pc_B2,,2024,23663,,,,,,,,,,
all,,All India,year_pc_B2,,2025,11088,,,,,,,,,,
all,,All India,year_pc_B2,,2026,8413,,,,,,,,,,
all,,All India,year_pc_OTHER,,2022,1037,,,,,,,,,,
all,,All India,year_pc_OTHER,,2023,6142,,,,,,,,,,
all,,All India,year_pc_OTHER,,2024,6104,,,,,,,,,,
all,,All India,year_pc_OTHER,,2025,6839,,,,,,,,,,
all,,All India,year_pc_OTHER,,2026,5744,,,,,,,,,,
all,,All India,cube,,2022|granted|A|ec,79,,,,,,,,,,
all,,All India,cube,,2022|granted|A|other,3,,,,,,,,,,
all,,All India,cube,,2022|granted|B1|ec,656,,,,,,,,,,
all,,All India,cube,,2022|granted|B1|other,9,,,,,,,,,,
all,,All India,cube,,2022|granted|B2|ec,2376,,,,,,,,,,
all,,All India,cube,,2022|granted|B2|other,14,,,,,,,,,,
all,,All India,cube,,2022|granted|OTHER|crz,2,,,,,,,,,,
all,,All India,cube,,2022|granted|OTHER|forest,527,,,,,,,,,,
all,,All India,cube,,2022|pending|A|ec,2,,,,,,,,,,
all,,All India,cube,,2022|pending|B1|ec,3,,,,,,,,,,
all,,All India,cube,,2022|pending|B1|other,2,,,,,,,,,,
all,,All India,cube,,2022|pending|B2|ec,4,,,,,,,,,,
all,,All India,cube,,2022|pending|B2|other,2,,,,,,,,,,
all,,All India,cube,,2022|pending|OTHER|crz,35,,,,,,,,,,
all,,All India,cube,,2022|pending|OTHER|forest,318,,,,,,,,,,
all,,All India,cube,,2022|pending|OTHER|wildlife,122,,,,,,,,,,
all,,All India,cube,,2022|rejected|B1|ec,5,,,,,,,,,,
all,,All India,cube,,2022|rejected|B2|ec,2,,,,,,,,,,
all,,All India,cube,,2022|rejected|B2|other,1,,,,,,,,,,
all,,All India,cube,,2022|rejected|OTHER|forest,33,,,,,,,,,,
all,,All India,cube,,2022|tor|A|ec,148,,,,,,,,,,
all,,All India,cube,,2022|tor|A|other,10,,,,,,,,,,
all,,All India,cube,,2022|tor|B1|ec,1065,,,,,,,,,,
all,,All India,cube,,2022|tor|B1|other,5,,,,,,,,,,
all,,All India,cube,,2022|tor|B2|ec,12,,,,,,,,,,
all,,All India,cube,,2022|withdrawn|A|ec,1,,,,,,,,,,
all,,All India,cube,,2022|withdrawn|A|other,5,,,,,,,,,,
all,,All India,cube,,2022|withdrawn|B1|ec,2,,,,,,,,,,
all,,All India,cube,,2022|withdrawn|B1|other,5,,,,,,,,,,
all,,All India,cube,,2022|withdrawn|B2|ec,2,,,,,,,,,,
all,,All India,cube,,2022|withdrawn|B2|other,3,,,,,,,,,,
all,,All India,cube,,2023|granted|A|ec,398,,,,,,,,,,
all,,All India,cube,,2023|granted|A|other,166,,,,,,,,,,
all,,All India,cube,,2023|granted|B1|ec,2878,,,,,,,,,,
all,,All India,cube,,2023|granted|B1|other,74,,,,,,,,,,
all,,All India,cube,,2023|granted|B2|ec,7071,,,,,,,,,,
all,,All India,cube,,2023|granted|B2|other,86,,,,,,,,,,
all,,All India,cube,,2023|granted|OTHER|crz,91,,,,,,,,,,
all,,All India,cube,,2023|granted|OTHER|forest,2883,,,,,,,,,,
all,,All India,cube,,2023|granted|OTHER|other,28,,,,,,,,,,
all,,All India,cube,,2023|pending|A|ec,39,,,,,,,,,,
all,,All India,cube,,2023|pending|A|other,9,,,,,,,,,,
all,,All India,cube,,2023|pending|B1|ec,585,,,,,,,,,,
all,,All India,cube,,2023|pending|B1|other,16,,,,,,,,,,
all,,All India,cube,,2023|pending|B2|ec,863,,,,,,,,,,
all,,All India,cube,,2023|pending|B2|other,19,,,,,,,,,,
all,,All India,cube,,2023|pending|OTHER|crz,68,,,,,,,,,,
all,,All India,cube,,2023|pending|OTHER|forest,1653,,,,,,,,,,
all,,All India,cube,,2023|pending|OTHER|other,141,,,,,,,,,,
all,,All India,cube,,2023|pending|OTHER|wildlife,1169,,,,,,,,,,
all,,All India,cube,,2023|rejected|B1|ec,17,,,,,,,,,,
all,,All India,cube,,2023|rejected|B1|other,9,,,,,,,,,,
all,,All India,cube,,2023|rejected|B2|ec,41,,,,,,,,,,
all,,All India,cube,,2023|rejected|B2|other,5,,,,,,,,,,
all,,All India,cube,,2023|rejected|OTHER|forest,79,,,,,,,,,,
all,,All India,cube,,2023|rejected|OTHER|other,2,,,,,,,,,,
all,,All India,cube,,2023|tor|A|ec,537,,,,,,,,,,
all,,All India,cube,,2023|tor|A|other,71,,,,,,,,,,
all,,All India,cube,,2023|tor|B1|ec,4338,,,,,,,,,,
all,,All India,cube,,2023|tor|B1|other,51,,,,,,,,,,
all,,All India,cube,,2023|tor|B2|ec,73,,,,,,,,,,
all,,All India,cube,,2023|withdrawn|A|ec,181,,,,,,,,,,
all,,All India,cube,,2023|withdrawn|A|other,68,,,,,,,,,,
all,,All India,cube,,2023|withdrawn|B1|ec,96,,,,,,,,,,
all,,All India,cube,,2023|withdrawn|B1|other,14,,,,,,,,,,
all,,All India,cube,,2023|withdrawn|B2|ec,120,,,,,,,,,,
all,,All India,cube,,2023|withdrawn|B2|other,16,,,,,,,,,,
all,,All India,cube,,2023|withdrawn|OTHER|crz,17,,,,,,,,,,
all,,All India,cube,,2023|withdrawn|OTHER|other,11,,,,,,,,,,
all,,All India,cube,,2024|granted|A|crz,1,,,,,,,,,,
all,,All India,cube,,2024|granted|A|ec,292,,,,,,,,,,
all,,All India,cube,,2024|granted|A|other,176,,,,,,,,,,
all,,All India,cube,,2024|granted|B1|ec,2307,,,,,,,,,,
all,,All India,cube,,2024|granted|B1|other,400,,,,,,,,,,
all,,All India,cube,,2024|granted|B2|ec,19184,,,,,,,,,,
all,,All India,cube,,2024|granted|B2|other,1342,,,,,,,,,,
all,,All India,cube,,2024|granted|OTHER|crz,213,,,,,,,,,,
all,,All India,cube,,2024|granted|OTHER|forest,1852,,,,,,,,,,
all,,All India,cube,,2024|granted|OTHER|other,530,,,,,,,,,,
all,,All India,cube,,2024|pending|A|ec,22,,,,,,,,,,
all,,All India,cube,,2024|pending|A|other,14,,,,,,,,,,
all,,All India,cube,,2024|pending|B1|ec,387,,,,,,,,,,
all,,All India,cube,,2024|pending|B1|other,25,,,,,,,,,,
all,,All India,cube,,2024|pending|B2|ec,608,,,,,,,,,,
all,,All India,cube,,2024|pending|B2|other,49,,,,,,,,,,
all,,All India,cube,,2024|pending|OTHER|crz,273,,,,,,,,,,
all,,All India,cube,,2024|pending|OTHER|forest,1712,,,,,,,,,,
all,,All India,cube,,2024|pending|OTHER|other,399,,,,,,,,,,
all,,All India,cube,,2024|pending|OTHER|wildlife,922,,,,,,,,,,
all,,All India,cube,,2024|rejected|B1|ec,144,,,,,,,,,,
all,,All India,cube,,2024|rejected|B1|other,35,,,,,,,,,,
all,,All India,cube,,2024|rejected|B2|ec,1142,,,,,,,,,,
all,,All India,cube,,2024|rejected|B2|other,151,,,,,,,,,,
all,,All India,cube,,2024|rejected|OTHER|crz,1,,,,,,,,,,
all,,All India,cube,,2024|rejected|OTHER|forest,110,,,,,,,,,,
all,,All India,cube,,2024|rejected|OTHER|other,37,,,,,,,,,,
all,,All India,cube,,2024|tor|A|ec,420,,,,,,,,,,
all,,All India,cube,,2024|tor|A|other,38,,,,,,,,,,
all,,All India,cube,,2024|tor|B1|ec,2970,,,,,,,,,,
all,,All India,cube,,2024|tor|B1|other,81,,,,,,,,,,
all,,All India,cube,,2024|tor|B2|ec,7,,,,,,,,,,
all,,All India,cube,,2024|tor|OTHER|other,1,,,,,,,,,,
all,,All India,cube,,2024|withdrawn|A|ec,165,,,,,,,,,,
all,,All India,cube,,2024|withdrawn|A|other,90,,,,,,,,,,
all,,All India,cube,,2024|withdrawn|B1|ec,311,,,,,,,,,,
all,,All India,cube,,2024|withdrawn|B1|other,84,,,,,,,,,,
all,,All India,cube,,2024|withdrawn|B2|ec,1062,,,,,,,,,,
all,,All India,cube,,2024|withdrawn|B2|other,118,,,,,,,,,,
all,,All India,cube,,2024|withdrawn|OTHER|crz,13,,,,,,,,,,
all,,All India,cube,,2024|withdrawn|OTHER|other,41,,,,,,,,,,
all,,All India,cube,,2025|granted|A|crz,1,,,,,,,,,,
all,,All India,cube,,2025|granted|A|ec,323,,,,,,,,,,
all,,All India,cube,,2025|granted|A|other,182,,,,,,,,,,
all,,All India,cube,,2025|granted|B1|ec,2266,,,,,,,,,,
all,,All India,cube,,2025|granted|B1|other,373,,,,,,,,,,
all,,All India,cube,,2025|granted|B2|ec,7516,,,,,,,,,,
all,,All India,cube,,2025|granted|B2|other,1289,,,,,,,,,,
all,,All India,cube,,2025|granted|OTHER|crz,174,,,,,,,,,,
all,,All India,cube,,2025|granted|OTHER|forest,1372,,,,,,,,,,
all,,All India,cube,,2025|granted|OTHER|other,975,,,,,,,,,,
all,,All India,cube,,2025|pending|A|crz,1,,,,,,,,,,
all,,All India,cube,,2025|pending|A|ec,41,,,,,,,,,,
all,,All India,cube,,2025|pending|A|other,11,,,,,,,,,,
all,,All India,cube,,2025|pending|B1|ec,561,,,,,,,,,,
all,,All India,cube,,2025|pending|B1|other,72,,,,,,,,,,
all,,All India,cube,,2025|pending|B2|ec,770,,,,,,,,,,
all,,All India,cube,,2025|pending|B2|other,103,,,,,,,,,,
all,,All India,cube,,2025|pending|OTHER|crz,280,,,,,,,,,,
all,,All India,cube,,2025|pending|OTHER|forest,2235,,,,,,,,,,
all,,All India,cube,,2025|pending|OTHER|other,469,,,,,,,,,,
all,,All India,cube,,2025|pending|OTHER|wildlife,996,,,,,,,,,,
all,,All India,cube,,2025|rejected|A|other,3,,,,,,,,,,
all,,All India,cube,,2025|rejected|B1|ec,120,,,,,,,,,,
all,,All India,cube,,2025|rejected|B1|other,55,,,,,,,,,,
all,,All India,cube,,2025|rejected|B2|ec,426,,,,,,,,,,
all,,All India,cube,,2025|rejected|B2|other,151,,,,,,,,,,
all,,All India,cube,,2025|rejected|OTHER|forest,106,,,,,,,,,,
all,,All India,cube,,2025|rejected|OTHER|other,137,,,,,,,,,,
all,,All India,cube,,2025|tor|A|ec,418,,,,,,,,,,
all,,All India,cube,,2025|tor|A|other,42,,,,,,,,,,
all,,All India,cube,,2025|tor|B1|ec,3913,,,,,,,,,,
all,,All India,cube,,2025|tor|B1|other,85,,,,,,,,,,
all,,All India,cube,,2025|tor|B2|ec,1,,,,,,,,,,
all,,All India,cube,,2025|tor|B2|other,1,,,,,,,,,,
all,,All India,cube,,2025|withdrawn|A|ec,231,,,,,,,,,,
all,,All India,cube,,2025|withdrawn|A|other,66,,,,,,,,,,
all,,All India,cube,,2025|withdrawn|B1|ec,266,,,,,,,,,,
all,,All India,cube,,2025|withdrawn|B1|other,47,,,,,,,,,,
all,,All India,cube,,2025|withdrawn|B2|ec,748,,,,,,,,,,
all,,All India,cube,,2025|withdrawn|B2|other,83,,,,,,,,,,
all,,All India,cube,,2025|withdrawn|OTHER|crz,35,,,,,,,,,,
all,,All India,cube,,2025|withdrawn|OTHER|forest,3,,,,,,,,,,
all,,All India,cube,,2025|withdrawn|OTHER|other,57,,,,,,,,,,
all,,All India,cube,,2026|granted|A|ec,127,,,,,,,,,,
all,,All India,cube,,2026|granted|A|other,82,,,,,,,,,,
all,,All India,cube,,2026|granted|B1|ec,759,,,,,,,,,,
all,,All India,cube,,2026|granted|B1|other,193,,,,,,,,,,
all,,All India,cube,,2026|granted|B2|ec,3004,,,,,,,,,,
all,,All India,cube,,2026|granted|B2|other,918,,,,,,,,,,
all,,All India,cube,,2026|granted|OTHER|crz,55,,,,,,,,,,
all,,All India,cube,,2026|granted|OTHER|forest,301,,,,,,,,,,
all,,All India,cube,,2026|granted|OTHER|other,394,,,,,,,,,,
all,,All India,cube,,2026|pending|A|ec,277,,,,,,,,,,
all,,All India,cube,,2026|pending|A|other,106,,,,,,,,,,
all,,All India,cube,,2026|pending|B1|ec,2183,,,,,,,,,,
all,,All India,cube,,2026|pending|B1|other,195,,,,,,,,,,
all,,All India,cube,,2026|pending|B2|ec,3703,,,,,,,,,,
all,,All India,cube,,2026|pending|B2|other,422,,,,,,,,,,
all,,All India,cube,,2026|pending|OTHER|crz,355,,,,,,,,,,
all,,All India,cube,,2026|pending|OTHER|forest,3041,,,,,,,,,,
all,,All India,cube,,2026|pending|OTHER|other,690,,,,,,,,,,
all,,All India,cube,,2026|pending|OTHER|wildlife,732,,,,,,,,,,
all,,All India,cube,,2026|rejected|B1|ec,21,,,,,,,,,,
all,,All India,cube,,2026|rejected|B1|other,29,,,,,,,,,,
all,,All India,cube,,2026|rejected|B2|ec,72,,,,,,,,,,
all,,All India,cube,,2026|rejected|B2|other,63,,,,,,,,,,
all,,All India,cube,,2026|rejected|OTHER|forest,55,,,,,,,,,,
all,,All India,cube,,2026|rejected|OTHER|other,58,,,,,,,,,,
all,,All India,cube,,2026|tor|A|ec,333,,,,,,,,,,
all,,All India,cube,,2026|tor|A|other,29,,,,,,,,,,
all,,All India,cube,,2026|tor|B1|ec,1957,,,,,,,,,,
all,,All India,cube,,2026|tor|B1|other,28,,,,,,,,,,
all,,All India,cube,,2026|tor|OTHER|other,1,,,,,,,,,,
all,,All India,cube,,2026|withdrawn|A|ec,141,,,,,,,,,,
all,,All India,cube,,2026|withdrawn|A|other,50,,,,,,,,,,
all,,All India,cube,,2026|withdrawn|B1|ec,98,,,,,,,,,,
all,,All India,cube,,2026|withdrawn|B1|other,21,,,,,,,,,,
all,,All India,cube,,2026|withdrawn|B2|ec,195,,,,,,,,,,
all,,All India,cube,,2026|withdrawn|B2|other,36,,,,,,,,,,
all,,All India,cube,,2026|withdrawn|OTHER|crz,27,,,,,,,,,,
all,,All India,cube,,2026|withdrawn|OTHER|other,35,,,,,,,,,,
all,,All India,run,,run_status,ok,,,,,,,,,,
all,,All India,run,,run_date,2026-10-10T05:52:28Z,,,,,,,,,,
all,,All India,run,,run_url,https://github.com/publicmap/parivesh-dashboard/actions/runs/38027443840,,,,,,,,,,
all,,All India,run,,states_ok,36,,,,,,,,,,
all,,All India,run,,states_failed,0,,,,,,,,,,
all,,All India,run,,states_no_data,0,,,,,,,,,,
all,,All India,run,,states_not_run,0,,,,,,,,,,
all,,All India,run,,states_total,36,,,,,,,,,,
all,36,Telangana,top_recent_ec,1,,,SIA/TG/INFRA2/580616/2026,"Proposed Residential Complex, Boduppal Village & Municipality, Medipally Mandal, Medchal–Malkajgiri District : AAKRITI CONSTRUCTIONS AND DEVELOPERS PRIVATE LIMITED",AAKRITI cONSTRUCTIONS AND dEVELOPERS PRIVATE lIMITED,Medchal Malkajgiri,EC Granted,2026-05-30T03:37:47.548+00:00,2026-10-08T12:31:44.516+00:00,6200.0,0.4098,https://parivesh.nic.in/newupgrade/#/report/ec?proposalId=1230019360
all,27,Maharashtra,top_recent_ec,2,,,SIA/MH/INFRA2/582786/2026,Proposed Commercial Project by M/s. Sainath Granite and Marble LLP.,SAINATH GRANITE AND MARBLE LLP,Thane,EC Granted,2026-06-20T08:54:55.231+00:00,2026-10-07T16:52:39.073+00:00,30000.0,0.4171,https://parivesh.nic.in/newupgrade/#/report/ec?proposalId=1232791335
all,27,Maharashtra,top_recent_ec,3,,,SIA/MH/INFRA2/584409/2026,"Environmental Clearance for Expansion in Proposed Residential MCGM Bldg. no. 1 & Sale Bldg. no. 2 on C.S. No. 1C/404, Seth Moti Shah Road of Mazgaon Division, ‘E’ ward, Byculla, Mumbai, by M/s. Azara Redstone LLP.",AZARA REDSTONE LLP,Mumbai,EC Granted,2026-07-06T10:04:37.677+00:00,2026-10-07T12:05:33.889+00:00,19000.0,0.2857,https://parivesh.nic.in/newupgrade/#/report/ec?proposalId=1234390061
all,19,West Bengal,top_recent_ec,4,,,SIA/WB/MIN/502717/2024,Kachhalla China Clay Mine,SABYASACHI Roy,,EC Granted,2024-10-23T12:37:27.516+00:00,2026-10-07T11:32:45.207+00:00,,,https://parivesh.nic.in/newupgrade/#/report/ec?proposalId=110190361
all,33,Tamil Nadu,top_recent_ec,5,,,SIA/TN/IND1/435843/2023,Expansion Of Grey And Ductile Iron Castings  Manufacturing,DANBLOCK BRAKES INDIA PRIVATE LIMITED,Thiruvallur,EC Granted,2023-07-06T10:36:47.585+00:00,2026-10-06T21:18:41.160+00:00,16500.0,6.28,https://parivesh.nic.in/newupgrade/#/report/ec?proposalId=6596371
all,36,Telangana,top_recent_ec,6,,,SIA/TG/MIN/588371/2026,"6.566 Ha. Rough Stone and Road Metal Mine at Sy. No. 95, Mudhivennu Village, Kadthal Mandal, Rangareddy District - Transfer of EC from M/s.Vishruth Minerals-3 to M/s. GRR Crushers.",GRR CRUSHERS,Ranga Reddy,EC Granted,2026-08-08T07:51:37.944+00:00,2026-10-03T09:33:43.650+00:00,45.0,6.566,https://parivesh.nic.in/newupgrade/#/report/ec?proposalId=1237852950
all,32,Kerala,top_recent_ec,7,,,SIA/KL/MIN/444274/2023,GRANITE BUILDING STONE QUARRY PROJECT OF MR. JAISON LUKOSE,JAISON LUKOSE,Kannur,EC Granted,2023-09-13T13:10:19.142+00:00,2026-10-01T17:34:39.060+00:00,110.0,0.943,https://parivesh.nic.in/newupgrade/#/report/ec?proposalId=9679273
all,32,Kerala,top_recent_ec,8,,,SIA/KL/MIN/433026/2023,Laterite Building Stone Quarry of Mohammed Faizal,FAIZAL KOTTARAM,Malappuram,EC Granted,2023-06-12T07:16:06.675+00:00,2026-10-01T16:57:52.943+00:00,6.589,0.1942,https://parivesh.nic.in/newupgrade/#/report/ec?proposalId=6035836
all,32,Kerala,top_recent_ec,9,,,SIA/KL/MIN/433449/2023,Laterite Building Stone Quarry of Jabir,JABIR,Malappuram,EC Granted,2023-06-15T05:41:19.707+00:00,2026-10-01T16:55:09.630+00:00,7.03,0.1942,https://parivesh.nic.in/newupgrade/#/report/ec?proposalId=6125171
all,32,Kerala,top_recent_ec,10,,,SIA/KL/MIN/433198/2023,Laterite Building Stone Quarry of Hussain,HUSSAIN THAIKKADAN,Malappuram,EC Granted,2023-06-13T06:49:44.137+00:00,2026-10-01T16:53:09.787+00:00,6.349,0.1862,https://parivesh.nic.in/newupgrade/#/report/ec?proposalId=6065884
all,22,Chhattisgarh,top_cost,1,,,SIA/CG/MIN/589529/2026,Mayank Jain,MAYANK JAIN,Raipur,Referred to SEIAA,2026-08-19T11:56:20.500+00:00,,9944000.0,3.03,https://parivesh.nic.in/newupgrade/#/report/ec?proposalId=1238815667
all,27,Maharashtra,top_cost,2,,,SIA/MH/MIN/592829/2026,"Environmental Clearance for Basalt Stone Mining Project (Area  1.10 Ha.) at Gat No. 139/1,139/2,139/3 (P), Haladgaon Village, Umred Taluka, Nagpur District, Maharashtra by M/s. Dristti Structural Engineering Pvt. Ltd. through Sunil Ramlal Wadhawan",dristti structural engineering private limited,Nagpur,Under Verification,2026-09-21T11:05:02.545+00:00,,9861000.0,1.1,https://parivesh.nic.in/newupgrade/#/report/ec?proposalId=1241502089
all,27,Maharashtra,top_cost,3,,,SIA/MH/MIN/592188/2026,"Environmental Clearance for Basalt Stone Mining Project (Area 1.20 ha) at Gut No. 952 Part, Village Bidkin, Tehsil Paithan, District Sambhajinagar, Maharashtra by Ramjan Shermohammad Charniya",ramzan shermohammed charaniya,Aurangabad,Under Verification,2026-09-15T08:06:57.560+00:00,,9691000.0,1.2,https://parivesh.nic.in/newupgrade/#/report/ec?proposalId=1240980490
all,21,Odisha,top_cost,4,,,IA/OR/CRZ/594759/2026,"PROPOSED S+3 STOREY GUEST HOUSE BUILDING OVER PLOT NO - 154/1484, KHATA NO - 61/54, MOUZA - PURI SAHAR UNIT -12, NOLIA SAHI, TAHASIL- PURI SADAR (652) , DIST - PURI, FOR Mr.BASANTA KUMAR HATI",BASANTA KUMAR HATI,Puri,Under Examination with SCZMA,2026-10-07T18:32:26.838+00:00,,9670300.0,0.0489,https://parivesh.nic.in/newupgrade/#/report/ec?proposalId=1244597083
all,33,Tamil Nadu,top_cost,5,,,SIA/TN/MIN/575189/2026,Thiru. G. Muthugovindan Rough Stone and Gravel Quarry,G MUTHUGOVINDAN,Theni,EC Granted,2026-04-09T09:18:33.070+00:00,2026-09-18T12:45:36.954+00:00,9608000.0,4.355,https://parivesh.nic.in/newupgrade/#/report/ec?proposalId=1223838722
all,6,Haryana,top_cost,6,,,FP/HR/PetrolPump/591072/2026,"DIVERSION OF THE  FOREST LAND FOR INSTALLATION OF M/S INDIAN OIL CORPORATION LTD. M/S HSD RETAIL OUTLET AT EXISTING CHAINAGE NO.- 54.692 (RHS) ON NH71B (SOHNA–PALWAL ROAD), AT KHEWAT NO. 72/5, KHATA NO. 75/2 KHASRA NO. 34//9/1 IN VILLAGE- SANCHOLI,   TEHSIL- SOHNA & DISTRICT – GURUGRAM IN THE STATE OF HARYANA",IOCL PANIPAT DIVISIONAL OFFICE,Gurugram,Pending at DFO for Scrutiny and Recommendation,2026-09-03T06:47:28.249+00:00,,9500000.0,0.2856,https://parivesh.nic.in/newupgrade/#/report/ec?proposalId=1240062992
all,9,Uttar Pradesh,top_cost,7,,,SIA/UP/MIN/583786/2026,"Riverbed Sand/Morrum Mining having lease area 10.70 ha along River Ken in Gata No. Part of 1130 (Khand No.01) at Village-Achhraud, Tehsil- Banda, District- Banda, U. P. of M/s Sakshi Enterprises, Prop: Shri Virendra Kumar.",Virendra Kumar,Banda,ToR Granted,2026-06-30T10:11:47.144+00:00,2026-08-27T07:41:22.265+00:00,9500000.0,10.7,https://parivesh.nic.in/newupgrade/#/report/ec?proposalId=1233761899
all,9,Uttar Pradesh,top_cost,8,,,FP/UP/PetrolPump/584322/2026,"PROPOSAL OF DIVERSION OF  PROTECTED FOREST LAND FOR  ACCESS PERMISSION TO THE PROPOSED CNG STATION /RETAIL OUTLET OF M/S BAGPAT GREEN ENERGY PRIVATE LIMITED (THINK GAS), ON BARAUT -CHAPRAULI TANDA ROAD (ODR) AT KM 03 CH 2.415(LHS) AT KHASRA NO.887, AT VILLAGE -MALAKPUR, PARGANA,TEHSIL -BARAUT  DISTRICT BAGHPAT, UTTAR PRADESH.",ATUL KUMAR,Baghpat,Pending at DFO due to EDS by Nodal Officer,2026-07-05T09:45:58.109+00:00,,9500000.0,0.268,https://parivesh.nic.in/newupgrade/#/report/ec?proposalId=1234302394
all,23,Madhya Pradesh,top_cost,9,,,SIA/MP/MIN/584157/2026,Semlapar Crusher Stone & M-Sand Quarry,SORAMBAI,Rajgarh,Pending at MS SEIAA,2026-07-03T10:17:16.077+00:00,,9500000.0,1.0,https://parivesh.nic.in/newupgrade/#/report/ec?proposalId=1234145031
all,9,Uttar Pradesh,top_cost,10,,,SIA/UP/MIN/595008/2026,"“Ordinary Soil Mining” Project at Gata No.- 127, Village- Kakraha, Tehsil- Chhibramau, District-Kannauj, U.P. (Area – 0.5900 ha). Shri Dhruv Kumar",DHRUV KUMAR,Kannauj,Under Verification,2026-10-09T11:01:38.488+00:00,,9480000.0,0.59,https://parivesh.nic.in/newupgrade/#/report/ec?proposalId=1244795558
all,9,Uttar Pradesh,top_land,1,,,SIA/UP/INFRA2/489955/2024,Plotting and Infrastructure Development of Zonal Plan of Prabandh Nagar Residential Scheme,sanjeev kumar,Lucknow,Proposal returned in present form,2024-07-27T08:26:39.848+00:00,,3.97368,9693775.91,https://parivesh.nic.in/newupgrade/#/report/ec?proposalId=88044929
all,6,Haryana,top_land,2,,,SIA/HR/INFRA2/565496/2026,Proposed Residential Colony (Phase-I) (Under NILP Policy -2022) by Sobha Limited,sobha limited,Gurugram,Forwarded to USS SEIAA,2026-01-14T06:12:08.332+00:00,,31188.0,4854933.0,https://parivesh.nic.in/newupgrade/#/report/ec?proposalId=1216744972
all,9,Uttar Pradesh,top_land,3,,,SIA/UP/INFRA2/427773/2023,TOWNSHIP AND AREA DEVELOPMENT UNDER MOHAN ROAD SCHEME,LUCKNOW DEVELOPMENT AUTHORITY,Lucknow,TOR GRANTED,2023-05-02T07:12:12.751+00:00,,1.14101,3176870.0,https://parivesh.nic.in/newupgrade/#/report/ec?proposalId=5016107
all,9,Uttar Pradesh,top_land,4,,,SIA/UP/INFRA2/457258/2024,TOWNSHIP AND AREA DEVELOPMENT UNDER MOHAN ROAD SCHEME,LUCKNOW DEVELOPMENT AUTHORITY,Lucknow,EC Granted,2023-12-30T12:06:48.778+00:00,2024-03-01T06:01:18.651+00:00,1.14101,3176870.0,https://parivesh.nic.in/newupgrade/#/report/ec?proposalId=35210614
all,27,Maharashtra,top_land,5,,,IA/MH/IND3/469950/2024,M/s Godavari Biorefineries Ltd.,Godavari Biorefineries Ltd.,Ahmadnagar,,2024-04-19T07:06:06.795+00:00,,36844.0,2784246.0,https://parivesh.nic.in/newupgrade/#/report/ec?proposalId=61857438
all,9,Uttar Pradesh,top_land,6,,,SIA/UP/INFRA2/456078/2023,EXPANSION OF SANJAY GHANDHI POST GRADUTAE INSTITUTE OF MEDICAL SCIENCES (ADVANCED PEDIATRIC CENTRE -PHASE-01),Prof RK Dhiman,Lucknow,TOR GRANTED,2023-12-20T05:29:29.083+00:00,,84149.0,2589083.07,https://parivesh.nic.in/newupgrade/#/report/ec?proposalId=32577030
all,9,Uttar Pradesh,top_land,7,,,SIA/UP/INFRA2/485597/2024,EXPANSION OF SANJAY GHANDHI POST GRADUTAE INSTITUTE OF MEDICAL SCIENCES (ADVANCED PEDIATRIC CENTRE -PHASE-01),Prof RK Dhiman,Lucknow,EC Granted,2024-07-03T07:34:00.199+00:00,2024-09-04T06:41:15.758+00:00,84149.0,2589083.07,https://parivesh.nic.in/newupgrade/#/report/ec?proposalId=80987014
all,8,Rajasthan,top_land,8,,,SIA/RJ/MIN/477951/2024,"Re Appraisal of EC granted from DEIAA to SEIAA Marble Mining Project (ML Area-2.362075 ha and ML No. 22/96) with production capacity of 87,292 TPA(ROM) located at Near Village- Talai, Tehsil & Distt -Rajsamand, (Rajasthan) by Shree Talai mining.",SAMYAK BADALA,Rajsamand,EC Granted,2024-05-31T12:32:25.240+00:00,2024-12-30T20:22:23.688+00:00,2.5,2036207.0,https://parivesh.nic.in/newupgrade/#/report/ec?proposalId=72499288
all,37,Ladakh,top_land,9,,,WL/LA/Others/545645/2025,"Rationalisation of Boundary of Karakoram (Nubra-Shayok) Wildlife Sanctuary , UT Ladakh.",Department of Wildlife Protection,Leh,,2025-07-22T12:26:54.522+00:00,,0.0,1655000.0,https://parivesh.nic.in/newupgrade/#/report/ec?proposalId=132571784
all,37,Ladakh,top_land,10,,,WL/LA/Others/562659/2025,Rationalisation of Boundary of Karakoram (Nubra-Shyok) Wildlife Sanctuary in the Union Territory of Ladakh.,Department of Wildlife Protection,Leh,,2025-12-22T10:25:27.834+00:00,,0.0,1655000.0,https://parivesh.nic.in/newupgrade/#/report/ec?proposalId=1158615778
all,12,Arunachal Pradesh,recent_change,1,added,,FP/AR/PetrolPump/595061/2026,Proposal for diversion of 0.1585 ha of forest land for establishment of MS/HSD Partial DODO Type Regular Retail Dealership Outlet (Petrol Pump) at Banderdewa NH- 15 in Papum Pare District of Arunachal Pradesh,Tadar  Talley,Lakhimpur,Pending at DFO for Scrutiny and Recommendation,2026-10-10T04:19:37.735+00:00,,90.0,0.1585,https://parivesh.nic.in/newupgrade/#/report/ec?proposalId=1244841751
all,6,Haryana,recent_change,2,added,,FP/HR/ROAD/595059/2026,INR Constructions,INR CONSTRUCTIONS,Karnal,Pending at DFO for Scrutiny and Recommendation,2026-10-10T04:15:09.737+00:00,,1000.0,7.5111,https://parivesh.nic.in/newupgrade/#/report/ec?proposalId=1244841591
all,6,Haryana,recent_change,3,added,,FP/HR/PetrolPump/595058/2026,"Diversion of Forest Land for establishment of Retail outlet of M/s Reliance BP Mobility Limited at Khasra No 70//18, Khewat No 364 situated on Badhra- Jui Khurd Road (MDR-125) at KM 16.000 (LHS) in Village Badhra Tehsil Badhra Distt Charkhi Dadri (Haryana).",RELIANCE BP MOBILITY LIMITED,Charki Dadri,Pending at DFO for Scrutiny and Recommendation,2026-10-10T04:07:36.435+00:00,,40.0,0.3702,https://parivesh.nic.in/newupgrade/#/report/ec?proposalId=1244841318
all,3,Punjab,recent_change,4,added,,FP/PB/ROAD/595057/2026,“M PLUS PLAZA THROUGH JAI PAUL MIDHA S/O SH. PIARA LAL MIDHA”,m plus estates llp,Jalandhar,Pending at DFO for Scrutiny and Recommendation,2026-10-10T03:53:07.298+00:00,,150.0,1.5301,https://parivesh.nic.in/newupgrade/#/report/ec?proposalId=1244840559
all,1,Jammu And Kashmir,recent_change,5,added,,FP/JK/CommPost/595056/2026,4G Saturation Project at Village Roat,MAHESH NAIR,Doda,Pending at DFO for Scrutiny and Recommendation,2026-10-10T02:27:52.329+00:00,,24.82,0.0186,https://parivesh.nic.in/newupgrade/#/report/ec?proposalId=1244831099
all,6,Haryana,recent_change,6,added,,FP/HR/IND/595054/2026,"Diversion of Forest Land for approach access to Proposed Site for Setting up an Industrial Unit (Wire drawing and Wire netting) along NH-01(New NH-44) to Sanpera Road (ODR ROAD) at KM Stone - 00.185 (R.H.S.) at Village – Barhi, Tehsil - Ganaur, Distt. – Sonipat (HR)",AMIT JAIN,Sonipat,Pending at DFO for Scrutiny and Recommendation,2026-10-09T19:50:15.413+00:00,,150.0,0.7278,https://parivesh.nic.in/newupgrade/#/report/ec?proposalId=1244820875
all,20,Jharkhand,recent_change,7,added,,WL/JH/SRY/595047/2026,Construction of Culvert over local Nala at Tola Rani Jharna under Gobarghusi Panchayat in Patamda Block East Singhbhum District,Construction o f Culvert over local Nala at Tola Rani Jharna under Gobarghusi Panchayat in Patamda Block East Singhbhum District,Purbi Singhbhum,,2026-10-09T16:14:05.809+00:00,,195.127,0.074,https://parivesh.nic.in/newupgrade/#/report/ec?proposalId=1244818673
all,27,Maharashtra,recent_change,8,added,,SIA/MH/INFRA2/595038/2026,"Proposed Residential Building on Plot Bearing S. No. 16/1 (PT), H.No. 1. Mauje Umbarli, Tal – Ambernath, Dist – Thane by M/s. Gopal Sons",Growmore Lifespaces LLP,Thane,Under Verification,2026-10-09T13:40:10.435+00:00,,12835.0,1.127,https://parivesh.nic.in/newupgrade/#/report/ec?proposalId=1244814950
all,8,Rajasthan,recent_change,9,added,,SIA/RJ/INFRA2/595037/2026,Group Housing Project,Pure Awas Developers LLP,Jaipur,Under Verification,2026-10-09T13:23:31.826+00:00,,10635.0,1.5559,https://parivesh.nic.in/newupgrade/#/report/ec?proposalId=1244814304
all,10,Bihar,recent_change,10,added,,SIA/BR/MIN/595029/2026,"Proposed Brick Earth Mining for M/S BKS Int Udyog Balkova Soil Brick Mining Project at Village – Balkova, P.O.:- Binda, P.S. + Block:-Mohanpur, District- Gayajee, State- Bihar",harishankar prasad,Gaya,Under Verification,2026-10-09T12:29:27.851+00:00,,24.65544,1.24,https://parivesh.nic.in/newupgrade/#/report/ec?proposalId=1244809951
state,1,Jammu And Kashmir,stat,,projects,3359,,,,,,,,,,
state,1,Jammu And Kashmir,stat,,active_projects,2248,,,,,,,,,,
state,1,Jammu And Kashmir,stat,,applications,2248,,,,,,,,,,
state,1,Jammu And Kashmir,stat,,ec_granted,1319,,,,,,,,,,
state,1,Jammu And Kashmir,stat,,ec_tor,27,,,,,,,,,,
state,1,Jammu And Kashmir,stat,,ec_pending,856,,,,,,,,,,
state,1,Jammu And Kashmir,stat,,ec_rejected,24,,,,,,,,,,
state,1,Jammu And Kashmir,stat,,ec_withdrawn,22,,,,,,,,,,
state,1,Jammu And Kashmir,stat,,pc_A,10,,,,,,,,,,
state,1,Jammu And Kashmir,stat,,pc_B1,55,,,,,,,,,,
state,1,Jammu And Kashmir,stat,,pc_B2,44,,,,,,,,,,
state,1,Jammu And Kashmir,stat,,pc_OTHER,2139,,,,,,,,,,
state,1,Jammu And Kashmir,stat,,ty_ec,100,,,,,,,,,,
state,1,Jammu And Kashmir,stat,,ty_forest,1821,,,,,,,,,,
state,1,Jammu And Kashmir,stat,,ty_wildlife,139,,,,,,,,,,
state,1,Jammu And Kashmir,stat,,ty_crz,0,,,,,,,,,,
state,1,Jammu And Kashmir,stat,,ty_other,188,,,,,,,,,,
state,1,Jammu And Kashmir,stat,,delisted_or_removed,1111,,,,,,,,,,
state,1,Jammu And Kashmir,stat,,total_cost_lakhs,9166072.45,,,,,,,,,,
state,1,Jammu And Kashmir,stat,,cost_outliers_excluded,6,,,,,,,,,,
state,1,Jammu And Kashmir,stat,,total_land_ha,30219.0786,,,,,,,,,,
state,1,Jammu And Kashmir,stat,,latest_application,2026-10-10T02:27:52.329+00:00,,,,,,,,,,
state,1,Jammu And Kashmir,stat,,latest_grant,2026-09-17T02:40:35.340+00:00,,,,,,,,,,
state,1,Jammu And Kashmir,stat,,changes_added,1,,,,,,,,,,
state,1,Jammu And Kashmir,stat,,changes_removed,0,,,,,,,,,,
state,1,Jammu And Kashmir,stat,,changes_updated,114,,,,,,,,,,
state,1,Jammu And Kashmir,stat,,changes_status,0,,,,,,,,,,
state,1,Jammu And Kashmir,stat,,compared_with,2026-10-09T20:19:01Z,,,,,,,,,,
state,1,Jammu And Kashmir,stat,,changes_added_active,1,,,,,,,,,,
state,1,Jammu And Kashmir,stat,,changes_removed_active,0,,,,,,,,,,
state,1,Jammu And Kashmir,stat,,changes_updated_active,76,,,,,,,,,,
state,1,Jammu And Kashmir,stat,,changes_status_active,0,,,,,,,,,,
state,1,Jammu And Kashmir,stat,,window_added_active,26,,,,,,,,,,
state,1,Jammu And Kashmir,stat,,window_updated_active,615,,,,,,,,,,
state,1,Jammu And Kashmir,stat,,window_added,26,,,,,,,,,,
state,1,Jammu And Kashmir,stat,,window_updated,1356,,,,,,,,,,
state,1,Jammu And Kashmir,stat,,window_since,2025-11-13T13:12:24+05:30,,,,,,,,,,
state,1,Jammu And Kashmir,status,,Final Diversion Order Issued,1117,,,,,,,,,,
state,1,Jammu And Kashmir,status,,REMOVED,614,,,,,,,,,,
state,1,Jammu And Kashmir,status,,DELISTED_BY_SYSTEM,497,,,,,,,,,,
state,1,Jammu And Kashmir,status,,EC Granted,195,,,,,,,,,,
state,1,Jammu And Kashmir,status,,Pending at UA due to EDS by DFO,159,,,,,,,,,,
state,1,Jammu And Kashmir,status,,(none),140,,,,,,,,,,
state,1,Jammu And Kashmir,status,,Pending at UA for Compensatory Levies Payment and Compliance Report,122,,,,,,,,,,
state,1,Jammu And Kashmir,status,,Pending on UA for Compensatory Levies Payment,80,,,,,,,,,,
state,1,Jammu And Kashmir,status,,Pending at UA for Compliance Report,52,,,,,,,,,,
state,1,Jammu And Kashmir,status,,Pending at Nodal Officer for Recommendation,49,,,,,,,,,,
state,1,Jammu And Kashmir,status,,Pending at DFO for Scrutiny and Recommendation,46,,,,,,,,,,
state,1,Jammu And Kashmir,status,,Pending at DFO due to EDS by Nodal Officer,28,,,,,,,,,,
state,1,Jammu And Kashmir,status,,Pending at UA for DFO EDS Reply,26,,,,,,,,,,
state,1,Jammu And Kashmir,status,,Pending at UA due to Delisting by Authority,22,,,,,,,,,,
state,1,Jammu And Kashmir,status,,ToR Granted,20,,,,,,,,,,
state,1,Jammu And Kashmir,status,,Pending at PP due to EDS by DFO,19,,,,,,,,,,
state,1,Jammu And Kashmir,status,,Pending at State Government for Diversion Letter,16,,,,,,,,,,
state,1,Jammu And Kashmir,status,,Pending at State Secretary for Compliance Review,16,,,,,,,,,,
state,1,Jammu And Kashmir,status,,Pending at State Secretary for Recommendation,14,,,,,,,,,,
state,1,Jammu And Kashmir,status,,ADS Raised,14,,,,,,,,,,
state,1,Jammu And Kashmir,status,,Pending at Nodal Officer due to EDS by State Secretary,9,,,,,,,,,,
state,1,Jammu And Kashmir,status,,Withdrawal Request Accepted,9,,,,,,,,,,
state,1,Jammu And Kashmir,status,,EC Rejected,9,,,,,,,,,,
state,1,Jammu And Kashmir,status,,Pending at Nodal Officer for Compliance Review,8,,,,,,,,,,
state,1,Jammu And Kashmir,status,,Proposal Withdrawal Request Accepted,7,,,,,,,,,,
state,1,Jammu And Kashmir,status,,Proposal returned in present form,6,,,,,,,,,,
state,1,Jammu And Kashmir,status,,ToR Rejected,6,,,,,,,,,,
state,1,Jammu And Kashmir,status,,Approval Granted,6,,,,,,,,,,
state,1,Jammu And Kashmir,status,,Standard ToR Granted,5,,,,,,,,,,
state,1,Jammu And Kashmir,status,,Application Rejected,4,,,,,,,,,,
state,1,Jammu And Kashmir,status,,Under Verification,4,,,,,,,,,,
state,1,Jammu And Kashmir,status,,Pending at UA due to EDS by MS after PSC-I,4,,,,,,,,,,
state,1,Jammu And Kashmir,status,,Pending at Nodal for Compensatory Levies Review,3,,,,,,,,,,
state,1,Jammu And Kashmir,status,,Rejected in PSC-I,3,,,,,,,,,,
state,1,Jammu And Kashmir,status,,EDS raised,3,,,,,,,,,,
state,1,Jammu And Kashmir,status,,Raised/Forwarded EDS to UA,2,,,,,,,,,,
state,1,Jammu And Kashmir,status,,TOR Granted,2,,,,,,,,,,
state,1,Jammu And Kashmir,status,,Under Examination,2,,,,,,,,,,
state,1,Jammu And Kashmir,status,,REJECTED,2,,,,,,,,,,
state,1,Jammu And Kashmir,status,,Proposal Accepted and Referred to SEAC,2,,,,,,,,,,
state,1,Jammu And Kashmir,status,,Pending at State Secretary for Recommendation and In-Principle Approval (Stage-I),2,,,,,,,,,,
state,1,Jammu And Kashmir,status,,Pending at MS for Acceptance in PSC-I,2,,,,,,,,,,
state,1,Jammu And Kashmir,status,,Pending on UA for Levies Payment,1,,,,,,,,,,
state,1,Jammu And Kashmir,status,,Pending for State Government for Stage-II Letter,1,,,,,,,,,,
state,1,Jammu And Kashmir,status,,Pending at UA for CA Payment and Compliance Report,1,,,,,,,,,,
state,1,Jammu And Kashmir,status,,Pending at UA due to EDS by MS after PSC-II,1,,,,,,,,,,
state,1,Jammu And Kashmir,status,,EDS RAISED,1,,,,,,,,,,
state,1,Jammu And Kashmir,status,,Pending at DFO For Compliance Review,1,,,,,,,,,,
state,1,Jammu And Kashmir,status,,Pending at Technical Officer RO for Stage-II Letter,1,,,,,,,,,,
state,1,Jammu And Kashmir,status,,Pending at State Secretary due to EDS by RO,1,,,,,,,,,,
state,1,Jammu And Kashmir,status,,Stage-II Accorded,1,,,,,,,,,,
state,1,Jammu And Kashmir,status,,Pending at PP due to EDS by Nodal Officer,1,,,,,,,,,,
state,1,Jammu And Kashmir,status,,Pending at State Secretary for Recommendation after PSC-II,1,,,,,,,,,,
state,1,Jammu And Kashmir,status,,Pending at MS SEIAA,1,,,,,,,,,,
state,1,Jammu And Kashmir,status,,EDS Raised,1,,,,,,,,,,
state,1,Jammu And Kashmir,applications_by_year,,2022,42,,,,,,,,,,
state,1,Jammu And Kashmir,applications_by_year,,2023,1454,,,,,,,,,,
state,1,Jammu And Kashmir,applications_by_year,,2024,354,,,,,,,,,,
state,1,Jammu And Kashmir,applications_by_year,,2025,159,,,,,,,,,,
state,1,Jammu And Kashmir,applications_by_year,,2026,239,,,,,,,,,,
state,1,Jammu And Kashmir,year_granted,,2022,24,,,,,,,,,,
state,1,Jammu And Kashmir,year_granted,,2023,1013,,,,,,,,,,
state,1,Jammu And Kashmir,year_granted,,2024,197,,,,,,,,,,
state,1,Jammu And Kashmir,year_granted,,2025,77,,,,,,,,,,
state,1,Jammu And Kashmir,year_granted,,2026,8,,,,,,,,,,
state,1,Jammu And Kashmir,year_tor,,2022,1,,,,,,,,,,
state,1,Jammu And Kashmir,year_tor,,2023,7,,,,,,,,,,
state,1,Jammu And Kashmir,year_tor,,2024,9,,,,,,,,,,
state,1,Jammu And Kashmir,year_tor,,2025,6,,,,,,,,,,
state,1,Jammu And Kashmir,year_tor,,2026,4,,,,,,,,,,
state,1,Jammu And Kashmir,year_pending,,2022,17,,,,,,,,,,
state,1,Jammu And Kashmir,year_pending,,2023,426,,,,,,,,,,
state,1,Jammu And Kashmir,year_pending,,2024,118,,,,,,,,,,
state,1,Jammu And Kashmir,year_pending,,2025,71,,,,,,,,,,
state,1,Jammu And Kashmir,year_pending,,2026,224,,,,,,,,,,
state,1,Jammu And Kashmir,year_rejected,,2023,2,,,,,,,,,,
state,1,Jammu And Kashmir,year_rejected,,2024,16,,,,,,,,,,
state,1,Jammu And Kashmir,year_rejected,,2025,4,,,,,,,,,,
state,1,Jammu And Kashmir,year_rejected,,2026,2,,,,,,,,,,
state,1,Jammu And Kashmir,year_withdrawn,,2023,6,,,,,,,,,,
state,1,Jammu And Kashmir,year_withdrawn,,2024,14,,,,,,,,,,
state,1,Jammu And Kashmir,year_withdrawn,,2025,1,,,,,,,,,,
state,1,Jammu And Kashmir,year_withdrawn,,2026,1,,,,,,,,,,
state,1,Jammu And Kashmir,year_pc_A,,2023,4,,,,,,,,,,
state,1,Jammu And Kashmir,year_pc_A,,2024,1,,,,,,,,,,
state,1,Jammu And Kashmir,year_pc_A,,2025,3,,,,,,,,,,
state,1,Jammu And Kashmir,year_pc_A,,2026,2,,,,,,,,,,
state,1,Jammu And Kashmir,year_pc_B1,,2022,1,,,,,,,,,,
state,1,Jammu And Kashmir,year_pc_B1,,2023,13,,,,,,,,,,
state,1,Jammu And Kashmir,year_pc_B1,,2024,24,,,,,,,,,,
state,1,Jammu And Kashmir,year_pc_B1,,2025,10,,,,,,,,,,
state,1,Jammu And Kashmir,year_pc_B1,,2026,7,,,,,,,,,,
state,1,Jammu And Kashmir,year_pc_B2,,2023,1,,,,,,,,,,
state,1,Jammu And Kashmir,year_pc_B2,,2024,31,,,,,,,,,,
state,1,Jammu And Kashmir,year_pc_B2,,2025,7,,,,,,,,,,
state,1,Jammu And Kashmir,year_pc_B2,,2026,5,,,,,,,,,,
state,1,Jammu And Kashmir,year_pc_OTHER,,2022,41,,,,,,,,,,
state,1,Jammu And Kashmir,year_pc_OTHER,,2023,1436,,,,,,,,,,
state,1,Jammu And Kashmir,year_pc_OTHER,,2024,298,,,,,,,,,,
state,1,Jammu And Kashmir,year_pc_OTHER,,2025,139,,,,,,,,,,
state,1,Jammu And Kashmir,year_pc_OTHER,,2026,225,,,,,,,,,,
state,1,Jammu And Kashmir,cube,,2022|granted|OTHER|forest,24,,,,,,,,,,
state,1,Jammu And Kashmir,cube,,2022|pending|OTHER|forest,12,,,,,,,,,,
state,1,Jammu And Kashmir,cube,,2022|pending|OTHER|wildlife,5,,,,,,,,,,
state,1,Jammu And Kashmir,cube,,2022|tor|B1|ec,1,,,,,,,,,,
state,1,Jammu And Kashmir,cube,,2023|granted|A|ec,1,,,,,,,,,,
state,1,Jammu And Kashmir,cube,,2023|granted|B2|ec,1,,,,,,,,,,
state,1,Jammu And Kashmir,cube,,2023|granted|OTHER|forest,1011,,,,,,,,,,
state,1,Jammu And Kashmir,cube,,2023|pending|B1|ec,3,,,,,,,,,,
state,1,Jammu And Kashmir,cube,,2023|pending|OTHER|forest,344,,,,,,,,,,
state,1,Jammu And Kashmir,cube,,2023|pending|OTHER|wildlife,79,,,,,,,,,,
state,1,Jammu And Kashmir,cube,,2023|rejected|OTHER|forest,2,,,,,,,,,,
state,1,Jammu And Kashmir,cube,,2023|tor|A|other,1,,,,,,,,,,
state,1,Jammu And Kashmir,cube,,2023|tor|B1|ec,6,,,,,,,,,,
state,1,Jammu And Kashmir,cube,,2023|withdrawn|A|ec,2,,,,,,,,,,
state,1,Jammu And Kashmir,cube,,2023|withdrawn|B1|ec,4,,,,,,,,,,
state,1,Jammu And Kashmir,cube,,2024|granted|A|ec,1,,,,,,,,,,
state,1,Jammu And Kashmir,cube,,2024|granted|B1|ec,4,,,,,,,,,,
state,1,Jammu And Kashmir,cube,,2024|granted|B1|other,1,,,,,,,,,,
state,1,Jammu And Kashmir,cube,,2024|granted|B2|ec,16,,,,,,,,,,
state,1,Jammu And Kashmir,cube,,2024|granted|B2|other,1,,,,,,,,,,
state,1,Jammu And Kashmir,cube,,2024|granted|OTHER|forest,68,,,,,,,,,,
state,1,Jammu And Kashmir,cube,,2024|granted|OTHER|other,106,,,,,,,,,,
state,1,Jammu And Kashmir,cube,,2024|pending|OTHER|forest,94,,,,,,,,,,
state,1,Jammu And Kashmir,cube,,2024|pending|OTHER|other,3,,,,,,,,,,
state,1,Jammu And Kashmir,cube,,2024|pending|OTHER|wildlife,21,,,,,,,,,,
state,1,Jammu And Kashmir,cube,,2024|rejected|B1|ec,4,,,,,,,,,,
state,1,Jammu And Kashmir,cube,,2024|rejected|B1|other,1,,,,,,,,,,
state,1,Jammu And Kashmir,cube,,2024|rejected|B2|ec,6,,,,,,,,,,
state,1,Jammu And Kashmir,cube,,2024|rejected|OTHER|forest,5,,,,,,,,,,
state,1,Jammu And Kashmir,cube,,2024|tor|B1|ec,9,,,,,,,,,,
state,1,Jammu And Kashmir,cube,,2024|withdrawn|B1|ec,4,,,,,,,,,,
state,1,Jammu And Kashmir,cube,,2024|withdrawn|B1|other,1,,,,,,,,,,
state,1,Jammu And Kashmir,cube,,2024|withdrawn|B2|ec,8,,,,,,,,,,
state,1,Jammu And Kashmir,cube,,2024|withdrawn|OTHER|other,1,,,,,,,,,,
state,1,Jammu And Kashmir,cube,,2025|granted|A|ec,2,,,,,,,,,,
state,1,Jammu And Kashmir,cube,,2025|granted|B1|ec,2,,,,,,,,,,
state,1,Jammu And Kashmir,cube,,2025|granted|B2|ec,2,,,,,,,,,,
state,1,Jammu And Kashmir,cube,,2025|granted|OTHER|forest,16,,,,,,,,,,
state,1,Jammu And Kashmir,cube,,2025|granted|OTHER|other,55,,,,,,,,,,
state,1,Jammu And Kashmir,cube,,2025|pending|B1|ec,3,,,,,,,,,,
state,1,Jammu And Kashmir,cube,,2025|pending|B2|ec,1,,,,,,,,,,
state,1,Jammu And Kashmir,cube,,2025|pending|OTHER|forest,44,,,,,,,,,,
state,1,Jammu And Kashmir,cube,,2025|pending|OTHER|other,8,,,,,,,,,,
state,1,Jammu And Kashmir,cube,,2025|pending|OTHER|wildlife,15,,,,,,,,,,
state,1,Jammu And Kashmir,cube,,2025|rejected|B1|ec,1,,,,,,,,,,
state,1,Jammu And Kashmir,cube,,2025|rejected|B2|ec,3,,,,,,,,,,
state,1,Jammu And Kashmir,cube,,2025|tor|A|other,1,,,,,,,,,,
state,1,Jammu And Kashmir,cube,,2025|tor|B1|ec,4,,,,,,,,,,
state,1,Jammu And Kashmir,cube,,2025|tor|B2|ec,1,,,,,,,,,,
state,1,Jammu And Kashmir,cube,,2025|withdrawn|OTHER|other,1,,,,,,,,,,
state,1,Jammu And Kashmir,cube,,2026|granted|B1|ec,1,,,,,,,,,,
state,1,Jammu And Kashmir,cube,,2026|granted|OTHER|forest,5,,,,,,,,,,
state,1,Jammu And Kashmir,cube,,2026|granted|OTHER|other,2,,,,,,,,,,
state,1,Jammu And Kashmir,cube,,2026|pending|B1|ec,3,,,,,,,,,,
state,1,Jammu And Kashmir,cube,,2026|pending|B1|other,1,,,,,,,,,,
state,1,Jammu And Kashmir,cube,,2026|pending|B2|ec,4,,,,,,,,,,
state,1,Jammu And Kashmir,cube,,2026|pending|B2|other,1,,,,,,,,,,
state,1,Jammu And Kashmir,cube,,2026|pending|OTHER|forest,194,,,,,,,,,,
state,1,Jammu And Kashmir,cube,,2026|pending|OTHER|other,2,,,,,,,,,,
state,1,Jammu And Kashmir,cube,,2026|pending|OTHER|wildlife,19,,,,,,,,,,
state,1,Jammu And Kashmir,cube,,2026|rejected|OTHER|forest,2,,,,,,,,,,
state,1,Jammu And Kashmir,cube,,2026|tor|A|ec,1,,,,,,,,,,
state,1,Jammu And Kashmir,cube,,2026|tor|A|other,1,,,,,,,,,,
state,1,Jammu And Kashmir,cube,,2026|tor|B1|ec,2,,,,,,,,,,
state,1,Jammu And Kashmir,cube,,2026|withdrawn|OTHER|other,1,,,,,,,,,,
state,1,Jammu And Kashmir,run,,run_status,ok,,,,,,,,,,
state,1,Jammu And Kashmir,run,,run_date,2026-10-10T05:52:28Z,,,,,,,,,,
state,1,Jammu And Kashmir,run,,run_url,https://github.com/publicmap/parivesh-dashboard/actions/runs/38027443840,,,,,,,,,,
state,1,Jammu And Kashmir,top_recent_ec,1,,,FP/JK/WATER/449609/2023,WATER SUPPLY SCHEME PANGAN DEVTA,Jal Shakti Department,Reasi,Final Diversion Order Issued,2023-10-20T03:54:55.081+00:00,2026-09-17T02:40:35.340+00:00,882.03,0.6022,https://parivesh.nic.in/newupgrade/#/report/ec?proposalId=18326866
state,1,Jammu And Kashmir,top_recent_ec,2,,,FP/JK/SubStation/568809/2026,"Design, Manufacturing, Supply, Laying, Jointing/Termination, Testing & Commissioning of 33kV 300 Sq.mm Aluminum XLPE Power Cable from GIS Sumbal to Gagangeer (Z Morh)",JKPTCL,Ganderbal,Final Diversion Order Issued,2026-02-11T15:21:01.430+00:00,2026-09-15T11:24:43.779+00:00,4520.15,0.018,https://parivesh.nic.in/newupgrade/#/report/ec?proposalId=1219065550
state,1,Jammu And Kashmir,top_recent_ec,3,,,SIA/JK/MIN/519448/2026,"minor mineral Block no 30, Suran River Downstream Bafaliaz Bridge, Bafaliaz Area, District Poonch, Area 3.42 Ha",ARSHDEEP SINGH,Punch,EC Granted,2025-01-20T17:49:03.261+00:00,2026-09-14T10:14:16.071+00:00,91.626,3.42,https://parivesh.nic.in/newupgrade/#/report/ec?proposalId=117995443
state,1,Jammu And Kashmir,top_recent_ec,4,,,SIA/JK/MIN/556421/2026,"Minor Mineral (River Bed Material) Mining Project Block-24, Area of 1.0 ha at Jothana Di Khad at Village Janal Plan-I, District – Kathua J&K U.T. in favor of Shri Kesri Nandan Mines R/o- Logate Tehsil & District Kathua, J.K. U.T.",KESARI NANDAN,Kathua,EC Granted,2025-10-29T07:17:25.158+00:00,2026-09-14T10:12:49.907+00:00,132.0,1.0,https://parivesh.nic.in/newupgrade/#/report/ec?proposalId=138821236
state,1,Jammu And Kashmir,top_recent_ec,5,,,SIA/JK/MIN/556461/2026,"Minor Mineral (River Bed Material) Mining Project, Block No. 9 in Bhini River Downstream Kishanpur Road Bridge, District Kathua, J.K U.T. (Resized area 6.53 ha.)",MAHAVIR MINING,Kathua,EC Granted,2025-10-29T11:06:15.495+00:00,2026-09-14T10:11:24.241+00:00,80.0,6.53,https://parivesh.nic.in/newupgrade/#/report/ec?proposalId=140538978
state,1,Jammu And Kashmir,top_recent_ec,6,,,SIA/JK/MIN/582100/2026,Minor Mineral Block No 08 in Bhini River Downstream Kishanpur Road Bridge District Kathua (Plan III) JK UT(Resized area 5.87ha.),HIRA SINGH,Kathua,EC Granted,2026-06-13T10:51:15.324+00:00,2026-09-14T10:09:28.413+00:00,115.0,5.87,https://parivesh.nic.in/newupgrade/#/report/ec?proposalId=1232013082
state,1,Jammu And Kashmir,top_recent_ec,7,,,SIA/JK/MIN/485599/2026,"MINOR MINERAL BLOCK NO – 10, ANG/SA/10 Hillar Bridge, Bringi Nallah Downstream, Village- Hillar, Tehsil- Anantnag, District- Anantnag, J&K",DANISH YOUSUF,Anantnag,EC Granted,2024-07-03T07:35:50.295+00:00,2026-09-14T10:07:59.525+00:00,214.91,2.41,https://parivesh.nic.in/newupgrade/#/report/ec?proposalId=80987206
state,1,Jammu And Kashmir,top_recent_ec,8,,,SIA/JK/INFRA2/551061/2025,"Proposed Solid Waste Management Facility at Uranhal, Anantnag by Municipal Council Anantnag",Housing & Urban Development Corporation Limited,Anantnag,EC Granted,2025-09-10T09:16:35.254+00:00,2026-09-14T10:00:04.031+00:00,1325.44,4.05,https://parivesh.nic.in/newupgrade/#/report/ec?proposalId=136018716
state,1,Jammu And Kashmir,top_recent_ec,9,,,SIA/JK/MIN/475369/2026,"Mr. Danish Yousuf  for Minor Mineral Project at Block – 15, Army Camp Balapur D/Stream Nallah Rambiara, Village- Balapur, Tehsil- Shopian, District- Shopian, and J & K (UT.)",DANISH YOUSUF,Shupiyan,EC Granted,2024-05-24T12:11:53.789+00:00,2026-09-14T09:58:32.467+00:00,112.2,3.57,https://parivesh.nic.in/newupgrade/#/report/ec?proposalId=70576639
state,1,Jammu And Kashmir,top_recent_ec,10,,,FP/JK/WATER/428127/2023,WSS PASWALPATTI SURRINDER,Jal Shakti Department,Bandipore,Final Diversion Order Issued,2023-05-04T18:03:52.625+00:00,2026-09-04T10:33:37.361+00:00,233.56,0.1,https://parivesh.nic.in/newupgrade/#/report/ec?proposalId=5102028
state,1,Jammu And Kashmir,top_cost,1,,,IA/JK/RIV/547496/2025,Sawalkot HE Project (1856 MW),NHPC LMITED,Ramban,ToR Granted,2025-08-08T07:06:32.299+00:00,2025-08-20T04:31:56.746+00:00,2637366.0,1401.35,https://parivesh.nic.in/newupgrade/#/report/ec?proposalId=133691304
state,1,Jammu And Kashmir,top_cost,2,,,IA/JK/RIV/551637/2025,Sawalkot HE Project (1856 MW),NHPC LMITED,Ramban,EC Granted,2025-09-15T09:24:51.374+00:00,2025-11-17T06:52:30.304+00:00,2637366.0,1401.35,https://parivesh.nic.in/newupgrade/#/report/ec?proposalId=136291371
state,1,Jammu And Kashmir,top_cost,3,,,SIA/JK/INFRA2/586908/2026,"Proposed Development of Satellite Township (Phase-1) Rakh Gund Aksha Bemina, Srinagar",Srinagar development authority,Badgam,Proposal Accepted and Referred to SEAC,2026-07-27T11:59:22.075+00:00,,974400.0,167.3911,https://parivesh.nic.in/newupgrade/#/report/ec?proposalId=1236572240
state,1,Jammu And Kashmir,top_cost,4,,,FP/JK/OTHERS/591614/2026,Kishanganga Power Station (Tapping of Dahi Nallah),NHPC LIMITED,Bandipore,Pending at UA for DFO EDS Reply,2026-09-09T04:21:51.461+00:00,,568060.0,382.5674,https://parivesh.nic.in/newupgrade/#/report/ec?proposalId=1240502554
state,1,Jammu And Kashmir,top_cost,5,,,FP/JK/REDIV/587614/2026,Re-Diversion of 0.00 Ha of Forest Land for temporaryeEstablishment of a Crusher Unit at Battery Chashma Tehsil and District Ramban.,TPL - CAI JV,Ramban,Pending at DFO for Scrutiny and Recommendation,2026-08-03T04:25:18.391+00:00,,103100.0,0.26,https://parivesh.nic.in/newupgrade/#/report/ec?proposalId=1237272799
state,1,Jammu And Kashmir,top_cost,6,,,SIA/JK/INFRA2/429510/2023,Expansion of Civil Enclave at Jammu Airport with an area of 40000 m2 proposed by Airports Authority of India,AIRPORTS AUTHORITY OF INDIA,Jammu,Under Examination,2023-05-17T05:07:08.023+00:00,,93661.0,61.51,https://parivesh.nic.in/newupgrade/#/report/ec?proposalId=5392810
state,1,Jammu And Kashmir,top_cost,7,,,IA/JK/INFRA2/438318/2023,Expansion of Civil Enclave at Jammu Airport with an area of 40000 m2 proposed by Airports Authority of India,AIRPORTS AUTHORITY OF INDIA,Jammu,Proposal returned in present form,2023-07-27T11:41:34.509+00:00,,93661.0,61.51,https://parivesh.nic.in/newupgrade/#/report/ec?proposalId=7156201
state,1,Jammu And Kashmir,top_cost,8,,,IA/JK/INFRA2/451372/2023,Expansion of Civil Enclave at Jammu Airport with an area of 40000 m2 proposed by Airports Authority of India,AIRPORTS AUTHORITY OF INDIA,Jammu,EC Granted,2023-11-04T11:56:00.997+00:00,2023-12-07T11:37:52.749+00:00,93661.0,61.51,https://parivesh.nic.in/newupgrade/#/report/ec?proposalId=21831859
state,1,Jammu And Kashmir,top_cost,9,,,SIA/JK/MIN/463552/2025,"Mining Project of Minor Mineral RBM Block Doda-IV, Right Bank of River Chenab Located at Tehsil-Mohalla, District-Doda J&K (U.T.)",POONAM VERMA,Doda,Proposal Withdrawal Request Accepted,2024-02-21T06:05:00.659+00:00,2025-01-09T05:54:08.098+00:00,64294.0,2.07,https://parivesh.nic.in/newupgrade/#/report/ec?proposalId=48515702
state,1,Jammu And Kashmir,top_cost,10,,,SIA/JK/INFRA2/573588/2026,"Industrial shed at at Plot No. 6, SIDCO Industrial Estate Bhagthali, Village-Bhagthali, Tehsil & District- Kathua , J&K",DEVYANI FOOD INDUSTRIES LIMITED,Kathua,ADS Raised,2026-03-25T12:27:34.485+00:00,,59416.0,10.8,https://parivesh.nic.in/newupgrade/#/report/ec?proposalId=1222622118
state,1,Jammu And Kashmir,top_land,1,,,FP/JK/OTHERS/423843/2023,"DIVERSION OF 1.5514 HECTARE OF FOREST LAND FOR TEMPORARY ESTABLISHMENT OF BATCHING PLANT, STOCK YARD, SUBSTATION, LABOUR CAMP, QC LAB, WORK SHOP , CONTAINER OFFICE ETC",TPL - CAI JV,Ramban,Final Diversion Order Issued,2023-03-28T14:21:34.822+00:00,2025-05-16T09:47:48.420+00:00,1.031,15514.0,https://parivesh.nic.in/newupgrade/#/report/ec?proposalId=4255093
state,1,Jammu And Kashmir,top_land,2,,,FP/JK/WATER/429536/2023,WSS AMROTHI,Jal Shakti Department,Udhampur,Final Diversion Order Issued,2023-05-17T07:52:50.048+00:00,2025-01-04T10:42:28.013+00:00,698.84,2491.0,https://parivesh.nic.in/newupgrade/#/report/ec?proposalId=5399317
state,1,Jammu And Kashmir,top_land,3,,,IA/JK/RIV/547496/2025,Sawalkot HE Project (1856 MW),NHPC LMITED,Ramban,ToR Granted,2025-08-08T07:06:32.299+00:00,2025-08-20T04:31:56.746+00:00,2637366.0,1401.35,https://parivesh.nic.in/newupgrade/#/report/ec?proposalId=133691304
state,1,Jammu And Kashmir,top_land,4,,,IA/JK/RIV/551637/2025,Sawalkot HE Project (1856 MW),NHPC LMITED,Ramban,EC Granted,2025-09-15T09:24:51.374+00:00,2025-11-17T06:52:30.304+00:00,2637366.0,1401.35,https://parivesh.nic.in/newupgrade/#/report/ec?proposalId=136291371
state,1,Jammu And Kashmir,top_land,5,,,IA/JK/RIV/560703/2025,Ratle Hydroelectric Project,RATLE HYDROELECTRIC POWER CORPORATION LIMITED,Kishtwar,Proposal returned in present form,2025-12-05T08:45:04.974+00:00,,5281.94,567.22,https://parivesh.nic.in/newupgrade/#/report/ec?proposalId=841830178
state,1,Jammu And Kashmir,top_land,6,,,WL/JK/SRY/533043/2025,Commando Training Centre Sunjwan,J&K Police Department/Home Department,Jammu,,2025-04-06T06:48:53.620+00:00,,11942.93,413.0,https://parivesh.nic.in/newupgrade/#/report/ec?proposalId=124329770
state,1,Jammu And Kashmir,top_land,7,,,FP/JK/SRY/584831/2026,"Preliminary exploration for limestone in Narsangar Block, Anantnag District, Jammu and Kashmir (UT)",Deputy Director General GEOLOGICAL Survey of India State Unit J &K Jammu,Anantnag,Approval Granted,2026-07-09T12:38:00.780+00:00,,8.8,400.0,https://parivesh.nic.in/newupgrade/#/report/ec?proposalId=1234798977
state,1,Jammu And Kashmir,top_land,8,,,FP/JK/OTHERS/591614/2026,Kishanganga Power Station (Tapping of Dahi Nallah),NHPC LIMITED,Bandipore,Pending at UA for DFO EDS Reply,2026-09-09T04:21:51.461+00:00,,568060.0,382.5674,https://parivesh.nic.in/newupgrade/#/report/ec?proposalId=1240502554
state,1,Jammu And Kashmir,top_land,9,,,FP/JK/PWR_TRANS/547731/2025,Construction of 400 KV line Kishenpur -Samba-Jalandhar (J&K portion) Transmission Line,RATLE KIRU POWER TRANSMISSION LIMITED,Kathua,Pending at State Government for Diversion Letter,2025-08-11T09:07:51.232+00:00,2026-09-28T10:39:05.964+00:00,20000.0,279.8983,https://parivesh.nic.in/newupgrade/#/report/ec?proposalId=133821676
state,1,Jammu And Kashmir,top_land,10,,,FP/JK/SRY/585011/2026,"Preliminary exploration for limestone in Sop-Kandiwara Block, Anantnag district, Jammu and Kashmir (UT)",Deputy Director General GEOLOGICAL Survey of India State Unit J &K Jammu,Anantnag,Approval Granted,2026-07-10T12:38:39.846+00:00,,8.3,265.0,https://parivesh.nic.in/newupgrade/#/report/ec?proposalId=1234917690
state,1,Jammu And Kashmir,recent_change,1,added,,FP/JK/CommPost/595056/2026,4G Saturation Project at Village Roat,MAHESH NAIR,Doda,Pending at DFO for Scrutiny and Recommendation,2026-10-10T02:27:52.329+00:00,,24.82,0.0186,https://parivesh.nic.in/newupgrade/#/report/ec?proposalId=1244831099
state,2,Himachal Pradesh,stat,,projects,2560,,,,,,,,,,
state,2,Himachal Pradesh,stat,,active_projects,1106,,,,,,,,,,
state,2,Himachal Pradesh,stat,,applications,1106,,,,,,,,,,
state,2,Himachal Pradesh,stat,,ec_granted,490,,,,,,,,,,
state,2,Himachal Pradesh,stat,,ec_tor,82,,,,,,,,,,
state,2,Himachal Pradesh,stat,,ec_pending,491,,,,,,,,,,
state,2,Himachal Pradesh,stat,,ec_rejected,15,,,,,,,,,,
state,2,Himachal Pradesh,stat,,ec_withdrawn,28,,,,,,,,,,
state,2,Himachal Pradesh,stat,,pc_A,17,,,,,,,,,,
state,2,Himachal Pradesh,stat,,pc_B1,164,,,,,,,,,,
state,2,Himachal Pradesh,stat,,pc_B2,364,,,,,,,,,,
state,2,Himachal Pradesh,stat,,pc_OTHER,561,,,,,,,,,,
state,2,Himachal Pradesh,stat,,ty_ec,499,,,,,,,,,,
state,2,Himachal Pradesh,stat,,ty_forest,402,,,,,,,,,,
state,2,Himachal Pradesh,stat,,ty_wildlife,35,,,,,,,,,,
state,2,Himachal Pradesh,stat,,ty_crz,1,,,,,,,,,,
state,2,Himachal Pradesh,stat,,ty_other,169,,,,,,,,,,
state,2,Himachal Pradesh,stat,,delisted_or_removed,1454,,,,,,,,,,
state,2,Himachal Pradesh,stat,,total_cost_lakhs,3573713.54,,,,,,,,,,
state,2,Himachal Pradesh,stat,,cost_outliers_excluded,2,,,,,,,,,,
state,2,Himachal Pradesh,stat,,total_land_ha,618026.008,,,,,,,,,,
state,2,Himachal Pradesh,stat,,latest_application,2026-10-09T06:50:09.452+00:00,,,,,,,,,,
state,2,Himachal Pradesh,stat,,latest_grant,2026-09-25T10:59:30.537+00:00,,,,,,,,,,
state,2,Himachal Pradesh,stat,,changes_added,1,,,,,,,,,,
state,2,Himachal Pradesh,stat,,changes_removed,0,,,,,,,,,,
state,2,Himachal Pradesh,stat,,changes_updated,115,,,,,,,,,,
state,2,Himachal Pradesh,stat,,changes_status,0,,,,,,,,,,
state,2,Himachal Pradesh,stat,,compared_with,2026-10-09T20:19:01Z,,,,,,,,,,
state,2,Himachal Pradesh,stat,,changes_added_active,1,,,,,,,,,,
state,2,Himachal Pradesh,stat,,changes_removed_active,0,,,,,,,,,,
state,2,Himachal Pradesh,stat,,changes_updated_active,83,,,,,,,,,,
state,2,Himachal Pradesh,stat,,changes_status_active,0,,,,,,,,,,
state,2,Himachal Pradesh,stat,,window_added_active,25,,,,,,,,,,
state,2,Himachal Pradesh,stat,,window_updated_active,438,,,,,,,,,,
state,2,Himachal Pradesh,stat,,window_added,25,,,,,,,,,,
state,2,Himachal Pradesh,stat,,window_updated,1210,,,,,,,,,,
state,2,Himachal Pradesh,stat,,window_since,2025-11-13T13:12:24+05:30,,,,,,,,,,
state,2,Himachal Pradesh,status,,DELISTED_BY_SYSTEM,1084,,,,,,,,,,
state,2,Himachal Pradesh,status,,EC Granted,453,,,,,,,,,,
state,2,Himachal Pradesh,status,,REMOVED,370,,,,,,,,,,
state,2,Himachal Pradesh,status,,Pending at DFO for Scrutiny and Recommendation,57,,,,,,,,,,
state,2,Himachal Pradesh,status,,ToR Granted,56,,,,,,,,,,
state,2,Himachal Pradesh,status,,(none),42,,,,,,,,,,
state,2,Himachal Pradesh,status,,Pending at UA due to EDS by DFO,39,,,,,,,,,,
state,2,Himachal Pradesh,status,,Pending on UA for Compensatory Levies Payment,39,,,,,,,,,,
state,2,Himachal Pradesh,status,,Pending at DFO due to EDS by Nodal Officer,38,,,,,,,,,,
state,2,Himachal Pradesh,status,,Final Diversion Order Issued,36,,,,,,,,,,
state,2,Himachal Pradesh,status,,Pending at UA due to EDS by MS after PSC-I,30,,,,,,,,,,
state,2,Himachal Pradesh,status,,ADS Raised,25,,,,,,,,,,
state,2,Himachal Pradesh,status,,Pending at PP due to EDS by DFO,24,,,,,,,,,,
state,2,Himachal Pradesh,status,,Under Verification,21,,,,,,,,,,
state,2,Himachal Pradesh,status,,Referred to SEAC,15,,,,,,,,,,
state,2,Himachal Pradesh,status,,TOR Granted,13,,,,,,,,,,
state,2,Himachal Pradesh,status,,Pending at State Secretary for Recommendation,13,,,,,,,,,,
state,2,Himachal Pradesh,status,,Pending at UA for DFO EDS Reply,13,,,,,,,,,,
state,2,Himachal Pradesh,status,,Proposal Withdrawal Request Accepted,11,,,,,,,,,,
state,2,Himachal Pradesh,status,,EC Rejected,10,,,,,,,,,,
state,2,Himachal Pradesh,status,,Pending at DFO/CF after acceptance in PSC-I,10,,,,,,,,,,
state,2,Himachal Pradesh,status,,Pending at Nodal Officer due to EDS by State Secretary,9,,,,,,,,,,
state,2,Himachal Pradesh,status,,Pending on UA for Levies Payment,9,,,,,,,,,,
state,2,Himachal Pradesh,status,,Pending at Nodal Officer for Recommendation,9,,,,,,,,,,
state,2,Himachal Pradesh,status,,TOR GRANTED,8,,,,,,,,,,
state,2,Himachal Pradesh,status,,Pending at UA for Compliance Report,8,,,,,,,,,,
state,2,Himachal Pradesh,status,,Under Examination,8,,,,,,,,,,
state,2,Himachal Pradesh,status,,Pending at MS SEIAA,8,,,,,,,,,,
state,2,Himachal Pradesh,status,,Pending at DFO For Compliance Review,7,,,,,,,,,,
state,2,Himachal Pradesh,status,,Proposal pulled back (withdrawn),7,,,,,,,,,,
state,2,Himachal Pradesh,status,,Pending at MS for Acceptance in PSC-I,7,,,,,,,,,,
state,2,Himachal Pradesh,status,,"Pending at Technical Officer - MoEFCC, HQ",6,,,,,,,,,,
state,2,Himachal Pradesh,status,,Proposal returned in present form,6,,,,,,,,,,
state,2,Himachal Pradesh,status,,Proposal Accepted and Referred to SEAC,6,,,,,,,,,,
state,2,Himachal Pradesh,status,,Standard ToR Granted,5,,,,,,,,,,
state,2,Himachal Pradesh,status,,Pending at Technical Officer - IRO,5,,,,,,,,,,
state,2,Himachal Pradesh,status,,Rejected in PSC-I,5,,,,,,,,,,
state,2,Himachal Pradesh,status,,Pending at Technical Officer - RO,4,,,,,,,,,,
state,2,Himachal Pradesh,status,,EDS raised,4,,,,,,,,,,
state,2,Himachal Pradesh,status,,Pending at DFO for Compensatory Levies,3,,,,,,,,,,
state,2,Himachal Pradesh,status,,Pending at MS for Recommendation in PSC-II,3,,,,,,,,,,
state,2,Himachal Pradesh,status,,Pending at DFO due to Query by Nodal Officer,3,,,,,,,,,,
state,2,Himachal Pradesh,status,,Pending at Nodal Officer for Compliance Review,3,,,,,,,,,,
state,2,Himachal Pradesh,status,,Pending at Nodal for Compensatory Levies Review,3,,,,,,,,,,
state,2,Himachal Pradesh,status,,Pending at State Secretary for Recommendation after PSC-II,3,,,,,,,,,,
state,2,Himachal Pradesh,status,,Return to UA,2,,,,,,,,,,
state,2,Himachal Pradesh,status,,Pending at Nodal Officer for Recommendation after PSC-II,2,,,,,,,,,,
state,2,Himachal Pradesh,status,,Pending at Technical Officer RO for Stage-II Letter,2,,,,,,,,,,
state,2,Himachal Pradesh,status,,Pending at State Government for Diversion Letter,2,,,,,,,,,,
state,2,Himachal Pradesh,status,,Withdrawn,1,,,,,,,,,,
state,2,Himachal Pradesh,status,,Pending at Nodal Officer due to Demand Modification Request By UA,1,,,,,,,,,,
state,2,Himachal Pradesh,status,,Pending at State Secretary for Compliance Review,1,,,,,,,,,,
state,2,Himachal Pradesh,status,,Withdrawal Request Accepted,1,,,,,,,,,,
state,2,Himachal Pradesh,status,,"Pending at AIGF – MoEFCC, HQ for Final Approval",1,,,,,,,,,,
state,2,Himachal Pradesh,status,,Pending at FAC,1,,,,,,,,,,
state,2,Himachal Pradesh,status,,Pending at SS for Diversion Letter,1,,,,,,,,,,
state,2,Himachal Pradesh,status,,Pending at State Secretary due to EDS by RO,1,,,,,,,,,,
state,2,Himachal Pradesh,status,,Pending at DFO due to EDS by MS After PSC-II,1,,,,,,,,,,
state,2,Himachal Pradesh,status,,Granted,1,,,,,,,,,,
state,2,Himachal Pradesh,status,,Referred to SEIAA,1,,,,,,,,,,
state,2,Himachal Pradesh,status,,"Pending at AIGF - MoEFCC, HQ",1,,,,,,,,,,
state,2,Himachal Pradesh,status,,Pending at PCCF for Recommendation and In-Principle Approval (Stage-I),1,,,,,,,,,,
state,2,Himachal Pradesh,status,,Pending at UA due to Delisting by Authority,1,,,,,,,,,,
state,2,Himachal Pradesh,applications_by_year,,2022,53,,,,,,,,,,
state,2,Himachal Pradesh,applications_by_year,,2023,211,,,,,,,,,,
state,2,Himachal Pradesh,applications_by_year,,2024,279,,,,,,,,,,
state,2,Himachal Pradesh,applications_by_year,,2025,305,,,,,,,,,,
state,2,Himachal Pradesh,applications_by_year,,2026,258,,,,,,,,,,
state,2,Himachal Pradesh,year_granted,,2022,30,,,,,,,,,,
state,2,Himachal Pradesh,year_granted,,2023,100,,,,,,,,,,
state,2,Himachal Pradesh,year_granted,,2024,141,,,,,,,,,,
state,2,Himachal Pradesh,year_granted,,2025,132,,,,,,,,,,
state,2,Himachal Pradesh,year_granted,,2026,87,,,,,,,,,,
state,2,Himachal Pradesh,year_tor,,2022,7,,,,,,,,,,
state,2,Himachal Pradesh,year_tor,,2023,22,,,,,,,,,,
state,2,Himachal Pradesh,year_tor,,2024,20,,,,,,,,,,
state,2,Himachal Pradesh,year_tor,,2025,26,,,,,,,,,,
state,2,Himachal Pradesh,year_tor,,2026,7,,,,,,,,,,
state,2,Himachal Pradesh,year_pending,,2022,15,,,,,,,,,,
state,2,Himachal Pradesh,year_pending,,2023,82,,,,,,,,,,
state,2,Himachal Pradesh,year_pending,,2024,98,,,,,,,,,,
state,2,Himachal Pradesh,year_pending,,2025,136,,,,,,,,,,
state,2,Himachal Pradesh,year_pending,,2026,160,,,,,,,,,,
state,2,Himachal Pradesh,year_rejected,,2023,1,,,,,,,,,,
state,2,Himachal Pradesh,year_rejected,,2024,8,,,,,,,,,,
state,2,Himachal Pradesh,year_rejected,,2025,3,,,,,,,,,,
state,2,Himachal Pradesh,year_rejected,,2026,3,,,,,,,,,,
state,2,Himachal Pradesh,year_withdrawn,,2022,1,,,,,,,,,,
state,2,Himachal Pradesh,year_withdrawn,,2023,6,,,,,,,,,,
state,2,Himachal Pradesh,year_withdrawn,,2024,12,,,,,,,,,,
state,2,Himachal Pradesh,year_withdrawn,,2025,8,,,,,,,,,,
state,2,Himachal Pradesh,year_withdrawn,,2026,1,,,,,,,,,,
state,2,Himachal Pradesh,year_pc_A,,2022,1,,,,,,,,,,
state,2,Himachal Pradesh,year_pc_A,,2023,8,,,,,,,,,,
state,2,Himachal Pradesh,year_pc_A,,2024,1,,,,,,,,,,
state,2,Himachal Pradesh,year_pc_A,,2025,3,,,,,,,,,,
state,2,Himachal Pradesh,year_pc_A,,2026,4,,,,,,,,,,
state,2,Himachal Pradesh,year_pc_B1,,2022,11,,,,,,,,,,
state,2,Himachal Pradesh,year_pc_B1,,2023,31,,,,,,,,,,
state,2,Himachal Pradesh,year_pc_B1,,2024,38,,,,,,,,,,
state,2,Himachal Pradesh,year_pc_B1,,2025,54,,,,,,,,,,
state,2,Himachal Pradesh,year_pc_B1,,2026,30,,,,,,,,,,
state,2,Himachal Pradesh,year_pc_B2,,2022,21,,,,,,,,,,
state,2,Himachal Pradesh,year_pc_B2,,2023,76,,,,,,,,,,
state,2,Himachal Pradesh,year_pc_B2,,2024,100,,,,,,,,,,
state,2,Himachal Pradesh,year_pc_B2,,2025,89,,,,,,,,,,
state,2,Himachal Pradesh,year_pc_B2,,2026,78,,,,,,,,,,
state,2,Himachal Pradesh,year_pc_OTHER,,2022,20,,,,,,,,,,
state,2,Himachal Pradesh,year_pc_OTHER,,2023,96,,,,,,,,,,
state,2,Himachal Pradesh,year_pc_OTHER,,2024,140,,,,,,,,,,
state,2,Himachal Pradesh,year_pc_OTHER,,2025,159,,,,,,,,,,
state,2,Himachal Pradesh,year_pc_OTHER,,2026,146,,,,,,,,,,
state,2,Himachal Pradesh,cube,,2022|granted|B1|ec,6,,,,,,,,,,
state,2,Himachal Pradesh,cube,,2022|granted|B2|ec,19,,,,,,,,,,
state,2,Himachal Pradesh,cube,,2022|granted|OTHER|forest,5,,,,,,,,,,
state,2,Himachal Pradesh,cube,,2022|pending|OTHER|forest,12,,,,,,,,,,
state,2,Himachal Pradesh,cube,,2022|pending|OTHER|wildlife,3,,,,,,,,,,
state,2,Himachal Pradesh,cube,,2022|tor|A|ec,1,,,,,,,,,,
state,2,Himachal Pradesh,cube,,2022|tor|B1|ec,5,,,,,,,,,,
state,2,Himachal Pradesh,cube,,2022|tor|B2|ec,1,,,,,,,,,,
state,2,Himachal Pradesh,cube,,2022|withdrawn|B2|ec,1,,,,,,,,,,
state,2,Himachal Pradesh,cube,,2023|granted|A|ec,1,,,,,,,,,,
state,2,Himachal Pradesh,cube,,2023|granted|B1|ec,15,,,,,,,,,,
state,2,Himachal Pradesh,cube,,2023|granted|B2|ec,65,,,,,,,,,,
state,2,Himachal Pradesh,cube,,2023|granted|B2|other,1,,,,,,,,,,
state,2,Himachal Pradesh,cube,,2023|granted|OTHER|forest,18,,,,,,,,,,
state,2,Himachal Pradesh,cube,,2023|pending|B1|ec,1,,,,,,,,,,
state,2,Himachal Pradesh,cube,,2023|pending|B2|ec,4,,,,,,,,,,
state,2,Himachal Pradesh,cube,,2023|pending|OTHER|crz,1,,,,,,,,,,
state,2,Himachal Pradesh,cube,,2023|pending|OTHER|forest,69,,,,,,,,,,
state,2,Himachal Pradesh,cube,,2023|pending|OTHER|other,1,,,,,,,,,,
state,2,Himachal Pradesh,cube,,2023|pending|OTHER|wildlife,6,,,,,,,,,,
state,2,Himachal Pradesh,cube,,2023|rejected|B2|ec,1,,,,,,,,,,
state,2,Himachal Pradesh,cube,,2023|tor|A|ec,6,,,,,,,,,,
state,2,Himachal Pradesh,cube,,2023|tor|B1|ec,15,,,,,,,,,,
state,2,Himachal Pradesh,cube,,2023|tor|B2|ec,1,,,,,,,,,,
state,2,Himachal Pradesh,cube,,2023|withdrawn|A|ec,1,,,,,,,,,,
state,2,Himachal Pradesh,cube,,2023|withdrawn|B2|ec,1,,,,,,,,,,
state,2,Himachal Pradesh,cube,,2023|withdrawn|B2|other,3,,,,,,,,,,
state,2,Himachal Pradesh,cube,,2023|withdrawn|OTHER|other,1,,,,,,,,,,
state,2,Himachal Pradesh,cube,,2024|granted|B1|ec,9,,,,,,,,,,
state,2,Himachal Pradesh,cube,,2024|granted|B1|other,4,,,,,,,,,,
state,2,Himachal Pradesh,cube,,2024|granted|B2|ec,81,,,,,,,,,,
state,2,Himachal Pradesh,cube,,2024|granted|B2|other,12,,,,,,,,,,
state,2,Himachal Pradesh,cube,,2024|granted|OTHER|forest,8,,,,,,,,,,
state,2,Himachal Pradesh,cube,,2024|granted|OTHER|other,27,,,,,,,,,,
state,2,Himachal Pradesh,cube,,2024|pending|B1|other,1,,,,,,,,,,
state,2,Himachal Pradesh,cube,,2024|pending|B2|ec,1,,,,,,,,,,
state,2,Himachal Pradesh,cube,,2024|pending|OTHER|forest,81,,,,,,,,,,
state,2,Himachal Pradesh,cube,,2024|pending|OTHER|other,1,,,,,,,,,,
state,2,Himachal Pradesh,cube,,2024|pending|OTHER|wildlife,14,,,,,,,,,,
state,2,Himachal Pradesh,cube,,2024|rejected|B2|other,1,,,,,,,,,,
state,2,Himachal Pradesh,cube,,2024|rejected|OTHER|forest,4,,,,,,,,,,
state,2,Himachal Pradesh,cube,,2024|rejected|OTHER|other,3,,,,,,,,,,
state,2,Himachal Pradesh,cube,,2024|tor|B1|ec,18,,,,,,,,,,
state,2,Himachal Pradesh,cube,,2024|tor|B1|other,2,,,,,,,,,,
state,2,Himachal Pradesh,cube,,2024|withdrawn|A|ec,1,,,,,,,,,,
state,2,Himachal Pradesh,cube,,2024|withdrawn|B1|ec,4,,,,,,,,,,
state,2,Himachal Pradesh,cube,,2024|withdrawn|B2|ec,5,,,,,,,,,,
state,2,Himachal Pradesh,cube,,2024|withdrawn|OTHER|other,2,,,,,,,,,,
state,2,Himachal Pradesh,cube,,2025|granted|A|ec,1,,,,,,,,,,
state,2,Himachal Pradesh,cube,,2025|granted|A|other,1,,,,,,,,,,
state,2,Himachal Pradesh,cube,,2025|granted|B1|ec,21,,,,,,,,,,
state,2,Himachal Pradesh,cube,,2025|granted|B1|other,2,,,,,,,,,,
state,2,Himachal Pradesh,cube,,2025|granted|B2|ec,69,,,,,,,,,,
state,2,Himachal Pradesh,cube,,2025|granted|B2|other,9,,,,,,,,,,
state,2,Himachal Pradesh,cube,,2025|granted|OTHER|forest,4,,,,,,,,,,
state,2,Himachal Pradesh,cube,,2025|granted|OTHER|other,25,,,,,,,,,,
state,2,Himachal Pradesh,cube,,2025|pending|B1|ec,1,,,,,,,,,,
state,2,Himachal Pradesh,cube,,2025|pending|B2|ec,8,,,,,,,,,,
state,2,Himachal Pradesh,cube,,2025|pending|OTHER|forest,113,,,,,,,,,,
state,2,Himachal Pradesh,cube,,2025|pending|OTHER|other,7,,,,,,,,,,
state,2,Himachal Pradesh,cube,,2025|pending|OTHER|wildlife,7,,,,,,,,,,
state,2,Himachal Pradesh,cube,,2025|rejected|OTHER|other,3,,,,,,,,,,
state,2,Himachal Pradesh,cube,,2025|tor|B1|ec,26,,,,,,,,,,
state,2,Himachal Pradesh,cube,,2025|withdrawn|A|ec,1,,,,,,,,,,
state,2,Himachal Pradesh,cube,,2025|withdrawn|B1|ec,4,,,,,,,,,,
state,2,Himachal Pradesh,cube,,2025|withdrawn|B2|ec,3,,,,,,,,,,
state,2,Himachal Pradesh,cube,,2026|granted|B1|ec,8,,,,,,,,,,
state,2,Himachal Pradesh,cube,,2026|granted|B1|other,1,,,,,,,,,,
state,2,Himachal Pradesh,cube,,2026|granted|B2|ec,46,,,,,,,,,,
state,2,Himachal Pradesh,cube,,2026|granted|B2|other,5,,,,,,,,,,
state,2,Himachal Pradesh,cube,,2026|granted|OTHER|forest,1,,,,,,,,,,
state,2,Himachal Pradesh,cube,,2026|granted|OTHER|other,26,,,,,,,,,,
state,2,Himachal Pradesh,cube,,2026|pending|A|ec,1,,,,,,,,,,
state,2,Himachal Pradesh,cube,,2026|pending|A|other,2,,,,,,,,,,
state,2,Himachal Pradesh,cube,,2026|pending|B1|ec,14,,,,,,,,,,
state,2,Himachal Pradesh,cube,,2026|pending|B2|ec,24,,,,,,,,,,
state,2,Himachal Pradesh,cube,,2026|pending|B2|other,2,,,,,,,,,,
state,2,Himachal Pradesh,cube,,2026|pending|OTHER|forest,86,,,,,,,,,,
state,2,Himachal Pradesh,cube,,2026|pending|OTHER|other,26,,,,,,,,,,
state,2,Himachal Pradesh,cube,,2026|pending|OTHER|wildlife,5,,,,,,,,,,
state,2,Himachal Pradesh,cube,,2026|rejected|B2|ec,1,,,,,,,,,,
state,2,Himachal Pradesh,cube,,2026|rejected|OTHER|forest,1,,,,,,,,,,
state,2,Himachal Pradesh,cube,,2026|rejected|OTHER|other,1,,,,,,,,,,
state,2,Himachal Pradesh,cube,,2026|tor|B1|ec,7,,,,,,,,,,
state,2,Himachal Pradesh,cube,,2026|withdrawn|A|ec,1,,,,,,,,,,
state,2,Himachal Pradesh,run,,run_status,ok,,,,,,,,,,
state,2,Himachal Pradesh,run,,run_date,2026-10-10T05:52:28Z,,,,,,,,,,
state,2,Himachal Pradesh,run,,run_url,https://github.com/publicmap/parivesh-dashboard/actions/runs/38027443840,,,,,,,,,,
state,2,Himachal Pradesh,top_recent_ec,1,,,SIA/HP/MIN/587989/2026,"Extraction of Sand, Stone & Bajri from auctioned quarry of Hatli Khad, measuring 11-10-00 Bighas (00-93-07 Ha) bearing Khasra no. 53, falling in Mauza & Mohal Hatli of Tehsil & Sub-Division Chowari, District Chamba, H.P. by Sh. Dharambir Singh S/o Sh. Swadesh Singh, Village & P.O. Kandwal, Tehsil Nurpur, District Kangra, H.P",SH. DHARAMBIR SINGH & SH. RAHUL JAMWAL- MINING LEASE AREA,Chamba,EC Granted,2026-08-05T11:23:05.387+00:00,2026-09-25T10:59:30.537+00:00,4.66,0.9307,https://parivesh.nic.in/newupgrade/#/report/ec?proposalId=1237569276
state,2,Himachal Pradesh,top_recent_ec,2,,,SIA/HP/MIN/588573/2026,"Extraction of Sand, Stone and Bajri from Khasra no. 3 over an area measuring 03-60-77 Ha (Pvt. Land- River bed of Chakki Khad) falling in Mohal/Mauza Lodhwan/Tipri of Tehsil Indora, District Kangra, Himachal Pradesh by Sh. Vishal Chambial, Prop. M/s J.V. Stone Crusher, Village Tipri, Tehsil Indora, District Kangra, H.P.",VISHAL CHAMBYAL,Kangra,EC Granted,2026-08-10T10:59:27.043+00:00,2026-09-25T10:55:23.923+00:00,30.0,3.6077,https://parivesh.nic.in/newupgrade/#/report/ec?proposalId=1238009873
state,2,Himachal Pradesh,top_recent_ec,3,,,SIA/HP/MIN/588055/2026,"Extraction of Sand, Stone and Bajri from Khasra No. 2358 & 2359 over an area measuring 07-24-63 Hect. (Govt. Land- River bed of Soan Khad), falling in Mauza & Mohal Mawa Sindhian, Tehsil Ghanari, District-Una, State- Himachal Pradesh by Sh. Kamal Kumar, Partner M/s Bharat Stone Crusher & Screening Unit, Mohal Mewa Sindhian, Tehsil Amb, District Una, H.P.",bharat stone crusher and screening unit,Una,EC Granted,2026-08-06T06:14:13.775+00:00,2026-09-25T10:39:48.595+00:00,25.0,7.2463,https://parivesh.nic.in/newupgrade/#/report/ec?proposalId=1237626218
state,2,Himachal Pradesh,top_recent_ec,4,,,SIA/HP/MIN/578848/2026,Extension of validity of Environment clearance of Sh. Amardeep Singh ( Tika Badehar),SHRI AMARDEEP,Hamirpur,EC Granted,2026-05-13T07:21:53.846+00:00,2026-09-25T10:37:39.068+00:00,30.0,1.0377,https://parivesh.nic.in/newupgrade/#/report/ec?proposalId=1227492082
state,2,Himachal Pradesh,top_recent_ec,5,,,SIA/HP/INFRA2/586727/2026,"Maharishi Markandeshwar Medical Hospital by Maharishi Markandeshwar Trust located in the revenue estate of Village Laddo (Kumarhatti-Sultanpur Road), Tehsil & District Solan, Himachal Pradesh-173229",MAHARISHI MARKANDESHWAR TRUST,Solan,EC Granted,2026-07-25T11:41:50.441+00:00,2026-09-25T10:33:01.483+00:00,108.76,1.5689,https://parivesh.nic.in/newupgrade/#/report/ec?proposalId=1236421948
state,2,Himachal Pradesh,top_recent_ec,6,,,SIA/HP/MIN/582075/2026,"Application for Extension of EC Validity for Extraction of Sand, Stone & Bajri from Khasra Nos. 112 (3-71-95 Ha) and 133 (10-86-19 Ha), measuring a total area of 14-58-14 Ha (Private Land/Riverbed), situated at Mohal Kalur, Mauza Kohla, Tehsil Nadaun, District Hamirpur, Himachal Pradesh, by Sh. Gian Chand, M/s Ambey Stone Crusher, VPO Bharmoti, Tehsil Nadaun, District Hamirpur, Himachal Pradesh",GIAN CHAND,Kangra,EC Granted,2026-06-13T08:01:33.243+00:00,2026-09-24T07:45:44.522+00:00,20.0,14.5814,https://parivesh.nic.in/newupgrade/#/report/ec?proposalId=1232002816
state,2,Himachal Pradesh,top_recent_ec,7,,,FP/HP/OTHERS/545473/2025,"Construction of Sewerage Treatment Plant at Maranda in Tehsil Palampur, District Kangra (H.P.)",IRRIGATION AND PUBLIC HEALTH GOVT OF HP,Kangra,Final Diversion Order Issued,2025-07-21T05:47:02.710+00:00,2026-09-18T12:51:05.511+00:00,75.0,0.4407,https://parivesh.nic.in/newupgrade/#/report/ec?proposalId=132443109
state,2,Himachal Pradesh,top_recent_ec,8,,,FP/HP/OTHERS/540754/2025,"Construction of Sewerage Treatment Plant at Nihang in Tehsil Palampur, District Kangra (H.P.)",IRRIGATION AND PUBLIC HEALTH GOVT OF HP,Kangra,Final Diversion Order Issued,2025-06-09T09:04:23.554+00:00,2026-09-14T16:01:33.750+00:00,75.0,0.2793,https://parivesh.nic.in/newupgrade/#/report/ec?proposalId=129549052
state,2,Himachal Pradesh,top_recent_ec,9,,,SIA/HP/MIN/567214/2026,"Transfer of EC vide Letter No. HPSEIAA/2015/337-1511-18 dated 19.06.2023, issued in favour of Sh. Dila Ram, M/s Dhawal Stone Crusher, Village Khanyod, P.O. Khural, Tehsil Sundernagar, District Mandi, H.P., by the SEIAA, to his son, Sh. Sher Singh, S/o Sh. Dila Ram, R/o Village Khanyod, P.O. Khurahal, Tehsil Sundernagar, District Mandi, H.P for the mining lease area at Khasra No.649/420/1, measuring 06-11-05 bighas,Mauza/Mohal Khurahal/79 , Tehsil Sundernagar, District Mandi, H.P.",sher singh,Mandi,EC Granted,2026-01-29T11:04:21.656+00:00,2026-08-31T05:52:19.866+00:00,25.0,0.5909,https://parivesh.nic.in/newupgrade/#/report/ec?proposalId=1217856005
state,2,Himachal Pradesh,top_recent_ec,10,,,FP/HP/OTHERS/443500/2023,CONSTRUCTION OF JUDICIAL COURT COMPLEX AT GOHAR IN TEHSIL CHACHYOT DISTRICT MANDI (H.P.),HIGH COURT OF HP,Mandi,Final Diversion Order Issued,2023-09-07T15:01:03.707+00:00,2026-08-21T13:51:34.435+00:00,327.0,0.121,https://parivesh.nic.in/newupgrade/#/report/ec?proposalId=9099970
state,2,Himachal Pradesh,top_cost,1,,,FP/HP/PetrolPump/592548/2026,"Construction of Petrol Pump at Darcha, Distt. Lahaul & Spiti, HP",HP STATE CIVIL SUPPLIES CORPORATION LIMITED,Lahul & Spiti,Pending at UA for DFO EDS Reply,2026-09-18T07:33:57.464+00:00,,500000.0,0.09,https://parivesh.nic.in/newupgrade/#/report/ec?proposalId=1241251963
state,2,Himachal Pradesh,top_cost,2,,,SIA/HP/MIN/587556/2026,"Application for extension of EC validity for extraction of stone from Khasra No’s 717/360/2 & 718/360, measuring an area 10-03-05 Bighas or 0.8024 hectare (Private land/hill slope) from Mauza Kangoo, Sub Tehsil Dehar, District Mandi, Himachal Pradesh proposed, by Sh. Abhishek Thakur, Sh. Anshul Thakur Sons of Sh. Roop Singh Thakur & Sh. Vishal Sen S/o Sh. Shakti Singh, Partners of M/s R.B. Traders, Destination the Mall, Lalit Chowk, Sundernagar, District Mandi, Himachal Pradesh",Vishal Sen,Mandi,ADS Raised,2026-08-01T10:55:53.335+00:00,,200000.0,0.8024,https://parivesh.nic.in/newupgrade/#/report/ec?proposalId=1237207035
state,2,Himachal Pradesh,top_cost,3,,,SIA/HP/MIN/588964/2026,"Application for extension of EC validity for Extraction stone over an area situated in Khasra No. 522/2, measuring an area 00-67-80 Hectare (Private Land/Hill Slope) falling in Mauza Mohal Chhachar, Tehsil Nerwa, District Shimla, Himachal Pradesh, proposed by Sh. Ajay Rathore, S/o Sh. Ishwar Singh Rathore, Village Kiri, P.O. Nerwa, Tehsil Nerwa, District Shimla, Himachal Pradesh",ajay rathore,Shimla,ADS Raised,2026-08-13T10:35:29.506+00:00,,200000.0,0.678,https://parivesh.nic.in/newupgrade/#/report/ec?proposalId=1238334883
state,2,Himachal Pradesh,top_cost,4,,,FP/HP/ROAD/440879/2023,CONSTRUCTION OF 4-LANING WITH PAVED SHOULDER OF BIJNI TO MANDI SECTION FROM EXISTING KM 202.815 TO KM 208.000 OF NH-20 (NEW NH-154) (DESIGN LENGTH 5.357 KM) INCLUDING CONSTRUCTION OF TWIN TUBE TUNNEL FOR A LENGTH OF 3.500 KM OF PATHANKOT-MANDI UNDER NH(O) IN HIMACHAL PRADESH ON HYBRID ANNUITY MODE BASIS (PACKAGE-VB),"NATIONAL HIGHWAY AUTHORITY OF INDIA, PIU-PALAMPUR",Mandi,Final Diversion Order Issued,2023-08-18T15:37:53.944+00:00,2025-03-14T11:52:48.932+00:00,97199.91,11.856,https://parivesh.nic.in/newupgrade/#/report/ec?proposalId=8089362
state,2,Himachal Pradesh,top_cost,5,,,FP/HP/ROAD/436750/2023,"Construction of Missing Link from Birhu to Lathiani from Km 35/550 (Design chainage Km 0.000) to Km 42/800 (Design Chainage Km 8.153) On NH-503A Including Lathiani 4 lane HL/Extradosed Cable Bridge on Back Water of Govind Sagar and its approaches in Una District, State of Himachal Pradesh",Ministry of Road Transport & Highways,Una,Pending at DFO due to EDS by Nodal Officer,2023-07-14T11:32:59.262+00:00,,89708.0,39.5918,https://parivesh.nic.in/newupgrade/#/report/ec?proposalId=6802047
state,2,Himachal Pradesh,top_cost,6,,,FP/HP/ROAD/555992/2025,"Construction of Missing Link from Birhu to Lathiani from Km 35/550 (Design chainage Km 0.000) to Km 42/800 (Design Chainage Km 8.153) On NH-503A Including Lathiani 4 lane HL/Extradosed Cable Bridge on Back Water of Govind Sagar and its approaches in Una District, State of Himachal Pradesh",Ministry of Road Transport & Highways,Una,Pending at DFO For Compliance Review,2025-10-25T06:06:54.220+00:00,,89708.0,39.5918,https://parivesh.nic.in/newupgrade/#/report/ec?proposalId=138595113
state,2,Himachal Pradesh,top_cost,7,,,FP/HP/ROAD/403988/2022,Diversion of 15.1221 Ha. Forest land for Rehabilitation and Upgradation to Four Lane configuration & Strengthening of Thanpuri to  Paraur  (Package IIC) from Km 85.135 to Km 100.840 (Design Length 16.275 km) of NH-20 (New NH-154) of Pathankot-Mandi Section in the state of Himachal Pradesh.,"NATIONAL HIGHWAY AUTHORITY OF INDIA, PIU-PALAMPUR",Kangra,Final Diversion Order Issued,2022-10-21T05:30:57.150+00:00,2026-02-19T06:45:50.885+00:00,81568.0,64.352,https://parivesh.nic.in/newupgrade/#/report/ec?proposalId=1235722
state,2,Himachal Pradesh,top_cost,8,,,FP/HP/ROAD/568161/2026,Construction of 2-lane Twin tube Tunnel on Nerchowk to Pandoh section of NH-21 (New NH-154 & 03) at Ch. 203 300 to Ch 205 600 under NH (O)”,NHAI,Mandi,Pending at State Secretary for Recommendation after PSC-II,2026-02-05T16:42:58.172+00:00,,76092.0,20.2936,https://parivesh.nic.in/newupgrade/#/report/ec?proposalId=1218553627
state,2,Himachal Pradesh,top_cost,9,,,FP/HP/RAIL/500392/2024,"Bhanupali Bilaspur Beri New Rail Line, Phase-V, from Km. 27.720 to Km. 34.470",RAIL VIKAS NIGAM LIMITED CHANDIGARH,Bilaspur,Final Diversion Order Issued,2024-10-09T09:03:28.531+00:00,2026-08-12T14:25:47.848+00:00,72321.8,6.99,https://parivesh.nic.in/newupgrade/#/report/ec?proposalId=109415134
state,2,Himachal Pradesh,top_cost,10,,,FP/HP/SCH/452671/2023,Additional land for C/o  Dr. Radhakrishnan Government Medical College at Hamirpur.,Health and Family Welfare Department Himachal Pradesh,Hamirpur,Final Diversion Order Issued,2023-11-18T11:30:07.957+00:00,2025-06-26T12:14:36.007+00:00,67500.0,15.532,https://parivesh.nic.in/newupgrade/#/report/ec?proposalId=25143859
state,2,Himachal Pradesh,top_land,1,,,WL/HP/DEF/566031/2026,DIVERSION OF FOREST LAND 24-00-66 HA AND 11-99-34 HA PRIVATE LAND FOR CONSTRUCTION OF HELIPORT AT VILLAGE RANGRIK,DOGRA SCOUTS,Lahul & Spiti,,2026-01-19T09:17:57.014+00:00,,200.0,360000.0,https://parivesh.nic.in/newupgrade/#/report/ec?proposalId=1217104615
state,2,Himachal Pradesh,top_land,2,,,SIA/HP/INFRA2/409217/2022,"Setting up of PGIMER Satellite Centre at UNA, Himachal Pradesh (Phase –I)",RAJAN AGGARWAL,Una,EC Granted,2022-12-03T13:32:51.547+00:00,2023-05-10T14:18:24.377+00:00,49530.0,154393.0,https://parivesh.nic.in/newupgrade/#/report/ec?proposalId=1857400
state,2,Himachal Pradesh,top_land,3,,,WL/HP/Others/438456/2023,PIN VALLEY NATIONAL PARK FINAL NOTIFICATION,Department of Forest,Lahul & Spiti,,2023-07-28T10:38:08.931+00:00,,0.0,69300.0,https://parivesh.nic.in/newupgrade/#/report/ec?proposalId=7185212
state,2,Himachal Pradesh,top_land,4,,,WL/HP/Others/490806/2024,"Final Notification of  Wild Life Sanctuary, Sainj",divisional forest officer great himalayan national park shamshi,Kullu,,2024-08-01T09:11:53.657+00:00,,0.0,9000.0,https://parivesh.nic.in/newupgrade/#/report/ec?proposalId=89522810
state,2,Himachal Pradesh,top_land,5,,,WL/HP/Others/490933/2024,"Final Notification of Wildlife Sanctuary, Tirthan.",divisional forest officer great himalayan national park shamshi,Kullu,,2024-08-02T06:14:36.860+00:00,,0.0,6100.0,https://parivesh.nic.in/newupgrade/#/report/ec?proposalId=89810896
state,2,Himachal Pradesh,top_land,6,,,FP/HP/ROAD/588496/2026,Construction of Building of Newly Created Sub Tehsil Dhamwari Tehsil Chirgaon District Shimla H.P,ramesh kumar,Shimla,Pending at MS for Acceptance in PSC-I,2026-08-10T06:03:20.556+00:00,,300.0,3256.0,https://parivesh.nic.in/newupgrade/#/report/ec?proposalId=1237963866
state,2,Himachal Pradesh,top_land,7,,,IA/HP/RIV/435307/2023,Renukaji Dam Project,HIMACHAL PRADESH POWER CORPORATION LIMITED,Sirmaur,Return to UA,2023-07-01T07:32:37.691+00:00,,6946.36,1988.27,https://parivesh.nic.in/newupgrade/#/report/ec?proposalId=6476860
state,2,Himachal Pradesh,top_land,8,,,IA/HP/RIV/542156/2025,Renukaji Dam Project,hIMACHAL pradesh power corporation,Sirmaur,EC Granted,2025-06-20T06:19:51.273+00:00,2025-08-23T08:08:13.875+00:00,6946.36,1988.27,https://parivesh.nic.in/newupgrade/#/report/ec?proposalId=130382793
state,2,Himachal Pradesh,top_land,9,,,WL/HP/Others/491404/2024,Amalgamation of Khirganga National Park with GHNP.,divisional forest officer great himalayan national park shamshi,Kullu,,2024-08-06T07:09:30.367+00:00,,0.0,1464.4,https://parivesh.nic.in/newupgrade/#/report/ec?proposalId=90970898
state,2,Himachal Pradesh,top_land,10,,,WL/HP/Others/422104/2023,Rationalisation of  Boundary of Pong Dam Lake Wildlife Sanctuary,D.F.O. WILD LIFE HAMIRPUR,Kangra,,2023-03-14T13:31:16.397+00:00,,0.0,1393.0,https://parivesh.nic.in/newupgrade/#/report/ec?proposalId=3955157
state,2,Himachal Pradesh,recent_change,1,added,,SIA/HP/MIN/594944/2026,"Application for extension of EC validity for extraction of sand, stone and bajri from Khasra No’s. 1/2/1, & 1/2/2, measuring an area 03-99-96 Hectare (Private Land, Riverbed), falling in Mauza Kaloor, Mohal Kohala, Tehsil Nadaun, District Hamirpur Himachal Pradesh, proposed by Sh. Rajeev Singh S/o Rasil Singh, Village Bhabran, P.O Kitpal, Tehsil Nadaun, District Hamirpur, Himachal Pradesh",rajiv singh,Kangra,Under Verification,2026-10-09T06:50:09.452+00:00,,20.0,3.9996,https://parivesh.nic.in/newupgrade/#/report/ec?proposalId=1244755809
state,3,Punjab,stat,,projects,3670,,,,,,,,,,
state,3,Punjab,stat,,active_projects,2627,,,,,,,,,,
state,3,Punjab,stat,,applications,2627,,,,,,,,,,
state,3,Punjab,stat,,ec_granted,1428,,,,,,,,,,
state,3,Punjab,stat,,ec_tor,349,,,,,,,,,,
state,3,Punjab,stat,,ec_pending,745,,,,,,,,,,
state,3,Punjab,stat,,ec_rejected,15,,,,,,,,,,
state,3,Punjab,stat,,ec_withdrawn,90,,,,,,,,,,
state,3,Punjab,stat,,pc_A,74,,,,,,,,,,
state,3,Punjab,stat,,pc_B1,665,,,,,,,,,,
state,3,Punjab,stat,,pc_B2,451,,,,,,,,,,
state,3,Punjab,stat,,pc_OTHER,1437,,,,,,,,,,
state,3,Punjab,stat,,ty_ec,1049,,,,,,,,,,
state,3,Punjab,stat,,ty_forest,1279,,,,,,,,,,
state,3,Punjab,stat,,ty_wildlife,111,,,,,,,,,,
state,3,Punjab,stat,,ty_crz,0,,,,,,,,,,
state,3,Punjab,stat,,ty_other,188,,,,,,,,,,
state,3,Punjab,stat,,delisted_or_removed,1043,,,,,,,,,,
state,3,Punjab,stat,,total_cost_lakhs,27102324.93,,,,,,,,,,
state,3,Punjab,stat,,cost_outliers_excluded,6,,,,,,,,,,
state,3,Punjab,stat,,total_land_ha,2320562.0989,,,,,,,,,,
state,3,Punjab,stat,,latest_application,2026-10-10T03:53:07.298+00:00,,,,,,,,,,
state,3,Punjab,stat,,latest_grant,2026-09-29T06:05:36.172+00:00,,,,,,,,,,
state,3,Punjab,stat,,changes_added,2,,,,,,,,,,
state,3,Punjab,stat,,changes_removed,0,,,,,,,,,,
state,3,Punjab,stat,,changes_updated,313,,,,,,,,,,
state,3,Punjab,stat,,changes_status,0,,,,,,,,,,
state,3,Punjab,stat,,compared_with,2026-10-09T20:19:01Z,,,,,,,,,,
state,3,Punjab,stat,,changes_added_active,2,,,,,,,,,,
state,3,Punjab,stat,,changes_removed_active,0,,,,,,,,,,
state,3,Punjab,stat,,changes_updated_active,233,,,,,,,,,,
state,3,Punjab,stat,,changes_status_active,0,,,,,,,,,,
state,3,Punjab,stat,,window_added_active,71,,,,,,,,,,
state,3,Punjab,stat,,window_updated_active,197,,,,,,,,,,
state,3,Punjab,stat,,window_added,71,,,,,,,,,,
state,3,Punjab,stat,,window_updated,277,,,,,,,,,,
state,3,Punjab,stat,,window_since,2026-10-01T03:52:08Z,,,,,,,,,,
state,3,Punjab,status,,DELISTED_BY_SYSTEM,978,,,,,,,,,,
state,3,Punjab,status,,EC Granted,645,,,,,,,,,,
state,3,Punjab,status,,Stage-II Accorded,448,,,,,,,,,,
state,3,Punjab,status,,Final Diversion Order Issued,325,,,,,,,,,,
state,3,Punjab,status,,Standard ToR Granted,199,,,,,,,,,,
state,3,Punjab,status,,(none),136,,,,,,,,,,
state,3,Punjab,status,,TOR GRANTED,104,,,,,,,,,,
state,3,Punjab,status,,Pending at UA due to EDS by DFO,75,,,,,,,,,,
state,3,Punjab,status,,REMOVED,65,,,,,,,,,,
state,3,Punjab,status,,Pending at DFO for Scrutiny and Recommendation,64,,,,,,,,,,
state,3,Punjab,status,,Pending at UA for Compliance Report,54,,,,,,,,,,
state,3,Punjab,status,,Proposal returned in present form,50,,,,,,,,,,
state,3,Punjab,status,,Pending at UA for Compensatory Levies Payment and Compliance Report,48,,,,,,,,,,
state,3,Punjab,status,,Pending at Nodal Officer for Recommendation,38,,,,,,,,,,
state,3,Punjab,status,,Pending at UA for DFO EDS Reply,31,,,,,,,,,,
state,3,Punjab,status,,Pending at PP due to EDS by DFO,28,,,,,,,,,,
state,3,Punjab,status,,Pending on UA for Compensatory Levies Payment,28,,,,,,,,,,
state,3,Punjab,status,,EDS raised,27,,,,,,,,,,
state,3,Punjab,status,,ToR Granted,24,,,,,,,,,,
state,3,Punjab,status,,ADS Raised,24,,,,,,,,,,
state,3,Punjab,status,,TOR Granted,22,,,,,,,,,,
state,3,Punjab,status,,Pending at DFO due to EDS by Nodal Officer,22,,,,,,,,,,
state,3,Punjab,status,,Under Verification,21,,,,,,,,,,
state,3,Punjab,status,,Proposal pulled back (withdrawn),19,,,,,,,,,,
state,3,Punjab,status,,Pending at State Secretary for Recommendation,16,,,,,,,,,,
state,3,Punjab,status,,Pending at UA due to Delisting by Authority,16,,,,,,,,,,
state,3,Punjab,status,,Withdrawal Request Accepted,14,,,,,,,,,,
state,3,Punjab,status,,Under Examination,13,,,,,,,,,,
state,3,Punjab,status,,Pending at State Secretary for Recommendation and In-Principle Approval (Stage-I),11,,,,,,,,,,
state,3,Punjab,status,,Proposal Accepted and Referred to SEAC,10,,,,,,,,,,
state,3,Punjab,status,,Referred to SEIAA,10,,,,,,,,,,
state,3,Punjab,status,,Pending at MS SEIAA,9,,,,,,,,,,
state,3,Punjab,status,,Pending at Nodal Officer due to EDS by State Secretary,9,,,,,,,,,,
state,3,Punjab,status,,Rejected in PSC-I,9,,,,,,,,,,
state,3,Punjab,status,,GRANTED,9,,,,,,,,,,
state,3,Punjab,status,,Referred to SEAC,8,,,,,,,,,,
state,3,Punjab,status,,Pending at Technical Officer - IRO,7,,,,,,,,,,
state,3,Punjab,status,,Proposal Withdrawal Request Accepted,6,,,,,,,,,,
state,3,Punjab,status,,Pending at State Government for Diversion Letter,4,,,,,,,,,,
state,3,Punjab,status,,Pending at Nodal Officer for Compliance Review,4,,,,,,,,,,
state,3,Punjab,status,,Pending at State Secretary for Compliance Review,3,,,,,,,,,,
state,3,Punjab,status,,Pending at DFO for Compliance Review,3,,,,,,,,,,
state,3,Punjab,status,,Pending at State Government For Recommendation,3,,,,,,,,,,
state,3,Punjab,status,,Pending at PP due to EDS by Nodal Officer,3,,,,,,,,,,
state,3,Punjab,status,,REJECTED,2,,,,,,,,,,
state,3,Punjab,status,,"Pending at State Secretary due to EDS by MoEFCC, HQ",2,,,,,,,,,,
state,3,Punjab,status,,Application Rejected,2,,,,,,,,,,
state,3,Punjab,status,,Pending at Technical Officer RO for Stage-II Letter,2,,,,,,,,,,
state,3,Punjab,status,,Pending at DFO due to Query by Nodal Officer,2,,,,,,,,,,
state,3,Punjab,status,,Proposal Revoked,1,,,,,,,,,,
state,3,Punjab,status,,Withdrawn,1,,,,,,,,,,
state,3,Punjab,status,,Granted,1,,,,,,,,,,
state,3,Punjab,status,,Pending at UA due to EDS by MS after PSC-I,1,,,,,,,,,,
state,3,Punjab,status,,EC Rejected,1,,,,,,,,,,
state,3,Punjab,status,,Pending on UA for Levies Payment,1,,,,,,,,,,
state,3,Punjab,status,,Pending for State Government for Stage-II Letter,1,,,,,,,,,,
state,3,Punjab,status,,Pending at RO Head,1,,,,,,,,,,
state,3,Punjab,status,,Pending at DFO For Compliance Review,1,,,,,,,,,,
state,3,Punjab,status,,Pending at Nodal Officer for Compensatory Levies Review,1,,,,,,,,,,
state,3,Punjab,status,,Forwarded to MS,1,,,,,,,,,,
state,3,Punjab,status,,Pending at DFO for Compensatory Levies,1,,,,,,,,,,
state,3,Punjab,status,,Forwarded to USS SEIAA,1,,,,,,,,,,
state,3,Punjab,status,,Proposal Accepted and Referred to EAC,1,,,,,,,,,,
state,3,Punjab,status,,Forwarded to DD,1,,,,,,,,,,
state,3,Punjab,status,,Pending at MS for Acceptance in PSC-I,1,,,,,,,,,,
state,3,Punjab,status,,Forwarded to AS,1,,,,,,,,,,
state,3,Punjab,status,,EDS Raised,1,,,,,,,,,,
state,3,Punjab,applications_by_year,,2022,84,,,,,,,,,,
state,3,Punjab,applications_by_year,,2023,641,,,,,,,,,,
state,3,Punjab,applications_by_year,,2024,696,,,,,,,,,,
state,3,Punjab,applications_by_year,,2025,580,,,,,,,,,,
state,3,Punjab,applications_by_year,,2026,626,,,,,,,,,,
state,3,Punjab,year_granted,,2022,55,,,,,,,,,,
state,3,Punjab,year_granted,,2023,400,,,,,,,,,,
state,3,Punjab,year_granted,,2024,537,,,,,,,,,,
state,3,Punjab,year_granted,,2025,303,,,,,,,,,,
state,3,Punjab,year_granted,,2026,133,,,,,,,,,,
state,3,Punjab,year_tor,,2022,17,,,,,,,,,,
state,3,Punjab,year_tor,,2023,135,,,,,,,,,,
state,3,Punjab,year_tor,,2024,52,,,,,,,,,,
state,3,Punjab,year_tor,,2025,65,,,,,,,,,,
state,3,Punjab,year_tor,,2026,80,,,,,,,,,,
state,3,Punjab,year_pending,,2022,11,,,,,,,,,,
state,3,Punjab,year_pending,,2023,84,,,,,,,,,,
state,3,Punjab,year_pending,,2024,86,,,,,,,,,,
state,3,Punjab,year_pending,,2025,172,,,,,,,,,,
state,3,Punjab,year_pending,,2026,392,,,,,,,,,,
state,3,Punjab,year_rejected,,2023,2,,,,,,,,,,
state,3,Punjab,year_rejected,,2024,4,,,,,,,,,,
state,3,Punjab,year_rejected,,2025,4,,,,,,,,,,
state,3,Punjab,year_rejected,,2026,5,,,,,,,,,,
state,3,Punjab,year_withdrawn,,2022,1,,,,,,,,,,
state,3,Punjab,year_withdrawn,,2023,20,,,,,,,,,,
state,3,Punjab,year_withdrawn,,2024,17,,,,,,,,,,
state,3,Punjab,year_withdrawn,,2025,36,,,,,,,,,,
state,3,Punjab,year_withdrawn,,2026,16,,,,,,,,,,
state,3,Punjab,year_pc_A,,2022,1,,,,,,,,,,
state,3,Punjab,year_pc_A,,2023,29,,,,,,,,,,
state,3,Punjab,year_pc_A,,2024,19,,,,,,,,,,
state,3,Punjab,year_pc_A,,2025,15,,,,,,,,,,
state,3,Punjab,year_pc_A,,2026,10,,,,,,,,,,
state,3,Punjab,year_pc_B1,,2022,21,,,,,,,,,,
state,3,Punjab,year_pc_B1,,2023,189,,,,,,,,,,
state,3,Punjab,year_pc_B1,,2024,162,,,,,,,,,,
state,3,Punjab,year_pc_B1,,2025,108,,,,,,,,,,
state,3,Punjab,year_pc_B1,,2026,185,,,,,,,,,,
state,3,Punjab,year_pc_B2,,2022,11,,,,,,,,,,
state,3,Punjab,year_pc_B2,,2023,117,,,,,,,,,,
state,3,Punjab,year_pc_B2,,2024,104,,,,,,,,,,
state,3,Punjab,year_pc_B2,,2025,106,,,,,,,,,,
state,3,Punjab,year_pc_B2,,2026,113,,,,,,,,,,
state,3,Punjab,year_pc_OTHER,,2022,51,,,,,,,,,,
state,3,Punjab,year_pc_OTHER,,2023,306,,,,,,,,,,
state,3,Punjab,year_pc_OTHER,,2024,411,,,,,,,,,,
state,3,Punjab,year_pc_OTHER,,2025,351,,,,,,,,,,
state,3,Punjab,year_pc_OTHER,,2026,318,,,,,,,,,,
state,3,Punjab,cube,,2022|granted|B1|ec,4,,,,,,,,,,
state,3,Punjab,cube,,2022|granted|B2|ec,10,,,,,,,,,,
state,3,Punjab,cube,,2022|granted|B2|other,1,,,,,,,,,,
state,3,Punjab,cube,,2022|granted|OTHER|forest,40,,,,,,,,,,
state,3,Punjab,cube,,2022|pending|OTHER|forest,11,,,,,,,,,,
state,3,Punjab,cube,,2022|tor|A|ec,1,,,,,,,,,,
state,3,Punjab,cube,,2022|tor|B1|ec,16,,,,,,,,,,
state,3,Punjab,cube,,2022|withdrawn|B1|other,1,,,,,,,,,,
state,3,Punjab,cube,,2023|granted|A|ec,8,,,,,,,,,,
state,3,Punjab,cube,,2023|granted|A|other,1,,,,,,,,,,
state,3,Punjab,cube,,2023|granted|B1|ec,48,,,,,,,,,,
state,3,Punjab,cube,,2023|granted|B1|other,2,,,,,,,,,,
state,3,Punjab,cube,,2023|granted|B2|ec,98,,,,,,,,,,
state,3,Punjab,cube,,2023|granted|B2|other,8,,,,,,,,,,
state,3,Punjab,cube,,2023|granted|OTHER|forest,234,,,,,,,,,,
state,3,Punjab,cube,,2023|granted|OTHER|other,1,,,,,,,,,,
state,3,Punjab,cube,,2023|pending|B1|ec,10,,,,,,,,,,
state,3,Punjab,cube,,2023|pending|B2|ec,5,,,,,,,,,,
state,3,Punjab,cube,,2023|pending|B2|other,1,,,,,,,,,,
state,3,Punjab,cube,,2023|pending|OTHER|forest,54,,,,,,,,,,
state,3,Punjab,cube,,2023|pending|OTHER|other,3,,,,,,,,,,
state,3,Punjab,cube,,2023|pending|OTHER|wildlife,11,,,,,,,,,,
state,3,Punjab,cube,,2023|rejected|OTHER|forest,2,,,,,,,,,,
state,3,Punjab,cube,,2023|tor|A|ec,12,,,,,,,,,,
state,3,Punjab,cube,,2023|tor|A|other,1,,,,,,,,,,
state,3,Punjab,cube,,2023|tor|B1|ec,117,,,,,,,,,,
state,3,Punjab,cube,,2023|tor|B1|other,3,,,,,,,,,,
state,3,Punjab,cube,,2023|tor|B2|ec,2,,,,,,,,,,
state,3,Punjab,cube,,2023|withdrawn|A|ec,6,,,,,,,,,,
state,3,Punjab,cube,,2023|withdrawn|A|other,1,,,,,,,,,,
state,3,Punjab,cube,,2023|withdrawn|B1|ec,7,,,,,,,,,,
state,3,Punjab,cube,,2023|withdrawn|B1|other,2,,,,,,,,,,
state,3,Punjab,cube,,2023|withdrawn|B2|ec,3,,,,,,,,,,
state,3,Punjab,cube,,2023|withdrawn|OTHER|other,1,,,,,,,,,,
state,3,Punjab,cube,,2024|granted|A|ec,4,,,,,,,,,,
state,3,Punjab,cube,,2024|granted|A|other,1,,,,,,,,,,
state,3,Punjab,cube,,2024|granted|B1|ec,75,,,,,,,,,,
state,3,Punjab,cube,,2024|granted|B1|other,35,,,,,,,,,,
state,3,Punjab,cube,,2024|granted|B2|ec,84,,,,,,,,,,
state,3,Punjab,cube,,2024|granted|B2|other,12,,,,,,,,,,
state,3,Punjab,cube,,2024|granted|OTHER|forest,323,,,,,,,,,,
state,3,Punjab,cube,,2024|granted|OTHER|other,3,,,,,,,,,,
state,3,Punjab,cube,,2024|pending|B1|ec,3,,,,,,,,,,
state,3,Punjab,cube,,2024|pending|B2|other,1,,,,,,,,,,
state,3,Punjab,cube,,2024|pending|OTHER|forest,59,,,,,,,,,,
state,3,Punjab,cube,,2024|pending|OTHER|other,7,,,,,,,,,,
state,3,Punjab,cube,,2024|pending|OTHER|wildlife,16,,,,,,,,,,
state,3,Punjab,cube,,2024|rejected|B1|ec,1,,,,,,,,,,
state,3,Punjab,cube,,2024|rejected|OTHER|forest,3,,,,,,,,,,
state,3,Punjab,cube,,2024|tor|A|ec,11,,,,,,,,,,
state,3,Punjab,cube,,2024|tor|B1|ec,36,,,,,,,,,,
state,3,Punjab,cube,,2024|tor|B1|other,5,,,,,,,,,,
state,3,Punjab,cube,,2024|withdrawn|A|ec,3,,,,,,,,,,
state,3,Punjab,cube,,2024|withdrawn|B1|ec,6,,,,,,,,,,
state,3,Punjab,cube,,2024|withdrawn|B1|other,1,,,,,,,,,,
state,3,Punjab,cube,,2024|withdrawn|B2|ec,6,,,,,,,,,,
state,3,Punjab,cube,,2024|withdrawn|B2|other,1,,,,,,,,,,
state,3,Punjab,cube,,2025|granted|A|ec,7,,,,,,,,,,
state,3,Punjab,cube,,2025|granted|A|other,1,,,,,,,,,,
state,3,Punjab,cube,,2025|granted|B1|ec,20,,,,,,,,,,
state,3,Punjab,cube,,2025|granted|B1|other,12,,,,,,,,,,
state,3,Punjab,cube,,2025|granted|B2|ec,68,,,,,,,,,,
state,3,Punjab,cube,,2025|granted|B2|other,13,,,,,,,,,,
state,3,Punjab,cube,,2025|granted|OTHER|forest,174,,,,,,,,,,
state,3,Punjab,cube,,2025|granted|OTHER|other,8,,,,,,,,,,
state,3,Punjab,cube,,2025|pending|B1|ec,3,,,,,,,,,,
state,3,Punjab,cube,,2025|pending|B2|ec,4,,,,,,,,,,
state,3,Punjab,cube,,2025|pending|B2|other,1,,,,,,,,,,
state,3,Punjab,cube,,2025|pending|OTHER|forest,131,,,,,,,,,,
state,3,Punjab,cube,,2025|pending|OTHER|other,9,,,,,,,,,,
state,3,Punjab,cube,,2025|pending|OTHER|wildlife,24,,,,,,,,,,
state,3,Punjab,cube,,2025|rejected|OTHER|forest,4,,,,,,,,,,
state,3,Punjab,cube,,2025|tor|A|ec,3,,,,,,,,,,
state,3,Punjab,cube,,2025|tor|B1|ec,58,,,,,,,,,,
state,3,Punjab,cube,,2025|tor|B1|other,4,,,,,,,,,,
state,3,Punjab,cube,,2025|withdrawn|A|ec,2,,,,,,,,,,
state,3,Punjab,cube,,2025|withdrawn|A|other,2,,,,,,,,,,
state,3,Punjab,cube,,2025|withdrawn|B1|ec,9,,,,,,,,,,
state,3,Punjab,cube,,2025|withdrawn|B1|other,2,,,,,,,,,,
state,3,Punjab,cube,,2025|withdrawn|B2|ec,17,,,,,,,,,,
state,3,Punjab,cube,,2025|withdrawn|B2|other,3,,,,,,,,,,
state,3,Punjab,cube,,2025|withdrawn|OTHER|other,1,,,,,,,,,,
state,3,Punjab,cube,,2026|granted|B1|ec,50,,,,,,,,,,
state,3,Punjab,cube,,2026|granted|B1|other,9,,,,,,,,,,
state,3,Punjab,cube,,2026|granted|B2|ec,53,,,,,,,,,,
state,3,Punjab,cube,,2026|granted|B2|other,5,,,,,,,,,,
state,3,Punjab,cube,,2026|granted|OTHER|forest,11,,,,,,,,,,
state,3,Punjab,cube,,2026|granted|OTHER|other,5,,,,,,,,,,
state,3,Punjab,cube,,2026|pending|A|ec,2,,,,,,,,,,
state,3,Punjab,cube,,2026|pending|A|other,3,,,,,,,,,,
state,3,Punjab,cube,,2026|pending|B1|ec,39,,,,,,,,,,
state,3,Punjab,cube,,2026|pending|B1|other,3,,,,,,,,,,
state,3,Punjab,cube,,2026|pending|B2|ec,46,,,,,,,,,,
state,3,Punjab,cube,,2026|pending|B2|other,2,,,,,,,,,,
state,3,Punjab,cube,,2026|pending|OTHER|forest,228,,,,,,,,,,
state,3,Punjab,cube,,2026|pending|OTHER|other,9,,,,,,,,,,
state,3,Punjab,cube,,2026|pending|OTHER|wildlife,60,,,,,,,,,,
state,3,Punjab,cube,,2026|rejected|OTHER|forest,5,,,,,,,,,,
state,3,Punjab,cube,,2026|tor|A|ec,3,,,,,,,,,,
state,3,Punjab,cube,,2026|tor|B1|ec,75,,,,,,,,,,
state,3,Punjab,cube,,2026|tor|B1|other,2,,,,,,,,,,
state,3,Punjab,cube,,2026|withdrawn|A|ec,2,,,,,,,,,,
state,3,Punjab,cube,,2026|withdrawn|B1|ec,6,,,,,,,,,,
state,3,Punjab,cube,,2026|withdrawn|B1|other,1,,,,,,,,,,
state,3,Punjab,cube,,2026|withdrawn|B2|ec,6,,,,,,,,,,
state,3,Punjab,cube,,2026|withdrawn|B2|other,1,,,,,,,,,,
state,3,Punjab,run,,run_status,ok,,,,,,,,,,
state,3,Punjab,run,,run_date,2026-10-10T05:52:28Z,,,,,,,,,,
state,3,Punjab,run,,run_url,https://github.com/publicmap/parivesh-dashboard/actions/runs/38027443840,,,,,,,,,,
state,3,Punjab,top_recent_ec,1,,,SIA/PB/INFRA2/589687/2026,"Area Development Project namely “Ecocity 3” at Village Rasulpur, Salamatpur, Dhode Majra, Takipur, Rajgarh, Majra, Kartarpur, Kansala and Hoshiarpur, New Chandigarh, Distt. S.A.S Nagar, Punjab",Greater Mohali Area Development Authority,Sahibzada Ajit Singh Nag*,EC Granted,2026-08-20T10:37:09.504+00:00,2026-09-29T06:05:36.172+00:00,58747.0,289.8055,https://parivesh.nic.in/newupgrade/#/report/ec?proposalId=1238908727
state,3,Punjab,top_recent_ec,2,,,SIA/PB/MIN/584550/2026,"This is a proposed Minor Mineral (Sand) Mining Project located near Village – Gatti Jatan Dharamkot, Tehsil & District Moga, Punjab, Area-1.62 ha., LMS-116,  Hadbast No.-299, Proposed by M/s AV Trading Company.",A.V trading company,Moga,EC Granted,2026-07-07T10:24:14.964+00:00,2026-09-29T05:55:41.655+00:00,94.0,1.62,https://parivesh.nic.in/newupgrade/#/report/ec?proposalId=1234523644
state,3,Punjab,top_recent_ec,3,,,SIA/PB/INFRA2/582700/2026,"Group Housing project namely “Ananda Crown” at Sector 78, Distt. SAS Nagar (Mohali), Punjab by M/s Banson Projects",banson projects,Sahibzada Ajit Singh Nag*,EC Granted,2026-06-19T11:13:34.126+00:00,2026-09-29T05:51:18.134+00:00,31636.0,1.5824,https://parivesh.nic.in/newupgrade/#/report/ec?proposalId=1232713088
state,3,Punjab,top_recent_ec,4,,,SIA/PB/MIN/582526/2026,"Mining of Minor Minerals (Sand) from the river bed having mining lease area of 13.35 hectare, falling in Khasra Nos. 8//5, 6, 9//18, 19, 20, 13//5, 6, 10, 11, 15, 16, 20, 21, 22, 25, 14//2, 3, 4, 5, 6, 7, 8, 9, 12, 13, 14, 15, 16, 17, 18, 23, 24, 25, 19//4, 5, 20//1, 2, 4, 5 in Village Tanna Bagga & 9//1, 10 Bodal Bagga, Hadbast No. 42A & 42B, Tehsil Zira, District- Ferozepur, State- Punjab by M/s Pearl Fuel Care.",PEARL FUEL CARE,Firozpur,EC Granted,2026-06-18T05:52:11.070+00:00,2026-09-29T05:30:38.925+00:00,190.6,13.35,https://parivesh.nic.in/newupgrade/#/report/ec?proposalId=1232533515
state,3,Punjab,top_recent_ec,5,,,FP/PB/ROAD/543271/2025,Five Rivers Infrastructures LLP,five rivers infrastructures llp,Sri Muktsar Sahib,Final Diversion Order Issued,2025-07-01T06:58:35.617+00:00,2026-09-24T09:01:49.913+00:00,200.0,0.9429,https://parivesh.nic.in/newupgrade/#/report/ec?proposalId=131187068
state,3,Punjab,top_recent_ec,6,,,SIA/PB/INFRA2/575961/2026,Shopping mall with multiplex and hotel complex,Go Green FArms,Ludhiana,EC Granted,2026-04-16T13:01:05.880+00:00,2026-09-18T06:12:26.641+00:00,38000.0,5.05,https://parivesh.nic.in/newupgrade/#/report/ec?proposalId=1224525650
state,3,Punjab,top_recent_ec,7,,,SIA/PB/INFRA2/584864/2026,VEERKA BEVERAGES PRIVATE LIMITED,VEERKA BEVERAGES PRIVATE LIMITED,Tarn Taran,EC Granted,2025-09-12T12:38:34.483+00:00,2026-09-18T06:08:09.125+00:00,98600.0,9.82,https://parivesh.nic.in/newupgrade/#/report/ec?proposalId=1234832887
state,3,Punjab,top_recent_ec,8,,,SIA/PB/IND3/562521/2026,"Proposed Resin & Adhesive Manufacturing unit of capacity 20 TPD to be developed by M/s Samaira Industries located at Shiva Industrial Estate, Phase 2, Village Nag Kalan, Majitha Road, Amritsar, Punjab",ASHWANI KUMAR,Amritsar,EC Granted,2025-12-20T10:17:48.522+00:00,2026-09-18T06:04:44.977+00:00,60.0,0.1089,https://parivesh.nic.in/newupgrade/#/report/ec?proposalId=1132100778
state,3,Punjab,top_recent_ec,9,,,SIA/PB/INFRA2/583185/2026,Elenor One,springstone developers llp,Sahibzada Ajit Singh Nag*,EC Granted,2026-06-24T09:37:27.760+00:00,2026-09-18T06:00:09.301+00:00,33400.0,1.406,https://parivesh.nic.in/newupgrade/#/report/ec?proposalId=1233178171
state,3,Punjab,top_recent_ec,10,,,SIA/PB/INFRA2/587974/2026,"Amendment in Environmental Clearance of establishment of Integrated Industrial Estates namely ""Super Mega Industrial Estate"" located at Village Chamaru (H.B.No. 79) & Mehtabgarh (H.B. No.77), Teh. Rajpura, Distt. Patiala, Punjab",VIVIDHA INFRASTRUCTURE PVT LIMITED,Patiala,EC Granted,2026-08-05T10:38:30.740+00:00,2026-09-18T05:57:12.528+00:00,17000.0,103.3081,https://parivesh.nic.in/newupgrade/#/report/ec?proposalId=1237556699
state,3,Punjab,top_cost,1,,,FP/PB/Pipeline/587912/2026,Diversion of 0.0030 hec. Forest Land permission for laying underground pipeline to provide irrigation facilities to village Akot in Distt Patiala from Fatehpur Minor RD 16400 right side (Total Length 10mtr),Department of Irrigation,Patiala,Pending at UA due to EDS by DFO,2026-08-05T06:42:14.550+00:00,,6363932.0,0.003,https://parivesh.nic.in/newupgrade/#/report/ec?proposalId=1237519090
state,3,Punjab,top_cost,2,,,IA/PB/THE/592999/2026,"Amendment in existing Environmental Clearance- Change in configuration from 4x500 (2000) MW to 3x660 (1980) MW Coal Based Thermal Power Plant at village Banawala, in Distt. Mansa, in Punjab-Reg.",Talwandi Sabo Power Limited,Mansa,Under Examination,2026-09-22T15:14:30.970+00:00,,1207477.0,851.86,https://parivesh.nic.in/newupgrade/#/report/ec?proposalId=1243090987
state,3,Punjab,top_cost,3,,,FP/PB/PetrolPump/592066/2026,Petrol pump of  Reliance BP Mobility  Ltd,RELIANCE BP MOBILITY LIMITED,Gurdaspur,Pending at Nodal Officer for Recommendation,2026-09-13T17:35:32.986+00:00,,500000.0,0.1755,https://parivesh.nic.in/newupgrade/#/report/ec?proposalId=1240857952
state,3,Punjab,top_cost,4,,,FP/PB/ROAD/464296/2024,Construction of steel bridge single span 73.866 mtr c/c  of bearing at RD 195814 of Rajasthan feeder canal crossing village kotkapura to faridkot & construction of steel bridge single span 45.00mtr c/c of bearing of sirhind feeder at RD 140066 crossing from Faridkot to Kotkapura on eng. p rocurement & construction (EPC) mode,Department of Irrigation,Faridkot,Final Diversion Order Issued,2024-02-28T04:31:22.207+00:00,2024-12-03T06:52:09.985+00:00,212559.0,0.182,https://parivesh.nic.in/newupgrade/#/report/ec?proposalId=49984320
state,3,Punjab,top_cost,5,,,IA/PB/IND1/586738/2026,"PROPOSED INTEGRATED SECONDARY STEEL PROCESSING FACILITY FOR MANUFACTURING OF 6,00,000 TPA GALVANIZED/GALVALUME (GI/GL) COILS & SHEETS, AND 2,00,000 TPA TIN PLATE COATED & TIN MILL BLACK PLATE (TMBP) / COLD ROLLED CLOSED ANNEALED (CRCA) COILS & SHEETS at Rajpura–GT Road, Village Beopar (Bapraur), Tehsil Rajpura, District Patiala, Punjab – 140 417  by M/s. JSW Steel Coated Products Limited",JSW STEEL COATED PRODUCTS LIMITED,Patiala,Standard ToR Granted,2026-07-25T12:20:55.609+00:00,2026-08-06T03:56:48.532+00:00,179500.0,12.75,https://parivesh.nic.in/newupgrade/#/report/ec?proposalId=1236424998
state,3,Punjab,top_cost,6,,,SIA/PB/INFRA2/583300/2026,M/s ITC Limited,ITC  LIMITED,Kapurthala,EC Granted,2026-06-25T07:21:32.945+00:00,2026-09-08T11:40:40.111+00:00,139726.75,45.14,https://parivesh.nic.in/newupgrade/#/report/ec?proposalId=1233289477
state,3,Punjab,top_cost,7,,,SIA/PB/INFRA2/594769/2026,"Mixed Use Project at Site No. 20-21, Sector 62, District SAS Nagar (Mohali), Punjab by M/s VRC Constructions India Ltd",VRC CONSTRUCTIONS INDIA PRIVATE LIMITED,Sahibzada Ajit Singh Nag*,Under Examination,2026-10-08T04:41:12.475+00:00,,126809.0,5.22,https://parivesh.nic.in/newupgrade/#/report/ec?proposalId=1244620261
state,3,Punjab,top_cost,8,,,SIA/PB/INFRA2/570360/2026,"Integrated Mega Housing Township – AIPL Dream City Ludhiana at Villages Dakha, Eisewal, Devatwal, Gahour & Birmi, Tehsil Mullanpur, District Ludhiana, Punjab by M/s Ireo Waterfront Pvt. Ltd.",M/S IREO WATERFRONT PVT. LTD.,Ludhiana,Standard ToR Granted,2026-02-25T07:20:22.431+00:00,2026-03-30T12:27:46.415+00:00,98665.0,200.7079,https://parivesh.nic.in/newupgrade/#/report/ec?proposalId=1220245738
state,3,Punjab,top_cost,9,,,SIA/PB/INFRA2/577969/2026,"Integrated Mega Housing Township – AIPL Dream City Ludhiana at Villages Dakha, Eisewal, Devatwal, Gahour & Birmi, Tehsil Mullanpur, District Ludhiana, Punjab by M/s Ireo Waterfront Pvt. Ltd.",M/S IREO WATERFRONT PVT. LTD.,Ludhiana,ADS Raised,2026-05-05T08:38:24.996+00:00,,98665.0,200.7079,https://parivesh.nic.in/newupgrade/#/report/ec?proposalId=1226545353
state,3,Punjab,top_cost,10,,,SIA/PB/INFRA2/584864/2026,VEERKA BEVERAGES PRIVATE LIMITED,VEERKA BEVERAGES PRIVATE LIMITED,Tarn Taran,EC Granted,2025-09-12T12:38:34.483+00:00,2026-09-18T06:08:09.125+00:00,98600.0,9.82,https://parivesh.nic.in/newupgrade/#/report/ec?proposalId=1234832887
state,3,Punjab,top_land,1,,,SIA/PB/INFRA2/429678/2023,"Expansion of SUNTEC CITY by M/s.The India Co-op Housing building society LTD located at village Palheri (H.B. No. 173), Tehsil-Kharar and village Raihmanpur (H.B. No.172), Tehsil-Majri, District-SAS Nagar, New Chandigarh, Punjab.",SUNTEC CITY BY M/S. THE INDIAN CO-OP HOUSE BUILDING SOCIETY LTD,Sahibzada Ajit Singh Nag*,Under Examination,2023-05-18T08:02:03.617+00:00,,436.68,466702.58,https://parivesh.nic.in/newupgrade/#/report/ec?proposalId=5428063
state,3,Punjab,top_land,2,,,IA/PB/IND2/441093/2023,Proposed Project for 5000 TCD Sugar Plant along with 33.65 MW Co-generation Power Plant and 120 KLPD Distillery/Ethanol Plant by The Gurdaspur Cooperative Sugar Mills Ltd.,THE GURDASPUR CO-OPERATIVE SUGAR MILLS LTD.,Gurdaspur,ToR Granted,2023-08-21T06:35:56.848+00:00,2023-09-28T16:38:49.480+00:00,66524.0,392545.0,https://parivesh.nic.in/newupgrade/#/report/ec?proposalId=8135726
state,3,Punjab,top_land,3,,,SIA/PB/INFRA2/416224/2023,ROYAL RESIDENCY DEVELOPED BY OMAXE LTD,ROYAL RESIDENCY BY OMAXE LIMITED,Ludhiana,TOR GRANTED,2023-01-29T05:42:23.586+00:00,,1.015,260481.0,https://parivesh.nic.in/newupgrade/#/report/ec?proposalId=2766152
state,3,Punjab,top_land,4,,,SIA/PB/INFRA2/434438/2023,ROYAL RESIDENCY DEVELOPED BY OMAXE LTD,ROYAL RESIDENCY BY OMAXE LIMITED,Ludhiana,EC Granted,2023-06-23T11:02:03.296+00:00,2023-09-28T17:04:35.127+00:00,1.015,260481.0,https://parivesh.nic.in/newupgrade/#/report/ec?proposalId=6314604
state,3,Punjab,top_land,5,,,SIA/PB/INFRA2/464206/2024,ROYAL RESIDENCY DEVELOPED BY OMAXE LTD,ROYAL RESIDENCY BY OMAXE LIMITED,Ludhiana,Standard ToR Granted,2024-02-27T06:28:47.859+00:00,2024-03-13T04:55:08.338+00:00,1.015,260481.0,https://parivesh.nic.in/newupgrade/#/report/ec?proposalId=49935548
state,3,Punjab,top_land,6,,,SIA/PB/INFRA2/466170/2024,ROYAL RESIDENCY DEVELOPED BY OMAXE LTD,ROYAL RESIDENCY BY OMAXE LIMITED,Ludhiana,EC Granted,2024-03-16T06:10:56.269+00:00,2024-05-20T05:56:25.432+00:00,1.015,260481.0,https://parivesh.nic.in/newupgrade/#/report/ec?proposalId=54038803
state,3,Punjab,top_land,7,,,SIA/PB/INFRA2/548845/2025,Residential Plotted Colony namely “Urbana Township” by M/s AGI Infra Ltd.,AGI INFRA LIMITED,Jalandhar,Proposal returned in present form,2025-08-21T07:50:28.481+00:00,,2230.0,87665.83,https://parivesh.nic.in/newupgrade/#/report/ec?proposalId=134446526
state,3,Punjab,top_land,8,,,FP/PB/OTHERS/586640/2026,JAWANDSONS PRIVATE LIMITED,KARANDEEP SINGH SAINI,Ludhiana,Pending at MS for Acceptance in PSC-I,2026-07-25T05:36:14.449+00:00,,28.0,58149.0,https://parivesh.nic.in/newupgrade/#/report/ec?proposalId=1236386549
state,3,Punjab,top_land,9,,,SIA/PB/INFRA2/435282/2023,MARBELLA ROYCE,GARG BUILDERS AND PROMOTERS LLP,Sahibzada Ajit Singh Nag*,TOR GRANTED,2023-07-01T04:59:46.832+00:00,,65800.0,32423.71,https://parivesh.nic.in/newupgrade/#/report/ec?proposalId=6472046
state,3,Punjab,top_land,10,,,SIA/PB/INFRA2/449597/2023,MARBELLA ROYCE,GARG BUILDERS AND PROMOTERS LLP,Sahibzada Ajit Singh Nag*,EC Granted,2023-10-19T14:35:10.752+00:00,2023-11-24T12:13:08.733+00:00,65800.0,32423.71,https://parivesh.nic.in/newupgrade/#/report/ec?proposalId=18118115
state,3,Punjab,recent_change,1,added,,FP/PB/ROAD/595057/2026,“M PLUS PLAZA THROUGH JAI PAUL MIDHA S/O SH. PIARA LAL MIDHA”,m plus estates llp,Jalandhar,Pending at DFO for Scrutiny and Recommendation,2026-10-10T03:53:07.298+00:00,,150.0,1.5301,https://parivesh.nic.in/newupgrade/#/report/ec?proposalId=1244840559
state,3,Punjab,recent_change,2,added,,SIA/PB/MIN/594972/2026,"Proposed Minor Mineral (Sand) Mining Project for obtaining  Terms of Reference (ToR) of Environmental Clearance, located near Village - Mau Tehsil - Phillaur, District Jalandhar, Punjab  with a lease area of 1.66 ha in favor of Shree Ganesh Mining Company  (LMS-95)",shree ganesh mining company,Jalandhar,Under Examination,2026-10-09T09:06:18.035+00:00,,133.6816,1.66,https://parivesh.nic.in/newupgrade/#/report/ec?proposalId=1244776550
state,4,Chandigarh,stat,,projects,42,,,,,,,,,,
state,4,Chandigarh,stat,,active_projects,29,,,,,,,,,,
state,4,Chandigarh,stat,,applications,29,,,,,,,,,,
state,4,Chandigarh,stat,,ec_granted,11,,,,,,,,,,
state,4,Chandigarh,stat,,ec_tor,3,,,,,,,,,,
state,4,Chandigarh,stat,,ec_pending,10,,,,,,,,,,
state,4,Chandigarh,stat,,ec_rejected,0,,,,,,,,,,
state,4,Chandigarh,stat,,ec_withdrawn,5,,,,,,,,,,
state,4,Chandigarh,stat,,pc_A,2,,,,,,,,,,
state,4,Chandigarh,stat,,pc_B1,3,,,,,,,,,,
state,4,Chandigarh,stat,,pc_B2,14,,,,,,,,,,
state,4,Chandigarh,stat,,pc_OTHER,10,,,,,,,,,,
state,4,Chandigarh,stat,,ty_ec,14,,,,,,,,,,
state,4,Chandigarh,stat,,ty_forest,8,,,,,,,,,,
state,4,Chandigarh,stat,,ty_wildlife,2,,,,,,,,,,
state,4,Chandigarh,stat,,ty_crz,0,,,,,,,,,,
state,4,Chandigarh,stat,,ty_other,5,,,,,,,,,,
state,4,Chandigarh,stat,,delisted_or_removed,13,,,,,,,,,,
state,4,Chandigarh,stat,,total_cost_lakhs,338323.18,,,,,,,,,,
state,4,Chandigarh,stat,,cost_outliers_excluded,0,,,,,,,,,,
state,4,Chandigarh,stat,,total_land_ha,335.1567,,,,,,,,,,
state,4,Chandigarh,stat,,latest_application,2026-10-09T05:50:36.588+00:00,,,,,,,,,,
state,4,Chandigarh,stat,,latest_grant,2026-07-24T13:57:14.784+00:00,,,,,,,,,,
state,4,Chandigarh,stat,,changes_added,1,,,,,,,,,,
state,4,Chandigarh,stat,,changes_removed,0,,,,,,,,,,
state,4,Chandigarh,stat,,changes_updated,5,,,,,,,,,,
state,4,Chandigarh,stat,,changes_status,0,,,,,,,,,,
state,4,Chandigarh,stat,,compared_with,2026-10-09T20:19:01Z,,,,,,,,,,
state,4,Chandigarh,stat,,changes_added_active,1,,,,,,,,,,
state,4,Chandigarh,stat,,changes_removed_active,0,,,,,,,,,,
state,4,Chandigarh,stat,,changes_updated_active,3,,,,,,,,,,
state,4,Chandigarh,stat,,changes_status_active,0,,,,,,,,,,
state,4,Chandigarh,stat,,window_added_active,2,,,,,,,,,,
state,4,Chandigarh,stat,,window_updated_active,9,,,,,,,,,,
state,4,Chandigarh,stat,,window_added,2,,,,,,,,,,
state,4,Chandigarh,stat,,window_updated,13,,,,,,,,,,
state,4,Chandigarh,stat,,window_since,2025-11-13T13:12:24+05:30,,,,,,,,,,
state,4,Chandigarh,status,,DELISTED_BY_SYSTEM,13,,,,,,,,,,
state,4,Chandigarh,status,,EC Granted,8,,,,,,,,,,
state,4,Chandigarh,status,,Proposal pulled back (withdrawn),3,,,,,,,,,,
state,4,Chandigarh,status,,(none),2,,,,,,,,,,
state,4,Chandigarh,status,,Final Diversion Order Issued,2,,,,,,,,,,
state,4,Chandigarh,status,,Pending at State Secretary for Recommendation,2,,,,,,,,,,
state,4,Chandigarh,status,,Pending at DFO for Scrutiny and Recommendation,2,,,,,,,,,,
state,4,Chandigarh,status,,Standard ToR Granted,2,,,,,,,,,,
state,4,Chandigarh,status,,ToR Granted,1,,,,,,,,,,
state,4,Chandigarh,status,,Withdrawal Request Accepted,1,,,,,,,,,,
state,4,Chandigarh,status,,GRANTED,1,,,,,,,,,,
state,4,Chandigarh,status,,Proposal returned in present form,1,,,,,,,,,,
state,4,Chandigarh,status,,Referred to SEAC,1,,,,,,,,,,
state,4,Chandigarh,status,,Pending at MS SEIAA,1,,,,,,,,,,
state,4,Chandigarh,status,,Under Verification,1,,,,,,,,,,
state,4,Chandigarh,status,,Pending at Technical Officer - RO,1,,,,,,,,,,
state,4,Chandigarh,applications_by_year,,2023,3,,,,,,,,,,
state,4,Chandigarh,applications_by_year,,2024,4,,,,,,,,,,
state,4,Chandigarh,applications_by_year,,2025,11,,,,,,,,,,
state,4,Chandigarh,applications_by_year,,2026,11,,,,,,,,,,
state,4,Chandigarh,year_granted,,2023,1,,,,,,,,,,
state,4,Chandigarh,year_granted,,2024,2,,,,,,,,,,
state,4,Chandigarh,year_granted,,2025,6,,,,,,,,,,
state,4,Chandigarh,year_granted,,2026,2,,,,,,,,,,
state,4,Chandigarh,year_tor,,2023,1,,,,,,,,,,
state,4,Chandigarh,year_tor,,2026,2,,,,,,,,,,
state,4,Chandigarh,year_pending,,2023,1,,,,,,,,,,
state,4,Chandigarh,year_pending,,2024,1,,,,,,,,,,
state,4,Chandigarh,year_pending,,2025,2,,,,,,,,,,
state,4,Chandigarh,year_pending,,2026,6,,,,,,,,,,
state,4,Chandigarh,year_withdrawn,,2024,1,,,,,,,,,,
state,4,Chandigarh,year_withdrawn,,2025,3,,,,,,,,,,
state,4,Chandigarh,year_withdrawn,,2026,1,,,,,,,,,,
state,4,Chandigarh,year_pc_A,,2023,1,,,,,,,,,,
state,4,Chandigarh,year_pc_A,,2025,1,,,,,,,,,,
state,4,Chandigarh,year_pc_B1,,2026,3,,,,,,,,,,
state,4,Chandigarh,year_pc_B2,,2023,1,,,,,,,,,,
state,4,Chandigarh,year_pc_B2,,2024,1,,,,,,,,,,
state,4,Chandigarh,year_pc_B2,,2025,8,,,,,,,,,,
state,4,Chandigarh,year_pc_B2,,2026,4,,,,,,,,,,
state,4,Chandigarh,year_pc_OTHER,,2023,1,,,,,,,,,,
state,4,Chandigarh,year_pc_OTHER,,2024,3,,,,,,,,,,
state,4,Chandigarh,year_pc_OTHER,,2025,2,,,,,,,,,,
state,4,Chandigarh,year_pc_OTHER,,2026,4,,,,,,,,,,
state,4,Chandigarh,cube,,2023|granted|B2|other,1,,,,,,,,,,
state,4,Chandigarh,cube,,2023|pending|OTHER|wildlife,1,,,,,,,,,,
state,4,Chandigarh,cube,,2023|tor|A|ec,1,,,,,,,,,,
state,4,Chandigarh,cube,,2024|granted|OTHER|forest,2,,,,,,,,,,
state,4,Chandigarh,cube,,2024|pending|OTHER|wildlife,1,,,,,,,,,,
state,4,Chandigarh,cube,,2024|withdrawn|B2|ec,1,,,,,,,,,,
state,4,Chandigarh,cube,,2025|granted|A|ec,1,,,,,,,,,,
state,4,Chandigarh,cube,,2025|granted|B2|ec,2,,,,,,,,,,
state,4,Chandigarh,cube,,2025|granted|B2|other,2,,,,,,,,,,
state,4,Chandigarh,cube,,2025|granted|OTHER|forest,1,,,,,,,,,,
state,4,Chandigarh,cube,,2025|pending|B2|ec,1,,,,,,,,,,
state,4,Chandigarh,cube,,2025|pending|OTHER|forest,1,,,,,,,,,,
state,4,Chandigarh,cube,,2025|withdrawn|B2|ec,3,,,,,,,,,,
state,4,Chandigarh,cube,,2026|granted|B2|ec,1,,,,,,,,,,
state,4,Chandigarh,cube,,2026|granted|B2|other,1,,,,,,,,,,
state,4,Chandigarh,cube,,2026|pending|B1|ec,1,,,,,,,,,,
state,4,Chandigarh,cube,,2026|pending|B2|ec,1,,,,,,,,,,
state,4,Chandigarh,cube,,2026|pending|OTHER|forest,4,,,,,,,,,,
state,4,Chandigarh,cube,,2026|tor|B1|ec,2,,,,,,,,,,
state,4,Chandigarh,cube,,2026|withdrawn|B2|other,1,,,,,,,,,,
state,4,Chandigarh,run,,run_status,ok,,,,,,,,,,
state,4,Chandigarh,run,,run_date,2026-10-10T05:52:28Z,,,,,,,,,,
state,4,Chandigarh,run,,run_url,https://github.com/publicmap/parivesh-dashboard/actions/runs/38027443840,,,,,,,,,,
state,4,Chandigarh,top_recent_ec,1,,,SIA/CH/INFRA2/527491/2026,Berkeley Square by M/s RSA motors pvt. ltd.,RSA MOTORS PRIVATE LIMITED,Chandigarh,EC Granted,2025-03-04T09:35:59.450+00:00,2026-07-24T13:57:14.784+00:00,1951.5,0.447,https://parivesh.nic.in/newupgrade/#/report/ec?proposalId=121561284
state,4,Chandigarh,top_recent_ec,2,,,SIA/CH/INFRA2/573706/2026,"Proposed 2nd Fruit, Vegetable and Grain Market at Sector 39, Chandigarh by State Agricultural Marketing Board, U.T. Chandigarh",Chandigarh State Agriculture Marketing Board,Chandigarh,EC Granted,2026-03-26T11:32:57.825+00:00,2026-07-24T13:42:36.584+00:00,23455.0,30.01,https://parivesh.nic.in/newupgrade/#/report/ec?proposalId=1222704895
state,4,Chandigarh,top_recent_ec,3,,,SIA/CH/INFRA2/547811/2025,"Proposed “New Model Jail” located at Sector 51 Adjoining Main Jail on campus ‘A’ land, Model Jail, Chandigarh by C.P. Division No. 6, U.T., Chandigarh",Ministry of Defense,Chandigarh,EC Granted,2025-08-12T04:48:51.418+00:00,2026-05-01T16:37:27.250+00:00,4422.0,12.14,https://parivesh.nic.in/newupgrade/#/report/ec?proposalId=133864867
state,4,Chandigarh,top_recent_ec,4,,,SIA/CH/INFRA2/574160/2026,Advanced Mother & Child Centre (Phase-I) By Post Graduate Institute of Medical Education & Research (PGIMER),POST GRADUATE INSTITUTE OF MEDICAL EDUCATION AND RESEARCH CHANDIGARH,Amritsar,EC Granted,2026-03-31T06:02:10.113+00:00,2026-04-27T12:23:01.709+00:00,30300.0,1.086,https://parivesh.nic.in/newupgrade/#/report/ec?proposalId=1223014739
state,4,Chandigarh,top_recent_ec,5,,,SIA/CH/INFRA2/455379/2023,BERKELEY SQUARE,RSA MOTORS PRIVATE LIMITED,Chandigarh,EC Granted,2023-12-13T07:18:17.437+00:00,2026-02-06T12:24:42.582+00:00,2000.0,0.447,https://parivesh.nic.in/newupgrade/#/report/ec?proposalId=31489848
state,4,Chandigarh,top_recent_ec,6,,,SIA/CH/INFRA2/561039/2025,"Advanced Neuroscience Centre located at Sector 12, Chandigarh by M/s Post Graduate Institute of Medical Education & Research (PGIMER)",POST GRADUATE INSTITUTE OF MEDICAL EDUCATION AND RESEARCH CHANDIGARH,Chandigarh,EC Granted,2025-12-08T11:56:18.896+00:00,2026-02-06T06:24:38.599+00:00,15.0,1.145,https://parivesh.nic.in/newupgrade/#/report/ec?proposalId=894872778
state,4,Chandigarh,top_recent_ec,7,,,SIA/CH/INFRA2/551190/2025,"Critical Care Block (CCB) by M/s Post Graduate Institute of Medical Education & Research (PGIMER) at PGIMER, Sector-12, Chandigarh",POST GRADUATE INSTITUTE OF MEDICAL EDUCATION AND RESEARCH CHANDIGARH,Chandigarh,EC Granted,2025-09-11T08:25:15.305+00:00,2025-12-24T10:41:12.068+00:00,24381.0,1.1791,https://parivesh.nic.in/newupgrade/#/report/ec?proposalId=136087189
state,4,Chandigarh,top_recent_ec,8,,,IA/CH/INFRA2/518478/2025,"Integrated Solid Waste Management System at Dadu Majra, Chandigarh",MUNICIPAL CORPORATION CHANDIGARH,Chandigarh,EC Granted,2025-01-14T09:24:12.581+00:00,2025-02-21T04:35:24.002+00:00,40000.0,18.255,https://parivesh.nic.in/newupgrade/#/report/ec?proposalId=117505902
state,4,Chandigarh,top_recent_ec,9,,,FP/CH/ROAD/501286/2024,Proposal for diversion of forest land i.e. 0.2159 Ha adjoining to rock garden at Pb. & Hry high court,CONSTRUCTION CIRCLE 2 UT CHANDIGARH,Chandigarh,Final Diversion Order Issued,2024-10-16T09:18:53.615+00:00,2025-01-16T11:56:27.622+00:00,20.0,0.2159,https://parivesh.nic.in/newupgrade/#/report/ec?proposalId=109732843
state,4,Chandigarh,top_recent_ec,10,,,FP/CH/ROAD/496616/2024,Diversion of Forest Land i.e. 0.0272 ha for Widening of Road adjoining to the the rock garden and Punjab & Haryana High Court.,CONSTRUCTION CIRCLE 2 UT CHANDIGARH,Chandigarh,Final Diversion Order Issued,2024-09-13T12:49:33.258+00:00,2025-01-16T09:12:15.983+00:00,3.0,0.0272,https://parivesh.nic.in/newupgrade/#/report/ec?proposalId=102345279
state,4,Chandigarh,top_cost,1,,,SIA/CH/INFRA2/539539/2025,Sheraton Chandigarh Hotel,JOY HOTEL AND RESORTS PRIVATE LIMITED,Chandigarh,Referred to SEAC,2025-05-29T06:23:55.404+00:00,,45521.0,0.8941,https://parivesh.nic.in/newupgrade/#/report/ec?proposalId=128423873
state,4,Chandigarh,top_cost,2,,,IA/CH/INFRA2/440842/2023,"Integrated Solid Waste Management System at Dadu Majra, Chandigarh",MUNICIPAL CORPORATION CHANDIGARH,Chandigarh,ToR Granted,2023-08-18T10:55:14.760+00:00,2023-12-21T11:47:52.083+00:00,40000.0,18.255,https://parivesh.nic.in/newupgrade/#/report/ec?proposalId=8080993
state,4,Chandigarh,top_cost,3,,,IA/CH/INFRA2/518478/2025,"Integrated Solid Waste Management System at Dadu Majra, Chandigarh",MUNICIPAL CORPORATION CHANDIGARH,Chandigarh,EC Granted,2025-01-14T09:24:12.581+00:00,2025-02-21T04:35:24.002+00:00,40000.0,18.255,https://parivesh.nic.in/newupgrade/#/report/ec?proposalId=117505902
state,4,Chandigarh,top_cost,4,,,SIA/CH/INFRA2/574160/2026,Advanced Mother & Child Centre (Phase-I) By Post Graduate Institute of Medical Education & Research (PGIMER),POST GRADUATE INSTITUTE OF MEDICAL EDUCATION AND RESEARCH CHANDIGARH,Amritsar,EC Granted,2026-03-31T06:02:10.113+00:00,2026-04-27T12:23:01.709+00:00,30300.0,1.086,https://parivesh.nic.in/newupgrade/#/report/ec?proposalId=1223014739
state,4,Chandigarh,top_cost,5,,,IA/CH/IND1/529298/2026,"Cold rolling steel manufacturing unit at Plot No.71, Industrial area, Phase-I, Chandigarh by M/s Bhushan Power and Steel Limited",BHUSHAN POWER & STEEL LIMITED,Chandigarh,Proposal returned in present form,2025-03-13T07:13:41.985+00:00,,24505.0,1.64,https://parivesh.nic.in/newupgrade/#/report/ec?proposalId=122351530
state,4,Chandigarh,top_cost,6,,,SIA/CH/INFRA2/508510/2024,"Critical Care Block (CCB) by M/s Post Graduate Institute of Medical Education & Research (PGIMER) at PGIMER, Sector-12, Chandigarh.",POST GRADUATE INSTITUTE OF MEDICAL EDUCATION AND RESEARCH CHANDIGARH,Chandigarh,Withdrawal Request Accepted,2024-11-27T06:49:26.431+00:00,2025-04-03T09:03:17.533+00:00,24381.0,1.0454,https://parivesh.nic.in/newupgrade/#/report/ec?proposalId=112592624
state,4,Chandigarh,top_cost,7,,,SIA/CH/INFRA2/532754/2025,"Critical Care Block (CCB) by M/s Post Graduate Institute of Medical Education & Research (PGIMER) at PGIMER, Sector-12, Chandigarh.",POST GRADUATE INSTITUTE OF MEDICAL EDUCATION AND RESEARCH CHANDIGARH,Chandigarh,Proposal pulled back (withdrawn),2025-04-04T04:20:01.651+00:00,,24381.0,1.0454,https://parivesh.nic.in/newupgrade/#/report/ec?proposalId=124200333
state,4,Chandigarh,top_cost,8,,,SIA/CH/INFRA2/533735/2025,"Critical Care Block (CCB) by M/s Post Graduate Institute of Medical Education & Research (PGIMER) at PGIMER, Sector-12, Chandigarh.",POST GRADUATE INSTITUTE OF MEDICAL EDUCATION AND RESEARCH CHANDIGARH,Chandigarh,Proposal pulled back (withdrawn),2025-04-11T10:23:06.246+00:00,,24381.0,1.0454,https://parivesh.nic.in/newupgrade/#/report/ec?proposalId=124709521
state,4,Chandigarh,top_cost,9,,,SIA/CH/INFRA2/551190/2025,"Critical Care Block (CCB) by M/s Post Graduate Institute of Medical Education & Research (PGIMER) at PGIMER, Sector-12, Chandigarh",POST GRADUATE INSTITUTE OF MEDICAL EDUCATION AND RESEARCH CHANDIGARH,Chandigarh,EC Granted,2025-09-11T08:25:15.305+00:00,2025-12-24T10:41:12.068+00:00,24381.0,1.1791,https://parivesh.nic.in/newupgrade/#/report/ec?proposalId=136087189
state,4,Chandigarh,top_cost,10,,,SIA/CH/INFRA2/573706/2026,"Proposed 2nd Fruit, Vegetable and Grain Market at Sector 39, Chandigarh by State Agricultural Marketing Board, U.T. Chandigarh",Chandigarh State Agriculture Marketing Board,Chandigarh,EC Granted,2026-03-26T11:32:57.825+00:00,2026-07-24T13:42:36.584+00:00,23455.0,30.01,https://parivesh.nic.in/newupgrade/#/report/ec?proposalId=1222704895
state,4,Chandigarh,top_land,1,,,WL/CH/SRY/452149/2023,PCL Gateway,INNOVATIVE HOUSING AND INFRASTRUCTURE PRIVATE LIMITED,Sahibzada Ajit Singh Nag*,,2023-11-11T17:12:03.331+00:00,,14326.9855,155.9,https://parivesh.nic.in/newupgrade/#/report/ec?proposalId=23513222
state,4,Chandigarh,top_land,2,,,SIA/CH/INFRA2/573416/2026,Bulk Material Market by Estate Office Chandigarh,Estate Office,Chandigarh,Standard ToR Granted,2026-03-24T08:16:12.278+00:00,2026-04-06T12:07:49.877+00:00,2226.0,33.18,https://parivesh.nic.in/newupgrade/#/report/ec?proposalId=1222487313
state,4,Chandigarh,top_land,3,,,SIA/CH/INFRA2/576040/2026,Bulk Material Market by Estate Office Chandigarh,Estate Office,Chandigarh,Pending at MS SEIAA,2026-04-17T08:15:10.700+00:00,,2226.0,33.18,https://parivesh.nic.in/newupgrade/#/report/ec?proposalId=1224603721
state,4,Chandigarh,top_land,4,,,SIA/CH/INFRA2/573706/2026,"Proposed 2nd Fruit, Vegetable and Grain Market at Sector 39, Chandigarh by State Agricultural Marketing Board, U.T. Chandigarh",Chandigarh State Agriculture Marketing Board,Chandigarh,EC Granted,2026-03-26T11:32:57.825+00:00,2026-07-24T13:42:36.584+00:00,23455.0,30.01,https://parivesh.nic.in/newupgrade/#/report/ec?proposalId=1222704895
state,4,Chandigarh,top_land,5,,,SIA/CH/INFRA2/591342/2026,"Indo-Tibetan Border Police (ITBP), Behlana Camp, Chandigarh","Indo Tibetan Border Police, Ministry of Home Affairs",Chandigarh,Under Verification,2026-09-07T04:53:23.263+00:00,,52.033,20.5135,https://parivesh.nic.in/newupgrade/#/report/ec?proposalId=1240302960
state,4,Chandigarh,top_land,6,,,IA/CH/INFRA2/440842/2023,"Integrated Solid Waste Management System at Dadu Majra, Chandigarh",MUNICIPAL CORPORATION CHANDIGARH,Chandigarh,ToR Granted,2023-08-18T10:55:14.760+00:00,2023-12-21T11:47:52.083+00:00,40000.0,18.255,https://parivesh.nic.in/newupgrade/#/report/ec?proposalId=8080993
state,4,Chandigarh,top_land,7,,,IA/CH/INFRA2/518478/2025,"Integrated Solid Waste Management System at Dadu Majra, Chandigarh",MUNICIPAL CORPORATION CHANDIGARH,Chandigarh,EC Granted,2025-01-14T09:24:12.581+00:00,2025-02-21T04:35:24.002+00:00,40000.0,18.255,https://parivesh.nic.in/newupgrade/#/report/ec?proposalId=117505902
state,4,Chandigarh,top_land,8,,,SIA/CH/INFRA2/547811/2025,"Proposed “New Model Jail” located at Sector 51 Adjoining Main Jail on campus ‘A’ land, Model Jail, Chandigarh by C.P. Division No. 6, U.T., Chandigarh",Ministry of Defense,Chandigarh,EC Granted,2025-08-12T04:48:51.418+00:00,2026-05-01T16:37:27.250+00:00,4422.0,12.14,https://parivesh.nic.in/newupgrade/#/report/ec?proposalId=133864867
state,4,Chandigarh,top_land,9,,,IA/CH/IND1/529298/2026,"Cold rolling steel manufacturing unit at Plot No.71, Industrial area, Phase-I, Chandigarh by M/s Bhushan Power and Steel Limited",BHUSHAN POWER & STEEL LIMITED,Chandigarh,Proposal returned in present form,2025-03-13T07:13:41.985+00:00,,24505.0,1.64,https://parivesh.nic.in/newupgrade/#/report/ec?proposalId=122351530
state,4,Chandigarh,top_land,10,,,SIA/CH/INFRA2/551190/2025,"Critical Care Block (CCB) by M/s Post Graduate Institute of Medical Education & Research (PGIMER) at PGIMER, Sector-12, Chandigarh",POST GRADUATE INSTITUTE OF MEDICAL EDUCATION AND RESEARCH CHANDIGARH,Chandigarh,EC Granted,2025-09-11T08:25:15.305+00:00,2025-12-24T10:41:12.068+00:00,24381.0,1.1791,https://parivesh.nic.in/newupgrade/#/report/ec?proposalId=136087189
state,4,Chandigarh,recent_change,1,added,,FP/CH/OTHERS/594924/2026,"Development of City Forest at Sukhna Choe Reserve Forest area, Chandigarh.","Department of Forests and Wildlife, UT Chandigarh",Chandigarh,Pending at DFO for Scrutiny and Recommendation,2026-10-09T05:50:36.588+00:00,,1331.5924,0.42,https://parivesh.nic.in/newupgrade/#/report/ec?proposalId=1244746983
state,5,Uttarakhand,stat,,projects,2267,,,,,,,,,,
state,5,Uttarakhand,stat,,active_projects,1745,,,,,,,,,,
state,5,Uttarakhand,stat,,applications,1745,,,,,,,,,,
state,5,Uttarakhand,stat,,ec_granted,607,,,,,,,,,,
state,5,Uttarakhand,stat,,ec_tor,155,,,,,,,,,,
state,5,Uttarakhand,stat,,ec_pending,917,,,,,,,,,,
state,5,Uttarakhand,stat,,ec_rejected,11,,,,,,,,,,
state,5,Uttarakhand,stat,,ec_withdrawn,55,,,,,,,,,,
state,5,Uttarakhand,stat,,pc_A,27,,,,,,,,,,
state,5,Uttarakhand,stat,,pc_B1,305,,,,,,,,,,
state,5,Uttarakhand,stat,,pc_B2,502,,,,,,,,,,
state,5,Uttarakhand,stat,,pc_OTHER,911,,,,,,,,,,
state,5,Uttarakhand,stat,,ty_ec,808,,,,,,,,,,
state,5,Uttarakhand,stat,,ty_forest,682,,,,,,,,,,
state,5,Uttarakhand,stat,,ty_wildlife,211,,,,,,,,,,
state,5,Uttarakhand,stat,,ty_crz,0,,,,,,,,,,
state,5,Uttarakhand,stat,,ty_other,44,,,,,,,,,,
state,5,Uttarakhand,stat,,delisted_or_removed,522,,,,,,,,,,
state,5,Uttarakhand,stat,,total_cost_lakhs,4740304.59,,,,,,,,,,
state,5,Uttarakhand,stat,,cost_outliers_excluded,11,,,,,,,,,,
state,5,Uttarakhand,stat,,total_land_ha,222142.8348,,,,,,,,,,
state,5,Uttarakhand,stat,,latest_application,2026-10-09T08:52:01.541+00:00,,,,,,,,,,
state,5,Uttarakhand,stat,,latest_grant,2026-09-22T10:08:11.687+00:00,,,,,,,,,,
state,5,Uttarakhand,stat,,changes_added,2,,,,,,,,,,
state,5,Uttarakhand,stat,,changes_removed,0,,,,,,,,,,
state,5,Uttarakhand,stat,,changes_updated,222,,,,,,,,,,
state,5,Uttarakhand,stat,,changes_status,0,,,,,,,,,,
state,5,Uttarakhand,stat,,compared_with,2026-10-09T20:19:01Z,,,,,,,,,,
state,5,Uttarakhand,stat,,changes_added_active,2,,,,,,,,,,
state,5,Uttarakhand,stat,,changes_removed_active,0,,,,,,,,,,
state,5,Uttarakhand,stat,,changes_updated_active,169,,,,,,,,,,
state,5,Uttarakhand,stat,,changes_status_active,0,,,,,,,,,,
state,5,Uttarakhand,stat,,window_added_active,58,,,,,,,,,,
state,5,Uttarakhand,stat,,window_updated_active,140,,,,,,,,,,
state,5,Uttarakhand,stat,,window_added,58,,,,,,,,,,
state,5,Uttarakhand,stat,,window_updated,193,,,,,,,,,,
state,5,Uttarakhand,stat,,window_since,2026-10-01T03:52:08Z,,,,,,,,,,
state,5,Uttarakhand,status,,EC Granted,560,,,,,,,,,,
state,5,Uttarakhand,status,,DELISTED_BY_SYSTEM,504,,,,,,,,,,
state,5,Uttarakhand,status,,(none),220,,,,,,,,,,
state,5,Uttarakhand,status,,Pending at DFO for Scrutiny and Recommendation,125,,,,,,,,,,
state,5,Uttarakhand,status,,Pending at DFO due to EDS by Nodal Officer,101,,,,,,,,,,
state,5,Uttarakhand,status,,ToR Granted,85,,,,,,,,,,
state,5,Uttarakhand,status,,TOR Granted,63,,,,,,,,,,
state,5,Uttarakhand,status,,Pending at UA due to EDS by DFO,47,,,,,,,,,,
state,5,Uttarakhand,status,,Final Diversion Order Issued,46,,,,,,,,,,
state,5,Uttarakhand,status,,Under Verification with SCEIA,40,,,,,,,,,,
state,5,Uttarakhand,status,,Pending at PP due to EDS by DFO,38,,,,,,,,,,
state,5,Uttarakhand,status,,Pending at Nodal Officer for Recommendation,38,,,,,,,,,,
state,5,Uttarakhand,status,,Pending on UA for Compensatory Levies Payment,37,,,,,,,,,,
state,5,Uttarakhand,status,,Pending at DFO due to Query by Nodal Officer,28,,,,,,,,,,
state,5,Uttarakhand,status,,Proposal returned in present form,28,,,,,,,,,,
state,5,Uttarakhand,status,,Pending at Nodal Officer due to EDS by State Secretary,20,,,,,,,,,,
state,5,Uttarakhand,status,,Pending at UA for Compensatory Levies Payment and Compliance Report,18,,,,,,,,,,
state,5,Uttarakhand,status,,REMOVED,18,,,,,,,,,,
state,5,Uttarakhand,status,,Pending at UA for DFO EDS Reply,17,,,,,,,,,,
state,5,Uttarakhand,status,,Pending at DFO/CF/Nodal Officer after acceptance in PSC-I,15,,,,,,,,,,
state,5,Uttarakhand,status,,Withdrawal Request Accepted,15,,,,,,,,,,
state,5,Uttarakhand,status,,Pending at UA due to EDS by MS after PSC-I,14,,,,,,,,,,
state,5,Uttarakhand,status,,Pending at State Secretary for Recommendation,14,,,,,,,,,,
state,5,Uttarakhand,status,,Pending at UA for Compliance Report,13,,,,,,,,,,
state,5,Uttarakhand,status,,Pending at State Government for Diversion Letter,11,,,,,,,,,,
state,5,Uttarakhand,status,,EDS raised,11,,,,,,,,,,
state,5,Uttarakhand,status,,REJECTED,10,,,,,,,,,,
state,5,Uttarakhand,status,,Pending at DFO due to Query by State Secretary,10,,,,,,,,,,
state,5,Uttarakhand,status,,Under Examination with SCEIA,10,,,,,,,,,,
state,5,Uttarakhand,status,,Proposal pulled back (withdrawn),9,,,,,,,,,,
state,5,Uttarakhand,status,,Pending at Nodal for Compensatory Levies Review,8,,,,,,,,,,
state,5,Uttarakhand,status,,Pending at Nodal Officer for Compliance Review,8,,,,,,,,,,
state,5,Uttarakhand,status,,Pending at Technical Officer - IRO,8,,,,,,,,,,
state,5,Uttarakhand,status,,Pending at MS for Acceptance in PSC-I,8,,,,,,,,,,
state,5,Uttarakhand,status,,Standard ToR Granted,7,,,,,,,,,,
state,5,Uttarakhand,status,,Under Examination,7,,,,,,,,,,
state,5,Uttarakhand,status,,Pending at UA due to Delisting by Authority,5,,,,,,,,,,
state,5,Uttarakhand,status,,Pending at DFO for Compensatory Levies,4,,,,,,,,,,
state,5,Uttarakhand,status,,Pending at Nodal Officer due to EDS by SS,4,,,,,,,,,,
state,5,Uttarakhand,status,,Pending at PP due to EDS by Nodal Officer,4,,,,,,,,,,
state,5,Uttarakhand,status,,Pending at DFO For Compliance Review,4,,,,,,,,,,
state,5,Uttarakhand,status,,Pending at Nodal Officer due to Query by State Secretary,4,,,,,,,,,,
state,5,Uttarakhand,status,,Proposal Withdrawal Request Accepted,3,,,,,,,,,,
state,5,Uttarakhand,status,,Pending at Technical Officer - RO,3,,,,,,,,,,
state,5,Uttarakhand,status,,Pending at State Secretary due to EDS by RO,2,,,,,,,,,,
state,5,Uttarakhand,status,,Pending at Nodal Officer for Recommendation after PSC-II,2,,,,,,,,,,
state,5,Uttarakhand,status,,Pending at State Secretary for Recommendation after PSC-II,2,,,,,,,,,,
state,5,Uttarakhand,status,,ADS Raised,2,,,,,,,,,,
state,5,Uttarakhand,status,,Pending at State Government For Recommendation,1,,,,,,,,,,
state,5,Uttarakhand,status,,Pending at DC due to Query by Nodal Officer,1,,,,,,,,,,
state,5,Uttarakhand,status,,Pending at DFO/CF after acceptance in PSC-I,1,,,,,,,,,,
state,5,Uttarakhand,status,,Revoked,1,,,,,,,,,,
state,5,Uttarakhand,status,,Granted,1,,,,,,,,,,
state,5,Uttarakhand,status,,Scheduled for PSC,1,,,,,,,,,,
state,5,Uttarakhand,status,,Pending at MS for Recommendation in PSC-II,1,,,,,,,,,,
state,5,Uttarakhand,status,,Pending at Nodal Officer for Compensatory Levies Review,1,,,,,,,,,,
state,5,Uttarakhand,status,,Pending at MS with SAEIA,1,,,,,,,,,,
state,5,Uttarakhand,status,,"Pending at State Secretary due to EDS by MoEFCC, HQ for Compliance",1,,,,,,,,,,
state,5,Uttarakhand,status,,Pending at State Secretary for Compliance Review,1,,,,,,,,,,
state,5,Uttarakhand,status,,Pending at SS for Diversion Letter,1,,,,,,,,,,
state,5,Uttarakhand,status,,Pending at RO Head,1,,,,,,,,,,
state,5,Uttarakhand,status,,Pending at State Government  for Diversion,1,,,,,,,,,,
state,5,Uttarakhand,status,,Pending at State Secretary for Recommendation and Approval Letter,1,,,,,,,,,,
state,5,Uttarakhand,status,,Forwarded to DD,1,,,,,,,,,,
state,5,Uttarakhand,status,,Pending at UA due to EDS raised by DFO,1,,,,,,,,,,
state,5,Uttarakhand,applications_by_year,,2022,56,,,,,,,,,,
state,5,Uttarakhand,applications_by_year,,2023,377,,,,,,,,,,
state,5,Uttarakhand,applications_by_year,,2024,533,,,,,,,,,,
state,5,Uttarakhand,applications_by_year,,2025,521,,,,,,,,,,
state,5,Uttarakhand,applications_by_year,,2026,258,,,,,,,,,,
state,5,Uttarakhand,year_granted,,2022,18,,,,,,,,,,
state,5,Uttarakhand,year_granted,,2023,145,,,,,,,,,,
state,5,Uttarakhand,year_granted,,2024,254,,,,,,,,,,
state,5,Uttarakhand,year_granted,,2025,189,,,,,,,,,,
state,5,Uttarakhand,year_granted,,2026,1,,,,,,,,,,
state,5,Uttarakhand,year_tor,,2022,20,,,,,,,,,,
state,5,Uttarakhand,year_tor,,2023,51,,,,,,,,,,
state,5,Uttarakhand,year_tor,,2024,44,,,,,,,,,,
state,5,Uttarakhand,year_tor,,2025,38,,,,,,,,,,
state,5,Uttarakhand,year_tor,,2026,2,,,,,,,,,,
state,5,Uttarakhand,year_pending,,2022,17,,,,,,,,,,
state,5,Uttarakhand,year_pending,,2023,170,,,,,,,,,,
state,5,Uttarakhand,year_pending,,2024,215,,,,,,,,,,
state,5,Uttarakhand,year_pending,,2025,261,,,,,,,,,,
state,5,Uttarakhand,year_pending,,2026,254,,,,,,,,,,
state,5,Uttarakhand,year_rejected,,2022,1,,,,,,,,,,
state,5,Uttarakhand,year_rejected,,2023,5,,,,,,,,,,
state,5,Uttarakhand,year_rejected,,2024,4,,,,,,,,,,
state,5,Uttarakhand,year_rejected,,2025,1,,,,,,,,,,
state,5,Uttarakhand,year_withdrawn,,2023,6,,,,,,,,,,
state,5,Uttarakhand,year_withdrawn,,2024,16,,,,,,,,,,
state,5,Uttarakhand,year_withdrawn,,2025,32,,,,,,,,,,
state,5,Uttarakhand,year_withdrawn,,2026,1,,,,,,,,,,
state,5,Uttarakhand,year_pc_A,,2023,8,,,,,,,,,,
state,5,Uttarakhand,year_pc_A,,2024,8,,,,,,,,,,
state,5,Uttarakhand,year_pc_A,,2025,4,,,,,,,,,,
state,5,Uttarakhand,year_pc_A,,2026,7,,,,,,,,,,
state,5,Uttarakhand,year_pc_B1,,2022,27,,,,,,,,,,
state,5,Uttarakhand,year_pc_B1,,2023,82,,,,,,,,,,
state,5,Uttarakhand,year_pc_B1,,2024,89,,,,,,,,,,
state,5,Uttarakhand,year_pc_B1,,2025,79,,,,,,,,,,
state,5,Uttarakhand,year_pc_B1,,2026,28,,,,,,,,,,
state,5,Uttarakhand,year_pc_B2,,2022,6,,,,,,,,,,
state,5,Uttarakhand,year_pc_B2,,2023,95,,,,,,,,,,
state,5,Uttarakhand,year_pc_B2,,2024,202,,,,,,,,,,
state,5,Uttarakhand,year_pc_B2,,2025,179,,,,,,,,,,
state,5,Uttarakhand,year_pc_B2,,2026,20,,,,,,,,,,
state,5,Uttarakhand,year_pc_OTHER,,2022,23,,,,,,,,,,
state,5,Uttarakhand,year_pc_OTHER,,2023,192,,,,,,,,,,
state,5,Uttarakhand,year_pc_OTHER,,2024,234,,,,,,,,,,
state,5,Uttarakhand,year_pc_OTHER,,2025,259,,,,,,,,,,
state,5,Uttarakhand,year_pc_OTHER,,2026,203,,,,,,,,,,
state,5,Uttarakhand,cube,,2022|granted|B1|ec,7,,,,,,,,,,
state,5,Uttarakhand,cube,,2022|granted|B2|ec,6,,,,,,,,,,
state,5,Uttarakhand,cube,,2022|granted|OTHER|forest,5,,,,,,,,,,
state,5,Uttarakhand,cube,,2022|pending|OTHER|forest,14,,,,,,,,,,
state,5,Uttarakhand,cube,,2022|pending|OTHER|wildlife,3,,,,,,,,,,
state,5,Uttarakhand,cube,,2022|rejected|OTHER|forest,1,,,,,,,,,,
state,5,Uttarakhand,cube,,2022|tor|B1|ec,20,,,,,,,,,,
state,5,Uttarakhand,cube,,2023|granted|A|ec,2,,,,,,,,,,
state,5,Uttarakhand,cube,,2023|granted|B1|ec,34,,,,,,,,,,
state,5,Uttarakhand,cube,,2023|granted|B2|ec,84,,,,,,,,,,
state,5,Uttarakhand,cube,,2023|granted|B2|other,1,,,,,,,,,,
state,5,Uttarakhand,cube,,2023|granted|OTHER|forest,24,,,,,,,,,,
state,5,Uttarakhand,cube,,2023|pending|B1|ec,3,,,,,,,,,,
state,5,Uttarakhand,cube,,2023|pending|B2|ec,5,,,,,,,,,,
state,5,Uttarakhand,cube,,2023|pending|OTHER|forest,118,,,,,,,,,,
state,5,Uttarakhand,cube,,2023|pending|OTHER|other,3,,,,,,,,,,
state,5,Uttarakhand,cube,,2023|pending|OTHER|wildlife,41,,,,,,,,,,
state,5,Uttarakhand,cube,,2023|rejected|OTHER|forest,5,,,,,,,,,,
state,5,Uttarakhand,cube,,2023|tor|A|ec,6,,,,,,,,,,
state,5,Uttarakhand,cube,,2023|tor|B1|ec,43,,,,,,,,,,
state,5,Uttarakhand,cube,,2023|tor|B2|ec,2,,,,,,,,,,
state,5,Uttarakhand,cube,,2023|withdrawn|B1|ec,2,,,,,,,,,,
state,5,Uttarakhand,cube,,2023|withdrawn|B2|ec,3,,,,,,,,,,
state,5,Uttarakhand,cube,,2023|withdrawn|OTHER|other,1,,,,,,,,,,
state,5,Uttarakhand,cube,,2024|granted|A|ec,4,,,,,,,,,,
state,5,Uttarakhand,cube,,2024|granted|A|other,1,,,,,,,,,,
state,5,Uttarakhand,cube,,2024|granted|B1|ec,42,,,,,,,,,,
state,5,Uttarakhand,cube,,2024|granted|B1|other,2,,,,,,,,,,
state,5,Uttarakhand,cube,,2024|granted|B2|ec,188,,,,,,,,,,
state,5,Uttarakhand,cube,,2024|granted|B2|other,2,,,,,,,,,,
state,5,Uttarakhand,cube,,2024|granted|OTHER|forest,14,,,,,,,,,,
state,5,Uttarakhand,cube,,2024|granted|OTHER|other,1,,,,,,,,,,
state,5,Uttarakhand,cube,,2024|pending|B2|ec,1,,,,,,,,,,
state,5,Uttarakhand,cube,,2024|pending|OTHER|forest,156,,,,,,,,,,
state,5,Uttarakhand,cube,,2024|pending|OTHER|other,2,,,,,,,,,,
state,5,Uttarakhand,cube,,2024|pending|OTHER|wildlife,56,,,,,,,,,,
state,5,Uttarakhand,cube,,2024|rejected|OTHER|forest,4,,,,,,,,,,
state,5,Uttarakhand,cube,,2024|tor|A|ec,3,,,,,,,,,,
state,5,Uttarakhand,cube,,2024|tor|B1|ec,41,,,,,,,,,,
state,5,Uttarakhand,cube,,2024|withdrawn|B1|ec,4,,,,,,,,,,
state,5,Uttarakhand,cube,,2024|withdrawn|B2|ec,10,,,,,,,,,,
state,5,Uttarakhand,cube,,2024|withdrawn|B2|other,1,,,,,,,,,,
state,5,Uttarakhand,cube,,2024|withdrawn|OTHER|other,1,,,,,,,,,,
state,5,Uttarakhand,cube,,2025|granted|A|ec,2,,,,,,,,,,
state,5,Uttarakhand,cube,,2025|granted|B1|ec,34,,,,,,,,,,
state,5,Uttarakhand,cube,,2025|granted|B1|other,1,,,,,,,,,,
state,5,Uttarakhand,cube,,2025|granted|B2|ec,138,,,,,,,,,,
state,5,Uttarakhand,cube,,2025|granted|B2|other,8,,,,,,,,,,
state,5,Uttarakhand,cube,,2025|granted|OTHER|forest,3,,,,,,,,,,
state,5,Uttarakhand,cube,,2025|granted|OTHER|other,3,,,,,,,,,,
state,5,Uttarakhand,cube,,2025|pending|B1|other,3,,,,,,,,,,
state,5,Uttarakhand,cube,,2025|pending|B2|ec,4,,,,,,,,,,
state,5,Uttarakhand,cube,,2025|pending|B2|other,2,,,,,,,,,,
state,5,Uttarakhand,cube,,2025|pending|OTHER|forest,161,,,,,,,,,,
state,5,Uttarakhand,cube,,2025|pending|OTHER|other,4,,,,,,,,,,
state,5,Uttarakhand,cube,,2025|pending|OTHER|wildlife,87,,,,,,,,,,
state,5,Uttarakhand,cube,,2025|rejected|OTHER|forest,1,,,,,,,,,,
state,5,Uttarakhand,cube,,2025|tor|A|ec,1,,,,,,,,,,
state,5,Uttarakhand,cube,,2025|tor|B1|ec,36,,,,,,,,,,
state,5,Uttarakhand,cube,,2025|tor|B1|other,1,,,,,,,,,,
state,5,Uttarakhand,cube,,2025|withdrawn|A|other,1,,,,,,,,,,
state,5,Uttarakhand,cube,,2025|withdrawn|B1|ec,4,,,,,,,,,,
state,5,Uttarakhand,cube,,2025|withdrawn|B2|ec,27,,,,,,,,,,
state,5,Uttarakhand,cube,,2026|granted|B1|ec,1,,,,,,,,,,
state,5,Uttarakhand,cube,,2026|pending|A|ec,2,,,,,,,,,,
state,5,Uttarakhand,cube,,2026|pending|A|other,2,,,,,,,,,,
state,5,Uttarakhand,cube,,2026|pending|B1|ec,26,,,,,,,,,,
state,5,Uttarakhand,cube,,2026|pending|B1|other,1,,,,,,,,,,
state,5,Uttarakhand,cube,,2026|pending|B2|ec,20,,,,,,,,,,
state,5,Uttarakhand,cube,,2026|pending|OTHER|forest,176,,,,,,,,,,
state,5,Uttarakhand,cube,,2026|pending|OTHER|other,3,,,,,,,,,,
state,5,Uttarakhand,cube,,2026|pending|OTHER|wildlife,24,,,,,,,,,,
state,5,Uttarakhand,cube,,2026|tor|A|ec,2,,,,,,,,,,
state,5,Uttarakhand,cube,,2026|withdrawn|A|ec,1,,,,,,,,,,
state,5,Uttarakhand,run,,run_status,ok,,,,,,,,,,
state,5,Uttarakhand,run,,run_date,2026-10-10T05:52:28Z,,,,,,,,,,
state,5,Uttarakhand,run,,run_url,https://github.com/publicmap/parivesh-dashboard/actions/runs/38027443840,,,,,,,,,,
state,5,Uttarakhand,top_recent_ec,1,,,FP/UK/RAIL/544073/2025,Diversion of 4.002 Hectare Civil Soyam & Van Panchayat Land for Use of Dumping Yard in connection with 126 KM Rishikesh - Karnaprayag New BG Rail in the State of Uttarakhand,CPM RISHIKESH OFFICE RAIL VIKAS NIGAM LIMITED,Chamoli,Final Diversion Order Issued,2025-07-07T14:46:25.880+00:00,2026-09-22T10:08:11.687+00:00,4.2968,0.0,https://parivesh.nic.in/newupgrade/#/report/ec?proposalId=131672908
state,5,Uttarakhand,top_recent_ec,2,,,FP/UK/ROAD/437619/2023,Construction of  Laluri Ghiyakoti Kyarda ki Challi Mising Link Motor Road,PUBLIC WORK DEPARTMENT,Tehri Garhwal,Final Diversion Order Issued,2023-07-21T09:51:18.337+00:00,2026-09-15T06:57:06.722+00:00,54.34,4.1065,https://parivesh.nic.in/newupgrade/#/report/ec?proposalId=6995945
state,5,Uttarakhand,top_recent_ec,3,,,FP/UK/WATER/453312/2023,Gumaniwala Water Supply Scheme Under Jal Jeevan Mission Programme,Payjal Vibhag Department,Dehradun,Final Diversion Order Issued,2023-11-24T17:12:18.970+00:00,2026-09-10T11:17:57.011+00:00,430.08,0.04,https://parivesh.nic.in/newupgrade/#/report/ec?proposalId=26629999
state,5,Uttarakhand,top_recent_ec,4,,,FP/UK/WATER/469293/2024,"Transfer of 0.1166 hectares of forest land to Uttarakhand Jal Sansthan Pithuwala for construction of tube well, vertical reservoir of 400 KL capacity, laying of pipeline and related works in Ward No. 90 Mohabbewala, Dehradun.",Payjal Vibhag Department,Dehradun,Final Diversion Order Issued,2024-04-13T17:34:39.155+00:00,2026-09-10T10:46:19.715+00:00,450.25,0.1166,https://parivesh.nic.in/newupgrade/#/report/ec?proposalId=60622176
state,5,Uttarakhand,top_recent_ec,5,,,FP/UK/WATER/453314/2023,Bhattowala Drinking Water Supply Scheme under the Jal Jeevan Mission Program,Payjal Vibhag Department,Dehradun,Final Diversion Order Issued,2023-11-24T17:42:35.735+00:00,2026-09-10T10:41:17.379+00:00,279.82,0.04,https://parivesh.nic.in/newupgrade/#/report/ec?proposalId=26630102
state,5,Uttarakhand,top_recent_ec,6,,,FP/UK/WATER/453203/2023,Garhimay chak Drinking Water Supply  Scheme under the Jal Jeevan Mission Program,Payjal Vibhag Department,Dehradun,Final Diversion Order Issued,2023-11-23T13:49:23.013+00:00,2026-09-10T10:34:25.821+00:00,378.07,0.04,https://parivesh.nic.in/newupgrade/#/report/ec?proposalId=26370426
state,5,Uttarakhand,top_recent_ec,7,,,FP/UK/ROAD/517630/2025,Road Safety Improvement of existing 4 lane section of Dehradun-Lal Tappar-Nepali Farm Section of NH-7 and Nepali Farm-Motichur Section of NH-34 on EPC Mode in Uttarakhand under NH(O),NATIONAL HIGHWAY AUTHORITY OF INDIA,Dehradun,Final Diversion Order Issued,2025-01-07T11:31:32.072+00:00,2026-09-03T11:22:22.362+00:00,72067.0,165.69,https://parivesh.nic.in/newupgrade/#/report/ec?proposalId=116929365
state,5,Uttarakhand,top_recent_ec,8,,,IA/UK/IND1/573086/2026,"Enhancement of MS Ingots/Billets production from 2,04,000 TPA to 3,74,000 TPA through installation of additional 24 T & 40 T IF, along with the installation of CCM & LRF of 25 T, Enhancement in production of Rolled Products from 2,00,000 TPA to 3,65,600 TPA along with existing cold drawing complex and metal recovery plant by M/s Kashi Vishwanath Steels Private Limited at Narain Nagar Industrial Estate, Bazpur Road, Kashipur, District Udham Singh Nagar, Uttarakhand",KASHI VISHWANATH STEELS PRIVATE LIMITED,Udham Singh Nagar,EC Granted,2026-03-20T09:49:39.819+00:00,2026-08-30T06:22:54.437+00:00,19924.0,5.981,https://parivesh.nic.in/newupgrade/#/report/ec?proposalId=1222239623
state,5,Uttarakhand,top_recent_ec,9,,,FP/UK/ROAD/554894/2025,जनपद देहरादून के विकास खण्ड कालसी के अन्तर्गत रा0मा0 सं0 123 (507) के कि0मी0 18 में 40 मी0 स्पान सेतु के निर्माण हेतु वन भूमि हस्तान्तरण प्रस्ताव।,"NH-PWD, DEHRADUN",Dehradun,Final Diversion Order Issued,2025-10-12T08:56:21.097+00:00,2026-08-27T06:13:43.079+00:00,748.46,0.0885,https://parivesh.nic.in/newupgrade/#/report/ec?proposalId=137932579
state,5,Uttarakhand,top_recent_ec,10,,,FP/UK/ROAD/490303/2024,Construction of 225 m span suspension bridge over Rawasan river joining Rasoolpur Arynagar to Laldhnag under state sector in Haridwar Gramin Constituency,"EXECUTIVE ENGINEER, PD PWD HARIDWAR",Hardwar,Final Diversion Order Issued,2024-07-29T16:57:45.304+00:00,2026-08-27T06:07:47.518+00:00,31.5,0.175,https://parivesh.nic.in/newupgrade/#/report/ec?proposalId=88627189
state,5,Uttarakhand,top_cost,1,,,FP/UK/OTHERS/591255/2026,"माननीय उच्च न्यायालय, उत्तराखण्ड  नैनीताल को नैनीताल से स्थाई तौर पर हल्द्वानी (नैनीताल) में तराई केन्द्रीय वन प्रभाग, रूद्रपुर के भाखड़ा रेंज के लामाचौड़ ब्लॉक में 30 हैक्टेयर भूमि में Relocate किये जाने हेतु वन भूमि हस्तान्तरण",EXECUTIVE ENGINEER CD PWD HALDWANI,Nainital,Pending at Technical Officer - RO,2026-09-04T14:31:31.070+00:00,,150000.0,30.0,https://parivesh.nic.in/newupgrade/#/report/ec?proposalId=1240187876
state,5,Uttarakhand,top_cost,2,,,SIA/UK/IND3/550094/2025,ESTER INDUSTRIES LIMITED,ESTER INDUSTRIES LIMITED,Udham Singh Nagar,EC Granted,2025-09-02T07:04:16.932+00:00,2025-09-27T06:53:00.239+00:00,99838.0,11.52,https://parivesh.nic.in/newupgrade/#/report/ec?proposalId=135491904
state,5,Uttarakhand,top_cost,3,,,FP/UK/ROAD/400601/2022,Improvement / Upgradation to 4/6 lane Moradabad-Kashipur section of NH 734 including Moradabad Bypass under NHDP Phase-VII in the state of Uttar Pradesh. Package 3: Kashipur Bypass (Total Length 13.51 km) in Udham Singh Nagar district of Uttarakhand State (Design Ch 39+750 to Ch 53+260),NATIONAL HIGHWAYS AUTHORITY OF INDIA PIU BAREILLY,UDHAM SINGH NAGAR,Final Diversion Order Issued,2022-09-16T08:32:06.235+00:00,2026-08-13T11:08:07.653+00:00,93600.0,101.198,https://parivesh.nic.in/newupgrade/#/report/ec?proposalId=779989
state,5,Uttarakhand,top_cost,4,,,FP/UK/HYD/IRRIG/420146/2023,Tiuni Plasu HEP (72 MW),UJVN LIMITED,Dehradun,Pending at Nodal Officer for Compliance Review,2023-02-27T10:19:07.689+00:00,,90580.0,54.636,https://parivesh.nic.in/newupgrade/#/report/ec?proposalId=3358623
state,5,Uttarakhand,top_cost,5,,,SIA/UK/RIV/552855/2025,Tiuni Plasu HEP (72 MW),UJVN LIMITED,Uttarkashi,EC Granted,2025-09-23T13:13:10.240+00:00,2025-09-30T07:45:37.569+00:00,90580.0,54.636,https://parivesh.nic.in/newupgrade/#/report/ec?proposalId=136858441
state,5,Uttarakhand,top_cost,6,,,FP/UK/OTHERS/434615/2023,Forest Land Diversion Case of 0.224 Hect. Land for Development of  Sewerage System  for construction of Terminal Sewage Pumping Station by UUSDA At Haldwani.,UTTARAKHAND URBAN SECTOR DEVELOPMENT AGENCY,Nainital,Pending on UA for Compensatory Levies Payment,2023-06-26T06:26:32.594+00:00,,87642.0,0.224,https://parivesh.nic.in/newupgrade/#/report/ec?proposalId=6347172
state,5,Uttarakhand,top_cost,7,,,WL/UK/SRY/462270/2024,Mori Hanol Hydro Electric Project,THDCIL-UJVNL ENERGY COMPANY LIMITED,Uttarkashi,,2024-02-09T06:42:01.297+00:00,,85500.0,91.08,https://parivesh.nic.in/newupgrade/#/report/ec?proposalId=45304549
state,5,Uttarakhand,top_cost,8,,,FP/UK/ROAD/569147/2026,"Construction of 4-Lane of Rishikesh Bypass from Design Chainage km 529+600 (Near Teenpani Flyover on NH-7) to Design Chainage km 542+420 (Near Kharasrote Bridge), passing through Bhattowala and Dhalwala Village in the State of Uttarakhand (Design Length-12.820 Km) on EPC mode",Ministry of Road Transport & Highways,Dehradun,Pending at State Secretary for Recommendation after PSC-II,2026-02-14T09:08:25.705+00:00,,73577.0,46.9165,https://parivesh.nic.in/newupgrade/#/report/ec?proposalId=1219346227
state,5,Uttarakhand,top_cost,9,,,FP/UK/ROAD/517630/2025,Road Safety Improvement of existing 4 lane section of Dehradun-Lal Tappar-Nepali Farm Section of NH-7 and Nepali Farm-Motichur Section of NH-34 on EPC Mode in Uttarakhand under NH(O),NATIONAL HIGHWAY AUTHORITY OF INDIA,Dehradun,Final Diversion Order Issued,2025-01-07T11:31:32.072+00:00,2026-09-03T11:22:22.362+00:00,72067.0,165.69,https://parivesh.nic.in/newupgrade/#/report/ec?proposalId=116929365
state,5,Uttarakhand,top_cost,10,,,WL/UK/SRY/454439/2023,Wildlife Clearance for Construction of Kotdwar Bypass of NH-119 Connecting Najibabad –Kotdwar to Kotdwar-Pauri Road in the state of Uttar Pradesh and Uttarakhand under Bharatmala Pariyojana Lot-4/PKG-2,NHAI PIU MEERUT,Garhwal,,2023-12-05T10:44:51.689+00:00,,68843.7,14.1323,https://parivesh.nic.in/newupgrade/#/report/ec?proposalId=29459702
state,5,Uttarakhand,top_land,1,,,SIA/UK/IND1/527136/2025,"Environmental clearance for proposed expansion of existing Aluminium Coil & Sheets/Foils manufacturing unit by M/s Paragon Industries Ltd. at Plot No. 162, 164, 168, 169, 170, 171 & 172 Raipur Industrial Area, Bhagwanpur, Distt- Haridwar, Uttarakhand.",PARAGON INDUSTRIES LIMITED,Hardwar,EC Granted,2025-03-03T06:13:17.395+00:00,2025-03-21T09:24:11.800+00:00,33892.0,56247.39,https://parivesh.nic.in/newupgrade/#/report/ec?proposalId=121430549
state,5,Uttarakhand,top_land,2,,,SIA/UK/INFRA2/527062/2025,"Environmental clearance for Proposed expansion of existing hospital Graphic Era Hospital situated at Mauza Dhoolkot Mafi, Pargana Pachwa Doon, District Dehradun by M/s Graphic Era Educational Society, 566/6, Bell Road, Clement Town, Dehradun, Uttarakhand",Subhash gupta,Dehradun,EC Granted,2025-03-02T14:18:23.472+00:00,2025-03-21T09:09:10.726+00:00,20800.0,53478.0,https://parivesh.nic.in/newupgrade/#/report/ec?proposalId=121400716
state,5,Uttarakhand,top_land,3,,,SIA/UK/INFRA2/415740/2023,GUPTA JEE TENT SERVICES PVT LTD,GUPTA JEE TENT SERVICES PRIVATE LIMITED,Tehri Garhwal,EC Granted,2023-01-24T10:10:00.150+00:00,2023-07-05T12:57:49.127+00:00,4851.75,17158.66,https://parivesh.nic.in/newupgrade/#/report/ec?proposalId=2698271
state,5,Uttarakhand,top_land,4,,,SIA/UK/INFRA2/427699/2023,Environmental Clearance of Existing Group Housing project “Park Belles” along with Proposed Commercial Cum Residential Tower Project under ViolationbyM/s Sara Eminentlocated,SARA EMINENT,Dehradun,TOR Granted,2023-05-01T08:47:00.929+00:00,2023-06-03T16:25:54.393+00:00,12500.0,11079.64,https://parivesh.nic.in/newupgrade/#/report/ec?proposalId=4994336
state,5,Uttarakhand,top_land,5,,,IA/UK/INFRA2/569347/2026,"Proposed Group Housing Project at Khasra No. 18, 22, 23, 26, 27, 28, 29, 30, 31, 32,33, 34, 50, 51, 80, 81, 83 Village, Gujrara Mansingh Pargana Parwa Doon, Dehradun, Uttrakhand by M/s Sharda Hotels & Tours Pvt. Ltd. And M/s Cool Breez Exports Pvt. Ltd.",COOL BREEZE EXPORTS PVT LTD,Dehradun,ADS Raised,2026-02-16T16:05:41.160+00:00,,93.42964,10205.52,https://parivesh.nic.in/newupgrade/#/report/ec?proposalId=1219482929
state,5,Uttarakhand,top_land,6,,,IA/UK/IND3/422139/2023,Subham Chemicals Pvt. Ltd.,SUBHAM CHEMICALS PVT LTD,Udham Singh Nagar,EC Granted,2023-03-15T04:21:17.817+00:00,2024-01-02T16:33:44.911+00:00,400.0,9261.05,https://parivesh.nic.in/newupgrade/#/report/ec?proposalId=3966177
state,5,Uttarakhand,top_land,7,,,SIA/UK/INFRA2/455597/2023,M/s. CAPITAL ROYAL CASA,DAUNDI BIOLOGICAL PRIVATE LIMITED,Dehradun,Withdrawal Request Accepted,2023-12-14T18:03:24.109+00:00,2024-08-05T06:24:53.298+00:00,120.0,8730.68,https://parivesh.nic.in/newupgrade/#/report/ec?proposalId=31777070
state,5,Uttarakhand,top_land,8,,,SIA/UK/INFRA2/456802/2023,M/S CAPITAL ROYAL CASA,DOON BUILDCON PRIVATE LIMITED,Dehradun,Proposal returned in present form,2023-12-27T06:50:51.026+00:00,,120.0,8730.68,https://parivesh.nic.in/newupgrade/#/report/ec?proposalId=34385813
state,5,Uttarakhand,top_land,9,,,SIA/UK/INFRA2/440236/2023,Proposed Expansion of guest room capacity of existing hotel “Competent palace”.,SAKSHAM JUYAL,Dehradun,EC Granted,2023-08-12T08:42:35.209+00:00,2023-09-29T16:55:19.940+00:00,3000.0,7904.0,https://parivesh.nic.in/newupgrade/#/report/ec?proposalId=7913740
state,5,Uttarakhand,top_land,10,,,SIA/UK/INFRA2/434837/2023,Environmental Clearance for Manufacturing of Footwear’s,M/S MOCHIKO SHOES PVT. LTD,Dehradun,EC Granted,2023-06-27T12:19:36.817+00:00,2023-08-14T12:42:19.280+00:00,928.0,4910.16,https://parivesh.nic.in/newupgrade/#/report/ec?proposalId=6391830
state,5,Uttarakhand,recent_change,1,added,,SIA/UK/MIN/594965/2026,Kularang Chaura Soapstone Deposit,ANAND CHAUHAN,Bageshwar,Under Verification with SCEIA,2026-10-09T08:52:01.541+00:00,,78.46,13.73,https://parivesh.nic.in/newupgrade/#/report/ec?proposalId=1244774481
state,5,Uttarakhand,recent_change,2,added,,FP/UK/ROAD/594922/2026,राज्य योजना के अन्तर्गत जनपद बागेश्वर के विधानसभा क्षेत्र कपकोट में डंगोली सैलानी दाडिमखेत हड़बाड पन्द्रपाली बालीघाट दोफाड धरमघर पाॅखू सातसलिंग मोटर मार्ग एस0एच0 60 के किमी0 39 से 106 तक के सेतुओं (9नं0) का क्लास ’’बी0’’ लोडिंग से क्लास ’’ए’’ लोडिंग में उच्चीकरण करवाने के लिए मोटर सेतुओं के निर्माण हेतु वनभूमि प्रस्ताव उत्तराखण्ड लोक निर्माण विभाग को हस्तान्तरण प्रस्ताव।,PWDKAPKOT,Bageshwar,Pending at DFO for Scrutiny and Recommendation,2026-10-09T05:20:09.239+00:00,,30000.0,0.243,https://parivesh.nic.in/newupgrade/#/report/ec?proposalId=1244743195
state,6,Haryana,stat,,projects,4878,,,,,,,,,,
state,6,Haryana,stat,,active_projects,2928,,,,,,,,,,
state,6,Haryana,stat,,applications,2928,,,,,,,,,,
state,6,Haryana,stat,,ec_granted,1501,,,,,,,,,,
state,6,Haryana,stat,,ec_tor,321,,,,,,,,,,
state,6,Haryana,stat,,ec_pending,997,,,,,,,,,,
state,6,Haryana,stat,,ec_rejected,33,,,,,,,,,,
state,6,Haryana,stat,,ec_withdrawn,76,,,,,,,,,,
state,6,Haryana,stat,,pc_A,62,,,,,,,,,,
state,6,Haryana,stat,,pc_B1,631,,,,,,,,,,
state,6,Haryana,stat,,pc_B2,427,,,,,,,,,,
state,6,Haryana,stat,,pc_OTHER,1808,,,,,,,,,,
state,6,Haryana,stat,,ty_ec,1022,,,,,,,,,,
state,6,Haryana,stat,,ty_forest,1708,,,,,,,,,,
state,6,Haryana,stat,,ty_wildlife,46,,,,,,,,,,
state,6,Haryana,stat,,ty_crz,0,,,,,,,,,,
state,6,Haryana,stat,,ty_other,152,,,,,,,,,,
state,6,Haryana,stat,,delisted_or_removed,1950,,,,,,,,,,
state,6,Haryana,stat,,total_cost_lakhs,50252611.39,,,,,,,,,,
state,6,Haryana,stat,,cost_outliers_excluded,8,,,,,,,,,,
state,6,Haryana,stat,,total_land_ha,6542782.0218,,,,,,,,,,
state,6,Haryana,stat,,latest_application,2026-10-10T04:15:09.737+00:00,,,,,,,,,,
state,6,Haryana,stat,,latest_grant,2026-09-29T06:34:03.336+00:00,,,,,,,,,,
state,6,Haryana,stat,,changes_added,10,,,,,,,,,,
state,6,Haryana,stat,,changes_removed,0,,,,,,,,,,
state,6,Haryana,stat,,changes_updated,518,,,,,,,,,,
state,6,Haryana,stat,,changes_status,0,,,,,,,,,,
state,6,Haryana,stat,,compared_with,2026-10-09T20:19:01Z,,,,,,,,,,
state,6,Haryana,stat,,changes_added_active,10,,,,,,,,,,
state,6,Haryana,stat,,changes_removed_active,0,,,,,,,,,,
state,6,Haryana,stat,,changes_updated_active,412,,,,,,,,,,
state,6,Haryana,stat,,changes_status_active,0,,,,,,,,,,
state,6,Haryana,stat,,window_added_active,88,,,,,,,,,,
state,6,Haryana,stat,,window_updated_active,381,,,,,,,,,,
state,6,Haryana,stat,,window_added,88,,,,,,,,,,
state,6,Haryana,stat,,window_updated,487,,,,,,,,,,
state,6,Haryana,stat,,window_since,2026-10-01T03:52:08Z,,,,,,,,,,
state,6,Haryana,status,,DELISTED_BY_SYSTEM,1849,,,,,,,,,,
state,6,Haryana,status,,Stage-II Accorded,690,,,,,,,,,,
state,6,Haryana,status,,EC Granted,552,,,,,,,,,,
state,6,Haryana,status,,Final Diversion Order Issued,256,,,,,,,,,,
state,6,Haryana,status,,Standard ToR Granted,215,,,,,,,,,,
state,6,Haryana,status,,Pending at DFO for Scrutiny and Recommendation,157,,,,,,,,,,
state,6,Haryana,status,,Pending at UA due to EDS by DFO,129,,,,,,,,,,
state,6,Haryana,status,,REMOVED,101,,,,,,,,,,
state,6,Haryana,status,,TOR GRANTED,74,,,,,,,,,,
state,6,Haryana,status,,Pending at UA for Compensatory Levies Payment and Compliance Report,72,,,,,,,,,,
state,6,Haryana,status,,Pending at Nodal Officer for Recommendation,58,,,,,,,,,,
state,6,Haryana,status,,(none),55,,,,,,,,,,
state,6,Haryana,status,,Referred to SEAC,53,,,,,,,,,,
state,6,Haryana,status,,Pending on UA for Compensatory Levies Payment,52,,,,,,,,,,
state,6,Haryana,status,,Pending at UA for DFO EDS Reply,49,,,,,,,,,,
state,6,Haryana,status,,Pending at DFO due to EDS by Nodal Officer,44,,,,,,,,,,
state,6,Haryana,status,,Pending at UA for Compliance Report,37,,,,,,,,,,
state,6,Haryana,status,,Proposal returned in present form,36,,,,,,,,,,
state,6,Haryana,status,,Under Verification,36,,,,,,,,,,
state,6,Haryana,status,,ADS Raised,27,,,,,,,,,,
state,6,Haryana,status,,Referred to SEIAA,24,,,,,,,,,,
state,6,Haryana,status,,Pending at PP due to EDS by DFO,23,,,,,,,,,,
state,6,Haryana,status,,EDS raised,23,,,,,,,,,,
state,6,Haryana,status,,ToR Granted,22,,,,,,,,,,
state,6,Haryana,status,,Proposal Accepted and Referred to SEAC,19,,,,,,,,,,
state,6,Haryana,status,,Withdrawal Request Accepted,17,,,,,,,,,,
state,6,Haryana,status,,Pending at State Secretary for Recommendation,16,,,,,,,,,,
state,6,Haryana,status,,Application Rejected,15,,,,,,,,,,
state,6,Haryana,status,,Proposal pulled back (withdrawn),14,,,,,,,,,,
state,6,Haryana,status,,Rejected in PSC-I,13,,,,,,,,,,
state,6,Haryana,status,,Forwarded to USS SEIAA,12,,,,,,,,,,
state,6,Haryana,status,,Pending at Nodal Officer due to EDS by State Secretary,11,,,,,,,,,,
state,6,Haryana,status,,TOR Granted,10,,,,,,,,,,
state,6,Haryana,status,,Pending at Nodal Officer for Compliance Review,9,,,,,,,,,,
state,6,Haryana,status,,Under Examination,9,,,,,,,,,,
state,6,Haryana,status,,Proposal Withdrawal Request Accepted,9,,,,,,,,,,
state,6,Haryana,status,,Pending at UA due to Delisting by Authority,9,,,,,,,,,,
state,6,Haryana,status,,Pending at UA due to EDS by MS after PSC-I,7,,,,,,,,,,
state,6,Haryana,status,,Pending at Technical Officer RO for Stage-II Letter,7,,,,,,,,,,
state,6,Haryana,status,,"Pending at Technical Officer - MoEFCC, HQ",6,,,,,,,,,,
state,6,Haryana,status,,Pending at Technical Officer - IRO,6,,,,,,,,,,
state,6,Haryana,status,,Pending at DFO for Compensatory Levies,4,,,,,,,,,,
state,6,Haryana,status,,Pending at DFO/CF after acceptance in PSC-I,4,,,,,,,,,,
state,6,Haryana,status,,Pending at State Secretary for Compliance Review,3,,,,,,,,,,
state,6,Haryana,status,,Pending on UA for Levies Payment,3,,,,,,,,,,
state,6,Haryana,status,,ToR Rejected,3,,,,,,,,,,
state,6,Haryana,status,,Granted,3,,,,,,,,,,
state,6,Haryana,status,,Pending at MS SEIAA,3,,,,,,,,,,
state,6,Haryana,status,,Pending at Nodal Officer for Compensatory Levies Review,3,,,,,,,,,,
state,6,Haryana,status,,Pending at MS for Acceptance in PSC-I,3,,,,,,,,,,
state,6,Haryana,status,,Pending for State Government for Stage-II Letter,2,,,,,,,,,,
state,6,Haryana,status,,REVOKED,2,,,,,,,,,,
state,6,Haryana,status,,Pending at FAC,2,,,,,,,,,,
state,6,Haryana,status,,"Pending at TO – MoEFCC, HQ for Final Approval",2,,,,,,,,,,
state,6,Haryana,status,,Pending at RO Head for Stage-II Letter,2,,,,,,,,,,
state,6,Haryana,status,,"Pending at Director General of Forest - MoEFCC, HQ",2,,,,,,,,,,
state,6,Haryana,status,,Pending for NODAL for Stage-II Letter,2,,,,,,,,,,
state,6,Haryana,status,,Pending at UA due to EDS by MS after PSC-II,1,,,,,,,,,,
state,6,Haryana,status,,Pending at Nodal Officer for Recommendation after PSC-II,1,,,,,,,,,,
state,6,Haryana,status,,Pending at DFO For Recommendation,1,,,,,,,,,,
state,6,Haryana,status,,Raised/Forwarded EDS to UA,1,,,,,,,,,,
state,6,Haryana,status,,Pending at MS for Proposal Withdraw Request,1,,,,,,,,,,
state,6,Haryana,status,,Pending at PP due to EDS by Nodal Officer,1,,,,,,,,,,
state,6,Haryana,status,,Pending at State Government  for Diversion,1,,,,,,,,,,
state,6,Haryana,status,,Pending at State Secretary for Recommendation and In-Principle Approval (Stage-I),1,,,,,,,,,,
state,6,Haryana,status,,Pending at Technical Officer - RO,1,,,,,,,,,,
state,6,Haryana,status,,EDS Raised,1,,,,,,,,,,
state,6,Haryana,status,,EDS Under Examination,1,,,,,,,,,,
state,6,Haryana,status,,Proposal Accepted and Referred to EAC,1,,,,,,,,,,
state,6,Haryana,applications_by_year,,2022,173,,,,,,,,,,
state,6,Haryana,applications_by_year,,2023,520,,,,,,,,,,
state,6,Haryana,applications_by_year,,2024,812,,,,,,,,,,
state,6,Haryana,applications_by_year,,2025,774,,,,,,,,,,
state,6,Haryana,applications_by_year,,2026,649,,,,,,,,,,
state,6,Haryana,year_granted,,2022,107,,,,,,,,,,
state,6,Haryana,year_granted,,2023,325,,,,,,,,,,
state,6,Haryana,year_granted,,2024,554,,,,,,,,,,
state,6,Haryana,year_granted,,2025,419,,,,,,,,,,
state,6,Haryana,year_granted,,2026,96,,,,,,,,,,
state,6,Haryana,year_tor,,2022,21,,,,,,,,,,
state,6,Haryana,year_tor,,2023,84,,,,,,,,,,
state,6,Haryana,year_tor,,2024,94,,,,,,,,,,
state,6,Haryana,year_tor,,2025,68,,,,,,,,,,
state,6,Haryana,year_tor,,2026,54,,,,,,,,,,
state,6,Haryana,year_pending,,2022,36,,,,,,,,,,
state,6,Haryana,year_pending,,2023,95,,,,,,,,,,
state,6,Haryana,year_pending,,2024,130,,,,,,,,,,
state,6,Haryana,year_pending,,2025,245,,,,,,,,,,
state,6,Haryana,year_pending,,2026,491,,,,,,,,,,
state,6,Haryana,year_rejected,,2022,9,,,,,,,,,,
state,6,Haryana,year_rejected,,2023,6,,,,,,,,,,
state,6,Haryana,year_rejected,,2024,4,,,,,,,,,,
state,6,Haryana,year_rejected,,2025,14,,,,,,,,,,
state,6,Haryana,year_withdrawn,,2023,10,,,,,,,,,,
state,6,Haryana,year_withdrawn,,2024,30,,,,,,,,,,
state,6,Haryana,year_withdrawn,,2025,28,,,,,,,,,,
state,6,Haryana,year_withdrawn,,2026,8,,,,,,,,,,
state,6,Haryana,year_pc_A,,2022,6,,,,,,,,,,
state,6,Haryana,year_pc_A,,2023,16,,,,,,,,,,
state,6,Haryana,year_pc_A,,2024,11,,,,,,,,,,
state,6,Haryana,year_pc_A,,2025,18,,,,,,,,,,
state,6,Haryana,year_pc_A,,2026,11,,,,,,,,,,
state,6,Haryana,year_pc_B1,,2022,30,,,,,,,,,,
state,6,Haryana,year_pc_B1,,2023,147,,,,,,,,,,
state,6,Haryana,year_pc_B1,,2024,191,,,,,,,,,,
state,6,Haryana,year_pc_B1,,2025,141,,,,,,,,,,
state,6,Haryana,year_pc_B1,,2026,122,,,,,,,,,,
state,6,Haryana,year_pc_B2,,2022,17,,,,,,,,,,
state,6,Haryana,year_pc_B2,,2023,73,,,,,,,,,,
state,6,Haryana,year_pc_B2,,2024,128,,,,,,,,,,
state,6,Haryana,year_pc_B2,,2025,109,,,,,,,,,,
state,6,Haryana,year_pc_B2,,2026,100,,,,,,,,,,
state,6,Haryana,year_pc_OTHER,,2022,120,,,,,,,,,,
state,6,Haryana,year_pc_OTHER,,2023,284,,,,,,,,,,
state,6,Haryana,year_pc_OTHER,,2024,482,,,,,,,,,,
state,6,Haryana,year_pc_OTHER,,2025,506,,,,,,,,,,
state,6,Haryana,year_pc_OTHER,,2026,416,,,,,,,,,,
state,6,Haryana,cube,,2022|granted|A|ec,4,,,,,,,,,,
state,6,Haryana,cube,,2022|granted|B1|ec,11,,,,,,,,,,
state,6,Haryana,cube,,2022|granted|B2|ec,17,,,,,,,,,,
state,6,Haryana,cube,,2022|granted|OTHER|forest,75,,,,,,,,,,
state,6,Haryana,cube,,2022|pending|OTHER|forest,34,,,,,,,,,,
state,6,Haryana,cube,,2022|pending|OTHER|wildlife,2,,,,,,,,,,
state,6,Haryana,cube,,2022|rejected|OTHER|forest,9,,,,,,,,,,
state,6,Haryana,cube,,2022|tor|A|ec,2,,,,,,,,,,
state,6,Haryana,cube,,2022|tor|B1|ec,19,,,,,,,,,,
state,6,Haryana,cube,,2023|granted|A|ec,3,,,,,,,,,,
state,6,Haryana,cube,,2023|granted|B1|ec,59,,,,,,,,,,
state,6,Haryana,cube,,2023|granted|B1|other,1,,,,,,,,,,
state,6,Haryana,cube,,2023|granted|B2|ec,58,,,,,,,,,,
state,6,Haryana,cube,,2023|granted|B2|other,2,,,,,,,,,,
state,6,Haryana,cube,,2023|granted|OTHER|forest,199,,,,,,,,,,
state,6,Haryana,cube,,2023|granted|OTHER|other,3,,,,,,,,,,
state,6,Haryana,cube,,2023|pending|A|ec,1,,,,,,,,,,
state,6,Haryana,cube,,2023|pending|B1|ec,12,,,,,,,,,,
state,6,Haryana,cube,,2023|pending|B2|ec,6,,,,,,,,,,
state,6,Haryana,cube,,2023|pending|OTHER|forest,56,,,,,,,,,,
state,6,Haryana,cube,,2023|pending|OTHER|other,1,,,,,,,,,,
state,6,Haryana,cube,,2023|pending|OTHER|wildlife,19,,,,,,,,,,
state,6,Haryana,cube,,2023|rejected|OTHER|forest,6,,,,,,,,,,
state,6,Haryana,cube,,2023|tor|A|ec,7,,,,,,,,,,
state,6,Haryana,cube,,2023|tor|A|other,2,,,,,,,,,,
state,6,Haryana,cube,,2023|tor|B1|ec,72,,,,,,,,,,
state,6,Haryana,cube,,2023|tor|B1|other,1,,,,,,,,,,
state,6,Haryana,cube,,2023|tor|B2|ec,2,,,,,,,,,,
state,6,Haryana,cube,,2023|withdrawn|A|ec,3,,,,,,,,,,
state,6,Haryana,cube,,2023|withdrawn|B1|ec,2,,,,,,,,,,
state,6,Haryana,cube,,2023|withdrawn|B2|ec,5,,,,,,,,,,
state,6,Haryana,cube,,2024|granted|A|ec,3,,,,,,,,,,
state,6,Haryana,cube,,2024|granted|A|other,1,,,,,,,,,,
state,6,Haryana,cube,,2024|granted|B1|ec,74,,,,,,,,,,
state,6,Haryana,cube,,2024|granted|B1|other,9,,,,,,,,,,
state,6,Haryana,cube,,2024|granted|B2|ec,104,,,,,,,,,,
state,6,Haryana,cube,,2024|granted|B2|other,10,,,,,,,,,,
state,6,Haryana,cube,,2024|granted|OTHER|forest,341,,,,,,,,,,
state,6,Haryana,cube,,2024|granted|OTHER|other,12,,,,,,,,,,
state,6,Haryana,cube,,2024|pending|B1|ec,2,,,,,,,,,,
state,6,Haryana,cube,,2024|pending|B2|ec,1,,,,,,,,,,
state,6,Haryana,cube,,2024|pending|B2|other,2,,,,,,,,,,
state,6,Haryana,cube,,2024|pending|OTHER|forest,112,,,,,,,,,,
state,6,Haryana,cube,,2024|pending|OTHER|other,2,,,,,,,,,,
state,6,Haryana,cube,,2024|pending|OTHER|wildlife,11,,,,,,,,,,
state,6,Haryana,cube,,2024|rejected|B1|ec,3,,,,,,,,,,
state,6,Haryana,cube,,2024|rejected|OTHER|forest,1,,,,,,,,,,
state,6,Haryana,cube,,2024|tor|A|ec,3,,,,,,,,,,
state,6,Haryana,cube,,2024|tor|B1|ec,90,,,,,,,,,,
state,6,Haryana,cube,,2024|tor|B2|ec,1,,,,,,,,,,
state,6,Haryana,cube,,2024|withdrawn|A|ec,4,,,,,,,,,,
state,6,Haryana,cube,,2024|withdrawn|B1|ec,11,,,,,,,,,,
state,6,Haryana,cube,,2024|withdrawn|B1|other,2,,,,,,,,,,
state,6,Haryana,cube,,2024|withdrawn|B2|ec,7,,,,,,,,,,
state,6,Haryana,cube,,2024|withdrawn|B2|other,3,,,,,,,,,,
state,6,Haryana,cube,,2024|withdrawn|OTHER|other,3,,,,,,,,,,
state,6,Haryana,cube,,2025|granted|A|ec,4,,,,,,,,,,
state,6,Haryana,cube,,2025|granted|B1|ec,53,,,,,,,,,,
state,6,Haryana,cube,,2025|granted|B1|other,3,,,,,,,,,,
state,6,Haryana,cube,,2025|granted|B2|ec,64,,,,,,,,,,
state,6,Haryana,cube,,2025|granted|B2|other,2,,,,,,,,,,
state,6,Haryana,cube,,2025|granted|OTHER|forest,283,,,,,,,,,,
state,6,Haryana,cube,,2025|granted|OTHER|other,10,,,,,,,,,,
state,6,Haryana,cube,,2025|pending|B1|ec,2,,,,,,,,,,
state,6,Haryana,cube,,2025|pending|B1|other,8,,,,,,,,,,
state,6,Haryana,cube,,2025|pending|B2|ec,8,,,,,,,,,,
state,6,Haryana,cube,,2025|pending|B2|other,30,,,,,,,,,,
state,6,Haryana,cube,,2025|pending|OTHER|forest,184,,,,,,,,,,
state,6,Haryana,cube,,2025|pending|OTHER|other,5,,,,,,,,,,
state,6,Haryana,cube,,2025|pending|OTHER|wildlife,8,,,,,,,,,,
state,6,Haryana,cube,,2025|rejected|OTHER|forest,14,,,,,,,,,,
state,6,Haryana,cube,,2025|tor|A|ec,7,,,,,,,,,,
state,6,Haryana,cube,,2025|tor|B1|ec,60,,,,,,,,,,
state,6,Haryana,cube,,2025|tor|B2|other,1,,,,,,,,,,
state,6,Haryana,cube,,2025|withdrawn|A|ec,6,,,,,,,,,,
state,6,Haryana,cube,,2025|withdrawn|A|other,1,,,,,,,,,,
state,6,Haryana,cube,,2025|withdrawn|B1|ec,13,,,,,,,,,,
state,6,Haryana,cube,,2025|withdrawn|B1|other,2,,,,,,,,,,
state,6,Haryana,cube,,2025|withdrawn|B2|ec,2,,,,,,,,,,
state,6,Haryana,cube,,2025|withdrawn|B2|other,2,,,,,,,,,,
state,6,Haryana,cube,,2025|withdrawn|OTHER|other,2,,,,,,,,,,
state,6,Haryana,cube,,2026|granted|B1|ec,21,,,,,,,,,,
state,6,Haryana,cube,,2026|granted|B1|other,2,,,,,,,,,,
state,6,Haryana,cube,,2026|granted|B2|ec,20,,,,,,,,,,
state,6,Haryana,cube,,2026|granted|OTHER|forest,48,,,,,,,,,,
state,6,Haryana,cube,,2026|granted|OTHER|other,5,,,,,,,,,,
state,6,Haryana,cube,,2026|pending|A|ec,6,,,,,,,,,,
state,6,Haryana,cube,,2026|pending|B1|ec,37,,,,,,,,,,
state,6,Haryana,cube,,2026|pending|B1|other,7,,,,,,,,,,
state,6,Haryana,cube,,2026|pending|B2|ec,72,,,,,,,,,,
state,6,Haryana,cube,,2026|pending|B2|other,6,,,,,,,,,,
state,6,Haryana,cube,,2026|pending|OTHER|forest,346,,,,,,,,,,
state,6,Haryana,cube,,2026|pending|OTHER|other,11,,,,,,,,,,
state,6,Haryana,cube,,2026|pending|OTHER|wildlife,6,,,,,,,,,,
state,6,Haryana,cube,,2026|tor|A|ec,2,,,,,,,,,,
state,6,Haryana,cube,,2026|tor|B1|ec,52,,,,,,,,,,
state,6,Haryana,cube,,2026|withdrawn|A|ec,2,,,,,,,,,,
state,6,Haryana,cube,,2026|withdrawn|A|other,1,,,,,,,,,,
state,6,Haryana,cube,,2026|withdrawn|B1|ec,3,,,,,,,,,,
state,6,Haryana,cube,,2026|withdrawn|B2|ec,2,,,,,,,,,,
state,6,Haryana,run,,run_status,ok,,,,,,,,,,
state,6,Haryana,run,,run_date,2026-10-10T05:52:28Z,,,,,,,,,,
state,6,Haryana,run,,run_url,https://github.com/publicmap/parivesh-dashboard/actions/runs/38027443840,,,,,,,,,,
state,6,Haryana,top_recent_ec,1,,,SIA/HR/INFRA2/576388/2026,"Environmental Clearance for our proposed Industrial Shed Project located at Plot No. 926, Sector-68, Industrial Model Township, and District: Faridabad (Haryana) by M/s Glen Appliances Private Limited",glen appliances private limited,Faridabad,EC Granted,2026-04-20T11:24:27.044+00:00,2026-09-29T06:34:03.336+00:00,25394.0,2.1368,https://parivesh.nic.in/newupgrade/#/report/ec?proposalId=1224931867
state,6,Haryana,top_recent_ec,2,,,SIA/HR/INFRA2/583033/2026,"Residential Group Housing Project “Amazon – The Defence County” at Sector-30, Panchkula, Haryana",GLM INFRATECH PRIVATE LIMITED,Panchkula,EC Granted,2026-06-23T07:54:13.574+00:00,2026-09-29T06:18:05.592+00:00,36695.63,6.8035,https://parivesh.nic.in/newupgrade/#/report/ec?proposalId=1233046478
state,6,Haryana,top_recent_ec,3,,,SIA/HR/INFRA2/580376/2026,"IT Park Project at Plot No.1, Sector-38, Village Rai, District Sonipat, Haryana developed by M/s Anant Raj Limited",ANANT RAJ LIMITED,Sonipat,EC Granted,2026-05-27T10:50:08.320+00:00,2026-09-29T06:06:36.060+00:00,44000.0,10.0,https://parivesh.nic.in/newupgrade/#/report/ec?proposalId=1229484593
state,6,Haryana,top_recent_ec,4,,,SIA/HR/INFRA2/582711/2026,"Expansion of Proposed Residential Colony ‘Suncity Monarch’ under NILP Policy-2022 In the revenue estate of village: Shikhopur, Sector-78, district-Gurugram, Haryana  By M/s DVOK Buildcon LLP",dvok   buildcon  llp,Gurugram,EC Granted,2026-06-19T11:59:42.906+00:00,2026-09-29T05:53:37.708+00:00,80405.0,13.7506,https://parivesh.nic.in/newupgrade/#/report/ec?proposalId=1232721376
state,6,Haryana,top_recent_ec,5,,,SIA/HR/INFRA2/578177/2026,"Environmental Clearance for Non Agro Warehouse Project located in the revenue estate of Village: Koka, Tehsil and District: Jhajjar by M/s Koka Estate Private Limited",KOKA ESTATE PRIVATE LIMITED,Jhajjar,EC Granted,2026-05-07T05:44:09.514+00:00,2026-09-29T05:36:58.694+00:00,14647.95,12.6244,https://parivesh.nic.in/newupgrade/#/report/ec?proposalId=1226792084
state,6,Haryana,top_recent_ec,6,,,SIA/HR/INFRA2/574619/2026,"Proposed project is construction of IT Park/Cyber Park project in the revenue estate of Village Begumpur Khatola, Sector-74, Gurugram, Haryana being developed by M/s Radiance Propmart Private Limited",Radiance Propmart Private Limited,Gurugram,EC Granted,2026-04-04T06:08:30.365+00:00,2026-09-29T05:27:12.348+00:00,83106.0,2.5469,https://parivesh.nic.in/newupgrade/#/report/ec?proposalId=1223339270
state,6,Haryana,top_recent_ec,7,,,SIA/HR/INFRA2/559367/2026,"Mixed Land Use Colony Project located at Village: Fazilpur Jharsa, Sector-71, District-Gurugram, Haryana by M/s Gurugram Commercity Limited",Gurugram commercity limited,Gurugram,EC Granted,2025-11-24T06:30:31.784+00:00,2026-09-29T05:18:09.441+00:00,6.68722,10.1727,https://parivesh.nic.in/newupgrade/#/report/ec?proposalId=550473378
state,6,Haryana,top_recent_ec,8,,,SIA/HR/INFRA2/558122/2026,"Expansion of Group Housing Colony Project at Village Dhanwapur & Gurgaon, Sector -104, Gurugram, Haryana",Juventus Estate limited,Gurugram,EC Granted,2025-11-13T13:23:25.877+00:00,2026-09-29T05:08:57.801+00:00,1.95233,13.7685,https://parivesh.nic.in/newupgrade/#/report/ec?proposalId=373648978
state,6,Haryana,top_recent_ec,9,,,SIA/HR/INFRA2/577027/2026,Redevelopment and Expansion of Existing Multispeciality Hospital Building,OM SAVITRI JINDAL CHARITABLE SOCIETY,Hisar,EC Granted,2026-04-26T07:36:55.005+00:00,2026-09-29T05:01:19.888+00:00,24630.0,6.2599,https://parivesh.nic.in/newupgrade/#/report/ec?proposalId=1225582175
state,6,Haryana,top_recent_ec,10,,,SIA/HR/INFRA2/570411/2026,"Mix Land Use Colony under TOD Policy Project at Village- Fazilpur Jharsa, Sector-71, Gurugram -Manesar Urban Complex, Haryana by M/s Signatureglobal (India) Limited",SIGNATUREGLOBAL INDIA LIMITED,Gurugram,EC Granted,2026-02-25T10:46:59.763+00:00,2026-09-28T13:05:39.794+00:00,2.34715,3.915,https://parivesh.nic.in/newupgrade/#/report/ec?proposalId=1220274031
state,6,Haryana,top_cost,1,,,FP/HR/PetrolPump/591072/2026,"DIVERSION OF THE  FOREST LAND FOR INSTALLATION OF M/S INDIAN OIL CORPORATION LTD. M/S HSD RETAIL OUTLET AT EXISTING CHAINAGE NO.- 54.692 (RHS) ON NH71B (SOHNA–PALWAL ROAD), AT KHEWAT NO. 72/5, KHATA NO. 75/2 KHASRA NO. 34//9/1 IN VILLAGE- SANCHOLI,   TEHSIL- SOHNA & DISTRICT – GURUGRAM IN THE STATE OF HARYANA",IOCL PANIPAT DIVISIONAL OFFICE,Gurugram,Pending at DFO for Scrutiny and Recommendation,2026-09-03T06:47:28.249+00:00,,9500000.0,0.2856,https://parivesh.nic.in/newupgrade/#/report/ec?proposalId=1240062992
state,6,Haryana,top_cost,2,,,FP/HR/PetrolPump/582861/2026,"diversion of forest land 0.0546Ha. for access to HPCL Retail Outlet ON GOHANA-SISANA (ODR) ROAD CENTER OF PLOT RD-22.880 (RHS) AT VILLAGE-SILANA, TEHSIL-KHARKHODA, DISTRICT-SONIPAT, STATE-HARYANA. BEARING KHASRA NO.- 17//22/2(6-19), 23/1 (2-5).",HINDUSTAN PETROLEUM CORPORATION LIMITED,Sonipat,Stage-II Accorded,2026-06-22T03:15:49.586+00:00,,4000000.0,0.2146,https://parivesh.nic.in/newupgrade/#/report/ec?proposalId=1232876340
state,6,Haryana,top_cost,3,,,FP/HR/Canal/587804/2026,Panchayat raj Karnal,Panchayat raj karnal,Karnal,Pending at Nodal Officer for Recommendation,2026-08-04T08:04:42.635+00:00,,3580000.0,0.3738,https://parivesh.nic.in/newupgrade/#/report/ec?proposalId=1237424628
state,6,Haryana,top_cost,4,,,IA/HR/THE/590563/2026,"Expansion of existing 2x600 MW coal based thermal unit by installing new 1x800 MW Ultra Supercritical unit at Rajiv Gandhi Thermal Power Plant (RGTPP), Hisar, Haryana.",HARYANA POWER GENERATION CORPORATION LIMITED,Hisar,Under Examination,2026-08-29T07:30:06.460+00:00,,1418723.0,427.26,https://parivesh.nic.in/newupgrade/#/report/ec?proposalId=1239635083
state,6,Haryana,top_cost,5,,,SIA/HR/INFRA2/569510/2026,"Proposed expansion cum modification of Group Housing Buildings in R16 (Previously known as Zone 10), The Dahlias, DLF 5, at Sector-54 Gurugram, Haryana by M/s DLF Limited.",DLF LIMITED,Gurugram,Standard ToR Granted,2026-02-18T06:09:05.696+00:00,2026-02-20T07:00:46.176+00:00,692424.0,6.869,https://parivesh.nic.in/newupgrade/#/report/ec?proposalId=1219623154
state,6,Haryana,top_cost,6,,,FP/HR/ROAD/592396/2026,Diversion of Protected Forest land area for upgradation of Jhajjar-Charkhi Dadri to Atela Khurd section of NH-334B,NATIONAL HIGHWAY AUTHORITY OF INDIA,Charki Dadri,Pending at MS for Acceptance in PSC-I,2026-09-17T04:03:15.537+00:00,,593450.0,412.7646,https://parivesh.nic.in/newupgrade/#/report/ec?proposalId=1241143660
state,6,Haryana,top_cost,7,,,FP/HR/RAIL/586232/2026,GURUGRAM METRO RAIL PROJECT,GURUGRAM METRO RAIL LIMITED,Gurugram,Final Diversion Order Issued,2026-07-22T05:31:38.339+00:00,2026-09-23T04:25:22.968+00:00,545272.0,23.709,https://parivesh.nic.in/newupgrade/#/report/ec?proposalId=1236014584
state,6,Haryana,top_cost,8,,,FP/HR/PetrolPump/550143/2025,"diversion of forest land 0.1353 Ha. for access to HPCL Retail Outlet on Kala Amb - Sadhaura Road (SH-04), Rd-11.662 (RHS), at Village Sadhaura, Tehsil Bilaspur, District Yamunanagar, State Haryana.(Bearing Khasra no-49//16.",HINDUSTAN PETROLEUM CORPORATION LIMITED,Yamunanagar,Pending at DFO for Scrutiny and Recommendation,2025-09-02T10:45:31.959+00:00,,400000.0,0.2953,https://parivesh.nic.in/newupgrade/#/report/ec?proposalId=135513457
state,6,Haryana,top_cost,9,,,FP/HR/PetrolPump/589784/2026,"diversion of forest land 0.0551Ha. for access to HPCL Retail Outlet ON BILASPUR - RANJITPUR ROAD(ODR), CENTER OF PLOT RD-6.145(LHS) AT VILLAGE- SANDHAI, TEHSIL- BILASPUR, DISTRICT -YAMUNANAGAR, STATE- HARYANA. BEARING KHASRA NO.- 64//26.",HINDUSTAN PETROLEUM CORPORATION LIMITED,Yamunanagar,Pending at DFO for Scrutiny and Recommendation,2026-08-21T07:53:18.051+00:00,,400000.0,0.1776,https://parivesh.nic.in/newupgrade/#/report/ec?proposalId=1238985131
state,6,Haryana,top_cost,10,,,SIA/HR/INFRA2/593186/2026,"SMIPL Plant at Plot No. 1383, IMT Kharkhoda, Sonipat, Haryana by M/s  Suzuki Motorcycle India Pvt. Ltd.",SUZUKI motorcycle india private limited,Sonipat,Proposal Accepted and Referred to SEAC,2024-08-20T07:55:00.569+00:00,2025-01-03T12:46:38.097+00:00,376100.0,40.4704,https://parivesh.nic.in/newupgrade/#/report/ec?proposalId=1243234846
state,6,Haryana,top_land,1,,,SIA/HR/INFRA2/565496/2026,Proposed Residential Colony (Phase-I) (Under NILP Policy -2022) by Sobha Limited,sobha limited,Gurugram,Forwarded to USS SEIAA,2026-01-14T06:12:08.332+00:00,,31188.0,4854933.0,https://parivesh.nic.in/newupgrade/#/report/ec?proposalId=1216744972
state,6,Haryana,top_land,2,,,SIA/HR/INFRA2/538597/2025,"Construction Buildings infrastructures And Other For Shri Krishna Ayush University, Kurukshetra (Haryana) On EPC Mode Basis At Village- Fattupur, District Kurukshetra (Haryana)",Shri Krishna Ayush University Kurukshetra,Kurukshetra,Proposal pulled back (withdrawn),2025-05-22T08:10:38.813+00:00,,1.32856,382958.07,https://parivesh.nic.in/newupgrade/#/report/ec?proposalId=127599365
state,6,Haryana,top_land,3,,,SIA/HR/INFRA2/517653/2025,“Global Industrial Park” project,ADORE homes llp,Faridabad,Referred to SEIAA,2025-01-07T13:05:07.533+00:00,,18623.0,214153.67,https://parivesh.nic.in/newupgrade/#/report/ec?proposalId=116947258
state,6,Haryana,top_land,4,,,SIA/HR/INFRA2/409487/2022,Expansion of Residential Group Housing,KLJ DEVELOPERS PRIVATE LIMITED,Faridabad,TOR GRANTED,2022-12-06T10:05:10.183+00:00,,1.12105,207198.0,https://parivesh.nic.in/newupgrade/#/report/ec?proposalId=1886540
state,6,Haryana,top_land,5,,,SIA/HR/INFRA2/427252/2023,Expansion of Residential Group Housing,KLJ DEVELOPERS PRIVATE LIMITED,Faridabad,EC Granted,2023-04-26T05:53:30.270+00:00,2023-09-12T13:29:25.717+00:00,1.12105,207198.0,https://parivesh.nic.in/newupgrade/#/report/ec?proposalId=4866521
state,6,Haryana,top_land,6,,,SIA/HR/INFRA2/473598/2024,"Expansion of Group Housing Colony Project at Village Dhanwapur & Gurgaon, Sector -104, Gurugram, Haryana",Juventus Estate limited,Gurugram,Standard ToR Granted,2024-05-18T10:39:10.601+00:00,2024-05-31T12:25:55.631+00:00,1.1599283,137685.5729,https://parivesh.nic.in/newupgrade/#/report/ec?proposalId=69096932
state,6,Haryana,top_land,7,,,SIA/HR/INFRA2/482272/2024,"Expansion of Group Housing Colony Project at Village Dhanwapur & Gurgaon, Sector -104, Gurugram, Haryana",Juventus Estate limited,Gurugram,EC Granted,2024-06-18T14:27:20.343+00:00,2025-01-03T12:09:55.865+00:00,1.1599283,137685.5729,https://parivesh.nic.in/newupgrade/#/report/ec?proposalId=77133716
state,6,Haryana,top_land,8,,,SIA/HR/INFRA2/470081/2024,"Group Housing Colony at Village-Harsaru and Hayatpur, Sector-89 A, Gurugram, Haryana",VATIKA SEVEN ELEMENTS PRIVATE LIMITED,Gurugram,EC Granted,2024-04-20T09:51:47.501+00:00,2024-09-02T05:59:28.798+00:00,59471.0,57870.098,https://parivesh.nic.in/newupgrade/#/report/ec?proposalId=62135280
state,6,Haryana,top_land,9,,,SIA/HR/INFRA2/565244/2026,Expansion in Environmental Clearance of Residential Group Housing Colony by M/s TDI Infrastructure Ltd.,tdi INFRASTRUCTURE LIMITED,Sonipat,ADS Raised,2026-01-12T10:55:02.136+00:00,,72824.0,43857.73,https://parivesh.nic.in/newupgrade/#/report/ec?proposalId=1216582910
state,6,Haryana,top_land,10,,,SIA/HR/INFRA2/483683/2024,Group Housing Project,MG HOUSING Private Limited,Faridabad,Proposal returned in present form,2024-06-25T08:41:01.339+00:00,,19100.0,40783.25,https://parivesh.nic.in/newupgrade/#/report/ec?proposalId=78553474
state,6,Haryana,recent_change,1,added,,FP/HR/ROAD/595059/2026,INR Constructions,INR CONSTRUCTIONS,Karnal,Pending at DFO for Scrutiny and Recommendation,2026-10-10T04:15:09.737+00:00,,1000.0,7.5111,https://parivesh.nic.in/newupgrade/#/report/ec?proposalId=1244841591
state,6,Haryana,recent_change,2,added,,FP/HR/PetrolPump/595058/2026,"Diversion of Forest Land for establishment of Retail outlet of M/s Reliance BP Mobility Limited at Khasra No 70//18, Khewat No 364 situated on Badhra- Jui Khurd Road (MDR-125) at KM 16.000 (LHS) in Village Badhra Tehsil Badhra Distt Charkhi Dadri (Haryana).",RELIANCE BP MOBILITY LIMITED,Charki Dadri,Pending at DFO for Scrutiny and Recommendation,2026-10-10T04:07:36.435+00:00,,40.0,0.3702,https://parivesh.nic.in/newupgrade/#/report/ec?proposalId=1244841318
state,6,Haryana,recent_change,3,added,,FP/HR/IND/595054/2026,"Diversion of Forest Land for approach access to Proposed Site for Setting up an Industrial Unit (Wire drawing and Wire netting) along NH-01(New NH-44) to Sanpera Road (ODR ROAD) at KM Stone - 00.185 (R.H.S.) at Village – Barhi, Tehsil - Ganaur, Distt. – Sonipat (HR)",AMIT JAIN,Sonipat,Pending at DFO for Scrutiny and Recommendation,2026-10-09T19:50:15.413+00:00,,150.0,0.7278,https://parivesh.nic.in/newupgrade/#/report/ec?proposalId=1244820875
state,6,Haryana,recent_change,4,added,,FP/HR/OTHERS/595001/2026,"PERMISSION OF DIVERSION OF FOREST LAND AREA MEASURING 0.0074 Ha. FOR ACCESS TO PLOTTED COLONY (PRIVATE PROPERTY) BELONGING TO SH. PAWAN KUMAR S/O SH. CHANAN DASS ON LADWA - SHAHBAD ROAD (SH-7), NEAR KM STONE NO. 41, AT VILLAGE RAM SARAN MAJRA, TEHSIL BABAIN, DISTT. KURUKSHETRA (HARYANA).",PAWAN KUMAR,Kurukshetra,Pending at DFO for Scrutiny and Recommendation,2026-10-09T10:28:03.484+00:00,,500.0,0.9137,https://parivesh.nic.in/newupgrade/#/report/ec?proposalId=1244789786
state,6,Haryana,recent_change,5,added,,SIA/HR/INFRA2/594997/2026,"Proposed EPFO Housing Project in Sector 9, Gurugram, Haryana by Employees Provident Fund Organization",EMPLOYEES PROVIDENT FUND ORGANISATION,Gurugram,Under Verification,2026-10-09T10:12:11.245+00:00,,11020.0,1.0441,https://parivesh.nic.in/newupgrade/#/report/ec?proposalId=1244787266
state,6,Haryana,recent_change,6,added,,FP/HR/OTHERS/594996/2026,"PERMISSION OF DIVERSION OF FOREST LAND AREA MEASURING 0.0024 Ha FOR ACCESS TO PLOTTED COLONY (PRIVATE PROPERTY) BELONGING TO SH. PAWAN KUMAR S/O SH. CHANAN DASS ON GUHAN - RAM SARAN MAJRA ROAD (ODR), BETWEEN KM STONE NO. 0-1, AT VILLAGE RAM SARAN MAJRA, TEHSIL BABAIN, DISTT. KURUKSHETRA (HARYANA).",PAWAN KUMAR,Kurukshetra,Pending at DFO for Scrutiny and Recommendation,2026-10-09T10:10:28.708+00:00,,400.0,0.8421,https://parivesh.nic.in/newupgrade/#/report/ec?proposalId=1244786991
state,6,Haryana,recent_change,7,added,,FP/HR/OTHERS/594985/2026,"PERMISSION OF DIVERSION OF FOREST LAND AREA MEASURING 0.0061 Ha FOR ACCESS TO PLOTTED COLONY (PRIVATE PROPERTY) BELONGING TO SH. KULDEEP SINGH S/O SH. MAHINDER SINGH ON BABAIN - MANGOLI ROAD (ODR), BETWEEN KM STONE NO. 0-1, AT VILLAGE RAM SARAN MAJRA, TEHSIL BABAIN, DISTT. KURUKSHETRA (HARYANA).",KULDEEP SINGH,Kurukshetra,Pending at DFO for Scrutiny and Recommendation,2026-10-09T09:51:28.066+00:00,,1000.0,6.1975,https://parivesh.nic.in/newupgrade/#/report/ec?proposalId=1244783734
state,6,Haryana,recent_change,8,added,,FP/HR/OTHERS/594977/2026,"PERMISSION OF DIVERSION OF FOREST LAND AREA MEASURING 0.0147 Ha. FOR ACCESS TO PLOTTED COLONY (PRIVATE PROPERTY) BELONGING TO M/S BB REAL ESTATE ON LADWA – SHAHBAD ROAD (SH-7), NEAR KM STONE NO. 42, AT VILLAGE GUHAN, TEHSIL BABAIN, DISTT. KURUKSHETRA (HARYANA).",BB REAL ESTATE,Kurukshetra,Pending at DFO for Scrutiny and Recommendation,2026-10-09T09:34:36.939+00:00,,400.0,0.8847,https://parivesh.nic.in/newupgrade/#/report/ec?proposalId=1244781205
state,6,Haryana,recent_change,9,added,,FP/HR/OTHERS/594974/2026,"PERMISSION OF DIVERSION OF FOREST LAND AREA MEASURING 0.0033 Ha FOR ACCESS TO PLOTTED COLONY (PRIVATE PROPERTY) BELONGING TO M/S BB REAL ESTATE ON SH-7 TO GUHAN ROAD (ODR), BETWEEN KM STONE NO. 0-1, AT VILLAGE GUHAN, TEHSIL BABAIN, DISTT. KURUKSHETRA (HARYANA)",BB REAL ESTATE,Kurukshetra,Pending at DFO for Scrutiny and Recommendation,2026-10-09T09:15:23.551+00:00,,400.0,0.8733,https://parivesh.nic.in/newupgrade/#/report/ec?proposalId=1244777859
state,6,Haryana,recent_change,10,added,,FP/HR/OTHERS/594966/2026,"PERMISSION OF DIVERSION OF FOREST LAND AREA MEASURING 0.0188 Ha FOR ACCESS TO PLOTTED COLONY (PRIVATE PROPERTY) BELONGING TO M/S BB REAL ESTATE ON LADWA – SHAHBAD ROAD (SH-7), NEAR KM STONE NO. 43, AT VILLAGE BABAIN, TEHSIL BABAIN, DISTT. KURUKSHETRA (HARYANA)",BB REAL ESTATE,Kurukshetra,Pending at DFO for Scrutiny and Recommendation,2026-10-09T08:56:22.650+00:00,,1000.0,4.9483,https://parivesh.nic.in/newupgrade/#/report/ec?proposalId=1244774878
state,7,Delhi,stat,,projects,287,,,,,,,,,,
state,7,Delhi,stat,,active_projects,215,,,,,,,,,,
state,7,Delhi,stat,,applications,215,,,,,,,,,,
state,7,Delhi,stat,,ec_granted,105,,,,,,,,,,
state,7,Delhi,stat,,ec_tor,18,,,,,,,,,,
state,7,Delhi,stat,,ec_pending,68,,,,,,,,,,
state,7,Delhi,stat,,ec_rejected,3,,,,,,,,,,
state,7,Delhi,stat,,ec_withdrawn,21,,,,,,,,,,
state,7,Delhi,stat,,pc_A,11,,,,,,,,,,
state,7,Delhi,stat,,pc_B1,32,,,,,,,,,,
state,7,Delhi,stat,,pc_B2,118,,,,,,,,,,
state,7,Delhi,stat,,pc_OTHER,54,,,,,,,,,,
state,7,Delhi,stat,,ty_ec,140,,,,,,,,,,
state,7,Delhi,stat,,ty_forest,52,,,,,,,,,,
state,7,Delhi,stat,,ty_wildlife,2,,,,,,,,,,
state,7,Delhi,stat,,ty_crz,0,,,,,,,,,,
state,7,Delhi,stat,,ty_other,21,,,,,,,,,,
state,7,Delhi,stat,,delisted_or_removed,72,,,,,,,,,,
state,7,Delhi,stat,,total_cost_lakhs,5269504.6,,,,,,,,,,
state,7,Delhi,stat,,cost_outliers_excluded,0,,,,,,,,,,
state,7,Delhi,stat,,total_land_ha,84031.7659,,,,,,,,,,
state,7,Delhi,stat,,latest_application,2026-10-07T11:43:53.608+00:00,,,,,,,,,,
state,7,Delhi,stat,,latest_grant,2026-09-23T15:38:31.105+00:00,,,,,,,,,,
state,7,Delhi,stat,,changes_added,0,,,,,,,,,,
state,7,Delhi,stat,,changes_removed,0,,,,,,,,,,
state,7,Delhi,stat,,changes_updated,41,,,,,,,,,,
state,7,Delhi,stat,,changes_status,0,,,,,,,,,,
state,7,Delhi,stat,,compared_with,2026-10-09T20:19:01Z,,,,,,,,,,
state,7,Delhi,stat,,changes_added_active,0,,,,,,,,,,
state,7,Delhi,stat,,changes_removed_active,0,,,,,,,,,,
state,7,Delhi,stat,,changes_updated_active,26,,,,,,,,,,
state,7,Delhi,stat,,changes_status_active,0,,,,,,,,,,
state,7,Delhi,stat,,window_added_active,3,,,,,,,,,,
state,7,Delhi,stat,,window_updated_active,61,,,,,,,,,,
state,7,Delhi,stat,,window_added,3,,,,,,,,,,
state,7,Delhi,stat,,window_updated,96,,,,,,,,,,
state,7,Delhi,stat,,window_since,2025-11-13T13:12:24+05:30,,,,,,,,,,
state,7,Delhi,status,,EC Granted,88,,,,,,,,,,
state,7,Delhi,status,,DELISTED_BY_SYSTEM,72,,,,,,,,,,
state,7,Delhi,status,,Final Diversion Order Issued,16,,,,,,,,,,
state,7,Delhi,status,,ADS Raised,13,,,,,,,,,,
state,7,Delhi,status,,Proposal returned in present form,12,,,,,,,,,,
state,7,Delhi,status,,Standard ToR Granted,8,,,,,,,,,,
state,7,Delhi,status,,ToR Granted,7,,,,,,,,,,
state,7,Delhi,status,,Referred to SEIAA,7,,,,,,,,,,
state,7,Delhi,status,,Pending at UA for Compliance Report,6,,,,,,,,,,
state,7,Delhi,status,,Proposal Withdrawal Request Accepted,6,,,,,,,,,,
state,7,Delhi,status,,Pending at UA for DFO EDS Reply,4,,,,,,,,,,
state,7,Delhi,status,,EDS raised,4,,,,,,,,,,
state,7,Delhi,status,,TOR Granted,3,,,,,,,,,,
state,7,Delhi,status,,Pending at PP due to EDS by DFO,3,,,,,,,,,,
state,7,Delhi,status,,Pending on UA for Compensatory Levies Payment,3,,,,,,,,,,
state,7,Delhi,status,,Pending at DFO due to EDS by Nodal Officer,3,,,,,,,,,,
state,7,Delhi,status,,Pending at UA due to Delisting by Authority,3,,,,,,,,,,
state,7,Delhi,status,,Under Verification,3,,,,,,,,,,
state,7,Delhi,status,,REJECTED,2,,,,,,,,,,
state,7,Delhi,status,,Pending at UA due to EDS by DFO,2,,,,,,,,,,
state,7,Delhi,status,,Forwarded to DD,2,,,,,,,,,,
state,7,Delhi,status,,Withdrawal Request Accepted,2,,,,,,,,,,
state,7,Delhi,status,,(none),2,,,,,,,,,,
state,7,Delhi,status,,Pending at Technical Officer - IRO,2,,,,,,,,,,
state,7,Delhi,status,,Pending at Technical Officer RO for Stage-II Letter,1,,,,,,,,,,
state,7,Delhi,status,,Pending at UA for Compensatory Levies Payment and Compliance Report,1,,,,,,,,,,
state,7,Delhi,status,,Under Examination,1,,,,,,,,,,
state,7,Delhi,status,,Granted,1,,,,,,,,,,
state,7,Delhi,status,,Rejected in PSC-I,1,,,,,,,,,,
state,7,Delhi,status,,Proposal pulled back (withdrawn),1,,,,,,,,,,
state,7,Delhi,status,,Referred to EAC,1,,,,,,,,,,
state,7,Delhi,status,,Pending at DFO For Compliance Review,1,,,,,,,,,,
state,7,Delhi,status,,Pending at DFO for Compensatory Levies,1,,,,,,,,,,
state,7,Delhi,status,,Referred to SEAC,1,,,,,,,,,,
state,7,Delhi,status,,Proposal Accepted and Referred to EAC,1,,,,,,,,,,
state,7,Delhi,status,,Pending at UA due to EDS by MS after PSC-I,1,,,,,,,,,,
state,7,Delhi,status,,Pending at Nodal Officer for Recommendation after PSC-II,1,,,,,,,,,,
state,7,Delhi,status,,Pending at DFO for Scrutiny and Recommendation,1,,,,,,,,,,
state,7,Delhi,applications_by_year,,2022,12,,,,,,,,,,
state,7,Delhi,applications_by_year,,2023,38,,,,,,,,,,
state,7,Delhi,applications_by_year,,2024,56,,,,,,,,,,
state,7,Delhi,applications_by_year,,2025,56,,,,,,,,,,
state,7,Delhi,applications_by_year,,2026,53,,,,,,,,,,
state,7,Delhi,year_granted,,2022,11,,,,,,,,,,
state,7,Delhi,year_granted,,2023,23,,,,,,,,,,
state,7,Delhi,year_granted,,2024,31,,,,,,,,,,
state,7,Delhi,year_granted,,2025,34,,,,,,,,,,
state,7,Delhi,year_granted,,2026,6,,,,,,,,,,
state,7,Delhi,year_tor,,2023,5,,,,,,,,,,
state,7,Delhi,year_tor,,2024,4,,,,,,,,,,
state,7,Delhi,year_tor,,2025,7,,,,,,,,,,
state,7,Delhi,year_tor,,2026,2,,,,,,,,,,
state,7,Delhi,year_pending,,2023,8,,,,,,,,,,
state,7,Delhi,year_pending,,2024,4,,,,,,,,,,
state,7,Delhi,year_pending,,2025,13,,,,,,,,,,
state,7,Delhi,year_pending,,2026,43,,,,,,,,,,
state,7,Delhi,year_rejected,,2022,1,,,,,,,,,,
state,7,Delhi,year_rejected,,2023,1,,,,,,,,,,
state,7,Delhi,year_rejected,,2024,1,,,,,,,,,,
state,7,Delhi,year_withdrawn,,2023,1,,,,,,,,,,
state,7,Delhi,year_withdrawn,,2024,16,,,,,,,,,,
state,7,Delhi,year_withdrawn,,2025,2,,,,,,,,,,
state,7,Delhi,year_withdrawn,,2026,2,,,,,,,,,,
state,7,Delhi,year_pc_A,,2023,2,,,,,,,,,,
state,7,Delhi,year_pc_A,,2024,2,,,,,,,,,,
state,7,Delhi,year_pc_A,,2025,3,,,,,,,,,,
state,7,Delhi,year_pc_A,,2026,4,,,,,,,,,,
state,7,Delhi,year_pc_B1,,2022,1,,,,,,,,,,
state,7,Delhi,year_pc_B1,,2023,5,,,,,,,,,,
state,7,Delhi,year_pc_B1,,2024,10,,,,,,,,,,
state,7,Delhi,year_pc_B1,,2025,11,,,,,,,,,,
state,7,Delhi,year_pc_B1,,2026,5,,,,,,,,,,
state,7,Delhi,year_pc_B2,,2022,9,,,,,,,,,,
state,7,Delhi,year_pc_B2,,2023,18,,,,,,,,,,
state,7,Delhi,year_pc_B2,,2024,40,,,,,,,,,,
state,7,Delhi,year_pc_B2,,2025,32,,,,,,,,,,
state,7,Delhi,year_pc_B2,,2026,19,,,,,,,,,,
state,7,Delhi,year_pc_OTHER,,2022,2,,,,,,,,,,
state,7,Delhi,year_pc_OTHER,,2023,13,,,,,,,,,,
state,7,Delhi,year_pc_OTHER,,2024,4,,,,,,,,,,
state,7,Delhi,year_pc_OTHER,,2025,10,,,,,,,,,,
state,7,Delhi,year_pc_OTHER,,2026,25,,,,,,,,,,
state,7,Delhi,cube,,2022|granted|B1|ec,1,,,,,,,,,,
state,7,Delhi,cube,,2022|granted|B2|ec,9,,,,,,,,,,
state,7,Delhi,cube,,2022|granted|OTHER|forest,1,,,,,,,,,,
state,7,Delhi,cube,,2022|rejected|OTHER|forest,1,,,,,,,,,,
state,7,Delhi,cube,,2023|granted|A|other,1,,,,,,,,,,
state,7,Delhi,cube,,2023|granted|B1|ec,1,,,,,,,,,,
state,7,Delhi,cube,,2023|granted|B2|ec,16,,,,,,,,,,
state,7,Delhi,cube,,2023|granted|OTHER|forest,5,,,,,,,,,,
state,7,Delhi,cube,,2023|pending|B2|ec,1,,,,,,,,,,
state,7,Delhi,cube,,2023|pending|OTHER|forest,7,,,,,,,,,,
state,7,Delhi,cube,,2023|rejected|OTHER|forest,1,,,,,,,,,,
state,7,Delhi,cube,,2023|tor|A|ec,1,,,,,,,,,,
state,7,Delhi,cube,,2023|tor|B1|ec,3,,,,,,,,,,
state,7,Delhi,cube,,2023|tor|B1|other,1,,,,,,,,,,
state,7,Delhi,cube,,2023|withdrawn|B2|ec,1,,,,,,,,,,
state,7,Delhi,cube,,2024|granted|A|other,1,,,,,,,,,,
state,7,Delhi,cube,,2024|granted|B1|ec,2,,,,,,,,,,
state,7,Delhi,cube,,2024|granted|B1|other,1,,,,,,,,,,
state,7,Delhi,cube,,2024|granted|B2|ec,25,,,,,,,,,,
state,7,Delhi,cube,,2024|granted|B2|other,2,,,,,,,,,,
state,7,Delhi,cube,,2024|pending|B1|ec,1,,,,,,,,,,
state,7,Delhi,cube,,2024|pending|OTHER|forest,3,,,,,,,,,,
state,7,Delhi,cube,,2024|rejected|OTHER|forest,1,,,,,,,,,,
state,7,Delhi,cube,,2024|tor|B1|ec,4,,,,,,,,,,
state,7,Delhi,cube,,2024|withdrawn|A|ec,1,,,,,,,,,,
state,7,Delhi,cube,,2024|withdrawn|B1|ec,2,,,,,,,,,,
state,7,Delhi,cube,,2024|withdrawn|B2|ec,9,,,,,,,,,,
state,7,Delhi,cube,,2024|withdrawn|B2|other,4,,,,,,,,,,
state,7,Delhi,cube,,2025|granted|A|ec,2,,,,,,,,,,
state,7,Delhi,cube,,2025|granted|B1|ec,3,,,,,,,,,,
state,7,Delhi,cube,,2025|granted|B2|ec,20,,,,,,,,,,
state,7,Delhi,cube,,2025|granted|B2|other,1,,,,,,,,,,
state,7,Delhi,cube,,2025|granted|OTHER|forest,8,,,,,,,,,,
state,7,Delhi,cube,,2025|pending|B1|ec,1,,,,,,,,,,
state,7,Delhi,cube,,2025|pending|B2|ec,6,,,,,,,,,,
state,7,Delhi,cube,,2025|pending|B2|other,4,,,,,,,,,,
state,7,Delhi,cube,,2025|pending|OTHER|forest,2,,,,,,,,,,
state,7,Delhi,cube,,2025|tor|A|ec,1,,,,,,,,,,
state,7,Delhi,cube,,2025|tor|B1|ec,6,,,,,,,,,,
state,7,Delhi,cube,,2025|withdrawn|B1|ec,1,,,,,,,,,,
state,7,Delhi,cube,,2025|withdrawn|B2|ec,1,,,,,,,,,,
state,7,Delhi,cube,,2026|granted|A|ec,1,,,,,,,,,,
state,7,Delhi,cube,,2026|granted|B2|ec,3,,,,,,,,,,
state,7,Delhi,cube,,2026|granted|OTHER|forest,2,,,,,,,,,,
state,7,Delhi,cube,,2026|pending|A|ec,1,,,,,,,,,,
state,7,Delhi,cube,,2026|pending|B1|ec,3,,,,,,,,,,
state,7,Delhi,cube,,2026|pending|B1|other,1,,,,,,,,,,
state,7,Delhi,cube,,2026|pending|B2|ec,12,,,,,,,,,,
state,7,Delhi,cube,,2026|pending|B2|other,3,,,,,,,,,,
state,7,Delhi,cube,,2026|pending|OTHER|forest,21,,,,,,,,,,
state,7,Delhi,cube,,2026|pending|OTHER|wildlife,2,,,,,,,,,,
state,7,Delhi,cube,,2026|tor|A|ec,1,,,,,,,,,,
state,7,Delhi,cube,,2026|tor|B1|ec,1,,,,,,,,,,
state,7,Delhi,cube,,2026|withdrawn|A|other,1,,,,,,,,,,
state,7,Delhi,cube,,2026|withdrawn|B2|other,1,,,,,,,,,,
state,7,Delhi,run,,run_status,ok,,,,,,,,,,
state,7,Delhi,run,,run_date,2026-10-10T05:52:28Z,,,,,,,,,,
state,7,Delhi,run,,run_url,https://github.com/publicmap/parivesh-dashboard/actions/runs/38027443840,,,,,,,,,,
state,7,Delhi,top_recent_ec,1,,,FP/DL/WATER/565279/2026,"Boring and Installation of 46 Nos. tubewells along with construction of tubewell rooms at Sanjay Lake, smriti van adj. area at Mayur Vihar, East Delhi.",Delhi Jal Board,East,Final Diversion Order Issued,2026-01-12T12:32:46.162+00:00,2026-09-23T15:38:31.105+00:00,496.0,0.138,https://parivesh.nic.in/newupgrade/#/report/ec?proposalId=1216599877
state,7,Delhi,top_recent_ec,2,,,SIA/DL/INFRA2/560859/2025,"Proposed Addition/ Alteration of Him Hit CGHS at Plot No. 8, Sector-22, Dwarka, New Delhi",The himhit cghs limited,New Delhi,EC Granted,2025-12-06T10:21:00.797+00:00,2026-09-14T08:42:28.809+00:00,1650.0,1.05,https://parivesh.nic.in/newupgrade/#/report/ec?proposalId=865606178
state,7,Delhi,top_recent_ec,3,,,SIA/DL/INFRA2/561909/2025,"Proposed Expansion of Seema CGHS Ltd. at Plot No.-7, Sec-11, Dwarka, New Delhi, by M/s The Seema CGHS Ltd.",THE SEEMA COOPERATIVE GROUP HOUSING SOCIETY LIMITED,South West,EC Granted,2025-12-16T08:56:54.067+00:00,2026-09-14T08:32:48.411+00:00,441.7,1.2501,https://parivesh.nic.in/newupgrade/#/report/ec?proposalId=1040689378
state,7,Delhi,top_recent_ec,4,,,SIA/DL/INFRA2/572141/2026,"Expansion of the Cultural Complex ""Akshardham"" at N.H. 24, Pramukh Swami Maharaj Marg, Akshardham Setu, New Delhi by B.A.P.S. Swaminarayan Sanstha ( Bochasanwasi Shri Aksharpurshottam Swaminarayan Sanstha)",BOCHASANWASI SHRI AKSHARPURUSHOTTAM SWAMINARAYAN SANSTHA,Central,EC Granted,2026-03-12T10:12:22.303+00:00,2026-09-10T13:19:59.122+00:00,13400.0,17.5,https://parivesh.nic.in/newupgrade/#/report/ec?proposalId=1221569977
state,7,Delhi,top_recent_ec,5,,,FP/DL/RAIL/569814/2026,Construction of Rithala - Kundli  Metro Corridor Of DMRC Phase- IV MRTS,DELHI METRO RAIL CORPORATION LIMITED,North,Final Diversion Order Issued,2026-02-20T07:50:58.825+00:00,2026-08-15T10:30:48.834+00:00,6.23099,59.6696,https://parivesh.nic.in/newupgrade/#/report/ec?proposalId=1219853576
state,7,Delhi,top_recent_ec,6,,,SIA/DL/INFRA2/573113/2026,Construction of GB Pant Delhi Skill & Entrepreneurship University (Erstwhile Integrated Campus of GB Pant Engineering College & Polytechnic) at Okhla Campus Delhi.,Department of Training & Technical Education (Government of NCT of Delhi),South East,EC Granted,2026-03-20T12:16:28.911+00:00,2026-07-23T07:58:16.291+00:00,52666.0,9.2915,https://parivesh.nic.in/newupgrade/#/report/ec?proposalId=1222260715
state,7,Delhi,top_recent_ec,7,,,SIA/DL/INFRA2/572028/2026,"Proposed Construction of Oncology Center Building (200 Bedded) at Army Hospital (R&R), Delhi Cantt, Delhi",Commandant AHRR,New Delhi,EC Granted,2026-03-11T11:54:05.065+00:00,2026-07-23T07:48:44.263+00:00,22134.0,7.7105,https://parivesh.nic.in/newupgrade/#/report/ec?proposalId=1221489073
state,7,Delhi,top_recent_ec,8,,,SIA/DL/INFRA2/557074/2025,REVISION & EXPANSION OF THE HOSPITAL PROJECT,DEEPAK GUPTA MEMORIAL FOUNDATION,Shahdara,EC Granted,2025-11-04T11:56:51.405+00:00,2026-07-20T12:11:24.950+00:00,32.03448,0.76,https://parivesh.nic.in/newupgrade/#/report/ec?proposalId=228779178
state,7,Delhi,top_recent_ec,9,,,FP/DL/SCH/539327/2025,Construction of Student Accommodation for VMMC and Safdarjung Hospital at West Kidwai Nagar New Delhi,"Ministry of Health & Family Welfare Dept.,Govt. of India",New Delhi,Final Diversion Order Issued,2025-05-27T12:59:58.257+00:00,2026-07-20T09:48:57.476+00:00,9900.0,1.0,https://parivesh.nic.in/newupgrade/#/report/ec?proposalId=128193167
state,7,Delhi,top_recent_ec,10,,,SIA/DL/INFRA2/551633/2025,"Construction of Commercial Building at Plot No- LP-02- 01 at Aerocity Downtown District, Indira Gandhi International Airport, New Delhi.",PAMIR DEVELOPERS LIMITED,New Delhi,EC Granted,2025-09-15T09:18:23.055+00:00,2026-07-19T10:18:12.380+00:00,69200.0,2.5795,https://parivesh.nic.in/newupgrade/#/report/ec?proposalId=136290811
state,7,Delhi,top_cost,1,,,FP/DL/RAIL/573522/2026,Construction of shivaji Stadium  and Kartavya Bhawan stations under Phase-V (A) of Delhi MRTS,DELHI METRO RAIL CORPORATION LIMITED,New Delhi,Pending at DFO for Compensatory Levies,2026-03-25T07:21:37.899+00:00,,360000.0,12.47,https://parivesh.nic.in/newupgrade/#/report/ec?proposalId=1222576220
state,7,Delhi,top_cost,2,,,IA/DL/INFRA2/483998/2024,"Modification and Expansion of Indian Insititute of Technology located at Hauz Khas, Delhi by Indian Insititute of Technology",INDIAN INSTITUTE OF TECHNOLOGY,South,ToR Granted,2023-11-02T11:50:13.996+00:00,2024-10-28T12:53:27.793+00:00,96396.0,126.47,https://parivesh.nic.in/newupgrade/#/report/ec?proposalId=78880055
state,7,Delhi,top_cost,3,,,SIA/DL/INFRA2/451098/2023,"Modification and Expansion of Indian Insititute of Technology located at Hauz Khas, Delhi by Indian Insititute of Technology",INDIAN INSTITUTE OF TECHNOLOGY,South,TOR Granted,2023-11-02T11:50:13.996+00:00,2024-03-12T16:48:38.873+00:00,96396.0,126.47,https://parivesh.nic.in/newupgrade/#/report/ec?proposalId=21341010
state,7,Delhi,top_cost,4,,,IA/DL/INFRA2/479971/2024,"Modification and Expansion of Indian Insititute of Technology located at Hauz Khas, Delhi by Indian Insititute of Technology",INDIAN INSTITUTE OF TECHNOLOGY,South,EC Granted,2024-06-08T10:25:26.864+00:00,2025-02-21T04:54:46.171+00:00,96396.0,126.47,https://parivesh.nic.in/newupgrade/#/report/ec?proposalId=74746945
state,7,Delhi,top_cost,5,,,IA/DL/THE/503003/2025,"“Proposed Expansion of Existing Waste to Energy Plant up to 45 MW”, at adjacent DTC Tehkhand Depot, Maa Anandmai Marg, New Delhi-110020 by M/s Tehkhand Waste to Electricity Project Limited",TEHKHAND WASTE TO ELECTRICITY PROJECT LIMITED,South East,Proposal pulled back (withdrawn),2024-10-25T07:37:48.124+00:00,,90000.0,6.07,https://parivesh.nic.in/newupgrade/#/report/ec?proposalId=110303524
state,7,Delhi,top_cost,6,,,IA/DL/THE/544398/2025,"“Proposed Expansion of Existing Waste to Energy Plant up to 45 MW”, at adjacent DTC Tehkhand Depot, Maa Anandmai Marg, New Delhi-110020 by M/s Tehkhand Waste to Electricity Project Limited",TEHKHAND WASTE TO ELECTRICITY PROJECT LIMITED,South East,ToR Granted,2025-07-10T12:19:09.399+00:00,2025-09-16T03:49:32.302+00:00,90000.0,6.07,https://parivesh.nic.in/newupgrade/#/report/ec?proposalId=131891518
state,7,Delhi,top_cost,7,,,IA/DL/THE/566057/2026,"“Proposed Expansion of Existing Waste to Energy Plant up to 45 MW”, at adjacent DTC Tehkhand Depot, Maa Anandmai Marg, New Delhi-110020 by M/s Tehkhand Waste to Electricity Project Limited",TEHKHAND WASTE TO ELECTRICITY PROJECT LIMITED,South East,EC Granted,2026-01-19T11:50:31.267+00:00,2026-06-04T01:48:36.509+00:00,90000.0,6.07,https://parivesh.nic.in/newupgrade/#/report/ec?proposalId=1217127247
state,7,Delhi,top_cost,8,,,IA/DL/INFRA2/514066/2024,"Amendment in EC For Expansion of Group Housing colony  at Plot No.: B-319, Okhla Ind. area, Ph-1 New Delhi BY M/S GODREJ VESTAMARK LLP",GODREJ VESTAMARK LLP,South East,Proposal Withdrawal Request Accepted,2024-12-10T06:40:50.306+00:00,2025-02-04T06:52:55.628+00:00,86300.0,2.0879,https://parivesh.nic.in/newupgrade/#/report/ec?proposalId=114372085
state,7,Delhi,top_cost,9,,,IA/DL/INFRA2/514387/2024,"Application for Amendment in Environment Clearance of Group Housing Project at Plot no. B- 319, Okhla Industrial Area, Phase I, New Delhi by M/S GODREJ VESTAMARK LLP",GODREJ VESTAMARK LLP,South East,Proposal returned in present form,2024-12-12T11:28:49.965+00:00,,86300.0,2.0879,https://parivesh.nic.in/newupgrade/#/report/ec?proposalId=114633500
state,7,Delhi,top_cost,10,,,IA/DL/INFRA2/533600/2025,"Expansion of Group Housing Colony at Plot no. B- 319, Okhla Industrial Area, Phase I, New Delhi",GODREJ VESTAMARK LLP,South East,EC Granted,2025-04-10T10:55:38.866+00:00,2026-01-06T09:17:54.174+00:00,86300.0,2.0879,https://parivesh.nic.in/newupgrade/#/report/ec?proposalId=124630253
state,7,Delhi,top_land,1,,,SIA/DL/INFRA2/561449/2025,''Warehouse Project'' located at Rana Pratap Bagh G.T karnal Road Delhi by M/s Central Warehousing Corporation.,CENTRAL WAREHOUSING CORPORATION,North,EC Granted,2025-12-11T11:14:19.163+00:00,2026-05-01T08:24:09.294+00:00,33500.0,40480.0,https://parivesh.nic.in/newupgrade/#/report/ec?proposalId=960967378
state,7,Delhi,top_land,2,,,SIA/DL/INFRA2/563023/2026,"Warehouse project located at Block 2, Landmark near DSIDC, Kirti Nagar Industrial Area, New Delhi  by M/s. Central Warehousing Corporation.",CENTRAL WAREHOUSING CORPORATION,West,Referred to SEIAA,2025-12-24T11:41:30.447+00:00,,17500.0,20240.0,https://parivesh.nic.in/newupgrade/#/report/ec?proposalId=1208857668
state,7,Delhi,top_land,3,,,SIA/DL/INFRA2/542167/2025,"Transfer of EC for the project shopping Mall Plot No-4.Vasant Kunj Mall, Vasant Kunj , New Delhi",DLF CYBER CITY DEVELOPERS LIMITED,New Delhi,Referred to SEIAA,2025-06-20T06:43:21.673+00:00,,25000.0,15300.0,https://parivesh.nic.in/newupgrade/#/report/ec?proposalId=130386247
state,7,Delhi,top_land,4,,,SIA/DL/INFRA2/589696/2026,Expansion of Hospital project at Plot no. 5 & 6 Karkardooma Institutional Area Vikas Marg Delhi by  Kailash Deepak Hospital (run by Deepak Gupta Memorial Foundation),DEEPAK GUPTA MEMORIAL FOUNDATION,Shahdara,EDS raised,2026-08-20T11:12:28.024+00:00,,67.005,3083.454,https://parivesh.nic.in/newupgrade/#/report/ec?proposalId=1238915087
state,7,Delhi,top_land,5,,,IA/DL/INFRA2/515776/2024,Amendment in existing Environment Clearance of Indira Gandhi International Airport,DELHI INTERNATIONAL AIRPORT LIMITED,South West,EC Granted,2024-12-23T09:25:47.237+00:00,2025-04-11T05:19:17.850+00:00,16.0,2066.325,https://parivesh.nic.in/newupgrade/#/report/ec?proposalId=115578887
state,7,Delhi,top_land,6,,,IA/DL/INFRA2/518408/2025,"PROPOSED HOSTEL BUILDING FOR SCHOOL OF ENGINEERING & ATAL BIHARI VAJPAYEE SCHOOL OF MANAGEMENT AND ENTREPRENEURSHIP (SOE & ABVSME) AT EXISTING JNU CAMPUS, NEW DELHI",Jawaharlal Nehru University,New Delhi,Standard ToR Granted,2025-01-13T12:33:40.772+00:00,2025-01-22T05:52:39.112+00:00,16900.0,385.415,https://parivesh.nic.in/newupgrade/#/report/ec?proposalId=117468767
state,7,Delhi,top_land,7,,,SIA/DL/INFRA2/553709/2025,"PROPOSED HOSTEL BUILDING FOR SCHOOL OF ENGINEERING & ATAL BIHARI VAJPAYEE SCHOOL OF MANAGEMENT AND ENTREPRENEURSHIP (SOE & ABVSME) AT EXISTING JNU CAMPUS, NEW DELHI",Jawaharlal Nehru University,New Delhi,Proposal returned in present form,2025-09-30T12:16:40.063+00:00,,16900.0,385.415,https://parivesh.nic.in/newupgrade/#/report/ec?proposalId=137298421
state,7,Delhi,top_land,8,,,FP/DL/OTHERS/583465/2026,"Diversion of forest land falling within the existing secured boundary of Radha Soami Satsang, Bhati area, for integrated environmental management, institutional protection infrastructure, fire prevention measures, regulated access pathways, water conservation works and associated eco-sensitive non-permanent support facilities",RADHA SOAMI SATSANG BEAS,South,Pending at Nodal Officer for Recommendation after PSC-II,2026-06-26T11:16:31.620+00:00,,10.0,249.35,https://parivesh.nic.in/newupgrade/#/report/ec?proposalId=1233423061
state,7,Delhi,top_land,9,,,FP/DL/RAIL/413308/2023,3rd-4th Broad Gauge  Railway Line between  Anand Vihar- Tilak Bridge.(Northren Railway),"NORTHERN RAILWAY,CONSTRUCTION",East,Pending at UA for Compliance Report,2023-01-05T08:27:01.050+00:00,,41812.016,176.0214,https://parivesh.nic.in/newupgrade/#/report/ec?proposalId=2363567
state,7,Delhi,top_land,10,,,FP/DL/TRANS/451773/2023,Removal of LILO of Bawana- Mandola 400kV D/C line at Maharanibagh S/S and Extension of above LILO section from Maharanibagh upto Narela S/S so as to form 2X400kVD/C Maharanibagh- Narela line on Multicircuit tower using Twin HTLS conductor (RTM-Part G1),POWER GRID CORPORATION OF INDIA LTD,North,Final Diversion Order Issued,2023-11-08T10:22:20.553+00:00,2025-09-26T13:01:22.139+00:00,33306.0,130.5894,https://parivesh.nic.in/newupgrade/#/report/ec?proposalId=22788529
state,8,Rajasthan,stat,,projects,36784,,,,,,,,,,
state,8,Rajasthan,stat,,active_projects,20798,,,,,,,,,,
state,8,Rajasthan,stat,,applications,20798,,,,,,,,,,
state,8,Rajasthan,stat,,ec_granted,15357,,,,,,,,,,
state,8,Rajasthan,stat,,ec_tor,2624,,,,,,,,,,
state,8,Rajasthan,stat,,ec_pending,1963,,,,,,,,,,
state,8,Rajasthan,stat,,ec_rejected,65,,,,,,,,,,
state,8,Rajasthan,stat,,ec_withdrawn,789,,,,,,,,,,
state,8,Rajasthan,stat,,pc_A,306,,,,,,,,,,
state,8,Rajasthan,stat,,pc_B1,4362,,,,,,,,,,
state,8,Rajasthan,stat,,pc_B2,15386,,,,,,,,,,
state,8,Rajasthan,stat,,pc_OTHER,744,,,,,,,,,,
state,8,Rajasthan,stat,,ty_ec,19007,,,,,,,,,,
state,8,Rajasthan,stat,,ty_forest,657,,,,,,,,,,
state,8,Rajasthan,stat,,ty_wildlife,0,,,,,,,,,,
state,8,Rajasthan,stat,,ty_crz,2,,,,,,,,,,
state,8,Rajasthan,stat,,ty_other,1132,,,,,,,,,,
state,8,Rajasthan,stat,,delisted_or_removed,15986,,,,,,,,,,
state,8,Rajasthan,stat,,total_cost_lakhs,31552323.4,,,,,,,,,,
state,8,Rajasthan,stat,,cost_outliers_excluded,17,,,,,,,,,,
state,8,Rajasthan,stat,,total_land_ha,6023755.3039,,,,,,,,,,
state,8,Rajasthan,stat,,latest_application,2026-10-09T13:23:31.826+00:00,,,,,,,,,,
state,8,Rajasthan,stat,,latest_grant,2026-09-30T08:56:00.687+00:00,,,,,,,,,,
state,8,Rajasthan,stat,,changes_added,4,,,,,,,,,,
state,8,Rajasthan,stat,,changes_removed,0,,,,,,,,,,
state,8,Rajasthan,stat,,changes_updated,575,,,,,,,,,,
state,8,Rajasthan,stat,,changes_status,0,,,,,,,,,,
state,8,Rajasthan,stat,,compared_with,2026-10-09T20:19:01Z,,,,,,,,,,
state,8,Rajasthan,stat,,changes_added_active,4,,,,,,,,,,
state,8,Rajasthan,stat,,changes_removed_active,0,,,,,,,,,,
state,8,Rajasthan,stat,,changes_updated_active,465,,,,,,,,,,
state,8,Rajasthan,stat,,changes_status_active,0,,,,,,,,,,
state,8,Rajasthan,stat,,window_added_active,223,,,,,,,,,,
state,8,Rajasthan,stat,,window_updated_active,368,,,,,,,,,,
state,8,Rajasthan,stat,,window_added,223,,,,,,,,,,
state,8,Rajasthan,stat,,window_updated,478,,,,,,,,,,
state,8,Rajasthan,stat,,window_since,2026-10-01T03:52:08Z,,,,,,,,,,
state,8,Rajasthan,status,,DELISTED_BY_SYSTEM,15957,,,,,,,,,,
state,8,Rajasthan,status,,EC Granted,15083,,,,,,,,,,
state,8,Rajasthan,status,,Standard ToR Granted,1767,,,,,,,,,,
state,8,Rajasthan,status,,TOR GRANTED,531,,,,,,,,,,
state,8,Rajasthan,status,,EDS raised,392,,,,,,,,,,
state,8,Rajasthan,status,,ADS Raised,333,,,,,,,,,,
state,8,Rajasthan,status,,Proposal returned in present form,327,,,,,,,,,,
state,8,Rajasthan,status,,Final Diversion Order Issued,244,,,,,,,,,,
state,8,Rajasthan,status,,Referred to SEIAA,214,,,,,,,,,,
state,8,Rajasthan,status,,Proposal Withdrawal Request Accepted,206,,,,,,,,,,
state,8,Rajasthan,status,,TOR Granted,189,,,,,,,,,,
state,8,Rajasthan,status,,Withdrawal Request Accepted,187,,,,,,,,,,
state,8,Rajasthan,status,,Under Verification,182,,,,,,,,,,
state,8,Rajasthan,status,,Pending at MS SEIAA,156,,,,,,,,,,
state,8,Rajasthan,status,,ToR Granted,137,,,,,,,,,,
state,8,Rajasthan,status,,Under Examination,98,,,,,,,,,,
state,8,Rajasthan,status,,Referred to SEAC,96,,,,,,,,,,
state,8,Rajasthan,status,,Proposal Accepted and Referred to SEAC,84,,,,,,,,,,
state,8,Rajasthan,status,,Pending on UA for Compensatory Levies Payment,65,,,,,,,,,,
state,8,Rajasthan,status,,Proposal pulled back (withdrawn),64,,,,,,,,,,
state,8,Rajasthan,status,,Pending at UA due to EDS by DFO,35,,,,,,,,,,
state,8,Rajasthan,status,,Pending at DFO due to EDS by Nodal Officer,35,,,,,,,,,,
state,8,Rajasthan,status,,EC Rejected,34,,,,,,,,,,
state,8,Rajasthan,status,,Pending at DFO for Scrutiny and Recommendation,31,,,,,,,,,,
state,8,Rajasthan,status,,REMOVED,28,,,,,,,,,,
state,8,Rajasthan,status,,Pending at UA due to EDS by MS after PSC-I,28,,,,,,,,,,
state,8,Rajasthan,status,,Pending at PP due to EDS by Nodal Officer,27,,,,,,,,,,
state,8,Rajasthan,status,,Pending at UA for DFO EDS Reply,23,,,,,,,,,,
state,8,Rajasthan,status,,(none),19,,,,,,,,,,
state,8,Rajasthan,status,,Pending at UA for Compliance Report,16,,,,,,,,,,
state,8,Rajasthan,status,,REJECTED,15,,,,,,,,,,
state,8,Rajasthan,status,,Pending at PP due to EDS by DFO,14,,,,,,,,,,
state,8,Rajasthan,status,,Pending at UA due to Delisting by Authority,13,,,,,,,,,,
state,8,Rajasthan,status,,Pending at AIGF - RO,12,,,,,,,,,,
state,8,Rajasthan,status,,Stage-II Accorded,11,,,,,,,,,,
state,8,Rajasthan,status,,Granted,11,,,,,,,,,,
state,8,Rajasthan,status,,Pending at State Secretary for Recommendation,10,,,,,,,,,,
state,8,Rajasthan,status,,Rejected in PSC-I,8,,,,,,,,,,
state,8,Rajasthan,status,,Approval Granted,8,,,,,,,,,,
state,8,Rajasthan,status,,Application Rejected,7,,,,,,,,,,
state,8,Rajasthan,status,,Proposal Accepted and Referred to EAC,7,,,,,,,,,,
state,8,Rajasthan,status,,EDS Raised,6,,,,,,,,,,
state,8,Rajasthan,status,,Forwarded to DD,6,,,,,,,,,,
state,8,Rajasthan,status,,Pending at DFO For Compliance Review,5,,,,,,,,,,
state,8,Rajasthan,status,,Pending at DFO for Compensatory Levies,4,,,,,,,,,,
state,8,Rajasthan,status,,Pending at UA due to EDS by Nodal Officer,4,,,,,,,,,,
state,8,Rajasthan,status,,Pending at Nodal Officer for Recommendation,4,,,,,,,,,,
state,8,Rajasthan,status,,Withdrawn,3,,,,,,,,,,
state,8,Rajasthan,status,,Pending at AIGF RO for Stage-II Letter,3,,,,,,,,,,
state,8,Rajasthan,status,,Pending on UA for Levies Payment,3,,,,,,,,,,
state,8,Rajasthan,status,,Pending at DFO/CF after acceptance in PSC-I,3,,,,,,,,,,
state,8,Rajasthan,status,,Pending at Nodal Officer due to EDS by State Secretary,3,,,,,,,,,,
state,8,Rajasthan,status,,Pending at State Secretary for Compliance Review,2,,,,,,,,,,
state,8,Rajasthan,status,,Pending at State Secretary due to EDS by RO,2,,,,,,,,,,
state,8,Rajasthan,status,,EDS Under Examination,2,,,,,,,,,,
state,8,Rajasthan,status,,Pending at REC,2,,,,,,,,,,
state,8,Rajasthan,status,,Pending at Nodal Officer for Compliance Review,2,,,,,,,,,,
state,8,Rajasthan,status,,Pending at MS for Acceptance in PSC-I,2,,,,,,,,,,
state,8,Rajasthan,status,,Pending at MS for Recommendation in PSC-II,2,,,,,,,,,,
state,8,Rajasthan,status,,Pending at DFO for Issue Approval letter,2,,,,,,,,,,
state,8,Rajasthan,status,,Pending at State Secretary due to EDS by IRO,1,,,,,,,,,,
state,8,Rajasthan,status,,"Pending at AIGF/Scientist- MoEFCC, HQ",1,,,,,,,,,,
state,8,Rajasthan,status,,EDS RAISED,1,,,,,,,,,,
state,8,Rajasthan,status,,Pending at State Government for Diversion Letter,1,,,,,,,,,,
state,8,Rajasthan,status,,DELISTED,1,,,,,,,,,,
state,8,Rajasthan,status,,withdrawn,1,,,,,,,,,,
state,8,Rajasthan,status,,Pending at MS for Proposal Withdraw Request,1,,,,,,,,,,
state,8,Rajasthan,status,,"Pending at AIGF – MoEFCC, HQ for Final Approval",1,,,,,,,,,,
state,8,Rajasthan,status,,Return to UA,1,,,,,,,,,,
state,8,Rajasthan,status,,"Pending at AIGF - MoEFCC, HQ",1,,,,,,,,,,
state,8,Rajasthan,status,,Pending at UA for Compensatory Levies Payment and Compliance Report,1,,,,,,,,,,
state,8,Rajasthan,status,,"Pending at State Secretary due to EDS by MoEFCC, HQ",1,,,,,,,,,,
state,8,Rajasthan,status,,Raised/Forwarded EDS to UA,1,,,,,,,,,,
state,8,Rajasthan,status,,ToR Rejected,1,,,,,,,,,,
state,8,Rajasthan,status,,Pending at Technical Officer - RO,1,,,,,,,,,,
state,8,Rajasthan,status,,Referred to EAC,1,,,,,,,,,,
state,8,Rajasthan,status,,"Pending at Technical Officer - MoEFCC, HQ",1,,,,,,,,,,
state,8,Rajasthan,status,,Pending at UA due to EDS by Nodal,1,,,,,,,,,,
state,8,Rajasthan,status,,Pending at Technical Officer - IRO,1,,,,,,,,,,
state,8,Rajasthan,status,,Forwarded to MS,1,,,,,,,,,,
state,8,Rajasthan,applications_by_year,,2022,564,,,,,,,,,,
state,8,Rajasthan,applications_by_year,,2023,2098,,,,,,,,,,
state,8,Rajasthan,applications_by_year,,2024,14266,,,,,,,,,,
state,8,Rajasthan,applications_by_year,,2025,2279,,,,,,,,,,
state,8,Rajasthan,applications_by_year,,2026,1591,,,,,,,,,,
state,8,Rajasthan,year_granted,,2022,354,,,,,,,,,,
state,8,Rajasthan,year_granted,,2023,1169,,,,,,,,,,
state,8,Rajasthan,year_granted,,2024,12744,,,,,,,,,,
state,8,Rajasthan,year_granted,,2025,851,,,,,,,,,,
state,8,Rajasthan,year_granted,,2026,239,,,,,,,,,,
state,8,Rajasthan,year_tor,,2022,186,,,,,,,,,,
state,8,Rajasthan,year_tor,,2023,640,,,,,,,,,,
state,8,Rajasthan,year_tor,,2024,513,,,,,,,,,,
state,8,Rajasthan,year_tor,,2025,846,,,,,,,,,,
state,8,Rajasthan,year_tor,,2026,439,,,,,,,,,,
state,8,Rajasthan,year_pending,,2022,15,,,,,,,,,,
state,8,Rajasthan,year_pending,,2023,215,,,,,,,,,,
state,8,Rajasthan,year_pending,,2024,427,,,,,,,,,,
state,8,Rajasthan,year_pending,,2025,430,,,,,,,,,,
state,8,Rajasthan,year_pending,,2026,876,,,,,,,,,,
state,8,Rajasthan,year_rejected,,2022,7,,,,,,,,,,
state,8,Rajasthan,year_rejected,,2023,10,,,,,,,,,,
state,8,Rajasthan,year_rejected,,2024,28,,,,,,,,,,
state,8,Rajasthan,year_rejected,,2025,19,,,,,,,,,,
state,8,Rajasthan,year_rejected,,2026,1,,,,,,,,,,
state,8,Rajasthan,year_withdrawn,,2022,2,,,,,,,,,,
state,8,Rajasthan,year_withdrawn,,2023,64,,,,,,,,,,
state,8,Rajasthan,year_withdrawn,,2024,554,,,,,,,,,,
state,8,Rajasthan,year_withdrawn,,2025,133,,,,,,,,,,
state,8,Rajasthan,year_withdrawn,,2026,36,,,,,,,,,,
state,8,Rajasthan,year_pc_A,,2022,21,,,,,,,,,,
state,8,Rajasthan,year_pc_A,,2023,103,,,,,,,,,,
state,8,Rajasthan,year_pc_A,,2024,62,,,,,,,,,,
state,8,Rajasthan,year_pc_A,,2025,59,,,,,,,,,,
state,8,Rajasthan,year_pc_A,,2026,61,,,,,,,,,,
state,8,Rajasthan,year_pc_B1,,2022,271,,,,,,,,,,
state,8,Rajasthan,year_pc_B1,,2023,1154,,,,,,,,,,
state,8,Rajasthan,year_pc_B1,,2024,843,,,,,,,,,,
state,8,Rajasthan,year_pc_B1,,2025,1243,,,,,,,,,,
state,8,Rajasthan,year_pc_B1,,2026,851,,,,,,,,,,
state,8,Rajasthan,year_pc_B2,,2022,215,,,,,,,,,,
state,8,Rajasthan,year_pc_B2,,2023,721,,,,,,,,,,
state,8,Rajasthan,year_pc_B2,,2024,13190,,,,,,,,,,
state,8,Rajasthan,year_pc_B2,,2025,799,,,,,,,,,,
state,8,Rajasthan,year_pc_B2,,2026,461,,,,,,,,,,
state,8,Rajasthan,year_pc_OTHER,,2022,57,,,,,,,,,,
state,8,Rajasthan,year_pc_OTHER,,2023,120,,,,,,,,,,
state,8,Rajasthan,year_pc_OTHER,,2024,171,,,,,,,,,,
state,8,Rajasthan,year_pc_OTHER,,2025,178,,,,,,,,,,
state,8,Rajasthan,year_pc_OTHER,,2026,218,,,,,,,,,,
state,8,Rajasthan,cube,,2022|granted|A|ec,6,,,,,,,,,,
state,8,Rajasthan,cube,,2022|granted|A|other,1,,,,,,,,,,
state,8,Rajasthan,cube,,2022|granted|B1|ec,98,,,,,,,,,,
state,8,Rajasthan,cube,,2022|granted|B1|other,1,,,,,,,,,,
state,8,Rajasthan,cube,,2022|granted|B2|ec,213,,,,,,,,,,
state,8,Rajasthan,cube,,2022|granted|OTHER|forest,35,,,,,,,,,,
state,8,Rajasthan,cube,,2022|pending|OTHER|crz,1,,,,,,,,,,
state,8,Rajasthan,cube,,2022|pending|OTHER|forest,14,,,,,,,,,,
state,8,Rajasthan,cube,,2022|rejected|OTHER|forest,7,,,,,,,,,,
state,8,Rajasthan,cube,,2022|tor|A|ec,13,,,,,,,,,,
state,8,Rajasthan,cube,,2022|tor|B1|ec,172,,,,,,,,,,
state,8,Rajasthan,cube,,2022|tor|B2|ec,1,,,,,,,,,,
state,8,Rajasthan,cube,,2022|withdrawn|A|other,1,,,,,,,,,,
state,8,Rajasthan,cube,,2022|withdrawn|B2|other,1,,,,,,,,,,
state,8,Rajasthan,cube,,2023|granted|A|ec,28,,,,,,,,,,
state,8,Rajasthan,cube,,2023|granted|A|other,3,,,,,,,,,,
state,8,Rajasthan,cube,,2023|granted|B1|ec,499,,,,,,,,,,
state,8,Rajasthan,cube,,2023|granted|B1|other,1,,,,,,,,,,
state,8,Rajasthan,cube,,2023|granted|B2|ec,561,,,,,,,,,,
state,8,Rajasthan,cube,,2023|granted|B2|other,5,,,,,,,,,,
state,8,Rajasthan,cube,,2023|granted|OTHER|forest,72,,,,,,,,,,
state,8,Rajasthan,cube,,2023|pending|A|ec,3,,,,,,,,,,
state,8,Rajasthan,cube,,2023|pending|B1|ec,65,,,,,,,,,,
state,8,Rajasthan,cube,,2023|pending|B2|ec,107,,,,,,,,,,
state,8,Rajasthan,cube,,2023|pending|B2|other,1,,,,,,,,,,
state,8,Rajasthan,cube,,2023|pending|OTHER|forest,38,,,,,,,,,,
state,8,Rajasthan,cube,,2023|pending|OTHER|other,1,,,,,,,,,,
state,8,Rajasthan,cube,,2023|rejected|B1|other,1,,,,,,,,,,
state,8,Rajasthan,cube,,2023|rejected|OTHER|forest,9,,,,,,,,,,
state,8,Rajasthan,cube,,2023|tor|A|ec,51,,,,,,,,,,
state,8,Rajasthan,cube,,2023|tor|A|other,4,,,,,,,,,,
state,8,Rajasthan,cube,,2023|tor|B1|ec,570,,,,,,,,,,
state,8,Rajasthan,cube,,2023|tor|B1|other,5,,,,,,,,,,
state,8,Rajasthan,cube,,2023|tor|B2|ec,10,,,,,,,,,,
state,8,Rajasthan,cube,,2023|withdrawn|A|ec,12,,,,,,,,,,
state,8,Rajasthan,cube,,2023|withdrawn|A|other,2,,,,,,,,,,
state,8,Rajasthan,cube,,2023|withdrawn|B1|ec,10,,,,,,,,,,
state,8,Rajasthan,cube,,2023|withdrawn|B1|other,3,,,,,,,,,,
state,8,Rajasthan,cube,,2023|withdrawn|B2|ec,36,,,,,,,,,,
state,8,Rajasthan,cube,,2023|withdrawn|B2|other,1,,,,,,,,,,
state,8,Rajasthan,cube,,2024|granted|A|ec,15,,,,,,,,,,
state,8,Rajasthan,cube,,2024|granted|A|other,4,,,,,,,,,,
state,8,Rajasthan,cube,,2024|granted|B1|ec,217,,,,,,,,,,
state,8,Rajasthan,cube,,2024|granted|B1|other,27,,,,,,,,,,
state,8,Rajasthan,cube,,2024|granted|B2|ec,11893,,,,,,,,,,
state,8,Rajasthan,cube,,2024|granted|B2|other,498,,,,,,,,,,
state,8,Rajasthan,cube,,2024|granted|OTHER|forest,79,,,,,,,,,,
state,8,Rajasthan,cube,,2024|granted|OTHER|other,11,,,,,,,,,,
state,8,Rajasthan,cube,,2024|pending|A|ec,2,,,,,,,,,,
state,8,Rajasthan,cube,,2024|pending|A|other,2,,,,,,,,,,
state,8,Rajasthan,cube,,2024|pending|B1|ec,50,,,,,,,,,,
state,8,Rajasthan,cube,,2024|pending|B1|other,2,,,,,,,,,,
state,8,Rajasthan,cube,,2024|pending|B2|ec,285,,,,,,,,,,
state,8,Rajasthan,cube,,2024|pending|B2|other,17,,,,,,,,,,
state,8,Rajasthan,cube,,2024|pending|OTHER|forest,59,,,,,,,,,,
state,8,Rajasthan,cube,,2024|pending|OTHER|other,10,,,,,,,,,,
state,8,Rajasthan,cube,,2024|rejected|B1|ec,4,,,,,,,,,,
state,8,Rajasthan,cube,,2024|rejected|B2|ec,14,,,,,,,,,,
state,8,Rajasthan,cube,,2024|rejected|B2|other,1,,,,,,,,,,
state,8,Rajasthan,cube,,2024|rejected|OTHER|forest,9,,,,,,,,,,
state,8,Rajasthan,cube,,2024|tor|A|ec,24,,,,,,,,,,
state,8,Rajasthan,cube,,2024|tor|A|other,2,,,,,,,,,,
state,8,Rajasthan,cube,,2024|tor|B1|ec,481,,,,,,,,,,
state,8,Rajasthan,cube,,2024|tor|B1|other,6,,,,,,,,,,
state,8,Rajasthan,cube,,2024|withdrawn|A|ec,7,,,,,,,,,,
state,8,Rajasthan,cube,,2024|withdrawn|A|other,6,,,,,,,,,,
state,8,Rajasthan,cube,,2024|withdrawn|B1|ec,53,,,,,,,,,,
state,8,Rajasthan,cube,,2024|withdrawn|B1|other,3,,,,,,,,,,
state,8,Rajasthan,cube,,2024|withdrawn|B2|ec,444,,,,,,,,,,
state,8,Rajasthan,cube,,2024|withdrawn|B2|other,38,,,,,,,,,,
state,8,Rajasthan,cube,,2024|withdrawn|OTHER|other,3,,,,,,,,,,
state,8,Rajasthan,cube,,2025|granted|A|ec,16,,,,,,,,,,
state,8,Rajasthan,cube,,2025|granted|A|other,7,,,,,,,,,,
state,8,Rajasthan,cube,,2025|granted|B1|ec,207,,,,,,,,,,
state,8,Rajasthan,cube,,2025|granted|B1|other,13,,,,,,,,,,
state,8,Rajasthan,cube,,2025|granted|B2|ec,391,,,,,,,,,,
state,8,Rajasthan,cube,,2025|granted|B2|other,139,,,,,,,,,,
state,8,Rajasthan,cube,,2025|granted|OTHER|forest,68,,,,,,,,,,
state,8,Rajasthan,cube,,2025|granted|OTHER|other,10,,,,,,,,,,
state,8,Rajasthan,cube,,2025|pending|A|ec,4,,,,,,,,,,
state,8,Rajasthan,cube,,2025|pending|B1|ec,153,,,,,,,,,,
state,8,Rajasthan,cube,,2025|pending|B1|other,5,,,,,,,,,,
state,8,Rajasthan,cube,,2025|pending|B2|ec,162,,,,,,,,,,
state,8,Rajasthan,cube,,2025|pending|B2|other,16,,,,,,,,,,
state,8,Rajasthan,cube,,2025|pending|OTHER|crz,1,,,,,,,,,,
state,8,Rajasthan,cube,,2025|pending|OTHER|forest,84,,,,,,,,,,
state,8,Rajasthan,cube,,2025|pending|OTHER|other,5,,,,,,,,,,
state,8,Rajasthan,cube,,2025|rejected|B1|ec,3,,,,,,,,,,
state,8,Rajasthan,cube,,2025|rejected|B1|other,1,,,,,,,,,,
state,8,Rajasthan,cube,,2025|rejected|B2|ec,10,,,,,,,,,,
state,8,Rajasthan,cube,,2025|rejected|OTHER|forest,4,,,,,,,,,,
state,8,Rajasthan,cube,,2025|rejected|OTHER|other,1,,,,,,,,,,
state,8,Rajasthan,cube,,2025|tor|A|ec,15,,,,,,,,,,
state,8,Rajasthan,cube,,2025|tor|A|other,2,,,,,,,,,,
state,8,Rajasthan,cube,,2025|tor|B1|ec,812,,,,,,,,,,
state,8,Rajasthan,cube,,2025|tor|B1|other,17,,,,,,,,,,
state,8,Rajasthan,cube,,2025|withdrawn|A|ec,13,,,,,,,,,,
state,8,Rajasthan,cube,,2025|withdrawn|A|other,2,,,,,,,,,,
state,8,Rajasthan,cube,,2025|withdrawn|B1|ec,28,,,,,,,,,,
state,8,Rajasthan,cube,,2025|withdrawn|B1|other,4,,,,,,,,,,
state,8,Rajasthan,cube,,2025|withdrawn|B2|ec,59,,,,,,,,,,
state,8,Rajasthan,cube,,2025|withdrawn|B2|other,22,,,,,,,,,,
state,8,Rajasthan,cube,,2025|withdrawn|OTHER|other,5,,,,,,,,,,
state,8,Rajasthan,cube,,2026|granted|A|ec,6,,,,,,,,,,
state,8,Rajasthan,cube,,2026|granted|A|other,1,,,,,,,,,,
state,8,Rajasthan,cube,,2026|granted|B1|ec,60,,,,,,,,,,
state,8,Rajasthan,cube,,2026|granted|B1|other,13,,,,,,,,,,
state,8,Rajasthan,cube,,2026|granted|B2|ec,63,,,,,,,,,,
state,8,Rajasthan,cube,,2026|granted|B2|other,73,,,,,,,,,,
state,8,Rajasthan,cube,,2026|granted|OTHER|forest,9,,,,,,,,,,
state,8,Rajasthan,cube,,2026|granted|OTHER|other,14,,,,,,,,,,
state,8,Rajasthan,cube,,2026|pending|A|ec,17,,,,,,,,,,
state,8,Rajasthan,cube,,2026|pending|A|other,2,,,,,,,,,,
state,8,Rajasthan,cube,,2026|pending|B1|ec,339,,,,,,,,,,
state,8,Rajasthan,cube,,2026|pending|B1|other,12,,,,,,,,,,
state,8,Rajasthan,cube,,2026|pending|B2|ec,250,,,,,,,,,,
state,8,Rajasthan,cube,,2026|pending|B2|other,67,,,,,,,,,,
state,8,Rajasthan,cube,,2026|pending|OTHER|forest,169,,,,,,,,,,
state,8,Rajasthan,cube,,2026|pending|OTHER|other,20,,,,,,,,,,
state,8,Rajasthan,cube,,2026|rejected|OTHER|forest,1,,,,,,,,,,
state,8,Rajasthan,cube,,2026|tor|A|ec,21,,,,,,,,,,
state,8,Rajasthan,cube,,2026|tor|A|other,2,,,,,,,,,,
state,8,Rajasthan,cube,,2026|tor|B1|ec,410,,,,,,,,,,
state,8,Rajasthan,cube,,2026|tor|B1|other,6,,,,,,,,,,
state,8,Rajasthan,cube,,2026|withdrawn|A|ec,11,,,,,,,,,,
state,8,Rajasthan,cube,,2026|withdrawn|A|other,1,,,,,,,,,,
state,8,Rajasthan,cube,,2026|withdrawn|B1|ec,9,,,,,,,,,,
state,8,Rajasthan,cube,,2026|withdrawn|B1|other,2,,,,,,,,,,
state,8,Rajasthan,cube,,2026|withdrawn|B2|ec,4,,,,,,,,,,
state,8,Rajasthan,cube,,2026|withdrawn|B2|other,4,,,,,,,,,,
state,8,Rajasthan,cube,,2026|withdrawn|OTHER|other,5,,,,,,,,,,
state,8,Rajasthan,run,,run_status,ok,,,,,,,,,,
state,8,Rajasthan,run,,run_date,2026-10-10T05:52:28Z,,,,,,,,,,
state,8,Rajasthan,run,,run_url,https://github.com/publicmap/parivesh-dashboard/actions/runs/38027443840,,,,,,,,,,
state,8,Rajasthan,top_recent_ec,1,,,SIA/RJ/MIN/517230/2025,"M/s Balaji Stonex, Environmental Clearance for Granite Mining Project (M.L.No.18/2024 & Reference No. 202410000110036)",BALAJI STONEX,Rajsamand,EC Granted,2025-01-04T06:33:50.382+00:00,2026-09-30T08:56:00.687+00:00,2.5,1.7921,https://parivesh.nic.in/newupgrade/#/report/ec?proposalId=116687933
state,8,Rajasthan,top_recent_ec,2,,,IA/RJ/MIN/525023/2025,"Name Change in earlier granted EC from M/s Lafarge India Pvt. Ltd. to M/s Nuvoco Vistas Corp. Ltd. for existing Limestone mining project M.L. 10/2006, Area- 1476.425 Ha. located at near village- Arniya Joshi, Tehsil- Nimbahera, District- Chittorgarh (Raj.)",NUVOCO VISTAS CORPORATION LIMITED,Chittaurgarh,Granted,2025-02-21T06:39:45.519+00:00,2026-09-30T04:47:14.720+00:00,12985.0,1476.425,https://parivesh.nic.in/newupgrade/#/report/ec?proposalId=120624663
state,8,Rajasthan,top_recent_ec,3,,,IA/RJ/MIN/525107/2025,"Name Change in earlier granted EC from M/s Lafarge India Pvt. Ltd. to M/s Nuvoco Vistas Corp. Ltd. for existing Limestone mining project M.L. 9A/1992, with production capacity 2.6 Million TPA (ROM) Area- 602 Ha. located at near village- Sita Ram Ji Ka Khera, Tehsil- Nimbahera, District- Chittorgarh (Raj.)",NUVOCO VISTAS CORPORATION LIMITED,Chittaurgarh,Granted,2025-02-21T12:04:44.792+00:00,2026-09-30T04:35:09.279+00:00,5500.0,602.0,https://parivesh.nic.in/newupgrade/#/report/ec?proposalId=120672094
state,8,Rajasthan,top_recent_ec,4,,,SIA/RJ/MIN/562690/2026,"Proposed Granite & Masonry Stone Mining Project, Area- 1.3514 Ha., M.L No.-16/2025(Ref. No. 202510000138647), Near Village- Salgyawas, Tehsil – Todaraisingh & Dist.- Tonk (Raj.) of applicant M/s Sky Granites",SKY GRANITES,Tonk,EC Granted,2025-12-22T12:13:08.109+00:00,2026-09-29T14:51:15.905+00:00,150.0,1.3514,https://parivesh.nic.in/newupgrade/#/report/ec?proposalId=1163848378
state,8,Rajasthan,top_recent_ec,5,,,SIA/RJ/MIN/574212/2026,"Proposed Masonry Stone STP Mining Project (Ref. No. 202610000147250, Area- 0.86 ha) at Khasra no. 1315/1311 near village-Hajisagar, Tehsil-Aau, District- Phalodi (Rajasthan) of M/S Mahadev Construction Company",mahadev construction co.,Jodhpur,EC Granted,2026-03-31T10:39:18.036+00:00,2026-09-29T14:47:05.179+00:00,50.0,0.86,https://parivesh.nic.in/newupgrade/#/report/ec?proposalId=1223046577
state,8,Rajasthan,top_recent_ec,6,,,SIA/RJ/MIN/549475/2026,"Existing Sandstone Mining Project, Area- 1.6750Ha., M.L. No- 801/1991, Near Village- Dhaneshwar, Tehsil – Talera & Dist.- Bundi (Raj.) of applicant M/s Bhatia Stone Crusher",MOHAMMAD PARVEZ HASANNOORI,Bundi,EC Granted,2025-08-27T12:00:40.951+00:00,2026-09-29T14:41:44.099+00:00,105.0,1.675,https://parivesh.nic.in/newupgrade/#/report/ec?proposalId=135062988
state,8,Rajasthan,top_recent_ec,7,,,SIA/RJ/INFRA2/576420/2026,"Amendment in the existing Environmental Clearance issued to the Group Housing Project “Vedanta” located at Khasra No. 18, 75, 76, 77 & Khasra No. 19, 19/430, 20/1, 21/375, 74 & Plot No. R-1, Scheme Nandan Enclave South, Village: Murlipura, Tehsil Sanganer, Jaipur, Rajasthan, by M/s Renaissance Buildhome Pvt. Ltd.",RENAISSANCE BUILDHOME PRIVATE LIMITED,Jaipur,EC Granted,2026-04-20T20:06:37.983+00:00,2026-09-29T14:08:53.892+00:00,11184.0,3.27,https://parivesh.nic.in/newupgrade/#/report/ec?proposalId=1224961624
state,8,Rajasthan,top_recent_ec,8,,,SIA/RJ/INFRA2/577881/2026,"Proposed Group Housing Project “SARVAM” at Plot No. GH-2-A, Khasra No. 3531 to 3534, 3538 to 3540, 3552 to 3554, 3567 to 3570 of Village – Sanganer & Khasra No. 123 of Village – Khokhawas, Tehsil - Sanganer, District - Jaipur, Rajasthan by M/s Cityorbit Developers LLP",CITYORBIT DEVELOPERS LLP,,EC Granted,2026-05-04T11:56:31.758+00:00,2026-09-29T13:51:03.292+00:00,,,https://parivesh.nic.in/newupgrade/#/report/ec?proposalId=1226457553
state,8,Rajasthan,top_recent_ec,9,,,SIA/RJ/MIN/572862/2026,"Proposed Bentonite Mining Project, Ref.No.20221000058471, Area: 2.0 Hect. Near Village- Aakli ,Tehsil- Sheo, District- Barmer (Raj.) in Favor of Smt. kamla Kanwar W/o Shri Jabbar Singh.",KAMLAKANWAR,Barmer,EC Granted,2026-03-18T10:25:57.313+00:00,2026-09-29T13:40:59.157+00:00,120.0,2.0,https://parivesh.nic.in/newupgrade/#/report/ec?proposalId=1222066052
state,8,Rajasthan,top_recent_ec,10,,,SIA/RJ/MIN/566498/2026,"Proposed Bentonite Mining Project, Ref. No.-202510000120830, Area: 2.3978 Hect.,  Near Village- Thumbli, Teshil-Sheo, District- Barmer (Raj.) in favor of Shri Narsingaram S/O Shri Daya Ram Darji.",narsinga ram,Barmer,EC Granted,2026-01-22T12:48:22.719+00:00,2026-09-29T13:34:12.607+00:00,180.0,2.3978,https://parivesh.nic.in/newupgrade/#/report/ec?proposalId=1217406246
state,8,Rajasthan,top_cost,1,,,FP/RJ/SRY/591110/2026,"Preliminary investigation for Graphite and associated mineralisation, in parts of Buchpuri-Saloli area, Alwar District Rajasthan  (G3)","Geological Survey of INDIA, Ministry of Mines",Alwar,Pending at DFO for Issue Approval letter,2026-09-03T09:27:43.150+00:00,,3500000.0,200.0,https://parivesh.nic.in/newupgrade/#/report/ec?proposalId=1240087708
state,8,Rajasthan,top_cost,2,,,IA/RJ/IND2/593974/2026,"Onshore Oil & Gas Development & Production in RJ-ON-90/1 Block at District Barmer & Jalore, Rajasthan",VEDANTA OIL AND GAS LIMITED,Jalor,Under Examination,2026-10-01T05:24:33.742+00:00,,1200000.0,311100.0,https://parivesh.nic.in/newupgrade/#/report/ec?proposalId=1243798028
state,8,Rajasthan,top_cost,3,,,IA/RJ/IND1/583675/2026,"Proposed Expansion of Dariba Smelter Complex-Zinc Smelter (2,50,000 TPA to 3,00,000 TPA), Lead Smelter (1,25,000 TPA to 3,75,000 TPA), CPP 170 MW (2*85) to 198 MW (2*99) at Dariba Smelter Complex, District- Rajsamand, Rajasthan",HINDUSTAN ZINC LIMITED,Rajsamand,EDS Under Examination,2026-06-29T11:50:23.741+00:00,,1160400.0,162.0,https://parivesh.nic.in/newupgrade/#/report/ec?proposalId=1233638630
state,8,Rajasthan,top_cost,4,,,IA/RJ/IND3/586447/2026,"Proposed Dyes & dye intermediates manufacturing unit with production capacity to the tune of 41 Tonnes/Month located at Khasra no. 4940, Village- Umarda, Taluka- Girwa, District- Udaipur, Rajasthan promoted by Arham Chemtech Industries",ATMA PRAKASH JAIN,Udaipur,Standard ToR Granted,2026-07-23T11:36:16.820+00:00,2026-08-25T03:21:56.377+00:00,1000000.0,0.2175,https://parivesh.nic.in/newupgrade/#/report/ec?proposalId=1236185953
state,8,Rajasthan,top_cost,5,,,SIA/RJ/MIN/593672/2026,Kasti Sandstone Mine (Plot No 34/2025),Rajendra Kumar,Jodhpur,Under Examination,2026-09-28T12:37:58.976+00:00,,1000000.0,1.0,https://parivesh.nic.in/newupgrade/#/report/ec?proposalId=1243562923
state,8,Rajasthan,top_cost,6,,,FP/RJ/IND/582926/2026,Transfer of Forest Clearance from M/s Aravali Fertilisers Ltd. to M/s Chambal Fertilisers and Chemical Limited for diversion of 169.73 ha. of forest land in Kota district for establishment of a fertilizer plant,chambal fertilisers and chemicals ltd,Kota,Pending at UA due to Delisting by Authority,2026-06-22T09:56:30.224+00:00,,901000.0,411.52,https://parivesh.nic.in/newupgrade/#/report/ec?proposalId=1232940773
state,8,Rajasthan,top_cost,7,,,SIA/RJ/MIN/594402/2026,"EC Transfer of Existing Masonry stone Mining Project (Production Capacity - 63000 TPA, M.L. No.- 518/2007, Area- 1 Ha.) N/v- Gonora, Tehsil- Danta District- sikar (Raj.) from Shri  Mahendra Shukla  to Sanju W/o-Hari ram",SANJU,Sikar,EDS raised,2026-10-05T17:31:02.224+00:00,,800000.0,1.0,https://parivesh.nic.in/newupgrade/#/report/ec?proposalId=1244153591
state,8,Rajasthan,top_cost,8,,,FP/RJ/WATER/565860/2026,Diversion of forest land for the construction of Mor Sagar Artificial Reservior in Ajmer District of Rajasthan,EASTERN RAJASTHAN CANAL PROJECT CORPORATION LIMITED,Ajmer,Pending at DFO/CF after acceptance in PSC-I,2026-01-17T03:55:11.764+00:00,,536605.0,1050.3677,https://parivesh.nic.in/newupgrade/#/report/ec?proposalId=1216978168
state,8,Rajasthan,top_cost,9,,,SIA/RJ/MIN/593582/2026,"Proposed China Clay Mine (Minor Mineral) Mining Project M. L. No 07/2026 Area- 1.6959 ha, Khasra No 294 Proposed Production Capacity: - 97672.5TPA (ROM) [China Clay –87905.25TPA & Waste- 9767.25 TPA] located at Near Village-Tangla, Tehsil-Jayal, District – Nagaur, Rajasthan by M/s Marwar Mines and Minerals.",marwar mines and minerals,Nagaur,EDS raised,2026-09-28T07:32:14.771+00:00,,500000.0,1.6959,https://parivesh.nic.in/newupgrade/#/report/ec?proposalId=1243509465
state,8,Rajasthan,top_cost,10,,,IA/RJ/IND1/588874/2026,"Integrated Cement Plant - Clinker: 2 x 3.5 Million TPA; Cement: 2 x 3.0 Million TPA (OPC, PPC, PSC, SRC, RHPC & Composite Cement), Captive Power Plant: 25 MW, Waste Heat Recovery System: 2 x 23 MW, Synthetic Gypsum: 1560 TPD (65 TPH), DG Sets: 2900 KVA (1 x 2500 KVA & 1 x 400 KVA or 2 x 1000 KVA, 1 x 500 KVA & 1 x 400 KVA or 1 x 1000 KVA, 2 x 500 KVA, 1 x 400 KVA & 2 x 250 KVA) along with Railway Siding located at Village: Harima, Tehsil & District: Nagaur, Rajasthan by Shree Cement Limited.",Shree Cement Limited,Nagaur,Standard ToR Granted,2026-08-12T16:43:27.354+00:00,2026-08-27T08:27:39.894+00:00,454000.0,92.91,https://parivesh.nic.in/newupgrade/#/report/ec?proposalId=1238260540
state,8,Rajasthan,top_land,1,,,SIA/RJ/MIN/477951/2024,"Re Appraisal of EC granted from DEIAA to SEIAA Marble Mining Project (ML Area-2.362075 ha and ML No. 22/96) with production capacity of 87,292 TPA(ROM) located at Near Village- Talai, Tehsil & Distt -Rajsamand, (Rajasthan) by Shree Talai mining.",SAMYAK BADALA,Rajsamand,EC Granted,2024-05-31T12:32:25.240+00:00,2024-12-30T20:22:23.688+00:00,2.5,2036207.0,https://parivesh.nic.in/newupgrade/#/report/ec?proposalId=72499288
state,8,Rajasthan,top_land,2,,,SIA/RJ/MIN/586080/2026,"Proposed Project River Sand Mining Project Lease Area 70.4102 hect. Plot No. BJ-58/2025 At Near Village Aauwa & Aasan Ghanchiyan, Tehsil-Marwar Junction District-Pali, State-Rajasthan in favor of M/S Prakash Raychand Bishnoi (Proprietor- Sh. Prakash)",prakash,Pali,Standard ToR Granted,2026-07-20T14:42:48.261+00:00,2026-07-23T06:25:59.820+00:00,1500.0,704102.0,https://parivesh.nic.in/newupgrade/#/report/ec?proposalId=1235853233
state,8,Rajasthan,top_land,3,,,IA/RJ/IND2/593974/2026,"Onshore Oil & Gas Development & Production in RJ-ON-90/1 Block at District Barmer & Jalore, Rajasthan",VEDANTA OIL AND GAS LIMITED,Jalor,Under Examination,2026-10-01T05:24:33.742+00:00,,1200000.0,311100.0,https://parivesh.nic.in/newupgrade/#/report/ec?proposalId=1243798028
state,8,Rajasthan,top_land,4,,,SIA/RJ/IND2/435610/2023,Onshore Oil and Gas Exploration in RJ-ONHP-2019/1 Block in the state of Rajasthan,MANOJ SHARMA,Bikaner,EC Granted,2023-07-04T11:21:31.189+00:00,2023-10-12T11:08:56.170+00:00,1300.0,211883.0,https://parivesh.nic.in/newupgrade/#/report/ec?proposalId=6542650
state,8,Rajasthan,top_land,5,,,SIA/RJ/INFRA2/451183/2023,"Expansion & Revision of Township Project “Green Acres""",REVERENCE ENTERPRISES LLP,Alwar,TOR GRANTED,2023-11-03T07:51:03.724+00:00,,23951.0,200200.04,https://parivesh.nic.in/newupgrade/#/report/ec?proposalId=21573193
state,8,Rajasthan,top_land,6,,,SIA/RJ/INFRA2/483696/2024,"Expansion & Revision of Township Project “Green Acres""",REVERENCE ENTERPRISES LLP,Alwar,EC Granted,2024-06-25T09:00:00.333+00:00,2024-09-10T11:36:47.141+00:00,23951.0,200200.04,https://parivesh.nic.in/newupgrade/#/report/ec?proposalId=78556976
state,8,Rajasthan,top_land,7,,,SIA/RJ/INFRA2/499082/2024,"Expansion & Revision of Township Project “Green Acres""",REVERENCE ENTERPRISES LLP,Alwar,EC Granted,2024-09-30T11:53:21.886+00:00,2025-11-04T12:56:39.256+00:00,23951.0,200200.04,https://parivesh.nic.in/newupgrade/#/report/ec?proposalId=107001490
state,8,Rajasthan,top_land,8,,,SIA/RJ/INFRA2/456242/2023,"Design, construction, establishment and development of Processing Plant and Engineered Sanitary Landfill Site of Solid Waste at Jaisalmer by SHRI BALAJI CARETAKER",RAJ SINGH,Jaisalmer,TOR GRANTED,2023-12-21T06:17:03.135+00:00,,740.17,161966.0,https://parivesh.nic.in/newupgrade/#/report/ec?proposalId=32840185
state,8,Rajasthan,top_land,9,,,SIA/RJ/MIN/594412/2026,"Expansion in Existing Production Capacity from-127888 TPA(ROM)to 2,50,000(ROM) , ML no-648/2004 ,Area -1.0 Ha ,Near Village -Chapara, Tehsil-Pahari, District-Deeg (Raj) for Smt. Shikha Jain W/o-Shri Shekhar Jain",shikha jain,Bharatpur,Under Verification,2026-10-06T05:04:15.075+00:00,,100.0,127888.0,https://parivesh.nic.in/newupgrade/#/report/ec?proposalId=1244179490
state,8,Rajasthan,top_land,10,,,SIA/RJ/INFRA2/555070/2025,"Expansion of Industrial shed for Manufacturing of Aluminium Extrusion Profile & Components, HPDC, LPDC, GDC, CNC, Alloy making forging with machining and assembly coming up at RIICO Industrial Area Karoli Bhiwadi II, District- Khairthal-Tijara, Rajasthan by M/s Maxop Engineering Company Private Limited",MAXOP ENGINEERING COMPANY PRIVATE LIMITED,Alwar,EC Granted,2025-10-14T05:56:42.074+00:00,2026-03-14T17:50:11.474+00:00,75000.0,121653.0,https://parivesh.nic.in/newupgrade/#/report/ec?proposalId=138028401
state,8,Rajasthan,recent_change,1,added,,SIA/RJ/INFRA2/595037/2026,Group Housing Project,Pure Awas Developers LLP,Jaipur,Under Verification,2026-10-09T13:23:31.826+00:00,,10635.0,1.5559,https://parivesh.nic.in/newupgrade/#/report/ec?proposalId=1244814304
state,8,Rajasthan,recent_change,2,added,,SIA/RJ/INFRA2/594990/2026,Manufacturing of Two Wheelers & Parts Packaging Unit,HERO MOTOCORP LIMITED,Alwar,Under Examination,2026-10-09T09:57:58.692+00:00,,21900.0,33.305,https://parivesh.nic.in/newupgrade/#/report/ec?proposalId=1244784913
state,8,Rajasthan,recent_change,3,added,,SIA/RJ/MIN/594953/2026,"EC transfer of Existing Masonry Stone Mining Lease M. L. No. 78/1997, Area :1.00 Ha, Located at Near Village – Beri, Tehsil- Kotputli, District- Kotputli-Behror (Raj.) in favour of M/s Triveni Grit Manufacturing Company",triveni grit manufacturing company,Jaipur,EDS raised,2026-10-09T07:14:38.182+00:00,,50.0,1.0,https://parivesh.nic.in/newupgrade/#/report/ec?proposalId=1244760699
state,8,Rajasthan,recent_change,4,added,,SIA/RJ/MIN/594921/2026,QL NO 343 AREA BHOMIYAJI KA THAN,LAXMAN RAM,Jodhpur,EDS raised,2026-10-09T05:13:22.121+00:00,,10.0,0.18,https://parivesh.nic.in/newupgrade/#/report/ec?proposalId=1244741625
state,9,Uttar Pradesh,stat,,projects,7344,,,,,,,,,,
state,9,Uttar Pradesh,stat,,active_projects,6184,,,,,,,,,,
state,9,Uttar Pradesh,stat,,applications,6184,,,,,,,,,,
state,9,Uttar Pradesh,stat,,ec_granted,3172,,,,,,,,,,
state,9,Uttar Pradesh,stat,,ec_tor,1314,,,,,,,,,,
state,9,Uttar Pradesh,stat,,ec_pending,1567,,,,,,,,,,
state,9,Uttar Pradesh,stat,,ec_rejected,5,,,,,,,,,,
state,9,Uttar Pradesh,stat,,ec_withdrawn,126,,,,,,,,,,
state,9,Uttar Pradesh,stat,,pc_A,199,,,,,,,,,,
state,9,Uttar Pradesh,stat,,pc_B1,2579,,,,,,,,,,
state,9,Uttar Pradesh,stat,,pc_B2,1745,,,,,,,,,,
state,9,Uttar Pradesh,stat,,pc_OTHER,1661,,,,,,,,,,
state,9,Uttar Pradesh,stat,,ty_ec,4382,,,,,,,,,,
state,9,Uttar Pradesh,stat,,ty_forest,1415,,,,,,,,,,
state,9,Uttar Pradesh,stat,,ty_wildlife,162,,,,,,,,,,
state,9,Uttar Pradesh,stat,,ty_crz,0,,,,,,,,,,
state,9,Uttar Pradesh,stat,,ty_other,225,,,,,,,,,,
state,9,Uttar Pradesh,stat,,delisted_or_removed,1160,,,,,,,,,,
state,9,Uttar Pradesh,stat,,total_cost_lakhs,147743847.03,,,,,,,,,,
state,9,Uttar Pradesh,stat,,cost_outliers_excluded,28,,,,,,,,,,
state,9,Uttar Pradesh,stat,,total_land_ha,31854286.7659,,,,,,,,,,
state,9,Uttar Pradesh,stat,,latest_application,2026-10-09T12:27:38.610+00:00,,,,,,,,,,
state,9,Uttar Pradesh,stat,,latest_grant,2026-09-29T07:03:46.775+00:00,,,,,,,,,,
state,9,Uttar Pradesh,stat,,changes_added,3,,,,,,,,,,
state,9,Uttar Pradesh,stat,,changes_removed,0,,,,,,,,,,
state,9,Uttar Pradesh,stat,,changes_updated,865,,,,,,,,,,
state,9,Uttar Pradesh,stat,,changes_status,0,,,,,,,,,,
state,9,Uttar Pradesh,stat,,compared_with,2026-10-09T20:19:01Z,,,,,,,,,,
state,9,Uttar Pradesh,stat,,changes_added_active,3,,,,,,,,,,
state,9,Uttar Pradesh,stat,,changes_removed_active,0,,,,,,,,,,
state,9,Uttar Pradesh,stat,,changes_updated_active,683,,,,,,,,,,
state,9,Uttar Pradesh,stat,,changes_status_active,0,,,,,,,,,,
state,9,Uttar Pradesh,stat,,window_added_active,168,,,,,,,,,,
state,9,Uttar Pradesh,stat,,window_updated_active,616,,,,,,,,,,
state,9,Uttar Pradesh,stat,,window_added,168,,,,,,,,,,
state,9,Uttar Pradesh,stat,,window_updated,798,,,,,,,,,,
state,9,Uttar Pradesh,stat,,window_since,2026-10-01T03:52:08Z,,,,,,,,,,
state,9,Uttar Pradesh,status,,EC Granted,2369,,,,,,,,,,
state,9,Uttar Pradesh,status,,DELISTED_BY_SYSTEM,1069,,,,,,,,,,
state,9,Uttar Pradesh,status,,ToR Granted,752,,,,,,,,,,
state,9,Uttar Pradesh,status,,Final Diversion Order Issued,565,,,,,,,,,,
state,9,Uttar Pradesh,status,,TOR Granted,414,,,,,,,,,,
state,9,Uttar Pradesh,status,,Under Verification,369,,,,,,,,,,
state,9,Uttar Pradesh,status,,Stage-II Accorded,224,,,,,,,,,,
state,9,Uttar Pradesh,status,,(none),211,,,,,,,,,,
state,9,Uttar Pradesh,status,,Pending at UA for Compliance Report,102,,,,,,,,,,
state,9,Uttar Pradesh,status,,REMOVED,91,,,,,,,,,,
state,9,Uttar Pradesh,status,,Proposal returned in present form,88,,,,,,,,,,
state,9,Uttar Pradesh,status,,TOR GRANTED,80,,,,,,,,,,
state,9,Uttar Pradesh,status,,Pending at DFO for Scrutiny and Recommendation,73,,,,,,,,,,
state,9,Uttar Pradesh,status,,Pending at MS SEIAA,72,,,,,,,,,,
state,9,Uttar Pradesh,status,,Pending on UA for Compensatory Levies Payment,70,,,,,,,,,,
state,9,Uttar Pradesh,status,,Standard ToR Granted,68,,,,,,,,,,
state,9,Uttar Pradesh,status,,ADS Raised,61,,,,,,,,,,
state,9,Uttar Pradesh,status,,Referred to SEAC,54,,,,,,,,,,
state,9,Uttar Pradesh,status,,Proposal Accepted and Referred to SEAC,51,,,,,,,,,,
state,9,Uttar Pradesh,status,,Pending at State Government for Diversion Letter,50,,,,,,,,,,
state,9,Uttar Pradesh,status,,Referred to SEIAA,44,,,,,,,,,,
state,9,Uttar Pradesh,status,,Pending at UA due to EDS by DFO,41,,,,,,,,,,
state,9,Uttar Pradesh,status,,Under Examination,39,,,,,,,,,,
state,9,Uttar Pradesh,status,,Pending at UA for DFO EDS Reply,31,,,,,,,,,,
state,9,Uttar Pradesh,status,,Pending at State Secretary for Recommendation,31,,,,,,,,,,
state,9,Uttar Pradesh,status,,Proposal pulled back (withdrawn),31,,,,,,,,,,
state,9,Uttar Pradesh,status,,Pending at DFO due to EDS by Nodal Officer,29,,,,,,,,,,
state,9,Uttar Pradesh,status,,EDS raised,28,,,,,,,,,,
state,9,Uttar Pradesh,status,,Pending at State Secretary for Compliance Review,27,,,,,,,,,,
state,9,Uttar Pradesh,status,,Pending at PP due to EDS by DFO,23,,,,,,,,,,
state,9,Uttar Pradesh,status,,Pending at UA for Compensatory Levies Payment and Compliance Report,23,,,,,,,,,,
state,9,Uttar Pradesh,status,,Pending at UA due to EDS by MS after PSC-I,17,,,,,,,,,,
state,9,Uttar Pradesh,status,,Pending at MS for Proposal Withdraw,15,,,,,,,,,,
state,9,Uttar Pradesh,status,,Pending at Technical Officer - IRO,13,,,,,,,,,,
state,9,Uttar Pradesh,status,,Pending at Nodal Officer for Recommendation,9,,,,,,,,,,
state,9,Uttar Pradesh,status,,Pending at UA due to Delisting by Authority,8,,,,,,,,,,
state,9,Uttar Pradesh,status,,Pending at DFO for Compensatory Levies,8,,,,,,,,,,
state,9,Uttar Pradesh,status,,Approval Granted,8,,,,,,,,,,
state,9,Uttar Pradesh,status,,Pending at DFO For Compliance Review,7,,,,,,,,,,
state,9,Uttar Pradesh,status,,Granted,6,,,,,,,,,,
state,9,Uttar Pradesh,status,,Pending at DFO/CF after acceptance in PSC-I,6,,,,,,,,,,
state,9,Uttar Pradesh,status,,Pending at MS for Acceptance in PSC-I,6,,,,,,,,,,
state,9,Uttar Pradesh,status,,Withdrawal Request Accepted,5,,,,,,,,,,
state,9,Uttar Pradesh,status,,Pending at Technical Officer RO for Stage-II Letter,5,,,,,,,,,,
state,9,Uttar Pradesh,status,,Pending at State Government For Recommendation,4,,,,,,,,,,
state,9,Uttar Pradesh,status,,Forwarded to DD,4,,,,,,,,,,
state,9,Uttar Pradesh,status,,Pending at State Secretary due to EDS by RO,4,,,,,,,,,,
state,9,Uttar Pradesh,status,,Pending at State Secretary due to EDS by IRO,3,,,,,,,,,,
state,9,Uttar Pradesh,status,,Pending on UA for Levies Payment,3,,,,,,,,,,
state,9,Uttar Pradesh,status,,Pending at State Secretary for Recommendation after PSC-II,3,,,,,,,,,,
state,9,Uttar Pradesh,status,,EDS Raised,3,,,,,,,,,,
state,9,Uttar Pradesh,status,,Pending at Nodal for Compensatory Levies Review,3,,,,,,,,,,
state,9,Uttar Pradesh,status,,Pending at DFO for Compliance Review,3,,,,,,,,,,
state,9,Uttar Pradesh,status,,Pending at SS for Diversion Letter,2,,,,,,,,,,
state,9,Uttar Pradesh,status,,Proposal Revoked,2,,,,,,,,,,
state,9,Uttar Pradesh,status,,Pending at Nodal Officer for Compensatory Levies Review,2,,,,,,,,,,
state,9,Uttar Pradesh,status,,Proposal Withdrawal Request Accepted,2,,,,,,,,,,
state,9,Uttar Pradesh,status,,Pending at RO Head for Stage-II Letter,2,,,,,,,,,,
state,9,Uttar Pradesh,status,,Pending at PP due to EDS by Nodal Officer,1,,,,,,,,,,
state,9,Uttar Pradesh,status,,Pending at State Government  for Diversion,1,,,,,,,,,,
state,9,Uttar Pradesh,status,,Pending at FAC,1,,,,,,,,,,
state,9,Uttar Pradesh,status,,REVOKED,1,,,,,,,,,,
state,9,Uttar Pradesh,status,,EC Rejected,1,,,,,,,,,,
state,9,Uttar Pradesh,status,,Rejected in PSC-I,1,,,,,,,,,,
state,9,Uttar Pradesh,status,,"Pending at AIGF - MoEFCC, HQ",1,,,,,,,,,,
state,9,Uttar Pradesh,status,,Pending at Nodal Officer for Compliance Review,1,,,,,,,,,,
state,9,Uttar Pradesh,status,,Stage-I FC Awaited,1,,,,,,,,,,
state,9,Uttar Pradesh,status,,"Pending at Technical Officer - MoEFCC, HQ",1,,,,,,,,,,
state,9,Uttar Pradesh,status,,Forwarded to MS,1,,,,,,,,,,
state,9,Uttar Pradesh,applications_by_year,,2022,385,,,,,,,,,,
state,9,Uttar Pradesh,applications_by_year,,2023,1399,,,,,,,,,,
state,9,Uttar Pradesh,applications_by_year,,2024,1453,,,,,,,,,,
state,9,Uttar Pradesh,applications_by_year,,2025,1586,,,,,,,,,,
state,9,Uttar Pradesh,applications_by_year,,2026,1361,,,,,,,,,,
state,9,Uttar Pradesh,year_granted,,2022,265,,,,,,,,,,
state,9,Uttar Pradesh,year_granted,,2023,775,,,,,,,,,,
state,9,Uttar Pradesh,year_granted,,2024,970,,,,,,,,,,
state,9,Uttar Pradesh,year_granted,,2025,921,,,,,,,,,,
state,9,Uttar Pradesh,year_granted,,2026,241,,,,,,,,,,
state,9,Uttar Pradesh,year_tor,,2022,92,,,,,,,,,,
state,9,Uttar Pradesh,year_tor,,2023,432,,,,,,,,,,
state,9,Uttar Pradesh,year_tor,,2024,262,,,,,,,,,,
state,9,Uttar Pradesh,year_tor,,2025,359,,,,,,,,,,
state,9,Uttar Pradesh,year_tor,,2026,169,,,,,,,,,,
state,9,Uttar Pradesh,year_pending,,2022,28,,,,,,,,,,
state,9,Uttar Pradesh,year_pending,,2023,172,,,,,,,,,,
state,9,Uttar Pradesh,year_pending,,2024,178,,,,,,,,,,
state,9,Uttar Pradesh,year_pending,,2025,265,,,,,,,,,,
state,9,Uttar Pradesh,year_pending,,2026,924,,,,,,,,,,
state,9,Uttar Pradesh,year_rejected,,2023,2,,,,,,,,,,
state,9,Uttar Pradesh,year_rejected,,2024,2,,,,,,,,,,
state,9,Uttar Pradesh,year_rejected,,2025,1,,,,,,,,,,
state,9,Uttar Pradesh,year_withdrawn,,2023,18,,,,,,,,,,
state,9,Uttar Pradesh,year_withdrawn,,2024,41,,,,,,,,,,
state,9,Uttar Pradesh,year_withdrawn,,2025,40,,,,,,,,,,
state,9,Uttar Pradesh,year_withdrawn,,2026,27,,,,,,,,,,
state,9,Uttar Pradesh,year_pc_A,,2022,9,,,,,,,,,,
state,9,Uttar Pradesh,year_pc_A,,2023,54,,,,,,,,,,
state,9,Uttar Pradesh,year_pc_A,,2024,44,,,,,,,,,,
state,9,Uttar Pradesh,year_pc_A,,2025,34,,,,,,,,,,
state,9,Uttar Pradesh,year_pc_A,,2026,58,,,,,,,,,,
state,9,Uttar Pradesh,year_pc_B1,,2022,175,,,,,,,,,,
state,9,Uttar Pradesh,year_pc_B1,,2023,747,,,,,,,,,,
state,9,Uttar Pradesh,year_pc_B1,,2024,568,,,,,,,,,,
state,9,Uttar Pradesh,year_pc_B1,,2025,593,,,,,,,,,,
state,9,Uttar Pradesh,year_pc_B1,,2026,496,,,,,,,,,,
state,9,Uttar Pradesh,year_pc_B2,,2022,86,,,,,,,,,,
state,9,Uttar Pradesh,year_pc_B2,,2023,306,,,,,,,,,,
state,9,Uttar Pradesh,year_pc_B2,,2024,391,,,,,,,,,,
state,9,Uttar Pradesh,year_pc_B2,,2025,515,,,,,,,,,,
state,9,Uttar Pradesh,year_pc_B2,,2026,447,,,,,,,,,,
state,9,Uttar Pradesh,year_pc_OTHER,,2022,115,,,,,,,,,,
state,9,Uttar Pradesh,year_pc_OTHER,,2023,292,,,,,,,,,,
state,9,Uttar Pradesh,year_pc_OTHER,,2024,450,,,,,,,,,,
state,9,Uttar Pradesh,year_pc_OTHER,,2025,444,,,,,,,,,,
state,9,Uttar Pradesh,year_pc_OTHER,,2026,360,,,,,,,,,,
state,9,Uttar Pradesh,cube,,2022|granted|A|ec,3,,,,,,,,,,
state,9,Uttar Pradesh,cube,,2022|granted|B1|ec,89,,,,,,,,,,
state,9,Uttar Pradesh,cube,,2022|granted|B2|ec,86,,,,,,,,,,
state,9,Uttar Pradesh,cube,,2022|granted|OTHER|forest,87,,,,,,,,,,
state,9,Uttar Pradesh,cube,,2022|pending|OTHER|forest,21,,,,,,,,,,
state,9,Uttar Pradesh,cube,,2022|pending|OTHER|wildlife,7,,,,,,,,,,
state,9,Uttar Pradesh,cube,,2022|tor|A|ec,6,,,,,,,,,,
state,9,Uttar Pradesh,cube,,2022|tor|B1|ec,86,,,,,,,,,,
state,9,Uttar Pradesh,cube,,2023|granted|A|ec,14,,,,,,,,,,
state,9,Uttar Pradesh,cube,,2023|granted|A|other,3,,,,,,,,,,
state,9,Uttar Pradesh,cube,,2023|granted|B1|ec,311,,,,,,,,,,
state,9,Uttar Pradesh,cube,,2023|granted|B1|other,4,,,,,,,,,,
state,9,Uttar Pradesh,cube,,2023|granted|B2|ec,283,,,,,,,,,,
state,9,Uttar Pradesh,cube,,2023|granted|B2|other,1,,,,,,,,,,
state,9,Uttar Pradesh,cube,,2023|granted|OTHER|forest,156,,,,,,,,,,
state,9,Uttar Pradesh,cube,,2023|granted|OTHER|other,3,,,,,,,,,,
state,9,Uttar Pradesh,cube,,2023|pending|A|ec,2,,,,,,,,,,
state,9,Uttar Pradesh,cube,,2023|pending|B1|ec,23,,,,,,,,,,
state,9,Uttar Pradesh,cube,,2023|pending|B2|ec,16,,,,,,,,,,
state,9,Uttar Pradesh,cube,,2023|pending|OTHER|forest,88,,,,,,,,,,
state,9,Uttar Pradesh,cube,,2023|pending|OTHER|other,5,,,,,,,,,,
state,9,Uttar Pradesh,cube,,2023|pending|OTHER|wildlife,38,,,,,,,,,,
state,9,Uttar Pradesh,cube,,2023|rejected|OTHER|forest,2,,,,,,,,,,
state,9,Uttar Pradesh,cube,,2023|tor|A|ec,23,,,,,,,,,,
state,9,Uttar Pradesh,cube,,2023|tor|A|other,4,,,,,,,,,,
state,9,Uttar Pradesh,cube,,2023|tor|B1|ec,398,,,,,,,,,,
state,9,Uttar Pradesh,cube,,2023|tor|B1|other,6,,,,,,,,,,
state,9,Uttar Pradesh,cube,,2023|tor|B2|ec,1,,,,,,,,,,
state,9,Uttar Pradesh,cube,,2023|withdrawn|A|ec,7,,,,,,,,,,
state,9,Uttar Pradesh,cube,,2023|withdrawn|A|other,1,,,,,,,,,,
state,9,Uttar Pradesh,cube,,2023|withdrawn|B1|ec,5,,,,,,,,,,
state,9,Uttar Pradesh,cube,,2023|withdrawn|B2|ec,4,,,,,,,,,,
state,9,Uttar Pradesh,cube,,2023|withdrawn|B2|other,1,,,,,,,,,,
state,9,Uttar Pradesh,cube,,2024|granted|A|ec,8,,,,,,,,,,
state,9,Uttar Pradesh,cube,,2024|granted|A|other,6,,,,,,,,,,
state,9,Uttar Pradesh,cube,,2024|granted|B1|ec,261,,,,,,,,,,
state,9,Uttar Pradesh,cube,,2024|granted|B1|other,23,,,,,,,,,,
state,9,Uttar Pradesh,cube,,2024|granted|B2|ec,362,,,,,,,,,,
state,9,Uttar Pradesh,cube,,2024|granted|B2|other,7,,,,,,,,,,
state,9,Uttar Pradesh,cube,,2024|granted|OTHER|forest,292,,,,,,,,,,
state,9,Uttar Pradesh,cube,,2024|granted|OTHER|other,11,,,,,,,,,,
state,9,Uttar Pradesh,cube,,2024|pending|A|ec,1,,,,,,,,,,
state,9,Uttar Pradesh,cube,,2024|pending|A|other,1,,,,,,,,,,
state,9,Uttar Pradesh,cube,,2024|pending|B1|ec,21,,,,,,,,,,
state,9,Uttar Pradesh,cube,,2024|pending|B1|other,1,,,,,,,,,,
state,9,Uttar Pradesh,cube,,2024|pending|B2|ec,10,,,,,,,,,,
state,9,Uttar Pradesh,cube,,2024|pending|OTHER|forest,68,,,,,,,,,,
state,9,Uttar Pradesh,cube,,2024|pending|OTHER|other,19,,,,,,,,,,
state,9,Uttar Pradesh,cube,,2024|pending|OTHER|wildlife,57,,,,,,,,,,
state,9,Uttar Pradesh,cube,,2024|rejected|B2|ec,1,,,,,,,,,,
state,9,Uttar Pradesh,cube,,2024|rejected|OTHER|forest,1,,,,,,,,,,
state,9,Uttar Pradesh,cube,,2024|tor|A|ec,17,,,,,,,,,,
state,9,Uttar Pradesh,cube,,2024|tor|A|other,3,,,,,,,,,,
state,9,Uttar Pradesh,cube,,2024|tor|B1|ec,239,,,,,,,,,,
state,9,Uttar Pradesh,cube,,2024|tor|B1|other,3,,,,,,,,,,
state,9,Uttar Pradesh,cube,,2024|withdrawn|A|ec,6,,,,,,,,,,
state,9,Uttar Pradesh,cube,,2024|withdrawn|A|other,2,,,,,,,,,,
state,9,Uttar Pradesh,cube,,2024|withdrawn|B1|ec,16,,,,,,,,,,
state,9,Uttar Pradesh,cube,,2024|withdrawn|B1|other,4,,,,,,,,,,
state,9,Uttar Pradesh,cube,,2024|withdrawn|B2|ec,11,,,,,,,,,,
state,9,Uttar Pradesh,cube,,2024|withdrawn|OTHER|other,2,,,,,,,,,,
state,9,Uttar Pradesh,cube,,2025|granted|A|ec,10,,,,,,,,,,
state,9,Uttar Pradesh,cube,,2025|granted|A|other,1,,,,,,,,,,
state,9,Uttar Pradesh,cube,,2025|granted|B1|ec,182,,,,,,,,,,
state,9,Uttar Pradesh,cube,,2025|granted|B1|other,10,,,,,,,,,,
state,9,Uttar Pradesh,cube,,2025|granted|B2|ec,467,,,,,,,,,,
state,9,Uttar Pradesh,cube,,2025|granted|B2|other,5,,,,,,,,,,
state,9,Uttar Pradesh,cube,,2025|granted|OTHER|forest,232,,,,,,,,,,
state,9,Uttar Pradesh,cube,,2025|granted|OTHER|other,14,,,,,,,,,,
state,9,Uttar Pradesh,cube,,2025|pending|A|other,1,,,,,,,,,,
state,9,Uttar Pradesh,cube,,2025|pending|B1|ec,38,,,,,,,,,,
state,9,Uttar Pradesh,cube,,2025|pending|B1|other,5,,,,,,,,,,
state,9,Uttar Pradesh,cube,,2025|pending|B2|ec,21,,,,,,,,,,
state,9,Uttar Pradesh,cube,,2025|pending|B2|other,3,,,,,,,,,,
state,9,Uttar Pradesh,cube,,2025|pending|OTHER|forest,160,,,,,,,,,,
state,9,Uttar Pradesh,cube,,2025|pending|OTHER|other,11,,,,,,,,,,
state,9,Uttar Pradesh,cube,,2025|pending|OTHER|wildlife,26,,,,,,,,,,
state,9,Uttar Pradesh,cube,,2025|rejected|OTHER|forest,1,,,,,,,,,,
state,9,Uttar Pradesh,cube,,2025|tor|A|ec,14,,,,,,,,,,
state,9,Uttar Pradesh,cube,,2025|tor|A|other,1,,,,,,,,,,
state,9,Uttar Pradesh,cube,,2025|tor|B1|ec,339,,,,,,,,,,
state,9,Uttar Pradesh,cube,,2025|tor|B1|other,5,,,,,,,,,,
state,9,Uttar Pradesh,cube,,2025|withdrawn|A|ec,5,,,,,,,,,,
state,9,Uttar Pradesh,cube,,2025|withdrawn|A|other,2,,,,,,,,,,
state,9,Uttar Pradesh,cube,,2025|withdrawn|B1|ec,13,,,,,,,,,,
state,9,Uttar Pradesh,cube,,2025|withdrawn|B1|other,1,,,,,,,,,,
state,9,Uttar Pradesh,cube,,2025|withdrawn|B2|ec,19,,,,,,,,,,
state,9,Uttar Pradesh,cube,,2026|granted|A|ec,4,,,,,,,,,,
state,9,Uttar Pradesh,cube,,2026|granted|A|other,2,,,,,,,,,,
state,9,Uttar Pradesh,cube,,2026|granted|B1|ec,62,,,,,,,,,,
state,9,Uttar Pradesh,cube,,2026|granted|B1|other,3,,,,,,,,,,
state,9,Uttar Pradesh,cube,,2026|granted|B2|ec,137,,,,,,,,,,
state,9,Uttar Pradesh,cube,,2026|granted|B2|other,2,,,,,,,,,,
state,9,Uttar Pradesh,cube,,2026|granted|OTHER|forest,30,,,,,,,,,,
state,9,Uttar Pradesh,cube,,2026|granted|OTHER|other,1,,,,,,,,,,
state,9,Uttar Pradesh,cube,,2026|pending|A|ec,12,,,,,,,,,,
state,9,Uttar Pradesh,cube,,2026|pending|A|other,3,,,,,,,,,,
state,9,Uttar Pradesh,cube,,2026|pending|B1|ec,271,,,,,,,,,,
state,9,Uttar Pradesh,cube,,2026|pending|B1|other,10,,,,,,,,,,
state,9,Uttar Pradesh,cube,,2026|pending|B2|ec,296,,,,,,,,,,
state,9,Uttar Pradesh,cube,,2026|pending|B2|other,5,,,,,,,,,,
state,9,Uttar Pradesh,cube,,2026|pending|OTHER|forest,277,,,,,,,,,,
state,9,Uttar Pradesh,cube,,2026|pending|OTHER|other,16,,,,,,,,,,
state,9,Uttar Pradesh,cube,,2026|pending|OTHER|wildlife,34,,,,,,,,,,
state,9,Uttar Pradesh,cube,,2026|tor|A|ec,20,,,,,,,,,,
state,9,Uttar Pradesh,cube,,2026|tor|A|other,8,,,,,,,,,,
state,9,Uttar Pradesh,cube,,2026|tor|B1|ec,141,,,,,,,,,,
state,9,Uttar Pradesh,cube,,2026|withdrawn|A|ec,6,,,,,,,,,,
state,9,Uttar Pradesh,cube,,2026|withdrawn|A|other,3,,,,,,,,,,
state,9,Uttar Pradesh,cube,,2026|withdrawn|B1|ec,8,,,,,,,,,,
state,9,Uttar Pradesh,cube,,2026|withdrawn|B1|other,1,,,,,,,,,,
state,9,Uttar Pradesh,cube,,2026|withdrawn|B2|ec,7,,,,,,,,,,
state,9,Uttar Pradesh,cube,,2026|withdrawn|OTHER|other,2,,,,,,,,,,
state,9,Uttar Pradesh,run,,run_status,ok,,,,,,,,,,
state,9,Uttar Pradesh,run,,run_date,2026-10-10T05:52:28Z,,,,,,,,,,
state,9,Uttar Pradesh,run,,run_url,https://github.com/publicmap/parivesh-dashboard/actions/runs/38027443840,,,,,,,,,,
state,9,Uttar Pradesh,top_recent_ec,1,,,SIA/UP/INFRA2/583756/2026,"Proposed “Uttar Pradesh Forestry & Horticulture University”, Gorakhpur, Uttar Pradesh",Shubham Singh,Mahrajganj,EC Granted,2026-06-30T07:48:03.881+00:00,2026-09-29T07:03:46.775+00:00,4910000000.0,18.96,https://parivesh.nic.in/newupgrade/#/report/ec?proposalId=1233730803
state,9,Uttar Pradesh,top_recent_ec,2,,,SIA/UP/MIN/576421/2026,"“Ordinary Soil Mining” Project at Gata No.- 504/1, 504/2, Village-Pura, Tehsil-Goverdhan, District- Mathura, Uttar Pradesh.  (Area-1.1300 Ha). M/s Saini Earthmovers Part. -Shri Sonu Saini",SAINI EARTHMOVERS,Mathura,EC Granted,2026-04-20T21:26:22.307+00:00,2026-09-28T08:50:50.323+00:00,19.0,1.13,https://parivesh.nic.in/newupgrade/#/report/ec?proposalId=1224961971
state,9,Uttar Pradesh,top_recent_ec,3,,,SIA/UP/MIN/582630/2026,"Proposed Project of “Ordinary Sand Mine Category-1” Gata No. 698क, 698ड़, 698च, 698छ, 699, 721, over an area of 21.58 Hectares situated in Village –Ludhwa Khera, Tehsil – Sadar, District: Kanpur Nagar (U.P.), Prop. Abhishek Yadav",ABHISHEK YADAV,Kanpur Nagar,EC Granted,2026-06-19T05:39:26.754+00:00,2026-09-28T08:47:17.515+00:00,99.0,21.58,https://parivesh.nic.in/newupgrade/#/report/ec?proposalId=1232651083
state,9,Uttar Pradesh,top_recent_ec,4,,,SIA/UP/MIN/580473/2026,DHAKORA SOIL MINING PROJECT,HARSH TIWARI,Kheri,EC Granted,2026-05-28T10:46:13.427+00:00,2026-09-28T08:46:08.044+00:00,15.0,1.154,https://parivesh.nic.in/newupgrade/#/report/ec?proposalId=1229686894
state,9,Uttar Pradesh,top_recent_ec,5,,,SIA/UP/MIN/580259/2026,Narhi Soil Mining Project,AKARSH KUMAR,Sitapur,EC Granted,2026-05-26T11:06:51.674+00:00,2026-09-28T08:45:28.958+00:00,12.0,0.8501,https://parivesh.nic.in/newupgrade/#/report/ec?proposalId=1229279692
state,9,Uttar Pradesh,top_recent_ec,6,,,SIA/UP/MIN/578713/2026,"“Morrum Mining” from Riverbed of Yamuna River at Village- Samuhi, Gata No.- 1598 Ch, Lease Area- 27.50 ha., Tehsil- Ghatampur, District- Kanpur Nagar, Uttar Pradesh, Project Proponent- M/s A. R. Construction (Prop. - Anita Sharma)",ANITA SHARMA,Kanpur Nagar,EC Granted,2026-05-12T07:41:25.392+00:00,2026-09-28T08:44:42.741+00:00,150.0,27.5,https://parivesh.nic.in/newupgrade/#/report/ec?proposalId=1227345149
state,9,Uttar Pradesh,top_recent_ec,7,,,SIA/UP/INFRA2/583022/2026,"Propossed Group Housing Project ""APEX HEIGHT""",APEX HEIGHTS PRIVATE LIMITED,Ghaziabad,EC Granted,2026-06-23T06:59:39.442+00:00,2026-09-28T08:44:04.519+00:00,51700.0,1.95,https://parivesh.nic.in/newupgrade/#/report/ec?proposalId=1233035462
state,9,Uttar Pradesh,top_recent_ec,8,,,SIA/UP/MIN/568863/2026,"""Ordinary Earth Mining Project"" at Gata No.- 276, Village- Baheria Bujurg, Tehsil- Hasanganj, District- Unnao of State- Uttar Pradesh over an area of 1.2879 ha., by Anil Kumar",ANIL KUMAR,Unnao,EC Granted,2026-02-12T07:48:09.581+00:00,2026-09-28T08:42:39.246+00:00,5.0,1.2879,https://parivesh.nic.in/newupgrade/#/report/ec?proposalId=1219120826
state,9,Uttar Pradesh,top_recent_ec,9,,,SIA/UP/MIN/567501/2026,"“Sand/Morrum Mining” from Riverbed of Betwa River at Village- Kandaur Dariya, Khand No.- 9/3, Gata No.-79/1Ka, 80/1, 937Ka, 951, Lease Area- 30.7690 Ha. (76 Acres), Tehsil- Hamirpur, District- Hamirpur, Uttar Pradesh, Project Proponent- M/s Maa Vaishno Agro Industries (Prop. - Shri Satya Prakash Gupta)",SATYA PRAKASH GUPTA,Hamirpur,EC Granted,2026-01-31T08:21:04.749+00:00,2026-09-28T08:41:51.616+00:00,1730.76,30.769,https://parivesh.nic.in/newupgrade/#/report/ec?proposalId=1218063563
state,9,Uttar Pradesh,top_recent_ec,10,,,SIA/UP/INFRA2/565661/2026,"PROPOSED COMMERCIAL & RESIDENTIAL AFFORDABLE HOUSING PROJECT  "" SHUBHKAMNA ROYAL RESIDENCY"" AT ARAZI NO- 10 , MAUJA-GOPIPUR , PARAGANA- KASWAR SARKARI , TEHSIL RAJATALAB , DISTRICT- VARANASI  BY M/s GDAC BUILDCON",GDAC BUILDCON,Varanasi,EC Granted,2026-01-15T11:14:15.192+00:00,2026-09-28T08:40:16.003+00:00,6300.0,0.5817,https://parivesh.nic.in/newupgrade/#/report/ec?proposalId=1216854574
state,9,Uttar Pradesh,top_cost,1,,,SIA/UP/MIN/583786/2026,"Riverbed Sand/Morrum Mining having lease area 10.70 ha along River Ken in Gata No. Part of 1130 (Khand No.01) at Village-Achhraud, Tehsil- Banda, District- Banda, U. P. of M/s Sakshi Enterprises, Prop: Shri Virendra Kumar.",Virendra Kumar,Banda,ToR Granted,2026-06-30T10:11:47.144+00:00,2026-08-27T07:41:22.265+00:00,9500000.0,10.7,https://parivesh.nic.in/newupgrade/#/report/ec?proposalId=1233761899
state,9,Uttar Pradesh,top_cost,2,,,FP/UP/PetrolPump/584322/2026,"PROPOSAL OF DIVERSION OF  PROTECTED FOREST LAND FOR  ACCESS PERMISSION TO THE PROPOSED CNG STATION /RETAIL OUTLET OF M/S BAGPAT GREEN ENERGY PRIVATE LIMITED (THINK GAS), ON BARAUT -CHAPRAULI TANDA ROAD (ODR) AT KM 03 CH 2.415(LHS) AT KHASRA NO.887, AT VILLAGE -MALAKPUR, PARGANA,TEHSIL -BARAUT  DISTRICT BAGHPAT, UTTAR PRADESH.",ATUL KUMAR,Baghpat,Pending at DFO due to EDS by Nodal Officer,2026-07-05T09:45:58.109+00:00,,9500000.0,0.268,https://parivesh.nic.in/newupgrade/#/report/ec?proposalId=1234302394
state,9,Uttar Pradesh,top_cost,3,,,SIA/UP/MIN/595008/2026,"“Ordinary Soil Mining” Project at Gata No.- 127, Village- Kakraha, Tehsil- Chhibramau, District-Kannauj, U.P. (Area – 0.5900 ha). Shri Dhruv Kumar",DHRUV KUMAR,Kannauj,Under Verification,2026-10-09T11:01:38.488+00:00,,9480000.0,0.59,https://parivesh.nic.in/newupgrade/#/report/ec?proposalId=1244795558
state,9,Uttar Pradesh,top_cost,4,,,FP/UP/PetrolPump/591333/2026,"Protected Forest Land proposed for diversion for Entry/Exit approach to Indian Oil Corporation Limited Retail Outlet on NH-27 (Jhansi Kanpur Road) in Km. 1548 (1547.015-1547.060) (RHS) at Gata No. 288, Village: Udaipur, Tehsil-Bhognipur, District: Kanpur Dehat (Uttar Pradesh).",Indian Oil Corporation Limited,Kanpur Dehat,Pending at UA for DFO EDS Reply,2026-09-06T19:29:52.525+00:00,,9000000.0,0.9035,https://parivesh.nic.in/newupgrade/#/report/ec?proposalId=1240282597
state,9,Uttar Pradesh,top_cost,5,,,FP/UP/PetrolPump/593697/2026,"Protected Forest Land proposed for diversion for Entry/Exit approach to Indian Oil Corporation Limited Retail Outlet on NH-21 (Old NH-11, Agra-Jaipur Road) in Km. 20.218 (RHS) at Gata No. 1122/4, Village: Gopau, Tehsil-Kiraoli, District: Agra (Uttar Pradesh).",Indian Oil Corporation Limited,Agra,Pending at DFO for Scrutiny and Recommendation,2026-09-29T01:12:17.633+00:00,,9000000.0,0.3075,https://parivesh.nic.in/newupgrade/#/report/ec?proposalId=1243579906
state,9,Uttar Pradesh,top_cost,6,,,SIA/UP/MIN/583821/2026,"Proposed building stone (Gitti/boulder/Khanda) mine from Bhukhand No. 407 Mi, (Khand no.- 01) Area–2.225 ha at Village- Geenj, Tehsil- Bara, District- Prayagraj, Uttar Pradesh of M/s Bholenath Enterprises, Shri Pushp Kumar.",Pushp Kumar,Prayagraj,Pending at MS SEIAA,2026-06-30T13:45:39.352+00:00,,7500000.0,2.225,https://parivesh.nic.in/newupgrade/#/report/ec?proposalId=1233798893
state,9,Uttar Pradesh,top_cost,7,,,SIA/UP/MIN/587658/2026,"Environment Clearance of proposed Granite and Dolostone ballast Gitti mine, Arazi no. 339, (khand No 08), Area- 0.8090 Village– Daharra, Tehsil- Mahoba, District–Mahoba, Uttar Pradesh of M/s Kaptan Construction.",Krishna Kumar Singh,Mahoba,Referred to SEIAA,2026-08-03T08:29:57.164+00:00,,7500000.0,0.809,https://parivesh.nic.in/newupgrade/#/report/ec?proposalId=1237309396
state,9,Uttar Pradesh,top_cost,8,,,SIA/UP/INFRA2/591369/2026,"Proposed Group Housing namely ""ELDECO MURMURS OF MIST"" at Plot No: -GH-03E, Sector -18, Yamuna Express Way, District Gautam Buddha Nagar, Uttar Pradesh",ELDECO INFRASTRUCTURE & PROPERTIES LIMITED,Gautam Buddha Nagar,Under Verification,2026-09-07T06:42:47.930+00:00,,4590700.0,1.6189,https://parivesh.nic.in/newupgrade/#/report/ec?proposalId=1240318950
state,9,Uttar Pradesh,top_cost,9,,,SIA/UP/MIN/583985/2026,"Building stone (Gitti/Patthar) mine at Gata No.- 587 (Khand No.–01) Lease Area-0.80 ha at village – Nahri, Tehsil- Naraini, District- Banda, Uttar Pradesh of M/s Shri Ayodhya Associates, Prop. Shri Surya Kant Mishra.",Surya Kant Mishra,Banda,ToR Granted,2026-07-02T06:43:37.307+00:00,2026-09-16T09:07:37.590+00:00,4500000.0,0.8,https://parivesh.nic.in/newupgrade/#/report/ec?proposalId=1233970843
state,9,Uttar Pradesh,top_cost,10,,,IA/UP/THE/589086/2026,"Expansion of Mirzapur Thermal Power Plant from 1600 (2x800) MW (Phase I) to 3200 MW by adding 1600 (2x800) MW Ultra Super Critical TPP under Phase II in the  existing area  at Village Dadri Khurd,  Tehsil Mirzapur Sadar , District Mirzapur, Uttar Pradesh  by Adani Power Limited",Adani Power Limited,Mirzapur,Under Examination,2026-08-14T09:50:56.414+00:00,,3315200.0,365.19,https://parivesh.nic.in/newupgrade/#/report/ec?proposalId=1238429548
state,9,Uttar Pradesh,top_land,1,,,SIA/UP/INFRA2/489955/2024,Plotting and Infrastructure Development of Zonal Plan of Prabandh Nagar Residential Scheme,sanjeev kumar,Lucknow,Proposal returned in present form,2024-07-27T08:26:39.848+00:00,,3.97368,9693775.91,https://parivesh.nic.in/newupgrade/#/report/ec?proposalId=88044929
state,9,Uttar Pradesh,top_land,2,,,SIA/UP/INFRA2/427773/2023,TOWNSHIP AND AREA DEVELOPMENT UNDER MOHAN ROAD SCHEME,LUCKNOW DEVELOPMENT AUTHORITY,Lucknow,TOR GRANTED,2023-05-02T07:12:12.751+00:00,,1.14101,3176870.0,https://parivesh.nic.in/newupgrade/#/report/ec?proposalId=5016107
state,9,Uttar Pradesh,top_land,3,,,SIA/UP/INFRA2/457258/2024,TOWNSHIP AND AREA DEVELOPMENT UNDER MOHAN ROAD SCHEME,LUCKNOW DEVELOPMENT AUTHORITY,Lucknow,EC Granted,2023-12-30T12:06:48.778+00:00,2024-03-01T06:01:18.651+00:00,1.14101,3176870.0,https://parivesh.nic.in/newupgrade/#/report/ec?proposalId=35210614
state,9,Uttar Pradesh,top_land,4,,,SIA/UP/INFRA2/456078/2023,EXPANSION OF SANJAY GHANDHI POST GRADUTAE INSTITUTE OF MEDICAL SCIENCES (ADVANCED PEDIATRIC CENTRE -PHASE-01),Prof RK Dhiman,Lucknow,TOR GRANTED,2023-12-20T05:29:29.083+00:00,,84149.0,2589083.07,https://parivesh.nic.in/newupgrade/#/report/ec?proposalId=32577030
state,9,Uttar Pradesh,top_land,5,,,SIA/UP/INFRA2/485597/2024,EXPANSION OF SANJAY GHANDHI POST GRADUTAE INSTITUTE OF MEDICAL SCIENCES (ADVANCED PEDIATRIC CENTRE -PHASE-01),Prof RK Dhiman,Lucknow,EC Granted,2024-07-03T07:34:00.199+00:00,2024-09-04T06:41:15.758+00:00,84149.0,2589083.07,https://parivesh.nic.in/newupgrade/#/report/ec?proposalId=80987014
state,9,Uttar Pradesh,top_land,6,,,SIA/UP/INFRA2/410776/2022,"Proposed Integrated Construction of Shiv Nadar Institution of Eminence Deemed to be University (Formerly known as Shiv Nadar University) at Industrial Area Village-Chithera Tehsil- Dadri, District- Gautam Buddha Nagar, Uttar Pradesh by Shiv Nadar Institution of Eminence Deemed to be University",SHIV NADAR INSTITUTION OF EMINENCE DEEMED TO BE UNIVERSITY TRUST,Gautam Buddha Nagar,TOR Granted,2022-12-15T08:11:29.026+00:00,2023-05-24T15:25:13.353+00:00,33000.0,1158623.72,https://parivesh.nic.in/newupgrade/#/report/ec?proposalId=2031070
state,9,Uttar Pradesh,top_land,7,,,SIA/UP/INFRA2/444224/2023,"Proposed Integrated Construction of Shiv Nadar Institution of Eminence Deemed to be University (Formerly known as Shiv Nadar University) at Industrial Area Village-Chithera Tehsil- Dadri, District- Gautam Buddha Nagar, Uttar Pradesh by Shiv Nadar Institution of Eminence Deemed to be University",SHIV NADAR INSTITUTION OF EMINENCE DEEMED TO BE UNIVERSITY TRUST,Gautam Buddha Nagar,EC Granted,2023-09-13T10:17:06.302+00:00,2024-02-05T15:48:24.187+00:00,33000.0,1158623.72,https://parivesh.nic.in/newupgrade/#/report/ec?proposalId=9668402
state,9,Uttar Pradesh,top_land,8,,,SIA/UP/INFRA2/505956/2024,"DEVELOPMENT OF RAPTINAGAR EXTENSION TOWNSHIP & SPORTS-CITY,GORAKHPUR,U.P.",GORAKHPUR DEVELOPMENT AUTHORTY,Gorakhpur,ToR Granted,2024-11-15T08:56:28.227+00:00,2025-03-07T04:53:50.805+00:00,37000.0,839601.17,https://parivesh.nic.in/newupgrade/#/report/ec?proposalId=111583150
state,9,Uttar Pradesh,top_land,9,,,SIA/UP/INFRA2/556636/2025,"DEVELOPMENT OF RAPTINAGAR EXTENSION TOWNSHIP & SPORTS-CITY,GORAKHPUR,U.P.",GORAKHPUR DEVELOPMENT AUTHORTY,Gorakhpur,Referred to SEIAA,2025-10-30T13:12:13.054+00:00,,37000.0,839601.17,https://parivesh.nic.in/newupgrade/#/report/ec?proposalId=158286178
state,9,Uttar Pradesh,top_land,10,,,SIA/UP/INFRA2/426780/2023,“KHORABAR AWASIYA YOJNA (TOWNSHIP) & MEDICITY”,GORAKHPUR DEVELOPMENT AUTHORTY,Gorakhpur,TOR GRANTED,2023-04-20T10:14:46.389+00:00,,24500.0,745533.24,https://parivesh.nic.in/newupgrade/#/report/ec?proposalId=4751256
state,9,Uttar Pradesh,recent_change,1,added,,SIA/UP/MIN/595027/2026,"""Ordinary Earth Mine"" at Village- Rampur, Gata No.-534, Lease Area- 1.150 Ha., Tehsil- Aurai, District- Bhadohi, Uttar Pradesh, Project Proponent- Shri Shesh Nath Pandey S/o Shri Harshu Prasad Pandey",Shesh Nath Pandey,Bhadohi,Under Verification,2026-10-09T12:27:38.610+00:00,,13.0,1.15,https://parivesh.nic.in/newupgrade/#/report/ec?proposalId=1244809743
state,9,Uttar Pradesh,recent_change,2,added,,SIA/UP/MIN/595008/2026,"“Ordinary Soil Mining” Project at Gata No.- 127, Village- Kakraha, Tehsil- Chhibramau, District-Kannauj, U.P. (Area – 0.5900 ha). Shri Dhruv Kumar",DHRUV KUMAR,Kannauj,Under Verification,2026-10-09T11:01:38.488+00:00,,9480000.0,0.59,https://parivesh.nic.in/newupgrade/#/report/ec?proposalId=1244795558
state,9,Uttar Pradesh,recent_change,3,added,,FP/UP/PWR_TRANS/594950/2026,"Proposed Forest Land to be Diverted for Electrification in Kolhuamafi Village, in District:-Chitrakoot (Uttar Pradesh).",ELECTRICITY SECONDARY WORKS DIVISION DVVNL BANDA,Chitrakoot,Pending at DFO for Scrutiny and Recommendation,2026-10-09T07:05:15.358+00:00,,33.0,3.85,https://parivesh.nic.in/newupgrade/#/report/ec?proposalId=1244758234
state,10,Bihar,stat,,projects,3892,,,,,,,,,,
state,10,Bihar,stat,,active_projects,3556,,,,,,,,,,
state,10,Bihar,stat,,applications,3556,,,,,,,,,,
state,10,Bihar,stat,,ec_granted,2048,,,,,,,,,,
state,10,Bihar,stat,,ec_tor,524,,,,,,,,,,
state,10,Bihar,stat,,ec_pending,903,,,,,,,,,,
state,10,Bihar,stat,,ec_rejected,13,,,,,,,,,,
state,10,Bihar,stat,,ec_withdrawn,68,,,,,,,,,,
state,10,Bihar,stat,,pc_A,49,,,,,,,,,,
state,10,Bihar,stat,,pc_B1,1040,,,,,,,,,,
state,10,Bihar,stat,,pc_B2,1706,,,,,,,,,,
state,10,Bihar,stat,,pc_OTHER,761,,,,,,,,,,
state,10,Bihar,stat,,ty_ec,2751,,,,,,,,,,
state,10,Bihar,stat,,ty_forest,596,,,,,,,,,,
state,10,Bihar,stat,,ty_wildlife,134,,,,,,,,,,
state,10,Bihar,stat,,ty_crz,0,,,,,,,,,,
state,10,Bihar,stat,,ty_other,75,,,,,,,,,,
state,10,Bihar,stat,,delisted_or_removed,336,,,,,,,,,,
state,10,Bihar,stat,,total_cost_lakhs,39855417.93,,,,,,,,,,
state,10,Bihar,stat,,cost_outliers_excluded,8,,,,,,,,,,
state,10,Bihar,stat,,total_land_ha,134690.7985,,,,,,,,,,
state,10,Bihar,stat,,latest_application,2026-10-09T12:29:27.851+00:00,,,,,,,,,,
state,10,Bihar,stat,,latest_grant,2026-09-18T13:38:17.320+00:00,,,,,,,,,,
state,10,Bihar,stat,,changes_added,9,,,,,,,,,,
state,10,Bihar,stat,,changes_removed,0,,,,,,,,,,
state,10,Bihar,stat,,changes_updated,354,,,,,,,,,,
state,10,Bihar,stat,,changes_status,0,,,,,,,,,,
state,10,Bihar,stat,,compared_with,2026-10-09T20:19:01Z,,,,,,,,,,
state,10,Bihar,stat,,changes_added_active,9,,,,,,,,,,
state,10,Bihar,stat,,changes_removed_active,0,,,,,,,,,,
state,10,Bihar,stat,,changes_updated_active,314,,,,,,,,,,
state,10,Bihar,stat,,changes_status_active,0,,,,,,,,,,
state,10,Bihar,stat,,window_added_active,205,,,,,,,,,,
state,10,Bihar,stat,,window_updated_active,231,,,,,,,,,,
state,10,Bihar,stat,,window_added,205,,,,,,,,,,
state,10,Bihar,stat,,window_updated,271,,,,,,,,,,
state,10,Bihar,stat,,window_since,2026-09-30T11:15:03Z,,,,,,,,,,
state,10,Bihar,status,,EC Granted,1839,,,,,,,,,,
state,10,Bihar,status,,DELISTED_BY_SYSTEM,328,,,,,,,,,,
state,10,Bihar,status,,TOR GRANTED,216,,,,,,,,,,
state,10,Bihar,status,,Stage-II Accorded,181,,,,,,,,,,
state,10,Bihar,status,,(none),157,,,,,,,,,,
state,10,Bihar,status,,Standard ToR Granted,147,,,,,,,,,,
state,10,Bihar,status,,Under Verification,139,,,,,,,,,,
state,10,Bihar,status,,ToR Granted,122,,,,,,,,,,
state,10,Bihar,status,,ADS Raised,106,,,,,,,,,,
state,10,Bihar,status,,Pending at UA for Compensatory Levies Payment and Compliance Report,65,,,,,,,,,,
state,10,Bihar,status,,Proposal Accepted and Referred to SEAC,47,,,,,,,,,,
state,10,Bihar,status,,Pending at UA due to EDS by DFO,42,,,,,,,,,,
state,10,Bihar,status,,TOR Granted,39,,,,,,,,,,
state,10,Bihar,status,,Pending at DFO for Scrutiny and Recommendation,37,,,,,,,,,,
state,10,Bihar,status,,Proposal pulled back (withdrawn),37,,,,,,,,,,
state,10,Bihar,status,,Pending on UA for Compensatory Levies Payment,30,,,,,,,,,,
state,10,Bihar,status,,Under Examination,26,,,,,,,,,,
state,10,Bihar,status,,Pending at UA for Compliance Report,24,,,,,,,,,,
state,10,Bihar,status,,Pending at Nodal Officer for Compliance Review,23,,,,,,,,,,
state,10,Bihar,status,,Final Diversion Order Issued,22,,,,,,,,,,
state,10,Bihar,status,,Pending at Nodal Officer for Recommendation,21,,,,,,,,,,
state,10,Bihar,status,,Proposal returned in present form,20,,,,,,,,,,
state,10,Bihar,status,,Referred to SEAC,20,,,,,,,,,,
state,10,Bihar,status,,Pending at Nodal Officer due to EDS by State Secretary,18,,,,,,,,,,
state,10,Bihar,status,,EDS raised,14,,,,,,,,,,
state,10,Bihar,status,,Pending at DFO due to EDS by Nodal Officer,12,,,,,,,,,,
state,10,Bihar,status,,Pending at Nodal Officer for Compensatory Levies Review,12,,,,,,,,,,
state,10,Bihar,status,,Pending at UA due to EDS by MS after PSC-I,10,,,,,,,,,,
state,10,Bihar,status,,Pending at State Secretary for Recommendation,10,,,,,,,,,,
state,10,Bihar,status,,REMOVED,8,,,,,,,,,,
state,10,Bihar,status,,EC Rejected,8,,,,,,,,,,
state,10,Bihar,status,,Pending at MS for Acceptance in PSC-I,8,,,,,,,,,,
state,10,Bihar,status,,Pending at UA for DFO EDS Reply,7,,,,,,,,,,
state,10,Bihar,status,,Pending at PP due to EDS by DFO,7,,,,,,,,,,
state,10,Bihar,status,,Proposal Withdrawal Request Accepted,6,,,,,,,,,,
state,10,Bihar,status,,Referred to SEIAA,6,,,,,,,,,,
state,10,Bihar,status,,Pending at UA due to Delisting by Authority,6,,,,,,,,,,
state,10,Bihar,status,,Pending at Technical Officer - IRO,6,,,,,,,,,,
state,10,Bihar,status,,Pending at Nodal for Compensatory Levies Review,5,,,,,,,,,,
state,10,Bihar,status,,Withdrawal Request Accepted,5,,,,,,,,,,
state,10,Bihar,status,,Pending at UA due to EDS by Nodal Officer,4,,,,,,,,,,
state,10,Bihar,status,,Pending at State Government  for Diversion,4,,,,,,,,,,
state,10,Bihar,status,,Approval Granted,4,,,,,,,,,,
state,10,Bihar,status,,Pending at PP due to EDS by Nodal Officer,4,,,,,,,,,,
state,10,Bihar,status,,Pending at REC,3,,,,,,,,,,
state,10,Bihar,status,,Pending on UA for Levies Payment,3,,,,,,,,,,
state,10,Bihar,status,,Rejected in PSC-I,3,,,,,,,,,,
state,10,Bihar,status,,Pending at Nodal Officer for Recommendation after PSC-II,3,,,,,,,,,,
state,10,Bihar,status,,Pending at DFO for Issue Approval letter,3,,,,,,,,,,
state,10,Bihar,status,,Pending at State Secretary for Compliance Review,2,,,,,,,,,,
state,10,Bihar,status,,Pending at DFO For Compliance Review,2,,,,,,,,,,
state,10,Bihar,status,,Granted,2,,,,,,,,,,
state,10,Bihar,status,,Pending at DFO/CF/Nodal Officer after acceptance in PSC-I,2,,,,,,,,,,
state,10,Bihar,status,,"Pending at Technical Officer - MoEFCC, HQ",2,,,,,,,,,,
state,10,Bihar,status,,Pending at UA due to EDS by MS after PSC-II,2,,,,,,,,,,
state,10,Bihar,status,,Proposal Accepted and Referred to EAC,2,,,,,,,,,,
state,10,Bihar,status,,Pending at State Secretary for Recommendation after PSC-II,2,,,,,,,,,,
state,10,Bihar,status,,Pending at Nodal Officer due to EDS by SS,1,,,,,,,,,,
state,10,Bihar,status,,Pending at AIGF - RO,1,,,,,,,,,,
state,10,Bihar,status,,Application Rejected,1,,,,,,,,,,
state,10,Bihar,status,,Pending at DFO for Compliance Review,1,,,,,,,,,,
state,10,Bihar,status,,EDS Under Examination,1,,,,,,,,,,
state,10,Bihar,status,,"Pending at State Secretary due to EDS by MoEFCC, HQ",1,,,,,,,,,,
state,10,Bihar,status,,ToR Rejected,1,,,,,,,,,,
state,10,Bihar,status,,Pending at Technical Officer - RO,1,,,,,,,,,,
state,10,Bihar,status,,Pending at MS for Recommendation in PSC-II,1,,,,,,,,,,
state,10,Bihar,applications_by_year,,2022,88,,,,,,,,,,
state,10,Bihar,applications_by_year,,2023,562,,,,,,,,,,
state,10,Bihar,applications_by_year,,2024,466,,,,,,,,,,
state,10,Bihar,applications_by_year,,2025,905,,,,,,,,,,
state,10,Bihar,applications_by_year,,2026,1535,,,,,,,,,,
state,10,Bihar,year_granted,,2022,17,,,,,,,,,,
state,10,Bihar,year_granted,,2023,260,,,,,,,,,,
state,10,Bihar,year_granted,,2024,216,,,,,,,,,,
state,10,Bihar,year_granted,,2025,606,,,,,,,,,,
state,10,Bihar,year_granted,,2026,949,,,,,,,,,,
state,10,Bihar,year_tor,,2022,54,,,,,,,,,,
state,10,Bihar,year_tor,,2023,212,,,,,,,,,,
state,10,Bihar,year_tor,,2024,120,,,,,,,,,,
state,10,Bihar,year_tor,,2025,77,,,,,,,,,,
state,10,Bihar,year_tor,,2026,61,,,,,,,,,,
state,10,Bihar,year_pending,,2022,16,,,,,,,,,,
state,10,Bihar,year_pending,,2023,86,,,,,,,,,,
state,10,Bihar,year_pending,,2024,103,,,,,,,,,,
state,10,Bihar,year_pending,,2025,200,,,,,,,,,,
state,10,Bihar,year_pending,,2026,498,,,,,,,,,,
state,10,Bihar,year_rejected,,2024,6,,,,,,,,,,
state,10,Bihar,year_rejected,,2025,4,,,,,,,,,,
state,10,Bihar,year_rejected,,2026,3,,,,,,,,,,
state,10,Bihar,year_withdrawn,,2022,1,,,,,,,,,,
state,10,Bihar,year_withdrawn,,2023,4,,,,,,,,,,
state,10,Bihar,year_withdrawn,,2024,21,,,,,,,,,,
state,10,Bihar,year_withdrawn,,2025,18,,,,,,,,,,
state,10,Bihar,year_withdrawn,,2026,24,,,,,,,,,,
state,10,Bihar,year_pc_A,,2022,1,,,,,,,,,,
state,10,Bihar,year_pc_A,,2023,6,,,,,,,,,,
state,10,Bihar,year_pc_A,,2024,12,,,,,,,,,,
state,10,Bihar,year_pc_A,,2025,15,,,,,,,,,,
state,10,Bihar,year_pc_A,,2026,15,,,,,,,,,,
state,10,Bihar,year_pc_B1,,2022,55,,,,,,,,,,
state,10,Bihar,year_pc_B1,,2023,423,,,,,,,,,,
state,10,Bihar,year_pc_B1,,2024,221,,,,,,,,,,
state,10,Bihar,year_pc_B1,,2025,154,,,,,,,,,,
state,10,Bihar,year_pc_B1,,2026,187,,,,,,,,,,
state,10,Bihar,year_pc_B2,,2022,4,,,,,,,,,,
state,10,Bihar,year_pc_B2,,2023,21,,,,,,,,,,
state,10,Bihar,year_pc_B2,,2024,44,,,,,,,,,,
state,10,Bihar,year_pc_B2,,2025,482,,,,,,,,,,
state,10,Bihar,year_pc_B2,,2026,1155,,,,,,,,,,
state,10,Bihar,year_pc_OTHER,,2022,28,,,,,,,,,,
state,10,Bihar,year_pc_OTHER,,2023,112,,,,,,,,,,
state,10,Bihar,year_pc_OTHER,,2024,189,,,,,,,,,,
state,10,Bihar,year_pc_OTHER,,2025,254,,,,,,,,,,
state,10,Bihar,year_pc_OTHER,,2026,178,,,,,,,,,,
state,10,Bihar,cube,,2022|granted|B1|ec,1,,,,,,,,,,
state,10,Bihar,cube,,2022|granted|B2|ec,4,,,,,,,,,,
state,10,Bihar,cube,,2022|granted|OTHER|forest,12,,,,,,,,,,
state,10,Bihar,cube,,2022|pending|OTHER|forest,14,,,,,,,,,,
state,10,Bihar,cube,,2022|pending|OTHER|wildlife,2,,,,,,,,,,
state,10,Bihar,cube,,2022|tor|A|ec,1,,,,,,,,,,
state,10,Bihar,cube,,2022|tor|B1|ec,52,,,,,,,,,,
state,10,Bihar,cube,,2022|tor|B1|other,1,,,,,,,,,,
state,10,Bihar,cube,,2022|withdrawn|B1|other,1,,,,,,,,,,
state,10,Bihar,cube,,2023|granted|A|ec,2,,,,,,,,,,
state,10,Bihar,cube,,2023|granted|B1|ec,199,,,,,,,,,,
state,10,Bihar,cube,,2023|granted|B1|other,3,,,,,,,,,,
state,10,Bihar,cube,,2023|granted|B2|ec,17,,,,,,,,,,
state,10,Bihar,cube,,2023|granted|OTHER|forest,39,,,,,,,,,,
state,10,Bihar,cube,,2023|pending|B1|ec,13,,,,,,,,,,
state,10,Bihar,cube,,2023|pending|OTHER|forest,47,,,,,,,,,,
state,10,Bihar,cube,,2023|pending|OTHER|other,8,,,,,,,,,,
state,10,Bihar,cube,,2023|pending|OTHER|wildlife,18,,,,,,,,,,
state,10,Bihar,cube,,2023|tor|A|ec,2,,,,,,,,,,
state,10,Bihar,cube,,2023|tor|A|other,1,,,,,,,,,,
state,10,Bihar,cube,,2023|tor|B1|ec,208,,,,,,,,,,
state,10,Bihar,cube,,2023|tor|B2|ec,1,,,,,,,,,,
state,10,Bihar,cube,,2023|withdrawn|A|ec,1,,,,,,,,,,
state,10,Bihar,cube,,2023|withdrawn|B2|ec,2,,,,,,,,,,
state,10,Bihar,cube,,2023|withdrawn|B2|other,1,,,,,,,,,,
state,10,Bihar,cube,,2024|granted|A|ec,1,,,,,,,,,,
state,10,Bihar,cube,,2024|granted|A|other,1,,,,,,,,,,
state,10,Bihar,cube,,2024|granted|B1|ec,81,,,,,,,,,,
state,10,Bihar,cube,,2024|granted|B1|other,6,,,,,,,,,,
state,10,Bihar,cube,,2024|granted|B2|ec,33,,,,,,,,,,
state,10,Bihar,cube,,2024|granted|B2|other,3,,,,,,,,,,
state,10,Bihar,cube,,2024|granted|OTHER|forest,90,,,,,,,,,,
state,10,Bihar,cube,,2024|granted|OTHER|other,1,,,,,,,,,,
state,10,Bihar,cube,,2024|pending|B1|ec,7,,,,,,,,,,
state,10,Bihar,cube,,2024|pending|OTHER|forest,59,,,,,,,,,,
state,10,Bihar,cube,,2024|pending|OTHER|other,4,,,,,,,,,,
state,10,Bihar,cube,,2024|pending|OTHER|wildlife,33,,,,,,,,,,
state,10,Bihar,cube,,2024|rejected|B1|ec,3,,,,,,,,,,
state,10,Bihar,cube,,2024|rejected|B2|ec,1,,,,,,,,,,
state,10,Bihar,cube,,2024|rejected|OTHER|forest,2,,,,,,,,,,
state,10,Bihar,cube,,2024|tor|A|ec,5,,,,,,,,,,
state,10,Bihar,cube,,2024|tor|A|other,1,,,,,,,,,,
state,10,Bihar,cube,,2024|tor|B1|ec,114,,,,,,,,,,
state,10,Bihar,cube,,2024|withdrawn|A|ec,1,,,,,,,,,,
state,10,Bihar,cube,,2024|withdrawn|A|other,3,,,,,,,,,,
state,10,Bihar,cube,,2024|withdrawn|B1|ec,9,,,,,,,,,,
state,10,Bihar,cube,,2024|withdrawn|B1|other,1,,,,,,,,,,
state,10,Bihar,cube,,2024|withdrawn|B2|ec,7,,,,,,,,,,
state,10,Bihar,cube,,2025|granted|A|ec,4,,,,,,,,,,
state,10,Bihar,cube,,2025|granted|B1|ec,71,,,,,,,,,,
state,10,Bihar,cube,,2025|granted|B1|other,6,,,,,,,,,,
state,10,Bihar,cube,,2025|granted|B2|ec,462,,,,,,,,,,
state,10,Bihar,cube,,2025|granted|B2|other,1,,,,,,,,,,
state,10,Bihar,cube,,2025|granted|OTHER|forest,58,,,,,,,,,,
state,10,Bihar,cube,,2025|granted|OTHER|other,4,,,,,,,,,,
state,10,Bihar,cube,,2025|pending|A|ec,3,,,,,,,,,,
state,10,Bihar,cube,,2025|pending|B1|ec,1,,,,,,,,,,
state,10,Bihar,cube,,2025|pending|B2|ec,6,,,,,,,,,,
state,10,Bihar,cube,,2025|pending|OTHER|forest,129,,,,,,,,,,
state,10,Bihar,cube,,2025|pending|OTHER|other,4,,,,,,,,,,
state,10,Bihar,cube,,2025|pending|OTHER|wildlife,57,,,,,,,,,,
state,10,Bihar,cube,,2025|rejected|B1|ec,1,,,,,,,,,,
state,10,Bihar,cube,,2025|rejected|B1|other,1,,,,,,,,,,
state,10,Bihar,cube,,2025|rejected|B2|ec,1,,,,,,,,,,
state,10,Bihar,cube,,2025|rejected|OTHER|forest,1,,,,,,,,,,
state,10,Bihar,cube,,2025|tor|A|ec,7,,,,,,,,,,
state,10,Bihar,cube,,2025|tor|B1|ec,70,,,,,,,,,,
state,10,Bihar,cube,,2025|withdrawn|A|ec,1,,,,,,,,,,
state,10,Bihar,cube,,2025|withdrawn|B1|ec,3,,,,,,,,,,
state,10,Bihar,cube,,2025|withdrawn|B1|other,1,,,,,,,,,,
state,10,Bihar,cube,,2025|withdrawn|B2|ec,12,,,,,,,,,,
state,10,Bihar,cube,,2025|withdrawn|OTHER|other,1,,,,,,,,,,
state,10,Bihar,cube,,2026|granted|A|ec,2,,,,,,,,,,
state,10,Bihar,cube,,2026|granted|B1|ec,62,,,,,,,,,,
state,10,Bihar,cube,,2026|granted|B1|other,9,,,,,,,,,,
state,10,Bihar,cube,,2026|granted|B2|ec,866,,,,,,,,,,
state,10,Bihar,cube,,2026|granted|OTHER|forest,8,,,,,,,,,,
state,10,Bihar,cube,,2026|granted|OTHER|other,2,,,,,,,,,,
state,10,Bihar,cube,,2026|pending|A|ec,2,,,,,,,,,,
state,10,Bihar,cube,,2026|pending|B1|ec,53,,,,,,,,,,
state,10,Bihar,cube,,2026|pending|B1|other,4,,,,,,,,,,
state,10,Bihar,cube,,2026|pending|B2|ec,272,,,,,,,,,,
state,10,Bihar,cube,,2026|pending|OTHER|forest,136,,,,,,,,,,
state,10,Bihar,cube,,2026|pending|OTHER|other,7,,,,,,,,,,
state,10,Bihar,cube,,2026|pending|OTHER|wildlife,24,,,,,,,,,,
state,10,Bihar,cube,,2026|rejected|B2|ec,2,,,,,,,,,,
state,10,Bihar,cube,,2026|rejected|OTHER|forest,1,,,,,,,,,,
state,10,Bihar,cube,,2026|tor|A|ec,6,,,,,,,,,,
state,10,Bihar,cube,,2026|tor|B1|ec,55,,,,,,,,,,
state,10,Bihar,cube,,2026|withdrawn|A|ec,5,,,,,,,,,,
state,10,Bihar,cube,,2026|withdrawn|B1|ec,4,,,,,,,,,,
state,10,Bihar,cube,,2026|withdrawn|B2|ec,15,,,,,,,,,,
state,10,Bihar,run,,run_status,ok,,,,,,,,,,
state,10,Bihar,run,,run_date,2026-10-10T05:52:28Z,,,,,,,,,,
state,10,Bihar,run,,run_url,https://github.com/publicmap/parivesh-dashboard/actions/runs/38027443840,,,,,,,,,,
state,10,Bihar,top_recent_ec,1,,,SIA/BR/MIN/590500/2026,Brick Earth Mining Project of M/s Uma Int Udyog,UMASHANKAR SINGH,Sitamarhi,EC Granted,2026-08-28T07:19:48.691+00:00,2026-09-18T13:38:17.320+00:00,14.32,1.79,https://parivesh.nic.in/newupgrade/#/report/ec?proposalId=1239577865
state,10,Bihar,top_recent_ec,2,,,SIA/BR/MIN/590268/2026,Brick Earth Mining Project of Dohra Soil Brick Mine by  M/s Maa Bricks Field,ranjit kumar,Nawada,EC Granted,2026-08-26T06:59:30.087+00:00,2026-09-18T13:36:28.271+00:00,30.24,3.78,https://parivesh.nic.in/newupgrade/#/report/ec?proposalId=1239405347
state,10,Bihar,top_recent_ec,3,,,SIA/BR/MIN/590422/2026,"Brick Earth Mining for M/S N.M. ITT UDYOG - Piprakhas Soil Brick Mining Project at Mauza+Village-Piprakhas, P.O+P.S-Mirganj District- Gopalganj (Bihar)",MAYA SAH,Gopalganj,EC Granted,2026-08-27T09:15:34.265+00:00,2026-09-18T13:34:18.059+00:00,520000.0,1.56,https://parivesh.nic.in/newupgrade/#/report/ec?proposalId=1239503051
state,10,Bihar,top_recent_ec,4,,,SIA/BR/MIN/590381/2026,"Brick Earth Mining for M/S HBF BRICKS - Arugaon Soil Brick Mining Project at Mauza+Village-Arugaon, P.O- Dhanpatganj, P.S- Kochadhaman, District–Kishanganj (Bihar)",MOHAMMAD WAJER ALAM,Kishanganj,EC Granted,2026-08-27T06:19:41.393+00:00,2026-09-18T13:32:19.336+00:00,6.33,2.13,https://parivesh.nic.in/newupgrade/#/report/ec?proposalId=1239474887
state,10,Bihar,top_recent_ec,5,,,SIA/BR/INFRA2/584813/2026,Proposed Nutan Rajeev Medical College and Hospital,Rajeev Kumar,Sitamarhi,EC Granted,2026-07-09T11:19:14.896+00:00,2026-09-18T13:30:00.927+00:00,15254.77,24.6028,https://parivesh.nic.in/newupgrade/#/report/ec?proposalId=1234782651
state,10,Bihar,top_recent_ec,6,,,SIA/BR/INFRA2/587216/2026,Proposed Gurudeo College of Medical Science and Hospital,Gurudev Educational Trust,Vaishali,EC Granted,2026-07-30T05:21:05.698+00:00,2026-09-18T13:26:35.965+00:00,150.0,5.0084,https://parivesh.nic.in/newupgrade/#/report/ec?proposalId=1236891294
state,10,Bihar,top_recent_ec,7,,,SIA/BR/MIN/590770/2026,"Brick Earth Mining for M/S NEW BHARAT ENT UDYOG - Chhatanwar Soil Brick Mining Project at Mauza-Chhatanwar, Vill-Akalupur, P.O-Dumraon(HF), P.S–Krishna Brahm, District-Buxar (Bihar)",dhanjee singh,Buxar,EC Granted,2026-09-01T03:29:38.878+00:00,2026-09-18T12:11:24.927+00:00,6.22,2.02,https://parivesh.nic.in/newupgrade/#/report/ec?proposalId=1239818565
state,10,Bihar,top_recent_ec,8,,,SIA/BR/MIN/552677/2026,"Proposed Brick Earth Mining Project of M/S Shivam Int Udyog at Mauza-Banaul, P.O- Banaul, P.S- Nanpur, District- Sitamarhi, State- Bihar (Area - 1.62 ha.)",NAVIN SARSWATI,Sitamarhi,EC Granted,2025-09-22T17:47:14.937+00:00,2026-09-18T12:08:27.785+00:00,9.0,1.62,https://parivesh.nic.in/newupgrade/#/report/ec?proposalId=136770651
state,10,Bihar,top_recent_ec,9,,,SIA/BR/MIN/590690/2026,"Proposed Earth Brick Mining Project located at Mauza-Marsua, Anchal-Makhdumpur, District-Jehanabad, State-Bihar.",BHUSHAN KUMAR,Jehanabad,EC Granted,2026-08-31T08:44:32.584+00:00,2026-09-18T12:06:06.134+00:00,8.0,1.39,https://parivesh.nic.in/newupgrade/#/report/ec?proposalId=1239746296
state,10,Bihar,top_recent_ec,10,,,SIA/BR/MIN/588557/2026,"PROPOSED EARTH BRICK MINING PROJECT LOCATED AT MAUZA-MISRAULIA, ARZALPUR, ANCHAL: PATEDHI BELSAR DIST-VAISHALI, BIHAR",SUNIL KUMAR,Vaishali,EC Granted,2026-08-10T10:11:29.194+00:00,2026-09-18T12:03:25.310+00:00,12.0,1.64,https://parivesh.nic.in/newupgrade/#/report/ec?proposalId=1238002713
state,10,Bihar,top_cost,1,,,SIA/BR/MIN/582754/2026,"Proposed Brick Earth Mining Project for M/S Vijay Int Udyog at Mauza- Jewari, P.O- Pachilikhi, P.S + Block Durgawati, District- Kaimur, State- Bihar.",VIJAY KANT SINGH,Kaimur (bhabua),EC Granted,2026-06-20T06:12:37.402+00:00,2026-08-11T07:39:48.820+00:00,4150000.0,1.72,https://parivesh.nic.in/newupgrade/#/report/ec?proposalId=1232766547
state,10,Bihar,top_cost,2,,,SIA/BR/MIN/585283/2026,"Proposed Brick Earth Mining Project for M/S Kundan Int Udyog at Mauza- Hemanpur, P.O- Sivesinghpur, P.S-+Block-Mohiuddin Nagar, District- Samastipur, State- Bihar.",KUNDAN KUMAR,Samastipur,EC Granted,2026-07-13T11:09:34.028+00:00,2026-08-25T09:03:21.385+00:00,4150000.0,1.74,https://parivesh.nic.in/newupgrade/#/report/ec?proposalId=1235124346
state,10,Bihar,top_cost,3,,,SIA/BR/MIN/585757/2026,"Proposed Brick Earth Mining Project for M/s A-1 Int Udyog at Mauza- Asawn & Awari, P.S + Block- Marhaura, District- Saran, State- Bihar.",ARUN SINGH,Saran,EC Granted,2026-07-17T08:08:35.909+00:00,2026-08-25T09:30:18.307+00:00,4150000.0,1.54,https://parivesh.nic.in/newupgrade/#/report/ec?proposalId=1235537259
state,10,Bihar,top_cost,4,,,SIA/BR/MIN/590060/2026,"Proposed Brick Earth Mining Project for M/S AKG Int Udyog at Mauza- Kotwa, P.O- Bargaon, P.S- Bagaha, Block- Bagaha-1, District- West Champaran, State- Bihar.",ADITYA KUMAR GUPTA,Pashchim Champaran,EC Granted,2026-08-24T10:25:19.654+00:00,2026-09-18T10:09:10.972+00:00,4100000.0,1.54,https://parivesh.nic.in/newupgrade/#/report/ec?proposalId=1239218967
state,10,Bihar,top_cost,5,,,SIA/BR/MIN/590308/2026,"Proposed Sand Mining Project of Area 5.92 Ha at Sand Block Unit-2: Pipra Balu Ghat & Gobindganj Balu Ghat at Address- Gobindganj Balu District - East Champaran, Bihar",NITYANAND SINGH,Purba Champaran,Under Examination,2026-08-26T09:43:35.958+00:00,,3856000.0,5.92,https://parivesh.nic.in/newupgrade/#/report/ec?proposalId=1239421821
state,10,Bihar,top_cost,6,,,SIA/BR/MIN/581975/2026,"Proposed Brick Earth Mining Project for OM J.S.B Enterprises at Mauza- Gamail, P.O+ P.S+ Block- Bihariganj, District- Madhepura, State- Bihar.",KANCHAN KUMARI,Madhepura,EC Granted,2026-06-12T07:42:36.180+00:00,2026-08-25T08:14:53.466+00:00,3425000.0,1.19,https://parivesh.nic.in/newupgrade/#/report/ec?proposalId=1231887623
state,10,Bihar,top_cost,7,,,SIA/BR/MIN/588686/2026,"Brick Earth Mining for M/S LAXMI BRICKS - Talkoraia Soil Brick Mining Project at Mauza-Talkoraia, P.O-Paroriya, P.S- Warisnagar, District- Samastipur (Bihar)",Tej Narayan Choudhary,Samastipur,EC Granted,2026-08-11T10:16:22.668+00:00,2026-09-10T13:44:24.302+00:00,677000.0,2.57,https://parivesh.nic.in/newupgrade/#/report/ec?proposalId=1238115978
state,10,Bihar,top_cost,8,,,FP/BR/HYD/IRRIG/591169/2026,1200 MW Gosaintari Pumped Storage Project,SUn Hydro Energy Private LIMITED,Nawada,Pending at UA due to EDS by MS after PSC-I,2026-09-03T15:58:11.371+00:00,,619800.0,282.97,https://parivesh.nic.in/newupgrade/#/report/ec?proposalId=1240126424
state,10,Bihar,top_cost,9,,,FP/BR/ROAD/584462/2026,Consultancy Services for Preparation of Feasibility study and Detailed Project Report for Construction of 4 – laning of Masrakh to Chakia ( Km 86 to Km 104 of NH – 227A ) and Chakia to Bhitha more (Km 0 to Km 104 of old NH – 104(New NH- 227)) section of Ramjanki Marg in the state of Bihar.   (Sitamarhi Forest Division = chainage km 67+185 to km 71+825 and km 97+825 to km 145+862),Executive Engineer,Sitamarhi,Pending at DFO for Scrutiny and Recommendation,2026-07-06T15:35:52.891+00:00,,592827.88,259.6592,https://parivesh.nic.in/newupgrade/#/report/ec?proposalId=1234430397
state,10,Bihar,top_cost,10,,,FP/BR/ROAD/584598/2026,Consultancy Services for Preparation of Feasibility study and Detailed Project Report for Construction of 4 – laning of Masrakh to Chakia ( Km 86 to Km 104 of NH – 227A ) and Chakia to Bhitha more (Km 0 to Km 104 of old NH – 104(New NH- 227)) section of Ramjanki Marg  in the state of Bihar.   (Forest Division Saran = chainage km 0+000 to km 11+145),Executive Engineer,Saran,Pending at UA due to EDS by MS after PSC-I,2026-07-08T05:09:08.293+00:00,,592827.88,58.9629,https://parivesh.nic.in/newupgrade/#/report/ec?proposalId=1234584896
state,10,Bihar,top_land,1,,,SIA/BR/INFRA2/544409/2025,"Proposed Expansion of Residential Building  “Star Galaxy-I” at Mauza-Simlimurarpur, Dist. - Patna, Bihar by Sai Shree Balajee Homes Pvt. Ltd.",M/S SAI SHREE BALAJEE HOMES PVT. LTD.,Patna,EC Granted,2025-07-10T12:38:54.729+00:00,2025-12-26T06:44:14.116+00:00,25000.0,16292.94,https://parivesh.nic.in/newupgrade/#/report/ec?proposalId=131893904
state,10,Bihar,top_land,2,,,SIA/BR/INFRA2/548127/2025,"Proposed Residential Building “Mayura City” at Village- Dariyapur, Mauza- Neora, P.O.- Neora, Thana- Bihta, District- Patna, State- Bihar by Maa Tara City Homes Pvt. Ltd.",MAA TARA CITY HOMES PRIVATE LIMITED,Patna,EC Rejected,2025-08-14T07:26:07.047+00:00,2025-12-26T08:01:50.190+00:00,4500.0,10651.76,https://parivesh.nic.in/newupgrade/#/report/ec?proposalId=134065444
state,10,Bihar,top_land,3,,,SIA/BR/INFRA2/429806/2023,"Proposed Residential Cum Commercial Building “Green Meadows” at Mustafapur, Patna, Bihar",YASH RAJ BUILDERS AND PROMOTERS PRIVATE LIMITED,Patna,Proposal Withdrawal Request Accepted,2023-05-19T06:19:28.689+00:00,2025-06-07T06:16:02.182+00:00,7200.0,10453.71,https://parivesh.nic.in/newupgrade/#/report/ec?proposalId=5457955
state,10,Bihar,top_land,4,,,SIA/BR/INFRA2/431928/2023,"Proposed Residential Cum Commercial Building “Green Meadows” at Mustafapur, Patna, Bihar",YASH RAJ BUILDERS AND PROMOTERS PRIVATE LIMITED,Patna,EC Granted,2023-06-02T06:11:20.910+00:00,2023-07-11T15:56:10.427+00:00,7200.0,10453.71,https://parivesh.nic.in/newupgrade/#/report/ec?proposalId=5821732
state,10,Bihar,top_land,5,,,IA/BR/INFRA1/550059/2025,"Development of 6 lane with PS Gorakhpur Siliguri High Speed Access Controlled corridor starting from Gorakhpur Bypass km 0.000 (near Madapur) to km 525.590 (on NH-327 near Bagdogra) at Deomani in the states of Uttar Pradesh, Bihar and West Bengal (Total Length = 525.590 km)",NATIONAL HIGHWAY AUTHORITY OF INDIA,Kishanganj,Proposal pulled back (withdrawn),2025-09-01T13:30:11.329+00:00,,37.465,3800.0,https://parivesh.nic.in/newupgrade/#/report/ec?proposalId=135465351
state,10,Bihar,top_land,6,,,IA/BR/RIV/525944/2025,ERM of Western Kosi Canal Project,"Water Resources Department, Govt of Bihar",Madhubani,ToR Granted,2025-02-26T10:05:31.642+00:00,2025-04-22T13:11:17.763+00:00,11.49646,2326.54,https://parivesh.nic.in/newupgrade/#/report/ec?proposalId=121062317
state,10,Bihar,top_land,7,,,WL/BR/DeReservation/426023/2023,Alteration of the boundary of Kaimur Wildlife Sanctuary and its partial denotification under Rohtas and Kaimur Forest Divisions in the State of Bihar,"Dept. of Environment,Forest and Climate Change",Rohtas,,2023-04-13T12:40:48.568+00:00,,0.0,2225.02,https://parivesh.nic.in/newupgrade/#/report/ec?proposalId=4615007
state,10,Bihar,top_land,8,,,WL/BR/THE/431925/2023,Kahalgaon Super Thermal Power Project,NTPC LIMITED,Bhagalpur,,2023-06-02T06:00:47.674+00:00,,6.36016,1359.744,https://parivesh.nic.in/newupgrade/#/report/ec?proposalId=5821314
state,10,Bihar,top_land,9,,,WL/BR/THE/579723/2026,Kahalgaon Super Thermal Power Project,NTPC LIMITED,Bhagalpur,,2026-05-21T07:39:40.472+00:00,,6.36016,1359.744,https://parivesh.nic.in/newupgrade/#/report/ec?proposalId=1228532533
state,10,Bihar,top_land,10,,,IA/BR/THE/502818/2024,"Proposed Expansion from 1320 MW to 1980 MW Buxar Thermal Power Project by installing 1x660 MW plant unit Near Chausa, district Buxar, Bihar",SJVN THERMAL PRIVATE LIMITED,Buxar,ToR Granted,2023-08-07T11:40:49.344+00:00,2024-12-16T03:50:45.484+00:00,16.9093,1290.0,https://parivesh.nic.in/newupgrade/#/report/ec?proposalId=110213974
state,10,Bihar,recent_change,1,added,,SIA/BR/MIN/595029/2026,"Proposed Brick Earth Mining for M/S BKS Int Udyog Balkova Soil Brick Mining Project at Village – Balkova, P.O.:- Binda, P.S. + Block:-Mohanpur, District- Gayajee, State- Bihar",harishankar prasad,Gaya,Under Verification,2026-10-09T12:29:27.851+00:00,,24.65544,1.24,https://parivesh.nic.in/newupgrade/#/report/ec?proposalId=1244809951
state,10,Bihar,recent_change,2,added,,FP/BR/PetrolPump/595022/2026,"Diversion of 0.012 ha of forest land for construction of approach road for opening retail outlet of M/s THINK GAS BEGUSARAI PRIVATE LIMITED [(Compressed Natural GAS (CNG)] on Khata No.-58, Plot No.-399, Thana No.-63, Thana-Khodawandpur, Mauza-Narayanpur to SH-55 Rosera-Begusarai Road in Begusarai district of Bihar.",AJAY KUMAR,Begusarai,Pending at DFO for Scrutiny and Recommendation,2026-10-09T12:11:08.969+00:00,,60.0,0.012,https://parivesh.nic.in/newupgrade/#/report/ec?proposalId=1244807607
state,10,Bihar,recent_change,3,added,,SIA/BR/MIN/595017/2026,"Proposed Brick Earth Mining for M/S N.S. Bricks Jogar Soil Brick Mining Project at Village – Jogar, P.O.:- Lahthua, P.S. + Block:-Mohanpur, District- Gayajee, State- Bihar",ram naresh singh,Gaya,Under Verification,2026-10-09T11:33:16.774+00:00,,25.1234,1.32,https://parivesh.nic.in/newupgrade/#/report/ec?proposalId=1244801572
state,10,Bihar,recent_change,4,added,,SIA/BR/MIN/595013/2026,Brick Earth Mining Project of M/s Tata Int Udyog,paspat sah,Purba Champaran,Under Verification,2026-10-09T11:14:50.256+00:00,,7.28,0.91,https://parivesh.nic.in/newupgrade/#/report/ec?proposalId=1244798329
state,10,Bihar,recent_change,5,added,,SIA/BR/MIN/594992/2026,Brick Earth Mining Project of M/s Mahal Int Udyog,RAJU SAH,Purba Champaran,Under Verification,2026-10-09T10:00:18.597+00:00,,9.44,1.18,https://parivesh.nic.in/newupgrade/#/report/ec?proposalId=1244785306
state,10,Bihar,recent_change,6,added,,SIA/BR/MIN/594982/2026,"Proposed Brick Earth Mining for M/S P D S INT UDYOG - Pinarthu Kala Soil Brick Mining Project at  Mauza+Vill-Pinarthu Kala, P.O-Sonbarsa, P.S-Daraundha, Distt.-Siwan (Bihar)",PRABHAKAR KUMAR,Siwan,Under Verification,2026-10-09T09:40:02.601+00:00,,5.72,1.52,https://parivesh.nic.in/newupgrade/#/report/ec?proposalId=1244781918
state,10,Bihar,recent_change,7,added,,SIA/BR/MIN/594962/2026,"Proposed Brick Earth Mining Project for M/S Kohinoor Bricks at Village/Mauza- Chandrahati, P.O- Chandrahati, P.S-Kurhani, District- Muzaffarpur, State-Bihar",PREM KUMAR SINGH,Muzaffarpur,Under Verification,2026-10-09T08:19:21.526+00:00,,41.32,3.79,https://parivesh.nic.in/newupgrade/#/report/ec?proposalId=1244771202
state,10,Bihar,recent_change,8,added,,SIA/BR/MIN/594928/2026,"Proposed Brick Earth Mining for M/S Sukhma Int Udyog - Bhakharauli Soil Brick Mining Project at Mauza+Village- Bhakharauli,  P.O- Basura, P.S-Rahika, District-Madhubani (Bihar)",SANTOSH KUMAR MURARKA,Madhubani,Under Verification,2026-10-09T06:05:20.704+00:00,,6.12,1.92,https://parivesh.nic.in/newupgrade/#/report/ec?proposalId=1244749100
state,10,Bihar,recent_change,9,added,,FP/BR/PetrolPump/594913/2026,"Diversion of 0.0191 ha of forest land for construction of approach road for opening retail outlet of Nayara Energy Limited on Khata No.-44, Khesra no.-1083, Thana No.-90, Thana and Anchal - Cheriabariyarpur, Mauza-Gopalpurt o SH-55 Begusarai to Rosra Road in Begusarai district of Bihar.",KUMARI NISHA,Begusarai,Pending at DFO for Scrutiny and Recommendation,2026-10-09T03:26:31.995+00:00,,80.0,0.0191,https://parivesh.nic.in/newupgrade/#/report/ec?proposalId=1244731110
state,11,Sikkim,stat,,projects,281,,,,,,,,,,
state,11,Sikkim,stat,,active_projects,197,,,,,,,,,,
state,11,Sikkim,stat,,applications,197,,,,,,,,,,
state,11,Sikkim,stat,,ec_granted,42,,,,,,,,,,
state,11,Sikkim,stat,,ec_tor,4,,,,,,,,,,
state,11,Sikkim,stat,,ec_pending,138,,,,,,,,,,
state,11,Sikkim,stat,,ec_rejected,10,,,,,,,,,,
state,11,Sikkim,stat,,ec_withdrawn,3,,,,,,,,,,
state,11,Sikkim,stat,,pc_A,9,,,,,,,,,,
state,11,Sikkim,stat,,pc_B1,2,,,,,,,,,,
state,11,Sikkim,stat,,pc_B2,7,,,,,,,,,,
state,11,Sikkim,stat,,pc_OTHER,179,,,,,,,,,,
state,11,Sikkim,stat,,ty_ec,14,,,,,,,,,,
state,11,Sikkim,stat,,ty_forest,130,,,,,,,,,,
state,11,Sikkim,stat,,ty_wildlife,49,,,,,,,,,,
state,11,Sikkim,stat,,ty_crz,0,,,,,,,,,,
state,11,Sikkim,stat,,ty_other,4,,,,,,,,,,
state,11,Sikkim,stat,,delisted_or_removed,84,,,,,,,,,,
state,11,Sikkim,stat,,total_cost_lakhs,3094069.0,,,,,,,,,,
state,11,Sikkim,stat,,cost_outliers_excluded,0,,,,,,,,,,
state,11,Sikkim,stat,,total_land_ha,2132.6509,,,,,,,,,,
state,11,Sikkim,stat,,latest_application,2026-09-22T07:23:43.852+00:00,,,,,,,,,,
state,11,Sikkim,stat,,latest_grant,2026-08-24T09:09:13.666+00:00,,,,,,,,,,
state,11,Sikkim,stat,,changes_added,0,,,,,,,,,,
state,11,Sikkim,stat,,changes_removed,0,,,,,,,,,,
state,11,Sikkim,stat,,changes_updated,49,,,,,,,,,,
state,11,Sikkim,stat,,changes_status,0,,,,,,,,,,
state,11,Sikkim,stat,,compared_with,2026-10-09T20:19:01Z,,,,,,,,,,
state,11,Sikkim,stat,,changes_added_active,0,,,,,,,,,,
state,11,Sikkim,stat,,changes_removed_active,0,,,,,,,,,,
state,11,Sikkim,stat,,changes_updated_active,39,,,,,,,,,,
state,11,Sikkim,stat,,changes_status_active,0,,,,,,,,,,
state,11,Sikkim,stat,,window_added_active,4,,,,,,,,,,
state,11,Sikkim,stat,,window_updated_active,85,,,,,,,,,,
state,11,Sikkim,stat,,window_added,4,,,,,,,,,,
state,11,Sikkim,stat,,window_updated,119,,,,,,,,,,
state,11,Sikkim,stat,,window_since,2025-11-07T13:37:02+05:30,,,,,,,,,,
state,11,Sikkim,status,,DELISTED_BY_SYSTEM,69,,,,,,,,,,
state,11,Sikkim,status,,(none),50,,,,,,,,,,
state,11,Sikkim,status,,Final Diversion Order Issued,28,,,,,,,,,,
state,11,Sikkim,status,,Pending on UA for Compensatory Levies Payment,24,,,,,,,,,,
state,11,Sikkim,status,,REMOVED,15,,,,,,,,,,
state,11,Sikkim,status,,EC Granted,9,,,,,,,,,,
state,11,Sikkim,status,,REJECTED,9,,,,,,,,,,
state,11,Sikkim,status,,Pending at DFO due to EDS by Nodal Officer,8,,,,,,,,,,
state,11,Sikkim,status,,Pending at Nodal Officer due to EDS by State Secretary,7,,,,,,,,,,
state,11,Sikkim,status,,Pending at DFO for Compensatory Levies,6,,,,,,,,,,
state,11,Sikkim,status,,Pending at PP due to EDS by DFO,6,,,,,,,,,,
state,11,Sikkim,status,,Pending at Nodal Officer for Recommendation,6,,,,,,,,,,
state,11,Sikkim,status,,Pending at DFO for Scrutiny and Recommendation,6,,,,,,,,,,
state,11,Sikkim,status,,Pending at UA for Compliance Report,4,,,,,,,,,,
state,11,Sikkim,status,,ToR Granted,4,,,,,,,,,,
state,11,Sikkim,status,,Pending at UA for Compensatory Levies Payment and Compliance Report,3,,,,,,,,,,
state,11,Sikkim,status,,Stage-II Accorded,3,,,,,,,,,,
state,11,Sikkim,status,,Pending at DIGF - RO,3,,,,,,,,,,
state,11,Sikkim,status,,Pending on UA for Levies Payment,2,,,,,,,,,,
state,11,Sikkim,status,,Granted,2,,,,,,,,,,
state,11,Sikkim,status,,Proposal pulled back (withdrawn),2,,,,,,,,,,
state,11,Sikkim,status,,Pending at DFO/CF after acceptance in PSC-I,2,,,,,,,,,,
state,11,Sikkim,status,,Pending at UA for DFO EDS Reply,2,,,,,,,,,,
state,11,Sikkim,status,,Pending at CF for Compliance Review,1,,,,,,,,,,
state,11,Sikkim,status,,Pending at State Secretary due to EDS by IRO,1,,,,,,,,,,
state,11,Sikkim,status,,Rejected,1,,,,,,,,,,
state,11,Sikkim,status,,Pending at PP due to EDS by Nodal Officer,1,,,,,,,,,,
state,11,Sikkim,status,,Withdrawal Request Accepted,1,,,,,,,,,,
state,11,Sikkim,status,,Pending at DFO For Compliance Review,1,,,,,,,,,,
state,11,Sikkim,status,,Pending at REC,1,,,,,,,,,,
state,11,Sikkim,status,,"Pending at State Secretary due to EDS by MoEFCC, HQ",1,,,,,,,,,,
state,11,Sikkim,status,,Pending at State Secretary for Recommendation,1,,,,,,,,,,
state,11,Sikkim,status,,Pending at UA due to EDS by DFO,1,,,,,,,,,,
state,11,Sikkim,status,,Pending at MS for Acceptance in PSC-I,1,,,,,,,,,,
state,11,Sikkim,applications_by_year,,2022,12,,,,,,,,,,
state,11,Sikkim,applications_by_year,,2023,39,,,,,,,,,,
state,11,Sikkim,applications_by_year,,2024,52,,,,,,,,,,
state,11,Sikkim,applications_by_year,,2025,54,,,,,,,,,,
state,11,Sikkim,applications_by_year,,2026,40,,,,,,,,,,
state,11,Sikkim,year_granted,,2022,5,,,,,,,,,,
state,11,Sikkim,year_granted,,2023,10,,,,,,,,,,
state,11,Sikkim,year_granted,,2024,17,,,,,,,,,,
state,11,Sikkim,year_granted,,2025,7,,,,,,,,,,
state,11,Sikkim,year_granted,,2026,3,,,,,,,,,,
state,11,Sikkim,year_tor,,2023,1,,,,,,,,,,
state,11,Sikkim,year_tor,,2024,1,,,,,,,,,,
state,11,Sikkim,year_tor,,2025,1,,,,,,,,,,
state,11,Sikkim,year_tor,,2026,1,,,,,,,,,,
state,11,Sikkim,year_pending,,2022,7,,,,,,,,,,
state,11,Sikkim,year_pending,,2023,25,,,,,,,,,,
state,11,Sikkim,year_pending,,2024,29,,,,,,,,,,
state,11,Sikkim,year_pending,,2025,43,,,,,,,,,,
state,11,Sikkim,year_pending,,2026,34,,,,,,,,,,
state,11,Sikkim,year_rejected,,2023,3,,,,,,,,,,
state,11,Sikkim,year_rejected,,2024,4,,,,,,,,,,
state,11,Sikkim,year_rejected,,2025,3,,,,,,,,,,
state,11,Sikkim,year_withdrawn,,2024,1,,,,,,,,,,
state,11,Sikkim,year_withdrawn,,2026,2,,,,,,,,,,
state,11,Sikkim,year_pc_A,,2024,4,,,,,,,,,,
state,11,Sikkim,year_pc_A,,2025,2,,,,,,,,,,
state,11,Sikkim,year_pc_A,,2026,3,,,,,,,,,,
state,11,Sikkim,year_pc_B1,,2023,1,,,,,,,,,,
state,11,Sikkim,year_pc_B1,,2024,1,,,,,,,,,,
state,11,Sikkim,year_pc_B2,,2023,1,,,,,,,,,,
state,11,Sikkim,year_pc_B2,,2024,2,,,,,,,,,,
state,11,Sikkim,year_pc_B2,,2025,1,,,,,,,,,,
state,11,Sikkim,year_pc_B2,,2026,3,,,,,,,,,,
state,11,Sikkim,year_pc_OTHER,,2022,12,,,,,,,,,,
state,11,Sikkim,year_pc_OTHER,,2023,37,,,,,,,,,,
state,11,Sikkim,year_pc_OTHER,,2024,45,,,,,,,,,,
state,11,Sikkim,year_pc_OTHER,,2025,51,,,,,,,,,,
state,11,Sikkim,year_pc_OTHER,,2026,34,,,,,,,,,,
state,11,Sikkim,cube,,2022|granted|OTHER|forest,5,,,,,,,,,,
state,11,Sikkim,cube,,2022|pending|OTHER|forest,5,,,,,,,,,,
state,11,Sikkim,cube,,2022|pending|OTHER|wildlife,2,,,,,,,,,,
state,11,Sikkim,cube,,2023|granted|B2|ec,1,,,,,,,,,,
state,11,Sikkim,cube,,2023|granted|OTHER|forest,9,,,,,,,,,,
state,11,Sikkim,cube,,2023|pending|OTHER|forest,11,,,,,,,,,,
state,11,Sikkim,cube,,2023|pending|OTHER|wildlife,14,,,,,,,,,,
state,11,Sikkim,cube,,2023|rejected|OTHER|forest,3,,,,,,,,,,
state,11,Sikkim,cube,,2023|tor|B1|ec,1,,,,,,,,,,
state,11,Sikkim,cube,,2024|granted|A|other,2,,,,,,,,,,
state,11,Sikkim,cube,,2024|granted|B1|ec,1,,,,,,,,,,
state,11,Sikkim,cube,,2024|granted|B2|ec,2,,,,,,,,,,
state,11,Sikkim,cube,,2024|granted|OTHER|forest,12,,,,,,,,,,
state,11,Sikkim,cube,,2024|pending|OTHER|forest,13,,,,,,,,,,
state,11,Sikkim,cube,,2024|pending|OTHER|wildlife,16,,,,,,,,,,
state,11,Sikkim,cube,,2024|rejected|OTHER|forest,4,,,,,,,,,,
state,11,Sikkim,cube,,2024|tor|A|ec,1,,,,,,,,,,
state,11,Sikkim,cube,,2024|withdrawn|A|other,1,,,,,,,,,,
state,11,Sikkim,cube,,2025|granted|A|other,1,,,,,,,,,,
state,11,Sikkim,cube,,2025|granted|B2|ec,1,,,,,,,,,,
state,11,Sikkim,cube,,2025|granted|OTHER|forest,5,,,,,,,,,,
state,11,Sikkim,cube,,2025|pending|OTHER|forest,32,,,,,,,,,,
state,11,Sikkim,cube,,2025|pending|OTHER|wildlife,11,,,,,,,,,,
state,11,Sikkim,cube,,2025|rejected|OTHER|forest,3,,,,,,,,,,
state,11,Sikkim,cube,,2025|tor|A|ec,1,,,,,,,,,,
state,11,Sikkim,cube,,2026|granted|A|ec,1,,,,,,,,,,
state,11,Sikkim,cube,,2026|granted|B2|ec,2,,,,,,,,,,
state,11,Sikkim,cube,,2026|pending|OTHER|forest,28,,,,,,,,,,
state,11,Sikkim,cube,,2026|pending|OTHER|wildlife,6,,,,,,,,,,
state,11,Sikkim,cube,,2026|tor|A|ec,1,,,,,,,,,,
state,11,Sikkim,cube,,2026|withdrawn|A|ec,1,,,,,,,,,,
state,11,Sikkim,cube,,2026|withdrawn|B2|ec,1,,,,,,,,,,
state,11,Sikkim,run,,run_status,ok,,,,,,,,,,
state,11,Sikkim,run,,run_date,2026-10-10T05:52:28Z,,,,,,,,,,
state,11,Sikkim,run,,run_url,https://github.com/publicmap/parivesh-dashboard/actions/runs/38027443840,,,,,,,,,,
state,11,Sikkim,top_recent_ec,1,,,SIA/SK/INFRA2/589423/2026,Golden Jubilee Integrated Cultural and Sports Village,Buildings and Housing Department,East District,EC Granted,2026-08-18T14:56:19.695+00:00,2026-08-24T09:09:13.666+00:00,3850.13,28.4,https://parivesh.nic.in/newupgrade/#/report/ec?proposalId=1238725086
state,11,Sikkim,top_recent_ec,2,,,SIA/SK/INFRA2/579936/2026,"Proposed golden jubelee state of the art convention center, Sikkim",Buildings and Housing Department,East District,EC Granted,2026-05-23T06:02:39.364+00:00,2026-08-21T09:22:51.506+00:00,108200.0,6.3115,https://parivesh.nic.in/newupgrade/#/report/ec?proposalId=1228819186
state,11,Sikkim,top_recent_ec,3,,,FP/SK/Pipeline/442350/2023,"Diversion of 0.03128 ha of forest land for Augmentation of water supply system from Bulbuley to Dechiling, Gangtok by PHE Deptt. Govt of Sikkim",Public Health Engineering Department,East District,Final Diversion Order Issued,2023-08-29T10:26:15.427+00:00,2026-07-20T14:03:59.802+00:00,82.7426,0.0312,https://parivesh.nic.in/newupgrade/#/report/ec?proposalId=8822102
state,11,Sikkim,top_recent_ec,4,,,IA/SK/RIV/580316/2026,Dikchu Hydroelectric Power Project,SNEHA KINETIC POWER PROJECTS PRIVATE LIMITED,North  District,EC Granted,2026-05-27T05:48:34.288+00:00,2026-07-15T04:21:16.129+00:00,74500.0,55.5329,https://parivesh.nic.in/newupgrade/#/report/ec?proposalId=1229380523
state,11,Sikkim,top_recent_ec,5,,,FP/SK/OTHERS/459719/2024,"Diversion of 0.9833 Ha of forest land for development of Solid Waste Management & other urban amenities at Surya Goan, Gangtok by UDD, GoS",Urban Development Department,East District,Final Diversion Order Issued,2024-01-24T08:18:46.621+00:00,2026-04-28T04:09:39.623+00:00,100.0,0.9833,https://parivesh.nic.in/newupgrade/#/report/ec?proposalId=41035529
state,11,Sikkim,top_recent_ec,6,,,FP/SK/HYD/IRRIG/543856/2025,Rellichu-II HEP,KUNDAN HYDRO (GANGTOK)  PRIVATE LIMITED,West District,Final Diversion Order Issued,2025-07-05T09:34:04.033+00:00,2026-03-30T04:11:34.251+00:00,22554.0,9.5828,https://parivesh.nic.in/newupgrade/#/report/ec?proposalId=131537948
state,11,Sikkim,top_recent_ec,7,,,FP/SK/PWR_TRANS/519537/2025,"Diversion of forest land for Transmission line of Rellichu 12MW HEP from Kongri (Labdang) to RHEP power House under Gyalshing District by Power Department, Gangtok Govt. of Sikkim",Power Department,West District,Final Diversion Order Issued,2025-01-21T07:13:23.055+00:00,2026-03-26T08:51:30.850+00:00,283.0,8.3358,https://parivesh.nic.in/newupgrade/#/report/ec?proposalId=118027809
state,11,Sikkim,top_recent_ec,8,,,FP/SK/OTHERS/416682/2023,"Diversion of 10.1 Ha of forest land for Setting up of 5 MW grid connected Solar Photovoltaic Power Plant near Hangu Lake, Gangtok, Sikkim by M/s REACH",ABHINAY BHANDARI,East District,Final Diversion Order Issued,2023-02-01T10:51:07.868+00:00,2025-12-29T10:02:30.600+00:00,2500.0,10.1,https://parivesh.nic.in/newupgrade/#/report/ec?proposalId=2829641
state,11,Sikkim,top_recent_ec,9,,,FP/SK/ROAD/444930/2023,"Diversion of 0.1308 ha of forest land for construction of road from lower Sumin to Sangay Tar  under Rangpoo T Range, Pakyong Division by R&B Deptt, GoS",Public Works Department,East District,Final Diversion Order Issued,2023-09-19T07:07:47.594+00:00,2025-12-29T09:53:45.542+00:00,118.2,0.78,https://parivesh.nic.in/newupgrade/#/report/ec?proposalId=11034524
state,11,Sikkim,top_recent_ec,10,,,FP/SK/OTHERS/539220/2025,"Diversion of Forest land of 0.0929 ha for construction of Food Godown at Gangyap, Lachen under Mangan District of Sikkim by Food and Civil Supplies  Department, Government of Sikkim.",Food & Civil Supplies Department,North  District,Final Diversion Order Issued,2025-05-27T06:40:00.261+00:00,2025-12-18T09:54:08.153+00:00,136.5,0.0929,https://parivesh.nic.in/newupgrade/#/report/ec?proposalId=128101089
state,11,Sikkim,top_cost,1,,,FP/SK/WATER/592736/2026,"Diversion of 0.1849 ha forest land for the construction of filter house above Naya Bazar School Tank, by PHE Department, GoS under Soreng T Division",Public Health Engineering Department,West District,Pending at UA for DFO EDS Reply,2026-09-20T13:06:28.598+00:00,,1891674.0,0.1849,https://parivesh.nic.in/newupgrade/#/report/ec?proposalId=1241417792
state,11,Sikkim,top_cost,2,,,SIA/SK/INFRA2/579936/2026,"Proposed golden jubelee state of the art convention center, Sikkim",Buildings and Housing Department,East District,EC Granted,2026-05-23T06:02:39.364+00:00,2026-08-21T09:22:51.506+00:00,108200.0,6.3115,https://parivesh.nic.in/newupgrade/#/report/ec?proposalId=1228819186
state,11,Sikkim,top_cost,3,,,IA/SK/RIV/570770/2026,Dikchu HEP,SNEHA KINETIC POWER PROJECTS PRIVATE LIMITED,North  District,Proposal pulled back (withdrawn),2026-02-27T11:29:45.320+00:00,,74500.0,55.5329,https://parivesh.nic.in/newupgrade/#/report/ec?proposalId=1220469167
state,11,Sikkim,top_cost,4,,,IA/SK/RIV/571164/2026,Dikchu Hydroelectric Power Project,SNEHA KINETIC POWER PROJECTS PRIVATE LIMITED,North  District,ToR Granted,2026-03-03T10:44:14.940+00:00,2026-05-04T03:54:08.482+00:00,74500.0,55.5329,https://parivesh.nic.in/newupgrade/#/report/ec?proposalId=1220734714
state,11,Sikkim,top_cost,5,,,IA/SK/RIV/580316/2026,Dikchu Hydroelectric Power Project,SNEHA KINETIC POWER PROJECTS PRIVATE LIMITED,North  District,EC Granted,2026-05-27T05:48:34.288+00:00,2026-07-15T04:21:16.129+00:00,74500.0,55.5329,https://parivesh.nic.in/newupgrade/#/report/ec?proposalId=1229380523
state,11,Sikkim,top_cost,6,,,IA/SK/RIV/527111/2025,Chakung Chu HEP,KUNDAN HYDRO (GANGTOK)  PRIVATE LIMITED,North  District,ToR Granted,2025-03-03T05:28:40.825+00:00,2025-04-15T12:55:07.912+00:00,69509.0,42.24,https://parivesh.nic.in/newupgrade/#/report/ec?proposalId=121424631
state,11,Sikkim,top_cost,7,,,SIA/SK/INFRA2/494796/2024,"NIT Sikkim Campus at Dung Dung, Khamdong near Gangtok, District East Sikkim",NBCC (INDIA) LIMITED,East District,EC Granted,2024-08-30T12:19:58.463+00:00,2025-04-08T11:22:33.816+00:00,68576.0,40.4685,https://parivesh.nic.in/newupgrade/#/report/ec?proposalId=98262423
state,11,Sikkim,top_cost,8,,,IA/SK/RIV/493596/2024,Rangit-II Hydro Electric Project,SIKKIM HYDRO POWER VENTURES LIMITED,West District,ToR Granted,2024-08-22T05:14:55.739+00:00,2024-10-21T03:47:24.698+00:00,49644.0,33.294,https://parivesh.nic.in/newupgrade/#/report/ec?proposalId=95594654
state,11,Sikkim,top_cost,9,,,FP/SK/ROAD/458037/2024,Diversion of 116.1 ha forest land for widening/upgradation of existing road (NH 310A) to NHDL specification with paved shoulder from Yumthang of Design km 52+808 to Yume Samdang Border (Zero point) of design 84.160 kmby BRO in Sikkim,Ministry of Defense,Mangan,Final Diversion Order Issued,2024-01-08T12:29:30.591+00:00,2025-12-10T11:46:38.960+00:00,38911.0,116.1,https://parivesh.nic.in/newupgrade/#/report/ec?proposalId=37340741
state,11,Sikkim,top_cost,10,,,WL/SK/ROAD/472734/2024,WIDENING OF EXISTING ROAD (NH 310A) TO NHDL SPECIFICATION WITH PAVED SHOULDER FROM SHINGBA RHODODENDRON WILDLIFE SANCTUARY TO YUMTHANG IN THE STATE OF SIKKIM UNDER PROJECT SWASTIK OF BRO,Ministry of Defense,North District,,2024-05-13T11:29:14.069+00:00,,38480.5,38.1435,https://parivesh.nic.in/newupgrade/#/report/ec?proposalId=67763084
state,11,Sikkim,top_land,1,,,IA/SK/RIV/500864/2024,Teesta Hydroelectric Project Stage-III (1200 MW),SIKKIM URJA LIMITED,North  District,Withdrawal Request Accepted,2024-10-14T05:49:37.173+00:00,2024-10-14T11:48:52.489+00:00,4.18951,213.8831,https://parivesh.nic.in/newupgrade/#/report/ec?proposalId=109575424
state,11,Sikkim,top_land,2,,,IA/SK/RIV/499039/2024,Teesta Hydroelectric Project Stage-III (1200 MW),SIKKIM URJA LIMITED,North  District,EC Granted,2024-09-30T09:28:17.119+00:00,2025-03-15T05:13:31.518+00:00,5705.55,196.967,https://parivesh.nic.in/newupgrade/#/report/ec?proposalId=106980286
state,11,Sikkim,top_land,3,,,IA/SK/RIV/500977/2024,Teesta Hydroelectric Project Stage-III (1200 MW),SIKKIM URJA LIMITED,North  District,Granted,2024-10-14T11:56:30.502+00:00,2024-11-16T07:27:01.959+00:00,5705.55,196.967,https://parivesh.nic.in/newupgrade/#/report/ec?proposalId=109616592
state,11,Sikkim,top_land,4,,,IA/SK/RIV/541174/2025,Teesta - VI HE Project,NHPC LIMITED,South District,Granted,2025-06-12T09:52:54.389+00:00,2025-10-27T11:27:11.051+00:00,5.74804,166.4803,https://parivesh.nic.in/newupgrade/#/report/ec?proposalId=129816516
state,11,Sikkim,top_land,5,,,FP/SK/ROAD/458037/2024,Diversion of 116.1 ha forest land for widening/upgradation of existing road (NH 310A) to NHDL specification with paved shoulder from Yumthang of Design km 52+808 to Yume Samdang Border (Zero point) of design 84.160 kmby BRO in Sikkim,Ministry of Defense,Mangan,Final Diversion Order Issued,2024-01-08T12:29:30.591+00:00,2025-12-10T11:46:38.960+00:00,38911.0,116.1,https://parivesh.nic.in/newupgrade/#/report/ec?proposalId=37340741
state,11,Sikkim,top_land,6,,,FP/SK/PWR_TRANS/577902/2026,Rammam Hydro Power Project,NTPC LIMITED,South District,Pending at DFO/CF after acceptance in PSC-I,2026-05-04T14:04:49.510+00:00,,6850.0,78.7454,https://parivesh.nic.in/newupgrade/#/report/ec?proposalId=1226474538
state,11,Sikkim,top_land,7,,,FP/SK/TRANS/400225/2022,132KV D/C Dikchupool to Perbing Transmission line,ENERGY POWER DEPARTMENT SIKKIM,East District,,2022-09-09T06:31:07.078+00:00,,217.0,60.6435,https://parivesh.nic.in/newupgrade/#/report/ec?proposalId=724688
state,11,Sikkim,top_land,8,,,FP/SK/TRANS/400227/2022,132KV D/C Dikchupool to Perbing Transmission line,ENERGY POWER DEPARTMENT SIKKIM,East District,Pending at CF for Compliance Review,2022-09-09T06:40:39.331+00:00,,217.0,60.6435,https://parivesh.nic.in/newupgrade/#/report/ec?proposalId=724829
state,11,Sikkim,top_land,9,,,WL/SK/TRANS/400335/2022,132KV D/C Dikchupool to Perbing Transmission line,ENERGY POWER DEPARTMENT SIKKIM,East District,,2022-09-12T07:19:42.826+00:00,,217.0,60.6435,https://parivesh.nic.in/newupgrade/#/report/ec?proposalId=736529
state,11,Sikkim,top_land,10,,,FP/SK/OTHERS/484235/2024,"Diversion of 63.73 Ha of forest land for regularization (8.0 ha in Gangtok District, 39.84 ha in Namchi District and 15.89 ha in Pakyong District) pre- 1980 settlements in Forest Land-Conversion of Forest Village into Revenue Village in the State of Sikkim by RDD, GoS","RURAL DEVELOPMENT DEPARTMENT, GOVT OF SIKKIM",East District,Pending on UA for Levies Payment,2024-06-27T07:44:01.805+00:00,,0.0,56.67,https://parivesh.nic.in/newupgrade/#/report/ec?proposalId=79180216
state,12,Arunachal Pradesh,stat,,projects,320,,,,,,,,,,
state,12,Arunachal Pradesh,stat,,active_projects,250,,,,,,,,,,
state,12,Arunachal Pradesh,stat,,applications,250,,,,,,,,,,
state,12,Arunachal Pradesh,stat,,ec_granted,56,,,,,,,,,,
state,12,Arunachal Pradesh,stat,,ec_tor,15,,,,,,,,,,
state,12,Arunachal Pradesh,stat,,ec_pending,161,,,,,,,,,,
state,12,Arunachal Pradesh,stat,,ec_rejected,13,,,,,,,,,,
state,12,Arunachal Pradesh,stat,,ec_withdrawn,5,,,,,,,,,,
state,12,Arunachal Pradesh,stat,,pc_A,28,,,,,,,,,,
state,12,Arunachal Pradesh,stat,,pc_B1,6,,,,,,,,,,
state,12,Arunachal Pradesh,stat,,pc_B2,10,,,,,,,,,,
state,12,Arunachal Pradesh,stat,,pc_OTHER,206,,,,,,,,,,
state,12,Arunachal Pradesh,stat,,ty_ec,35,,,,,,,,,,
state,12,Arunachal Pradesh,stat,,ty_forest,139,,,,,,,,,,
state,12,Arunachal Pradesh,stat,,ty_wildlife,63,,,,,,,,,,
state,12,Arunachal Pradesh,stat,,ty_crz,0,,,,,,,,,,
state,12,Arunachal Pradesh,stat,,ty_other,13,,,,,,,,,,
state,12,Arunachal Pradesh,stat,,delisted_or_removed,70,,,,,,,,,,
state,12,Arunachal Pradesh,stat,,total_cost_lakhs,15011942.46,,,,,,,,,,
state,12,Arunachal Pradesh,stat,,cost_outliers_excluded,2,,,,,,,,,,
state,12,Arunachal Pradesh,stat,,total_land_ha,80536.1364,,,,,,,,,,
state,12,Arunachal Pradesh,stat,,latest_application,2026-10-10T04:19:37.735+00:00,,,,,,,,,,
state,12,Arunachal Pradesh,stat,,latest_grant,2026-09-18T04:11:32.914+00:00,,,,,,,,,,
state,12,Arunachal Pradesh,stat,,changes_added,1,,,,,,,,,,
state,12,Arunachal Pradesh,stat,,changes_removed,0,,,,,,,,,,
state,12,Arunachal Pradesh,stat,,changes_updated,73,,,,,,,,,,
state,12,Arunachal Pradesh,stat,,changes_status,0,,,,,,,,,,
state,12,Arunachal Pradesh,stat,,compared_with,2026-10-09T20:19:01Z,,,,,,,,,,
state,12,Arunachal Pradesh,stat,,changes_added_active,1,,,,,,,,,,
state,12,Arunachal Pradesh,stat,,changes_removed_active,0,,,,,,,,,,
state,12,Arunachal Pradesh,stat,,changes_updated_active,60,,,,,,,,,,
state,12,Arunachal Pradesh,stat,,changes_status_active,0,,,,,,,,,,
state,12,Arunachal Pradesh,stat,,window_added_active,7,,,,,,,,,,
state,12,Arunachal Pradesh,stat,,window_updated_active,58,,,,,,,,,,
state,12,Arunachal Pradesh,stat,,window_added,7,,,,,,,,,,
state,12,Arunachal Pradesh,stat,,window_updated,71,,,,,,,,,,
state,12,Arunachal Pradesh,stat,,window_since,2026-10-01T03:52:08Z,,,,,,,,,,
state,12,Arunachal Pradesh,status,,(none),63,,,,,,,,,,
state,12,Arunachal Pradesh,status,,DELISTED_BY_SYSTEM,49,,,,,,,,,,
state,12,Arunachal Pradesh,status,,Final Diversion Order Issued,26,,,,,,,,,,
state,12,Arunachal Pradesh,status,,REMOVED,21,,,,,,,,,,
state,12,Arunachal Pradesh,status,,Pending on UA for Compensatory Levies Payment,14,,,,,,,,,,
state,12,Arunachal Pradesh,status,,ToR Granted,13,,,,,,,,,,
state,12,Arunachal Pradesh,status,,Pending at DFO for Scrutiny and Recommendation,12,,,,,,,,,,
state,12,Arunachal Pradesh,status,,EC Granted,12,,,,,,,,,,
state,12,Arunachal Pradesh,status,,Rejected in PSC-I,12,,,,,,,,,,
state,12,Arunachal Pradesh,status,,Pending at Nodal Officer due to EDS by State Secretary,10,,,,,,,,,,
state,12,Arunachal Pradesh,status,,Approval Granted,8,,,,,,,,,,
state,12,Arunachal Pradesh,status,,Granted,6,,,,,,,,,,
state,12,Arunachal Pradesh,status,,Pending at DFO/CF/Nodal Officer after acceptance in PSC-I,5,,,,,,,,,,
state,12,Arunachal Pradesh,status,,Pending at DFO due to EDS by Nodal Officer,5,,,,,,,,,,
state,12,Arunachal Pradesh,status,,Pending at DFO for Compensatory Levies,4,,,,,,,,,,
state,12,Arunachal Pradesh,status,,Stage-II Accorded,4,,,,,,,,,,
state,12,Arunachal Pradesh,status,,Under Examination,4,,,,,,,,,,
state,12,Arunachal Pradesh,status,,Proposal returned in present form,4,,,,,,,,,,
state,12,Arunachal Pradesh,status,,Pending at DFO/CF after acceptance in PSC-I,4,,,,,,,,,,
state,12,Arunachal Pradesh,status,,Pending at PP due to EDS by Nodal Officer,3,,,,,,,,,,
state,12,Arunachal Pradesh,status,,Pending at DFO for Compliance Review,3,,,,,,,,,,
state,12,Arunachal Pradesh,status,,Pending at UA due to EDS by DFO,3,,,,,,,,,,
state,12,Arunachal Pradesh,status,,Pending at DFO for Issue Approval letter,3,,,,,,,,,,
state,12,Arunachal Pradesh,status,,Pending at Nodal Officer for Recommendation,3,,,,,,,,,,
state,12,Arunachal Pradesh,status,,Pending on UA for Levies Payment,2,,,,,,,,,,
state,12,Arunachal Pradesh,status,,"Pending at Technical Officer - MoEFCC, HQ",2,,,,,,,,,,
state,12,Arunachal Pradesh,status,,Pending at Nodal Officer for Recommendation after PSC-II,2,,,,,,,,,,
state,12,Arunachal Pradesh,status,,"Pending at TO – MoEFCC, HQ for Final Approval",1,,,,,,,,,,
state,12,Arunachal Pradesh,status,,Pending at REC,1,,,,,,,,,,
state,12,Arunachal Pradesh,status,,TOR GRANTED,1,,,,,,,,,,
state,12,Arunachal Pradesh,status,,EDS raised,1,,,,,,,,,,
state,12,Arunachal Pradesh,status,,Pending at UA for Compliance Report,1,,,,,,,,,,
state,12,Arunachal Pradesh,status,,Pending at Nodal Officer for Compliance Review,1,,,,,,,,,,
state,12,Arunachal Pradesh,status,,Pending at State Government for Diversion Letter,1,,,,,,,,,,
state,12,Arunachal Pradesh,status,,Pending at UA for Compensatory Levies Payment and Compliance Report,1,,,,,,,,,,
state,12,Arunachal Pradesh,status,,EC Rejected,1,,,,,,,,,,
state,12,Arunachal Pradesh,status,,Pending at FAC,1,,,,,,,,,,
state,12,Arunachal Pradesh,status,,Pending at DFO due to EDS by MS After PSC-II,1,,,,,,,,,,
state,12,Arunachal Pradesh,status,,Standard ToR Granted,1,,,,,,,,,,
state,12,Arunachal Pradesh,status,,Pending at DFO For Compliance Review,1,,,,,,,,,,
state,12,Arunachal Pradesh,status,,Pending at State Secretary due to EDS by IRO,1,,,,,,,,,,
state,12,Arunachal Pradesh,status,,Proposal pulled back (withdrawn),1,,,,,,,,,,
state,12,Arunachal Pradesh,status,,ADS Raised,1,,,,,,,,,,
state,12,Arunachal Pradesh,status,,"Pending at Union Minister - MoEFCC, HQ",1,,,,,,,,,,
state,12,Arunachal Pradesh,status,,Pending at MS for Acceptance in PSC-I,1,,,,,,,,,,
state,12,Arunachal Pradesh,status,,"Pending at AIGF - MoEFCC, HQ",1,,,,,,,,,,
state,12,Arunachal Pradesh,status,,Under Verification,1,,,,,,,,,,
state,12,Arunachal Pradesh,status,,Forwarded to MS,1,,,,,,,,,,
state,12,Arunachal Pradesh,status,,Pending at State Secretary due to EDS by RO,1,,,,,,,,,,
state,12,Arunachal Pradesh,status,,Proposal Accepted and Referred to SEAC,1,,,,,,,,,,
state,12,Arunachal Pradesh,applications_by_year,,2022,7,,,,,,,,,,
state,12,Arunachal Pradesh,applications_by_year,,2023,66,,,,,,,,,,
state,12,Arunachal Pradesh,applications_by_year,,2024,57,,,,,,,,,,
state,12,Arunachal Pradesh,applications_by_year,,2025,61,,,,,,,,,,
state,12,Arunachal Pradesh,applications_by_year,,2026,59,,,,,,,,,,
state,12,Arunachal Pradesh,year_granted,,2022,5,,,,,,,,,,
state,12,Arunachal Pradesh,year_granted,,2023,22,,,,,,,,,,
state,12,Arunachal Pradesh,year_granted,,2024,6,,,,,,,,,,
state,12,Arunachal Pradesh,year_granted,,2025,17,,,,,,,,,,
state,12,Arunachal Pradesh,year_granted,,2026,6,,,,,,,,,,
state,12,Arunachal Pradesh,year_tor,,2023,4,,,,,,,,,,
state,12,Arunachal Pradesh,year_tor,,2024,6,,,,,,,,,,
state,12,Arunachal Pradesh,year_tor,,2025,2,,,,,,,,,,
state,12,Arunachal Pradesh,year_tor,,2026,3,,,,,,,,,,
state,12,Arunachal Pradesh,year_pending,,2022,2,,,,,,,,,,
state,12,Arunachal Pradesh,year_pending,,2023,40,,,,,,,,,,
state,12,Arunachal Pradesh,year_pending,,2024,42,,,,,,,,,,
state,12,Arunachal Pradesh,year_pending,,2025,32,,,,,,,,,,
state,12,Arunachal Pradesh,year_pending,,2026,45,,,,,,,,,,
state,12,Arunachal Pradesh,year_rejected,,2024,3,,,,,,,,,,
state,12,Arunachal Pradesh,year_rejected,,2025,6,,,,,,,,,,
state,12,Arunachal Pradesh,year_rejected,,2026,4,,,,,,,,,,
state,12,Arunachal Pradesh,year_withdrawn,,2025,4,,,,,,,,,,
state,12,Arunachal Pradesh,year_withdrawn,,2026,1,,,,,,,,,,
state,12,Arunachal Pradesh,year_pc_A,,2023,6,,,,,,,,,,
state,12,Arunachal Pradesh,year_pc_A,,2024,6,,,,,,,,,,
state,12,Arunachal Pradesh,year_pc_A,,2025,6,,,,,,,,,,
state,12,Arunachal Pradesh,year_pc_A,,2026,10,,,,,,,,,,
state,12,Arunachal Pradesh,year_pc_B1,,2023,2,,,,,,,,,,
state,12,Arunachal Pradesh,year_pc_B1,,2024,2,,,,,,,,,,
state,12,Arunachal Pradesh,year_pc_B1,,2025,1,,,,,,,,,,
state,12,Arunachal Pradesh,year_pc_B1,,2026,1,,,,,,,,,,
state,12,Arunachal Pradesh,year_pc_B2,,2023,1,,,,,,,,,,
state,12,Arunachal Pradesh,year_pc_B2,,2024,2,,,,,,,,,,
state,12,Arunachal Pradesh,year_pc_B2,,2025,2,,,,,,,,,,
state,12,Arunachal Pradesh,year_pc_B2,,2026,5,,,,,,,,,,
state,12,Arunachal Pradesh,year_pc_OTHER,,2022,7,,,,,,,,,,
state,12,Arunachal Pradesh,year_pc_OTHER,,2023,57,,,,,,,,,,
state,12,Arunachal Pradesh,year_pc_OTHER,,2024,47,,,,,,,,,,
state,12,Arunachal Pradesh,year_pc_OTHER,,2025,52,,,,,,,,,,
state,12,Arunachal Pradesh,year_pc_OTHER,,2026,43,,,,,,,,,,
state,12,Arunachal Pradesh,cube,,2022|granted|OTHER|forest,5,,,,,,,,,,
state,12,Arunachal Pradesh,cube,,2022|pending|OTHER|forest,1,,,,,,,,,,
state,12,Arunachal Pradesh,cube,,2022|pending|OTHER|wildlife,1,,,,,,,,,,
state,12,Arunachal Pradesh,cube,,2023|granted|A|other,3,,,,,,,,,,
state,12,Arunachal Pradesh,cube,,2023|granted|B2|ec,1,,,,,,,,,,
state,12,Arunachal Pradesh,cube,,2023|granted|OTHER|forest,18,,,,,,,,,,
state,12,Arunachal Pradesh,cube,,2023|pending|B1|ec,1,,,,,,,,,,
state,12,Arunachal Pradesh,cube,,2023|pending|OTHER|forest,19,,,,,,,,,,
state,12,Arunachal Pradesh,cube,,2023|pending|OTHER|wildlife,20,,,,,,,,,,
state,12,Arunachal Pradesh,cube,,2023|tor|A|ec,2,,,,,,,,,,
state,12,Arunachal Pradesh,cube,,2023|tor|A|other,1,,,,,,,,,,
state,12,Arunachal Pradesh,cube,,2023|tor|B1|ec,1,,,,,,,,,,
state,12,Arunachal Pradesh,cube,,2024|granted|A|ec,1,,,,,,,,,,
state,12,Arunachal Pradesh,cube,,2024|granted|B2|ec,1,,,,,,,,,,
state,12,Arunachal Pradesh,cube,,2024|granted|OTHER|forest,4,,,,,,,,,,
state,12,Arunachal Pradesh,cube,,2024|pending|B1|ec,1,,,,,,,,,,
state,12,Arunachal Pradesh,cube,,2024|pending|OTHER|forest,32,,,,,,,,,,
state,12,Arunachal Pradesh,cube,,2024|pending|OTHER|wildlife,9,,,,,,,,,,
state,12,Arunachal Pradesh,cube,,2024|rejected|B2|ec,1,,,,,,,,,,
state,12,Arunachal Pradesh,cube,,2024|rejected|OTHER|forest,2,,,,,,,,,,
state,12,Arunachal Pradesh,cube,,2024|tor|A|ec,4,,,,,,,,,,
state,12,Arunachal Pradesh,cube,,2024|tor|A|other,1,,,,,,,,,,
state,12,Arunachal Pradesh,cube,,2024|tor|B1|ec,1,,,,,,,,,,
state,12,Arunachal Pradesh,cube,,2025|granted|A|ec,2,,,,,,,,,,
state,12,Arunachal Pradesh,cube,,2025|granted|A|other,2,,,,,,,,,,
state,12,Arunachal Pradesh,cube,,2025|granted|B2|ec,2,,,,,,,,,,
state,12,Arunachal Pradesh,cube,,2025|granted|OTHER|forest,10,,,,,,,,,,
state,12,Arunachal Pradesh,cube,,2025|granted|OTHER|other,1,,,,,,,,,,
state,12,Arunachal Pradesh,cube,,2025|pending|OTHER|forest,15,,,,,,,,,,
state,12,Arunachal Pradesh,cube,,2025|pending|OTHER|wildlife,17,,,,,,,,,,
state,12,Arunachal Pradesh,cube,,2025|rejected|OTHER|forest,6,,,,,,,,,,
state,12,Arunachal Pradesh,cube,,2025|tor|A|ec,1,,,,,,,,,,
state,12,Arunachal Pradesh,cube,,2025|tor|B1|ec,1,,,,,,,,,,
state,12,Arunachal Pradesh,cube,,2025|withdrawn|A|ec,1,,,,,,,,,,
state,12,Arunachal Pradesh,cube,,2025|withdrawn|OTHER|other,3,,,,,,,,,,
state,12,Arunachal Pradesh,cube,,2026|granted|A|ec,1,,,,,,,,,,
state,12,Arunachal Pradesh,cube,,2026|granted|A|other,1,,,,,,,,,,
state,12,Arunachal Pradesh,cube,,2026|granted|B2|ec,3,,,,,,,,,,
state,12,Arunachal Pradesh,cube,,2026|granted|OTHER|forest,1,,,,,,,,,,
state,12,Arunachal Pradesh,cube,,2026|pending|A|ec,4,,,,,,,,,,
state,12,Arunachal Pradesh,cube,,2026|pending|B1|ec,1,,,,,,,,,,
state,12,Arunachal Pradesh,cube,,2026|pending|B2|ec,2,,,,,,,,,,
state,12,Arunachal Pradesh,cube,,2026|pending|OTHER|forest,22,,,,,,,,,,
state,12,Arunachal Pradesh,cube,,2026|pending|OTHER|wildlife,16,,,,,,,,,,
state,12,Arunachal Pradesh,cube,,2026|rejected|OTHER|forest,4,,,,,,,,,,
state,12,Arunachal Pradesh,cube,,2026|tor|A|ec,3,,,,,,,,,,
state,12,Arunachal Pradesh,cube,,2026|withdrawn|A|other,1,,,,,,,,,,
state,12,Arunachal Pradesh,run,,run_status,ok,,,,,,,,,,
state,12,Arunachal Pradesh,run,,run_date,2026-10-10T05:52:28Z,,,,,,,,,,
state,12,Arunachal Pradesh,run,,run_url,https://github.com/publicmap/parivesh-dashboard/actions/runs/38027443840,,,,,,,,,,
state,12,Arunachal Pradesh,top_recent_ec,1,,,IA/AR/RIV/582227/2026,Attunli Hydroelectric Project (680 MW),SJVN Limited,Upper Dibang Valley,EC Granted,2026-06-15T11:21:44.065+00:00,2026-09-18T04:11:32.914+00:00,5.89601,261.53,https://parivesh.nic.in/newupgrade/#/report/ec?proposalId=1232172259
state,12,Arunachal Pradesh,top_recent_ec,2,,,SIA/AR/IND2/577329/2026,Onshore Oil & Gas Drilling & Testing at Loc. ONMA in OALP-I Block AA-ONHP-2017/16 under Namsai District in the state of Arunachal Pradesh.,OIL INDIA LTD,Namsai,EC Granted,2026-04-29T04:57:53.040+00:00,2026-09-11T06:44:03.163+00:00,1964.0,3.53,https://parivesh.nic.in/newupgrade/#/report/ec?proposalId=1225873284
state,12,Arunachal Pradesh,top_recent_ec,3,,,SIA/AR/IND2/576052/2026,Onshore Oil & Gas Exploration Drilling & Testing at Loc. ONMB in OALP-I Block AA-ONHP-2017/16 under Namsai District in the State of Arunachal Pradesh,OIL INDIA LTD,Namsai,EC Granted,2026-04-17T09:00:43.178+00:00,2026-09-11T06:26:22.479+00:00,1964.0,3.24,https://parivesh.nic.in/newupgrade/#/report/ec?proposalId=1224610866
state,12,Arunachal Pradesh,top_recent_ec,4,,,SIA/AR/IND2/569648/2026,Onshore Oil & Gas drilling at Loc. KHAS,OIL INDIA LIMITED,Changlang,EC Granted,2026-02-19T05:22:28.292+00:00,2026-09-10T09:12:26.130+00:00,1964.0,3.94,https://parivesh.nic.in/newupgrade/#/report/ec?proposalId=1219726839
state,12,Arunachal Pradesh,top_recent_ec,5,,,IA/AR/RIV/575562/2026,Etalin HEP 3097 MW,NHPC LIMITED,Upper Dibang Valley,Granted,2026-04-13T10:01:14.965+00:00,2026-07-22T03:41:31.248+00:00,30.03736,1175.03,https://parivesh.nic.in/newupgrade/#/report/ec?proposalId=1224197610
state,12,Arunachal Pradesh,top_recent_ec,6,,,IA/AR/RIV/557663/2025,Kalai II Hydro Electric Project,THDC INDIA LIMITED,Anjaw,EC Granted,2025-11-10T09:26:35.125+00:00,2026-06-19T11:05:35.601+00:00,14.17626,869.3503,https://parivesh.nic.in/newupgrade/#/report/ec?proposalId=306912178
state,12,Arunachal Pradesh,top_recent_ec,7,,,FP/AR/PetrolPump/536015/2025,"Proposal for diversion of 0.0041 ha of forest land for Etablishment of Petrol Pump at Dobum, Banderdewa in Papum Pare District of Arunachal Pradesh.",Gunia Nabam,Papum Pare,Final Diversion Order Issued,2025-05-01T05:37:06.299+00:00,2026-05-12T11:39:49.534+00:00,70.0,0.1441,https://parivesh.nic.in/newupgrade/#/report/ec?proposalId=125975410
state,12,Arunachal Pradesh,top_recent_ec,8,,,FP/AR/ROAD/551799/2025,Proposal for diverion of 21.4 ha of forest land for construction of Manchal PWD road (Nenuliang) to Zapaliang ( design length 25.00 km) for execution of EPC Mode in Anjaw District of Arunanchaal Pradesh by RWD.,"Rural  Works Department, Hayuliang",Anjaw,Final Diversion Order Issued,2025-09-16T09:44:14.562+00:00,2026-05-12T11:36:32.968+00:00,4748.47,21.4,https://parivesh.nic.in/newupgrade/#/report/ec?proposalId=136370826
state,12,Arunachal Pradesh,top_recent_ec,9,,,FP/AR/PetrolPump/427408/2023,Establishment of petrol pump at Banderdewa.,TAI YAGAK,Papum Pare,Final Diversion Order Issued,2023-04-27T11:24:50.523+00:00,2026-04-10T10:24:17.325+00:00,15.0,0.1034,https://parivesh.nic.in/newupgrade/#/report/ec?proposalId=4908382
state,12,Arunachal Pradesh,top_recent_ec,10,,,FP/AR/MINOIL/431651/2023,"Diversion of 3.33 Ha. of Forest land for drilling at Location KHAR in the Namphur Reserve Forest under Nampong Forest division, Arunachal Pradesh",OIL INDIA LIMITED,Changlang,Final Diversion Order Issued,2023-05-31T09:01:56.211+00:00,2026-04-02T14:34:48.225+00:00,1964.0,3.33,https://parivesh.nic.in/newupgrade/#/report/ec?proposalId=5770460
state,12,Arunachal Pradesh,top_cost,1,,,IA/AR/RIV/465936/2024,Kamala Hydro Electric Project,NHPC LIMITED,Kamle,ToR Granted,2024-03-14T07:21:11.748+00:00,2024-08-07T12:59:21.627+00:00,2181500.0,3858.8904,https://parivesh.nic.in/newupgrade/#/report/ec?proposalId=53435409
state,12,Arunachal Pradesh,top_cost,2,,,IA/AR/RIV/466971/2024,Subansiri Upper HE Project,NHPC LIMITED,Upper Subansiri,ToR Granted,2024-03-22T09:22:56.635+00:00,,2181500.0,2733.0,https://parivesh.nic.in/newupgrade/#/report/ec?proposalId=55084474
state,12,Arunachal Pradesh,top_cost,3,,,FP/AR/HYD/IRRIG/469328/2024,Kamala Hydro Electric Project,NHPC LIMITED,Kamle,Pending at PP due to EDS by Nodal Officer,2024-04-15T06:10:21.354+00:00,,2181500.0,3858.8904,https://parivesh.nic.in/newupgrade/#/report/ec?proposalId=60883366
state,12,Arunachal Pradesh,top_cost,4,,,FP/AR/HYD/IRRIG/493475/2024,Subansiri Upper HE Project,NHPC LIMITED,Upper Subansiri,Pending at Nodal Officer due to EDS by State Secretary,2024-08-21T07:11:41.239+00:00,,2181500.0,2733.0,https://parivesh.nic.in/newupgrade/#/report/ec?proposalId=95294543
state,12,Arunachal Pradesh,top_cost,5,,,FP/AR/SRY/494382/2024,Kamala Hydro Electric Project,NHPC LIMITED,Kamle,Pending at DFO for Scrutiny and Recommendation,2024-08-28T07:32:25.338+00:00,,2181500.0,3858.8904,https://parivesh.nic.in/newupgrade/#/report/ec?proposalId=97490194
state,12,Arunachal Pradesh,top_cost,6,,,IA/AR/RIV/584408/2026,Subansiri Upper HE Project,NHPC LIMITED,Upper Subansiri,Forwarded to MS,2026-07-06T10:01:38.734+00:00,,2181500.0,2733.0,https://parivesh.nic.in/newupgrade/#/report/ec?proposalId=1234389311
state,12,Arunachal Pradesh,top_cost,7,,,IA/AR/RIV/592970/2026,"Hirong Hydro Electric Projects (351 MW) near village Lungte, District-Shi Yomi, State-Arunachal Pradesh.",NORTH EASTERN ELECTRIC POWER CORPORATION LTD,Siang,Under Examination,2026-09-22T11:40:44.128+00:00,,602616.0,404.93,https://parivesh.nic.in/newupgrade/#/report/ec?proposalId=1243074486
state,12,Arunachal Pradesh,top_cost,8,,,FP/AR/SRY/550373/2025,PERMISSION TO SURVEY TEAM OF CONTRACTOR ALONG WITH BRO PERSONNEL (TOTAL AROUND 20 PERSON) ENTERING IN THE AREA OF “NAMDAPHA NATIONAL PARK & TIGER RESERVE” FOR “FEASIBILITY STUDY AND PREPARATION OF DPR AND PROVIDING PRE CONSTRUCTION ACTIVITIES FOR ERECTION OF FENCING AND CONSTRUCTION OF TRACK ALONG THE FENCE OF IND0-MYANMAR BORDER BETWEEN BP-175 TO BP 179 (LENGTH 64.00 KM)) INCLUDING CONSTRUCTION OF APPROACH RAODS IN THE STATE OF ARUNACHAL PRADESH”,Ministry of Defense,Changlang,Approval Granted,2025-09-04T01:39:27.669+00:00,,60000.0,198.29,https://parivesh.nic.in/newupgrade/#/report/ec?proposalId=135612000
state,12,Arunachal Pradesh,top_cost,9,,,WL/AR/SRY/555100/2025,PERMISSION TO SURVEY TEAM OF CONTRACTOR ALONG WITH BRO PERSONNEL (TOTAL AROUND 20 PERSON) ENTERING IN THE AREA OF “NAMDAPHA NATIONAL PARK & TIGER RESERVE” FOR “FEASIBILITY STUDY AND PREPARATION OF DPR AND PROVIDING PRE CONSTRUCTION ACTIVITIES FOR ERECTION OF FENCING AND CONSTRUCTION OF TRACK ALONG THE FENCE OF IND0-MYANMAR BORDER BETWEEN BP-175 TO BP 179 (LENGTH 64.00 KM)) INCLUDING CONSTRUCTION OF APPROACH RAODS IN THE STATE OF ARUNACHAL PRADESH”,Ministry of Defense,Changlang,,2025-10-14T08:02:31.895+00:00,,60000.0,198.29,https://parivesh.nic.in/newupgrade/#/report/ec?proposalId=138042972
state,12,Arunachal Pradesh,top_cost,10,,,IA/AR/CMIN/575655/2026,NAMCHIK WEST COAL MINE,PRA NURAVI COAL MINING PRIVATE LIMITED,Changlang,ToR Granted,2026-04-14T09:35:28.732+00:00,2026-07-31T04:23:47.841+00:00,55000.0,137.488,https://parivesh.nic.in/newupgrade/#/report/ec?proposalId=1224270730
state,12,Arunachal Pradesh,top_land,1,,,FP/AR/SRY/543346/2025,"Reconnaissance survey for Tungsten, tin & associated mineralisation in Dirang area, West Kameng District, Arunachal Pradesh code: M2ASMIF-MEP/NC/NER/SU-ARA/2025/54149","Geological Survey of INDIA, Ministry of Mines",West Kameng,Rejected in PSC-I,2025-07-01T12:08:44.393+00:00,,4.5,5000.0,https://parivesh.nic.in/newupgrade/#/report/ec?proposalId=131231742
state,12,Arunachal Pradesh,top_land,2,,,FP/AR/SRY/543409/2025,"Reconnaissance survey for Tungsten, tin &associated mineralisation in Saleri area, West Kameng District, Arunachal Pradesh.","Geological Survey of INDIA, Ministry of Mines",West Kameng,Rejected in PSC-I,2025-07-02T06:16:22.755+00:00,,5.0,5000.0,https://parivesh.nic.in/newupgrade/#/report/ec?proposalId=131271002
state,12,Arunachal Pradesh,top_land,3,,,FP/AR/SRY/552727/2025,"Reconnaissance survey for Tungsten, tin &associated mineralisation in Saleri area, West Kameng District, Arunachal Pradesh.","Geological Survey of INDIA, Ministry of Mines",West Kameng,Approval Granted,2025-09-23T06:33:30.262+00:00,,5.0,5000.0,https://parivesh.nic.in/newupgrade/#/report/ec?proposalId=136797933
state,12,Arunachal Pradesh,top_land,4,,,FP/AR/SRY/553876/2025,"Reconnaissance survey for Tungsten, tin & associated mineralisation in Dirang area, West Kameng District, Arunachal Pradesh code: M2ASMIF-MEP/NC/NER/SU-ARA/2025/54149","Geological Survey of INDIA, Ministry of Mines",West Kameng,Rejected in PSC-I,2025-10-02T15:46:17.682+00:00,,4.5,5000.0,https://parivesh.nic.in/newupgrade/#/report/ec?proposalId=137377983
state,12,Arunachal Pradesh,top_land,5,,,FP/AR/SRY/557317/2025,"Reconnaissance survey for Tungsten, tin & associated mineralisation in Dirang area, West Kameng District, Arunachal Pradesh code: M2ASMIF-MEP/NC/NER/SU-ARA/2025/54149","Geological Survey of INDIA, Ministry of Mines",West Kameng,Approval Granted,2025-11-06T11:25:57.090+00:00,,4.5,5000.0,https://parivesh.nic.in/newupgrade/#/report/ec?proposalId=259499778
state,12,Arunachal Pradesh,top_land,6,,,IA/AR/RIV/465936/2024,Kamala Hydro Electric Project,NHPC LIMITED,Kamle,ToR Granted,2024-03-14T07:21:11.748+00:00,2024-08-07T12:59:21.627+00:00,2181500.0,3858.8904,https://parivesh.nic.in/newupgrade/#/report/ec?proposalId=53435409
state,12,Arunachal Pradesh,top_land,7,,,FP/AR/HYD/IRRIG/469328/2024,Kamala Hydro Electric Project,NHPC LIMITED,Kamle,Pending at PP due to EDS by Nodal Officer,2024-04-15T06:10:21.354+00:00,,2181500.0,3858.8904,https://parivesh.nic.in/newupgrade/#/report/ec?proposalId=60883366
state,12,Arunachal Pradesh,top_land,8,,,FP/AR/SRY/494382/2024,Kamala Hydro Electric Project,NHPC LIMITED,Kamle,Pending at DFO for Scrutiny and Recommendation,2024-08-28T07:32:25.338+00:00,,2181500.0,3858.8904,https://parivesh.nic.in/newupgrade/#/report/ec?proposalId=97490194
state,12,Arunachal Pradesh,top_land,9,,,IA/AR/RIV/466971/2024,Subansiri Upper HE Project,NHPC LIMITED,Upper Subansiri,ToR Granted,2024-03-22T09:22:56.635+00:00,,2181500.0,2733.0,https://parivesh.nic.in/newupgrade/#/report/ec?proposalId=55084474
state,12,Arunachal Pradesh,top_land,10,,,FP/AR/HYD/IRRIG/493475/2024,Subansiri Upper HE Project,NHPC LIMITED,Upper Subansiri,Pending at Nodal Officer due to EDS by State Secretary,2024-08-21T07:11:41.239+00:00,,2181500.0,2733.0,https://parivesh.nic.in/newupgrade/#/report/ec?proposalId=95294543
state,12,Arunachal Pradesh,recent_change,1,added,,FP/AR/PetrolPump/595061/2026,Proposal for diversion of 0.1585 ha of forest land for establishment of MS/HSD Partial DODO Type Regular Retail Dealership Outlet (Petrol Pump) at Banderdewa NH- 15 in Papum Pare District of Arunachal Pradesh,Tadar  Talley,Lakhimpur,Pending at DFO for Scrutiny and Recommendation,2026-10-10T04:19:37.735+00:00,,90.0,0.1585,https://parivesh.nic.in/newupgrade/#/report/ec?proposalId=1244841751
state,13,Nagaland,stat,,projects,4,,,,,,,,,,
state,13,Nagaland,stat,,active_projects,1,,,,,,,,,,
state,13,Nagaland,stat,,applications,1,,,,,,,,,,
state,13,Nagaland,stat,,ec_granted,1,,,,,,,,,,
state,13,Nagaland,stat,,ec_tor,0,,,,,,,,,,
state,13,Nagaland,stat,,ec_pending,0,,,,,,,,,,
state,13,Nagaland,stat,,ec_rejected,0,,,,,,,,,,
state,13,Nagaland,stat,,ec_withdrawn,0,,,,,,,,,,
state,13,Nagaland,stat,,pc_A,0,,,,,,,,,,
state,13,Nagaland,stat,,pc_B1,0,,,,,,,,,,
state,13,Nagaland,stat,,pc_B2,0,,,,,,,,,,
state,13,Nagaland,stat,,pc_OTHER,1,,,,,,,,,,
state,13,Nagaland,stat,,ty_ec,0,,,,,,,,,,
state,13,Nagaland,stat,,ty_forest,1,,,,,,,,,,
state,13,Nagaland,stat,,ty_wildlife,0,,,,,,,,,,
state,13,Nagaland,stat,,ty_crz,0,,,,,,,,,,
state,13,Nagaland,stat,,ty_other,0,,,,,,,,,,
state,13,Nagaland,stat,,delisted_or_removed,3,,,,,,,,,,
state,13,Nagaland,stat,,total_cost_lakhs,10800.0,,,,,,,,,,
state,13,Nagaland,stat,,cost_outliers_excluded,0,,,,,,,,,,
state,13,Nagaland,stat,,total_land_ha,4.47,,,,,,,,,,
state,13,Nagaland,stat,,latest_application,2024-10-15T16:25:56.337+00:00,,,,,,,,,,
state,13,Nagaland,stat,,latest_grant,,,,,,,,,,,
state,13,Nagaland,stat,,changes_added,0,,,,,,,,,,
state,13,Nagaland,stat,,changes_removed,0,,,,,,,,,,
state,13,Nagaland,stat,,changes_updated,0,,,,,,,,,,
state,13,Nagaland,stat,,changes_status,0,,,,,,,,,,
state,13,Nagaland,stat,,compared_with,,,,,,,,,,,
state,13,Nagaland,stat,,changes_added_active,0,,,,,,,,,,
state,13,Nagaland,stat,,changes_removed_active,0,,,,,,,,,,
state,13,Nagaland,stat,,changes_updated_active,0,,,,,,,,,,
state,13,Nagaland,stat,,changes_status_active,0,,,,,,,,,,
state,13,Nagaland,stat,,window_added_active,0,,,,,,,,,,
state,13,Nagaland,stat,,window_updated_active,0,,,,,,,,,,
state,13,Nagaland,stat,,window_added,0,,,,,,,,,,
state,13,Nagaland,stat,,window_updated,0,,,,,,,,,,
state,13,Nagaland,stat,,window_since,2026-10-01T03:52:08Z,,,,,,,,,,
state,13,Nagaland,status,,REMOVED,2,,,,,,,,,,
state,13,Nagaland,status,,Final Diversion Order Issued,1,,,,,,,,,,
state,13,Nagaland,status,,DELISTED_BY_SYSTEM,1,,,,,,,,,,
state,13,Nagaland,applications_by_year,,2022,1,,,,,,,,,,
state,13,Nagaland,year_granted,,2022,1,,,,,,,,,,
state,13,Nagaland,year_pc_OTHER,,2022,1,,,,,,,,,,
state,13,Nagaland,cube,,2022|granted|OTHER|forest,1,,,,,,,,,,
state,13,Nagaland,run,,run_status,ok,,,,,,,,,,
state,13,Nagaland,run,,run_date,2026-10-10T05:52:28Z,,,,,,,,,,
state,13,Nagaland,run,,run_url,https://github.com/publicmap/parivesh-dashboard/actions/runs/38027443840,,,,,,,,,,
state,13,Nagaland,top_cost,1,,,FP/NL/TRANS/407434/2022,Construction of 220kV Transmission line from Dimapur to Zhadima,"DEPARTMENT OF POWER, NAGALAND",Dimapur,Final Diversion Order Issued,2022-11-22T06:31:43.159+00:00,,10800.0,4.47,https://parivesh.nic.in/newupgrade/#/report/ec?proposalId=1655678
state,13,Nagaland,top_land,1,,,FP/NL/TRANS/407434/2022,Construction of 220kV Transmission line from Dimapur to Zhadima,"DEPARTMENT OF POWER, NAGALAND",Dimapur,Final Diversion Order Issued,2022-11-22T06:31:43.159+00:00,,10800.0,4.47,https://parivesh.nic.in/newupgrade/#/report/ec?proposalId=1655678
state,14,Manipur,stat,,projects,162,,,,,,,,,,
state,14,Manipur,stat,,active_projects,123,,,,,,,,,,
state,14,Manipur,stat,,applications,123,,,,,,,,,,
state,14,Manipur,stat,,ec_granted,30,,,,,,,,,,
state,14,Manipur,stat,,ec_tor,0,,,,,,,,,,
state,14,Manipur,stat,,ec_pending,93,,,,,,,,,,
state,14,Manipur,stat,,ec_rejected,0,,,,,,,,,,
state,14,Manipur,stat,,ec_withdrawn,0,,,,,,,,,,
state,14,Manipur,stat,,pc_A,0,,,,,,,,,,
state,14,Manipur,stat,,pc_B1,0,,,,,,,,,,
state,14,Manipur,stat,,pc_B2,4,,,,,,,,,,
state,14,Manipur,stat,,pc_OTHER,119,,,,,,,,,,
state,14,Manipur,stat,,ty_ec,4,,,,,,,,,,
state,14,Manipur,stat,,ty_forest,81,,,,,,,,,,
state,14,Manipur,stat,,ty_wildlife,38,,,,,,,,,,
state,14,Manipur,stat,,ty_crz,0,,,,,,,,,,
state,14,Manipur,stat,,ty_other,0,,,,,,,,,,
state,14,Manipur,stat,,delisted_or_removed,39,,,,,,,,,,
state,14,Manipur,stat,,total_cost_lakhs,1032229.12,,,,,,,,,,
state,14,Manipur,stat,,cost_outliers_excluded,0,,,,,,,,,,
state,14,Manipur,stat,,total_land_ha,9638.8622,,,,,,,,,,
state,14,Manipur,stat,,latest_application,2026-09-28T10:16:19.756+00:00,,,,,,,,,,
state,14,Manipur,stat,,latest_grant,2026-02-17T06:46:38.265+00:00,,,,,,,,,,
state,14,Manipur,stat,,changes_added,0,,,,,,,,,,
state,14,Manipur,stat,,changes_removed,0,,,,,,,,,,
state,14,Manipur,stat,,changes_updated,29,,,,,,,,,,
state,14,Manipur,stat,,changes_status,0,,,,,,,,,,
state,14,Manipur,stat,,compared_with,2026-10-09T20:19:01Z,,,,,,,,,,
state,14,Manipur,stat,,changes_added_active,0,,,,,,,,,,
state,14,Manipur,stat,,changes_removed_active,0,,,,,,,,,,
state,14,Manipur,stat,,changes_updated_active,20,,,,,,,,,,
state,14,Manipur,stat,,changes_status_active,0,,,,,,,,,,
state,14,Manipur,stat,,window_added_active,2,,,,,,,,,,
state,14,Manipur,stat,,window_updated_active,19,,,,,,,,,,
state,14,Manipur,stat,,window_added,2,,,,,,,,,,
state,14,Manipur,stat,,window_updated,28,,,,,,,,,,
state,14,Manipur,stat,,window_since,2026-10-01T03:52:08Z,,,,,,,,,,
state,14,Manipur,status,,(none),38,,,,,,,,,,
state,14,Manipur,status,,DELISTED_BY_SYSTEM,35,,,,,,,,,,
state,14,Manipur,status,,Final Diversion Order Issued,26,,,,,,,,,,
state,14,Manipur,status,,Pending on UA for Compensatory Levies Payment,15,,,,,,,,,,
state,14,Manipur,status,,Pending at Nodal Officer for Recommendation,9,,,,,,,,,,
state,14,Manipur,status,,Pending at PP due to EDS by DFO,6,,,,,,,,,,
state,14,Manipur,status,,Pending at DFO for Scrutiny and Recommendation,6,,,,,,,,,,
state,14,Manipur,status,,Pending at MS for Acceptance in PSC-I,5,,,,,,,,,,
state,14,Manipur,status,,REMOVED,4,,,,,,,,,,
state,14,Manipur,status,,EC Granted,3,,,,,,,,,,
state,14,Manipur,status,,Pending at DFO due to EDS by Nodal Officer,3,,,,,,,,,,
state,14,Manipur,status,,Pending at DFO For Compliance Review,2,,,,,,,,,,
state,14,Manipur,status,,Pending at Nodal for Compensatory Levies Review,2,,,,,,,,,,
state,14,Manipur,status,,"Pending at Technical Officer - MoEFCC, HQ",2,,,,,,,,,,
state,14,Manipur,status,,Pending at DFO for Compensatory Levies,2,,,,,,,,,,
state,14,Manipur,status,,Pending at Nodal Officer due to EDS by State Secretary,1,,,,,,,,,,
state,14,Manipur,status,,Pending at State Government for Diversion Letter,1,,,,,,,,,,
state,14,Manipur,status,,Approval Granted,1,,,,,,,,,,
state,14,Manipur,status,,Proposal Accepted and Referred to SEAC,1,,,,,,,,,,
state,14,Manipur,applications_by_year,,2022,2,,,,,,,,,,
state,14,Manipur,applications_by_year,,2023,51,,,,,,,,,,
state,14,Manipur,applications_by_year,,2024,28,,,,,,,,,,
state,14,Manipur,applications_by_year,,2025,15,,,,,,,,,,
state,14,Manipur,applications_by_year,,2026,27,,,,,,,,,,
state,14,Manipur,year_granted,,2022,1,,,,,,,,,,
state,14,Manipur,year_granted,,2023,19,,,,,,,,,,
state,14,Manipur,year_granted,,2024,6,,,,,,,,,,
state,14,Manipur,year_granted,,2025,3,,,,,,,,,,
state,14,Manipur,year_granted,,2026,1,,,,,,,,,,
state,14,Manipur,year_pending,,2022,1,,,,,,,,,,
state,14,Manipur,year_pending,,2023,32,,,,,,,,,,
state,14,Manipur,year_pending,,2024,22,,,,,,,,,,
state,14,Manipur,year_pending,,2025,12,,,,,,,,,,
state,14,Manipur,year_pending,,2026,26,,,,,,,,,,
state,14,Manipur,year_pc_B2,,2022,1,,,,,,,,,,
state,14,Manipur,year_pc_B2,,2023,1,,,,,,,,,,
state,14,Manipur,year_pc_B2,,2024,1,,,,,,,,,,
state,14,Manipur,year_pc_B2,,2026,1,,,,,,,,,,
state,14,Manipur,year_pc_OTHER,,2022,1,,,,,,,,,,
state,14,Manipur,year_pc_OTHER,,2023,50,,,,,,,,,,
state,14,Manipur,year_pc_OTHER,,2024,27,,,,,,,,,,
state,14,Manipur,year_pc_OTHER,,2025,15,,,,,,,,,,
state,14,Manipur,year_pc_OTHER,,2026,26,,,,,,,,,,
state,14,Manipur,cube,,2022|granted|B2|ec,1,,,,,,,,,,
state,14,Manipur,cube,,2022|pending|OTHER|forest,1,,,,,,,,,,
state,14,Manipur,cube,,2023|granted|B2|ec,1,,,,,,,,,,
state,14,Manipur,cube,,2023|granted|OTHER|forest,18,,,,,,,,,,
state,14,Manipur,cube,,2023|pending|OTHER|forest,15,,,,,,,,,,
state,14,Manipur,cube,,2023|pending|OTHER|wildlife,17,,,,,,,,,,
state,14,Manipur,cube,,2024|granted|B2|ec,1,,,,,,,,,,
state,14,Manipur,cube,,2024|granted|OTHER|forest,5,,,,,,,,,,
state,14,Manipur,cube,,2024|pending|OTHER|forest,8,,,,,,,,,,
state,14,Manipur,cube,,2024|pending|OTHER|wildlife,14,,,,,,,,,,
state,14,Manipur,cube,,2025|granted|OTHER|forest,3,,,,,,,,,,
state,14,Manipur,cube,,2025|pending|OTHER|forest,8,,,,,,,,,,
state,14,Manipur,cube,,2025|pending|OTHER|wildlife,4,,,,,,,,,,
state,14,Manipur,cube,,2026|granted|OTHER|forest,1,,,,,,,,,,
state,14,Manipur,cube,,2026|pending|B2|ec,1,,,,,,,,,,
state,14,Manipur,cube,,2026|pending|OTHER|forest,22,,,,,,,,,,
state,14,Manipur,cube,,2026|pending|OTHER|wildlife,3,,,,,,,,,,
state,14,Manipur,run,,run_status,ok,,,,,,,,,,
state,14,Manipur,run,,run_date,2026-10-10T05:52:28Z,,,,,,,,,,
state,14,Manipur,run,,run_url,https://github.com/publicmap/parivesh-dashboard/actions/runs/38027443840,,,,,,,,,,
state,14,Manipur,top_recent_ec,1,,,FP/MN/MIN/QRY/462825/2024,Forest Clearance for mining Plan for the Embankment work in Imphal valley for Jiribam-Imphal new BG Railway link.,Ministry of Railway,Kangpokpi,Final Diversion Order Issued,2024-02-14T10:02:40.682+00:00,2026-02-17T06:46:38.265+00:00,5364.0,5.5,https://parivesh.nic.in/newupgrade/#/report/ec?proposalId=46749604
state,14,Manipur,top_recent_ec,2,,,SIA/MN/MIN/408450/2022,Jiri Sand Quarrying Lease at Hilghat,LEIHAORAMBAM SINGH,CACHAR,EC Granted,2022-11-29T07:25:29.207+00:00,2023-12-14T15:06:34.023+00:00,10.12,1.0,https://parivesh.nic.in/newupgrade/#/report/ec?proposalId=1770000
state,14,Manipur,top_recent_ec,3,,,IA/MN/INFRA2/416726/2023,Hospital Project - Shija Academy of Health Sciences to be developed by M/s Shija Hospitals and Research Institute Private Limited,SHIJA HOSPITALS AND RESEARCH INSTITUTE PRIVATE LIMITED,Imphal East,EC Granted,2023-02-02T05:59:32.405+00:00,2023-04-03T00:00:00.000+00:00,10800.0,3.0793,https://parivesh.nic.in/newupgrade/#/report/ec?proposalId=2839141
state,14,Manipur,top_cost,1,,,FP/MN/REDIV/522492/2025,"Laying of Proposed Dimapur - Imphal Pipeline of 12” Dia Carbon steel Along with OFC Conduit in the Kangpokpi District, Manipur",INDRADHANUSH GAS GRID LIMITED,Kangpokpi,Final Diversion Order Issued,2025-02-04T13:35:51.362+00:00,,92650.0,0.74,https://parivesh.nic.in/newupgrade/#/report/ec?proposalId=119310795
state,14,Manipur,top_cost,2,,,FP/MN/ROAD/422464/2023,Diversion of 98.00 HA of forest land for widening & improvement of Yaingangpokpi-Nagaland Road Section of NH-202 into two laning with paved shoulder from KM 53.110 to KM 79.990 in the State of Manipur on EPC Mode by NHIDCL,NHIDCL BO IMPHAL,Ukhrul,Pending at DFO For Compliance Review,2023-03-17T06:11:59.909+00:00,,56405.0,98.0,https://parivesh.nic.in/newupgrade/#/report/ec?proposalId=4018329
state,14,Manipur,top_cost,3,,,WL/MN/ROAD/450325/2023,Diversion of 98.00 HA of forest land for widening & improvement of Yaingangpokpi-Nagaland Road Section of NH-202 into two laning with paved shoulder from KM 53.110 to KM 79.990 in the State of Manipur on EPC Mode by NHIDCL,NHIDCL BO IMPHAL,Ukhrul,,2023-10-26T16:17:09.174+00:00,,56405.0,98.0,https://parivesh.nic.in/newupgrade/#/report/ec?proposalId=19763495
state,14,Manipur,top_cost,4,,,WL/MN/ROAD/450489/2023,Diversion of 98.00 HA of forest land for widening & improvement of Yaingangpokpi-Nagaland Road Section of NH-202 into two laning with paved shoulder from KM 53.110 to KM 79.990 in the State of Manipur on EPC Mode by NHIDCL,NHIDCL BO IMPHAL,Ukhrul,,2023-10-27T16:29:42.029+00:00,,56405.0,98.0,https://parivesh.nic.in/newupgrade/#/report/ec?proposalId=20137098
state,14,Manipur,top_cost,5,,,FP/MN/ROAD/447680/2023,Widening and Improvement of Shangshak to Tengnoupal Road (Phase – 2) on NH-39 (NH-102A Extn) under NH(O) into 2-Lane/intermediate Lane with Hard Shoulder of Design Ch. Km. 2+916 (Koso Village) to Km. 38+700 (Khambi Village) in the state of Manipur by PWD (NH Divn.),"PWD (NH CIRCLE), MANIPUR",Kamjong,Pending on UA for Compensatory Levies Payment,2023-10-10T07:33:11.952+00:00,,53354.0,96.014,https://parivesh.nic.in/newupgrade/#/report/ec?proposalId=15961254
state,14,Manipur,top_cost,6,,,FP/MN/ROAD/448568/2023,Widening and Improvement of Shangshak to Tengnoupal Road (Phase – 3) on NH-39 (NH-102A Extn) under NH(O) into 2-Lane/intermediate Lane with Hard Shoulder of Design Ch. Km. 38+700 (Mailiang Village) to Km.70+122 (Sorbung Village) in the state of Manipur by PWD (NH Divn.),"PWD (NH CIRCLE), MANIPUR",Kamjong,Pending at Nodal for Compensatory Levies Review,2023-10-12T08:28:43.946+00:00,,46850.0,97.471,https://parivesh.nic.in/newupgrade/#/report/ec?proposalId=16462476
state,14,Manipur,top_cost,7,,,FP/MN/ROAD/448649/2023,Widening and Improvement of Shangshak to Tengnoupal Road (Phase – 4) on NH-39 (NH-102A Extn) under NH(O) into 2-Lane/intermediate Lane with Hard Shoulder of Design Ch. Km. 70+122 (Khonglo Village) to Km. 99+320 (Nambashi Khullen Village) in the state of Manipur by PWD (NH Divn.),"PWD (NH CIRCLE), MANIPUR",Kamjong,Pending on UA for Compensatory Levies Payment,2023-10-12T15:18:58.856+00:00,,43534.0,89.915,https://parivesh.nic.in/newupgrade/#/report/ec?proposalId=16480684
state,14,Manipur,top_cost,8,,,FP/MN/ROAD/451705/2023,Widening and Improvement of Shangshak to Tengnoupal Road (Phase - 6) on NH-39 (NH-102A Extn) under NH(O) into 2-Lane/intermediate Lane with Hard Shoulder of Design Ch. Km. 112+778 (Kasom Khullen Village) to Km.140+390 (Lairam Phungka Village) in the state of Manipur by PWD (NH Divn.),"PWD (NH CIRCLE), MANIPUR",Kamjong,Pending on UA for Compensatory Levies Payment,2023-11-08T04:44:57.215+00:00,,41169.0,79.503,https://parivesh.nic.in/newupgrade/#/report/ec?proposalId=22766220
state,14,Manipur,top_cost,9,,,FP/MN/ROAD/451917/2023,Widening and Improvement of Shangshak to Tengnoupal Road (Phase - 7) on NH-39 (NH-102A Extn) under NH(O) into 2-Lane/intermediate Lane with Hard Shoulder of Design Ch. Km. 140+390 (Khoibu Village) to Km.165+050 (Machi Village) in the state of Manipur by PWD (NH Divn.),"PWD (NH CIRCLE), MANIPUR",Tengnoupal,Pending on UA for Compensatory Levies Payment,2023-11-09T11:26:24.208+00:00,,36768.0,73.55,https://parivesh.nic.in/newupgrade/#/report/ec?proposalId=23040552
state,14,Manipur,top_cost,10,,,WL/MN/ROAD/451789/2023,"Construction of  Two lane with Paved Shoulder of  Azuram- Mandeu Section (Package-5, From Km 54.180 to Km 80.630) of Tamenglong- Mahur Road in the state of Manipur on EPC mode.”",NHIDCL BO IMPHAL,Tamenglong,,2023-11-08T11:31:54.517+00:00,,35839.0,112.162,https://parivesh.nic.in/newupgrade/#/report/ec?proposalId=22793185
state,14,Manipur,top_land,1,,,FP/MN/SRY/567902/2026,"Reconnaissance survey (G4) for nickel-cobalt, PGE and chromium in and around Lungher and Sihai area,  Ukhrul district, Manipur",UNITED EXPLORATION INDIA PRIVATE LIMITED,Ukhrul,Pending at MS for Acceptance in PSC-I,2026-02-04T06:29:38.521+00:00,,50.0,3400.0,https://parivesh.nic.in/newupgrade/#/report/ec?proposalId=1218387724
state,14,Manipur,top_land,2,,,FP/MN/SRY/571005/2026,"Reconnaissance survey (G4) for nickel-cobalt, PGE and chromium in and around Lungher and Sihai area,  Ukhrul district, Manipur",UNITED EXPLORATION INDIA PRIVATE LIMITED,Ukhrul,Approval Granted,2026-03-02T06:36:14.891+00:00,,50.0,3400.0,https://parivesh.nic.in/newupgrade/#/report/ec?proposalId=1220631396
state,14,Manipur,top_land,3,,,FP/MN/SRY/569732/2026,"Preliminary exploration for nickeliferous laterite in Naga Hills Ophiolite near Apong, Kamjong, Manipur.","Geological Survey of INDIA, Ministry of Mines",Kamjong,Pending at MS for Acceptance in PSC-I,2026-02-19T10:45:29.758+00:00,,50.0,300.0,https://parivesh.nic.in/newupgrade/#/report/ec?proposalId=1219779857
state,14,Manipur,top_land,4,,,FP/MN/SRY/577086/2026,"Preliminary exploration for nickeliferous laterite in Naga Hills Ophiolite near Apong, Kamjong, Manipur","Geological Survey of INDIA, Ministry of Mines",Kamjong,Pending at DFO for Compensatory Levies,2026-04-27T07:33:14.314+00:00,,50.0,300.0,https://parivesh.nic.in/newupgrade/#/report/ec?proposalId=1225648280
state,14,Manipur,top_land,5,,,FP/MN/SRY/572047/2026,"Preliminary Exploration (G3) for Nickel, Cobalt, Chromium & PGE minerals in Gamnom Block, Kamjong District, Manipur",UNITED EXPLORATION INDIA PRIVATE LIMITED,Ukhrul,Pending at DFO for Compensatory Levies,2026-03-11T13:02:04.403+00:00,,60.0,150.0,https://parivesh.nic.in/newupgrade/#/report/ec?proposalId=1221497676
state,14,Manipur,top_land,6,,,WL/MN/ROAD/451789/2023,"Construction of  Two lane with Paved Shoulder of  Azuram- Mandeu Section (Package-5, From Km 54.180 to Km 80.630) of Tamenglong- Mahur Road in the state of Manipur on EPC mode.”",NHIDCL BO IMPHAL,Tamenglong,,2023-11-08T11:31:54.517+00:00,,35839.0,112.162,https://parivesh.nic.in/newupgrade/#/report/ec?proposalId=22793185
state,14,Manipur,top_land,7,,,FP/MN/ROAD/422464/2023,Diversion of 98.00 HA of forest land for widening & improvement of Yaingangpokpi-Nagaland Road Section of NH-202 into two laning with paved shoulder from KM 53.110 to KM 79.990 in the State of Manipur on EPC Mode by NHIDCL,NHIDCL BO IMPHAL,Ukhrul,Pending at DFO For Compliance Review,2023-03-17T06:11:59.909+00:00,,56405.0,98.0,https://parivesh.nic.in/newupgrade/#/report/ec?proposalId=4018329
state,14,Manipur,top_land,8,,,WL/MN/ROAD/443832/2023,Diversion of 98.00 HA of forest land for widening & improvement of Yaingangpokpi-Nagaland Road Section of NH-202 into two laning with paved shoulder from KM 53.110 to KM 79.990 in the State of Manipur on EPC Mode by NHIDCL,NHIDCL BO IMPHAL,Ukhrul,,2023-09-11T03:08:18.173+00:00,,0.0,98.0,https://parivesh.nic.in/newupgrade/#/report/ec?proposalId=9169379
state,14,Manipur,top_land,9,,,WL/MN/ROAD/450325/2023,Diversion of 98.00 HA of forest land for widening & improvement of Yaingangpokpi-Nagaland Road Section of NH-202 into two laning with paved shoulder from KM 53.110 to KM 79.990 in the State of Manipur on EPC Mode by NHIDCL,NHIDCL BO IMPHAL,Ukhrul,,2023-10-26T16:17:09.174+00:00,,56405.0,98.0,https://parivesh.nic.in/newupgrade/#/report/ec?proposalId=19763495
state,14,Manipur,top_land,10,,,WL/MN/ROAD/450489/2023,Diversion of 98.00 HA of forest land for widening & improvement of Yaingangpokpi-Nagaland Road Section of NH-202 into two laning with paved shoulder from KM 53.110 to KM 79.990 in the State of Manipur on EPC Mode by NHIDCL,NHIDCL BO IMPHAL,Ukhrul,,2023-10-27T16:29:42.029+00:00,,56405.0,98.0,https://parivesh.nic.in/newupgrade/#/report/ec?proposalId=20137098
state,15,Mizoram,stat,,projects,118,,,,,,,,,,
state,15,Mizoram,stat,,active_projects,72,,,,,,,,,,
state,15,Mizoram,stat,,applications,72,,,,,,,,,,
state,15,Mizoram,stat,,ec_granted,15,,,,,,,,,,
state,15,Mizoram,stat,,ec_tor,0,,,,,,,,,,
state,15,Mizoram,stat,,ec_pending,53,,,,,,,,,,
state,15,Mizoram,stat,,ec_rejected,1,,,,,,,,,,
state,15,Mizoram,stat,,ec_withdrawn,3,,,,,,,,,,
state,15,Mizoram,stat,,pc_A,1,,,,,,,,,,
state,15,Mizoram,stat,,pc_B1,11,,,,,,,,,,
state,15,Mizoram,stat,,pc_B2,5,,,,,,,,,,
state,15,Mizoram,stat,,pc_OTHER,55,,,,,,,,,,
state,15,Mizoram,stat,,ty_ec,16,,,,,,,,,,
state,15,Mizoram,stat,,ty_forest,39,,,,,,,,,,
state,15,Mizoram,stat,,ty_wildlife,16,,,,,,,,,,
state,15,Mizoram,stat,,ty_crz,0,,,,,,,,,,
state,15,Mizoram,stat,,ty_other,1,,,,,,,,,,
state,15,Mizoram,stat,,delisted_or_removed,46,,,,,,,,,,
state,15,Mizoram,stat,,total_cost_lakhs,1041283.96,,,,,,,,,,
state,15,Mizoram,stat,,cost_outliers_excluded,0,,,,,,,,,,
state,15,Mizoram,stat,,total_land_ha,2674.5906,,,,,,,,,,
state,15,Mizoram,stat,,latest_application,2026-09-29T12:11:25.022+00:00,,,,,,,,,,
state,15,Mizoram,stat,,latest_grant,,,,,,,,,,,
state,15,Mizoram,stat,,changes_added,0,,,,,,,,,,
state,15,Mizoram,stat,,changes_removed,0,,,,,,,,,,
state,15,Mizoram,stat,,changes_updated,14,,,,,,,,,,
state,15,Mizoram,stat,,changes_status,0,,,,,,,,,,
state,15,Mizoram,stat,,compared_with,2026-10-09T20:19:01Z,,,,,,,,,,
state,15,Mizoram,stat,,changes_added_active,0,,,,,,,,,,
state,15,Mizoram,stat,,changes_removed_active,0,,,,,,,,,,
state,15,Mizoram,stat,,changes_updated_active,11,,,,,,,,,,
state,15,Mizoram,stat,,changes_status_active,0,,,,,,,,,,
state,15,Mizoram,stat,,window_added_active,2,,,,,,,,,,
state,15,Mizoram,stat,,window_updated_active,9,,,,,,,,,,
state,15,Mizoram,stat,,window_added,2,,,,,,,,,,
state,15,Mizoram,stat,,window_updated,12,,,,,,,,,,
state,15,Mizoram,stat,,window_since,2026-10-01T03:52:08Z,,,,,,,,,,
state,15,Mizoram,status,,DELISTED_BY_SYSTEM,34,,,,,,,,,,
state,15,Mizoram,status,,(none),16,,,,,,,,,,
state,15,Mizoram,status,,Final Diversion Order Issued,13,,,,,,,,,,
state,15,Mizoram,status,,REMOVED,12,,,,,,,,,,
state,15,Mizoram,status,,Pending at UA due to EDS by MS after PSC-I,11,,,,,,,,,,
state,15,Mizoram,status,,Referred to SEAC,3,,,,,,,,,,
state,15,Mizoram,status,,Approval Granted,2,,,,,,,,,,
state,15,Mizoram,status,,Pending at DFO/CF after acceptance in PSC-I,2,,,,,,,,,,
state,15,Mizoram,status,,Under Verification,2,,,,,,,,,,
state,15,Mizoram,status,,Pending at DFO for Scrutiny and Recommendation,2,,,,,,,,,,
state,15,Mizoram,status,,Under Examination,2,,,,,,,,,,
state,15,Mizoram,status,,Proposal Accepted and Referred to SEAC,2,,,,,,,,,,
state,15,Mizoram,status,,Pending at PP due to EDS by Nodal Officer,1,,,,,,,,,,
state,15,Mizoram,status,,EDS raised,1,,,,,,,,,,
state,15,Mizoram,status,,Pending at PP due to EDS by DFO,1,,,,,,,,,,
state,15,Mizoram,status,,Pending at Nodal Officer for Compliance Review,1,,,,,,,,,,
state,15,Mizoram,status,,Proposal Withdrawal Request Accepted,1,,,,,,,,,,
state,15,Mizoram,status,,Rejected in PSC-I,1,,,,,,,,,,
state,15,Mizoram,status,,Pending at Technical Officer - IRO,1,,,,,,,,,,
state,15,Mizoram,status,,Pending on UA for Levies Payment,1,,,,,,,,,,
state,15,Mizoram,status,,Referred to SEIAA,1,,,,,,,,,,
state,15,Mizoram,status,,Proposal returned in present form,1,,,,,,,,,,
state,15,Mizoram,status,,"Pending at AIGF - MoEFCC, HQ",1,,,,,,,,,,
state,15,Mizoram,status,,Pending at MS SEIAA,1,,,,,,,,,,
state,15,Mizoram,status,,Pending at Nodal Officer for Recommendation,1,,,,,,,,,,
state,15,Mizoram,status,,Proposal Accepted and Referred to EAC,1,,,,,,,,,,
state,15,Mizoram,status,,Pending at State Secretary due to EDS by RO,1,,,,,,,,,,
state,15,Mizoram,status,,Proposal pulled back (withdrawn),1,,,,,,,,,,
state,15,Mizoram,status,,ADS Raised,1,,,,,,,,,,
state,15,Mizoram,applications_by_year,,2022,6,,,,,,,,,,
state,15,Mizoram,applications_by_year,,2023,18,,,,,,,,,,
state,15,Mizoram,applications_by_year,,2024,21,,,,,,,,,,
state,15,Mizoram,applications_by_year,,2025,8,,,,,,,,,,
state,15,Mizoram,applications_by_year,,2026,19,,,,,,,,,,
state,15,Mizoram,year_granted,,2022,2,,,,,,,,,,
state,15,Mizoram,year_granted,,2023,3,,,,,,,,,,
state,15,Mizoram,year_granted,,2024,8,,,,,,,,,,
state,15,Mizoram,year_granted,,2025,2,,,,,,,,,,
state,15,Mizoram,year_pending,,2022,4,,,,,,,,,,
state,15,Mizoram,year_pending,,2023,15,,,,,,,,,,
state,15,Mizoram,year_pending,,2024,11,,,,,,,,,,
state,15,Mizoram,year_pending,,2025,5,,,,,,,,,,
state,15,Mizoram,year_pending,,2026,18,,,,,,,,,,
state,15,Mizoram,year_rejected,,2024,1,,,,,,,,,,
state,15,Mizoram,year_withdrawn,,2024,1,,,,,,,,,,
state,15,Mizoram,year_withdrawn,,2025,1,,,,,,,,,,
state,15,Mizoram,year_withdrawn,,2026,1,,,,,,,,,,
state,15,Mizoram,year_pc_A,,2026,1,,,,,,,,,,
state,15,Mizoram,year_pc_B1,,2025,1,,,,,,,,,,
state,15,Mizoram,year_pc_B1,,2026,10,,,,,,,,,,
state,15,Mizoram,year_pc_B2,,2023,1,,,,,,,,,,
state,15,Mizoram,year_pc_B2,,2024,1,,,,,,,,,,
state,15,Mizoram,year_pc_B2,,2025,1,,,,,,,,,,
state,15,Mizoram,year_pc_B2,,2026,2,,,,,,,,,,
state,15,Mizoram,year_pc_OTHER,,2022,6,,,,,,,,,,
state,15,Mizoram,year_pc_OTHER,,2023,17,,,,,,,,,,
state,15,Mizoram,year_pc_OTHER,,2024,20,,,,,,,,,,
state,15,Mizoram,year_pc_OTHER,,2025,6,,,,,,,,,,
state,15,Mizoram,year_pc_OTHER,,2026,6,,,,,,,,,,
state,15,Mizoram,cube,,2022|granted|OTHER|forest,2,,,,,,,,,,
state,15,Mizoram,cube,,2022|pending|OTHER|forest,2,,,,,,,,,,
state,15,Mizoram,cube,,2022|pending|OTHER|wildlife,2,,,,,,,,,,
state,15,Mizoram,cube,,2023|granted|OTHER|forest,3,,,,,,,,,,
state,15,Mizoram,cube,,2023|pending|B2|ec,1,,,,,,,,,,
state,15,Mizoram,cube,,2023|pending|OTHER|forest,8,,,,,,,,,,
state,15,Mizoram,cube,,2023|pending|OTHER|wildlife,6,,,,,,,,,,
state,15,Mizoram,cube,,2024|granted|OTHER|forest,8,,,,,,,,,,
state,15,Mizoram,cube,,2024|pending|OTHER|forest,3,,,,,,,,,,
state,15,Mizoram,cube,,2024|pending|OTHER|wildlife,8,,,,,,,,,,
state,15,Mizoram,cube,,2024|rejected|OTHER|forest,1,,,,,,,,,,
state,15,Mizoram,cube,,2024|withdrawn|B2|ec,1,,,,,,,,,,
state,15,Mizoram,cube,,2025|granted|OTHER|forest,2,,,,,,,,,,
state,15,Mizoram,cube,,2025|pending|B1|ec,1,,,,,,,,,,
state,15,Mizoram,cube,,2025|pending|OTHER|forest,4,,,,,,,,,,
state,15,Mizoram,cube,,2025|withdrawn|B2|ec,1,,,,,,,,,,
state,15,Mizoram,cube,,2026|pending|A|ec,1,,,,,,,,,,
state,15,Mizoram,cube,,2026|pending|B1|ec,9,,,,,,,,,,
state,15,Mizoram,cube,,2026|pending|B1|other,1,,,,,,,,,,
state,15,Mizoram,cube,,2026|pending|B2|ec,1,,,,,,,,,,
state,15,Mizoram,cube,,2026|pending|OTHER|forest,6,,,,,,,,,,
state,15,Mizoram,cube,,2026|withdrawn|B2|ec,1,,,,,,,,,,
state,15,Mizoram,run,,run_status,ok,,,,,,,,,,
state,15,Mizoram,run,,run_date,2026-10-10T05:52:28Z,,,,,,,,,,
state,15,Mizoram,run,,run_url,https://github.com/publicmap/parivesh-dashboard/actions/runs/38027443840,,,,,,,,,,
state,15,Mizoram,top_cost,1,,,FP/MZ/ROAD/429729/2023,Diversion of Forest land of 18.47 ha for Consultancy services for preparation of Detailed Project Report for 2-laning with earthen shoulder of “Zorinpui – Longmasu” section of NH-502A from km 0.000 to km 28.244 in the state of Mizoram on EPC mode,NATIONAL HIGHWAYS & INFRASTRUCTURE DEVELOPMENT CORPORATION LIMITED,Lawngtlai,Final Diversion Order Issued,2023-05-18T11:14:01.345+00:00,,78185.0,87.3776,https://parivesh.nic.in/newupgrade/#/report/ec?proposalId=5438716
state,15,Mizoram,top_cost,2,,,WL/MZ/ROAD/457550/2024,Consultancy services for preparation of Detailed Project Report for 2-laning with earthen shoulder of “Zorinpui – Longmasu” section of NH-502A from km 0.000 to km 28.244 in the state of Mizoram on EPC mode.- Submission of Wildlife Proposal wrt Tokalo Wildlife Sanctuary,NATIONAL HIGHWAYS & INFRASTRUCTURE DEVELOPMENT CORPORATION LIMITED,Lawngtlai,,2024-01-03T09:42:48.843+00:00,,78185.0,87.3776,https://parivesh.nic.in/newupgrade/#/report/ec?proposalId=36242100
state,15,Mizoram,top_cost,3,,,WL/MZ/ROAD/404824/2022,"Consultancy services for preparation of Detailed Project Report for 2-laning with earthen shoulder of"" Zorinpui - Longmasu"" section of -502A from km 0.000 to km 28.244 in the state of Mizoram on EPC mode- ""Submission of Wildlife Proposal wrt Tokalo Wildlife Sanctuary""",SHIV DWIVEDY,Saiha,,2022-10-31T11:06:11.077+00:00,,76409.0,87.3776,https://parivesh.nic.in/newupgrade/#/report/ec?proposalId=1333854
state,15,Mizoram,top_cost,4,,,WL/MZ/ROAD/404951/2022,Wildlife Clearance for 2-laning with earthen shoulder of “Zorinpui – Longmasu” section of NH-502A from km 0.000 to km 28.244 in the state of Mizoram,SHIV DWIVEDY,287,,2022-11-01T10:14:09.437+00:00,,76409.0,87.3776,https://parivesh.nic.in/newupgrade/#/report/ec?proposalId=1350402
state,15,Mizoram,top_cost,5,,,WL/MZ/SRY/481441/2024,Construction of “Zorinpui – Longmasu” section of NH-502A from km 0.000 to km 28.244 in the state of Mizoram-Submission of Wildlife proposal,NATIONAL HIGHWAYS & INFRASTRUCTURE DEVELOPMENT CORPORATION LIMITED,Lawngtlai,,2024-06-15T06:38:26.777+00:00,,76409.0,90.1572,https://parivesh.nic.in/newupgrade/#/report/ec?proposalId=76691480
state,15,Mizoram,top_cost,6,,,WL/MZ/ROAD/489262/2024,Construction of 2-laning with earthen shoulder of Zorinpui – Longmasu section of NH-502A from Km 0.00 to Km 28.244 in the State of Mizoram on EPC mode by NHIDCL: “Submission of Wildlife Proposal w.r.t Tokalo Wildlife Sanctuary” -reg.,NATIONAL HIGHWAYS & INFRASTRUCTURE DEVELOPMENT CORPORATION LIMITED,Lawngtlai,,2024-07-22T12:29:25.605+00:00,,76409.0,90.1572,https://parivesh.nic.in/newupgrade/#/report/ec?proposalId=86549417
state,15,Mizoram,top_cost,7,,,FP/MZ/HYD/IRRIG/583335/2026,Tuirini SHP,DANIEL LALREMPUIA,Aizawl,Pending at UA due to EDS by MS after PSC-I,2026-06-25T10:15:28.157+00:00,,67698.0,250.5,https://parivesh.nic.in/newupgrade/#/report/ec?proposalId=1233319640
state,15,Mizoram,top_cost,8,,,FP/MZ/Police/466328/2024,"Development of Integrated Check Post,  Kawrpuichhuah",LAND PORTS AUTHORITY OF INDIA,Lunglei,Pending at UA due to EDS by MS after PSC-I,2024-03-18T05:50:45.307+00:00,,56874.0,8.23,https://parivesh.nic.in/newupgrade/#/report/ec?proposalId=54540723
state,15,Mizoram,top_cost,9,,,FP/MZ/ROAD/534004/2025,Construction of Aizawl By-pass on Western Side,"Project Implementation Unit, PWD",Aizawl,Pending on UA for Levies Payment,2025-04-15T06:09:05.084+00:00,,50000.0,107.94,https://parivesh.nic.in/newupgrade/#/report/ec?proposalId=124848953
state,15,Mizoram,top_cost,10,,,FP/MZ/ROAD/423437/2023,4- laning of Kolasib-Sethawn section (Package-5) of NH-6 from Existing Chainage km 86+000 to km 107+850 (Design Chainage km 77+500 to km 95+500) on Vairengte – Sairang road in the State of Mizoram under Bharatmala Pariyojna on EPC mode,NHIDCL,Kolasib,Pending at UA due to EDS by MS after PSC-I,2023-03-25T09:28:52.004+00:00,,42647.0,89.14,https://parivesh.nic.in/newupgrade/#/report/ec?proposalId=4189594
state,15,Mizoram,top_land,1,,,FP/MZ/ROAD/400856/2022,"Up-gradation to 2-lane with paved shoulders of Tuivai - Keifang road, NH-102B of Aizawl - Imphal Economic Corridor Under Champhai Division",NHIDCL,Pherzawl,Pending at PP due to EDS by Nodal Officer,2022-09-20T11:38:40.439+00:00,,1.53713,260.4027,https://parivesh.nic.in/newupgrade/#/report/ec?proposalId=815827
state,15,Mizoram,top_land,2,,,FP/MZ/HYD/IRRIG/583335/2026,Tuirini SHP,DANIEL LALREMPUIA,Aizawl,Pending at UA due to EDS by MS after PSC-I,2026-06-25T10:15:28.157+00:00,,67698.0,250.5,https://parivesh.nic.in/newupgrade/#/report/ec?proposalId=1233319640
state,15,Mizoram,top_land,3,,,FP/MZ/ROAD/514945/2024,4 - laning of N. Kawnpui – West Serawlg - Sairang section (Package-7 & Package-8) of NH-6 from Existing km 127+200 (Design Chainage 111+850) to Existing km 158+900 (Design Chainage 136+260) for a length of 24.41 km under Kolasib & Aizawl Forest Division on Silchar - Vairengte - Sairang road in the State of Mizoram.,NATIONAL HIGHWAYS & INFRASTRUCTURE DEVELOPMENT CORPORATION LIMITED,Kolasib,Final Diversion Order Issued,2024-12-17T06:33:41.270+00:00,,1.66076,155.285,https://parivesh.nic.in/newupgrade/#/report/ec?proposalId=114946902
state,15,Mizoram,top_land,4,,,FP/MZ/ROAD/423113/2023,Construction of 2 lane of Aizawl Bypass NH-06 including Tunnel (Connecting Sairang to Seling) in the State of Mizoram under Bharatmala Pariyojna.,NHIDCL,Kolasib,Pending at UA due to EDS by MS after PSC-I,2023-03-22T21:45:10.435+00:00,,3.05113,108.35,https://parivesh.nic.in/newupgrade/#/report/ec?proposalId=4132090
state,15,Mizoram,top_land,5,,,FP/MZ/ROAD/534004/2025,Construction of Aizawl By-pass on Western Side,"Project Implementation Unit, PWD",Aizawl,Pending on UA for Levies Payment,2025-04-15T06:09:05.084+00:00,,50000.0,107.94,https://parivesh.nic.in/newupgrade/#/report/ec?proposalId=124848953
state,15,Mizoram,top_land,6,,,FP/MZ/ROAD/505621/2024,Construction of 2 lane of Aizawl Bypass NH-06 including Tunnel (Connecting Sairang to Seling) in the State of Mizoram under Bharatmala Pariyojna including Muck Disposal Location,NHIDCL,Kolasib,Final Diversion Order Issued,2024-11-13T01:33:14.972+00:00,,2.45123,107.772,https://parivesh.nic.in/newupgrade/#/report/ec?proposalId=111403082
state,15,Mizoram,top_land,7,,,FP/MZ/ROAD/503327/2024,Construction of 2 lane of Aizawl Bypass NH-06 including Tunnel (Connecting Sairang to Seling) in the State of Mizoram under Bharatmala Pariyojna including Muck Disposal Area,NHIDCL,Aizawl,Rejected in PSC-I,2024-10-28T01:52:09.723+00:00,,2.45123,107.235,https://parivesh.nic.in/newupgrade/#/report/ec?proposalId=110410773
state,15,Mizoram,top_land,8,,,FP/MZ/ROAD/506109/2024,Four Laning of Sethawn -N Kawnpui section (Package -6) of NH-6 from Existing Chainage km 107+850 to km 126+315 (Design Chainage km 95+500 to km 111+850) on Vairengte -Sairang road in the state of Mizoram under Bharatmala Pariyojna on EPC mode,NHIDCL,Kolasib,Final Diversion Order Issued,2024-11-16T07:35:23.142+00:00,,32639.0,103.361,https://parivesh.nic.in/newupgrade/#/report/ec?proposalId=111638891
state,15,Mizoram,top_land,9,,,FP/MZ/ROAD/505758/2024,Four-Laning of Chimluang - Kolasib section (Pkg-4) of NH 306 & NH-06 from Existing chainage km 59+700 to km 86+000 (Design Ch km 61+000 to km 77+500) on Vairengte- Sairang road in the state of Mizoram under Bharatmala Pariyojna on EPC Mode,NHIDCL,Hailakandi,Final Diversion Order Issued,2024-11-14T04:11:06.365+00:00,,34300.0,101.228,https://parivesh.nic.in/newupgrade/#/report/ec?proposalId=111480820
state,15,Mizoram,top_land,10,,,FP/MZ/ROAD/423557/2023,4- laning of Chhimluang - Kolasib section (Package-4) of NH-306 & NH-6 from Existing Chainage km 59+700 to km 86+000 (Design Chainage km 61+000 to km 77+500) on Vairengte – Sairang road in the State o,NHIDCL,Kolasib,Pending at UA due to EDS by MS after PSC-I,2023-03-27T05:34:20.875+00:00,,38741.0,93.446,https://parivesh.nic.in/newupgrade/#/report/ec?proposalId=4207046
state,16,Tripura,stat,,projects,333,,,,,,,,,,
state,16,Tripura,stat,,active_projects,280,,,,,,,,,,
state,16,Tripura,stat,,applications,280,,,,,,,,,,
state,16,Tripura,stat,,ec_granted,40,,,,,,,,,,
state,16,Tripura,stat,,ec_tor,3,,,,,,,,,,
state,16,Tripura,stat,,ec_pending,221,,,,,,,,,,
state,16,Tripura,stat,,ec_rejected,3,,,,,,,,,,
state,16,Tripura,stat,,ec_withdrawn,13,,,,,,,,,,
state,16,Tripura,stat,,pc_A,12,,,,,,,,,,
state,16,Tripura,stat,,pc_B1,5,,,,,,,,,,
state,16,Tripura,stat,,pc_B2,146,,,,,,,,,,
state,16,Tripura,stat,,pc_OTHER,117,,,,,,,,,,
state,16,Tripura,stat,,ty_ec,158,,,,,,,,,,
state,16,Tripura,stat,,ty_forest,109,,,,,,,,,,
state,16,Tripura,stat,,ty_wildlife,8,,,,,,,,,,
state,16,Tripura,stat,,ty_crz,0,,,,,,,,,,
state,16,Tripura,stat,,ty_other,5,,,,,,,,,,
state,16,Tripura,stat,,delisted_or_removed,53,,,,,,,,,,
state,16,Tripura,stat,,total_cost_lakhs,14093822.88,,,,,,,,,,
state,16,Tripura,stat,,cost_outliers_excluded,1,,,,,,,,,,
state,16,Tripura,stat,,total_land_ha,290599.8149,,,,,,,,,,
state,16,Tripura,stat,,latest_application,2026-10-09T12:22:02.723+00:00,,,,,,,,,,
state,16,Tripura,stat,,latest_grant,2025-08-01T12:30:01.363+00:00,,,,,,,,,,
state,16,Tripura,stat,,changes_added,1,,,,,,,,,,
state,16,Tripura,stat,,changes_removed,0,,,,,,,,,,
state,16,Tripura,stat,,changes_updated,24,,,,,,,,,,
state,16,Tripura,stat,,changes_status,0,,,,,,,,,,
state,16,Tripura,stat,,compared_with,2026-10-09T20:19:01Z,,,,,,,,,,
state,16,Tripura,stat,,changes_added_active,1,,,,,,,,,,
state,16,Tripura,stat,,changes_removed_active,0,,,,,,,,,,
state,16,Tripura,stat,,changes_updated_active,23,,,,,,,,,,
state,16,Tripura,stat,,changes_status_active,0,,,,,,,,,,
state,16,Tripura,stat,,window_added_active,4,,,,,,,,,,
state,16,Tripura,stat,,window_updated_active,20,,,,,,,,,,
state,16,Tripura,stat,,window_added,4,,,,,,,,,,
state,16,Tripura,stat,,window_updated,21,,,,,,,,,,
state,16,Tripura,stat,,window_since,2026-10-01T03:52:08Z,,,,,,,,,,
state,16,Tripura,status,,Under Verification,96,,,,,,,,,,
state,16,Tripura,status,,REMOVED,39,,,,,,,,,,
state,16,Tripura,status,,EC Granted,24,,,,,,,,,,
state,16,Tripura,status,,Pending at DFO for Scrutiny and Recommendation,21,,,,,,,,,,
state,16,Tripura,status,,Under Examination,15,,,,,,,,,,
state,16,Tripura,status,,DELISTED_BY_SYSTEM,14,,,,,,,,,,
state,16,Tripura,status,,Final Diversion Order Issued,10,,,,,,,,,,
state,16,Tripura,status,,Pending on UA for Compensatory Levies Payment,10,,,,,,,,,,
state,16,Tripura,status,,Proposal pulled back (withdrawn),10,,,,,,,,,,
state,16,Tripura,status,,Pending at Nodal Officer due to EDS by State Secretary,8,,,,,,,,,,
state,16,Tripura,status,,EDS raised,8,,,,,,,,,,
state,16,Tripura,status,,Pending at UA for Compliance Report,8,,,,,,,,,,
state,16,Tripura,status,,(none),8,,,,,,,,,,
state,16,Tripura,status,,Approval Granted,6,,,,,,,,,,
state,16,Tripura,status,,Pending at PP due to EDS by Nodal Officer,6,,,,,,,,,,
state,16,Tripura,status,,Pending at DFO due to EDS by Nodal Officer,5,,,,,,,,,,
state,16,Tripura,status,,Pending at UA due to Delisting by Authority,5,,,,,,,,,,
state,16,Tripura,status,,Pending at DFO/CF/Nodal Officer after acceptance in PSC-I,3,,,,,,,,,,
state,16,Tripura,status,,Rejected in PSC-I,3,,,,,,,,,,
state,16,Tripura,status,,Referred to SEIAA,3,,,,,,,,,,
state,16,Tripura,status,,Pending at UA due to EDS by MS after PSC-I,3,,,,,,,,,,
state,16,Tripura,status,,Pending at Nodal Officer for Levies Review,2,,,,,,,,,,
state,16,Tripura,status,,Pending at Nodal for Compensatory Levies Review,2,,,,,,,,,,
state,16,Tripura,status,,Pending at Nodal Officer for Recommendation,2,,,,,,,,,,
state,16,Tripura,status,,Pending on UA for Levies Payment,2,,,,,,,,,,
state,16,Tripura,status,,Pending at UA due to EDS by DFO,2,,,,,,,,,,
state,16,Tripura,status,,Proposal returned in present form,2,,,,,,,,,,
state,16,Tripura,status,,Pending at MS for Recommendation in PSC-II,2,,,,,,,,,,
state,16,Tripura,status,,Pending at DFO for Compensatory Levies,2,,,,,,,,,,
state,16,Tripura,status,,TOR GRANTED,1,,,,,,,,,,
state,16,Tripura,status,,"Pending at Technical Officer - MoEFCC, HQ",1,,,,,,,,,,
state,16,Tripura,status,,Withdrawal Request Accepted,1,,,,,,,,,,
state,16,Tripura,status,,ToR Granted,1,,,,,,,,,,
state,16,Tripura,status,,Pending at PP due to EDS by DFO,1,,,,,,,,,,
state,16,Tripura,status,,Pending at Nodal Officer for Compliance Review,1,,,,,,,,,,
state,16,Tripura,status,,Pending at UA for DFO EDS Reply,1,,,,,,,,,,
state,16,Tripura,status,,Proposal Accepted and Referred to SEAC,1,,,,,,,,,,
state,16,Tripura,status,,Standard ToR Granted,1,,,,,,,,,,
state,16,Tripura,status,,Pending at UA due to EDS by MS after PSC-II,1,,,,,,,,,,
state,16,Tripura,status,,Pending at DFO/CF after acceptance in PSC-I,1,,,,,,,,,,
state,16,Tripura,status,,Pending at State Secretary for Recommendation,1,,,,,,,,,,
state,16,Tripura,applications_by_year,,2022,27,,,,,,,,,,
state,16,Tripura,applications_by_year,,2023,30,,,,,,,,,,
state,16,Tripura,applications_by_year,,2024,66,,,,,,,,,,
state,16,Tripura,applications_by_year,,2025,113,,,,,,,,,,
state,16,Tripura,applications_by_year,,2026,44,,,,,,,,,,
state,16,Tripura,year_granted,,2022,21,,,,,,,,,,
state,16,Tripura,year_granted,,2023,8,,,,,,,,,,
state,16,Tripura,year_granted,,2024,3,,,,,,,,,,
state,16,Tripura,year_granted,,2025,8,,,,,,,,,,
state,16,Tripura,year_tor,,2022,1,,,,,,,,,,
state,16,Tripura,year_tor,,2024,1,,,,,,,,,,
state,16,Tripura,year_tor,,2025,1,,,,,,,,,,
state,16,Tripura,year_pending,,2022,5,,,,,,,,,,
state,16,Tripura,year_pending,,2023,21,,,,,,,,,,
state,16,Tripura,year_pending,,2024,59,,,,,,,,,,
state,16,Tripura,year_pending,,2025,97,,,,,,,,,,
state,16,Tripura,year_pending,,2026,39,,,,,,,,,,
state,16,Tripura,year_rejected,,2025,1,,,,,,,,,,
state,16,Tripura,year_rejected,,2026,2,,,,,,,,,,
state,16,Tripura,year_withdrawn,,2023,1,,,,,,,,,,
state,16,Tripura,year_withdrawn,,2024,3,,,,,,,,,,
state,16,Tripura,year_withdrawn,,2025,6,,,,,,,,,,
state,16,Tripura,year_withdrawn,,2026,3,,,,,,,,,,
state,16,Tripura,year_pc_A,,2022,1,,,,,,,,,,
state,16,Tripura,year_pc_A,,2023,4,,,,,,,,,,
state,16,Tripura,year_pc_A,,2024,4,,,,,,,,,,
state,16,Tripura,year_pc_A,,2025,1,,,,,,,,,,
state,16,Tripura,year_pc_A,,2026,2,,,,,,,,,,
state,16,Tripura,year_pc_B1,,2024,3,,,,,,,,,,
state,16,Tripura,year_pc_B1,,2025,1,,,,,,,,,,
state,16,Tripura,year_pc_B1,,2026,1,,,,,,,,,,
state,16,Tripura,year_pc_B2,,2022,19,,,,,,,,,,
state,16,Tripura,year_pc_B2,,2023,13,,,,,,,,,,
state,16,Tripura,year_pc_B2,,2024,39,,,,,,,,,,
state,16,Tripura,year_pc_B2,,2025,62,,,,,,,,,,
state,16,Tripura,year_pc_B2,,2026,13,,,,,,,,,,
state,16,Tripura,year_pc_OTHER,,2022,7,,,,,,,,,,
state,16,Tripura,year_pc_OTHER,,2023,13,,,,,,,,,,
state,16,Tripura,year_pc_OTHER,,2024,20,,,,,,,,,,
state,16,Tripura,year_pc_OTHER,,2025,49,,,,,,,,,,
state,16,Tripura,year_pc_OTHER,,2026,28,,,,,,,,,,
state,16,Tripura,cube,,2022|granted|B2|ec,19,,,,,,,,,,
state,16,Tripura,cube,,2022|granted|OTHER|forest,2,,,,,,,,,,
state,16,Tripura,cube,,2022|pending|OTHER|forest,5,,,,,,,,,,
state,16,Tripura,cube,,2022|tor|A|ec,1,,,,,,,,,,
state,16,Tripura,cube,,2023|granted|A|ec,2,,,,,,,,,,
state,16,Tripura,cube,,2023|granted|A|other,1,,,,,,,,,,
state,16,Tripura,cube,,2023|granted|OTHER|forest,5,,,,,,,,,,
state,16,Tripura,cube,,2023|pending|B2|ec,13,,,,,,,,,,
state,16,Tripura,cube,,2023|pending|OTHER|forest,6,,,,,,,,,,
state,16,Tripura,cube,,2023|pending|OTHER|wildlife,2,,,,,,,,,,
state,16,Tripura,cube,,2023|withdrawn|A|other,1,,,,,,,,,,
state,16,Tripura,cube,,2024|granted|A|ec,1,,,,,,,,,,
state,16,Tripura,cube,,2024|granted|OTHER|forest,2,,,,,,,,,,
state,16,Tripura,cube,,2024|pending|B1|ec,3,,,,,,,,,,
state,16,Tripura,cube,,2024|pending|B2|ec,38,,,,,,,,,,
state,16,Tripura,cube,,2024|pending|OTHER|forest,18,,,,,,,,,,
state,16,Tripura,cube,,2024|tor|A|other,1,,,,,,,,,,
state,16,Tripura,cube,,2024|withdrawn|A|ec,1,,,,,,,,,,
state,16,Tripura,cube,,2024|withdrawn|A|other,1,,,,,,,,,,
state,16,Tripura,cube,,2024|withdrawn|B2|ec,1,,,,,,,,,,
state,16,Tripura,cube,,2025|granted|B2|ec,1,,,,,,,,,,
state,16,Tripura,cube,,2025|granted|OTHER|forest,7,,,,,,,,,,
state,16,Tripura,cube,,2025|pending|B1|other,1,,,,,,,,,,
state,16,Tripura,cube,,2025|pending|B2|ec,55,,,,,,,,,,
state,16,Tripura,cube,,2025|pending|OTHER|forest,36,,,,,,,,,,
state,16,Tripura,cube,,2025|pending|OTHER|wildlife,5,,,,,,,,,,
state,16,Tripura,cube,,2025|rejected|OTHER|forest,1,,,,,,,,,,
state,16,Tripura,cube,,2025|tor|A|ec,1,,,,,,,,,,
state,16,Tripura,cube,,2025|withdrawn|B2|ec,6,,,,,,,,,,
state,16,Tripura,cube,,2026|pending|B2|ec,13,,,,,,,,,,
state,16,Tripura,cube,,2026|pending|OTHER|forest,25,,,,,,,,,,
state,16,Tripura,cube,,2026|pending|OTHER|wildlife,1,,,,,,,,,,
state,16,Tripura,cube,,2026|rejected|OTHER|forest,2,,,,,,,,,,
state,16,Tripura,cube,,2026|withdrawn|A|ec,2,,,,,,,,,,
state,16,Tripura,cube,,2026|withdrawn|B1|ec,1,,,,,,,,,,
state,16,Tripura,run,,run_status,ok,,,,,,,,,,
state,16,Tripura,run,,run_date,2026-10-10T05:52:28Z,,,,,,,,,,
state,16,Tripura,run,,run_url,https://github.com/publicmap/parivesh-dashboard/actions/runs/38027443840,,,,,,,,,,
state,16,Tripura,top_recent_ec,1,,,IA/TR/IND2/541266/2025,Proposed Onshore Oil & Gas Exploration Drilling & Testing at Location OSTA in OALP Block AA-ONHP-2018/5 in Mouja Kalsi Area under South Tripura District in the State of Tripura,OIL INDIA LIMITED,South Tripura,EC Granted,2025-06-13T08:00:02.404+00:00,2025-08-01T12:30:01.363+00:00,2000.0,3.496,https://parivesh.nic.in/newupgrade/#/report/ec?proposalId=129888784
state,16,Tripura,top_recent_ec,2,,,IA/TR/IND2/512355/2024,"Onshore Oil and Gas Exploration, Development Drilling and Production of Hydrocarbons In AA/ONDSF/TULAMARA/2018 DSF Block In Gomati And South Tripura Districts of Tripura in an Area of 47.23 Sq.Km.",OIL INDIA LIMITED,Gomati,EC Granted,2023-10-07T12:41:08.590+00:00,2025-03-19T15:32:55.551+00:00,15000.0,27.95,https://parivesh.nic.in/newupgrade/#/report/ec?proposalId=113662447
state,16,Tripura,top_recent_ec,3,,,IA/TR/THE/495581/2024,"Environmental Clearance of Proposed 120 MW CCGT Power Plant in an Area of 4.5 Ha. At Village Manikyanagar (Rokhia), District Sepahijala, Tripura – 799102.",TRIPURA STATE ELECTRICITY CORPORATION LIMITED,Sipahijala,EC Granted,2024-09-05T17:47:48.803+00:00,2024-12-07T09:10:48.415+00:00,84536.0,4.5,https://parivesh.nic.in/newupgrade/#/report/ec?proposalId=100067521
state,16,Tripura,top_recent_ec,4,,,FP/TR/OTHERS/406026/2022,Proposal for diversion of forest land measuring 0.2025 Ha for construction of permanent sectionalizing valve (SV-6) Station for day-to-day monitoring and control for Panisagar - Agartala Natural Gas Pipeline operation,INDRADHANUSH GAS GRID LIMITED,West Tripura,Final Diversion Order Issued,2022-11-10T10:56:28.738+00:00,2024-05-13T11:41:13.758+00:00,400.0,0.2025,https://parivesh.nic.in/newupgrade/#/report/ec?proposalId=1477186
state,16,Tripura,top_recent_ec,5,,,IA/TR/IND2/447446/2023,"Onshore Oil and Gas Exploration, Development Drilling and Production of Hydrocarbons In AA/ONDSF/TULAMARA/2018 DSF Block In Gomati And South Tripura Districts of Tripura in an Area of 47.23 Sq.Km.",OIL INDIA LIMITED,Gomati,EC Granted,2023-10-07T12:41:08.590+00:00,2024-02-05T11:40:45.457+00:00,15000.0,27.95,https://parivesh.nic.in/newupgrade/#/report/ec?proposalId=15291694
state,16,Tripura,top_recent_ec,6,,,IA/TR/IND2/437553/2023,"Onshore development & production from 6 wells falling in forest area of 4 PML blocks in South Tripura, Sepahijala and West Tripura districts, Tripura",OIL AND NATURAL GAS CORPORATION LIMITED,South Tripura,EC Granted,2023-07-20T16:11:48.594+00:00,2023-10-12T10:05:05.384+00:00,18000.0,10.6822,https://parivesh.nic.in/newupgrade/#/report/ec?proposalId=6978413
state,16,Tripura,top_recent_ec,7,,,SIA/TR/MIN/408079/2022,M/S Samar Baidya Sand,SAMAR BAIDYA,Gomati,EC Granted,2022-11-26T06:35:48.068+00:00,2023-04-12T13:24:03.127+00:00,5.0,0.7041,https://parivesh.nic.in/newupgrade/#/report/ec?proposalId=1729272
state,16,Tripura,top_recent_ec,8,,,SIA/TR/MIN/409022/2022,"M/s Sharma Sand, Block ID: UMT/ST-007",MANIK SHARMA,South Tripura,EC Granted,2022-12-02T09:17:17.481+00:00,2023-04-12T13:23:04.653+00:00,10.0,0.981,https://parivesh.nic.in/newupgrade/#/report/ec?proposalId=1834655
state,16,Tripura,top_recent_ec,9,,,SIA/TR/MIN/409031/2022,"M/s S.S Enterprise Sand Block, Block ID: UMT/KW/SAND-002",MUNKURUI RUPINI,Khowai,EC Granted,2022-12-02T10:10:12.896+00:00,2023-04-12T13:21:49.307+00:00,10.0,0.3949,https://parivesh.nic.in/newupgrade/#/report/ec?proposalId=1836475
state,16,Tripura,top_recent_ec,10,,,SIA/TR/MIN/409601/2022,"M/s Sarkar Sand, Block ID: UMT/GMT-005",NARAYAN SARKAR,Gomati,EC Granted,2022-12-07T06:42:45.499+00:00,2023-04-12T13:20:39.790+00:00,10.0,0.7857,https://parivesh.nic.in/newupgrade/#/report/ec?proposalId=1899088
state,16,Tripura,top_cost,1,,,FP/TR/ROAD/591581/2026,"Tripura Urban Livability Improvement Project (TULIP) – Improvement of Roads and Storm Water Drainage System in Jirania, Teliamura, Kamalpur and Panisagar Towns of Tripura: - “Development of road from Sajal Roy house to Sudha Ram Baisha house both side RCC drain and CC pavement Road, in Ward No. 15, Teliamura, Tripura",Tripura Urban Planning and Development Authority,Khowai,Pending at DFO for Scrutiny and Recommendation,2026-09-08T11:28:17.260+00:00,,6851209.0,0.0616,https://parivesh.nic.in/newupgrade/#/report/ec?proposalId=1240462022
state,16,Tripura,top_cost,2,,,FP/TR/Pipeline/549586/2025,"Forest Diversion Proposal for laying underground Natural Gas pipeline by Oil Natural Gas Corporation Limited (ONGC) in Sundalbari PML Block at Melaghar Protected Reserve Forest in Sepahijala District, Tripura under District Forest Officer, Sepahijala District Tripura.",ONGC,Sipahijala,Pending at Nodal Officer due to EDS by State Secretary,2025-08-28T11:16:48.078+00:00,,6503569.0,0.6981,https://parivesh.nic.in/newupgrade/#/report/ec?proposalId=135126419
state,16,Tripura,top_cost,3,,,IA/TR/THE/495581/2024,"Environmental Clearance of Proposed 120 MW CCGT Power Plant in an Area of 4.5 Ha. At Village Manikyanagar (Rokhia), District Sepahijala, Tripura – 799102.",TRIPURA STATE ELECTRICITY CORPORATION LIMITED,Sipahijala,EC Granted,2024-09-05T17:47:48.803+00:00,2024-12-07T09:10:48.415+00:00,84536.0,4.5,https://parivesh.nic.in/newupgrade/#/report/ec?proposalId=100067521
state,16,Tripura,top_cost,4,,,FP/TR/ROAD/469448/2024,"Proposal for Additional forest land for widening/improvement of Teliamura to Harina via Amarpur Section of NH-208 to 2-laning with Paved Shoulders under Khowai, Gomati and South Tripura District.",NHIDCL PMU UDAIPUR,Gomati,Pending at UA for Compliance Report,2024-04-16T08:21:42.617+00:00,,58700.14,47.8902,https://parivesh.nic.in/newupgrade/#/report/ec?proposalId=61183381
state,16,Tripura,top_cost,5,,,FP/TR/ROAD/588238/2026,Diversion of Forest Land for the Upgradation of the Champaknagar to Udaipur State Highway to a Two-Lane Road with Paved Shoulders under the Tripura State Highway Improvement Project,Public Works Department,Gomati,Pending at UA due to EDS by MS after PSC-I,2026-08-07T07:45:44.079+00:00,,33077.0,0.0,https://parivesh.nic.in/newupgrade/#/report/ec?proposalId=1237760170
state,16,Tripura,top_cost,6,,,IA/TR/IND2/402250/2022,"Field Development for setting up of Surface Facilities, Group Gathering Station (GGS), Development Drilling and Interconnecting pipeline between wells for Kathalchari Field Development, Block AA‐ONN‐2002/1 (Tripura) by JOGPL Private Limited",JUBILANT OIL AND GAS PVT LTD,South Tripura,TOR GRANTED,2022-10-04T13:47:15.548+00:00,2022-11-19T08:14:09.847+00:00,27200.0,5.443,https://parivesh.nic.in/newupgrade/#/report/ec?proposalId=1026258
state,16,Tripura,top_cost,7,,,IA/TR/IND2/467767/2024,"Field Development for setting up of Surface Facilities, Group Gathering Station (GGS), Development Drilling and Interconnecting pipeline between wells for Kathalchari Field Development, Block AA‐ONN‐2002/1 (Tripura) by JOGPL Private Limited",JUBILANT OIL AND GAS PVT LTD,South Tripura,ToR Granted,2024-03-29T12:35:13.606+00:00,2024-05-30T08:46:28.317+00:00,27200.0,5.443,https://parivesh.nic.in/newupgrade/#/report/ec?proposalId=57202606
state,16,Tripura,top_cost,8,,,SIA/TR/INFRA2/564203/2026,ESTABLISHMENT OF 200 BEDDED MATERNAL AND CHILD HEALTH WING (MCH),CIVIL ENGINEERS ENTERPRISES PVT LIMITED,West Tripura,Under Verification,2026-01-04T14:38:54.920+00:00,,21049.89642,7793.68,https://parivesh.nic.in/newupgrade/#/report/ec?proposalId=1214114093
state,16,Tripura,top_cost,9,,,SIA/TR/IND1/539823/2025,Aarvi Engineering and Construction Private Limited CRM,AARVI ENGINEERING AND CONSTRUCTION PRIVATE LIMITED,West Tripura,Proposal Accepted and Referred to SEAC,2025-05-30T13:00:04.595+00:00,,20000.0,9.6,https://parivesh.nic.in/newupgrade/#/report/ec?proposalId=128688133
state,16,Tripura,top_cost,10,,,IA/TR/IND2/437553/2023,"Onshore development & production from 6 wells falling in forest area of 4 PML blocks in South Tripura, Sepahijala and West Tripura districts, Tripura",OIL AND NATURAL GAS CORPORATION LIMITED,South Tripura,EC Granted,2023-07-20T16:11:48.594+00:00,2023-10-12T10:05:05.384+00:00,18000.0,10.6822,https://parivesh.nic.in/newupgrade/#/report/ec?proposalId=6978413
state,16,Tripura,top_land,1,,,IA/TR/IND2/443879/2023,Name change of existing EC from M/s. JUBILANT OIL AND GAS PVT LTD to M/s. JOGPL PVT LTD,JOGPL PRIVATE LIMITED,Gomati,Withdrawal Request Accepted,2023-09-11T07:42:14.283+00:00,2024-04-30T06:56:34.438+00:00,1.125,168000.0,https://parivesh.nic.in/newupgrade/#/report/ec?proposalId=9180457
state,16,Tripura,top_land,2,,,WL/TR/SRY/456285/2023,ONGC-OALP BLOCK AA-ONHP-2021/1 BISHALGARH 3D Survey,"ONGC, TRIPURA ASSET",Sipahijala,,2023-12-21T10:07:36.913+00:00,,4620.0,40115.0,https://parivesh.nic.in/newupgrade/#/report/ec?proposalId=32862583
state,16,Tripura,top_land,3,,,FP/TR/SRY/542091/2025,3D Seismic data acquisition  of Central  Gojalia  project in south Tripura district,OIL AND NATURAL GAS CORPORATION LIMITED,South Tripura,Approval Granted,2025-06-19T10:48:41.116+00:00,,6800.0,20600.0,https://parivesh.nic.in/newupgrade/#/report/ec?proposalId=130319641
state,16,Tripura,top_land,4,,,FP/TR/SRY/538705/2025,3D Seismic data acquisition  of Longai-PH-II  project in North Tripura,OIL AND NATURAL GAS CORPORATION LIMITED,North Tripura,Approval Granted,2025-05-23T03:03:11.248+00:00,,4490.0,10887.0,https://parivesh.nic.in/newupgrade/#/report/ec?proposalId=127701012
state,16,Tripura,top_land,5,,,WL/TR/SRY/456223/2023,ONGC - OALP BLOCK RAJNAGAR 3D SURVEY,"ONGC, TRIPURA ASSET",South Tripura,,2023-12-21T04:42:25.312+00:00,,2450.0,10002.47,https://parivesh.nic.in/newupgrade/#/report/ec?proposalId=32832968
state,16,Tripura,top_land,6,,,WL/TR/SRY/578122/2026,3D Seismic data acquisition of AA-ONHP-2020/2 (Rajnagar) project  in South Tripura District,OIL AND NATURAL GAS CORPORATION LIMITED,South Tripura,,2026-05-06T11:15:18.420+00:00,,2450.0,10002.47,https://parivesh.nic.in/newupgrade/#/report/ec?proposalId=1226723741
state,16,Tripura,top_land,7,,,SIA/TR/INFRA2/564203/2026,ESTABLISHMENT OF 200 BEDDED MATERNAL AND CHILD HEALTH WING (MCH),CIVIL ENGINEERS ENTERPRISES PVT LIMITED,West Tripura,Under Verification,2026-01-04T14:38:54.920+00:00,,21049.89642,7793.68,https://parivesh.nic.in/newupgrade/#/report/ec?proposalId=1214114093
state,16,Tripura,top_land,8,,,FP/TR/SRY/538344/2025,Area1: South Gojalia 2D Seismic Data Acquisition,OIL AND NATURAL GAS CORPORATION LIMITED,South Tripura,Approval Granted,2025-05-20T08:33:06.518+00:00,,3193.0,7521.78,https://parivesh.nic.in/newupgrade/#/report/ec?proposalId=127412413
state,16,Tripura,top_land,9,,,WL/TR/SRY/553215/2025,Area1: South Gojalia 2D Seismic Data Acquisition,OIL AND NATURAL GAS CORPORATION LIMITED,South Tripura,,2025-09-26T07:01:05.321+00:00,,3193.0,7521.78,https://parivesh.nic.in/newupgrade/#/report/ec?proposalId=137061343
state,16,Tripura,top_land,10,,,FP/TR/SRY/538427/2025,2D Seismic data acquisition  of AA-ONHP-2018/4(Bogapha) project in  Gomati district,OIL AND NATURAL GAS CORPORATION LIMITED,Gomati,Approval Granted,2025-05-20T15:12:53.477+00:00,,3193.0,2519.0,https://parivesh.nic.in/newupgrade/#/report/ec?proposalId=127465234
state,16,Tripura,recent_change,1,added,,FP/TR/REDIV/595026/2026,"Proposal for Re-diversion of 2.82 Ha of Forest Land for Drilling of Additional Exploratory Well TMAH from Existing diverted land of RTM#1 (TMAA) at Mouja Baramura-Debtamura R.F., Silachari",ONGC,South Tripura,Pending at DFO for Scrutiny and Recommendation,2026-10-09T12:22:02.723+00:00,,7000.0,2.82,https://parivesh.nic.in/newupgrade/#/report/ec?proposalId=1244809066
state,17,Meghalaya,stat,,projects,399,,,,,,,,,,
state,17,Meghalaya,stat,,active_projects,333,,,,,,,,,,
state,17,Meghalaya,stat,,applications,333,,,,,,,,,,
state,17,Meghalaya,stat,,ec_granted,184,,,,,,,,,,
state,17,Meghalaya,stat,,ec_tor,58,,,,,,,,,,
state,17,Meghalaya,stat,,ec_pending,75,,,,,,,,,,
state,17,Meghalaya,stat,,ec_rejected,1,,,,,,,,,,
state,17,Meghalaya,stat,,ec_withdrawn,15,,,,,,,,,,
state,17,Meghalaya,stat,,pc_A,11,,,,,,,,,,
state,17,Meghalaya,stat,,pc_B1,134,,,,,,,,,,
state,17,Meghalaya,stat,,pc_B2,108,,,,,,,,,,
state,17,Meghalaya,stat,,pc_OTHER,80,,,,,,,,,,
state,17,Meghalaya,stat,,ty_ec,239,,,,,,,,,,
state,17,Meghalaya,stat,,ty_forest,50,,,,,,,,,,
state,17,Meghalaya,stat,,ty_wildlife,5,,,,,,,,,,
state,17,Meghalaya,stat,,ty_crz,0,,,,,,,,,,
state,17,Meghalaya,stat,,ty_other,39,,,,,,,,,,
state,17,Meghalaya,stat,,delisted_or_removed,66,,,,,,,,,,
state,17,Meghalaya,stat,,total_cost_lakhs,1263753.41,,,,,,,,,,
state,17,Meghalaya,stat,,cost_outliers_excluded,1,,,,,,,,,,
state,17,Meghalaya,stat,,total_land_ha,54051.2085,,,,,,,,,,
state,17,Meghalaya,stat,,latest_application,2026-09-28T18:15:22.149+00:00,,,,,,,,,,
state,17,Meghalaya,stat,,latest_grant,2026-09-24T12:43:55.364+00:00,,,,,,,,,,
state,17,Meghalaya,stat,,changes_added,0,,,,,,,,,,
state,17,Meghalaya,stat,,changes_removed,0,,,,,,,,,,
state,17,Meghalaya,stat,,changes_updated,49,,,,,,,,,,
state,17,Meghalaya,stat,,changes_status,0,,,,,,,,,,
state,17,Meghalaya,stat,,compared_with,2026-10-09T20:19:01Z,,,,,,,,,,
state,17,Meghalaya,stat,,changes_added_active,0,,,,,,,,,,
state,17,Meghalaya,stat,,changes_removed_active,0,,,,,,,,,,
state,17,Meghalaya,stat,,changes_updated_active,31,,,,,,,,,,
state,17,Meghalaya,stat,,changes_status_active,0,,,,,,,,,,
state,17,Meghalaya,stat,,window_added_active,2,,,,,,,,,,
state,17,Meghalaya,stat,,window_updated_active,30,,,,,,,,,,
state,17,Meghalaya,stat,,window_added,2,,,,,,,,,,
state,17,Meghalaya,stat,,window_updated,48,,,,,,,,,,
state,17,Meghalaya,stat,,window_since,2026-10-01T03:52:08Z,,,,,,,,,,
state,17,Meghalaya,status,,EC Granted,164,,,,,,,,,,
state,17,Meghalaya,status,,DELISTED_BY_SYSTEM,59,,,,,,,,,,
state,17,Meghalaya,status,,ToR Granted,48,,,,,,,,,,
state,17,Meghalaya,status,,Referred to SEIAA,24,,,,,,,,,,
state,17,Meghalaya,status,,Final Diversion Order Issued,18,,,,,,,,,,
state,17,Meghalaya,status,,REMOVED,7,,,,,,,,,,
state,17,Meghalaya,status,,(none),7,,,,,,,,,,
state,17,Meghalaya,status,,Pending at UA due to EDS by DFO,7,,,,,,,,,,
state,17,Meghalaya,status,,TOR Granted,7,,,,,,,,,,
state,17,Meghalaya,status,,Proposal returned in present form,7,,,,,,,,,,
state,17,Meghalaya,status,,Pending at DFO/CF after acceptance in PSC-I,5,,,,,,,,,,
state,17,Meghalaya,status,,Withdrawal Request Accepted,4,,,,,,,,,,
state,17,Meghalaya,status,,EDS raised,4,,,,,,,,,,
state,17,Meghalaya,status,,Pending at DFO for Scrutiny and Recommendation,4,,,,,,,,,,
state,17,Meghalaya,status,,Proposal pulled back (withdrawn),4,,,,,,,,,,
state,17,Meghalaya,status,,TOR GRANTED,3,,,,,,,,,,
state,17,Meghalaya,status,,Pending at UA due to EDS by MS after PSC-I,3,,,,,,,,,,
state,17,Meghalaya,status,,Pending at MS SEIAA,3,,,,,,,,,,
state,17,Meghalaya,status,,Pending at DFO due to EDS by Nodal Officer,2,,,,,,,,,,
state,17,Meghalaya,status,,Under Verification,2,,,,,,,,,,
state,17,Meghalaya,status,,Pending at DFO for Compensatory Levies,2,,,,,,,,,,
state,17,Meghalaya,status,,Granted,2,,,,,,,,,,
state,17,Meghalaya,status,,ADS Raised,2,,,,,,,,,,
state,17,Meghalaya,status,,Referred to SEAC,2,,,,,,,,,,
state,17,Meghalaya,status,,Pending at UA due to EDS by MS after PSC-II,1,,,,,,,,,,
state,17,Meghalaya,status,,"Pending at State Secretary due to EDS by MoEFCC, HQ for Compliance",1,,,,,,,,,,
state,17,Meghalaya,status,,Pending at DFO due to EDS by MS After PSC-II,1,,,,,,,,,,
state,17,Meghalaya,status,,Pending at Nodal Officer due to EDS by State Secretary,1,,,,,,,,,,
state,17,Meghalaya,status,,Pending on UA for Compensatory Levies Payment,1,,,,,,,,,,
state,17,Meghalaya,status,,Pending at PP due to EDS by Nodal Officer,1,,,,,,,,,,
state,17,Meghalaya,status,,Pending at Nodal Officer for Recommendation,1,,,,,,,,,,
state,17,Meghalaya,status,,Rejected in PSC-I,1,,,,,,,,,,
state,17,Meghalaya,status,,Pending at DFO/CF/Nodal Officer after acceptance in PSC-I,1,,,,,,,,,,
state,17,Meghalaya,applications_by_year,,2022,14,,,,,,,,,,
state,17,Meghalaya,applications_by_year,,2023,57,,,,,,,,,,
state,17,Meghalaya,applications_by_year,,2024,125,,,,,,,,,,
state,17,Meghalaya,applications_by_year,,2025,73,,,,,,,,,,
state,17,Meghalaya,applications_by_year,,2026,64,,,,,,,,,,
state,17,Meghalaya,year_granted,,2022,8,,,,,,,,,,
state,17,Meghalaya,year_granted,,2023,36,,,,,,,,,,
state,17,Meghalaya,year_granted,,2024,80,,,,,,,,,,
state,17,Meghalaya,year_granted,,2025,40,,,,,,,,,,
state,17,Meghalaya,year_granted,,2026,20,,,,,,,,,,
state,17,Meghalaya,year_tor,,2022,3,,,,,,,,,,
state,17,Meghalaya,year_tor,,2023,11,,,,,,,,,,
state,17,Meghalaya,year_tor,,2024,26,,,,,,,,,,
state,17,Meghalaya,year_tor,,2025,10,,,,,,,,,,
state,17,Meghalaya,year_tor,,2026,8,,,,,,,,,,
state,17,Meghalaya,year_pending,,2022,3,,,,,,,,,,
state,17,Meghalaya,year_pending,,2023,8,,,,,,,,,,
state,17,Meghalaya,year_pending,,2024,15,,,,,,,,,,
state,17,Meghalaya,year_pending,,2025,18,,,,,,,,,,
state,17,Meghalaya,year_pending,,2026,31,,,,,,,,,,
state,17,Meghalaya,year_rejected,,2025,1,,,,,,,,,,
state,17,Meghalaya,year_withdrawn,,2023,2,,,,,,,,,,
state,17,Meghalaya,year_withdrawn,,2024,4,,,,,,,,,,
state,17,Meghalaya,year_withdrawn,,2025,4,,,,,,,,,,
state,17,Meghalaya,year_withdrawn,,2026,5,,,,,,,,,,
state,17,Meghalaya,year_pc_A,,2023,2,,,,,,,,,,
state,17,Meghalaya,year_pc_A,,2024,4,,,,,,,,,,
state,17,Meghalaya,year_pc_A,,2025,2,,,,,,,,,,
state,17,Meghalaya,year_pc_A,,2026,3,,,,,,,,,,
state,17,Meghalaya,year_pc_B1,,2022,3,,,,,,,,,,
state,17,Meghalaya,year_pc_B1,,2023,18,,,,,,,,,,
state,17,Meghalaya,year_pc_B1,,2024,57,,,,,,,,,,
state,17,Meghalaya,year_pc_B1,,2025,28,,,,,,,,,,
state,17,Meghalaya,year_pc_B1,,2026,28,,,,,,,,,,
state,17,Meghalaya,year_pc_B2,,2022,7,,,,,,,,,,
state,17,Meghalaya,year_pc_B2,,2023,25,,,,,,,,,,
state,17,Meghalaya,year_pc_B2,,2024,44,,,,,,,,,,
state,17,Meghalaya,year_pc_B2,,2025,22,,,,,,,,,,
state,17,Meghalaya,year_pc_B2,,2026,10,,,,,,,,,,
state,17,Meghalaya,year_pc_OTHER,,2022,4,,,,,,,,,,
state,17,Meghalaya,year_pc_OTHER,,2023,12,,,,,,,,,,
state,17,Meghalaya,year_pc_OTHER,,2024,20,,,,,,,,,,
state,17,Meghalaya,year_pc_OTHER,,2025,21,,,,,,,,,,
state,17,Meghalaya,year_pc_OTHER,,2026,23,,,,,,,,,,
state,17,Meghalaya,cube,,2022|granted|B2|ec,7,,,,,,,,,,
state,17,Meghalaya,cube,,2022|granted|OTHER|forest,1,,,,,,,,,,
state,17,Meghalaya,cube,,2022|pending|OTHER|forest,2,,,,,,,,,,
state,17,Meghalaya,cube,,2022|pending|OTHER|wildlife,1,,,,,,,,,,
state,17,Meghalaya,cube,,2022|tor|B1|ec,3,,,,,,,,,,
state,17,Meghalaya,cube,,2023|granted|A|ec,1,,,,,,,,,,
state,17,Meghalaya,cube,,2023|granted|B1|ec,6,,,,,,,,,,
state,17,Meghalaya,cube,,2023|granted|B1|other,1,,,,,,,,,,
state,17,Meghalaya,cube,,2023|granted|B2|ec,21,,,,,,,,,,
state,17,Meghalaya,cube,,2023|granted|OTHER|forest,7,,,,,,,,,,
state,17,Meghalaya,cube,,2023|pending|B2|ec,3,,,,,,,,,,
state,17,Meghalaya,cube,,2023|pending|OTHER|forest,3,,,,,,,,,,
state,17,Meghalaya,cube,,2023|pending|OTHER|other,2,,,,,,,,,,
state,17,Meghalaya,cube,,2023|tor|B1|ec,11,,,,,,,,,,
state,17,Meghalaya,cube,,2023|withdrawn|A|ec,1,,,,,,,,,,
state,17,Meghalaya,cube,,2023|withdrawn|B2|ec,1,,,,,,,,,,
state,17,Meghalaya,cube,,2024|granted|A|ec,1,,,,,,,,,,
state,17,Meghalaya,cube,,2024|granted|B1|ec,24,,,,,,,,,,
state,17,Meghalaya,cube,,2024|granted|B1|other,2,,,,,,,,,,
state,17,Meghalaya,cube,,2024|granted|B2|ec,38,,,,,,,,,,
state,17,Meghalaya,cube,,2024|granted|OTHER|forest,9,,,,,,,,,,
state,17,Meghalaya,cube,,2024|granted|OTHER|other,6,,,,,,,,,,
state,17,Meghalaya,cube,,2024|pending|B1|ec,6,,,,,,,,,,
state,17,Meghalaya,cube,,2024|pending|B2|ec,4,,,,,,,,,,
state,17,Meghalaya,cube,,2024|pending|OTHER|forest,5,,,,,,,,,,
state,17,Meghalaya,cube,,2024|tor|A|ec,2,,,,,,,,,,
state,17,Meghalaya,cube,,2024|tor|B1|ec,23,,,,,,,,,,
state,17,Meghalaya,cube,,2024|tor|B1|other,1,,,,,,,,,,
state,17,Meghalaya,cube,,2024|withdrawn|A|ec,1,,,,,,,,,,
state,17,Meghalaya,cube,,2024|withdrawn|B1|ec,1,,,,,,,,,,
state,17,Meghalaya,cube,,2024|withdrawn|B2|ec,2,,,,,,,,,,
state,17,Meghalaya,cube,,2025|granted|A|other,1,,,,,,,,,,
state,17,Meghalaya,cube,,2025|granted|B1|ec,8,,,,,,,,,,
state,17,Meghalaya,cube,,2025|granted|B1|other,3,,,,,,,,,,
state,17,Meghalaya,cube,,2025|granted|B2|ec,20,,,,,,,,,,
state,17,Meghalaya,cube,,2025|granted|B2|other,2,,,,,,,,,,
state,17,Meghalaya,cube,,2025|granted|OTHER|forest,1,,,,,,,,,,
state,17,Meghalaya,cube,,2025|granted|OTHER|other,5,,,,,,,,,,
state,17,Meghalaya,cube,,2025|pending|B1|ec,4,,,,,,,,,,
state,17,Meghalaya,cube,,2025|pending|OTHER|forest,12,,,,,,,,,,
state,17,Meghalaya,cube,,2025|pending|OTHER|wildlife,2,,,,,,,,,,
state,17,Meghalaya,cube,,2025|rejected|OTHER|forest,1,,,,,,,,,,
state,17,Meghalaya,cube,,2025|tor|A|ec,1,,,,,,,,,,
state,17,Meghalaya,cube,,2025|tor|B1|ec,9,,,,,,,,,,
state,17,Meghalaya,cube,,2025|withdrawn|B1|ec,1,,,,,,,,,,
state,17,Meghalaya,cube,,2025|withdrawn|B1|other,3,,,,,,,,,,
state,17,Meghalaya,cube,,2026|granted|A|ec,2,,,,,,,,,,
state,17,Meghalaya,cube,,2026|granted|B1|ec,8,,,,,,,,,,
state,17,Meghalaya,cube,,2026|granted|B2|ec,2,,,,,,,,,,
state,17,Meghalaya,cube,,2026|granted|OTHER|other,8,,,,,,,,,,
state,17,Meghalaya,cube,,2026|pending|B1|ec,10,,,,,,,,,,
state,17,Meghalaya,cube,,2026|pending|B2|ec,8,,,,,,,,,,
state,17,Meghalaya,cube,,2026|pending|OTHER|forest,9,,,,,,,,,,
state,17,Meghalaya,cube,,2026|pending|OTHER|other,2,,,,,,,,,,
state,17,Meghalaya,cube,,2026|pending|OTHER|wildlife,2,,,,,,,,,,
state,17,Meghalaya,cube,,2026|tor|B1|ec,8,,,,,,,,,,
state,17,Meghalaya,cube,,2026|withdrawn|A|ec,1,,,,,,,,,,
state,17,Meghalaya,cube,,2026|withdrawn|B1|ec,1,,,,,,,,,,
state,17,Meghalaya,cube,,2026|withdrawn|B1|other,1,,,,,,,,,,
state,17,Meghalaya,cube,,2026|withdrawn|OTHER|other,2,,,,,,,,,,
state,17,Meghalaya,run,,run_status,ok,,,,,,,,,,
state,17,Meghalaya,run,,run_date,2026-10-10T05:52:28Z,,,,,,,,,,
state,17,Meghalaya,run,,run_url,https://github.com/publicmap/parivesh-dashboard/actions/runs/38027443840,,,,,,,,,,
state,17,Meghalaya,top_recent_ec,1,,,SIA/ML/CMIN/577471/2026,Tarajak Coal Block I,namewan dkhar,West Khasi Hills,EC Granted,2026-04-30T07:05:27.157+00:00,2026-09-24T12:43:55.364+00:00,2119.0,102.0,https://parivesh.nic.in/newupgrade/#/report/ec?proposalId=1226006642
state,17,Meghalaya,top_recent_ec,2,,,SIA/ML/CMIN/577219/2026,Saryngkham Coal Block B,DAPMAIN SHYLLA,East Jaintia Hills,EC Granted,2026-04-28T07:36:54.959+00:00,2026-09-24T12:39:24.131+00:00,2194.0,129.0,https://parivesh.nic.in/newupgrade/#/report/ec?proposalId=1225772128
state,17,Meghalaya,top_recent_ec,3,,,SIA/ML/MIN/578034/2026,M/S RNA BRICKS,MS RNA BRICKS,South West Garo Hills,EC Granted,2026-05-05T15:59:58.014+00:00,2026-09-24T12:34:09.580+00:00,7.25,1.979,https://parivesh.nic.in/newupgrade/#/report/ec?proposalId=1226612770
state,17,Meghalaya,top_recent_ec,4,,,SIA/ML/MIN/578030/2026,MS KDS BRICKS INDUSTRY,MS KDS BRICKS,South West Garo Hills,EC Granted,2026-05-05T14:33:35.339+00:00,2026-09-24T12:29:44.946+00:00,5.27,0.503,https://parivesh.nic.in/newupgrade/#/report/ec?proposalId=1226608541
state,17,Meghalaya,top_recent_ec,5,,,SIA/ML/MIN/577956/2026,Brick Earth Mine,KARTUSH R. MARAK,South Garo Hills,EC Granted,2026-05-05T07:51:03.116+00:00,2026-09-22T08:34:15.001+00:00,5.7,0.7,https://parivesh.nic.in/newupgrade/#/report/ec?proposalId=1226537396
state,17,Meghalaya,top_recent_ec,6,,,SIA/ML/MIN/578199/2026,RDS BRICKS,RDS BRICKS,South West Garo Hills,EC Granted,2026-05-07T07:35:35.321+00:00,2026-09-22T08:32:03.745+00:00,5.21,0.625,https://parivesh.nic.in/newupgrade/#/report/ec?proposalId=1226816173
state,17,Meghalaya,top_recent_ec,7,,,SIA/ML/MIN/578550/2026,"Proposed Moiong Thlushininang Limestone Mine (ML Area – 26.50 ha) with Limestone Production Capacity 1.007 Million TPA at Village Chiehriphi, Taluka – Khliehriat, District- East Jaintia Hills, Meghalaya by M/s. Meghalaya Cements Ltd..",MEGHALAYA CEMENTS LIMITED,East Jaintia Hills,EC Granted,2026-05-11T05:21:11.782+00:00,2026-09-22T08:30:14.782+00:00,1500.0,26.5,https://parivesh.nic.in/newupgrade/#/report/ec?proposalId=1227179065
state,17,Meghalaya,top_recent_ec,8,,,SIA/ML/MIN/585958/2026,Rochnopara Stone Mine,SMT BOTHME CH MARAK,West Garo Hills,EC Granted,2026-07-19T14:26:05.309+00:00,2026-09-22T08:28:19.355+00:00,8.0,2.1,https://parivesh.nic.in/newupgrade/#/report/ec?proposalId=1235708368
state,17,Meghalaya,top_recent_ec,9,,,SIA/ML/MIN/589609/2026,RBI BRICKS,M/S RBI BRICKS,South West Garo Hills,EC Granted,2026-08-20T06:31:21.940+00:00,2026-09-22T08:26:16.400+00:00,8.0,2.0,https://parivesh.nic.in/newupgrade/#/report/ec?proposalId=1238868505
state,17,Meghalaya,top_recent_ec,10,,,IA/ML/MIN/579338/2026,"Proposed expansion under para 7(ii)a of EIA notification 2006 in production capacity of Limestone Mine from 5.0 MTPA to 6.0 MTPA from, ""Nongtrai Limestone Mine"" (ML area-100 ha) including installation of 1000 TPH capacity of crusher of M/s Lafarge Umiam Mining Private Limited",LAFARGE UMIAM MINING PVT.LTD.,East Khasi Hills,EC Granted,2026-05-18T06:48:30.329+00:00,2026-09-18T04:28:47.895+00:00,27216.31,100.0,https://parivesh.nic.in/newupgrade/#/report/ec?proposalId=1228067545
state,17,Meghalaya,top_cost,1,,,FP/ML/ROAD/573014/2026,"Diversion of 9.31 Ha Protected, 12 Ha KHADC Forest and 204.3144 Ha Deemed Forest Land for Development, Maintenance, Management and Operation of Greenfield High-Speed Corridor from Mawlyngkhung (near Shillong) in Meghalaya to Panchgram (near Silchar) in Assam by 4-Laning with Paved Shoulders on Hybrid Annuity Basis. (Package-1: From Km 0 000 to Km 45 645, Design Length – 45.645 Km)",NATIONAL HIGHWAYS & INFRASTRUCTURE DEVELOPMENT CORPORATION LIMITED,East Khasi Hills,Pending at DFO/CF after acceptance in PSC-I,2026-03-19T13:42:55.057+00:00,,183010.0,451.5618,https://parivesh.nic.in/newupgrade/#/report/ec?proposalId=1222179926
state,17,Meghalaya,top_cost,2,,,SIA/ML/RIV/476515/2024,Simsang Dam Project,BRAHMAPUTRA BOARD SHILLONG,South Garo Hills,ToR Granted,2024-05-28T05:28:38.761+00:00,2024-08-12T09:36:31.915+00:00,97180.0,368.56,https://parivesh.nic.in/newupgrade/#/report/ec?proposalId=71626077
state,17,Meghalaya,top_cost,3,,,FP/ML/ROAD/415835/2023,Improvement and Widening of National Highway No. 127B (Darugiri - Songsak - Williamnagar Junction Section) to two lane with paved shoulder from design Km 0+000 to Km 36+638 (= 36.638 Km) (existing Km 112+000 to Km 151+060) under Bharatmala Pariyojana (Lot-1) Pkg-1B on EPC mode in the state of Meghalaya.,NATIONAL HIGHWAYS & INFRASTRUCTURE DEVELOPMENT CORPORATION LTD.,East Garo Hills,Pending at UA due to EDS by MS after PSC-I,2023-01-25T07:36:32.934+00:00,,80107.0,71.8,https://parivesh.nic.in/newupgrade/#/report/ec?proposalId=2712678
state,17,Meghalaya,top_cost,4,,,FP/ML/ROAD/442040/2023,Improvement and Widening of National Highway No. 127B (Darugiri - Songsak - Williamnagar Junction Section) to two lanes with paved shoulder from design Km 0+000 to Km 36+635 (= 36.635 Km) (existing Km 112+000 to Km 151+060) under Bharatmala Pariyojana (Lot-1) Pkg-1B on EPC mode in the state of Meghalaya.,NATIONAL HIGHWAYS & INFRASTRUCTURE DEVELOPMENT CORPORATION LTD.,East Garo Hills,"Pending at State Secretary due to EDS by MoEFCC, HQ for Compliance",2023-08-27T09:48:36.567+00:00,,80107.0,62.2954,https://parivesh.nic.in/newupgrade/#/report/ec?proposalId=8754093
state,17,Meghalaya,top_cost,5,,,FP/ML/ROAD/462618/2024,Diversion of 53.7825 Ha. of (35.1147 Ha. Reserved Forest Land & 18.6677 Ha. Deemed Forest) Land for Improvement and Widening of National Highway No. 217 (Dainadubi - Darugiri Section) to two lane with paved shoulder from design Km 0+000 to Km 40+840 (= 40.840 Km) (existing Km 8+600 to Km 53+000 of Old NH-62) under Bharatmala Pariyojana (Lot-1) Pkg-1B on EPC mode in the state of Meghalaya.,NATIONAL HIGHWAYS & INFRASTRUCTURE DEVELOPMENT CORPORATION LTD.,East Garo Hills,Final Diversion Order Issued,2024-02-12T19:36:33.615+00:00,,72620.0,76.8,https://parivesh.nic.in/newupgrade/#/report/ec?proposalId=46118262
state,17,Meghalaya,top_cost,6,,,IA/ML/IND1/456310/2023,"Proposed expansion in clinker production capacity of existing kiln from 0.561 MTPA to 0.792 MTPA in existing cement plant of M/s Goldstone Cements Ltd. at Village Musiang Lamare (Old), P.O. Chiehruphi, District East Jaintia Hills, Meghalaya under Para 7(ii)(b) of EIA Notification 2006 as amended to seek exemption from the requirement of Prior Environmental Clearance due to no increase in pollution load",GOLDSTONE CEMENTS LIMITED,East Jaintia Hills,,2023-12-21T11:20:29.393+00:00,,70324.0,51.41,https://parivesh.nic.in/newupgrade/#/report/ec?proposalId=32869092
state,17,Meghalaya,top_cost,7,,,IA/ML/IND1/443926/2023,Enhancement in Cement Clinker Capacity from 1.75 MTPA to 2.25 MTPA of Clinker Manufacturing Unit without an increase in pollution load (as per MoEF&CC notification S.O. 980 (E) dated 02.03.2021),STAR CEMENT MEGHALAYA LIMITED,East Jaintia Hills,,2023-09-11T10:52:24.315+00:00,,70081.0,75.0,https://parivesh.nic.in/newupgrade/#/report/ec?proposalId=9190048
state,17,Meghalaya,top_cost,8,,,FP/ML/ROAD/411354/2022,Improvement and Widening of National Highway No. 217 (Dainadubi - Darugiri Section) to two lane with paved shoulder from design Km 0+000 to Km 40+840 (= 40.840 Km) (existing Km 8+600 to Km 53+000 of Old NH-62) under Bharatmala Pariyojana (Lot-1) Pkg-1B on EPC mode in the state of Meghalaya.,NATIONAL HIGHWAYS & INFRASTRUCTURE DEVELOPMENT CORPORATION LTD.,North Garo Hills,Pending at UA due to EDS by MS after PSC-I,2022-12-19T13:44:15.346+00:00,,61558.0,164.53,https://parivesh.nic.in/newupgrade/#/report/ec?proposalId=2100758
state,17,Meghalaya,top_cost,9,,,SIA/ML/INFRA2/540446/2025,"Expansion of Barapani (Shillong) Airport Including Runway Extension, Expansion Of Terminal Building & Apron And Other Allied Works",AIRPORTS AUTHORITY OF INDIA SHILLONG,Ribhoi,ToR Granted,2025-06-05T11:43:25.947+00:00,2025-08-01T08:19:37.243+00:00,48867.0,168.414,https://parivesh.nic.in/newupgrade/#/report/ec?proposalId=129302768
state,17,Meghalaya,top_cost,10,,,SIA/ML/INFRA2/570041/2026,"Expansion of Barapani (Shillong) Airport Including Runway Extension, Expansion Of Terminal Building & Apron And Other Allied Works",AIRPORTS AUTHORITY OF INDIA SHILLONG,Ribhoi,EC Granted,2026-02-22T07:40:55.575+00:00,2026-03-29T05:23:46.030+00:00,48867.0,168.414,https://parivesh.nic.in/newupgrade/#/report/ec?proposalId=1219999613
state,17,Meghalaya,top_land,1,,,FP/ML/SRY/574386/2026,2D and 3D Seismic data acquisition  of AS-ONHP-2022/2 project in East khasi hill district,OIL AND NATURAL GAS CORPORATION LIMITED,East Khasi Hills,Pending at DFO for Compensatory Levies,2026-04-02T06:51:58.118+00:00,,5000.0,45300.0,https://parivesh.nic.in/newupgrade/#/report/ec?proposalId=1223183475
state,17,Meghalaya,top_land,2,,,FP/ML/ROAD/573014/2026,"Diversion of 9.31 Ha Protected, 12 Ha KHADC Forest and 204.3144 Ha Deemed Forest Land for Development, Maintenance, Management and Operation of Greenfield High-Speed Corridor from Mawlyngkhung (near Shillong) in Meghalaya to Panchgram (near Silchar) in Assam by 4-Laning with Paved Shoulders on Hybrid Annuity Basis. (Package-1: From Km 0 000 to Km 45 645, Design Length – 45.645 Km)",NATIONAL HIGHWAYS & INFRASTRUCTURE DEVELOPMENT CORPORATION LIMITED,East Khasi Hills,Pending at DFO/CF after acceptance in PSC-I,2026-03-19T13:42:55.057+00:00,,183010.0,451.5618,https://parivesh.nic.in/newupgrade/#/report/ec?proposalId=1222179926
state,17,Meghalaya,top_land,3,,,WL/ML/ROAD/583670/2026,"Development, Maintenance, Management and Operation of Greenfield High-Speed Corridor from Mawlyngkhung (near Shillong) in Meghalaya to Panchgram (near Silchar) in Assam by 4-Laning with Paved Shoulders on Hybrid Annuity Basis (Package-III; From Km 78.600 to Km 133.320, Design Length– 54.720 Km for Wildlife Clearance) in Meghalaya.",NATIONAL HIGHWAYS & INFRASTRUCTURE DEVELOPMENT CORPORATION LIMITED,East Jaintia Hills,,2026-06-29T11:38:06.471+00:00,,13716.2,419.7981,https://parivesh.nic.in/newupgrade/#/report/ec?proposalId=1233636274
state,17,Meghalaya,top_land,4,,,FP/ML/ROAD/588551/2026,"Development, Maintenance, Management and Operation of Greenfield High-Speed Corridor from Mawlyngkhung (near Shillong) in Meghalaya to Panchgram (near Silchar) in Assam by 4-Laning with Paved Shoulders on Hybrid Annuity Basis (Package-III; From Km 78.600 to Km 133.320, Design Length– 54.720 Km for Forest Clearance) in Meghalaya.",NATIONAL HIGHWAYS & INFRASTRUCTURE DEVELOPMENT CORPORATION LIMITED,East Jaintia Hills,Pending at UA due to EDS by MS after PSC-I,2026-08-10T09:47:33.402+00:00,,38842459910.0,419.7973,https://parivesh.nic.in/newupgrade/#/report/ec?proposalId=1237998334
state,17,Meghalaya,top_land,5,,,WL/ML/ROAD/549553/2025,Feasibility Study and Preparation of Detailed Project Report for upgradation of existing road to two Lanes with paved shoulder from Darugree (Ex. Km 53+601) to Dalu (Ex. Km 203+133) section of NH 62 in Meghalaya (New NH 217) (149.53 km in length),Public Works Department,West Garo Hills,,2025-08-28T09:13:38.812+00:00,,2830.0,402.22,https://parivesh.nic.in/newupgrade/#/report/ec?proposalId=135109461
state,17,Meghalaya,top_land,6,,,SIA/ML/RIV/476515/2024,Simsang Dam Project,BRAHMAPUTRA BOARD SHILLONG,South Garo Hills,ToR Granted,2024-05-28T05:28:38.761+00:00,2024-08-12T09:36:31.915+00:00,97180.0,368.56,https://parivesh.nic.in/newupgrade/#/report/ec?proposalId=71626077
state,17,Meghalaya,top_land,7,,,FP/ML/ROAD/569131/2026,"Diversion of 57.71 Ha Deemed Forest Including 3.4577 Ha of JHADC Working Scheme Forest Land for Development, Maintenance, Management and Operation of Greenfield High-Speed Corridor from Mawlyngkhung (near Shillong) in Meghalaya to Panchgram (near Silchar) in Assam by 4-Laning with Paved Shoulders on Hybrid Annuity Basis. (Package-2: From Km 45 645 to Km 78 600, Design Length – 32.955 Km)",NATIONAL HIGHWAYS & INFRASTRUCTURE DEVELOPMENT CORPORATION LIMITED,East Khasi Hills,Pending at DFO/CF after acceptance in PSC-I,2026-02-14T07:29:15.493+00:00,,47353.49879,241.9851,https://parivesh.nic.in/newupgrade/#/report/ec?proposalId=1219340080
state,17,Meghalaya,top_land,8,,,SIA/ML/MIN/523983/2025,"Sutnga Limestone mine (ML area 230 ha) at Village Sutnga, Tehsil Khliehriat, District East Jaintia Hills, Meghalaya.",COSMOS CEMENTS LIMITED,East Jaintia Hills,EC Granted,2025-02-13T10:25:49.853+00:00,2025-07-25T11:34:55.835+00:00,900.0,230.0,https://parivesh.nic.in/newupgrade/#/report/ec?proposalId=120000917
state,17,Meghalaya,top_land,9,,,SIA/ML/MIN/571136/2026,"Lum Syrman Limestone Block- A (ML Area: 217.394 ha.) with Limestone Production Capacity: 6.0 Million TPA, Shale Production: 1.25 Million TPA, Top Soil: 0.025 Million TPA, OB Soil (Waste): 0.0565 Million TPA (Total Material Handling: 7.33 Million TPA) along with installation of Primary Crusher: 1200 TPH (along with Wobbler & Screening) and Secondary Crusher: 400 TPH At Village: Lum Syrman, Elaka: Nongkhlieh, Block: Saipung C&RD, District: East Jaintia Hills, Meghalaya",Shree Cement Limited,East Jaintia Hills,ToR Granted,2026-03-03T07:46:47.666+00:00,2026-03-29T05:01:46.102+00:00,73.98,217.394,https://parivesh.nic.in/newupgrade/#/report/ec?proposalId=1220722752
state,17,Meghalaya,top_land,10,,,SIA/ML/MIN/589621/2026,"Lum Syrman Limestone Block- A (ML Area: 217.394 ha.) with Limestone Production Capacity: 6.0 Million TPA, Shale Production: 1.25 Million TPA, Top Soil: 0.025 Million TPA, OB Soil (Waste): 0.0565 Million TPA (Total Material Handling: 7.33 Million TPA) along with installation of Primary Crusher: 1200 TPH (along with Wobbler & Screening) and Secondary Crusher: 400 TPH At Village: Lum Syrman, Elaka: Nongkhlieh, Block: Saipung C&RD, District: East Jaintia Hills, Meghalaya",Shree Cement Limited,East Jaintia Hills,Pending at MS SEIAA,2026-08-20T07:09:04.589+00:00,,73.98,217.394,https://parivesh.nic.in/newupgrade/#/report/ec?proposalId=1238875080
state,18,Assam,stat,,projects,2135,,,,,,,,,,
state,18,Assam,stat,,active_projects,1677,,,,,,,,,,
state,18,Assam,stat,,applications,1677,,,,,,,,,,
state,18,Assam,stat,,ec_granted,1120,,,,,,,,,,
state,18,Assam,stat,,ec_tor,95,,,,,,,,,,
state,18,Assam,stat,,ec_pending,374,,,,,,,,,,
state,18,Assam,stat,,ec_rejected,41,,,,,,,,,,
state,18,Assam,stat,,ec_withdrawn,47,,,,,,,,,,
state,18,Assam,stat,,pc_A,53,,,,,,,,,,
state,18,Assam,stat,,pc_B1,136,,,,,,,,,,
state,18,Assam,stat,,pc_B2,1126,,,,,,,,,,
state,18,Assam,stat,,pc_OTHER,362,,,,,,,,,,
state,18,Assam,stat,,ty_ec,1236,,,,,,,,,,
state,18,Assam,stat,,ty_forest,138,,,,,,,,,,
state,18,Assam,stat,,ty_wildlife,95,,,,,,,,,,
state,18,Assam,stat,,ty_crz,0,,,,,,,,,,
state,18,Assam,stat,,ty_other,208,,,,,,,,,,
state,18,Assam,stat,,delisted_or_removed,458,,,,,,,,,,
state,18,Assam,stat,,total_cost_lakhs,18741777.81,,,,,,,,,,
state,18,Assam,stat,,cost_outliers_excluded,1,,,,,,,,,,
state,18,Assam,stat,,total_land_ha,1137522.4282,,,,,,,,,,
state,18,Assam,stat,,latest_application,2026-10-09T06:49:58.382+00:00,,,,,,,,,,
state,18,Assam,stat,,latest_grant,2026-09-25T08:37:16.520+00:00,,,,,,,,,,
state,18,Assam,stat,,changes_added,1,,,,,,,,,,
state,18,Assam,stat,,changes_removed,0,,,,,,,,,,
state,18,Assam,stat,,changes_updated,138,,,,,,,,,,
state,18,Assam,stat,,changes_status,0,,,,,,,,,,
state,18,Assam,stat,,compared_with,2026-10-09T20:19:01Z,,,,,,,,,,
state,18,Assam,stat,,changes_added_active,1,,,,,,,,,,
state,18,Assam,stat,,changes_removed_active,0,,,,,,,,,,
state,18,Assam,stat,,changes_updated_active,117,,,,,,,,,,
state,18,Assam,stat,,changes_status_active,0,,,,,,,,,,
state,18,Assam,stat,,window_added_active,52,,,,,,,,,,
state,18,Assam,stat,,window_updated_active,104,,,,,,,,,,
state,18,Assam,stat,,window_added,52,,,,,,,,,,
state,18,Assam,stat,,window_updated,125,,,,,,,,,,
state,18,Assam,stat,,window_since,2026-10-01T03:52:08Z,,,,,,,,,,
state,18,Assam,status,,EC Granted,1096,,,,,,,,,,
state,18,Assam,status,,DELISTED_BY_SYSTEM,404,,,,,,,,,,
state,18,Assam,status,,(none),105,,,,,,,,,,
state,18,Assam,status,,REMOVED,54,,,,,,,,,,
state,18,Assam,status,,Under Verification,49,,,,,,,,,,
state,18,Assam,status,,EC Rejected,39,,,,,,,,,,
state,18,Assam,status,,EDS raised,36,,,,,,,,,,
state,18,Assam,status,,Standard ToR Granted,32,,,,,,,,,,
state,18,Assam,status,,ToR Granted,27,,,,,,,,,,
state,18,Assam,status,,TOR GRANTED,22,,,,,,,,,,
state,18,Assam,status,,ADS Raised,22,,,,,,,,,,
state,18,Assam,status,,Referred to SEIAA,22,,,,,,,,,,
state,18,Assam,status,,Final Diversion Order Issued,17,,,,,,,,,,
state,18,Assam,status,,Withdrawal Request Accepted,16,,,,,,,,,,
state,18,Assam,status,,TOR Granted,14,,,,,,,,,,
state,18,Assam,status,,Proposal pulled back (withdrawn),13,,,,,,,,,,
state,18,Assam,status,,Under Examination,12,,,,,,,,,,
state,18,Assam,status,,Pending at PP due to EDS by DFO,11,,,,,,,,,,
state,18,Assam,status,,Proposal returned in present form,11,,,,,,,,,,
state,18,Assam,status,,Pending at UA due to EDS by DFO,9,,,,,,,,,,
state,18,Assam,status,,Pending at DFO due to EDS by Nodal Officer,9,,,,,,,,,,
state,18,Assam,status,,Pending at DFO for Scrutiny and Recommendation,9,,,,,,,,,,
state,18,Assam,status,,Pending at UA for Compensatory Levies Payment and Compliance Report,7,,,,,,,,,,
state,18,Assam,status,,Proposal Withdrawal Request Accepted,7,,,,,,,,,,
state,18,Assam,status,,Pending on UA for Levies Payment,6,,,,,,,,,,
state,18,Assam,status,,Pending on UA for Compensatory Levies Payment,6,,,,,,,,,,
state,18,Assam,status,,Pending at Nodal Officer for Recommendation,6,,,,,,,,,,
state,18,Assam,status,,Pending at DFO For Compliance Review,5,,,,,,,,,,
state,18,Assam,status,,Pending at State Secretary for Recommendation,5,,,,,,,,,,
state,18,Assam,status,,Pending at MS SEIAA,5,,,,,,,,,,
state,18,Assam,status,,Pending at UA for Compliance Report,4,,,,,,,,,,
state,18,Assam,status,,Pending at PP due to EDS by Nodal Officer,4,,,,,,,,,,
state,18,Assam,status,,Pending at DFO for Compensatory Levies,4,,,,,,,,,,
state,18,Assam,status,,Pending at Nodal Officer due to EDS by State Secretary,4,,,,,,,,,,
state,18,Assam,status,,Granted,3,,,,,,,,,,
state,18,Assam,status,,Pending at UA due to EDS by MS after PSC-I,3,,,,,,,,,,
state,18,Assam,status,,Pending at DFO/CF after acceptance in PSC-I,3,,,,,,,,,,
state,18,Assam,status,,"Pending at State Secretary due to EDS by MoEFCC, HQ",2,,,,,,,,,,
state,18,Assam,status,,Pending at UA due to EDS by MS after PSC-II,2,,,,,,,,,,
state,18,Assam,status,,Pending at DIGF RO for Stage-II Letter,2,,,,,,,,,,
state,18,Assam,status,,Pending at State Secretary due to EDS by RO,2,,,,,,,,,,
state,18,Assam,status,,Stage-II Accorded,2,,,,,,,,,,
state,18,Assam,status,,Approval Granted,2,,,,,,,,,,
state,18,Assam,status,,Referred to SEAC,2,,,,,,,,,,
state,18,Assam,status,,"Pending at Technical Officer - MoEFCC, HQ",2,,,,,,,,,,
state,18,Assam,status,,Rejected in PSC-I,2,,,,,,,,,,
state,18,Assam,status,,"Pending at AIGF - MoEFCC, HQ",2,,,,,,,,,,
state,18,Assam,status,,EDS Raised,2,,,,,,,,,,
state,18,Assam,status,,Under Verification with SCEIA,2,,,,,,,,,,
state,18,Assam,status,,Pending at UA due to EDS by Nodal Officer,1,,,,,,,,,,
state,18,Assam,status,,Forwarded to DD,1,,,,,,,,,,
state,18,Assam,status,,Pending at State Secretary for Compliance Review,1,,,,,,,,,,
state,18,Assam,status,,Pending at DIGF - RO,1,,,,,,,,,,
state,18,Assam,status,,Pending at REC,1,,,,,,,,,,
state,18,Assam,status,,Pending at DFO/CF/Nodal Officer after acceptance in PSC-I,1,,,,,,,,,,
state,18,Assam,status,,"Pending at IGF - MoEFCC, HQ",1,,,,,,,,,,
state,18,Assam,status,,Pending at State Secretary for Recommendation after PSC-II,1,,,,,,,,,,
state,18,Assam,status,,Pending at MS for Recommendation in PSC-II,1,,,,,,,,,,
state,18,Assam,status,,Proposal Accepted and Referred to SEAC,1,,,,,,,,,,
state,18,Assam,applications_by_year,,2022,156,,,,,,,,,,
state,18,Assam,applications_by_year,,2023,421,,,,,,,,,,
state,18,Assam,applications_by_year,,2024,349,,,,,,,,,,
state,18,Assam,applications_by_year,,2025,456,,,,,,,,,,
state,18,Assam,applications_by_year,,2026,295,,,,,,,,,,
state,18,Assam,year_granted,,2022,143,,,,,,,,,,
state,18,Assam,year_granted,,2023,268,,,,,,,,,,
state,18,Assam,year_granted,,2024,267,,,,,,,,,,
state,18,Assam,year_granted,,2025,326,,,,,,,,,,
state,18,Assam,year_granted,,2026,116,,,,,,,,,,
state,18,Assam,year_tor,,2022,8,,,,,,,,,,
state,18,Assam,year_tor,,2023,31,,,,,,,,,,
state,18,Assam,year_tor,,2024,12,,,,,,,,,,
state,18,Assam,year_tor,,2025,22,,,,,,,,,,
state,18,Assam,year_tor,,2026,22,,,,,,,,,,
state,18,Assam,year_pending,,2022,5,,,,,,,,,,
state,18,Assam,year_pending,,2023,107,,,,,,,,,,
state,18,Assam,year_pending,,2024,38,,,,,,,,,,
state,18,Assam,year_pending,,2025,75,,,,,,,,,,
state,18,Assam,year_pending,,2026,149,,,,,,,,,,
state,18,Assam,year_rejected,,2023,3,,,,,,,,,,
state,18,Assam,year_rejected,,2024,14,,,,,,,,,,
state,18,Assam,year_rejected,,2025,20,,,,,,,,,,
state,18,Assam,year_rejected,,2026,4,,,,,,,,,,
state,18,Assam,year_withdrawn,,2023,12,,,,,,,,,,
state,18,Assam,year_withdrawn,,2024,18,,,,,,,,,,
state,18,Assam,year_withdrawn,,2025,13,,,,,,,,,,
state,18,Assam,year_withdrawn,,2026,4,,,,,,,,,,
state,18,Assam,year_pc_A,,2022,1,,,,,,,,,,
state,18,Assam,year_pc_A,,2023,8,,,,,,,,,,
state,18,Assam,year_pc_A,,2024,8,,,,,,,,,,
state,18,Assam,year_pc_A,,2025,20,,,,,,,,,,
state,18,Assam,year_pc_A,,2026,16,,,,,,,,,,
state,18,Assam,year_pc_B1,,2022,11,,,,,,,,,,
state,18,Assam,year_pc_B1,,2023,50,,,,,,,,,,
state,18,Assam,year_pc_B1,,2024,21,,,,,,,,,,
state,18,Assam,year_pc_B1,,2025,25,,,,,,,,,,
state,18,Assam,year_pc_B1,,2026,29,,,,,,,,,,
state,18,Assam,year_pc_B2,,2022,138,,,,,,,,,,
state,18,Assam,year_pc_B2,,2023,280,,,,,,,,,,
state,18,Assam,year_pc_B2,,2024,253,,,,,,,,,,
state,18,Assam,year_pc_B2,,2025,290,,,,,,,,,,
state,18,Assam,year_pc_B2,,2026,165,,,,,,,,,,
state,18,Assam,year_pc_OTHER,,2022,6,,,,,,,,,,
state,18,Assam,year_pc_OTHER,,2023,83,,,,,,,,,,
state,18,Assam,year_pc_OTHER,,2024,67,,,,,,,,,,
state,18,Assam,year_pc_OTHER,,2025,121,,,,,,,,,,
state,18,Assam,year_pc_OTHER,,2026,85,,,,,,,,,,
state,18,Assam,cube,,2022|granted|B1|ec,4,,,,,,,,,,
state,18,Assam,cube,,2022|granted|B2|ec,138,,,,,,,,,,
state,18,Assam,cube,,2022|granted|OTHER|forest,1,,,,,,,,,,
state,18,Assam,cube,,2022|pending|OTHER|forest,4,,,,,,,,,,
state,18,Assam,cube,,2022|pending|OTHER|wildlife,1,,,,,,,,,,
state,18,Assam,cube,,2022|tor|A|ec,1,,,,,,,,,,
state,18,Assam,cube,,2022|tor|B1|ec,7,,,,,,,,,,
state,18,Assam,cube,,2023|granted|A|ec,4,,,,,,,,,,
state,18,Assam,cube,,2023|granted|A|other,1,,,,,,,,,,
state,18,Assam,cube,,2023|granted|B1|ec,14,,,,,,,,,,
state,18,Assam,cube,,2023|granted|B1|other,1,,,,,,,,,,
state,18,Assam,cube,,2023|granted|B2|ec,238,,,,,,,,,,
state,18,Assam,cube,,2023|granted|B2|other,2,,,,,,,,,,
state,18,Assam,cube,,2023|granted|OTHER|forest,7,,,,,,,,,,
state,18,Assam,cube,,2023|granted|OTHER|other,1,,,,,,,,,,
state,18,Assam,cube,,2023|pending|A|ec,1,,,,,,,,,,
state,18,Assam,cube,,2023|pending|B1|ec,3,,,,,,,,,,
state,18,Assam,cube,,2023|pending|B2|ec,29,,,,,,,,,,
state,18,Assam,cube,,2023|pending|OTHER|forest,34,,,,,,,,,,
state,18,Assam,cube,,2023|pending|OTHER|other,2,,,,,,,,,,
state,18,Assam,cube,,2023|pending|OTHER|wildlife,38,,,,,,,,,,
state,18,Assam,cube,,2023|rejected|B2|ec,2,,,,,,,,,,
state,18,Assam,cube,,2023|rejected|OTHER|other,1,,,,,,,,,,
state,18,Assam,cube,,2023|tor|B1|ec,30,,,,,,,,,,
state,18,Assam,cube,,2023|tor|B2|ec,1,,,,,,,,,,
state,18,Assam,cube,,2023|withdrawn|A|ec,2,,,,,,,,,,
state,18,Assam,cube,,2023|withdrawn|B1|ec,2,,,,,,,,,,
state,18,Assam,cube,,2023|withdrawn|B2|ec,8,,,,,,,,,,
state,18,Assam,cube,,2024|granted|A|ec,3,,,,,,,,,,
state,18,Assam,cube,,2024|granted|A|other,3,,,,,,,,,,
state,18,Assam,cube,,2024|granted|B1|ec,8,,,,,,,,,,
state,18,Assam,cube,,2024|granted|B1|other,2,,,,,,,,,,
state,18,Assam,cube,,2024|granted|B2|ec,215,,,,,,,,,,
state,18,Assam,cube,,2024|granted|B2|other,8,,,,,,,,,,
state,18,Assam,cube,,2024|granted|OTHER|forest,6,,,,,,,,,,
state,18,Assam,cube,,2024|granted|OTHER|other,22,,,,,,,,,,
state,18,Assam,cube,,2024|pending|B2|ec,4,,,,,,,,,,
state,18,Assam,cube,,2024|pending|OTHER|forest,14,,,,,,,,,,
state,18,Assam,cube,,2024|pending|OTHER|other,5,,,,,,,,,,
state,18,Assam,cube,,2024|pending|OTHER|wildlife,15,,,,,,,,,,
state,18,Assam,cube,,2024|rejected|B2|ec,8,,,,,,,,,,
state,18,Assam,cube,,2024|rejected|B2|other,2,,,,,,,,,,
state,18,Assam,cube,,2024|rejected|OTHER|other,4,,,,,,,,,,
state,18,Assam,cube,,2024|tor|A|ec,1,,,,,,,,,,
state,18,Assam,cube,,2024|tor|B1|ec,11,,,,,,,,,,
state,18,Assam,cube,,2024|withdrawn|A|ec,1,,,,,,,,,,
state,18,Assam,cube,,2024|withdrawn|B2|ec,14,,,,,,,,,,
state,18,Assam,cube,,2024|withdrawn|B2|other,2,,,,,,,,,,
state,18,Assam,cube,,2024|withdrawn|OTHER|other,1,,,,,,,,,,
state,18,Assam,cube,,2025|granted|A|ec,1,,,,,,,,,,
state,18,Assam,cube,,2025|granted|A|other,1,,,,,,,,,,
state,18,Assam,cube,,2025|granted|B1|ec,9,,,,,,,,,,
state,18,Assam,cube,,2025|granted|B1|other,4,,,,,,,,,,
state,18,Assam,cube,,2025|granted|B2|ec,226,,,,,,,,,,
state,18,Assam,cube,,2025|granted|B2|other,25,,,,,,,,,,
state,18,Assam,cube,,2025|granted|OTHER|forest,6,,,,,,,,,,
state,18,Assam,cube,,2025|granted|OTHER|other,54,,,,,,,,,,
state,18,Assam,cube,,2025|pending|B1|ec,1,,,,,,,,,,
state,18,Assam,cube,,2025|pending|B2|ec,19,,,,,,,,,,
state,18,Assam,cube,,2025|pending|B2|other,2,,,,,,,,,,
state,18,Assam,cube,,2025|pending|OTHER|forest,35,,,,,,,,,,
state,18,Assam,cube,,2025|pending|OTHER|other,2,,,,,,,,,,
state,18,Assam,cube,,2025|pending|OTHER|wildlife,16,,,,,,,,,,
state,18,Assam,cube,,2025|rejected|B1|ec,2,,,,,,,,,,
state,18,Assam,cube,,2025|rejected|B2|ec,10,,,,,,,,,,
state,18,Assam,cube,,2025|rejected|OTHER|forest,1,,,,,,,,,,
state,18,Assam,cube,,2025|rejected|OTHER|other,7,,,,,,,,,,
state,18,Assam,cube,,2025|tor|A|ec,8,,,,,,,,,,
state,18,Assam,cube,,2025|tor|A|other,5,,,,,,,,,,
state,18,Assam,cube,,2025|tor|B1|ec,9,,,,,,,,,,
state,18,Assam,cube,,2025|withdrawn|A|ec,4,,,,,,,,,,
state,18,Assam,cube,,2025|withdrawn|A|other,1,,,,,,,,,,
state,18,Assam,cube,,2025|withdrawn|B2|ec,6,,,,,,,,,,
state,18,Assam,cube,,2025|withdrawn|B2|other,2,,,,,,,,,,
state,18,Assam,cube,,2026|granted|A|ec,2,,,,,,,,,,
state,18,Assam,cube,,2026|granted|A|other,1,,,,,,,,,,
state,18,Assam,cube,,2026|granted|B1|ec,7,,,,,,,,,,
state,18,Assam,cube,,2026|granted|B1|other,2,,,,,,,,,,
state,18,Assam,cube,,2026|granted|B2|ec,78,,,,,,,,,,
state,18,Assam,cube,,2026|granted|B2|other,9,,,,,,,,,,
state,18,Assam,cube,,2026|granted|OTHER|forest,1,,,,,,,,,,
state,18,Assam,cube,,2026|granted|OTHER|other,16,,,,,,,,,,
state,18,Assam,cube,,2026|pending|A|ec,4,,,,,,,,,,
state,18,Assam,cube,,2026|pending|A|other,1,,,,,,,,,,
state,18,Assam,cube,,2026|pending|B1|ec,5,,,,,,,,,,
state,18,Assam,cube,,2026|pending|B2|ec,68,,,,,,,,,,
state,18,Assam,cube,,2026|pending|B2|other,5,,,,,,,,,,
state,18,Assam,cube,,2026|pending|OTHER|forest,28,,,,,,,,,,
state,18,Assam,cube,,2026|pending|OTHER|other,13,,,,,,,,,,
state,18,Assam,cube,,2026|pending|OTHER|wildlife,25,,,,,,,,,,
state,18,Assam,cube,,2026|rejected|B2|ec,2,,,,,,,,,,
state,18,Assam,cube,,2026|rejected|OTHER|forest,1,,,,,,,,,,
state,18,Assam,cube,,2026|rejected|OTHER|other,1,,,,,,,,,,
state,18,Assam,cube,,2026|tor|A|ec,7,,,,,,,,,,
state,18,Assam,cube,,2026|tor|B1|ec,15,,,,,,,,,,
state,18,Assam,cube,,2026|withdrawn|A|ec,1,,,,,,,,,,
state,18,Assam,cube,,2026|withdrawn|B2|ec,3,,,,,,,,,,
state,18,Assam,run,,run_status,ok,,,,,,,,,,
state,18,Assam,run,,run_date,2026-10-10T05:52:28Z,,,,,,,,,,
state,18,Assam,run,,run_url,https://github.com/publicmap/parivesh-dashboard/actions/runs/38027443840,,,,,,,,,,
state,18,Assam,top_recent_ec,1,,,SIA/AS/MIN/582022/2026,"""BANDARGHAT SAND AND GRAVEL MCA-2 GOLAGHAT ASSAM""",kritoyga saikia,Karbi Anglong,EC Granted,2026-06-12T11:11:30.291+00:00,2026-09-25T08:37:16.520+00:00,9.0,5.0,https://parivesh.nic.in/newupgrade/#/report/ec?proposalId=1231925474
state,18,Assam,top_recent_ec,2,,,SIA/AS/MIN/561923/2025,"PATTA LAND ORDINARY EARTH MINING PERMIT AREA AT TAJPUR MOUZA, KUSHIARKUL PORGONA",KISHOR DAS,Karimganj,EC Granted,2025-12-16T09:41:28.879+00:00,2026-09-25T08:30:08.644+00:00,15.0,0.66,https://parivesh.nic.in/newupgrade/#/report/ec?proposalId=1042047178
state,18,Assam,top_recent_ec,3,,,SIA/AS/INFRA2/583714/2026,Rajnandini Universal,RAJNANDINI CONSTRUCTION,Kamrup Metropolitan,EC Granted,2026-06-30T05:16:07.760+00:00,2026-09-25T08:22:31.921+00:00,6140.0,0.8502,https://parivesh.nic.in/newupgrade/#/report/ec?proposalId=1233696120
state,18,Assam,top_recent_ec,4,,,SIA/AS/MIN/590280/2026,INGLONGKIRI DENGAON P.P LAND STONE M.C . AREA,junas teron,Karbi Anglong,EC Granted,2026-08-26T07:38:14.168+00:00,2026-09-25T08:06:52.071+00:00,7.0,0.68,https://parivesh.nic.in/newupgrade/#/report/ec?proposalId=1239410482
state,18,Assam,top_recent_ec,5,,,SIA/AS/MIN/585558/2026,"Lokso Tokbi Arong, Parokhuwa P.P. Land Stone MPA",shree gautam-anupam (jv),Karbi Anglong,EC Granted,2026-07-15T12:04:58.413+00:00,2026-09-25T07:58:32.745+00:00,45.0,0.41,https://parivesh.nic.in/newupgrade/#/report/ec?proposalId=1235366818
state,18,Assam,top_recent_ec,6,,,SIA/AS/MIN/573537/2026,Bormurikona P.P. Land Ordinary Clay/Silt Mining Permit Area,SHYAMAL MAHANTA,Nalbari,EC Granted,2026-03-25T09:00:04.251+00:00,2026-09-25T07:56:46.004+00:00,6.6,1.23,https://parivesh.nic.in/newupgrade/#/report/ec?proposalId=1222588643
state,18,Assam,top_recent_ec,7,,,SIA/AS/MIN/589744/2026,Buroi Sand Gravel Mining Contract Area No. 5,bishnu das,Biswanath,EC Granted,2026-08-21T04:57:31.278+00:00,2026-09-25T07:31:24.224+00:00,3.86,4.79,https://parivesh.nic.in/newupgrade/#/report/ec?proposalId=1238961403
state,18,Assam,top_recent_ec,8,,,IA/AS/IND1/586148/2026,"Proposed Integrated Cement Plant with production capacity of Clinker: 8.0 Million TPA (2 x 4.0 Million TPA), Cement: 3.0 Million TPA, WHRS: 42 MW (2 x 21 MW), CPP: 50 MW (2 x 25 MW) in phased manner at Village: Choto Lokhindong, Tehsil: Umrangso, District: Dima Hasao, Assam by M/s. Ambuja Concrete North Private Limited",AMBUJA CONCRETE NORTH PRIVATE LIMITED,Dima Hasao,EC Granted,2026-07-21T09:42:02.459+00:00,2026-09-18T08:27:51.487+00:00,7.1,73.523,https://parivesh.nic.in/newupgrade/#/report/ec?proposalId=1235934194
state,18,Assam,top_recent_ec,9,,,SIA/AS/MIN/590256/2026,JATINGA RIVER MINOR MINERAL UNIT SAND,SRI. SAMAR DEB,Cachar,EC Granted,2026-08-26T06:08:59.210+00:00,2026-09-17T09:22:01.116+00:00,50.0,4.5,https://parivesh.nic.in/newupgrade/#/report/ec?proposalId=1239399513
state,18,Assam,top_recent_ec,10,,,SIA/AS/INFRA2/590300/2026,Residential cum Commercial Project,ASSAM Progressive Developers Limited,Cachar,EC Granted,2026-08-26T09:20:39.612+00:00,2026-09-17T09:11:28.043+00:00,6495.0,1.062,https://parivesh.nic.in/newupgrade/#/report/ec?proposalId=1239419548
state,18,Assam,top_cost,1,,,SIA/AS/MIN/594823/2026,MINING CONTRACT AREA OF BARNADI SAND GRAVEL AND STONE MAHAL NO.11,rimpa das,Tamulpur,Under Verification with SCEIA,2026-10-08T08:08:13.237+00:00,,5940000.0,4.5,https://parivesh.nic.in/newupgrade/#/report/ec?proposalId=1244656545
state,18,Assam,top_cost,2,,,IA/AS/IND3/568760/2026,"Setting-up new 2200 MTPD Ammonia and 3850 MTPD Urea fertilizer project at Namrup, Assam",Assam Valley Fertilizer and Chemical Company Limited,Dibrugarh,Standard ToR Granted,2026-02-11T10:27:26.671+00:00,2026-03-03T10:08:56.733+00:00,1060140.0,74.87,https://parivesh.nic.in/newupgrade/#/report/ec?proposalId=1219027896
state,18,Assam,top_cost,3,,,IA/AS/IND3/590457/2026,"Setting-up new 2200 MTPD Ammonia and 3850 MTPD Urea fertilizer project at Namrup, Assam",Assam Valley Fertilizer and Chemical Company Limited,Dibrugarh,EDS Raised,2026-08-27T11:23:53.215+00:00,,1060140.0,74.87,https://parivesh.nic.in/newupgrade/#/report/ec?proposalId=1239522336
state,18,Assam,top_cost,4,,,WL/AS/IND/593863/2026,"Setting-up new 2200 MTPD Ammonia and 3850 MTPD Urea fertilizer project at Namrup, Assam",Assam Valley Fertilizer and Chemical Company Limited,Dibrugarh,,2026-09-30T04:24:53.158+00:00,,1060140.0,74.87,https://parivesh.nic.in/newupgrade/#/report/ec?proposalId=1243709730
state,18,Assam,top_cost,5,,,FP/AS/HYD/IRRIG/583876/2026,Assam/PSP-05,ASSAM POWER DISTRIBUTION COMPANY LIMITED,West Karbi Anglong,"Pending at AIGF - MoEFCC, HQ",2026-07-01T07:48:04.468+00:00,,731000.0,244.0,https://parivesh.nic.in/newupgrade/#/report/ec?proposalId=1233863738
state,18,Assam,top_cost,6,,,IA/AS/RIV/588755/2026,Assam/PSP-05,ASSAM POWER DISTRIBUTION COMPANY LIMITED,West Karbi Anglong,ToR Granted,2026-08-12T05:35:35.352+00:00,2026-09-29T03:57:22.591+00:00,731000.0,244.0,https://parivesh.nic.in/newupgrade/#/report/ec?proposalId=1238182838
state,18,Assam,top_cost,7,,,SIA/AS/INFRA2/460607/2024,Construction of Bridge over the river Brahmaputra connecting Bharalumukh (Panbazar) to North Guwahati,SONIT DAS,Kamrup,EC Granted,2024-02-01T09:15:59.178+00:00,2024-07-19T12:29:44.558+00:00,260869.0,44.2,https://parivesh.nic.in/newupgrade/#/report/ec?proposalId=43148104
state,18,Assam,top_cost,8,,,WL/AS/RAIL/571559/2026,Kokrajhar-Gelephu New Railway Line Project,Ministry of Railway,Kokrajhar,,2026-03-07T07:24:58.252+00:00,,135000.0,148.99,https://parivesh.nic.in/newupgrade/#/report/ec?proposalId=1221091677
state,18,Assam,top_cost,9,,,FP/AS/RAIL/573414/2026,Kokrajhar-Gelephu New Railway Line Project,Ministry of Railway,Kokrajhar,Rejected in PSC-I,2026-03-24T08:09:31.371+00:00,,135000.0,148.99,https://parivesh.nic.in/newupgrade/#/report/ec?proposalId=1222486542
state,18,Assam,top_cost,10,,,SIA/AS/INFRA2/419489/2023,"800 Bedded General Hospital at MMCH Campus, Guwahati, Assam",KUMAR ASHISH,Kamrup Metropolitan,EC Granted,2023-02-23T04:51:36.005+00:00,2023-06-17T22:10:37.637+00:00,99800.0,2.7585,https://parivesh.nic.in/newupgrade/#/report/ec?proposalId=3242956
state,18,Assam,top_land,1,,,SIA/AS/INFRA2/409190/2022,"Construction of New Medical College & Hospital, Golaghat, Assam",UDAYAN BORTHAKUR,Golaghat,EC Granted,2022-12-03T10:33:08.878+00:00,2023-03-10T20:58:06.270+00:00,58177.0,176038.3,https://parivesh.nic.in/newupgrade/#/report/ec?proposalId=1853993
state,18,Assam,top_land,2,,,FP/AS/SRY/488734/2024,"3D Seismic survey in the Reserve Forest area (Solah RF, Abhoipur RF, Sapekhati RF, and Diroi RF) under Moran and Moran Extension PML area of Oil India Limited",OIL INDIA LIMITED,Dibrugarh,Pending at DFO for Scrutiny and Recommendation,2024-07-19T09:32:55.491+00:00,,8000.0,86270.0,https://parivesh.nic.in/newupgrade/#/report/ec?proposalId=85688509
state,18,Assam,top_land,3,,,SIA/AS/IND2/401351/2022,"Application for Expansion (additional 6 nos. of E&A wells & 4 nos. of EPUs/QPUs) in ""Onshore Oil & Gas Exploration, Appraisal & Early Production in AA-ONHP-2017/4 Hydrocarbon Block”, Jorhat District, Assam",M/s Vedanta Limited(Division Cairn Oil & Gas),JORHAT,EC Granted,2022-09-26T07:13:13.406+00:00,2023-01-05T14:09:26.223+00:00,87200.0,83900.0,https://parivesh.nic.in/newupgrade/#/report/ec?proposalId=902802
state,18,Assam,top_land,4,,,SIA/AS/IND2/454613/2023,"Application for Expansion (additional 7 Nos. of Exploration & Appraisal wells & 5 Nos. of EPUs/QPUs) in earlier granted Environmental Clearance (EC) for the proposed ""Onshore Oil & Gas Exploration, Appraisal & Early Production in AA-ONHP-2017/4 Hydrocarbon Block”, Jorhat Dist., Assam.",M/s Vedanta Limited(Division Cairn Oil & Gas),Jorhat,Withdrawal Request Accepted,2023-12-07T05:18:42.202+00:00,2024-04-05T09:25:15.638+00:00,1204.0,83900.0,https://parivesh.nic.in/newupgrade/#/report/ec?proposalId=29964551
state,18,Assam,top_land,5,,,SIA/AS/IND2/454761/2023,"Application for Expansion (additional 7 Nos. of Exploration & Appraisal wells & 5 Nos. of EPUs/QPUs) in earlier granted Environmental Clearance (EC) for the proposed ""Onshore Oil & Gas Exploration, Appraisal & Early Production in AA-ONHP-2017/4 Hydrocarbon Block”, Jorhat Dist., Assam.",M/s Vedanta Limited(Division Cairn Oil & Gas),Jorhat,EC Granted,2023-12-08T07:31:44.808+00:00,2024-06-01T09:59:51.505+00:00,1204.0,83900.0,https://parivesh.nic.in/newupgrade/#/report/ec?proposalId=30231650
state,18,Assam,top_land,6,,,SIA/AS/IND2/506802/2024,"Application for Expansion (additional 7 Nos. of Exploration & Appraisal wells & 5 Nos. of EPUs/QPUs) in earlier granted Environmental Clearance (EC) for the proposed ""Onshore Oil & Gas Exploration, Appraisal & Early Production in AA-ONHP-2017/4 Hydrocarbon Block”, Jorhat Dist., Assam.",M/s Vedanta Limited(Division Cairn Oil & Gas),Jorhat,EC Granted,2023-12-08T07:31:44.808+00:00,2025-04-01T07:36:24.647+00:00,1204.0,83900.0,https://parivesh.nic.in/newupgrade/#/report/ec?proposalId=111939118
state,18,Assam,top_land,7,,,SIA/AS/IND2/479036/2024,"Application for Expansion (additional 7 Nos. of Exploration & Appraisal wells & 5 Nos. of EPUs/QPUs) in earlier granted Environmental Clearance (EC) for the proposed ""Onshore Oil & Gas Exploration, Appraisal & Early Production in AA-ONHP-2017/4 Hydrocarbon Block”, Jorhat Dist., Assam.",M/s Vedanta Limited(Division Cairn Oil & Gas),Jorhat,EC Granted,2024-06-05T06:46:59.539+00:00,2024-07-20T11:10:14.073+00:00,1204.0,83900.0,https://parivesh.nic.in/newupgrade/#/report/ec?proposalId=73950578
state,18,Assam,top_land,8,,,SIA/AS/IND2/570665/2026,"Application for Expansion (additional 3 Nos. of Exploration & Appraisal wells & 1 Nos. of EPUs/QPUs) in earlier granted Environmental Clearance (EC) for the proposed ""Onshore Oil & Gas Exploration, Appraisal & Early Production in AA-ONHP-2017/4 Hydrocarbon Block”, Jorhat Dist., Assam.",M/s Vedanta Limited(Division Cairn Oil & Gas),Jorhat,EC Granted,2026-02-27T06:35:23.681+00:00,2026-04-10T06:06:41.545+00:00,2124.0,83900.0,https://parivesh.nic.in/newupgrade/#/report/ec?proposalId=1220427016
state,18,Assam,top_land,9,,,SIA/AS/IND1/426526/2023,THE ASSAM TUBES LTD,THE ASSAM TUBES LIMITED,Kamrup Metropolitan,TOR GRANTED,2023-04-18T07:01:52.049+00:00,,343.0,60201.0,https://parivesh.nic.in/newupgrade/#/report/ec?proposalId=4698382
state,18,Assam,top_land,10,,,SIA/AS/IND2/454808/2023,"Application for Expansion (additional 4 nos. of E&A wells & 4 nos. of EPUs/QPUs) in ""Onshore Oil & Gas Exploration, Appraisal & Early Production in AAONHP-2017/3 Hydrocarbon Block”, Tinsukia District, Assam",M/s Vedanta Limited(Division Cairn Oil & Gas),Tinsukia,EC Granted,2023-12-08T11:14:19.916+00:00,2024-06-01T09:56:00.748+00:00,76820.0,26800.0,https://parivesh.nic.in/newupgrade/#/report/ec?proposalId=30248168
state,18,Assam,recent_change,1,added,,FP/AS/REDIV/594943/2026,"Change of Land use for development drilling of KHE, KHEQ and KHER from KHE Drill site in South Nambar Reserved Forest.",OIL AND NATURAL GAS CORPORATION LIMITED,Golaghat,Pending at DFO for Scrutiny and Recommendation,2026-10-09T06:49:58.382+00:00,,2000.0,3.52,https://parivesh.nic.in/newupgrade/#/report/ec?proposalId=1244755747
state,19,West Bengal,stat,,projects,2518,,,,,,,,,,
state,19,West Bengal,stat,,active_projects,2113,,,,,,,,,,
state,19,West Bengal,stat,,applications,2113,,,,,,,,,,
state,19,West Bengal,stat,,ec_granted,803,,,,,,,,,,
state,19,West Bengal,stat,,ec_tor,506,,,,,,,,,,
state,19,West Bengal,stat,,ec_pending,617,,,,,,,,,,
state,19,West Bengal,stat,,ec_rejected,96,,,,,,,,,,
state,19,West Bengal,stat,,ec_withdrawn,91,,,,,,,,,,
state,19,West Bengal,stat,,pc_A,270,,,,,,,,,,
state,19,West Bengal,stat,,pc_B1,852,,,,,,,,,,
state,19,West Bengal,stat,,pc_B2,518,,,,,,,,,,
state,19,West Bengal,stat,,pc_OTHER,473,,,,,,,,,,
state,19,West Bengal,stat,,ty_ec,1520,,,,,,,,,,
state,19,West Bengal,stat,,ty_forest,214,,,,,,,,,,
state,19,West Bengal,stat,,ty_wildlife,168,,,,,,,,,,
state,19,West Bengal,stat,,ty_crz,8,,,,,,,,,,
state,19,West Bengal,stat,,ty_other,203,,,,,,,,,,
state,19,West Bengal,stat,,delisted_or_removed,405,,,,,,,,,,
state,19,West Bengal,stat,,total_cost_lakhs,21822599.36,,,,,,,,,,
state,19,West Bengal,stat,,cost_outliers_excluded,4,,,,,,,,,,
state,19,West Bengal,stat,,total_land_ha,1161162.4297,,,,,,,,,,
state,19,West Bengal,stat,,latest_application,2026-10-05T10:36:50.773+00:00,,,,,,,,,,
state,19,West Bengal,stat,,latest_grant,2026-10-07T11:32:45.207+00:00,,,,,,,,,,
state,19,West Bengal,stat,,changes_added,0,,,,,,,,,,
state,19,West Bengal,stat,,changes_removed,0,,,,,,,,,,
state,19,West Bengal,stat,,changes_updated,273,,,,,,,,,,
state,19,West Bengal,stat,,changes_status,0,,,,,,,,,,
state,19,West Bengal,stat,,compared_with,2026-10-09T20:19:01Z,,,,,,,,,,
state,19,West Bengal,stat,,changes_added_active,0,,,,,,,,,,
state,19,West Bengal,stat,,changes_removed_active,0,,,,,,,,,,
state,19,West Bengal,stat,,changes_updated_active,239,,,,,,,,,,
state,19,West Bengal,stat,,changes_status_active,0,,,,,,,,,,
state,19,West Bengal,stat,,window_added_active,21,,,,,,,,,,
state,19,West Bengal,stat,,window_updated_active,224,,,,,,,,,,
state,19,West Bengal,stat,,window_added,21,,,,,,,,,,
state,19,West Bengal,stat,,window_updated,255,,,,,,,,,,
state,19,West Bengal,stat,,window_since,2026-10-01T03:52:08Z,,,,,,,,,,
state,19,West Bengal,status,,EC Granted,700,,,,,,,,,,
state,19,West Bengal,status,,DELISTED_BY_SYSTEM,381,,,,,,,,,,
state,19,West Bengal,status,,ToR Granted,338,,,,,,,,,,
state,19,West Bengal,status,,(none),224,,,,,,,,,,
state,19,West Bengal,status,,TOR Granted,103,,,,,,,,,,
state,19,West Bengal,status,,Final Diversion Order Issued,79,,,,,,,,,,
state,19,West Bengal,status,,Under Verification,75,,,,,,,,,,
state,19,West Bengal,status,,EC Rejected,60,,,,,,,,,,
state,19,West Bengal,status,,Proposal returned in present form,53,,,,,,,,,,
state,19,West Bengal,status,,Pending on UA for Compensatory Levies Payment,46,,,,,,,,,,
state,19,West Bengal,status,,EDS raised,45,,,,,,,,,,
state,19,West Bengal,status,,Standard ToR Granted,36,,,,,,,,,,
state,19,West Bengal,status,,Referred to SEIAA,32,,,,,,,,,,
state,19,West Bengal,status,,TOR GRANTED,29,,,,,,,,,,
state,19,West Bengal,status,,ToR Rejected,28,,,,,,,,,,
state,19,West Bengal,status,,REMOVED,24,,,,,,,,,,
state,19,West Bengal,status,,Referred to SEAC,22,,,,,,,,,,
state,19,West Bengal,status,,Under Examination,21,,,,,,,,,,
state,19,West Bengal,status,,ADS Raised,19,,,,,,,,,,
state,19,West Bengal,status,,Granted,17,,,,,,,,,,
state,19,West Bengal,status,,Proposal Accepted and Referred to SEAC,17,,,,,,,,,,
state,19,West Bengal,status,,Withdrawal Request Accepted,16,,,,,,,,,,
state,19,West Bengal,status,,Pending at UA due to EDS by DFO,16,,,,,,,,,,
state,19,West Bengal,status,,Proposal pulled back (withdrawn),16,,,,,,,,,,
state,19,West Bengal,status,,Pending at MS SEIAA,15,,,,,,,,,,
state,19,West Bengal,status,,Pending at PP due to EDS by DFO,13,,,,,,,,,,
state,19,West Bengal,status,,Pending at DFO for Scrutiny and Recommendation,11,,,,,,,,,,
state,19,West Bengal,status,,Pending at UA for Compliance Report,7,,,,,,,,,,
state,19,West Bengal,status,,Proposal Withdrawal Request Accepted,6,,,,,,,,,,
state,19,West Bengal,status,,EDS Raised,6,,,,,,,,,,
state,19,West Bengal,status,,Pending at Technical Officer - IRO,5,,,,,,,,,,
state,19,West Bengal,status,,CRZ Granted,4,,,,,,,,,,
state,19,West Bengal,status,,Pending at DFO due to EDS by Nodal Officer,4,,,,,,,,,,
state,19,West Bengal,status,,Forwarded to DD,4,,,,,,,,,,
state,19,West Bengal,status,,Application Rejected,4,,,,,,,,,,
state,19,West Bengal,status,,Pending at DIGF RO for Stage-II Letter,2,,,,,,,,,,
state,19,West Bengal,status,,REJECTED,2,,,,,,,,,,
state,19,West Bengal,status,,Pending at DFO/CF after acceptance in PSC-I,2,,,,,,,,,,
state,19,West Bengal,status,,Approval Granted,2,,,,,,,,,,
state,19,West Bengal,status,,Forwarded to MS,2,,,,,,,,,,
state,19,West Bengal,status,,Under Examination with SCZMA,2,,,,,,,,,,
state,19,West Bengal,status,,Pending at UA for DFO EDS Reply,2,,,,,,,,,,
state,19,West Bengal,status,,EC GRANTED,1,,,,,,,,,,
state,19,West Bengal,status,,Submitted,1,,,,,,,,,,
state,19,West Bengal,status,,MOM PUBLISHED,1,,,,,,,,,,
state,19,West Bengal,status,,Pending at PP due to EDS by Nodal Officer,1,,,,,,,,,,
state,19,West Bengal,status,,Proposal Revoked,1,,,,,,,,,,
state,19,West Bengal,status,,Rejected in PSC-I,1,,,,,,,,,,
state,19,West Bengal,status,,Pending at DIGF - RO,1,,,,,,,,,,
state,19,West Bengal,status,,"Pending at AIGF – MoEFCC, HQ for Final Approval",1,,,,,,,,,,
state,19,West Bengal,status,,"Pending at State Secretary due to EDS by MoEFCC, HQ",1,,,,,,,,,,
state,19,West Bengal,status,,draft,1,,,,,,,,,,
state,19,West Bengal,status,,Pending at PCCF for Recommendation and In-Principle Approval (Stage-I),1,,,,,,,,,,
state,19,West Bengal,status,,Pending at Nodal Officer for Recommendation after PSC-II,1,,,,,,,,,,
state,19,West Bengal,status,,Pending at DFO For Compliance Review,1,,,,,,,,,,
state,19,West Bengal,status,,Accepted and Referred to SCZMA,1,,,,,,,,,,
state,19,West Bengal,status,,Query Raised,1,,,,,,,,,,
state,19,West Bengal,status,,"Pending at Technical Officer - MoEFCC, HQ",1,,,,,,,,,,
state,19,West Bengal,status,,Pending at DFO due to Query by Nodal Officer,1,,,,,,,,,,
state,19,West Bengal,status,,Pending at DFO/CF/Nodal Officer after acceptance in PSC-I,1,,,,,,,,,,
state,19,West Bengal,status,,Pending at DFO for Issue Approval letter,1,,,,,,,,,,
state,19,West Bengal,status,,Proposal Accepted and Referred to SCEIA,1,,,,,,,,,,
state,19,West Bengal,status,,Pending at MS for Recommendation in PSC-II,1,,,,,,,,,,
state,19,West Bengal,status,,Stage-I FC Awaited,1,,,,,,,,,,
state,19,West Bengal,status,,Referred to EAC,1,,,,,,,,,,
state,19,West Bengal,status,,Pending at MS for Acceptance in PSC-I,1,,,,,,,,,,
state,19,West Bengal,status,,Pending at Nodal Officer for Recommendation,1,,,,,,,,,,
state,19,West Bengal,status,,Pending at UA due to EDS by MS after PSC-I,1,,,,,,,,,,
state,19,West Bengal,status,,EDS Under Examination,1,,,,,,,,,,
state,19,West Bengal,status,,Proposal Accepted and Referred to EAC,1,,,,,,,,,,
state,19,West Bengal,applications_by_year,,2022,76,,,,,,,,,,
state,19,West Bengal,applications_by_year,,2023,634,,,,,,,,,,
state,19,West Bengal,applications_by_year,,2024,482,,,,,,,,,,
state,19,West Bengal,applications_by_year,,2025,620,,,,,,,,,,
state,19,West Bengal,applications_by_year,,2026,301,,,,,,,,,,
state,19,West Bengal,year_granted,,2022,53,,,,,,,,,,
state,19,West Bengal,year_granted,,2023,237,,,,,,,,,,
state,19,West Bengal,year_granted,,2024,225,,,,,,,,,,
state,19,West Bengal,year_granted,,2025,250,,,,,,,,,,
state,19,West Bengal,year_granted,,2026,38,,,,,,,,,,
state,19,West Bengal,year_tor,,2022,17,,,,,,,,,,
state,19,West Bengal,year_tor,,2023,143,,,,,,,,,,
state,19,West Bengal,year_tor,,2024,107,,,,,,,,,,
state,19,West Bengal,year_tor,,2025,200,,,,,,,,,,
state,19,West Bengal,year_tor,,2026,39,,,,,,,,,,
state,19,West Bengal,year_pending,,2022,4,,,,,,,,,,
state,19,West Bengal,year_pending,,2023,225,,,,,,,,,,
state,19,West Bengal,year_pending,,2024,80,,,,,,,,,,
state,19,West Bengal,year_pending,,2025,101,,,,,,,,,,
state,19,West Bengal,year_pending,,2026,207,,,,,,,,,,
state,19,West Bengal,year_rejected,,2022,1,,,,,,,,,,
state,19,West Bengal,year_rejected,,2023,3,,,,,,,,,,
state,19,West Bengal,year_rejected,,2024,49,,,,,,,,,,
state,19,West Bengal,year_rejected,,2025,38,,,,,,,,,,
state,19,West Bengal,year_rejected,,2026,5,,,,,,,,,,
state,19,West Bengal,year_withdrawn,,2022,1,,,,,,,,,,
state,19,West Bengal,year_withdrawn,,2023,26,,,,,,,,,,
state,19,West Bengal,year_withdrawn,,2024,21,,,,,,,,,,
state,19,West Bengal,year_withdrawn,,2025,31,,,,,,,,,,
state,19,West Bengal,year_withdrawn,,2026,12,,,,,,,,,,
state,19,West Bengal,year_pc_A,,2022,18,,,,,,,,,,
state,19,West Bengal,year_pc_A,,2023,75,,,,,,,,,,
state,19,West Bengal,year_pc_A,,2024,47,,,,,,,,,,
state,19,West Bengal,year_pc_A,,2025,67,,,,,,,,,,
state,19,West Bengal,year_pc_A,,2026,63,,,,,,,,,,
state,19,West Bengal,year_pc_B1,,2022,20,,,,,,,,,,
state,19,West Bengal,year_pc_B1,,2023,197,,,,,,,,,,
state,19,West Bengal,year_pc_B1,,2024,186,,,,,,,,,,
state,19,West Bengal,year_pc_B1,,2025,328,,,,,,,,,,
state,19,West Bengal,year_pc_B1,,2026,121,,,,,,,,,,
state,19,West Bengal,year_pc_B2,,2022,25,,,,,,,,,,
state,19,West Bengal,year_pc_B2,,2023,139,,,,,,,,,,
state,19,West Bengal,year_pc_B2,,2024,150,,,,,,,,,,
state,19,West Bengal,year_pc_B2,,2025,155,,,,,,,,,,
state,19,West Bengal,year_pc_B2,,2026,49,,,,,,,,,,
state,19,West Bengal,year_pc_OTHER,,2022,13,,,,,,,,,,
state,19,West Bengal,year_pc_OTHER,,2023,223,,,,,,,,,,
state,19,West Bengal,year_pc_OTHER,,2024,99,,,,,,,,,,
state,19,West Bengal,year_pc_OTHER,,2025,70,,,,,,,,,,
state,19,West Bengal,year_pc_OTHER,,2026,68,,,,,,,,,,
state,19,West Bengal,cube,,2022|granted|A|ec,11,,,,,,,,,,
state,19,West Bengal,cube,,2022|granted|B1|ec,10,,,,,,,,,,
state,19,West Bengal,cube,,2022|granted|B2|ec,22,,,,,,,,,,
state,19,West Bengal,cube,,2022|granted|B2|other,1,,,,,,,,,,
state,19,West Bengal,cube,,2022|granted|OTHER|crz,1,,,,,,,,,,
state,19,West Bengal,cube,,2022|granted|OTHER|forest,8,,,,,,,,,,
state,19,West Bengal,cube,,2022|pending|OTHER|forest,3,,,,,,,,,,
state,19,West Bengal,cube,,2022|pending|OTHER|wildlife,1,,,,,,,,,,
state,19,West Bengal,cube,,2022|rejected|B2|ec,1,,,,,,,,,,
state,19,West Bengal,cube,,2022|tor|A|ec,6,,,,,,,,,,
state,19,West Bengal,cube,,2022|tor|A|other,1,,,,,,,,,,
state,19,West Bengal,cube,,2022|tor|B1|ec,9,,,,,,,,,,
state,19,West Bengal,cube,,2022|tor|B2|ec,1,,,,,,,,,,
state,19,West Bengal,cube,,2022|withdrawn|B1|ec,1,,,,,,,,,,
state,19,West Bengal,cube,,2023|granted|A|ec,23,,,,,,,,,,
state,19,West Bengal,cube,,2023|granted|A|other,3,,,,,,,,,,
state,19,West Bengal,cube,,2023|granted|B1|ec,54,,,,,,,,,,
state,19,West Bengal,cube,,2023|granted|B1|other,2,,,,,,,,,,
state,19,West Bengal,cube,,2023|granted|B2|ec,99,,,,,,,,,,
state,19,West Bengal,cube,,2023|granted|B2|other,4,,,,,,,,,,
state,19,West Bengal,cube,,2023|granted|OTHER|crz,1,,,,,,,,,,
state,19,West Bengal,cube,,2023|granted|OTHER|forest,50,,,,,,,,,,
state,19,West Bengal,cube,,2023|granted|OTHER|other,1,,,,,,,,,,
state,19,West Bengal,cube,,2023|pending|A|ec,4,,,,,,,,,,
state,19,West Bengal,cube,,2023|pending|B1|ec,26,,,,,,,,,,
state,19,West Bengal,cube,,2023|pending|B2|ec,22,,,,,,,,,,
state,19,West Bengal,cube,,2023|pending|B2|other,4,,,,,,,,,,
state,19,West Bengal,cube,,2023|pending|OTHER|forest,60,,,,,,,,,,
state,19,West Bengal,cube,,2023|pending|OTHER|other,2,,,,,,,,,,
state,19,West Bengal,cube,,2023|pending|OTHER|wildlife,107,,,,,,,,,,
state,19,West Bengal,cube,,2023|rejected|B1|ec,1,,,,,,,,,,
state,19,West Bengal,cube,,2023|rejected|OTHER|forest,2,,,,,,,,,,
state,19,West Bengal,cube,,2023|tor|A|ec,21,,,,,,,,,,
state,19,West Bengal,cube,,2023|tor|A|other,3,,,,,,,,,,
state,19,West Bengal,cube,,2023|tor|B1|ec,109,,,,,,,,,,
state,19,West Bengal,cube,,2023|tor|B1|other,1,,,,,,,,,,
state,19,West Bengal,cube,,2023|tor|B2|ec,9,,,,,,,,,,
state,19,West Bengal,cube,,2023|withdrawn|A|ec,18,,,,,,,,,,
state,19,West Bengal,cube,,2023|withdrawn|A|other,3,,,,,,,,,,
state,19,West Bengal,cube,,2023|withdrawn|B1|ec,4,,,,,,,,,,
state,19,West Bengal,cube,,2023|withdrawn|B2|ec,1,,,,,,,,,,
state,19,West Bengal,cube,,2024|granted|A|ec,12,,,,,,,,,,
state,19,West Bengal,cube,,2024|granted|A|other,9,,,,,,,,,,
state,19,West Bengal,cube,,2024|granted|B1|ec,58,,,,,,,,,,
state,19,West Bengal,cube,,2024|granted|B1|other,8,,,,,,,,,,
state,19,West Bengal,cube,,2024|granted|B2|ec,111,,,,,,,,,,
state,19,West Bengal,cube,,2024|granted|B2|other,4,,,,,,,,,,
state,19,West Bengal,cube,,2024|granted|OTHER|crz,1,,,,,,,,,,
state,19,West Bengal,cube,,2024|granted|OTHER|forest,19,,,,,,,,,,
state,19,West Bengal,cube,,2024|granted|OTHER|other,3,,,,,,,,,,
state,19,West Bengal,cube,,2024|pending|A|ec,3,,,,,,,,,,
state,19,West Bengal,cube,,2024|pending|B2|ec,3,,,,,,,,,,
state,19,West Bengal,cube,,2024|pending|B2|other,1,,,,,,,,,,
state,19,West Bengal,cube,,2024|pending|OTHER|crz,1,,,,,,,,,,
state,19,West Bengal,cube,,2024|pending|OTHER|forest,23,,,,,,,,,,
state,19,West Bengal,cube,,2024|pending|OTHER|other,12,,,,,,,,,,
state,19,West Bengal,cube,,2024|pending|OTHER|wildlife,37,,,,,,,,,,
state,19,West Bengal,cube,,2024|rejected|B1|ec,18,,,,,,,,,,
state,19,West Bengal,cube,,2024|rejected|B1|other,3,,,,,,,,,,
state,19,West Bengal,cube,,2024|rejected|B2|ec,25,,,,,,,,,,
state,19,West Bengal,cube,,2024|rejected|OTHER|forest,3,,,,,,,,,,
state,19,West Bengal,cube,,2024|tor|A|ec,13,,,,,,,,,,
state,19,West Bengal,cube,,2024|tor|B1|ec,94,,,,,,,,,,
state,19,West Bengal,cube,,2024|withdrawn|A|ec,5,,,,,,,,,,
state,19,West Bengal,cube,,2024|withdrawn|A|other,5,,,,,,,,,,
state,19,West Bengal,cube,,2024|withdrawn|B1|ec,3,,,,,,,,,,
state,19,West Bengal,cube,,2024|withdrawn|B1|other,2,,,,,,,,,,
state,19,West Bengal,cube,,2024|withdrawn|B2|ec,6,,,,,,,,,,
state,19,West Bengal,cube,,2025|granted|A|ec,12,,,,,,,,,,
state,19,West Bengal,cube,,2025|granted|A|other,13,,,,,,,,,,
state,19,West Bengal,cube,,2025|granted|B1|ec,108,,,,,,,,,,
state,19,West Bengal,cube,,2025|granted|B1|other,11,,,,,,,,,,
state,19,West Bengal,cube,,2025|granted|B2|ec,86,,,,,,,,,,
state,19,West Bengal,cube,,2025|granted|B2|other,1,,,,,,,,,,
state,19,West Bengal,cube,,2025|granted|OTHER|crz,1,,,,,,,,,,
state,19,West Bengal,cube,,2025|granted|OTHER|forest,4,,,,,,,,,,
state,19,West Bengal,cube,,2025|granted|OTHER|other,14,,,,,,,,,,
state,19,West Bengal,cube,,2025|pending|A|ec,6,,,,,,,,,,
state,19,West Bengal,cube,,2025|pending|A|other,2,,,,,,,,,,
state,19,West Bengal,cube,,2025|pending|B1|ec,12,,,,,,,,,,
state,19,West Bengal,cube,,2025|pending|B1|other,1,,,,,,,,,,
state,19,West Bengal,cube,,2025|pending|B2|ec,31,,,,,,,,,,
state,19,West Bengal,cube,,2025|pending|OTHER|forest,20,,,,,,,,,,
state,19,West Bengal,cube,,2025|pending|OTHER|other,20,,,,,,,,,,
state,19,West Bengal,cube,,2025|pending|OTHER|wildlife,9,,,,,,,,,,
state,19,West Bengal,cube,,2025|rejected|B1|ec,10,,,,,,,,,,
state,19,West Bengal,cube,,2025|rejected|B2|ec,24,,,,,,,,,,
state,19,West Bengal,cube,,2025|rejected|B2|other,2,,,,,,,,,,
state,19,West Bengal,cube,,2025|rejected|OTHER|forest,1,,,,,,,,,,
state,19,West Bengal,cube,,2025|rejected|OTHER|other,1,,,,,,,,,,
state,19,West Bengal,cube,,2025|tor|A|ec,15,,,,,,,,,,
state,19,West Bengal,cube,,2025|tor|A|other,1,,,,,,,,,,
state,19,West Bengal,cube,,2025|tor|B1|ec,182,,,,,,,,,,
state,19,West Bengal,cube,,2025|tor|B1|other,2,,,,,,,,,,
state,19,West Bengal,cube,,2025|withdrawn|A|ec,13,,,,,,,,,,
state,19,West Bengal,cube,,2025|withdrawn|A|other,5,,,,,,,,,,
state,19,West Bengal,cube,,2025|withdrawn|B1|ec,2,,,,,,,,,,
state,19,West Bengal,cube,,2025|withdrawn|B2|ec,9,,,,,,,,,,
state,19,West Bengal,cube,,2025|withdrawn|B2|other,2,,,,,,,,,,
state,19,West Bengal,cube,,2026|granted|A|ec,5,,,,,,,,,,
state,19,West Bengal,cube,,2026|granted|A|other,9,,,,,,,,,,
state,19,West Bengal,cube,,2026|granted|B1|ec,8,,,,,,,,,,
state,19,West Bengal,cube,,2026|granted|B1|other,2,,,,,,,,,,
state,19,West Bengal,cube,,2026|granted|B2|ec,10,,,,,,,,,,
state,19,West Bengal,cube,,2026|granted|B2|other,1,,,,,,,,,,
state,19,West Bengal,cube,,2026|granted|OTHER|other,3,,,,,,,,,,
state,19,West Bengal,cube,,2026|pending|A|ec,11,,,,,,,,,,
state,19,West Bengal,cube,,2026|pending|A|other,5,,,,,,,,,,
state,19,West Bengal,cube,,2026|pending|B1|ec,89,,,,,,,,,,
state,19,West Bengal,cube,,2026|pending|B1|other,3,,,,,,,,,,
state,19,West Bengal,cube,,2026|pending|B2|ec,35,,,,,,,,,,
state,19,West Bengal,cube,,2026|pending|B2|other,3,,,,,,,,,,
state,19,West Bengal,cube,,2026|pending|OTHER|crz,3,,,,,,,,,,
state,19,West Bengal,cube,,2026|pending|OTHER|forest,19,,,,,,,,,,
state,19,West Bengal,cube,,2026|pending|OTHER|other,25,,,,,,,,,,
state,19,West Bengal,cube,,2026|pending|OTHER|wildlife,14,,,,,,,,,,
state,19,West Bengal,cube,,2026|rejected|B1|ec,2,,,,,,,,,,
state,19,West Bengal,cube,,2026|rejected|B1|other,1,,,,,,,,,,
state,19,West Bengal,cube,,2026|rejected|OTHER|forest,2,,,,,,,,,,
state,19,West Bengal,cube,,2026|tor|A|ec,22,,,,,,,,,,
state,19,West Bengal,cube,,2026|tor|A|other,2,,,,,,,,,,
state,19,West Bengal,cube,,2026|tor|B1|ec,15,,,,,,,,,,
state,19,West Bengal,cube,,2026|withdrawn|A|ec,9,,,,,,,,,,
state,19,West Bengal,cube,,2026|withdrawn|B1|ec,1,,,,,,,,,,
state,19,West Bengal,cube,,2026|withdrawn|OTHER|other,2,,,,,,,,,,
state,19,West Bengal,run,,run_status,ok,,,,,,,,,,
state,19,West Bengal,run,,run_date,2026-10-10T05:52:28Z,,,,,,,,,,
state,19,West Bengal,run,,run_url,https://github.com/publicmap/parivesh-dashboard/actions/runs/38027443840,,,,,,,,,,
state,19,West Bengal,top_recent_ec,1,,,SIA/WB/MIN/502717/2024,Kachhalla China Clay Mine,SABYASACHI Roy,,EC Granted,2024-10-23T12:37:27.516+00:00,2026-10-07T11:32:45.207+00:00,,,https://parivesh.nic.in/newupgrade/#/report/ec?proposalId=110190361
state,19,West Bengal,top_recent_ec,2,,,IA/WB/IND1/553025/2026,"Submitting Application under 7(ii)(a) provision of EIA notification 2006 & its subsequent amendment – Expansion upto 20% - Expansion of steel plant comprising of I/O Beneficiation plant (1.2 MTPA), I/O Pellet Plant (0.8 MTPA), New Producer Gas (40,000 NM3/hr.), DRI Kilns (Sponge Iron from 7,86,000 TPA to 9,43,200 TPA), Induction Furnaces along with CCM & LRF (MS Ingots/ Billets / Hot Billets from 6,95,800 TPA to 8,20,640 TPA), Electric Arc Furnace (1,98,000 TPA), Rolling Mill (Hot Rolled TMT / S",SHYAM STEEL MANUFACTURINGLIMITED,Bankura,EC Granted,2025-09-24T16:18:38.419+00:00,2026-09-30T09:33:30.091+00:00,1.865,91.34,https://parivesh.nic.in/newupgrade/#/report/ec?proposalId=136947099
state,19,West Bengal,top_recent_ec,3,,,IA/WB/IND1/588668/2026,"Proposed ISP: Iron Ore Beneficiation Plant (2.8 MTPA), Pelletization Plant (2 MTPA) with PGP (475.2 MNm3/Annum), DRI(1.32 MTPA), SMS with IF (0.75 MTPA) and EAF (0.6 MTPA) with common LRF & CCM, SAF (Max. 0.108616 MTPA){0.108616 MTPA HC FeMn/ 0.09 MTPA MC FeMn/ 0.080034 MTPA SiMn/ 0.0858 MTPA FeCr} with 15 Ton AOD/VD/Converter, Slag Grinding Unit (0.396 MTPA), Oxygen Plant (0.066 MTPA), Rolling Mill (1.28 MTPA), BrickManufacturing Plant(132 million Bricks/Annum)& CPP(160 MW WHRB & 42 MW CFBC)",GIRIDHAN METAL PRIVATE LIMITED,Paschim Bardhaman,EC Granted,2026-08-11T09:23:07.420+00:00,2026-09-30T08:39:06.765+00:00,4.91,79.93,https://parivesh.nic.in/newupgrade/#/report/ec?proposalId=1238105699
state,19,West Bengal,top_recent_ec,4,,,SIA/WB/MIN/577261/2026,Amirpur Sand Mine,K90 PROP DEAL PRIVATE LIMITED,Purba Bardhaman,EC Granted,2026-04-28T10:31:12.790+00:00,2026-09-29T10:11:53.805+00:00,541.0,3.48,https://parivesh.nic.in/newupgrade/#/report/ec?proposalId=1225807610
state,19,West Bengal,top_recent_ec,5,,,SIA/WB/INFRA2/576849/2026,Residential Project by Srijan Realty Pvt. Ltd.,SRIJAN REALTY PRIVATE LIMITED,Kolkata,EC Granted,2026-04-24T08:28:11.391+00:00,2026-09-29T10:02:32.264+00:00,33247.0,3.6057,https://parivesh.nic.in/newupgrade/#/report/ec?proposalId=1225402263
state,19,West Bengal,top_recent_ec,6,,,SIA/WB/INFRA2/576899/2026,"Phase-I Expansion within the Existing Campus Consisting of New Academic Block 1 , New Hostel Block H1 , Food Court , Covered Walkway , New Classroom Block -  NCB Extension Of  MDC , New Service Block-A & Temporary Dog Kennel of Indian Institute Of Management – Calcutta, Joka, Kolkata, West-Bengal",INDIAN institute of management calcutta,South Twenty Four Pargana,EC Granted,2026-04-24T12:20:37.654+00:00,2026-09-29T09:58:08.855+00:00,51852.0,54.5394,https://parivesh.nic.in/newupgrade/#/report/ec?proposalId=1225450947
state,19,West Bengal,top_recent_ec,7,,,IA/WB/IND1/577718/2026,"Transfer of EC for “Expansion of existing Sponge Iron Plant and CPP by installation of 2x9 MVA Submerged Arc Furnaces at Village : Ikrah, P.S. Jamuria, Jamuria Industrial Estate, District - Burdwan, West Bengal” from M/s. RAIC Integrated Sponge & Power Private Limited to M/s. AIC Iron Industries Private Limited., Unit - II (formerly, M/s. RAIC Integrated Sponge & Power Private Limited)",AIC IRON INDUSTRIES PRIVATE LIMITED,Paschim Bardhaman,Granted,2026-05-02T07:36:02.746+00:00,2026-09-18T08:38:58.602+00:00,32400.0,12.06,https://parivesh.nic.in/newupgrade/#/report/ec?proposalId=1226255975
state,19,West Bengal,top_recent_ec,8,,,IA/WB/INFRA1/571633/2026,"Re-Construction of berth No. 8 and Mechanization of berth Nos. 7 & 8 at NSD of KDS, SMPK on DBFOT basis under PPP.",Syama Prasad Mookerjee Port Kolkata,Kolkata,EC Granted,2026-03-07T14:28:15.737+00:00,2026-09-07T07:54:12.326+00:00,69884.0,10.08,https://parivesh.nic.in/newupgrade/#/report/ec?proposalId=1221118972
state,19,West Bengal,top_recent_ec,9,,,IA/WB/IND1/581876/2026,Proposed Integrated Steel Plant,SHYAM SEL & POWER LIMITED,Paschim Bardhaman,EC Granted,2026-06-11T08:20:52.200+00:00,2026-09-05T07:19:19.650+00:00,1.98736,260.21,https://parivesh.nic.in/newupgrade/#/report/ec?proposalId=1231772053
state,19,West Bengal,top_recent_ec,10,,,IA/WB/CMIN/579479/2026,Kasta East Coal Mine,JITUSOL DEVELOPERS PRIVATE LIMITED,Birbhum,EC Granted,2026-05-19T08:32:05.897+00:00,2026-08-19T04:50:26.615+00:00,35014.0,1409.026,https://parivesh.nic.in/newupgrade/#/report/ec?proposalId=1228241942
state,19,West Bengal,top_cost,1,,,FP/WB/IND/586765/2026,Shyam Agro Industries,SHYAM KANTA GHOSH,Bankura,Pending at UA for DFO EDS Reply,2026-07-26T10:09:32.692+00:00,,2222727.0,3.9254,https://parivesh.nic.in/newupgrade/#/report/ec?proposalId=1236459231
state,19,West Bengal,top_cost,2,,,IA/WB/IND3/590474/2026,"Expansion of existing EC by enhancing Ammonia & Urea production capacity through revision of Phase-II capacities while retaining existing operational Phase-I plant & new installation of Technical Ammonium Nitrate plant with Nitric acid plant, establishment of Chemical Cluster along with Cogeneration Power Plant, Grain-based Distillery along with Bioethanol Downstream Products at Panagarh Industrial Park, Panagarh, Kanksa Block, District Purba Bardhaman, West Bengal",Matix Fertilisers and Chemicals Limited,Paschim Bardhaman,Standard ToR Granted,2026-08-27T12:20:40.397+00:00,2026-09-01T10:48:49.228+00:00,1977700.0,201.92,https://parivesh.nic.in/newupgrade/#/report/ec?proposalId=1239532364
state,19,West Bengal,top_cost,3,,,IA/WB/IND1/586810/2026,"Expansion-cum-modification of existing integrated steel plant located at Industrial Estate Kharagpur, District-Paschim Medinipur, West Bengal by M/s Ramsarup Industries Limited",RAMSARUP INDUSTRIES LIMITED,Medinipur West,ToR Granted,2026-07-27T05:21:54.913+00:00,2026-09-11T04:12:43.096+00:00,482390.0,127.47,https://parivesh.nic.in/newupgrade/#/report/ec?proposalId=1236495732
state,19,West Bengal,top_cost,4,,,IA/WB/IND1/588317/2026,"Application of “No Increase in Pollution Load” Certificate for Change in Configuration of CPP Plant for Power Generation from only CFBC Boiler instead of permitted AFBC and WHRB Boilers and surrendering permitted Producer Gas Plant at Village- Madandih, P.O.- Bartoria, District: Purulia, West Bengal",SHAKAMBHARI ISPAT & POWER LIMITED,Puruliya,,2026-08-07T12:09:27.913+00:00,,131800.0,81.103,https://parivesh.nic.in/newupgrade/#/report/ec?proposalId=1237802695
state,19,West Bengal,top_cost,5,,,FP/WB/IND/583550/2026,Diversion of forest land at mouza-Saharjora (Plasto Steel Park) for setting of Iron and Steel Plant,ADVAY UDYOG PRIVATE LIMITED,Bankura,Pending at MS for Acceptance in PSC-I,2026-06-27T10:18:39.344+00:00,,130000.0,45.98,https://parivesh.nic.in/newupgrade/#/report/ec?proposalId=1233493753
state,19,West Bengal,top_cost,6,,,WL/WB/ROAD/580014/2026,"Construction of Additional Major Bridge and its approaches across river Teesta (at Sevoke) starting around km 591.31 of NH-10(Old NH-31) in the District of Darjeeling, West Bengal",NATIONAL HIGHWAY AUTHORITY OF INDIA,Kalimpong,,2026-05-24T03:32:08.786+00:00,,120318.83422,33.29,https://parivesh.nic.in/newupgrade/#/report/ec?proposalId=1228919730
state,19,West Bengal,top_cost,7,,,IA/WB/IND1/508540/2024,"Expansion of Sponge Iron production from 3,18,000 TPA to 3,88,000 TPA by process optimization under provision of NIPL as per the EIA Notification S.O.1533 (E), dated 14th Septemeber, 2006 further amended vide S.O 980 (E) dated 2nd March, 2021 at Jamuria Industrial Estate, Village Ikra & Damodarpur, Tehsil Jamuria, District Paschim Bardhaman, West Bengal by Giridhan Metal Private Limited",GIRIDHAN METAL PRIVATE LIMITED,Paschim Bardhaman,,2024-11-27T07:42:04.962+00:00,,99696.0,31.74,https://parivesh.nic.in/newupgrade/#/report/ec?proposalId=112602420
state,19,West Bengal,top_cost,8,,,SIA/WB/INFRA2/543285/2025,Mega Commercial Project by Bengal Bonded Warehouse Limited.,BENGAL BONDED WAREHOUSE LIMITED,Kolkata,EC Granted,2025-07-01T08:02:55.048+00:00,2026-05-15T10:52:00.117+00:00,98087.132,1.1197,https://parivesh.nic.in/newupgrade/#/report/ec?proposalId=131199231
state,19,West Bengal,top_cost,9,,,SIA/WB/INFRA1/556343/2025,"Preparation of Major Bridge over River Bhagirathi including Viaducts, ROBs, Interchanges, other Major and Minor Bridges, Grade Separators etc. Connecting Kalna of STKK Road and Gobindapur of NH 12 (Old NH 34) in the District of Purba Bardhaman and Nadia in West Bengal",Public Works Department,Nadia,ToR Granted,2025-10-28T11:01:49.670+00:00,2026-01-07T11:48:42.049+00:00,97899.0,83.4,https://parivesh.nic.in/newupgrade/#/report/ec?proposalId=138772073
state,19,West Bengal,top_cost,10,,,IA/WB/IND2/503142/2024,"Installation of 2nd Catalytic Iso Dewaxing unit of capacity 270 TMTPA (Thousand Metric Ton Per Annum), by M/S Haldia Refinery of Indian Oil Corporation Limited, Located at East Medinipur, West Bengal-Environmental Clearance Regarding",INDIAN OIL CORPORATION LTD,Purba Medinipur,Proposal returned in present form,2024-10-26T07:25:19.198+00:00,,96700.0,0.53,https://parivesh.nic.in/newupgrade/#/report/ec?proposalId=110364265
state,19,West Bengal,top_land,1,,,IA/WB/IND2/407038/2022,"Onshore development and production of oil and gas from 15 Development wells and establishment of Quick Production Systems (QPS) in NELP VII block WB-ONN-2005/4 situated in North 24 Parganas and Nadia districts, West Bengal",OIL AND NATURAL GAS CORPORATION LIMITED,NORTH TWENTY FOUR PARGAN*,EC Granted,2022-11-18T10:20:21.463+00:00,2023-04-13T00:00:00.000+00:00,51600.0,155491.0,https://parivesh.nic.in/newupgrade/#/report/ec?proposalId=1606815
state,19,West Bengal,top_land,2,,,IA/WB/IND2/574056/2026,"Onshore development and production of oil and gas from 15 Development wells and establishment of Quick Production Systems (QPS) in NELP VII block WB-ONN-2005/4 situated in North 24 Parganas and Nadia districts, West Bengal",OIL AND NATURAL GAS CORPORATION LIMITED,NORTH TWENTY FOUR PARGAN*,EC Granted,2026-03-30T08:25:55.613+00:00,2026-06-12T10:00:50.084+00:00,51600.0,155491.0,https://parivesh.nic.in/newupgrade/#/report/ec?proposalId=1222946853
state,19,West Bengal,top_land,3,,,WL/WB/Others/507272/2024,Reorganisation of Sundarban Tiger Reserve,Sundarban Tiger Reserve,South Twenty Four Pargana,,2024-11-22T06:13:11.293+00:00,,0.0,104468.0,https://parivesh.nic.in/newupgrade/#/report/ec?proposalId=112121658
state,19,West Bengal,top_land,4,,,SIA/WB/INFRA2/430314/2023,Environmental Clearance for Housing Complex by  M/s DTC Projects Pvt. Ltd. (Under Violation Category),DTC PROJECTS PVT. LTD.,South Twenty Four Pargana,TOR Granted,2023-05-22T12:27:22.470+00:00,2023-07-26T14:46:13.177+00:00,23650.0,76788.0,https://parivesh.nic.in/newupgrade/#/report/ec?proposalId=5538303
state,19,West Bengal,top_land,5,,,SIA/WB/INFRA2/440103/2023,Environmental Clearance for Housing Complex by  M/s DTC Projects Pvt. Ltd. (Under Violation Category),DTC PROJECTS PVT. LTD.,South Twenty Four Pargana,EC Granted,2023-08-11T05:45:33.269+00:00,2024-01-22T15:46:12.973+00:00,23650.0,76788.0,https://parivesh.nic.in/newupgrade/#/report/ec?proposalId=7868824
state,19,West Bengal,top_land,6,,,SIA/WB/INFRA2/489354/2024,Industrial buildings (Low Hazard) by Srijan Realty Private Limited,SRIJAN REALTY PRIVATE LIMITED,Howrah,EC Granted,2024-07-23T08:41:03.703+00:00,,15951.0,54522.595,https://parivesh.nic.in/newupgrade/#/report/ec?proposalId=86826903
state,19,West Bengal,top_land,7,,,SIA/WB/IND1/404119/2022,"Proposed Installation Of 4x10t Induction Furnace & Rolling Mill For Production Of 1,32,000 Tpa Ms Billet And 1,05,600 Tpa Rolling Mill Products (Tmt, Wire Rods, Round, Flat, Square, Hex – Bars, Angles, Channel, Joist Etc.) At Plot No. A20, Panagarh Industrial Park, Dist. - Paschim Bardhaman, West Bengal",KAMALDEEP ISPAT PRIVATE LIMITED,Paschim Bardhaman,EC Granted,2022-10-21T13:07:32.859+00:00,2023-04-05T16:42:16.393+00:00,6350.0,40469.58,https://parivesh.nic.in/newupgrade/#/report/ec?proposalId=1248999
state,19,West Bengal,top_land,8,,,SIA/WB/INFRA2/470414/2024,Environmental Clearance for  Proposed Expansion of  Residential Complex of ‘DTC CAPITAL CITY’  by DTC PROJECTS PVT. LTD.,DTC PROJECTS PRIVATE LIMITED,North Twenty Four Pargan*,EC Granted,2024-04-24T05:51:51.264+00:00,2024-11-18T11:57:56.356+00:00,23139.0,40347.407,https://parivesh.nic.in/newupgrade/#/report/ec?proposalId=62754770
state,19,West Bengal,top_land,9,,,SIA/WB/INFRA2/489374/2024,(Low Hazard) Industrial Complex (along with Residential Block for labour) by Imperial Plaza Private Limited,imperial  plaza private limited,Howrah,EC Granted,2024-07-23T09:48:51.319+00:00,2024-12-11T08:16:41.169+00:00,5000.0,31825.95,https://parivesh.nic.in/newupgrade/#/report/ec?proposalId=86836169
state,19,West Bengal,top_land,10,,,SIA/WB/INFRA2/446886/2023,Residential Complex By Arch Griha Nirman Private Limited,ARCH GRIHA NIRMAN PRIVATE LIMITED,North Twenty Four Pargan*,EC Granted,2023-10-04T08:18:59.917+00:00,2024-02-27T17:20:06.100+00:00,43279.0,30590.53,https://parivesh.nic.in/newupgrade/#/report/ec?proposalId=14553742
state,20,Jharkhand,stat,,projects,2685,,,,,,,,,,
state,20,Jharkhand,stat,,active_projects,2247,,,,,,,,,,
state,20,Jharkhand,stat,,applications,2247,,,,,,,,,,
state,20,Jharkhand,stat,,ec_granted,1419,,,,,,,,,,
state,20,Jharkhand,stat,,ec_tor,301,,,,,,,,,,
state,20,Jharkhand,stat,,ec_pending,441,,,,,,,,,,
state,20,Jharkhand,stat,,ec_rejected,13,,,,,,,,,,
state,20,Jharkhand,stat,,ec_withdrawn,73,,,,,,,,,,
state,20,Jharkhand,stat,,pc_A,191,,,,,,,,,,
state,20,Jharkhand,stat,,pc_B1,520,,,,,,,,,,
state,20,Jharkhand,stat,,pc_B2,1225,,,,,,,,,,
state,20,Jharkhand,stat,,pc_OTHER,311,,,,,,,,,,
state,20,Jharkhand,stat,,ty_ec,1750,,,,,,,,,,
state,20,Jharkhand,stat,,ty_forest,203,,,,,,,,,,
state,20,Jharkhand,stat,,ty_wildlife,57,,,,,,,,,,
state,20,Jharkhand,stat,,ty_crz,0,,,,,,,,,,
state,20,Jharkhand,stat,,ty_other,237,,,,,,,,,,
state,20,Jharkhand,stat,,delisted_or_removed,438,,,,,,,,,,
state,20,Jharkhand,stat,,total_cost_lakhs,25878819.83,,,,,,,,,,
state,20,Jharkhand,stat,,cost_outliers_excluded,6,,,,,,,,,,
state,20,Jharkhand,stat,,total_land_ha,315467.5739,,,,,,,,,,
state,20,Jharkhand,stat,,latest_application,2026-10-09T16:14:05.809+00:00,,,,,,,,,,
state,20,Jharkhand,stat,,latest_grant,2026-09-28T04:09:27.870+00:00,,,,,,,,,,
state,20,Jharkhand,stat,,changes_added,2,,,,,,,,,,
state,20,Jharkhand,stat,,changes_removed,0,,,,,,,,,,
state,20,Jharkhand,stat,,changes_updated,300,,,,,,,,,,
state,20,Jharkhand,stat,,changes_status,0,,,,,,,,,,
state,20,Jharkhand,stat,,compared_with,2026-10-09T20:19:01Z,,,,,,,,,,
state,20,Jharkhand,stat,,changes_added_active,2,,,,,,,,,,
state,20,Jharkhand,stat,,changes_removed_active,0,,,,,,,,,,
state,20,Jharkhand,stat,,changes_updated_active,228,,,,,,,,,,
state,20,Jharkhand,stat,,changes_status_active,0,,,,,,,,,,
state,20,Jharkhand,stat,,window_added_active,16,,,,,,,,,,
state,20,Jharkhand,stat,,window_updated_active,221,,,,,,,,,,
state,20,Jharkhand,stat,,window_added,16,,,,,,,,,,
state,20,Jharkhand,stat,,window_updated,293,,,,,,,,,,
state,20,Jharkhand,stat,,window_since,2026-09-30T11:15:03Z,,,,,,,,,,
state,20,Jharkhand,status,,EC Granted,1382,,,,,,,,,,
state,20,Jharkhand,status,,DELISTED_BY_SYSTEM,396,,,,,,,,,,
state,20,Jharkhand,status,,ToR Granted,217,,,,,,,,,,
state,20,Jharkhand,status,,(none),75,,,,,,,,,,
state,20,Jharkhand,status,,TOR Granted,58,,,,,,,,,,
state,20,Jharkhand,status,,Under Verification,43,,,,,,,,,,
state,20,Jharkhand,status,,REMOVED,42,,,,,,,,,,
state,20,Jharkhand,status,,Referred to SEIAA,38,,,,,,,,,,
state,20,Jharkhand,status,,Pending at MS for Proposal Withdraw,37,,,,,,,,,,
state,20,Jharkhand,status,,Proposal pulled back (withdrawn),36,,,,,,,,,,
state,20,Jharkhand,status,,Pending at UA due to EDS by MS after PSC-I,25,,,,,,,,,,
state,20,Jharkhand,status,,Standard ToR Granted,22,,,,,,,,,,
state,20,Jharkhand,status,,Proposal returned in present form,22,,,,,,,,,,
state,20,Jharkhand,status,,Under Examination,19,,,,,,,,,,
state,20,Jharkhand,status,,Pending at DFO for Scrutiny and Recommendation,19,,,,,,,,,,
state,20,Jharkhand,status,,Approval Granted,19,,,,,,,,,,
state,20,Jharkhand,status,,EDS raised,16,,,,,,,,,,
state,20,Jharkhand,status,,Pending at UA due to EDS by DFO,15,,,,,,,,,,
state,20,Jharkhand,status,,Granted,14,,,,,,,,,,
state,20,Jharkhand,status,,Withdrawal Request Accepted,13,,,,,,,,,,
state,20,Jharkhand,status,,Proposal Accepted and Referred to SEAC,13,,,,,,,,,,
state,20,Jharkhand,status,,Pending at MS for Acceptance in PSC-I,11,,,,,,,,,,
state,20,Jharkhand,status,,Pending on UA for Compensatory Levies Payment,10,,,,,,,,,,
state,20,Jharkhand,status,,EC Rejected,9,,,,,,,,,,
state,20,Jharkhand,status,,Pending at PP due to EDS by DFO,9,,,,,,,,,,
state,20,Jharkhand,status,,Pending at UA for Compliance Report,8,,,,,,,,,,
state,20,Jharkhand,status,,Pending at State Government for Diversion Letter,7,,,,,,,,,,
state,20,Jharkhand,status,,Pending at State Secretary for Compliance Review,6,,,,,,,,,,
state,20,Jharkhand,status,,Pending at State Secretary for Recommendation,6,,,,,,,,,,
state,20,Jharkhand,status,,Forwarded to MS,6,,,,,,,,,,
state,20,Jharkhand,status,,Pending at DFO/CF after acceptance in PSC-I,6,,,,,,,,,,
state,20,Jharkhand,status,,Pending at State Secretary due to EDS by RO,5,,,,,,,,,,
state,20,Jharkhand,status,,Pending at DFO,5,,,,,,,,,,
state,20,Jharkhand,status,,Pending at UA for DFO EDS Reply,5,,,,,,,,,,
state,20,Jharkhand,status,,ADS Raised,5,,,,,,,,,,
state,20,Jharkhand,status,,Proposal Accepted and Referred to EAC,5,,,,,,,,,,
state,20,Jharkhand,status,,TOR GRANTED,4,,,,,,,,,,
state,20,Jharkhand,status,,Pending at MS for Recommendation in PSC-II,4,,,,,,,,,,
state,20,Jharkhand,status,,Pending at State Secretary for Recommendation after PSC-II,4,,,,,,,,,,
state,20,Jharkhand,status,,Final Diversion Order Issued,4,,,,,,,,,,
state,20,Jharkhand,status,,Pending at SS for Diversion Letter,3,,,,,,,,,,
state,20,Jharkhand,status,,Pending at Technical Officer - IRO,3,,,,,,,,,,
state,20,Jharkhand,status,,Pending at Nodal Officer due to EDS by State Secretary,3,,,,,,,,,,
state,20,Jharkhand,status,,Pending at DFO for Compensatory Levies,3,,,,,,,,,,
state,20,Jharkhand,status,,Forwarded to DD,3,,,,,,,,,,
state,20,Jharkhand,status,,Pending at Nodal Officer for Recommendation,3,,,,,,,,,,
state,20,Jharkhand,status,,EDS Raised,3,,,,,,,,,,
state,20,Jharkhand,status,,Pending at Technical Officer - RO,2,,,,,,,,,,
state,20,Jharkhand,status,,Pending at UA due to EDS by MS after PSC-II,2,,,,,,,,,,
state,20,Jharkhand,status,,"Pending at State Secretary due to EDS by MoEFCC, HQ",2,,,,,,,,,,
state,20,Jharkhand,status,,Pending at DFO due to EDS by Nodal Officer,2,,,,,,,,,,
state,20,Jharkhand,status,,Proposal Withdrawal Request Accepted,2,,,,,,,,,,
state,20,Jharkhand,status,,Pending at DFO/CF/Nodal Officer after acceptance in PSC-I,2,,,,,,,,,,
state,20,Jharkhand,status,,REJECTED,1,,,,,,,,,,
state,20,Jharkhand,status,,Ec Form 9 Rejected,1,,,,,,,,,,
state,20,Jharkhand,status,,Rejected in PSC-I,1,,,,,,,,,,
state,20,Jharkhand,status,,Pending at DFO For Compliance Review,1,,,,,,,,,,
state,20,Jharkhand,status,,"Pending at Technical Officer - MoEFCC, HQ",1,,,,,,,,,,
state,20,Jharkhand,status,,Pending at REC,1,,,,,,,,,,
state,20,Jharkhand,status,,Pending at Nodal Officer for Compliance Review,1,,,,,,,,,,
state,20,Jharkhand,status,,ToR Rejected,1,,,,,,,,,,
state,20,Jharkhand,status,,Pending at DFO for Issue Approval letter,1,,,,,,,,,,
state,20,Jharkhand,status,,Pending at DFO due to EDS by MS After PSC-II,1,,,,,,,,,,
state,20,Jharkhand,status,,Stage-I FC Awaited,1,,,,,,,,,,
state,20,Jharkhand,status,,Pending at UA due to EDS raised by DFO,1,,,,,,,,,,
state,20,Jharkhand,applications_by_year,,2022,93,,,,,,,,,,
state,20,Jharkhand,applications_by_year,,2023,523,,,,,,,,,,
state,20,Jharkhand,applications_by_year,,2024,594,,,,,,,,,,
state,20,Jharkhand,applications_by_year,,2025,733,,,,,,,,,,
state,20,Jharkhand,applications_by_year,,2026,304,,,,,,,,,,
state,20,Jharkhand,year_granted,,2022,68,,,,,,,,,,
state,20,Jharkhand,year_granted,,2023,350,,,,,,,,,,
state,20,Jharkhand,year_granted,,2024,374,,,,,,,,,,
state,20,Jharkhand,year_granted,,2025,522,,,,,,,,,,
state,20,Jharkhand,year_granted,,2026,105,,,,,,,,,,
state,20,Jharkhand,year_tor,,2022,12,,,,,,,,,,
state,20,Jharkhand,year_tor,,2023,69,,,,,,,,,,
state,20,Jharkhand,year_tor,,2024,117,,,,,,,,,,
state,20,Jharkhand,year_tor,,2025,87,,,,,,,,,,
state,20,Jharkhand,year_tor,,2026,16,,,,,,,,,,
state,20,Jharkhand,year_pending,,2022,12,,,,,,,,,,
state,20,Jharkhand,year_pending,,2023,91,,,,,,,,,,
state,20,Jharkhand,year_pending,,2024,82,,,,,,,,,,
state,20,Jharkhand,year_pending,,2025,86,,,,,,,,,,
state,20,Jharkhand,year_pending,,2026,170,,,,,,,,,,
state,20,Jharkhand,year_rejected,,2022,1,,,,,,,,,,
state,20,Jharkhand,year_rejected,,2023,3,,,,,,,,,,
state,20,Jharkhand,year_rejected,,2024,2,,,,,,,,,,
state,20,Jharkhand,year_rejected,,2025,7,,,,,,,,,,
state,20,Jharkhand,year_withdrawn,,2023,10,,,,,,,,,,
state,20,Jharkhand,year_withdrawn,,2024,19,,,,,,,,,,
state,20,Jharkhand,year_withdrawn,,2025,31,,,,,,,,,,
state,20,Jharkhand,year_withdrawn,,2026,13,,,,,,,,,,
state,20,Jharkhand,year_pc_A,,2022,1,,,,,,,,,,
state,20,Jharkhand,year_pc_A,,2023,53,,,,,,,,,,
state,20,Jharkhand,year_pc_A,,2024,53,,,,,,,,,,
state,20,Jharkhand,year_pc_A,,2025,47,,,,,,,,,,
state,20,Jharkhand,year_pc_A,,2026,37,,,,,,,,,,
state,20,Jharkhand,year_pc_B1,,2022,29,,,,,,,,,,
state,20,Jharkhand,year_pc_B1,,2023,116,,,,,,,,,,
state,20,Jharkhand,year_pc_B1,,2024,163,,,,,,,,,,
state,20,Jharkhand,year_pc_B1,,2025,148,,,,,,,,,,
state,20,Jharkhand,year_pc_B1,,2026,64,,,,,,,,,,
state,20,Jharkhand,year_pc_B2,,2022,51,,,,,,,,,,
state,20,Jharkhand,year_pc_B2,,2023,286,,,,,,,,,,
state,20,Jharkhand,year_pc_B2,,2024,312,,,,,,,,,,
state,20,Jharkhand,year_pc_B2,,2025,449,,,,,,,,,,
state,20,Jharkhand,year_pc_B2,,2026,127,,,,,,,,,,
state,20,Jharkhand,year_pc_OTHER,,2022,12,,,,,,,,,,
state,20,Jharkhand,year_pc_OTHER,,2023,68,,,,,,,,,,
state,20,Jharkhand,year_pc_OTHER,,2024,66,,,,,,,,,,
state,20,Jharkhand,year_pc_OTHER,,2025,89,,,,,,,,,,
state,20,Jharkhand,year_pc_OTHER,,2026,76,,,,,,,,,,
state,20,Jharkhand,cube,,2022|granted|B1|ec,18,,,,,,,,,,
state,20,Jharkhand,cube,,2022|granted|B2|ec,50,,,,,,,,,,
state,20,Jharkhand,cube,,2022|pending|OTHER|forest,7,,,,,,,,,,
state,20,Jharkhand,cube,,2022|pending|OTHER|wildlife,5,,,,,,,,,,
state,20,Jharkhand,cube,,2022|rejected|B1|ec,1,,,,,,,,,,
state,20,Jharkhand,cube,,2022|tor|A|ec,1,,,,,,,,,,
state,20,Jharkhand,cube,,2022|tor|B1|ec,10,,,,,,,,,,
state,20,Jharkhand,cube,,2022|tor|B2|ec,1,,,,,,,,,,
state,20,Jharkhand,cube,,2023|granted|A|ec,11,,,,,,,,,,
state,20,Jharkhand,cube,,2023|granted|A|other,12,,,,,,,,,,
state,20,Jharkhand,cube,,2023|granted|B1|ec,53,,,,,,,,,,
state,20,Jharkhand,cube,,2023|granted|B1|other,5,,,,,,,,,,
state,20,Jharkhand,cube,,2023|granted|B2|ec,267,,,,,,,,,,
state,20,Jharkhand,cube,,2023|granted|OTHER|forest,2,,,,,,,,,,
state,20,Jharkhand,cube,,2023|pending|A|ec,3,,,,,,,,,,
state,20,Jharkhand,cube,,2023|pending|A|other,1,,,,,,,,,,
state,20,Jharkhand,cube,,2023|pending|B1|ec,6,,,,,,,,,,
state,20,Jharkhand,cube,,2023|pending|B2|ec,17,,,,,,,,,,
state,20,Jharkhand,cube,,2023|pending|OTHER|forest,42,,,,,,,,,,
state,20,Jharkhand,cube,,2023|pending|OTHER|other,3,,,,,,,,,,
state,20,Jharkhand,cube,,2023|pending|OTHER|wildlife,19,,,,,,,,,,
state,20,Jharkhand,cube,,2023|rejected|B1|ec,1,,,,,,,,,,
state,20,Jharkhand,cube,,2023|rejected|OTHER|forest,1,,,,,,,,,,
state,20,Jharkhand,cube,,2023|rejected|OTHER|other,1,,,,,,,,,,
state,20,Jharkhand,cube,,2023|tor|A|ec,14,,,,,,,,,,
state,20,Jharkhand,cube,,2023|tor|A|other,3,,,,,,,,,,
state,20,Jharkhand,cube,,2023|tor|B1|ec,50,,,,,,,,,,
state,20,Jharkhand,cube,,2023|tor|B2|ec,2,,,,,,,,,,
state,20,Jharkhand,cube,,2023|withdrawn|A|ec,6,,,,,,,,,,
state,20,Jharkhand,cube,,2023|withdrawn|A|other,3,,,,,,,,,,
state,20,Jharkhand,cube,,2023|withdrawn|B1|ec,1,,,,,,,,,,
state,20,Jharkhand,cube,,2024|granted|A|ec,10,,,,,,,,,,
state,20,Jharkhand,cube,,2024|granted|A|other,20,,,,,,,,,,
state,20,Jharkhand,cube,,2024|granted|B1|ec,30,,,,,,,,,,
state,20,Jharkhand,cube,,2024|granted|B1|other,10,,,,,,,,,,
state,20,Jharkhand,cube,,2024|granted|B2|ec,287,,,,,,,,,,
state,20,Jharkhand,cube,,2024|granted|B2|other,8,,,,,,,,,,
state,20,Jharkhand,cube,,2024|granted|OTHER|forest,2,,,,,,,,,,
state,20,Jharkhand,cube,,2024|granted|OTHER|other,7,,,,,,,,,,
state,20,Jharkhand,cube,,2024|pending|A|ec,2,,,,,,,,,,
state,20,Jharkhand,cube,,2024|pending|A|other,2,,,,,,,,,,
state,20,Jharkhand,cube,,2024|pending|B1|ec,10,,,,,,,,,,
state,20,Jharkhand,cube,,2024|pending|B2|ec,11,,,,,,,,,,
state,20,Jharkhand,cube,,2024|pending|B2|other,1,,,,,,,,,,
state,20,Jharkhand,cube,,2024|pending|OTHER|forest,39,,,,,,,,,,
state,20,Jharkhand,cube,,2024|pending|OTHER|other,4,,,,,,,,,,
state,20,Jharkhand,cube,,2024|pending|OTHER|wildlife,13,,,,,,,,,,
state,20,Jharkhand,cube,,2024|rejected|B2|ec,1,,,,,,,,,,
state,20,Jharkhand,cube,,2024|rejected|OTHER|forest,1,,,,,,,,,,
state,20,Jharkhand,cube,,2024|tor|A|ec,10,,,,,,,,,,
state,20,Jharkhand,cube,,2024|tor|B1|ec,106,,,,,,,,,,
state,20,Jharkhand,cube,,2024|tor|B1|other,1,,,,,,,,,,
state,20,Jharkhand,cube,,2024|withdrawn|A|ec,5,,,,,,,,,,
state,20,Jharkhand,cube,,2024|withdrawn|A|other,4,,,,,,,,,,
state,20,Jharkhand,cube,,2024|withdrawn|B1|ec,4,,,,,,,,,,
state,20,Jharkhand,cube,,2024|withdrawn|B1|other,2,,,,,,,,,,
state,20,Jharkhand,cube,,2024|withdrawn|B2|ec,4,,,,,,,,,,
state,20,Jharkhand,cube,,2025|granted|A|ec,7,,,,,,,,,,
state,20,Jharkhand,cube,,2025|granted|A|other,11,,,,,,,,,,
state,20,Jharkhand,cube,,2025|granted|B1|ec,59,,,,,,,,,,
state,20,Jharkhand,cube,,2025|granted|B1|other,7,,,,,,,,,,
state,20,Jharkhand,cube,,2025|granted|B2|ec,390,,,,,,,,,,
state,20,Jharkhand,cube,,2025|granted|B2|other,18,,,,,,,,,,
state,20,Jharkhand,cube,,2025|granted|OTHER|forest,9,,,,,,,,,,
state,20,Jharkhand,cube,,2025|granted|OTHER|other,21,,,,,,,,,,
state,20,Jharkhand,cube,,2025|pending|A|other,1,,,,,,,,,,
state,20,Jharkhand,cube,,2025|pending|B1|ec,6,,,,,,,,,,
state,20,Jharkhand,cube,,2025|pending|B2|ec,19,,,,,,,,,,
state,20,Jharkhand,cube,,2025|pending|B2|other,2,,,,,,,,,,
state,20,Jharkhand,cube,,2025|pending|OTHER|forest,42,,,,,,,,,,
state,20,Jharkhand,cube,,2025|pending|OTHER|other,6,,,,,,,,,,
state,20,Jharkhand,cube,,2025|pending|OTHER|wildlife,10,,,,,,,,,,
state,20,Jharkhand,cube,,2025|rejected|B1|ec,1,,,,,,,,,,
state,20,Jharkhand,cube,,2025|rejected|B2|ec,4,,,,,,,,,,
state,20,Jharkhand,cube,,2025|rejected|B2|other,1,,,,,,,,,,
state,20,Jharkhand,cube,,2025|rejected|OTHER|other,1,,,,,,,,,,
state,20,Jharkhand,cube,,2025|tor|A|ec,15,,,,,,,,,,
state,20,Jharkhand,cube,,2025|tor|A|other,2,,,,,,,,,,
state,20,Jharkhand,cube,,2025|tor|B1|ec,69,,,,,,,,,,
state,20,Jharkhand,cube,,2025|tor|B1|other,1,,,,,,,,,,
state,20,Jharkhand,cube,,2025|withdrawn|A|ec,8,,,,,,,,,,
state,20,Jharkhand,cube,,2025|withdrawn|A|other,3,,,,,,,,,,
state,20,Jharkhand,cube,,2025|withdrawn|B1|ec,5,,,,,,,,,,
state,20,Jharkhand,cube,,2025|withdrawn|B2|ec,13,,,,,,,,,,
state,20,Jharkhand,cube,,2025|withdrawn|B2|other,2,,,,,,,,,,
state,20,Jharkhand,cube,,2026|granted|A|ec,5,,,,,,,,,,
state,20,Jharkhand,cube,,2026|granted|A|other,4,,,,,,,,,,
state,20,Jharkhand,cube,,2026|granted|B1|ec,14,,,,,,,,,,
state,20,Jharkhand,cube,,2026|granted|B1|other,8,,,,,,,,,,
state,20,Jharkhand,cube,,2026|granted|B2|ec,21,,,,,,,,,,
state,20,Jharkhand,cube,,2026|granted|B2|other,42,,,,,,,,,,
state,20,Jharkhand,cube,,2026|granted|OTHER|forest,10,,,,,,,,,,
state,20,Jharkhand,cube,,2026|granted|OTHER|other,1,,,,,,,,,,
state,20,Jharkhand,cube,,2026|pending|A|ec,10,,,,,,,,,,
state,20,Jharkhand,cube,,2026|pending|A|other,5,,,,,,,,,,
state,20,Jharkhand,cube,,2026|pending|B1|ec,26,,,,,,,,,,
state,20,Jharkhand,cube,,2026|pending|B1|other,4,,,,,,,,,,
state,20,Jharkhand,cube,,2026|pending|B2|ec,60,,,,,,,,,,
state,20,Jharkhand,cube,,2026|pending|OTHER|forest,48,,,,,,,,,,
state,20,Jharkhand,cube,,2026|pending|OTHER|other,7,,,,,,,,,,
state,20,Jharkhand,cube,,2026|pending|OTHER|wildlife,10,,,,,,,,,,
state,20,Jharkhand,cube,,2026|tor|A|ec,7,,,,,,,,,,
state,20,Jharkhand,cube,,2026|tor|B1|ec,9,,,,,,,,,,
state,20,Jharkhand,cube,,2026|withdrawn|A|ec,6,,,,,,,,,,
state,20,Jharkhand,cube,,2026|withdrawn|B1|ec,1,,,,,,,,,,
state,20,Jharkhand,cube,,2026|withdrawn|B1|other,2,,,,,,,,,,
state,20,Jharkhand,cube,,2026|withdrawn|B2|ec,3,,,,,,,,,,
state,20,Jharkhand,cube,,2026|withdrawn|B2|other,1,,,,,,,,,,
state,20,Jharkhand,run,,run_status,ok,,,,,,,,,,
state,20,Jharkhand,run,,run_date,2026-10-10T05:52:28Z,,,,,,,,,,
state,20,Jharkhand,run,,run_url,https://github.com/publicmap/parivesh-dashboard/actions/runs/38027443840,,,,,,,,,,
state,20,Jharkhand,top_recent_ec,1,,,IA/JH/IND2/580901/2026,"Establishment of Greenfield 100,000 TPA Coal Tar Distillation Plant for production of 54,000 Coal Tar Pitch, 10,000 TPA Naphthalene, 20,000 TPA Anthracene Oil, 1,000 TPA Light Oil, 2,000 TPA Phenol Oil, 9,000 TPA Wash Oil & 1,000 TPA Residual Oil by M/s Kodarma Petrochemicals Pvt. Ltd. at Village: Gumo, Tahsil: Jhumritelaiya, District: Koderma, State: Jharkhand.",kodarma petrochemicals private limited,Kodarma,EC Granted,2026-06-02T09:15:02.296+00:00,2026-09-28T04:09:27.870+00:00,7400.0,1.04,https://parivesh.nic.in/newupgrade/#/report/ec?proposalId=1230664542
state,20,Jharkhand,top_recent_ec,2,,,IA/JH/CMIN/585057/2026,"Amendment in Environment Clearance (EC) of Pakri Barwadih Coal Mining Project, NTPC Mining Limited",NTPC MINING LIMITED,Hazaribagh,EC Granted,2026-07-11T07:02:42.713+00:00,2026-09-18T04:05:11.062+00:00,10.32309,3319.42,https://parivesh.nic.in/newupgrade/#/report/ec?proposalId=1234964212
state,20,Jharkhand,top_recent_ec,3,,,IA/JH/IND1/577248/2026,"Establishment of Greenfield Ferro Alloys Plant for production of 56,000 TPA (max.) Ferro Alloys (Si-Mn or Fe-Mn or Fe-Si) or 64,000 TPA Pig Iron or combination of any by Shree Bholey Alloys Pvt Ltd (Unit-III) at Plot No. IV/C-2(P), Bokaro Industrial Estate, Balidih, Bokaro district, Jharkhand.",shree bholey alloys private limited,Bokaro,EC Granted,2026-04-28T09:35:34.822+00:00,2026-08-30T06:51:26.448+00:00,3313.0,1.01,https://parivesh.nic.in/newupgrade/#/report/ec?proposalId=1225794939
state,20,Jharkhand,top_recent_ec,4,,,IA/JH/CMIN/581178/2026,"Kotre Basantpur Pachmo OCP (Project Area: 1011.87 Ha, Capacity: 5 MTY)",CENTRAL COALFIELDS LIMITED,Bokaro,EC Granted,2026-06-04T10:26:23.671+00:00,2026-08-19T04:08:42.325+00:00,62540.0,1011.87,https://parivesh.nic.in/newupgrade/#/report/ec?proposalId=1230979964
state,20,Jharkhand,top_recent_ec,5,,,IA/JH/IND1/551672/2026,"Establishment of Greenfield Plant for Production of 123,000 TPA (max.) Ferro Alloy or 154,000 TPA Pig Iron or 31,000 TPA Metallurgical Grade Silicon Metal, Captive Power Plant of 6MW (WHRB-2x1 MW + 2x2MW), 20 TPH Jigging Plant and Fly Ash Brick Manufacturing unit of 240,000 TPA by M/s CR Advanced Materials Pvt. Ltd. at Village-Manjhiladih, Dist. Giridih, Jharkhand",CR ADVANCED MATERIALS PRIVATE LIMITED,Dhanbad,EC Granted,2025-09-15T11:11:00.940+00:00,2026-08-13T06:55:16.171+00:00,55000.0,4.94,https://parivesh.nic.in/newupgrade/#/report/ec?proposalId=136304064
state,20,Jharkhand,top_recent_ec,6,,,SIA/JH/CMIN/574832/2026,"Proposed Green Field Project to set-up wet 2.48 MTPA Coal Washery At Kh No 194, 195, 198, 284 Plot No CS 24P, 25, 26, 27 P, 162 163, 164P, Village Olhepat,  District Latehar, Jharkhand by M/s Omkar Coal Washeries Pvt Ltd",OMKAR COAL WASHERIES PRIVATE LIMITED,Latehar,EC Granted,2026-04-06T12:16:26.884+00:00,2026-08-12T08:04:27.354+00:00,2927.0,7.48,https://parivesh.nic.in/newupgrade/#/report/ec?proposalId=1223506981
state,20,Jharkhand,top_recent_ec,7,,,SIA/JH/MIN/582931/2026,Bhadudih Stone Deposit (0.708 Ha),Devraj  Mahato,Saraikela-kharsawan,EC Granted,2026-06-22T10:08:40.444+00:00,2026-08-12T08:02:23.690+00:00,46.032,0.708,https://parivesh.nic.in/newupgrade/#/report/ec?proposalId=1232944017
state,20,Jharkhand,top_recent_ec,8,,,SIA/JH/MIN/585520/2026,DEOBAHARGINDRA AND BAGDEGA SAND GHAT,UJIT RAM,Simdega,EC Granted,2026-07-15T10:31:14.380+00:00,2026-08-12T07:59:49.595+00:00,12000000.0,4.32,https://parivesh.nic.in/newupgrade/#/report/ec?proposalId=1235346156
state,20,Jharkhand,top_recent_ec,9,,,SIA/JH/MIN/582153/2026,NAGRI STONE DEPOSIT,SACHIDANAND KUMAR DEO,Giridih,EC Granted,2026-06-15T06:11:10.768+00:00,2026-08-12T07:46:53.721+00:00,1750800.0,0.992,https://parivesh.nic.in/newupgrade/#/report/ec?proposalId=1232082086
state,20,Jharkhand,top_recent_ec,10,,,SIA/JH/MIN/561817/2025,Tentuliya Stone Deposit,MOHAMMAD Arman Ansari,Dhanbad,EC Granted,2025-12-15T11:54:41.427+00:00,2026-08-12T07:36:40.409+00:00,90.0,2.14,https://parivesh.nic.in/newupgrade/#/report/ec?proposalId=1023816778
state,20,Jharkhand,top_cost,1,,,SIA/JH/MIN/584585/2026,HATHIDARI STONE DEPOSIT,SHAMBHAVI MINING COMPANY,Sahibganj,EC Granted,2026-07-07T13:45:25.797+00:00,2026-08-12T06:27:20.218+00:00,2278300.0,2.934,https://parivesh.nic.in/newupgrade/#/report/ec?proposalId=1234554920
state,20,Jharkhand,top_cost,2,,,IA/JH/THE/582927/2026,"Proposed Expansion by addition of 2x800 MW Coal Based Thermal Power Units to existing 2x250 MW Chandrapura Thermal Power Station (CTPS) by DVC-CIL Power Private Limited, a Joint Venture of Damodar Vally Corporation and Coal India Limited at Chandrapura, District Bokaro, Jharkhand.",DAMODAR VALLEY CORPORATION,Bokaro,Proposal returned in present form,2026-06-22T10:00:25.398+00:00,,2179691.0,667.15,https://parivesh.nic.in/newupgrade/#/report/ec?proposalId=1232942022
state,20,Jharkhand,top_cost,3,,,SIA/JH/MIN/587681/2026,"Ordinary Soil Mining of J. Kishan II Bricks, Proprietor - Sabbir Hussain (0.874Ha.)",jakir hussain,Sahibganj,Under Verification,2026-08-03T10:12:43.511+00:00,,2133600.0,0.874,https://parivesh.nic.in/newupgrade/#/report/ec?proposalId=1237323888
state,20,Jharkhand,top_cost,4,,,SIA/JH/MIN/585345/2026,TOLKHAR STONE DEPOSIT,USHA GUPTA,Kodarma,Referred to SEIAA,2026-07-14T06:25:38.177+00:00,,2049500.0,0.922,https://parivesh.nic.in/newupgrade/#/report/ec?proposalId=1235190736
state,20,Jharkhand,top_cost,5,,,IA/JH/THE/569627/2026,"3 x 800 MW (Phase-I) Patratu Super Thermal Power Project at Patratu, District Ramgarh, Jharkhand.",PATRATU VIDYUT UTPADAN NIGAM LIMITED,Ramgarh,EDS raised,2026-02-18T14:29:53.339+00:00,,2030157.0,345.281,https://parivesh.nic.in/newupgrade/#/report/ec?proposalId=1219698858
state,20,Jharkhand,top_cost,6,,,SIA/JH/MIN/585436/2026,TERAM STONE DEPOSIT,JAGMOHAN DAS,Khunti,Referred to SEIAA,2026-07-15T03:40:23.609+00:00,,1752000.0,1.052,https://parivesh.nic.in/newupgrade/#/report/ec?proposalId=1235284919
state,20,Jharkhand,top_cost,7,,,SIA/JH/MIN/582153/2026,NAGRI STONE DEPOSIT,SACHIDANAND KUMAR DEO,Giridih,EC Granted,2026-06-15T06:11:10.768+00:00,2026-08-12T07:46:53.721+00:00,1750800.0,0.992,https://parivesh.nic.in/newupgrade/#/report/ec?proposalId=1232082086
state,20,Jharkhand,top_cost,8,,,FP/JH/MIN/QRY/594350/2026,Chuperbhita-Simlong OCP,EASTERN COALFIELDS   LTD,Pakur,Pending at MS for Acceptance in PSC-I,2026-10-05T11:03:52.263+00:00,,348722.5,1698.14,https://parivesh.nic.in/newupgrade/#/report/ec?proposalId=1244122397
state,20,Jharkhand,top_cost,9,,,IA/JH/CMIN/570274/2026,"Amendment of certain specific conditions of Environmental Clearance accorded to Pachwara South Coal Mine over 714.8553ha. located in Rajmahal Coal Field, Dist.- Dumka, Jharkhand",NEYVELI UTTAR PRADESH  POWER LIMITED,Dumka,EC Granted,2026-02-24T10:22:42.001+00:00,2026-04-17T00:06:25.169+00:00,224290.0,714.8553,https://parivesh.nic.in/newupgrade/#/report/ec?proposalId=1220173251
state,20,Jharkhand,top_cost,10,,,FP/JH/ROAD/445198/2023,Construction of 4 lane Bypass to NH-114A Connecting NH-333 and NH-133 (Deoghar Bypass) from design km 0.000 to design km 49.000 ( Total Length-49.000 Km) in the State of Jharkhand,NATIONAL HIGHWAYS AUTHORITY OF INDIA PIU DEOGHAR,Deoghar,Pending at PP due to EDS by DFO,2023-09-21T08:16:30.272+00:00,,156547.0,301.5367,https://parivesh.nic.in/newupgrade/#/report/ec?proposalId=11548262
state,20,Jharkhand,top_land,1,,,SIA/JH/INFRA2/494350/2024,"Expansion of Residential Complex ""Diamond City""",M/S EASTERN ESTATES  CONSTRUCTION AND DEVELOPERS PVT LTD,Ranchi,EC Granted,2024-08-28T05:42:00.406+00:00,2024-12-13T07:28:34.740+00:00,6865.0,34762.63,https://parivesh.nic.in/newupgrade/#/report/ec?proposalId=97474142
state,20,Jharkhand,top_land,2,,,IA/JH/IND2/545787/2025,North Karanpura CBM Block (NK-CBM-2001/1) in Jharkhand,PRABHA ENERGY PRIVATE LIMITED,Hazaribagh,EC Granted,2025-07-24T05:44:23.497+00:00,2025-09-08T04:06:56.207+00:00,68400.0,27180.0,https://parivesh.nic.in/newupgrade/#/report/ec?proposalId=132680958
state,20,Jharkhand,top_land,3,,,IA/JH/IND2/590315/2026,"Development and Production Phase of North Karanpura CBM Block (NK-CBM-2001/1), Operator Prabha Energy Limited",PRABHA ENERGY PRIVATE LIMITED,Hazaribagh,Proposal Accepted and Referred to EAC,2026-08-26T10:28:01.176+00:00,,68400.0,27180.0,https://parivesh.nic.in/newupgrade/#/report/ec?proposalId=1239426840
state,20,Jharkhand,top_land,4,,,IA/JH/IND2/594371/2026,"Development and Production Phase of North Karanpura CBM Block (NK-CBM-2001/1), Joint Operator Prabha Energy Limited",PRABHA ENERGY LIMITED,Hazaribagh,Under Examination,2026-10-05T11:53:59.510+00:00,,68400.0,27180.0,https://parivesh.nic.in/newupgrade/#/report/ec?proposalId=1244132799
state,20,Jharkhand,top_land,5,,,SIA/JH/INFRA2/436641/2023,"“Proposed Residential Complex Samriddhi Park""",ILIKA ESTATES PRIVATE LIMITED,Ranchi,EC Granted,2023-07-13T12:34:52.197+00:00,2023-09-11T16:28:19.473+00:00,4500.0,19476.76,https://parivesh.nic.in/newupgrade/#/report/ec?proposalId=6777426
state,20,Jharkhand,top_land,6,,,IA/JH/CMIN/454973/2023,Transfer of Environmental Clearances of Pakri Barwadih Coal Mining Project  from M/s. NTPC Limited to  M/s. NTPC Mining Limited.,NTPC LIMITED,Hazaribagh,Granted,2023-12-09T12:48:33.892+00:00,2024-05-02T09:57:08.023+00:00,5.045,4695.0,https://parivesh.nic.in/newupgrade/#/report/ec?proposalId=30496455
state,20,Jharkhand,top_land,7,,,FP/JH/MIND/466857/2024,Transfer of Forest Clearance (1026.438 Ha) of Pakri Barwadih Coal mining Project from NTPC Limited to NTPC Mining Limited,NTPC MINING LIMITED,Hazaribagh,Pending at State Secretary for Compliance Review,2024-03-21T12:15:33.439+00:00,,10.32309,4695.0,https://parivesh.nic.in/newupgrade/#/report/ec?proposalId=55018839
state,20,Jharkhand,top_land,8,,,IA/JH/CMIN/521225/2025,Cluster No. 1 (Group of 7 Mines of ECL),EASTERN COALFIELDS   LTD,Dhanbad,EC Granted,2025-01-29T10:53:40.222+00:00,2025-09-11T03:55:00.622+00:00,28673.0,3692.0,https://parivesh.nic.in/newupgrade/#/report/ec?proposalId=118774086
state,20,Jharkhand,top_land,9,,,IA/JH/CMIN/429085/2023,Pakri Barwadih Coal Mining Project of M/s NTPC Limited,NTPC LIMITED,Hazaribagh,Withdrawal Request Accepted,2023-05-12T10:28:02.054+00:00,2024-01-20T15:21:40.517+00:00,5.044,3319.42,https://parivesh.nic.in/newupgrade/#/report/ec?proposalId=5301282
state,20,Jharkhand,top_land,10,,,IA/JH/CMIN/433614/2023,"Amendment of Environment Clearance of Pakri Barwadih Coal Mining Project, NTPC Limited",NTPC LIMITED,Hazaribagh,EC Granted,2023-06-16T09:38:42.893+00:00,2023-08-16T09:46:41.500+00:00,5.044,3319.42,https://parivesh.nic.in/newupgrade/#/report/ec?proposalId=6157787
state,20,Jharkhand,recent_change,1,added,,WL/JH/SRY/595047/2026,Construction of Culvert over local Nala at Tola Rani Jharna under Gobarghusi Panchayat in Patamda Block East Singhbhum District,Construction o f Culvert over local Nala at Tola Rani Jharna under Gobarghusi Panchayat in Patamda Block East Singhbhum District,Purbi Singhbhum,,2026-10-09T16:14:05.809+00:00,,195.127,0.074,https://parivesh.nic.in/newupgrade/#/report/ec?proposalId=1244818673
state,20,Jharkhand,recent_change,2,added,,FP/JH/ROAD/595005/2026,"Diversion of the left-out 12.1279571 Ha. of forest land (GMJJ) situated at Village Darha, District Chatra, under Chatra (South) Forest Division, Jharkhand, for development of the 4/6-lane Greenfield Access - Controlled Expressway from Varanasi to Kolkata under Bharatmala Pariyojana Phase-II (Lot-9, Package-3).",NATIONAL HIGHWAY AUTHORITY OF INDIA,Chatra,Pending at MS for Acceptance in PSC-I,2026-10-09T10:47:49.981+00:00,,9955.0,15.1446,https://parivesh.nic.in/newupgrade/#/report/ec?proposalId=1244793166
state,21,Odisha,stat,,projects,4801,,,,,,,,,,
state,21,Odisha,stat,,active_projects,4154,,,,,,,,,,
state,21,Odisha,stat,,applications,4154,,,,,,,,,,
state,21,Odisha,stat,,ec_granted,2144,,,,,,,,,,
state,21,Odisha,stat,,ec_tor,286,,,,,,,,,,
state,21,Odisha,stat,,ec_pending,836,,,,,,,,,,
state,21,Odisha,stat,,ec_rejected,688,,,,,,,,,,
state,21,Odisha,stat,,ec_withdrawn,200,,,,,,,,,,
state,21,Odisha,stat,,pc_A,316,,,,,,,,,,
state,21,Odisha,stat,,pc_B1,677,,,,,,,,,,
state,21,Odisha,stat,,pc_B2,2127,,,,,,,,,,
state,21,Odisha,stat,,pc_OTHER,1034,,,,,,,,,,
state,21,Odisha,stat,,ty_ec,1836,,,,,,,,,,
state,21,Odisha,stat,,ty_forest,370,,,,,,,,,,
state,21,Odisha,stat,,ty_wildlife,162,,,,,,,,,,
state,21,Odisha,stat,,ty_crz,102,,,,,,,,,,
state,21,Odisha,stat,,ty_other,1684,,,,,,,,,,
state,21,Odisha,stat,,delisted_or_removed,647,,,,,,,,,,
state,21,Odisha,stat,,total_cost_lakhs,58929664.93,,,,,,,,,,
state,21,Odisha,stat,,cost_outliers_excluded,11,,,,,,,,,,
state,21,Odisha,stat,,total_land_ha,646923.9631,,,,,,,,,,
state,21,Odisha,stat,,latest_application,2026-10-09T07:39:06.880+00:00,,,,,,,,,,
state,21,Odisha,stat,,latest_grant,2026-09-30T11:34:59.415+00:00,,,,,,,,,,
state,21,Odisha,stat,,changes_added,1,,,,,,,,,,
state,21,Odisha,stat,,changes_removed,0,,,,,,,,,,
state,21,Odisha,stat,,changes_updated,532,,,,,,,,,,
state,21,Odisha,stat,,changes_status,0,,,,,,,,,,
state,21,Odisha,stat,,compared_with,2026-10-09T20:19:01Z,,,,,,,,,,
state,21,Odisha,stat,,changes_added_active,1,,,,,,,,,,
state,21,Odisha,stat,,changes_removed_active,0,,,,,,,,,,
state,21,Odisha,stat,,changes_updated_active,456,,,,,,,,,,
state,21,Odisha,stat,,changes_status_active,0,,,,,,,,,,
state,21,Odisha,stat,,window_added_active,73,,,,,,,,,,
state,21,Odisha,stat,,window_updated_active,418,,,,,,,,,,
state,21,Odisha,stat,,window_added,73,,,,,,,,,,
state,21,Odisha,stat,,window_updated,493,,,,,,,,,,
state,21,Odisha,stat,,window_since,2026-10-01T03:52:08Z,,,,,,,,,,
state,21,Odisha,status,,EC Granted,1976,,,,,,,,,,
state,21,Odisha,status,,DELISTED_BY_SYSTEM,637,,,,,,,,,,
state,21,Odisha,status,,EC Rejected,594,,,,,,,,,,
state,21,Odisha,status,,(none),223,,,,,,,,,,
state,21,Odisha,status,,ToR Granted,161,,,,,,,,,,
state,21,Odisha,status,,Under Verification,140,,,,,,,,,,
state,21,Odisha,status,,Proposal returned in present form,121,,,,,,,,,,
state,21,Odisha,status,,ADS Raised,72,,,,,,,,,,
state,21,Odisha,status,,TOR Granted,63,,,,,,,,,,
state,21,Odisha,status,,Rejected in PSC-I,62,,,,,,,,,,
state,21,Odisha,status,,Final Diversion Order Issued,51,,,,,,,,,,
state,21,Odisha,status,,Standard ToR Granted,47,,,,,,,,,,
state,21,Odisha,status,,Approval Granted,41,,,,,,,,,,
state,21,Odisha,status,,CRZ Granted,39,,,,,,,,,,
state,21,Odisha,status,,Proposal Withdrawal Request Accepted,38,,,,,,,,,,
state,21,Odisha,status,,Under Examination,34,,,,,,,,,,
state,21,Odisha,status,,Pending at DFO for Scrutiny and Recommendation,32,,,,,,,,,,
state,21,Odisha,status,,Granted,30,,,,,,,,,,
state,21,Odisha,status,,Referred to SEIAA,30,,,,,,,,,,
state,21,Odisha,status,,Pending at UA for Compliance Report,29,,,,,,,,,,
state,21,Odisha,status,,ToR Rejected,29,,,,,,,,,,
state,21,Odisha,status,,Withdrawal Request Accepted,25,,,,,,,,,,
state,21,Odisha,status,,Referred to SEAC,24,,,,,,,,,,
state,21,Odisha,status,,Pending at DFO due to EDS by Nodal Officer,21,,,,,,,,,,
state,21,Odisha,status,,Accepted and Referred to SCZMA,21,,,,,,,,,,
state,21,Odisha,status,,EDS raised,20,,,,,,,,,,
state,21,Odisha,status,,Pending at PP due to EDS by DFO,19,,,,,,,,,,
state,21,Odisha,status,,TOR GRANTED,15,,,,,,,,,,
state,21,Odisha,status,,Proposal Accepted and Referred to SEAC,15,,,,,,,,,,
state,21,Odisha,status,,Proposal pulled back (withdrawn),15,,,,,,,,,,
state,21,Odisha,status,,Recommend to Town Planner Authority,12,,,,,,,,,,
state,21,Odisha,status,,Pending at UA due to EDS by DFO,11,,,,,,,,,,
state,21,Odisha,status,,Pending on UA for Compensatory Levies Payment,11,,,,,,,,,,
state,21,Odisha,status,,REMOVED,10,,,,,,,,,,
state,21,Odisha,status,,Pending on UA for Levies Payment,10,,,,,,,,,,
state,21,Odisha,status,,Referred to SCZMA,8,,,,,,,,,,
state,21,Odisha,status,,Pending at UA due to EDS by MS after PSC-I,8,,,,,,,,,,
state,21,Odisha,status,,Pending at Nodal Officer for Recommendation,7,,,,,,,,,,
state,21,Odisha,status,,Ec Form 9 Approved,6,,,,,,,,,,
state,21,Odisha,status,,Pending at DFO for Compensatory Levies,6,,,,,,,,,,
state,21,Odisha,status,,Pending at DFO/CF/Nodal Officer after acceptance in PSC-I,6,,,,,,,,,,
state,21,Odisha,status,,Pending at Nodal Officer due to EDS by State Secretary,5,,,,,,,,,,
state,21,Odisha,status,,Pending at DFO/CF after acceptance in PSC-I,5,,,,,,,,,,
state,21,Odisha,status,,Pending at MS for Acceptance in PSC-I,5,,,,,,,,,,
state,21,Odisha,status,,Pending at Nodal Officer for Compliance Review,4,,,,,,,,,,
state,21,Odisha,status,,Under Examination with SCZMA,4,,,,,,,,,,
state,21,Odisha,status,,Pending at MS for Recommendation in PSC-II,3,,,,,,,,,,
state,21,Odisha,status,,Pending at DFO due to EDS by MS After PSC-II,3,,,,,,,,,,
state,21,Odisha,status,,Pending at MS SEIAA,3,,,,,,,,,,
state,21,Odisha,status,,EDS Raised,3,,,,,,,,,,
state,21,Odisha,status,,Proposal Accepted and Referred to EAC,3,,,,,,,,,,
state,21,Odisha,status,,REJECTED,2,,,,,,,,,,
state,21,Odisha,status,,Pending at Nodal Officer for Recommendation after PSC-II,2,,,,,,,,,,
state,21,Odisha,status,,Pending at DFO For Compliance Review,2,,,,,,,,,,
state,21,Odisha,status,,Pending at DFO due to Query by State Secretary,2,,,,,,,,,,
state,21,Odisha,status,,Pending at State Secretary for Recommendation,2,,,,,,,,,,
state,21,Odisha,status,,"Pending at Technical Officer - MoEFCC, HQ",2,,,,,,,,,,
state,21,Odisha,status,,Recommend to SEIAA/SEAC,2,,,,,,,,,,
state,21,Odisha,status,,Pending at Technical Officer - RO,2,,,,,,,,,,
state,21,Odisha,status,,Pending at DFO for Issue Approval letter,2,,,,,,,,,,
state,21,Odisha,status,,Pending at UA for DFO EDS Reply,2,,,,,,,,,,
state,21,Odisha,status,,Forwarded to DD,2,,,,,,,,,,
state,21,Odisha,status,,Withdrawn,1,,,,,,,,,,
state,21,Odisha,status,,"Pending at Union Minister - MoEFCC, HQ",1,,,,,,,,,,
state,21,Odisha,status,,Pending at UA due to EDS by MS after PSC-II,1,,,,,,,,,,
state,21,Odisha,status,,CRZ_Rejected,1,,,,,,,,,,
state,21,Odisha,status,,Pending at MS for Proposal Withdraw Request,1,,,,,,,,,,
state,21,Odisha,status,,Pending at UA for Compensatory Levies Payment and Compliance Report,1,,,,,,,,,,
state,21,Odisha,status,,Pending at Technical Officer - IRO,1,,,,,,,,,,
state,21,Odisha,status,,"Pending at TO – MoEFCC, HQ for Final Approval",1,,,,,,,,,,
state,21,Odisha,status,,"Proposal Parked by AIGF-MoEFCC, HQ due to State confirmation",1,,,,,,,,,,
state,21,Odisha,status,,Pending at FAC,1,,,,,,,,,,
state,21,Odisha,status,,Pending at Nodal for Compensatory Levies Review,1,,,,,,,,,,
state,21,Odisha,status,,Approved,1,,,,,,,,,,
state,21,Odisha,status,,EDS Under Examination,1,,,,,,,,,,
state,21,Odisha,status,,Pending at MS for Proposal Withdraw,1,,,,,,,,,,
state,21,Odisha,status,,Pending at PP due to Query by State Secretary,1,,,,,,,,,,
state,21,Odisha,status,,Query Replied,1,,,,,,,,,,
state,21,Odisha,status,,Stage-I FC Awaited,1,,,,,,,,,,
state,21,Odisha,status,,Pending at State Secretary for Recommendation after PSC-II,1,,,,,,,,,,
state,21,Odisha,status,,"Pending at State Secretary due to EDS by MoEFCC, HQ",1,,,,,,,,,,
state,21,Odisha,status,,Forwarded to JS,1,,,,,,,,,,
state,21,Odisha,status,,Referred to EAC,1,,,,,,,,,,
state,21,Odisha,status,,Forwarded to MS,1,,,,,,,,,,
state,21,Odisha,applications_by_year,,2022,159,,,,,,,,,,
state,21,Odisha,applications_by_year,,2023,588,,,,,,,,,,
state,21,Odisha,applications_by_year,,2024,1161,,,,,,,,,,
state,21,Odisha,applications_by_year,,2025,1392,,,,,,,,,,
state,21,Odisha,applications_by_year,,2026,854,,,,,,,,,,
state,21,Odisha,year_granted,,2022,121,,,,,,,,,,
state,21,Odisha,year_granted,,2023,292,,,,,,,,,,
state,21,Odisha,year_granted,,2024,701,,,,,,,,,,
state,21,Odisha,year_granted,,2025,800,,,,,,,,,,
state,21,Odisha,year_granted,,2026,230,,,,,,,,,,
state,21,Odisha,year_tor,,2022,24,,,,,,,,,,
state,21,Odisha,year_tor,,2023,101,,,,,,,,,,
state,21,Odisha,year_tor,,2024,69,,,,,,,,,,
state,21,Odisha,year_tor,,2025,61,,,,,,,,,,
state,21,Odisha,year_tor,,2026,31,,,,,,,,,,
state,21,Odisha,year_pending,,2022,7,,,,,,,,,,
state,21,Odisha,year_pending,,2023,150,,,,,,,,,,
state,21,Odisha,year_pending,,2024,113,,,,,,,,,,
state,21,Odisha,year_pending,,2025,162,,,,,,,,,,
state,21,Odisha,year_pending,,2026,404,,,,,,,,,,
state,21,Odisha,year_rejected,,2022,4,,,,,,,,,,
state,21,Odisha,year_rejected,,2023,9,,,,,,,,,,
state,21,Odisha,year_rejected,,2024,196,,,,,,,,,,
state,21,Odisha,year_rejected,,2025,319,,,,,,,,,,
state,21,Odisha,year_rejected,,2026,160,,,,,,,,,,
state,21,Odisha,year_withdrawn,,2022,3,,,,,,,,,,
state,21,Odisha,year_withdrawn,,2023,36,,,,,,,,,,
state,21,Odisha,year_withdrawn,,2024,82,,,,,,,,,,
state,21,Odisha,year_withdrawn,,2025,50,,,,,,,,,,
state,21,Odisha,year_withdrawn,,2026,29,,,,,,,,,,
state,21,Odisha,year_pc_A,,2022,10,,,,,,,,,,
state,21,Odisha,year_pc_A,,2023,91,,,,,,,,,,
state,21,Odisha,year_pc_A,,2024,77,,,,,,,,,,
state,21,Odisha,year_pc_A,,2025,73,,,,,,,,,,
state,21,Odisha,year_pc_A,,2026,65,,,,,,,,,,
state,21,Odisha,year_pc_B1,,2022,52,,,,,,,,,,
state,21,Odisha,year_pc_B1,,2023,157,,,,,,,,,,
state,21,Odisha,year_pc_B1,,2024,163,,,,,,,,,,
state,21,Odisha,year_pc_B1,,2025,191,,,,,,,,,,
state,21,Odisha,year_pc_B1,,2026,114,,,,,,,,,,
state,21,Odisha,year_pc_B2,,2022,80,,,,,,,,,,
state,21,Odisha,year_pc_B2,,2023,192,,,,,,,,,,
state,21,Odisha,year_pc_B2,,2024,724,,,,,,,,,,
state,21,Odisha,year_pc_B2,,2025,744,,,,,,,,,,
state,21,Odisha,year_pc_B2,,2026,387,,,,,,,,,,
state,21,Odisha,year_pc_OTHER,,2022,17,,,,,,,,,,
state,21,Odisha,year_pc_OTHER,,2023,148,,,,,,,,,,
state,21,Odisha,year_pc_OTHER,,2024,197,,,,,,,,,,
state,21,Odisha,year_pc_OTHER,,2025,384,,,,,,,,,,
state,21,Odisha,year_pc_OTHER,,2026,288,,,,,,,,,,
state,21,Odisha,cube,,2022|granted|A|ec,5,,,,,,,,,,
state,21,Odisha,cube,,2022|granted|B1|ec,31,,,,,,,,,,
state,21,Odisha,cube,,2022|granted|B1|other,1,,,,,,,,,,
state,21,Odisha,cube,,2022|granted|B2|ec,70,,,,,,,,,,
state,21,Odisha,cube,,2022|granted|B2|other,5,,,,,,,,,,
state,21,Odisha,cube,,2022|granted|OTHER|forest,9,,,,,,,,,,
state,21,Odisha,cube,,2022|pending|B2|other,1,,,,,,,,,,
state,21,Odisha,cube,,2022|pending|OTHER|crz,2,,,,,,,,,,
state,21,Odisha,cube,,2022|pending|OTHER|forest,4,,,,,,,,,,
state,21,Odisha,cube,,2022|rejected|B2|ec,1,,,,,,,,,,
state,21,Odisha,cube,,2022|rejected|B2|other,1,,,,,,,,,,
state,21,Odisha,cube,,2022|rejected|OTHER|forest,2,,,,,,,,,,
state,21,Odisha,cube,,2022|tor|A|ec,4,,,,,,,,,,
state,21,Odisha,cube,,2022|tor|B1|ec,20,,,,,,,,,,
state,21,Odisha,cube,,2022|withdrawn|A|other,1,,,,,,,,,,
state,21,Odisha,cube,,2022|withdrawn|B2|ec,1,,,,,,,,,,
state,21,Odisha,cube,,2022|withdrawn|B2|other,1,,,,,,,,,,
state,21,Odisha,cube,,2023|granted|A|ec,16,,,,,,,,,,
state,21,Odisha,cube,,2023|granted|A|other,17,,,,,,,,,,
state,21,Odisha,cube,,2023|granted|B1|ec,61,,,,,,,,,,
state,21,Odisha,cube,,2023|granted|B1|other,6,,,,,,,,,,
state,21,Odisha,cube,,2023|granted|B2|ec,151,,,,,,,,,,
state,21,Odisha,cube,,2023|granted|B2|other,6,,,,,,,,,,
state,21,Odisha,cube,,2023|granted|OTHER|crz,5,,,,,,,,,,
state,21,Odisha,cube,,2023|granted|OTHER|forest,23,,,,,,,,,,
state,21,Odisha,cube,,2023|granted|OTHER|other,7,,,,,,,,,,
state,21,Odisha,cube,,2023|pending|A|ec,2,,,,,,,,,,
state,21,Odisha,cube,,2023|pending|B1|ec,19,,,,,,,,,,
state,21,Odisha,cube,,2023|pending|B2|ec,21,,,,,,,,,,
state,21,Odisha,cube,,2023|pending|OTHER|crz,10,,,,,,,,,,
state,21,Odisha,cube,,2023|pending|OTHER|forest,37,,,,,,,,,,
state,21,Odisha,cube,,2023|pending|OTHER|other,8,,,,,,,,,,
state,21,Odisha,cube,,2023|pending|OTHER|wildlife,53,,,,,,,,,,
state,21,Odisha,cube,,2023|rejected|B1|other,1,,,,,,,,,,
state,21,Odisha,cube,,2023|rejected|B2|ec,3,,,,,,,,,,
state,21,Odisha,cube,,2023|rejected|B2|other,1,,,,,,,,,,
state,21,Odisha,cube,,2023|rejected|OTHER|forest,4,,,,,,,,,,
state,21,Odisha,cube,,2023|tor|A|ec,27,,,,,,,,,,
state,21,Odisha,cube,,2023|tor|A|other,11,,,,,,,,,,
state,21,Odisha,cube,,2023|tor|B1|ec,58,,,,,,,,,,
state,21,Odisha,cube,,2023|tor|B1|other,3,,,,,,,,,,
state,21,Odisha,cube,,2023|tor|B2|ec,2,,,,,,,,,,
state,21,Odisha,cube,,2023|withdrawn|A|ec,13,,,,,,,,,,
state,21,Odisha,cube,,2023|withdrawn|A|other,5,,,,,,,,,,
state,21,Odisha,cube,,2023|withdrawn|B1|ec,9,,,,,,,,,,
state,21,Odisha,cube,,2023|withdrawn|B2|ec,8,,,,,,,,,,
state,21,Odisha,cube,,2023|withdrawn|OTHER|other,1,,,,,,,,,,
state,21,Odisha,cube,,2024|granted|A|crz,1,,,,,,,,,,
state,21,Odisha,cube,,2024|granted|A|ec,17,,,,,,,,,,
state,21,Odisha,cube,,2024|granted|A|other,15,,,,,,,,,,
state,21,Odisha,cube,,2024|granted|B1|ec,45,,,,,,,,,,
state,21,Odisha,cube,,2024|granted|B1|other,25,,,,,,,,,,
state,21,Odisha,cube,,2024|granted|B2|ec,172,,,,,,,,,,
state,21,Odisha,cube,,2024|granted|B2|other,359,,,,,,,,,,
state,21,Odisha,cube,,2024|granted|OTHER|crz,9,,,,,,,,,,
state,21,Odisha,cube,,2024|granted|OTHER|forest,16,,,,,,,,,,
state,21,Odisha,cube,,2024|granted|OTHER|other,42,,,,,,,,,,
state,21,Odisha,cube,,2024|pending|A|ec,1,,,,,,,,,,
state,21,Odisha,cube,,2024|pending|B1|ec,2,,,,,,,,,,
state,21,Odisha,cube,,2024|pending|B1|other,1,,,,,,,,,,
state,21,Odisha,cube,,2024|pending|B2|ec,3,,,,,,,,,,
state,21,Odisha,cube,,2024|pending|OTHER|crz,6,,,,,,,,,,
state,21,Odisha,cube,,2024|pending|OTHER|forest,55,,,,,,,,,,
state,21,Odisha,cube,,2024|pending|OTHER|other,19,,,,,,,,,,
state,21,Odisha,cube,,2024|pending|OTHER|wildlife,26,,,,,,,,,,
state,21,Odisha,cube,,2024|rejected|B1|ec,10,,,,,,,,,,
state,21,Odisha,cube,,2024|rejected|B1|other,15,,,,,,,,,,
state,21,Odisha,cube,,2024|rejected|B2|ec,29,,,,,,,,,,
state,21,Odisha,cube,,2024|rejected|B2|other,123,,,,,,,,,,
state,21,Odisha,cube,,2024|rejected|OTHER|crz,1,,,,,,,,,,
state,21,Odisha,cube,,2024|rejected|OTHER|forest,17,,,,,,,,,,
state,21,Odisha,cube,,2024|rejected|OTHER|other,1,,,,,,,,,,
state,21,Odisha,cube,,2024|tor|A|ec,21,,,,,,,,,,
state,21,Odisha,cube,,2024|tor|A|other,2,,,,,,,,,,
state,21,Odisha,cube,,2024|tor|B1|ec,43,,,,,,,,,,
state,21,Odisha,cube,,2024|tor|B1|other,3,,,,,,,,,,
state,21,Odisha,cube,,2024|withdrawn|A|ec,10,,,,,,,,,,
state,21,Odisha,cube,,2024|withdrawn|A|other,10,,,,,,,,,,
state,21,Odisha,cube,,2024|withdrawn|B1|ec,13,,,,,,,,,,
state,21,Odisha,cube,,2024|withdrawn|B1|other,6,,,,,,,,,,
state,21,Odisha,cube,,2024|withdrawn|B2|ec,18,,,,,,,,,,
state,21,Odisha,cube,,2024|withdrawn|B2|other,20,,,,,,,,,,
state,21,Odisha,cube,,2024|withdrawn|OTHER|crz,1,,,,,,,,,,
state,21,Odisha,cube,,2024|withdrawn|OTHER|other,4,,,,,,,,,,
state,21,Odisha,cube,,2025|granted|A|crz,1,,,,,,,,,,
state,21,Odisha,cube,,2025|granted|A|ec,18,,,,,,,,,,
state,21,Odisha,cube,,2025|granted|A|other,21,,,,,,,,,,
state,21,Odisha,cube,,2025|granted|B1|ec,36,,,,,,,,,,
state,21,Odisha,cube,,2025|granted|B1|other,35,,,,,,,,,,
state,21,Odisha,cube,,2025|granted|B2|ec,266,,,,,,,,,,
state,21,Odisha,cube,,2025|granted|B2|other,238,,,,,,,,,,
state,21,Odisha,cube,,2025|granted|OTHER|crz,14,,,,,,,,,,
state,21,Odisha,cube,,2025|granted|OTHER|forest,21,,,,,,,,,,
state,21,Odisha,cube,,2025|granted|OTHER|other,150,,,,,,,,,,
state,21,Odisha,cube,,2025|pending|A|ec,3,,,,,,,,,,
state,21,Odisha,cube,,2025|pending|A|other,2,,,,,,,,,,
state,21,Odisha,cube,,2025|pending|B1|ec,7,,,,,,,,,,
state,21,Odisha,cube,,2025|pending|B1|other,1,,,,,,,,,,
state,21,Odisha,cube,,2025|pending|B2|ec,14,,,,,,,,,,
state,21,Odisha,cube,,2025|pending|B2|other,2,,,,,,,,,,
state,21,Odisha,cube,,2025|pending|OTHER|crz,16,,,,,,,,,,
state,21,Odisha,cube,,2025|pending|OTHER|forest,55,,,,,,,,,,
state,21,Odisha,cube,,2025|pending|OTHER|other,19,,,,,,,,,,
state,21,Odisha,cube,,2025|pending|OTHER|wildlife,43,,,,,,,,,,
state,21,Odisha,cube,,2025|rejected|B1|ec,18,,,,,,,,,,
state,21,Odisha,cube,,2025|rejected|B1|other,33,,,,,,,,,,
state,21,Odisha,cube,,2025|rejected|B2|ec,83,,,,,,,,,,
state,21,Odisha,cube,,2025|rejected|B2|other,123,,,,,,,,,,
state,21,Odisha,cube,,2025|rejected|OTHER|forest,22,,,,,,,,,,
state,21,Odisha,cube,,2025|rejected|OTHER|other,40,,,,,,,,,,
state,21,Odisha,cube,,2025|tor|A|ec,14,,,,,,,,,,
state,21,Odisha,cube,,2025|tor|A|other,3,,,,,,,,,,
state,21,Odisha,cube,,2025|tor|B1|ec,36,,,,,,,,,,
state,21,Odisha,cube,,2025|tor|B1|other,8,,,,,,,,,,
state,21,Odisha,cube,,2025|withdrawn|A|ec,9,,,,,,,,,,
state,21,Odisha,cube,,2025|withdrawn|A|other,2,,,,,,,,,,
state,21,Odisha,cube,,2025|withdrawn|B1|ec,16,,,,,,,,,,
state,21,Odisha,cube,,2025|withdrawn|B1|other,1,,,,,,,,,,
state,21,Odisha,cube,,2025|withdrawn|B2|ec,17,,,,,,,,,,
state,21,Odisha,cube,,2025|withdrawn|B2|other,1,,,,,,,,,,
state,21,Odisha,cube,,2025|withdrawn|OTHER|crz,2,,,,,,,,,,
state,21,Odisha,cube,,2025|withdrawn|OTHER|other,2,,,,,,,,,,
state,21,Odisha,cube,,2026|granted|A|ec,5,,,,,,,,,,
state,21,Odisha,cube,,2026|granted|A|other,12,,,,,,,,,,
state,21,Odisha,cube,,2026|granted|B1|ec,10,,,,,,,,,,
state,21,Odisha,cube,,2026|granted|B1|other,17,,,,,,,,,,
state,21,Odisha,cube,,2026|granted|B2|ec,63,,,,,,,,,,
state,21,Odisha,cube,,2026|granted|B2|other,44,,,,,,,,,,
state,21,Odisha,cube,,2026|granted|OTHER|crz,9,,,,,,,,,,
state,21,Odisha,cube,,2026|granted|OTHER|forest,24,,,,,,,,,,
state,21,Odisha,cube,,2026|granted|OTHER|other,46,,,,,,,,,,
state,21,Odisha,cube,,2026|pending|A|ec,15,,,,,,,,,,
state,21,Odisha,cube,,2026|pending|A|other,5,,,,,,,,,,
state,21,Odisha,cube,,2026|pending|B1|ec,36,,,,,,,,,,
state,21,Odisha,cube,,2026|pending|B1|other,11,,,,,,,,,,
state,21,Odisha,cube,,2026|pending|B2|ec,178,,,,,,,,,,
state,21,Odisha,cube,,2026|pending|B2|other,12,,,,,,,,,,
state,21,Odisha,cube,,2026|pending|OTHER|crz,24,,,,,,,,,,
state,21,Odisha,cube,,2026|pending|OTHER|forest,62,,,,,,,,,,
state,21,Odisha,cube,,2026|pending|OTHER|other,21,,,,,,,,,,
state,21,Odisha,cube,,2026|pending|OTHER|wildlife,40,,,,,,,,,,
state,21,Odisha,cube,,2026|rejected|B1|ec,2,,,,,,,,,,
state,21,Odisha,cube,,2026|rejected|B1|other,20,,,,,,,,,,
state,21,Odisha,cube,,2026|rejected|B2|ec,34,,,,,,,,,,
state,21,Odisha,cube,,2026|rejected|B2|other,45,,,,,,,,,,
state,21,Odisha,cube,,2026|rejected|OTHER|forest,19,,,,,,,,,,
state,21,Odisha,cube,,2026|rejected|OTHER|other,40,,,,,,,,,,
state,21,Odisha,cube,,2026|tor|A|ec,14,,,,,,,,,,
state,21,Odisha,cube,,2026|tor|A|other,1,,,,,,,,,,
state,21,Odisha,cube,,2026|tor|B1|ec,16,,,,,,,,,,
state,21,Odisha,cube,,2026|withdrawn|A|ec,7,,,,,,,,,,
state,21,Odisha,cube,,2026|withdrawn|A|other,6,,,,,,,,,,
state,21,Odisha,cube,,2026|withdrawn|B1|ec,2,,,,,,,,,,
state,21,Odisha,cube,,2026|withdrawn|B2|ec,11,,,,,,,,,,
state,21,Odisha,cube,,2026|withdrawn|OTHER|crz,1,,,,,,,,,,
state,21,Odisha,cube,,2026|withdrawn|OTHER|other,2,,,,,,,,,,
state,21,Odisha,run,,run_status,ok,,,,,,,,,,
state,21,Odisha,run,,run_date,2026-10-10T05:52:28Z,,,,,,,,,,
state,21,Odisha,run,,run_url,https://github.com/publicmap/parivesh-dashboard/actions/runs/38027443840,,,,,,,,,,
state,21,Odisha,top_recent_ec,1,,,SIA/OR/INFRA2/560626/2025,"Construction of 100 Bedded Hospital, 32 Nos. Staff quarters (Type-II-16 Nos. (5+8), Type-III-08 Nos. (5+4) and Type-IV (Special)-02 Nos. & Type-lV-06 Nos. (5+8) including development of the site for ESIC Hospital at Duburi, Jajpur, Odisha",Ministry of Labour & Employment,,EC Granted,2025-12-04T12:26:11.311+00:00,2026-09-30T11:34:59.415+00:00,,,https://parivesh.nic.in/newupgrade/#/report/ec?proposalId=828694978
state,21,Odisha,top_recent_ec,2,,,SIA/OR/INFRA2/585375/2026,"Environment Clearance of Proposed Addition & Alternation of G+7 Storied (Block-A) and G+5 Storied (Block-B) Hotel and Convention Center for M/s Mayfair Hotels & Resorts Ltd. located at Plot No. 3(P) & 4(P), Khata No. 619 (GAD), Mouza- Chandrasekharpur, Bhubaneswar, Dist- Khurda, Odisha",MAYFAIR HOTELS & RESORTS LIMITED,Khordha,EC Granted,2026-07-14T08:56:53.354+00:00,2026-09-30T11:34:19.677+00:00,600.0,4.86,https://parivesh.nic.in/newupgrade/#/report/ec?proposalId=1235218005
state,21,Odisha,top_recent_ec,3,,,IA/OR/INFRA2/472127/2024,"Development of Greenfield Shree Jagannath International Airport at Sipasarubali, Puri District, Odisha",Transport Department,Puri,EC Granted,2024-05-08T06:14:32.589+00:00,2026-09-30T04:54:07.699+00:00,5.631,471.401,https://parivesh.nic.in/newupgrade/#/report/ec?proposalId=66544497
state,21,Odisha,top_recent_ec,4,,,SIA/OR/MIN/572266/2026,"Application for Extension of validity of Environmental Clearance of Uppalada Stone Quarry- IV over an area of 4.928 ha. or 12.177 acres over plot no- 1724 and Khata no- 376 At- Uppalada, Tahasil- Paralakhemundi, District- Gajapati in favor of Sri Anni Gopal Rao.",GOPAL ANNI,Gajapati,EC Granted,2026-03-13T09:15:20.062+00:00,2026-09-29T04:36:51.843+00:00,60.0,4.928,https://parivesh.nic.in/newupgrade/#/report/ec?proposalId=1221646147
state,21,Odisha,top_recent_ec,5,,,SIA/OR/MIN/592057/2026,"Proposal for Transfer of EC for mining of road metal from Uppalada Stone Quarry-VIII over an area of 14.578 Acres or 5.900 Ha. bearing khata no.- 376, Plot no.- 1725 in village-Uppalada, Tahasil - Paralakhemundi, Dist.- Gajapati in favor of Sri Sivala Karunakar Rao.",SIVALA KARUNAKAR RAO,Gajapati,EC Granted,2026-09-13T06:14:24.528+00:00,2026-09-28T10:58:40.777+00:00,80.0,5.9,https://parivesh.nic.in/newupgrade/#/report/ec?proposalId=1240849248
state,21,Odisha,top_recent_ec,6,,,SIA/OR/MIN/585555/2026,"Gopinathpur Sand Mine (on River- Brahmani) for the production of 19500 cum/annum, over an area of 9.11 Ha at Mouza- Gopinathpur, Tahasil- Talcher, Dist.- Anugola",Banambar bhutia,Anugul,EC Granted,2026-07-15T11:48:25.129+00:00,2026-09-25T11:00:13.808+00:00,31.0,9.11,https://parivesh.nic.in/newupgrade/#/report/ec?proposalId=1235363826
state,21,Odisha,top_recent_ec,7,,,SIA/OR/MIN/583908/2026,"Lahandabud Sand Bed ‘C’ Sand Quarry over an area of 8.0937 Ha at Mouza Lahandabud, RI Circle Hansamurakatapali, Tahasil Jharsuguda, District Jharsuguda, Odisha.",Srinibas Pradhan,Jharsuguda,EC Granted,2026-07-01T10:05:27.742+00:00,2026-09-25T10:40:34.471+00:00,50.0,8.0937,https://parivesh.nic.in/newupgrade/#/report/ec?proposalId=1233884517
state,21,Odisha,top_recent_ec,8,,,SIA/OR/MIN/588402/2026,"Proposal for Corrigendum  Environmental Clearance (EC)for  Additional Condition No. (i) on Page No. 7, of an amendment EC  granted on 25.06.2026, regarding the validity of the lease period of the Banka Sand Bed over an area of 12.350 acres (4.997 hectares) situated in Banka Village, Nuapada Tahasil, Nuapada District, Odisha.",SAILESH VASANI,Nuapada,EC Granted,2026-08-08T10:00:03.553+00:00,2026-09-23T12:58:31.310+00:00,10.0,4.997,https://parivesh.nic.in/newupgrade/#/report/ec?proposalId=1237861131
state,21,Odisha,top_recent_ec,9,,,SIA/OR/MIN/554324/2025,Proposal for Grant of Fresh Environmental Clearance for Sarasmal Stone Quarry over an Area of 8.00 Acres or 3.237 Hectares in village Sarasmal under Koksara Tahasil of Kalahandi District.,SUDARSAN MUND,Kalahandi,EC Granted,2025-10-07T11:07:41.703+00:00,2026-09-23T12:56:19.464+00:00,10.0,3.237,https://parivesh.nic.in/newupgrade/#/report/ec?proposalId=137626550
state,21,Odisha,top_recent_ec,10,,,SIA/OR/MIN/575540/2026,"PROPOSAL FOR TRANSFER OF EC OF GUNUPUR STONE QUARRY-II OVER AN AREA OF 10.00 ACRES OR 4.046 HECTARES LOCATED AT  VILLAGE-GUNUPUR, TAHASIL-GUNUPUR, DISTRICT-RAYAGADA",goutam bishoi,Rayagada,EC Granted,2026-04-13T07:51:32.851+00:00,2026-09-23T07:28:25.685+00:00,20.0,4.046,https://parivesh.nic.in/newupgrade/#/report/ec?proposalId=1224178884
state,21,Odisha,top_cost,1,,,IA/OR/CRZ/594759/2026,"PROPOSED S+3 STOREY GUEST HOUSE BUILDING OVER PLOT NO - 154/1484, KHATA NO - 61/54, MOUZA - PURI SAHAR UNIT -12, NOLIA SAHI, TAHASIL- PURI SADAR (652) , DIST - PURI, FOR Mr.BASANTA KUMAR HATI",BASANTA KUMAR HATI,Puri,Under Examination with SCZMA,2026-10-07T18:32:26.838+00:00,,9670300.0,0.0489,https://parivesh.nic.in/newupgrade/#/report/ec?proposalId=1244597083
state,21,Odisha,top_cost,2,,,IA/OR/IND1/588924/2026,"Proposed 6.0 MTPA Alumina Refinery with 280 MW Co-gen Power Plant at villages - Alanda, Dengasil, Dinatodara, Dumuripadar, Karalima, Karapa, Kendugura, Kolamui, Krishtapatragura, Kusumasila, Sulapadarunder Kalyansinghpur Tahasil in Rayagada District, Odisha by M/s Vedanta Aluminium Metal Limited",VEDANTA ALUMINIUM METAL LIMITED,Rayagada,Standard ToR Granted,2026-08-13T07:39:05.996+00:00,2026-09-02T05:40:50.242+00:00,3501700.0,624.967,https://parivesh.nic.in/newupgrade/#/report/ec?proposalId=1238309792
state,21,Odisha,top_cost,3,,,FP/OR/IND/589057/2026,"Proposed 6.0 MTPA Alumina Refinery with 280 MW Co-gen Power Plant at villages - Alanda, Dengasil, Dinatodara, Dumuripadar, Karalima, Karapa, Kendugura, Kolamui, Krishtapatragura, Kusumasila, Sulapadarunder Kalyansinghpur Tahasil in Rayagada District, Odisha by M/s Vedanta Aluminium Metal Limited",VEDANTA ALUMINIUM METAL LIMITED,Rayagada,Rejected in PSC-I,2026-08-14T07:26:09.141+00:00,,3501700.0,624.967,https://parivesh.nic.in/newupgrade/#/report/ec?proposalId=1238407474
state,21,Odisha,top_cost,4,,,FP/OR/IND/583083/2026,"M/s Saffron Resources Private Limited to setup 6 MTPA, Integrated Steel Plant at Odapada Block, Dhenkanal District -Request for Change of User Agency Name.",SAFFRON RESOURCES PRIVATE LIMITED,Dhenkanal,Pending at DFO for Scrutiny and Recommendation,2026-06-23T11:44:45.600+00:00,,3500000.0,504.356,https://parivesh.nic.in/newupgrade/#/report/ec?proposalId=1233085713
state,21,Odisha,top_cost,5,,,IA/OR/IND1/585856/2026,"Setting up of 6 MTPA Greenfield Integrated Steel Plant at  District Dhenkanal, Odisha",SAFFRON RESOURCES PRIVATE LIMITED,Dhenkanal,Referred to EAC,2026-07-18T05:44:09.400+00:00,,3500000.0,391.561,https://parivesh.nic.in/newupgrade/#/report/ec?proposalId=1235619457
state,21,Odisha,top_cost,6,,,IA/OR/IND1/591211/2026,"Enhancing production capacity by adopting technological improvement and change in raw material mix for Hot Metal from 4.50 MTPA to 5.40 MTPA, Crude Steel from 4.20 MTPA to 5.04 MTPA, Coke from 2.17 MTPA to 2.60 MTPA, Sinter from 6.76 MTPA to 7.20 MTPA & Saleable Steel from 4.325 to 5.10 MTPA including Hot Strip Mill production from 3.00 MTPA to 3.20 MTPA and Limiting Plate Mills Production from 2.135 MTPA 1.90 MTPA from existing facilities of SAIL – Rourkela Steel Plant",STEEL AUTHORITY OF INDIA LTD,Sundargarh,Under Examination,2026-09-04T07:31:52.976+00:00,,2884704.0,1714.3,https://parivesh.nic.in/newupgrade/#/report/ec?proposalId=1240161070
state,21,Odisha,top_cost,7,,,IA/OR/THE/592488/2026,"Transfer of Terms of Reference (Change in Name) subsequently to NCLT Order from Orissa Thermal Energy Limited (OTEL) to Adani Power Limited for 2400 (3x800) MW coal based Ultra Super Critical Thermal Power Project at Village Rahangol, Kandarei, Tehsil Athagarh, District Cuttack, Odisha.",Adani Power Limited,Cuttack,Forwarded to DD,2026-09-17T12:59:21.581+00:00,,2743800.0,331.494,https://parivesh.nic.in/newupgrade/#/report/ec?proposalId=1241203148
state,21,Odisha,top_cost,8,,,IA/OR/INFRA1/444266/2023,"All weather Multipurpose Port adjacent to Subarnarekha River mouth at Choumukh Village, Balasore District Odisha (Phase - 1)",SUBARNAREKHA PORT PRIVATE LIMITED,Baleshwar,ToR Granted,2023-09-13T12:42:06.693+00:00,2023-11-02T05:30:25.489+00:00,1959800.0,692.186,https://parivesh.nic.in/newupgrade/#/report/ec?proposalId=9678288
state,21,Odisha,top_cost,9,,,IA/OR/INFRA1/569404/2026,"All weather Multipurpose Port adjacent to Subarnarekha River mouth at Choumukh Village, Balasore District Odisha (Phase - 1)",SUBARNAREKHA PORT PRIVATE LIMITED,Baleshwar,ADS Raised,2026-02-17T08:00:32.119+00:00,,1959800.0,692.186,https://parivesh.nic.in/newupgrade/#/report/ec?proposalId=1219530575
state,21,Odisha,top_cost,10,,,FP/OR/MIN/QRY/579389/2026,Machhakata (Revised) Opencast Coal Mine,NLC INDIA LIMITED,Anugul,Rejected in PSC-I,2026-05-18T10:39:37.034+00:00,,1055312.0,2368.363,https://parivesh.nic.in/newupgrade/#/report/ec?proposalId=1228124515
state,21,Odisha,top_land,1,,,SIA/OR/INFRA2/494829/2024,"Proposal for Expansion of Residential & Commercial Project ""Grand Bazaar"" at Plot No. 946, 948, 1017, 1021 & others, Khata No. 271, 272, Mouza-Nauhata, PS-Cuttack Sadar, Dist-Cuttack of M/s Grand Bazaar Developers LLP",GRAND BAZAAR DEVELOPERS LLP,Cuttack,ToR Granted,2024-08-30T20:47:42.588+00:00,2025-09-08T12:18:03.038+00:00,50000.0,97701.4,https://parivesh.nic.in/newupgrade/#/report/ec?proposalId=98289237
state,21,Odisha,top_land,2,,,SIA/OR/INFRA2/565483/2026,"Proposal for Expansion of Residential & Commercial Project ""Grand Bazaar"" at Plot No. 946, 948, 1017, 1021 & others, Khata No. 271, 272, Mouza-Nauhata, PS-Cuttack Sadar, Dist-Cuttack of M/s Grand Bazaar Developers LLP",GRAND BAZAAR DEVELOPERS LLP,Cuttack,Under Verification,2026-01-14T05:28:29.968+00:00,,56200.0,91152.06,https://parivesh.nic.in/newupgrade/#/report/ec?proposalId=1216740194
state,21,Odisha,top_land,3,,,SIA/OR/INFRA2/504665/2024,"Proposed two blocks of Basement+Podium+Stilt+24, Residential multistoried apartment building having total built up area 105711.39 sqm for officers Housing co-operative society Ltd. at mouza – Darada, Pipili of District – Puri by M/s. Tirumala Infrastructure and Development Pvt. Ltd",M/s TIRUMALA INFRASTRUCTURE AND PRIVATE LIMITED,Puri,ADS Raised,2024-11-06T21:28:35.035+00:00,,22300.0,18676.2424,https://parivesh.nic.in/newupgrade/#/report/ec?proposalId=110993269
state,21,Odisha,top_land,4,,,SIA/OR/INFRA2/468382/2024,"Proposal for Expansion Of Residential Building Complex “Falcon Tatva” at Mouza Dumduma,Tehsil-Bhubaneswar, Odisha over total plot Area:  15474.6477sqm with Total Built up Area increase from 94209.41 sqm to 111088.53 sqm.",FALCON REAL ESTATE PVT.LTD.,Khordha,EC Granted,2024-04-04T11:23:42.940+00:00,2025-04-29T10:16:18.311+00:00,47200.0,15474.6477,https://parivesh.nic.in/newupgrade/#/report/ec?proposalId=58859021
state,21,Odisha,top_land,5,,,WL/OR/Others/427039/2023,Rationalization of boundary of Sunabeda Wildlife Sanctuary,Fishery & Animal Resources Development Department,Gariaband,,2023-04-24T10:41:36.863+00:00,,0.0,13113.0,https://parivesh.nic.in/newupgrade/#/report/ec?proposalId=4817298
state,21,Odisha,top_land,6,,,IA/OR/INFRA2/400380/2022,Affordable Residential Apartment Project by M/s Sri Jagannath Promoters & Builders Pvt. Ltd.,SRI JAGANNATH PROMOTERS & BUILDERS PRIVATE LIMITED,,EC Granted,2022-09-12T13:56:15.869+00:00,2022-11-25T00:00:00.000+00:00,7000.0,13015.37,https://parivesh.nic.in/newupgrade/#/report/ec?proposalId=743018
state,21,Odisha,top_land,7,,,SIA/OR/INFRA2/498744/2024,"Proposed Common Bio-Medical Waste Treatment Facility (CBWTF) at Plot no.  553/1081, 555, 556, 557, 559, 560, 561, 562, 563, 565,566,567 tehsil/thana-Gadai District. Dhenkanal, Odisha.",MKD ECO CLEAN PRIVATE LIMITED,Dhenkanal,ToR Granted,2024-09-28T08:02:04.684+00:00,2025-03-24T11:55:23.662+00:00,10000.0,10725.0,https://parivesh.nic.in/newupgrade/#/report/ec?proposalId=106425880
state,21,Odisha,top_land,8,,,SIA/OR/INFRA2/570775/2026,"Proposed Common Bio-Medical Waste Treatment Facility (CBWTF) at Plot no.  553/1081, 555, 556, 557, 559, 560, 561, 562, 563, 565,566,567 tehsil/thana-Gadai District. Dhenkanal, Odisha.",MKD ECO CLEAN PRIVATE LIMITED,Dhenkanal,ADS Raised,2026-02-27T11:37:37.590+00:00,,10000.0,10725.0,https://parivesh.nic.in/newupgrade/#/report/ec?proposalId=1220470787
state,21,Odisha,top_land,9,,,SIA/OR/INFRA2/551648/2025,Proposed housing project (Residential use type),UTKAL REALTORS PRIVATE LIMITED,Khordha,ADS Raised,2025-09-15T10:04:13.323+00:00,,4500.0,8457.86,https://parivesh.nic.in/newupgrade/#/report/ec?proposalId=136295396
state,21,Odisha,top_land,10,,,IA/OR/INFRA2/400383/2022,Revision and Expansion of Residential-cum-Commercial with Multiplex Building Project,HARSHPRIYA CONSTRUCTIONS PVT LTD,,EC Granted,2022-09-12T15:01:48.867+00:00,2023-01-12T00:00:00.000+00:00,7500.0,7809.2,https://parivesh.nic.in/newupgrade/#/report/ec?proposalId=743444
state,21,Odisha,recent_change,1,added,,SIA/OR/MIN/594957/2026,"Proposal for grant of EC of Kurga Jharabeni Sand Bed over an area of 10.00 acres or 4.046 hectares bearing Khata No. 201, Plot No. 1545/P in the village Kurga Under Tahasil Tangarpalli, District Sundargarh, State Odisha","Deputy Director of Mines, Rourkela",Sundargarh,Under Verification,2026-10-09T07:39:06.880+00:00,,10.0,4.046,https://parivesh.nic.in/newupgrade/#/report/ec?proposalId=1244765332
state,22,Chhattisgarh,stat,,projects,4280,,,,,,,,,,
state,22,Chhattisgarh,stat,,active_projects,2981,,,,,,,,,,
state,22,Chhattisgarh,stat,,applications,2981,,,,,,,,,,
state,22,Chhattisgarh,stat,,ec_granted,1249,,,,,,,,,,
state,22,Chhattisgarh,stat,,ec_tor,586,,,,,,,,,,
state,22,Chhattisgarh,stat,,ec_pending,739,,,,,,,,,,
state,22,Chhattisgarh,stat,,ec_rejected,273,,,,,,,,,,
state,22,Chhattisgarh,stat,,ec_withdrawn,134,,,,,,,,,,
state,22,Chhattisgarh,stat,,pc_A,490,,,,,,,,,,
state,22,Chhattisgarh,stat,,pc_B1,876,,,,,,,,,,
state,22,Chhattisgarh,stat,,pc_B2,1193,,,,,,,,,,
state,22,Chhattisgarh,stat,,pc_OTHER,422,,,,,,,,,,
state,22,Chhattisgarh,stat,,ty_ec,2277,,,,,,,,,,
state,22,Chhattisgarh,stat,,ty_forest,210,,,,,,,,,,
state,22,Chhattisgarh,stat,,ty_wildlife,122,,,,,,,,,,
state,22,Chhattisgarh,stat,,ty_crz,0,,,,,,,,,,
state,22,Chhattisgarh,stat,,ty_other,372,,,,,,,,,,
state,22,Chhattisgarh,stat,,delisted_or_removed,1299,,,,,,,,,,
state,22,Chhattisgarh,stat,,total_cost_lakhs,59221547.21,,,,,,,,,,
state,22,Chhattisgarh,stat,,cost_outliers_excluded,8,,,,,,,,,,
state,22,Chhattisgarh,stat,,total_land_ha,605796.8619,,,,,,,,,,
state,22,Chhattisgarh,stat,,latest_application,2026-10-09T07:47:47.541+00:00,,,,,,,,,,
state,22,Chhattisgarh,stat,,latest_grant,2026-09-30T08:58:34.606+00:00,,,,,,,,,,
state,22,Chhattisgarh,stat,,changes_added,3,,,,,,,,,,
state,22,Chhattisgarh,stat,,changes_removed,0,,,,,,,,,,
state,22,Chhattisgarh,stat,,changes_updated,410,,,,,,,,,,
state,22,Chhattisgarh,stat,,changes_status,0,,,,,,,,,,
state,22,Chhattisgarh,stat,,compared_with,2026-10-09T20:19:01Z,,,,,,,,,,
state,22,Chhattisgarh,stat,,changes_added_active,3,,,,,,,,,,
state,22,Chhattisgarh,stat,,changes_removed_active,0,,,,,,,,,,
state,22,Chhattisgarh,stat,,changes_updated_active,336,,,,,,,,,,
state,22,Chhattisgarh,stat,,changes_status_active,0,,,,,,,,,,
state,22,Chhattisgarh,stat,,window_added_active,68,,,,,,,,,,
state,22,Chhattisgarh,stat,,window_updated_active,301,,,,,,,,,,
state,22,Chhattisgarh,stat,,window_added,68,,,,,,,,,,
state,22,Chhattisgarh,stat,,window_updated,374,,,,,,,,,,
state,22,Chhattisgarh,stat,,window_since,2026-10-01T03:52:08Z,,,,,,,,,,
state,22,Chhattisgarh,status,,DELISTED_BY_SYSTEM,1186,,,,,,,,,,
state,22,Chhattisgarh,status,,EC Granted,1129,,,,,,,,,,
state,22,Chhattisgarh,status,,ToR Granted,341,,,,,,,,,,
state,22,Chhattisgarh,status,,EC Rejected,220,,,,,,,,,,
state,22,Chhattisgarh,status,,(none),185,,,,,,,,,,
state,22,Chhattisgarh,status,,TOR Granted,183,,,,,,,,,,
state,22,Chhattisgarh,status,,REMOVED,113,,,,,,,,,,
state,22,Chhattisgarh,status,,ADS Raised,90,,,,,,,,,,
state,22,Chhattisgarh,status,,Referred to SEIAA,72,,,,,,,,,,
state,22,Chhattisgarh,status,,EDS raised,61,,,,,,,,,,
state,22,Chhattisgarh,status,,Under Examination,59,,,,,,,,,,
state,22,Chhattisgarh,status,,Proposal returned in present form,55,,,,,,,,,,
state,22,Chhattisgarh,status,,Standard ToR Granted,54,,,,,,,,,,
state,22,Chhattisgarh,status,,Final Diversion Order Issued,50,,,,,,,,,,
state,22,Chhattisgarh,status,,Under Verification,48,,,,,,,,,,
state,22,Chhattisgarh,status,,Referred to SEAC,45,,,,,,,,,,
state,22,Chhattisgarh,status,,ToR Rejected,39,,,,,,,,,,
state,22,Chhattisgarh,status,,Approval Granted,35,,,,,,,,,,
state,22,Chhattisgarh,status,,Granted,31,,,,,,,,,,
state,22,Chhattisgarh,status,,Proposal Withdrawal Request Accepted,30,,,,,,,,,,
state,22,Chhattisgarh,status,,Proposal Accepted and Referred to SEAC,29,,,,,,,,,,
state,22,Chhattisgarh,status,,Withdrawal Request Accepted,27,,,,,,,,,,
state,22,Chhattisgarh,status,,Proposal pulled back (withdrawn),21,,,,,,,,,,
state,22,Chhattisgarh,status,,Rejected in PSC-I,14,,,,,,,,,,
state,22,Chhattisgarh,status,,Pending at DFO for Scrutiny and Recommendation,13,,,,,,,,,,
state,22,Chhattisgarh,status,,Pending at MS SEIAA,12,,,,,,,,,,
state,22,Chhattisgarh,status,,Pending at UA due to EDS by DFO,10,,,,,,,,,,
state,22,Chhattisgarh,status,,Pending at PP due to EDS by DFO,9,,,,,,,,,,
state,22,Chhattisgarh,status,,Pending at DFO/CF/Nodal Officer after acceptance in PSC-I,9,,,,,,,,,,
state,22,Chhattisgarh,status,,Proposal Accepted and Referred to EAC,9,,,,,,,,,,
state,22,Chhattisgarh,status,,TOR GRANTED,8,,,,,,,,,,
state,22,Chhattisgarh,status,,Pending at UA for Compliance Report,7,,,,,,,,,,
state,22,Chhattisgarh,status,,EDS Raised,7,,,,,,,,,,
state,22,Chhattisgarh,status,,Pending at Nodal Officer due to EDS by State Secretary,6,,,,,,,,,,
state,22,Chhattisgarh,status,,Pending at DFO/CF after acceptance in PSC-I,6,,,,,,,,,,
state,22,Chhattisgarh,status,,Forwarded to MS,5,,,,,,,,,,
state,22,Chhattisgarh,status,,Pending at State Secretary for Compliance Review,4,,,,,,,,,,
state,22,Chhattisgarh,status,,Pending at Nodal Officer for Recommendation,4,,,,,,,,,,
state,22,Chhattisgarh,status,,Forwarded to DD,4,,,,,,,,,,
state,22,Chhattisgarh,status,,Pending at MS for Acceptance in PSC-I,4,,,,,,,,,,
state,22,Chhattisgarh,status,,Stage-II Accorded,3,,,,,,,,,,
state,22,Chhattisgarh,status,,Pending at UA due to EDS by MS after PSC-I,3,,,,,,,,,,
state,22,Chhattisgarh,status,,"Pending at State Secretary due to EDS by MoEFCC, HQ",3,,,,,,,,,,
state,22,Chhattisgarh,status,,EDS Under Examination,3,,,,,,,,,,
state,22,Chhattisgarh,status,,Pending at UA due to EDS raised by DFO,3,,,,,,,,,,
state,22,Chhattisgarh,status,,Pending at State Government for Diversion Letter,2,,,,,,,,,,
state,22,Chhattisgarh,status,,Pending on UA for Compensatory Levies Payment,2,,,,,,,,,,
state,22,Chhattisgarh,status,,Pending at Nodal Officer for Compliance Review,2,,,,,,,,,,
state,22,Chhattisgarh,status,,Pending at DFO due to EDS by Nodal Officer,2,,,,,,,,,,
state,22,Chhattisgarh,status,,Pending at State Secretary for Recommendation,2,,,,,,,,,,
state,22,Chhattisgarh,status,,Pending at DFO for Compensatory Levies,2,,,,,,,,,,
state,22,Chhattisgarh,status,,Pending at UA for DFO EDS Reply,2,,,,,,,,,,
state,22,Chhattisgarh,status,,Pending at MS for Recommendation in PSC-II,2,,,,,,,,,,
state,22,Chhattisgarh,status,,Return to UA,1,,,,,,,,,,
state,22,Chhattisgarh,status,,Ec Form 9 Approved,1,,,,,,,,,,
state,22,Chhattisgarh,status,,Pending at State Government For Recommendation,1,,,,,,,,,,
state,22,Chhattisgarh,status,,Pending at Technical Officer RO for Stage-II Letter,1,,,,,,,,,,
state,22,Chhattisgarh,status,,Pending at DFO For Compliance Review,1,,,,,,,,,,
state,22,Chhattisgarh,status,,Pending at Nodal for Compensatory Levies Review,1,,,,,,,,,,
state,22,Chhattisgarh,status,,Pending at REC,1,,,,,,,,,,
state,22,Chhattisgarh,status,,Pending at DFO due to Query by Nodal Officer,1,,,,,,,,,,
state,22,Chhattisgarh,status,,"Pending at AIGF – MoEFCC, HQ for Final Approval",1,,,,,,,,,,
state,22,Chhattisgarh,status,,Pending at DFO due to EDS by MS After PSC-II,1,,,,,,,,,,
state,22,Chhattisgarh,status,,"Pending at Technical Officer - MoEFCC, HQ",1,,,,,,,,,,
state,22,Chhattisgarh,status,,Pending at Nodal Officer for Recommendation after PSC-II,1,,,,,,,,,,
state,22,Chhattisgarh,status,,Forwarded to AS,1,,,,,,,,,,
state,22,Chhattisgarh,status,,Pending at DFO for Issue Approval letter,1,,,,,,,,,,
state,22,Chhattisgarh,status,,Referred to EAC,1,,,,,,,,,,
state,22,Chhattisgarh,applications_by_year,,2022,83,,,,,,,,,,
state,22,Chhattisgarh,applications_by_year,,2023,725,,,,,,,,,,
state,22,Chhattisgarh,applications_by_year,,2024,1011,,,,,,,,,,
state,22,Chhattisgarh,applications_by_year,,2025,590,,,,,,,,,,
state,22,Chhattisgarh,applications_by_year,,2026,572,,,,,,,,,,
state,22,Chhattisgarh,year_granted,,2022,33,,,,,,,,,,
state,22,Chhattisgarh,year_granted,,2023,347,,,,,,,,,,
state,22,Chhattisgarh,year_granted,,2024,494,,,,,,,,,,
state,22,Chhattisgarh,year_granted,,2025,256,,,,,,,,,,
state,22,Chhattisgarh,year_granted,,2026,119,,,,,,,,,,
state,22,Chhattisgarh,year_tor,,2022,41,,,,,,,,,,
state,22,Chhattisgarh,year_tor,,2023,234,,,,,,,,,,
state,22,Chhattisgarh,year_tor,,2024,170,,,,,,,,,,
state,22,Chhattisgarh,year_tor,,2025,94,,,,,,,,,,
state,22,Chhattisgarh,year_tor,,2026,47,,,,,,,,,,
state,22,Chhattisgarh,year_pending,,2022,8,,,,,,,,,,
state,22,Chhattisgarh,year_pending,,2023,86,,,,,,,,,,
state,22,Chhattisgarh,year_pending,,2024,121,,,,,,,,,,
state,22,Chhattisgarh,year_pending,,2025,150,,,,,,,,,,
state,22,Chhattisgarh,year_pending,,2026,374,,,,,,,,,,
state,22,Chhattisgarh,year_rejected,,2022,1,,,,,,,,,,
state,22,Chhattisgarh,year_rejected,,2023,23,,,,,,,,,,
state,22,Chhattisgarh,year_rejected,,2024,174,,,,,,,,,,
state,22,Chhattisgarh,year_rejected,,2025,61,,,,,,,,,,
state,22,Chhattisgarh,year_rejected,,2026,14,,,,,,,,,,
state,22,Chhattisgarh,year_withdrawn,,2023,35,,,,,,,,,,
state,22,Chhattisgarh,year_withdrawn,,2024,52,,,,,,,,,,
state,22,Chhattisgarh,year_withdrawn,,2025,29,,,,,,,,,,
state,22,Chhattisgarh,year_withdrawn,,2026,18,,,,,,,,,,
state,22,Chhattisgarh,year_pc_A,,2022,7,,,,,,,,,,
state,22,Chhattisgarh,year_pc_A,,2023,132,,,,,,,,,,
state,22,Chhattisgarh,year_pc_A,,2024,128,,,,,,,,,,
state,22,Chhattisgarh,year_pc_A,,2025,110,,,,,,,,,,
state,22,Chhattisgarh,year_pc_A,,2026,113,,,,,,,,,,
state,22,Chhattisgarh,year_pc_B1,,2022,45,,,,,,,,,,
state,22,Chhattisgarh,year_pc_B1,,2023,292,,,,,,,,,,
state,22,Chhattisgarh,year_pc_B1,,2024,295,,,,,,,,,,
state,22,Chhattisgarh,year_pc_B1,,2025,148,,,,,,,,,,
state,22,Chhattisgarh,year_pc_B1,,2026,96,,,,,,,,,,
state,22,Chhattisgarh,year_pc_B2,,2022,22,,,,,,,,,,
state,22,Chhattisgarh,year_pc_B2,,2023,249,,,,,,,,,,
state,22,Chhattisgarh,year_pc_B2,,2024,508,,,,,,,,,,
state,22,Chhattisgarh,year_pc_B2,,2025,184,,,,,,,,,,
state,22,Chhattisgarh,year_pc_B2,,2026,230,,,,,,,,,,
state,22,Chhattisgarh,year_pc_OTHER,,2022,9,,,,,,,,,,
state,22,Chhattisgarh,year_pc_OTHER,,2023,52,,,,,,,,,,
state,22,Chhattisgarh,year_pc_OTHER,,2024,80,,,,,,,,,,
state,22,Chhattisgarh,year_pc_OTHER,,2025,148,,,,,,,,,,
state,22,Chhattisgarh,year_pc_OTHER,,2026,133,,,,,,,,,,
state,22,Chhattisgarh,cube,,2022|granted|A|ec,3,,,,,,,,,,
state,22,Chhattisgarh,cube,,2022|granted|A|other,1,,,,,,,,,,
state,22,Chhattisgarh,cube,,2022|granted|B1|ec,6,,,,,,,,,,
state,22,Chhattisgarh,cube,,2022|granted|B2|ec,22,,,,,,,,,,
state,22,Chhattisgarh,cube,,2022|granted|OTHER|forest,1,,,,,,,,,,
state,22,Chhattisgarh,cube,,2022|pending|OTHER|forest,4,,,,,,,,,,
state,22,Chhattisgarh,cube,,2022|pending|OTHER|wildlife,4,,,,,,,,,,
state,22,Chhattisgarh,cube,,2022|rejected|B1|ec,1,,,,,,,,,,
state,22,Chhattisgarh,cube,,2022|tor|A|ec,2,,,,,,,,,,
state,22,Chhattisgarh,cube,,2022|tor|A|other,1,,,,,,,,,,
state,22,Chhattisgarh,cube,,2022|tor|B1|ec,37,,,,,,,,,,
state,22,Chhattisgarh,cube,,2022|tor|B1|other,1,,,,,,,,,,
state,22,Chhattisgarh,cube,,2023|granted|A|ec,35,,,,,,,,,,
state,22,Chhattisgarh,cube,,2023|granted|A|other,17,,,,,,,,,,
state,22,Chhattisgarh,cube,,2023|granted|B1|ec,65,,,,,,,,,,
state,22,Chhattisgarh,cube,,2023|granted|B2|ec,204,,,,,,,,,,
state,22,Chhattisgarh,cube,,2023|granted|OTHER|forest,26,,,,,,,,,,
state,22,Chhattisgarh,cube,,2023|pending|A|ec,5,,,,,,,,,,
state,22,Chhattisgarh,cube,,2023|pending|B1|ec,29,,,,,,,,,,
state,22,Chhattisgarh,cube,,2023|pending|B1|other,1,,,,,,,,,,
state,22,Chhattisgarh,cube,,2023|pending|B2|ec,28,,,,,,,,,,
state,22,Chhattisgarh,cube,,2023|pending|OTHER|forest,11,,,,,,,,,,
state,22,Chhattisgarh,cube,,2023|pending|OTHER|other,6,,,,,,,,,,
state,22,Chhattisgarh,cube,,2023|pending|OTHER|wildlife,6,,,,,,,,,,
state,22,Chhattisgarh,cube,,2023|rejected|B1|ec,9,,,,,,,,,,
state,22,Chhattisgarh,cube,,2023|rejected|B1|other,1,,,,,,,,,,
state,22,Chhattisgarh,cube,,2023|rejected|B2|ec,9,,,,,,,,,,
state,22,Chhattisgarh,cube,,2023|rejected|B2|other,2,,,,,,,,,,
state,22,Chhattisgarh,cube,,2023|rejected|OTHER|forest,2,,,,,,,,,,
state,22,Chhattisgarh,cube,,2023|tor|A|ec,49,,,,,,,,,,
state,22,Chhattisgarh,cube,,2023|tor|A|other,5,,,,,,,,,,
state,22,Chhattisgarh,cube,,2023|tor|B1|ec,174,,,,,,,,,,
state,22,Chhattisgarh,cube,,2023|tor|B1|other,5,,,,,,,,,,
state,22,Chhattisgarh,cube,,2023|tor|B2|ec,1,,,,,,,,,,
state,22,Chhattisgarh,cube,,2023|withdrawn|A|ec,13,,,,,,,,,,
state,22,Chhattisgarh,cube,,2023|withdrawn|A|other,8,,,,,,,,,,
state,22,Chhattisgarh,cube,,2023|withdrawn|B1|ec,8,,,,,,,,,,
state,22,Chhattisgarh,cube,,2023|withdrawn|B2|ec,5,,,,,,,,,,
state,22,Chhattisgarh,cube,,2023|withdrawn|OTHER|other,1,,,,,,,,,,
state,22,Chhattisgarh,cube,,2024|granted|A|ec,41,,,,,,,,,,
state,22,Chhattisgarh,cube,,2024|granted|A|other,18,,,,,,,,,,
state,22,Chhattisgarh,cube,,2024|granted|B1|ec,115,,,,,,,,,,
state,22,Chhattisgarh,cube,,2024|granted|B1|other,10,,,,,,,,,,
state,22,Chhattisgarh,cube,,2024|granted|B2|ec,285,,,,,,,,,,
state,22,Chhattisgarh,cube,,2024|granted|B2|other,8,,,,,,,,,,
state,22,Chhattisgarh,cube,,2024|granted|OTHER|forest,12,,,,,,,,,,
state,22,Chhattisgarh,cube,,2024|granted|OTHER|other,5,,,,,,,,,,
state,22,Chhattisgarh,cube,,2024|pending|A|ec,1,,,,,,,,,,
state,22,Chhattisgarh,cube,,2024|pending|A|other,1,,,,,,,,,,
state,22,Chhattisgarh,cube,,2024|pending|B1|ec,6,,,,,,,,,,
state,22,Chhattisgarh,cube,,2024|pending|B1|other,2,,,,,,,,,,
state,22,Chhattisgarh,cube,,2024|pending|B2|ec,49,,,,,,,,,,
state,22,Chhattisgarh,cube,,2024|pending|OTHER|forest,18,,,,,,,,,,
state,22,Chhattisgarh,cube,,2024|pending|OTHER|other,21,,,,,,,,,,
state,22,Chhattisgarh,cube,,2024|pending|OTHER|wildlife,23,,,,,,,,,,
state,22,Chhattisgarh,cube,,2024|rejected|B1|ec,22,,,,,,,,,,
state,22,Chhattisgarh,cube,,2024|rejected|B1|other,3,,,,,,,,,,
state,22,Chhattisgarh,cube,,2024|rejected|B2|ec,145,,,,,,,,,,
state,22,Chhattisgarh,cube,,2024|rejected|B2|other,4,,,,,,,,,,
state,22,Chhattisgarh,cube,,2024|tor|A|ec,41,,,,,,,,,,
state,22,Chhattisgarh,cube,,2024|tor|A|other,5,,,,,,,,,,
state,22,Chhattisgarh,cube,,2024|tor|B1|ec,116,,,,,,,,,,
state,22,Chhattisgarh,cube,,2024|tor|B1|other,7,,,,,,,,,,
state,22,Chhattisgarh,cube,,2024|tor|B2|ec,1,,,,,,,,,,
state,22,Chhattisgarh,cube,,2024|withdrawn|A|ec,8,,,,,,,,,,
state,22,Chhattisgarh,cube,,2024|withdrawn|A|other,13,,,,,,,,,,
state,22,Chhattisgarh,cube,,2024|withdrawn|B1|ec,12,,,,,,,,,,
state,22,Chhattisgarh,cube,,2024|withdrawn|B1|other,2,,,,,,,,,,
state,22,Chhattisgarh,cube,,2024|withdrawn|B2|ec,16,,,,,,,,,,
state,22,Chhattisgarh,cube,,2024|withdrawn|OTHER|other,1,,,,,,,,,,
state,22,Chhattisgarh,cube,,2025|granted|A|ec,32,,,,,,,,,,
state,22,Chhattisgarh,cube,,2025|granted|A|other,21,,,,,,,,,,
state,22,Chhattisgarh,cube,,2025|granted|B1|ec,49,,,,,,,,,,
state,22,Chhattisgarh,cube,,2025|granted|B1|other,11,,,,,,,,,,
state,22,Chhattisgarh,cube,,2025|granted|B2|ec,92,,,,,,,,,,
state,22,Chhattisgarh,cube,,2025|granted|B2|other,7,,,,,,,,,,
state,22,Chhattisgarh,cube,,2025|granted|OTHER|forest,39,,,,,,,,,,
state,22,Chhattisgarh,cube,,2025|granted|OTHER|other,5,,,,,,,,,,
state,22,Chhattisgarh,cube,,2025|pending|A|ec,4,,,,,,,,,,
state,22,Chhattisgarh,cube,,2025|pending|A|other,2,,,,,,,,,,
state,22,Chhattisgarh,cube,,2025|pending|B1|ec,11,,,,,,,,,,
state,22,Chhattisgarh,cube,,2025|pending|B1|other,3,,,,,,,,,,
state,22,Chhattisgarh,cube,,2025|pending|B2|ec,31,,,,,,,,,,
state,22,Chhattisgarh,cube,,2025|pending|B2|other,3,,,,,,,,,,
state,22,Chhattisgarh,cube,,2025|pending|OTHER|forest,37,,,,,,,,,,
state,22,Chhattisgarh,cube,,2025|pending|OTHER|other,17,,,,,,,,,,
state,22,Chhattisgarh,cube,,2025|pending|OTHER|wildlife,42,,,,,,,,,,
state,22,Chhattisgarh,cube,,2025|rejected|B1|ec,9,,,,,,,,,,
state,22,Chhattisgarh,cube,,2025|rejected|B1|other,1,,,,,,,,,,
state,22,Chhattisgarh,cube,,2025|rejected|B2|ec,43,,,,,,,,,,
state,22,Chhattisgarh,cube,,2025|rejected|B2|other,1,,,,,,,,,,
state,22,Chhattisgarh,cube,,2025|rejected|OTHER|forest,4,,,,,,,,,,
state,22,Chhattisgarh,cube,,2025|rejected|OTHER|other,3,,,,,,,,,,
state,22,Chhattisgarh,cube,,2025|tor|A|ec,28,,,,,,,,,,
state,22,Chhattisgarh,cube,,2025|tor|A|other,5,,,,,,,,,,
state,22,Chhattisgarh,cube,,2025|tor|B1|ec,60,,,,,,,,,,
state,22,Chhattisgarh,cube,,2025|tor|B1|other,1,,,,,,,,,,
state,22,Chhattisgarh,cube,,2025|withdrawn|A|ec,12,,,,,,,,,,
state,22,Chhattisgarh,cube,,2025|withdrawn|A|other,6,,,,,,,,,,
state,22,Chhattisgarh,cube,,2025|withdrawn|B1|ec,2,,,,,,,,,,
state,22,Chhattisgarh,cube,,2025|withdrawn|B1|other,1,,,,,,,,,,
state,22,Chhattisgarh,cube,,2025|withdrawn|B2|ec,7,,,,,,,,,,
state,22,Chhattisgarh,cube,,2025|withdrawn|OTHER|other,1,,,,,,,,,,
state,22,Chhattisgarh,cube,,2026|granted|A|ec,11,,,,,,,,,,
state,22,Chhattisgarh,cube,,2026|granted|A|other,12,,,,,,,,,,
state,22,Chhattisgarh,cube,,2026|granted|B1|ec,4,,,,,,,,,,
state,22,Chhattisgarh,cube,,2026|granted|B1|other,5,,,,,,,,,,
state,22,Chhattisgarh,cube,,2026|granted|B2|ec,64,,,,,,,,,,
state,22,Chhattisgarh,cube,,2026|granted|B2|other,10,,,,,,,,,,
state,22,Chhattisgarh,cube,,2026|granted|OTHER|forest,10,,,,,,,,,,
state,22,Chhattisgarh,cube,,2026|granted|OTHER|other,3,,,,,,,,,,
state,22,Chhattisgarh,cube,,2026|pending|A|ec,35,,,,,,,,,,
state,22,Chhattisgarh,cube,,2026|pending|A|other,12,,,,,,,,,,
state,22,Chhattisgarh,cube,,2026|pending|B1|ec,50,,,,,,,,,,
state,22,Chhattisgarh,cube,,2026|pending|B1|other,14,,,,,,,,,,
state,22,Chhattisgarh,cube,,2026|pending|B2|ec,107,,,,,,,,,,
state,22,Chhattisgarh,cube,,2026|pending|B2|other,46,,,,,,,,,,
state,22,Chhattisgarh,cube,,2026|pending|OTHER|forest,38,,,,,,,,,,
state,22,Chhattisgarh,cube,,2026|pending|OTHER|other,25,,,,,,,,,,
state,22,Chhattisgarh,cube,,2026|pending|OTHER|wildlife,47,,,,,,,,,,
state,22,Chhattisgarh,cube,,2026|rejected|B1|ec,2,,,,,,,,,,
state,22,Chhattisgarh,cube,,2026|rejected|B1|other,1,,,,,,,,,,
state,22,Chhattisgarh,cube,,2026|rejected|B2|ec,2,,,,,,,,,,
state,22,Chhattisgarh,cube,,2026|rejected|B2|other,1,,,,,,,,,,
state,22,Chhattisgarh,cube,,2026|rejected|OTHER|forest,8,,,,,,,,,,
state,22,Chhattisgarh,cube,,2026|tor|A|ec,24,,,,,,,,,,
state,22,Chhattisgarh,cube,,2026|tor|A|other,2,,,,,,,,,,
state,22,Chhattisgarh,cube,,2026|tor|B1|ec,20,,,,,,,,,,
state,22,Chhattisgarh,cube,,2026|tor|OTHER|other,1,,,,,,,,,,
state,22,Chhattisgarh,cube,,2026|withdrawn|A|ec,15,,,,,,,,,,
state,22,Chhattisgarh,cube,,2026|withdrawn|A|other,2,,,,,,,,,,
state,22,Chhattisgarh,cube,,2026|withdrawn|OTHER|other,1,,,,,,,,,,
state,22,Chhattisgarh,run,,run_status,ok,,,,,,,,,,
state,22,Chhattisgarh,run,,run_date,2026-10-10T05:52:28Z,,,,,,,,,,
state,22,Chhattisgarh,run,,run_url,https://github.com/publicmap/parivesh-dashboard/actions/runs/38027443840,,,,,,,,,,
state,22,Chhattisgarh,top_recent_ec,1,,,IA/CG/IND1/580679/2026,"Request for Amendment to Environmental Clearance (EC) for permission for utilisation of ground water of 473 KLD (Phase -1) for a period of one year to GOS Ispat Private Limited Located at Ghughuwadih Village, Simga Tehsil, Balodabazar District, Chhattisgarh",GOS ISPAT PRIVATE LIMITED,Baloda Bazar,EC Granted,2026-05-30T11:20:08.161+00:00,2026-09-30T08:58:34.606+00:00,58000.0,22.13,https://parivesh.nic.in/newupgrade/#/report/ec?proposalId=1230180009
state,22,Chhattisgarh,top_recent_ec,2,,,IA/CG/IND1/585992/2026,"Request for amendment to the Environmental Clearance (EC) issued to M/s. Risen Industries Private Limited. for proposed steel plant at Village  -Sarda, Tehsil  -Berla,  District  -Bemetara,  Chhattisgarh",RISEN INDUSTRIES PRIVATE LIMITED,Bametara,EC Granted,2026-07-20T06:43:06.806+00:00,2026-09-30T08:46:16.042+00:00,37000.0,17.27,https://parivesh.nic.in/newupgrade/#/report/ec?proposalId=1235762377
state,22,Chhattisgarh,top_recent_ec,3,,,IA/CG/IND1/589410/2026,"Expansion of Production Capacity of Sponge Iron Kilns, Induction Furnaces, Rolling Mills (Hot Charging and Reheating), Captive Power Plant (AFBC+WHRB), Fly Ash Bricks Unit and New Sub-Merged Arc Furnaces at Village: Parsada, Post: Sarora, Tehsil: Tilda, District: Raipur, Chhattisgarh by M/s. Hi-Tech Power and Steel Limited",HI TECH POWER AND STEEL LIMITED,Raipur,EC Granted,2026-08-18T12:31:12.377+00:00,2026-09-30T08:21:04.635+00:00,42157.0,30.457,https://parivesh.nic.in/newupgrade/#/report/ec?proposalId=1238716367
state,22,Chhattisgarh,top_recent_ec,4,,,IA/CG/CMIN/578473/2026,"Expansion of Wet Type Coal Washery Project based on Heavy Median Cyclone from 0.96 MTPA to 2.5 MTPA located at Village - Ghutku, Tehsil - Takhatpur, District - Bilaspur, Chhattisgarh by M/s Paras Power & Coal Beneficiation Limited",M/S PARAS POWER & COAL BENEFICIATION LIMITED,Bilaspur,EC Granted,2026-05-09T09:49:09.765+00:00,2026-09-30T04:14:05.202+00:00,2200.0,5.82,https://parivesh.nic.in/newupgrade/#/report/ec?proposalId=1227082814
state,22,Chhattisgarh,top_recent_ec,5,,,IA/CG/CMIN/586167/2026,Expansion of Wet type Coal washery from  1.92 MTPA (2x0.96 MTPA) to 5.00 MTPA (2x2.5 MTPA),CLEAN COAL ENTERPRISES PRIVATE LIMITED,Bilaspur,EC Granted,2026-07-21T10:34:45.002+00:00,2026-09-30T04:07:15.501+00:00,6818.0,10.456,https://parivesh.nic.in/newupgrade/#/report/ec?proposalId=1235949582
state,22,Chhattisgarh,top_recent_ec,6,,,SIA/CG/MIN/572985/2026,M/s Mahamaya Minerals. Part- Mahesh Sharma and Vimal Agrawal,MAHESH SHARMA,Bilaspur,EC Granted,2026-03-19T10:24:04.378+00:00,2026-09-29T04:54:27.707+00:00,40.0,5.0,https://parivesh.nic.in/newupgrade/#/report/ec?proposalId=1222154605
state,22,Chhattisgarh,top_recent_ec,7,,,SIA/CG/MIN/588783/2026,PIPLAWAND LIMESTONE QUARRY,MOHAMMAD PATEL,Bastar,EC Granted,2026-08-12T06:50:49.858+00:00,2026-09-25T10:30:31.280+00:00,78.0,3.504,https://parivesh.nic.in/newupgrade/#/report/ec?proposalId=1238197102
state,22,Chhattisgarh,top_recent_ec,8,,,SIA/CG/INFRA2/575628/2026,Proposed Commercial building : M.D. Developers,M.D.DEVELOPERS,Raipur,EC Granted,2026-04-14T06:36:11.804+00:00,2026-09-25T10:28:13.301+00:00,4500.0,1.2751,https://parivesh.nic.in/newupgrade/#/report/ec?proposalId=1224254648
state,22,Chhattisgarh,top_recent_ec,9,,,SIA/CG/MIN/588245/2026,M/S Eagle Mining (Mr. Ankur Agrawal),ankur agrawal,Bilaspur,EC Granted,2026-08-07T08:18:21.288+00:00,2026-09-25T09:26:04.170+00:00,70.0,1.61,https://parivesh.nic.in/newupgrade/#/report/ec?proposalId=1237764740
state,22,Chhattisgarh,top_recent_ec,10,,,SIA/CG/MIN/466427/2024,"Clay Mine, Village - Albaras, Area - 3.86 Ha., Project Proponent - Shri Gopal Pade",GOPAL PADE,Durg,EC Granted,2024-03-18T11:56:30.251+00:00,2026-09-25T09:10:31.632+00:00,50.0,3.86,https://parivesh.nic.in/newupgrade/#/report/ec?proposalId=54616660
state,22,Chhattisgarh,top_cost,1,,,SIA/CG/MIN/589529/2026,Mayank Jain,MAYANK JAIN,Raipur,Referred to SEIAA,2026-08-19T11:56:20.500+00:00,,9944000.0,3.03,https://parivesh.nic.in/newupgrade/#/report/ec?proposalId=1238815667
state,22,Chhattisgarh,top_cost,2,,,IA/CG/IND1/588382/2026,"Expansion of existing integrated steel plant from 3.6 MTPA to 12.6 MTPA Crude steel at Raigarh, Chhattisgarh",Jindal Steel Limited,Raigarh,Referred to EAC,2026-08-08T08:50:29.615+00:00,,7741400.0,988.02,https://parivesh.nic.in/newupgrade/#/report/ec?proposalId=1237856996
state,22,Chhattisgarh,top_cost,3,,,IA/CG/THE/591945/2026,"Proposed 4800 (6x800) MW Coal Based Ultra Super-Critical Thermal Power Project at Salka, Kathmunda, Narayanpur, Mudgaon and adjacent villages, Tehsil/ Block Premnagar and Udaypur, District Surguja and Surajpur, Chhattisgarh by Adani Power Limited.",Adani Power Limited,Surguja,Under Examination,2026-09-11T11:34:39.519+00:00,,5603000.0,673.5,https://parivesh.nic.in/newupgrade/#/report/ec?proposalId=1240760083
state,22,Chhattisgarh,top_cost,4,,,SIA/CG/MIN/583235/2026,Neha Jaiswal,neha jaiswal,Janjgir - Champa,ToR Granted,2026-06-24T12:14:23.403+00:00,2026-09-21T11:17:13.472+00:00,4600000.0,5.0,https://parivesh.nic.in/newupgrade/#/report/ec?proposalId=1233205151
state,22,Chhattisgarh,top_cost,5,,,SIA/CG/MIN/588019/2026,Lakhan Lal Verma,LAKHAN LAL VERMA,Baloda Bazar,Referred to SEIAA,2026-08-05T12:49:58.717+00:00,,4600000.0,5.0,https://parivesh.nic.in/newupgrade/#/report/ec?proposalId=1237584157
state,22,Chhattisgarh,top_cost,6,,,SIA/CG/MIN/584417/2026,Dilesh Kumar,DILESH KUMAR,Baloda Bazar,Referred to SEIAA,2026-07-06T10:32:40.759+00:00,,4400000.0,5.0,https://parivesh.nic.in/newupgrade/#/report/ec?proposalId=1234395855
state,22,Chhattisgarh,top_cost,7,,,SIA/CG/MIN/591627/2026,Devang Patel,DEVANG PATEL,Koriya,Pending at MS SEIAA,2026-09-09T05:49:09.465+00:00,,4300000.0,1.02,https://parivesh.nic.in/newupgrade/#/report/ec?proposalId=1240521268
state,22,Chhattisgarh,top_cost,8,,,IA/CG/CMIN/594029/2026,"Banai & Bhalumunda Opencast Coal Mine project of M/s Jindal Power Limited located at Villages Auraimuda, Banai, Barkaspali, Bhalumuda, Chirramuda, Charbhantha, Chitwahi, Dholnara, Dolesara, Kasaiya, Kerakhol, Kognara, Kolam, Muskura, Noondarha & Rodopali, Tehsil Tamnar & Gharghoda, District Raigarh, State Chhattisgarh",JINDAL POWER LIMITED,Raigarh,Under Examination,2026-10-01T12:41:49.361+00:00,,300000.0,3330.63,https://parivesh.nic.in/newupgrade/#/report/ec?proposalId=1243861190
state,22,Chhattisgarh,top_cost,9,,,IA/CG/IND1/592679/2026,"Greenfield Cement Clinkerisation Plant (4.5 MTPA), Grinding Unit (1.0 MTPA), CFBC/AFBC based Power Plant (40 MW) and WHRB based Power Plant (12MW) of M/s FEEGRADE & CO Private Limited Located at Villages- Khaira, Khapri and Bitkuli, Taluka- Bhatapara, Dist- Baloda Bazaar-Bhatapara, Chhattisgarh",FEEGRADE & COMPANY PRIVATE LIMITED,Baloda Bazar,EDS Raised,2026-09-19T09:18:43.003+00:00,,291250.0,117.418,https://parivesh.nic.in/newupgrade/#/report/ec?proposalId=1241364989
state,22,Chhattisgarh,top_cost,10,,,IA/CG/IND1/592934/2026,"Enhancement in production of Sponge Iron from 650000 TPA to 715000 TPA through process optimization within existing Plant and Machinery & with ""No Increase in Pollution Load"" for Godawari Power and Ispat Ltd at Plot No. 428/2, and other Phase-1, Industrial Area Village Siltara and Tanda, Tahsil Dharsiwa, District Raipur, Chhattisgarh.",GODAWARI POWER AND ISPAT LIMITED,Raipur,,2026-09-22T09:51:17.743+00:00,,269525.0,112.4799,https://parivesh.nic.in/newupgrade/#/report/ec?proposalId=1243054955
state,22,Chhattisgarh,top_land,1,,,SIA/CG/IND2/528182/2025,"Exploration (Core Hole Drilling) of Coal Bed Methane (CBM) in block SR-ONHP(CBM)-2021/6 (584.71 Sq. Km.) in Korea, Surajpur and Manendragarh-Chirimiri-Bharatpur Districts, Chhattisgarh",M/s Vedanta Limited(Division Cairn Oil & Gas),Koriya,EC Granted,2025-03-07T06:22:46.059+00:00,2026-01-30T13:50:04.000+00:00,5314.0,58471.0,https://parivesh.nic.in/newupgrade/#/report/ec?proposalId=121860369
state,22,Chhattisgarh,top_land,2,,,FP/CG/SRY/533191/2025,"Exploration (Core Hole Drilling) of Coal Bed Methane (CBM) in block SR-ONHP(CBM)-2021/6 (584.71 Sq. Km.) in Korea, Surajpur and Manendragarh-Chirimiri-Bharatpur Districts, Chhattisgarh",M/s Vedanta Limited(Division Cairn Oil & Gas),Koriya,Approval Granted,2025-04-07T15:01:29.279+00:00,,5314.0,58471.0,https://parivesh.nic.in/newupgrade/#/report/ec?proposalId=124409028
state,22,Chhattisgarh,top_land,3,,,SIA/CG/IND2/567743/2026,"Exploration (Core Hole Drilling) of Coal Bed Methane (CBM) in block SR-ONHP(CBM)-2021/6 (584.71 Sq. Km.) in Korea, Surajpur and Manendragarh-Chirimiri-Bharatpur Districts, Chhattisgarh",M/s Vedanta Limited(Division Cairn Oil & Gas),Koriya,EC Granted,2026-02-03T06:14:11.227+00:00,2026-07-29T05:35:02.296+00:00,5314.0,58471.0,https://parivesh.nic.in/newupgrade/#/report/ec?proposalId=1218272429
state,22,Chhattisgarh,top_land,4,,,FP/CG/SRY/582266/2026,"Exploration (Core Hole Drilling) of Coal Bed Methane (CBM) in block SR-ONHP(CBM)-2021/6 (584.71 Sq. Km.) in Korea, Surajpur and Manendragarh-Chirimiri-Bharatpur Districts, Chhattisgarh",M/s Vedanta Limited(Division Cairn Oil & Gas),Koriya,Pending at DFO for Scrutiny and Recommendation,2026-06-16T05:06:44.339+00:00,,5314.0,58471.0,https://parivesh.nic.in/newupgrade/#/report/ec?proposalId=1232238162
state,22,Chhattisgarh,top_land,5,,,SIA/CG/INFRA2/485221/2024,Proposed Hospital Project (A unit of Narayana Hrudyalaya Ltd.),ajit kumar bellamkonda,Raipur,EC Rejected,2024-07-01T09:09:28.042+00:00,2025-05-21T05:20:19.164+00:00,40000.0,10347.0,https://parivesh.nic.in/newupgrade/#/report/ec?proposalId=80373808
state,22,Chhattisgarh,top_land,6,,,SIA/CG/INFRA2/532386/2025,Chhattisgarh State Power Companies Head Office,CHHATTISGARH STATE POWER GENERATION COMPANY LIMITED,Raipur,EC Granted,2025-04-01T14:50:33.826+00:00,2025-12-16T15:08:38.979+00:00,18200.0,10017.303,https://parivesh.nic.in/newupgrade/#/report/ec?proposalId=124031362
state,22,Chhattisgarh,top_land,7,,,SIA/CG/IND1/404769/2022,SARWOTTAM STRIPS PVT. LTD.,SARWOTTAM STRIPS PRIVATE LIMITED,Raipur,EC Granted,2022-10-31T07:51:17.379+00:00,2023-05-31T19:21:52.080+00:00,948.86,10000.0,https://parivesh.nic.in/newupgrade/#/report/ec?proposalId=1326134
state,22,Chhattisgarh,top_land,8,,,FP/CG/SRY/551270/2025,"Reconnaissance survey for lithium and associated REE-RM in and around Kukrikand-Tilsara-Jatga, Korba district, Chhattisgarh, item no.53449",GEOLOGICAL SURVEY OF INDIA STATE UNIT CHHATTISGARH,Korba,Approval Granted,2025-09-11T12:09:31.063+00:00,,40.0,10000.0,https://parivesh.nic.in/newupgrade/#/report/ec?proposalId=136116558
state,22,Chhattisgarh,top_land,9,,,FP/CG/SRY/572628/2026,"Reconnaissance survey for lithium and associated REE-RM in and around Kukrikand-Tilsara-Jatga, Korba district, Chhattisgarh.",GEOLOGICAL SURVEY OF INDIA STATE UNIT CHHATTISGARH,Korba,Approval Granted,2026-03-17T04:53:25.690+00:00,,40.0,10000.0,https://parivesh.nic.in/newupgrade/#/report/ec?proposalId=1221911365
state,22,Chhattisgarh,top_land,10,,,FP/CG/SRY/593574/2026,"Reconnaissance Survey (G4) For Bauxite, Aluminous Laterite and associated Critical Minerals in Golardih area","DIRECTORATE OF GEOLOGY & MINING, REGIONAL OFFICE RAIPUR CHHATTISGARH RAIPUR",Rajnandgaon,Pending at DFO for Scrutiny and Recommendation,2026-09-28T06:43:29.522+00:00,,46.017,7019.53,https://parivesh.nic.in/newupgrade/#/report/ec?proposalId=1243501983
state,22,Chhattisgarh,recent_change,1,added,,SIA/CG/MIN/594960/2026,"Clay Mine, village Nankatthi,Project Proponent Shri Harishankar kumbhkar",HARI KUMBHKAR,Durg,Under Verification,2026-10-09T07:47:47.541+00:00,,19.0,1.92,https://parivesh.nic.in/newupgrade/#/report/ec?proposalId=1244766532
state,22,Chhattisgarh,recent_change,2,added,,SIA/CG/MIN/594954/2026,M/s Akholdih khapari Limestone Quarry ( proprietor- Govind bhai patel ) khasra no-544 Area -0.769 hect. Village- Akoldhi khapri  Tehsil- Aarang District.- Riapur,GOVIND BHAI PATEL,Raipur,Under Verification,2026-10-09T07:14:49.658+00:00,,35.0,0.0,https://parivesh.nic.in/newupgrade/#/report/ec?proposalId=1244760727
state,22,Chhattisgarh,recent_change,3,added,,FP/CG/SRY/594933/2026,Composite license of Dandkesra North Extension Bauxite Block Over an area of 86.335 Ha.,MAA KUDARGARHI STEELS PRIVATE LIMITED,Surguja,Pending at DFO for Scrutiny and Recommendation,2026-10-09T06:27:02.137+00:00,,274.0,86.335,https://parivesh.nic.in/newupgrade/#/report/ec?proposalId=1244751849
state,23,Madhya Pradesh,stat,,projects,12062,,,,,,,,,,
state,23,Madhya Pradesh,stat,,active_projects,8538,,,,,,,,,,
state,23,Madhya Pradesh,stat,,applications,8538,,,,,,,,,,
state,23,Madhya Pradesh,stat,,ec_granted,3456,,,,,,,,,,
state,23,Madhya Pradesh,stat,,ec_tor,2426,,,,,,,,,,
state,23,Madhya Pradesh,stat,,ec_pending,2440,,,,,,,,,,
state,23,Madhya Pradesh,stat,,ec_rejected,125,,,,,,,,,,
state,23,Madhya Pradesh,stat,,ec_withdrawn,91,,,,,,,,,,
state,23,Madhya Pradesh,stat,,pc_A,260,,,,,,,,,,
state,23,Madhya Pradesh,stat,,pc_B1,4176,,,,,,,,,,
state,23,Madhya Pradesh,stat,,pc_B2,2253,,,,,,,,,,
state,23,Madhya Pradesh,stat,,pc_OTHER,1849,,,,,,,,,,
state,23,Madhya Pradesh,stat,,ty_ec,6447,,,,,,,,,,
state,23,Madhya Pradesh,stat,,ty_forest,1414,,,,,,,,,,
state,23,Madhya Pradesh,stat,,ty_wildlife,341,,,,,,,,,,
state,23,Madhya Pradesh,stat,,ty_crz,0,,,,,,,,,,
state,23,Madhya Pradesh,stat,,ty_other,336,,,,,,,,,,
state,23,Madhya Pradesh,stat,,delisted_or_removed,3524,,,,,,,,,,
state,23,Madhya Pradesh,stat,,total_cost_lakhs,63864984.3,,,,,,,,,,
state,23,Madhya Pradesh,stat,,cost_outliers_excluded,29,,,,,,,,,,
state,23,Madhya Pradesh,stat,,total_land_ha,3924055.7113,,,,,,,,,,
state,23,Madhya Pradesh,stat,,latest_application,2026-10-09T11:59:26.742+00:00,,,,,,,,,,
state,23,Madhya Pradesh,stat,,latest_grant,2026-09-18T08:19:03.425+00:00,,,,,,,,,,
state,23,Madhya Pradesh,stat,,changes_added,5,,,,,,,,,,
state,23,Madhya Pradesh,stat,,changes_removed,0,,,,,,,,,,
state,23,Madhya Pradesh,stat,,changes_updated,834,,,,,,,,,,
state,23,Madhya Pradesh,stat,,changes_status,0,,,,,,,,,,
state,23,Madhya Pradesh,stat,,compared_with,2026-10-09T20:19:01Z,,,,,,,,,,
state,23,Madhya Pradesh,stat,,changes_added_active,5,,,,,,,,,,
state,23,Madhya Pradesh,stat,,changes_removed_active,0,,,,,,,,,,
state,23,Madhya Pradesh,stat,,changes_updated_active,683,,,,,,,,,,
state,23,Madhya Pradesh,stat,,changes_status_active,0,,,,,,,,,,
state,23,Madhya Pradesh,stat,,window_added_active,178,,,,,,,,,,
state,23,Madhya Pradesh,stat,,window_updated_active,595,,,,,,,,,,
state,23,Madhya Pradesh,stat,,window_added,178,,,,,,,,,,
state,23,Madhya Pradesh,stat,,window_updated,739,,,,,,,,,,
state,23,Madhya Pradesh,stat,,window_since,2026-10-01T03:52:08Z,,,,,,,,,,
state,23,Madhya Pradesh,status,,DELISTED_BY_SYSTEM,2940,,,,,,,,,,
state,23,Madhya Pradesh,status,,EC Granted,2758,,,,,,,,,,
state,23,Madhya Pradesh,status,,Standard ToR Granted,1598,,,,,,,,,,
state,23,Madhya Pradesh,status,,REMOVED,584,,,,,,,,,,
state,23,Madhya Pradesh,status,,TOR Granted,520,,,,,,,,,,
state,23,Madhya Pradesh,status,,Pending at MS SEIAA,492,,,,,,,,,,
state,23,Madhya Pradesh,status,,(none),388,,,,,,,,,,
state,23,Madhya Pradesh,status,,Stage-II Accorded,379,,,,,,,,,,
state,23,Madhya Pradesh,status,,Final Diversion Order Issued,259,,,,,,,,,,
state,23,Madhya Pradesh,status,,EDS raised,201,,,,,,,,,,
state,23,Madhya Pradesh,status,,Under Examination,195,,,,,,,,,,
state,23,Madhya Pradesh,status,,ToR Granted,167,,,,,,,,,,
state,23,Madhya Pradesh,status,,TOR GRANTED,141,,,,,,,,,,
state,23,Madhya Pradesh,status,,EC Rejected,120,,,,,,,,,,
state,23,Madhya Pradesh,status,,ADS Raised,106,,,,,,,,,,
state,23,Madhya Pradesh,status,,Referred to SEIAA,104,,,,,,,,,,
state,23,Madhya Pradesh,status,,Pending at DFO for Scrutiny and Recommendation,96,,,,,,,,,,
state,23,Madhya Pradesh,status,,Proposal Accepted and Referred to SEAC,75,,,,,,,,,,
state,23,Madhya Pradesh,status,,Pending on UA for Compensatory Levies Payment,64,,,,,,,,,,
state,23,Madhya Pradesh,status,,Under Verification,62,,,,,,,,,,
state,23,Madhya Pradesh,status,,Referred to SEAC,61,,,,,,,,,,
state,23,Madhya Pradesh,status,,Approval Granted,46,,,,,,,,,,
state,23,Madhya Pradesh,status,,Pending at State Secretary for Recommendation,44,,,,,,,,,,
state,23,Madhya Pradesh,status,,Pending at DFO due to EDS by Nodal Officer,43,,,,,,,,,,
state,23,Madhya Pradesh,status,,Pending at UA due to EDS by MS after PSC-I,42,,,,,,,,,,
state,23,Madhya Pradesh,status,,Pending at UA for Compliance Report,37,,,,,,,,,,
state,23,Madhya Pradesh,status,,Proposal pulled back (withdrawn),37,,,,,,,,,,
state,23,Madhya Pradesh,status,,Pending at PP due to EDS by DFO,35,,,,,,,,,,
state,23,Madhya Pradesh,status,,Pending at State Government for Diversion Letter,34,,,,,,,,,,
state,23,Madhya Pradesh,status,,Pending at UA due to EDS by DFO,31,,,,,,,,,,
state,23,Madhya Pradesh,status,,Pending at DFO/CF after acceptance in PSC-I,28,,,,,,,,,,
state,23,Madhya Pradesh,status,,Proposal returned in present form,27,,,,,,,,,,
state,23,Madhya Pradesh,status,,Pending at UA for DFO EDS Reply,25,,,,,,,,,,
state,23,Madhya Pradesh,status,,Pending at PP due to EDS by Nodal Officer,24,,,,,,,,,,
state,23,Madhya Pradesh,status,,Pending at UA for Compensatory Levies Payment and Compliance Report,23,,,,,,,,,,
state,23,Madhya Pradesh,status,,Pending at State Secretary for Recommendation after PSC-II,22,,,,,,,,,,
state,23,Madhya Pradesh,status,,Pending at DFO/CF/Nodal Officer after acceptance in PSC-I,20,,,,,,,,,,
state,23,Madhya Pradesh,status,,Pending at UA due to EDS by Nodal Officer,19,,,,,,,,,,
state,23,Madhya Pradesh,status,,Pending at MS for Proposal Withdraw,15,,,,,,,,,,
state,23,Madhya Pradesh,status,,Withdrawal Request Accepted,14,,,,,,,,,,
state,23,Madhya Pradesh,status,,Pending at Nodal Officer due to EDS by State Secretary,13,,,,,,,,,,
state,23,Madhya Pradesh,status,,Pending at DFO for Compensatory Levies,13,,,,,,,,,,
state,23,Madhya Pradesh,status,,Proposal Withdrawal Request Accepted,12,,,,,,,,,,
state,23,Madhya Pradesh,status,,Granted,12,,,,,,,,,,
state,23,Madhya Pradesh,status,,Pending at MS for Acceptance in PSC-I,12,,,,,,,,,,
state,23,Madhya Pradesh,status,,Pending at AIGF - RO,11,,,,,,,,,,
state,23,Madhya Pradesh,status,,Pending at MS for Recommendation in PSC-II,10,,,,,,,,,,
state,23,Madhya Pradesh,status,,Pending at UA due to EDS by MS after PSC-II,10,,,,,,,,,,
state,23,Madhya Pradesh,status,,Pending at Nodal Officer for Recommendation,8,,,,,,,,,,
state,23,Madhya Pradesh,status,,Pending at DFO For Compliance Review,7,,,,,,,,,,
state,23,Madhya Pradesh,status,,"Pending at Technical Officer - MoEFCC, HQ",6,,,,,,,,,,
state,23,Madhya Pradesh,status,,Pending at Nodal Officer for Recommendation after PSC-II,5,,,,,,,,,,
state,23,Madhya Pradesh,status,,Pending at RO Head,5,,,,,,,,,,
state,23,Madhya Pradesh,status,,Pending at Technical Officer - IRO,5,,,,,,,,,,
state,23,Madhya Pradesh,status,,Forwarded to MS,4,,,,,,,,,,
state,23,Madhya Pradesh,status,,Pending at UA due to Delisting by Authority,4,,,,,,,,,,
state,23,Madhya Pradesh,status,,Pending at UA for CA Payment and Compliance Report,3,,,,,,,,,,
state,23,Madhya Pradesh,status,,Pending at Technical Officer RO for Stage-II Letter,3,,,,,,,,,,
state,23,Madhya Pradesh,status,,EDS Raised,3,,,,,,,,,,
state,23,Madhya Pradesh,status,,Forwarded to DD,3,,,,,,,,,,
state,23,Madhya Pradesh,status,,Pending at UA due to EDS raised by DFO,3,,,,,,,,,,
state,23,Madhya Pradesh,status,,Raised/Forwarded EDS to UA,2,,,,,,,,,,
state,23,Madhya Pradesh,status,,ToR Rejected,2,,,,,,,,,,
state,23,Madhya Pradesh,status,,Pending at Nodal Officer for Compliance Review,2,,,,,,,,,,
state,23,Madhya Pradesh,status,,Pending at Technical Officer - RO,2,,,,,,,,,,
state,23,Madhya Pradesh,status,,Pending at Nodal for Compensatory Levies Review,2,,,,,,,,,,
state,23,Madhya Pradesh,status,,Pending at DFO due to EDS by MS After PSC-II,2,,,,,,,,,,
state,23,Madhya Pradesh,status,,Rejected in PSC-I,2,,,,,,,,,,
state,23,Madhya Pradesh,status,,Pending at DFO for Compliance Review,2,,,,,,,,,,
state,23,Madhya Pradesh,status,,Stage-I FC Awaited,2,,,,,,,,,,
state,23,Madhya Pradesh,status,,EDS Under Examination,2,,,,,,,,,,
state,23,Madhya Pradesh,status,,Pending at Nodal Officer for Compliance Approval,1,,,,,,,,,,
state,23,Madhya Pradesh,status,,REJECTED,1,,,,,,,,,,
state,23,Madhya Pradesh,status,,Pending at UA due to EDS by CF,1,,,,,,,,,,
state,23,Madhya Pradesh,status,,"Pending at State Secretary due to EDS by MoEFCC, HQ",1,,,,,,,,,,
state,23,Madhya Pradesh,status,,Forwarded to USS SEIAA,1,,,,,,,,,,
state,23,Madhya Pradesh,status,,Pending at SS for Diversion Letter,1,,,,,,,,,,
state,23,Madhya Pradesh,status,,Pending on UA for Levies Payment,1,,,,,,,,,,
state,23,Madhya Pradesh,status,,Proposal Withdraw,1,,,,,,,,,,
state,23,Madhya Pradesh,status,,Ec Form 9 Accepted,1,,,,,,,,,,
state,23,Madhya Pradesh,status,,Ec Form 9 Approved,1,,,,,,,,,,
state,23,Madhya Pradesh,status,,Pending at State Secretary for Compliance Review,1,,,,,,,,,,
state,23,Madhya Pradesh,status,,Pending at REC,1,,,,,,,,,,
state,23,Madhya Pradesh,status,,Pending at UA for Compensatory Levies Payment,1,,,,,,,,,,
state,23,Madhya Pradesh,status,,Proposal Accepted and Referred to EAC,1,,,,,,,,,,
state,23,Madhya Pradesh,applications_by_year,,2022,405,,,,,,,,,,
state,23,Madhya Pradesh,applications_by_year,,2023,2771,,,,,,,,,,
state,23,Madhya Pradesh,applications_by_year,,2024,1714,,,,,,,,,,
state,23,Madhya Pradesh,applications_by_year,,2025,2278,,,,,,,,,,
state,23,Madhya Pradesh,applications_by_year,,2026,1370,,,,,,,,,,
state,23,Madhya Pradesh,year_granted,,2022,285,,,,,,,,,,
state,23,Madhya Pradesh,year_granted,,2023,1331,,,,,,,,,,
state,23,Madhya Pradesh,year_granted,,2024,812,,,,,,,,,,
state,23,Madhya Pradesh,year_granted,,2025,841,,,,,,,,,,
state,23,Madhya Pradesh,year_granted,,2026,187,,,,,,,,,,
state,23,Madhya Pradesh,year_tor,,2022,91,,,,,,,,,,
state,23,Madhya Pradesh,year_tor,,2023,1043,,,,,,,,,,
state,23,Madhya Pradesh,year_tor,,2024,250,,,,,,,,,,
state,23,Madhya Pradesh,year_tor,,2025,722,,,,,,,,,,
state,23,Madhya Pradesh,year_tor,,2026,320,,,,,,,,,,
state,23,Madhya Pradesh,year_pending,,2022,29,,,,,,,,,,
state,23,Madhya Pradesh,year_pending,,2023,376,,,,,,,,,,
state,23,Madhya Pradesh,year_pending,,2024,588,,,,,,,,,,
state,23,Madhya Pradesh,year_pending,,2025,614,,,,,,,,,,
state,23,Madhya Pradesh,year_pending,,2026,833,,,,,,,,,,
state,23,Madhya Pradesh,year_rejected,,2023,5,,,,,,,,,,
state,23,Madhya Pradesh,year_rejected,,2024,44,,,,,,,,,,
state,23,Madhya Pradesh,year_rejected,,2025,62,,,,,,,,,,
state,23,Madhya Pradesh,year_rejected,,2026,14,,,,,,,,,,
state,23,Madhya Pradesh,year_withdrawn,,2023,16,,,,,,,,,,
state,23,Madhya Pradesh,year_withdrawn,,2024,20,,,,,,,,,,
state,23,Madhya Pradesh,year_withdrawn,,2025,39,,,,,,,,,,
state,23,Madhya Pradesh,year_withdrawn,,2026,16,,,,,,,,,,
state,23,Madhya Pradesh,year_pc_A,,2022,7,,,,,,,,,,
state,23,Madhya Pradesh,year_pc_A,,2023,64,,,,,,,,,,
state,23,Madhya Pradesh,year_pc_A,,2024,54,,,,,,,,,,
state,23,Madhya Pradesh,year_pc_A,,2025,66,,,,,,,,,,
state,23,Madhya Pradesh,year_pc_A,,2026,69,,,,,,,,,,
state,23,Madhya Pradesh,year_pc_B1,,2022,149,,,,,,,,,,
state,23,Madhya Pradesh,year_pc_B1,,2023,1334,,,,,,,,,,
state,23,Madhya Pradesh,year_pc_B1,,2024,865,,,,,,,,,,
state,23,Madhya Pradesh,year_pc_B1,,2025,1235,,,,,,,,,,
state,23,Madhya Pradesh,year_pc_B1,,2026,593,,,,,,,,,,
state,23,Madhya Pradesh,year_pc_B2,,2022,148,,,,,,,,,,
state,23,Madhya Pradesh,year_pc_B2,,2023,1007,,,,,,,,,,
state,23,Madhya Pradesh,year_pc_B2,,2024,290,,,,,,,,,,
state,23,Madhya Pradesh,year_pc_B2,,2025,505,,,,,,,,,,
state,23,Madhya Pradesh,year_pc_B2,,2026,303,,,,,,,,,,
state,23,Madhya Pradesh,year_pc_OTHER,,2022,101,,,,,,,,,,
state,23,Madhya Pradesh,year_pc_OTHER,,2023,366,,,,,,,,,,
state,23,Madhya Pradesh,year_pc_OTHER,,2024,505,,,,,,,,,,
state,23,Madhya Pradesh,year_pc_OTHER,,2025,472,,,,,,,,,,
state,23,Madhya Pradesh,year_pc_OTHER,,2026,405,,,,,,,,,,
state,23,Madhya Pradesh,cube,,2022|granted|A|ec,4,,,,,,,,,,
state,23,Madhya Pradesh,cube,,2022|granted|B1|ec,62,,,,,,,,,,
state,23,Madhya Pradesh,cube,,2022|granted|B2|ec,146,,,,,,,,,,
state,23,Madhya Pradesh,cube,,2022|granted|B2|other,1,,,,,,,,,,
state,23,Madhya Pradesh,cube,,2022|granted|OTHER|forest,72,,,,,,,,,,
state,23,Madhya Pradesh,cube,,2022|pending|OTHER|forest,20,,,,,,,,,,
state,23,Madhya Pradesh,cube,,2022|pending|OTHER|wildlife,9,,,,,,,,,,
state,23,Madhya Pradesh,cube,,2022|tor|A|ec,3,,,,,,,,,,
state,23,Madhya Pradesh,cube,,2022|tor|B1|ec,87,,,,,,,,,,
state,23,Madhya Pradesh,cube,,2022|tor|B2|ec,1,,,,,,,,,,
state,23,Madhya Pradesh,cube,,2023|granted|A|ec,18,,,,,,,,,,
state,23,Madhya Pradesh,cube,,2023|granted|A|other,14,,,,,,,,,,
state,23,Madhya Pradesh,cube,,2023|granted|B1|ec,224,,,,,,,,,,
state,23,Madhya Pradesh,cube,,2023|granted|B1|other,1,,,,,,,,,,
state,23,Madhya Pradesh,cube,,2023|granted|B2|ec,854,,,,,,,,,,
state,23,Madhya Pradesh,cube,,2023|granted|B2|other,3,,,,,,,,,,
state,23,Madhya Pradesh,cube,,2023|granted|OTHER|forest,216,,,,,,,,,,
state,23,Madhya Pradesh,cube,,2023|granted|OTHER|other,1,,,,,,,,,,
state,23,Madhya Pradesh,cube,,2023|pending|A|ec,2,,,,,,,,,,
state,23,Madhya Pradesh,cube,,2023|pending|A|other,1,,,,,,,,,,
state,23,Madhya Pradesh,cube,,2023|pending|B1|ec,79,,,,,,,,,,
state,23,Madhya Pradesh,cube,,2023|pending|B1|other,2,,,,,,,,,,
state,23,Madhya Pradesh,cube,,2023|pending|B2|ec,143,,,,,,,,,,
state,23,Madhya Pradesh,cube,,2023|pending|B2|other,1,,,,,,,,,,
state,23,Madhya Pradesh,cube,,2023|pending|OTHER|forest,97,,,,,,,,,,
state,23,Madhya Pradesh,cube,,2023|pending|OTHER|other,2,,,,,,,,,,
state,23,Madhya Pradesh,cube,,2023|pending|OTHER|wildlife,49,,,,,,,,,,
state,23,Madhya Pradesh,cube,,2023|rejected|B1|other,1,,,,,,,,,,
state,23,Madhya Pradesh,cube,,2023|rejected|B2|ec,3,,,,,,,,,,
state,23,Madhya Pradesh,cube,,2023|rejected|OTHER|forest,1,,,,,,,,,,
state,23,Madhya Pradesh,cube,,2023|tor|A|ec,14,,,,,,,,,,
state,23,Madhya Pradesh,cube,,2023|tor|A|other,3,,,,,,,,,,
state,23,Madhya Pradesh,cube,,2023|tor|B1|ec,1020,,,,,,,,,,
state,23,Madhya Pradesh,cube,,2023|tor|B1|other,5,,,,,,,,,,
state,23,Madhya Pradesh,cube,,2023|tor|B2|ec,1,,,,,,,,,,
state,23,Madhya Pradesh,cube,,2023|withdrawn|A|ec,7,,,,,,,,,,
state,23,Madhya Pradesh,cube,,2023|withdrawn|A|other,5,,,,,,,,,,
state,23,Madhya Pradesh,cube,,2023|withdrawn|B1|ec,2,,,,,,,,,,
state,23,Madhya Pradesh,cube,,2023|withdrawn|B2|ec,2,,,,,,,,,,
state,23,Madhya Pradesh,cube,,2024|granted|A|ec,11,,,,,,,,,,
state,23,Madhya Pradesh,cube,,2024|granted|A|other,6,,,,,,,,,,
state,23,Madhya Pradesh,cube,,2024|granted|B1|ec,356,,,,,,,,,,
state,23,Madhya Pradesh,cube,,2024|granted|B1|other,15,,,,,,,,,,
state,23,Madhya Pradesh,cube,,2024|granted|B2|ec,194,,,,,,,,,,
state,23,Madhya Pradesh,cube,,2024|granted|B2|other,8,,,,,,,,,,
state,23,Madhya Pradesh,cube,,2024|granted|OTHER|forest,214,,,,,,,,,,
state,23,Madhya Pradesh,cube,,2024|granted|OTHER|other,8,,,,,,,,,,
state,23,Madhya Pradesh,cube,,2024|pending|A|other,1,,,,,,,,,,
state,23,Madhya Pradesh,cube,,2024|pending|B1|ec,228,,,,,,,,,,
state,23,Madhya Pradesh,cube,,2024|pending|B1|other,2,,,,,,,,,,
state,23,Madhya Pradesh,cube,,2024|pending|B2|ec,72,,,,,,,,,,
state,23,Madhya Pradesh,cube,,2024|pending|B2|other,2,,,,,,,,,,
state,23,Madhya Pradesh,cube,,2024|pending|OTHER|forest,163,,,,,,,,,,
state,23,Madhya Pradesh,cube,,2024|pending|OTHER|other,10,,,,,,,,,,
state,23,Madhya Pradesh,cube,,2024|pending|OTHER|wildlife,110,,,,,,,,,,
state,23,Madhya Pradesh,cube,,2024|rejected|B1|ec,34,,,,,,,,,,
state,23,Madhya Pradesh,cube,,2024|rejected|B1|other,3,,,,,,,,,,
state,23,Madhya Pradesh,cube,,2024|rejected|B2|ec,6,,,,,,,,,,
state,23,Madhya Pradesh,cube,,2024|rejected|B2|other,1,,,,,,,,,,
state,23,Madhya Pradesh,cube,,2024|tor|A|ec,23,,,,,,,,,,
state,23,Madhya Pradesh,cube,,2024|tor|A|other,6,,,,,,,,,,
state,23,Madhya Pradesh,cube,,2024|tor|B1|ec,211,,,,,,,,,,
state,23,Madhya Pradesh,cube,,2024|tor|B1|other,10,,,,,,,,,,
state,23,Madhya Pradesh,cube,,2024|withdrawn|A|ec,5,,,,,,,,,,
state,23,Madhya Pradesh,cube,,2024|withdrawn|A|other,2,,,,,,,,,,
state,23,Madhya Pradesh,cube,,2024|withdrawn|B1|ec,3,,,,,,,,,,
state,23,Madhya Pradesh,cube,,2024|withdrawn|B1|other,3,,,,,,,,,,
state,23,Madhya Pradesh,cube,,2024|withdrawn|B2|ec,6,,,,,,,,,,
state,23,Madhya Pradesh,cube,,2024|withdrawn|B2|other,1,,,,,,,,,,
state,23,Madhya Pradesh,cube,,2025|granted|A|ec,19,,,,,,,,,,
state,23,Madhya Pradesh,cube,,2025|granted|A|other,8,,,,,,,,,,
state,23,Madhya Pradesh,cube,,2025|granted|B1|ec,260,,,,,,,,,,
state,23,Madhya Pradesh,cube,,2025|granted|B1|other,18,,,,,,,,,,
state,23,Madhya Pradesh,cube,,2025|granted|B2|ec,375,,,,,,,,,,
state,23,Madhya Pradesh,cube,,2025|granted|B2|other,32,,,,,,,,,,
state,23,Madhya Pradesh,cube,,2025|granted|OTHER|forest,121,,,,,,,,,,
state,23,Madhya Pradesh,cube,,2025|granted|OTHER|other,8,,,,,,,,,,
state,23,Madhya Pradesh,cube,,2025|pending|A|ec,3,,,,,,,,,,
state,23,Madhya Pradesh,cube,,2025|pending|B1|ec,197,,,,,,,,,,
state,23,Madhya Pradesh,cube,,2025|pending|B1|other,7,,,,,,,,,,
state,23,Madhya Pradesh,cube,,2025|pending|B2|ec,67,,,,,,,,,,
state,23,Madhya Pradesh,cube,,2025|pending|B2|other,4,,,,,,,,,,
state,23,Madhya Pradesh,cube,,2025|pending|OTHER|forest,210,,,,,,,,,,
state,23,Madhya Pradesh,cube,,2025|pending|OTHER|other,19,,,,,,,,,,
state,23,Madhya Pradesh,cube,,2025|pending|OTHER|wildlife,107,,,,,,,,,,
state,23,Madhya Pradesh,cube,,2025|rejected|B1|ec,31,,,,,,,,,,
state,23,Madhya Pradesh,cube,,2025|rejected|B1|other,3,,,,,,,,,,
state,23,Madhya Pradesh,cube,,2025|rejected|B2|ec,14,,,,,,,,,,
state,23,Madhya Pradesh,cube,,2025|rejected|B2|other,8,,,,,,,,,,
state,23,Madhya Pradesh,cube,,2025|rejected|OTHER|forest,1,,,,,,,,,,
state,23,Madhya Pradesh,cube,,2025|rejected|OTHER|other,5,,,,,,,,,,
state,23,Madhya Pradesh,cube,,2025|tor|A|ec,21,,,,,,,,,,
state,23,Madhya Pradesh,cube,,2025|tor|A|other,2,,,,,,,,,,
state,23,Madhya Pradesh,cube,,2025|tor|B1|ec,698,,,,,,,,,,
state,23,Madhya Pradesh,cube,,2025|tor|B1|other,1,,,,,,,,,,
state,23,Madhya Pradesh,cube,,2025|withdrawn|A|ec,12,,,,,,,,,,
state,23,Madhya Pradesh,cube,,2025|withdrawn|A|other,1,,,,,,,,,,
state,23,Madhya Pradesh,cube,,2025|withdrawn|B1|ec,19,,,,,,,,,,
state,23,Madhya Pradesh,cube,,2025|withdrawn|B1|other,1,,,,,,,,,,
state,23,Madhya Pradesh,cube,,2025|withdrawn|B2|ec,4,,,,,,,,,,
state,23,Madhya Pradesh,cube,,2025|withdrawn|B2|other,1,,,,,,,,,,
state,23,Madhya Pradesh,cube,,2025|withdrawn|OTHER|forest,1,,,,,,,,,,
state,23,Madhya Pradesh,cube,,2026|granted|A|ec,4,,,,,,,,,,
state,23,Madhya Pradesh,cube,,2026|granted|A|other,4,,,,,,,,,,
state,23,Madhya Pradesh,cube,,2026|granted|B1|ec,36,,,,,,,,,,
state,23,Madhya Pradesh,cube,,2026|granted|B1|other,4,,,,,,,,,,
state,23,Madhya Pradesh,cube,,2026|granted|B2|ec,66,,,,,,,,,,
state,23,Madhya Pradesh,cube,,2026|granted|B2|other,7,,,,,,,,,,
state,23,Madhya Pradesh,cube,,2026|granted|OTHER|forest,61,,,,,,,,,,
state,23,Madhya Pradesh,cube,,2026|granted|OTHER|other,5,,,,,,,,,,
state,23,Madhya Pradesh,cube,,2026|pending|A|ec,21,,,,,,,,,,
state,23,Madhya Pradesh,cube,,2026|pending|A|other,7,,,,,,,,,,
state,23,Madhya Pradesh,cube,,2026|pending|B1|ec,234,,,,,,,,,,
state,23,Madhya Pradesh,cube,,2026|pending|B1|other,16,,,,,,,,,,
state,23,Madhya Pradesh,cube,,2026|pending|B2|ec,201,,,,,,,,,,
state,23,Madhya Pradesh,cube,,2026|pending|B2|other,19,,,,,,,,,,
state,23,Madhya Pradesh,cube,,2026|pending|OTHER|forest,236,,,,,,,,,,
state,23,Madhya Pradesh,cube,,2026|pending|OTHER|other,33,,,,,,,,,,
state,23,Madhya Pradesh,cube,,2026|pending|OTHER|wildlife,66,,,,,,,,,,
state,23,Madhya Pradesh,cube,,2026|rejected|B1|ec,4,,,,,,,,,,
state,23,Madhya Pradesh,cube,,2026|rejected|B2|ec,7,,,,,,,,,,
state,23,Madhya Pradesh,cube,,2026|rejected|OTHER|forest,1,,,,,,,,,,
state,23,Madhya Pradesh,cube,,2026|rejected|OTHER|other,2,,,,,,,,,,
state,23,Madhya Pradesh,cube,,2026|tor|A|ec,25,,,,,,,,,,
state,23,Madhya Pradesh,cube,,2026|tor|A|other,1,,,,,,,,,,
state,23,Madhya Pradesh,cube,,2026|tor|B1|ec,294,,,,,,,,,,
state,23,Madhya Pradesh,cube,,2026|withdrawn|A|ec,6,,,,,,,,,,
state,23,Madhya Pradesh,cube,,2026|withdrawn|A|other,1,,,,,,,,,,
state,23,Madhya Pradesh,cube,,2026|withdrawn|B1|ec,5,,,,,,,,,,
state,23,Madhya Pradesh,cube,,2026|withdrawn|B2|ec,3,,,,,,,,,,
state,23,Madhya Pradesh,cube,,2026|withdrawn|OTHER|other,1,,,,,,,,,,
state,23,Madhya Pradesh,run,,run_status,ok,,,,,,,,,,
state,23,Madhya Pradesh,run,,run_date,2026-10-10T05:52:28Z,,,,,,,,,,
state,23,Madhya Pradesh,run,,run_url,https://github.com/publicmap/parivesh-dashboard/actions/runs/38027443840,,,,,,,,,,
state,23,Madhya Pradesh,top_recent_ec,1,,,IA/MP/IND1/575730/2026,"Expansion in Cement Production capacity from 6.0 Million TPA to 8.5 Million TPA of Integrated Cement Plant with no change in existing Clinker Capacity of 6.0 Million TPA, CPP: 40 MW and WHRS: 31 MW at Villages: Tonki, Temarni, Sondul and Golpura, Tehsil: Manawar, District: Dhar (Madhya Pradesh) by M/s. UltraTech Cement Ltd. (Unit: Dhar Cement Works)",UltraTech Cement Limited,Dhar,EC Granted,2026-04-15T06:20:27.999+00:00,2026-09-18T08:19:03.425+00:00,3.057,231.28,https://parivesh.nic.in/newupgrade/#/report/ec?proposalId=1224328561
state,23,Madhya Pradesh,top_recent_ec,2,,,SIA/MP/MIN/575097/2026,Badera Stone Quarry,gopal naresh singh,Sidhi,EC Granted,2026-04-08T11:26:57.654+00:00,2026-09-13T10:47:50.282+00:00,70.0,1.75,https://parivesh.nic.in/newupgrade/#/report/ec?proposalId=1223749074
state,23,Madhya Pradesh,top_recent_ec,3,,,SIA/MP/MIN/521377/2025,Madwa Granite Quarry/Mines (24.50 Hectare),KISAN MINERAL PRIVATE LTD.,Chhatarpur,EC Granted,2025-01-30T05:55:16.882+00:00,2026-09-13T10:33:28.554+00:00,20.25,24.5,https://parivesh.nic.in/newupgrade/#/report/ec?proposalId=118829372
state,23,Madhya Pradesh,top_recent_ec,4,,,SIA/MP/MIN/520602/2026,Palasi Crusher Stone Quarry,NITANSHU GUPTA,Rajgarh,EC Granted,2025-01-27T06:11:19.918+00:00,2026-09-13T09:18:09.069+00:00,30.0,1.0,https://parivesh.nic.in/newupgrade/#/report/ec?proposalId=118519642
state,23,Madhya Pradesh,top_recent_ec,5,,,SIA/MP/RIV/556222/2025,Dhar Micro Lift Irrigation Scheme,"EXECUTIVE ENGINEER, NARMADA DEVELOPMENT DIVISION NO. THIRTY MANAWAR",Dhar,EC Granted,2025-10-27T21:07:18.491+00:00,2026-09-13T09:11:26.701+00:00,1.77395,35.0,https://parivesh.nic.in/newupgrade/#/report/ec?proposalId=138717390
state,23,Madhya Pradesh,top_recent_ec,6,,,SIA/MP/MIN/557948/2025,Sokdi Stone Quarry,deepak patidar,Mandsaur,EC Granted,2025-11-12T10:48:10.202+00:00,2026-09-13T08:59:22.566+00:00,20.0,1.87,https://parivesh.nic.in/newupgrade/#/report/ec?proposalId=347865178
state,23,Madhya Pradesh,top_recent_ec,7,,,SIA/MP/MIN/573288/2026,Chainpura Stone & M-Sand Quarry,Sandeep singh thakur,Sehore,EC Granted,2026-03-23T08:01:38.609+00:00,2026-09-13T08:40:33.732+00:00,60.0,4.0,https://parivesh.nic.in/newupgrade/#/report/ec?proposalId=1222390267
state,23,Madhya Pradesh,top_recent_ec,8,,,SIA/MP/MIN/577761/2026,Amarpur Devra Stone (Gitti & M-Sand) Quarry,pawan khatik,Shivpuri,EC Granted,2026-05-02T12:39:38.137+00:00,2026-09-13T08:35:04.118+00:00,280.0,4.0,https://parivesh.nic.in/newupgrade/#/report/ec?proposalId=1226298956
state,23,Madhya Pradesh,top_recent_ec,9,,,SIA/MP/MIN/570127/2026,"Billaud Stone (Gitti), M-Sand & Murrum Quarry",NARENDRA BAIRAGI,Mandsaur,EC Granted,2026-02-23T13:10:49.888+00:00,2026-09-13T08:31:52.969+00:00,45.0,1.12,https://parivesh.nic.in/newupgrade/#/report/ec?proposalId=1220091864
state,23,Madhya Pradesh,top_recent_ec,10,,,SIA/MP/MIN/578490/2026,JASWANTNAGAR MURRUM/BOULDER MINE,RADHIKA BROTHERS,Datia,EC Granted,2026-05-09T11:21:24.867+00:00,2026-09-13T08:26:59.884+00:00,50.0,1.8,https://parivesh.nic.in/newupgrade/#/report/ec?proposalId=1227093592
state,23,Madhya Pradesh,top_cost,1,,,SIA/MP/MIN/584157/2026,Semlapar Crusher Stone & M-Sand Quarry,SORAMBAI,Rajgarh,Pending at MS SEIAA,2026-07-03T10:17:16.077+00:00,,9500000.0,1.0,https://parivesh.nic.in/newupgrade/#/report/ec?proposalId=1234145031
state,23,Madhya Pradesh,top_cost,2,,,SIA/MP/MIN/590097/2026,Rasulpura Stone Quarry,satish singh mewada,Sehore,Standard ToR Granted,2026-08-24T12:47:13.380+00:00,2026-08-26T12:27:41.501+00:00,4000000.0,4.0,https://parivesh.nic.in/newupgrade/#/report/ec?proposalId=1239242603
state,23,Madhya Pradesh,top_cost,3,,,SIA/MP/MIN/590826/2026,Hinotiya Murrum Quarry Lease,OMKAR THAKUR,Jabalpur,Proposal Accepted and Referred to SEAC,2026-09-01T09:27:14.581+00:00,,4000000.0,1.54,https://parivesh.nic.in/newupgrade/#/report/ec?proposalId=1239867109
state,23,Madhya Pradesh,top_cost,4,,,SIA/MP/MIN/591080/2026,TIDUNHAI STONE MINE,KAKA MINES COMPANY,Panna,EDS raised,2026-09-03T07:19:44.888+00:00,,4000000.0,1.5,https://parivesh.nic.in/newupgrade/#/report/ec?proposalId=1240070871
state,23,Madhya Pradesh,top_cost,5,,,IA/MP/THE/591672/2026,"Newzone India Pvt Limited proposed expansion of additional 1x800 MW Ultra super critical thermal power plant village Raksa, kolmi, Daikhal, Anuppur Madhya Pradesh",NEWZONE INDIA PVT LTD,Anuppur,Under Examination,2026-09-09T09:49:46.020+00:00,,3371000.0,341.85,https://parivesh.nic.in/newupgrade/#/report/ec?proposalId=1240552692
state,23,Madhya Pradesh,top_cost,6,,,IA/MP/THE/593973/2026,"Splitting of Environmental Clearance granted for 2,860 MW [2X630 MW (Phase-I) & 2x800 MW (Phase-II)] Coal-Based Thermal Power Project located at Village Laharpur, Murra, Guwari, Belia & Jaithari in Jaithari Tehsil, District Anuppur, Madhya Pradesh to MB Power (Madhya Pradesh) Limited by Splitting/transferring of one (1) unit of 800 MW Coal-Based Ultra Super Critical Thermal Power Unit of Phase-II, along with its associated facilities to Anuppur Powerprojects Private Limited (APPL).",MB POWER (MADHYA PRADESH) LIMITED,Anuppur,Under Examination,2026-10-01T05:14:53.738+00:00,,2820000.0,451.202,https://parivesh.nic.in/newupgrade/#/report/ec?proposalId=1243796964
state,23,Madhya Pradesh,top_cost,7,,,IA/MP/THE/583163/2026,"Expansion of 2x250 MW (Phase IV) & 1x660 MW (Phase V) -Proposed 2nd unit of 660 MW Ultra Super-critical Satpura Thermal Power Project (Phase-V, Unit no. 13) at Village Brahmanwada Ryt, Tehsil Ghoradongri, Sarni, District Betul, Madhya Pradesh",MADHYA PRADESH POWER GENERATING COMPANY LIMITED,Betul,Proposal returned in present form,2026-06-24T07:42:44.330+00:00,,2565752.0,2898.49,https://parivesh.nic.in/newupgrade/#/report/ec?proposalId=1233163472
state,23,Madhya Pradesh,top_cost,8,,,FP/MP/RAIL/590997/2026,"Khajuraho-Panna New B.G. Railway Line (73 Km). A part of Lalitpur-Singarauli, Mahoba, Khajuraho Rail Line Project (541 Km).",WEST CENTRAL RAILWAY,Panna,Pending at UA due to EDS by MS after PSC-I,2026-09-02T12:10:57.939+00:00,,2088660.0,682.362,https://parivesh.nic.in/newupgrade/#/report/ec?proposalId=1240004903
state,23,Madhya Pradesh,top_cost,9,,,FP/MP/ROAD/550781/2025,4 Lanning of Badnawar-Petlawad—Thandla-Timarwani NH-752D in the state of Madhya Pradesh,NATIONAL HIGHWAY AUTHORITY OF INDIA,Jhabua,Final Diversion Order Issued,2025-09-08T06:52:36.922+00:00,2026-07-27T06:48:57.927+00:00,1817561.0,455.1243,https://parivesh.nic.in/newupgrade/#/report/ec?proposalId=135841702
state,23,Madhya Pradesh,top_cost,10,,,FP/MP/RAIL/561539/2025,Construction of New BG line (length-309.432 km) from Manmad to new Dhule and Nandan to Dr. Ambedkar Nagar (Mhow) in the State of Maharashtra and Madhya Pradesh,Ministry of Railway,Barwani,Pending at DFO for Compensatory Levies,2025-12-12T07:41:58.885+00:00,,1632053.0,1083.378,https://parivesh.nic.in/newupgrade/#/report/ec?proposalId=975857578
state,23,Madhya Pradesh,top_land,1,,,SIA/MP/INFRA2/541755/2025,"Proposed Expansion of BPCL Bina Refinery Township Project for Bharat Petroleum Corporation Limited (BPCL) at. Survey No. - 1/1, 1/2, 2, 3, 4, 5, 6, 7, 8, 9, 10, 11, 12, 13/1, 13/2, 14/1, 14/2, 15, 16, 17, 18, 19, 20, 21/1, 22, 23, 24, 118/1, 119/2 Village- Paar, Survey No. - 160/1, 161, 162, 164, 169, 170, 171, 172, 173, 174, Village- Bamhori Kela, Survey No. - 263, 264, 265, 267, 268, 269, 270, 271, 274, 275, 276, 352, Village- Bildhai Bujurg, Tehsil- Bina, Dist. – Sagar, Madhya Pradesh",BHARAT PETROLEUM CORPORATLTD,Sagar,Standard ToR Granted,2025-06-17T10:35:25.827+00:00,2025-10-13T18:12:12.748+00:00,57000.0,806152.0,https://parivesh.nic.in/newupgrade/#/report/ec?proposalId=130133708
state,23,Madhya Pradesh,top_land,2,,,SIA/MP/INFRA2/557803/2025,"Proposed Expansion of BPCL Bina Refinery Township Project for Bharat Petroleum Corporation Limited (BPCL) at. Survey No. - 1/1, 1/2, 2, 3, 4, 5, 6, 7, 8, 9, 10, 11, 12, 13/1, 13/2, 14/1, 14/2, 15, 16, 17, 18, 19, 20, 21/1, 22, 23, 24, 118/1, 119/2 Village- Paar, Survey No. - 160/1, 161, 162, 164, 169, 170, 171, 172, 173, 174, Village- Bamhori Kela, Survey No. - 263, 264, 265, 267, 268, 269, 270, 271, 274, 275, 276, 352, Village- Bildhai Bujurg, Tehsil- Bina, Dist. – Sagar, Madhya Pradesh",BHARAT PETROLEUM CORPORATLTD,Sagar,Pending at MS SEIAA,2025-11-11T10:30:30.886+00:00,,57000.0,806152.0,https://parivesh.nic.in/newupgrade/#/report/ec?proposalId=328812378
state,23,Madhya Pradesh,top_land,3,,,FP/MP/REDIV/594367/2026,"Amended Bharat Net/BSNL Linear UG OFC laying Project in KATANGI Block, DFO SOUTH",BHARAT SANCHAR NIGAM LIMITED,Balaghat,Pending at DFO for Scrutiny and Recommendation,2026-10-05T11:43:15.251+00:00,,335.7,373000.0,https://parivesh.nic.in/newupgrade/#/report/ec?proposalId=1244130932
state,23,Madhya Pradesh,top_land,4,,,FP/MP/REDIV/594115/2026,"Amended Bharat Net/BSNL Linear UG OFC laying Project in LALBARRA Block, DFO SOUTH",BHARAT SANCHAR NIGAM LIMITED,Balaghat,Pending at DFO for Scrutiny and Recommendation,2026-10-03T06:15:06.316+00:00,,290.7855,323095.0,https://parivesh.nic.in/newupgrade/#/report/ec?proposalId=1243956021
state,23,Madhya Pradesh,top_land,5,,,FP/MP/REDIV/594182/2026,"Amended Bharat Net/BSNL Linear UG OFC laying Project in KATANGI Block, DFO SOUTH",BHARAT SANCHAR NIGAM LIMITED,Balaghat,Pending at DFO for Scrutiny and Recommendation,2026-10-03T11:43:15.149+00:00,,290.7855,323095.0,https://parivesh.nic.in/newupgrade/#/report/ec?proposalId=1243990896
state,23,Madhya Pradesh,top_land,6,,,FP/MP/REDIV/594194/2026,"Amended Bharat Net/BSNL Linear UG OFC laying Project in LALBARRA Block, DFO SOUTH",BHARAT SANCHAR NIGAM LIMITED,Balaghat,Pending at UA due to EDS by DFO,2026-10-03T12:48:47.752+00:00,,290.7855,323095.0,https://parivesh.nic.in/newupgrade/#/report/ec?proposalId=1243996439
state,23,Madhya Pradesh,top_land,7,,,SIA/MP/INFRA2/591451/2026,"Obtaining Environmental Clearance for proposed construction project of Industrial Shed at Plot No. 61, 62, 63 & 64, Smart Industrial Park, Pithampur, Tehsil : Pithampur, Dist : Dhar (M.P. ) by M/s Haleon India Pvt ltd",haleon india private limited,Dhar,Proposal Accepted and Referred to SEAC,2026-09-07T12:19:04.371+00:00,,322.0,163363.0,https://parivesh.nic.in/newupgrade/#/report/ec?proposalId=1240374105
state,23,Madhya Pradesh,top_land,8,,,SIA/MP/IND2/422826/2023,"Drilling of 09 core holes and 03 test wells in SCBM-21 Block SR-ONHP (CBM)-2021/5, Sohagpur Block, South Rewa Basin, Madhya Pradesh, CBM Asset, ONGC",BARNALI DAS,Shahdol,EC Granted,2023-03-20T12:17:06.753+00:00,2024-05-28T05:22:29.010+00:00,2500.0,51545.0,https://parivesh.nic.in/newupgrade/#/report/ec?proposalId=4083869
state,23,Madhya Pradesh,top_land,9,,,WL/MP/DeReservation/567575/2026,Bagdara Wildlife Sanctuary D-notified proposal,rakesh kumar gonekar,Singrauli,,2026-02-01T12:11:34.502+00:00,,0.0,47800.0,https://parivesh.nic.in/newupgrade/#/report/ec?proposalId=1218136717
state,23,Madhya Pradesh,top_land,10,,,WL/MP/DeReservation/569203/2026,"""Proposal to denotify the notified area of ​​478.00 sq. km. of Bagdara Sanctuary.",rakesh kumar gonekar,Sonbhadra,,2026-02-15T11:55:57.166+00:00,,0.0,47800.0,https://parivesh.nic.in/newupgrade/#/report/ec?proposalId=1219382970
state,23,Madhya Pradesh,recent_change,1,added,,FP/MP/SRY/595019/2026,Surajpura Phosphorite Block,SUNFLAG IRON & STEEL COMPANY LTD.,Sagar,Pending at DFO for Scrutiny and Recommendation,2026-10-09T11:59:26.742+00:00,,21500.0,1070.29,https://parivesh.nic.in/newupgrade/#/report/ec?proposalId=1244805813
state,23,Madhya Pradesh,recent_change,2,added,,FP/MP/ROAD/595011/2026,Nawad Faliya Road to Surinala,MPRRDA,Jhabua,Pending at DFO for Scrutiny and Recommendation,2026-10-09T11:09:30.442+00:00,,126.1,2.0,https://parivesh.nic.in/newupgrade/#/report/ec?proposalId=1244797186
state,23,Madhya Pradesh,recent_change,3,added,,SIA/MP/MIN/594991/2026,Pipalyakalan Murrum Stone (Gitti & M Sand) Quarry,RAJPAL RATHORE,Agar Malwa,Under Verification,2026-10-09T09:58:06.530+00:00,,130.0,2.0,https://parivesh.nic.in/newupgrade/#/report/ec?proposalId=1244784948
state,23,Madhya Pradesh,recent_change,4,added,,SIA/MP/MIN/594987/2026,Jhara Stone Quarry,DASHRATH GUPTA,Singrauli,Under Verification,2026-10-09T09:52:31.813+00:00,,50.0,2.0,https://parivesh.nic.in/newupgrade/#/report/ec?proposalId=1244783906
state,23,Madhya Pradesh,recent_change,5,added,,FP/MP/WATER/594967/2026,AMRUT2.0 DOLA,CMO NAGAR PARISHAD DOLA,Anuppur,Pending at DFO for Scrutiny and Recommendation,2026-10-09T08:58:03.092+00:00,,978.0,3.2,https://parivesh.nic.in/newupgrade/#/report/ec?proposalId=1244775032
state,24,Gujarat,stat,,projects,14694,,,,,,,,,,
state,24,Gujarat,stat,,active_projects,12553,,,,,,,,,,
state,24,Gujarat,stat,,applications,12553,,,,,,,,,,
state,24,Gujarat,stat,,ec_granted,6243,,,,,,,,,,
state,24,Gujarat,stat,,ec_tor,1942,,,,,,,,,,
state,24,Gujarat,stat,,ec_pending,2885,,,,,,,,,,
state,24,Gujarat,stat,,ec_rejected,741,,,,,,,,,,
state,24,Gujarat,stat,,ec_withdrawn,742,,,,,,,,,,
state,24,Gujarat,stat,,pc_A,1194,,,,,,,,,,
state,24,Gujarat,stat,,pc_B1,3591,,,,,,,,,,
state,24,Gujarat,stat,,pc_B2,5105,,,,,,,,,,
state,24,Gujarat,stat,,pc_OTHER,2663,,,,,,,,,,
state,24,Gujarat,stat,,ty_ec,9061,,,,,,,,,,
state,24,Gujarat,stat,,ty_forest,1583,,,,,,,,,,
state,24,Gujarat,stat,,ty_wildlife,262,,,,,,,,,,
state,24,Gujarat,stat,,ty_crz,125,,,,,,,,,,
state,24,Gujarat,stat,,ty_other,1522,,,,,,,,,,
state,24,Gujarat,stat,,delisted_or_removed,2141,,,,,,,,,,
state,24,Gujarat,stat,,total_cost_lakhs,90586372.2,,,,,,,,,,
state,24,Gujarat,stat,,cost_outliers_excluded,30,,,,,,,,,,
state,24,Gujarat,stat,,total_land_ha,16145238.5465,,,,,,,,,,
state,24,Gujarat,stat,,latest_application,2026-10-09T10:41:22.610+00:00,,,,,,,,,,
state,24,Gujarat,stat,,latest_grant,2026-09-30T12:36:24.727+00:00,,,,,,,,,,
state,24,Gujarat,stat,,changes_added,6,,,,,,,,,,
state,24,Gujarat,stat,,changes_removed,0,,,,,,,,,,
state,24,Gujarat,stat,,changes_updated,1102,,,,,,,,,,
state,24,Gujarat,stat,,changes_status,0,,,,,,,,,,
state,24,Gujarat,stat,,compared_with,2026-10-09T20:19:01Z,,,,,,,,,,
state,24,Gujarat,stat,,changes_added_active,6,,,,,,,,,,
state,24,Gujarat,stat,,changes_removed_active,0,,,,,,,,,,
state,24,Gujarat,stat,,changes_updated_active,900,,,,,,,,,,
state,24,Gujarat,stat,,changes_status_active,0,,,,,,,,,,
state,24,Gujarat,stat,,window_added_active,197,,,,,,,,,,
state,24,Gujarat,stat,,window_updated_active,769,,,,,,,,,,
state,24,Gujarat,stat,,window_added,197,,,,,,,,,,
state,24,Gujarat,stat,,window_updated,965,,,,,,,,,,
state,24,Gujarat,stat,,window_since,2026-10-01T03:52:08Z,,,,,,,,,,
state,24,Gujarat,status,,EC Granted,5352,,,,,,,,,,
state,24,Gujarat,status,,DELISTED_BY_SYSTEM,1953,,,,,,,,,,
state,24,Gujarat,status,,ToR Granted,969,,,,,,,,,,
state,24,Gujarat,status,,(none),773,,,,,,,,,,
state,24,Gujarat,status,,EC Rejected,698,,,,,,,,,,
state,24,Gujarat,status,,Under Verification,533,,,,,,,,,,
state,24,Gujarat,status,,Standard ToR Granted,477,,,,,,,,,,
state,24,Gujarat,status,,Proposal returned in present form,467,,,,,,,,,,
state,24,Gujarat,status,,Final Diversion Order Issued,410,,,,,,,,,,
state,24,Gujarat,status,,Stage-II Accorded,342,,,,,,,,,,
state,24,Gujarat,status,,Under Examination,313,,,,,,,,,,
state,24,Gujarat,status,,TOR Granted,284,,,,,,,,,,
state,24,Gujarat,status,,TOR GRANTED,211,,,,,,,,,,
state,24,Gujarat,status,,REMOVED,187,,,,,,,,,,
state,24,Gujarat,status,,EDS raised,127,,,,,,,,,,
state,24,Gujarat,status,,Pending on UA for Compensatory Levies Payment,102,,,,,,,,,,
state,24,Gujarat,status,,Pending at UA for Compliance Report,101,,,,,,,,,,
state,24,Gujarat,status,,Withdrawal Request Accepted,99,,,,,,,,,,
state,24,Gujarat,status,,Proposal pulled back (withdrawn),98,,,,,,,,,,
state,24,Gujarat,status,,Pending at UA due to EDS by DFO,90,,,,,,,,,,
state,24,Gujarat,status,,Proposal Withdrawal Request Accepted,73,,,,,,,,,,
state,24,Gujarat,status,,Granted,73,,,,,,,,,,
state,24,Gujarat,status,,Proposal Accepted and Referred to SEAC,73,,,,,,,,,,
state,24,Gujarat,status,,CRZ Granted,64,,,,,,,,,,
state,24,Gujarat,status,,Pending at UA for Compensatory Levies Payment and Compliance Report,62,,,,,,,,,,
state,24,Gujarat,status,,Referred to SEAC,61,,,,,,,,,,
state,24,Gujarat,status,,Pending at DFO for Scrutiny and Recommendation,60,,,,,,,,,,
state,24,Gujarat,status,,Pending at Nodal Officer due to EDS by State Secretary,42,,,,,,,,,,
state,24,Gujarat,status,,Referred to SEIAA,41,,,,,,,,,,
state,24,Gujarat,status,,Pending at PP due to EDS by DFO,33,,,,,,,,,,
state,24,Gujarat,status,,ADS Raised,32,,,,,,,,,,
state,24,Gujarat,status,,Recommend to SEIAA/SEAC,27,,,,,,,,,,
state,24,Gujarat,status,,Pending at State Secretary for Recommendation,27,,,,,,,,,,
state,24,Gujarat,status,,Pending at PP due to EDS by Nodal Officer,24,,,,,,,,,,
state,24,Gujarat,status,,Pending at State Secretary for Recommendation and In-Principle Approval (Stage-I),22,,,,,,,,,,
state,24,Gujarat,status,,Pending at State Secretary for Recommendation after PSC-II,21,,,,,,,,,,
state,24,Gujarat,status,,Pending at MS for Acceptance in PSC-I,21,,,,,,,,,,
state,24,Gujarat,status,,Pending at UA for DFO EDS Reply,20,,,,,,,,,,
state,24,Gujarat,status,,Pending at DFO/CF after acceptance in PSC-I,19,,,,,,,,,,
state,24,Gujarat,status,,REJECTED,18,,,,,,,,,,
state,24,Gujarat,status,,Proposal Accepted and Referred to EAC,18,,,,,,,,,,
state,24,Gujarat,status,,ToR Rejected,16,,,,,,,,,,
state,24,Gujarat,status,,Pending at Nodal Officer for Recommendation,16,,,,,,,,,,
state,24,Gujarat,status,,Pending at MS for Proposal Withdraw,16,,,,,,,,,,
state,24,Gujarat,status,,Pending at DFO due to EDS by Nodal Officer,14,,,,,,,,,,
state,24,Gujarat,status,,Pending at AIGF RO for Stage-II Letter,13,,,,,,,,,,
state,24,Gujarat,status,,EDS Raised,12,,,,,,,,,,
state,24,Gujarat,status,,Forwarded to DD,12,,,,,,,,,,
state,24,Gujarat,status,,Pending at State Secretary due to EDS by IRO,11,,,,,,,,,,
state,24,Gujarat,status,,Pending at REC,9,,,,,,,,,,
state,24,Gujarat,status,,Pending at UA due to EDS by MS after PSC-I,8,,,,,,,,,,
state,24,Gujarat,status,,Pending at MS for Recommendation in PSC-II,8,,,,,,,,,,
state,24,Gujarat,status,,Under Examination with SCZMA,8,,,,,,,,,,
state,24,Gujarat,status,,Pending at DFO/CF/Nodal Officer after acceptance in PSC-I,7,,,,,,,,,,
state,24,Gujarat,status,,Rejected in PSC-I,7,,,,,,,,,,
state,24,Gujarat,status,,Recommend to Town Planner Authority,7,,,,,,,,,,
state,24,Gujarat,status,,Pending at UA due to EDS by Nodal Officer,6,,,,,,,,,,
state,24,Gujarat,status,,Pending at State Secretary due to EDS by RO,6,,,,,,,,,,
state,24,Gujarat,status,,Pending at AIGF - RO,6,,,,,,,,,,
state,24,Gujarat,status,,Pending at DFO for Compliance Review,6,,,,,,,,,,
state,24,Gujarat,status,,Pending at State Government For Recommendation,6,,,,,,,,,,
state,24,Gujarat,status,,Pending at DFO for Compensatory Levies,6,,,,,,,,,,
state,24,Gujarat,status,,Forwarded to MS,6,,,,,,,,,,
state,24,Gujarat,status,,Referred to EAC,5,,,,,,,,,,
state,24,Gujarat,status,,Return to UA,4,,,,,,,,,,
state,24,Gujarat,status,,Pending at MS for Proposal Withdraw Request,4,,,,,,,,,,
state,24,Gujarat,status,,Pending at DFO For Compliance Review,3,,,,,,,,,,
state,24,Gujarat,status,,Under Examinitaion,3,,,,,,,,,,
state,24,Gujarat,status,,Pending at UA due to EDS by MS after PSC-II,3,,,,,,,,,,
state,24,Gujarat,status,,Pending at Nodal Officer for Recommendation after PSC-II,3,,,,,,,,,,
state,24,Gujarat,status,,Pending at MS SEIAA,3,,,,,,,,,,
state,24,Gujarat,status,,EDS Under Examination,3,,,,,,,,,,
state,24,Gujarat,status,,Pending at Nodal Officer due to Demand Modification Request By UA,2,,,,,,,,,,
state,24,Gujarat,status,,SUBMITTED,2,,,,,,,,,,
state,24,Gujarat,status,,Pending at Nodal Officer for Compliance Review,2,,,,,,,,,,
state,24,Gujarat,status,,Proposal Revoked,2,,,,,,,,,,
state,24,Gujarat,status,,Pending at CF due to Query by Nodal Officer,2,,,,,,,,,,
state,24,Gujarat,status,,Pending at State Secretary for Compliance Review,2,,,,,,,,,,
state,24,Gujarat,status,,Pending at Technical Officer - RO,2,,,,,,,,,,
state,24,Gujarat,status,,MS Verification,2,,,,,,,,,,
state,24,Gujarat,status,,Approval Granted,2,,,,,,,,,,
state,24,Gujarat,status,,Pending at UA due to Delisting by Authority,2,,,,,,,,,,
state,24,Gujarat,status,,Pending at Scrutiny,1,,,,,,,,,,
state,24,Gujarat,status,,Pending at Nodal Officer due to Query by State Secretary,1,,,,,,,,,,
state,24,Gujarat,status,,TOR GRanted,1,,,,,,,,,,
state,24,Gujarat,status,,Pending at Scrutiny after PSC-I,1,,,,,,,,,,
state,24,Gujarat,status,,Pending at Nodal for Compensatory Levies Review,1,,,,,,,,,,
state,24,Gujarat,status,,Pending at DFO,1,,,,,,,,,,
state,24,Gujarat,status,,Delisted,1,,,,,,,,,,
state,24,Gujarat,status,,Pending at DIGF RO for Stage-II Letter,1,,,,,,,,,,
state,24,Gujarat,status,,Pending at DFO due to Query by State Secretary,1,,,,,,,,,,
state,24,Gujarat,status,,withdrawn,1,,,,,,,,,,
state,24,Gujarat,status,,"Pending at IGF - MoEFCC, HQ",1,,,,,,,,,,
state,24,Gujarat,status,,Pending at State Government  for Diversion,1,,,,,,,,,,
state,24,Gujarat,status,,Query Replied,1,,,,,,,,,,
state,24,Gujarat,status,,Forwarded to USS SEIAA,1,,,,,,,,,,
state,24,Gujarat,status,,"Pending at TO – MoEFCC, HQ for Final Approval",1,,,,,,,,,,
state,24,Gujarat,status,,Forwarded to AS,1,,,,,,,,,,
state,24,Gujarat,status,,Pending at DC due to EDS by Nodal Officer,1,,,,,,,,,,
state,24,Gujarat,status,,Pending at DFO due to EDS by MS After PSC-II,1,,,,,,,,,,
state,24,Gujarat,status,,Pending at Nodal Officer for Compensatory Levies Review,1,,,,,,,,,,
state,24,Gujarat,status,,Pending at UA for Compensatory Levies Payment,1,,,,,,,,,,
state,24,Gujarat,applications_by_year,,2022,628,,,,,,,,,,
state,24,Gujarat,applications_by_year,,2023,2379,,,,,,,,,,
state,24,Gujarat,applications_by_year,,2024,4425,,,,,,,,,,
state,24,Gujarat,applications_by_year,,2025,2990,,,,,,,,,,
state,24,Gujarat,applications_by_year,,2026,2131,,,,,,,,,,
state,24,Gujarat,year_granted,,2022,386,,,,,,,,,,
state,24,Gujarat,year_granted,,2023,1368,,,,,,,,,,
state,24,Gujarat,year_granted,,2024,2528,,,,,,,,,,
state,24,Gujarat,year_granted,,2025,1565,,,,,,,,,,
state,24,Gujarat,year_granted,,2026,396,,,,,,,,,,
state,24,Gujarat,year_tor,,2022,174,,,,,,,,,,
state,24,Gujarat,year_tor,,2023,500,,,,,,,,,,
state,24,Gujarat,year_tor,,2024,537,,,,,,,,,,
state,24,Gujarat,year_tor,,2025,524,,,,,,,,,,
state,24,Gujarat,year_tor,,2026,207,,,,,,,,,,
state,24,Gujarat,year_pending,,2022,56,,,,,,,,,,
state,24,Gujarat,year_pending,,2023,435,,,,,,,,,,
state,24,Gujarat,year_pending,,2024,408,,,,,,,,,,
state,24,Gujarat,year_pending,,2025,583,,,,,,,,,,
state,24,Gujarat,year_pending,,2026,1403,,,,,,,,,,
state,24,Gujarat,year_rejected,,2022,7,,,,,,,,,,
state,24,Gujarat,year_rejected,,2023,8,,,,,,,,,,
state,24,Gujarat,year_rejected,,2024,710,,,,,,,,,,
state,24,Gujarat,year_rejected,,2025,15,,,,,,,,,,
state,24,Gujarat,year_rejected,,2026,1,,,,,,,,,,
state,24,Gujarat,year_withdrawn,,2022,5,,,,,,,,,,
state,24,Gujarat,year_withdrawn,,2023,68,,,,,,,,,,
state,24,Gujarat,year_withdrawn,,2024,242,,,,,,,,,,
state,24,Gujarat,year_withdrawn,,2025,303,,,,,,,,,,
state,24,Gujarat,year_withdrawn,,2026,124,,,,,,,,,,
state,24,Gujarat,year_pc_A,,2022,58,,,,,,,,,,
state,24,Gujarat,year_pc_A,,2023,314,,,,,,,,,,
state,24,Gujarat,year_pc_A,,2024,258,,,,,,,,,,
state,24,Gujarat,year_pc_A,,2025,320,,,,,,,,,,
state,24,Gujarat,year_pc_A,,2026,244,,,,,,,,,,
state,24,Gujarat,year_pc_B1,,2022,207,,,,,,,,,,
state,24,Gujarat,year_pc_B1,,2023,874,,,,,,,,,,
state,24,Gujarat,year_pc_B1,,2024,832,,,,,,,,,,
state,24,Gujarat,year_pc_B1,,2025,1018,,,,,,,,,,
state,24,Gujarat,year_pc_B1,,2026,660,,,,,,,,,,
state,24,Gujarat,year_pc_B2,,2022,223,,,,,,,,,,
state,24,Gujarat,year_pc_B2,,2023,679,,,,,,,,,,
state,24,Gujarat,year_pc_B2,,2024,2649,,,,,,,,,,
state,24,Gujarat,year_pc_B2,,2025,900,,,,,,,,,,
state,24,Gujarat,year_pc_B2,,2026,654,,,,,,,,,,
state,24,Gujarat,year_pc_OTHER,,2022,140,,,,,,,,,,
state,24,Gujarat,year_pc_OTHER,,2023,512,,,,,,,,,,
state,24,Gujarat,year_pc_OTHER,,2024,686,,,,,,,,,,
state,24,Gujarat,year_pc_OTHER,,2025,752,,,,,,,,,,
state,24,Gujarat,year_pc_OTHER,,2026,573,,,,,,,,,,
state,24,Gujarat,cube,,2022|granted|A|ec,16,,,,,,,,,,
state,24,Gujarat,cube,,2022|granted|B1|ec,63,,,,,,,,,,
state,24,Gujarat,cube,,2022|granted|B1|other,3,,,,,,,,,,
state,24,Gujarat,cube,,2022|granted|B2|ec,220,,,,,,,,,,
state,24,Gujarat,cube,,2022|granted|B2|other,1,,,,,,,,,,
state,24,Gujarat,cube,,2022|granted|OTHER|forest,83,,,,,,,,,,
state,24,Gujarat,cube,,2022|pending|A|ec,1,,,,,,,,,,
state,24,Gujarat,cube,,2022|pending|B1|other,2,,,,,,,,,,
state,24,Gujarat,cube,,2022|pending|OTHER|crz,7,,,,,,,,,,
state,24,Gujarat,cube,,2022|pending|OTHER|forest,39,,,,,,,,,,
state,24,Gujarat,cube,,2022|pending|OTHER|wildlife,7,,,,,,,,,,
state,24,Gujarat,cube,,2022|rejected|B1|ec,3,,,,,,,,,,
state,24,Gujarat,cube,,2022|rejected|OTHER|forest,4,,,,,,,,,,
state,24,Gujarat,cube,,2022|tor|A|ec,36,,,,,,,,,,
state,24,Gujarat,cube,,2022|tor|A|other,3,,,,,,,,,,
state,24,Gujarat,cube,,2022|tor|B1|ec,133,,,,,,,,,,
state,24,Gujarat,cube,,2022|tor|B2|ec,2,,,,,,,,,,
state,24,Gujarat,cube,,2022|withdrawn|A|other,2,,,,,,,,,,
state,24,Gujarat,cube,,2022|withdrawn|B1|ec,1,,,,,,,,,,
state,24,Gujarat,cube,,2022|withdrawn|B1|other,2,,,,,,,,,,
state,24,Gujarat,cube,,2023|granted|A|ec,106,,,,,,,,,,
state,24,Gujarat,cube,,2023|granted|A|other,41,,,,,,,,,,
state,24,Gujarat,cube,,2023|granted|B1|ec,346,,,,,,,,,,
state,24,Gujarat,cube,,2023|granted|B1|other,10,,,,,,,,,,
state,24,Gujarat,cube,,2023|granted|B2|ec,612,,,,,,,,,,
state,24,Gujarat,cube,,2023|granted|B2|other,7,,,,,,,,,,
state,24,Gujarat,cube,,2023|granted|OTHER|crz,15,,,,,,,,,,
state,24,Gujarat,cube,,2023|granted|OTHER|forest,226,,,,,,,,,,
state,24,Gujarat,cube,,2023|granted|OTHER|other,5,,,,,,,,,,
state,24,Gujarat,cube,,2023|pending|A|ec,4,,,,,,,,,,
state,24,Gujarat,cube,,2023|pending|A|other,1,,,,,,,,,,
state,24,Gujarat,cube,,2023|pending|B1|ec,115,,,,,,,,,,
state,24,Gujarat,cube,,2023|pending|B1|other,9,,,,,,,,,,
state,24,Gujarat,cube,,2023|pending|B2|ec,49,,,,,,,,,,
state,24,Gujarat,cube,,2023|pending|OTHER|crz,8,,,,,,,,,,
state,24,Gujarat,cube,,2023|pending|OTHER|forest,132,,,,,,,,,,
state,24,Gujarat,cube,,2023|pending|OTHER|other,48,,,,,,,,,,
state,24,Gujarat,cube,,2023|pending|OTHER|wildlife,69,,,,,,,,,,
state,24,Gujarat,cube,,2023|rejected|B1|other,1,,,,,,,,,,
state,24,Gujarat,cube,,2023|rejected|B2|ec,1,,,,,,,,,,
state,24,Gujarat,cube,,2023|rejected|OTHER|forest,6,,,,,,,,,,
state,24,Gujarat,cube,,2023|tor|A|ec,113,,,,,,,,,,
state,24,Gujarat,cube,,2023|tor|A|other,11,,,,,,,,,,
state,24,Gujarat,cube,,2023|tor|B1|ec,372,,,,,,,,,,
state,24,Gujarat,cube,,2023|tor|B1|other,4,,,,,,,,,,
state,24,Gujarat,cube,,2023|withdrawn|A|ec,32,,,,,,,,,,
state,24,Gujarat,cube,,2023|withdrawn|A|other,6,,,,,,,,,,
state,24,Gujarat,cube,,2023|withdrawn|B1|ec,16,,,,,,,,,,
state,24,Gujarat,cube,,2023|withdrawn|B1|other,1,,,,,,,,,,
state,24,Gujarat,cube,,2023|withdrawn|B2|ec,6,,,,,,,,,,
state,24,Gujarat,cube,,2023|withdrawn|B2|other,4,,,,,,,,,,
state,24,Gujarat,cube,,2023|withdrawn|OTHER|other,3,,,,,,,,,,
state,24,Gujarat,cube,,2024|granted|A|ec,74,,,,,,,,,,
state,24,Gujarat,cube,,2024|granted|A|other,26,,,,,,,,,,
state,24,Gujarat,cube,,2024|granted|B1|ec,245,,,,,,,,,,
state,24,Gujarat,cube,,2024|granted|B1|other,70,,,,,,,,,,
state,24,Gujarat,cube,,2024|granted|B2|ec,1766,,,,,,,,,,
state,24,Gujarat,cube,,2024|granted|B2|other,79,,,,,,,,,,
state,24,Gujarat,cube,,2024|granted|OTHER|crz,25,,,,,,,,,,
state,24,Gujarat,cube,,2024|granted|OTHER|forest,190,,,,,,,,,,
state,24,Gujarat,cube,,2024|granted|OTHER|other,53,,,,,,,,,,
state,24,Gujarat,cube,,2024|pending|A|ec,1,,,,,,,,,,
state,24,Gujarat,cube,,2024|pending|A|other,2,,,,,,,,,,
state,24,Gujarat,cube,,2024|pending|B1|ec,4,,,,,,,,,,
state,24,Gujarat,cube,,2024|pending|B2|ec,4,,,,,,,,,,
state,24,Gujarat,cube,,2024|pending|B2|other,1,,,,,,,,,,
state,24,Gujarat,cube,,2024|pending|OTHER|crz,19,,,,,,,,,,
state,24,Gujarat,cube,,2024|pending|OTHER|forest,156,,,,,,,,,,
state,24,Gujarat,cube,,2024|pending|OTHER|other,148,,,,,,,,,,
state,24,Gujarat,cube,,2024|pending|OTHER|wildlife,73,,,,,,,,,,
state,24,Gujarat,cube,,2024|rejected|B1|ec,12,,,,,,,,,,
state,24,Gujarat,cube,,2024|rejected|B1|other,1,,,,,,,,,,
state,24,Gujarat,cube,,2024|rejected|B2|ec,683,,,,,,,,,,
state,24,Gujarat,cube,,2024|rejected|B2|other,1,,,,,,,,,,
state,24,Gujarat,cube,,2024|rejected|OTHER|forest,13,,,,,,,,,,
state,24,Gujarat,cube,,2024|tor|A|ec,100,,,,,,,,,,
state,24,Gujarat,cube,,2024|tor|A|other,7,,,,,,,,,,
state,24,Gujarat,cube,,2024|tor|B1|ec,425,,,,,,,,,,
state,24,Gujarat,cube,,2024|tor|B1|other,5,,,,,,,,,,
state,24,Gujarat,cube,,2024|withdrawn|A|ec,37,,,,,,,,,,
state,24,Gujarat,cube,,2024|withdrawn|A|other,11,,,,,,,,,,
state,24,Gujarat,cube,,2024|withdrawn|B1|ec,50,,,,,,,,,,
state,24,Gujarat,cube,,2024|withdrawn|B1|other,20,,,,,,,,,,
state,24,Gujarat,cube,,2024|withdrawn|B2|ec,104,,,,,,,,,,
state,24,Gujarat,cube,,2024|withdrawn|B2|other,11,,,,,,,,,,
state,24,Gujarat,cube,,2024|withdrawn|OTHER|crz,1,,,,,,,,,,
state,24,Gujarat,cube,,2024|withdrawn|OTHER|other,8,,,,,,,,,,
state,24,Gujarat,cube,,2025|granted|A|ec,75,,,,,,,,,,
state,24,Gujarat,cube,,2025|granted|A|other,28,,,,,,,,,,
state,24,Gujarat,cube,,2025|granted|B1|ec,382,,,,,,,,,,
state,24,Gujarat,cube,,2025|granted|B1|other,52,,,,,,,,,,
state,24,Gujarat,cube,,2025|granted|B2|ec,640,,,,,,,,,,
state,24,Gujarat,cube,,2025|granted|B2|other,109,,,,,,,,,,
state,24,Gujarat,cube,,2025|granted|OTHER|crz,22,,,,,,,,,,
state,24,Gujarat,cube,,2025|granted|OTHER|forest,204,,,,,,,,,,
state,24,Gujarat,cube,,2025|granted|OTHER|other,53,,,,,,,,,,
state,24,Gujarat,cube,,2025|pending|A|crz,1,,,,,,,,,,
state,24,Gujarat,cube,,2025|pending|A|ec,5,,,,,,,,,,
state,24,Gujarat,cube,,2025|pending|A|other,2,,,,,,,,,,
state,24,Gujarat,cube,,2025|pending|B1|ec,66,,,,,,,,,,
state,24,Gujarat,cube,,2025|pending|B1|other,7,,,,,,,,,,
state,24,Gujarat,cube,,2025|pending|B2|ec,43,,,,,,,,,,
state,24,Gujarat,cube,,2025|pending|B2|other,7,,,,,,,,,,
state,24,Gujarat,cube,,2025|pending|OTHER|crz,10,,,,,,,,,,
state,24,Gujarat,cube,,2025|pending|OTHER|forest,221,,,,,,,,,,
state,24,Gujarat,cube,,2025|pending|OTHER|other,156,,,,,,,,,,
state,24,Gujarat,cube,,2025|pending|OTHER|wildlife,65,,,,,,,,,,
state,24,Gujarat,cube,,2025|rejected|B1|ec,8,,,,,,,,,,
state,24,Gujarat,cube,,2025|rejected|B1|other,1,,,,,,,,,,
state,24,Gujarat,cube,,2025|rejected|B2|ec,2,,,,,,,,,,
state,24,Gujarat,cube,,2025|rejected|B2|other,1,,,,,,,,,,
state,24,Gujarat,cube,,2025|rejected|OTHER|forest,3,,,,,,,,,,
state,24,Gujarat,cube,,2025|tor|A|ec,112,,,,,,,,,,
state,24,Gujarat,cube,,2025|tor|A|other,6,,,,,,,,,,
state,24,Gujarat,cube,,2025|tor|B1|ec,404,,,,,,,,,,
state,24,Gujarat,cube,,2025|tor|B1|other,2,,,,,,,,,,
state,24,Gujarat,cube,,2025|withdrawn|A|ec,68,,,,,,,,,,
state,24,Gujarat,cube,,2025|withdrawn|A|other,23,,,,,,,,,,
state,24,Gujarat,cube,,2025|withdrawn|B1|ec,83,,,,,,,,,,
state,24,Gujarat,cube,,2025|withdrawn|B1|other,13,,,,,,,,,,
state,24,Gujarat,cube,,2025|withdrawn|B2|ec,83,,,,,,,,,,
state,24,Gujarat,cube,,2025|withdrawn|B2|other,15,,,,,,,,,,
state,24,Gujarat,cube,,2025|withdrawn|OTHER|crz,1,,,,,,,,,,
state,24,Gujarat,cube,,2025|withdrawn|OTHER|other,17,,,,,,,,,,
state,24,Gujarat,cube,,2026|granted|A|ec,31,,,,,,,,,,
state,24,Gujarat,cube,,2026|granted|A|other,13,,,,,,,,,,
state,24,Gujarat,cube,,2026|granted|B1|ec,71,,,,,,,,,,
state,24,Gujarat,cube,,2026|granted|B1|other,27,,,,,,,,,,
state,24,Gujarat,cube,,2026|granted|B2|ec,142,,,,,,,,,,
state,24,Gujarat,cube,,2026|granted|B2|other,38,,,,,,,,,,
state,24,Gujarat,cube,,2026|granted|OTHER|crz,2,,,,,,,,,,
state,24,Gujarat,cube,,2026|granted|OTHER|forest,51,,,,,,,,,,
state,24,Gujarat,cube,,2026|granted|OTHER|other,21,,,,,,,,,,
state,24,Gujarat,cube,,2026|pending|A|ec,47,,,,,,,,,,
state,24,Gujarat,cube,,2026|pending|A|other,34,,,,,,,,,,
state,24,Gujarat,cube,,2026|pending|B1|ec,361,,,,,,,,,,
state,24,Gujarat,cube,,2026|pending|B1|other,28,,,,,,,,,,
state,24,Gujarat,cube,,2026|pending|B2|ec,398,,,,,,,,,,
state,24,Gujarat,cube,,2026|pending|B2|other,44,,,,,,,,,,
state,24,Gujarat,cube,,2026|pending|OTHER|crz,12,,,,,,,,,,
state,24,Gujarat,cube,,2026|pending|OTHER|forest,254,,,,,,,,,,
state,24,Gujarat,cube,,2026|pending|OTHER|other,177,,,,,,,,,,
state,24,Gujarat,cube,,2026|pending|OTHER|wildlife,48,,,,,,,,,,
state,24,Gujarat,cube,,2026|rejected|OTHER|forest,1,,,,,,,,,,
state,24,Gujarat,cube,,2026|tor|A|ec,62,,,,,,,,,,
state,24,Gujarat,cube,,2026|tor|A|other,4,,,,,,,,,,
state,24,Gujarat,cube,,2026|tor|B1|ec,141,,,,,,,,,,
state,24,Gujarat,cube,,2026|withdrawn|A|ec,34,,,,,,,,,,
state,24,Gujarat,cube,,2026|withdrawn|A|other,19,,,,,,,,,,
state,24,Gujarat,cube,,2026|withdrawn|B1|ec,27,,,,,,,,,,
state,24,Gujarat,cube,,2026|withdrawn|B1|other,5,,,,,,,,,,
state,24,Gujarat,cube,,2026|withdrawn|B2|ec,24,,,,,,,,,,
state,24,Gujarat,cube,,2026|withdrawn|B2|other,8,,,,,,,,,,
state,24,Gujarat,cube,,2026|withdrawn|OTHER|crz,2,,,,,,,,,,
state,24,Gujarat,cube,,2026|withdrawn|OTHER|other,5,,,,,,,,,,
state,24,Gujarat,run,,run_status,ok,,,,,,,,,,
state,24,Gujarat,run,,run_date,2026-10-10T05:52:28Z,,,,,,,,,,
state,24,Gujarat,run,,run_url,https://github.com/publicmap/parivesh-dashboard/actions/runs/38027443840,,,,,,,,,,
state,24,Gujarat,top_recent_ec,1,,,SIA/GJ/INFRA2/575032/2026,Proposed residential building construction project Anugrah by Shri Bharatbhai Shambhubhai Ramani & Others,Bharatkumar Shambhubhai Ramani,Rajkot,EC Granted,2026-04-08T06:32:25.119+00:00,2026-09-30T12:36:24.727+00:00,2650.0,0.4925,https://parivesh.nic.in/newupgrade/#/report/ec?proposalId=1223681189
state,24,Gujarat,top_recent_ec,2,,,SIA/GJ/INFRA2/579357/2026,Shafalya Next Gen IT Park,SHAFALYA DEVELOPERS PRIVATE LIMITED,Ahmadabad,EC Granted,2026-05-18T08:37:44.500+00:00,2026-09-30T12:33:03.406+00:00,4.203,10.9368,https://parivesh.nic.in/newupgrade/#/report/ec?proposalId=1228093162
state,24,Gujarat,top_recent_ec,3,,,SIA/GJ/INFRA2/567391/2026,SUMAYA,BAKERI PROJECTS PRIVATE LIMITED,Ahmadabad,EC Granted,2026-01-30T11:50:14.582+00:00,2026-09-30T12:27:29.107+00:00,7100.0,1.3537,https://parivesh.nic.in/newupgrade/#/report/ec?proposalId=1217971711
state,24,Gujarat,top_recent_ec,4,,,IA/GJ/IND3/585526/2026,M/s. Sandhya Organic Chemicals Pvt. Ltd. (Unit-2),SANDHYA ORGANIC CHEMICALS PRIVATE LIMITED,Valsad,EC Granted,2026-07-15T10:42:14.856+00:00,2026-09-30T11:46:37.563+00:00,2800.0,0.864,https://parivesh.nic.in/newupgrade/#/report/ec?proposalId=1235348947
state,24,Gujarat,top_recent_ec,5,,,IA/GJ/CRZ/523761/2025,"CRZ Clearance to Establish Barge/Tug (Vessel) Manufacturing & Repair Facility at Rozinar, near Bedi Port, Jamnagar, Gujarat",HIND MARINE WORKS,Jamnagar,CRZ Granted,2025-02-12T09:12:33.199+00:00,2026-09-30T11:46:17.497+00:00,400.0,4.9,https://parivesh.nic.in/newupgrade/#/report/ec?proposalId=119881500
state,24,Gujarat,top_recent_ec,6,,,IA/GJ/IND3/587574/2026,Proposed Specialty Chemicals Manufacturing Plant of M/s. Expede-Tech Research and Development Private Limited (Unit – 4),EXPEDE-TECH RESEARCH & DEVELOPMENT PRIVATE LIMITED,Kheda,EC Granted,2026-08-01T13:06:33.290+00:00,2026-09-30T11:35:47.423+00:00,50000.0,7.5597,https://parivesh.nic.in/newupgrade/#/report/ec?proposalId=1237217078
state,24,Gujarat,top_recent_ec,7,,,IA/GJ/IND3/571047/2026,M/s. Matangi industries Unit-3,MATANGI INDUSTRIES LLP,Bharuch,EC Granted,2026-03-02T09:26:16.757+00:00,2026-09-30T11:22:42.495+00:00,7000.0,4.5248,https://parivesh.nic.in/newupgrade/#/report/ec?proposalId=1220652898
state,24,Gujarat,top_recent_ec,8,,,IA/GJ/IND1/582216/2026,"Proposed Expansion of Steel Tubes & Pipes from 72,000 TPA to 4,92,000 TPA, Fabricated and Painted Structure from 18,000 TPA to 90,000 TPA and Installation of New Coil Pickling Unit 20,000 TPA along with existing Continuous Galvanized (CGI) Sheets 72,000 TPA and Steel Tubes Pipes 48,000 TPA By M/s. Goodluck Metallics (Unit of Goodluck India Limited)",GOODLUCK INDIA LIMITED,Kachchh,EC Granted,2026-06-15T11:02:16.291+00:00,2026-09-30T09:14:57.395+00:00,36081.0,21.4943,https://parivesh.nic.in/newupgrade/#/report/ec?proposalId=1232164741
state,24,Gujarat,top_recent_ec,9,,,IA/GJ/IND1/586304/2026,Proposed Project for Expansion in Manufacturing of Secondary Metallurgical Stainless Steel Billets Plant by M/s. Chandan Steel Ltd. (Unit-1),CHANDAN STEEL LIMITED,Valsad,EC Granted,2026-07-22T10:47:41.990+00:00,2026-09-30T08:41:03.064+00:00,8200.0,1.7012,https://parivesh.nic.in/newupgrade/#/report/ec?proposalId=1236064950
state,24,Gujarat,top_recent_ec,10,,,IA/GJ/IND1/576540/2026,"Proposed Hindalco E-waste & Secondary Copper Recycling Project with Production Capacity of 288000TPA Copper Anode, 240000TPA Copper Cathode, 40000TPA metal (Ni,Zn,Pb/Sn,Te,Se,Bi) & metal compounds, 189TPA Precious Metals (including 23TPA Gold, 118TPA Silver and 48TPA PGM/20TPA Platinum & 4TPA Palladium), E-waste pre-processing facility (789000TPA) & Insulated Copper Wire processing facility (130000TPA) located at Payal Industrial Park (PIP), Vill: Pakhajan, Teh: Vagra, Dist: Bharuch(Gujarat)",HINDALCO INDUSTRIES LTD,Bharuch,EC Granted,2024-08-22T12:00:13.179+00:00,2026-09-30T08:35:39.695+00:00,7.0,75.7,https://parivesh.nic.in/newupgrade/#/report/ec?proposalId=1225083311
state,24,Gujarat,top_cost,1,,,IA/GJ/IND2/588673/2026,Proposed increase in Chlorinated Poly Vinyl Chloride (CPVC) production capacity by 305 KTA at Dahej Manufacturing Division by Reliance Industries Limited (RIL),RELIANCE INDUSTRIES LIMITED,Bharuch,Standard ToR Granted,2026-08-11T09:36:29.009+00:00,2026-09-29T11:45:04.313+00:00,6145400.0,653.0,https://parivesh.nic.in/newupgrade/#/report/ec?proposalId=1238108358
state,24,Gujarat,top_cost,2,,,FP/GJ/PWR_TRANS/593135/2026,"diversion of 0.1739-hectare forest land for Laying of 66KV S/C Rampar-Stena Steel underground cable line with 66KV, 1Cx630sq.mm XLPE AL. corrugated Power Cable (3+1) near village: -Moti Banugar and Tal. Jamnagar Rural & Dist. Jamnagar",GUJARAT ENERGY TRANSMISSION CORP LTD,Jamnagar,Pending at UA for DFO EDS Reply,2026-09-23T14:37:24.615+00:00,,6000000.0,0.2197,https://parivesh.nic.in/newupgrade/#/report/ec?proposalId=1243188357
state,24,Gujarat,top_cost,3,,,IA/GJ/INFRA1/584301/2026,Development of Dholera Special Investment Region (DSIR) In Gujarat by M/s. Dholera Special Investment Regional Development Authority (DSIRDA),DHOLERA SPECIAL INVESTMENT REGIONAL DEVELOPMENT AUTHORITY,Ahmadabad,Forwarded to DD,2026-07-04T12:15:13.697+00:00,,4000000.0,52850.0,https://parivesh.nic.in/newupgrade/#/report/ec?proposalId=1234269616
state,24,Gujarat,top_cost,4,,,IA/GJ/IND2/592280/2026,"Expansion of Carbon Black Manufacturing Facility (6.6 LTPA to 8.0 LTPA) with CPP 160 MW to 240 MW, Off the road Tire – 3.99 LTPA, On the road Tire – 2.01 LTPA, Mould/Drum Plant Facility: 5000 Nos/Annum, Dip Roll Fabric (Man Made Fabric)- 75000 TPA, Wheel Rims - 1000 Nos/day, Tire Recycling & Re-trading: 75,000 TPA Township: BUA 100,000 sqm, Speciality hospital: BUA 10,000 sqm with Industrial built-up area 13,80,990 sqm",BALKRISHNA INDUSTRIES LIMITED,Kachchh,Under Examination,2026-09-16T06:01:51.329+00:00,,1940000.0,246.875,https://parivesh.nic.in/newupgrade/#/report/ec?proposalId=1241051578
state,24,Gujarat,top_cost,5,,,FP/GJ/OTHERS/469380/2024,ArcelorMittal Nippon Steel 15.6 / 21 MTPA Steel Expansion Complex,ANKIT SINGH,Surat,Pending at DFO/CF/Nodal Officer after acceptance in PSC-I,2024-04-15T12:19:54.423+00:00,,1839600.0,120.0,https://parivesh.nic.in/newupgrade/#/report/ec?proposalId=60907856
state,24,Gujarat,top_cost,6,,,FP/GJ/ROAD/594144/2026,"Diversion of 0.2692 Ha of Protected Forest Land for Construction of 5.5 m Wide Service Road and Entry & Exit Gate for Providing Access to M/s. Gokulanand Petrofibers at Village Vanz, Taluka Choryasi, District Surat, Gujarat",GOKULANAND PETRO FIBRES,Surat,Pending at DFO for Scrutiny and Recommendation,2026-10-03T08:20:00.673+00:00,,1200000.0,0.2692,https://parivesh.nic.in/newupgrade/#/report/ec?proposalId=1243971350
state,24,Gujarat,top_cost,7,,,SIA/GJ/INFRA2/582423/2026,"Environmental Clearance for Development in Buffer Zone of Closed TSDF Facility in Vinzol, Ahmedabad, Gujarat",Ahmedabad Municipal Corporation,Ahmadabad,Under Examination,2026-06-17T07:53:08.740+00:00,,1000000.0,93.98,https://parivesh.nic.in/newupgrade/#/report/ec?proposalId=1232434534
state,24,Gujarat,top_cost,8,,,SIA/GJ/INFRA2/557258/2025,Vastu Green Valley,V.D. ENTERPRISE,Surat,EC Granted,2025-11-06T07:33:01.140+00:00,2026-05-08T06:21:20.537+00:00,964458.18,1.4745,https://parivesh.nic.in/newupgrade/#/report/ec?proposalId=252449378
state,24,Gujarat,top_cost,9,,,FP/GJ/OTHERS/586590/2026,ACHARYA SHREE PRIMARY SCHOOL- KATHALA NES,PASCHIM GUJARAT VIJ COMPANY LIMITED,Junagadh,Pending at UA for DFO EDS Reply,2026-07-24T11:52:37.682+00:00,,798327.44,0.044,https://parivesh.nic.in/newupgrade/#/report/ec?proposalId=1236303381
state,24,Gujarat,top_cost,10,,,IA/GJ/CRZ/579161/2026,CRZ Clearance for Deep Sea Disposal of 650 MLD treated effluent from Seven CETPs located within the Surat region through conveyance pipelines to the Landfall Point located near Danti Village in Navsari District and further extending to the outfall point located in the offshore region of Ubharat and Vansi region into the Gulf of Khambhat in the Arabian Sea.,GUJARAT INDUSTRIAL DEVELOPMENT CORPORATION,Surat,Under Examination,2026-05-15T11:50:32.619+00:00,,547310.59,76.26,https://parivesh.nic.in/newupgrade/#/report/ec?proposalId=1227843984
state,24,Gujarat,top_land,1,,,IA/GJ/IND3/460250/2024,CTE Product mix without increasing pollution load in existing manufacturing facility,SRF LIMITED,Bharuch,,2024-01-30T03:41:16.147+00:00,,6.3167,1181776.35,https://parivesh.nic.in/newupgrade/#/report/ec?proposalId=42570441
state,24,Gujarat,top_land,2,,,IA/GJ/IND3/465735/2024,"Proposed Expansion of Specialty Chemicals (Organic Products: From 3020 MT/Annum to 3680 MT/Annum and Inorganic Products Capacity: From 60300 MT/Annum to 72304 MT/Annum) & No Change in CPP (2800000 Unit/Month) in Existing Unit of M/s. Navin Fluorine International Ltd at Plot No: 2, 4 to 13, 14/1, 2, 3, 19, 20 to 58 (City Survey No. 1120), Surat Navsari Road, Village: Bhestan, Tehsil: Chorasi, District: Surat, State: Gujarat-395023",NAVIN FLUORINE INTERNATIONAL LIMITED,Surat,Standard ToR Granted,2024-03-12T09:35:40.506+00:00,2024-04-19T18:55:14.062+00:00,83877.0,504532.7,https://parivesh.nic.in/newupgrade/#/report/ec?proposalId=52833294
state,24,Gujarat,top_land,3,,,IA/GJ/IND3/480203/2024,"Proposed Expansion of Specialty Chemicals (Organic Products: From 3020 MT/Annum to 3680 MT/Annum and Inorganic Products Capacity: From 60300 MT/Annum to 72304 MT/Annum) & No Change in CPP (2800000 Unit/Month) in Existing Unit of M/s. Navin Fluorine International Ltd at Plot No: 2, 4 to 13, 14/1, 2, 3, 19, 20 to 58 (City Survey No. 1120), Surat Navsari Road, Village: Bhestan, Tehsil: Chorasi, District: Surat, State: Gujarat-395023",NAVIN FLUORINE INTERNATIONAL LIMITED,Surat,EC Granted,2024-06-10T06:55:15.085+00:00,2024-10-18T14:01:36.386+00:00,83877.0,504532.7,https://parivesh.nic.in/newupgrade/#/report/ec?proposalId=75284525
state,24,Gujarat,top_land,4,,,IA/GJ/IND3/505272/2024,"Proposed Expansion of Specialty Chemicals (Organic Products: From 3020 MT/Annum to 3680 MT/Annum and Inorganic Products Capacity: From 60300 MT/Annum to 72304 MT/Annum) & No Change in CPP (2800000 Unit/Month) in Existing Unit of M/s. Navin Fluorine International Ltd at Plot No: 2, 4 to 13, 14/1, 2, 3, 19, 20 to 58 (City Survey No. 1120), Surat Navsari Road, Village: Bhestan, Tehsil: Chorasi, District: Surat, State: Gujarat-395023",NAVIN FLUORINE INTERNATIONAL LIMITED,Surat,EC Granted,2024-11-09T07:03:13.302+00:00,2024-11-25T13:15:29.177+00:00,83877.0,504532.7,https://parivesh.nic.in/newupgrade/#/report/ec?proposalId=111195823
state,24,Gujarat,top_land,5,,,IA/GJ/IND3/513137/2024,"Proposed Expansion of Specialty Chemicals (Organic Products: From 3020 MT/Annum to 3680 MT/Annum and Inorganic Products Capacity: From 60300 MT/Annum to 72304 MT/Annum) & No Change in CPP (2800000 Unit/Month) in Existing Unit of M/s. Navin Fluorine International Ltd at Plot No: 2, 4 to 13, 14/1, 2, 3, 19, 20 to 58 (City Survey No. 1120), Surat Navsari Road, Village: Bhestan, Tehsil: Chorasi, District: Surat, State: Gujarat-395023",NAVIN FLUORINE INTERNATIONAL LIMITED,Surat,EC Granted,2024-12-04T11:28:15.383+00:00,2025-02-24T12:29:34.234+00:00,83877.0,504532.7,https://parivesh.nic.in/newupgrade/#/report/ec?proposalId=113889136
state,24,Gujarat,top_land,6,,,SIA/GJ/IND1/436352/2023,"Regularization and inclusion of existing Rolling project/products in Environment Clearance of M/s. Varrsana Ispat Limited in Integrated Steel Plant at Survey No. 116/1, Varsana, Ta: Anjar Dist: Kutch, Gujarat - 370201.",VARRSANA ISPAT LIMITED,Kachchh,TOR Granted,2023-07-11T11:35:43.959+00:00,2023-12-15T13:05:38.567+00:00,5344.0,490396.0,https://parivesh.nic.in/newupgrade/#/report/ec?proposalId=6708425
state,24,Gujarat,top_land,7,,,SIA/GJ/IND1/466411/2024,"Regularization and inclusion of existing Rolling project/products in Environment Clearance of M/s. Varrsana Ispat Limited in Integrated Steel Plant at Survey No. 116/1, Varsana, Ta: Anjar Dist: Kutch, Gujarat - 370201.",VARRSANA ISPAT LIMITED,Kachchh,EC Granted,2024-03-18T11:12:29.211+00:00,2025-03-26T05:01:21.219+00:00,5344.0,490396.0,https://parivesh.nic.in/newupgrade/#/report/ec?proposalId=54611825
state,24,Gujarat,top_land,8,,,SIA/GJ/INFRA2/567705/2026,"Proposed industrial shed expansion of M/s Torrent Electricals Ltd. for manufacturing of Electrical Cables and Wires at Village: Yoginagar, Taluka: Nadiad, District: Kheda – 387002",Torrent Electricals limited,Kheda,Proposal Accepted and Referred to SEAC,2026-02-02T14:36:05.756+00:00,,1.02373,321274.68,https://parivesh.nic.in/newupgrade/#/report/ec?proposalId=1218242129
state,24,Gujarat,top_land,9,,,IA/GJ/IND3/485387/2024,Archean Chemical Industries,archean chemical industries limited,Kachchh,,2024-07-02T07:21:26.824+00:00,,1.44369,288485.0,https://parivesh.nic.in/newupgrade/#/report/ec?proposalId=80669825
state,24,Gujarat,top_land,10,,,SIA/GJ/INFRA2/562496/2026,"Proposed industrial shed for manufacturing of Electrical Cables and Wires at Village: Memar, Taluka: Bavla, District: Ahmedabad 382230",Torrent Electricals limited,Ahmadabad,EC Granted,2025-12-20T07:06:25.438+00:00,2026-05-08T07:04:22.931+00:00,1.047,258175.0,https://parivesh.nic.in/newupgrade/#/report/ec?proposalId=1127942578
state,24,Gujarat,recent_change,1,added,,SIA/GJ/MIN/595003/2026,SHRI BARIYA ANIL KUMAR (Ratanpur Kamaraj Ordinary Sand),bariya anil kumar,Chota Udaipur,Under Verification,2026-10-09T10:41:22.610+00:00,,122.82772,1.45,https://parivesh.nic.in/newupgrade/#/report/ec?proposalId=1244792019
state,24,Gujarat,recent_change,2,added,,SIA/GJ/MIN/595000/2026,"TAPI STONE QUARRY (Opp. S. NO:94, 131)",odedra pratap karshanbhai,Surat,Under Verification,2026-10-09T10:22:39.889+00:00,,50.0,2.0,https://parivesh.nic.in/newupgrade/#/report/ec?proposalId=1244788998
state,24,Gujarat,recent_change,3,added,,SIA/GJ/INFRA2/594998/2026,Orchid Creston,ORCHID REALITY,Surat,Under Verification,2026-10-09T10:21:14.077+00:00,,6410.0,0.4492,https://parivesh.nic.in/newupgrade/#/report/ec?proposalId=1244788724
state,24,Gujarat,recent_change,4,added,,SIA/GJ/MIN/594935/2026,TAPI STONE QUARRY (Opp. S. NO:94),odedra pratap karshanbhai,Surat,Under Verification,2026-10-09T06:32:42.551+00:00,,50.0,2.0,https://parivesh.nic.in/newupgrade/#/report/ec?proposalId=1244752486
state,24,Gujarat,recent_change,5,added,,SIA/GJ/INFRA2/594931/2026,DIVYAM ARCAIS,THAKKAR GORDHANDAS GOPALDAS,Gandhinagar,Under Verification,2026-10-09T06:15:02.134+00:00,,59900.0,0.9535,https://parivesh.nic.in/newupgrade/#/report/ec?proposalId=1244750472
state,24,Gujarat,recent_change,6,added,,SIA/GJ/MIN/594917/2026,Shri Bhalodiya Nileshkumar Jivanlal,bhalodiya nileshkumar jivanlal,Kachchh,Under Examination,2026-10-09T04:40:42.434+00:00,,194.26273,2.7217,https://parivesh.nic.in/newupgrade/#/report/ec?proposalId=1244738375
state,27,Maharashtra,stat,,projects,17104,,,,,,,,,,
state,27,Maharashtra,stat,,active_projects,14677,,,,,,,,,,
state,27,Maharashtra,stat,,applications,14677,,,,,,,,,,
state,27,Maharashtra,stat,,ec_granted,8459,,,,,,,,,,
state,27,Maharashtra,stat,,ec_tor,1974,,,,,,,,,,
state,27,Maharashtra,stat,,ec_pending,2720,,,,,,,,,,
state,27,Maharashtra,stat,,ec_rejected,446,,,,,,,,,,
state,27,Maharashtra,stat,,ec_withdrawn,1078,,,,,,,,,,
state,27,Maharashtra,stat,,pc_A,822,,,,,,,,,,
state,27,Maharashtra,stat,,pc_B1,2925,,,,,,,,,,
state,27,Maharashtra,stat,,pc_B2,8441,,,,,,,,,,
state,27,Maharashtra,stat,,pc_OTHER,2489,,,,,,,,,,
state,27,Maharashtra,stat,,ty_ec,10916,,,,,,,,,,
state,27,Maharashtra,stat,,ty_forest,864,,,,,,,,,,
state,27,Maharashtra,stat,,ty_wildlife,0,,,,,,,,,,
state,27,Maharashtra,stat,,ty_crz,814,,,,,,,,,,
state,27,Maharashtra,stat,,ty_other,2083,,,,,,,,,,
state,27,Maharashtra,stat,,delisted_or_removed,2427,,,,,,,,,,
state,27,Maharashtra,stat,,total_cost_lakhs,274389596.94,,,,,,,,,,
state,27,Maharashtra,stat,,cost_outliers_excluded,35,,,,,,,,,,
state,27,Maharashtra,stat,,total_land_ha,19515909.7676,,,,,,,,,,
state,27,Maharashtra,stat,,latest_application,2026-10-09T13:40:10.435+00:00,,,,,,,,,,
state,27,Maharashtra,stat,,latest_grant,2026-10-07T16:52:39.073+00:00,,,,,,,,,,
state,27,Maharashtra,stat,,changes_added,4,,,,,,,,,,
state,27,Maharashtra,stat,,changes_removed,0,,,,,,,,,,
state,27,Maharashtra,stat,,changes_updated,2428,,,,,,,,,,
state,27,Maharashtra,stat,,changes_status,0,,,,,,,,,,
state,27,Maharashtra,stat,,compared_with,2026-10-09T20:19:01Z,,,,,,,,,,
state,27,Maharashtra,stat,,changes_added_active,4,,,,,,,,,,
state,27,Maharashtra,stat,,changes_removed_active,0,,,,,,,,,,
state,27,Maharashtra,stat,,changes_updated_active,2173,,,,,,,,,,
state,27,Maharashtra,stat,,changes_status_active,0,,,,,,,,,,
state,27,Maharashtra,stat,,window_added_active,316,,,,,,,,,,
state,27,Maharashtra,stat,,window_updated_active,1983,,,,,,,,,,
state,27,Maharashtra,stat,,window_added,316,,,,,,,,,,
state,27,Maharashtra,stat,,window_updated,2234,,,,,,,,,,
state,27,Maharashtra,stat,,window_since,2026-10-01T03:52:08Z,,,,,,,,,,
state,27,Maharashtra,status,,EC Granted,8212,,,,,,,,,,
state,27,Maharashtra,status,,DELISTED_BY_SYSTEM,2403,,,,,,,,,,
state,27,Maharashtra,status,,Standard ToR Granted,1097,,,,,,,,,,
state,27,Maharashtra,status,,TOR GRANTED,587,,,,,,,,,,
state,27,Maharashtra,status,,Proposal pulled back (withdrawn),449,,,,,,,,,,
state,27,Maharashtra,status,,Recommend to Town Planner Authority,413,,,,,,,,,,
state,27,Maharashtra,status,,EC Rejected,398,,,,,,,,,,
state,27,Maharashtra,status,,Under Verification,380,,,,,,,,,,
state,27,Maharashtra,status,,ToR Granted,238,,,,,,,,,,
state,27,Maharashtra,status,,Proposal returned in present form,218,,,,,,,,,,
state,27,Maharashtra,status,,Withdrawal Request Accepted,211,,,,,,,,,,
state,27,Maharashtra,status,,Proposal Withdrawal Request Accepted,198,,,,,,,,,,
state,27,Maharashtra,status,,(none),192,,,,,,,,,,
state,27,Maharashtra,status,,Referred to SEIAA,164,,,,,,,,,,
state,27,Maharashtra,status,,Proposal Accepted and Referred to SEAC,143,,,,,,,,,,
state,27,Maharashtra,status,,EDS raised,137,,,,,,,,,,
state,27,Maharashtra,status,,CRZ Granted,136,,,,,,,,,,
state,27,Maharashtra,status,,ADS Raised,130,,,,,,,,,,
state,27,Maharashtra,status,,Pending at State Government for Diversion Letter,118,,,,,,,,,,
state,27,Maharashtra,status,,Under Examination,113,,,,,,,,,,
state,27,Maharashtra,status,,Recommend to SEIAA/SEAC,104,,,,,,,,,,
state,27,Maharashtra,status,,Referred to SEAC,89,,,,,,,,,,
state,27,Maharashtra,status,,Pending at DFO for Scrutiny and Recommendation,82,,,,,,,,,,
state,27,Maharashtra,status,,TOR Granted,52,,,,,,,,,,
state,27,Maharashtra,status,,Pending at UA due to EDS by DFO,52,,,,,,,,,,
state,27,Maharashtra,status,,Pending on UA for Compensatory Levies Payment,52,,,,,,,,,,
state,27,Maharashtra,status,,Pending at UA for Compensatory Levies Payment and Compliance Report,36,,,,,,,,,,
state,27,Maharashtra,status,,Final Diversion Order Issued,36,,,,,,,,,,
state,27,Maharashtra,status,,Pending at DFO due to EDS by Nodal Officer,35,,,,,,,,,,
state,27,Maharashtra,status,,Pending at UA for Compliance Report,33,,,,,,,,,,
state,27,Maharashtra,status,,Pending at SDO for Filling Inspection Report,33,,,,,,,,,,
state,27,Maharashtra,status,,Granted,32,,,,,,,,,,
state,27,Maharashtra,status,,Rejected in PSC-I,31,,,,,,,,,,
state,27,Maharashtra,status,,Pending at State Secretary for Recommendation,31,,,,,,,,,,
state,27,Maharashtra,status,,Pending at Nodal Officer for Recommendation,29,,,,,,,,,,
state,27,Maharashtra,status,,Accepted and Referred to SCZMA,29,,,,,,,,,,
state,27,Maharashtra,status,,Pending at UA due to EDS by MS after PSC-I,28,,,,,,,,,,
state,27,Maharashtra,status,,Stage-II Accorded,27,,,,,,,,,,
state,27,Maharashtra,status,,Pending at DFO for Compensatory Levies,25,,,,,,,,,,
state,27,Maharashtra,status,,REMOVED,24,,,,,,,,,,
state,27,Maharashtra,status,,Pending at DFO/CF after acceptance in PSC-I,22,,,,,,,,,,
state,27,Maharashtra,status,,Pending at PP due to EDS by DFO,20,,,,,,,,,,
state,27,Maharashtra,status,,Pending at UA for DFO EDS Reply,15,,,,,,,,,,
state,27,Maharashtra,status,,ToR Rejected,15,,,,,,,,,,
state,27,Maharashtra,status,,Approval Granted,15,,,,,,,,,,
state,27,Maharashtra,status,,Pending at DFO/CF/Nodal Officer after acceptance in PSC-I,14,,,,,,,,,,
state,27,Maharashtra,status,,Pending at Nodal Officer due to EDS by State Secretary,14,,,,,,,,,,
state,27,Maharashtra,status,,Pending at State Secretary for Compliance Review,13,,,,,,,,,,
state,27,Maharashtra,status,,EDS Raised,13,,,,,,,,,,
state,27,Maharashtra,status,,Proposal Accepted and Referred to EAC,13,,,,,,,,,,
state,27,Maharashtra,status,,Query Raised,10,,,,,,,,,,
state,27,Maharashtra,status,,Pending at MS for Acceptance in PSC-I,10,,,,,,,,,,
state,27,Maharashtra,status,,Forwarded to MS,9,,,,,,,,,,
state,27,Maharashtra,status,,Pending at State Secretary for Recommendation after PSC-II,8,,,,,,,,,,
state,27,Maharashtra,status,,Pending at SS for Diversion Letter,7,,,,,,,,,,
state,27,Maharashtra,status,,Pending at DFO due to EDS by MS After PSC-II,6,,,,,,,,,,
state,27,Maharashtra,status,,Forwarded to USS SEIAA,6,,,,,,,,,,
state,27,Maharashtra,status,,Forwarded to DD,6,,,,,,,,,,
state,27,Maharashtra,status,,Pending at DFO For Compliance Review,5,,,,,,,,,,
state,27,Maharashtra,status,,Pending at MS for Proposal Withdraw Request,5,,,,,,,,,,
state,27,Maharashtra,status,,Pending at MS for Recommendation in PSC-II,5,,,,,,,,,,
state,27,Maharashtra,status,,Under Examination with SCZMA,5,,,,,,,,,,
state,27,Maharashtra,status,,Pending at DFO for Compliance Review,5,,,,,,,,,,
state,27,Maharashtra,status,,Pending at Nodal Officer for Recommendation after PSC-II,5,,,,,,,,,,
state,27,Maharashtra,status,,Pending at Technical Officer - RO,5,,,,,,,,,,
state,27,Maharashtra,status,,Pending at Nodal Officer for Compliance Review,4,,,,,,,,,,
state,27,Maharashtra,status,,Pending at Nodal for Compensatory Levies Review,4,,,,,,,,,,
state,27,Maharashtra,status,,Pending at Technical Officer - IRO,4,,,,,,,,,,
state,27,Maharashtra,status,,EDS Under Examination,3,,,,,,,,,,
state,27,Maharashtra,status,,Referred to EAC,3,,,,,,,,,,
state,27,Maharashtra,status,,Pending at MS SEIAA,3,,,,,,,,,,
state,27,Maharashtra,status,,Pending at DC for Form Submission,3,,,,,,,,,,
state,27,Maharashtra,status,,Pending at SDO due to EDS by DC,3,,,,,,,,,,
state,27,Maharashtra,status,,Pending at PP due to EDS by Nodal Officer,2,,,,,,,,,,
state,27,Maharashtra,status,,REJECTED,2,,,,,,,,,,
state,27,Maharashtra,status,,Raised/Forwarded EDS to UA,2,,,,,,,,,,
state,27,Maharashtra,status,,Pending at UA due to Delisting by Authority,2,,,,,,,,,,
state,27,Maharashtra,status,,"Pending at Technical Officer - MoEFCC, HQ",2,,,,,,,,,,
state,27,Maharashtra,status,,Pending at UA due to EDS raised by DFO,2,,,,,,,,,,
state,27,Maharashtra,status,,Pending at MS,1,,,,,,,,,,
state,27,Maharashtra,status,,Pending at UA due to EDS by MS after PSC-II,1,,,,,,,,,,
state,27,Maharashtra,status,,Under Examinitaion,1,,,,,,,,,,
state,27,Maharashtra,status,,Pending at State Government For Recommendation,1,,,,,,,,,,
state,27,Maharashtra,status,,withdrawn,1,,,,,,,,,,
state,27,Maharashtra,status,,Pending at Technical Officer RO for Stage-II Letter,1,,,,,,,,,,
state,27,Maharashtra,status,,Pending at DFO for Issue Approval letter,1,,,,,,,,,,
state,27,Maharashtra,status,,Pending at AIGF RO for Stage-II Letter,1,,,,,,,,,,
state,27,Maharashtra,status,,Pending at State Government Recommendation,1,,,,,,,,,,
state,27,Maharashtra,status,,"Pending at AIGF - MoEFCC, HQ",1,,,,,,,,,,
state,27,Maharashtra,status,,Proposal Withdraw Request Accepted,1,,,,,,,,,,
state,27,Maharashtra,status,,Pending at State Government  for Diversion,1,,,,,,,,,,
state,27,Maharashtra,status,,Stage-I FC Awaited,1,,,,,,,,,,
state,27,Maharashtra,status,,GRANTED,1,,,,,,,,,,
state,27,Maharashtra,status,,Forwarded to JS,1,,,,,,,,,,
state,27,Maharashtra,status,,"Pending at IGF - MoEFCC, HQ",1,,,,,,,,,,
state,27,Maharashtra,status,,Pending at AIGF - RO,1,,,,,,,,,,
state,27,Maharashtra,applications_by_year,,2022,994,,,,,,,,,,
state,27,Maharashtra,applications_by_year,,2023,2816,,,,,,,,,,
state,27,Maharashtra,applications_by_year,,2024,3296,,,,,,,,,,
state,27,Maharashtra,applications_by_year,,2025,4308,,,,,,,,,,
state,27,Maharashtra,applications_by_year,,2026,3263,,,,,,,,,,
state,27,Maharashtra,year_granted,,2022,765,,,,,,,,,,
state,27,Maharashtra,year_granted,,2023,1781,,,,,,,,,,
state,27,Maharashtra,year_granted,,2024,1876,,,,,,,,,,
state,27,Maharashtra,year_granted,,2025,2590,,,,,,,,,,
state,27,Maharashtra,year_granted,,2026,1447,,,,,,,,,,
state,27,Maharashtra,year_tor,,2022,177,,,,,,,,,,
state,27,Maharashtra,year_tor,,2023,568,,,,,,,,,,
state,27,Maharashtra,year_tor,,2024,428,,,,,,,,,,
state,27,Maharashtra,year_tor,,2025,478,,,,,,,,,,
state,27,Maharashtra,year_tor,,2026,323,,,,,,,,,,
state,27,Maharashtra,year_pending,,2022,49,,,,,,,,,,
state,27,Maharashtra,year_pending,,2023,385,,,,,,,,,,
state,27,Maharashtra,year_pending,,2024,398,,,,,,,,,,
state,27,Maharashtra,year_pending,,2025,548,,,,,,,,,,
state,27,Maharashtra,year_pending,,2026,1340,,,,,,,,,,
state,27,Maharashtra,year_rejected,,2022,1,,,,,,,,,,
state,27,Maharashtra,year_rejected,,2023,3,,,,,,,,,,
state,27,Maharashtra,year_rejected,,2024,172,,,,,,,,,,
state,27,Maharashtra,year_rejected,,2025,241,,,,,,,,,,
state,27,Maharashtra,year_rejected,,2026,29,,,,,,,,,,
state,27,Maharashtra,year_withdrawn,,2022,2,,,,,,,,,,
state,27,Maharashtra,year_withdrawn,,2023,79,,,,,,,,,,
state,27,Maharashtra,year_withdrawn,,2024,422,,,,,,,,,,
state,27,Maharashtra,year_withdrawn,,2025,451,,,,,,,,,,
state,27,Maharashtra,year_withdrawn,,2026,124,,,,,,,,,,
state,27,Maharashtra,year_pc_A,,2022,47,,,,,,,,,,
state,27,Maharashtra,year_pc_A,,2023,216,,,,,,,,,,
state,27,Maharashtra,year_pc_A,,2024,175,,,,,,,,,,
state,27,Maharashtra,year_pc_A,,2025,212,,,,,,,,,,
state,27,Maharashtra,year_pc_A,,2026,172,,,,,,,,,,
state,27,Maharashtra,year_pc_B1,,2022,204,,,,,,,,,,
state,27,Maharashtra,year_pc_B1,,2023,765,,,,,,,,,,
state,27,Maharashtra,year_pc_B1,,2024,697,,,,,,,,,,
state,27,Maharashtra,year_pc_B1,,2025,722,,,,,,,,,,
state,27,Maharashtra,year_pc_B1,,2026,537,,,,,,,,,,
state,27,Maharashtra,year_pc_B2,,2022,691,,,,,,,,,,
state,27,Maharashtra,year_pc_B2,,2023,1582,,,,,,,,,,
state,27,Maharashtra,year_pc_B2,,2024,1893,,,,,,,,,,
state,27,Maharashtra,year_pc_B2,,2025,2494,,,,,,,,,,
state,27,Maharashtra,year_pc_B2,,2026,1781,,,,,,,,,,
state,27,Maharashtra,year_pc_OTHER,,2022,52,,,,,,,,,,
state,27,Maharashtra,year_pc_OTHER,,2023,253,,,,,,,,,,
state,27,Maharashtra,year_pc_OTHER,,2024,531,,,,,,,,,,
state,27,Maharashtra,year_pc_OTHER,,2025,880,,,,,,,,,,
state,27,Maharashtra,year_pc_OTHER,,2026,773,,,,,,,,,,
state,27,Maharashtra,cube,,2022|granted|A|ec,8,,,,,,,,,,
state,27,Maharashtra,cube,,2022|granted|A|other,1,,,,,,,,,,
state,27,Maharashtra,cube,,2022|granted|B1|ec,68,,,,,,,,,,
state,27,Maharashtra,cube,,2022|granted|B2|ec,684,,,,,,,,,,
state,27,Maharashtra,cube,,2022|granted|B2|other,1,,,,,,,,,,
state,27,Maharashtra,cube,,2022|granted|OTHER|crz,1,,,,,,,,,,
state,27,Maharashtra,cube,,2022|granted|OTHER|forest,2,,,,,,,,,,
state,27,Maharashtra,cube,,2022|pending|B2|ec,1,,,,,,,,,,
state,27,Maharashtra,cube,,2022|pending|OTHER|crz,10,,,,,,,,,,
state,27,Maharashtra,cube,,2022|pending|OTHER|forest,38,,,,,,,,,,
state,27,Maharashtra,cube,,2022|rejected|OTHER|forest,1,,,,,,,,,,
state,27,Maharashtra,cube,,2022|tor|A|ec,34,,,,,,,,,,
state,27,Maharashtra,cube,,2022|tor|A|other,2,,,,,,,,,,
state,27,Maharashtra,cube,,2022|tor|B1|ec,136,,,,,,,,,,
state,27,Maharashtra,cube,,2022|tor|B2|ec,5,,,,,,,,,,
state,27,Maharashtra,cube,,2022|withdrawn|A|ec,1,,,,,,,,,,
state,27,Maharashtra,cube,,2022|withdrawn|A|other,1,,,,,,,,,,
state,27,Maharashtra,cube,,2023|granted|A|ec,51,,,,,,,,,,
state,27,Maharashtra,cube,,2023|granted|A|other,19,,,,,,,,,,
state,27,Maharashtra,cube,,2023|granted|B1|ec,245,,,,,,,,,,
state,27,Maharashtra,cube,,2023|granted|B1|other,9,,,,,,,,,,
state,27,Maharashtra,cube,,2023|granted|B2|ec,1388,,,,,,,,,,
state,27,Maharashtra,cube,,2023|granted|B2|other,8,,,,,,,,,,
state,27,Maharashtra,cube,,2023|granted|OTHER|crz,33,,,,,,,,,,
state,27,Maharashtra,cube,,2023|granted|OTHER|forest,26,,,,,,,,,,
state,27,Maharashtra,cube,,2023|granted|OTHER|other,2,,,,,,,,,,
state,27,Maharashtra,cube,,2023|pending|A|ec,5,,,,,,,,,,
state,27,Maharashtra,cube,,2023|pending|A|other,2,,,,,,,,,,
state,27,Maharashtra,cube,,2023|pending|B1|ec,60,,,,,,,,,,
state,27,Maharashtra,cube,,2023|pending|B1|other,3,,,,,,,,,,
state,27,Maharashtra,cube,,2023|pending|B2|ec,139,,,,,,,,,,
state,27,Maharashtra,cube,,2023|pending|B2|other,3,,,,,,,,,,
state,27,Maharashtra,cube,,2023|pending|OTHER|crz,25,,,,,,,,,,
state,27,Maharashtra,cube,,2023|pending|OTHER|forest,137,,,,,,,,,,
state,27,Maharashtra,cube,,2023|pending|OTHER|other,11,,,,,,,,,,
state,27,Maharashtra,cube,,2023|rejected|B2|ec,1,,,,,,,,,,
state,27,Maharashtra,cube,,2023|rejected|OTHER|forest,2,,,,,,,,,,
state,27,Maharashtra,cube,,2023|tor|A|ec,93,,,,,,,,,,
state,27,Maharashtra,cube,,2023|tor|A|other,12,,,,,,,,,,
state,27,Maharashtra,cube,,2023|tor|B1|ec,437,,,,,,,,,,
state,27,Maharashtra,cube,,2023|tor|B2|ec,26,,,,,,,,,,
state,27,Maharashtra,cube,,2023|withdrawn|A|ec,23,,,,,,,,,,
state,27,Maharashtra,cube,,2023|withdrawn|A|other,11,,,,,,,,,,
state,27,Maharashtra,cube,,2023|withdrawn|B1|ec,11,,,,,,,,,,
state,27,Maharashtra,cube,,2023|withdrawn|B2|ec,16,,,,,,,,,,
state,27,Maharashtra,cube,,2023|withdrawn|B2|other,1,,,,,,,,,,
state,27,Maharashtra,cube,,2023|withdrawn|OTHER|crz,17,,,,,,,,,,
state,27,Maharashtra,cube,,2024|granted|A|ec,35,,,,,,,,,,
state,27,Maharashtra,cube,,2024|granted|A|other,20,,,,,,,,,,
state,27,Maharashtra,cube,,2024|granted|B1|ec,206,,,,,,,,,,
state,27,Maharashtra,cube,,2024|granted|B1|other,40,,,,,,,,,,
state,27,Maharashtra,cube,,2024|granted|B2|ec,1428,,,,,,,,,,
state,27,Maharashtra,cube,,2024|granted|B2|other,35,,,,,,,,,,
state,27,Maharashtra,cube,,2024|granted|OTHER|crz,46,,,,,,,,,,
state,27,Maharashtra,cube,,2024|granted|OTHER|forest,23,,,,,,,,,,
state,27,Maharashtra,cube,,2024|granted|OTHER|other,43,,,,,,,,,,
state,27,Maharashtra,cube,,2024|pending|A|ec,3,,,,,,,,,,
state,27,Maharashtra,cube,,2024|pending|A|other,3,,,,,,,,,,
state,27,Maharashtra,cube,,2024|pending|B1|ec,1,,,,,,,,,,
state,27,Maharashtra,cube,,2024|pending|B1|other,6,,,,,,,,,,
state,27,Maharashtra,cube,,2024|pending|B2|ec,8,,,,,,,,,,
state,27,Maharashtra,cube,,2024|pending|B2|other,8,,,,,,,,,,
state,27,Maharashtra,cube,,2024|pending|OTHER|crz,185,,,,,,,,,,
state,27,Maharashtra,cube,,2024|pending|OTHER|forest,136,,,,,,,,,,
state,27,Maharashtra,cube,,2024|pending|OTHER|other,48,,,,,,,,,,
state,27,Maharashtra,cube,,2024|rejected|B1|ec,12,,,,,,,,,,
state,27,Maharashtra,cube,,2024|rejected|B1|other,4,,,,,,,,,,
state,27,Maharashtra,cube,,2024|rejected|B2|ec,115,,,,,,,,,,
state,27,Maharashtra,cube,,2024|rejected|B2|other,4,,,,,,,,,,
state,27,Maharashtra,cube,,2024|rejected|OTHER|forest,16,,,,,,,,,,
state,27,Maharashtra,cube,,2024|rejected|OTHER|other,21,,,,,,,,,,
state,27,Maharashtra,cube,,2024|tor|A|ec,66,,,,,,,,,,
state,27,Maharashtra,cube,,2024|tor|A|other,5,,,,,,,,,,
state,27,Maharashtra,cube,,2024|tor|B1|ec,352,,,,,,,,,,
state,27,Maharashtra,cube,,2024|tor|B1|other,1,,,,,,,,,,
state,27,Maharashtra,cube,,2024|tor|B2|ec,4,,,,,,,,,,
state,27,Maharashtra,cube,,2024|withdrawn|A|ec,38,,,,,,,,,,
state,27,Maharashtra,cube,,2024|withdrawn|A|other,5,,,,,,,,,,
state,27,Maharashtra,cube,,2024|withdrawn|B1|ec,68,,,,,,,,,,
state,27,Maharashtra,cube,,2024|withdrawn|B1|other,7,,,,,,,,,,
state,27,Maharashtra,cube,,2024|withdrawn|B2|ec,280,,,,,,,,,,
state,27,Maharashtra,cube,,2024|withdrawn|B2|other,11,,,,,,,,,,
state,27,Maharashtra,cube,,2024|withdrawn|OTHER|crz,8,,,,,,,,,,
state,27,Maharashtra,cube,,2024|withdrawn|OTHER|other,5,,,,,,,,,,
state,27,Maharashtra,cube,,2025|granted|A|ec,57,,,,,,,,,,
state,27,Maharashtra,cube,,2025|granted|A|other,19,,,,,,,,,,
state,27,Maharashtra,cube,,2025|granted|B1|ec,222,,,,,,,,,,
state,27,Maharashtra,cube,,2025|granted|B1|other,39,,,,,,,,,,
state,27,Maharashtra,cube,,2025|granted|B2|ec,1647,,,,,,,,,,
state,27,Maharashtra,cube,,2025|granted|B2|other,295,,,,,,,,,,
state,27,Maharashtra,cube,,2025|granted|OTHER|crz,40,,,,,,,,,,
state,27,Maharashtra,cube,,2025|granted|OTHER|forest,18,,,,,,,,,,
state,27,Maharashtra,cube,,2025|granted|OTHER|other,253,,,,,,,,,,
state,27,Maharashtra,cube,,2025|pending|A|ec,7,,,,,,,,,,
state,27,Maharashtra,cube,,2025|pending|B1|ec,5,,,,,,,,,,
state,27,Maharashtra,cube,,2025|pending|B1|other,19,,,,,,,,,,
state,27,Maharashtra,cube,,2025|pending|B2|ec,43,,,,,,,,,,
state,27,Maharashtra,cube,,2025|pending|B2|other,4,,,,,,,,,,
state,27,Maharashtra,cube,,2025|pending|OTHER|crz,187,,,,,,,,,,
state,27,Maharashtra,cube,,2025|pending|OTHER|forest,206,,,,,,,,,,
state,27,Maharashtra,cube,,2025|pending|OTHER|other,77,,,,,,,,,,
state,27,Maharashtra,cube,,2025|rejected|B1|ec,9,,,,,,,,,,
state,27,Maharashtra,cube,,2025|rejected|B1|other,3,,,,,,,,,,
state,27,Maharashtra,cube,,2025|rejected|B2|ec,155,,,,,,,,,,
state,27,Maharashtra,cube,,2025|rejected|B2|other,3,,,,,,,,,,
state,27,Maharashtra,cube,,2025|rejected|OTHER|forest,11,,,,,,,,,,
state,27,Maharashtra,cube,,2025|rejected|OTHER|other,60,,,,,,,,,,
state,27,Maharashtra,cube,,2025|tor|A|ec,85,,,,,,,,,,
state,27,Maharashtra,cube,,2025|tor|A|other,5,,,,,,,,,,
state,27,Maharashtra,cube,,2025|tor|B1|ec,382,,,,,,,,,,
state,27,Maharashtra,cube,,2025|tor|B1|other,6,,,,,,,,,,
state,27,Maharashtra,cube,,2025|withdrawn|A|ec,33,,,,,,,,,,
state,27,Maharashtra,cube,,2025|withdrawn|A|other,6,,,,,,,,,,
state,27,Maharashtra,cube,,2025|withdrawn|B1|ec,33,,,,,,,,,,
state,27,Maharashtra,cube,,2025|withdrawn|B1|other,4,,,,,,,,,,
state,27,Maharashtra,cube,,2025|withdrawn|B2|ec,340,,,,,,,,,,
state,27,Maharashtra,cube,,2025|withdrawn|B2|other,7,,,,,,,,,,
state,27,Maharashtra,cube,,2025|withdrawn|OTHER|crz,21,,,,,,,,,,
state,27,Maharashtra,cube,,2025|withdrawn|OTHER|other,7,,,,,,,,,,
state,27,Maharashtra,cube,,2026|granted|A|ec,27,,,,,,,,,,
state,27,Maharashtra,cube,,2026|granted|A|other,10,,,,,,,,,,
state,27,Maharashtra,cube,,2026|granted|B1|ec,103,,,,,,,,,,
state,27,Maharashtra,cube,,2026|granted|B1|other,34,,,,,,,,,,
state,27,Maharashtra,cube,,2026|granted|B2|ec,586,,,,,,,,,,
state,27,Maharashtra,cube,,2026|granted|B2|other,520,,,,,,,,,,
state,27,Maharashtra,cube,,2026|granted|OTHER|crz,16,,,,,,,,,,
state,27,Maharashtra,cube,,2026|granted|OTHER|forest,10,,,,,,,,,,
state,27,Maharashtra,cube,,2026|granted|OTHER|other,141,,,,,,,,,,
state,27,Maharashtra,cube,,2026|pending|A|ec,46,,,,,,,,,,
state,27,Maharashtra,cube,,2026|pending|A|other,7,,,,,,,,,,
state,27,Maharashtra,cube,,2026|pending|B1|ec,108,,,,,,,,,,
state,27,Maharashtra,cube,,2026|pending|B1|other,11,,,,,,,,,,
state,27,Maharashtra,cube,,2026|pending|B2|ec,568,,,,,,,,,,
state,27,Maharashtra,cube,,2026|pending|B2|other,32,,,,,,,,,,
state,27,Maharashtra,cube,,2026|pending|OTHER|crz,203,,,,,,,,,,
state,27,Maharashtra,cube,,2026|pending|OTHER|forest,235,,,,,,,,,,
state,27,Maharashtra,cube,,2026|pending|OTHER|other,130,,,,,,,,,,
state,27,Maharashtra,cube,,2026|rejected|B1|ec,5,,,,,,,,,,
state,27,Maharashtra,cube,,2026|rejected|B1|other,1,,,,,,,,,,
state,27,Maharashtra,cube,,2026|rejected|B2|ec,10,,,,,,,,,,
state,27,Maharashtra,cube,,2026|rejected|B2|other,3,,,,,,,,,,
state,27,Maharashtra,cube,,2026|rejected|OTHER|forest,3,,,,,,,,,,
state,27,Maharashtra,cube,,2026|rejected|OTHER|other,7,,,,,,,,,,
state,27,Maharashtra,cube,,2026|tor|A|ec,55,,,,,,,,,,
state,27,Maharashtra,cube,,2026|tor|A|other,5,,,,,,,,,,
state,27,Maharashtra,cube,,2026|tor|B1|ec,262,,,,,,,,,,
state,27,Maharashtra,cube,,2026|tor|B1|other,1,,,,,,,,,,
state,27,Maharashtra,cube,,2026|withdrawn|A|ec,16,,,,,,,,,,
state,27,Maharashtra,cube,,2026|withdrawn|A|other,6,,,,,,,,,,
state,27,Maharashtra,cube,,2026|withdrawn|B1|ec,10,,,,,,,,,,
state,27,Maharashtra,cube,,2026|withdrawn|B1|other,2,,,,,,,,,,
state,27,Maharashtra,cube,,2026|withdrawn|B2|ec,54,,,,,,,,,,
state,27,Maharashtra,cube,,2026|withdrawn|B2|other,8,,,,,,,,,,
state,27,Maharashtra,cube,,2026|withdrawn|OTHER|crz,22,,,,,,,,,,
state,27,Maharashtra,cube,,2026|withdrawn|OTHER|other,6,,,,,,,,,,
state,27,Maharashtra,run,,run_status,ok,,,,,,,,,,
state,27,Maharashtra,run,,run_date,2026-10-10T05:52:28Z,,,,,,,,,,
state,27,Maharashtra,run,,run_url,https://github.com/publicmap/parivesh-dashboard/actions/runs/38027443840,,,,,,,,,,
state,27,Maharashtra,top_recent_ec,1,,,SIA/MH/INFRA2/582786/2026,Proposed Commercial Project by M/s. Sainath Granite and Marble LLP.,SAINATH GRANITE AND MARBLE LLP,Thane,EC Granted,2026-06-20T08:54:55.231+00:00,2026-10-07T16:52:39.073+00:00,30000.0,0.4171,https://parivesh.nic.in/newupgrade/#/report/ec?proposalId=1232791335
state,27,Maharashtra,top_recent_ec,2,,,SIA/MH/INFRA2/584409/2026,"Environmental Clearance for Expansion in Proposed Residential MCGM Bldg. no. 1 & Sale Bldg. no. 2 on C.S. No. 1C/404, Seth Moti Shah Road of Mazgaon Division, ‘E’ ward, Byculla, Mumbai, by M/s. Azara Redstone LLP.",AZARA REDSTONE LLP,Mumbai,EC Granted,2026-07-06T10:04:37.677+00:00,2026-10-07T12:05:33.889+00:00,19000.0,0.2857,https://parivesh.nic.in/newupgrade/#/report/ec?proposalId=1234390061
state,27,Maharashtra,top_recent_ec,3,,,SIA/MH/MIN/420676/2023,"Proposed Stone Quarry Located at Survey/ Gat No.: 369 & 370(Part), Mouza: Shelodi, Tal: Khamgaon, Dist: Buldhana, State: Maharashtra",VARSHA GANDHI,Buldana,EC Granted,2023-03-02T10:31:27.617+00:00,2026-10-01T12:54:47.180+00:00,95.0,3.23,https://parivesh.nic.in/newupgrade/#/report/ec?proposalId=3451064
state,27,Maharashtra,top_recent_ec,4,,,SIA/MH/INFRA2/427766/2023,"Application for Environmental and CRZ Clearance for proposed Residential project on Plot Bearing S. No. 108/2, 108/5, 108/6, 108/7, 186/2, 186/3, 186/4A at Village Desai, Thane, Maharashtra by M/s. Tharwani Realtors",THARWANI REALTORS,Thane,EC Granted,2023-05-02T06:20:53.704+00:00,2026-10-01T12:52:36.710+00:00,22000.0,1.27,https://parivesh.nic.in/newupgrade/#/report/ec?proposalId=5013745
state,27,Maharashtra,top_recent_ec,5,,,SIA/MH/INFRA2/450467/2023,“Shilpa Madhuvan” Residential cum Commercial Development by M/s. Shilpa Estates Bhagidari Sanstha Thro. Bhagidar Mr. Jayesh V. Thakkar.,SHILPA ESTATE,Nashik,EC Granted,2023-10-27T12:25:13.280+00:00,2026-10-01T12:49:28.490+00:00,6831.57,0.62,https://parivesh.nic.in/newupgrade/#/report/ec?proposalId=20026664
state,27,Maharashtra,top_recent_ec,6,,,SIA/MH/MIN/454631/2023,Khairgaon Stone & Murrum Quarry Project,AFTAB SHEIKH,Yavatmal,EC Granted,2023-12-07T06:37:19.009+00:00,2026-10-01T12:45:24.940+00:00,68.86,1.19,https://parivesh.nic.in/newupgrade/#/report/ec?proposalId=29968902
state,27,Maharashtra,top_recent_ec,7,,,SIA/MH/INFRA2/454134/2023,"Environment Clearance for Sadguru SRA CHS LTD.: Proposed Residential cum Commercial Building under S. R. Scheme on Plot bearing C.T. S. No. 460, 461, 462, 462/1 to 5, Near R. C. Marg, Chembur, Mumbai – 400074 by M/s. Baba Homes Builders & Developers.",BABA HOMES BUILDERS & DEVELOPERS LLP,Mumbai Suburban,EC Granted,2023-12-02T09:40:55.381+00:00,2026-10-01T12:43:20.240+00:00,13502.0,0.3754,https://parivesh.nic.in/newupgrade/#/report/ec?proposalId=28687735
state,27,Maharashtra,top_recent_ec,8,,,IA/MH/IND2/574245/2026,Proposed Debottlenecking of Nagothane Manufacturing Division by Reliance Industries Limited,RELIANCE INDUSTRIES LIMITED,Raigarh,EC Granted,2026-03-31T16:44:33.840+00:00,2026-09-30T12:01:04.250+00:00,3.472,744.0,https://parivesh.nic.in/newupgrade/#/report/ec?proposalId=1223065841
state,27,Maharashtra,top_recent_ec,9,,,IA/MH/IND3/583317/2026,"Expansion Project for the Manufacturing of API and API Intermediate capacity from 108 TPA to 2400 TPA by M/S. NGL Fine Chem Limited, located at Plot No. W-41/C, W-42/C & E-10/1, MIDC Tarapur, Taluka & District Palghar, Maharashtra, India – 401506",NGL FINE CHEM LIMITED,Palghar,EC Granted,2026-06-25T08:51:58.630+00:00,2026-09-30T11:54:14.106+00:00,5588.0,2305.3,https://parivesh.nic.in/newupgrade/#/report/ec?proposalId=1233304770
state,27,Maharashtra,top_recent_ec,10,,,IA/MH/IND3/576408/2026,"Modernization of Nano-Urea Fertilizer Plant at RCF Trombay, Chembur, Suburban Mumbai, Maharashtra-400074 by M/s Rashtriya Chemicals and Fertilizers Limited (Government of India Undertaking)",RASHTRIYA CHEMICALS AND F ERTILIZERS LIMITED,Mumbai Suburban,EC Granted,2026-04-20T13:02:30.752+00:00,2026-09-30T11:40:37.884+00:00,3.13564,216.41,https://parivesh.nic.in/newupgrade/#/report/ec?proposalId=1224950440
state,27,Maharashtra,top_cost,1,,,SIA/MH/MIN/592829/2026,"Environmental Clearance for Basalt Stone Mining Project (Area  1.10 Ha.) at Gat No. 139/1,139/2,139/3 (P), Haladgaon Village, Umred Taluka, Nagpur District, Maharashtra by M/s. Dristti Structural Engineering Pvt. Ltd. through Sunil Ramlal Wadhawan",dristti structural engineering private limited,Nagpur,Under Verification,2026-09-21T11:05:02.545+00:00,,9861000.0,1.1,https://parivesh.nic.in/newupgrade/#/report/ec?proposalId=1241502089
state,27,Maharashtra,top_cost,2,,,SIA/MH/MIN/592188/2026,"Environmental Clearance for Basalt Stone Mining Project (Area 1.20 ha) at Gut No. 952 Part, Village Bidkin, Tehsil Paithan, District Sambhajinagar, Maharashtra by Ramjan Shermohammad Charniya",ramzan shermohammed charaniya,Aurangabad,Under Verification,2026-09-15T08:06:57.560+00:00,,9691000.0,1.2,https://parivesh.nic.in/newupgrade/#/report/ec?proposalId=1240980490
state,27,Maharashtra,top_cost,3,,,FP/MH/IND/580023/2026,"Diversion of forest land for the Proposed Integrated Coal to Chemicals Project near Village Linga, Tehsil Kalmeshwar & Katol of District Nagpur, Maharashtra by Nagpur Syn-Gas & Chemicals Limited.",Nagpur Syn-Gas & Chemicals Limited,Nagpur,Pending at DFO/CF after acceptance in PSC-I,2026-05-24T07:53:53.978+00:00,,7000000.0,1057.8,https://parivesh.nic.in/newupgrade/#/report/ec?proposalId=1228933704
state,27,Maharashtra,top_cost,4,,,FP/MH/HYD/IRRIG/594399/2026,"Proposal for diversion of 1121.378 Ha. forest land for Wainganga- Nalganga River linking project of Link- 0 & I from Gosikhurd project to Lower Wardha  project in Bhandara, Nagpur and Wardha district  of Maharashtra State  by  Executive Engineer.Gosikhurd Rehabilitation Divisional Unit, Nagpur.","Water Resources Department, Government of Maharashtra",Nagpur,Pending at MS for Acceptance in PSC-I,2026-10-05T16:59:18.667+00:00,,4965896.64,10473.34,https://parivesh.nic.in/newupgrade/#/report/ec?proposalId=1244153095
state,27,Maharashtra,top_cost,5,,,FP/MH/ROAD/591166/2026,Proposal for approach road towards Somatne Fata (talegaon Dabhade) at Village Darumbre Tal. Maval Dist. Pune,Evita krisala township  llp,Pune,Pending at DFO for Scrutiny and Recommendation,2026-09-03T14:36:41.454+00:00,,4000000.0,4.014,https://parivesh.nic.in/newupgrade/#/report/ec?proposalId=1240124617
state,27,Maharashtra,top_cost,6,,,IA/MH/INFRA1/517836/2025,"Construction of Pavnar (District-Wardha) to Patradevi (District- Sindhudurg) at Maharashtra-Goa Border super communication Expressway (Maharashtra Shaktipeeth Expressway) in the state of Maharashtra, Package-III (Solapur to Kolhapur)",MAHARASHTRA STATE ROAD DEVELOPMENT CORPORATION,Solapur,ToR Granted,2025-01-09T06:25:23.599+00:00,2025-03-19T05:42:43.700+00:00,3501322.0,6229.1045,https://parivesh.nic.in/newupgrade/#/report/ec?proposalId=117121211
state,27,Maharashtra,top_cost,7,,,IA/MH/RIV/582202/2026,Project for Wainganga Nalganga River Project (Link-II: Lower Wardha to Katepurna),"Water Resources Department, Government of Maharashtra",Akola,ToR Granted,2026-06-15T10:17:41.912+00:00,2026-07-28T09:11:50.419+00:00,2715300.0,10150.68,https://parivesh.nic.in/newupgrade/#/report/ec?proposalId=1232149599
state,27,Maharashtra,top_cost,8,,,IA/MH/INFRA1/584011/2026,Construction of Vadhavan Bandar connecting Highway to Maharashtra Samruddhi Mahamarg from Tawa on NH-48 to Bharvir on Maharashtra Samruddhi Mahamarg freight corridor in the state of Maharashtra,MAHARASHTRA STATE ROAD DEVELOPMENT CORPORATION LIMITED,Palghar,ADS Raised,2026-07-02T08:35:27.864+00:00,,2493869.0,1715.44,https://parivesh.nic.in/newupgrade/#/report/ec?proposalId=1233995660
state,27,Maharashtra,top_cost,9,,,IA/MH/IND1/592787/2026,"Installation of 500,000 TPA Steel Plant for the production of 200,000 TPA TMT bars and 300,000 TPA Structural sections through coal based direct reduced iron (DRI) EAF-LF-CCM route including CPP of 105 MW and Coal Washery of 0.6 Mtpa  at Kh. No.:147 to 150, 153, 154/1 to 155, 176 to 184, 218, 219 of Village Jairampur; Kh. No.: 1 to 9, 15 to 18 of Village Bamanidev and Kh. No.: 20,21,22 of Vill. Yadavpalli, Th. Chamorshi, Dist. Gadchiroli, Maharashtra by Vajra Bharat Steel Pvt. Ltd.",VAJRA BHARAT STEEL PRIVATE LIMITED,Gadchiroli,Under Examination,2026-09-21T08:16:29.150+00:00,,2489780.0,86.99,https://parivesh.nic.in/newupgrade/#/report/ec?proposalId=1241477406
state,27,Maharashtra,top_cost,10,,,IA/MH/IND1/594308/2026,"Proposed expansion by Thickening & Filtration Unit from 10 to 10.6 MTPA & Pellet Plant from 2x4 to 2x4.8 MTPA (20% increase) under para 7(ii)(a) of EIA Notification 2006, guidelines in the MoEF&CC, O.M. dated 11.04.2022, in the existing plant facilities (along with 92,400TPA DRI, 5 MW WHRB, ISP of 4.5 MTPA Capacity with 483 MW (488MW Total) CPP and 5.0 MTPA Filtration Unit) by M/s. Lloyds Metals and Energy Limited, located at Village Konsari; Tah. Chamorshi, Dist. Gadchiroli, Maharashtra.",LLOYDS METALS AND ENERGY LIMITED,Gadchiroli,Under Examination,2026-10-05T09:23:51.160+00:00,,2448490.0,527.9522,https://parivesh.nic.in/newupgrade/#/report/ec?proposalId=1244101487
state,27,Maharashtra,top_land,1,,,IA/MH/IND3/469950/2024,M/s Godavari Biorefineries Ltd.,Godavari Biorefineries Ltd.,Ahmadnagar,,2024-04-19T07:06:06.795+00:00,,36844.0,2784246.0,https://parivesh.nic.in/newupgrade/#/report/ec?proposalId=61857438
state,27,Maharashtra,top_land,2,,,SIA/MH/INFRA2/588157/2026,"Proposed Expansion of Integrated Township Project at Survey no. 40 and others at village- Vardoli and Bherle, Taluka- Panvel, District- Raigad Maharashtra by M/s Wadhwa Construction and Infrastructure Private Limited.",WADHWA CONSTRUCTION AND INFRASTRUCTURE PRIVATE LIMITED,Raigarh,Standard ToR Granted,2026-08-06T12:34:35.608+00:00,2026-08-17T05:36:55.579+00:00,2.07496,976320.08,https://parivesh.nic.in/newupgrade/#/report/ec?proposalId=1237690695
state,27,Maharashtra,top_land,3,,,SIA/MH/INFRA2/493054/2024,"Amendment in EC of Residential & Commercial complex at Evershine Global City, plot bearing old Survey nos. 5, 5B, 5F, 5G, 5D and new survey nos. 5/1, 5/2, 5/3, 5/4, 5/5/A, 5/5/B, 5/5/C, 5/5/D, 5/5/E, 5/6, 5/7 5/8 at Village Dongre, Virar (west), Taluka Vasai, District Palghar by M/s Evershine Developers",Evershine developers,Palghar,Standard ToR Granted,2024-08-16T13:08:01.903+00:00,2024-09-20T05:08:18.984+00:00,3.9,932440.0,https://parivesh.nic.in/newupgrade/#/report/ec?proposalId=93937155
state,27,Maharashtra,top_land,4,,,SIA/MH/INFRA2/411766/2022,"Expansion in Proposed Integrated Township at Mhalunge, Maan & Hinjewadi Tal – Mulshi, Dist. Pune by Mhalunge Land Developers Pvt. Ltd. & Ashadan Township ventures Pvt. Ltd.",MHALUNGE LAND DEVELOPERS PVT LTD & ASHADAN TOWNSHIP VENTURES PVT LTD,Pune,TOR GRANTED,2022-12-22T12:06:20.636+00:00,,7.128,843635.0,https://parivesh.nic.in/newupgrade/#/report/ec?proposalId=2157923
state,27,Maharashtra,top_land,5,,,SIA/MH/INFRA2/416463/2023,"Expansion in Proposed Integrated Township at Mhalunge, Maan & Hinjewadi Tal – Mulshi, Dist. Pune by Mhalunge Land Developers Pvt. Ltd. & Ashadan Township ventures Pvt. Ltd.",MHALUNGE LAND DEVELOPERS PVT LTD & ASHADAN TOWNSHIP VENTURES PVT LTD,Pune,EC Granted,2023-01-31T07:01:11.236+00:00,2023-06-06T14:58:29.797+00:00,7.128,843635.0,https://parivesh.nic.in/newupgrade/#/report/ec?proposalId=2794988
state,27,Maharashtra,top_land,6,,,IA/MH/CRZ/411891/2022,Extension of Validity of CRZ Clearance of Mumbai Trans Harbour Link Project by MMRDA,ABHIJEET BHISIKAR,Thane,,2022-12-23T11:22:46.300+00:00,,11370.0,610400.0,https://parivesh.nic.in/newupgrade/#/report/ec?proposalId=2180638
state,27,Maharashtra,top_land,7,,,SIA/MH/INFRA2/413943/2023,Proposed Residential and Commercial development at Bhugaon by Kakade Estate Developers Pvt. Ltd.,KAKADE ESTATE DEVELOPERS PVT LTD,Pune,TOR GRANTED,2023-01-10T07:37:00.613+00:00,,1.05,512989.0,https://parivesh.nic.in/newupgrade/#/report/ec?proposalId=2455523
state,27,Maharashtra,top_land,8,,,SIA/MH/INFRA2/417564/2023,Proposed Residential and Commercial development at Bhugaon by Kakade Estate Developers Pvt. Ltd.,KAKADE ESTATE DEVELOPERS PVT LTD,Pune,EC Granted,2023-02-09T07:40:42.010+00:00,2023-09-26T11:34:53.587+00:00,1.05,512989.0,https://parivesh.nic.in/newupgrade/#/report/ec?proposalId=2964512
state,27,Maharashtra,top_land,9,,,IA/MH/CRZ/534755/2025,Expansion of Existing Facility at village Rohini Taluka Mhasala District Raigad,DAS OFFSHORE LIMITED,Raigarh,Recommend to SEIAA/SEAC,2025-04-21T08:54:52.940+00:00,,18697.35,495773.82,https://parivesh.nic.in/newupgrade/#/report/ec?proposalId=125244508
state,27,Maharashtra,top_land,10,,,IA/MH/CRZ/424483/2023,Proposed drilling of Four (04) exploratory wells in offshore block MB-OSHP-2018/2 in Western Offshore basin Mumbai,OIL AND NATURAL GAS CORPORATION LIMITED,Palghar,Recommend to SEIAA/SEAC,2023-04-01T12:52:43.410+00:00,,34212.0,462619.0,https://parivesh.nic.in/newupgrade/#/report/ec?proposalId=4358384
state,27,Maharashtra,recent_change,1,added,,SIA/MH/INFRA2/595038/2026,"Proposed Residential Building on Plot Bearing S. No. 16/1 (PT), H.No. 1. Mauje Umbarli, Tal – Ambernath, Dist – Thane by M/s. Gopal Sons",Growmore Lifespaces LLP,Thane,Under Verification,2026-10-09T13:40:10.435+00:00,,12835.0,1.127,https://parivesh.nic.in/newupgrade/#/report/ec?proposalId=1244814950
state,27,Maharashtra,recent_change,2,added,,SIA/MH/MIN/594979/2026,"Shri. Santosh Haribhau Gaikawad, Shri. Shrikant Balasaheb Gaikwad, Smt. Sapana Vishal Padwal,  Smt. Suvarna Prakash Khatpe, Shri. Chetan Dnyaneshwar Gaikwad, Smt. Pradnya Sagar Chorghe,  Shri. Sangeeta Dnyaneshwar Gaikwad",SAPNA VISHAL PADWAL,Pune,Under Verification,2026-10-09T09:37:49.274+00:00,,92.0,3.49,https://parivesh.nic.in/newupgrade/#/report/ec?proposalId=1244781660
state,27,Maharashtra,recent_change,3,added,,SIA/MH/INFRA2/594968/2026,"Redevelopment of Bombay Development Directorate (BDD) Chawls at N. M. Joshi Marg, Lower Parel Division, Mumbai, Maharashtra by MUMBAI HOUSING AND AREA DEVELOPMENT BOARD (MHADB) A regional unit of Maharashtra Housing and Area Development Authority (MHADA)",MHADA,Mumbai,Under Verification,2026-10-09T09:01:45.085+00:00,,3.37651,5.461,https://parivesh.nic.in/newupgrade/#/report/ec?proposalId=1244776019
state,27,Maharashtra,recent_change,4,added,,SIA/MH/INFRA2/594942/2026,"Environmental Clearance for Proposed Residential & Commercial Project at S. no. 109 (P) at Village - Ravet, Dist. Pune by M/s. Bhongale Buildcon LLP",Bhonglle buildcon llp,Pune,Under Verification,2026-10-09T06:48:50.142+00:00,,39300.0,1.2177,https://parivesh.nic.in/newupgrade/#/report/ec?proposalId=1244755586
state,28,Andhra Pradesh,stat,,projects,5168,,,,,,,,,,
state,28,Andhra Pradesh,stat,,active_projects,4372,,,,,,,,,,
state,28,Andhra Pradesh,stat,,applications,4372,,,,,,,,,,
state,28,Andhra Pradesh,stat,,ec_granted,2510,,,,,,,,,,
state,28,Andhra Pradesh,stat,,ec_tor,728,,,,,,,,,,
state,28,Andhra Pradesh,stat,,ec_pending,852,,,,,,,,,,
state,28,Andhra Pradesh,stat,,ec_rejected,137,,,,,,,,,,
state,28,Andhra Pradesh,stat,,ec_withdrawn,145,,,,,,,,,,
state,28,Andhra Pradesh,stat,,pc_A,284,,,,,,,,,,
state,28,Andhra Pradesh,stat,,pc_B1,1540,,,,,,,,,,
state,28,Andhra Pradesh,stat,,pc_B2,1860,,,,,,,,,,
state,28,Andhra Pradesh,stat,,pc_OTHER,688,,,,,,,,,,
state,28,Andhra Pradesh,stat,,ty_ec,3199,,,,,,,,,,
state,28,Andhra Pradesh,stat,,ty_forest,216,,,,,,,,,,
state,28,Andhra Pradesh,stat,,ty_wildlife,87,,,,,,,,,,
state,28,Andhra Pradesh,stat,,ty_crz,52,,,,,,,,,,
state,28,Andhra Pradesh,stat,,ty_other,818,,,,,,,,,,
state,28,Andhra Pradesh,stat,,delisted_or_removed,796,,,,,,,,,,
state,28,Andhra Pradesh,stat,,total_cost_lakhs,29693632.07,,,,,,,,,,
state,28,Andhra Pradesh,stat,,cost_outliers_excluded,4,,,,,,,,,,
state,28,Andhra Pradesh,stat,,total_land_ha,2088907.6324,,,,,,,,,,
state,28,Andhra Pradesh,stat,,latest_application,2026-10-08T13:54:09.856+00:00,,,,,,,,,,
state,28,Andhra Pradesh,stat,,latest_grant,2026-09-30T12:02:55.185+00:00,,,,,,,,,,
state,28,Andhra Pradesh,stat,,changes_added,0,,,,,,,,,,
state,28,Andhra Pradesh,stat,,changes_removed,0,,,,,,,,,,
state,28,Andhra Pradesh,stat,,changes_updated,431,,,,,,,,,,
state,28,Andhra Pradesh,stat,,changes_status,0,,,,,,,,,,
state,28,Andhra Pradesh,stat,,compared_with,2026-10-09T20:19:01Z,,,,,,,,,,
state,28,Andhra Pradesh,stat,,changes_added_active,0,,,,,,,,,,
state,28,Andhra Pradesh,stat,,changes_removed_active,0,,,,,,,,,,
state,28,Andhra Pradesh,stat,,changes_updated_active,357,,,,,,,,,,
state,28,Andhra Pradesh,stat,,changes_status_active,0,,,,,,,,,,
state,28,Andhra Pradesh,stat,,window_added_active,128,,,,,,,,,,
state,28,Andhra Pradesh,stat,,window_updated_active,291,,,,,,,,,,
state,28,Andhra Pradesh,stat,,window_added,128,,,,,,,,,,
state,28,Andhra Pradesh,stat,,window_updated,362,,,,,,,,,,
state,28,Andhra Pradesh,stat,,window_since,2026-10-01T03:52:08Z,,,,,,,,,,
state,28,Andhra Pradesh,status,,EC Granted,2389,,,,,,,,,,
state,28,Andhra Pradesh,status,,DELISTED_BY_SYSTEM,756,,,,,,,,,,
state,28,Andhra Pradesh,status,,ToR Granted,476,,,,,,,,,,
state,28,Andhra Pradesh,status,,TOR Granted,208,,,,,,,,,,
state,28,Andhra Pradesh,status,,(none),185,,,,,,,,,,
state,28,Andhra Pradesh,status,,Referred to SAEIA,130,,,,,,,,,,
state,28,Andhra Pradesh,status,,Under Verification,119,,,,,,,,,,
state,28,Andhra Pradesh,status,,EC Rejected,117,,,,,,,,,,
state,28,Andhra Pradesh,status,,ADS Raised,63,,,,,,,,,,
state,28,Andhra Pradesh,status,,Under Examination,58,,,,,,,,,,
state,28,Andhra Pradesh,status,,Final Diversion Order Issued,45,,,,,,,,,,
state,28,Andhra Pradesh,status,,Proposal returned in present form,45,,,,,,,,,,
state,28,Andhra Pradesh,status,,EDS raised,43,,,,,,,,,,
state,28,Andhra Pradesh,status,,REMOVED,40,,,,,,,,,,
state,28,Andhra Pradesh,status,,Withdrawal Request Accepted,39,,,,,,,,,,
state,28,Andhra Pradesh,status,,Proposal Withdrawal Request Accepted,39,,,,,,,,,,
state,28,Andhra Pradesh,status,,Referred to SEAC,38,,,,,,,,,,
state,28,Andhra Pradesh,status,,Proposal Accepted and Referred to SEAC,36,,,,,,,,,,
state,28,Andhra Pradesh,status,,Standard ToR Granted,32,,,,,,,,,,
state,28,Andhra Pradesh,status,,Granted,30,,,,,,,,,,
state,28,Andhra Pradesh,status,,CRZ Granted,27,,,,,,,,,,
state,28,Andhra Pradesh,status,,Pending at DFO for Scrutiny and Recommendation,24,,,,,,,,,,
state,28,Andhra Pradesh,status,,Proposal pulled back (withdrawn),21,,,,,,,,,,
state,28,Andhra Pradesh,status,,Pending at DFO due to EDS by Nodal Officer,19,,,,,,,,,,
state,28,Andhra Pradesh,status,,ToR Rejected,19,,,,,,,,,,
state,28,Andhra Pradesh,status,,Approval Granted,18,,,,,,,,,,
state,28,Andhra Pradesh,status,,Pending on UA for Compensatory Levies Payment,16,,,,,,,,,,
state,28,Andhra Pradesh,status,,TOR GRANTED,12,,,,,,,,,,
state,28,Andhra Pradesh,status,,Pending at State Secretary for Recommendation,11,,,,,,,,,,
state,28,Andhra Pradesh,status,,Pending at UA for DFO EDS Reply,9,,,,,,,,,,
state,28,Andhra Pradesh,status,,Under Examination with SCZMA,8,,,,,,,,,,
state,28,Andhra Pradesh,status,,Pending at DFO for Compensatory Levies,7,,,,,,,,,,
state,28,Andhra Pradesh,status,,Pending at UA due to EDS by DFO,7,,,,,,,,,,
state,28,Andhra Pradesh,status,,Pending at UA for Compliance Report,5,,,,,,,,,,
state,28,Andhra Pradesh,status,,Pending at MS for Recommendation in PSC-II,5,,,,,,,,,,
state,28,Andhra Pradesh,status,,Proposal Accepted and Referred to EAC,5,,,,,,,,,,
state,28,Andhra Pradesh,status,,EDS Raised,5,,,,,,,,,,
state,28,Andhra Pradesh,status,,Pending at UA due to EDS by MS after PSC-I,4,,,,,,,,,,
state,28,Andhra Pradesh,status,,Pending at Nodal Officer for Recommendation,4,,,,,,,,,,
state,28,Andhra Pradesh,status,,Forwarded to DD,4,,,,,,,,,,
state,28,Andhra Pradesh,status,,Pending at MS for Acceptance in PSC-I,3,,,,,,,,,,
state,28,Andhra Pradesh,status,,Pending at State Government  for Diversion,3,,,,,,,,,,
state,28,Andhra Pradesh,status,,"Pending at Technical Officer - MoEFCC, HQ",3,,,,,,,,,,
state,28,Andhra Pradesh,status,,Query Raised,3,,,,,,,,,,
state,28,Andhra Pradesh,status,,Referred to EAC,3,,,,,,,,,,
state,28,Andhra Pradesh,status,,Pending at SS for Diversion Letter,2,,,,,,,,,,
state,28,Andhra Pradesh,status,,Pending at Scrutiny after PSC-I,2,,,,,,,,,,
state,28,Andhra Pradesh,status,,Pending at DFO for Demand Letter,2,,,,,,,,,,
state,28,Andhra Pradesh,status,,Pending at Nodal Officer due to EDS by State Secretary,2,,,,,,,,,,
state,28,Andhra Pradesh,status,,Pending at DFO/CF/Nodal Officer after acceptance in PSC-I,2,,,,,,,,,,
state,28,Andhra Pradesh,status,,Pending at MS for Proposal Withdraw Request,2,,,,,,,,,,
state,28,Andhra Pradesh,status,,Pending at UA for Compensatory Levies Payment and Compliance Report,2,,,,,,,,,,
state,28,Andhra Pradesh,status,,Pending at DFO For Compliance Review,2,,,,,,,,,,
state,28,Andhra Pradesh,status,,Pending at DFO/CF after acceptance in PSC-I,2,,,,,,,,,,
state,28,Andhra Pradesh,status,,Pending at PP due to EDS by DFO,2,,,,,,,,,,
state,28,Andhra Pradesh,status,,Withdrawn,1,,,,,,,,,,
state,28,Andhra Pradesh,status,,Pending at DFO due to Query by State Secretary,1,,,,,,,,,,
state,28,Andhra Pradesh,status,,"Pending at State Secretary due to EDS by MoEFCC, HQ",1,,,,,,,,,,
state,28,Andhra Pradesh,status,,Pending at MS for MoM Creation,1,,,,,,,,,,
state,28,Andhra Pradesh,status,,MOM PUBLISHED,1,,,,,,,,,,
state,28,Andhra Pradesh,status,,Pending at State Secretary for Recommendation and In-Principle Approval (Stage-I),1,,,,,,,,,,
state,28,Andhra Pradesh,status,,Stage-II Accorded,1,,,,,,,,,,
state,28,Andhra Pradesh,status,,Pending at State Secretary due to EDS by IRO,1,,,,,,,,,,
state,28,Andhra Pradesh,status,,Pending at State Government for Diversion Letter,1,,,,,,,,,,
state,28,Andhra Pradesh,status,,Report Violation,1,,,,,,,,,,
state,28,Andhra Pradesh,status,,Pending for PCCF for Stage-II Letter,1,,,,,,,,,,
state,28,Andhra Pradesh,status,,Pending at DFO for Issue Approval letter,1,,,,,,,,,,
state,28,Andhra Pradesh,status,,Rejected in PSC-I,1,,,,,,,,,,
state,28,Andhra Pradesh,status,,Forwarded to MS,1,,,,,,,,,,
state,28,Andhra Pradesh,status,,Pending at UA due to EDS raised by DFO,1,,,,,,,,,,
state,28,Andhra Pradesh,applications_by_year,,2022,280,,,,,,,,,,
state,28,Andhra Pradesh,applications_by_year,,2023,941,,,,,,,,,,
state,28,Andhra Pradesh,applications_by_year,,2024,746,,,,,,,,,,
state,28,Andhra Pradesh,applications_by_year,,2025,1345,,,,,,,,,,
state,28,Andhra Pradesh,applications_by_year,,2026,1060,,,,,,,,,,
state,28,Andhra Pradesh,year_granted,,2022,176,,,,,,,,,,
state,28,Andhra Pradesh,year_granted,,2023,624,,,,,,,,,,
state,28,Andhra Pradesh,year_granted,,2024,431,,,,,,,,,,
state,28,Andhra Pradesh,year_granted,,2025,940,,,,,,,,,,
state,28,Andhra Pradesh,year_granted,,2026,339,,,,,,,,,,
state,28,Andhra Pradesh,year_tor,,2022,91,,,,,,,,,,
state,28,Andhra Pradesh,year_tor,,2023,150,,,,,,,,,,
state,28,Andhra Pradesh,year_tor,,2024,153,,,,,,,,,,
state,28,Andhra Pradesh,year_tor,,2025,212,,,,,,,,,,
state,28,Andhra Pradesh,year_tor,,2026,122,,,,,,,,,,
state,28,Andhra Pradesh,year_pending,,2022,13,,,,,,,,,,
state,28,Andhra Pradesh,year_pending,,2023,144,,,,,,,,,,
state,28,Andhra Pradesh,year_pending,,2024,79,,,,,,,,,,
state,28,Andhra Pradesh,year_pending,,2025,66,,,,,,,,,,
state,28,Andhra Pradesh,year_pending,,2026,550,,,,,,,,,,
state,28,Andhra Pradesh,year_rejected,,2023,1,,,,,,,,,,
state,28,Andhra Pradesh,year_rejected,,2024,30,,,,,,,,,,
state,28,Andhra Pradesh,year_rejected,,2025,72,,,,,,,,,,
state,28,Andhra Pradesh,year_rejected,,2026,34,,,,,,,,,,
state,28,Andhra Pradesh,year_withdrawn,,2023,22,,,,,,,,,,
state,28,Andhra Pradesh,year_withdrawn,,2024,53,,,,,,,,,,
state,28,Andhra Pradesh,year_withdrawn,,2025,55,,,,,,,,,,
state,28,Andhra Pradesh,year_withdrawn,,2026,15,,,,,,,,,,
state,28,Andhra Pradesh,year_pc_A,,2022,11,,,,,,,,,,
state,28,Andhra Pradesh,year_pc_A,,2023,69,,,,,,,,,,
state,28,Andhra Pradesh,year_pc_A,,2024,59,,,,,,,,,,
state,28,Andhra Pradesh,year_pc_A,,2025,89,,,,,,,,,,
state,28,Andhra Pradesh,year_pc_A,,2026,56,,,,,,,,,,
state,28,Andhra Pradesh,year_pc_B1,,2022,149,,,,,,,,,,
state,28,Andhra Pradesh,year_pc_B1,,2023,325,,,,,,,,,,
state,28,Andhra Pradesh,year_pc_B1,,2024,287,,,,,,,,,,
state,28,Andhra Pradesh,year_pc_B1,,2025,405,,,,,,,,,,
state,28,Andhra Pradesh,year_pc_B1,,2026,374,,,,,,,,,,
state,28,Andhra Pradesh,year_pc_B2,,2022,104,,,,,,,,,,
state,28,Andhra Pradesh,year_pc_B2,,2023,425,,,,,,,,,,
state,28,Andhra Pradesh,year_pc_B2,,2024,260,,,,,,,,,,
state,28,Andhra Pradesh,year_pc_B2,,2025,662,,,,,,,,,,
state,28,Andhra Pradesh,year_pc_B2,,2026,409,,,,,,,,,,
state,28,Andhra Pradesh,year_pc_OTHER,,2022,16,,,,,,,,,,
state,28,Andhra Pradesh,year_pc_OTHER,,2023,122,,,,,,,,,,
state,28,Andhra Pradesh,year_pc_OTHER,,2024,140,,,,,,,,,,
state,28,Andhra Pradesh,year_pc_OTHER,,2025,189,,,,,,,,,,
state,28,Andhra Pradesh,year_pc_OTHER,,2026,221,,,,,,,,,,
state,28,Andhra Pradesh,cube,,2022|granted|A|ec,3,,,,,,,,,,
state,28,Andhra Pradesh,cube,,2022|granted|B1|ec,64,,,,,,,,,,
state,28,Andhra Pradesh,cube,,2022|granted|B1|other,1,,,,,,,,,,
state,28,Andhra Pradesh,cube,,2022|granted|B2|ec,103,,,,,,,,,,
state,28,Andhra Pradesh,cube,,2022|granted|B2|other,1,,,,,,,,,,
state,28,Andhra Pradesh,cube,,2022|granted|OTHER|forest,4,,,,,,,,,,
state,28,Andhra Pradesh,cube,,2022|pending|A|ec,1,,,,,,,,,,
state,28,Andhra Pradesh,cube,,2022|pending|OTHER|crz,4,,,,,,,,,,
state,28,Andhra Pradesh,cube,,2022|pending|OTHER|forest,8,,,,,,,,,,
state,28,Andhra Pradesh,cube,,2022|tor|A|ec,7,,,,,,,,,,
state,28,Andhra Pradesh,cube,,2022|tor|B1|ec,83,,,,,,,,,,
state,28,Andhra Pradesh,cube,,2022|tor|B1|other,1,,,,,,,,,,
state,28,Andhra Pradesh,cube,,2023|granted|A|ec,23,,,,,,,,,,
state,28,Andhra Pradesh,cube,,2023|granted|A|other,11,,,,,,,,,,
state,28,Andhra Pradesh,cube,,2023|granted|B1|ec,163,,,,,,,,,,
state,28,Andhra Pradesh,cube,,2023|granted|B1|other,1,,,,,,,,,,
state,28,Andhra Pradesh,cube,,2023|granted|B2|ec,389,,,,,,,,,,
state,28,Andhra Pradesh,cube,,2023|granted|B2|other,3,,,,,,,,,,
state,28,Andhra Pradesh,cube,,2023|granted|OTHER|crz,6,,,,,,,,,,
state,28,Andhra Pradesh,cube,,2023|granted|OTHER|forest,28,,,,,,,,,,
state,28,Andhra Pradesh,cube,,2023|pending|A|ec,1,,,,,,,,,,
state,28,Andhra Pradesh,cube,,2023|pending|B1|ec,27,,,,,,,,,,
state,28,Andhra Pradesh,cube,,2023|pending|B2|ec,27,,,,,,,,,,
state,28,Andhra Pradesh,cube,,2023|pending|B2|other,1,,,,,,,,,,
state,28,Andhra Pradesh,cube,,2023|pending|OTHER|crz,3,,,,,,,,,,
state,28,Andhra Pradesh,cube,,2023|pending|OTHER|forest,30,,,,,,,,,,
state,28,Andhra Pradesh,cube,,2023|pending|OTHER|other,9,,,,,,,,,,
state,28,Andhra Pradesh,cube,,2023|pending|OTHER|wildlife,46,,,,,,,,,,
state,28,Andhra Pradesh,cube,,2023|rejected|B1|ec,1,,,,,,,,,,
state,28,Andhra Pradesh,cube,,2023|tor|A|ec,22,,,,,,,,,,
state,28,Andhra Pradesh,cube,,2023|tor|B1|ec,126,,,,,,,,,,
state,28,Andhra Pradesh,cube,,2023|tor|B2|ec,2,,,,,,,,,,
state,28,Andhra Pradesh,cube,,2023|withdrawn|A|ec,6,,,,,,,,,,
state,28,Andhra Pradesh,cube,,2023|withdrawn|A|other,6,,,,,,,,,,
state,28,Andhra Pradesh,cube,,2023|withdrawn|B1|ec,3,,,,,,,,,,
state,28,Andhra Pradesh,cube,,2023|withdrawn|B1|other,4,,,,,,,,,,
state,28,Andhra Pradesh,cube,,2023|withdrawn|B2|ec,1,,,,,,,,,,
state,28,Andhra Pradesh,cube,,2023|withdrawn|B2|other,2,,,,,,,,,,
state,28,Andhra Pradesh,cube,,2024|granted|A|ec,11,,,,,,,,,,
state,28,Andhra Pradesh,cube,,2024|granted|A|other,17,,,,,,,,,,
state,28,Andhra Pradesh,cube,,2024|granted|B1|ec,100,,,,,,,,,,
state,28,Andhra Pradesh,cube,,2024|granted|B1|other,23,,,,,,,,,,
state,28,Andhra Pradesh,cube,,2024|granted|B2|ec,176,,,,,,,,,,
state,28,Andhra Pradesh,cube,,2024|granted|B2|other,49,,,,,,,,,,
state,28,Andhra Pradesh,cube,,2024|granted|OTHER|crz,8,,,,,,,,,,
state,28,Andhra Pradesh,cube,,2024|granted|OTHER|forest,8,,,,,,,,,,
state,28,Andhra Pradesh,cube,,2024|granted|OTHER|other,39,,,,,,,,,,
state,28,Andhra Pradesh,cube,,2024|pending|B1|ec,3,,,,,,,,,,
state,28,Andhra Pradesh,cube,,2024|pending|OTHER|crz,2,,,,,,,,,,
state,28,Andhra Pradesh,cube,,2024|pending|OTHER|forest,27,,,,,,,,,,
state,28,Andhra Pradesh,cube,,2024|pending|OTHER|other,38,,,,,,,,,,
state,28,Andhra Pradesh,cube,,2024|pending|OTHER|wildlife,9,,,,,,,,,,
state,28,Andhra Pradesh,cube,,2024|rejected|B1|ec,6,,,,,,,,,,
state,28,Andhra Pradesh,cube,,2024|rejected|B2|ec,13,,,,,,,,,,
state,28,Andhra Pradesh,cube,,2024|rejected|B2|other,6,,,,,,,,,,
state,28,Andhra Pradesh,cube,,2024|rejected|OTHER|other,5,,,,,,,,,,
state,28,Andhra Pradesh,cube,,2024|tor|A|ec,15,,,,,,,,,,
state,28,Andhra Pradesh,cube,,2024|tor|B1|ec,135,,,,,,,,,,
state,28,Andhra Pradesh,cube,,2024|tor|B1|other,3,,,,,,,,,,
state,28,Andhra Pradesh,cube,,2024|withdrawn|A|ec,6,,,,,,,,,,
state,28,Andhra Pradesh,cube,,2024|withdrawn|A|other,10,,,,,,,,,,
state,28,Andhra Pradesh,cube,,2024|withdrawn|B1|ec,13,,,,,,,,,,
state,28,Andhra Pradesh,cube,,2024|withdrawn|B1|other,4,,,,,,,,,,
state,28,Andhra Pradesh,cube,,2024|withdrawn|B2|ec,13,,,,,,,,,,
state,28,Andhra Pradesh,cube,,2024|withdrawn|B2|other,3,,,,,,,,,,
state,28,Andhra Pradesh,cube,,2024|withdrawn|OTHER|crz,1,,,,,,,,,,
state,28,Andhra Pradesh,cube,,2024|withdrawn|OTHER|other,3,,,,,,,,,,
state,28,Andhra Pradesh,cube,,2025|granted|A|ec,19,,,,,,,,,,
state,28,Andhra Pradesh,cube,,2025|granted|A|other,13,,,,,,,,,,
state,28,Andhra Pradesh,cube,,2025|granted|B1|ec,148,,,,,,,,,,
state,28,Andhra Pradesh,cube,,2025|granted|B1|other,49,,,,,,,,,,
state,28,Andhra Pradesh,cube,,2025|granted|B2|ec,509,,,,,,,,,,
state,28,Andhra Pradesh,cube,,2025|granted|B2|other,93,,,,,,,,,,
state,28,Andhra Pradesh,cube,,2025|granted|OTHER|crz,6,,,,,,,,,,
state,28,Andhra Pradesh,cube,,2025|granted|OTHER|forest,17,,,,,,,,,,
state,28,Andhra Pradesh,cube,,2025|granted|OTHER|other,86,,,,,,,,,,
state,28,Andhra Pradesh,cube,,2025|pending|B1|ec,2,,,,,,,,,,
state,28,Andhra Pradesh,cube,,2025|pending|B1|other,1,,,,,,,,,,
state,28,Andhra Pradesh,cube,,2025|pending|B2|ec,4,,,,,,,,,,
state,28,Andhra Pradesh,cube,,2025|pending|B2|other,2,,,,,,,,,,
state,28,Andhra Pradesh,cube,,2025|pending|OTHER|forest,25,,,,,,,,,,
state,28,Andhra Pradesh,cube,,2025|pending|OTHER|other,22,,,,,,,,,,
state,28,Andhra Pradesh,cube,,2025|pending|OTHER|wildlife,10,,,,,,,,,,
state,28,Andhra Pradesh,cube,,2025|rejected|A|other,3,,,,,,,,,,
state,28,Andhra Pradesh,cube,,2025|rejected|B1|ec,12,,,,,,,,,,
state,28,Andhra Pradesh,cube,,2025|rejected|B1|other,10,,,,,,,,,,
state,28,Andhra Pradesh,cube,,2025|rejected|B2|ec,27,,,,,,,,,,
state,28,Andhra Pradesh,cube,,2025|rejected|B2|other,9,,,,,,,,,,
state,28,Andhra Pradesh,cube,,2025|rejected|OTHER|forest,1,,,,,,,,,,
state,28,Andhra Pradesh,cube,,2025|rejected|OTHER|other,10,,,,,,,,,,
state,28,Andhra Pradesh,cube,,2025|tor|A|ec,30,,,,,,,,,,
state,28,Andhra Pradesh,cube,,2025|tor|A|other,7,,,,,,,,,,
state,28,Andhra Pradesh,cube,,2025|tor|B1|ec,168,,,,,,,,,,
state,28,Andhra Pradesh,cube,,2025|tor|B1|other,7,,,,,,,,,,
state,28,Andhra Pradesh,cube,,2025|withdrawn|A|ec,15,,,,,,,,,,
state,28,Andhra Pradesh,cube,,2025|withdrawn|A|other,2,,,,,,,,,,
state,28,Andhra Pradesh,cube,,2025|withdrawn|B1|ec,6,,,,,,,,,,
state,28,Andhra Pradesh,cube,,2025|withdrawn|B1|other,2,,,,,,,,,,
state,28,Andhra Pradesh,cube,,2025|withdrawn|B2|ec,15,,,,,,,,,,
state,28,Andhra Pradesh,cube,,2025|withdrawn|B2|other,3,,,,,,,,,,
state,28,Andhra Pradesh,cube,,2025|withdrawn|OTHER|crz,3,,,,,,,,,,
state,28,Andhra Pradesh,cube,,2025|withdrawn|OTHER|forest,1,,,,,,,,,,
state,28,Andhra Pradesh,cube,,2025|withdrawn|OTHER|other,8,,,,,,,,,,
state,28,Andhra Pradesh,cube,,2026|granted|A|ec,5,,,,,,,,,,
state,28,Andhra Pradesh,cube,,2026|granted|A|other,3,,,,,,,,,,
state,28,Andhra Pradesh,cube,,2026|granted|B1|ec,81,,,,,,,,,,
state,28,Andhra Pradesh,cube,,2026|granted|B1|other,14,,,,,,,,,,
state,28,Andhra Pradesh,cube,,2026|granted|B2|ec,156,,,,,,,,,,
state,28,Andhra Pradesh,cube,,2026|granted|B2|other,32,,,,,,,,,,
state,28,Andhra Pradesh,cube,,2026|granted|OTHER|crz,5,,,,,,,,,,
state,28,Andhra Pradesh,cube,,2026|granted|OTHER|forest,9,,,,,,,,,,
state,28,Andhra Pradesh,cube,,2026|granted|OTHER|other,34,,,,,,,,,,
state,28,Andhra Pradesh,cube,,2026|pending|A|ec,12,,,,,,,,,,
state,28,Andhra Pradesh,cube,,2026|pending|A|other,9,,,,,,,,,,
state,28,Andhra Pradesh,cube,,2026|pending|B1|ec,143,,,,,,,,,,
state,28,Andhra Pradesh,cube,,2026|pending|B1|other,22,,,,,,,,,,
state,28,Andhra Pradesh,cube,,2026|pending|B2|ec,165,,,,,,,,,,
state,28,Andhra Pradesh,cube,,2026|pending|B2|other,35,,,,,,,,,,
state,28,Andhra Pradesh,cube,,2026|pending|OTHER|crz,13,,,,,,,,,,
state,28,Andhra Pradesh,cube,,2026|pending|OTHER|forest,58,,,,,,,,,,
state,28,Andhra Pradesh,cube,,2026|pending|OTHER|other,71,,,,,,,,,,
state,28,Andhra Pradesh,cube,,2026|pending|OTHER|wildlife,22,,,,,,,,,,
state,28,Andhra Pradesh,cube,,2026|rejected|B1|ec,3,,,,,,,,,,
state,28,Andhra Pradesh,cube,,2026|rejected|B1|other,5,,,,,,,,,,
state,28,Andhra Pradesh,cube,,2026|rejected|B2|ec,8,,,,,,,,,,
state,28,Andhra Pradesh,cube,,2026|rejected|B2|other,12,,,,,,,,,,
state,28,Andhra Pradesh,cube,,2026|rejected|OTHER|other,6,,,,,,,,,,
state,28,Andhra Pradesh,cube,,2026|tor|A|ec,16,,,,,,,,,,
state,28,Andhra Pradesh,cube,,2026|tor|A|other,2,,,,,,,,,,
state,28,Andhra Pradesh,cube,,2026|tor|B1|ec,103,,,,,,,,,,
state,28,Andhra Pradesh,cube,,2026|tor|B1|other,1,,,,,,,,,,
state,28,Andhra Pradesh,cube,,2026|withdrawn|A|ec,7,,,,,,,,,,
state,28,Andhra Pradesh,cube,,2026|withdrawn|A|other,2,,,,,,,,,,
state,28,Andhra Pradesh,cube,,2026|withdrawn|B1|ec,1,,,,,,,,,,
state,28,Andhra Pradesh,cube,,2026|withdrawn|B1|other,1,,,,,,,,,,
state,28,Andhra Pradesh,cube,,2026|withdrawn|B2|ec,1,,,,,,,,,,
state,28,Andhra Pradesh,cube,,2026|withdrawn|OTHER|crz,1,,,,,,,,,,
state,28,Andhra Pradesh,cube,,2026|withdrawn|OTHER|other,2,,,,,,,,,,
state,28,Andhra Pradesh,run,,run_status,ok,,,,,,,,,,
state,28,Andhra Pradesh,run,,run_date,2026-10-10T05:52:28Z,,,,,,,,,,
state,28,Andhra Pradesh,run,,run_url,https://github.com/publicmap/parivesh-dashboard/actions/runs/38027443840,,,,,,,,,,
state,28,Andhra Pradesh,top_recent_ec,1,,,IA/AP/CRZ/572657/2026,"CRZ Clearance of the Extension of the Existing Treated Effluent Disposal Pipeline of Divis Laboratories Limited at Ontimamidi Village, Thondangi Mandal, Kakinada District, Andhra Pradesh.",DIVIS LABORATORIES LIMITED,Kakinada,CRZ Granted,2026-03-17T07:12:42.914+00:00,2026-09-30T12:02:55.185+00:00,120.0,0.0,https://parivesh.nic.in/newupgrade/#/report/ec?proposalId=1221930046
state,28,Andhra Pradesh,top_recent_ec,2,,,IA/AP/CRZ/580100/2026,"Development of Beach Resort at sy.no. 497/2C1A, 497/3C1A, 497/2C1, 497/3C1B, 497/3C1C of Adivi village, Bapatla district, Andhra Pradesh",SREE VYSHNAVI GROUP,Bapatla,CRZ Granted,2026-05-25T09:25:03.878+00:00,2026-09-07T08:09:39.042+00:00,6000.0,3.13,https://parivesh.nic.in/newupgrade/#/report/ec?proposalId=1229052199
state,28,Andhra Pradesh,top_recent_ec,3,,,IA/AP/CRZ/577505/2026,"Landing of India Asia Xpress (IAX) Submarine Cable and Construction of Beach Manhole (BMH)  at Machilipatnam, Krishna District, Andhra Pradesh.",RELIANCE JIO INFOCOMM LIMITED,Krishna,CRZ Granted,2026-04-30T09:12:22.598+00:00,2026-09-07T06:10:13.680+00:00,0.0,0.0008,https://parivesh.nic.in/newupgrade/#/report/ec?proposalId=1226032612
state,28,Andhra Pradesh,top_recent_ec,4,,,IA/AP/IND1/582902/2026,"Change in Company name in the Environmental Clearance (EC) for Ferro Alloy Plant (Unit – I); (2X5MVA SAF, Fe-SI – 7,100 MTPA, Si-Mn – 15,900 MTPA, Fe-Mn – 20600 MTPA) at Plot No. 1, APIIC Gollapuram Industrial Park (Phase – III) Village – Gollapuram, Hindupur, District – Anantapur in Andhra Pradesh from Shree Radhey Kripa Concast (India) Pvt. Ltd. to Mayine Ferro LLP.",MAYINE FERRO LLP.,Sri Sathya sai,Granted,2026-06-22T08:01:02.742+00:00,2026-08-30T06:10:29.240+00:00,1330.0,3.24,https://parivesh.nic.in/newupgrade/#/report/ec?proposalId=1232921251
state,28,Andhra Pradesh,top_recent_ec,5,,,FP/AP/PWR_TRANS/572347/2026,"Proposal for diversion of 5.55 ha of forest land for laying of 33kV Double Circuit transmission line in Chagollu RF, Mocherla RF, Mocherla-Chalamcherla RF, in Kavali Range of SPSR Nellore division in favour of M/s. Indosol Solar Private Limited",MANOJ KUMAR REDDY POTHIREDDY,Sri Potti Sriramulu Nell*,Final Diversion Order Issued,2026-03-13T15:54:07.180+00:00,2026-08-21T13:01:13.076+00:00,1874.0,11.7,https://parivesh.nic.in/newupgrade/#/report/ec?proposalId=1221687337
state,28,Andhra Pradesh,top_recent_ec,6,,,SIA/AP/MIN/581894/2026,Sri K. Arun Kumar,KARUTURI VINAY CHOWDARY,Kakinada,EC Granted,2026-06-11T10:02:12.096+00:00,2026-08-10T12:47:26.738+00:00,35.0,1.5,https://parivesh.nic.in/newupgrade/#/report/ec?proposalId=1231788290
state,28,Andhra Pradesh,top_recent_ec,7,,,IA/AP/IND1/582679/2026,"Extension of validity of existing Environmental Clearance granted for Greenfield Cement Plant (Clinker - 2.50 МТРА; Cement 2.50 ΜΤΡΑ) along with Waste Heat Recovery Power Plant (5.0 MW) project located at Village Gamalapadu, Dachepalli Mandal, District Guntur, Andhra Pradesh by M/s. Radhanga Industries Private Limited",RADHANGA INDUSTRIES PRIVATE LIMITED,Palnadu,EC Granted,2026-06-19T10:08:11.530+00:00,2026-08-07T13:01:06.341+00:00,142000.0,121.408,https://parivesh.nic.in/newupgrade/#/report/ec?proposalId=1232698899
state,28,Andhra Pradesh,top_recent_ec,8,,,SIA/AP/IND3/582441/2026,"Submission of Environmental Clearance (EC) Transfer application from Lakshmi Saras Chemtech Pvt. Ltd., Unit-II to SRT Molecules located at R.S. Nos.: 4/1, 4/4, 5/2F & 19/3B, Gauravaram Village, Jaggaiahpeta Mandal, NTR District (Old Krishna District), Andhra Pradesh State",SRT MOLECULES,NTR,EC Granted,2026-06-17T09:12:35.071+00:00,2026-08-07T06:02:38.355+00:00,2350.0,2.1893,https://parivesh.nic.in/newupgrade/#/report/ec?proposalId=1232446582
state,28,Andhra Pradesh,top_recent_ec,9,,,IA/AP/MIN/573240/2026,"Expansion of Kotapadu Limestone Mine (ML Area: 663.46 ha.) of M/s.The Ramco Cements Limited (TRCL) for enhancement of ROM Limestone production capacity from 4.4 MTPA to 6.16 MTPA with total material handling at 6.742 MTPA (6.16 MTPA of ROM Limestone + 0.582 MTPA of Topsoil), constituting an expansion of up to 40% in two phases, in accordance with the MoEFCC Office Memorandums dated 11.04.2022 and 30.05.2022 under Para 7(ii)(a) of the EIA Notification, 2006.",THE RAMCO CEMENTS LIMITED,Nandyal,EC Granted,2026-03-22T17:34:47.501+00:00,2026-08-01T12:50:55.859+00:00,1400.0,663.46,https://parivesh.nic.in/newupgrade/#/report/ec?proposalId=1222346662
state,28,Andhra Pradesh,top_recent_ec,10,,,SIA/AP/MIN/579813/2026,"M/S. Unique Enterprises, Mg.P:Sri.Gummadi Naganjaneyulu(4.634 Ha)",NAGANJANEYULU GUMMADI,Krishna,EC Granted,2026-05-22T04:19:34.449+00:00,2026-07-30T11:21:08.553+00:00,49.9,4.634,https://parivesh.nic.in/newupgrade/#/report/ec?proposalId=1228647509
state,28,Andhra Pradesh,top_cost,1,,,SIA/AP/MIN/592938/2026,"M/s. CSS Mines & Minerals, Dolomite,Steatite,Talc,Soapstone & White Shale Mine,1.521 Hectares (Patta Land), Survey Nos.: 699(0.587 Ha),698/A(0.502 Ha),and 698/B2 (0.432 Ha), Kristipadu Village, Peddavadugur Mandal,Anantapuramu District, Andhra Pradesh.",CSS Mines And Minerals,Anantpur,Under Examination,2026-09-22T09:55:47.625+00:00,,5000000.0,1.521,https://parivesh.nic.in/newupgrade/#/report/ec?proposalId=1243055704
state,28,Andhra Pradesh,top_cost,2,,,SIA/AP/MIN/587113/2026,M/s Nethra Granites,sadhubugga umamaheswari,Kurnool,Referred to SAEIA,2026-07-29T08:37:40.898+00:00,,4500000.0,2.0,https://parivesh.nic.in/newupgrade/#/report/ec?proposalId=1236795452
state,28,Andhra Pradesh,top_cost,3,,,FP/AP/SRY/584381/2026,Gandikota-2 Pumped Storage Project,ADANI HYDRO ENERGY ELEVEN LIMITED,Y.S.R.,Approval Granted,2026-07-06T08:01:49.676+00:00,,1229723.0,234.0,https://parivesh.nic.in/newupgrade/#/report/ec?proposalId=1234368941
state,28,Andhra Pradesh,top_cost,4,,,FP/AP/HYD/IRRIG/594048/2026,Chintalapudi Lift Irrigation Scheme,"Superintendent Engineer, Pulichintala Project Circle,Vissannapeta",East Godavari,Pending at DFO for Scrutiny and Recommendation,2026-10-01T17:31:15.138+00:00,,807517.0,3745.86,https://parivesh.nic.in/newupgrade/#/report/ec?proposalId=1243872771
state,28,Andhra Pradesh,top_cost,5,,,IA/AP/IND2/594303/2026,"Expansion of Offshore and Onshore Oil and Gas Exploration, Development & Production in existing Ravva Field, PKGM-1 Block (of 331.26 km2) located near Surasaniyanam Village (S. Yanam) in Krishna-Godavari Basin, East Godavari District, Andhra Pradesh",VEDANTA OIL AND GAS LIMITED,Konaseema,Under Examination,2026-10-05T09:09:26.568+00:00,,792400.0,33126.0,https://parivesh.nic.in/newupgrade/#/report/ec?proposalId=1244099092
state,28,Andhra Pradesh,top_cost,6,,,SIA/AP/INFRA2/591997/2026,Proposed Scientific Landfill Facility (SLF) for disposal of fly ash and bottom ash remaining after beneficial utilization in an area of 8.19 ha by M/s. Jindal Urban Waste Management (Kakinada) Ltd - Scientific Landfill Facility (SLF),Jindal Urban Waste Management (Kakinada) Limited,Kakinada,Under Examination,2026-09-12T06:32:19.408+00:00,,700000.0,8.19,https://parivesh.nic.in/newupgrade/#/report/ec?proposalId=1240802320
state,28,Andhra Pradesh,top_cost,7,,,SIA/AP/MIN/592676/2026,Smt. Jyothirmai Simhadri  Morrum/Gravel and Ordinary Earth Quarry over an  Extent of 4.959 Hectares,S JYOTHIRMAI,Chittoor,Under Verification,2026-09-19T09:05:10.975+00:00,,500000.0,4.959,https://parivesh.nic.in/newupgrade/#/report/ec?proposalId=1241363644
state,28,Andhra Pradesh,top_cost,8,,,IA/AP/IND1/585382/2026,"Expansion–Sponge Iron-288750 TPA to1625250 TPA, IF with CCM-Hot Billets/MS Billets/Ingots-297000 to1782000 TPA,WHRB Power–22 to 157 MW,AFBC Power-16 to 66 MW, Rolling Mill -330000 to 2046000 TPA,New Gasifier (RM)-14,000 Nm3/hr, New SEAF–2 x 9 MVA (FeSi–14000TPA/FeMn–40000TPA/SiMn–28000TPA/FeCr–30000TPA/Pig Iron–48000 TPA),New Briquetting plant-200 Kg/Hr, Pellet Plant-600000 TPA, Gasifier(Pellet Plant)-21000 Nm3/hr, New Coal Washery DIR Grade–2160000 TPA, FlyAsh Bricks-33000 to 184300 Bricks/day",SUGNA SPONGE AND POWER PVT LTD,Anantpur,Standard ToR Granted,2026-07-14T09:18:02.644+00:00,2026-08-19T06:13:54.069+00:00,351600.0,30.368,https://parivesh.nic.in/newupgrade/#/report/ec?proposalId=1235221194
state,28,Andhra Pradesh,top_cost,9,,,SIA/AP/INFRA2/587930/2026,Legislative Assembly Building of Andhra Pradesh by Andhra Pradesh Capital Region Development Authority,ANDHRA PRADESH CAPITAL REGION DEVELOPMENT AUTHORITY (APCRDA),Guntur,Referred to SAEIA,2026-08-05T07:24:50.379+00:00,,304850.0,42.9,https://parivesh.nic.in/newupgrade/#/report/ec?proposalId=1237527214
state,28,Andhra Pradesh,top_cost,10,,,SIA/AP/INFRA2/593224/2026,Andhra Pradesh Capital Region Development Authority - Legislative Assembly Building project,ANDHRA PRADESH CAPITAL REGION DEVELOPMENT AUTHORITY (APCRDA),Guntur,Under Verification,2026-09-24T09:42:46.806+00:00,,304850.0,12.85,https://parivesh.nic.in/newupgrade/#/report/ec?proposalId=1243262240
state,28,Andhra Pradesh,top_land,1,,,FP/AP/SRY/540142/2025,2D Seismic Data Acquisition in Sector-02 (Cuddapah) under Mission Anveshan Project,OIL AND NATURAL GAS CORPORATION LIMITED,Anantpur,Pending at DFO for Issue Approval letter,2025-06-03T05:31:06.792+00:00,,8660.0,367490.0,https://parivesh.nic.in/newupgrade/#/report/ec?proposalId=129029727
state,28,Andhra Pradesh,top_land,2,,,FP/AP/SRY/540823/2025,2D Seismic Data Acquisition in Sector-02 (Cuddapah) under Mission Anveshan Project,OIL AND NATURAL GAS CORPORATION LIMITED,Nandyal,Pending at DFO due to EDS by Nodal Officer,2025-06-09T15:59:36.027+00:00,,8660.0,367490.0,https://parivesh.nic.in/newupgrade/#/report/ec?proposalId=129593776
state,28,Andhra Pradesh,top_land,3,,,FP/AP/SRY/539707/2025,"2D seismic data acquisition in Sector-3B (Krishna Godavari), under Mission Anveshan Project",OIL AND NATURAL GAS CORPORATION LIMITED,Tirupati,Approval Granted,2025-05-30T06:50:27.648+00:00,,8164.0,226078.0,https://parivesh.nic.in/newupgrade/#/report/ec?proposalId=128584632
state,28,Andhra Pradesh,top_land,4,,,FP/AP/SRY/540200/2025,"2D seismic data acquisition in Sector-3B (Krishna Godavari), under Mission Anveshan Project",OIL AND NATURAL GAS CORPORATION LIMITED,Sri Potti Sriramulu Nell*,Approval Granted,2025-06-04T07:35:44.376+00:00,,8164.0,226078.0,https://parivesh.nic.in/newupgrade/#/report/ec?proposalId=129161525
state,28,Andhra Pradesh,top_land,5,,,SIA/AP/IND2/560670/2026,"ADDITIONAL EXPLORATORY DRILLING OF45 WELLS IN WEST GODAVARI, MALLESWARAM AND NANDIGAMA PML BLOCKS FALLING IN KRISHNA, ELURU AND WEST GODAVARI DISTRICTS OF ANDHRA PRADESH",OIL AND NATURAL GAS CORPORATION LIMITED,Krishna,EC Granted,2025-12-05T05:43:26.231+00:00,2026-04-18T07:30:08.636+00:00,2.025,142500.0,https://parivesh.nic.in/newupgrade/#/report/ec?proposalId=835868978
state,28,Andhra Pradesh,top_land,6,,,FP/AP/SRY/580720/2026,"2D seismic data acquisition in Sector-3A (Krishna Godavari), under Mission Anveshan Project",OIL AND NATURAL GAS CORPORATION LIMITED,Eluru,Pending at DFO for Scrutiny and Recommendation,2026-05-31T18:16:29.686+00:00,,8164.0,77835.52,https://parivesh.nic.in/newupgrade/#/report/ec?proposalId=1230328067
state,28,Andhra Pradesh,top_land,7,,,FP/AP/SRY/580759/2026,"2D seismic data acquisition in Sector-3A (Krishna Godavari), under Mission Anveshan Project",OIL AND NATURAL GAS CORPORATION LIMITED,Eluru,Pending at DFO for Scrutiny and Recommendation,2026-06-01T07:47:45.304+00:00,,8164.0,77835.52,https://parivesh.nic.in/newupgrade/#/report/ec?proposalId=1230429556
state,28,Andhra Pradesh,top_land,8,,,FP/AP/SRY/580809/2026,"2D seismic data acquisition in Sector-3A (Krishna Godavari), under Mission Anveshan Project",OIL AND NATURAL GAS CORPORATION LIMITED,Anakapalli,Pending at DFO for Scrutiny and Recommendation,2026-06-01T11:41:08.011+00:00,,8164.0,77835.52,https://parivesh.nic.in/newupgrade/#/report/ec?proposalId=1230512228
state,28,Andhra Pradesh,top_land,9,,,FP/AP/SRY/580826/2026,"2D seismic data acquisition in Sector-3A (Krishna Godavari), under Mission Anveshan Project",OIL AND NATURAL GAS CORPORATION LIMITED,Eluru,Pending at DFO for Scrutiny and Recommendation,2026-06-01T12:42:26.576+00:00,,8164.0,77835.52,https://parivesh.nic.in/newupgrade/#/report/ec?proposalId=1230537051
state,28,Andhra Pradesh,top_land,10,,,SIA/AP/INFRA2/507378/2024,Construction of Proposed Expansion of Hospital Building  By M/s. Saumya Medical Care & Media Ltd. (Manipal Hospitals),SAUMYA MEDICAL CARE AND MEDIA LIMITED,Guntur,EC Granted,2024-11-22T10:25:34.482+00:00,2025-01-30T06:51:30.772+00:00,5000.0,47194.16,https://parivesh.nic.in/newupgrade/#/report/ec?proposalId=112170160
state,29,Karnataka,stat,,projects,8641,,,,,,,,,,
state,29,Karnataka,stat,,active_projects,6437,,,,,,,,,,
state,29,Karnataka,stat,,applications,6437,,,,,,,,,,
state,29,Karnataka,stat,,ec_granted,3574,,,,,,,,,,
state,29,Karnataka,stat,,ec_tor,660,,,,,,,,,,
state,29,Karnataka,stat,,ec_pending,1938,,,,,,,,,,
state,29,Karnataka,stat,,ec_rejected,55,,,,,,,,,,
state,29,Karnataka,stat,,ec_withdrawn,210,,,,,,,,,,
state,29,Karnataka,stat,,pc_A,371,,,,,,,,,,
state,29,Karnataka,stat,,pc_B1,1178,,,,,,,,,,
state,29,Karnataka,stat,,pc_B2,3032,,,,,,,,,,
state,29,Karnataka,stat,,pc_OTHER,1856,,,,,,,,,,
state,29,Karnataka,stat,,ty_ec,3962,,,,,,,,,,
state,29,Karnataka,stat,,ty_forest,940,,,,,,,,,,
state,29,Karnataka,stat,,ty_wildlife,421,,,,,,,,,,
state,29,Karnataka,stat,,ty_crz,252,,,,,,,,,,
state,29,Karnataka,stat,,ty_other,862,,,,,,,,,,
state,29,Karnataka,stat,,delisted_or_removed,2204,,,,,,,,,,
state,29,Karnataka,stat,,total_cost_lakhs,63958095.41,,,,,,,,,,
state,29,Karnataka,stat,,cost_outliers_excluded,11,,,,,,,,,,
state,29,Karnataka,stat,,total_land_ha,3417072.1964,,,,,,,,,,
state,29,Karnataka,stat,,latest_application,2026-10-09T06:38:19.147+00:00,,,,,,,,,,
state,29,Karnataka,stat,,latest_grant,2026-09-30T12:25:10.041+00:00,,,,,,,,,,
state,29,Karnataka,stat,,changes_added,3,,,,,,,,,,
state,29,Karnataka,stat,,changes_removed,0,,,,,,,,,,
state,29,Karnataka,stat,,changes_updated,628,,,,,,,,,,
state,29,Karnataka,stat,,changes_status,0,,,,,,,,,,
state,29,Karnataka,stat,,compared_with,2026-10-09T20:19:01Z,,,,,,,,,,
state,29,Karnataka,stat,,changes_added_active,3,,,,,,,,,,
state,29,Karnataka,stat,,changes_removed_active,0,,,,,,,,,,
state,29,Karnataka,stat,,changes_updated_active,469,,,,,,,,,,
state,29,Karnataka,stat,,changes_status_active,0,,,,,,,,,,
state,29,Karnataka,stat,,window_added_active,118,,,,,,,,,,
state,29,Karnataka,stat,,window_updated_active,56,,,,,,,,,,
state,29,Karnataka,stat,,window_added,118,,,,,,,,,,
state,29,Karnataka,stat,,window_updated,108,,,,,,,,,,
state,29,Karnataka,stat,,window_since,2026-09-30T08:25:36Z,,,,,,,,,,
state,29,Karnataka,status,,EC Granted,3067,,,,,,,,,,
state,29,Karnataka,status,,DELISTED_BY_SYSTEM,2184,,,,,,,,,,
state,29,Karnataka,status,,(none),473,,,,,,,,,,
state,29,Karnataka,status,,Final Diversion Order Issued,307,,,,,,,,,,
state,29,Karnataka,status,,Under Verification,292,,,,,,,,,,
state,29,Karnataka,status,,ToR Granted,271,,,,,,,,,,
state,29,Karnataka,status,,Standard ToR Granted,232,,,,,,,,,,
state,29,Karnataka,status,,CRZ Granted,165,,,,,,,,,,
state,29,Karnataka,status,,EDS raised,149,,,,,,,,,,
state,29,Karnataka,status,,TOR GRANTED,122,,,,,,,,,,
state,29,Karnataka,status,,Pending at MS SEIAA,105,,,,,,,,,,
state,29,Karnataka,status,,Pending at DFO for Scrutiny and Recommendation,86,,,,,,,,,,
state,29,Karnataka,status,,Under Examination,78,,,,,,,,,,
state,29,Karnataka,status,,Proposal returned in present form,71,,,,,,,,,,
state,29,Karnataka,status,,Withdrawal Request Accepted,68,,,,,,,,,,
state,29,Karnataka,status,,Pending on UA for Compensatory Levies Payment,60,,,,,,,,,,
state,29,Karnataka,status,,Proposal pulled back (withdrawn),58,,,,,,,,,,
state,29,Karnataka,status,,Pending at PP due to EDS by DFO,51,,,,,,,,,,
state,29,Karnataka,status,,Referred to SEIAA,51,,,,,,,,,,
state,29,Karnataka,status,,Pending at DFO due to EDS by Nodal Officer,50,,,,,,,,,,
state,29,Karnataka,status,,Pending at UA due to EDS by DFO,48,,,,,,,,,,
state,29,Karnataka,status,,Pending at Nodal Officer for Recommendation,47,,,,,,,,,,
state,29,Karnataka,status,,Pending at MS for Proposal Withdraw,38,,,,,,,,,,
state,29,Karnataka,status,,ADS Raised,38,,,,,,,,,,
state,29,Karnataka,status,,Referred to SEAC,36,,,,,,,,,,
state,29,Karnataka,status,,TOR Granted,35,,,,,,,,,,
state,29,Karnataka,status,,Accepted and Referred to SCZMA,35,,,,,,,,,,
state,29,Karnataka,status,,Pending at UA due to EDS by MS after PSC-I,29,,,,,,,,,,
state,29,Karnataka,status,,REJECTED,28,,,,,,,,,,
state,29,Karnataka,status,,Pending at MS for Acceptance in PSC-I,25,,,,,,,,,,
state,29,Karnataka,status,,EDS Raised,24,,,,,,,,,,
state,29,Karnataka,status,,Granted,22,,,,,,,,,,
state,29,Karnataka,status,,Pending at UA for DFO EDS Reply,21,,,,,,,,,,
state,29,Karnataka,status,,REMOVED,20,,,,,,,,,,
state,29,Karnataka,status,,Pending at State Secretary for Recommendation,20,,,,,,,,,,
state,29,Karnataka,status,,Pending at Nodal Officer due to EDS by State Secretary,14,,,,,,,,,,
state,29,Karnataka,status,,Rejected in PSC-I,11,,,,,,,,,,
state,29,Karnataka,status,,ToR Rejected,11,,,,,,,,,,
state,29,Karnataka,status,,Approval Granted,10,,,,,,,,,,
state,29,Karnataka,status,,Pending at UA for Compliance Report,9,,,,,,,,,,
state,29,Karnataka,status,,Proposal Withdrawal Request Accepted,9,,,,,,,,,,
state,29,Karnataka,status,,Pending at UA due to EDS by MS after PSC-II,9,,,,,,,,,,
state,29,Karnataka,status,,Pending at DFO for Compensatory Levies,9,,,,,,,,,,
state,29,Karnataka,status,,Pending at Technical Officer - IRO,9,,,,,,,,,,
state,29,Karnataka,status,,Under Examination with SCZMA,9,,,,,,,,,,
state,29,Karnataka,status,,"Pending at Technical Officer - MoEFCC, HQ",8,,,,,,,,,,
state,29,Karnataka,status,,Pending at DFO/CF after acceptance in PSC-I,8,,,,,,,,,,
state,29,Karnataka,status,,Pending at PP due to EDS by Nodal Officer,8,,,,,,,,,,
state,29,Karnataka,status,,Pending at Nodal Officer for Compliance Review,7,,,,,,,,,,
state,29,Karnataka,status,,Pending at State Secretary for Compliance Review,7,,,,,,,,,,
state,29,Karnataka,status,,Raised/Forwarded EDS to UA,7,,,,,,,,,,
state,29,Karnataka,status,,Pending at DFO For Compliance Review,6,,,,,,,,,,
state,29,Karnataka,status,,Pending at State Secretary due to EDS by RO,6,,,,,,,,,,
state,29,Karnataka,status,,Pending at DFO/CF/Nodal Officer after acceptance in PSC-I,5,,,,,,,,,,
state,29,Karnataka,status,,Proposal Accepted and Referred to EAC,5,,,,,,,,,,
state,29,Karnataka,status,,Pending at DFO due to EDS by MS After PSC-II,4,,,,,,,,,,
state,29,Karnataka,status,,Forwarded to DD,4,,,,,,,,,,
state,29,Karnataka,status,,Pending at Technical Officer - RO,3,,,,,,,,,,
state,29,Karnataka,status,,Pending at UA for Compensatory Levies Payment and Compliance Report,3,,,,,,,,,,
state,29,Karnataka,status,,Pending at Technical Officer RO for Stage-II Letter,3,,,,,,,,,,
state,29,Karnataka,status,,Pending at MS for Proposal Withdraw Request,3,,,,,,,,,,
state,29,Karnataka,status,,"Pending at TO – MoEFCC, HQ for Final Approval",3,,,,,,,,,,
state,29,Karnataka,status,,Pending at State Secretary for Recommendation and In-Principle Approval (Stage-I),3,,,,,,,,,,
state,29,Karnataka,status,,EC Rejected,3,,,,,,,,,,
state,29,Karnataka,status,,Proposal Accepted and Referred to SEAC,3,,,,,,,,,,
state,29,Karnataka,status,,Pending at Nodal for Compensatory Levies Review,2,,,,,,,,,,
state,29,Karnataka,status,,Pending at MS for Recommendation in PSC-II,2,,,,,,,,,,
state,29,Karnataka,status,,Application Rejected,2,,,,,,,,,,
state,29,Karnataka,status,,Pending on UA for Levies Payment,2,,,,,,,,,,
state,29,Karnataka,status,,Report Violation,2,,,,,,,,,,
state,29,Karnataka,status,,Ec Form 9 Approved,2,,,,,,,,,,
state,29,Karnataka,status,,Return to UA,2,,,,,,,,,,
state,29,Karnataka,status,,Pending at AIGF RO for Stage-II Letter,2,,,,,,,,,,
state,29,Karnataka,status,,EDS Under Examination,2,,,,,,,,,,
state,29,Karnataka,status,,Pending at State Secretary for Recommendation after PSC-II,1,,,,,,,,,,
state,29,Karnataka,status,,Pending at FAC,1,,,,,,,,,,
state,29,Karnataka,status,,Under Examinitaion,1,,,,,,,,,,
state,29,Karnataka,status,,"Pending at State Secretary due to EDS by MoEFCC, HQ",1,,,,,,,,,,
state,29,Karnataka,status,,Withdrawn,1,,,,,,,,,,
state,29,Karnataka,status,,Pending at State Government for Diversion Letter,1,,,,,,,,,,
state,29,Karnataka,status,,"Pending at Director General of Forest - MoEFCC, HQ",1,,,,,,,,,,
state,29,Karnataka,status,,Recommend to SEIAA/SEAC,1,,,,,,,,,,
state,29,Karnataka,status,,Proposal Withdraw Request Accepted,1,,,,,,,,,,
state,29,Karnataka,status,,Stage-II Accorded,1,,,,,,,,,,
state,29,Karnataka,status,,Pending at UA for Nodal EDS Reply,1,,,,,,,,,,
state,29,Karnataka,status,,Pending at AIGF - RO,1,,,,,,,,,,
state,29,Karnataka,status,,Pending at UA for Compensatory Levies Payment,1,,,,,,,,,,
state,29,Karnataka,status,,Pending at DFO for Issue Approval letter,1,,,,,,,,,,
state,29,Karnataka,status,,Forwarded to SO,1,,,,,,,,,,
state,29,Karnataka,status,,Pending at State Secretary for Recommendation and Approval Letter,1,,,,,,,,,,
state,29,Karnataka,status,,Forwarded to JS,1,,,,,,,,,,
state,29,Karnataka,status,,Referred to EAC,1,,,,,,,,,,
state,29,Karnataka,applications_by_year,,2022,337,,,,,,,,,,
state,29,Karnataka,applications_by_year,,2023,1546,,,,,,,,,,
state,29,Karnataka,applications_by_year,,2024,1651,,,,,,,,,,
state,29,Karnataka,applications_by_year,,2025,1584,,,,,,,,,,
state,29,Karnataka,applications_by_year,,2026,1319,,,,,,,,,,
state,29,Karnataka,year_granted,,2022,245,,,,,,,,,,
state,29,Karnataka,year_granted,,2023,991,,,,,,,,,,
state,29,Karnataka,year_granted,,2024,1022,,,,,,,,,,
state,29,Karnataka,year_granted,,2025,1004,,,,,,,,,,
state,29,Karnataka,year_granted,,2026,312,,,,,,,,,,
state,29,Karnataka,year_tor,,2022,53,,,,,,,,,,
state,29,Karnataka,year_tor,,2023,160,,,,,,,,,,
state,29,Karnataka,year_tor,,2024,167,,,,,,,,,,
state,29,Karnataka,year_tor,,2025,154,,,,,,,,,,
state,29,Karnataka,year_tor,,2026,126,,,,,,,,,,
state,29,Karnataka,year_pending,,2022,35,,,,,,,,,,
state,29,Karnataka,year_pending,,2023,344,,,,,,,,,,
state,29,Karnataka,year_pending,,2024,350,,,,,,,,,,
state,29,Karnataka,year_pending,,2025,360,,,,,,,,,,
state,29,Karnataka,year_pending,,2026,849,,,,,,,,,,
state,29,Karnataka,year_rejected,,2022,4,,,,,,,,,,
state,29,Karnataka,year_rejected,,2023,14,,,,,,,,,,
state,29,Karnataka,year_rejected,,2024,21,,,,,,,,,,
state,29,Karnataka,year_rejected,,2025,15,,,,,,,,,,
state,29,Karnataka,year_rejected,,2026,1,,,,,,,,,,
state,29,Karnataka,year_withdrawn,,2023,37,,,,,,,,,,
state,29,Karnataka,year_withdrawn,,2024,91,,,,,,,,,,
state,29,Karnataka,year_withdrawn,,2025,51,,,,,,,,,,
state,29,Karnataka,year_withdrawn,,2026,31,,,,,,,,,,
state,29,Karnataka,year_pc_A,,2022,28,,,,,,,,,,
state,29,Karnataka,year_pc_A,,2023,114,,,,,,,,,,
state,29,Karnataka,year_pc_A,,2024,100,,,,,,,,,,
state,29,Karnataka,year_pc_A,,2025,68,,,,,,,,,,
state,29,Karnataka,year_pc_A,,2026,61,,,,,,,,,,
state,29,Karnataka,year_pc_B1,,2022,50,,,,,,,,,,
state,29,Karnataka,year_pc_B1,,2023,262,,,,,,,,,,
state,29,Karnataka,year_pc_B1,,2024,284,,,,,,,,,,
state,29,Karnataka,year_pc_B1,,2025,287,,,,,,,,,,
state,29,Karnataka,year_pc_B1,,2026,295,,,,,,,,,,
state,29,Karnataka,year_pc_B2,,2022,219,,,,,,,,,,
state,29,Karnataka,year_pc_B2,,2023,647,,,,,,,,,,
state,29,Karnataka,year_pc_B2,,2024,782,,,,,,,,,,
state,29,Karnataka,year_pc_B2,,2025,735,,,,,,,,,,
state,29,Karnataka,year_pc_B2,,2026,649,,,,,,,,,,
state,29,Karnataka,year_pc_OTHER,,2022,40,,,,,,,,,,
state,29,Karnataka,year_pc_OTHER,,2023,523,,,,,,,,,,
state,29,Karnataka,year_pc_OTHER,,2024,485,,,,,,,,,,
state,29,Karnataka,year_pc_OTHER,,2025,494,,,,,,,,,,
state,29,Karnataka,year_pc_OTHER,,2026,314,,,,,,,,,,
state,29,Karnataka,cube,,2022|granted|A|ec,8,,,,,,,,,,
state,29,Karnataka,cube,,2022|granted|B1|ec,15,,,,,,,,,,
state,29,Karnataka,cube,,2022|granted|B2|ec,215,,,,,,,,,,
state,29,Karnataka,cube,,2022|granted|B2|other,1,,,,,,,,,,
state,29,Karnataka,cube,,2022|granted|OTHER|forest,6,,,,,,,,,,
state,29,Karnataka,cube,,2022|pending|B1|ec,2,,,,,,,,,,
state,29,Karnataka,cube,,2022|pending|B2|ec,3,,,,,,,,,,
state,29,Karnataka,cube,,2022|pending|OTHER|crz,2,,,,,,,,,,
state,29,Karnataka,cube,,2022|pending|OTHER|forest,19,,,,,,,,,,
state,29,Karnataka,cube,,2022|pending|OTHER|wildlife,9,,,,,,,,,,
state,29,Karnataka,cube,,2022|rejected|OTHER|forest,4,,,,,,,,,,
state,29,Karnataka,cube,,2022|tor|A|ec,17,,,,,,,,,,
state,29,Karnataka,cube,,2022|tor|A|other,3,,,,,,,,,,
state,29,Karnataka,cube,,2022|tor|B1|ec,33,,,,,,,,,,
state,29,Karnataka,cube,,2023|granted|A|ec,28,,,,,,,,,,
state,29,Karnataka,cube,,2023|granted|A|other,8,,,,,,,,,,
state,29,Karnataka,cube,,2023|granted|B1|ec,119,,,,,,,,,,
state,29,Karnataka,cube,,2023|granted|B1|other,6,,,,,,,,,,
state,29,Karnataka,cube,,2023|granted|B2|ec,563,,,,,,,,,,
state,29,Karnataka,cube,,2023|granted|B2|other,5,,,,,,,,,,
state,29,Karnataka,cube,,2023|granted|OTHER|crz,18,,,,,,,,,,
state,29,Karnataka,cube,,2023|granted|OTHER|forest,240,,,,,,,,,,
state,29,Karnataka,cube,,2023|granted|OTHER|other,4,,,,,,,,,,
state,29,Karnataka,cube,,2023|pending|A|ec,5,,,,,,,,,,
state,29,Karnataka,cube,,2023|pending|A|other,3,,,,,,,,,,
state,29,Karnataka,cube,,2023|pending|B1|ec,15,,,,,,,,,,
state,29,Karnataka,cube,,2023|pending|B2|ec,71,,,,,,,,,,
state,29,Karnataka,cube,,2023|pending|B2|other,3,,,,,,,,,,
state,29,Karnataka,cube,,2023|pending|OTHER|forest,101,,,,,,,,,,
state,29,Karnataka,cube,,2023|pending|OTHER|other,6,,,,,,,,,,
state,29,Karnataka,cube,,2023|pending|OTHER|wildlife,140,,,,,,,,,,
state,29,Karnataka,cube,,2023|rejected|B1|ec,1,,,,,,,,,,
state,29,Karnataka,cube,,2023|rejected|OTHER|forest,13,,,,,,,,,,
state,29,Karnataka,cube,,2023|tor|A|ec,41,,,,,,,,,,
state,29,Karnataka,cube,,2023|tor|A|other,2,,,,,,,,,,
state,29,Karnataka,cube,,2023|tor|B1|ec,112,,,,,,,,,,
state,29,Karnataka,cube,,2023|tor|B1|other,5,,,,,,,,,,
state,29,Karnataka,cube,,2023|withdrawn|A|ec,17,,,,,,,,,,
state,29,Karnataka,cube,,2023|withdrawn|A|other,10,,,,,,,,,,
state,29,Karnataka,cube,,2023|withdrawn|B1|ec,2,,,,,,,,,,
state,29,Karnataka,cube,,2023|withdrawn|B1|other,2,,,,,,,,,,
state,29,Karnataka,cube,,2023|withdrawn|B2|ec,5,,,,,,,,,,
state,29,Karnataka,cube,,2023|withdrawn|OTHER|other,1,,,,,,,,,,
state,29,Karnataka,cube,,2024|granted|A|ec,26,,,,,,,,,,
state,29,Karnataka,cube,,2024|granted|A|other,15,,,,,,,,,,
state,29,Karnataka,cube,,2024|granted|B1|ec,80,,,,,,,,,,
state,29,Karnataka,cube,,2024|granted|B1|other,24,,,,,,,,,,
state,29,Karnataka,cube,,2024|granted|B2|ec,602,,,,,,,,,,
state,29,Karnataka,cube,,2024|granted|B2|other,97,,,,,,,,,,
state,29,Karnataka,cube,,2024|granted|OTHER|crz,91,,,,,,,,,,
state,29,Karnataka,cube,,2024|granted|OTHER|forest,43,,,,,,,,,,
state,29,Karnataka,cube,,2024|granted|OTHER|other,44,,,,,,,,,,
state,29,Karnataka,cube,,2024|pending|A|ec,4,,,,,,,,,,
state,29,Karnataka,cube,,2024|pending|A|other,1,,,,,,,,,,
state,29,Karnataka,cube,,2024|pending|B1|ec,3,,,,,,,,,,
state,29,Karnataka,cube,,2024|pending|B1|other,6,,,,,,,,,,
state,29,Karnataka,cube,,2024|pending|B2|ec,39,,,,,,,,,,
state,29,Karnataka,cube,,2024|pending|B2|other,4,,,,,,,,,,
state,29,Karnataka,cube,,2024|pending|OTHER|crz,8,,,,,,,,,,
state,29,Karnataka,cube,,2024|pending|OTHER|forest,173,,,,,,,,,,
state,29,Karnataka,cube,,2024|pending|OTHER|other,8,,,,,,,,,,
state,29,Karnataka,cube,,2024|pending|OTHER|wildlife,104,,,,,,,,,,
state,29,Karnataka,cube,,2024|rejected|B1|ec,10,,,,,,,,,,
state,29,Karnataka,cube,,2024|rejected|B2|ec,1,,,,,,,,,,
state,29,Karnataka,cube,,2024|rejected|OTHER|forest,10,,,,,,,,,,
state,29,Karnataka,cube,,2024|tor|A|ec,29,,,,,,,,,,
state,29,Karnataka,cube,,2024|tor|A|other,3,,,,,,,,,,
state,29,Karnataka,cube,,2024|tor|B1|ec,129,,,,,,,,,,
state,29,Karnataka,cube,,2024|tor|B1|other,6,,,,,,,,,,
state,29,Karnataka,cube,,2024|withdrawn|A|ec,14,,,,,,,,,,
state,29,Karnataka,cube,,2024|withdrawn|A|other,8,,,,,,,,,,
state,29,Karnataka,cube,,2024|withdrawn|B1|ec,12,,,,,,,,,,
state,29,Karnataka,cube,,2024|withdrawn|B1|other,14,,,,,,,,,,
state,29,Karnataka,cube,,2024|withdrawn|B2|ec,29,,,,,,,,,,
state,29,Karnataka,cube,,2024|withdrawn|B2|other,10,,,,,,,,,,
state,29,Karnataka,cube,,2024|withdrawn|OTHER|other,4,,,,,,,,,,
state,29,Karnataka,cube,,2025|granted|A|ec,11,,,,,,,,,,
state,29,Karnataka,cube,,2025|granted|A|other,10,,,,,,,,,,
state,29,Karnataka,cube,,2025|granted|B1|ec,113,,,,,,,,,,
state,29,Karnataka,cube,,2025|granted|B1|other,24,,,,,,,,,,
state,29,Karnataka,cube,,2025|granted|B2|ec,542,,,,,,,,,,
state,29,Karnataka,cube,,2025|granted|B2|other,142,,,,,,,,,,
state,29,Karnataka,cube,,2025|granted|OTHER|crz,48,,,,,,,,,,
state,29,Karnataka,cube,,2025|granted|OTHER|forest,25,,,,,,,,,,
state,29,Karnataka,cube,,2025|granted|OTHER|other,89,,,,,,,,,,
state,29,Karnataka,cube,,2025|pending|A|ec,3,,,,,,,,,,
state,29,Karnataka,cube,,2025|pending|A|other,1,,,,,,,,,,
state,29,Karnataka,cube,,2025|pending|B1|ec,7,,,,,,,,,,
state,29,Karnataka,cube,,2025|pending|B1|other,3,,,,,,,,,,
state,29,Karnataka,cube,,2025|pending|B2|ec,23,,,,,,,,,,
state,29,Karnataka,cube,,2025|pending|B2|other,12,,,,,,,,,,
state,29,Karnataka,cube,,2025|pending|OTHER|crz,28,,,,,,,,,,
state,29,Karnataka,cube,,2025|pending|OTHER|forest,139,,,,,,,,,,
state,29,Karnataka,cube,,2025|pending|OTHER|other,28,,,,,,,,,,
state,29,Karnataka,cube,,2025|pending|OTHER|wildlife,116,,,,,,,,,,
state,29,Karnataka,cube,,2025|rejected|B2|ec,2,,,,,,,,,,
state,29,Karnataka,cube,,2025|rejected|OTHER|forest,13,,,,,,,,,,
state,29,Karnataka,cube,,2025|tor|A|ec,21,,,,,,,,,,
state,29,Karnataka,cube,,2025|tor|A|other,1,,,,,,,,,,
state,29,Karnataka,cube,,2025|tor|B1|ec,125,,,,,,,,,,
state,29,Karnataka,cube,,2025|tor|B1|other,7,,,,,,,,,,
state,29,Karnataka,cube,,2025|withdrawn|A|ec,16,,,,,,,,,,
state,29,Karnataka,cube,,2025|withdrawn|A|other,5,,,,,,,,,,
state,29,Karnataka,cube,,2025|withdrawn|B1|ec,7,,,,,,,,,,
state,29,Karnataka,cube,,2025|withdrawn|B1|other,1,,,,,,,,,,
state,29,Karnataka,cube,,2025|withdrawn|B2|ec,12,,,,,,,,,,
state,29,Karnataka,cube,,2025|withdrawn|B2|other,2,,,,,,,,,,
state,29,Karnataka,cube,,2025|withdrawn|OTHER|crz,4,,,,,,,,,,
state,29,Karnataka,cube,,2025|withdrawn|OTHER|forest,1,,,,,,,,,,
state,29,Karnataka,cube,,2025|withdrawn|OTHER|other,3,,,,,,,,,,
state,29,Karnataka,cube,,2026|granted|A|ec,7,,,,,,,,,,
state,29,Karnataka,cube,,2026|granted|A|other,8,,,,,,,,,,
state,29,Karnataka,cube,,2026|granted|B1|ec,25,,,,,,,,,,
state,29,Karnataka,cube,,2026|granted|B1|other,6,,,,,,,,,,
state,29,Karnataka,cube,,2026|granted|B2|ec,200,,,,,,,,,,
state,29,Karnataka,cube,,2026|granted|B2|other,40,,,,,,,,,,
state,29,Karnataka,cube,,2026|granted|OTHER|crz,8,,,,,,,,,,
state,29,Karnataka,cube,,2026|granted|OTHER|forest,4,,,,,,,,,,
state,29,Karnataka,cube,,2026|granted|OTHER|other,14,,,,,,,,,,
state,29,Karnataka,cube,,2026|pending|A|ec,14,,,,,,,,,,
state,29,Karnataka,cube,,2026|pending|A|other,4,,,,,,,,,,
state,29,Karnataka,cube,,2026|pending|B1|ec,132,,,,,,,,,,
state,29,Karnataka,cube,,2026|pending|B1|other,21,,,,,,,,,,
state,29,Karnataka,cube,,2026|pending|B2|ec,308,,,,,,,,,,
state,29,Karnataka,cube,,2026|pending|B2|other,84,,,,,,,,,,
state,29,Karnataka,cube,,2026|pending|OTHER|crz,44,,,,,,,,,,
state,29,Karnataka,cube,,2026|pending|OTHER|forest,148,,,,,,,,,,
state,29,Karnataka,cube,,2026|pending|OTHER|other,42,,,,,,,,,,
state,29,Karnataka,cube,,2026|pending|OTHER|wildlife,52,,,,,,,,,,
state,29,Karnataka,cube,,2026|rejected|OTHER|forest,1,,,,,,,,,,
state,29,Karnataka,cube,,2026|tor|A|ec,21,,,,,,,,,,
state,29,Karnataka,cube,,2026|tor|B1|ec,101,,,,,,,,,,
state,29,Karnataka,cube,,2026|tor|B1|other,4,,,,,,,,,,
state,29,Karnataka,cube,,2026|withdrawn|A|ec,4,,,,,,,,,,
state,29,Karnataka,cube,,2026|withdrawn|A|other,3,,,,,,,,,,
state,29,Karnataka,cube,,2026|withdrawn|B1|ec,5,,,,,,,,,,
state,29,Karnataka,cube,,2026|withdrawn|B1|other,1,,,,,,,,,,
state,29,Karnataka,cube,,2026|withdrawn|B2|ec,13,,,,,,,,,,
state,29,Karnataka,cube,,2026|withdrawn|B2|other,4,,,,,,,,,,
state,29,Karnataka,cube,,2026|withdrawn|OTHER|crz,1,,,,,,,,,,
state,29,Karnataka,run,,run_status,ok,,,,,,,,,,
state,29,Karnataka,run,,run_date,2026-10-10T05:52:28Z,,,,,,,,,,
state,29,Karnataka,run,,run_url,https://github.com/publicmap/parivesh-dashboard/actions/runs/38027443840,,,,,,,,,,
state,29,Karnataka,top_recent_ec,1,,,IA/KA/CRZ/579207/2026,"Construction of Barrage/ SWED across Swarna river at Uppuru and Parari to recharge of ground water and implementation of LIS to provide irrigation facility for 1000 Ha of land by feeding tanks in Udupi Taluk, Udupi District.",EXECUTIVE ENGINEER KNNL VARAHI PROJECT,Udupi,CRZ Granted,2026-05-16T05:42:37.951+00:00,2026-09-30T12:25:10.041+00:00,13100.0,0.0,https://parivesh.nic.in/newupgrade/#/report/ec?proposalId=1227897358
state,29,Karnataka,top_recent_ec,2,,,IA/KA/INFRA1/586549/2026,"Development of 6 lane Greenfield alignment from Akkalkot – KN/TS border section in the state of Maharashtra under Bharathmala Pariyojana, (Lot-5/Package-2) – Length 200.900 Km.",National Highways Authority of India,Yadgir,EC Granted,2026-07-24T08:59:13.281+00:00,2026-09-30T04:24:30.434+00:00,5511.58,1598.0,https://parivesh.nic.in/newupgrade/#/report/ec?proposalId=1236272205
state,29,Karnataka,top_recent_ec,3,,,IA/KA/CRZ/548807/2025,"Creation of berthing and landside facilities at Jeppina Mogeru NH Bridge, Karnataka",KARNATAKA MARITIME BOARD,Dakshina Kannada,CRZ Granted,2025-08-21T05:06:20.968+00:00,2026-09-29T08:06:08.480+00:00,490.0,0.0311,https://parivesh.nic.in/newupgrade/#/report/ec?proposalId=134427425
state,29,Karnataka,top_recent_ec,4,,,IA/KA/CRZ/548750/2025,"Creation of berthing and landside facilities at Bandaru Ferry, Karnataka",KARNATAKA MARITIME BOARD,Dakshina Kannada,CRZ Granted,2025-08-20T11:00:47.446+00:00,2026-09-29T08:03:55.029+00:00,178.0,0.0154,https://parivesh.nic.in/newupgrade/#/report/ec?proposalId=134390887
state,29,Karnataka,top_recent_ec,5,,,IA/KA/CRZ/548799/2025,"Creation of berthing and landside facilities at Jeppina Mogeru Old Ferry, Karnataka",KARNATAKA MARITIME BOARD,Dakshina Kannada,CRZ Granted,2025-08-21T04:31:19.385+00:00,2026-09-29T08:01:26.195+00:00,523.0,0.0227,https://parivesh.nic.in/newupgrade/#/report/ec?proposalId=134424972
state,29,Karnataka,top_recent_ec,6,,,IA/KA/CRZ/548741/2025,"Creation of berthing and landside facilities at Old Port, Karnataka",KARNATAKA MARITIME BOARD,Dakshina Kannada,CRZ Granted,2025-08-20T10:39:00.090+00:00,2026-09-29T07:59:01.143+00:00,523.0,0.0227,https://parivesh.nic.in/newupgrade/#/report/ec?proposalId=134388233
state,29,Karnataka,top_recent_ec,7,,,IA/KA/CRZ/548764/2025,"Creation of berthing and landside facilities at Bangra Kulur, Karnataka",KARNATAKA MARITIME BOARD,Dakshina Kannada,CRZ Granted,2025-08-20T11:47:20.626+00:00,2026-09-29T07:56:43.441+00:00,313.0,0.0227,https://parivesh.nic.in/newupgrade/#/report/ec?proposalId=134396304
state,29,Karnataka,top_recent_ec,8,,,SIA/KA/INFRA1/576550/2026,"DOBASPET INDUSTRIAL AREA 7TH PHASE (MACHANAHALLI INDUSTRIAL AREA), Over an extent of 520.75 Acres.",KARNATAKA INDUSTRIAL AREAS DEVELOPMENT BOARD,Bengaluru Rural,EC Granted,2026-04-21T18:04:30.877+00:00,2026-09-23T05:42:02.245+00:00,79805.0,210.74,https://parivesh.nic.in/newupgrade/#/report/ec?proposalId=1225092738
state,29,Karnataka,top_recent_ec,9,,,FP/KA/Canal/434346/2023,"The  Proposal for construction of MS Raising Main Pipe line  of  KYK Main feeding to Kanakagiri, Koppal, and Tavargera Branch & Bleeder line to Shakhapur tank under Koppal Lift Irrigation Scheme  Package-II work  in forest  land  diversion  area  requirement  in Sy.No:57/1 of Shakhapur village of Kushtagi Taluk of Koppal Dist",KRISHNA BHAGYA JALA NIGAM LIMITED,Koppal,Final Diversion Order Issued,2023-06-22T12:09:15.038+00:00,2026-09-21T07:28:46.200+00:00,71332.34,77.396,https://parivesh.nic.in/newupgrade/#/report/ec?proposalId=6293886
state,29,Karnataka,top_recent_ec,10,,,FP/KA/ROAD/434465/2023,Widening to two lane with paved shoulders from deisgn Km 410.600 (existing Km 413.740) to design Km 441.900 (existing Km 447.610) (Hiriyur-Huliyar section) of NH-150A in the State of Karnataka on EPC mode. (Job No NH-150A-KNT-2021-22-936),"REGIONAL OFFICE, MINISTRY OF ROAD TRANSPORT & HIGHWAYS (MORT&H), GOVT OF INDIA, KARNATAKA",Chitradurga,Final Diversion Order Issued,2023-06-23T12:49:55.916+00:00,2026-09-18T09:47:40.016+00:00,13988.0,8.0926,https://parivesh.nic.in/newupgrade/#/report/ec?proposalId=6318872
state,29,Karnataka,top_cost,1,,,FP/KA/ROAD/590702/2026,"Diversion of forest land for the Upgradation and Development of road from main connectivity road to Ambewadi village in Khanapur taluk, Belagavi district",KARNATAKA RURAL INFRASTRUCTURE DEVELOPMENT LIMITED,Belagavi,Pending at UA for DFO EDS Reply,2026-08-31T09:32:02.033+00:00,,2500000.0,0.4533,https://parivesh.nic.in/newupgrade/#/report/ec?proposalId=1239753392
state,29,Karnataka,top_cost,2,,,FP/KA/RAIL/583948/2026,Proposed construction of the New Broad Gauge Double Line between Hubballi – Ankola with electrification.,DEPUTY CHIEF ENGINEER,Dharwad,Pending at UA due to EDS by MS after PSC-I,2026-07-01T14:59:13.261+00:00,,1643597.72333,1012.47,https://parivesh.nic.in/newupgrade/#/report/ec?proposalId=1233919779
state,29,Karnataka,top_cost,3,,,FP/KA/MIN/QRY/593114/2026,"Diversion of 4.9714 ha of forest land in Sy No.79 of Devakara Village, Karwar Taluk, Uttara Kannada District, Karwara Forest Division for proposed Building Stone Quarry  and approach Road in favour of M/s Nuclear Power Corporation of India Limited, Kaiga Atomic Power Project, Kaiga, Uttara Kannada District",NUCLEAR POWER CORPORATIONOF INDIA LTD,Uttara Kannada,Pending at DFO for Scrutiny and Recommendation,2026-09-23T12:04:47.960+00:00,,1278693.58588,4.9893,https://parivesh.nic.in/newupgrade/#/report/ec?proposalId=1243176694
state,29,Karnataka,top_cost,4,,,SIA/KA/INFRA2/545936/2025,Proposed Construction of Educational Institute - Kishkinda University,ERANNA UPPARA,Ballari,EC Granted,2025-07-25T07:06:28.536+00:00,2025-11-05T13:57:11.808+00:00,606131.0,20.0319,https://parivesh.nic.in/newupgrade/#/report/ec?proposalId=132764705
state,29,Karnataka,top_cost,5,,,SIA/KA/INFRA2/586401/2026,Proposed Mixed Used Development by M/s. Sobha Limited,SOBHA LIMITED,Bangalore,Standard ToR Granted,2026-07-23T09:00:58.738+00:00,2026-08-20T13:22:22.524+00:00,342900.0,20.4162,https://parivesh.nic.in/newupgrade/#/report/ec?proposalId=1236158708
state,29,Karnataka,top_cost,6,,,SIA/KA/INFRA2/590496/2026,Proposed Mixed Used Development by M/s. Sobha Limited,SOBHA LIMITED,Bangalore,EDS raised,2026-08-28T06:53:09.540+00:00,,342900.0,20.4162,https://parivesh.nic.in/newupgrade/#/report/ec?proposalId=1239575285
state,29,Karnataka,top_cost,7,,,SIA/KA/INFRA2/583055/2026,RESIDENTIAL APARTMENT  WITH AMENITIES BLOCK,EMERALD HAVEN DEVELOPMENT LIMITED,Bangalore,Proposal pulled back (withdrawn),2026-06-23T10:05:57.594+00:00,,321000.0,3.2681,https://parivesh.nic.in/newupgrade/#/report/ec?proposalId=1233065592
state,29,Karnataka,top_cost,8,,,SIA/KA/INFRA1/589959/2026,"Environmental Clearance for Proposed Jangamakote Industrial Area phase 1 located at Yannanguru, Hosapete, Devaganahalli, Gollahalli, Chokkandahalli, Yaddalatippenahalli, Nadapanayakanahalli, Sidlaghatta Taluk, Chikkaballapura District, Karnataka State",KARNATAKA INDUSTRIAL AREAS DEVELOPMENT BOARD,Chikkaballapura,EDS raised,2026-08-23T02:57:09.722+00:00,,272463.88,449.22,https://parivesh.nic.in/newupgrade/#/report/ec?proposalId=1239125927
state,29,Karnataka,top_cost,9,,,IA/KA/RIV/590824/2026,"Proposed Narihalla Pumped Storage Project (300 MW) at Village(s): Taranagar & Shankarapura, Taluka: Sandur, District: Bellary, Karnataka by M/s. JSW PSP Three Limited.",JSW ENERGY PSP THREE LIMITED,Ballari,Forwarded to DD,2026-09-01T09:24:39.529+00:00,2026-09-23T09:20:58.940+00:00,221500.0,111.1,https://parivesh.nic.in/newupgrade/#/report/ec?proposalId=1239866698
state,29,Karnataka,top_cost,10,,,WL/KA/IND/590201/2026,"Proposed Anode Material Manufacturing Plant (20,000 TPA) at Village: Pogurupalle, Tehsil: Gudupalle, District: Chittoor, Andhra Pradesh by M/s. NPSPL Advanced Materials Private Limited",NPSPL ADVANCED MATERIALS PRIVATE LIMITED,Chittoor,,2026-08-25T11:11:44.511+00:00,,208100.0,38.45,https://parivesh.nic.in/newupgrade/#/report/ec?proposalId=1239341295
state,29,Karnataka,top_land,1,,,SIA/KA/INFRA2/558932/2025,"Proposed integrated tech park Embassy Tech Village (ETV) consisting of IT/ITES park, commercial, 5 star hotel (750 keys) / convention, E-commerce and retail by M/s. Vikas Telecom Pvt. Ltd.",VIKAS TELECOM PRIVATE LIMITED,Bangalore,ToR Granted,2025-11-20T10:08:24.162+00:00,2026-02-03T06:56:46.570+00:00,3.641,425360.67,https://parivesh.nic.in/newupgrade/#/report/ec?proposalId=492862178
state,29,Karnataka,top_land,2,,,SIA/KA/INFRA2/515191/2024,Proposed Residential Development project by M/s. Godrej Properties Limited,GODREJ PROPERTIES LIMITED,Bangalore,EC Granted,2024-12-18T13:20:26.137+00:00,2025-03-07T08:09:32.141+00:00,24400.0,317334.6,https://parivesh.nic.in/newupgrade/#/report/ec?proposalId=115132359
state,29,Karnataka,top_land,3,,,SIA/KA/INFRA2/420184/2023,Residential development by Provident Housing Limited,PROVIDENT HOUSING LIMITED,Bangalore,TOR GRANTED,2023-02-27T11:45:52.689+00:00,,52000.0,244731.8,https://parivesh.nic.in/newupgrade/#/report/ec?proposalId=3364356
state,29,Karnataka,top_land,4,,,SIA/KA/INFRA2/442620/2023,Residential development by Provident Housing Limited,PROVIDENT HOUSING LIMITED,Bangalore,EC Granted,2023-09-01T05:11:10.152+00:00,2025-02-18T10:11:41.488+00:00,52000.0,244731.8,https://parivesh.nic.in/newupgrade/#/report/ec?proposalId=8895501
state,29,Karnataka,top_land,5,,,SIA/KA/INFRA2/509110/2024,"Modification and Horizontal Expansion of ""After The Rain"" Residential Villas with Clubhouse",M/S. TOTAL ENVIRONMENT BUILDING SYSTEMS PRIVATE LIMITED,Bangalore,EC Granted,2024-11-28T11:00:03.991+00:00,2026-08-07T16:20:00.981+00:00,35400.0,182217.3,https://parivesh.nic.in/newupgrade/#/report/ec?proposalId=112809757
state,29,Karnataka,top_land,6,,,WL/KA/SRY/446819/2023,Geochemical mapping in toposheet no. 58E/01&05 in parts of Chamrajanagar districts of Karnataka and Erode  district of Tamil Nadu,GEOLOGICAL SURVEY OF INDIA STATE UNIT KARNATAKA AND GOA,Erode,,2023-10-03T16:38:46.751+00:00,,5.0,150600.0,https://parivesh.nic.in/newupgrade/#/report/ec?proposalId=14333336
state,29,Karnataka,top_land,7,,,SIA/KA/INFRA2/417151/2023,"Expansion & Modification of Residential Apartment Project Namey ""Godrej Ananda""",M/S. UNIVERSAL METRO PROPERTIES LLP,Bangalore,TOR GRANTED,2023-02-05T12:08:09.516+00:00,,40000.0,82265.0,https://parivesh.nic.in/newupgrade/#/report/ec?proposalId=2898548
state,29,Karnataka,top_land,8,,,IA/KA/INFRA2/455095/2023,"Expansion & Modification of Residential Apartment Project Namey ""Godrej Ananda""",M/S. UNIVERSAL METRO PROPERTIES LLP,Bangalore,EC Granted,2023-12-11T11:02:06.658+00:00,2025-02-10T09:41:04.712+00:00,40000.0,82265.0,https://parivesh.nic.in/newupgrade/#/report/ec?proposalId=30975583
state,29,Karnataka,top_land,9,,,WL/KA/SRY/447133/2023,"Geochemical mapping in toposheet no. 48J/1, 48J/2 & 48J/5 in parts of South Goa and Uttar Kannada districts of Karnataka.",GEOLOGICAL SURVEY OF INDIA STATE UNIT KARNATAKA AND GOA,South Goa,,2023-10-05T15:05:25.470+00:00,,2.5,78400.0,https://parivesh.nic.in/newupgrade/#/report/ec?proposalId=14815771
state,29,Karnataka,top_land,10,,,SIA/KA/INFRA2/450844/2023,Development of Residential Apartment at Kudlu Village by Puravankara Limited,PURAVANKARA PROJECTS LIMITED,Bangalore,TOR GRANTED,2023-10-31T13:41:30.791+00:00,,54200.0,78258.64,https://parivesh.nic.in/newupgrade/#/report/ec?proposalId=21063293
state,29,Karnataka,recent_change,1,added,,FP/KA/MIN/QRY/594936/2026,"Q.L.BLOCK NOTIFIED OF SRI.G.SHANKARAPPA FOR BUILDING STONE QUARRY AREA IN PART OF SY NO. 59 OF SULIVARA VILLAGE, THAVARAKERE HOBLI, BANGALORE SOUTH TALUK, BENGALURU URBAN DISTRICT. AREA NOTIFIED EXTENT- QUARRY AREA - 1.4954 HA, APPROACH ROAD - 0.1099 HA = 1.6053 HA",GANGANNA SHANKARAPPA,Bangalore,Pending at DFO for Scrutiny and Recommendation,2026-10-09T06:38:19.147+00:00,,1.25,1.6952,https://parivesh.nic.in/newupgrade/#/report/ec?proposalId=1244754028
state,29,Karnataka,recent_change,2,added,,SIA/KA/MIN/594916/2026,ML. No. 2516 Haddinapade Iron Ore Mine Kumaraswamy Range Sandur Taluk Ballari District,BKG MINING PRIVATE LIMITED,Ballari,Under Verification,2026-10-09T04:19:23.098+00:00,,680.0,79.806,https://parivesh.nic.in/newupgrade/#/report/ec?proposalId=1244737295
state,29,Karnataka,recent_change,3,added,,SIA/KA/MIN/594914/2026,"Ornamental Stone (Black Granite) Quarry ""M/s. Kum Internationals, Partner: Sri. A. Srigiri""",KUM INTERNATIONALS,Chamarajanagara,Under Verification,2026-10-09T03:45:33.860+00:00,,40.0,1.758,https://parivesh.nic.in/newupgrade/#/report/ec?proposalId=1244735468
state,30,Goa,stat,,projects,394,,,,,,,,,,
state,30,Goa,stat,,active_projects,315,,,,,,,,,,
state,30,Goa,stat,,applications,315,,,,,,,,,,
state,30,Goa,stat,,ec_granted,155,,,,,,,,,,
state,30,Goa,stat,,ec_tor,26,,,,,,,,,,
state,30,Goa,stat,,ec_pending,118,,,,,,,,,,
state,30,Goa,stat,,ec_rejected,4,,,,,,,,,,
state,30,Goa,stat,,ec_withdrawn,12,,,,,,,,,,
state,30,Goa,stat,,pc_A,16,,,,,,,,,,
state,30,Goa,stat,,pc_B1,43,,,,,,,,,,
state,30,Goa,stat,,pc_B2,123,,,,,,,,,,
state,30,Goa,stat,,pc_OTHER,133,,,,,,,,,,
state,30,Goa,stat,,ty_ec,165,,,,,,,,,,
state,30,Goa,stat,,ty_forest,53,,,,,,,,,,
state,30,Goa,stat,,ty_wildlife,40,,,,,,,,,,
state,30,Goa,stat,,ty_crz,24,,,,,,,,,,
state,30,Goa,stat,,ty_other,33,,,,,,,,,,
state,30,Goa,stat,,delisted_or_removed,79,,,,,,,,,,
state,30,Goa,stat,,total_cost_lakhs,2423746.23,,,,,,,,,,
state,30,Goa,stat,,cost_outliers_excluded,0,,,,,,,,,,
state,30,Goa,stat,,total_land_ha,20743.8471,,,,,,,,,,
state,30,Goa,stat,,latest_application,2026-10-08T11:57:57.346+00:00,,,,,,,,,,
state,30,Goa,stat,,latest_grant,2026-09-04T06:05:42.096+00:00,,,,,,,,,,
state,30,Goa,stat,,changes_added,0,,,,,,,,,,
state,30,Goa,stat,,changes_removed,0,,,,,,,,,,
state,30,Goa,stat,,changes_updated,60,,,,,,,,,,
state,30,Goa,stat,,changes_status,0,,,,,,,,,,
state,30,Goa,stat,,compared_with,2026-10-09T20:04:02Z,,,,,,,,,,
state,30,Goa,stat,,changes_added_active,0,,,,,,,,,,
state,30,Goa,stat,,changes_removed_active,0,,,,,,,,,,
state,30,Goa,stat,,changes_updated_active,51,,,,,,,,,,
state,30,Goa,stat,,changes_status_active,0,,,,,,,,,,
state,30,Goa,stat,,window_added_active,4,,,,,,,,,,
state,30,Goa,stat,,window_updated_active,135,,,,,,,,,,
state,30,Goa,stat,,window_added,4,,,,,,,,,,
state,30,Goa,stat,,window_updated,190,,,,,,,,,,
state,30,Goa,stat,,window_since,2026-08-18T01:35:03+05:30,,,,,,,,,,
state,30,Goa,status,,EC Granted,120,,,,,,,,,,
state,30,Goa,status,,DELISTED_BY_SYSTEM,76,,,,,,,,,,
state,30,Goa,status,,(none),44,,,,,,,,,,
state,30,Goa,status,,Final Diversion Order Issued,25,,,,,,,,,,
state,30,Goa,status,,ToR Granted,15,,,,,,,,,,
state,30,Goa,status,,EDS raised,13,,,,,,,,,,
state,30,Goa,status,,CRZ Granted,10,,,,,,,,,,
state,30,Goa,status,,TOR Granted,9,,,,,,,,,,
state,30,Goa,status,,Under Verification,9,,,,,,,,,,
state,30,Goa,status,,Proposal returned in present form,8,,,,,,,,,,
state,30,Goa,status,,ADS Raised,6,,,,,,,,,,
state,30,Goa,status,,Under Examination with SCZMA,5,,,,,,,,,,
state,30,Goa,status,,Pending at State Government for Diversion Letter,5,,,,,,,,,,
state,30,Goa,status,,Pending at DFO for Scrutiny and Recommendation,5,,,,,,,,,,
state,30,Goa,status,,EC Rejected,4,,,,,,,,,,
state,30,Goa,status,,Pending at Nodal Officer for Recommendation,4,,,,,,,,,,
state,30,Goa,status,,Pending on UA for Compensatory Levies Payment,3,,,,,,,,,,
state,30,Goa,status,,REMOVED,3,,,,,,,,,,
state,30,Goa,status,,Referred to SEIAA,3,,,,,,,,,,
state,30,Goa,status,,Pending at UA due to EDS by MS after PSC-I,2,,,,,,,,,,
state,30,Goa,status,,Pending at PP due to EDS by Nodal Officer,2,,,,,,,,,,
state,30,Goa,status,,Proposal pulled back (withdrawn),2,,,,,,,,,,
state,30,Goa,status,,Proposal Accepted and Referred to EAC,2,,,,,,,,,,
state,30,Goa,status,,Pending at UA for DFO EDS Reply,2,,,,,,,,,,
state,30,Goa,status,,TOR GRANTED,1,,,,,,,,,,
state,30,Goa,status,,Pending at PP due to EDS by DFO,1,,,,,,,,,,
state,30,Goa,status,,Forwarded to MS,1,,,,,,,,,,
state,30,Goa,status,,Referred to SCZMA,1,,,,,,,,,,
state,30,Goa,status,,Withdrawal Request Accepted,1,,,,,,,,,,
state,30,Goa,status,,Pending at UA for Compliance Report,1,,,,,,,,,,
state,30,Goa,status,,Proposal Withdrawal Request Accepted,1,,,,,,,,,,
state,30,Goa,status,,ADS Raised to SCZMA,1,,,,,,,,,,
state,30,Goa,status,,Pending at Nodal Officer due to EDS by State Secretary,1,,,,,,,,,,
state,30,Goa,status,,Standard ToR Granted,1,,,,,,,,,,
state,30,Goa,status,,Recommend to SEIAA/SEAC,1,,,,,,,,,,
state,30,Goa,status,,Pending at MS for Acceptance in PSC-I,1,,,,,,,,,,
state,30,Goa,status,,Pending at State Secretary for Recommendation,1,,,,,,,,,,
state,30,Goa,status,,Forwarded to DD,1,,,,,,,,,,
state,30,Goa,status,,Proposal Accepted and Referred to SEAC,1,,,,,,,,,,
state,30,Goa,status,,Referred to SEAC,1,,,,,,,,,,
state,30,Goa,status,,Under Examination,1,,,,,,,,,,
state,30,Goa,applications_by_year,,2022,9,,,,,,,,,,
state,30,Goa,applications_by_year,,2023,90,,,,,,,,,,
state,30,Goa,applications_by_year,,2024,83,,,,,,,,,,
state,30,Goa,applications_by_year,,2025,76,,,,,,,,,,
state,30,Goa,applications_by_year,,2026,57,,,,,,,,,,
state,30,Goa,year_granted,,2022,5,,,,,,,,,,
state,30,Goa,year_granted,,2023,48,,,,,,,,,,
state,30,Goa,year_granted,,2024,55,,,,,,,,,,
state,30,Goa,year_granted,,2025,38,,,,,,,,,,
state,30,Goa,year_granted,,2026,9,,,,,,,,,,
state,30,Goa,year_tor,,2022,1,,,,,,,,,,
state,30,Goa,year_tor,,2023,15,,,,,,,,,,
state,30,Goa,year_tor,,2024,3,,,,,,,,,,
state,30,Goa,year_tor,,2025,4,,,,,,,,,,
state,30,Goa,year_tor,,2026,3,,,,,,,,,,
state,30,Goa,year_pending,,2022,3,,,,,,,,,,
state,30,Goa,year_pending,,2023,25,,,,,,,,,,
state,30,Goa,year_pending,,2024,19,,,,,,,,,,
state,30,Goa,year_pending,,2025,28,,,,,,,,,,
state,30,Goa,year_pending,,2026,43,,,,,,,,,,
state,30,Goa,year_rejected,,2024,2,,,,,,,,,,
state,30,Goa,year_rejected,,2025,2,,,,,,,,,,
state,30,Goa,year_withdrawn,,2023,2,,,,,,,,,,
state,30,Goa,year_withdrawn,,2024,4,,,,,,,,,,
state,30,Goa,year_withdrawn,,2025,4,,,,,,,,,,
state,30,Goa,year_withdrawn,,2026,2,,,,,,,,,,
state,30,Goa,year_pc_A,,2023,8,,,,,,,,,,
state,30,Goa,year_pc_A,,2024,2,,,,,,,,,,
state,30,Goa,year_pc_A,,2025,3,,,,,,,,,,
state,30,Goa,year_pc_A,,2026,3,,,,,,,,,,
state,30,Goa,year_pc_B1,,2022,2,,,,,,,,,,
state,30,Goa,year_pc_B1,,2023,20,,,,,,,,,,
state,30,Goa,year_pc_B1,,2024,11,,,,,,,,,,
state,30,Goa,year_pc_B1,,2025,6,,,,,,,,,,
state,30,Goa,year_pc_B1,,2026,4,,,,,,,,,,
state,30,Goa,year_pc_B2,,2022,3,,,,,,,,,,
state,30,Goa,year_pc_B2,,2023,29,,,,,,,,,,
state,30,Goa,year_pc_B2,,2024,33,,,,,,,,,,
state,30,Goa,year_pc_B2,,2025,31,,,,,,,,,,
state,30,Goa,year_pc_B2,,2026,27,,,,,,,,,,
state,30,Goa,year_pc_OTHER,,2022,4,,,,,,,,,,
state,30,Goa,year_pc_OTHER,,2023,33,,,,,,,,,,
state,30,Goa,year_pc_OTHER,,2024,37,,,,,,,,,,
state,30,Goa,year_pc_OTHER,,2025,36,,,,,,,,,,
state,30,Goa,year_pc_OTHER,,2026,23,,,,,,,,,,
state,30,Goa,cube,,2022|granted|B1|ec,1,,,,,,,,,,
state,30,Goa,cube,,2022|granted|B2|ec,3,,,,,,,,,,
state,30,Goa,cube,,2022|granted|OTHER|forest,1,,,,,,,,,,
state,30,Goa,cube,,2022|pending|OTHER|forest,2,,,,,,,,,,
state,30,Goa,cube,,2022|pending|OTHER|wildlife,1,,,,,,,,,,
state,30,Goa,cube,,2022|tor|B1|ec,1,,,,,,,,,,
state,30,Goa,cube,,2023|granted|A|ec,3,,,,,,,,,,
state,30,Goa,cube,,2023|granted|A|other,1,,,,,,,,,,
state,30,Goa,cube,,2023|granted|B1|ec,1,,,,,,,,,,
state,30,Goa,cube,,2023|granted|B2|ec,26,,,,,,,,,,
state,30,Goa,cube,,2023|granted|OTHER|crz,1,,,,,,,,,,
state,30,Goa,cube,,2023|granted|OTHER|forest,16,,,,,,,,,,
state,30,Goa,cube,,2023|pending|A|other,1,,,,,,,,,,
state,30,Goa,cube,,2023|pending|B1|ec,6,,,,,,,,,,
state,30,Goa,cube,,2023|pending|B2|ec,2,,,,,,,,,,
state,30,Goa,cube,,2023|pending|OTHER|crz,5,,,,,,,,,,
state,30,Goa,cube,,2023|pending|OTHER|forest,1,,,,,,,,,,
state,30,Goa,cube,,2023|pending|OTHER|wildlife,10,,,,,,,,,,
state,30,Goa,cube,,2023|tor|A|ec,2,,,,,,,,,,
state,30,Goa,cube,,2023|tor|B1|ec,11,,,,,,,,,,
state,30,Goa,cube,,2023|tor|B1|other,1,,,,,,,,,,
state,30,Goa,cube,,2023|tor|B2|ec,1,,,,,,,,,,
state,30,Goa,cube,,2023|withdrawn|A|ec,1,,,,,,,,,,
state,30,Goa,cube,,2023|withdrawn|B1|other,1,,,,,,,,,,
state,30,Goa,cube,,2024|granted|A|ec,1,,,,,,,,,,
state,30,Goa,cube,,2024|granted|B1|ec,7,,,,,,,,,,
state,30,Goa,cube,,2024|granted|B1|other,1,,,,,,,,,,
state,30,Goa,cube,,2024|granted|B2|ec,25,,,,,,,,,,
state,30,Goa,cube,,2024|granted|B2|other,2,,,,,,,,,,
state,30,Goa,cube,,2024|granted|OTHER|crz,4,,,,,,,,,,
state,30,Goa,cube,,2024|granted|OTHER|forest,3,,,,,,,,,,
state,30,Goa,cube,,2024|granted|OTHER|other,12,,,,,,,,,,
state,30,Goa,cube,,2024|pending|B1|other,1,,,,,,,,,,
state,30,Goa,cube,,2024|pending|OTHER|crz,4,,,,,,,,,,
state,30,Goa,cube,,2024|pending|OTHER|forest,7,,,,,,,,,,
state,30,Goa,cube,,2024|pending|OTHER|wildlife,7,,,,,,,,,,
state,30,Goa,cube,,2024|rejected|B2|ec,2,,,,,,,,,,
state,30,Goa,cube,,2024|tor|A|ec,1,,,,,,,,,,
state,30,Goa,cube,,2024|tor|B1|ec,2,,,,,,,,,,
state,30,Goa,cube,,2024|withdrawn|B2|ec,4,,,,,,,,,,
state,30,Goa,cube,,2025|granted|A|ec,1,,,,,,,,,,
state,30,Goa,cube,,2025|granted|B1|ec,2,,,,,,,,,,
state,30,Goa,cube,,2025|granted|B2|ec,20,,,,,,,,,,
state,30,Goa,cube,,2025|granted|B2|other,4,,,,,,,,,,
state,30,Goa,cube,,2025|granted|OTHER|crz,4,,,,,,,,,,
state,30,Goa,cube,,2025|granted|OTHER|forest,5,,,,,,,,,,
state,30,Goa,cube,,2025|granted|OTHER|other,2,,,,,,,,,,
state,30,Goa,cube,,2025|pending|B2|ec,3,,,,,,,,,,
state,30,Goa,cube,,2025|pending|OTHER|crz,2,,,,,,,,,,
state,30,Goa,cube,,2025|pending|OTHER|forest,7,,,,,,,,,,
state,30,Goa,cube,,2025|pending|OTHER|other,2,,,,,,,,,,
state,30,Goa,cube,,2025|pending|OTHER|wildlife,14,,,,,,,,,,
state,30,Goa,cube,,2025|rejected|B1|ec,1,,,,,,,,,,
state,30,Goa,cube,,2025|rejected|B2|ec,1,,,,,,,,,,
state,30,Goa,cube,,2025|tor|A|ec,1,,,,,,,,,,
state,30,Goa,cube,,2025|tor|B1|ec,3,,,,,,,,,,
state,30,Goa,cube,,2025|withdrawn|A|ec,1,,,,,,,,,,
state,30,Goa,cube,,2025|withdrawn|B2|ec,3,,,,,,,,,,
state,30,Goa,cube,,2026|granted|B1|other,1,,,,,,,,,,
state,30,Goa,cube,,2026|granted|B2|ec,5,,,,,,,,,,
state,30,Goa,cube,,2026|granted|B2|other,2,,,,,,,,,,
state,30,Goa,cube,,2026|granted|OTHER|crz,1,,,,,,,,,,
state,30,Goa,cube,,2026|pending|A|ec,1,,,,,,,,,,
state,30,Goa,cube,,2026|pending|B1|ec,2,,,,,,,,,,
state,30,Goa,cube,,2026|pending|B2|ec,16,,,,,,,,,,
state,30,Goa,cube,,2026|pending|B2|other,2,,,,,,,,,,
state,30,Goa,cube,,2026|pending|OTHER|crz,3,,,,,,,,,,
state,30,Goa,cube,,2026|pending|OTHER|forest,11,,,,,,,,,,
state,30,Goa,cube,,2026|pending|OTHER|wildlife,8,,,,,,,,,,
state,30,Goa,cube,,2026|tor|A|ec,2,,,,,,,,,,
state,30,Goa,cube,,2026|tor|B1|ec,1,,,,,,,,,,
state,30,Goa,cube,,2026|withdrawn|B2|ec,2,,,,,,,,,,
state,30,Goa,run,,run_status,ok,,,,,,,,,,
state,30,Goa,run,,run_date,2026-10-10T05:52:28Z,,,,,,,,,,
state,30,Goa,run,,run_url,https://github.com/publicmap/parivesh-dashboard/actions/runs/38027443840,,,,,,,,,,
state,30,Goa,top_recent_ec,1,,,SIA/GA/INFRA2/583812/2026,"Proposed construction of observatory towers and viewing galleries including approaches, decorative lighting, parking for the New Zuari Bridge on NH17/NH66 on Panjim-Mangalore section on DBFOT Mode in the state of Goa",zuari observatory towers limited,North Goa,EC Granted,2026-06-30T12:35:12.099+00:00,2026-09-04T06:05:42.096+00:00,27007.0,5.7,https://parivesh.nic.in/newupgrade/#/report/ec?proposalId=1233792440
state,30,Goa,top_recent_ec,2,,,SIA/GA/INFRA2/564948/2026,"Proposed Expansion of Resort at Survey nos. 129/1,130/1,130/2,130/3,130/4,130/5,130/7,130/11,131/1,132/2,132/3,132/5,132/6 136/1-A, 137/3 at village Arossim, Mormugao Taluka. South Goa, Goa",DAFFODIL HOTELS PRIVATE  LIMITED,South Goa,EC Granted,2026-01-09T09:37:18.248+00:00,2026-09-03T14:37:14.663+00:00,50000.0,7.8506,https://parivesh.nic.in/newupgrade/#/report/ec?proposalId=1216384945
state,30,Goa,top_recent_ec,3,,,SIA/GA/MIN/585198/2026,Block VII Cudnem Mineral Block Iron Ore Mine of Vedanta Iron & Steel Limited,VEDANTA IRON AND STEEL LIMITED,North Goa,EC Granted,2026-07-13T05:31:23.619+00:00,2026-09-03T14:34:08.868+00:00,8500.0,75.3004,https://parivesh.nic.in/newupgrade/#/report/ec?proposalId=1235064039
state,30,Goa,top_recent_ec,4,,,SIA/GA/INFRA2/555346/2025,"Residential-cum-Commercial Complex situated on land bearing Survey Nos. 60/5, 60/7, 60/8, 61/4, 61/5, and 61/9, located in Ella Village, Tiswadi Taluka, North Goa.",vijay dattatray patil,North Goa,EC Granted,2025-10-16T06:47:08.305+00:00,2026-09-03T14:16:53.978+00:00,7436.11,4.7075,https://parivesh.nic.in/newupgrade/#/report/ec?proposalId=138192429
state,30,Goa,top_recent_ec,5,,,SIA/GA/MIN/566932/2026,"Proposed Basalt Stone Quarry Project with a Lease Area of 3.65 Ha located at a land bearing Survey no. 40/2, Dumacem Village, Bicholim Taluka, North Goa, Goa.",SAIESH BHIVA RAUT,North Goa,EC Granted,2026-01-27T10:41:14.097+00:00,2026-09-03T14:13:53.476+00:00,24.0,3.65,https://parivesh.nic.in/newupgrade/#/report/ec?proposalId=1217662163
state,30,Goa,top_recent_ec,6,,,SIA/GA/INFRA2/557517/2025,"Redevelopment of Residential Project “Agnelo Colony Co-operative Housing Society Ltd.” in Plot bearing P.T. Sheet No. 149; Chalta Nos. 66/1 and 66/2, Caranzalem, Tiswadi, North Goa, Goa by Agnelo Colony Co-operative Housing Society Ltd.",AGNELO COLONY CO-OPERATIVE HOUSING SOCIETY LTD,North Goa,EC Granted,2025-11-08T07:16:16.995+00:00,2026-09-03T14:10:28.283+00:00,5678.0,0.4116,https://parivesh.nic.in/newupgrade/#/report/ec?proposalId=287997578
state,30,Goa,top_recent_ec,7,,,IA/GA/CRZ/572023/2026,"Proposed construction of resort building with swimming pool on plot bearing Survey No. 99/2E, Village-Cavelossim, Taluka-Salecete, South Goa District, Goa, India, by M/s. Ashford SCDC Resorts LLP",ASHFORD SCDC RESORTS LLP,South Goa,CRZ Granted,2026-03-11T11:33:42.451+00:00,2026-08-19T12:25:20.179+00:00,20000.0,2.2885,https://parivesh.nic.in/newupgrade/#/report/ec?proposalId=1221486266
state,30,Goa,top_recent_ec,8,,,IA/GA/CRZ/546611/2025,"Proposed construction of Hotel, Bar, swimming pool, Deck, Spa Compound wall and Gate at plot bearing Survey No. 174/6-A at Morjim, Village in Pernem Taluka, North Goa, Goa.",curti enterprises llp,North Goa,CRZ Granted,2025-07-31T05:20:13.027+00:00,2026-08-19T11:07:20.066+00:00,6300.0,1.7373,https://parivesh.nic.in/newupgrade/#/report/ec?proposalId=133117602
state,30,Goa,top_recent_ec,9,,,IA/GA/CRZ/563149/2025,"Proposed Construction of Hotel, Banquet Hall, Swimming pool and Deck at plot bearing Survey No. 365/2-B and 363/1-A at Benaulim Village, Salcete Taluka, South Goa, Goa.",GOA TOURISM DEVELOPMENT CORPORATION LIMITED,South Goa,CRZ Granted,2025-12-26T06:36:30.395+00:00,2026-08-13T09:48:34.776+00:00,5000.0,0.5563,https://parivesh.nic.in/newupgrade/#/report/ec?proposalId=1209391048
state,30,Goa,top_recent_ec,10,,,SIA/GA/INFRA2/557872/2026,Proposed Construction of Industrial Shed by M/s.Centaur Pharmaceuticals Private Limited,SHIVANAND DATTATRAYA SAWANT,South Goa,EC Granted,2025-11-12T03:58:42.615+00:00,2026-08-06T07:44:40.202+00:00,4230.0,4.23,https://parivesh.nic.in/newupgrade/#/report/ec?proposalId=336874378
state,30,Goa,top_cost,1,,,SIA/GA/INFRA2/506556/2024,"Amendment in Environment Clearance for Construction of Group housing project ""The Bayview"" at survey no. 87/1-A-1,87/1-A-2 & 87/1-A-3 of Village Reis Magos, Taluka Bardez, North Goa, Goa.",DLF EXCLUSIVE FLOORS PRIVATE LIMITED,North Goa,EC Granted,2024-11-19T08:46:00.887+00:00,2025-05-05T09:51:46.243+00:00,94200.0,14.3594,https://parivesh.nic.in/newupgrade/#/report/ec?proposalId=111832729
state,30,Goa,top_cost,2,,,WL/GA/RAIL/539711/2025,Castlerock-Kulem railway doubling in Goa,SOUTH WESTERN RAILWAY,South Goa,,2025-05-30T07:07:59.462+00:00,,92916.0,120.875,https://parivesh.nic.in/newupgrade/#/report/ec?proposalId=128589400
state,30,Goa,top_cost,3,,,IA/GA/IND1/457598/2024,"Proposed expansion in production capacity of Pig Iron Plant from 1 MTPA to 1.2 MTPA by increasing the production capacity of existing BF3 (from 0.65 MTPA to 0.85 MTPA) and sinter plant (from 1 MTPA to 1.2 MTPA) through debottlenecking and Installation of DI pipe Plant from 0.3 MTPA to 0.36 MTPA under clause 7(ii) of EIA Notification 2006 amended from time to time At villages: Amona and Navelim, Taluka: Bicholim, District: North Goa (Goa)",VEDANTA LIMITED  VALUE ADDITION BUSINESS,North Goa,EC Granted,2024-01-03T12:09:14.794+00:00,2024-10-18T03:46:14.031+00:00,80600.0,161.0,https://parivesh.nic.in/newupgrade/#/report/ec?proposalId=36266479
state,30,Goa,top_cost,4,,,SIA/GA/INFRA2/555565/2025,"Environmental Clearance for proposed residential project located on land bearing survey no. 12/1-A, situated at Phase III, Aldeia De Goa, Bambolim Village, Tiswadi, Taluka Goa. by Goan Real Estate and Construction Pvt Ltd",GOAN REAL ESTATE AND CONSTRUCTION PRIVATE LIMITED,North Goa,Proposal pulled back (withdrawn),2025-10-18T07:35:04.675+00:00,,80000.0,1.99,https://parivesh.nic.in/newupgrade/#/report/ec?proposalId=138332374
state,30,Goa,top_cost,5,,,IA/GA/IND2/546260/2025,"Greenfield 2 x 300 KLPD Grain based Ethanol/ENA Plant, 2 x 7.0 MW Co-generation Power plant in both phases & Bottling plant of 870 Bottles/Minute in Phase-1",CENTREAL BIOFUELS LIMITED,North Goa,Standard ToR Granted,2025-07-28T10:01:21.415+00:00,2025-09-08T10:47:13.196+00:00,76338.0,26.2664,https://parivesh.nic.in/newupgrade/#/report/ec?proposalId=132931425
state,30,Goa,top_cost,6,,,IA/GA/IND2/559773/2025,"Greenfield 2 x 300 KLPD Grain based Ethanol/ENA Plant, 2 x 7.0 MW Co-generation Power plant in both phases & Bottling plant of 870 Bottles/Minute in Phase-1",CENTREAL BIOFUELS LIMITED,North Goa,EC Granted,2025-11-27T06:27:11.932+00:00,2026-01-06T09:24:53.485+00:00,76338.0,26.2664,https://parivesh.nic.in/newupgrade/#/report/ec?proposalId=629768778
state,30,Goa,top_cost,7,,,IA/GA/INFRA1/453939/2023,"Proposed Modernization and Expansion of Port Infrastructure for Fishing, Passenger Jetty, Coastal Multipurpose Cargo Berth and Berths for Indian Navy & Indian Coast Guard at Mormugao Port Authority",Mormugao Port Authority,South Goa,ToR Granted,2023-12-01T04:53:27.476+00:00,2024-02-26T07:32:00.619+00:00,62000.0,0.0,https://parivesh.nic.in/newupgrade/#/report/ec?proposalId=28385388
state,30,Goa,top_cost,8,,,SIA/GA/INFRA2/500136/2024,"Proposed Construction of Convention Centre, Exhibition Hall and Management Training Facility  at IPSHEM ONGC Campus, Village Betul, Tehsil Quepem, District – South Goa, Goa",AMIT RANJAN MISRA,South Goa,EC Granted,2024-10-07T12:32:15.710+00:00,2024-10-25T12:48:54.660+00:00,52388.0,10.83,https://parivesh.nic.in/newupgrade/#/report/ec?proposalId=109056414
state,30,Goa,top_cost,9,,,IA/GA/CRZ/545859/2025,"Proposed Expansion of Resort at Survey nos. 129/1,130/1,130/2,130/3,130/4,130/5,130/7,130/11,131/1,132/2,132/3,132/5,132/6 136/1-A, 137/3 at village Arossim, Mormugao Taluka. South Goa, Goa",DAFFODIL HOTELS PRIVATE  LIMITED,South Goa,ADS Raised,2025-07-24T11:22:06.636+00:00,,50000.0,7.8506,https://parivesh.nic.in/newupgrade/#/report/ec?proposalId=132725482
state,30,Goa,top_cost,10,,,IA/GA/MIN/552475/2025,"Codli Mineral Block - XII, Auctioned Block Area: 377.0881 ha with Iron Ore production 3.50 Million TPA, OB/Waste 8.21 Million TPA (Total Excavation: 11.71 Million TPA) along with Installation 04 Crusher (3 Primary Crusher of 1 x 250 TPH & 2 x 90 TPH and 1 Secondary Crusher of 150 TPH) and 600 TPH Dry & 2 x 300 TPH Wet Beneficiation Plant with Throughput Capacity 3.50 Million TPA located at Village: Codli, Taluka: Dharbandora, District: South Goa (Goa) by JSW Steel Limited.",JSW STEEL LTD,South Goa,Proposal returned in present form,2025-09-21T03:24:16.146+00:00,,50000.0,377.0881,https://parivesh.nic.in/newupgrade/#/report/ec?proposalId=136690198
state,30,Goa,top_land,1,,,IA/GA/CRZ/417439/2023,Boutique Hotel project,HERMITAGE BUILDERS PRIVATE LIMITED,South Goa,,2023-02-08T08:18:56.502+00:00,,700.0,12271.0,https://parivesh.nic.in/newupgrade/#/report/ec?proposalId=2944697
state,30,Goa,top_land,2,,,IA/GA/MIN/422323/2023,Block 1- Bicholim Mineral Block for Iron Ore,VEDANTA LIMITED,North Goa,ToR Granted,2023-03-16T05:45:26.300+00:00,2023-06-16T11:05:48.940+00:00,25000.0,478.5206,https://parivesh.nic.in/newupgrade/#/report/ec?proposalId=3996409
state,30,Goa,top_land,3,,,IA/GA/MIN/442593/2023,Block 1- Bicholim Mineral Block for Iron Ore,VEDANTA LIMITED,North Goa,EC Granted,2023-08-31T12:55:47.849+00:00,2024-01-23T11:57:41.431+00:00,25000.0,478.5206,https://parivesh.nic.in/newupgrade/#/report/ec?proposalId=8886191
state,30,Goa,top_land,4,,,IA/GA/MIN/583503/2026,Block 1- Bicholim Mineral Block for Iron Ore,VEDANTA LIMITED,North Goa,Forwarded to MS,2023-08-31T12:55:47.849+00:00,2024-01-23T11:57:41.431+00:00,25000.0,478.5206,https://parivesh.nic.in/newupgrade/#/report/ec?proposalId=1233463585
state,30,Goa,top_land,5,,,IA/GA/MIN/552475/2025,"Codli Mineral Block - XII, Auctioned Block Area: 377.0881 ha with Iron Ore production 3.50 Million TPA, OB/Waste 8.21 Million TPA (Total Excavation: 11.71 Million TPA) along with Installation 04 Crusher (3 Primary Crusher of 1 x 250 TPH & 2 x 90 TPH and 1 Secondary Crusher of 150 TPH) and 600 TPH Dry & 2 x 300 TPH Wet Beneficiation Plant with Throughput Capacity 3.50 Million TPA located at Village: Codli, Taluka: Dharbandora, District: South Goa (Goa) by JSW Steel Limited.",JSW STEEL LTD,South Goa,Proposal returned in present form,2025-09-21T03:24:16.146+00:00,,50000.0,377.0881,https://parivesh.nic.in/newupgrade/#/report/ec?proposalId=136690198
state,30,Goa,top_land,6,,,FP/GA/MIN/QRY/569926/2026,"Application for approval of forest land for non forest purpose under clause (ii) of subsection (1) under section 2 of the Van (Sanrakshan Evam Samvardhan) Adhiniyam, 1980 in respect of “ Block-XII Codli Mineral Block by M/s JSW Steel Ltd under south Goa Division/District of Goa.",JSW STEEL LTD,South Goa,Pending at MS for Acceptance in PSC-I,2026-02-21T05:34:55.035+00:00,,5000.0,377.0881,https://parivesh.nic.in/newupgrade/#/report/ec?proposalId=1219925420
state,30,Goa,top_land,7,,,IA/GA/MIN/571910/2026,Block-XII Codli Mineral Block,JSW STEEL LTD,South Goa,ToR Granted,2026-03-10T11:37:03.329+00:00,2026-05-18T05:00:53.198+00:00,50000.0,377.0881,https://parivesh.nic.in/newupgrade/#/report/ec?proposalId=1221407043
state,30,Goa,top_land,8,,,FP/GA/TRANS/401431/2022,Construction of 400 kV D/C Xeldem - Mapusa transmission line & Xeldem- Xeldem (Existing) 220 kV HTLS D/C transmission Line,GOA TAMNAR TRANSMISSION PROJECT LIMITED,NORTH GOA,Final Diversion Order Issued,2022-09-26T12:08:33.715+00:00,2026-04-06T09:01:40.995+00:00,22700.0,319.828,https://parivesh.nic.in/newupgrade/#/report/ec?proposalId=917415
state,30,Goa,top_land,9,,,IA/GA/CRZ/457706/2024,Re Construction of Existing House,WILLIAM GOMES,North Goa,Under Examination with SCZMA,2024-01-04T11:13:36.022+00:00,,23.0,300.0,https://parivesh.nic.in/newupgrade/#/report/ec?proposalId=36528032
state,30,Goa,top_land,10,,,IA/GA/MIN/471378/2024,Block IX Surla Sonshi Mineral Block,JSW STEEL LTD,North Goa,ToR Granted,2024-05-02T10:29:39.867+00:00,2025-09-14T19:10:22.722+00:00,20000.0,254.51,https://parivesh.nic.in/newupgrade/#/report/ec?proposalId=65053241
state,31,Lakshadweep,stat,,projects,45,,,,,,,,,,
state,31,Lakshadweep,stat,,active_projects,44,,,,,,,,,,
state,31,Lakshadweep,stat,,applications,44,,,,,,,,,,
state,31,Lakshadweep,stat,,ec_granted,11,,,,,,,,,,
state,31,Lakshadweep,stat,,ec_tor,12,,,,,,,,,,
state,31,Lakshadweep,stat,,ec_pending,19,,,,,,,,,,
state,31,Lakshadweep,stat,,ec_rejected,0,,,,,,,,,,
state,31,Lakshadweep,stat,,ec_withdrawn,2,,,,,,,,,,
state,31,Lakshadweep,stat,,pc_A,12,,,,,,,,,,
state,31,Lakshadweep,stat,,pc_B1,0,,,,,,,,,,
state,31,Lakshadweep,stat,,pc_B2,0,,,,,,,,,,
state,31,Lakshadweep,stat,,pc_OTHER,32,,,,,,,,,,
state,31,Lakshadweep,stat,,ty_ec,9,,,,,,,,,,
state,31,Lakshadweep,stat,,ty_forest,3,,,,,,,,,,
state,31,Lakshadweep,stat,,ty_wildlife,16,,,,,,,,,,
state,31,Lakshadweep,stat,,ty_crz,13,,,,,,,,,,
state,31,Lakshadweep,stat,,ty_other,3,,,,,,,,,,
state,31,Lakshadweep,stat,,delisted_or_removed,1,,,,,,,,,,
state,31,Lakshadweep,stat,,total_cost_lakhs,292485.56,,,,,,,,,,
state,31,Lakshadweep,stat,,cost_outliers_excluded,0,,,,,,,,,,
state,31,Lakshadweep,stat,,total_land_ha,125.1,,,,,,,,,,
state,31,Lakshadweep,stat,,latest_application,2026-05-26T11:58:27.454+00:00,,,,,,,,,,
state,31,Lakshadweep,stat,,latest_grant,2026-04-09T12:26:47.354+00:00,,,,,,,,,,
state,31,Lakshadweep,stat,,changes_added,0,,,,,,,,,,
state,31,Lakshadweep,stat,,changes_removed,0,,,,,,,,,,
state,31,Lakshadweep,stat,,changes_updated,2,,,,,,,,,,
state,31,Lakshadweep,stat,,changes_status,0,,,,,,,,,,
state,31,Lakshadweep,stat,,compared_with,2026-10-09T20:19:01Z,,,,,,,,,,
state,31,Lakshadweep,stat,,changes_added_active,0,,,,,,,,,,
state,31,Lakshadweep,stat,,changes_removed_active,0,,,,,,,,,,
state,31,Lakshadweep,stat,,changes_updated_active,2,,,,,,,,,,
state,31,Lakshadweep,stat,,changes_status_active,0,,,,,,,,,,
state,31,Lakshadweep,stat,,window_added_active,0,,,,,,,,,,
state,31,Lakshadweep,stat,,window_updated_active,11,,,,,,,,,,
state,31,Lakshadweep,stat,,window_added,0,,,,,,,,,,
state,31,Lakshadweep,stat,,window_updated,12,,,,,,,,,,
state,31,Lakshadweep,stat,,window_since,2025-09-22T10:48:43+05:30,,,,,,,,,,
state,31,Lakshadweep,status,,(none),16,,,,,,,,,,
state,31,Lakshadweep,status,,ToR Granted,12,,,,,,,,,,
state,31,Lakshadweep,status,,CRZ Granted,11,,,,,,,,,,
state,31,Lakshadweep,status,,DELISTED_BY_SYSTEM,1,,,,,,,,,,
state,31,Lakshadweep,status,,SUBMITTED,1,,,,,,,,,,
state,31,Lakshadweep,status,,Proposal returned in present form,1,,,,,,,,,,
state,31,Lakshadweep,status,,Proposal pulled back (withdrawn),1,,,,,,,,,,
state,31,Lakshadweep,status,,ADS Raised,1,,,,,,,,,,
state,31,Lakshadweep,status,,Accepted and Referred to SCZMA,1,,,,,,,,,,
state,31,Lakshadweep,applications_by_year,,2023,23,,,,,,,,,,
state,31,Lakshadweep,applications_by_year,,2024,5,,,,,,,,,,
state,31,Lakshadweep,applications_by_year,,2025,6,,,,,,,,,,
state,31,Lakshadweep,applications_by_year,,2026,10,,,,,,,,,,
state,31,Lakshadweep,year_granted,,2023,1,,,,,,,,,,
state,31,Lakshadweep,year_granted,,2024,2,,,,,,,,,,
state,31,Lakshadweep,year_granted,,2025,5,,,,,,,,,,
state,31,Lakshadweep,year_granted,,2026,3,,,,,,,,,,
state,31,Lakshadweep,year_tor,,2023,6,,,,,,,,,,
state,31,Lakshadweep,year_tor,,2024,1,,,,,,,,,,
state,31,Lakshadweep,year_tor,,2026,5,,,,,,,,,,
state,31,Lakshadweep,year_pending,,2023,16,,,,,,,,,,
state,31,Lakshadweep,year_pending,,2024,1,,,,,,,,,,
state,31,Lakshadweep,year_pending,,2026,2,,,,,,,,,,
state,31,Lakshadweep,year_withdrawn,,2024,1,,,,,,,,,,
state,31,Lakshadweep,year_withdrawn,,2025,1,,,,,,,,,,
state,31,Lakshadweep,year_pc_A,,2023,6,,,,,,,,,,
state,31,Lakshadweep,year_pc_A,,2024,1,,,,,,,,,,
state,31,Lakshadweep,year_pc_A,,2026,5,,,,,,,,,,
state,31,Lakshadweep,year_pc_OTHER,,2023,17,,,,,,,,,,
state,31,Lakshadweep,year_pc_OTHER,,2024,4,,,,,,,,,,
state,31,Lakshadweep,year_pc_OTHER,,2025,6,,,,,,,,,,
state,31,Lakshadweep,year_pc_OTHER,,2026,5,,,,,,,,,,
state,31,Lakshadweep,cube,,2023|granted|OTHER|crz,1,,,,,,,,,,
state,31,Lakshadweep,cube,,2023|pending|OTHER|wildlife,16,,,,,,,,,,
state,31,Lakshadweep,cube,,2023|tor|A|ec,3,,,,,,,,,,
state,31,Lakshadweep,cube,,2023|tor|A|other,3,,,,,,,,,,
state,31,Lakshadweep,cube,,2024|granted|OTHER|crz,2,,,,,,,,,,
state,31,Lakshadweep,cube,,2024|pending|OTHER|forest,1,,,,,,,,,,
state,31,Lakshadweep,cube,,2024|tor|A|ec,1,,,,,,,,,,
state,31,Lakshadweep,cube,,2024|withdrawn|OTHER|crz,1,,,,,,,,,,
state,31,Lakshadweep,cube,,2025|granted|OTHER|crz,5,,,,,,,,,,
state,31,Lakshadweep,cube,,2025|withdrawn|OTHER|crz,1,,,,,,,,,,
state,31,Lakshadweep,cube,,2026|granted|OTHER|crz,1,,,,,,,,,,
state,31,Lakshadweep,cube,,2026|granted|OTHER|forest,2,,,,,,,,,,
state,31,Lakshadweep,cube,,2026|pending|OTHER|crz,2,,,,,,,,,,
state,31,Lakshadweep,cube,,2026|tor|A|ec,5,,,,,,,,,,
state,31,Lakshadweep,run,,run_status,ok,,,,,,,,,,
state,31,Lakshadweep,run,,run_date,2026-10-10T05:52:28Z,,,,,,,,,,
state,31,Lakshadweep,run,,run_url,https://github.com/publicmap/parivesh-dashboard/actions/runs/38027443840,,,,,,,,,,
state,31,Lakshadweep,top_recent_ec,1,,,IA/LD/CRZ/568079/2026,"Development of Eco Tourism Resort Hotel in Kadmat Island, Lakshadweep",Kadisland hospitality private limited,Lakshadweep,CRZ Granted,2026-02-05T09:37:06.885+00:00,2026-04-09T12:26:47.354+00:00,24000.0,11.557,https://parivesh.nic.in/newupgrade/#/report/ec?proposalId=1218512296
state,31,Lakshadweep,top_recent_ec,2,,,IA/LD/CRZ/568045/2026,"Development of Eco Tourism Resort Hotel in Suheli Island, Lakshadweep",Suisland hospitality private limited,Lakshadweep,CRZ Granted,2026-02-05T06:59:23.819+00:00,2026-04-09T12:24:29.045+00:00,24700.0,9.82,https://parivesh.nic.in/newupgrade/#/report/ec?proposalId=1218492457
state,31,Lakshadweep,top_recent_ec,3,,,IA/LD/CRZ/473194/2024,"Construction of POL Depot and Laying of 2 Nos MS/HSD Jetty Pipelines  of M/s Indian Oil Corporation Ltd At Andrott, UT of Lakshadweep",BALAGOPAL GNANDEV,Lakshadweep,CRZ Granted,2024-05-16T12:53:57.017+00:00,2026-01-22T05:15:23.682+00:00,682.0,0.2148,https://parivesh.nic.in/newupgrade/#/report/ec?proposalId=68691573
state,31,Lakshadweep,top_recent_ec,4,,,IA/LD/CRZ/565615/2026,"Development of Beach Front Facilities & Construction of Beach Peripheral Roads (East & West) at Agatti Island, Lakshadweep.",Lakshadweep Public Works Department,Lakshadweep,CRZ Granted,2026-01-15T06:58:01.135+00:00,2026-01-21T15:32:21.907+00:00,41393.52,17.68,https://parivesh.nic.in/newupgrade/#/report/ec?proposalId=1216826035
state,31,Lakshadweep,top_recent_ec,5,,,IA/LD/CRZ/541088/2025,Re-Design of Helibase with Night Landing Facilities at Kavaratti Island Lakshadweep,Kavaratti Smart city Ltd,Lakshadweep,CRZ Granted,2025-06-11T12:55:05.995+00:00,2025-10-23T17:12:18.889+00:00,7840.0,1.5021,https://parivesh.nic.in/newupgrade/#/report/ec?proposalId=129762744
state,31,Lakshadweep,top_recent_ec,6,,,IA/LD/CRZ/542968/2025,"Construction of passenger jetty and associated landside facilities on the western side of the Kadmath Island, Lakshadweep.",DEPARTMENT OF PORT SHIPPING AND AVIATION UT OF LAKSHADWEEP,Lakshadweep,CRZ Granted,2025-06-27T10:17:51.519+00:00,2025-08-08T12:27:38.014+00:00,7840.0,0.16,https://parivesh.nic.in/newupgrade/#/report/ec?proposalId=130951793
state,31,Lakshadweep,top_recent_ec,7,,,IA/LD/CRZ/542963/2025,"Construction of passenger jetty and associated landside facilities on the eastern side of the Kadmath Island, Lakshadweep.",DEPARTMENT OF PORT SHIPPING AND AVIATION UT OF LAKSHADWEEP,Lakshadweep,CRZ Granted,2025-06-27T09:50:37.255+00:00,2025-08-08T12:24:02.348+00:00,25655.0,0.5,https://parivesh.nic.in/newupgrade/#/report/ec?proposalId=130946666
state,31,Lakshadweep,top_recent_ec,8,,,IA/LD/CRZ/540336/2025,"Construction of passenger jetty and associated landside facilities on the western side of the Kalpeni island, Lakshadweep",DEPARTMENT OF PORT SHIPPING AND AVIATION UT OF LAKSHADWEEP,Lakshadweep,CRZ Granted,2025-06-05T06:06:29.491+00:00,2025-08-08T12:19:22.294+00:00,10200.0,0.5,https://parivesh.nic.in/newupgrade/#/report/ec?proposalId=129244699
state,31,Lakshadweep,top_recent_ec,9,,,IA/LD/CRZ/540326/2025,"Construction of passenger jetty and associated landside facilities on the eastern side of the Kalpeni island, Lakshadweep.",DEPARTMENT OF PORT SHIPPING AND AVIATION UT OF LAKSHADWEEP,Lakshadweep,CRZ Granted,2025-06-05T04:29:42.753+00:00,2025-08-08T12:12:00.334+00:00,23700.0,0.5,https://parivesh.nic.in/newupgrade/#/report/ec?proposalId=129235856
state,31,Lakshadweep,top_recent_ec,10,,,IA/LD/CRZ/456452/2023,Floating Solar PV Power Plant for Lakshadweep Island (Agatti ),SOLAR ENERGY CORPORATION OF INDIA LIMITED,Lakshadweep,CRZ Granted,2023-12-22T10:54:50.360+00:00,2025-04-09T08:32:05.973+00:00,6610.0,12.0,https://parivesh.nic.in/newupgrade/#/report/ec?proposalId=33146043
state,31,Lakshadweep,top_cost,1,,,IA/LD/INFRA1/491993/2024,Development of Marine and Land facilities at Androth Island in Lakshadweep,DEPARTMENT OF PORT SHIPPING AND AVIATION UT OF LAKSHADWEEP,Lakshadweep,ToR Granted,2024-08-09T06:11:59.393+00:00,2025-05-04T10:26:54.272+00:00,76571.0,0.51,https://parivesh.nic.in/newupgrade/#/report/ec?proposalId=91873839
state,31,Lakshadweep,top_cost,2,,,IA/LD/CRZ/565615/2026,"Development of Beach Front Facilities & Construction of Beach Peripheral Roads (East & West) at Agatti Island, Lakshadweep.",Lakshadweep Public Works Department,Lakshadweep,CRZ Granted,2026-01-15T06:58:01.135+00:00,2026-01-21T15:32:21.907+00:00,41393.52,17.68,https://parivesh.nic.in/newupgrade/#/report/ec?proposalId=1216826035
state,31,Lakshadweep,top_cost,3,,,IA/LD/CRZ/542963/2025,"Construction of passenger jetty and associated landside facilities on the eastern side of the Kadmath Island, Lakshadweep.",DEPARTMENT OF PORT SHIPPING AND AVIATION UT OF LAKSHADWEEP,Lakshadweep,CRZ Granted,2025-06-27T09:50:37.255+00:00,2025-08-08T12:24:02.348+00:00,25655.0,0.5,https://parivesh.nic.in/newupgrade/#/report/ec?proposalId=130946666
state,31,Lakshadweep,top_cost,4,,,IA/LD/CRZ/568045/2026,"Development of Eco Tourism Resort Hotel in Suheli Island, Lakshadweep",Suisland hospitality private limited,Lakshadweep,CRZ Granted,2026-02-05T06:59:23.819+00:00,2026-04-09T12:24:29.045+00:00,24700.0,9.82,https://parivesh.nic.in/newupgrade/#/report/ec?proposalId=1218492457
state,31,Lakshadweep,top_cost,5,,,IA/LD/CRZ/568079/2026,"Development of Eco Tourism Resort Hotel in Kadmat Island, Lakshadweep",Kadisland hospitality private limited,Lakshadweep,CRZ Granted,2026-02-05T09:37:06.885+00:00,2026-04-09T12:26:47.354+00:00,24000.0,11.557,https://parivesh.nic.in/newupgrade/#/report/ec?proposalId=1218512296
state,31,Lakshadweep,top_cost,6,,,IA/LD/CRZ/540326/2025,"Construction of passenger jetty and associated landside facilities on the eastern side of the Kalpeni island, Lakshadweep.",DEPARTMENT OF PORT SHIPPING AND AVIATION UT OF LAKSHADWEEP,Lakshadweep,CRZ Granted,2025-06-05T04:29:42.753+00:00,2025-08-08T12:12:00.334+00:00,23700.0,0.5,https://parivesh.nic.in/newupgrade/#/report/ec?proposalId=129235856
state,31,Lakshadweep,top_cost,7,,,IA/LD/CRZ/540336/2025,"Construction of passenger jetty and associated landside facilities on the western side of the Kalpeni island, Lakshadweep",DEPARTMENT OF PORT SHIPPING AND AVIATION UT OF LAKSHADWEEP,Lakshadweep,CRZ Granted,2025-06-05T06:06:29.491+00:00,2025-08-08T12:19:22.294+00:00,10200.0,0.5,https://parivesh.nic.in/newupgrade/#/report/ec?proposalId=129244699
state,31,Lakshadweep,top_cost,8,,,IA/LD/CRZ/541088/2025,Re-Design of Helibase with Night Landing Facilities at Kavaratti Island Lakshadweep,Kavaratti Smart city Ltd,Lakshadweep,CRZ Granted,2025-06-11T12:55:05.995+00:00,2025-10-23T17:12:18.889+00:00,7840.0,1.5021,https://parivesh.nic.in/newupgrade/#/report/ec?proposalId=129762744
state,31,Lakshadweep,top_cost,9,,,IA/LD/CRZ/542968/2025,"Construction of passenger jetty and associated landside facilities on the western side of the Kadmath Island, Lakshadweep.",DEPARTMENT OF PORT SHIPPING AND AVIATION UT OF LAKSHADWEEP,Lakshadweep,CRZ Granted,2025-06-27T10:17:51.519+00:00,2025-08-08T12:27:38.014+00:00,7840.0,0.16,https://parivesh.nic.in/newupgrade/#/report/ec?proposalId=130951793
state,31,Lakshadweep,top_cost,10,,,IA/LD/CRZ/504098/2024,Floating Solar PV Power Plant for Lakshadweep Island (Kavaratti),SOLAR ENERGY CORPORATION OF INDIA LIMITED,Lakshadweep,CRZ Granted,2024-11-05T10:34:10.148+00:00,2025-04-09T08:25:22.617+00:00,7013.0,4.8,https://parivesh.nic.in/newupgrade/#/report/ec?proposalId=110840102
state,31,Lakshadweep,top_land,1,,,IA/LD/INFRA1/571442/2026,"Dredging of the existing navigational channel and turning circle on the western side of  Kalpeni Island, Lakshadweep.",DEPARTMENT OF PORT SHIPPING AND AVIATION UT OF LAKSHADWEEP,Lakshadweep,ToR Granted,2026-03-06T08:51:13.203+00:00,2026-06-12T07:12:47.052+00:00,5253.0,20.705,https://parivesh.nic.in/newupgrade/#/report/ec?proposalId=1221018038
state,31,Lakshadweep,top_land,2,,,IA/LD/CRZ/565615/2026,"Development of Beach Front Facilities & Construction of Beach Peripheral Roads (East & West) at Agatti Island, Lakshadweep.",Lakshadweep Public Works Department,Lakshadweep,CRZ Granted,2026-01-15T06:58:01.135+00:00,2026-01-21T15:32:21.907+00:00,41393.52,17.68,https://parivesh.nic.in/newupgrade/#/report/ec?proposalId=1216826035
state,31,Lakshadweep,top_land,3,,,IA/LD/CRZ/566610/2026,"Development of Beach Front Facilities & Construction of Beach Peripheral Roads (East & West) at Kavaratti Island, Lakshadweep",Lakshadweep Public Works Department,Lakshadweep,ADS Raised,2026-01-23T10:42:33.137+00:00,,3.9047655,16.97,https://parivesh.nic.in/newupgrade/#/report/ec?proposalId=1217471452
state,31,Lakshadweep,top_land,4,,,IA/LD/CRZ/456452/2023,Floating Solar PV Power Plant for Lakshadweep Island (Agatti ),SOLAR ENERGY CORPORATION OF INDIA LIMITED,Lakshadweep,CRZ Granted,2023-12-22T10:54:50.360+00:00,2025-04-09T08:32:05.973+00:00,6610.0,12.0,https://parivesh.nic.in/newupgrade/#/report/ec?proposalId=33146043
state,31,Lakshadweep,top_land,5,,,IA/LD/CRZ/568079/2026,"Development of Eco Tourism Resort Hotel in Kadmat Island, Lakshadweep",Kadisland hospitality private limited,Lakshadweep,CRZ Granted,2026-02-05T09:37:06.885+00:00,2026-04-09T12:26:47.354+00:00,24000.0,11.557,https://parivesh.nic.in/newupgrade/#/report/ec?proposalId=1218512296
state,31,Lakshadweep,top_land,6,,,IA/LD/CRZ/568045/2026,"Development of Eco Tourism Resort Hotel in Suheli Island, Lakshadweep",Suisland hospitality private limited,Lakshadweep,CRZ Granted,2026-02-05T06:59:23.819+00:00,2026-04-09T12:24:29.045+00:00,24700.0,9.82,https://parivesh.nic.in/newupgrade/#/report/ec?proposalId=1218492457
state,31,Lakshadweep,top_land,7,,,IA/LD/INFRA1/571339/2026,"Dredging of the Existing Navigational Channel and Turning Circle on the Western Side of Kadmath Island, Lakshadweep.",DEPARTMENT OF PORT SHIPPING AND AVIATION UT OF LAKSHADWEEP,Lakshadweep,ToR Granted,2026-03-05T11:01:25.129+00:00,2026-06-12T07:17:12.105+00:00,5253.0,9.6,https://parivesh.nic.in/newupgrade/#/report/ec?proposalId=1220937060
state,31,Lakshadweep,top_land,8,,,IA/LD/CRZ/504098/2024,Floating Solar PV Power Plant for Lakshadweep Island (Kavaratti),SOLAR ENERGY CORPORATION OF INDIA LIMITED,Lakshadweep,CRZ Granted,2024-11-05T10:34:10.148+00:00,2025-04-09T08:25:22.617+00:00,7013.0,4.8,https://parivesh.nic.in/newupgrade/#/report/ec?proposalId=110840102
state,31,Lakshadweep,top_land,9,,,WL/LD/INFRA/438865/2023,Test1Aug2023,Department of Land Resources,Tirupati,,2023-08-01T17:12:53.906+00:00,,131.0,3.3,https://parivesh.nic.in/newupgrade/#/report/ec?proposalId=7280903
state,31,Lakshadweep,top_land,10,,,IA/LD/CRZ/503476/2024,cfewfefevf,SOLAR ENERGY CORPORATION OF INDIA LIMITED,Lakshadweep,Proposal returned in present form,2024-10-29T06:52:01.096+00:00,2026-01-22T05:22:19.114+00:00,5000.0,3.0,https://parivesh.nic.in/newupgrade/#/report/ec?proposalId=110490919
state,32,Kerala,stat,,projects,2501,,,,,,,,,,
state,32,Kerala,stat,,active_projects,2082,,,,,,,,,,
state,32,Kerala,stat,,applications,2082,,,,,,,,,,
state,32,Kerala,stat,,ec_granted,681,,,,,,,,,,
state,32,Kerala,stat,,ec_tor,163,,,,,,,,,,
state,32,Kerala,stat,,ec_pending,1089,,,,,,,,,,
state,32,Kerala,stat,,ec_rejected,124,,,,,,,,,,
state,32,Kerala,stat,,ec_withdrawn,25,,,,,,,,,,
state,32,Kerala,stat,,pc_A,20,,,,,,,,,,
state,32,Kerala,stat,,pc_B1,321,,,,,,,,,,
state,32,Kerala,stat,,pc_B2,1137,,,,,,,,,,
state,32,Kerala,stat,,pc_OTHER,604,,,,,,,,,,
state,32,Kerala,stat,,ty_ec,1440,,,,,,,,,,
state,32,Kerala,stat,,ty_forest,284,,,,,,,,,,
state,32,Kerala,stat,,ty_wildlife,278,,,,,,,,,,
state,32,Kerala,stat,,ty_crz,21,,,,,,,,,,
state,32,Kerala,stat,,ty_other,59,,,,,,,,,,
state,32,Kerala,stat,,delisted_or_removed,419,,,,,,,,,,
state,32,Kerala,stat,,total_cost_lakhs,24247342.1,,,,,,,,,,
state,32,Kerala,stat,,cost_outliers_excluded,2,,,,,,,,,,
state,32,Kerala,stat,,total_land_ha,152328.2418,,,,,,,,,,
state,32,Kerala,stat,,latest_application,2026-10-08T12:08:30.371+00:00,,,,,,,,,,
state,32,Kerala,stat,,latest_grant,2026-10-01T17:34:39.060+00:00,,,,,,,,,,
state,32,Kerala,stat,,changes_added,0,,,,,,,,,,
state,32,Kerala,stat,,changes_removed,0,,,,,,,,,,
state,32,Kerala,stat,,changes_updated,364,,,,,,,,,,
state,32,Kerala,stat,,changes_status,0,,,,,,,,,,
state,32,Kerala,stat,,compared_with,2026-10-09T20:19:01Z,,,,,,,,,,
state,32,Kerala,stat,,changes_added_active,0,,,,,,,,,,
state,32,Kerala,stat,,changes_removed_active,0,,,,,,,,,,
state,32,Kerala,stat,,changes_updated_active,318,,,,,,,,,,
state,32,Kerala,stat,,changes_status_active,0,,,,,,,,,,
state,32,Kerala,stat,,window_added_active,56,,,,,,,,,,
state,32,Kerala,stat,,window_updated_active,603,,,,,,,,,,
state,32,Kerala,stat,,window_added,56,,,,,,,,,,
state,32,Kerala,stat,,window_updated,763,,,,,,,,,,
state,32,Kerala,stat,,window_since,2025-11-15T12:24:50+05:30,,,,,,,,,,
state,32,Kerala,status,,EC Granted,559,,,,,,,,,,
state,32,Kerala,status,,DELISTED_BY_SYSTEM,388,,,,,,,,,,
state,32,Kerala,status,,(none),283,,,,,,,,,,
state,32,Kerala,status,,Referred to SEIAA,211,,,,,,,,,,
state,32,Kerala,status,,Referred to SEAC,111,,,,,,,,,,
state,32,Kerala,status,,EC Rejected,108,,,,,,,,,,
state,32,Kerala,status,,Under Verification,107,,,,,,,,,,
state,32,Kerala,status,,Proposal Accepted and Referred to SEAC,90,,,,,,,,,,
state,32,Kerala,status,,ToR Granted,90,,,,,,,,,,
state,32,Kerala,status,,Final Diversion Order Issued,88,,,,,,,,,,
state,32,Kerala,status,,EDS raised,45,,,,,,,,,,
state,32,Kerala,status,,TOR Granted,42,,,,,,,,,,
state,32,Kerala,status,,ADS Raised,39,,,,,,,,,,
state,32,Kerala,status,,Pending at DFO for Scrutiny and Recommendation,36,,,,,,,,,,
state,32,Kerala,status,,REMOVED,31,,,,,,,,,,
state,32,Kerala,status,,Standard ToR Granted,30,,,,,,,,,,
state,32,Kerala,status,,Under Examination,26,,,,,,,,,,
state,32,Kerala,status,,Stage-II Accorded,25,,,,,,,,,,
state,32,Kerala,status,,Pending at DFO due to EDS by Nodal Officer,15,,,,,,,,,,
state,32,Kerala,status,,Proposal pulled back (withdrawn),13,,,,,,,,,,
state,32,Kerala,status,,Pending at DFO for Compensatory Levies,11,,,,,,,,,,
state,32,Kerala,status,,Pending at UA due to EDS by DFO,11,,,,,,,,,,
state,32,Kerala,status,,Pending on UA for Compensatory Levies Payment,10,,,,,,,,,,
state,32,Kerala,status,,Pending at PP due to EDS by DFO,10,,,,,,,,,,
state,32,Kerala,status,,Under Examination with SCZMA,10,,,,,,,,,,
state,32,Kerala,status,,Pending at UA for CA Payment and Compliance Report,9,,,,,,,,,,
state,32,Kerala,status,,Application Rejected,9,,,,,,,,,,
state,32,Kerala,status,,Pending at UA for Compensatory Levies Payment and Compliance Report,6,,,,,,,,,,
state,32,Kerala,status,,Pending at UA due to EDS by MS after PSC-I,6,,,,,,,,,,
state,32,Kerala,status,,Proposal returned in present form,6,,,,,,,,,,
state,32,Kerala,status,,Pending at MS for Acceptance in PSC-I,6,,,,,,,,,,
state,32,Kerala,status,,Pending at UA for DFO EDS Reply,6,,,,,,,,,,
state,32,Kerala,status,,Pending at MS SEIAA,5,,,,,,,,,,
state,32,Kerala,status,,CRZ Granted,5,,,,,,,,,,
state,32,Kerala,status,,REJECTED,4,,,,,,,,,,
state,32,Kerala,status,,Withdrawal Request Accepted,4,,,,,,,,,,
state,32,Kerala,status,,Pending at Technical Officer RO for Stage-II Letter,4,,,,,,,,,,
state,32,Kerala,status,,Pending at State Secretary for Recommendation,4,,,,,,,,,,
state,32,Kerala,status,,Pending at Nodal Officer due to EDS by State Secretary,4,,,,,,,,,,
state,32,Kerala,status,,Pending at Nodal Officer for Recommendation,3,,,,,,,,,,
state,32,Kerala,status,,Approval Granted,3,,,,,,,,,,
state,32,Kerala,status,,Pending at PP due to EDS by Nodal Officer,2,,,,,,,,,,
state,32,Kerala,status,,Pending at MS for Proposal Withdraw,2,,,,,,,,,,
state,32,Kerala,status,,Rejected in PSC-I,2,,,,,,,,,,
state,32,Kerala,status,,Accepted and Referred to SCZMA,2,,,,,,,,,,
state,32,Kerala,status,,Recommend to SEIAA/SEAC,2,,,,,,,,,,
state,32,Kerala,status,,Pending at DFO due to EDS by MS After PSC-II,1,,,,,,,,,,
state,32,Kerala,status,,TOR GRANTED,1,,,,,,,,,,
state,32,Kerala,status,,Pending at Nodal Officer for Compliance Review,1,,,,,,,,,,
state,32,Kerala,status,,Proposal Withdrawal Request Accepted,1,,,,,,,,,,
state,32,Kerala,status,,EDS Raised,1,,,,,,,,,,
state,32,Kerala,status,,EDS_REPLIED,1,,,,,,,,,,
state,32,Kerala,status,,Under Examinitaion,1,,,,,,,,,,
state,32,Kerala,status,,GRANTED,1,,,,,,,,,,
state,32,Kerala,status,,Proposal Accepted and Referred to EAC,1,,,,,,,,,,
state,32,Kerala,status,,Pending at UA due to EDS by Nodal Officer,1,,,,,,,,,,
state,32,Kerala,status,,Pending at UA due to EDS by MS after PSC-II,1,,,,,,,,,,
state,32,Kerala,status,,"Pending at State Secretary due to EDS by MoEFCC, HQ",1,,,,,,,,,,
state,32,Kerala,status,,Pending at DFO For Compliance Review,1,,,,,,,,,,
state,32,Kerala,status,,Pending at UA for Compliance Report,1,,,,,,,,,,
state,32,Kerala,status,,Proposal Withdraw Request Accepted,1,,,,,,,,,,
state,32,Kerala,status,,ToR Rejected,1,,,,,,,,,,
state,32,Kerala,status,,Pending at DFO/CF/Nodal Officer after acceptance in PSC-I,1,,,,,,,,,,
state,32,Kerala,status,,"Pending at AIGF - MoEFCC, HQ",1,,,,,,,,,,
state,32,Kerala,applications_by_year,,2022,134,,,,,,,,,,
state,32,Kerala,applications_by_year,,2023,463,,,,,,,,,,
state,32,Kerala,applications_by_year,,2024,520,,,,,,,,,,
state,32,Kerala,applications_by_year,,2025,518,,,,,,,,,,
state,32,Kerala,applications_by_year,,2026,447,,,,,,,,,,
state,32,Kerala,year_granted,,2022,81,,,,,,,,,,
state,32,Kerala,year_granted,,2023,274,,,,,,,,,,
state,32,Kerala,year_granted,,2024,201,,,,,,,,,,
state,32,Kerala,year_granted,,2025,106,,,,,,,,,,
state,32,Kerala,year_granted,,2026,19,,,,,,,,,,
state,32,Kerala,year_tor,,2022,9,,,,,,,,,,
state,32,Kerala,year_tor,,2023,39,,,,,,,,,,
state,32,Kerala,year_tor,,2024,52,,,,,,,,,,
state,32,Kerala,year_tor,,2025,42,,,,,,,,,,
state,32,Kerala,year_tor,,2026,21,,,,,,,,,,
state,32,Kerala,year_pending,,2022,43,,,,,,,,,,
state,32,Kerala,year_pending,,2023,135,,,,,,,,,,
state,32,Kerala,year_pending,,2024,189,,,,,,,,,,
state,32,Kerala,year_pending,,2025,319,,,,,,,,,,
state,32,Kerala,year_pending,,2026,403,,,,,,,,,,
state,32,Kerala,year_rejected,,2022,1,,,,,,,,,,
state,32,Kerala,year_rejected,,2023,12,,,,,,,,,,
state,32,Kerala,year_rejected,,2024,69,,,,,,,,,,
state,32,Kerala,year_rejected,,2025,40,,,,,,,,,,
state,32,Kerala,year_rejected,,2026,2,,,,,,,,,,
state,32,Kerala,year_withdrawn,,2023,3,,,,,,,,,,
state,32,Kerala,year_withdrawn,,2024,9,,,,,,,,,,
state,32,Kerala,year_withdrawn,,2025,11,,,,,,,,,,
state,32,Kerala,year_withdrawn,,2026,2,,,,,,,,,,
state,32,Kerala,year_pc_A,,2022,1,,,,,,,,,,
state,32,Kerala,year_pc_A,,2023,8,,,,,,,,,,
state,32,Kerala,year_pc_A,,2024,3,,,,,,,,,,
state,32,Kerala,year_pc_A,,2025,5,,,,,,,,,,
state,32,Kerala,year_pc_A,,2026,3,,,,,,,,,,
state,32,Kerala,year_pc_B1,,2022,9,,,,,,,,,,
state,32,Kerala,year_pc_B1,,2023,55,,,,,,,,,,
state,32,Kerala,year_pc_B1,,2024,86,,,,,,,,,,
state,32,Kerala,year_pc_B1,,2025,78,,,,,,,,,,
state,32,Kerala,year_pc_B1,,2026,93,,,,,,,,,,
state,32,Kerala,year_pc_B2,,2022,57,,,,,,,,,,
state,32,Kerala,year_pc_B2,,2023,228,,,,,,,,,,
state,32,Kerala,year_pc_B2,,2024,305,,,,,,,,,,
state,32,Kerala,year_pc_B2,,2025,279,,,,,,,,,,
state,32,Kerala,year_pc_B2,,2026,268,,,,,,,,,,
state,32,Kerala,year_pc_OTHER,,2022,67,,,,,,,,,,
state,32,Kerala,year_pc_OTHER,,2023,172,,,,,,,,,,
state,32,Kerala,year_pc_OTHER,,2024,126,,,,,,,,,,
state,32,Kerala,year_pc_OTHER,,2025,156,,,,,,,,,,
state,32,Kerala,year_pc_OTHER,,2026,83,,,,,,,,,,
state,32,Kerala,cube,,2022|granted|B1|ec,1,,,,,,,,,,
state,32,Kerala,cube,,2022|granted|B2|ec,56,,,,,,,,,,
state,32,Kerala,cube,,2022|granted|OTHER|forest,24,,,,,,,,,,
state,32,Kerala,cube,,2022|pending|B2|other,1,,,,,,,,,,
state,32,Kerala,cube,,2022|pending|OTHER|crz,2,,,,,,,,,,
state,32,Kerala,cube,,2022|pending|OTHER|forest,9,,,,,,,,,,
state,32,Kerala,cube,,2022|pending|OTHER|wildlife,31,,,,,,,,,,
state,32,Kerala,cube,,2022|rejected|OTHER|forest,1,,,,,,,,,,
state,32,Kerala,cube,,2022|tor|A|ec,1,,,,,,,,,,
state,32,Kerala,cube,,2022|tor|B1|ec,8,,,,,,,,,,
state,32,Kerala,cube,,2023|granted|A|ec,2,,,,,,,,,,
state,32,Kerala,cube,,2023|granted|A|other,1,,,,,,,,,,
state,32,Kerala,cube,,2023|granted|B1|ec,10,,,,,,,,,,
state,32,Kerala,cube,,2023|granted|B2|ec,185,,,,,,,,,,
state,32,Kerala,cube,,2023|granted|OTHER|crz,1,,,,,,,,,,
state,32,Kerala,cube,,2023|granted|OTHER|forest,75,,,,,,,,,,
state,32,Kerala,cube,,2023|pending|A|ec,1,,,,,,,,,,
state,32,Kerala,cube,,2023|pending|B1|ec,11,,,,,,,,,,
state,32,Kerala,cube,,2023|pending|B2|ec,29,,,,,,,,,,
state,32,Kerala,cube,,2023|pending|B2|other,1,,,,,,,,,,
state,32,Kerala,cube,,2023|pending|OTHER|crz,3,,,,,,,,,,
state,32,Kerala,cube,,2023|pending|OTHER|forest,35,,,,,,,,,,
state,32,Kerala,cube,,2023|pending|OTHER|wildlife,55,,,,,,,,,,
state,32,Kerala,cube,,2023|rejected|B2|ec,9,,,,,,,,,,
state,32,Kerala,cube,,2023|rejected|OTHER|forest,3,,,,,,,,,,
state,32,Kerala,cube,,2023|tor|A|ec,3,,,,,,,,,,
state,32,Kerala,cube,,2023|tor|A|other,1,,,,,,,,,,
state,32,Kerala,cube,,2023|tor|B1|ec,34,,,,,,,,,,
state,32,Kerala,cube,,2023|tor|B2|ec,1,,,,,,,,,,
state,32,Kerala,cube,,2023|withdrawn|B2|ec,3,,,,,,,,,,
state,32,Kerala,cube,,2024|granted|A|ec,1,,,,,,,,,,
state,32,Kerala,cube,,2024|granted|B1|ec,14,,,,,,,,,,
state,32,Kerala,cube,,2024|granted|B1|other,1,,,,,,,,,,
state,32,Kerala,cube,,2024|granted|B2|ec,163,,,,,,,,,,
state,32,Kerala,cube,,2024|granted|B2|other,9,,,,,,,,,,
state,32,Kerala,cube,,2024|granted|OTHER|crz,2,,,,,,,,,,
state,32,Kerala,cube,,2024|granted|OTHER|forest,8,,,,,,,,,,
state,32,Kerala,cube,,2024|granted|OTHER|other,3,,,,,,,,,,
state,32,Kerala,cube,,2024|pending|A|ec,1,,,,,,,,,,
state,32,Kerala,cube,,2024|pending|B1|ec,16,,,,,,,,,,
state,32,Kerala,cube,,2024|pending|B2|ec,60,,,,,,,,,,
state,32,Kerala,cube,,2024|pending|B2|other,3,,,,,,,,,,
state,32,Kerala,cube,,2024|pending|OTHER|crz,1,,,,,,,,,,
state,32,Kerala,cube,,2024|pending|OTHER|forest,31,,,,,,,,,,
state,32,Kerala,cube,,2024|pending|OTHER|other,1,,,,,,,,,,
state,32,Kerala,cube,,2024|pending|OTHER|wildlife,76,,,,,,,,,,
state,32,Kerala,cube,,2024|rejected|B1|ec,2,,,,,,,,,,
state,32,Kerala,cube,,2024|rejected|B2|ec,63,,,,,,,,,,
state,32,Kerala,cube,,2024|rejected|OTHER|forest,2,,,,,,,,,,
state,32,Kerala,cube,,2024|rejected|OTHER|other,2,,,,,,,,,,
state,32,Kerala,cube,,2024|tor|A|ec,1,,,,,,,,,,
state,32,Kerala,cube,,2024|tor|B1|ec,51,,,,,,,,,,
state,32,Kerala,cube,,2024|withdrawn|B1|ec,2,,,,,,,,,,
state,32,Kerala,cube,,2024|withdrawn|B2|ec,7,,,,,,,,,,
state,32,Kerala,cube,,2025|granted|A|ec,1,,,,,,,,,,
state,32,Kerala,cube,,2025|granted|B1|ec,2,,,,,,,,,,
state,32,Kerala,cube,,2025|granted|B1|other,3,,,,,,,,,,
state,32,Kerala,cube,,2025|granted|B2|ec,84,,,,,,,,,,
state,32,Kerala,cube,,2025|granted|B2|other,3,,,,,,,,,,
state,32,Kerala,cube,,2025|granted|OTHER|crz,2,,,,,,,,,,
state,32,Kerala,cube,,2025|granted|OTHER|forest,8,,,,,,,,,,
state,32,Kerala,cube,,2025|granted|OTHER|other,3,,,,,,,,,,
state,32,Kerala,cube,,2025|pending|A|ec,1,,,,,,,,,,
state,32,Kerala,cube,,2025|pending|B1|ec,27,,,,,,,,,,
state,32,Kerala,cube,,2025|pending|B2|ec,156,,,,,,,,,,
state,32,Kerala,cube,,2025|pending|OTHER|crz,6,,,,,,,,,,
state,32,Kerala,cube,,2025|pending|OTHER|forest,31,,,,,,,,,,
state,32,Kerala,cube,,2025|pending|OTHER|other,5,,,,,,,,,,
state,32,Kerala,cube,,2025|pending|OTHER|wildlife,93,,,,,,,,,,
state,32,Kerala,cube,,2025|rejected|B1|ec,3,,,,,,,,,,
state,32,Kerala,cube,,2025|rejected|B2|ec,28,,,,,,,,,,
state,32,Kerala,cube,,2025|rejected|B2|other,1,,,,,,,,,,
state,32,Kerala,cube,,2025|rejected|OTHER|forest,8,,,,,,,,,,
state,32,Kerala,cube,,2025|tor|A|ec,1,,,,,,,,,,
state,32,Kerala,cube,,2025|tor|B1|ec,41,,,,,,,,,,
state,32,Kerala,cube,,2025|withdrawn|A|ec,2,,,,,,,,,,
state,32,Kerala,cube,,2025|withdrawn|B1|ec,2,,,,,,,,,,
state,32,Kerala,cube,,2025|withdrawn|B2|ec,7,,,,,,,,,,
state,32,Kerala,cube,,2026|granted|A|ec,1,,,,,,,,,,
state,32,Kerala,cube,,2026|granted|B2|ec,14,,,,,,,,,,
state,32,Kerala,cube,,2026|granted|B2|other,1,,,,,,,,,,
state,32,Kerala,cube,,2026|granted|OTHER|forest,1,,,,,,,,,,
state,32,Kerala,cube,,2026|granted|OTHER|other,2,,,,,,,,,,
state,32,Kerala,cube,,2026|pending|A|ec,1,,,,,,,,,,
state,32,Kerala,cube,,2026|pending|B1|ec,72,,,,,,,,,,
state,32,Kerala,cube,,2026|pending|B1|other,1,,,,,,,,,,
state,32,Kerala,cube,,2026|pending|B2|ec,239,,,,,,,,,,
state,32,Kerala,cube,,2026|pending|B2|other,11,,,,,,,,,,
state,32,Kerala,cube,,2026|pending|OTHER|crz,4,,,,,,,,,,
state,32,Kerala,cube,,2026|pending|OTHER|forest,47,,,,,,,,,,
state,32,Kerala,cube,,2026|pending|OTHER|other,5,,,,,,,,,,
state,32,Kerala,cube,,2026|pending|OTHER|wildlife,23,,,,,,,,,,
state,32,Kerala,cube,,2026|rejected|B2|other,1,,,,,,,,,,
state,32,Kerala,cube,,2026|rejected|OTHER|forest,1,,,,,,,,,,
state,32,Kerala,cube,,2026|tor|A|ec,1,,,,,,,,,,
state,32,Kerala,cube,,2026|tor|B1|ec,20,,,,,,,,,,
state,32,Kerala,cube,,2026|withdrawn|B2|ec,2,,,,,,,,,,
state,32,Kerala,run,,run_status,ok,,,,,,,,,,
state,32,Kerala,run,,run_date,2026-10-10T05:52:28Z,,,,,,,,,,
state,32,Kerala,run,,run_url,https://github.com/publicmap/parivesh-dashboard/actions/runs/38027443840,,,,,,,,,,
state,32,Kerala,top_recent_ec,1,,,SIA/KL/MIN/444274/2023,GRANITE BUILDING STONE QUARRY PROJECT OF MR. JAISON LUKOSE,JAISON LUKOSE,Kannur,EC Granted,2023-09-13T13:10:19.142+00:00,2026-10-01T17:34:39.060+00:00,110.0,0.943,https://parivesh.nic.in/newupgrade/#/report/ec?proposalId=9679273
state,32,Kerala,top_recent_ec,2,,,SIA/KL/MIN/433026/2023,Laterite Building Stone Quarry of Mohammed Faizal,FAIZAL KOTTARAM,Malappuram,EC Granted,2023-06-12T07:16:06.675+00:00,2026-10-01T16:57:52.943+00:00,6.589,0.1942,https://parivesh.nic.in/newupgrade/#/report/ec?proposalId=6035836
state,32,Kerala,top_recent_ec,3,,,SIA/KL/MIN/433449/2023,Laterite Building Stone Quarry of Jabir,JABIR,Malappuram,EC Granted,2023-06-15T05:41:19.707+00:00,2026-10-01T16:55:09.630+00:00,7.03,0.1942,https://parivesh.nic.in/newupgrade/#/report/ec?proposalId=6125171
state,32,Kerala,top_recent_ec,4,,,SIA/KL/MIN/433198/2023,Laterite Building Stone Quarry of Hussain,HUSSAIN THAIKKADAN,Malappuram,EC Granted,2023-06-13T06:49:44.137+00:00,2026-10-01T16:53:09.787+00:00,6.349,0.1862,https://parivesh.nic.in/newupgrade/#/report/ec?proposalId=6065884
state,32,Kerala,top_recent_ec,5,,,SIA/KL/MIN/446706/2023,Laterite Building Stone Quarry of Muhammad Rajil,MUHAMMAD RAJIL,Malappuram,EC Granted,2023-10-03T06:54:23.385+00:00,2026-10-01T16:49:59.283+00:00,16.7,0.603,https://parivesh.nic.in/newupgrade/#/report/ec?proposalId=14307755
state,32,Kerala,top_recent_ec,6,,,SIA/KL/MIN/433361/2023,Laterite Building Stone Quarry of Jabir,JABIR,Malappuram,EC Granted,2023-06-14T09:07:55.282+00:00,2026-10-01T16:48:21.840+00:00,21.84,0.688,https://parivesh.nic.in/newupgrade/#/report/ec?proposalId=6106509
state,32,Kerala,top_recent_ec,7,,,SIA/KL/MIN/416601/2023,Laterite building stone quarry of Mr. Abdu Razak,ABDU RAZAK,Malappuram,EC Granted,2023-02-01T05:07:07.785+00:00,2026-10-01T16:42:28.800+00:00,30.0,0.9496,https://parivesh.nic.in/newupgrade/#/report/ec?proposalId=2815982
state,32,Kerala,top_recent_ec,8,,,SIA/KL/MIN/456003/2023,Granite building stone M/s. Rudra Stone and Crusher Private Limited,RUDRA STONE AND CRUSHER PRIVATE LIMITED,Thiruvananthapuram,EC Granted,2023-12-19T07:00:01.912+00:00,2026-10-01T16:31:32.460+00:00,170.0,1.6896,https://parivesh.nic.in/newupgrade/#/report/ec?proposalId=32547544
state,32,Kerala,top_recent_ec,9,,,SIA/KL/MIN/457432/2024,Granite Building Stone Quarry of M/s. Crushed Metal Products,CRUSHED METAL PRODUCTS,Palakkad,EC Granted,2024-01-02T09:55:07.911+00:00,2026-10-01T16:29:55.217+00:00,130.0,0.825,https://parivesh.nic.in/newupgrade/#/report/ec?proposalId=35957949
state,32,Kerala,top_recent_ec,10,,,SIA/KL/MIN/401155/2022,Grnaite Building Stone Quarry Project of Mr. J. Madhusoodhanan,MADHUSOODHANAN JAYASEELAN,THIRUVANANTHAPURAM,EC Granted,2022-09-23T07:30:34.368+00:00,2026-10-01T16:26:34.173+00:00,62.15,2.1449,https://parivesh.nic.in/newupgrade/#/report/ec?proposalId=866613
state,32,Kerala,top_cost,1,,,SIA/KL/MIN/592431/2026,Granite building stone quarry project of Shajith V P,SHAJITH V P,Kozhikode,Under Verification,2026-09-17T08:50:54.012+00:00,,5000000.0,2.1305,https://parivesh.nic.in/newupgrade/#/report/ec?proposalId=1241172317
state,32,Kerala,top_cost,2,,,SIA/KL/MIN/585900/2026,LATERITE BUILDING STONE QUARRY OF IBG RED  ROCKS REPRESENTED BY ITS MANAGING PARTNER MUHAMMED JASEEM MK,IBG RED ROCKS,Kozhikode,Proposal Accepted and Referred to SEAC,2026-07-18T09:24:22.471+00:00,,3895000.0,0.993,https://parivesh.nic.in/newupgrade/#/report/ec?proposalId=1235648091
state,32,Kerala,top_cost,3,,,WL/KL/CommPost/583605/2026,TVM 4G Saturation WL_CLEARANCE_Podiyam,MAHESH NAIR,Thiruvananthapuram,,2026-06-29T06:03:05.192+00:00,,1766400.0,0.002,https://parivesh.nic.in/newupgrade/#/report/ec?proposalId=1233575845
state,32,Kerala,top_cost,4,,,WL/KL/CommPost/590864/2026,4G Saturation Trivandrum,MAHESH NAIR,Thiruvananthapuram,,2026-09-01T11:57:05.235+00:00,,1766400.0,0.002,https://parivesh.nic.in/newupgrade/#/report/ec?proposalId=1239892304
state,32,Kerala,top_cost,5,,,WL/KL/CommPost/590939/2026,4G Saturation WL Clearance Trivandrum,MAHESH NAIR,Thiruvananthapuram,,2026-09-02T08:47:45.628+00:00,,1766400.0,0.02,https://parivesh.nic.in/newupgrade/#/report/ec?proposalId=1239961039
state,32,Kerala,top_cost,6,,,SIA/KL/MIN/583866/2026,Laterite building stone quarry of Siyad C V,SIYAD VALAPPINAKATH,Kannur,Proposal Accepted and Referred to SEAC,2026-07-01T07:08:58.217+00:00,,1071000.0,0.4047,https://parivesh.nic.in/newupgrade/#/report/ec?proposalId=1233856703
state,32,Kerala,top_cost,7,,,SIA/KL/MIN/584273/2026,Laterite Building Stone Quarry of Radhakrishnan C M,RADHAKRISHNAN C M,Kannur,Under Verification,2026-07-04T09:39:40.508+00:00,,940200.0,0.4091,https://parivesh.nic.in/newupgrade/#/report/ec?proposalId=1234247087
state,32,Kerala,top_cost,8,,,IA/KL/INFRA1/559618/2025,"Construction of 4/6 laning of Greenfield Outer Ring Road Project, Navaikulam - Thekkada - Vizhinjam section of NH-866 in Thiruvananthapuram District in the State of Kerala",national highways authority of india,Thiruvananthapuram,ToR Granted,2025-11-26T04:59:35.777+00:00,2026-01-14T05:45:59.015+00:00,839846.0,314.05,https://parivesh.nic.in/newupgrade/#/report/ec?proposalId=596365178
state,32,Kerala,top_cost,9,,,IA/KL/INFRA1/583239/2026,"Construction of 4/6 laning of Greenfield Outer Ring Road Project, Navaikulam - Thekkada - Vizhinjam section of NH-866 in Thiruvananthapuram District in the State of Kerala",national highways authority of india,Thiruvananthapuram,EC Granted,2026-06-24T12:39:01.767+00:00,2026-09-30T04:21:32.573+00:00,839846.0,314.05,https://parivesh.nic.in/newupgrade/#/report/ec?proposalId=1233208883
state,32,Kerala,top_cost,10,,,SIA/KL/MIN/583147/2026,laterite Building stone Quarry of Kannur Kallukoth Thozhilali Kshema Sahakarana Sangam LTD - Vellora Village,KANNUR KALLUKOTHU THOZHILALI KSS LTD,Kannur,Proposal Accepted and Referred to SEAC,2026-06-24T06:50:11.681+00:00,,825000.0,0.3885,https://parivesh.nic.in/newupgrade/#/report/ec?proposalId=1233151391
state,32,Kerala,top_land,1,,,SIA/KL/INFRA2/469934/2024,"Proposed Scientific Landfill for KSWMP at Ambalamedu,Ernakulam District, Kerala State",subodh,Ernakulam,ToR Granted,2024-04-19T06:04:22.207+00:00,2024-08-08T10:20:40.132+00:00,30000.0,101171.4,https://parivesh.nic.in/newupgrade/#/report/ec?proposalId=61853990
state,32,Kerala,top_land,2,,,WL/KL/ROAD/455365/2023,Proposed Expansion of Existing Administrative Bank Office Building,THE SOUTH INDIAN BANK LTD.,Ernakulam,,2023-12-13T06:53:46.271+00:00,,12995.0,9117.57,https://parivesh.nic.in/newupgrade/#/report/ec?proposalId=31488271
state,32,Kerala,top_land,3,,,SIA/KL/MIN/498011/2024,laterite Building Stone Quarry of SHARAFUDHEEN S V,sharafudheen s v,Kannur,EC Granted,2024-09-24T04:37:52.835+00:00,2026-08-22T10:49:23.966+00:00,23.4625,8731.0,https://parivesh.nic.in/newupgrade/#/report/ec?proposalId=105190654
state,32,Kerala,top_land,4,,,FP/KL/NONMIND/547248/2025,"Lease Renewal of Kerala Forest Development Corporation,s Forest Plantations",kerala forest development corporation ltd,Thrissur,"Pending at AIGF - MoEFCC, HQ",2025-08-06T08:56:40.606+00:00,,514.17502,7748.441,https://parivesh.nic.in/newupgrade/#/report/ec?proposalId=133531926
state,32,Kerala,top_land,5,,,WL/KL/SRY/438096/2023,"DRIP Phase II - Rehabilitation and improvement basic facilities of Kallada Irrigation Project-Turfing on D/S of saddle dam, Repairs to culvert and bridges at main entrance of the dam and KSEB junction, construction of compound wall with gate and fencing at IB compound, strengthening of hoisting pillars and beam at dam top, survey of reservoirs submergence area",Department of Irrigation,Kollam,,2023-07-26T06:42:42.671+00:00,,54.5708,3179.0,https://parivesh.nic.in/newupgrade/#/report/ec?proposalId=7105518
state,32,Kerala,top_land,6,,,IA/KL/INFRA2/424819/2023,"Development of Greenfield Sabarimala Airport in Erumely in Kottayam District, Kerala",KERALA STATE INDUSTRIAL DEVELOPMENT CORPORATION LIMITED,Pathanamthitta,ToR Granted,2023-04-04T12:04:33.176+00:00,2023-07-28T05:36:41.338+00:00,9.309,1039.876,https://parivesh.nic.in/newupgrade/#/report/ec?proposalId=4415894
state,32,Kerala,top_land,7,,,IA/KL/INFRA2/567825/2026,"Development of Greenfield Sabarimala Airport in Erumely in Kottayam District, Kerala",KERALA STATE INDUSTRIAL DEVELOPMENT CORPORATION LIMITED,Pathanamthitta,Under Examination,2026-02-03T11:44:09.226+00:00,,9.309,1039.876,https://parivesh.nic.in/newupgrade/#/report/ec?proposalId=1218332113
state,32,Kerala,top_land,8,,,FP/KL/OTHERS/542647/2025,THRISSUR DISTRICT PROJECT,Revenue Department,Thrissur,Pending at DFO/CF/Nodal Officer after acceptance in PSC-I,2025-06-25T03:44:18.888+00:00,,0.0,980.1826,https://parivesh.nic.in/newupgrade/#/report/ec?proposalId=130742043
state,32,Kerala,top_land,9,,,IA/KL/INFRA1/427708/2023,"Development of 4/6 lane Thiruvananthapuram-Kottarakara-Kottayam-Angamaly (Green Field) Highway starting from village Koduvazhannoor, Design Ch.0+000 and ends near Angamaly village, Design Ch. 205+120 in Ernakulum district in the state of Kerala, under NHAI. Total Length 205.12 Km",National Highways Authority of India,Kottayam,ToR Granted,2023-05-01T09:17:41.014+00:00,2023-09-01T10:45:43.225+00:00,19.42848,951.04,https://parivesh.nic.in/newupgrade/#/report/ec?proposalId=4995322
state,32,Kerala,top_land,10,,,WL/KL/DeReservation/490231/2024,Proposal for De-notification of the Boundary of Thattekkad Bird Sanctuary by excluding the inhabited area and by Adding and exempting new area from Munnar Forest Division,"Asst.Wildlife Warden, Thattekkad Bird Sanctuary",Ernakulam,,2024-07-29T10:52:59.217+00:00,,0.0,897.25,https://parivesh.nic.in/newupgrade/#/report/ec?proposalId=88601901
state,33,Tamil Nadu,stat,,projects,6698,,,,,,,,,,
state,33,Tamil Nadu,stat,,active_projects,5499,,,,,,,,,,
state,33,Tamil Nadu,stat,,applications,5499,,,,,,,,,,
state,33,Tamil Nadu,stat,,ec_granted,3246,,,,,,,,,,
state,33,Tamil Nadu,stat,,ec_tor,832,,,,,,,,,,
state,33,Tamil Nadu,stat,,ec_pending,1086,,,,,,,,,,
state,33,Tamil Nadu,stat,,ec_rejected,99,,,,,,,,,,
state,33,Tamil Nadu,stat,,ec_withdrawn,236,,,,,,,,,,
state,33,Tamil Nadu,stat,,pc_A,156,,,,,,,,,,
state,33,Tamil Nadu,stat,,pc_B1,1891,,,,,,,,,,
state,33,Tamil Nadu,stat,,pc_B2,2598,,,,,,,,,,
state,33,Tamil Nadu,stat,,pc_OTHER,854,,,,,,,,,,
state,33,Tamil Nadu,stat,,ty_ec,4214,,,,,,,,,,
state,33,Tamil Nadu,stat,,ty_forest,250,,,,,,,,,,
state,33,Tamil Nadu,stat,,ty_wildlife,273,,,,,,,,,,
state,33,Tamil Nadu,stat,,ty_crz,127,,,,,,,,,,
state,33,Tamil Nadu,stat,,ty_other,635,,,,,,,,,,
state,33,Tamil Nadu,stat,,delisted_or_removed,1199,,,,,,,,,,
state,33,Tamil Nadu,stat,,total_cost_lakhs,72653886.24,,,,,,,,,,
state,33,Tamil Nadu,stat,,cost_outliers_excluded,13,,,,,,,,,,
state,33,Tamil Nadu,stat,,total_land_ha,4516891.4291,,,,,,,,,,
state,33,Tamil Nadu,stat,,latest_application,2026-10-08T10:28:38.101+00:00,,,,,,,,,,
state,33,Tamil Nadu,stat,,latest_grant,2026-10-06T21:18:41.160+00:00,,,,,,,,,,
state,33,Tamil Nadu,stat,,changes_added,0,,,,,,,,,,
state,33,Tamil Nadu,stat,,changes_removed,0,,,,,,,,,,
state,33,Tamil Nadu,stat,,changes_updated,654,,,,,,,,,,
state,33,Tamil Nadu,stat,,changes_status,0,,,,,,,,,,
state,33,Tamil Nadu,stat,,compared_with,2026-10-09T20:19:01Z,,,,,,,,,,
state,33,Tamil Nadu,stat,,changes_added_active,0,,,,,,,,,,
state,33,Tamil Nadu,stat,,changes_removed_active,0,,,,,,,,,,
state,33,Tamil Nadu,stat,,changes_updated_active,582,,,,,,,,,,
state,33,Tamil Nadu,stat,,changes_status_active,0,,,,,,,,,,
state,33,Tamil Nadu,stat,,window_added_active,99,,,,,,,,,,
state,33,Tamil Nadu,stat,,window_updated_active,528,,,,,,,,,,
state,33,Tamil Nadu,stat,,window_added,99,,,,,,,,,,
state,33,Tamil Nadu,stat,,window_updated,600,,,,,,,,,,
state,33,Tamil Nadu,stat,,window_since,2026-10-01T03:52:08Z,,,,,,,,,,
state,33,Tamil Nadu,status,,EC Granted,3131,,,,,,,,,,
state,33,Tamil Nadu,status,,DELISTED_BY_SYSTEM,912,,,,,,,,,,
state,33,Tamil Nadu,status,,ToR Granted,557,,,,,,,,,,
state,33,Tamil Nadu,status,,(none),307,,,,,,,,,,
state,33,Tamil Nadu,status,,REMOVED,287,,,,,,,,,,
state,33,Tamil Nadu,status,,TOR Granted,243,,,,,,,,,,
state,33,Tamil Nadu,status,,Proposal returned in present form,204,,,,,,,,,,
state,33,Tamil Nadu,status,,Under Verification,146,,,,,,,,,,
state,33,Tamil Nadu,status,,EDS raised,86,,,,,,,,,,
state,33,Tamil Nadu,status,,ADS Raised,79,,,,,,,,,,
state,33,Tamil Nadu,status,,EC Rejected,76,,,,,,,,,,
state,33,Tamil Nadu,status,,Under Examination,63,,,,,,,,,,
state,33,Tamil Nadu,status,,Final Diversion Order Issued,61,,,,,,,,,,
state,33,Tamil Nadu,status,,Referred to SEIAA,42,,,,,,,,,,
state,33,Tamil Nadu,status,,CRZ Granted,38,,,,,,,,,,
state,33,Tamil Nadu,status,,Referred to SEAC,34,,,,,,,,,,
state,33,Tamil Nadu,status,,Proposal Accepted and Referred to SEAC,31,,,,,,,,,,
state,33,Tamil Nadu,status,,Pending at DFO for Scrutiny and Recommendation,27,,,,,,,,,,
state,33,Tamil Nadu,status,,Under Examination with SCZMA,25,,,,,,,,,,
state,33,Tamil Nadu,status,,Pending at MS SEIAA,24,,,,,,,,,,
state,33,Tamil Nadu,status,,Standard ToR Granted,23,,,,,,,,,,
state,33,Tamil Nadu,status,,Pending at UA due to EDS by DFO,22,,,,,,,,,,
state,33,Tamil Nadu,status,,Recommend to SEIAA/SEAC,21,,,,,,,,,,
state,33,Tamil Nadu,status,,Recommend to Town Planner Authority,20,,,,,,,,,,
state,33,Tamil Nadu,status,,Pending at UA for Compensatory Levies Payment and Compliance Report,18,,,,,,,,,,
state,33,Tamil Nadu,status,,Pending at UA for DFO EDS Reply,17,,,,,,,,,,
state,33,Tamil Nadu,status,,Pending at DFO due to EDS by Nodal Officer,16,,,,,,,,,,
state,33,Tamil Nadu,status,,Pending at MS for Proposal Withdraw,15,,,,,,,,,,
state,33,Tamil Nadu,status,,Proposal pulled back (withdrawn),15,,,,,,,,,,
state,33,Tamil Nadu,status,,Pending on UA for Compensatory Levies Payment,13,,,,,,,,,,
state,33,Tamil Nadu,status,,ToR Rejected,13,,,,,,,,,,
state,33,Tamil Nadu,status,,Withdrawal Request Accepted,11,,,,,,,,,,
state,33,Tamil Nadu,status,,Pending at UA due to EDS by MS after PSC-I,10,,,,,,,,,,
state,33,Tamil Nadu,status,,EDS Raised,10,,,,,,,,,,
state,33,Tamil Nadu,status,,TOR GRANTED,9,,,,,,,,,,
state,33,Tamil Nadu,status,,Granted,9,,,,,,,,,,
state,33,Tamil Nadu,status,,Pending at Nodal Officer for Recommendation,9,,,,,,,,,,
state,33,Tamil Nadu,status,,Pending at PP due to EDS by DFO,7,,,,,,,,,,
state,33,Tamil Nadu,status,,Stage-II Accorded,7,,,,,,,,,,
state,33,Tamil Nadu,status,,Pending at Nodal Officer due to EDS by State Secretary,6,,,,,,,,,,
state,33,Tamil Nadu,status,,Rejected in PSC-I,5,,,,,,,,,,
state,33,Tamil Nadu,status,,REJECTED,4,,,,,,,,,,
state,33,Tamil Nadu,status,,Proposal Withdrawal Request Accepted,4,,,,,,,,,,
state,33,Tamil Nadu,status,,Pending at UA due to Delisting by Authority,4,,,,,,,,,,
state,33,Tamil Nadu,status,,Return to UA,2,,,,,,,,,,
state,33,Tamil Nadu,status,,Forwarded to MS,2,,,,,,,,,,
state,33,Tamil Nadu,status,,Pending at State Secretary for Recommendation after PSC-II,2,,,,,,,,,,
state,33,Tamil Nadu,status,,Pending at DFO for Compensatory Levies,2,,,,,,,,,,
state,33,Tamil Nadu,status,,Pending at State Secretary for Recommendation,2,,,,,,,,,,
state,33,Tamil Nadu,status,,Pending at DFO/CF after acceptance in PSC-I,2,,,,,,,,,,
state,33,Tamil Nadu,status,,Pending at PP due to EDS by Nodal Officer,2,,,,,,,,,,
state,33,Tamil Nadu,status,,Pending at Nodal Officer for Compliance Review,2,,,,,,,,,,
state,33,Tamil Nadu,status,,Pending at Nodal for Compensatory Levies Review,2,,,,,,,,,,
state,33,Tamil Nadu,status,,Proposal Accepted and Referred to EAC,2,,,,,,,,,,
state,33,Tamil Nadu,status,,Referred to EAC,2,,,,,,,,,,
state,33,Tamil Nadu,status,,Pending at State Secretary due to EDS by IRO,1,,,,,,,,,,
state,33,Tamil Nadu,status,,Pending at MS,1,,,,,,,,,,
state,33,Tamil Nadu,status,,Pending at State Secretary for Compliance Review,1,,,,,,,,,,
state,33,Tamil Nadu,status,,Forwarded to USS SEIAA,1,,,,,,,,,,
state,33,Tamil Nadu,status,,Pending at DIGF RO for Stage-II Letter,1,,,,,,,,,,
state,33,Tamil Nadu,status,,Pending at UA for Compliance Report,1,,,,,,,,,,
state,33,Tamil Nadu,status,,Pending at UA due to EDS by CF,1,,,,,,,,,,
state,33,Tamil Nadu,status,,Pending at DFO for Compliance Review,1,,,,,,,,,,
state,33,Tamil Nadu,status,,Application Rejected,1,,,,,,,,,,
state,33,Tamil Nadu,status,,Forwarded to USS,1,,,,,,,,,,
state,33,Tamil Nadu,status,,Query Raised,1,,,,,,,,,,
state,33,Tamil Nadu,status,,Pending at State Secretary due to EDS by RO,1,,,,,,,,,,
state,33,Tamil Nadu,status,,Pending at DFO for Issue Approval letter,1,,,,,,,,,,
state,33,Tamil Nadu,status,,Pending at MS for Acceptance in PSC-I,1,,,,,,,,,,
state,33,Tamil Nadu,status,,EDS Under Examination,1,,,,,,,,,,
state,33,Tamil Nadu,applications_by_year,,2022,288,,,,,,,,,,
state,33,Tamil Nadu,applications_by_year,,2023,1270,,,,,,,,,,
state,33,Tamil Nadu,applications_by_year,,2024,1246,,,,,,,,,,
state,33,Tamil Nadu,applications_by_year,,2025,1612,,,,,,,,,,
state,33,Tamil Nadu,applications_by_year,,2026,1083,,,,,,,,,,
state,33,Tamil Nadu,year_granted,,2022,206,,,,,,,,,,
state,33,Tamil Nadu,year_granted,,2023,778,,,,,,,,,,
state,33,Tamil Nadu,year_granted,,2024,829,,,,,,,,,,
state,33,Tamil Nadu,year_granted,,2025,1025,,,,,,,,,,
state,33,Tamil Nadu,year_granted,,2026,408,,,,,,,,,,
state,33,Tamil Nadu,year_tor,,2022,64,,,,,,,,,,
state,33,Tamil Nadu,year_tor,,2023,229,,,,,,,,,,
state,33,Tamil Nadu,year_tor,,2024,191,,,,,,,,,,
state,33,Tamil Nadu,year_tor,,2025,232,,,,,,,,,,
state,33,Tamil Nadu,year_tor,,2026,116,,,,,,,,,,
state,33,Tamil Nadu,year_pending,,2022,16,,,,,,,,,,
state,33,Tamil Nadu,year_pending,,2023,221,,,,,,,,,,
state,33,Tamil Nadu,year_pending,,2024,152,,,,,,,,,,
state,33,Tamil Nadu,year_pending,,2025,205,,,,,,,,,,
state,33,Tamil Nadu,year_pending,,2026,492,,,,,,,,,,
state,33,Tamil Nadu,year_rejected,,2023,24,,,,,,,,,,
state,33,Tamil Nadu,year_rejected,,2024,27,,,,,,,,,,
state,33,Tamil Nadu,year_rejected,,2025,38,,,,,,,,,,
state,33,Tamil Nadu,year_rejected,,2026,10,,,,,,,,,,
state,33,Tamil Nadu,year_withdrawn,,2022,2,,,,,,,,,,
state,33,Tamil Nadu,year_withdrawn,,2023,18,,,,,,,,,,
state,33,Tamil Nadu,year_withdrawn,,2024,47,,,,,,,,,,
state,33,Tamil Nadu,year_withdrawn,,2025,112,,,,,,,,,,
state,33,Tamil Nadu,year_withdrawn,,2026,57,,,,,,,,,,
state,33,Tamil Nadu,year_pc_A,,2022,8,,,,,,,,,,
state,33,Tamil Nadu,year_pc_A,,2023,35,,,,,,,,,,
state,33,Tamil Nadu,year_pc_A,,2024,47,,,,,,,,,,
state,33,Tamil Nadu,year_pc_A,,2025,39,,,,,,,,,,
state,33,Tamil Nadu,year_pc_A,,2026,27,,,,,,,,,,
state,33,Tamil Nadu,year_pc_B1,,2022,126,,,,,,,,,,
state,33,Tamil Nadu,year_pc_B1,,2023,492,,,,,,,,,,
state,33,Tamil Nadu,year_pc_B1,,2024,443,,,,,,,,,,
state,33,Tamil Nadu,year_pc_B1,,2025,510,,,,,,,,,,
state,33,Tamil Nadu,year_pc_B1,,2026,320,,,,,,,,,,
state,33,Tamil Nadu,year_pc_B2,,2022,136,,,,,,,,,,
state,33,Tamil Nadu,year_pc_B2,,2023,594,,,,,,,,,,
state,33,Tamil Nadu,year_pc_B2,,2024,559,,,,,,,,,,
state,33,Tamil Nadu,year_pc_B2,,2025,790,,,,,,,,,,
state,33,Tamil Nadu,year_pc_B2,,2026,519,,,,,,,,,,
state,33,Tamil Nadu,year_pc_OTHER,,2022,18,,,,,,,,,,
state,33,Tamil Nadu,year_pc_OTHER,,2023,149,,,,,,,,,,
state,33,Tamil Nadu,year_pc_OTHER,,2024,197,,,,,,,,,,
state,33,Tamil Nadu,year_pc_OTHER,,2025,273,,,,,,,,,,
state,33,Tamil Nadu,year_pc_OTHER,,2026,217,,,,,,,,,,
state,33,Tamil Nadu,cube,,2022|granted|A|ec,4,,,,,,,,,,
state,33,Tamil Nadu,cube,,2022|granted|B1|ec,62,,,,,,,,,,
state,33,Tamil Nadu,cube,,2022|granted|B1|other,2,,,,,,,,,,
state,33,Tamil Nadu,cube,,2022|granted|B2|ec,135,,,,,,,,,,
state,33,Tamil Nadu,cube,,2022|granted|OTHER|forest,3,,,,,,,,,,
state,33,Tamil Nadu,cube,,2022|pending|B1|ec,1,,,,,,,,,,
state,33,Tamil Nadu,cube,,2022|pending|OTHER|crz,4,,,,,,,,,,
state,33,Tamil Nadu,cube,,2022|pending|OTHER|forest,4,,,,,,,,,,
state,33,Tamil Nadu,cube,,2022|pending|OTHER|wildlife,7,,,,,,,,,,
state,33,Tamil Nadu,cube,,2022|tor|A|ec,4,,,,,,,,,,
state,33,Tamil Nadu,cube,,2022|tor|B1|ec,60,,,,,,,,,,
state,33,Tamil Nadu,cube,,2022|withdrawn|B1|other,1,,,,,,,,,,
state,33,Tamil Nadu,cube,,2022|withdrawn|B2|other,1,,,,,,,,,,
state,33,Tamil Nadu,cube,,2023|granted|A|ec,7,,,,,,,,,,
state,33,Tamil Nadu,cube,,2023|granted|A|other,5,,,,,,,,,,
state,33,Tamil Nadu,cube,,2023|granted|B1|ec,209,,,,,,,,,,
state,33,Tamil Nadu,cube,,2023|granted|B1|other,8,,,,,,,,,,
state,33,Tamil Nadu,cube,,2023|granted|B2|ec,489,,,,,,,,,,
state,33,Tamil Nadu,cube,,2023|granted|B2|other,11,,,,,,,,,,
state,33,Tamil Nadu,cube,,2023|granted|OTHER|crz,9,,,,,,,,,,
state,33,Tamil Nadu,cube,,2023|granted|OTHER|forest,40,,,,,,,,,,
state,33,Tamil Nadu,cube,,2023|pending|B1|ec,51,,,,,,,,,,
state,33,Tamil Nadu,cube,,2023|pending|B1|other,1,,,,,,,,,,
state,33,Tamil Nadu,cube,,2023|pending|B2|ec,71,,,,,,,,,,
state,33,Tamil Nadu,cube,,2023|pending|B2|other,2,,,,,,,,,,
state,33,Tamil Nadu,cube,,2023|pending|OTHER|crz,12,,,,,,,,,,
state,33,Tamil Nadu,cube,,2023|pending|OTHER|forest,17,,,,,,,,,,
state,33,Tamil Nadu,cube,,2023|pending|OTHER|other,2,,,,,,,,,,
state,33,Tamil Nadu,cube,,2023|pending|OTHER|wildlife,65,,,,,,,,,,
state,33,Tamil Nadu,cube,,2023|rejected|B1|ec,4,,,,,,,,,,
state,33,Tamil Nadu,cube,,2023|rejected|B1|other,4,,,,,,,,,,
state,33,Tamil Nadu,cube,,2023|rejected|B2|ec,12,,,,,,,,,,
state,33,Tamil Nadu,cube,,2023|rejected|B2|other,2,,,,,,,,,,
state,33,Tamil Nadu,cube,,2023|rejected|OTHER|forest,2,,,,,,,,,,
state,33,Tamil Nadu,cube,,2023|tor|A|ec,14,,,,,,,,,,
state,33,Tamil Nadu,cube,,2023|tor|B1|ec,208,,,,,,,,,,
state,33,Tamil Nadu,cube,,2023|tor|B1|other,4,,,,,,,,,,
state,33,Tamil Nadu,cube,,2023|tor|B2|ec,3,,,,,,,,,,
state,33,Tamil Nadu,cube,,2023|withdrawn|A|ec,6,,,,,,,,,,
state,33,Tamil Nadu,cube,,2023|withdrawn|A|other,3,,,,,,,,,,
state,33,Tamil Nadu,cube,,2023|withdrawn|B1|ec,3,,,,,,,,,,
state,33,Tamil Nadu,cube,,2023|withdrawn|B2|ec,2,,,,,,,,,,
state,33,Tamil Nadu,cube,,2023|withdrawn|B2|other,2,,,,,,,,,,
state,33,Tamil Nadu,cube,,2023|withdrawn|OTHER|other,2,,,,,,,,,,
state,33,Tamil Nadu,cube,,2024|granted|A|ec,6,,,,,,,,,,
state,33,Tamil Nadu,cube,,2024|granted|A|other,6,,,,,,,,,,
state,33,Tamil Nadu,cube,,2024|granted|B1|ec,194,,,,,,,,,,
state,33,Tamil Nadu,cube,,2024|granted|B1|other,35,,,,,,,,,,
state,33,Tamil Nadu,cube,,2024|granted|B2|ec,453,,,,,,,,,,
state,33,Tamil Nadu,cube,,2024|granted|B2|other,55,,,,,,,,,,
state,33,Tamil Nadu,cube,,2024|granted|OTHER|crz,11,,,,,,,,,,
state,33,Tamil Nadu,cube,,2024|granted|OTHER|forest,18,,,,,,,,,,
state,33,Tamil Nadu,cube,,2024|granted|OTHER|other,51,,,,,,,,,,
state,33,Tamil Nadu,cube,,2024|pending|A|ec,3,,,,,,,,,,
state,33,Tamil Nadu,cube,,2024|pending|A|other,1,,,,,,,,,,
state,33,Tamil Nadu,cube,,2024|pending|B1|ec,17,,,,,,,,,,
state,33,Tamil Nadu,cube,,2024|pending|B1|other,3,,,,,,,,,,
state,33,Tamil Nadu,cube,,2024|pending|B2|ec,12,,,,,,,,,,
state,33,Tamil Nadu,cube,,2024|pending|B2|other,4,,,,,,,,,,
state,33,Tamil Nadu,cube,,2024|pending|OTHER|crz,19,,,,,,,,,,
state,33,Tamil Nadu,cube,,2024|pending|OTHER|forest,24,,,,,,,,,,
state,33,Tamil Nadu,cube,,2024|pending|OTHER|other,11,,,,,,,,,,
state,33,Tamil Nadu,cube,,2024|pending|OTHER|wildlife,58,,,,,,,,,,
state,33,Tamil Nadu,cube,,2024|rejected|B1|ec,3,,,,,,,,,,
state,33,Tamil Nadu,cube,,2024|rejected|B1|other,3,,,,,,,,,,
state,33,Tamil Nadu,cube,,2024|rejected|B2|ec,18,,,,,,,,,,
state,33,Tamil Nadu,cube,,2024|rejected|B2|other,1,,,,,,,,,,
state,33,Tamil Nadu,cube,,2024|rejected|OTHER|forest,1,,,,,,,,,,
state,33,Tamil Nadu,cube,,2024|rejected|OTHER|other,1,,,,,,,,,,
state,33,Tamil Nadu,cube,,2024|tor|A|ec,17,,,,,,,,,,
state,33,Tamil Nadu,cube,,2024|tor|B1|ec,156,,,,,,,,,,
state,33,Tamil Nadu,cube,,2024|tor|B1|other,17,,,,,,,,,,
state,33,Tamil Nadu,cube,,2024|tor|B2|ec,1,,,,,,,,,,
state,33,Tamil Nadu,cube,,2024|withdrawn|A|ec,8,,,,,,,,,,
state,33,Tamil Nadu,cube,,2024|withdrawn|A|other,6,,,,,,,,,,
state,33,Tamil Nadu,cube,,2024|withdrawn|B1|ec,11,,,,,,,,,,
state,33,Tamil Nadu,cube,,2024|withdrawn|B1|other,4,,,,,,,,,,
state,33,Tamil Nadu,cube,,2024|withdrawn|B2|ec,10,,,,,,,,,,
state,33,Tamil Nadu,cube,,2024|withdrawn|B2|other,5,,,,,,,,,,
state,33,Tamil Nadu,cube,,2024|withdrawn|OTHER|crz,1,,,,,,,,,,
state,33,Tamil Nadu,cube,,2024|withdrawn|OTHER|other,2,,,,,,,,,,
state,33,Tamil Nadu,cube,,2025|granted|A|ec,12,,,,,,,,,,
state,33,Tamil Nadu,cube,,2025|granted|A|other,10,,,,,,,,,,
state,33,Tamil Nadu,cube,,2025|granted|B1|ec,210,,,,,,,,,,
state,33,Tamil Nadu,cube,,2025|granted|B1|other,34,,,,,,,,,,
state,33,Tamil Nadu,cube,,2025|granted|B2|ec,621,,,,,,,,,,
state,33,Tamil Nadu,cube,,2025|granted|B2|other,51,,,,,,,,,,
state,33,Tamil Nadu,cube,,2025|granted|OTHER|crz,15,,,,,,,,,,
state,33,Tamil Nadu,cube,,2025|granted|OTHER|forest,7,,,,,,,,,,
state,33,Tamil Nadu,cube,,2025|granted|OTHER|other,65,,,,,,,,,,
state,33,Tamil Nadu,cube,,2025|pending|B1|ec,9,,,,,,,,,,
state,33,Tamil Nadu,cube,,2025|pending|B1|other,4,,,,,,,,,,
state,33,Tamil Nadu,cube,,2025|pending|B2|ec,22,,,,,,,,,,
state,33,Tamil Nadu,cube,,2025|pending|B2|other,3,,,,,,,,,,
state,33,Tamil Nadu,cube,,2025|pending|OTHER|crz,19,,,,,,,,,,
state,33,Tamil Nadu,cube,,2025|pending|OTHER|forest,56,,,,,,,,,,
state,33,Tamil Nadu,cube,,2025|pending|OTHER|other,10,,,,,,,,,,
state,33,Tamil Nadu,cube,,2025|pending|OTHER|wildlife,82,,,,,,,,,,
state,33,Tamil Nadu,cube,,2025|rejected|B1|ec,9,,,,,,,,,,
state,33,Tamil Nadu,cube,,2025|rejected|B1|other,2,,,,,,,,,,
state,33,Tamil Nadu,cube,,2025|rejected|B2|ec,16,,,,,,,,,,
state,33,Tamil Nadu,cube,,2025|rejected|B2|other,1,,,,,,,,,,
state,33,Tamil Nadu,cube,,2025|rejected|OTHER|forest,5,,,,,,,,,,
state,33,Tamil Nadu,cube,,2025|rejected|OTHER|other,5,,,,,,,,,,
state,33,Tamil Nadu,cube,,2025|tor|A|ec,8,,,,,,,,,,
state,33,Tamil Nadu,cube,,2025|tor|A|other,1,,,,,,,,,,
state,33,Tamil Nadu,cube,,2025|tor|B1|ec,209,,,,,,,,,,
state,33,Tamil Nadu,cube,,2025|tor|B1|other,14,,,,,,,,,,
state,33,Tamil Nadu,cube,,2025|withdrawn|A|ec,6,,,,,,,,,,
state,33,Tamil Nadu,cube,,2025|withdrawn|A|other,2,,,,,,,,,,
state,33,Tamil Nadu,cube,,2025|withdrawn|B1|ec,10,,,,,,,,,,
state,33,Tamil Nadu,cube,,2025|withdrawn|B1|other,9,,,,,,,,,,
state,33,Tamil Nadu,cube,,2025|withdrawn|B2|ec,64,,,,,,,,,,
state,33,Tamil Nadu,cube,,2025|withdrawn|B2|other,12,,,,,,,,,,
state,33,Tamil Nadu,cube,,2025|withdrawn|OTHER|crz,3,,,,,,,,,,
state,33,Tamil Nadu,cube,,2025|withdrawn|OTHER|other,6,,,,,,,,,,
state,33,Tamil Nadu,cube,,2026|granted|A|ec,4,,,,,,,,,,
state,33,Tamil Nadu,cube,,2026|granted|A|other,1,,,,,,,,,,
state,33,Tamil Nadu,cube,,2026|granted|B1|ec,88,,,,,,,,,,
state,33,Tamil Nadu,cube,,2026|granted|B1|other,14,,,,,,,,,,
state,33,Tamil Nadu,cube,,2026|granted|B2|ec,232,,,,,,,,,,
state,33,Tamil Nadu,cube,,2026|granted|B2|other,36,,,,,,,,,,
state,33,Tamil Nadu,cube,,2026|granted|OTHER|crz,3,,,,,,,,,,
state,33,Tamil Nadu,cube,,2026|granted|OTHER|other,30,,,,,,,,,,
state,33,Tamil Nadu,cube,,2026|pending|A|ec,8,,,,,,,,,,
state,33,Tamil Nadu,cube,,2026|pending|A|other,2,,,,,,,,,,
state,33,Tamil Nadu,cube,,2026|pending|B1|ec,80,,,,,,,,,,
state,33,Tamil Nadu,cube,,2026|pending|B1|other,13,,,,,,,,,,
state,33,Tamil Nadu,cube,,2026|pending|B2|ec,193,,,,,,,,,,
state,33,Tamil Nadu,cube,,2026|pending|B2|other,20,,,,,,,,,,
state,33,Tamil Nadu,cube,,2026|pending|OTHER|crz,31,,,,,,,,,,
state,33,Tamil Nadu,cube,,2026|pending|OTHER|forest,71,,,,,,,,,,
state,33,Tamil Nadu,cube,,2026|pending|OTHER|other,13,,,,,,,,,,
state,33,Tamil Nadu,cube,,2026|pending|OTHER|wildlife,61,,,,,,,,,,
state,33,Tamil Nadu,cube,,2026|rejected|B1|ec,2,,,,,,,,,,
state,33,Tamil Nadu,cube,,2026|rejected|B2|ec,5,,,,,,,,,,
state,33,Tamil Nadu,cube,,2026|rejected|OTHER|forest,2,,,,,,,,,,
state,33,Tamil Nadu,cube,,2026|rejected|OTHER|other,1,,,,,,,,,,
state,33,Tamil Nadu,cube,,2026|tor|A|ec,8,,,,,,,,,,
state,33,Tamil Nadu,cube,,2026|tor|B1|ec,104,,,,,,,,,,
state,33,Tamil Nadu,cube,,2026|tor|B1|other,4,,,,,,,,,,
state,33,Tamil Nadu,cube,,2026|withdrawn|A|ec,2,,,,,,,,,,
state,33,Tamil Nadu,cube,,2026|withdrawn|A|other,2,,,,,,,,,,
state,33,Tamil Nadu,cube,,2026|withdrawn|B1|ec,11,,,,,,,,,,
state,33,Tamil Nadu,cube,,2026|withdrawn|B1|other,4,,,,,,,,,,
state,33,Tamil Nadu,cube,,2026|withdrawn|B2|ec,27,,,,,,,,,,
state,33,Tamil Nadu,cube,,2026|withdrawn|B2|other,6,,,,,,,,,,
state,33,Tamil Nadu,cube,,2026|withdrawn|OTHER|other,5,,,,,,,,,,
state,33,Tamil Nadu,run,,run_status,ok,,,,,,,,,,
state,33,Tamil Nadu,run,,run_date,2026-10-10T05:52:28Z,,,,,,,,,,
state,33,Tamil Nadu,run,,run_url,https://github.com/publicmap/parivesh-dashboard/actions/runs/38027443840,,,,,,,,,,
state,33,Tamil Nadu,top_recent_ec,1,,,SIA/TN/IND1/435843/2023,Expansion Of Grey And Ductile Iron Castings  Manufacturing,DANBLOCK BRAKES INDIA PRIVATE LIMITED,Thiruvallur,EC Granted,2023-07-06T10:36:47.585+00:00,2026-10-06T21:18:41.160+00:00,16500.0,6.28,https://parivesh.nic.in/newupgrade/#/report/ec?proposalId=6596371
state,33,Tamil Nadu,top_recent_ec,2,,,IA/TN/INFRA1/574564/2026,"Proposed Infrastructure Developments at L&T Complex, Kattupalli",Larsen & Toubro Limited - L&T Shipbuilding,Thiruvallur,EC Granted,2026-04-03T10:48:31.139+00:00,2026-09-30T04:29:12.058+00:00,1.0,361.03,https://parivesh.nic.in/newupgrade/#/report/ec?proposalId=1223291184
state,33,Tamil Nadu,top_recent_ec,3,,,SIA/TN/INFRA2/573205/2026,Construction of an Additional Industrial shed,DUROFLEX LIMITED,Krishnagiri,EC Granted,2026-03-21T13:29:15.273+00:00,2026-09-29T15:03:23.072+00:00,7643.0,4.5543,https://parivesh.nic.in/newupgrade/#/report/ec?proposalId=1222315230
state,33,Tamil Nadu,top_recent_ec,4,,,SIA/TN/MIN/544122/2025,Proposed Rough stone Quarry of Thiru.G.Aravindhraj,G ARVINDHARAJ,Viluppuram,EC Granted,2025-07-08T08:02:34.310+00:00,2026-09-29T15:01:33.023+00:00,121.7,1.47,https://parivesh.nic.in/newupgrade/#/report/ec?proposalId=131708482
state,33,Tamil Nadu,top_recent_ec,5,,,SIA/TN/MIN/555819/2025,Vaigundam Village Quartz and Feldspar Quarry,VELS MINERALS LLP,Salem,EC Granted,2025-10-23T09:14:40.806+00:00,2026-09-29T14:58:27.052+00:00,31.0,2.075,https://parivesh.nic.in/newupgrade/#/report/ec?proposalId=138486739
state,33,Tamil Nadu,top_recent_ec,6,,,SIA/TN/MIN/462767/2024,M/s Sri Vari Granite Quarry over an extent of 4.95.0 Hectares,SRI VARI GRANITE,Krishnagiri,EC Granted,2024-02-14T05:18:44.247+00:00,2026-09-29T14:56:44.202+00:00,162.42,4.95,https://parivesh.nic.in/newupgrade/#/report/ec?proposalId=46726733
state,33,Tamil Nadu,top_recent_ec,7,,,SIA/TN/MIN/588521/2026,Rough Stone and Gravel Quarry Project Belongs to Tmt. M. Tiruveni,M TRIVENI,KAnchipuram,EC Granted,2026-08-10T07:30:52.955+00:00,2026-09-29T14:54:30.847+00:00,1217.7,2.625,https://parivesh.nic.in/newupgrade/#/report/ec?proposalId=1237981881
state,33,Tamil Nadu,top_recent_ec,8,,,SIA/TN/MIN/588415/2026,"SIRUTHAMUR VILLAGE, Rough Stone and Gravel Quarry Belongs to Thiru. P.R.S. Saravanaraj",P R S SARAVANA RAJ,KAnchipuram,EC Granted,2026-08-08T10:42:09.814+00:00,2026-09-29T14:53:15.500+00:00,3.13,3.84,https://parivesh.nic.in/newupgrade/#/report/ec?proposalId=1237864373
state,33,Tamil Nadu,top_recent_ec,9,,,SIA/TN/MIN/588359/2026,"SIRUTHAMUR VILLAGE, Rough Stone and Gravel Quarry Project Belongs to Thiru. R. Rajangam",RAJAMANI RAJANGAM,KAnchipuram,EC Granted,2026-08-08T06:43:23.850+00:00,2026-09-29T14:51:04.008+00:00,96.0,2.205,https://parivesh.nic.in/newupgrade/#/report/ec?proposalId=1237843901
state,33,Tamil Nadu,top_recent_ec,10,,,SIA/TN/INFRA2/586334/2026,Cyber Pearl Information Technology Park Private Limited,CYBER PEARL INFORMATION TECHNOLOGY PARK PRIVATE LIMITED,Chengalpattu,EC Granted,2026-07-22T13:56:05.197+00:00,2026-09-29T14:29:23.225+00:00,16000.0,7.3612,https://parivesh.nic.in/newupgrade/#/report/ec?proposalId=1236087520
state,33,Tamil Nadu,top_cost,1,,,SIA/TN/MIN/575189/2026,Thiru. G. Muthugovindan Rough Stone and Gravel Quarry,G MUTHUGOVINDAN,Theni,EC Granted,2026-04-09T09:18:33.070+00:00,2026-09-18T12:45:36.954+00:00,9608000.0,4.355,https://parivesh.nic.in/newupgrade/#/report/ec?proposalId=1223838722
state,33,Tamil Nadu,top_cost,2,,,SIA/TN/MIN/592685/2026,Thammanur Village Rough Stone and Gravel Quarry,MUGUNTHAN R,KAnchipuram,Proposal Accepted and Referred to SEAC,2026-09-19T10:44:42.047+00:00,,9076000.0,8.79,https://parivesh.nic.in/newupgrade/#/report/ec?proposalId=1241374560
state,33,Tamil Nadu,top_cost,3,,,SIA/TN/MIN/586574/2026,Udaiyalippatti Rough Stone and Gravel Quarry Project Belongs to Thiru. R. Asokan,R ASOKAN,Pudukkottai,Referred to SEIAA,2026-07-24T10:52:06.107+00:00,,8476000.0,2.45,https://parivesh.nic.in/newupgrade/#/report/ec?proposalId=1236291696
state,33,Tamil Nadu,top_cost,4,,,SIA/TN/MIN/583612/2026,Vavipalayam Gravel Quarry Project Belongs to Thriu. K.B. Parathasarathi,PARTHASARATHI,Tiruppur,EC Granted,2026-06-29T06:23:34.916+00:00,2026-09-16T12:56:44.435+00:00,4707000.0,1.94,https://parivesh.nic.in/newupgrade/#/report/ec?proposalId=1233579035
state,33,Tamil Nadu,top_cost,5,,,SIA/TN/MIN/594336/2026,Karisalpatti Village Multi Colour Granite Quarry Project Belongs to Tvl. S.J. Natural Minerals,S J NATURAL MINERALS,Virudhunagar,Under Verification,2026-10-05T10:36:48.944+00:00,,4550000.0,7.56,https://parivesh.nic.in/newupgrade/#/report/ec?proposalId=1244116588
state,33,Tamil Nadu,top_cost,6,,,SIA/TN/MIN/587788/2026,Thazhampattu Fireclay Quarry Project Belongs to Thiru. V. Tamizhselvan,tamizhselvan,Cuddalore,Pending at MS SEIAA,2026-08-04T06:58:41.201+00:00,,1730000.0,1.16,https://parivesh.nic.in/newupgrade/#/report/ec?proposalId=1237413810
state,33,Tamil Nadu,top_cost,7,,,WL/TN/SRY/585841/2026,NOC,k nataraj,KAnchipuram,,2026-07-17T18:08:33.035+00:00,,1150000.0,0.704,https://parivesh.nic.in/newupgrade/#/report/ec?proposalId=1235593698
state,33,Tamil Nadu,top_cost,8,,,SIA/TN/INFRA2/583828/2026,"Integrated 5GW Solar Cell Manufacturing along with associated utilities Building at Thoothukudi SIPCOT, Tamil Nadu",ZETSOL ENERGY PRIVATE LIMITED,Thoothukkudi,EC Granted,2026-06-30T16:21:05.206+00:00,2026-09-03T13:06:44.091+00:00,415138.0,28.6,https://parivesh.nic.in/newupgrade/#/report/ec?proposalId=1233803125
state,33,Tamil Nadu,top_cost,9,,,FP/TN/Pipeline/593273/2026,Laying of Pipe line from Kaveri river to Ground level reservoir tank in Gunaseelam panchayat of Musiri Panchayat Union in Trichy District of Gunaseelam Reserve Land,JAKIR HUSSAIN,Tiruchirappalli,Pending at DFO for Scrutiny and Recommendation,2026-09-24T12:45:23.272+00:00,,337000.0,0.008,https://parivesh.nic.in/newupgrade/#/report/ec?proposalId=1243294768
state,33,Tamil Nadu,top_cost,10,,,SIA/TN/MIN/590837/2026,Devannagoundanur Village Limestone Quarry Project Belongs to Thiru. J. Mohankumar,MOHANKUMAR J,Salem,ADS Raised,2026-09-01T10:41:08.218+00:00,,188650.0,3.455,https://parivesh.nic.in/newupgrade/#/report/ec?proposalId=1239879569
state,33,Tamil Nadu,top_land,1,,,SIA/TN/INFRA2/487817/2024,Proposed Expansion of Industrial Shed,SANMINA-SCI TECHNOLOGY INDIA PRIVATE LIMITED,KAnchipuram,EC Granted,2024-07-15T05:11:56.647+00:00,2024-09-21T10:22:41.805+00:00,32784.49,404687.0,https://parivesh.nic.in/newupgrade/#/report/ec?proposalId=84459697
state,33,Tamil Nadu,top_land,2,,,SIA/TN/INFRA2/536414/2025,"Proposed Construction of Industrial Building for Manufacturing of Mattresses, PU Foam & Furniture by M/s. Nilkamal Limited",NILKAMAL LIMITED,Krishnagiri,EC Granted,2025-05-05T01:05:34.452+00:00,2025-07-03T08:17:01.276+00:00,50459.0,309989.48,https://parivesh.nic.in/newupgrade/#/report/ec?proposalId=126244890
state,33,Tamil Nadu,top_land,3,,,SIA/TN/INFRA2/561315/2025,Proposed Expansion in Construction of Institutional Buildings,Karpaga Vinayaga Educational Trust,Chengalpattu,EC Granted,2025-12-10T12:08:18.557+00:00,2026-07-21T11:21:55.511+00:00,16108.51,283849.81,https://parivesh.nic.in/newupgrade/#/report/ec?proposalId=940459578
state,33,Tamil Nadu,top_land,4,,,SIA/TN/INFRA2/583393/2026,Proposed Expansion of Industrial shed by M/s. Anugraha Fashion Mill Private Limited,ANUGRAHA FASHION MILL PRIVATE LIMITED,Tiruppur,ADS Raised,2026-06-26T04:44:06.276+00:00,,24240.86,240682.0,https://parivesh.nic.in/newupgrade/#/report/ec?proposalId=1233377253
state,33,Tamil Nadu,top_land,5,,,SIA/TN/INFRA2/537507/2025,Proposed Expansion of Existing Industrial Building for Manufacturing of Dump Trucks & Mining vehicles by M/s. Komatsu India Private Limited,KoMATSU INDIA Private limited,KAnchipuram,EC Granted,2025-05-13T13:34:53.858+00:00,2025-09-30T11:46:24.517+00:00,58052.0,240473.0,https://parivesh.nic.in/newupgrade/#/report/ec?proposalId=126873256
state,33,Tamil Nadu,top_land,6,,,SIA/TN/IND3/515574/2024,"Proposed expansion of Integrated paints from 15,500 TPM to 28,140 TPM by Kansai Nerolac Paints Limited at Plot no. E- 17, SIPCOT Industrial Complex, Phase-II and Extension-II, Hosur Taluk, Krishnagiri District",KANSAI NEROLAC PAINTS LIMITED,Krishnagiri,ToR Granted,2024-12-21T09:36:37.563+00:00,2025-06-16T15:27:54.729+00:00,44800.0,215139.0,https://parivesh.nic.in/newupgrade/#/report/ec?proposalId=115443537
state,33,Tamil Nadu,top_land,7,,,SIA/TN/IND3/581964/2026,"Proposed expansion of Integrated paints from 15,500 TPM to 28,140 TPM by Kansai Nerolac Paints Limited at Plot no. E- 17, SIPCOT Industrial Complex, Phase-II and Extension-II, Hosur Taluk, Krishnagiri District",KANSAI NEROLAC PAINTS LIMITED,Krishnagiri,EC Granted,2026-06-12T06:50:42.738+00:00,2026-09-18T13:03:17.647+00:00,44800.0,215139.0,https://parivesh.nic.in/newupgrade/#/report/ec?proposalId=1231876707
state,33,Tamil Nadu,top_land,8,,,SIA/TN/INFRA2/577342/2026,Proposed Expansion of Industrial Buildings by M/s. Maragathammbal Industrial and Logistics Park Private Limited,MARAGATHAMMBAL INDUSTRIAL AND LOGISTICS PARK PRIVATE LIMITED,Krishnagiri,Referred to SEAC,2026-04-29T06:13:27.180+00:00,,22290.0,195241.0,https://parivesh.nic.in/newupgrade/#/report/ec?proposalId=1225885564
state,33,Tamil Nadu,top_land,9,,,SIA/TN/INFRA2/539545/2025,Proposed Construction of Industrial Buildings for Manufacturing and Light Engineering Assembly Unit by M/s YUKI WAREHOUSING PVT LTD & M/s YUKI REALTY DEVELOPERS PVT LTD,YUKI REALTY developers private limited,Thiruvallur,EC Granted,2025-05-29T06:48:19.825+00:00,2025-09-14T05:16:38.899+00:00,38884.0,191396.0,https://parivesh.nic.in/newupgrade/#/report/ec?proposalId=128430864
state,33,Tamil Nadu,top_land,10,,,SIA/TN/INFRA2/563312/2025,Revalidation for Construction of Residential Township,SHRIPROP STRUCTURES PRIVATE LIMITED,Chengalpattu,ToR Granted,2025-12-27T06:30:19.095+00:00,2026-03-17T12:53:49.001+00:00,39600.0,146160.07,https://parivesh.nic.in/newupgrade/#/report/ec?proposalId=1209900258
state,34,Puducherry,stat,,projects,139,,,,,,,,,,
state,34,Puducherry,stat,,active_projects,107,,,,,,,,,,
state,34,Puducherry,stat,,applications,107,,,,,,,,,,
state,34,Puducherry,stat,,ec_granted,45,,,,,,,,,,
state,34,Puducherry,stat,,ec_tor,15,,,,,,,,,,
state,34,Puducherry,stat,,ec_pending,44,,,,,,,,,,
state,34,Puducherry,stat,,ec_rejected,0,,,,,,,,,,
state,34,Puducherry,stat,,ec_withdrawn,3,,,,,,,,,,
state,34,Puducherry,stat,,pc_A,18,,,,,,,,,,
state,34,Puducherry,stat,,pc_B1,9,,,,,,,,,,
state,34,Puducherry,stat,,pc_B2,5,,,,,,,,,,
state,34,Puducherry,stat,,pc_OTHER,75,,,,,,,,,,
state,34,Puducherry,stat,,ty_ec,30,,,,,,,,,,
state,34,Puducherry,stat,,ty_forest,1,,,,,,,,,,
state,34,Puducherry,stat,,ty_wildlife,6,,,,,,,,,,
state,34,Puducherry,stat,,ty_crz,68,,,,,,,,,,
state,34,Puducherry,stat,,ty_other,2,,,,,,,,,,
state,34,Puducherry,stat,,delisted_or_removed,32,,,,,,,,,,
state,34,Puducherry,stat,,total_cost_lakhs,1160882.25,,,,,,,,,,
state,34,Puducherry,stat,,cost_outliers_excluded,0,,,,,,,,,,
state,34,Puducherry,stat,,total_land_ha,2065.556,,,,,,,,,,
state,34,Puducherry,stat,,latest_application,2026-09-19T07:46:56.323+00:00,,,,,,,,,,
state,34,Puducherry,stat,,latest_grant,2026-09-28T09:59:44.691+00:00,,,,,,,,,,
state,34,Puducherry,stat,,changes_added,0,,,,,,,,,,
state,34,Puducherry,stat,,changes_removed,0,,,,,,,,,,
state,34,Puducherry,stat,,changes_updated,59,,,,,,,,,,
state,34,Puducherry,stat,,changes_status,0,,,,,,,,,,
state,34,Puducherry,stat,,compared_with,2026-10-09T20:19:01Z,,,,,,,,,,
state,34,Puducherry,stat,,changes_added_active,0,,,,,,,,,,
state,34,Puducherry,stat,,changes_removed_active,0,,,,,,,,,,
state,34,Puducherry,stat,,changes_updated_active,42,,,,,,,,,,
state,34,Puducherry,stat,,changes_status_active,0,,,,,,,,,,
state,34,Puducherry,stat,,window_added_active,2,,,,,,,,,,
state,34,Puducherry,stat,,window_updated_active,49,,,,,,,,,,
state,34,Puducherry,stat,,window_added,2,,,,,,,,,,
state,34,Puducherry,stat,,window_updated,69,,,,,,,,,,
state,34,Puducherry,stat,,window_since,2025-09-22T10:48:43+05:30,,,,,,,,,,
state,34,Puducherry,status,,CRZ Granted,35,,,,,,,,,,
state,34,Puducherry,status,,DELISTED_BY_SYSTEM,32,,,,,,,,,,
state,34,Puducherry,status,,Under Examination with SCZMA,11,,,,,,,,,,
state,34,Puducherry,status,,EC Granted,10,,,,,,,,,,
state,34,Puducherry,status,,Referred to SCZMA,9,,,,,,,,,,
state,34,Puducherry,status,,Standard ToR Granted,8,,,,,,,,,,
state,34,Puducherry,status,,Recommend to Town Planner Authority,8,,,,,,,,,,
state,34,Puducherry,status,,(none),7,,,,,,,,,,
state,34,Puducherry,status,,ToR Granted,4,,,,,,,,,,
state,34,Puducherry,status,,TOR GRANTED,3,,,,,,,,,,
state,34,Puducherry,status,,Withdrawal Request Accepted,2,,,,,,,,,,
state,34,Puducherry,status,,EDS Raised,2,,,,,,,,,,
state,34,Puducherry,status,,Under Examination,2,,,,,,,,,,
state,34,Puducherry,status,,EDS raised,1,,,,,,,,,,
state,34,Puducherry,status,,Pending at DFO for Scrutiny and Recommendation,1,,,,,,,,,,
state,34,Puducherry,status,,Proposal returned in present form,1,,,,,,,,,,
state,34,Puducherry,status,,Accepted and Referred to SCZMA,1,,,,,,,,,,
state,34,Puducherry,status,,ADS Raised,1,,,,,,,,,,
state,34,Puducherry,status,,Under Examination with SCEIA,1,,,,,,,,,,
state,34,Puducherry,applications_by_year,,2022,3,,,,,,,,,,
state,34,Puducherry,applications_by_year,,2023,16,,,,,,,,,,
state,34,Puducherry,applications_by_year,,2024,33,,,,,,,,,,
state,34,Puducherry,applications_by_year,,2025,33,,,,,,,,,,
state,34,Puducherry,applications_by_year,,2026,22,,,,,,,,,,
state,34,Puducherry,year_granted,,2022,1,,,,,,,,,,
state,34,Puducherry,year_granted,,2023,3,,,,,,,,,,
state,34,Puducherry,year_granted,,2024,11,,,,,,,,,,
state,34,Puducherry,year_granted,,2025,21,,,,,,,,,,
state,34,Puducherry,year_granted,,2026,9,,,,,,,,,,
state,34,Puducherry,year_tor,,2022,1,,,,,,,,,,
state,34,Puducherry,year_tor,,2023,8,,,,,,,,,,
state,34,Puducherry,year_tor,,2024,2,,,,,,,,,,
state,34,Puducherry,year_tor,,2025,3,,,,,,,,,,
state,34,Puducherry,year_tor,,2026,1,,,,,,,,,,
state,34,Puducherry,year_pending,,2022,1,,,,,,,,,,
state,34,Puducherry,year_pending,,2023,3,,,,,,,,,,
state,34,Puducherry,year_pending,,2024,20,,,,,,,,,,
state,34,Puducherry,year_pending,,2025,8,,,,,,,,,,
state,34,Puducherry,year_pending,,2026,12,,,,,,,,,,
state,34,Puducherry,year_withdrawn,,2023,2,,,,,,,,,,
state,34,Puducherry,year_withdrawn,,2025,1,,,,,,,,,,
state,34,Puducherry,year_pc_A,,2022,2,,,,,,,,,,
state,34,Puducherry,year_pc_A,,2023,7,,,,,,,,,,
state,34,Puducherry,year_pc_A,,2024,2,,,,,,,,,,
state,34,Puducherry,year_pc_A,,2025,7,,,,,,,,,,
state,34,Puducherry,year_pc_B1,,2023,4,,,,,,,,,,
state,34,Puducherry,year_pc_B1,,2025,2,,,,,,,,,,
state,34,Puducherry,year_pc_B1,,2026,3,,,,,,,,,,
state,34,Puducherry,year_pc_B2,,2023,2,,,,,,,,,,
state,34,Puducherry,year_pc_B2,,2024,1,,,,,,,,,,
state,34,Puducherry,year_pc_B2,,2025,2,,,,,,,,,,
state,34,Puducherry,year_pc_OTHER,,2022,1,,,,,,,,,,
state,34,Puducherry,year_pc_OTHER,,2023,3,,,,,,,,,,
state,34,Puducherry,year_pc_OTHER,,2024,30,,,,,,,,,,
state,34,Puducherry,year_pc_OTHER,,2025,22,,,,,,,,,,
state,34,Puducherry,year_pc_OTHER,,2026,19,,,,,,,,,,
state,34,Puducherry,cube,,2022|granted|A|ec,1,,,,,,,,,,
state,34,Puducherry,cube,,2022|pending|OTHER|wildlife,1,,,,,,,,,,
state,34,Puducherry,cube,,2022|tor|A|ec,1,,,,,,,,,,
state,34,Puducherry,cube,,2023|granted|A|ec,2,,,,,,,,,,
state,34,Puducherry,cube,,2023|granted|B2|ec,1,,,,,,,,,,
state,34,Puducherry,cube,,2023|pending|OTHER|crz,1,,,,,,,,,,
state,34,Puducherry,cube,,2023|pending|OTHER|wildlife,2,,,,,,,,,,
state,34,Puducherry,cube,,2023|tor|A|ec,2,,,,,,,,,,
state,34,Puducherry,cube,,2023|tor|A|other,2,,,,,,,,,,
state,34,Puducherry,cube,,2023|tor|B1|ec,4,,,,,,,,,,
state,34,Puducherry,cube,,2023|withdrawn|A|ec,1,,,,,,,,,,
state,34,Puducherry,cube,,2023|withdrawn|B2|ec,1,,,,,,,,,,
state,34,Puducherry,cube,,2024|granted|B2|ec,1,,,,,,,,,,
state,34,Puducherry,cube,,2024|granted|OTHER|crz,10,,,,,,,,,,
state,34,Puducherry,cube,,2024|pending|OTHER|crz,19,,,,,,,,,,
state,34,Puducherry,cube,,2024|pending|OTHER|wildlife,1,,,,,,,,,,
state,34,Puducherry,cube,,2024|tor|A|ec,2,,,,,,,,,,
state,34,Puducherry,cube,,2025|granted|A|ec,2,,,,,,,,,,
state,34,Puducherry,cube,,2025|granted|B1|ec,1,,,,,,,,,,
state,34,Puducherry,cube,,2025|granted|B2|ec,2,,,,,,,,,,
state,34,Puducherry,cube,,2025|granted|OTHER|crz,16,,,,,,,,,,
state,34,Puducherry,cube,,2025|pending|A|ec,2,,,,,,,,,,
state,34,Puducherry,cube,,2025|pending|OTHER|crz,3,,,,,,,,,,
state,34,Puducherry,cube,,2025|pending|OTHER|forest,1,,,,,,,,,,
state,34,Puducherry,cube,,2025|pending|OTHER|wildlife,2,,,,,,,,,,
state,34,Puducherry,cube,,2025|tor|A|ec,2,,,,,,,,,,
state,34,Puducherry,cube,,2025|tor|B1|ec,1,,,,,,,,,,
state,34,Puducherry,cube,,2025|withdrawn|A|ec,1,,,,,,,,,,
state,34,Puducherry,cube,,2026|granted|OTHER|crz,9,,,,,,,,,,
state,34,Puducherry,cube,,2026|pending|B1|ec,2,,,,,,,,,,
state,34,Puducherry,cube,,2026|pending|OTHER|crz,10,,,,,,,,,,
state,34,Puducherry,cube,,2026|tor|B1|ec,1,,,,,,,,,,
state,34,Puducherry,run,,run_status,ok,,,,,,,,,,
state,34,Puducherry,run,,run_date,2026-10-10T05:52:28Z,,,,,,,,,,
state,34,Puducherry,run,,run_url,https://github.com/publicmap/parivesh-dashboard/actions/runs/38027443840,,,,,,,,,,
state,34,Puducherry,top_recent_ec,1,,,IA/PY/CRZ/571103/2026,"Proposed a stilt + 4 storied Commercial Hotel of build up area of 507.14 sqm. at R.S.No. 239pt, T.S.Nos. 105/1/A & 105/1/B, Ward ‐ D, Block No.25, Door No. 2, Junction of  Ambour salai (HM Kasim Salai), Candappa Mudaliar Street, Puducherry with 12 rooms and parking at stilt floor",LATCHOUMI,Puducherry,CRZ Granted,2026-03-02T15:34:15.922+00:00,2026-09-28T09:59:44.691+00:00,334.1,0.025,https://parivesh.nic.in/newupgrade/#/report/ec?proposalId=1220685231
state,34,Puducherry,top_recent_ec,2,,,IA/PY/CRZ/531661/2025,Proposed Construction of Two storeyed Heritage building Restoration,Jean paul rajarathnam,Puducherry,CRZ Granted,2025-03-27T13:35:20.480+00:00,2026-09-28T07:52:28.201+00:00,151.0,0.043,https://parivesh.nic.in/newupgrade/#/report/ec?proposalId=123694523
state,34,Puducherry,top_recent_ec,3,,,IA/PY/CRZ/567659/2026,Proposed Construction Four storeyed commercial building ( 1 Shop & 13 Rooms after demolishing the existing single storeyed building,s. sivagnanam,Puducherry,CRZ Granted,2026-02-02T10:44:06.011+00:00,2026-08-19T12:43:10.783+00:00,4.98,0.0,https://parivesh.nic.in/newupgrade/#/report/ec?proposalId=1218206529
state,34,Puducherry,top_recent_ec,4,,,IA/PY/CRZ/572687/2026,"Proposed additional construction of second floor commercial building to the existing building (Guest House) at R.S. No:239, pt, T.S.No.2, Ward – D, Block No. 30, Door No. 15A, Bazaar Saint Laurent Street, Puducherry Revenue Village, Puducherry Municipality, Puducherry By Ms. A. Manjula",s. sivagnanam,Puducherry,CRZ Granted,2026-03-17T09:02:16.403+00:00,2026-08-19T11:58:36.753+00:00,1905.0,0.0,https://parivesh.nic.in/newupgrade/#/report/ec?proposalId=1221944313
state,34,Puducherry,top_recent_ec,5,,,SIA/PY/INFRA2/563136/2026,Construction of Additional buildings for Existing Auto Electrical components manufacturing unit,LUCAS TVS LIMITED,Puducherry,EC Granted,2025-12-26T05:54:13.630+00:00,2026-07-21T06:14:01.109+00:00,14640.4,12.454,https://parivesh.nic.in/newupgrade/#/report/ec?proposalId=1209345413
state,34,Puducherry,top_recent_ec,6,,,IA/PY/CRZ/570294/2026,Proposed Construction of Three Storied Residential Flats Building,selvanathan,Puducherry,CRZ Granted,2026-02-24T11:11:14.176+00:00,2026-07-16T06:57:04.861+00:00,86.0,0.0,https://parivesh.nic.in/newupgrade/#/report/ec?proposalId=1220182617
state,34,Puducherry,top_recent_ec,7,,,IA/PY/CRZ/560942/2025,Proposed construction of two storeyed Comercial building,saradha,Puducherry,CRZ Granted,2025-12-08T04:42:11.907+00:00,2026-07-16T06:55:18.341+00:00,49.52,0.0271,https://parivesh.nic.in/newupgrade/#/report/ec?proposalId=879900778
state,34,Puducherry,top_recent_ec,8,,,IA/PY/CRZ/566905/2026,Proposed Construction of Two Storied Commercial Building,K Suresh,Puducherry,CRZ Granted,2026-01-27T08:28:55.609+00:00,2026-07-16T06:53:16.957+00:00,250.5276213,0.105,https://parivesh.nic.in/newupgrade/#/report/ec?proposalId=1217645746
state,34,Puducherry,top_recent_ec,9,,,IA/PY/CRZ/562573/2025,Proposed Construction of a two storied Residential Building (3 Dwelling Units) after Demolishing the Existing Two Storeyed Madras Terraced Roof Building,mouhamad isack,Puducherry,CRZ Granted,2025-12-21T13:00:46.626+00:00,2026-07-16T06:51:13.600+00:00,353.578,0.0329,https://parivesh.nic.in/newupgrade/#/report/ec?proposalId=1142104378
state,34,Puducherry,top_recent_ec,10,,,IA/PY/CRZ/535492/2025,"Proposed Construction of Three Storeyed Residential Building at R.S. No. 239 (pt), T.S. No. 19/1, Ward - D, Block No. 30",s. sivagnanam,Puducherry,CRZ Granted,2025-04-26T10:30:09.642+00:00,2026-07-16T06:26:22.533+00:00,230.0,0.0197,https://parivesh.nic.in/newupgrade/#/report/ec?proposalId=125693782
state,34,Puducherry,top_cost,1,,,IA/PY/IND2/518048/2025,Proposed Ethylene Dichloride (EDC) Manufacturing Unit,CHEMPLAST SANMAR LIMITED,Karaikal,Standard ToR Granted,2025-01-10T10:24:22.636+00:00,2025-01-22T07:34:07.022+00:00,80000.0,13.3146,https://parivesh.nic.in/newupgrade/#/report/ec?proposalId=117283558
state,34,Puducherry,top_cost,2,,,IA/PY/IND3/518091/2025,Proposed Difluoromethane (R-32) Manufacturing Unit,CHEMPLAST SANMAR LIMITED,Karaikal,Standard ToR Granted,2025-01-10T12:37:45.363+00:00,2025-01-17T03:09:10.635+00:00,80000.0,13.3146,https://parivesh.nic.in/newupgrade/#/report/ec?proposalId=117311571
state,34,Puducherry,top_cost,3,,,IA/PY/IND3/529760/2025,Proposed Difluoromethane (R-32) Manufacturing Unit,CHEMPLAST SANMAR LIMITED,Karaikal,EC Granted,2025-03-17T06:53:26.794+00:00,2025-06-18T16:38:04.170+00:00,80000.0,13.3146,https://parivesh.nic.in/newupgrade/#/report/ec?proposalId=122517439
state,34,Puducherry,top_cost,4,,,IA/PY/IND2/529969/2025,Proposed Ethylene Dichloride (EDC) Manufacturing Unit,CHEMPLAST SANMAR LIMITED,Karaikal,Proposal returned in present form,2025-03-18T07:02:22.855+00:00,,80000.0,13.3146,https://parivesh.nic.in/newupgrade/#/report/ec?proposalId=122625858
state,34,Puducherry,top_cost,5,,,IA/PY/IND2/538306/2025,Proposed Ethylene Dichloride (EDC) Manufacturing Unit,CHEMPLAST SANMAR LIMITED,Karaikal,EC Granted,2025-05-20T06:08:58.856+00:00,2025-07-05T14:35:59.214+00:00,80000.0,13.3146,https://parivesh.nic.in/newupgrade/#/report/ec?proposalId=127384892
state,34,Puducherry,top_cost,6,,,IA/PY/IND3/465603/2024,Expansion of Caustic Soda Manufacturing Unit of Chemplast Sanmar Limited-Karaikal,CHEMPLAST SANMAR LIMITED,Karaikal,ToR Granted,2023-07-14T06:34:56.217+00:00,2024-07-30T13:17:10.674+00:00,66400.0,15.79,https://parivesh.nic.in/newupgrade/#/report/ec?proposalId=52739482
state,34,Puducherry,top_cost,7,,,IA/PY/IND3/436691/2023,Expansion of Caustic Soda Manufacturing Unit of Chemplast Sanmar Limited-Karaikal,CHEMPLAST SANMAR LIMITED,Karaikal,Standard ToR Granted,2023-07-14T06:34:56.217+00:00,2023-09-10T09:07:25.936+00:00,61400.0,16.188,https://parivesh.nic.in/newupgrade/#/report/ec?proposalId=6786904
state,34,Puducherry,top_cost,8,,,IA/PY/IND2/436960/2023,Expansion of EDC Manufacturing Unit of Chemplast Sanmar Limited-Karaikal,CHEMPLAST SANMAR LIMITED,Karaikal,ToR Granted,2023-07-17T06:17:05.817+00:00,2023-09-21T04:38:36.373+00:00,61400.0,15.79,https://parivesh.nic.in/newupgrade/#/report/ec?proposalId=6851166
state,34,Puducherry,top_cost,9,,,IA/PY/IND2/459318/2024,Expansion of EDC Manufacturing Unit of Chemplast Sanmar Limited-Karaikal,CHEMPLAST SANMAR LIMITED,Karaikal,ToR Granted,2023-07-17T06:17:05.817+00:00,2024-06-18T06:14:15.752+00:00,61400.0,15.79,https://parivesh.nic.in/newupgrade/#/report/ec?proposalId=39750481
state,34,Puducherry,top_cost,10,,,IA/PY/IND3/555425/2026,Expansion of Caustic Soda Manufacturing Unit of Chemplast Sanmar Limited-Karaikal,CHEMPLAST SANMAR LIMITED,Karaikal,EDS Raised,2025-10-16T12:03:43.488+00:00,,61400.0,16.188,https://parivesh.nic.in/newupgrade/#/report/ec?proposalId=138240280
state,34,Puducherry,top_land,1,,,IA/PY/CRZ/468733/2024,Proposed construction of two storey residential building,DHEENADAYALAN,Puducherry,Referred to SCZMA,2024-04-08T10:22:38.597+00:00,,34.17,968.0,https://parivesh.nic.in/newupgrade/#/report/ec?proposalId=59685948
state,34,Puducherry,top_land,2,,,SIA/PY/INFRA2/587769/2026,"“Proposed Industrial Estate in Sedarapet & Karasur Villages, Villianur Taluk & Puducherry UT over an extent of 630.78 Acres”",PIPDIC Limited,Puducherry,Under Examination with SCEIA,2026-08-04T05:44:06.900+00:00,,301.93,255.27,https://parivesh.nic.in/newupgrade/#/report/ec?proposalId=1237398695
state,34,Puducherry,top_land,3,,,IA/PY/INFRA1/500606/2024,"Master Plan of Karaikal Port, Vanjore village, Karaikal district, Puducherry",karaikal port private limited,Karaikal,ToR Granted,2024-10-10T11:15:36.294+00:00,2024-12-16T05:44:49.088+00:00,22.2528375,243.0,https://parivesh.nic.in/newupgrade/#/report/ec?proposalId=109492876
state,34,Puducherry,top_land,4,,,WL/PY/INFRA/436474/2023,“Proposed expansion and modifications in existing premises of Jawaharlal Institute of Postgraduate Medical Education and Research (JIPMER)”,JIPMER,Puducherry,,2023-07-12T09:53:13.545+00:00,,1.6535524,77.76,https://parivesh.nic.in/newupgrade/#/report/ec?proposalId=6736129
state,34,Puducherry,top_land,5,,,WL/PY/INFRA/432124/2023,“Proposed Expansion and Modification in Existing Premises”,JIPMER,Puducherry,,2023-06-03T09:48:12.695+00:00,,1.3940635000000001,77.726,https://parivesh.nic.in/newupgrade/#/report/ec?proposalId=5857760
state,34,Puducherry,top_land,6,,,IA/PY/CRZ/536277/2025,"Coastal Protection Measures on sea erosion for Chinnakalapet, Periyakalapet, Pillaichavady, Pillaichavady North, Ganapathychettikulam in Puducherry",OFFICE OF THE EXECUTIVE ENGINEER IRRIGATION DIVISION PWD,Puducherry,Under Examination with SCZMA,2025-05-03T06:37:36.883+00:00,,3307.0,37.5,https://parivesh.nic.in/newupgrade/#/report/ec?proposalId=126175692
state,34,Puducherry,top_land,7,,,SIA/PY/INFRA2/535101/2025,“PROPOSED ADDITIONAL CONSTRUCTION OF NEW BUILDINGS TO THE EXISTING BUILDINGS OF INDUSTRIAL BUILDINGS” IN THE NAME OF M/S. MRF LIMITED,M/S MRF LTD.,Puducherry,Standard ToR Granted,2025-04-24T05:18:56.230+00:00,2025-05-08T05:21:07.589+00:00,2.81852,31.12,https://parivesh.nic.in/newupgrade/#/report/ec?proposalId=125493663
state,34,Puducherry,top_land,8,,,SIA/PY/INFRA2/542030/2025,“PROPOSED ADDITIONAL CONSTRUCTION OF NEW BUILDINGS TO THE EXISTING BUILDINGS OF INDUSTRIAL BUILDINGS” IN THE NAME OF M/S. MRF LIMITED,M/S MRF LTD.,Puducherry,EC Granted,2025-06-19T07:10:06.603+00:00,2026-06-08T13:36:31.667+00:00,2.81852,31.12,https://parivesh.nic.in/newupgrade/#/report/ec?proposalId=130278289
state,34,Puducherry,top_land,9,,,IA/PY/CRZ/549607/2025,"Proposed Development of Smart and Integrated Fishing Harbour in Ward-L, Block-7, T.S.No.15, R.S No.199, Karukalacherry, Oduthurai Revenue Village, Karaikal Municipality, Karaikal District, Union Territory of Puducherry",A Mohamad ismail,Karaikal,CRZ Granted,2025-08-28T12:11:52.589+00:00,2026-02-19T10:32:34.256+00:00,35218.68,28.25,https://parivesh.nic.in/newupgrade/#/report/ec?proposalId=135132983
state,34,Puducherry,top_land,10,,,SIA/PY/INFRA2/466936/2024,Proposed Expansion of Additional construction of Hospital components in the existing Medical College campus by M/s Sri Balaji Vidyapeeth,SRI BALAJI VIDYAPEETH,Puducherry,EC Granted,2024-03-22T07:20:08.205+00:00,2024-07-31T06:08:08.517+00:00,41914.0,18.6479,https://parivesh.nic.in/newupgrade/#/report/ec?proposalId=55060967
state,35,Andaman And Nicobar Islands,stat,,projects,144,,,,,,,,,,
state,35,Andaman And Nicobar Islands,stat,,active_projects,91,,,,,,,,,,
state,35,Andaman And Nicobar Islands,stat,,applications,91,,,,,,,,,,
state,35,Andaman And Nicobar Islands,stat,,ec_granted,55,,,,,,,,,,
state,35,Andaman And Nicobar Islands,stat,,ec_tor,1,,,,,,,,,,
state,35,Andaman And Nicobar Islands,stat,,ec_pending,33,,,,,,,,,,
state,35,Andaman And Nicobar Islands,stat,,ec_rejected,0,,,,,,,,,,
state,35,Andaman And Nicobar Islands,stat,,ec_withdrawn,2,,,,,,,,,,
state,35,Andaman And Nicobar Islands,stat,,pc_A,6,,,,,,,,,,
state,35,Andaman And Nicobar Islands,stat,,pc_B1,0,,,,,,,,,,
state,35,Andaman And Nicobar Islands,stat,,pc_B2,17,,,,,,,,,,
state,35,Andaman And Nicobar Islands,stat,,pc_OTHER,68,,,,,,,,,,
state,35,Andaman And Nicobar Islands,stat,,ty_ec,17,,,,,,,,,,
state,35,Andaman And Nicobar Islands,stat,,ty_forest,40,,,,,,,,,,
state,35,Andaman And Nicobar Islands,stat,,ty_wildlife,5,,,,,,,,,,
state,35,Andaman And Nicobar Islands,stat,,ty_crz,23,,,,,,,,,,
state,35,Andaman And Nicobar Islands,stat,,ty_other,6,,,,,,,,,,
state,35,Andaman And Nicobar Islands,stat,,delisted_or_removed,53,,,,,,,,,,
state,35,Andaman And Nicobar Islands,stat,,total_cost_lakhs,970851.65,,,,,,,,,,
state,35,Andaman And Nicobar Islands,stat,,cost_outliers_excluded,0,,,,,,,,,,
state,35,Andaman And Nicobar Islands,stat,,total_land_ha,3947438.1547,,,,,,,,,,
state,35,Andaman And Nicobar Islands,stat,,latest_application,2026-10-07T17:10:12.400+00:00,,,,,,,,,,
state,35,Andaman And Nicobar Islands,stat,,latest_grant,2026-07-22T11:02:05.307+00:00,,,,,,,,,,
state,35,Andaman And Nicobar Islands,stat,,changes_added,0,,,,,,,,,,
state,35,Andaman And Nicobar Islands,stat,,changes_removed,0,,,,,,,,,,
state,35,Andaman And Nicobar Islands,stat,,changes_updated,18,,,,,,,,,,
state,35,Andaman And Nicobar Islands,stat,,changes_status,0,,,,,,,,,,
state,35,Andaman And Nicobar Islands,stat,,compared_with,2026-10-09T20:19:01Z,,,,,,,,,,
state,35,Andaman And Nicobar Islands,stat,,changes_added_active,0,,,,,,,,,,
state,35,Andaman And Nicobar Islands,stat,,changes_removed_active,0,,,,,,,,,,
state,35,Andaman And Nicobar Islands,stat,,changes_updated_active,12,,,,,,,,,,
state,35,Andaman And Nicobar Islands,stat,,changes_status_active,0,,,,,,,,,,
state,35,Andaman And Nicobar Islands,stat,,window_added_active,4,,,,,,,,,,
state,35,Andaman And Nicobar Islands,stat,,window_updated_active,29,,,,,,,,,,
state,35,Andaman And Nicobar Islands,stat,,window_added,4,,,,,,,,,,
state,35,Andaman And Nicobar Islands,stat,,window_updated,47,,,,,,,,,,
state,35,Andaman And Nicobar Islands,stat,,window_since,2026-05-08T22:57:17+05:30,,,,,,,,,,
state,35,Andaman And Nicobar Islands,status,,DELISTED_BY_SYSTEM,32,,,,,,,,,,
state,35,Andaman And Nicobar Islands,status,,Final Diversion Order Issued,28,,,,,,,,,,
state,35,Andaman And Nicobar Islands,status,,REMOVED,16,,,,,,,,,,
state,35,Andaman And Nicobar Islands,status,,EC Granted,16,,,,,,,,,,
state,35,Andaman And Nicobar Islands,status,,CRZ Granted,7,,,,,,,,,,
state,35,Andaman And Nicobar Islands,status,,Delisted,5,,,,,,,,,,
state,35,Andaman And Nicobar Islands,status,,(none),5,,,,,,,,,,
state,35,Andaman And Nicobar Islands,status,,Under Examination with SCZMA,5,,,,,,,,,,
state,35,Andaman And Nicobar Islands,status,,Approval Granted,4,,,,,,,,,,
state,35,Andaman And Nicobar Islands,status,,Under Verification,4,,,,,,,,,,
state,35,Andaman And Nicobar Islands,status,,ADS Raised to SCZMA,3,,,,,,,,,,
state,35,Andaman And Nicobar Islands,status,,Pending at State Government for Diversion Letter,3,,,,,,,,,,
state,35,Andaman And Nicobar Islands,status,,Pending on UA for Compensatory Levies Payment,2,,,,,,,,,,
state,35,Andaman And Nicobar Islands,status,,Raised/Forwarded EDS to UA,2,,,,,,,,,,
state,35,Andaman And Nicobar Islands,status,,Accepted and Referred to SCZMA,2,,,,,,,,,,
state,35,Andaman And Nicobar Islands,status,,Under Examination,2,,,,,,,,,,
state,35,Andaman And Nicobar Islands,status,,Pending at DFO for Scrutiny and Recommendation,1,,,,,,,,,,
state,35,Andaman And Nicobar Islands,status,,Pending at MS for Acceptance in PSC-I,1,,,,,,,,,,
state,35,Andaman And Nicobar Islands,status,,Proposal Withdrawal Request Accepted,1,,,,,,,,,,
state,35,Andaman And Nicobar Islands,status,,Proposal Forwarded to SCZMA,1,,,,,,,,,,
state,35,Andaman And Nicobar Islands,status,,ADS Raised,1,,,,,,,,,,
state,35,Andaman And Nicobar Islands,status,,ToR Granted,1,,,,,,,,,,
state,35,Andaman And Nicobar Islands,status,,Pending at PP due to EDS by Nodal Officer,1,,,,,,,,,,
state,35,Andaman And Nicobar Islands,status,,Proposal pulled back (withdrawn),1,,,,,,,,,,
state,35,Andaman And Nicobar Islands,applications_by_year,,2022,1,,,,,,,,,,
state,35,Andaman And Nicobar Islands,applications_by_year,,2023,28,,,,,,,,,,
state,35,Andaman And Nicobar Islands,applications_by_year,,2024,29,,,,,,,,,,
state,35,Andaman And Nicobar Islands,applications_by_year,,2025,19,,,,,,,,,,
state,35,Andaman And Nicobar Islands,applications_by_year,,2026,14,,,,,,,,,,
state,35,Andaman And Nicobar Islands,year_granted,,2023,25,,,,,,,,,,
state,35,Andaman And Nicobar Islands,year_granted,,2024,18,,,,,,,,,,
state,35,Andaman And Nicobar Islands,year_granted,,2025,9,,,,,,,,,,
state,35,Andaman And Nicobar Islands,year_granted,,2026,3,,,,,,,,,,
state,35,Andaman And Nicobar Islands,year_tor,,2025,1,,,,,,,,,,
state,35,Andaman And Nicobar Islands,year_pending,,2022,1,,,,,,,,,,
state,35,Andaman And Nicobar Islands,year_pending,,2023,3,,,,,,,,,,
state,35,Andaman And Nicobar Islands,year_pending,,2024,11,,,,,,,,,,
state,35,Andaman And Nicobar Islands,year_pending,,2025,8,,,,,,,,,,
state,35,Andaman And Nicobar Islands,year_pending,,2026,10,,,,,,,,,,
state,35,Andaman And Nicobar Islands,year_withdrawn,,2025,1,,,,,,,,,,
state,35,Andaman And Nicobar Islands,year_withdrawn,,2026,1,,,,,,,,,,
state,35,Andaman And Nicobar Islands,year_pc_A,,2023,1,,,,,,,,,,
state,35,Andaman And Nicobar Islands,year_pc_A,,2025,4,,,,,,,,,,
state,35,Andaman And Nicobar Islands,year_pc_A,,2026,1,,,,,,,,,,
state,35,Andaman And Nicobar Islands,year_pc_B2,,2024,10,,,,,,,,,,
state,35,Andaman And Nicobar Islands,year_pc_B2,,2025,2,,,,,,,,,,
state,35,Andaman And Nicobar Islands,year_pc_B2,,2026,5,,,,,,,,,,
state,35,Andaman And Nicobar Islands,year_pc_OTHER,,2022,1,,,,,,,,,,
state,35,Andaman And Nicobar Islands,year_pc_OTHER,,2023,27,,,,,,,,,,
state,35,Andaman And Nicobar Islands,year_pc_OTHER,,2024,19,,,,,,,,,,
state,35,Andaman And Nicobar Islands,year_pc_OTHER,,2025,13,,,,,,,,,,
state,35,Andaman And Nicobar Islands,year_pc_OTHER,,2026,8,,,,,,,,,,
state,35,Andaman And Nicobar Islands,cube,,2022|pending|OTHER|forest,1,,,,,,,,,,
state,35,Andaman And Nicobar Islands,cube,,2023|granted|A|ec,1,,,,,,,,,,
state,35,Andaman And Nicobar Islands,cube,,2023|granted|OTHER|crz,1,,,,,,,,,,
state,35,Andaman And Nicobar Islands,cube,,2023|granted|OTHER|forest,23,,,,,,,,,,
state,35,Andaman And Nicobar Islands,cube,,2023|pending|OTHER|forest,2,,,,,,,,,,
state,35,Andaman And Nicobar Islands,cube,,2023|pending|OTHER|wildlife,1,,,,,,,,,,
state,35,Andaman And Nicobar Islands,cube,,2024|granted|B2|ec,10,,,,,,,,,,
state,35,Andaman And Nicobar Islands,cube,,2024|granted|OTHER|crz,4,,,,,,,,,,
state,35,Andaman And Nicobar Islands,cube,,2024|granted|OTHER|forest,4,,,,,,,,,,
state,35,Andaman And Nicobar Islands,cube,,2024|pending|OTHER|crz,6,,,,,,,,,,
state,35,Andaman And Nicobar Islands,cube,,2024|pending|OTHER|forest,3,,,,,,,,,,
state,35,Andaman And Nicobar Islands,cube,,2024|pending|OTHER|wildlife,2,,,,,,,,,,
state,35,Andaman And Nicobar Islands,cube,,2025|granted|A|other,2,,,,,,,,,,
state,35,Andaman And Nicobar Islands,cube,,2025|granted|B2|other,2,,,,,,,,,,
state,35,Andaman And Nicobar Islands,cube,,2025|granted|OTHER|crz,1,,,,,,,,,,
state,35,Andaman And Nicobar Islands,cube,,2025|granted|OTHER|forest,4,,,,,,,,,,
state,35,Andaman And Nicobar Islands,cube,,2025|pending|OTHER|crz,5,,,,,,,,,,
state,35,Andaman And Nicobar Islands,cube,,2025|pending|OTHER|forest,1,,,,,,,,,,
state,35,Andaman And Nicobar Islands,cube,,2025|pending|OTHER|wildlife,2,,,,,,,,,,
state,35,Andaman And Nicobar Islands,cube,,2025|tor|A|ec,1,,,,,,,,,,
state,35,Andaman And Nicobar Islands,cube,,2025|withdrawn|A|other,1,,,,,,,,,,
state,35,Andaman And Nicobar Islands,cube,,2026|granted|B2|ec,1,,,,,,,,,,
state,35,Andaman And Nicobar Islands,cube,,2026|granted|OTHER|crz,1,,,,,,,,,,
state,35,Andaman And Nicobar Islands,cube,,2026|granted|OTHER|forest,1,,,,,,,,,,
state,35,Andaman And Nicobar Islands,cube,,2026|pending|B2|ec,4,,,,,,,,,,
state,35,Andaman And Nicobar Islands,cube,,2026|pending|OTHER|crz,5,,,,,,,,,,
state,35,Andaman And Nicobar Islands,cube,,2026|pending|OTHER|forest,1,,,,,,,,,,
state,35,Andaman And Nicobar Islands,cube,,2026|withdrawn|A|other,1,,,,,,,,,,
state,35,Andaman And Nicobar Islands,run,,run_status,ok,,,,,,,,,,
state,35,Andaman And Nicobar Islands,run,,run_date,2026-10-10T05:52:28Z,,,,,,,,,,
state,35,Andaman And Nicobar Islands,run,,run_url,https://github.com/publicmap/parivesh-dashboard/actions/runs/38027443840,,,,,,,,,,
state,35,Andaman And Nicobar Islands,top_recent_ec,1,,,SIA/AN/MIN/575034/2026,HutBay Stone Quarry for Non-Explosive Blocks,"Deputy Commissioner, South Andaman",South Andaman,EC Granted,2026-04-08T06:33:40.134+00:00,2026-07-22T11:02:05.307+00:00,26.3,0.75,https://parivesh.nic.in/newupgrade/#/report/ec?proposalId=1223681439
state,35,Andaman And Nicobar Islands,top_recent_ec,2,,,IA/AN/CRZ/568726/2026,Optical Fibre Laying in between Middle Strait to Baratang Jetty under USOF Project,OFFICE OF THE JOINT CONTROLLER OF COMMUNICATION ACCOUNTS DOT ANDAMAN AND NICOBAR CIRCLE,North  & Middle Andaman,CRZ Granted,2026-02-11T07:50:48.297+00:00,2026-06-10T05:58:56.186+00:00,5.0,0.0483,https://parivesh.nic.in/newupgrade/#/report/ec?proposalId=1219003960
state,35,Andaman And Nicobar Islands,top_recent_ec,3,,,SIA/AN/IND2/556730/2025,"CRZ Clearance for Proposed Offshore Drilling of 4 Exploratory Wells in AN-OSHP-2018/1 Block at Andaman Basin, Andaman & Nicobar Union Territory, India",OIL INDIA LIMITED,North  & Middle Andaman,EC Granted,2025-10-31T10:12:05.175+00:00,2026-05-14T13:10:58.773+00:00,52000.0,366925.0,https://parivesh.nic.in/newupgrade/#/report/ec?proposalId=170932378
state,35,Andaman And Nicobar Islands,top_recent_ec,4,,,SIA/AN/IND2/556743/2025,"CRZ Clearance for Proposed Offshore Drilling of 4 Exploratory Wells in AN-OSHP-2018/2 Block at Andaman Basin, Andaman & Nicobar Union Territory, India",OIL INDIA LIMITED,North  & Middle Andaman,EC Granted,2025-10-31T11:14:08.558+00:00,2026-05-14T13:08:06.025+00:00,51800.0,594745.0,https://parivesh.nic.in/newupgrade/#/report/ec?proposalId=172822378
state,35,Andaman And Nicobar Islands,top_recent_ec,5,,,IA/AN/CRZ/428519/2023,"Proposed Supreme Hotel at Survey no. 295, Chidiyatapu, Village-Bimbliton, Andaman & Nicobar Islands",DAZZLE JEWELS  INDIA (P) LTD.,South Andaman,CRZ Granted,2023-05-08T09:55:18.186+00:00,2026-05-11T06:17:31.342+00:00,4000.0,4.3,https://parivesh.nic.in/newupgrade/#/report/ec?proposalId=5189721
state,35,Andaman And Nicobar Islands,top_recent_ec,6,,,IA/AN/CRZ/544486/2025,"Proposed redevelopment of existing Megapode Hotel Resort at Sri Vijaya Puram, South Andaman, Andaman & Nicobar Islands through Public Private Partnership (PPP) mode.",ANDAMAN AND NICOBAR ISLANDS INTEGRATED DEVELOPMENT CORPORATION,South Andaman,CRZ Granted,2025-07-11T11:53:51.917+00:00,2026-05-11T05:50:23.348+00:00,17500.0,2.93,https://parivesh.nic.in/newupgrade/#/report/ec?proposalId=131952944
state,35,Andaman And Nicobar Islands,top_recent_ec,7,,,IA/AN/CRZ/464785/2024,Providing Passenger Amenities and renovation of office cum transit accommodation in ALHW complex at Long Island in Andaman & Nicobar Islands,"CE&A, ALHW, MOS, PORT BLAIR",North  & Middle Andaman,CRZ Granted,2024-03-02T09:19:29.414+00:00,2026-03-30T07:15:29.686+00:00,1048.0,0.1,https://parivesh.nic.in/newupgrade/#/report/ec?proposalId=51042148
state,35,Andaman And Nicobar Islands,top_recent_ec,8,,,FP/AN/ROAD/535368/2025,"Diversion of 0.2207 Ha forest land for construction of two Minor bridges in Project: Rehabilitation and up-gradation and completion of balance work of section from Km 107.760 to Km 129.445 (After Middle strait to Humphrey), Km 130.600 to Km 138.300 (After Humphrey to Kadamtala) of NH-04 to Intermediate/2-lane with hard shoulder in the Union Territory of Andaman & Nicobar Islands (Package-IIIA)",ASHOK KUMAR ROLANIYA,North  & Middle Andaman,Final Diversion Order Issued,2025-04-25T11:21:48.451+00:00,2025-11-07T05:31:03.666+00:00,706.69,0.2207,https://parivesh.nic.in/newupgrade/#/report/ec?proposalId=125628707
state,35,Andaman And Nicobar Islands,top_recent_ec,9,,,IA/AN/CRZ/460793/2024,"Re-construction of 15 meter high RCC Lighthouse tower with allied facilities like Paver block pathway, technical building, compound wall along the periphery of campus consisting of existing 3.5 meter high Lighthouse structure, chain link fencing, RCC pedestal for antenna in Rutland Island",DIRECTOR OF LIGHTHOUSES AND LIGHTSHIPS PORTBLAIR,South Andaman,CRZ Granted,2024-02-02T11:19:45.349+00:00,2025-08-14T12:18:46.425+00:00,169.0,0.0397,https://parivesh.nic.in/newupgrade/#/report/ec?proposalId=43429823
state,35,Andaman And Nicobar Islands,top_recent_ec,10,,,FP/AN/REDIV/515813/2024,Proposal to divert 0.4707 ha of forest land for laying a 26.49 km OFC cable in Diglipur Forest Division under the USOF Project,OFFICE OF THE JOINT CONTROLLER OF COMMUNICATION ACCOUNTS DOT ANDAMAN AND NICOBAR CIRCLE,North  & Middle Andaman,Final Diversion Order Issued,2024-12-23T11:56:45.987+00:00,2025-08-12T06:10:51.492+00:00,105.0,0.824,https://parivesh.nic.in/newupgrade/#/report/ec?proposalId=115613203
state,35,Andaman And Nicobar Islands,top_cost,1,,,IA/AN/CRZ/572031/2026,"Establishment of a 60MW Floating Solar Photovoltaic (PV) Power Plant along with 30 MW/150 MWh BESS in Stewart Gunj Village, South Andaman under Greening of Islands, Phase- II",Electricity Department,South Andaman,Under Examination with SCZMA,2026-03-11T12:01:17.083+00:00,,91800.0,74.72,https://parivesh.nic.in/newupgrade/#/report/ec?proposalId=1221490157
state,35,Andaman And Nicobar Islands,top_cost,2,,,IA/AN/IND2/539516/2025,"Gas Supply Infrastructure for Power Project at Sri Vijayapuram, Hopetown",INDIAN OIL CORPORATION LTD,South Andaman,ToR Granted,2025-05-29T02:00:13.622+00:00,2025-11-20T04:17:30.740+00:00,78000.0,0.0,https://parivesh.nic.in/newupgrade/#/report/ec?proposalId=128393290
state,35,Andaman And Nicobar Islands,top_cost,3,,,IA/AN/CRZ/571731/2026,"Establishment of a 40MW ground-based Solar Photovoltaic (PV) Power Plant along with 20 MW/100 MWh BESS in Mithakhari Village, South Andaman under Greening of Islands, Phase- II",Electricity Department,South Andaman,Under Examination,2026-03-09T08:45:56.104+00:00,,59000.0,44.13,https://parivesh.nic.in/newupgrade/#/report/ec?proposalId=1221202452
state,35,Andaman And Nicobar Islands,top_cost,4,,,IA/AN/CRZ/473372/2024,"CRZ Clearance for Proposed Offshore Drilling of 4 Exploratory Wells in AN-OSHP-2018/1 Block at Andaman Basin, Andaman & Nicobar Union Territory, India",OIL INDIA LIMITED,North  & Middle Andaman,Under Examination with SCZMA,2024-05-17T10:30:42.234+00:00,,52000.0,366925.0,https://parivesh.nic.in/newupgrade/#/report/ec?proposalId=68768860
state,35,Andaman And Nicobar Islands,top_cost,5,,,SIA/AN/IND2/489860/2024,"CRZ Clearance for Proposed Offshore Drilling of 4 Exploratory Wells in AN-OSHP-2018/1 Block at Andaman Basin, Andaman & Nicobar Union Territory, India",OIL INDIA LIMITED,North  & Middle Andaman,EC Granted,2024-07-26T12:13:20.762+00:00,,52000.0,366925.0,https://parivesh.nic.in/newupgrade/#/report/ec?proposalId=87780269
state,35,Andaman And Nicobar Islands,top_cost,6,,,SIA/AN/IND2/556730/2025,"CRZ Clearance for Proposed Offshore Drilling of 4 Exploratory Wells in AN-OSHP-2018/1 Block at Andaman Basin, Andaman & Nicobar Union Territory, India",OIL INDIA LIMITED,North  & Middle Andaman,EC Granted,2025-10-31T10:12:05.175+00:00,2026-05-14T13:10:58.773+00:00,52000.0,366925.0,https://parivesh.nic.in/newupgrade/#/report/ec?proposalId=170932378
state,35,Andaman And Nicobar Islands,top_cost,7,,,IA/AN/CRZ/473318/2024,"CRZ Clearance for Proposed Offshore Drilling of 4 Exploratory Wells in AN-OSHP-2018/2 Block at Andaman Basin, Andaman & Nicobar Union Territory, India",OIL INDIA LIMITED,North  & Middle Andaman,Under Examination with SCZMA,2024-05-17T07:57:54.868+00:00,,51800.0,594745.0,https://parivesh.nic.in/newupgrade/#/report/ec?proposalId=68728505
state,35,Andaman And Nicobar Islands,top_cost,8,,,SIA/AN/IND2/489865/2024,"CRZ Clearance for Proposed Offshore Drilling of 4 Exploratory Wells in AN-OSHP-2018/2 Block at Andaman Basin, Andaman & Nicobar Union Territory, India",OIL INDIA LIMITED,North  & Middle Andaman,EC Granted,2024-07-26T12:25:56.055+00:00,,51800.0,594745.0,https://parivesh.nic.in/newupgrade/#/report/ec?proposalId=87781973
state,35,Andaman And Nicobar Islands,top_cost,9,,,SIA/AN/IND2/556743/2025,"CRZ Clearance for Proposed Offshore Drilling of 4 Exploratory Wells in AN-OSHP-2018/2 Block at Andaman Basin, Andaman & Nicobar Union Territory, India",OIL INDIA LIMITED,North  & Middle Andaman,EC Granted,2025-10-31T11:14:08.558+00:00,2026-05-14T13:08:06.025+00:00,51800.0,594745.0,https://parivesh.nic.in/newupgrade/#/report/ec?proposalId=172822378
state,35,Andaman And Nicobar Islands,top_cost,10,,,IA/AN/CRZ/467006/2024,"CRZ Clearance for Development of Island Resort at Shaheed Dweep at Survey No. 148, District South Andaman, Andaman & Nicobar",ANDAMAN AND NICOBAR ISLANDS INTEGRATED DEVELOPMENT CORPORATION,South Andaman,ADS Raised to SCZMA,2024-03-22T11:26:14.353+00:00,,27064.0,9.7,https://parivesh.nic.in/newupgrade/#/report/ec?proposalId=55308644
state,35,Andaman And Nicobar Islands,top_land,1,,,IA/AN/CRZ/473318/2024,"CRZ Clearance for Proposed Offshore Drilling of 4 Exploratory Wells in AN-OSHP-2018/2 Block at Andaman Basin, Andaman & Nicobar Union Territory, India",OIL INDIA LIMITED,North  & Middle Andaman,Under Examination with SCZMA,2024-05-17T07:57:54.868+00:00,,51800.0,594745.0,https://parivesh.nic.in/newupgrade/#/report/ec?proposalId=68728505
state,35,Andaman And Nicobar Islands,top_land,2,,,SIA/AN/IND2/489865/2024,"CRZ Clearance for Proposed Offshore Drilling of 4 Exploratory Wells in AN-OSHP-2018/2 Block at Andaman Basin, Andaman & Nicobar Union Territory, India",OIL INDIA LIMITED,North  & Middle Andaman,EC Granted,2024-07-26T12:25:56.055+00:00,,51800.0,594745.0,https://parivesh.nic.in/newupgrade/#/report/ec?proposalId=87781973
state,35,Andaman And Nicobar Islands,top_land,3,,,IA/AN/CRZ/531650/2025,"CRZ Clearance for Proposed Offshore Drilling of 2 Exploratory Wells in AN-OSHP-2018/2 Block at Andaman Basin, Andaman & Nicobar Union Territory, India",OIL INDIA LIMITED,North  & Middle Andaman,Accepted and Referred to SCZMA,2025-03-27T13:02:38.581+00:00,,25900.0,594745.0,https://parivesh.nic.in/newupgrade/#/report/ec?proposalId=123691193
state,35,Andaman And Nicobar Islands,top_land,4,,,SIA/AN/IND2/556743/2025,"CRZ Clearance for Proposed Offshore Drilling of 4 Exploratory Wells in AN-OSHP-2018/2 Block at Andaman Basin, Andaman & Nicobar Union Territory, India",OIL INDIA LIMITED,North  & Middle Andaman,EC Granted,2025-10-31T11:14:08.558+00:00,2026-05-14T13:08:06.025+00:00,51800.0,594745.0,https://parivesh.nic.in/newupgrade/#/report/ec?proposalId=172822378
state,35,Andaman And Nicobar Islands,top_land,5,,,IA/AN/CRZ/473372/2024,"CRZ Clearance for Proposed Offshore Drilling of 4 Exploratory Wells in AN-OSHP-2018/1 Block at Andaman Basin, Andaman & Nicobar Union Territory, India",OIL INDIA LIMITED,North  & Middle Andaman,Under Examination with SCZMA,2024-05-17T10:30:42.234+00:00,,52000.0,366925.0,https://parivesh.nic.in/newupgrade/#/report/ec?proposalId=68768860
state,35,Andaman And Nicobar Islands,top_land,6,,,SIA/AN/IND2/489860/2024,"CRZ Clearance for Proposed Offshore Drilling of 4 Exploratory Wells in AN-OSHP-2018/1 Block at Andaman Basin, Andaman & Nicobar Union Territory, India",OIL INDIA LIMITED,North  & Middle Andaman,EC Granted,2024-07-26T12:13:20.762+00:00,,52000.0,366925.0,https://parivesh.nic.in/newupgrade/#/report/ec?proposalId=87780269
state,35,Andaman And Nicobar Islands,top_land,7,,,IA/AN/CRZ/534218/2025,"CRZ Clearance for Proposed Offshore Drilling of 2 Exploratory Wells in AN-OSHP-2018/1 Block at Andaman Basin, Andaman & Nicobar Union Territory, India",OIL INDIA LIMITED,South Andaman,Accepted and Referred to SCZMA,2025-04-17T06:05:03.930+00:00,,26000.0,366925.0,https://parivesh.nic.in/newupgrade/#/report/ec?proposalId=125009585
state,35,Andaman And Nicobar Islands,top_land,8,,,SIA/AN/IND2/556730/2025,"CRZ Clearance for Proposed Offshore Drilling of 4 Exploratory Wells in AN-OSHP-2018/1 Block at Andaman Basin, Andaman & Nicobar Union Territory, India",OIL INDIA LIMITED,North  & Middle Andaman,EC Granted,2025-10-31T10:12:05.175+00:00,2026-05-14T13:10:58.773+00:00,52000.0,366925.0,https://parivesh.nic.in/newupgrade/#/report/ec?proposalId=170932378
state,35,Andaman And Nicobar Islands,top_land,9,,,IA/AN/INFRA1/517388/2025,"Splitting & Transfer of EC & CRZ Clearance received vide letter dated 11.11.2022 for the Integrated Development of International Container Transshipment Terminal (ICTT) – 14.2 Million TEU, Township & Area Development, and  450 MVA Gas and Solar-based Power Plant in 16,610 ha. at Great Nicobar Islands, Nicobar District",ANDAMAN AND NICOBAR ISLANDS INTEGRATED DEVELOPMENT CORPORATION,Nicobars,EC Granted,2025-01-06T06:22:08.389+00:00,2025-03-18T12:28:27.824+00:00,72.622,16610.0,https://parivesh.nic.in/newupgrade/#/report/ec?proposalId=116792037
state,35,Andaman And Nicobar Islands,top_land,10,,,IA/AN/THE/517544/2025,"Splitting & Transfer of EC & CRZ Clearance received vide letter dated 11.11.2022 for the Integrated Development of International Container Transshipment Terminal (ICTT) – 14.2 Million TEU, Township & Area Development, and  450 MVA Gas and Solar-based Power Plant in 16,610 ha. at Great Nicobar Islands, Nicobar District",ANDAMAN AND NICOBAR ISLANDS INTEGRATED DEVELOPMENT CORPORATION,Nicobars,Proposal Withdrawal Request Accepted,2025-01-07T06:08:10.762+00:00,2025-02-06T06:11:10.437+00:00,72.622,16610.0,https://parivesh.nic.in/newupgrade/#/report/ec?proposalId=116871550
state,36,Telangana,stat,,projects,4564,,,,,,,,,,
state,36,Telangana,stat,,active_projects,3898,,,,,,,,,,
state,36,Telangana,stat,,applications,3898,,,,,,,,,,
state,36,Telangana,stat,,ec_granted,2307,,,,,,,,,,
state,36,Telangana,stat,,ec_tor,581,,,,,,,,,,
state,36,Telangana,stat,,ec_pending,820,,,,,,,,,,
state,36,Telangana,stat,,ec_rejected,53,,,,,,,,,,
state,36,Telangana,stat,,ec_withdrawn,137,,,,,,,,,,
state,36,Telangana,stat,,pc_A,98,,,,,,,,,,
state,36,Telangana,stat,,pc_B1,1080,,,,,,,,,,
state,36,Telangana,stat,,pc_B2,2016,,,,,,,,,,
state,36,Telangana,stat,,pc_OTHER,704,,,,,,,,,,
state,36,Telangana,stat,,ty_ec,2699,,,,,,,,,,
state,36,Telangana,stat,,ty_forest,282,,,,,,,,,,
state,36,Telangana,stat,,ty_wildlife,238,,,,,,,,,,
state,36,Telangana,stat,,ty_crz,0,,,,,,,,,,
state,36,Telangana,stat,,ty_other,679,,,,,,,,,,
state,36,Telangana,stat,,delisted_or_removed,666,,,,,,,,,,
state,36,Telangana,stat,,total_cost_lakhs,44565846.07,,,,,,,,,,
state,36,Telangana,stat,,cost_outliers_excluded,13,,,,,,,,,,
state,36,Telangana,stat,,total_land_ha,237044.0599,,,,,,,,,,
state,36,Telangana,stat,,latest_application,2026-10-09T11:05:28.439+00:00,,,,,,,,,,
state,36,Telangana,stat,,latest_grant,2026-10-08T12:31:44.516+00:00,,,,,,,,,,
state,36,Telangana,stat,,changes_added,2,,,,,,,,,,
state,36,Telangana,stat,,changes_removed,0,,,,,,,,,,
state,36,Telangana,stat,,changes_updated,435,,,,,,,,,,
state,36,Telangana,stat,,changes_status,0,,,,,,,,,,
state,36,Telangana,stat,,compared_with,2026-10-09T20:19:01Z,,,,,,,,,,
state,36,Telangana,stat,,changes_added_active,2,,,,,,,,,,
state,36,Telangana,stat,,changes_removed_active,0,,,,,,,,,,
state,36,Telangana,stat,,changes_updated_active,393,,,,,,,,,,
state,36,Telangana,stat,,changes_status_active,0,,,,,,,,,,
state,36,Telangana,stat,,window_added_active,55,,,,,,,,,,
state,36,Telangana,stat,,window_updated_active,363,,,,,,,,,,
state,36,Telangana,stat,,window_added,55,,,,,,,,,,
state,36,Telangana,stat,,window_updated,403,,,,,,,,,,
state,36,Telangana,stat,,window_since,2026-10-01T03:52:08Z,,,,,,,,,,
state,36,Telangana,status,,EC Granted,2201,,,,,,,,,,
state,36,Telangana,status,,DELISTED_BY_SYSTEM,617,,,,,,,,,,
state,36,Telangana,status,,(none),334,,,,,,,,,,
state,36,Telangana,status,,Standard ToR Granted,266,,,,,,,,,,
state,36,Telangana,status,,TOR GRANTED,142,,,,,,,,,,
state,36,Telangana,status,,ToR Granted,94,,,,,,,,,,
state,36,Telangana,status,,TOR Granted,79,,,,,,,,,,
state,36,Telangana,status,,Final Diversion Order Issued,70,,,,,,,,,,
state,36,Telangana,status,,Proposal returned in present form,70,,,,,,,,,,
state,36,Telangana,status,,Under Verification,70,,,,,,,,,,
state,36,Telangana,status,,EDS raised,67,,,,,,,,,,
state,36,Telangana,status,,Referred to SEIAA,50,,,,,,,,,,
state,36,Telangana,status,,REMOVED,49,,,,,,,,,,
state,36,Telangana,status,,Pending at DFO due to EDS by Nodal Officer,34,,,,,,,,,,
state,36,Telangana,status,,Proposal Withdrawal Request Accepted,33,,,,,,,,,,
state,36,Telangana,status,,ADS Raised,32,,,,,,,,,,
state,36,Telangana,status,,EC Rejected,26,,,,,,,,,,
state,36,Telangana,status,,Proposal Accepted and Referred to SEAC,25,,,,,,,,,,
state,36,Telangana,status,,Pending at DFO for Scrutiny and Recommendation,24,,,,,,,,,,
state,36,Telangana,status,,Pending on UA for Compensatory Levies Payment,23,,,,,,,,,,
state,36,Telangana,status,,Pending at MS SEIAA,23,,,,,,,,,,
state,36,Telangana,status,,Stage-II Accorded,22,,,,,,,,,,
state,36,Telangana,status,,Under Examination,19,,,,,,,,,,
state,36,Telangana,status,,Proposal pulled back (withdrawn),19,,,,,,,,,,
state,36,Telangana,status,,Referred to SEAC,16,,,,,,,,,,
state,36,Telangana,status,,Withdrawal Request Accepted,15,,,,,,,,,,
state,36,Telangana,status,,REJECTED,14,,,,,,,,,,
state,36,Telangana,status,,Granted,14,,,,,,,,,,
state,36,Telangana,status,,Pending at MS for Proposal Withdraw,12,,,,,,,,,,
state,36,Telangana,status,,Pending at UA due to EDS by MS after PSC-I,11,,,,,,,,,,
state,36,Telangana,status,,Pending at UA due to EDS by DFO,9,,,,,,,,,,
state,36,Telangana,status,,Pending at DFO for Compensatory Levies,8,,,,,,,,,,
state,36,Telangana,status,,Pending at DFO/CF/Nodal Officer after acceptance in PSC-I,8,,,,,,,,,,
state,36,Telangana,status,,Pending at UA for Compliance Report,8,,,,,,,,,,
state,36,Telangana,status,,Application Rejected,7,,,,,,,,,,
state,36,Telangana,status,,Pending at UA for DFO EDS Reply,4,,,,,,,,,,
state,36,Telangana,status,,Pending at Nodal Officer for Recommendation,3,,,,,,,,,,
state,36,Telangana,status,,Pending at DFO due to EDS by MS After PSC-II,3,,,,,,,,,,
state,36,Telangana,status,,ToR Rejected,3,,,,,,,,,,
state,36,Telangana,status,,Pending at Scrutiny,2,,,,,,,,,,
state,36,Telangana,status,,Pending at DFO For Compliance Review,2,,,,,,,,,,
state,36,Telangana,status,,Pending at Scrutiny after PSC-I,2,,,,,,,,,,
state,36,Telangana,status,,Pending at PP due to EDS by DFO,2,,,,,,,,,,
state,36,Telangana,status,,Pending on UA for Levies Payment,2,,,,,,,,,,
state,36,Telangana,status,,REVOKED,2,,,,,,,,,,
state,36,Telangana,status,,Pending at DFO for Compliance Review,2,,,,,,,,,,
state,36,Telangana,status,,Pending at DIGF - RO,2,,,,,,,,,,
state,36,Telangana,status,,Pending at Technical Officer - IRO,2,,,,,,,,,,
state,36,Telangana,status,,Pending at State Secretary for Recommendation,2,,,,,,,,,,
state,36,Telangana,status,,Pending at UA due to Delisting by Authority,2,,,,,,,,,,
state,36,Telangana,status,,Pending at State Government for Diversion Letter,1,,,,,,,,,,
state,36,Telangana,status,,Pending at DIGF RO for Stage-II Letter,1,,,,,,,,,,
state,36,Telangana,status,,MOM PUBLISHED,1,,,,,,,,,,
state,36,Telangana,status,,Pending at Nodal for Compensatory Levies Review,1,,,,,,,,,,
state,36,Telangana,status,,Public Hearing Proposal Under Examination,1,,,,,,,,,,
state,36,Telangana,status,,Pending at UA for Compensatory Levies Payment and Compliance Report,1,,,,,,,,,,
state,36,Telangana,status,,Pending at REC,1,,,,,,,,,,
state,36,Telangana,status,,"Pending at State Secretary due to EDS by MoEFCC, HQ for Compliance",1,,,,,,,,,,
state,36,Telangana,status,,Rejected in PSC-I,1,,,,,,,,,,
state,36,Telangana,status,,Pending at UA due to EDS by MS after PSC-II,1,,,,,,,,,,
state,36,Telangana,status,,Report Violation,1,,,,,,,,,,
state,36,Telangana,status,,Pending at Technical Officer - RO,1,,,,,,,,,,
state,36,Telangana,status,,"Pending at Technical Officer - MoEFCC, HQ",1,,,,,,,,,,
state,36,Telangana,status,,Pending at State Secretary for Recommendation and In-Principle Approval (Stage-I),1,,,,,,,,,,
state,36,Telangana,status,,Forwarded to MS,1,,,,,,,,,,
state,36,Telangana,status,,Forwarded to DD,1,,,,,,,,,,
state,36,Telangana,status,,Pending at UA due to EDS raised by DFO,1,,,,,,,,,,
state,36,Telangana,status,,EDS Raised,1,,,,,,,,,,
state,36,Telangana,applications_by_year,,2022,270,,,,,,,,,,
state,36,Telangana,applications_by_year,,2023,1056,,,,,,,,,,
state,36,Telangana,applications_by_year,,2024,1022,,,,,,,,,,
state,36,Telangana,applications_by_year,,2025,824,,,,,,,,,,
state,36,Telangana,applications_by_year,,2026,726,,,,,,,,,,
state,36,Telangana,year_granted,,2022,168,,,,,,,,,,
state,36,Telangana,year_granted,,2023,637,,,,,,,,,,
state,36,Telangana,year_granted,,2024,676,,,,,,,,,,
state,36,Telangana,year_granted,,2025,532,,,,,,,,,,
state,36,Telangana,year_granted,,2026,294,,,,,,,,,,
state,36,Telangana,year_tor,,2022,74,,,,,,,,,,
state,36,Telangana,year_tor,,2023,168,,,,,,,,,,
state,36,Telangana,year_tor,,2024,104,,,,,,,,,,
state,36,Telangana,year_tor,,2025,118,,,,,,,,,,
state,36,Telangana,year_tor,,2026,117,,,,,,,,,,
state,36,Telangana,year_pending,,2022,25,,,,,,,,,,
state,36,Telangana,year_pending,,2023,222,,,,,,,,,,
state,36,Telangana,year_pending,,2024,148,,,,,,,,,,
state,36,Telangana,year_pending,,2025,137,,,,,,,,,,
state,36,Telangana,year_pending,,2026,288,,,,,,,,,,
state,36,Telangana,year_rejected,,2022,3,,,,,,,,,,
state,36,Telangana,year_rejected,,2023,11,,,,,,,,,,
state,36,Telangana,year_rejected,,2024,29,,,,,,,,,,
state,36,Telangana,year_rejected,,2025,6,,,,,,,,,,
state,36,Telangana,year_rejected,,2026,4,,,,,,,,,,
state,36,Telangana,year_withdrawn,,2023,18,,,,,,,,,,
state,36,Telangana,year_withdrawn,,2024,65,,,,,,,,,,
state,36,Telangana,year_withdrawn,,2025,31,,,,,,,,,,
state,36,Telangana,year_withdrawn,,2026,23,,,,,,,,,,
state,36,Telangana,year_pc_A,,2022,8,,,,,,,,,,
state,36,Telangana,year_pc_A,,2023,24,,,,,,,,,,
state,36,Telangana,year_pc_A,,2024,24,,,,,,,,,,
state,36,Telangana,year_pc_A,,2025,23,,,,,,,,,,
state,36,Telangana,year_pc_A,,2026,19,,,,,,,,,,
state,36,Telangana,year_pc_B1,,2022,104,,,,,,,,,,
state,36,Telangana,year_pc_B1,,2023,322,,,,,,,,,,
state,36,Telangana,year_pc_B1,,2024,199,,,,,,,,,,
state,36,Telangana,year_pc_B1,,2025,229,,,,,,,,,,
state,36,Telangana,year_pc_B1,,2026,226,,,,,,,,,,
state,36,Telangana,year_pc_B2,,2022,123,,,,,,,,,,
state,36,Telangana,year_pc_B2,,2023,483,,,,,,,,,,
state,36,Telangana,year_pc_B2,,2024,607,,,,,,,,,,
state,36,Telangana,year_pc_B2,,2025,423,,,,,,,,,,
state,36,Telangana,year_pc_B2,,2026,380,,,,,,,,,,
state,36,Telangana,year_pc_OTHER,,2022,35,,,,,,,,,,
state,36,Telangana,year_pc_OTHER,,2023,227,,,,,,,,,,
state,36,Telangana,year_pc_OTHER,,2024,192,,,,,,,,,,
state,36,Telangana,year_pc_OTHER,,2025,149,,,,,,,,,,
state,36,Telangana,year_pc_OTHER,,2026,101,,,,,,,,,,
state,36,Telangana,cube,,2022|granted|A|ec,3,,,,,,,,,,
state,36,Telangana,cube,,2022|granted|B1|ec,34,,,,,,,,,,
state,36,Telangana,cube,,2022|granted|B1|other,1,,,,,,,,,,
state,36,Telangana,cube,,2022|granted|B2|ec,121,,,,,,,,,,
state,36,Telangana,cube,,2022|granted|B2|other,2,,,,,,,,,,
state,36,Telangana,cube,,2022|granted|OTHER|forest,7,,,,,,,,,,
state,36,Telangana,cube,,2022|pending|OTHER|forest,8,,,,,,,,,,
state,36,Telangana,cube,,2022|pending|OTHER|wildlife,17,,,,,,,,,,
state,36,Telangana,cube,,2022|rejected|OTHER|forest,3,,,,,,,,,,
state,36,Telangana,cube,,2022|tor|A|ec,5,,,,,,,,,,
state,36,Telangana,cube,,2022|tor|B1|ec,67,,,,,,,,,,
state,36,Telangana,cube,,2022|tor|B1|other,2,,,,,,,,,,
state,36,Telangana,cube,,2023|granted|A|ec,6,,,,,,,,,,
state,36,Telangana,cube,,2023|granted|A|other,3,,,,,,,,,,
state,36,Telangana,cube,,2023|granted|B1|ec,142,,,,,,,,,,
state,36,Telangana,cube,,2023|granted|B1|other,13,,,,,,,,,,
state,36,Telangana,cube,,2023|granted|B2|ec,398,,,,,,,,,,
state,36,Telangana,cube,,2023|granted|B2|other,18,,,,,,,,,,
state,36,Telangana,cube,,2023|granted|OTHER|forest,57,,,,,,,,,,
state,36,Telangana,cube,,2023|pending|B1|ec,7,,,,,,,,,,
state,36,Telangana,cube,,2023|pending|B2|ec,54,,,,,,,,,,
state,36,Telangana,cube,,2023|pending|B2|other,2,,,,,,,,,,
state,36,Telangana,cube,,2023|pending|OTHER|forest,32,,,,,,,,,,
state,36,Telangana,cube,,2023|pending|OTHER|other,18,,,,,,,,,,
state,36,Telangana,cube,,2023|pending|OTHER|wildlife,109,,,,,,,,,,
state,36,Telangana,cube,,2023|rejected|OTHER|forest,11,,,,,,,,,,
state,36,Telangana,cube,,2023|tor|A|ec,8,,,,,,,,,,
state,36,Telangana,cube,,2023|tor|A|other,1,,,,,,,,,,
state,36,Telangana,cube,,2023|tor|B1|ec,147,,,,,,,,,,
state,36,Telangana,cube,,2023|tor|B1|other,7,,,,,,,,,,
state,36,Telangana,cube,,2023|tor|B2|ec,5,,,,,,,,,,
state,36,Telangana,cube,,2023|withdrawn|A|ec,3,,,,,,,,,,
state,36,Telangana,cube,,2023|withdrawn|A|other,3,,,,,,,,,,
state,36,Telangana,cube,,2023|withdrawn|B1|ec,5,,,,,,,,,,
state,36,Telangana,cube,,2023|withdrawn|B1|other,1,,,,,,,,,,
state,36,Telangana,cube,,2023|withdrawn|B2|ec,5,,,,,,,,,,
state,36,Telangana,cube,,2023|withdrawn|B2|other,1,,,,,,,,,,
state,36,Telangana,cube,,2024|granted|A|ec,5,,,,,,,,,,
state,36,Telangana,cube,,2024|granted|A|other,4,,,,,,,,,,
state,36,Telangana,cube,,2024|granted|B1|ec,58,,,,,,,,,,
state,36,Telangana,cube,,2024|granted|B1|other,25,,,,,,,,,,
state,36,Telangana,cube,,2024|granted|B2|ec,467,,,,,,,,,,
state,36,Telangana,cube,,2024|granted|B2|other,74,,,,,,,,,,
state,36,Telangana,cube,,2024|granted|OTHER|forest,23,,,,,,,,,,
state,36,Telangana,cube,,2024|granted|OTHER|other,20,,,,,,,,,,
state,36,Telangana,cube,,2024|pending|B1|ec,3,,,,,,,,,,
state,36,Telangana,cube,,2024|pending|B2|ec,3,,,,,,,,,,
state,36,Telangana,cube,,2024|pending|B2|other,5,,,,,,,,,,
state,36,Telangana,cube,,2024|pending|OTHER|forest,65,,,,,,,,,,
state,36,Telangana,cube,,2024|pending|OTHER|other,26,,,,,,,,,,
state,36,Telangana,cube,,2024|pending|OTHER|wildlife,46,,,,,,,,,,
state,36,Telangana,cube,,2024|rejected|B1|other,2,,,,,,,,,,
state,36,Telangana,cube,,2024|rejected|B2|ec,10,,,,,,,,,,
state,36,Telangana,cube,,2024|rejected|B2|other,7,,,,,,,,,,
state,36,Telangana,cube,,2024|rejected|OTHER|forest,10,,,,,,,,,,
state,36,Telangana,cube,,2024|tor|A|ec,8,,,,,,,,,,
state,36,Telangana,cube,,2024|tor|A|other,2,,,,,,,,,,
state,36,Telangana,cube,,2024|tor|B1|ec,82,,,,,,,,,,
state,36,Telangana,cube,,2024|tor|B1|other,11,,,,,,,,,,
state,36,Telangana,cube,,2024|tor|OTHER|other,1,,,,,,,,,,
state,36,Telangana,cube,,2024|withdrawn|A|ec,2,,,,,,,,,,
state,36,Telangana,cube,,2024|withdrawn|A|other,3,,,,,,,,,,
state,36,Telangana,cube,,2024|withdrawn|B1|ec,10,,,,,,,,,,
state,36,Telangana,cube,,2024|withdrawn|B1|other,8,,,,,,,,,,
state,36,Telangana,cube,,2024|withdrawn|B2|ec,33,,,,,,,,,,
state,36,Telangana,cube,,2024|withdrawn|B2|other,8,,,,,,,,,,
state,36,Telangana,cube,,2024|withdrawn|OTHER|other,1,,,,,,,,,,
state,36,Telangana,cube,,2025|granted|A|ec,5,,,,,,,,,,
state,36,Telangana,cube,,2025|granted|A|other,11,,,,,,,,,,
state,36,Telangana,cube,,2025|granted|B1|ec,63,,,,,,,,,,
state,36,Telangana,cube,,2025|granted|B1|other,36,,,,,,,,,,
state,36,Telangana,cube,,2025|granted|B2|ec,288,,,,,,,,,,
state,36,Telangana,cube,,2025|granted|B2|other,87,,,,,,,,,,
state,36,Telangana,cube,,2025|granted|OTHER|forest,5,,,,,,,,,,
state,36,Telangana,cube,,2025|granted|OTHER|other,37,,,,,,,,,,
state,36,Telangana,cube,,2025|pending|B1|ec,4,,,,,,,,,,
state,36,Telangana,cube,,2025|pending|B1|other,4,,,,,,,,,,
state,36,Telangana,cube,,2025|pending|B2|ec,17,,,,,,,,,,
state,36,Telangana,cube,,2025|pending|B2|other,6,,,,,,,,,,
state,36,Telangana,cube,,2025|pending|OTHER|forest,33,,,,,,,,,,
state,36,Telangana,cube,,2025|pending|OTHER|other,33,,,,,,,,,,
state,36,Telangana,cube,,2025|pending|OTHER|wildlife,40,,,,,,,,,,
state,36,Telangana,cube,,2025|rejected|B1|ec,1,,,,,,,,,,
state,36,Telangana,cube,,2025|rejected|B2|ec,3,,,,,,,,,,
state,36,Telangana,cube,,2025|rejected|B2|other,1,,,,,,,,,,
state,36,Telangana,cube,,2025|rejected|OTHER|other,1,,,,,,,,,,
state,36,Telangana,cube,,2025|tor|A|ec,4,,,,,,,,,,
state,36,Telangana,cube,,2025|tor|B1|ec,105,,,,,,,,,,
state,36,Telangana,cube,,2025|tor|B1|other,9,,,,,,,,,,
state,36,Telangana,cube,,2025|withdrawn|A|ec,2,,,,,,,,,,
state,36,Telangana,cube,,2025|withdrawn|A|other,1,,,,,,,,,,
state,36,Telangana,cube,,2025|withdrawn|B1|ec,5,,,,,,,,,,
state,36,Telangana,cube,,2025|withdrawn|B1|other,2,,,,,,,,,,
state,36,Telangana,cube,,2025|withdrawn|B2|ec,12,,,,,,,,,,
state,36,Telangana,cube,,2025|withdrawn|B2|other,9,,,,,,,,,,
state,36,Telangana,cube,,2026|granted|A|ec,3,,,,,,,,,,
state,36,Telangana,cube,,2026|granted|A|other,1,,,,,,,,,,
state,36,Telangana,cube,,2026|granted|B1|ec,39,,,,,,,,,,
state,36,Telangana,cube,,2026|granted|B1|other,22,,,,,,,,,,
state,36,Telangana,cube,,2026|granted|B2|ec,165,,,,,,,,,,
state,36,Telangana,cube,,2026|granted|B2|other,50,,,,,,,,,,
state,36,Telangana,cube,,2026|granted|OTHER|other,14,,,,,,,,,,
state,36,Telangana,cube,,2026|pending|A|ec,4,,,,,,,,,,
state,36,Telangana,cube,,2026|pending|A|other,3,,,,,,,,,,
state,36,Telangana,cube,,2026|pending|B1|ec,37,,,,,,,,,,
state,36,Telangana,cube,,2026|pending|B1|other,10,,,,,,,,,,
state,36,Telangana,cube,,2026|pending|B2|ec,125,,,,,,,,,,
state,36,Telangana,cube,,2026|pending|B2|other,23,,,,,,,,,,
state,36,Telangana,cube,,2026|pending|OTHER|forest,28,,,,,,,,,,
state,36,Telangana,cube,,2026|pending|OTHER|other,32,,,,,,,,,,
state,36,Telangana,cube,,2026|pending|OTHER|wildlife,26,,,,,,,,,,
state,36,Telangana,cube,,2026|rejected|B1|ec,1,,,,,,,,,,
state,36,Telangana,cube,,2026|rejected|B1|other,1,,,,,,,,,,
state,36,Telangana,cube,,2026|rejected|B2|ec,1,,,,,,,,,,
state,36,Telangana,cube,,2026|rejected|B2|other,1,,,,,,,,,,
state,36,Telangana,cube,,2026|tor|A|ec,4,,,,,,,,,,
state,36,Telangana,cube,,2026|tor|A|other,1,,,,,,,,,,
state,36,Telangana,cube,,2026|tor|B1|ec,102,,,,,,,,,,
state,36,Telangana,cube,,2026|tor|B1|other,10,,,,,,,,,,
state,36,Telangana,cube,,2026|withdrawn|A|ec,2,,,,,,,,,,
state,36,Telangana,cube,,2026|withdrawn|A|other,1,,,,,,,,,,
state,36,Telangana,cube,,2026|withdrawn|B1|ec,3,,,,,,,,,,
state,36,Telangana,cube,,2026|withdrawn|B1|other,1,,,,,,,,,,
state,36,Telangana,cube,,2026|withdrawn|B2|ec,13,,,,,,,,,,
state,36,Telangana,cube,,2026|withdrawn|B2|other,2,,,,,,,,,,
state,36,Telangana,cube,,2026|withdrawn|OTHER|other,1,,,,,,,,,,
state,36,Telangana,run,,run_status,ok,,,,,,,,,,
state,36,Telangana,run,,run_date,2026-10-10T05:52:28Z,,,,,,,,,,
state,36,Telangana,run,,run_url,https://github.com/publicmap/parivesh-dashboard/actions/runs/38027443840,,,,,,,,,,
state,36,Telangana,top_recent_ec,1,,,SIA/TG/INFRA2/580616/2026,"Proposed Residential Complex, Boduppal Village & Municipality, Medipally Mandal, Medchal–Malkajgiri District : AAKRITI CONSTRUCTIONS AND DEVELOPERS PRIVATE LIMITED",AAKRITI cONSTRUCTIONS AND dEVELOPERS PRIVATE lIMITED,Medchal Malkajgiri,EC Granted,2026-05-30T03:37:47.548+00:00,2026-10-08T12:31:44.516+00:00,6200.0,0.4098,https://parivesh.nic.in/newupgrade/#/report/ec?proposalId=1230019360
state,36,Telangana,top_recent_ec,2,,,SIA/TG/MIN/588371/2026,"6.566 Ha. Rough Stone and Road Metal Mine at Sy. No. 95, Mudhivennu Village, Kadthal Mandal, Rangareddy District - Transfer of EC from M/s.Vishruth Minerals-3 to M/s. GRR Crushers.",GRR CRUSHERS,Ranga Reddy,EC Granted,2026-08-08T07:51:37.944+00:00,2026-10-03T09:33:43.650+00:00,45.0,6.566,https://parivesh.nic.in/newupgrade/#/report/ec?proposalId=1237852950
state,36,Telangana,top_recent_ec,3,,,IA/TG/CMIN/569915/2026,"RAMAGUNDAM COAL MINE (RG Coal Mine)  [Conversion of UG Mines to OC (closed GDK 10 & working Vakilpalli sequentially) and Amalgamation of RG OC I Expansion Project, RG OC II Extension Project & Adriyala Longwall Project]",THE SINGARENI COLLIERIES COMPANY LIMITED,Peddapalli,EC Granted,2026-02-21T04:50:01.911+00:00,2026-09-29T13:42:02.180+00:00,2.19405,3266.88,https://parivesh.nic.in/newupgrade/#/report/ec?proposalId=1219921639
state,36,Telangana,top_recent_ec,4,,,SIA/TG/INFRA2/586124/2026,"Proposed Construction of Multistoried Residential Apartment situated at plot No. 224,225,226 & 227 at survey No. 132/A, situated at Kollur Village, Ramachandrapuram Mandal, Sangareddy District, Telangana state by M/s Unicorn Builders.",UNICORN BUILDERS,Sangareddy,EC Granted,2025-12-16T09:59:00.300+00:00,2026-09-29T13:25:27.679+00:00,4800.0,0.334,https://parivesh.nic.in/newupgrade/#/report/ec?proposalId=1235909402
state,36,Telangana,top_recent_ec,5,,,SIA/TG/MIN/585128/2026,Sakala Venkata Srinivas,SAKALA VENKATA SRINIVAS,Hanumakonda,EC Granted,2026-07-11T14:07:37.415+00:00,2026-09-29T13:23:33.744+00:00,136.0,4.502,https://parivesh.nic.in/newupgrade/#/report/ec?proposalId=1234997400
state,36,Telangana,top_recent_ec,6,,,SIA/TG/MIN/585574/2026,Sri.Ajmira Nagulu,ajmira nagulu,Khammam,EC Granted,2026-07-15T17:10:12.909+00:00,2026-09-29T13:19:26.233+00:00,35.0,1.3,https://parivesh.nic.in/newupgrade/#/report/ec?proposalId=1235381171
state,36,Telangana,top_recent_ec,7,,,SIA/TG/IND3/586419/2026,"Request for Transfer of Environmental Clearance from M/s. Srinivasa Organics to M/s. MSN Pharmachem Private Limited, Unit-IV for our Bulk Drugs & Drug Intermediates Manufacturing unit located at Polepalli Village, Jadcherla Mandal, Mahaboobnagar District, Telangana State",MSN PHARMACHEM PRIVATE LIMITED,Mahabubnagar,EC Granted,2026-07-23T10:09:50.694+00:00,2026-09-29T13:15:11.543+00:00,55.0,3.3994,https://parivesh.nic.in/newupgrade/#/report/ec?proposalId=1236169475
state,36,Telangana,top_recent_ec,8,,,SIA/TG/IND1/585442/2026,M/s. MAHA SHIV SHAKTI STEEL ROLLING MILL PVT LTD,DHIRAJ KUMAR SONTHALIA,Ranga Reddy,EC Granted,2026-07-15T04:47:23.251+00:00,2026-09-29T12:33:10.244+00:00,10.0,3.85,https://parivesh.nic.in/newupgrade/#/report/ec?proposalId=1235287969
state,36,Telangana,top_recent_ec,9,,,SIA/TG/INFRA2/585498/2026,Smt. Bindhu Salini Pammi and others,PAMMI BINDU SALINI,Ranga Reddy,EC Granted,2026-07-15T09:37:25.825+00:00,2026-09-29T12:30:10.743+00:00,10000.0,0.8093,https://parivesh.nic.in/newupgrade/#/report/ec?proposalId=1235333608
state,36,Telangana,top_recent_ec,10,,,SIA/TG/INFRA2/585660/2026,Residential Apartment (Group Housing) by M/s. Blue Zone Builders LLP,BLUE  ZONE BUILDERS LLP,Yadadri Bhuvanagiri,EC Granted,2026-07-16T10:09:05.962+00:00,2026-09-29T12:15:18.222+00:00,22000.0,4.0747,https://parivesh.nic.in/newupgrade/#/report/ec?proposalId=1235451317
state,36,Telangana,top_cost,1,,,FP/TG/ROAD/489876/2024,"Diversion of 71.8758 Ha of Forest Land in Medak (35.1104 Ha), Siddipet (28.2544 Ha) and Yadadri-Bhuvanagiri (8.511 Ha) Districts for construction of northern portion of Hyderabad Regional Ring Road (HRRR) expressway under Bharatmala Pariyojana Phase-I",NHAI PIU gajwel,Sangareddy,Pending at UA for Compliance Report,2024-07-26T13:27:38.395+00:00,,1523900.0,1934.5236,https://parivesh.nic.in/newupgrade/#/report/ec?proposalId=87786877
state,36,Telangana,top_cost,2,,,SIA/TG/INFRA2/595010/2026,"Proposed Data Center Future City Project by M/s. HyperVault AI Data Center Limited at Survey No. 123 of Mucherla Village, Kandukur Mandal, Green Pharma City, Ranga Reddy District, Telangana",HyperVault AI Data Center Limited,Ranga Reddy,Under Verification,2026-10-09T11:05:28.439+00:00,,1500000.0,48.47,https://parivesh.nic.in/newupgrade/#/report/ec?proposalId=1244796382
state,36,Telangana,top_cost,3,,,SIA/TG/INFRA2/590058/2026,M/s. CHANDENVALLE INFRA PARK LIMITED,CHANDENVALLE INFRA PARK LIMITED,Ranga Reddy,EDS raised,2026-08-24T10:16:49.735+00:00,,633000.0,15.0956,https://parivesh.nic.in/newupgrade/#/report/ec?proposalId=1239217643
state,36,Telangana,top_cost,4,,,SIA/TG/INFRA2/583937/2026,Proposed Commercial Development by M/s. CYBERCITY HITECH DEVELOPMENT PRIVATE LIMITED,CYBERCITY HITECH DEVELOPMENT PRIVATE LIMITED,Ranga Reddy,Standard ToR Granted,2026-07-01T12:16:58.071+00:00,2026-07-04T12:40:34.978+00:00,369200.0,9.0629,https://parivesh.nic.in/newupgrade/#/report/ec?proposalId=1233909617
state,36,Telangana,top_cost,5,,,FP/TG/ROAD/497199/2024,4-Laning of Karimnagar Warangal Section of NH-563 from Design Ch48.860 Km( near SH-1 Ch. 170.400 km) at Manakondur bypass to Design Ch.116.875Km (existing Ch.144.050.km of NH-163) at Palvelpula near Hanamkonda (Design length 68.015 km) in the State of Telangana on Hybrid Annuity Mode under Bharatmala Pariyojana,"Project Implementation Unit, Warangal-NHAI",Karimnagar,Final Diversion Order Issued,2024-09-18T11:34:32.788+00:00,2025-11-04T05:42:32.935+00:00,241446.0,258.7655,https://parivesh.nic.in/newupgrade/#/report/ec?proposalId=103723284
state,36,Telangana,top_cost,6,,,SIA/TG/INFRA2/585418/2026,"Residential Apartments Construction project located at Survey Nos. 59, 60, 64, 65, 66, 67, 68, 69, 70, 71, 72, 109, 110, 111, 116, 117, 118, 119, 120, 121, 122, 123, 124/P, Upparpally Village, Rajendra Nagar Mandal Ranga Reddy District, Telangana by Sri. A. Venkateshwar Reddy and Others",ATIGADDA VENKATESHWAR REDDY,Ranga Reddy,Standard ToR Granted,2026-07-14T11:59:56.758+00:00,2026-07-22T05:52:05.962+00:00,240500.0,8.002,https://parivesh.nic.in/newupgrade/#/report/ec?proposalId=1235253369
state,36,Telangana,top_cost,7,,,SIA/TG/INFRA2/589127/2026,"Residential Apartments Construction project located at Hyderguda Village and Upperpally Village, Rajendranagar Mandal, Ranga Reddy District, Telangana by Sri. A. Venkateshwar Reddy and Others",ATIGADDA VENKATESHWAR REDDY,Ranga Reddy,Standard ToR Granted,2026-08-14T12:52:32.486+00:00,2026-08-24T09:41:06.134+00:00,240500.0,8.002,https://parivesh.nic.in/newupgrade/#/report/ec?proposalId=1238458536
state,36,Telangana,top_cost,8,,,SIA/TG/INFRA2/591251/2026,"Residential Apartments Construction project located at Hyderguda Village and Upperpally Village, Rajendranagar Mandal, Ranga Reddy District, Telangana by Sri. A. Venkateshwar Reddy and Others",ATIGADDA VENKATESHWAR REDDY,Ranga Reddy,Under Verification,2026-09-04T12:59:03.445+00:00,,240500.0,8.002,https://parivesh.nic.in/newupgrade/#/report/ec?proposalId=1240185553
state,36,Telangana,top_cost,9,,,SIA/TG/INFRA2/588705/2026,Proposed Expansion of ECO PARK - IT Office Building / IT Campus By M/s. Meenakshi Infrastructures Private Limited,MEENAKSHI INFRASTRUCTURES PRIVATE LIMITED,Ranga Reddy,EDS raised,2026-08-11T11:12:47.634+00:00,,240000.0,8.092,https://parivesh.nic.in/newupgrade/#/report/ec?proposalId=1238126300
state,36,Telangana,top_cost,10,,,SIA/TG/INFRA2/591561/2026,Proposed Expansion of ECO PARK - IT Office Building / IT Campus By M/s. Meenakshi Infrastructures Private Limited,MEENAKSHI INFRASTRUCTURES PRIVATE LIMITED,Ranga Reddy,Standard ToR Granted,2026-09-08T10:13:11.044+00:00,2026-09-15T07:55:44.794+00:00,240000.0,8.092,https://parivesh.nic.in/newupgrade/#/report/ec?proposalId=1240449183
state,36,Telangana,top_land,1,,,SIA/TG/INFRA2/417002/2023,Cyberbad Citizens Health Services Private Limited,"M/S CYBERBAD CITIZENA HEALTH SERVICES PVT. LTD.,",Ranga Reddy,TOR GRANTED,2023-02-03T18:36:10.066+00:00,,28000.0,34398.0,https://parivesh.nic.in/newupgrade/#/report/ec?proposalId=2879747
state,36,Telangana,top_land,2,,,SIA/TG/INFRA2/417277/2023,Cyberbad Citizens Health Services Private Limited,"M/S CYBERBAD CITIZENA HEALTH SERVICES PVT. LTD.,",Ranga Reddy,EC Granted,2023-02-07T02:30:13.228+00:00,2023-06-15T16:16:08.370+00:00,28000.0,34398.0,https://parivesh.nic.in/newupgrade/#/report/ec?proposalId=2917660
state,36,Telangana,top_land,3,,,SIA/TG/INFRA2/588224/2026,M/s. Genotex International Private Limited,genotex international india private limited,Medchal Malkajgiri,ADS Raised,2026-08-07T06:57:43.338+00:00,,8700.0,27928.09,https://parivesh.nic.in/newupgrade/#/report/ec?proposalId=1237749869
state,36,Telangana,top_land,4,,,SIA/TG/INFRA2/401457/2022,Ramabhoopal Builders,RAMABHOOPAL BUILDERS,SANGAREDDY,TOR GRANTED,2022-09-26T17:48:27.699+00:00,,400.0,18737.4,https://parivesh.nic.in/newupgrade/#/report/ec?proposalId=922052
state,36,Telangana,top_land,5,,,SIA/TG/INFRA2/406945/2022,ABINANDANA INFRA REALITY LLP,VEERABOMMA VENKATESH,Sangareddy,EC Granted,2022-11-17T17:32:48.187+00:00,2022-12-24T17:26:15.993+00:00,850.0,8328.44,https://parivesh.nic.in/newupgrade/#/report/ec?proposalId=1594469
state,36,Telangana,top_land,6,,,FP/TG/HYD/IRRIG/548083/2025,"Construction of SRVR-DLIP Project across Krishna River from Yedula to Ulpara and Ulpara to Sivannagudem in Nalgonda ,Nagarkarnool & Mahaboobnagar District - 448.1241 Ha",Department of Irrigation,Nagarkurnool,Pending at UA due to EDS by MS after PSC-I,2025-08-13T16:38:06.368+00:00,,6.3,6931.8841,https://parivesh.nic.in/newupgrade/#/report/ec?proposalId=134040614
state,36,Telangana,top_land,7,,,IA/TG/CMIN/422528/2023,"RAMAGUNDAM COAL MINE (RG Coal Mine)  [Conversion of UG Mines to OC (closed GDK 10 & working Vakilpalli sequentially) and Amalgamation of RG OC I Expansion Project, RG OC II Extension Project & Adriyala Longwall Project]",THE SINGARENI COLLIERIES COMPANY LIMITED,Peddapalli,Proposal returned in present form,2023-03-17T11:16:28.544+00:00,,2.19405,3266.88,https://parivesh.nic.in/newupgrade/#/report/ec?proposalId=4029374
state,36,Telangana,top_land,8,,,IA/TG/CMIN/533627/2025,"RAMAGUNDAM COAL MINE (RG Coal Mine)  [Conversion of UG Mines to OC (closed GDK 10 & working Vakilpalli sequentially) and Amalgamation of RG OC I Expansion Project, RG OC II Extension Project & Adriyala Longwall Project]",THE SINGARENI COLLIERIES COMPANY LIMITED,Peddapalli,Proposal returned in present form,2025-04-10T12:54:59.287+00:00,,2.19405,3266.88,https://parivesh.nic.in/newupgrade/#/report/ec?proposalId=124642686
state,36,Telangana,top_land,9,,,IA/TG/CMIN/549072/2025,"RAMAGUNDAM COAL MINE (RG Coal Mine)  [Conversion of UG Mines to OC (closed GDK 10 & working Vakilpalli sequentially) and Amalgamation of RG OC I Expansion Project, RG OC II Extension Project & Adriyala Longwall Project]",THE SINGARENI COLLIERIES COMPANY LIMITED,Peddapalli,ToR Granted,2025-08-23T07:04:10.722+00:00,2025-10-21T04:24:32.144+00:00,2.19405,3266.88,https://parivesh.nic.in/newupgrade/#/report/ec?proposalId=134585225
state,36,Telangana,top_land,10,,,IA/TG/CMIN/569915/2026,"RAMAGUNDAM COAL MINE (RG Coal Mine)  [Conversion of UG Mines to OC (closed GDK 10 & working Vakilpalli sequentially) and Amalgamation of RG OC I Expansion Project, RG OC II Extension Project & Adriyala Longwall Project]",THE SINGARENI COLLIERIES COMPANY LIMITED,Peddapalli,EC Granted,2026-02-21T04:50:01.911+00:00,2026-09-29T13:42:02.180+00:00,2.19405,3266.88,https://parivesh.nic.in/newupgrade/#/report/ec?proposalId=1219921639
state,36,Telangana,recent_change,1,added,,SIA/TG/INFRA2/595010/2026,"Proposed Data Center Future City Project by M/s. HyperVault AI Data Center Limited at Survey No. 123 of Mucherla Village, Kandukur Mandal, Green Pharma City, Ranga Reddy District, Telangana",HyperVault AI Data Center Limited,Ranga Reddy,Under Verification,2026-10-09T11:05:28.439+00:00,,1500000.0,48.47,https://parivesh.nic.in/newupgrade/#/report/ec?proposalId=1244796382
state,36,Telangana,recent_change,2,added,,IA/TG/IND3/594956/2026,"Submission of   ""No Increase in Pollution Load""  for the proposed change of Product mix by Lofty Laboratories Pvt. Ltd.",lofty laboratories private limited,Sangareddy,,2026-10-09T07:31:25.770+00:00,,800.0,0.8112,https://parivesh.nic.in/newupgrade/#/report/ec?proposalId=1244764059
state,37,Ladakh,stat,,projects,371,,,,,,,,,,
state,37,Ladakh,stat,,active_projects,356,,,,,,,,,,
state,37,Ladakh,stat,,applications,356,,,,,,,,,,
state,37,Ladakh,stat,,ec_granted,4,,,,,,,,,,
state,37,Ladakh,stat,,ec_tor,0,,,,,,,,,,
state,37,Ladakh,stat,,ec_pending,345,,,,,,,,,,
state,37,Ladakh,stat,,ec_rejected,0,,,,,,,,,,
state,37,Ladakh,stat,,ec_withdrawn,7,,,,,,,,,,
state,37,Ladakh,stat,,pc_A,1,,,,,,,,,,
state,37,Ladakh,stat,,pc_B1,0,,,,,,,,,,
state,37,Ladakh,stat,,pc_B2,7,,,,,,,,,,
state,37,Ladakh,stat,,pc_OTHER,348,,,,,,,,,,
state,37,Ladakh,stat,,ty_ec,8,,,,,,,,,,
state,37,Ladakh,stat,,ty_forest,5,,,,,,,,,,
state,37,Ladakh,stat,,ty_wildlife,342,,,,,,,,,,
state,37,Ladakh,stat,,ty_crz,1,,,,,,,,,,
state,37,Ladakh,stat,,ty_other,0,,,,,,,,,,
state,37,Ladakh,stat,,delisted_or_removed,15,,,,,,,,,,
state,37,Ladakh,stat,,total_cost_lakhs,1103324.14,,,,,,,,,,
state,37,Ladakh,stat,,cost_outliers_excluded,1,,,,,,,,,,
state,37,Ladakh,stat,,total_land_ha,5257095.7194,,,,,,,,,,
state,37,Ladakh,stat,,latest_application,2026-09-16T06:16:21.781+00:00,,,,,,,,,,
state,37,Ladakh,stat,,latest_grant,2026-09-11T12:03:34.210+00:00,,,,,,,,,,
state,37,Ladakh,stat,,changes_added,0,,,,,,,,,,
state,37,Ladakh,stat,,changes_removed,0,,,,,,,,,,
state,37,Ladakh,stat,,changes_updated,64,,,,,,,,,,
state,37,Ladakh,stat,,changes_status,0,,,,,,,,,,
state,37,Ladakh,stat,,compared_with,2026-10-09T20:19:01Z,,,,,,,,,,
state,37,Ladakh,stat,,changes_added_active,0,,,,,,,,,,
state,37,Ladakh,stat,,changes_removed_active,0,,,,,,,,,,
state,37,Ladakh,stat,,changes_updated_active,64,,,,,,,,,,
state,37,Ladakh,stat,,changes_status_active,0,,,,,,,,,,
state,37,Ladakh,stat,,window_added_active,2,,,,,,,,,,
state,37,Ladakh,stat,,window_updated_active,62,,,,,,,,,,
state,37,Ladakh,stat,,window_added,2,,,,,,,,,,
state,37,Ladakh,stat,,window_updated,70,,,,,,,,,,
state,37,Ladakh,stat,,window_since,2025-09-22T10:48:43+05:30,,,,,,,,,,
state,37,Ladakh,status,,(none),343,,,,,,,,,,
state,37,Ladakh,status,,DELISTED_BY_SYSTEM,15,,,,,,,,,,
state,37,Ladakh,status,,Proposal pulled back (withdrawn),5,,,,,,,,,,
state,37,Ladakh,status,,Final Diversion Order Issued,4,,,,,,,,,,
state,37,Ladakh,status,,Proposal returned in present form,2,,,,,,,,,,
state,37,Ladakh,status,,Pending at State Secretary for Compliance Review,1,,,,,,,,,,
state,37,Ladakh,status,,Under Examination,1,,,,,,,,,,
state,37,Ladakh,applications_by_year,,2022,1,,,,,,,,,,
state,37,Ladakh,applications_by_year,,2023,112,,,,,,,,,,
state,37,Ladakh,applications_by_year,,2024,70,,,,,,,,,,
state,37,Ladakh,applications_by_year,,2025,83,,,,,,,,,,
state,37,Ladakh,applications_by_year,,2026,90,,,,,,,,,,
state,37,Ladakh,year_granted,,2022,1,,,,,,,,,,
state,37,Ladakh,year_granted,,2024,2,,,,,,,,,,
state,37,Ladakh,year_granted,,2025,1,,,,,,,,,,
state,37,Ladakh,year_pending,,2023,111,,,,,,,,,,
state,37,Ladakh,year_pending,,2024,63,,,,,,,,,,
state,37,Ladakh,year_pending,,2025,82,,,,,,,,,,
state,37,Ladakh,year_pending,,2026,89,,,,,,,,,,
state,37,Ladakh,year_withdrawn,,2023,1,,,,,,,,,,
state,37,Ladakh,year_withdrawn,,2024,5,,,,,,,,,,
state,37,Ladakh,year_withdrawn,,2026,1,,,,,,,,,,
state,37,Ladakh,year_pc_A,,2024,1,,,,,,,,,,
state,37,Ladakh,year_pc_B2,,2023,1,,,,,,,,,,
state,37,Ladakh,year_pc_B2,,2024,4,,,,,,,,,,
state,37,Ladakh,year_pc_B2,,2026,2,,,,,,,,,,
state,37,Ladakh,year_pc_OTHER,,2022,1,,,,,,,,,,
state,37,Ladakh,year_pc_OTHER,,2023,111,,,,,,,,,,
state,37,Ladakh,year_pc_OTHER,,2024,65,,,,,,,,,,
state,37,Ladakh,year_pc_OTHER,,2025,83,,,,,,,,,,
state,37,Ladakh,year_pc_OTHER,,2026,88,,,,,,,,,,
state,37,Ladakh,cube,,2022|granted|OTHER|forest,1,,,,,,,,,,
state,37,Ladakh,cube,,2023|pending|OTHER|wildlife,111,,,,,,,,,,
state,37,Ladakh,cube,,2023|withdrawn|B2|ec,1,,,,,,,,,,
state,37,Ladakh,cube,,2024|granted|OTHER|forest,2,,,,,,,,,,
state,37,Ladakh,cube,,2024|pending|OTHER|crz,1,,,,,,,,,,
state,37,Ladakh,cube,,2024|pending|OTHER|wildlife,62,,,,,,,,,,
state,37,Ladakh,cube,,2024|withdrawn|A|ec,1,,,,,,,,,,
state,37,Ladakh,cube,,2024|withdrawn|B2|ec,4,,,,,,,,,,
state,37,Ladakh,cube,,2025|granted|OTHER|forest,1,,,,,,,,,,
state,37,Ladakh,cube,,2025|pending|OTHER|wildlife,82,,,,,,,,,,
state,37,Ladakh,cube,,2026|pending|B2|ec,1,,,,,,,,,,
state,37,Ladakh,cube,,2026|pending|OTHER|forest,1,,,,,,,,,,
state,37,Ladakh,cube,,2026|pending|OTHER|wildlife,87,,,,,,,,,,
state,37,Ladakh,cube,,2026|withdrawn|B2|ec,1,,,,,,,,,,
state,37,Ladakh,run,,run_status,ok,,,,,,,,,,
state,37,Ladakh,run,,run_date,2026-10-10T05:52:28Z,,,,,,,,,,
state,37,Ladakh,run,,run_url,https://github.com/publicmap/parivesh-dashboard/actions/runs/38027443840,,,,,,,,,,
state,37,Ladakh,top_recent_ec,1,,,FP/LA/OTHERS/527158/2025,Diversion of Forest Land for development of Chowkhang Vihara Leh,Department of Tourism,Leh,Final Diversion Order Issued,2025-03-03T07:20:17.284+00:00,2026-09-11T12:03:34.210+00:00,6584.49,0.15,https://parivesh.nic.in/newupgrade/#/report/ec?proposalId=121441745
state,37,Ladakh,top_recent_ec,2,,,FP/LA/PWR_TRANS/515369/2024,Construction of 66KV Double Circuit Transmission line from 220/66 KV Substation Drass to 66/11 KV Zojila East Portal Substation.,NATIONAL HIGHWAYS & INFRASTRUCTURE DEVELOPMENT CORPORATION LIMITED,Kargil,Final Diversion Order Issued,2024-12-19T16:30:49.614+00:00,2026-06-08T16:15:50.217+00:00,19500.0,37.941,https://parivesh.nic.in/newupgrade/#/report/ec?proposalId=115264256
state,37,Ladakh,top_recent_ec,3,,,FP/LA/Pipeline/460138/2024,EXTENSION OF STP OUTLET PIPE UPTO DEWACHAN HOTEL AGLING,Department of Irrigation,Leh,Final Diversion Order Issued,2024-01-28T12:26:31.324+00:00,2024-11-25T05:01:07.370+00:00,113.65,0.117,https://parivesh.nic.in/newupgrade/#/report/ec?proposalId=42063026
state,37,Ladakh,top_recent_ec,4,,,FP/LA/ROAD/401595/2022,Diversion of forest land for Widening/UP- gradation to 2 lane/Intermediate lane of NH-301 (Kargil-Zanskar Road) in the UT of Ladakh.,NATIONAL HIGHWAYS & INFRASTRUCTURE DEVELOPMENT CORPORATION LIMITED,Kargil,Final Diversion Order Issued,2022-09-28T05:10:40.002+00:00,2024-11-04T13:30:26.883+00:00,1.143,36.0895,https://parivesh.nic.in/newupgrade/#/report/ec?proposalId=945137
state,37,Ladakh,top_cost,1,,,IA/LA/INFRA2/565175/2026,"Establishment of Sindhu Central University (SCU), at village Khaltsi, Tehsil Gothang District Leh, UT of Ladakh, developed by M/s Bureau of Central University, Deptt of Higher Education (DHE), Ministry of Education (MoE), Govt. of India.”",SINDHU CENTRAL UNIVERSITY,Leh,Proposal returned in present form,2026-01-12T01:58:54.898+00:00,,95287.0,54.34,https://parivesh.nic.in/newupgrade/#/report/ec?proposalId=1216514659
state,37,Ladakh,top_cost,2,,,SIA/LA/INFRA2/583422/2026,"Establishment of Sindhu Central University (SCU), at village Khaltsi, Tehsil Gothang District Leh, UT of Ladakh, developed by M/s Bureau of Central University, Deptt of Higher Education (DHE), Ministry of Education (MoE), Govt. of India",SINDHU CENTRAL UNIVERSITY,Leh,Under Examination,2026-06-26T07:43:01.754+00:00,,95287.0,49.22,https://parivesh.nic.in/newupgrade/#/report/ec?proposalId=1233398335
state,37,Ladakh,top_cost,3,,,WL/LA/SRY/590773/2026,CONSTRUCTION/IMPROVEMENT OF ROAD LOMA-HANLE FROM CL-9 TO NH DOUBLE LANE SPECIFICATION (10.00 MTR FORMATION WIDTH) BETWEEN KM 0.00 TO 49.81  (DESIGN LENGTH 48.00 KMS) UNDER 93 RCC/755 BRTF/PROJECT HIMANK IN UNION TERRITORY OF LADAKH,Ministry of Defense,Leh,,2026-09-01T05:27:52.161+00:00,,53300.0,114.914,https://parivesh.nic.in/newupgrade/#/report/ec?proposalId=1239827542
state,37,Ladakh,top_cost,4,,,WL/LA/DEF/517498/2025,FORWARD AVIATION BASE (FAB) AT SHYOK,Ministry of Defense,Leh,,2025-01-06T15:46:05.980+00:00,,48000.0,47.6,https://parivesh.nic.in/newupgrade/#/report/ec?proposalId=116851875
state,37,Ladakh,top_cost,5,,,WL/LA/DEF/519430/2025,FORWARD AVIATION BASE AT SHYOK,Ministry of Defense,Leh,,2025-01-20T14:44:48.898+00:00,,48000.0,47.6,https://parivesh.nic.in/newupgrade/#/report/ec?proposalId=117989342
state,37,Ladakh,top_cost,6,,,WL/LA/DEF/449296/2023,Construction of Likaru Mig La-Fukche Road from km 0.000 to km 64.000,Ministry of Defense,Leh,,2023-10-18T07:40:06.361+00:00,,47791.254,47.68,https://parivesh.nic.in/newupgrade/#/report/ec?proposalId=17850049
state,37,Ladakh,top_cost,7,,,WL/LA/Others/558889/2025,STEREO MACE SYSTEM,Department of Atomic Energy,Leh,,2025-11-20T07:30:22.181+00:00,,42822.0,24.62,https://parivesh.nic.in/newupgrade/#/report/ec?proposalId=488085778
state,37,Ladakh,top_cost,8,,,WL/LA/DEF/449800/2023,Construction of MUDH-TSAGA Road from km 0.000 to km 54.000,Ministry of Defense,Leh,,2023-10-21T08:36:45.751+00:00,,30993.1871,40.23,https://parivesh.nic.in/newupgrade/#/report/ec?proposalId=18582950
state,37,Ladakh,top_cost,9,,,WL/LA/DEF/427804/2023,Construction of Mahay-Nidder-Rhongo Road from Km 0.000 to Km 60.54,BORDER ROADS ORGANISATION/PROJET HIMANK/753BRTF,Leh,,2023-05-02T10:34:53.033+00:00,,25000.0,45.1,https://parivesh.nic.in/newupgrade/#/report/ec?proposalId=5024157
state,37,Ladakh,top_cost,10,,,WL/LA/DEF/569905/2026,"Construction of Single Lane Highway Handenbroke-Zingpal between (5.0 Km from Handenbroke end) and (5.0 Km from Zingpal end) by Project Vijayak, BRO in UT of Ladakh",ankur bora,Leh,,2026-02-20T14:51:57.922+00:00,,22952.37,106.5012,https://parivesh.nic.in/newupgrade/#/report/ec?proposalId=1219902011
state,37,Ladakh,top_land,1,,,WL/LA/Others/545645/2025,"Rationalisation of Boundary of Karakoram (Nubra-Shayok) Wildlife Sanctuary , UT Ladakh.",Department of Wildlife Protection,Leh,,2025-07-22T12:26:54.522+00:00,,0.0,1655000.0,https://parivesh.nic.in/newupgrade/#/report/ec?proposalId=132571784
state,37,Ladakh,top_land,2,,,WL/LA/Others/562659/2025,Rationalisation of Boundary of Karakoram (Nubra-Shyok) Wildlife Sanctuary in the Union Territory of Ladakh.,Department of Wildlife Protection,Leh,,2025-12-22T10:25:27.834+00:00,,0.0,1655000.0,https://parivesh.nic.in/newupgrade/#/report/ec?proposalId=1158615778
state,37,Ladakh,top_land,3,,,WL/LA/Others/545732/2025,"Rationalisation of Boundary of High Altitude Cold Desert (Changthang) Wildlife Sanctuary , UT Ladakh.",Department of Wildlife Protection,Leh,,2025-07-23T10:37:41.426+00:00,,0.0,969600.0,https://parivesh.nic.in/newupgrade/#/report/ec?proposalId=132632408
state,37,Ladakh,top_land,4,,,WL/LA/Others/562657/2025,Rationalisation of Boundary of High Altitude Cold Desert (Changthang) Wildlife Sanctuary in the Union Territory of Ladakh.,Department of Wildlife Protection,Leh,,2025-12-22T10:20:34.350+00:00,,0.0,969600.0,https://parivesh.nic.in/newupgrade/#/report/ec?proposalId=1158375178
state,37,Ladakh,top_land,5,,,WL/LA/Others/544037/2025,Trenches to prevent off-roading at Kalaktartar,Department of Wildlife Protection,Leh,,2025-07-07T10:56:10.923+00:00,,100.0,3413.0,https://parivesh.nic.in/newupgrade/#/report/ec?proposalId=131647234
state,37,Ladakh,top_land,6,,,WL/LA/TRANS/495110/2024,66 kV Transmission Line Kharu - Phobrang under RDSS,ENERGY POWER DEPARTMENT,Leh,,2024-09-02T11:03:16.343+00:00,,10358.0,160.04,https://parivesh.nic.in/newupgrade/#/report/ec?proposalId=99135259
state,37,Ladakh,top_land,7,,,WL/LA/DEF/552361/2025,Construction of Highway Tunnel including approaches across Saser La on Sasoma-Saserla-Brangsa Road,Border Roads Organisation,Leh,,2025-09-20T07:13:36.777+00:00,,5.0,149.1432,https://parivesh.nic.in/newupgrade/#/report/ec?proposalId=136650768
state,37,Ladakh,top_land,8,,,WL/LA/TRANS/551784/2025,Construction of 66 kV Transmission Line Tangtse-Chushul under RDSS,ENERGY POWER DEPARTMENT,Leh,,2025-09-16T08:19:17.516+00:00,,7197.0,128.01,https://parivesh.nic.in/newupgrade/#/report/ec?proposalId=136361281
state,37,Ladakh,top_land,9,,,WL/LA/TRANS/554270/2025,(FINAL) Construction of 66 kV Transmission Line Tangtse-Chushul under RDSS,ENERGY POWER DEPARTMENT,Leh,,2025-10-07T07:12:38.675+00:00,,7197.0,128.01,https://parivesh.nic.in/newupgrade/#/report/ec?proposalId=137605050
state,37,Ladakh,top_land,10,,,WL/LA/TRANS/554371/2025,Wildlife clearance in lieu of  Construction of 66 kV Transmission Line Nyoma(Nidder)- Hanle under RDSS,ENERGY POWER DEPARTMENT,Leh,,2025-10-07T14:31:05.170+00:00,,7657.0,123.0,https://parivesh.nic.in/newupgrade/#/report/ec?proposalId=137641193
state,38,Dadra And Nagar Haveli And Daman And Diu,stat,,projects,182,,,,,,,,,,
state,38,Dadra And Nagar Haveli And Daman And Diu,stat,,active_projects,122,,,,,,,,,,
state,38,Dadra And Nagar Haveli And Daman And Diu,stat,,applications,122,,,,,,,,,,
state,38,Dadra And Nagar Haveli And Daman And Diu,stat,,ec_granted,55,,,,,,,,,,
state,38,Dadra And Nagar Haveli And Daman And Diu,stat,,ec_tor,4,,,,,,,,,,
state,38,Dadra And Nagar Haveli And Daman And Diu,stat,,ec_pending,50,,,,,,,,,,
state,38,Dadra And Nagar Haveli And Daman And Diu,stat,,ec_rejected,3,,,,,,,,,,
state,38,Dadra And Nagar Haveli And Daman And Diu,stat,,ec_withdrawn,10,,,,,,,,,,
state,38,Dadra And Nagar Haveli And Daman And Diu,stat,,pc_A,3,,,,,,,,,,
state,38,Dadra And Nagar Haveli And Daman And Diu,stat,,pc_B1,7,,,,,,,,,,
state,38,Dadra And Nagar Haveli And Daman And Diu,stat,,pc_B2,54,,,,,,,,,,
state,38,Dadra And Nagar Haveli And Daman And Diu,stat,,pc_OTHER,58,,,,,,,,,,
state,38,Dadra And Nagar Haveli And Daman And Diu,stat,,ty_ec,61,,,,,,,,,,
state,38,Dadra And Nagar Haveli And Daman And Diu,stat,,ty_forest,41,,,,,,,,,,
state,38,Dadra And Nagar Haveli And Daman And Diu,stat,,ty_wildlife,7,,,,,,,,,,
state,38,Dadra And Nagar Haveli And Daman And Diu,stat,,ty_crz,9,,,,,,,,,,
state,38,Dadra And Nagar Haveli And Daman And Diu,stat,,ty_other,4,,,,,,,,,,
state,38,Dadra And Nagar Haveli And Daman And Diu,stat,,delisted_or_removed,60,,,,,,,,,,
state,38,Dadra And Nagar Haveli And Daman And Diu,stat,,total_cost_lakhs,1074572.44,,,,,,,,,,
state,38,Dadra And Nagar Haveli And Daman And Diu,stat,,cost_outliers_excluded,0,,,,,,,,,,
state,38,Dadra And Nagar Haveli And Daman And Diu,stat,,total_land_ha,265691.4796,,,,,,,,,,
state,38,Dadra And Nagar Haveli And Daman And Diu,stat,,latest_application,2026-10-01T14:52:58.984+00:00,,,,,,,,,,
state,38,Dadra And Nagar Haveli And Daman And Diu,stat,,latest_grant,2026-09-10T04:58:29.195+00:00,,,,,,,,,,
state,38,Dadra And Nagar Haveli And Daman And Diu,stat,,changes_added,0,,,,,,,,,,
state,38,Dadra And Nagar Haveli And Daman And Diu,stat,,changes_removed,0,,,,,,,,,,
state,38,Dadra And Nagar Haveli And Daman And Diu,stat,,changes_updated,15,,,,,,,,,,
state,38,Dadra And Nagar Haveli And Daman And Diu,stat,,changes_status,0,,,,,,,,,,
state,38,Dadra And Nagar Haveli And Daman And Diu,stat,,compared_with,2026-10-09T20:19:01Z,,,,,,,,,,
state,38,Dadra And Nagar Haveli And Daman And Diu,stat,,changes_added_active,0,,,,,,,,,,
state,38,Dadra And Nagar Haveli And Daman And Diu,stat,,changes_removed_active,0,,,,,,,,,,
state,38,Dadra And Nagar Haveli And Daman And Diu,stat,,changes_updated_active,10,,,,,,,,,,
state,38,Dadra And Nagar Haveli And Daman And Diu,stat,,changes_status_active,0,,,,,,,,,,
state,38,Dadra And Nagar Haveli And Daman And Diu,stat,,window_added_active,5,,,,,,,,,,
state,38,Dadra And Nagar Haveli And Daman And Diu,stat,,window_updated_active,36,,,,,,,,,,
state,38,Dadra And Nagar Haveli And Daman And Diu,stat,,window_added,5,,,,,,,,,,
state,38,Dadra And Nagar Haveli And Daman And Diu,stat,,window_updated,55,,,,,,,,,,
state,38,Dadra And Nagar Haveli And Daman And Diu,stat,,window_since,2025-09-22T10:48:43+05:30,,,,,,,,,,
state,38,Dadra And Nagar Haveli And Daman And Diu,status,,DELISTED_BY_SYSTEM,45,,,,,,,,,,
state,38,Dadra And Nagar Haveli And Daman And Diu,status,,EC Granted,30,,,,,,,,,,
state,38,Dadra And Nagar Haveli And Daman And Diu,status,,Final Diversion Order Issued,22,,,,,,,,,,
state,38,Dadra And Nagar Haveli And Daman And Diu,status,,REMOVED,15,,,,,,,,,,
state,38,Dadra And Nagar Haveli And Daman And Diu,status,,(none),10,,,,,,,,,,
state,38,Dadra And Nagar Haveli And Daman And Diu,status,,ADS Raised,8,,,,,,,,,,
state,38,Dadra And Nagar Haveli And Daman And Diu,status,,Proposal returned in present form,5,,,,,,,,,,
state,38,Dadra And Nagar Haveli And Daman And Diu,status,,Under Verification,5,,,,,,,,,,
state,38,Dadra And Nagar Haveli And Daman And Diu,status,,Accepted and Referred to SCZMA,4,,,,,,,,,,
state,38,Dadra And Nagar Haveli And Daman And Diu,status,,Pending at PP due to EDS by DFO,4,,,,,,,,,,
state,38,Dadra And Nagar Haveli And Daman And Diu,status,,Pending on UA for Compensatory Levies Payment,3,,,,,,,,,,
state,38,Dadra And Nagar Haveli And Daman And Diu,status,,REJECTED,2,,,,,,,,,,
state,38,Dadra And Nagar Haveli And Daman And Diu,status,,Granted,2,,,,,,,,,,
state,38,Dadra And Nagar Haveli And Daman And Diu,status,,Standard ToR Granted,2,,,,,,,,,,
state,38,Dadra And Nagar Haveli And Daman And Diu,status,,Proposal Withdrawal Request Accepted,2,,,,,,,,,,
state,38,Dadra And Nagar Haveli And Daman And Diu,status,,Under Examination with SCZMA,2,,,,,,,,,,
state,38,Dadra And Nagar Haveli And Daman And Diu,status,,Proposal pulled back (withdrawn),2,,,,,,,,,,
state,38,Dadra And Nagar Haveli And Daman And Diu,status,,Referred to SEIAA,2,,,,,,,,,,
state,38,Dadra And Nagar Haveli And Daman And Diu,status,,Pending at MS for Acceptance in PSC-I,2,,,,,,,,,,
state,38,Dadra And Nagar Haveli And Daman And Diu,status,,Proposal Accepted and Referred to SEAC,2,,,,,,,,,,
state,38,Dadra And Nagar Haveli And Daman And Diu,status,,TOR GRANTED,1,,,,,,,,,,
state,38,Dadra And Nagar Haveli And Daman And Diu,status,,Pending on UA for Levies Payment,1,,,,,,,,,,
state,38,Dadra And Nagar Haveli And Daman And Diu,status,,Pending at UA due to EDS by MS after PSC-I,1,,,,,,,,,,
state,38,Dadra And Nagar Haveli And Daman And Diu,status,,Stage-II Accorded,1,,,,,,,,,,
state,38,Dadra And Nagar Haveli And Daman And Diu,status,,Pending at UA for Compliance Report,1,,,,,,,,,,
state,38,Dadra And Nagar Haveli And Daman And Diu,status,,ToR Granted,1,,,,,,,,,,
state,38,Dadra And Nagar Haveli And Daman And Diu,status,,Pending at DFO for Compensatory Levies,1,,,,,,,,,,
state,38,Dadra And Nagar Haveli And Daman And Diu,status,,Withdrawal Request Accepted,1,,,,,,,,,,
state,38,Dadra And Nagar Haveli And Daman And Diu,status,,EC Rejected,1,,,,,,,,,,
state,38,Dadra And Nagar Haveli And Daman And Diu,status,,Pending at AIGF - RO,1,,,,,,,,,,
state,38,Dadra And Nagar Haveli And Daman And Diu,status,,Pending at DFO for Scrutiny and Recommendation,1,,,,,,,,,,
state,38,Dadra And Nagar Haveli And Daman And Diu,status,,Pending at State Secretary for Recommendation after PSC-II,1,,,,,,,,,,
state,38,Dadra And Nagar Haveli And Daman And Diu,status,,EDS Raised,1,,,,,,,,,,
state,38,Dadra And Nagar Haveli And Daman And Diu,applications_by_year,,2022,10,,,,,,,,,,
state,38,Dadra And Nagar Haveli And Daman And Diu,applications_by_year,,2023,17,,,,,,,,,,
state,38,Dadra And Nagar Haveli And Daman And Diu,applications_by_year,,2024,24,,,,,,,,,,
state,38,Dadra And Nagar Haveli And Daman And Diu,applications_by_year,,2025,37,,,,,,,,,,
state,38,Dadra And Nagar Haveli And Daman And Diu,applications_by_year,,2026,34,,,,,,,,,,
state,38,Dadra And Nagar Haveli And Daman And Diu,year_granted,,2022,5,,,,,,,,,,
state,38,Dadra And Nagar Haveli And Daman And Diu,year_granted,,2023,11,,,,,,,,,,
state,38,Dadra And Nagar Haveli And Daman And Diu,year_granted,,2024,7,,,,,,,,,,
state,38,Dadra And Nagar Haveli And Daman And Diu,year_granted,,2025,25,,,,,,,,,,
state,38,Dadra And Nagar Haveli And Daman And Diu,year_granted,,2026,7,,,,,,,,,,
state,38,Dadra And Nagar Haveli And Daman And Diu,year_tor,,2022,1,,,,,,,,,,
state,38,Dadra And Nagar Haveli And Daman And Diu,year_tor,,2023,1,,,,,,,,,,
state,38,Dadra And Nagar Haveli And Daman And Diu,year_tor,,2024,2,,,,,,,,,,
state,38,Dadra And Nagar Haveli And Daman And Diu,year_pending,,2022,4,,,,,,,,,,
state,38,Dadra And Nagar Haveli And Daman And Diu,year_pending,,2023,3,,,,,,,,,,
state,38,Dadra And Nagar Haveli And Daman And Diu,year_pending,,2024,13,,,,,,,,,,
state,38,Dadra And Nagar Haveli And Daman And Diu,year_pending,,2025,5,,,,,,,,,,
state,38,Dadra And Nagar Haveli And Daman And Diu,year_pending,,2026,25,,,,,,,,,,
state,38,Dadra And Nagar Haveli And Daman And Diu,year_rejected,,2023,2,,,,,,,,,,
state,38,Dadra And Nagar Haveli And Daman And Diu,year_rejected,,2025,1,,,,,,,,,,
state,38,Dadra And Nagar Haveli And Daman And Diu,year_withdrawn,,2024,2,,,,,,,,,,
state,38,Dadra And Nagar Haveli And Daman And Diu,year_withdrawn,,2025,6,,,,,,,,,,
state,38,Dadra And Nagar Haveli And Daman And Diu,year_withdrawn,,2026,2,,,,,,,,,,
state,38,Dadra And Nagar Haveli And Daman And Diu,year_pc_A,,2022,1,,,,,,,,,,
state,38,Dadra And Nagar Haveli And Daman And Diu,year_pc_A,,2023,1,,,,,,,,,,
state,38,Dadra And Nagar Haveli And Daman And Diu,year_pc_A,,2024,1,,,,,,,,,,
state,38,Dadra And Nagar Haveli And Daman And Diu,year_pc_B1,,2023,1,,,,,,,,,,
state,38,Dadra And Nagar Haveli And Daman And Diu,year_pc_B1,,2024,3,,,,,,,,,,
state,38,Dadra And Nagar Haveli And Daman And Diu,year_pc_B1,,2025,2,,,,,,,,,,
state,38,Dadra And Nagar Haveli And Daman And Diu,year_pc_B1,,2026,1,,,,,,,,,,
state,38,Dadra And Nagar Haveli And Daman And Diu,year_pc_B2,,2024,3,,,,,,,,,,
state,38,Dadra And Nagar Haveli And Daman And Diu,year_pc_B2,,2025,29,,,,,,,,,,
state,38,Dadra And Nagar Haveli And Daman And Diu,year_pc_B2,,2026,22,,,,,,,,,,
state,38,Dadra And Nagar Haveli And Daman And Diu,year_pc_OTHER,,2022,9,,,,,,,,,,
state,38,Dadra And Nagar Haveli And Daman And Diu,year_pc_OTHER,,2023,15,,,,,,,,,,
state,38,Dadra And Nagar Haveli And Daman And Diu,year_pc_OTHER,,2024,17,,,,,,,,,,
state,38,Dadra And Nagar Haveli And Daman And Diu,year_pc_OTHER,,2025,6,,,,,,,,,,
state,38,Dadra And Nagar Haveli And Daman And Diu,year_pc_OTHER,,2026,11,,,,,,,,,,
state,38,Dadra And Nagar Haveli And Daman And Diu,cube,,2022|granted|OTHER|forest,5,,,,,,,,,,
state,38,Dadra And Nagar Haveli And Daman And Diu,cube,,2022|pending|OTHER|crz,3,,,,,,,,,,
state,38,Dadra And Nagar Haveli And Daman And Diu,cube,,2022|pending|OTHER|wildlife,1,,,,,,,,,,
state,38,Dadra And Nagar Haveli And Daman And Diu,cube,,2022|tor|A|ec,1,,,,,,,,,,
state,38,Dadra And Nagar Haveli And Daman And Diu,cube,,2023|granted|A|other,1,,,,,,,,,,
state,38,Dadra And Nagar Haveli And Daman And Diu,cube,,2023|granted|OTHER|forest,10,,,,,,,,,,
state,38,Dadra And Nagar Haveli And Daman And Diu,cube,,2023|pending|OTHER|forest,2,,,,,,,,,,
state,38,Dadra And Nagar Haveli And Daman And Diu,cube,,2023|pending|OTHER|wildlife,1,,,,,,,,,,
state,38,Dadra And Nagar Haveli And Daman And Diu,cube,,2023|rejected|OTHER|forest,2,,,,,,,,,,
state,38,Dadra And Nagar Haveli And Daman And Diu,cube,,2023|tor|B1|ec,1,,,,,,,,,,
state,38,Dadra And Nagar Haveli And Daman And Diu,cube,,2024|granted|B1|ec,1,,,,,,,,,,
state,38,Dadra And Nagar Haveli And Daman And Diu,cube,,2024|granted|B1|other,1,,,,,,,,,,
state,38,Dadra And Nagar Haveli And Daman And Diu,cube,,2024|granted|B2|ec,1,,,,,,,,,,
state,38,Dadra And Nagar Haveli And Daman And Diu,cube,,2024|granted|OTHER|forest,4,,,,,,,,,,
state,38,Dadra And Nagar Haveli And Daman And Diu,cube,,2024|pending|OTHER|crz,2,,,,,,,,,,
state,38,Dadra And Nagar Haveli And Daman And Diu,cube,,2024|pending|OTHER|forest,7,,,,,,,,,,
state,38,Dadra And Nagar Haveli And Daman And Diu,cube,,2024|pending|OTHER|wildlife,4,,,,,,,,,,
state,38,Dadra And Nagar Haveli And Daman And Diu,cube,,2024|tor|A|ec,1,,,,,,,,,,
state,38,Dadra And Nagar Haveli And Daman And Diu,cube,,2024|tor|B1|ec,1,,,,,,,,,,
state,38,Dadra And Nagar Haveli And Daman And Diu,cube,,2024|withdrawn|B2|ec,2,,,,,,,,,,
state,38,Dadra And Nagar Haveli And Daman And Diu,cube,,2025|granted|B1|ec,1,,,,,,,,,,
state,38,Dadra And Nagar Haveli And Daman And Diu,cube,,2025|granted|B2|ec,21,,,,,,,,,,
state,38,Dadra And Nagar Haveli And Daman And Diu,cube,,2025|granted|OTHER|forest,3,,,,,,,,,,
state,38,Dadra And Nagar Haveli And Daman And Diu,cube,,2025|pending|B2|ec,2,,,,,,,,,,
state,38,Dadra And Nagar Haveli And Daman And Diu,cube,,2025|pending|OTHER|crz,3,,,,,,,,,,
state,38,Dadra And Nagar Haveli And Daman And Diu,cube,,2025|rejected|B1|ec,1,,,,,,,,,,
state,38,Dadra And Nagar Haveli And Daman And Diu,cube,,2025|withdrawn|B2|ec,6,,,,,,,,,,
state,38,Dadra And Nagar Haveli And Daman And Diu,cube,,2026|granted|B2|ec,5,,,,,,,,,,
state,38,Dadra And Nagar Haveli And Daman And Diu,cube,,2026|granted|OTHER|forest,1,,,,,,,,,,
state,38,Dadra And Nagar Haveli And Daman And Diu,cube,,2026|granted|OTHER|other,1,,,,,,,,,,
state,38,Dadra And Nagar Haveli And Daman And Diu,cube,,2026|pending|B1|other,1,,,,,,,,,,
state,38,Dadra And Nagar Haveli And Daman And Diu,cube,,2026|pending|B2|ec,15,,,,,,,,,,
state,38,Dadra And Nagar Haveli And Daman And Diu,cube,,2026|pending|OTHER|crz,1,,,,,,,,,,
state,38,Dadra And Nagar Haveli And Daman And Diu,cube,,2026|pending|OTHER|forest,7,,,,,,,,,,
state,38,Dadra And Nagar Haveli And Daman And Diu,cube,,2026|pending|OTHER|wildlife,1,,,,,,,,,,
state,38,Dadra And Nagar Haveli And Daman And Diu,cube,,2026|withdrawn|B2|ec,2,,,,,,,,,,
state,38,Dadra And Nagar Haveli And Daman And Diu,run,,run_status,ok,,,,,,,,,,
state,38,Dadra And Nagar Haveli And Daman And Diu,run,,run_date,2026-10-10T05:52:28Z,,,,,,,,,,
state,38,Dadra And Nagar Haveli And Daman And Diu,run,,run_url,https://github.com/publicmap/parivesh-dashboard/actions/runs/38027443840,,,,,,,,,,
state,38,Dadra And Nagar Haveli And Daman And Diu,top_recent_ec,1,,,FP/DN/ROAD/545437/2025,"Diversion of PRF Land for Widening of Village Road in Dagachi, Diu. (Ch. 0+330 to Ch. 0+850)",EXECUTIVE ENGINEER PUBLIC WORKS DEPARTMENT DIU,Diu,Final Diversion Order Issued,2025-07-20T07:03:18.616+00:00,2026-09-10T04:58:29.195+00:00,7456.0,0.2175,https://parivesh.nic.in/newupgrade/#/report/ec?proposalId=132424150
state,38,Dadra And Nagar Haveli And Daman And Diu,top_recent_ec,2,,,FP/DN/ROAD/545439/2025,Diversion of PRF Land for Strengthening and Widening of NH-251 from 11.000 to Km. 22.770 in Diu (Ch. 20+458 to Ch.20+500),EXECUTIVE ENGINEER PUBLIC WORKS DEPARTMENT DIU,Diu,Final Diversion Order Issued,2025-07-20T07:34:26.484+00:00,2026-09-08T02:27:27.766+00:00,9505.0,0.0185,https://parivesh.nic.in/newupgrade/#/report/ec?proposalId=132424595
state,38,Dadra And Nagar Haveli And Daman And Diu,top_recent_ec,3,,,FP/DN/ROAD/427938/2023,Diversion of Reserve Forest Land for the Construction of Road from Kauncha Patelpada to Loharpada in Kauncha Village.,EXECUTIVE ENGINEER PWD III IRRIGATION DISTRICT PANCHAYAT DADRA AND NAGAR HAVELI,Dadra & Nagar Haveli,Final Diversion Order Issued,2023-05-03T11:15:38.659+00:00,2026-08-27T11:39:25.105+00:00,90.0,0.0294,https://parivesh.nic.in/newupgrade/#/report/ec?proposalId=5057888
state,38,Dadra And Nagar Haveli And Daman And Diu,top_recent_ec,4,,,FP/DN/ROAD/567111/2026,Diversion of Reserved Forest Land for the Up-gradation and Widening of the Karchond -Vaghchauda Road.,EXECUTIVE ENGINEER PWD III IRRIGATION DISTRICT PANCHAYAT DADRA AND NAGAR HAVELI,Dadra & Nagar Haveli,Final Diversion Order Issued,2026-01-28T15:06:02.058+00:00,2026-08-27T08:54:38.115+00:00,827.0,0.8204,https://parivesh.nic.in/newupgrade/#/report/ec?proposalId=1217782467
state,38,Dadra And Nagar Haveli And Daman And Diu,top_recent_ec,5,,,FP/DN/ROAD/403678/2022,Diversion of the Forest Land for the Upgradation and Strengthening of exisiting immediate land for Kauncha Bridge to Jamalpada Road (Ch. 0/0 to 3/041) of towards Forest Land (Ch. 0/0 to 0/314),EXECUTIVE ENGINEER ROAD DIVISION,Dadra & Nagar Haveli,Final Diversion Order Issued,2022-10-18T12:41:49.402+00:00,2026-08-11T12:14:09.359+00:00,510.0,2.012,https://parivesh.nic.in/newupgrade/#/report/ec?proposalId=1199577
state,38,Dadra And Nagar Haveli And Daman And Diu,top_recent_ec,6,,,FP/DN/Pipeline/500744/2024,"125/90 mm dia PE pipeline parallel & across to Road side strip plantation declared as Protected Forest for Silvassa, Naroli Internal Road, Silvassha - Khanval Road ,Dapada Internal Road & Surrounding Area of Dadra and Nagar Haveli.",GUJARAT GAS LIMITED,Valsad,Final Diversion Order Issued,2024-10-11T11:19:12.613+00:00,2026-08-04T11:56:02.224+00:00,75.0,0.0683,https://parivesh.nic.in/newupgrade/#/report/ec?proposalId=109533873
state,38,Dadra And Nagar Haveli And Daman And Diu,top_recent_ec,7,,,SIA/DN/INFRA2/574351/2026,Proposed Expansion Project for Construction of Industrial Shed/building by M/s. Vedanta Limited,VEDANTA LIMITED,Dadra & Nagar Haveli,EC Granted,2026-04-01T13:11:13.139+00:00,2026-07-21T09:06:13.059+00:00,4254.89,5.3707,https://parivesh.nic.in/newupgrade/#/report/ec?proposalId=1223140749
state,38,Dadra And Nagar Haveli And Daman And Diu,top_recent_ec,8,,,SIA/DN/INFRA2/570524/2026,The Proposed  Building Construction Projects of  Ware House Building in Existing Building,Silverdream enterprises llp,Dadra & Nagar Haveli,EC Granted,2026-02-26T08:28:16.865+00:00,2026-07-10T13:16:51.763+00:00,3700.0,3.3975,https://parivesh.nic.in/newupgrade/#/report/ec?proposalId=1220339846
state,38,Dadra And Nagar Haveli And Daman And Diu,top_recent_ec,9,,,FP/DN/PWR_TRANS/536803/2025,"Diversion of Reserved Forest Land for LT Electric Connection to USO 4G BSNL Tower sites in Goratpada, Mandoni and Ghodbari in RF area under GOI Saturation Project in Dadra & Nagar Haveli.",MAHESH NAIR,Dadra & Nagar Haveli,Final Diversion Order Issued,2025-05-07T15:01:38.123+00:00,2026-07-03T18:13:01.713+00:00,1.0,0.0403,https://parivesh.nic.in/newupgrade/#/report/ec?proposalId=126471325
state,38,Dadra And Nagar Haveli And Daman And Diu,top_recent_ec,10,,,SIA/DN/INFRA2/553050/2025,Proposed expansion of Residential Project Yogi Woods by Shiv Builders,SHIV BUILDERS,Dadra & Nagar Haveli,EC Granted,2025-09-25T05:39:31.689+00:00,2026-05-30T11:49:35.660+00:00,15100.0,2.31,https://parivesh.nic.in/newupgrade/#/report/ec?proposalId=136963993
state,38,Dadra And Nagar Haveli And Daman And Diu,top_cost,1,,,FP/DN/TRANS/445128/2023,765 kV D/c Navsari-Padge Transmission line,POWER GRID CORPORATION OF INDIA LTD,Dadra & Nagar Haveli,Final Diversion Order Issued,2023-09-20T11:53:19.056+00:00,2024-10-15T05:34:32.702+00:00,89500.0,31.301,https://parivesh.nic.in/newupgrade/#/report/ec?proposalId=11323822
state,38,Dadra And Nagar Haveli And Daman And Diu,top_cost,2,,,IA/DN/CRZ/460231/2024,765 kV D/c Navsari-Padge Transmission line,POWER GRID CORPORATION OF INDIA LTD,Dadra & Nagar Haveli,Under Examination with SCZMA,2024-01-29T13:10:53.569+00:00,,89500.0,31.301,https://parivesh.nic.in/newupgrade/#/report/ec?proposalId=42337606
state,38,Dadra And Nagar Haveli And Daman And Diu,top_cost,3,,,SIA/DN/INFRA2/556854/2025,Hindalco Industries Limited,HINDALCO INDUSTRIES LIMITED,Dadra & Nagar Haveli,EC Granted,2025-11-01T12:43:36.780+00:00,2026-04-09T14:14:23.760+00:00,86750.0,37.951,https://parivesh.nic.in/newupgrade/#/report/ec?proposalId=191628778
state,38,Dadra And Nagar Haveli And Daman And Diu,top_cost,4,,,IA/DN/CRZ/571290/2026,"Construction of Signature Bridge Connecting Jampore Sea Front Road Near Light House to Devka Sea Front Road at. Parkota Sheri at. Nani Daman, at. Jampore, Daman",EXECUTIVE ENGINEER  PUBLIC WORKS DEPARTMENT WD I DAMAN,Daman,Accepted and Referred to SCZMA,2026-03-05T07:29:57.062+00:00,,35915.0,658.11,https://parivesh.nic.in/newupgrade/#/report/ec?proposalId=1220831318
state,38,Dadra And Nagar Haveli And Daman And Diu,top_cost,5,,,SIA/DN/IND2/459738/2024,M/s. Unify Texturisers Pvt. Ltd.,UNIFY TEXTURISERS PRIVATE LIMITED,Dadra & Nagar Haveli,EC Granted,2024-01-24T09:40:34.332+00:00,2025-09-13T11:27:23.198+00:00,35091.0,8.33,https://parivesh.nic.in/newupgrade/#/report/ec?proposalId=41040678
state,38,Dadra And Nagar Haveli And Daman And Diu,top_cost,6,,,IA/DN/IND1/506591/2025,POLYCAB INDIA LIMITED,POLYCAB INDIA LIMITED,Daman,Standard ToR Granted,2024-11-19T10:05:21.698+00:00,2025-01-06T07:21:41.653+00:00,32435.9,8.319,https://parivesh.nic.in/newupgrade/#/report/ec?proposalId=111847641
state,38,Dadra And Nagar Haveli And Daman And Diu,top_cost,7,,,SIA/DN/IND1/541591/2025,POLYCAB INDIA LIMITED,POLYCAB INDIA LIMITED,Daman,EC Rejected,2025-06-16T11:46:29.302+00:00,2025-09-10T14:00:47.760+00:00,32435.9,8.319,https://parivesh.nic.in/newupgrade/#/report/ec?proposalId=130061461
state,38,Dadra And Nagar Haveli And Daman And Diu,top_cost,8,,,IA/DN/IND1/551214/2025,POLYCAB INDIA LIMITED,POLYCAB INDIA LIMITED,Daman,EC Granted,2025-09-11T09:43:06.228+00:00,2025-11-24T12:11:50.132+00:00,32435.9,8.319,https://parivesh.nic.in/newupgrade/#/report/ec?proposalId=136095407
state,38,Dadra And Nagar Haveli And Daman And Diu,top_cost,9,,,IA/DN/IND1/565640/2026,POLYCAB INDIA LIMITED,POLYCAB INDIA LIMITED,Daman,EC Granted,2026-01-15T09:37:32.959+00:00,2026-02-22T14:23:17.702+00:00,32435.9,8.319,https://parivesh.nic.in/newupgrade/#/report/ec?proposalId=1216841893
state,38,Dadra And Nagar Haveli And Daman And Diu,top_cost,10,,,FP/DN/TRANS/405851/2022,400 kV D/c Magarwada-Kala,POWER GRID CORPORATION OF INDIA LTD,Daman,Final Diversion Order Issued,2022-11-09T07:37:59.236+00:00,2024-06-11T07:10:46.699+00:00,27900.0,31.8155,https://parivesh.nic.in/newupgrade/#/report/ec?proposalId=1457574
state,38,Dadra And Nagar Haveli And Daman And Diu,top_land,1,,,SIA/DN/INFRA2/556273/2025,The Expansion of  Building Construction Projects of  Industrial Building in Existing Unit in Category- 8(a) of  “KLJ Polymers and Chemicals Ltd.”,KLJ Polymers and chemicals Limited,Dadra & Nagar Haveli,Proposal returned in present form,2025-10-28T07:26:42.833+00:00,,2029.48,115307.0,https://parivesh.nic.in/newupgrade/#/report/ec?proposalId=138747063
state,38,Dadra And Nagar Haveli And Daman And Diu,top_land,2,,,SIA/DN/INFRA2/559239/2025,M/s. Shree Narayani Infra,SHREE NARAYANI INFRA,Dadra & Nagar Haveli,Proposal returned in present form,2025-11-22T12:06:03.883+00:00,,4000.0,50504.0,https://parivesh.nic.in/newupgrade/#/report/ec?proposalId=535769578
state,38,Dadra And Nagar Haveli And Daman And Diu,top_land,3,,,FP/DN/OTHERS/568273/2026,"Design Construction Operation and Maintenance of Sports Activities Adventure Park at Jumprime, Moti Daman",EXECUTIVE ENGINEER  PUBLIC WORKS DEPARTMENT WD I DAMAN,Daman,Pending at MS for Acceptance in PSC-I,2026-02-06T11:57:19.898+00:00,,400.0,35236.0,https://parivesh.nic.in/newupgrade/#/report/ec?proposalId=1218632076
state,38,Dadra And Nagar Haveli And Daman And Diu,top_land,4,,,SIA/DN/INFRA2/548999/2025,Silver Dream Enterprises LLP,Silverdream enterprises llp,Dadra & Nagar Haveli,Proposal returned in present form,2025-08-22T10:44:45.865+00:00,,8700.0,33975.0,https://parivesh.nic.in/newupgrade/#/report/ec?proposalId=134540927
state,38,Dadra And Nagar Haveli And Daman And Diu,top_land,5,,,SIA/DN/INFRA2/590348/2026,The new proposed  Building and Construction Projects of  Residential cum Commercial Building with Club House,MUNDRA HOUSING PROJECTS LLP,Dadra & Nagar Haveli,ADS Raised,2026-08-26T12:43:25.491+00:00,,9400.0,12150.0,https://parivesh.nic.in/newupgrade/#/report/ec?proposalId=1239440739
state,38,Dadra And Nagar Haveli And Daman And Diu,top_land,6,,,IA/DN/CRZ/484933/2024,"Extension of Samudra Narayan Jetty up to pedestrian Bridge & Development of Boat Parking at Nani Daman, U.T. of DNH and Daman & Diu. Applicant: Fisheries Department, Daman",EXECUTIVE ENGINEER  PUBLIC WORKS DEPARTMENT WD I DAMAN,Daman,Accepted and Referred to SCZMA,2024-06-29T12:34:41.969+00:00,,9071.0,12048.0,https://parivesh.nic.in/newupgrade/#/report/ec?proposalId=79839902
state,38,Dadra And Nagar Haveli And Daman And Diu,top_land,7,,,IA/DN/CRZ/406847/2022,THE WAVES,JAYANTI D TANDEL,Daman,,2022-11-17T08:09:07.415+00:00,,1500.0,5300.0,https://parivesh.nic.in/newupgrade/#/report/ec?proposalId=1581746
state,38,Dadra And Nagar Haveli And Daman And Diu,top_land,8,,,IA/DN/CRZ/571290/2026,"Construction of Signature Bridge Connecting Jampore Sea Front Road Near Light House to Devka Sea Front Road at. Parkota Sheri at. Nani Daman, at. Jampore, Daman",EXECUTIVE ENGINEER  PUBLIC WORKS DEPARTMENT WD I DAMAN,Daman,Accepted and Referred to SCZMA,2026-03-05T07:29:57.062+00:00,,35915.0,658.11,https://parivesh.nic.in/newupgrade/#/report/ec?proposalId=1220831318
state,38,Dadra And Nagar Haveli And Daman And Diu,top_land,9,,,IA/DN/IND2/401672/2022,Expansion of Polyester manufacturing capacity and establishing r-PET unit,RELIANCE INDUSTRIES LIMITED,DADRA AND NAGAR HAVELI,TOR GRANTED,2022-09-28T11:56:23.616+00:00,2022-11-16T18:04:13.563+00:00,11.60236,62.32,https://parivesh.nic.in/newupgrade/#/report/ec?proposalId=955272
state,38,Dadra And Nagar Haveli And Daman And Diu,top_land,10,,,SIA/DN/INFRA2/556854/2025,Hindalco Industries Limited,HINDALCO INDUSTRIES LIMITED,Dadra & Nagar Haveli,EC Granted,2025-11-01T12:43:36.780+00:00,2026-04-09T14:14:23.760+00:00,86750.0,37.951,https://parivesh.nic.in/newupgrade/#/report/ec?proposalId=191628778
