ID,Project Description,Proposal Type,Proposal Number,Application Date,Grant Date,Last Visible Status,Project Land Requirement (Hectares),Total Cost (Lakhs),Organization Name,EC Consultant,Description,Category,Project Category (Code),Project Category,Project Name,State,Sub District,Village,MoEFCC File,State File,Plot Nos,Shape of Project,Existing Non-Forest Land,Existing Forest Land,Existing Total Land,Additional Non-Forest Land,Additional Forest Land,Additional Total Land,Existing Cost,Expansion Cost,Villages Affected,Project Displaced Families,Project Affected Families,Alternative Site Examined,Alternative Site Description,Government Restriction,Litigation Pending,Violation Involved,Last Submission Date,Cost Benefit Report PDF,Compensatory Afforestation Type,Is Applicable Compensatory Afforestation,Mining Date of Issue,Mining Date of Validity,Mining Lease Period,Mining Date of Expiry,Mining Lease Area,Mining Production Capacity,Mining Other Info,Mining Status of Approval,Mining Estimated Reserve Names,Mining Estimated Reserve FL,Mining Estimated Reserve NFL,Mining Proved Reserves,Mining Indicated Reserves,Mining Inferred Reserves,Mining Mineable Reserves,Mining Approved Life of Mine,Mining Approving Authority Name,Mining Life of Mine Other Info,Mining Type of Mining,Mining Method of Mining,Mining Type of Mining Other Info,Mining Blasting Other Info,Mining External Dumping Remarks,Mining Internal Dumping Remarks,Mining Topsoil Dumping Remarks,Mining Total Quarry Area,Mining Quarry Other Info,Mining Transportation Mode From Pithead,Mining Transportation Mode From Loading,Mining Transportation Mode Other Info,Mining Plantation Area,Mining Water Body,Mining Public Use,Mining Other Use,Organization Street,Organization City,Organization State,Organization Legal Status,Applicant Designation,Applicant City,Applicant State,Forest Clearance Present Owners,District,Plot Number,KML URLs,Village Code,proposal_url,Employment (Construction),Employment (Operational)
723482,Drilling of Exploratory Location ADAV,New,SIA/TR/IND2/400206/2022,2022-09-09T05:01:51.190+00:00,2023-03-15T12:18:26.160+00:00,EC Granted,,,"ONGC, TRIPURA ASSET",,Environment clearance form,TOR,B2,"Off-shore and onshore oil and gas exploration,  development and production",Drilling of Exploratory Location ADAV,TRIPURA,,,F.8(25)/TSPCB/SEAC/2022/ONGC/ADAV,F.8(25)/TSPCB/SEAC/2022/ONGC/ADAV,,,,,,,,,,,,,,,,,,,2022-11-22T07:05:17.472+00:00,,,,,,,,,,,,,,,,,,,,,,,,,,,,,,,,,,,,,,,,,,,,,,,,,,https://parivesh.nic.in/newupgrade/#/report/ec?proposalId=723482,,
734160,Sand Mining,New,SIA/TR/MIN/400312/2022,2022-09-11T13:29:10.818+00:00,2022-11-23T13:22:27.117+00:00,EC Granted,1.69,10.0,CPC ENVIRONMENT SOLUTION PRIVATE LIMITED,,Environment clearance form,TOR,B2,Mining of minerals,"M/s Bharat Nirman Infrastructure, Block ID: UMT/ST-004",TRIPURA,,,F.8(25)/TSPCB/SEIAA/2022/SM-333,F.8(25)/TSPCB/SEIAA/2022/SM-333,,Linear,1.69,0.0,1.69,0.0,0.0,0.0,0.0,0.0,0,0,0,Not applicable as the project or activity is site specific,,NO,NO,NO,2022-09-16T00:00:00.000+00:00,,,,,,,,,,,,,,,,,,,,,,,,,,,,,,,,,,,,,,,,,,,,,,,,,,https://parivesh.nic.in/newupgrade/#/report/ec?proposalId=734160,1504.0,1504.0
824396,Sand Mining,New,SIA/TR/MIN/400913/2022,2022-09-21T09:52:35.226+00:00,2022-11-23T13:14:11.387+00:00,EC Granted,1.3273,0.5,AMAR DEBBARMA,,Environment clearance form,TOR,B2,Mining of minerals,SAND MINING OF LAXMI SAND,TRIPURA,,,No. F.8(25)/TSPCB/SEIAA/2022/SM-332,No. F.8(25)/TSPCB/SEIAA/2022/SM-332,,Non - Linear,1.3273,0.0,1.3273,0.0,0.0,0.0,0.0,0.0,0,0,0,NO,Mining is done only riverbed only,NO,NO,NO,2022-09-23T00:00:00.000+00:00,,,,,,,,,,,,,,,,,,,,,,,,,,,,,,,,,,,,,,,,,,,,,,,,,,https://parivesh.nic.in/newupgrade/#/report/ec?proposalId=824396,1890.0,1890.0
859505,Sand Block,New,SIA/TR/MIN/401111/2022,2022-09-23T04:00:27.741+00:00,2022-11-23T13:21:02.820+00:00,EC Granted,0.466,10.0,CPC ENVIRONMENT SOLUTION PRIVATE LIMITED,,Environment clearance form,TOR,B2,Mining of minerals,"M/s Sajal Das Sand Block, Block ID: UMT/NT/001",TRIPURA,Dasda,CHANDIPUR,No. F.8(25)/TSPCB/SEIAA/2022/SM-331,No. F.8(25)/TSPCB/SEIAA/2022/SM-331,,Non - Linear,0.466,0.0,0.466,0.0,0.0,0.0,0.0,0.0,0,0,0,NO,N/A,NO,NO,NO,2022-09-23T00:00:00.000+00:00,,,,,,,,,,,,,,,,,,,,,,,,,,,,,,,,,,,,,,,,,,,,,,NORTH TRIPURA,,,,https://parivesh.nic.in/newupgrade/#/report/ec?proposalId=859505,2002.0,2002.0
860764,Sand Block,New,SIA/TR/MIN/401122/2022,2022-09-23T05:18:00.111+00:00,2022-11-23T13:19:26.297+00:00,EC Granted,0.8022,10.0,CPC ENVIRONMENT SOLUTION PRIVATE LIMITED,,Environment clearance form,TOR,B2,Mining of minerals,"M/s Satyasundar Sand Block, Block ID: UMT/UN-004",TRIPURA,Kumarghat,DUDHPUR,No. F.8(25)/TSPCB/SEIAA/2022/SM-330,No. F.8(25)/TSPCB/SEIAA/2022/SM-330,"M/s Satyasundar Sand Block, Block ID: UMT/UN-004",Non - Linear,0.8022,0.0,0.8022,0.0,0.0,0.0,0.0,0.0,0,0,0,NO,N/a,NO,NO,NO,2022-09-23T00:00:00.000+00:00,,,,,,,,,,,,,,,,,,,,,,,,,,,,,,,,,,,,,,,,,,,,,,UNOKOTI,"M/s Satyasundar Sand Block, Block ID: UMT/UN-004",,,https://parivesh.nic.in/newupgrade/#/report/ec?proposalId=860764,2002.0,2002.0
863138,Sand Block,New,SIA/TR/MIN/401129/2022,2022-09-23T05:57:00.708+00:00,2022-11-23T13:17:27.560+00:00,EC Granted,0.8234,10.0,CPC ENVIRONMENT SOLUTION PRIVATE LIMITED,,Environment clearance form,TOR,B2,Mining of minerals,"M/s Nirmal Das Sand Block, Block ID: UMT/UN-005",TRIPURA,Kumarghat,PURBA RATACHARA,No. F.8(25)/TSPCB/SEIAA/2022/SM-329,No. F.8(25)/TSPCB/SEIAA/2022/SM-329,"M/s Nirmal Das Sand Block, Block ID: UMT/UN-005",Non - Linear,0.8234,0.0,0.8234,0.0,0.0,0.0,0.0,0.0,0,0,0,NO,N/a,NO,NO,NO,2022-09-23T00:00:00.000+00:00,,,,,,,,,,,,,,,,,,,,,,,,,,,,,,,,,,,,,,,,,,,,,,UNOKOTI,"M/s Nirmal Das Sand Block, Block ID: UMT/UN-005",,,https://parivesh.nic.in/newupgrade/#/report/ec?proposalId=863138,2002.0,2002.0
911564,Sand Block,New,SIA/TR/MIN/401397/2022,2022-09-26T10:29:54.246+00:00,2023-03-15T12:01:42.627+00:00,EC Granted,0.7272,10.0,CPC ENVIRONMENT SOLUTION PRIVATE LIMITED,,Environment clearance form,TOR,B2,Mining of minerals,"M/s Nitya Ranjan Sand Block, Block ID: UMT/NT-002",TRIPURA,Pencharthal,Dakshin Machhmara,F.8(25)/TSPCB/SEIAA/2022/SM-338,F.8(25)/TSPCB/SEIAA/2022/SM-338,,Non - Linear,0.7272,0.0,0.7272,0.0,0.0,0.0,0.0,0.0,0,0,0,NO,n/a,NO,NO,NO,2022-09-26T00:00:00.000+00:00,,,,,,,,,,,,,,,,,,,,,,,,,,,,,,,,,,,,,,,,,,,,,,Unakoti,,https://parivesh.nic.in/dms/okm/downloadDocument?docTypemappingId=40829&refId=858233&refType=caf&uuid=86c5c6f0-849b-4984-bb8b-66ea7f1915a0&version=1.4,,https://parivesh.nic.in/newupgrade/#/report/ec?proposalId=911564,2002.0,2002.0
924203,Sand Block,New,SIA/TR/MIN/401479/2022,2022-09-27T05:14:54.521+00:00,2023-03-15T12:31:36.460+00:00,EC Granted,0.5193,10.0,CPC ENVIRONMENT SOLUTION PRIVATE LIMITED,,Environment clearance form,TOR,B2,Mining of minerals,"M/s Sarajit Sand Block, Block ID: UMT/NT/004",TRIPURA,Dasda,Shantipur,F.8(25)/TSPCB/SEIAA/2022/SM-339,F.8(25)/TSPCB/SEIAA/2022/SM-339,,Non - Linear,0.5193,0.0,0.5193,0.0,0.0,0.0,0.0,0.0,0,0,0,NO,N/a,NO,NO,NO,2022-09-27T05:50:43.969+00:00,,,,,,,,,,,,,,,,,,,,,,,,,,,,,,,,,,,,,,,,,,,,,,North Tripura,,,,https://parivesh.nic.in/newupgrade/#/report/ec?proposalId=924203,2002.0,2002.0
966165,Sand mine of Kumarghat Sand Block Mine,New,SIA/TR/MIN/401737/2022,2022-09-29T07:58:10.321+00:00,2023-03-15T11:57:18.030+00:00,EC Granted,0.8093,5.0,PARINDRA DEBNATH,,Environment clearance form,TOR,B2,Mining of minerals,M/s Parindra sand,TRIPURA,Kumarghat,Kumarghat,F.8(25)/TSPCB/SEIAA/2022/SM-336,F.8(25)/TSPCB/SEIAA/2022/SM-336,,Linear,0.8093,0.0,0.8093,0.0,0.0,0.0,0.0,0.0,0,0,0,Not applicable as the project or activity is site specific,,NO,NO,NO,2022-09-29T12:14:06.120+00:00,,,,,,,,,,,,,,,,,,,,,,,,,,,,,,,,,,,,,,,,,,,,,,Unakoti,,,,https://parivesh.nic.in/newupgrade/#/report/ec?proposalId=966165,0.0,1680.0
1026258,"Field Development for setting up of Surface Facilities, Group Gathering Station (GGS), Development Drilling and Interconnecting pipeline between wells for Kathalchari Field Development, Block AA‐ONN‐2002/1, Tripura",Expansion,IA/TR/IND2/402250/2022,2022-10-04T13:47:15.548+00:00,2022-11-19T08:14:09.847+00:00,TOR GRANTED,5.443,27200.0,JUBILANT OIL AND GAS PVT LTD,Envirocare Technocrats Pvt. Ltd. (formerly known as Enviro Care Engineers & Consultant),Environment clearance form,TOR,A,"Off-shore and onshore oil and gas exploration,  development and production","Field Development for setting up of Surface Facilities, Group Gathering Station (GGS), Development Drilling and Interconnecting pipeline between wells for Kathalchari Field Development, Block AA‐ONN‐2002/1 (Tripura) by JOGPL Private Limited",TRIPURA,Sabroom,Bagmara,IA-J-11011/447/2022-IA-II(I),IA-J-11011/447/2022-IA-II(I),,Non - Linear,5.443,0.0,5.443,6.16,2.94,9.1,0.0,27200.0,0,0,0,Not applicable as the project or activity is site specific,,YES,NO,NO,2022-11-03T09:50:48.177+00:00,,,,,,,,,,,,,,,,,,,,,,,,,,,,,,,,,,,,,,,,,,,,,,South Tripura,,https://parivesh.nic.in/dms/okm/downloadDocument?docTypemappingId=40829&refId=1022803&refType=caf&uuid=a5b471da-e19f-4373-8d1f-6c83a0f4c2ba&version=1.2,,https://parivesh.nic.in/newupgrade/#/report/ec?proposalId=1026258,8200.0,0.0
1137290,"Tripura Oil & Gas exploration block AA ONN 2002 1 NELP  IV proposed for diversion of 2.036 hact. forest land for drill site, waste pit, drill site accommodation, TSR camp for location called Dev 37A.",New,FP/TR/MIN/QRY/403097/2022,2022-10-14T07:28:12.867+00:00,,Pending at Nodal Officer due to EDS by State Secretary,2.036,2500.0,JUBILANT OIL AND GAS PVT LTD,,Forest clearance form,,,,"Tripura Oil & Gas exploration block AA ONN 2002 1 NELP  IV proposed for diversion of 2.036 hact. forest land for drill site, waste pit, drill site accommodation, TSR camp for location called Dev 37A.",TRIPURA,Santirbazar,BARAMURA DEOTAMURA R.F,,,BARAMURA DEBTAMURA RF SHEET NO 22 KATIAN NO 4/97 CS PLOT NO 1141,Non - Linear,0.0,2.036,2.036,0.0,0.0,0.0,0.0,0.0,0,0,0,Not applicable as the project or activity is site specific,,NO,NO,NO,2023-04-25T18:30:00.000+00:00,,Non-forest Land,true,2020-09-24T00:00:00.000+00:00,20/00,20/00,2040-09-23T00:00:00.000+00:00,24900.0,,"",Approved,Natural Gas,21.0,8.0,21.0,21.0,10.5,10.5,20/00,Ministry of Petroleum & Natural gas & Director General of Hydrocarbon,"",Underground,Mechanized,"",Not Applicable,"","","",0.001,Not Applicable,"10"" 15 km pipe line has been envisaged to connect Kathalchari GGS to the upcoming ONGC GGS at Gojalia.",Delivary point will be at inlet flange of the ONGC Gojalia GGS.,"",0.035,0.025,0.015,1.646,"PLOT NO 15, KNOWLEDGE PARK II,GREATER NOIDA","PLOT NO 15, KNOWLEDGE PARK II,GREATER NOIDA",9,Joint Venture (Govt. + Pvt.),PROJECT MANAGER,"PLOT NO 15, KNOWLEDGE PARK II,GREATER NOIDA",9,,South Tripura,BARAMURA DEBTAMURA RF SHEET NO 22 KATIAN NO 4/97 CS PLOT NO 1141,https://parivesh.nic.in/dms/okm/downloadDocument?docTypemappingId=40829&refId=1125242&refType=caf&uuid=b48c2bde-cd3c-4d3a-92e6-a311c0f68145&version=1.0;https://parivesh.nic.in/dms/okm/downloadDocument?docTypemappingId=58989&refId=1125242&refType=FC&uuid=bc7c61af-77cf-483b-9e55-68fb7306634a&version=1.5;https://parivesh.nic.in/dms/okm/downloadDocument?docTypemappingId=58989&refId=1125242&refType=FC&uuid=e04af366-8541-478a-b918-da21311e19df&version=1.8,0,https://parivesh.nic.in/newupgrade/#/report/ec?proposalId=1137290,285.0,210.0
1192178,National Highways and Infrastructure Development Corporation (NHIDCL) is working for widening of National Highway-208 from Khowai (Dhalabil)  to Kamalpur region.Some sections of the 132 KV Khowai (Dhalabil)   to Kamalpur Transmission line is on the Right of Way (RoW) of the said NH-208.As per requisition of NHIDCL diversion & reconstruction of the said sections of 132 KV Single Circuit Khowai (Dhalabil)  to Kamalpur Transmission line is required. 12.747761 ha of forest land is required for diversion to diverte those sections of the said transmission line for clearing the RoW of the NH-208.,New,FP/TR/TRANS/403605/2022,2022-10-18T08:58:02.032+00:00,,REMOVED,12.7477,883.79,TRIPURA STATE ELECTRICITY CORPORATION LIMITED,,Forest clearance form,,,,Proposal for diversion of 12.747761 ha of forest land in connection with diversion & re-construction of              some sections of 132 KV  Single Circuit Dhalabil to Kamalpur line due to widening N,TRIPURA,00000,PASCHIM BACHAIBARI,,,2803,Linear,0.0,12.7477,12.7477,0.0,0.0,0.0,0.0,0.0,0,0,0,Not applicable as the project or activity is site specific,,NO,NO,NO,2022-11-11T10:36:33.672+00:00,https://parivesh.nic.in/dms/okm/downloadDocument?docTypemappingId=59020&refId=1192177&refType=fc&uuid=4ae06493-067d-493f-857b-7155c704bc0b&version=1.0,,false,,,,,,,,,,,,,,,,,,,,,,,,,,,,,,,,,,,"Bidyut Bhavan, North Banamalipur,Agartala",Agartala,16,"State PSU (eg. State Forest Corp., TANGEDCO, Mineral development Corp)",AGM,Agartala,16,,708,2803,https://parivesh.nic.in/dms/okm/downloadDocument?docTypemappingId=58989&refId=772769&refType=caf&uuid=2afed587-67ff-4723-bbe4-f2b0c58326af&version=1.2,,https://parivesh.nic.in/newupgrade/#/report/ec?proposalId=1192178,17155.0,2555.0
1196834,Tripura Oil and Gas exploration block AA ONN 2022 1 NELP IV Jubilant oil gas pvt. Ltd. and GAIL INDIA Ltd. proposal for diversion of 2.031 hact. forest land for construction of drill site waste pit For Location Dev-34A-1.,New,FP/TR/MIN/QRY/403652/2022,2022-10-18T11:15:59.291+00:00,,Pending at DFO due to EDS by Nodal Officer,2.031,2500.0,JUBILANT OIL AND GAS PVT LTD,,Forest clearance form,,,,Tripura oil and Gas exploration block AA ONN 2002 1 NELP IV Jubilant Oil and Gas Pvt. Ltd. and GAIL INDIA Ltd. proposal for diversion of 2.031 hact. forest land for construction of drill site waste pi,TRIPURA,00000,BARAMURA DEOTAMURA R.F,,,Baramura_Debtamura_Sheet_no_22_Khatian_no_4/97_Plot_no_1141,Non - Linear,0.0,2.031,2.031,0.0,0.0,0.0,0.0,0.0,0,0,0,Not applicable as the project or activity is site specific,,NO,NO,NO,2023-09-18T18:30:00.000+00:00,,Non-forest Land,true,2020-09-24T00:00:00.000+00:00,20/00,20/00,2040-09-23T00:00:00.000+00:00,24900.0,,"",Application yet to submitted,Petroleum & Natural Gas,0.001,0.001,21.0,21.0,10.5,10.5,20/00,Ministry of Petroleum & Natural Gas & Director General of Hydrocarbon,"",Underground,Mechanized,"",Not Applicable,Not Applicable,Not Applicable,Not Applicable,0.001,Not Applicable,"10"" ,  15 km Pipeline has been envisaged to connect Kathalchari GGS to the upcoming ONGC GGS at Gojalia.",Delivery point will be at inlet flange of the ONGC GGS,"",0.035,0.025,0.015,1.646,"PLOT NO 15, KNOWLEDGE PARK II,GREATER NOIDA",Bokafa Kalsi South Tripura,16,Joint Venture (Govt. + Pvt.),PROJECT MANAGER,Bokafa Kalsi South Tripura,16,,290,Baramura_Debtamura_Sheet_no_22_Khatian_no_4/97_Plot_no_1141,https://parivesh.nic.in/dms/okm/downloadDocument?docTypemappingId=58989&refId=1194545&refType=FC&uuid=76edcc3c-a508-4b96-bc71-e0e045f81f29&version=1.0,,https://parivesh.nic.in/newupgrade/#/report/ec?proposalId=1196834,195.0,285.0
1211284,"Tripura Oil and Gas Exploration Block AA-ONN-2002/1 NELP-IV (Jubilant Oil & Gas Pvt. Ltd. and GAIL (INDIA) Ltd.) Proposal for diversion of 1.572 hact. (3.884 Acre) forest land for construction of Drill Site,Waste Pit, Drill Site Accommodation TSR Camp for location called DEV-37B",New,FP/TR/MIN/QRY/403782/2022,2022-10-19T10:37:55.590+00:00,,Pending at Nodal Officer for Levies Review,1.572,2500.0,JUBILANT OIL AND GAS PVT LTD,,Forest clearance form,,,,"Tripura Oil and Gas Exploration Block AA-ONN-2002/1 NELP-IV (Jubilant Oil & Gas Pvt. Ltd. and GAIL (INDIA) Ltd.) Proposal for diversion of 1.572 hact. (3.884 Acre) forest land for construction of Drill Site,Waste Pit, Drill Site Accommodation TSR Camp for location called DEV-37B",TRIPURA,Santirbazar,BARAMURA DEOTAMURA R.F,,,KHATIAN NO-4/97/CS PLOT NO- 1141,Non - Linear,0.0,1.572,1.572,0.0,0.0,0.0,0.0,0.0,0,0,0,Not applicable as the project or activity is site specific,,NO,NO,NO,2023-09-18T18:30:00.000+00:00,,Non-forest Land,true,2020-09-24T00:00:00.000+00:00,20/00,20/00,2040-09-23T00:00:00.000+00:00,24900.0,0.001,Not Applicable,Approved,Petroleum & Natural Gas,0.001,0.001,21.0,21.0,10.5,10.5,20/00,Ministry of Petroleum & Natural Gas & Director General of Hydrocarbon,"",Underground,Mechanized,"",Not applicable,Not applicable,Not applicable,Not applicable,0.001,Not applicable,"10"" 15 km pipe line has been envisaged to connect Kathatchari GGS  to the upcoming ONGC GGS at Gojalia.",Delivary point will be at inlet flange of the ONGC Gojalia GGS,"",0.04,0.06,0.672,0.88,"PLOT NO 15, KNOWLEDGE PARK II,GREATER NOIDA","PLOT NO 15, KNOWLEDGE PARK II,GREATER NOIDA",9,Joint Venture (Govt. + Pvt.),PROJECT MANAGER,"PLOT NO 15, KNOWLEDGE PARK II,GREATER NOIDA",9,,South Tripura,KHATIAN NO-4/97/CS PLOT NO- 1141,https://parivesh.nic.in/dms/okm/downloadDocument?docTypemappingId=40829&refId=1210647&refType=caf&uuid=22af90af-7da3-48b4-8e03-7df185b2ad29&version=1.2;https://parivesh.nic.in/dms/okm/downloadDocument?docTypemappingId=58989&refId=1210647&refType=FC&uuid=fc149542-f0a7-460e-954a-72c74f20c711&version=1.7,272175,https://parivesh.nic.in/newupgrade/#/report/ec?proposalId=1211284,135.0,285.0
1217123,SAND MINING,New,SIA/TR/MIN/403820/2022,2022-10-19T16:26:13.482+00:00,2023-03-15T12:39:38.730+00:00,EC Granted,0.0,5.0,PARITOSH DAS,,Environment clearance form,TOR,B2,Mining of minerals,paritosh das sand,TRIPURA,Amarpur,BAMPUR,F.8(25)/TSPCB/SEIAA/2022/SM-341,F.8(25)/TSPCB/SEIAA/2022/SM-341,,Hybrid,0.0,0.0,0.0,0.0,0.0,0.0,0.0,0.0,0,0,0,Not applicable as the project or activity is site specific,,NO,NO,NO,2022-10-19T18:22:20.856+00:00,,,,,,,,,,,,,,,,,,,,,,,,,,,,,,,,,,,,,,,,,,,,,,Gomati,,https://parivesh.nic.in/dms/okm/downloadDocument?docTypemappingId=40829&refId=1216833&refType=caf&uuid=518f9f19-75e9-4d51-9070-c56872d27c95&version=1.0,,https://parivesh.nic.in/newupgrade/#/report/ec?proposalId=1217123,120.0,110.0
1241230,"IRCON International Ltd. is constructing the Railway Electrification work in Tripura and other States. As per requisition received from IRCON, a 132 KV Traction sub-station (TSS) will be constructed at Teliamura where 132 KV input Power Supply is required to be provided for that Sub-Station. For this reason, diversion of 2.239876 ha of forest land is required for construction of 132 KV Transmission line from Gamaibari (Gamaitilla) Sub-Station to Teliamura Traction Sub-Station (Railway) under Khowai District Forest, to provide necessary Power supply for that sub-station.",New,FP/TR/TRANS/404053/2022,2022-10-21T08:48:44.952+00:00,,Final Diversion Order Issued,2.2398,1676.0,TRIPURA STATE ELECTRICITY CORPORATION LIMITED,,Forest clearance form,,,,Proposal for diversion of 2.239876 ha of forest land in connection with construction of 132 KV Transmission line from Gamaitilla Sub-Station to Teliamura Traction Sub-Station (Railway).,TRIPURA,Teliamura,TELIAMURA RESERVED FOREST,,,736,Linear,0.0,2.2398,2.2398,0.0,0.0,0.0,0.0,0.0,0,0,0,YES,,NO,NO,NO,2022-10-28T11:23:59.304+00:00,,,false,,,,,,,,,,,,,,,,,,,,,,,,,,,,,,,,,,,"Bidyut Bhavan, North Banamalipur,Agartala",Agartala,16,"State PSU (eg. State Forest Corp., TANGEDCO, Mineral development Corp)","AGM, Nodal Officer",Agartala,16,,Khowai,736,https://parivesh.nic.in/dms/okm/downloadDocument?docTypemappingId=40829&refId=1240203&refType=caf&uuid=48c00675-facd-4695-90c7-589399872b0b&version=1.0;https://parivesh.nic.in/dms/okm/downloadDocument?docTypemappingId=40828&refId=1240203&refType=caf&uuid=efe468b8-0d64-49bf-b518-297da254341a&version=1.0;https://parivesh.nic.in/dms/okm/downloadDocument?docTypemappingId=58989&refId=1240203&refType=caf&uuid=02b65785-db67-41b1-8cee-b6dc0ef6f552&version=1.1,,https://parivesh.nic.in/newupgrade/#/report/ec?proposalId=1241230,18980.0,1460.0
1477186,Proposal for diversion of forest land measuring 0.2025 Ha for construction of permanent sectionalizing valve (SV-6) Station for day-to-day monitoring and control for Panisagar - Agartala Natural Gas Pipeline operation,New,FP/TR/OTHERS/406026/2022,2022-11-10T10:56:28.738+00:00,2024-05-13T11:41:13.758+00:00,Final Diversion Order Issued,0.2025,400.0,INDRADHANUSH GAS GRID LIMITED,,Forest clearance form,,,,Proposal for diversion of forest land measuring 0.2025 Ha for construction of permanent sectionalizing valve (SV-6) Station for day-to-day monitoring and control for Panisagar - Agartala Natural Gas Pipeline operation,TRIPURA,Jirania,DINAKOBRAPARA,,,263,Non - Linear,0.0,0.2025,0.2025,0.0,0.0,0.0,0.0,0.0,0,0,0,Not applicable as the project or activity is site specific,,NO,NO,NO,2023-07-31T18:30:00.000+00:00,,,false,,,,,,,,,,,,,,,,,,,,,,,,,,,,,,,,,,,"5th Floor, Central Mall, Christian Basti, G. S. Road, Guwahati",,18,"Central PSU (eg. NHAI, AAI, NTP, CIL, SAIL)",Chief Project Manager,,18,,West Tripura,263,https://parivesh.nic.in/dms/okm/downloadDocument?docTypemappingId=40829&refId=1472976&refType=caf&uuid=97bf5f5e-ca88-4113-8ea1-1b6bb35804ec&version=1.0;https://parivesh.nic.in/dms/okm/downloadDocument?docTypemappingId=58989&refId=1472976&refType=caf&uuid=59766315-f0f9-4d84-944f-40fd1a563e14&version=1.2,271992,https://parivesh.nic.in/newupgrade/#/report/ec?proposalId=1477186,2640.0,21600.0
1554726,Brick Earth Mining,New,SIA/TR/MIN/406623/2022,2022-11-16T04:15:38.650+00:00,2023-03-15T11:51:09.950+00:00,EC Granted,0.4008,10.0,CPC ENVIRONMENT SOLUTION PRIVATE LIMITED,Cognizance Research India Pvt. Ltd.,Environment clearance form,TOR,B2,Mining of minerals,"M/s Sima Bricks Industry, Block ID: UMT/WT/BR-028",TRIPURA,Mohanpur,BIJOYNAGAR,F.8(25)/TSPCB/SEIAA/2022/BF-290,F.8(25)/TSPCB/SEIAA/2022/BF-290,,Non - Linear,0.4008,0.0,0.4008,0.0,0.0,0.0,0.0,0.0,0,0,0,NO,n/a,NO,NO,NO,2022-11-16T04:37:46.218+00:00,,,,,,,,,,,,,,,,,,,,,,,,,,,,,,,,,,,,,,,,,,,,,,West Tripura,,https://parivesh.nic.in/dms/okm/downloadDocument?docTypemappingId=40829&refId=1554665&refType=caf&uuid=3b8ff29d-559f-469b-8614-affbb882006c&version=1.0,271848,https://parivesh.nic.in/newupgrade/#/report/ec?proposalId=1554726,1252.0,1252.0
1624533,Proposal for grant of Permission for diversion of forest land of 4.397 Ha for Proposed Natural Gas Underground Pipeline in West District & Khowai District Tripura,New,FP/TR/Pipeline/407178/2022,2022-11-19T10:39:17.662+00:00,,Pending at Nodal for Compensatory Levies Review,4.397,5500.0,ONGC,,Forest clearance form,,,,Laying of Proposed Natural Gas Underground Pipeline from ADB GCS to Baramura GCS in Tripura State,TRIPURA,Teliamura,HAWAIBARI,,,9,Linear,0.0,4.397,4.397,0.0,0.0,0.0,0.0,0.0,0,0,0,NO,"Pipeline route proposed is most economical, Lowest Forest Land Diversion and No any Diversion of Wildlife Sanctuary",NO,NO,NO,2024-04-10T18:30:00.000+00:00,,Degraded Forest Land,true,,,,,,,,,,,,,,,,,,,,,,,,,,,,,,,,,,,"ONGC Tripura Asset
Badharghat, Agartala
Tripura ONGC Tripura Asset
Badharghat, Agartala
Tripura",AGARTALA,16,Others,CHIEF GENERAL MANAGER (LOGISTIC) & NODAL OFFICER,AGARTALA,16,,Khowai,9,https://parivesh.nic.in/dms/okm/downloadDocument?docTypemappingId=40829&refId=1608831&refType=caf&uuid=fb18c11c-ccda-48ee-bc2d-f56b07a32bd9&version=1.2;https://parivesh.nic.in/dms/okm/downloadDocument?docTypemappingId=58989&refId=1608831&refType=FC&uuid=80dc3c77-df27-46e1-a94b-aeb02d3a988c&version=1.2;https://parivesh.nic.in/dms/okm/downloadDocument?docTypemappingId=58989&refId=1608831&refType=FC&uuid=d07ee893-6fe4-40cc-b096-1e37aec3e4b2&version=1.4,271960,https://parivesh.nic.in/newupgrade/#/report/ec?proposalId=1624533,25625.0,102205.0
1648406,"Construction of Approach Access for Oil and Natural Gas Corporation Limited, Drill Site & Waste-Pit At Village-Harbhang, Tehsil-Patnipara under District – West Tripura",New,FP/TR/ROAD/407372/2022,2022-11-21T12:23:55.083+00:00,,Pending on UA for Compensatory Levies Payment,1.3,4400.0,ONGC,,Forest clearance form,,,,Construction of Approach Road leading to Drill site for Exploratory location BRMAH,TRIPURA,Jirania,HARBANG,,,33,Linear,0.0,1.3,1.3,0.0,0.0,0.0,0.0,0.0,0,0,0,NO,"Pipeline route proposed is most economical, Lowest Forest Land Diversion and No any Diversion of Wildlife Sanctuary",NO,NO,NO,2023-09-14T18:30:00.000+00:00,,Degraded Forest Land,true,,,,,,,,,,,,,,,,,,,,,,,,,,,,,,,,,,,"ONGC Tripura Asset
Badharghat, Agartala
Tripura ONGC Tripura Asset
Badharghat, Agartala
Tripura",AGARTALA,16,Others,CHIEF GENERAL MANAGER (LOGISTIC)-NODAL OFFICER,AGARTALA,16,,West Tripura,33,https://parivesh.nic.in/dms/okm/downloadDocument?docTypemappingId=40829&refId=1643288&refType=caf&uuid=30ac3bc1-ee74-4e10-ad60-8fc01fde6463&version=1.1;https://parivesh.nic.in/dms/okm/downloadDocument?docTypemappingId=58989&refId=1643288&refType=caf&uuid=edc120a2-4b2b-43a8-a667-9fa911690ec7&version=1.4,271991,https://parivesh.nic.in/newupgrade/#/report/ec?proposalId=1648406,3500.0,3500.0
1653692,Sand mining of the riverbed sand.,New,SIA/TR/MIN/407411/2022,2022-11-22T05:38:20.667+00:00,2023-03-15T11:49:36.513+00:00,EC Granted,1.214,5.0,SABITA DEY,,Environment clearance form,TOR,B2,Mining of minerals,Sand mine of M/S Diya Sand,TRIPURA,Kumarghat,KUMARGHAT,F.8(25)/TSPCB/SEIAA/2022/SM-340,F.8(25)/TSPCB/SEIAA/2022/SM-340,,Linear,1.214,0.0,1.214,0.0,0.0,0.0,0.0,0.0,0,0,0,Not applicable as the project or activity is site specific,,NO,NO,NO,2022-11-22T09:15:29.915+00:00,,,,,,,,,,,,,,,,,,,,,,,,,,,,,,,,,,,,,,,,,,,,,,Unokoti,,https://parivesh.nic.in/dms/okm/downloadDocument?docTypemappingId=40829&refId=1653000&refType=caf&uuid=969c0f1a-07b4-4913-9be3-0c77e3c9a798&version=1.0,801535,https://parivesh.nic.in/newupgrade/#/report/ec?proposalId=1653692,0.0,1920.0
1729272,Sand mining of the riverbed sand.,New,SIA/TR/MIN/408079/2022,2022-11-26T06:35:48.068+00:00,2023-04-12T13:24:03.127+00:00,EC Granted,0.7041,5.0,SAMAR BAIDYA,,Environment clearance form,TOR,B2,Mining of minerals,M/S Samar Baidya Sand,TRIPURA,Udaipur,PASCHIM MAGPUSKARINI,F.8(25)/TSPCB/SEIAA/2022/SM-342,F.8(25)/TSPCB/SEIAA/2022/SM-342,3218(P),Non - Linear,0.7041,0.0,0.7041,0.0,0.0,0.0,0.0,0.0,0,0,0,Not applicable as the project or activity is site specific,,NO,NO,NO,2022-11-26T08:41:26.153+00:00,,,,,,,,,,,,,,,,,,,,,,,,,,,,,,,,,,,,,,,,,,,,,,Gomati,3218(P),https://parivesh.nic.in/dms/okm/downloadDocument?docTypemappingId=40829&refId=1726893&refType=caf&uuid=b48feebf-ae34-4984-89de-cd62e97d5cef&version=1.0,272222,https://parivesh.nic.in/newupgrade/#/report/ec?proposalId=1729272,5.0,5.0
1834655,Sand Block,New,SIA/TR/MIN/409022/2022,2022-12-02T09:17:17.481+00:00,2023-04-12T13:23:04.653+00:00,EC Granted,0.981,10.0,MANIK SHARMA,Udaipur Min-Tech Pvt. Ltd.,Environment clearance form,TOR,B2,Mining of minerals,"M/s Sharma Sand, Block ID: UMT/ST-007",TRIPURA,Santirbazar,SANTIR BAZAR,F.8(25)/TSPCB/SEIAA/2022/SM-343,F.8(25)/TSPCB/SEIAA/2022/SM-343,,Non - Linear,0.981,0.0,0.981,0.0,0.0,0.0,0.0,0.0,0,0,0,NO,n/a,NO,NO,NO,2022-12-02T09:35:31.256+00:00,,,,,,,,,,,,,,,,,,,,,,,,,,,,,,,,,,,,,,,,,,,,,,South Tripura,,https://parivesh.nic.in/dms/okm/downloadDocument?docTypemappingId=40829&refId=1834482&refType=caf&uuid=cb5d83a5-6cdd-41e2-80f4-8a1363dc4cfa&version=1.0,801528,https://parivesh.nic.in/newupgrade/#/report/ec?proposalId=1834655,1252.0,1252.0
1836475,Sand Block,New,SIA/TR/MIN/409031/2022,2022-12-02T10:10:12.896+00:00,2023-04-12T13:21:49.307+00:00,EC Granted,0.3949,10.0,MUNKURUI RUPINI,Udaipur Min-Tech Pvt. Ltd.,Environment clearance form,TOR,B2,Mining of minerals,"M/s S.S Enterprise Sand Block, Block ID: UMT/KW/SAND-002",TRIPURA,Teliamura,TELIAMURA RESERVED FOREST,F.8(25)/TSPCB/SEIAA/2022/SM-344,F.8(25)/TSPCB/SEIAA/2022/SM-344,,Non - Linear,0.3949,0.0,0.3949,0.0,0.0,0.0,0.0,0.0,0,0,0,NO,n/a,NO,NO,NO,2022-12-02T10:28:51.521+00:00,,,,,,,,,,,,,,,,,,,,,,,,,,,,,,,,,,,,,,,,,,,,,,Khowai,,https://parivesh.nic.in/dms/okm/downloadDocument?docTypemappingId=40829&refId=1836205&refType=caf&uuid=1158761a-c51c-4c1a-a55a-21f322bbdd6b&version=1.0,271962,https://parivesh.nic.in/newupgrade/#/report/ec?proposalId=1836475,1252.0,1252.0
1899088,Sand Block,New,SIA/TR/MIN/409601/2022,2022-12-07T06:42:45.499+00:00,2023-04-12T13:20:39.790+00:00,EC Granted,0.7857,10.0,NARAYAN SARKAR,Udaipur Min-Tech Pvt. Ltd.,Environment clearance form,TOR,B2,Mining of minerals,"M/s Sarkar Sand, Block ID: UMT/GMT-005",TRIPURA,Udaipur,SALGARA,F.8(25)/TSPCB/SEIAA/2022/SM-345,F.8(25)/TSPCB/SEIAA/2022/SM-345,,Non - Linear,0.7857,0.0,0.7857,0.0,0.0,0.0,0.0,0.0,0,0,0,NO,n/a,NO,NO,NO,2023-11-16T08:41:33.413+00:00,,,,,,,,,,,,,,,,,,,,,,,,,,,,,,,,,,,,,,,,,,,,,,Gomati,,https://parivesh.nic.in/dms/okm/downloadDocument?docTypemappingId=40829&refId=1898808&refType=caf&uuid=dec8a904-5d96-4c03-8472-8e162c2fef34&version=1.0,272208,https://parivesh.nic.in/newupgrade/#/report/ec?proposalId=1899088,1252.0,1252.0
1900017,Sand Block,New,SIA/TR/MIN/409604/2022,2022-12-07T07:21:38.126+00:00,2023-04-12T13:19:36.287+00:00,EC Granted,0.4582,10.0,CPC ENVIRONMENT SOLUTION PRIVATE LIMITED,Udaipur Min-Tech Pvt. Ltd.,Environment clearance form,TOR,B2,Mining of minerals,"M/s Jantu Das Sand, Block ID: UMT/DH-117",TRIPURA,Gandacherra,SARMA,F.8(25)/TSPCB/SEIAA/2022/SM-346,F.8(25)/TSPCB/SEIAA/2022/SM-346,,Non - Linear,0.4582,0.0,0.4582,0.0,0.0,0.0,0.0,0.0,0,0,0,NO,n/a,NO,NO,NO,2023-11-16T08:41:33.413+00:00,,,,,,,,,,,,,,,,,,,,,,,,,,,,,,,,,,,,,,,,,,,,,,Dhalai,,https://parivesh.nic.in/dms/okm/downloadDocument?docTypemappingId=40829&refId=1899804&refType=caf&uuid=0a47cd97-ec20-42c4-a474-54232c33b1b2&version=1.0,272551,https://parivesh.nic.in/newupgrade/#/report/ec?proposalId=1900017,1252.0,1252.0
1937117,Sand Block,New,SIA/TR/MIN/409925/2022,2022-12-09T06:00:36.875+00:00,2023-04-12T13:18:27.143+00:00,EC Granted,0.6061,10.0,DIPANKAR DEBNATH,Udaipur Min-Tech Pvt. Ltd.,Environment clearance form,TOR,B2,Mining of minerals,"M/s Dipankar Debnath Sand, Block ID: UMT/DH-115",TRIPURA,Gandacherra,PASCHIM GANDACHHARA,F.8(25)/TSPCB/SEIAA/2022/SM-347,F.8(25)/TSPCB/SEIAA/2022/SM-347,,Non - Linear,0.6061,0.0,0.6061,0.0,0.0,0.0,0.0,0.0,0,0,0,NO,n/a,NO,NO,NO,2023-11-16T08:41:33.413+00:00,,,,,,,,,,,,,,,,,,,,,,,,,,,,,,,,,,,,,,,,,,,,,,Dhalai,,https://parivesh.nic.in/dms/okm/downloadDocument?docTypemappingId=40829&refId=1936998&refType=caf&uuid=997fa4d8-9a50-4dc6-87d9-0de952f66c6e&version=1.0,272546,https://parivesh.nic.in/newupgrade/#/report/ec?proposalId=1937117,1252.0,1252.0
2010600,River Bed Sand,New,SIA/TR/MIN/410592/2022,2022-12-14T08:19:02.719+00:00,2023-04-12T13:17:11.140+00:00,EC Granted,0.2024,5.0,KAMAL HUSSAIN,,Environment clearance form,TOR,B2,Mining of minerals,Kamrangabari Sand Block Mine,TRIPURA,Kailashahar,KAMRANGABARI,F.8(25)/TSPCB/SEIAA/2022/SM-348,F.8(25)/TSPCB/SEIAA/2022/SM-348,778(P),Linear,0.2024,0.0,0.2024,0.0,0.0,0.0,0.0,0.0,0,0,0,Not applicable as the project or activity is site specific,,NO,NO,NO,2023-11-16T08:41:33.413+00:00,,,,,,,,,,,,,,,,,,,,,,,,,,,,,,,,,,,,,,,,,,,,,,Unokoti,778(P),https://parivesh.nic.in/dms/okm/downloadDocument?docTypemappingId=40829&refId=2009025&refType=caf&uuid=cb85a8c8-74a2-448d-b7d0-2fb099decf05&version=1.0,272591,https://parivesh.nic.in/newupgrade/#/report/ec?proposalId=2010600,0.0,5.0
2628070,Diversion of 1.281 Ha of forest land for development of approach access through Tripura towards ONGC Silchar exploratory drilling LGM (located in Assam) in Longai reserve forest,New,FP/TR/ROAD/415223/2023,2023-01-20T07:02:38.454+00:00,,REMOVED,1.281,20.0,OIL AND NATURAL GAS CORPORATION LIMITED,,Forest clearance form,,,,Diversion of 1.281 Ha of forest land for development of approach access towards ONGC Silchar exploratory location LGM (located in Assam) in Longai reserve forest,TRIPURA,Kanchanpur,RAHUMCHHARA,,,,Linear,0.0,1.281,1.281,0.0,0.0,0.0,0.0,0.0,0,0,0,Not applicable as the project or activity is site specific,,NO,NO,NO,2023-06-06T05:39:31.528+00:00,,Degraded Forest Land,true,,,,,,,,,,,,,,,,,,,,,,,,,,,,,,,,,,,AAFB Exploratory Asset ONGC Srikona Silchar Assam,Srikona,18,"Central PSU (eg. NHAI, AAI, NTP, CIL, SAIL)",Chief Geologist,Srikona,18,,North Tripura,,https://parivesh.nic.in/dms/okm/downloadDocument?docTypemappingId=40829&refId=2626340&refType=caf&uuid=31334ed0-0c32-44a6-9905-60fc3183eb25&version=1.0;https://parivesh.nic.in/dms/okm/downloadDocument?docTypemappingId=58989&refId=2626340&refType=FC&uuid=a93408ee-a0c5-42d6-8901-85a23be71107&version=1.5,272660,https://parivesh.nic.in/newupgrade/#/report/ec?proposalId=2628070,500.0,500.0
2800646,Diversion of 12.747761 ha (over 7.013799 ha fall in Khowai District & over 5.733962 ha fall in Dhalai District) is required for  re-construction of some sections of 132 KV Single Circuit Dhalabil to Kamalpur line due to widening of National Highway-208 from Khowai (Dhalabil) to Kamalpur,New,FP/TR/TRANS/416507/2023,2023-01-31T10:06:18.636+00:00,,Final Diversion Order Issued,12.7477,883.79,TRIPURA STATE ELECTRICITY CORPORATION LIMITED,,Forest clearance form,,,,Proposal for diversion of 12.747761 ha (over 7.013799 ha fall in Khowai District & over 5.733962 ha fall in Dhalai District) of forest land has submitted by the TSECL for re-construction of some sections of 132 KV Single Circuit Dhalabil to Kamalpur line due to widening of National Highway-208 from Khowai (Dhalabil) to Kamalpur.,TRIPURA,Kamalpur,DARAICHHARA,No. F.6-1359/FC/For-2020,,21,Linear,0.0,12.7477,12.7477,0.0,0.0,0.0,0.0,0.0,0,0,0,NO,There is no way to examine.,NO,NO,NO,2023-02-01T08:35:22.612+00:00,https://parivesh.nic.in/dms/okm/downloadDocument?docTypemappingId=59020&refId=2800645&refType=fc&uuid=7e48e19f-473e-49f8-ac99-8d72f1960754&version=1.0,,false,,,,,,,,,,,,,,,,,,,,,,,,,,,,,,,,,,,"Bidyut Bhavan, North Banamalipur,Agartala",Agartala,16,"State PSU (eg. State Forest Corp., TANGEDCO, Mineral development Corp)",AGM,Agartala,16,,Dhalai,21,https://parivesh.nic.in/dms/okm/downloadDocument?docTypemappingId=40829&refId=2342970&refType=caf&uuid=d112223a-ea70-4e8b-ac66-92c5ca848ee1&version=1.2;https://parivesh.nic.in/dms/okm/downloadDocument?docTypemappingId=58989&refId=2342970&refType=FC&uuid=e6164064-0880-4776-9b47-db325013c672&version=1.5;https://parivesh.nic.in/dms/okm/downloadDocument?docTypemappingId=58989&refId=2342970&refType=FC&uuid=8cb29ba6-cabb-43f9-bd6b-bc9d1aa9e614&version=1.5,272443,https://parivesh.nic.in/newupgrade/#/report/ec?proposalId=2800646,17155.0,2555.0
2896848,"Forest Diversion Proposal for oil & gas well Drilling at Loc. OSTA located near Muhuripur Reserve Forest in South Tripura District  under OALP Block AA-ONHP-2018/5  in the State of Tripura. Total area of the Project is 11.26 ha out of which 6.86 ha falls in forest area (Plinth : 0.24 ha, Approach road : 6.62 ha) and Non forest area of 4.4 ha (Plinth: 3.25 ha, Flare pit: 0.12 ha, Approach road: 1.03 ha).",New,FP/TR/MIN/QRY/417136/2023,2023-02-05T07:21:54.538+00:00,,REMOVED,11.26,1964.0,OIL INDIA LIMITED,,Forest clearance form,,,,Forest Diversion Proposal for oil & gas well Drilling at Loc. OSTA located near Muhuripur Reserve Forest in South Tripura District  under OALP Block AA-ONHP-2018/5  in the State of Tripura,TRIPURA,Santirbazar,KALASI,,,,Non - Linear,4.4,6.86,11.26,0.0,0.0,0.0,0.0,0.0,0,0,0,Not applicable as the project or activity is site specific,,NO,NO,NO,2023-03-26T18:30:00.000+00:00,https://parivesh.nic.in/dms/okm/downloadDocument?docTypemappingId=59020&refId=2896847&refType=fc&uuid=3a074722-88d9-4c35-b536-7413d9ca5489&version=1.0,Degraded Forest Land,true,2019-10-16T00:00:00.000+00:00,04/00,04/00,2023-10-15T00:00:00.000+00:00,20704.0,,Extension/renewal of lease to be applied and due to OIL by MoP&NG.,Application yet to submitted,Oil & Gas,0.0001,4000.0,0.0001,4000.0,6000.0,1000.0,04/00,"Deptt of Industries, Govt of Tripura",PEL area for oil/gas exploration and not applicable here.,Underground,Mechanized,"Oil/Gas well drilling with 26"" diameter maximum at surface with a target depth of around 3500 m.","",Not applicable,Drill cuttings will be kept in lined pit. and Liquid effluent at HDPE lined pit.,To be taken care of if need arises.,0.001,Loc OSTA is an exploratory well and to be drilled down to around 3500 m from surface.,Pipeline,IGGL or ONGC pipeline,"On discovery and commercial production of oil/gas, pipeline will be constructed to evacuate the mineral to nearby existing ONGC/IGGL pipeline.",0.24,0.001,6.62,3.49,"OIL INDIA LIMITED 
DULIAJAN
District  : Dibrugarh",Duliajan,18,"Central PSU (eg. NHAI, AAI, NTP, CIL, SAIL)",EXECUTIVE DIRECTOR (HSE),Duliajan,18,,South Tripura,,https://parivesh.nic.in/dms/okm/downloadDocument?docTypemappingId=40829&refId=2896471&refType=caf&uuid=fcd96951-6f05-455a-b5f5-da8b2e3a161b&version=1.1;https://parivesh.nic.in/dms/okm/downloadDocument?docTypemappingId=58989&refId=2896471&refType=FC&uuid=4008029c-041d-4b29-af17-2014c2a43619&version=1.4,272327,https://parivesh.nic.in/newupgrade/#/report/ec?proposalId=2896848,9000.0,1500.0
2905028,"National Highways and Infrastructure Development Corporation (NHIDCL) is working for widening of National Highway-108B from Kamalpur to P.K. Bari, region. Some sections of existing132 KV Kamalpur to P.K.Bari, Transmission line is on the Right of Way (RoW) of the said NH-208. As per requisition of NHIDCL, diversion &
reconstruction of the said sections of 132 KV Single Circuit Kamalpur to P.K.Bari
(Kumarghat) Transmission line is required. 16.191856 ha of forest land is required for
diversion to diverte the sections of the said transmission line for clearing the RoW of
the NH-208.",New,FP/TR/TRANS/417199/2023,2023-02-06T07:21:02.529+00:00,,Final Diversion Order Issued,16.1918,807.99,TRIPURA STATE ELECTRICITY CORPORATION LIMITED,,Forest clearance form,,,,Proposal for diversion of 16.191856 ha of forest land in connection with diversion & re-construction of              some sections of 132 KV  Single Circuit Kamalpur to P.K.Bari Transmission line due to widening of NH-208.,TRIPURA,Kumarghat,DENGDUNG,,,706,Linear,0.0,16.1918,16.1918,0.0,0.0,0.0,0.0,0.0,0,0,0,NO,There is no way to examine.,NO,NO,NO,2023-02-06T11:51:45.311+00:00,https://parivesh.nic.in/dms/okm/downloadDocument?docTypemappingId=59020&refId=2905027&refType=fc&uuid=6fba1e99-aa98-44c6-bb1c-0a2018c44936&version=1.0,,false,,,,,,,,,,,,,,,,,,,,,,,,,,,,,,,,,,,"Bidyut Bhavan, North Banamalipur,Agartala",Agartala,16,"State PSU (eg. State Forest Corp., TANGEDCO, Mineral development Corp)",AGM,Kunjaban Agartala,16,,Unokoti,706,https://parivesh.nic.in/dms/okm/downloadDocument?docTypemappingId=40829&refId=2902900&refType=caf&uuid=20e6ef5d-26d6-4363-b60a-4b0d847d7298&version=1.1;https://parivesh.nic.in/dms/okm/downloadDocument?docTypemappingId=58989&refId=2902900&refType=FC&uuid=e4dd5718-5e48-4863-92cd-b692dbe7d7f3&version=1.0;https://parivesh.nic.in/dms/okm/downloadDocument?docTypemappingId=58989&refId=2902900&refType=FC&uuid=01e60e1d-430c-4ac8-b630-e42b6a0f1e23&version=1.0,272698,https://parivesh.nic.in/newupgrade/#/report/ec?proposalId=2905028,17155.0,2555.0
3604402,4G saturation USOF project by GOI to provide 4G coverage at no network coverage in rural area,New,FP/TR/CommPost/420962/2023,2023-03-04T10:30:09.390+00:00,,REMOVED,0.02,25.0,BHARAT SANCHAR NIGAM LIMITED,,Forest clearance form,,,,BSNL 4G saturation Tripura project-Village Tuichhamankuri under West Tripura District,TRIPURA,Mohanpur,Tuichhamankurai,,,3/24,Linear,0.0,0.02,0.02,0.0,0.0,0.0,0.0,0.0,0,0,0,Not applicable as the project or activity is site specific,,NO,NO,NO,2023-08-01T18:30:00.000+00:00,,Degraded Forest Land,true,,,,,,,,,,,,,,,,,,,,,,,,,,,,,,,,,,,"General Manager Telecom, BSNL Bhavan, Thiruvalla",,32,"Central PSU (eg. NHAI, AAI, NTP, CIL, SAIL)",Divisional Engineer BSS TLA,,32,,West Tripura,3/24,https://parivesh.nic.in/dms/okm/downloadDocument?docTypemappingId=40829&refId=3602073&refType=caf&uuid=d5fc6a4e-feca-464c-a1ad-9406c59c45d3&version=1.0;https://parivesh.nic.in/dms/okm/downloadDocument?docTypemappingId=58989&refId=3602073&refType=FC&uuid=293f99b2-b3ed-46e2-ad16-70c27f6d528f&version=1.0,271886,https://parivesh.nic.in/newupgrade/#/report/ec?proposalId=3604402,900.0,0.0
4616570,"4G saturation USOF project by DOT,GOI to provide 4G coverage by installing ground based tower where no coverage in rural area.",New,FP/TR/CommPost/426035/2023,2023-04-13T14:06:50.305+00:00,,REMOVED,0.0372,50.0,BHARAT SANCHAR NIGAM LIMITED,,Forest clearance form,,,,BSNL 4G saturation Tripura project under West Tripura District,TRIPURA,Jirania,CHAMPABARI,,,,Non - Linear,0.0,0.0372,0.0372,0.0,0.0,0.0,0.0,0.0,0,0,0,Not applicable as the project or activity is site specific,,NO,NO,NO,2023-08-02T18:30:00.000+00:00,,Degraded Forest Land,true,,,,,,,,,,,,,,,,,,,,,,,,,,,,,,,,,,,"General Manager Telecom, BSNL Bhavan, Thiruvalla",,32,"Central PSU (eg. NHAI, AAI, NTP, CIL, SAIL)",Divisional Engineer BSS TLA,,32,,West Tripura,,https://parivesh.nic.in/dms/okm/downloadDocument?docTypemappingId=40829&refId=4561184&refType=caf&uuid=aadda708-de1e-49b5-acd7-381a7877123d&version=1.2;https://parivesh.nic.in/dms/okm/downloadDocument?docTypemappingId=58989&refId=4561184&refType=FC&uuid=c559d070-978a-4368-a5f2-628bcef8ecf0&version=1.0,272012,https://parivesh.nic.in/newupgrade/#/report/ec?proposalId=4616570,1800.0,200.0
4657866,"4G saturation USOF project by DOT,GOI to provide 4G coverage by installing ground based tower where no coverage in rural area.",New,FP/TR/CommPost/426328/2023,2023-04-16T07:13:34.111+00:00,,REMOVED,0.0558,75.0,MAHESH NAIR,,Forest clearance form,,,,BSNL 4G saturation Tripura project-Three Villages under North Tripura District,TRIPURA,Kanchanpur,CENTRAL CATCHMENT RESERVED FOR,,,1804,Non - Linear,0.0,0.0558,0.0558,0.0,0.0,0.0,0.0,0.0,0,0,0,Not applicable as the project or activity is site specific,,NO,NO,NO,2023-08-03T18:30:00.000+00:00,,Degraded Forest Land,true,,,,,,,,,,,,,,,,,,,,,,,,,,,,,,,,,,,"General Manager Telecom, BSNL Bhavan, Thiruvalla",,32,"Central PSU (eg. NHAI, AAI, NTP, CIL, SAIL)",Divisional Engineer BSS TLA,,32,,North Tripura,1804,https://parivesh.nic.in/dms/okm/downloadDocument?docTypemappingId=40829&refId=4657709&refType=caf&uuid=427fabe6-0ad6-4075-a945-38c5cb6dfd76&version=1.0;https://parivesh.nic.in/dms/okm/downloadDocument?docTypemappingId=58989&refId=4657709&refType=FC&uuid=cca0cb02-dd8c-45a1-8d89-aac7439174bc&version=1.0,272728,https://parivesh.nic.in/newupgrade/#/report/ec?proposalId=4657866,2700.0,300.0
4691741,"4G saturation USOF project by DOT,GOI to provide 4G coverage by installing ground based tower where no coverage in rural area. Four villages in this application.",New,FP/TR/CommPost/426488/2023,2023-04-17T16:56:42.101+00:00,,REMOVED,0.0744,100.0,MAHESH NAIR,,Forest clearance form,,,,BSNL 4G saturation Tripura project under Khowai District,TRIPURA,Khowai,AKRABARI,,,950,Non - Linear,0.0,0.0744,0.0744,0.0,0.0,0.0,0.0,0.0,0,0,0,Not applicable as the project or activity is site specific,,NO,NO,NO,2023-08-04T18:30:00.000+00:00,,Degraded Forest Land,true,,,,,,,,,,,,,,,,,,,,,,,,,,,,,,,,,,,"General Manager Telecom, BSNL Bhavan, Thiruvalla",,32,"Central PSU (eg. NHAI, AAI, NTP, CIL, SAIL)",Divisional Engineer BSS TLA,,32,,Khowai,950,https://parivesh.nic.in/dms/okm/downloadDocument?docTypemappingId=40829&refId=4691412&refType=caf&uuid=92c14735-e4c7-4c54-9761-08ee4fe6114e&version=1.1;https://parivesh.nic.in/dms/okm/downloadDocument?docTypemappingId=58989&refId=4691412&refType=FC&uuid=85d6a2ec-ef00-46d4-ad60-81ac5ebecda5&version=1.0,271899,https://parivesh.nic.in/newupgrade/#/report/ec?proposalId=4691741,3600.0,400.0
4707888,Proposal for diversion of forest land measuring 0.2025 Ha for construction of permanent sectionalizing valve (SV-4) station for day-to-day monitoring and control for Agartala - Tulamura Natural Gas Pipeline operation,New,FP/TR/OTHERS/426579/2023,2023-04-18T11:18:25.795+00:00,,Final Diversion Order Issued,0.2025,400.0,INDRADHANUSH GAS GRID LIMITED,,Forest clearance form,,,,Proposal for diversion of forest land measuring 0.2025 Ha for construction of permanent sectionalizing valve (SV-4) station for day-to-day monitoring and control for Agartala - Tulamura Natural Gas Pipeline operation,TRIPURA,Karbook,Dakshin Ekchhari,,,191,Non - Linear,0.0,0.2025,0.2025,0.0,0.0,0.0,0.0,0.0,0,0,0,Not applicable as the project or activity is site specific,,NO,NO,NO,2024-04-12T18:30:00.000+00:00,,,false,,,,,,,,,,,,,,,,,,,,,,,,,,,,,,,,,,,"5th Floor, Central Mall, Christian Basti, G. S. Road, Guwahati",,18,"Central PSU (eg. NHAI, AAI, NTP, CIL, SAIL)",Chief Project Manager,,18,,Gomati,191,https://parivesh.nic.in/dms/okm/downloadDocument?docTypemappingId=40829&refId=4705762&refType=caf&uuid=e9d161a6-46b6-4e1d-a7c6-9046cfbd9011&version=1.0;https://parivesh.nic.in/dms/okm/downloadDocument?docTypemappingId=58989&refId=4705762&refType=FC&uuid=6159e857-bfaf-469e-aff0-16e9a2f70a3a&version=1.0,272354,https://parivesh.nic.in/newupgrade/#/report/ec?proposalId=4707888,2640.0,21600.0
4820600,"4G saturation USOF project by DOT,GOI to provide 4G coverage by installing ground based tower where no coverage in rural area. Application for two villages.",New,FP/TR/CommPost/427055/2023,2023-04-24T11:45:57.630+00:00,,REMOVED,0.0372,50.0,MAHESH NAIR,,Forest clearance form,,,,BSNL 4G saturation Tripura project under Gomati District,TRIPURA,Karbook,MUKCHHARI,,,429,Non - Linear,0.0,0.0372,0.0372,0.0,0.0,0.0,0.0,0.0,0,0,0,Not applicable as the project or activity is site specific,,NO,NO,NO,2023-08-03T18:30:00.000+00:00,,Degraded Forest Land,true,,,,,,,,,,,,,,,,,,,,,,,,,,,,,,,,,,,"General Manager Telecom, BSNL Bhavan, Thiruvalla",,32,"Central PSU (eg. NHAI, AAI, NTP, CIL, SAIL)",Divisional Engineer BSS TLA,,32,,Gomati,429,https://parivesh.nic.in/dms/okm/downloadDocument?docTypemappingId=40829&refId=4819781&refType=caf&uuid=48589e49-3efd-4e27-aeab-cb0ff9cf38cc&version=1.0;https://parivesh.nic.in/dms/okm/downloadDocument?docTypemappingId=58989&refId=4819781&refType=FC&uuid=d646a752-da87-4162-a6f8-47be5ce56fe8&version=1.0,272349,https://parivesh.nic.in/newupgrade/#/report/ec?proposalId=4820600,1800.0,200.0
4853262,Proposal for diversion of forest land measuring 0.2782 Ha for construction of permanent sectionalizing valve (SV-2) station for day-to-day monitoring and control for Agartala - Tulamura Natural Gas Pipeline operation,New,FP/TR/OTHERS/427206/2023,2023-04-25T11:59:00.801+00:00,,Final Diversion Order Issued,0.2782,400.0,INDRADHANUSH GAS GRID LIMITED,,Forest clearance form,,,,Proposal for diversion of forest land measuring 0.2782 Ha for construction of permanent sectionalizing valve (SV-2) station for day-to-day monitoring and control for Agartala - Tulamura Natural Gas Pipeline operation,TRIPURA,Udaipur,CHHARTHAI,,,,Non - Linear,0.0,0.2782,0.2782,0.0,0.0,0.0,0.0,0.0,0,0,0,Not applicable as the project or activity is site specific,,NO,NO,NO,2024-04-12T18:30:00.000+00:00,,,false,,,,,,,,,,,,,,,,,,,,,,,,,,,,,,,,,,,"5th Floor, Central Mall, Christian Basti, G. S. Road, Guwahati",Guwahati,18,"Central PSU (eg. NHAI, AAI, NTP, CIL, SAIL)",Chief Project Manager,Guwahati,18,,Gomati,,https://parivesh.nic.in/dms/okm/downloadDocument?docTypemappingId=40829&refId=3985087&refType=caf&uuid=8433fb0e-d2a9-4776-97a5-03e52daa6912&version=1.0;https://parivesh.nic.in/dms/okm/downloadDocument?docTypemappingId=58989&refId=3985087&refType=FC&uuid=7926fb26-3fcc-4902-9a34-50770f4e05b7&version=1.2,272153,https://parivesh.nic.in/newupgrade/#/report/ec?proposalId=4853262,2640.0,21600.0
4904428,"4G saturation USOF project by DOT,GOI to provide 4G coverage by installing ground based tower where no coverage in rural area.",New,FP/TR/CommPost/427392/2023,2023-04-27T10:01:45.554+00:00,,REMOVED,0.0186,25.0,MAHESH NAIR,,Forest clearance form,,,,BSNL 4G saturation Tripura project- Khedabari part  Village under Sepahijala District,TRIPURA,Sonamura,KHEDARBARI,,,444,Non - Linear,0.0,0.0186,0.0186,0.0,0.0,0.0,0.0,0.0,0,0,0,Not applicable as the project or activity is site specific,,NO,NO,NO,2023-08-03T18:30:00.000+00:00,,Degraded Forest Land,true,,,,,,,,,,,,,,,,,,,,,,,,,,,,,,,,,,,"General Manager Telecom, BSNL Bhavan, Thiruvalla",,32,"Central PSU (eg. NHAI, AAI, NTP, CIL, SAIL)",Divisional Engineer BSS TLA,,32,,Sipahijala,444,https://parivesh.nic.in/dms/okm/downloadDocument?docTypemappingId=40829&refId=4904087&refType=caf&uuid=1351e009-3b5e-4784-bded-5812134f7f0d&version=1.0;https://parivesh.nic.in/dms/okm/downloadDocument?docTypemappingId=58989&refId=4904087&refType=FC&uuid=6fa7f236-12f1-4cc6-b026-57763fafa0ab&version=1.0,272108,https://parivesh.nic.in/newupgrade/#/report/ec?proposalId=4904428,900.0,100.0
4933646,"4G saturation USOF project by DOT,GOI to provide 4G coverage by installing ground based tower where no coverage in rural area.",New,FP/TR/CommPost/427503/2023,2023-04-28T10:13:58.591+00:00,,REMOVED,0.0186,25.0,MAHESH NAIR,,Forest clearance form,,,,BSNL 4G saturation Tripura project-Atharamura RF Village under Khowai district.,TRIPURA,Teliamura,ATHARAMURA RESERVED FOREST,,,43,Non - Linear,0.0,0.0186,0.0186,0.0,0.0,0.0,0.0,0.0,0,0,0,Not applicable as the project or activity is site specific,,NO,NO,NO,2023-08-03T18:30:00.000+00:00,,Degraded Forest Land,true,,,,,,,,,,,,,,,,,,,,,,,,,,,,,,,,,,,"General Manager Telecom, BSNL Bhavan, Thiruvalla",,32,"Central PSU (eg. NHAI, AAI, NTP, CIL, SAIL)",Divisional Engineer BSS TLA,,32,,Khowai,43,https://parivesh.nic.in/dms/okm/downloadDocument?docTypemappingId=40829&refId=4932980&refType=caf&uuid=5548061f-cd89-4424-8504-fdd94085eff9&version=1.0;https://parivesh.nic.in/dms/okm/downloadDocument?docTypemappingId=58989&refId=4932980&refType=FC&uuid=15179b44-e9b9-448f-8335-549b15947315&version=1.0,271976,https://parivesh.nic.in/newupgrade/#/report/ec?proposalId=4933646,900.0,100.0
4940087,"4G saturation USOF project by DOT,GOI to provide 4G coverage by installing ground based tower where no coverage in rural area.",New,FP/TR/CommPost/427531/2023,2023-04-28T12:32:35.426+00:00,,REMOVED,0.0189,25.0,MAHESH NAIR,,Forest clearance form,,,,BSNL 4G saturation Tripura project- Badlabari Village under khowai District,TRIPURA,Khowai,JAJNAKABRABARI,,,790,Non - Linear,0.0,0.0189,0.0189,0.0,0.0,0.0,0.0,0.0,0,0,0,Not applicable as the project or activity is site specific,,NO,NO,NO,2023-08-03T18:30:00.000+00:00,,Degraded Forest Land,true,,,,,,,,,,,,,,,,,,,,,,,,,,,,,,,,,,,"General Manager Telecom, BSNL Bhavan, Thiruvalla",,32,"Central PSU (eg. NHAI, AAI, NTP, CIL, SAIL)",Divisional Engineer BSS TLA,,32,,Khowai,790,https://parivesh.nic.in/dms/okm/downloadDocument?docTypemappingId=40829&refId=4939930&refType=caf&uuid=c638c33e-eb2e-40f2-9358-ec61d60bdb15&version=1.0;https://parivesh.nic.in/dms/okm/downloadDocument?docTypemappingId=58989&refId=4939930&refType=FC&uuid=b31ad8b5-7f3d-4c94-a46b-ede1e8367ae5&version=1.0,271939,https://parivesh.nic.in/newupgrade/#/report/ec?proposalId=4940087,900.0,100.0
4951898,"4G saturation USOF project by DOT,GOI to provide 4G coverage by installing ground based tower where no coverage in rural area.",New,FP/TR/CommPost/427571/2023,2023-04-29T06:38:11.856+00:00,,REMOVED,0.0186,25.0,MAHESH NAIR,,Forest clearance form,,,,BSNL 4G saturation Tripura project-Ratanpur under Khowai District,TRIPURA,Khowai,RATANPUR,,,832,Non - Linear,0.0,0.0186,0.0186,0.0,0.0,0.0,0.0,0.0,0,0,0,Not applicable as the project or activity is site specific,,NO,NO,NO,2023-08-03T18:30:00.000+00:00,,Degraded Forest Land,true,,,,,,,,,,,,,,,,,,,,,,,,,,,,,,,,,,,"General Manager Telecom, BSNL Bhavan, Thiruvalla",,32,"Central PSU (eg. NHAI, AAI, NTP, CIL, SAIL)",Divisional Engineer BSS TLA,,32,,Khowai,832,https://parivesh.nic.in/dms/okm/downloadDocument?docTypemappingId=40829&refId=4951686&refType=caf&uuid=bea1381e-48f2-423d-9c25-fb9f1f2b4ce6&version=1.0;https://parivesh.nic.in/dms/okm/downloadDocument?docTypemappingId=58989&refId=4951686&refType=FC&uuid=13ff9235-fddc-4ae8-90f8-c718be622e33&version=1.0,271889,https://parivesh.nic.in/newupgrade/#/report/ec?proposalId=4951898,900.0,100.0
5060143,"4G saturation USOF project by DOT,GOI to provide 4G coverage by installing ground based tower where no coverage in rural area.",New,FP/TR/CommPost/427944/2023,2023-05-03T11:47:31.340+00:00,,REMOVED,0.0189,25.0,MAHESH NAIR,,Forest clearance form,,,,BSNL 4G saturation Tripura project-Radhanagar  Village under Sepahijala District,TRIPURA,Bishalgarh,RADHANAGAR,,,122,Non - Linear,0.0,0.0189,0.0189,0.0,0.0,0.0,0.0,0.0,0,0,0,Not applicable as the project or activity is site specific,,NO,NO,NO,2023-08-03T18:30:00.000+00:00,,Degraded Forest Land,true,,,,,,,,,,,,,,,,,,,,,,,,,,,,,,,,,,,"General Manager Telecom, BSNL Bhavan, Thiruvalla",,32,"Central PSU (eg. NHAI, AAI, NTP, CIL, SAIL)",Divisional Engineer BSS TLA,,32,,Sipahijala,122,https://parivesh.nic.in/dms/okm/downloadDocument?docTypemappingId=40829&refId=5058298&refType=caf&uuid=783916a4-5bba-405c-aa44-ae8b8e079d68&version=1.0;https://parivesh.nic.in/dms/okm/downloadDocument?docTypemappingId=58989&refId=5058298&refType=FC&uuid=8b4c1c7e-9f17-410b-a024-1d8784952936&version=1.0,272049,https://parivesh.nic.in/newupgrade/#/report/ec?proposalId=5060143,900.0,100.0
5083831,"4G saturation USOF project by DOT,GOI to provide 4G coverage by installing ground based tower where no coverage in rural area.",New,FP/TR/CommPost/428050/2023,2023-05-04T08:09:41.022+00:00,,REMOVED,0.0186,25.0,MAHESH NAIR,,Forest clearance form,,,,BSNL 4G saturation Tripura project-Birchandranagar Village under Unakoti District,TRIPURA,Kumarghat,BIRCHANDRANAGAR,,,152,Non - Linear,0.0,0.0186,0.0186,0.0,0.0,0.0,0.0,0.0,0,0,0,Not applicable as the project or activity is site specific,,NO,NO,NO,2023-08-03T18:30:00.000+00:00,,Degraded Forest Land,true,,,,,,,,,,,,,,,,,,,,,,,,,,,,,,,,,,,"General Manager Telecom, BSNL Bhavan, Thiruvalla",,32,"Central PSU (eg. NHAI, AAI, NTP, CIL, SAIL)",Divisional Engineer BSS TLA,,32,,Unokoti,152,https://parivesh.nic.in/dms/okm/downloadDocument?docTypemappingId=40829&refId=5081668&refType=caf&uuid=d84b9388-96ca-4a6d-aa6c-96e2b2fe6c03&version=1.0;https://parivesh.nic.in/dms/okm/downloadDocument?docTypemappingId=58989&refId=5081668&refType=FC&uuid=10898720-ffda-4988-a85b-809042db70cc&version=1.0,272605,https://parivesh.nic.in/newupgrade/#/report/ec?proposalId=5083831,900.0,100.0
5084990,"4G saturation USOF project by DOT,GOI to provide 4G coverage by installing ground based tower where no coverage in rural area.",New,FP/TR/CommPost/428054/2023,2023-05-04T08:33:53.414+00:00,,REMOVED,0.0186,25.0,MAHESH NAIR,,Forest clearance form,,,,BSNL 4G saturation Tripura project- Dakshin Unakuti RF Village under Unakoti District,TRIPURA,Kumarghat,Dakshin Unakoti Reserve Forest,,,41,Non - Linear,0.0,0.0186,0.0186,0.0,0.0,0.0,0.0,0.0,0,0,0,Not applicable as the project or activity is site specific,,NO,NO,NO,2023-08-03T18:30:00.000+00:00,,Degraded Forest Land,true,,,,,,,,,,,,,,,,,,,,,,,,,,,,,,,,,,,"General Manager Telecom, BSNL Bhavan, Thiruvalla",,32,"Central PSU (eg. NHAI, AAI, NTP, CIL, SAIL)",Divisional Engineer BSS TLA,,32,,Unokoti,41,https://parivesh.nic.in/dms/okm/downloadDocument?docTypemappingId=40829&refId=5084713&refType=caf&uuid=f9baad29-21af-40cb-8afa-c013b4ac96f8&version=1.0;https://parivesh.nic.in/dms/okm/downloadDocument?docTypemappingId=58989&refId=5084713&refType=FC&uuid=7420c133-3b94-4519-ad2b-6e2c808945d8&version=1.0,272690,https://parivesh.nic.in/newupgrade/#/report/ec?proposalId=5084990,900.0,100.0
5086429,"4G saturation USOF project by DOT,GOI to provide 4G coverage by installing ground based tower where no coverage in rural area.",New,FP/TR/CommPost/428058/2023,2023-05-04T09:07:33.734+00:00,,REMOVED,0.0186,25.0,MAHESH NAIR,,Forest clearance form,,,,BSNL 4G saturation Tripura project-  Dhatuchhara Village under  Unakoti District,TRIPURA,Kailashahar,DHATUCHHARA,,,112,Non - Linear,0.0,0.0186,0.0186,0.0,0.0,0.0,0.0,0.0,0,0,0,Not applicable as the project or activity is site specific,,NO,NO,NO,2023-08-03T18:30:00.000+00:00,,Degraded Forest Land,true,,,,,,,,,,,,,,,,,,,,,,,,,,,,,,,,,,,"General Manager Telecom, BSNL Bhavan, Thiruvalla",,32,"Central PSU (eg. NHAI, AAI, NTP, CIL, SAIL)",Divisional Engineer BSS TLA,,32,,Unokoti,112,https://parivesh.nic.in/dms/okm/downloadDocument?docTypemappingId=40829&refId=5085743&refType=caf&uuid=b557b38b-6337-425c-8980-e6a9948feed0&version=1.0;https://parivesh.nic.in/dms/okm/downloadDocument?docTypemappingId=58989&refId=5085743&refType=FC&uuid=45c11faf-e6a7-43f9-b6dd-4457e0e58b91&version=1.0,272611,https://parivesh.nic.in/newupgrade/#/report/ec?proposalId=5086429,900.0,100.0
5091912,"4G saturation USOF project by DOT,GOI to provide 4G coverage by installing ground based tower where no coverage in rural area.",New,FP/TR/CommPost/428087/2023,2023-05-04T10:53:58.240+00:00,,REMOVED,0.0186,25.0,MAHESH NAIR,,Forest clearance form,,,,BSNL 4G saturation Tripura project-  Ganganagar Village under Unakoti  District,TRIPURA,Kumarghat,RAJKANDI,,,1133,Non - Linear,0.0,0.0186,0.0186,0.0,0.0,0.0,0.0,0.0,0,0,0,Not applicable as the project or activity is site specific,,NO,NO,NO,2023-08-03T18:30:00.000+00:00,,Degraded Forest Land,true,,,,,,,,,,,,,,,,,,,,,,,,,,,,,,,,,,,"General Manager Telecom, BSNL Bhavan, Thiruvalla",,32,"Central PSU (eg. NHAI, AAI, NTP, CIL, SAIL)",Divisional Engineer BSS TLA,,32,,Unokoti,1133,https://parivesh.nic.in/dms/okm/downloadDocument?docTypemappingId=40829&refId=5090362&refType=caf&uuid=edd5922c-463f-434a-b7b9-fc2eb9088147&version=1.0;https://parivesh.nic.in/dms/okm/downloadDocument?docTypemappingId=58989&refId=5090362&refType=FC&uuid=c93e6b3d-4e4a-4e84-a67b-42870aee246f&version=1.2,272685,https://parivesh.nic.in/newupgrade/#/report/ec?proposalId=5091912,900.0,100.0
5094241,Improvement of road from Udaipur-Kakraban main road (Hospital Chowmuni) to Tulamura via Camper tilla and Ramkrishna para.,New,FP/TR/ROAD/428101/2023,2023-05-04T11:33:52.618+00:00,,Pending at DFO due to EDS by Nodal Officer,11.5026,3664.61,Public Works Department,,Forest clearance form,,,,"Diversion of forest land for ""Improvement of road from Udaipur-Kakraban main road (Hospital Chowmuni) to Tulamura via Camper tilla and Ramkrishna para)",TRIPURA,Udaipur,GARJI RESERVED FOREST,,,1268 1272 32 4283 80,Linear,6.3409,5.1617,11.5026,0.0,0.0,0.0,0.0,0.0,0,0,0,Not applicable as the project or activity is site specific,,NO,NO,NO,2023-08-23T18:30:00.000+00:00,https://parivesh.nic.in/dms/okm/downloadDocument?docTypemappingId=59020&refId=5094240&refType=fc&uuid=6158f1e4-c82d-4062-ab66-17ce85503a53&version=1.0,Non-forest Land,true,,,,,,,,,,,,,,,,,,,,,,,,,,,,,,,,,,,"Office of the Executive Engineer, Public Works Department (R&B), Udaipur Division, Udaipur Gomati Tripura.",Udaipur Gomati Tripura,16,State Government (Department/Autonomous body),Executive Engineer,Udaipur Gomati Tripura,16,,Gomati,1268 1272 32 4283 80,https://parivesh.nic.in/dms/okm/downloadDocument?docTypemappingId=40829&refId=5088576&refType=caf&uuid=5dc1c00f-42da-4509-b8c6-4933b2419f88&version=1.0;https://parivesh.nic.in/dms/okm/downloadDocument?docTypemappingId=58989&refId=5088576&refType=FC&uuid=fca042de-704a-4df9-8cb4-d829ee2fedb7&version=1.5,272255,https://parivesh.nic.in/newupgrade/#/report/ec?proposalId=5094241,2160.0,1080.0
5113102,"4G saturation USOF project by DOT,GOI to provide 4G coverage by installing ground based tower where no coverage in rural area.",New,FP/TR/CommPost/428174/2023,2023-05-05T07:52:43.197+00:00,,REMOVED,0.093,125.0,BHARAT SANCHAR NIGAM LIMITED,,Forest clearance form,,,,BSNL 4G saturation Tripura project-  Five Villages under south tripura District,TRIPURA,Sabroom,ALIAMARA,,,"132,160",Non - Linear,0.0,0.093,0.093,0.0,0.0,0.0,0.0,0.0,0,0,0,Not applicable as the project or activity is site specific,,NO,NO,NO,2023-06-06T18:30:00.000+00:00,,Degraded Forest Land,true,,,,,,,,,,,,,,,,,,,,,,,,,,,,,,,,,,,"General Manager Telecom, BSNL Bhavan, Thiruvalla",,32,"Central PSU (eg. NHAI, AAI, NTP, CIL, SAIL)",Divisional Engineer BSS TLA,,32,,South Tripura,"132,160",https://parivesh.nic.in/dms/okm/downloadDocument?docTypemappingId=40829&refId=5110498&refType=caf&uuid=772b4645-ebc3-4116-b383-aec2b2a19e4b&version=1.1;https://parivesh.nic.in/dms/okm/downloadDocument?docTypemappingId=58989&refId=5110498&refType=FC&uuid=f2b5e094-5d69-4331-8433-7b17c4d94590&version=1.1,272382,https://parivesh.nic.in/newupgrade/#/report/ec?proposalId=5113102,4500.0,500.0
5122624,"4G saturation USOF project by DOT,GOI to provide 4G coverage by installing ground based tower where no coverage in rural area.",New,FP/TR/CommPost/428238/2023,2023-05-05T11:55:12.884+00:00,,REMOVED,0.0186,25.0,BHARAT SANCHAR NIGAM LIMITED,,Forest clearance form,,,,BSNL 4G saturation Tripura project-  East Malidhar Village under  Dhalai District,TRIPURA,Longtharai Valley,CENTRAL CATCHMENT RESERVED FOR,,,681,Non - Linear,0.0,0.0186,0.0186,0.0,0.0,0.0,0.0,0.0,0,0,0,Not applicable as the project or activity is site specific,,NO,NO,NO,2023-05-05T12:05:12.621+00:00,,Degraded Forest Land,true,,,,,,,,,,,,,,,,,,,,,,,,,,,,,,,,,,,"General Manager Telecom, BSNL Bhavan, Thiruvalla",,32,"Central PSU (eg. NHAI, AAI, NTP, CIL, SAIL)",Divisional Engineer BSS TLA,,32,,Dhalai,681,https://parivesh.nic.in/dms/okm/downloadDocument?docTypemappingId=40829&refId=5122334&refType=caf&uuid=ad88f106-5011-4677-b263-5ff3d8d008d9&version=1.0;https://parivesh.nic.in/dms/okm/downloadDocument?docTypemappingId=58989&refId=5122334&refType=FC&uuid=e04a5e45-7785-49b9-aa24-e04d23661feb&version=1.0,272536,https://parivesh.nic.in/newupgrade/#/report/ec?proposalId=5122624,900.0,100.0
5147407,"4G saturation USOF project by DOT,GOI to provide 4G coverage by installing ground based tower where no coverage in rural area.",New,FP/TR/CommPost/428350/2023,2023-05-06T09:46:24.998+00:00,,REMOVED,0.0186,25.0,BHARAT SANCHAR NIGAM LIMITED,,Forest clearance form,,,,BSNL 4G saturation Tripura project- Rajdhar Village under  Dhalai District,TRIPURA,Longtharai Valley,MANU CHAILENGTA RESERVED FORES,,,1649,Non - Linear,0.0,0.0186,0.0186,0.0,0.0,0.0,0.0,0.0,0,0,0,Not applicable as the project or activity is site specific,,NO,NO,NO,2023-05-06T10:04:43.611+00:00,,Degraded Forest Land,true,,,,,,,,,,,,,,,,,,,,,,,,,,,,,,,,,,,"General Manager Telecom, BSNL Bhavan, Thiruvalla",,32,"Central PSU (eg. NHAI, AAI, NTP, CIL, SAIL)",Divisional Engineer BSS TLA,,32,,Dhalai,1649,https://parivesh.nic.in/dms/okm/downloadDocument?docTypemappingId=40829&refId=5146916&refType=caf&uuid=e65b5124-46e9-4e02-93cb-ccc42450fbc3&version=1.0;https://parivesh.nic.in/dms/okm/downloadDocument?docTypemappingId=58989&refId=5146916&refType=FC&uuid=bd1d1f3a-d3c2-4ffa-a7bf-a52eabf812c5&version=1.0,272487,https://parivesh.nic.in/newupgrade/#/report/ec?proposalId=5147407,900.0,100.0
5263835,"4G saturation USOF project by DOT,GOI to provide 4G coverage by installing ground based tower where no coverage in rural area.",New,FP/TR/CommPost/428928/2023,2023-05-11T08:46:24.936+00:00,,REMOVED,0.0186,25.0,MAHESH NAIR,,Forest clearance form,,,,"BSNL 4G saturation Tripura project-, Purba Jalefa  Village under south District",TRIPURA,Sabroom,PURBA JALEFA,,,621,Non - Linear,0.0,0.0186,0.0186,0.0,0.0,0.0,0.0,0.0,0,0,0,Not applicable as the project or activity is site specific,,NO,NO,NO,2023-08-03T18:30:00.000+00:00,,Degraded Forest Land,true,,,,,,,,,,,,,,,,,,,,,,,,,,,,,,,,,,,"General Manager Telecom, BSNL Bhavan, Thiruvalla",,32,"Central PSU (eg. NHAI, AAI, NTP, CIL, SAIL)",Divisional Engineer BSS TLA,,32,,South Tripura,621,https://parivesh.nic.in/dms/okm/downloadDocument?docTypemappingId=40829&refId=5263503&refType=caf&uuid=bdec9b78-98f7-43e7-935f-3dd22b120e10&version=1.0;https://parivesh.nic.in/dms/okm/downloadDocument?docTypemappingId=58989&refId=5263503&refType=FC&uuid=c292a6f2-78b3-4951-bc52-9647a17af0dc&version=1.0,272418,https://parivesh.nic.in/newupgrade/#/report/ec?proposalId=5263835,900.0,100.0
5326947,Bricks Industry,New,SIA/TR/MIN/429224/2023,2023-05-13T12:13:06.587+00:00,,Under Examination,1.3643,10.0,CPC ENVIRONMENT SOLUTION PRIVATE LIMITED,Udaipur Min-Tech Pvt. Ltd.,Environment clearance form,TOR,B2,Mining of minerals,"M/s Rajlaxmi Bricks Industry, Block ID: UMT/ST/BR-029",TRIPURA,Belonia,MADHYA BHARATCHANDRANAGAR,,,,Non - Linear,1.3643,0.0,1.3643,0.0,0.0,0.0,0.0,0.0,0,0,0,NO,n/a,NO,NO,NO,2023-05-13T13:00:26.735+00:00,,,,,,,,,,,,,,,,,,,,,,,,,,,,,,,,,,,,,,,,,,,,,,South Tripura,,https://parivesh.nic.in/dms/okm/downloadDocument?docTypemappingId=40829&refId=5326843&refType=caf&uuid=e5378e9f-686d-4e47-a27c-3986a205f51b&version=1.0,272284,https://parivesh.nic.in/newupgrade/#/report/ec?proposalId=5326947,1252.0,1252.0
5361959,Bricks,New,SIA/TR/MIN/429370/2023,2023-05-16T06:29:50.849+00:00,,Under Examination,0.5748,10.0,CPC ENVIRONMENT SOLUTION PRIVATE LIMITED,Udaipur Min-Tech Pvt. Ltd.,Environment clearance form,TOR,B2,Mining of minerals,"M/s Janani Bricks, Block ID: UMT/WT/BR-029",TRIPURA,Jirania,JOYNAGAR,,,,Non - Linear,0.5748,0.0,0.5748,0.0,0.0,0.0,0.0,0.0,0,0,0,NO,n/a,NO,NO,NO,2023-05-16T07:02:17.040+00:00,,,,,,,,,,,,,,,,,,,,,,,,,,,,,,,,,,,,,,,,,,,,,,West Tripura,,https://parivesh.nic.in/dms/okm/downloadDocument?docTypemappingId=40829&refId=5361816&refType=caf&uuid=b4d995c0-6222-4625-9308-dcbecace3357&version=1.0,272004,https://parivesh.nic.in/newupgrade/#/report/ec?proposalId=5361959,1252.0,1252.0
5368287,Bricks Industry,New,SIA/TR/MIN/429392/2023,2023-05-16T07:48:01.648+00:00,,Under Examination,1.2914,10.0,CPC ENVIRONMENT SOLUTION PRIVATE LIMITED,Udaipur Min-Tech Pvt. Ltd.,Environment clearance form,TOR,B2,Mining of minerals,"M/s Dinabandhu Bricks Industry, Block ID: UMT/WT/BR-36",TRIPURA,Jirania,JOYNAGAR,,,,Non - Linear,1.2914,0.0,1.2914,0.0,0.0,0.0,0.0,0.0,0,0,0,NO,n/a,NO,NO,NO,2023-05-16T08:12:11.417+00:00,,,,,,,,,,,,,,,,,,,,,,,,,,,,,,,,,,,,,,,,,,,,,,West Tripura,,https://parivesh.nic.in/dms/okm/downloadDocument?docTypemappingId=40829&refId=5368129&refType=caf&uuid=cff0e5f4-6ed2-44cb-aeea-bfc2ba509f2d&version=1.0,272004,https://parivesh.nic.in/newupgrade/#/report/ec?proposalId=5368287,1252.0,1252.0
5369362,Exploratory Drilling of well ADAW,New,SIA/TR/IND2/429401/2023,2023-05-16T08:02:24.979+00:00,,Under Examination,1.035,5400.0,"ONGC, TRIPURA ASSET",,Environment clearance form,TOR,B2,"Off-shore and onshore oil and gas exploration,  development and production",Drilling of Exploratory Location ADAW,TRIPURA,Sadar,MADHUBAN,,,sheet no. 8 (part) & sheet no. 2 (part),Non - Linear,1.035,0.0,1.035,0.0,0.0,0.0,0.0,0.0,0,0,0,Not applicable as the project or activity is site specific,,NO,NO,NO,2023-05-17T04:02:41.279+00:00,,,,,,,,,,,,,,,,,,,,,,,,,,,,,,,,,,,,,,,,,,,,,,West Tripura,sheet no. 8 (part) & sheet no. 2 (part),https://parivesh.nic.in/dms/okm/downloadDocument?docTypemappingId=40829&refId=5366394&refType=caf&uuid=e034e16d-6c5b-49ba-ad27-9044574d29ff&version=1.0,272027,https://parivesh.nic.in/newupgrade/#/report/ec?proposalId=5369362,105.0,65.0
5626305,"4G saturation USOF project by DOT,GOI to provide 4G coverage by installing ground based tower where no coverage in rural area.",New,FP/TR/CommPost/430842/2023,2023-05-25T12:10:23.539+00:00,,REMOVED,0.0372,50.0,BHARAT SANCHAR NIGAM LIMITED,,Forest clearance form,,,,"BSNL 4G saturation Tripura project-  Two Villages (Paschim Gobindabari,Paschim Malidhar) under Dhalai District",TRIPURA,Longtharai Valley,CENTRAL CATCHMENT RESERVED FOR,,,395,Non - Linear,0.0,0.0372,0.0372,0.0,0.0,0.0,0.0,0.0,0,0,0,Not applicable as the project or activity is site specific,,NO,NO,NO,2023-05-25T12:37:16.377+00:00,,Degraded Forest Land,true,,,,,,,,,,,,,,,,,,,,,,,,,,,,,,,,,,,"General Manager Telecom, BSNL Bhavan, Thiruvalla",,32,"Central PSU (eg. NHAI, AAI, NTP, CIL, SAIL)",Divisional Engineer BSS TLA,,32,,Dhalai,395,https://parivesh.nic.in/dms/okm/downloadDocument?docTypemappingId=40829&refId=5625413&refType=caf&uuid=6ebcd63c-d694-4697-bfde-e95aa466484e&version=1.0;https://parivesh.nic.in/dms/okm/downloadDocument?docTypemappingId=58989&refId=5625413&refType=FC&uuid=239be21c-177e-4843-a0d1-6cef3cdb807e&version=1.0,272536,https://parivesh.nic.in/newupgrade/#/report/ec?proposalId=5626305,1800.0,200.0
6400618,Diversion of forest land for development of approach access through Tripura towards ONGC Silchar Exploratory location LGM (located in Assam) in Longai Reserves Forest.,New,FP/TR/ROAD/434883/2023,2023-06-28T05:38:59.880+00:00,,DELISTED_BY_SYSTEM,1.281,20.0,OIL AND NATURAL GAS CORPORATION LIMITED,,Forest clearance form,,,,Diversion of forest land for development of approach access towards ONGC Silchar Exploratory Location LGM (located in Assam) in Longai Reserve Forest,TRIPURA,Kanchanpur,RAHUMCHHARA,,,,Linear,1.205,0.076,1.281,0.0,0.0,0.0,0.0,0.0,0,0,0,Not applicable as the project or activity is site specific,,NO,NO,NO,2024-07-08T18:30:00.000+00:00,,,false,,,,,,,,,,,,,,,,,,,,,,,,,,,,,,,,,,,AAFB Exploratory Asset ONGC Srikona Silchar Assam,Srikona,18,"Central PSU (eg. NHAI, AAI, NTP, CIL, SAIL)",Chief Geologist,Srikona,18,,North Tripura,,https://parivesh.nic.in/dms/okm/downloadDocument?docTypemappingId=40829&refId=6398424&refType=caf&uuid=40978035-4e27-4b92-8a29-9d11c80287c9&version=1.0;https://parivesh.nic.in/dms/okm/downloadDocument?docTypemappingId=58989&refId=6398424&refType=FC&uuid=4a35f4e7-b621-4f54-8073-12e458730ff1&version=1.0,272660,https://parivesh.nic.in/newupgrade/#/report/ec?proposalId=6400618,500.0,500.0
6790417,Sand Block,New,SIA/TR/MIN/436704/2023,2023-07-14T07:38:11.417+00:00,,EDS raised,0.5139,5.0,SAMANTA DEBBARMA,RSP Green Development & Laboratories Pvt. Ltd.,Environment clearance form,TOR,B2,Mining of minerals,M/s Hamkwrai Sand,TRIPURA,Khowai,DAKSHIN PRAMODNAGAR,,,214(P),Non - Linear,0.5139,0.0,0.5139,0.0,0.0,0.0,0.0,0.0,0,0,0,NO,n/a,NO,NO,NO,2023-07-15T07:45:17.045+00:00,,,,,,,,,,,,,,,,,,,,,,,,,,,,,,,,,,,,,,,,,,,,,,Khowai,214(P),https://parivesh.nic.in/dms/okm/downloadDocument?docTypemappingId=40829&refId=6787959&refType=caf&uuid=64c73b07-5571-484a-af3e-524563913656&version=1.1,271940,https://parivesh.nic.in/newupgrade/#/report/ec?proposalId=6790417,2002.0,2002.0
6868064,"Exploration of Hydrocarbon / Natural Gas through Drilling, Waste-Pit and Approach Road leading to Drill site location ADAU",New,FP/TR/MINOIL/437032/2023,2023-07-17T11:18:20.772+00:00,,"Pending at Technical Officer - MoEFCC, HQ",2.012,6000.0,ONGC,,Forest clearance form,,,,"Exploration of Hydrocarbon / Natural Gas through Drilling, Waste-pit and Approach Road of location ADAU",TRIPURA,Jampuijala,PEKURJALA,,,1026/part,Non - Linear,0.0,2.012,2.012,0.0,0.0,0.0,0.0,0.0,0,0,0,Not applicable as the project or activity is site specific,,NO,NO,NO,2024-08-29T18:30:00.000+00:00,,Degraded Forest Land,true,,,,,,,,,,,,,,,,,,,,,,,,,,,,,,,,,,,"ONGC Tripura Asset
Badharghat, Agartala
Tripura ONGC Tripura Asset
Badharghat, Agartala
Tripura",Agartala,16,Others,CGM-(LOGISTIC)-I/C LAQ & RoU & NODAL OFFICER,Agartala,16,,Sipahijala,1026/part,https://parivesh.nic.in/dms/okm/downloadDocument?docTypemappingId=40829&refId=6867177&refType=caf&uuid=ed8c662a-a915-4d90-974c-71a8e3b29324&version=1.0;https://parivesh.nic.in/dms/okm/downloadDocument?docTypemappingId=58989&refId=6867177&refType=FC&uuid=65e7b5ea-9951-4e37-a66e-ff1e4cf39bb2&version=1.4,272030,https://parivesh.nic.in/newupgrade/#/report/ec?proposalId=6868064,30.0,20.0
6936442,Sand Block,New,SIA/TR/MIN/437354/2023,2023-07-19T11:05:36.864+00:00,,EDS raised,0.4443,10.0,CPC ENVIRONMENT SOLUTION PRIVATE LIMITED,Udaipur Min-Tech Pvt. Ltd.,Environment clearance form,TOR,B2,Mining of minerals,"M/s Bidhu Debnath Sand, Block Id: UMT/GMT-015",TRIPURA,Udaipur,LAKSHMIPATI,,,,Non - Linear,0.4443,0.0,0.4443,0.0,0.0,0.0,0.0,0.0,0,0,0,Not applicable as the project or activity is site specific,,NO,NO,NO,2023-07-19T11:32:33.612+00:00,,,,,,,,,,,,,,,,,,,,,,,,,,,,,,,,,,,,,,,,,,,,,,Gomati,,https://parivesh.nic.in/dms/okm/downloadDocument?docTypemappingId=40829&refId=6935834&refType=caf&uuid=a1cd4f57-efc4-48e0-ba0f-999bddc60d14&version=1.0,272215,https://parivesh.nic.in/newupgrade/#/report/ec?proposalId=6936442,1252.0,1252.0
6939263,Sand Block,New,SIA/TR/MIN/437370/2023,2023-07-19T11:45:13.692+00:00,,EDS raised,0.8773,10.0,CPC ENVIRONMENT SOLUTION PRIVATE LIMITED,Udaipur Min-Tech Pvt. Ltd.,Environment clearance form,TOR,B2,Mining of minerals,"M/s Bulbul Sand, Block Id: UMT/GMT-007",TRIPURA,Udaipur,CHHATARIA,,,,Non - Linear,0.8773,0.0,0.8773,0.0,0.0,0.0,0.0,0.0,0,0,0,Not applicable as the project or activity is site specific,,NO,NO,NO,2023-07-19T12:19:49.208+00:00,,,,,,,,,,,,,,,,,,,,,,,,,,,,,,,,,,,,,,,,,,,,,,Gomati,,https://parivesh.nic.in/dms/okm/downloadDocument?docTypemappingId=40829&refId=6939124&refType=caf&uuid=40b59638-47eb-4230-b303-0c86c33a59e2&version=1.0,272210,https://parivesh.nic.in/newupgrade/#/report/ec?proposalId=6939263,1252.0,1252.0
6942734,Sand Block,New,SIA/TR/MIN/437382/2023,2023-07-19T12:32:08.888+00:00,,EDS raised,1.2303,10.0,CPC ENVIRONMENT SOLUTION PRIVATE LIMITED,Udaipur Min-Tech Pvt. Ltd.,Environment clearance form,TOR,B2,Mining of minerals,"M/s Marak & Saha Sand, Block Id: UMT/DHA-20",TRIPURA,Longtharai Valley,PASCHIM MASCHHLI,,,,Non - Linear,1.2303,0.0,1.2303,0.0,0.0,0.0,0.0,0.0,0,0,0,NO,n/a,NO,NO,NO,2023-07-19T15:13:46.706+00:00,,,,,,,,,,,,,,,,,,,,,,,,,,,,,,,,,,,,,,,,,,,,,,Dhalai,,https://parivesh.nic.in/dms/okm/downloadDocument?docTypemappingId=40829&refId=6942523&refType=caf&uuid=8d44cb71-2c02-46b4-93ac-42662bdaa907&version=1.0,0,https://parivesh.nic.in/newupgrade/#/report/ec?proposalId=6942734,1252.0,1252.0
6978413,"Onshore development & production from 6 wells falling in forest area of 4 PML blocks in South Tripura, Sepahijala and West Tripura districts, Tripura",New,IA/TR/IND2/437553/2023,2023-07-20T16:11:48.594+00:00,2023-10-12T10:05:05.384+00:00,EC Granted,10.6822,18000.0,OIL AND NATURAL GAS CORPORATION LIMITED,,Environment clearance form,EC,A,,"Onshore development & production from 6 wells falling in forest area of 4 PML blocks in South Tripura, Sepahijala and West Tripura districts, Tripura",TRIPURA,Belonia,PAIKHOLA,IA-J-11011/420/2021-IA-II(I),,,Non - Linear,0.0,10.6822,10.6822,0.0,0.0,0.0,0.0,0.0,0,0,0,Not applicable as the project or activity is site specific,,NO,NO,NO,2023-08-29T10:51:29.735+00:00,,,,,,,,,,,,,,,,,,,,,,,,,,,,,,,,,,,,,,,,,,,,,,South Tripura,,https://parivesh.nic.in/dms/okm/downloadDocument?docTypemappingId=40829&refId=6691381&refType=caf&uuid=59c5bf0b-a19d-4395-9512-02a781681f7d&version=1.0,272278,https://parivesh.nic.in/newupgrade/#/report/ec?proposalId=6978413,350.0,50142.0
6985598,Snad Block,New,SIA/TR/MIN/437569/2023,2023-07-21T06:16:36.518+00:00,,EDS raised,0.7172,10.0,CPC ENVIRONMENT SOLUTION PRIVATE LIMITED,Udaipur Min-Tech Pvt. Ltd.,Environment clearance form,TOR,B2,Mining of minerals,"M/s Pinkesh Sand, Block ID: UMT/UNA-019",TRIPURA,Kumarghat,DAKSHIN UNAKUTI R.F.,,,,Non - Linear,0.7172,0.0,0.7172,0.0,0.0,0.0,0.0,0.0,0,0,0,Not applicable as the project or activity is site specific,,NO,NO,NO,2023-07-21T06:28:11.811+00:00,,,,,,,,,,,,,,,,,,,,,,,,,,,,,,,,,,,,,,,,,,,,,,Unokoti,,https://parivesh.nic.in/dms/okm/downloadDocument?docTypemappingId=40829&refId=6985499&refType=caf&uuid=40909eb4-3894-49c9-a055-ec56f25f5e9d&version=1.0,272690,https://parivesh.nic.in/newupgrade/#/report/ec?proposalId=6985598,1252.0,1252.0
7076387,Sand Block,New,SIA/TR/MIN/437970/2023,2023-07-25T08:56:30.030+00:00,,EDS raised,0.8338,10.0,CPC ENVIRONMENT SOLUTION PRIVATE LIMITED,Udaipur Min-Tech Pvt. Ltd.,Environment clearance form,TOR,B2,Mining of minerals,"M/s Ganapati Sand, Block ID: UMT/GMT-016",TRIPURA,Udaipur,BAGABASA,,,,Non - Linear,0.8338,0.0,0.8338,0.0,0.0,0.0,0.0,0.0,0,0,0,Not applicable as the project or activity is site specific,,NO,NO,NO,2023-07-25T09:10:31.826+00:00,,,,,,,,,,,,,,,,,,,,,,,,,,,,,,,,,,,,,,,,,,,,,,Gomati,,https://parivesh.nic.in/dms/okm/downloadDocument?docTypemappingId=40829&refId=7076153&refType=caf&uuid=8e609a08-e97a-4dfe-9df3-3f4492ad88b1&version=1.1,272206,https://parivesh.nic.in/newupgrade/#/report/ec?proposalId=7076387,1252.0,1252.0
7077792,Sand Block,New,SIA/TR/MIN/437980/2023,2023-07-25T09:19:51.197+00:00,,EDS raised,0.9481,10.0,CPC ENVIRONMENT SOLUTION PRIVATE LIMITED,Udaipur Min-Tech Pvt. Ltd.,Environment clearance form,TOR,B2,Mining of minerals,"M/s Reang Sand, Block ID: UMT/DHA-19",TRIPURA,Kanchanpur,DASDA LAKMIPUR,,,,Non - Linear,0.9481,0.0,0.9481,0.0,0.0,0.0,0.0,0.0,0,0,0,Not applicable as the project or activity is site specific,,NO,NO,NO,2023-07-25T09:32:22.304+00:00,,,,,,,,,,,,,,,,,,,,,,,,,,,,,,,,,,,,,,,,,,,,,,North Tripura,,https://parivesh.nic.in/dms/okm/downloadDocument?docTypemappingId=40829&refId=7077387&refType=caf&uuid=423f9801-8593-4e6c-98df-7563c59d30f7&version=1.0,272718,https://parivesh.nic.in/newupgrade/#/report/ec?proposalId=7077792,1252.0,1252.0
7328423,"The project stretch extends 1.70 km starts from steel bridge  (upstream) to Dashami Ghat  (downstream) on both the bank of the river. The main objectives of the project are:
1.	Protection of existing Earthen Embankment
2.	Soil Erosion Prevention along the project Area  
3.	Conservation and Restoration of River’s Biodiversity
4.	Restoration of City’s relationship with the River through proper access to river front
5.	Creation of Sustainable Livelihood and Promotion of Organic Farming
6.	Establishment  Blue-Green Continuous Corridor",New,FP/TR/OTHERS/439091/2023,2023-08-03T08:36:42.018+00:00,,REMOVED,0.2489,254.0,AGARTALA SMART CITY LIMITED,,Forest clearance form,,,,Diversion Proposal for Unclassified Government Forest Land for Implementation of Haora Riverfront Development Project,TRIPURA,Sadar,Howrah,,,RS Plot No.: 1010 under Khaitian No.: 7,Non - Linear,0.123,0.1259,0.2489,0.0,0.0,0.0,0.0,0.0,0,0,0,NO,"Agartala Smart City Limited has done multiple survey and feasibility study for the project before preparation of DPR. Further ASCL has designed a whole project as per guidelines & approval of Central , State Government and Agartala Municipal Corporation. In addition to this, no other suitable site/land is found for implementation of proposed component which is incompliance with the guidelines of Water Research Institute (WRI), River Centric Urban Planning Guideline by (MoHUA).",NO,NO,NO,2023-09-11T18:30:00.000+00:00,,Non-forest Land,true,,,,,,,,,,,,,,,,,,,,,,,,,,,,,,,,,,,"1st Floor UD Bhavan, Shakuntala Road, Near Rabindra Bhavan, Agartala Tripura, 799001",Agartala,16,"State PSU (eg. State Forest Corp., TANGEDCO, Mineral development Corp)",Project In Charge CITIIS,Agartala,16,Agartala Municipal Corporation,West Tripura,RS Plot No.: 1010 under Khaitian No.: 7,https://parivesh.nic.in/dms/okm/downloadDocument?docTypemappingId=40829&refId=7326178&refType=caf&uuid=845cef95-66b4-4491-bad9-9812fa2f29b6&version=1.1;https://parivesh.nic.in/dms/okm/downloadDocument?docTypemappingId=59061&refId=7326178&refType=FC&uuid=dfdf3c88-be9f-4614-a9ae-f7ef86e811f1&version=1.0;https://parivesh.nic.in/dms/okm/downloadDocument?docTypemappingId=58989&refId=7326178&refType=FC&uuid=a4e7a077-5e60-4d17-88b0-761e35381d4c&version=1.2,922856,https://parivesh.nic.in/newupgrade/#/report/ec?proposalId=7328423,1645.0,9140.0
8145205,"Proposal for Land Diversion of 7.26 Acr of forest for Karbook Panjiham HS School, Vocational Training Center and School Upgradation.",New,FP/TR/OTHERS/441136/2023,2023-08-21T09:23:19.555+00:00,,DELISTED_BY_SYSTEM,2.938,0.0,JAINAVICTOR RIANG,,Forest clearance form,,,,"Proposal for Land Diversion of 7.26 acr of forest land for Karbook Panjiham HS School, Vocational Training Center and School Upgradation.",TRIPURA,Karbook,PURBA KARBUK,,,1456/p,Hybrid,0.0,2.938,2.938,0.0,0.0,0.0,0.0,0.0,0,0,0,Not applicable as the project or activity is site specific,,YES,NO,NO,2023-08-21T09:49:21.205+00:00,,,false,,,,,,,,,,,,,,,,,,,,,,,,,,,,,,,,,,,"District Education Office, Dakbanglow Road, Udaipur, Gomati District, Tripura",Udaipur,16,Individual,District Education Officer(I/C),,16,,Gomati,1456/p,https://parivesh.nic.in/dms/okm/downloadDocument?docTypemappingId=40829&refId=8140113&refType=caf&uuid=e0cbe48e-c91d-42f1-ae3d-81f909f1b67f&version=1.0;https://parivesh.nic.in/dms/okm/downloadDocument?docTypemappingId=58989&refId=8140113&refType=FC&uuid=341ca388-e0ad-4f90-a7de-48d143e3db8f&version=1.0,272356,https://parivesh.nic.in/newupgrade/#/report/ec?proposalId=8145205,0.0,0.0
8226038,The location AA-ONO202-RJA-A is an Exploratory Location. Purpose of drilling of this location is Exploration of Hydrocarbon / Natural Gas.,New,FP/TR/MINOIL/441472/2023,2023-08-23T08:51:05.753+00:00,,Pending at Nodal Officer for Levies Review,2.89,4100.0,ONGC,,Forest clearance form,,,,"Exploration of Hydrocarbon / Natural Gas through Drilling, Waste-pit, DSA and Approach Road of Exploratory location AA-ONO202-RJA-A",TRIPURA,Belonia,SIDDHINAGAR,,,"1598/1844/p, 333/p, 369/p, 370/p, 371/p, 413/p",Non - Linear,0.0,2.89,2.89,0.0,0.0,0.0,0.0,0.0,0,0,0,Not applicable as the project or activity is site specific,,NO,NO,NO,2024-01-10T18:30:00.000+00:00,,Degraded Forest Land,true,,,,,,,,,,,,,,,,,,,,,,,,,,,,,,,,,,,"ONGC Tripura Asset
Badharghat, Agartala
Tripura ONGC Tripura Asset
Badharghat, Agartala
Tripura",Agartala,16,Others,DGM-HR,Agartala,16,,South Tripura,"1598/1844/p, 333/p, 369/p, 370/p, 371/p, 413/p",https://parivesh.nic.in/dms/okm/downloadDocument?docTypemappingId=40829&refId=8200721&refType=caf&uuid=c33f6597-9ec2-4da1-bb7f-00b9869546a0&version=1.2;https://parivesh.nic.in/dms/okm/downloadDocument?docTypemappingId=58989&refId=8200721&refType=FC&uuid=c89ed8a8-ff95-465a-bdcc-0c1e6030d8a0&version=1.5,272261,https://parivesh.nic.in/newupgrade/#/report/ec?proposalId=8226038,30.0,20.0
9180457,"Exploratory/Appraisal for 15 Wells in Onshore Oil & Gas Exploration Block AA-ONN-2002-1 in Districts: Dhalai, West Tripura and South Tripura in Tripura",New,IA/TR/IND2/443879/2023,2023-09-11T07:42:14.283+00:00,2024-04-30T06:56:34.438+00:00,Withdrawal Request Accepted,168000.0,1.125,JOGPL PRIVATE LIMITED,,Application for Transfer of EC- Form-7,OTHER,A,,Name change of existing EC from M/s. JUBILANT OIL AND GAS PVT LTD to M/s. JOGPL PVT LTD,TRIPURA,Karbook,PASCHIM EKCHHARI,J-11011/1109/2007-IA II (I),,,Non - Linear,56400.0,111600.0,168000.0,0.0,0.0,0.0,0.0,0.0,0,0,0,Not applicable as the project or activity is site specific,,NO,NO,NO,2023-12-01T05:29:01.109+00:00,,,,,,,,,,,,,,,,,,,,,,,,,,,,,,,,,,,,,,"Plot No.15,  Knowledge Park II, Greater Noida-201306, Dist.: Gautam Budh Nagar, Uttar Pradesh",Greater Noida,9,Private Limited,Project Director,Greater Noida,9,,Gomati,,https://parivesh.nic.in/dms/okm/downloadDocument?docTypemappingId=40829&refId=9176704&refType=caf&uuid=e54aab5e-399a-4fa3-9ffd-2a82b26df0c8&version=1.0,272345,https://parivesh.nic.in/newupgrade/#/report/ec?proposalId=9180457,285.0,3665.0
9191985,"The project stretch extends 1.70 km from steel bridge (upstream) to Dashami Ghat (downstream) on both the bank of Haora river. The existing West District Forest Office has fallen within above mentioned project stretch (1.7 KM).  The main objectives of the project are: 
1.	Protection of existing earthen embankment 
2.	Soil erosion prevention in the project area 
3.	Conservation and restoration of river’s biodiversity
4.	Restoration of city’s relationship with the river through proper access to river front 
5.	Creation of sustainable livelihood and promotion of organic farming 
6.	Establishment of blue-green continuous corridor",New,FP/TR/OTHERS/443938/2023,2023-09-11T11:23:04.637+00:00,,Pending at Nodal Officer for Recommendation,,,AGARTALA SMART CITY LIMITED,,Forest clearance form,,,,Revised Diversion Proposal of Unclassified Government Forest (UGF) Land wherein West District Forest Office Located for the Haora Riverfront Development (HRFD) Project,TRIPURA,,,,,,,,,,,,,,,,,,,,,,,2023-09-20T18:30:00.000+00:00,,Non-forest Land,true,,,,,,,,,,,,,,,,,,,,,,,,,,,,,,,,,,,"1st Floor UD Bhavan, Shakuntala Road, Near Rabindra Bhavan, Agartala Tripura, 799001",Agartala,16,"State PSU (eg. State Forest Corp., TANGEDCO, Mineral development Corp)",Project In Charge CITIIS,Agartala,16,Agartala Municipal Corporation,,,https://parivesh.nic.in/dms/okm/downloadDocument?docTypemappingId=40829&refId=9188856&refType=caf&uuid=6acf5fa9-c74d-457f-acd7-d835f29e6bbd&version=1.0;https://parivesh.nic.in/dms/okm/downloadDocument?docTypemappingId=59061&refId=9188856&refType=FC&uuid=67c632cb-adaf-434a-b019-e6f66e71b44f&version=1.0;https://parivesh.nic.in/dms/okm/downloadDocument?docTypemappingId=58989&refId=9188856&refType=FC&uuid=8ae36b1b-cef8-4a8c-b002-ac36f06802a1&version=1.5,,https://parivesh.nic.in/newupgrade/#/report/ec?proposalId=9191985,,
12023335,The Location AA-ONO-184-BOA-A is an Exploratory Location. Purpose of Drilling is Exploration of Hydrocarbon / Natural Gas through Drilling and Approach Road.,New,FP/TR/MINOIL/445521/2023,2023-09-23T09:08:45.029+00:00,,Pending on UA for Levies Payment,0.9642,45.0,ONGC,,Forest clearance form,,,,Exploration of Hydrocarbon / Natural Gas through Drilling and Approach Road of location AA-ONO-184-BOA-A,TRIPURA,Udaipur,PASCHIM MAGPUSKARINI,,,"1741, 2431, 2421, 2420, 2410, 1741",Non - Linear,0.0,0.9642,0.9642,0.0,0.0,0.0,0.0,0.0,0,0,0,Not applicable as the project or activity is site specific,,NO,NO,NO,2024-08-29T18:30:00.000+00:00,,Degraded Forest Land,true,,,,,,,,,,,,,,,,,,,,,,,,,,,,,,,,,,,"ONGC Tripura Asset
Badharghat, Agartala
Tripura ONGC Tripura Asset
Badharghat, Agartala
Tripura",Agartala,16,Others,CGM(Logistic),Agartala,16,,Gomati,"1741, 2431, 2421, 2420, 2410, 1741",https://parivesh.nic.in/dms/okm/downloadDocument?docTypemappingId=40829&refId=12022839&refType=caf&uuid=faad3f67-2be3-4c49-910a-01597a5e1a88&version=1.1;https://parivesh.nic.in/dms/okm/downloadDocument?docTypemappingId=58989&refId=12022839&refType=FC&uuid=a752d5a2-5302-48d7-8f21-befdbf44426c&version=1.0,272222,https://parivesh.nic.in/newupgrade/#/report/ec?proposalId=12023335,30.0,20.0
15291694,"The proposed project consists of drilling four (4) No.  of development Drilling locations at -TULA, TULB, TULC & TULD and  one (1) Production setup at Well No. Tulamara #1 (Loc. TMD) in the DSF block AA/ONDSF/TULAMARA/2018  in Gomati and South Tripura Districts of Tripura.",New,IA/TR/IND2/447446/2023,2023-10-07T12:41:08.590+00:00,2024-02-05T11:40:45.457+00:00,EC Granted,27.95,15000.0,OIL INDIA LIMITED,,Environment clearance form,EC,A,,"Onshore Oil and Gas Exploration, Development Drilling and Production of Hydrocarbons In AA/ONDSF/TULAMARA/2018 DSF Block In Gomati And South Tripura Districts of Tripura in an Area of 47.23 Sq.Km.",TRIPURA,Karbook,BARABIL,IA-J-11011/202/2021-IA-II(I),,,Linear,0.0,27.95,27.95,0.0,0.0,0.0,0.0,0.0,0,0,0,NO,"Not applicable,as the project or activity is in site specific",NO,NO,NO,2023-12-09T14:09:45.226+00:00,,,,,,,,,,,,,,,,,,,,,,,,,,,,,,,,,,,,,,,,,,,,,,Gomati,,https://parivesh.nic.in/dms/okm/downloadDocument?docTypemappingId=40829&refId=12017688&refType=caf&uuid=629854d7-fd8e-4f3d-bc31-689f1d64f240&version=1.0,272365,https://parivesh.nic.in/newupgrade/#/report/ec?proposalId=15291694,9000.0,6050.0
113662447,"The proposed project consists of drilling four (4) No.  of development Drilling locations at -TULA, TULB, TULC & TULD and  one (1) Production setup at Well No. Tulamara #1 (Loc. TMD) in the DSF block AA/ONDSF/TULAMARA/2018  in Gomati and South Tripura Districts of Tripura.",New,IA/TR/IND2/512355/2024,2023-10-07T12:41:08.590+00:00,2025-03-19T15:32:55.551+00:00,EC Granted,27.95,15000.0,OIL INDIA LIMITED,,Application for Amendment in EC- Form-4,OTHER,A,,"Onshore Oil and Gas Exploration, Development Drilling and Production of Hydrocarbons In AA/ONDSF/TULAMARA/2018 DSF Block In Gomati And South Tripura Districts of Tripura in an Area of 47.23 Sq.Km.",TRIPURA,Karbook,BARABIL,IA-J-11011/202/2021-IA-II(I),,,Linear,0.0,27.95,27.95,0.0,0.0,0.0,0.0,0.0,0,0,0,NO,"Not applicable,as the project or activity is in site specific",NO,NO,NO,2025-01-28T09:07:13.104+00:00,,,,,,,,,,,,,,,,,,,,,,,,,,,,,,,,,,,,,,,,,,,,,,Gomati,,https://parivesh.nic.in/dms/okm/downloadDocument?docTypemappingId=40829&refId=12017688&refType=caf&uuid=629854d7-fd8e-4f3d-bc31-689f1d64f240&version=1.0,272365,https://parivesh.nic.in/newupgrade/#/report/ec?proposalId=113662447,9000.0,6050.0
25599891,"Total 0.567 hectors Forest Land diversion proposal for construction of Manubazar Motor Stand at Purba Manu mouja of Birchandra Nagar Tehsil , Santirbazar Sub-Division under South Tripura District.",New,FP/TR/OTHERS/452761/2023,2023-11-20T08:23:47.406+00:00,,Pending at UA for Compliance Report,0.567,325.0,Transport Department,,Forest clearance form,,,,"Total 0.567 hectors Forest Land diversion proposal for construction of Manubazar Motor Stand at Purba Manu mouja of Birchandra Nagar Tehsil , Santirbazar Sub-Division under South Tripura District.",TRIPURA,Santirbazar,PURBA MANU,,,"Plot No :- 1618/P , 1523/P",Non - Linear,0.0,0.567,0.567,0.0,0.0,0.0,0.0,0.0,0,0,0,Not applicable as the project or activity is site specific,,NO,NO,NO,2024-04-30T18:30:00.000+00:00,,Degraded Forest Land,true,,,,,,,,,,,,,,,,,,,,,,,,,,,,,,,,,,,"OFFICE OF THE DTO , SANTIRBAZAR, SOUTH TRIPURA.",,16,State Government (Department/Autonomous body),DTO,,16,,South Tripura,"Plot No :- 1618/P , 1523/P",https://parivesh.nic.in/dms/okm/downloadDocument?docTypemappingId=40829&refId=25598481&refType=caf&uuid=409101f3-dfcc-4854-a53e-90fc1697d79a&version=1.1;https://parivesh.nic.in/dms/okm/downloadDocument?docTypemappingId=58989&refId=25598481&refType=FC&uuid=2f568b9a-7b5a-4c74-96ca-27490725d8ce&version=1.0,272308,https://parivesh.nic.in/newupgrade/#/report/ec?proposalId=25599891,146730.0,366825.0
27870275,Proposal for diversion of forest land measuring 0.2025 Ha for construction of permanent sectionalizing valve (SV-3) station for day-to-day monitoring and control for Agartala - Tulamura Natural Gas Pipeline operation,New,FP/TR/OTHERS/453712/2023,2023-11-29T09:59:07.877+00:00,,Final Diversion Order Issued,0.2025,400.0,INDRADHANUSH GAS GRID LIMITED,,Forest clearance form,,,,Proposal for diversion of forest land measuring 0.2025 Ha for construction of permanent sectionalizing valve (SV-3) station for day-to-day monitoring and control for Agartala - Tulamura Natural Gas Pipeline operation,TRIPURA,Amarpur,RANGKANG,,,,Non - Linear,0.0,0.2025,0.2025,0.0,0.0,0.0,0.0,0.0,0,0,0,Not applicable as the project or activity is site specific,,NO,NO,NO,2024-08-06T18:30:00.000+00:00,,,false,,,,,,,,,,,,,,,,,,,,,,,,,,,,,,,,,,,"5th Floor, Central Mall, Christian Basti, G. S. Road, Guwahati",Guwahati,18,"Central PSU (eg. NHAI, AAI, NTP, CIL, SAIL)",Chief Project Manager,Guwahati,18,,Gomati,,https://parivesh.nic.in/dms/okm/downloadDocument?docTypemappingId=40829&refId=27868389&refType=caf&uuid=4064f99f-269c-44f3-b394-50aee5899cfc&version=1.0;https://parivesh.nic.in/dms/okm/downloadDocument?docTypemappingId=58989&refId=27868389&refType=FC&uuid=678c3c77-474a-45ae-8bd1-e885bcc14490&version=1.0,272173,https://parivesh.nic.in/newupgrade/#/report/ec?proposalId=27870275,2640.0,21600.0
30478974,"Construction of High-Rise Multi Storeyed Office Building at Plot No. 841/3944, Gurkhabasti, Agartala – 799006, West Tripura",New,SIA/TR/INFRA2/454864/2023,2023-12-09T05:26:38.667+00:00,,Under Verification,0.433,12500.0,ENGINEERING PROJECTS INDIA LTD,Right Source Industrial Solutions Pvt. Ltd.,Environment clearance form,TOR,B2,Building / Construction,"Construction of High-Rise Multi Storeyed Office Building at Plot No. 841/3944, Gurkhabasti, Agartala – 799006, West Tripura.",TRIPURA,Sadar,KUNJABAN,,,841/3944,Hybrid,0.433,0.0,0.433,0.0,0.0,0.0,0.0,0.0,0,0,0,Not applicable as the project or activity is site specific,,NO,NO,NO,2023-12-09T12:42:36.253+00:00,,,,,,,,,,,,,,,,,,,,,,,,,,,,,,,,,,,,,,,,,,,,,,West Tripura,841/3944,https://parivesh.nic.in/dms/okm/downloadDocument?docTypemappingId=40829&refId=30478190&refType=caf&uuid=923ce1b8-2514-4e64-9e91-3e9c5148b63d&version=1.1,271947,https://parivesh.nic.in/newupgrade/#/report/ec?proposalId=30478974,600.0,0.0
32832968,"3D GEOPHYSICAL SURVEY FOR PRELIMNARY SUB-SURFACE MAPPING OF THE AREA ( PEL BLOCK: AA-ONHP-2020/2, AWARDED TO ONGC BY MoP&NG UNDER OALP BID ROUND VI) FOR HYDROCARBON EXPLORATION IN TRIPURA.",New,WL/TR/SRY/456223/2023,2023-12-21T04:42:25.312+00:00,,,10002.47,2450.0,"ONGC, TRIPURA ASSET",,Wildlife clearance form,,,,ONGC - OALP BLOCK RAJNAGAR 3D SURVEY,TRIPURA,Belonia,BARAIYA,,,,Non - Linear,7794.0,2208.47,10002.47,0.0,0.0,0.0,0.0,0.0,0,0,0,Not applicable as the project or activity is site specific,,NO,NO,NO,2023-12-21T04:53:42.869+00:00,,,,,,,,,,,,,,,,,,,,,,,,,,,,,,,,,,,,,,,,,,,,,,South Tripura,,https://parivesh.nic.in/dms/okm/downloadDocument?docTypemappingId=40829&refId=31744357&refType=caf&uuid=19e5dcd8-502d-40f9-9479-60f1353d37c3&version=1.0,272264,https://parivesh.nic.in/newupgrade/#/report/ec?proposalId=32832968,0.0,650.0
32862583,"3D GEOPHSICAL SURVEY FOR PRELIMINARY SUB-SURFACE MAPPING OF THE AREA (PEL BLOCK AA-ONHP-2021/2, AWARDED TO ONGC BY MoP&NG UNDER OALP BID ROUND VI) FOR HYDROCARBON EXPLORATION IN TRIPURA",New,WL/TR/SRY/456285/2023,2023-12-21T10:07:36.913+00:00,,,40115.0,4620.0,"ONGC, TRIPURA ASSET",,Wildlife clearance form,,,,ONGC-OALP BLOCK AA-ONHP-2021/1 BISHALGARH 3D Survey,TRIPURA,Sonamura,MANIKYANAGAR,,,,Non - Linear,38262.0,1853.0,40115.0,0.0,0.0,0.0,0.0,0.0,0,0,0,Not applicable as the project or activity is site specific,,NO,NO,NO,2023-12-21T10:09:48.002+00:00,,,,,,,,,,,,,,,,,,,,,,,,,,,,,,,,,,,,,,,,,,,,,,Sipahijala,,https://parivesh.nic.in/dms/okm/downloadDocument?docTypemappingId=40829&refId=32847938&refType=caf&uuid=dc7e2ca6-6620-4a8f-a3f1-c59e08173f66&version=1.0,272088,https://parivesh.nic.in/newupgrade/#/report/ec?proposalId=32862583,0.0,650.0
33636535,Sand block,New,SIA/TR/MIN/456593/2023,2023-12-24T08:29:23.734+00:00,,Under Verification,1.5951,10.0,CPC ENVIRONMENT SOLUTION PRIVATE LIMITED,Udaipur Min-Tech Pvt. Ltd.,Environment clearance form,TOR,B2,Mining of minerals,"M/s Loknath Bricks Industries, Block ID: UMT/DHA/BR-18",TRIPURA,Ambassa,PURBA NALICHHARA,,,,Non - Linear,1.5951,0.0,1.5951,0.0,0.0,0.0,0.0,0.0,0,0,0,Not applicable as the project or activity is site specific,,NO,NO,NO,2023-12-24T09:53:45.508+00:00,,,,,,,,,,,,,,,,,,,,,,,,,,,,,,,,,,,,,,,,,,,,,,Dhalai,,https://parivesh.nic.in/dms/okm/downloadDocument?docTypemappingId=40829&refId=33636507&refType=caf&uuid=a5021e7f-ae13-4179-b4a2-0ab42e575ed5&version=1.0,272490,https://parivesh.nic.in/newupgrade/#/report/ec?proposalId=33636535,1252.0,1252.0
35685325,Sand Block,New,SIA/TR/MIN/457300/2024,2024-01-01T06:00:18.907+00:00,,Under Verification,0.5545,10.0,CPC ENVIRONMENT SOLUTION PRIVATE LIMITED,Udaipur Min-Tech Pvt. Ltd.,Environment clearance form,TOR,B2,Mining of minerals,"M/s Sukhendra Sand, Block ID: UMT/DH-011",TRIPURA,Kamalpur,DABBARI,,,,Non - Linear,0.5545,0.0,0.5545,0.0,0.0,0.0,0.0,0.0,0,0,0,Not applicable as the project or activity is site specific,,NO,NO,NO,2024-01-01T06:23:02.007+00:00,,,,,,,,,,,,,,,,,,,,,,,,,,,,,,,,,,,,,,,,,,,,,,Dhalai,,https://parivesh.nic.in/dms/okm/downloadDocument?docTypemappingId=40829&refId=35685227&refType=caf&uuid=d4930f1b-e105-4b9b-a055-773057a3e006&version=1.0,272462,https://parivesh.nic.in/newupgrade/#/report/ec?proposalId=35685325,1252.0,1252.0
41023347,Sand Block,New,SIA/TR/MIN/459682/2024,2024-01-24T04:51:37.829+00:00,,Under Verification,1.262,10.0,CPC ENVIRONMENT SOLUTION PRIVATE LIMITED,Udaipur Min-Tech Pvt. Ltd.,Environment clearance form,TOR,B2,Mining of minerals,"M/s Joyram Sand,  Block ID: UMT/UNA-018",TRIPURA,Kumarghat,JAGANNATHPUR,,,,Non - Linear,1.262,0.0,1.262,0.0,0.0,0.0,0.0,0.0,0,0,0,Not applicable as the project or activity is site specific,,NO,NO,NO,2024-01-24T05:10:26.800+00:00,,,,,,,,,,,,,,,,,,,,,,,,,,,,,,,,,,,,,,,,,,,,,,Unokoti,,https://parivesh.nic.in/dms/okm/downloadDocument?docTypemappingId=40829&refId=41023256&refType=caf&uuid=27ca6f48-7c7d-4564-a437-527f50a75e7e&version=1.0,272688,https://parivesh.nic.in/newupgrade/#/report/ec?proposalId=41023347,1252.0,1252.0
42319176,Bricks Industries,New,SIA/TR/MIN/460186/2024,2024-01-29T08:32:08.039+00:00,,Under Verification,0.838,10.0,CPC ENVIRONMENT SOLUTION PRIVATE LIMITED,Udaipur Min-Tech Pvt. Ltd.,Environment clearance form,TOR,B2,Mining of minerals,"M/s Swarup Bricks Industries, Block ID: UMT/ST/BR-030",TRIPURA,Belonia,UTTAR SONAICHHARI,,,,Non - Linear,0.838,0.0,0.838,0.0,0.0,0.0,0.0,0.0,0,0,0,Not applicable as the project or activity is site specific,,NO,NO,NO,2024-01-29T08:43:40.541+00:00,,,,,,,,,,,,,,,,,,,,,,,,,,,,,,,,,,,,,,,,,,,,,,South Tripura,,https://parivesh.nic.in/dms/okm/downloadDocument?docTypemappingId=40829&refId=42318979&refType=caf&uuid=40bd308a-9670-47d6-ae41-68214877e562&version=1.1,272287,https://parivesh.nic.in/newupgrade/#/report/ec?proposalId=42319176,1252.0,1252.0
42609171,"""Construction of approach road including Rail way Over Bridge (ROB no. 283.{ & Ch.100/8-9 km) on Sindhu Kumar Para Road, Longtharai  Valley in Kumarghat-Agartala Section"" under Dhalai District of Tripura.",New,FP/TR/ROAD/460395/2024,2024-01-30T23:12:48.350+00:00,,REMOVED,0.5278,1058.9,Public Works Department,,Forest clearance form,,,,"""Construction of approach road including Rail way Over Bridge (ROB no. 283.{ & Ch.100/8-9 km) on Sindhu Kumar Para Road, Longtharai  Valley in Kumarghat-Agartala Section"" under Dhalai District of Tripura.",TRIPURA,Longtharai Valley,Longtarai Reserve Forest,,,,Linear,0.036,0.4918,0.5278,0.0,0.0,0.0,0.0,0.0,0,0,0,NO,Only widening of road,NO,NO,NO,2024-02-26T10:31:32.944+00:00,,Non-forest Land,true,,,,,,,,,,,,,,,,,,,,,,,,,,,,,,,,,,,"Office of the Executive Engineer, Public Works Department, (R&B), LTV Division, Manu, Dhalai District of Tripura.",S K Para Manu LTV Sub Division Dhalai District of Tripura,16,State Government (Department/Autonomous body),Executive Engineer,S K Para Manu LTV Sub Division Dhalai District of,16,,Dhalai,,https://parivesh.nic.in/dms/okm/downloadDocument?docTypemappingId=40829&refId=42604004&refType=caf&uuid=355f64e3-6042-4696-a568-679dbabedcbb&version=1.0;https://parivesh.nic.in/dms/okm/downloadDocument?docTypemappingId=58989&refId=42604004&refType=FC&uuid=64f48de5-d008-4515-8b26-301c17e087bf&version=1.0,272482,https://parivesh.nic.in/newupgrade/#/report/ec?proposalId=42609171,375.0,250.0
42881607,Diversion of forest land for the work of constriction of road from Champaraipara to Maldakumar para  under Ganganagar RD Block,New,FP/TR/ROAD/460506/2024,2024-01-31T11:33:47.286+00:00,,Pending on UA for Compensatory Levies Payment,10.026,2500.0,Public Works Department,,Forest clearance form,,,,"""Diversion of forest land for the work of constriction of road from Champaraipara to Maldakumar para under Ganganagar RD Block""",TRIPURA,Ambassa,CHAKMAPARA,,,"81, 83",Linear,0.146,9.88,10.026,0.0,0.0,0.0,0.0,0.0,0,0,0,Not applicable as the project or activity is site specific,,NO,NO,NO,2024-02-08T18:30:00.000+00:00,https://parivesh.nic.in/dms/okm/downloadDocument?docTypemappingId=59020&refId=42881602&refType=fc&uuid=5fd20b5f-557a-477a-afa0-405b6fd89e44&version=1.0,Non-forest Land,true,,,,,,,,,,,,,,,,,,,,,,,,,,,,,,,,,,,"Office of the Executive Engineer, Ambassa Division, PWD (R&B), Ambassa, Dhalai Tripura.",Ambassa,16,State Government (Department/Autonomous body),Executive Engineer,Ambassa,16,,Dhalai,"81, 83",https://parivesh.nic.in/dms/okm/downloadDocument?docTypemappingId=40829&refId=42632462&refType=caf&uuid=e057c045-e6d4-43b0-b698-e474ddacb33e&version=1.0;https://parivesh.nic.in/dms/okm/downloadDocument?docTypemappingId=58989&refId=42632462&refType=FC&uuid=b0857532-7af1-40d1-a864-50cea509c2c7&version=1.3,272511,https://parivesh.nic.in/newupgrade/#/report/ec?proposalId=42881607,380.0,255.0
46387164,"M/s Tripura Ispat, Existing project up Hot Rolling Mill Plant for manufacturing of M.S. Road (TMT)-25000 TPA, M.S. Flat & Squares-5000 TPA, M.S. Billet-30000 TPA  at Bodhjungnagar Industrial Growth Center, Po-R.K Nagar,Agartala, Tripura (West), Pin-799008.",New,SIA/TR/IND1/462702/2024,2024-02-13T10:30:29.253+00:00,,Under Examination,4.29,322.02,VISHAL SOLANKI,RSP Green Development & Laboratories Pvt. Ltd.,Environment clearance form,TOR,B1,Metallurgical Industries (ferrous and non ferrous),"2 Nos. Induction Furnace with 10MT & 7MT capacity along with CCM (Continuous Casting Machine) with production capacity of M.S Billets -30000TPA & Re-Rolling Mill, Production of M.S.Road (TMT)-25000 TPA, M.S.Flat & Square-5000 TPA by M/S Tripura Ispat at Bodhjungnagar Industrial Growth Center, Po-R.K Nagar,Agartala, Tripura (West), Pin-799008",TRIPURA,Jirania,RAMCHANDRANAGAR,,,,Linear,4.29,0.0,4.29,0.0,0.0,0.0,0.0,0.0,0,0,0,NO,Existing Project,NO,NO,NO,2024-02-13T12:16:25.585+00:00,,,,,,,,,,,,,,,,,,,,,,,,,,,,,,,,,,,,,,,,,,,,,,West Tripura,,https://parivesh.nic.in/dms/okm/downloadDocument?docTypemappingId=40829&refId=46385491&refType=caf&uuid=1314f301-78fe-4601-b57d-bf43da45c783&version=1.0,271983,https://parivesh.nic.in/newupgrade/#/report/ec?proposalId=46387164,0.0,0.0
46729593,"The project site at drilling location OSTA falls partly in forest and partly in non forest area in South Tripura District in the state of Tripura. Total land required for the drilling project is 11.392 Ha. Out of this total land, 6.755 ha falls in Muhuripur RF in the approach road, 1.054 ha approach road in NF, Plinth: 3.464 Ha in NF and Flare pit: 0.119 Ha in NF.  Forest diversion proposal has been submitted for the approach road falling in Muhuripur RF under South Tripura District for oil & gas well drilling by Oil India Limited.",New,FP/TR/MINOIL/462777/2024,2024-02-14T05:50:57.588+00:00,,Final Diversion Order Issued,11.392,2000.0,OIL INDIA LIMITED,,Forest clearance form,,,,Proposal for diversion of 6.755 Ha forest land in the approach road for construction of oil & gas well drilling at Location OSTA under Mouja Kalasi in South Tripura District in favour of Oil India Limited,TRIPURA,Santirbazar,RAIBARI,,,"4/2, 4/4, 4/15, 4/3, 4/2, 4/1",Non - Linear,4.637,6.755,11.392,0.0,0.0,0.0,0.0,0.0,0,0,0,Not applicable as the project or activity is site specific,,NO,NO,NO,2024-08-06T18:30:00.000+00:00,https://parivesh.nic.in/dms/okm/downloadDocument?docTypemappingId=59020&refId=46729588&refType=fc&uuid=5d337de4-fe0b-40b9-a11f-b6dccaba571b&version=1.1,Degraded Forest Land,true,,,,,,,,,,,,,,,,,,,,,,,,,,,,,,,,,,,"OIL INDIA LIMITED 
DULIAJAN
District  : Dibrugarh",DULIAJAN,18,"Central PSU (eg. NHAI, AAI, NTP, CIL, SAIL)",EXECUTIVE DIRECTOR (HSE),DULIAJAN,18,,South Tripura,"4/2, 4/4, 4/15, 4/3, 4/2, 4/1",https://parivesh.nic.in/dms/okm/downloadDocument?docTypemappingId=40829&refId=46514438&refType=caf&uuid=183b8177-94a2-40c1-9ac3-07d7e973bb00&version=1.1;https://parivesh.nic.in/dms/okm/downloadDocument?docTypemappingId=58989&refId=46514438&refType=FC&uuid=c6cb1203-685e-41c9-b2d9-5f8d92a1e8c8&version=1.0,272321,https://parivesh.nic.in/newupgrade/#/report/ec?proposalId=46729593,9000.0,9000.0
49908978,"""Diversion of forest land for the construction of road from Ambassa-Gandacherra road to Karanjoy para under Ganganagar R D Block..",New,FP/TR/ROAD/464121/2024,2024-02-26T10:03:32.818+00:00,,Pending on UA for Compensatory Levies Payment,3.521,600.0,Public Works Department,,Forest clearance form,,,,"""Diversion of forest land for the construction of road from Ambassa-Gandacherra road to Karanjoy para under Ganganagar R D Block..",TRIPURA,Ambassa,KARNAMUNIPARA,,,Plot no. 39 of mouza Karnamani para & Plot no. 307 of Kulai R.F Extension,Linear,0.104,3.417,3.521,0.0,0.0,0.0,0.0,0.0,0,0,0,Not applicable as the project or activity is site specific,,NO,NO,NO,2024-10-24T18:30:00.000+00:00,,,false,,,,,,,,,,,,,,,,,,,,,,,,,,,,,,,,,,,"Office of the Executive Engineer, Ambassa Division, PWD (R&B), Ambassa, Dhalai Tripura.",Ambassa,16,State Government (Department/Autonomous body),Executive Engineer,Ambassa,16,,Dhalai,Plot no. 39 of mouza Karnamani para & Plot no. 307 of Kulai R.F Extension,https://parivesh.nic.in/dms/okm/downloadDocument?docTypemappingId=40829&refId=43169755&refType=caf&uuid=f520c758-dcab-4bd7-9c56-30208d87d1cf&version=1.0;https://parivesh.nic.in/dms/okm/downloadDocument?docTypemappingId=58989&refId=43169755&refType=FC&uuid=24573cf2-2ed1-457f-b64e-de6ba573061e&version=1.0,272508,https://parivesh.nic.in/newupgrade/#/report/ec?proposalId=49908978,195.0,240.0
50519542,"""Diversion of forest land for improvement & Strengthening of road from Burighat to sermun-II In north Tripura District.""",New,FP/TR/ROAD/464549/2024,2024-02-29T13:59:50.401+00:00,,Pending at UA for Compliance Report,23.595,4880.99,Public Works Department,,Forest clearance form,,,,"""Diversion of forest land for improvement & Strengthening of road from Burighat to sermun-II In north Tripura District.""",TRIPURA,Kanchanpur,KALAPANI,,,,Linear,1.233,22.362,23.595,0.0,0.0,0.0,0.0,0.0,0,0,0,Not applicable as the project or activity is site specific,,NO,NO,NO,2024-06-08T18:30:00.000+00:00,https://parivesh.nic.in/dms/okm/downloadDocument?docTypemappingId=59020&refId=50519541&refType=fc&uuid=f4981cf8-740f-4120-9421-11cd32167cc4&version=1.0,Non-forest Land,true,,,,,,,,,,,,,,,,,,,,,,,,,,,,,,,,,,,"Office of the Executive Engineer, PWD (R&B) Kanchanpur Division, Kanchanpur North Tripura.",Burighat Dasda Kanchanpur,16,State Government (Department/Autonomous body),Executive Engineer,,16,Govt of Tripura,North Tripura,,https://parivesh.nic.in/dms/okm/downloadDocument?docTypemappingId=40829&refId=50516575&refType=caf&uuid=d168fe3f-f132-4c79-b4eb-2c46918db3a6&version=1.0;https://parivesh.nic.in/dms/okm/downloadDocument?docTypemappingId=59061&refId=50516575&refType=FC&uuid=bef70a04-006e-40c3-9eb8-e36b6def382c&version=1.0;https://parivesh.nic.in/dms/okm/downloadDocument?docTypemappingId=58989&refId=50516575&refType=FC&uuid=c04f0601-3cb6-47d5-8ad4-d2474e5b74b3&version=1.1;https://parivesh.nic.in/dms/okm/downloadDocument?docTypemappingId=58989&refId=50516575&refType=FC&uuid=02072bc9-181e-44a8-9afe-dd1b719ec6fb&version=1.1,0,https://parivesh.nic.in/newupgrade/#/report/ec?proposalId=50519542,750.0,735.0
50524108,“Diversion of forest land for the construction of all weather road  from jampui hill (PMGSY Road point ) To kangrai under jampui hill R.D BLOCK”.,New,FP/TR/ROAD/464567/2024,2024-02-29T19:38:50.320+00:00,,Pending at UA for Compliance Report,11.0837,2624.14,Public Works Department,,Forest clearance form,,,,“Diversion of forest land for the construction of all weather road  from jampui hill (PMGSY Road point ) To kangrai under jampui hill R.D BLOCK”.,TRIPURA,Kanchanpur,BELIAN CHIEF,,,,Linear,0.7755,10.3082,11.0837,0.0,0.0,0.0,0.0,0.0,0,0,0,Not applicable as the project or activity is site specific,,NO,NO,NO,2024-02-29T18:30:00.000+00:00,https://parivesh.nic.in/dms/okm/downloadDocument?docTypemappingId=59020&refId=50524107&refType=fc&uuid=43caa192-0932-42c2-b337-2d2247bb1cbc&version=1.0,Non-forest Land,true,,,,,,,,,,,,,,,,,,,,,,,,,,,,,,,,,,,"Office of the Executive Engineer, PWD (R&B) Kanchanpur Division, Kanchanpur North Tripura.",Kanchanpur north Tripura,16,State Government (Department/Autonomous body),Executive Engineer,,16,Govt of Tripura,North Tripura,,https://parivesh.nic.in/dms/okm/downloadDocument?docTypemappingId=40829&refId=50522718&refType=caf&uuid=daffe872-4fbb-41d8-8942-4bc3ba2726e6&version=1.0;https://parivesh.nic.in/dms/okm/downloadDocument?docTypemappingId=59061&refId=50522718&refType=FC&uuid=36aa8943-64a5-4113-b30c-2442db3613f6&version=1.0;https://parivesh.nic.in/dms/okm/downloadDocument?docTypemappingId=58989&refId=50522718&refType=FC&uuid=cce848a2-92a3-4be8-b3d7-6259bab3fe26&version=1.0,272730,https://parivesh.nic.in/newupgrade/#/report/ec?proposalId=50524108,375.0,255.0
51038553,Improvement of road from 45 Miles-Karkari road to Kalaibasti,New,FP/TR/ROAD/464775/2024,2024-03-02T08:10:35.748+00:00,,DELISTED_BY_SYSTEM,2.037,608.54,Public Works Department,,Forest clearance form,,,,Tripura Rural Economic Growth and Service Delivery Project(TRESP) under World Bank,TRIPURA,Teliamura,ATHARAMURA RESERVED FOREST,,,Plot no. 249 Katian no 3/26 and Plot no. 256 Khatian no 3/27,Linear,0.0,2.037,2.037,0.0,0.0,0.0,0.0,0.0,0,0,0,Not applicable as the project or activity is site specific,,NO,NO,NO,2024-05-02T18:30:00.000+00:00,,Degraded Forest Land,true,,,,,,,,,,,,,,,,,,,,,,,,,,,,,,,,,,,"O/o the Executive Engineer, Teliamura Division PWD(R&B).",,16,State Government (Department/Autonomous body),Executive Engineer,,16,,Khowai,Plot no. 249 Katian no 3/26 and Plot no. 256 Khatian no 3/27,https://parivesh.nic.in/dms/okm/downloadDocument?docTypemappingId=40829&refId=46112209&refType=caf&uuid=d8774e45-9217-4db1-b082-98608c7c87db&version=1.0;https://parivesh.nic.in/dms/okm/downloadDocument?docTypemappingId=58989&refId=46112209&refType=FC&uuid=0a195cb8-6395-4445-b6cf-7aa4dc1ecd45&version=1.0,271976,https://parivesh.nic.in/newupgrade/#/report/ec?proposalId=51038553,6300.0,3150.0
51051095,Improvement of road from 36 Miles NH-08 road to Ramnarayan Para.,New,FP/TR/ROAD/464824/2024,2024-03-02T12:09:58.130+00:00,,Pending on UA for Compensatory Levies Payment,1.567,474.41,Public Works Department,,Forest clearance form,,,,Tripura Rural Economic Growth and Service Delivery Project(TRESP) under World Bank,TRIPURA,Teliamura,LAKSHIMPUR,,,"5832,5882",Linear,0.099,1.468,1.567,0.0,0.0,0.0,0.0,0.0,0,0,0,Not applicable as the project or activity is site specific,,NO,NO,NO,2024-05-02T18:30:00.000+00:00,,Degraded Forest Land,true,,,,,,,,,,,,,,,,,,,,,,,,,,,,,,,,,,,"O/o the Executive Engineer, Teliamura Division PWD(R&B).",,16,State Government (Department/Autonomous body),Executive Engineer,,16,,Khowai,"5832,5882",https://parivesh.nic.in/dms/okm/downloadDocument?docTypemappingId=40829&refId=46086866&refType=caf&uuid=b8a8476d-fd13-4f2e-82b6-347cfdec9d5e&version=1.0;https://parivesh.nic.in/dms/okm/downloadDocument?docTypemappingId=58989&refId=46086866&refType=FC&uuid=9a15acf9-885e-4fdb-9876-eaa657acd898&version=1.0,271957,https://parivesh.nic.in/newupgrade/#/report/ec?proposalId=51051095,5760.0,2880.0
51060680,"""Diversion of forest land for the constriction of road from Kowaifung (Panjirai) to Karbook under Jolaibari R.D Block, South District of Tripura",New,FP/TR/ROAD/464857/2024,2024-03-03T07:42:52.420+00:00,,Pending at UA for Compliance Report,7.1463,4214.59,Public Works Department,,Forest clearance form,,,,"""Diversion of forest land for the constriction of road from Kowaifung (Panjirai) to Karbook under Jolaibari R.D Block, South District of Tripura",TRIPURA,Santirbazar,Baramura Debtamura Reserve Forest,,,,Linear,0.0238,7.1225,7.1463,0.0,0.0,0.0,0.0,0.0,0,0,0,Not applicable as the project or activity is site specific,,NO,NO,NO,2024-08-06T18:30:00.000+00:00,https://parivesh.nic.in/dms/okm/downloadDocument?docTypemappingId=59020&refId=51060679&refType=fc&uuid=9e96c2da-8903-43e0-8ded-46ea7099ec0e&version=1.0,Non-forest Land,true,,,,,,,,,,,,,,,,,,,,,,,,,,,,,,,,,,,"Office of the Executive Engineer, PWD(R&B), Santirbazar Division, Santir Bazar, South Tripura.",,16,State Government (Department/Autonomous body),Executive Engineer,,16,Govt. tripura,South Tripura,,https://parivesh.nic.in/dms/okm/downloadDocument?docTypemappingId=40829&refId=51060596&refType=caf&uuid=98d04454-2a4e-49ee-8ca3-d3c738118469&version=1.0;https://parivesh.nic.in/dms/okm/downloadDocument?docTypemappingId=59061&refId=51060596&refType=FC&uuid=a95498a8-162b-4887-b5bb-52aa07c9a2f4&version=1.0;https://parivesh.nic.in/dms/okm/downloadDocument?docTypemappingId=58989&refId=51060596&refType=FC&uuid=2cab3429-93b8-4594-9b3b-bb06e78e8c7b&version=1.0;https://parivesh.nic.in/dms/okm/downloadDocument?docTypemappingId=58989&refId=51060596&refType=FC&uuid=a7161bb8-194d-4c01-a10e-8c46f95cfb8b&version=1.0,272341,https://parivesh.nic.in/newupgrade/#/report/ec?proposalId=51060680,375.0,130.0
51365920,"“Diversion of 7.312 ha Forest Land for the Improvement/Strengthening of Road from Manu Chailengta VC Office to Humlaiha Para, Dharani Mohan Para via Naukbarai Para under World Bank aided Project TRESP” under Dist. FO North.",New,FP/TR/ROAD/465015/2024,2024-03-05T05:37:19.401+00:00,,Pending on UA for Compensatory Levies Payment,7.312,1880.0,Public Works Department,,Forest clearance form,,,,"“Diversion of Forest Land for the Improvement/Strengthening of Road from Manu Chailengta VC Office to Humlaiha Para, Dharani Mohan Para via Naukbarai Para under World Bank aided Project TRESP”.",TRIPURA,Kanchanpur,MANU CHNAILANTA RESERVED FORES,,,,Linear,0.0,7.312,7.312,0.0,0.0,0.0,0.0,0.0,0,0,0,Not applicable as the project or activity is site specific,,NO,NO,NO,2024-09-12T18:30:00.000+00:00,https://parivesh.nic.in/dms/okm/downloadDocument?docTypemappingId=59020&refId=51365918&refType=fc&uuid=959a4325-b15e-46df-85d4-0ca41595d1c4&version=1.0,Non-forest Land,true,,,,,,,,,,,,,,,,,,,,,,,,,,,,,,,,,,,"Office of the Executive Engineer, PWD (R&B) Kanchanpur Division, Kanchanpur North Tripura.",,16,State Government (Department/Autonomous body),Executive Engineer,,16,Govt of Tripura,North Tripura,,https://parivesh.nic.in/dms/okm/downloadDocument?docTypemappingId=40829&refId=51360402&refType=caf&uuid=62700b43-0fd7-42e6-9b37-cb69d5d23a5b&version=1.0;https://parivesh.nic.in/dms/okm/downloadDocument?docTypemappingId=59061&refId=51360402&refType=FC&uuid=d86a0875-1446-4d92-9d3a-8e280d08af54&version=1.0;https://parivesh.nic.in/dms/okm/downloadDocument?docTypemappingId=58989&refId=51360402&refType=FC&uuid=a9d27f5b-4550-42a5-9c77-381fc8a146d9&version=1.0,272716,https://parivesh.nic.in/newupgrade/#/report/ec?proposalId=51365920,375.0,255.0
51588475,“Diversion of Forest Land for the Improvement/Strengthening of Road from Bara Kangrai to Choto Kangrai Para under World Bank aided Project TRESP”.,New,FP/TR/ROAD/465040/2024,2024-03-05T07:45:05.166+00:00,,Pending on UA for Compensatory Levies Payment,1.972,622.75,Public Works Department,,Forest clearance form,,,,“Diversion of Forest Land for the Improvement/Strengthening of Road from Bara Kangrai to Choto Kangrai Para under World Bank aided Project TRESP”.,TRIPURA,Kanchanpur,SATNALA,,,0.019 0.000 0.062 0.050 0.154 0.009 0.034 0.028 0.017 0.045 0.047 0.085 0.073 0.040 0.183 0.015 0.161 0.001,Linear,0.0,1.972,1.972,0.0,0.0,0.0,0.0,0.0,0,0,0,Not applicable as the project or activity is site specific,,NO,NO,NO,2025-08-12T18:30:00.000+00:00,,Degraded Forest Land,true,,,,,,,,,,,,,,,,,,,,,,,,,,,,,,,,,,,"Office of the Executive Engineer, PWD (R&B) Kanchanpur Division, Kanchanpur North Tripura.",,16,State Government (Department/Autonomous body),Executive Engineer,,16,,North Tripura,0.019 0.000 0.062 0.050 0.154 0.009 0.034 0.028 0.017 0.045 0.047 0.085 0.073 0.040 0.183 0.015 0.161 0.001,https://parivesh.nic.in/dms/okm/downloadDocument?docTypemappingId=40829&refId=51585402&refType=caf&uuid=9d1c7837-64a5-42bf-8c18-352efeb2b32e&version=1.0;https://parivesh.nic.in/dms/okm/downloadDocument?docTypemappingId=58989&refId=51585402&refType=FC&uuid=9e0cd0e5-7f0b-409b-86b8-180dd16210f0&version=1.0,272717,https://parivesh.nic.in/newupgrade/#/report/ec?proposalId=51588475,135.0,135.0
51709244,Bricks Industries,New,SIA/TR/MIN/465276/2024,2024-03-07T07:19:37.058+00:00,,Under Verification,2.8502,10.0,CPC ENVIRONMENT SOLUTION PRIVATE LIMITED,,Environment clearance form,TOR,B2,Mining of minerals,"M/s Amarpur Bricks Industries, Block ID: UMT/GOMT/BR-15",TRIPURA,Amarpur,BAMPUR,,,,Non - Linear,2.8502,0.0,2.8502,0.0,0.0,0.0,0.0,0.0,0,0,0,Not applicable as the project or activity is site specific,,NO,NO,NO,2024-03-07T08:09:36.359+00:00,,,,,,,,,,,,,,,,,,,,,,,,,,,,,,,,,,,,,,,,,,,,,,Gomati,,https://parivesh.nic.in/dms/okm/downloadDocument?docTypemappingId=40829&refId=51708469&refType=caf&uuid=386b3919-1ab5-47c7-87cb-51072818be91&version=1.0,272164,https://parivesh.nic.in/newupgrade/#/report/ec?proposalId=51709244,1252.0,1252.0
57202606,"Field Development for setting up of Surface Facilities, Group Gathering Station (GGS), Development Drilling and Interconnecting pipeline between wells for Kathalchari Field Development, Block AA‐ONN‐2002/1, Tripura",Amendment,IA/TR/IND2/467767/2024,2024-03-29T12:35:13.606+00:00,2024-05-30T08:46:28.317+00:00,ToR Granted,5.443,27200.0,JUBILANT OIL AND GAS PVT LTD,,Application for Transfer of ToR - Form-8,OTHER,A,,"Field Development for setting up of Surface Facilities, Group Gathering Station (GGS), Development Drilling and Interconnecting pipeline between wells for Kathalchari Field Development, Block AA‐ONN‐2002/1 (Tripura) by JOGPL Private Limited",TRIPURA,Sabroom,Bagmara,IA-J-11011/447/2022-IA-II(I),,,Non - Linear,5.443,0.0,5.443,6.16,2.94,9.1,0.0,27200.0,0,0,0,Not applicable as the project or activity is site specific,,YES,NO,NO,2024-03-29T12:50:39.998+00:00,,,,,,,,,,,,,,,,,,,,,,,,,,,,,,,,,,,,,,,,,,,,,,South Tripura,,https://parivesh.nic.in/dms/okm/downloadDocument?docTypemappingId=40829&refId=1022803&refType=caf&uuid=a5b471da-e19f-4373-8d1f-6c83a0f4c2ba&version=1.2,,https://parivesh.nic.in/newupgrade/#/report/ec?proposalId=57202606,8200.0,0.0
58602374,Sand Block,New,SIA/TR/MIN/468312/2024,2024-04-04T04:37:48.671+00:00,,Under Verification,0.4444,10.0,CPC ENVIRONMENT SOLUTION PRIVATE LIMITED,,Application for EC for Mining of Minor Minerals of Mine Lease (0-5 HA) - Form-2,EC,B2,,"M/s Kiran Sand,  Block ID: UMT/DHA-010",TRIPURA,Ambassa,LALCHHARI,,,,Non - Linear,0.4444,0.0,0.4444,0.0,0.0,0.0,0.0,0.0,0,0,0,Not applicable as the project or activity is site specific,,NO,NO,NO,2024-04-04T04:48:59.289+00:00,,,,,,,,,,,,,,,,,,,,,,,,,,,,,,,,,,,,,,"House No 16, Kamakhya Nagar, Pandu, adabari, Tiniali, Jablukbari,Kamrup, Assam",,18,Private Limited,N/a,,18,,Dhalai,,https://parivesh.nic.in/dms/okm/downloadDocument?docTypemappingId=40829&refId=58602263&refType=caf&uuid=caddf167-a52c-4d9a-8261-55ef2ac91fbf&version=1.0,272493,https://parivesh.nic.in/newupgrade/#/report/ec?proposalId=58602374,1252.0,1252.0
60051436,"Exploratory Drilling for Hydrocarbons in Khubal PML of ONGC, North Tripura District",New,SIA/TR/IND2/469019/2024,2024-04-11T05:08:54.367+00:00,,Under Verification,1.736,3700.0,"ONGC, TRIPURA ASSET",,Environment clearance form,TOR,B2,"Off-shore and onshore oil and gas exploration,  development and production",Drilling Exploratory Location KHBV,TRIPURA,Panisagar,JALABASA,,,,Non - Linear,1.736,0.0,1.736,0.0,0.0,0.0,0.0,0.0,0,0,0,Not applicable as the project or activity is site specific,,NO,NO,NO,2024-04-11T06:53:33.128+00:00,,,,,,,,,,,,,,,,,,,,,,,,,,,,,,,,,,,,,,,,,,,,,,North Tripura,,https://parivesh.nic.in/dms/okm/downloadDocument?docTypemappingId=40829&refId=60050372&refType=caf&uuid=9a9a7d8d-c4ac-47d8-a21f-186baf3b3ee5&version=1.0,272652,https://parivesh.nic.in/newupgrade/#/report/ec?proposalId=60051436,105.0,65.0
60080242,"Exploratory drilling for Hydrocarbons in Khubal PML of ONGC, North Tripura District.",New,SIA/TR/IND2/469045/2024,2024-04-11T08:09:40.566+00:00,,Under Verification,2.752,4600.0,"ONGC, TRIPURA ASSET",,Environment clearance form,TOR,B2,"Off-shore and onshore oil and gas exploration,  development and production",Drilling Exploratory Location KHBW,TRIPURA,Panisagar,DAKSHIN PADMABIL,,,,Non - Linear,2.752,0.0,2.752,0.0,0.0,0.0,0.0,0.0,0,0,0,Not applicable as the project or activity is site specific,,NO,NO,NO,2024-04-11T08:59:28.843+00:00,,,,,,,,,,,,,,,,,,,,,,,,,,,,,,,,,,,,,,,,,,,,,,North Tripura,,https://parivesh.nic.in/dms/okm/downloadDocument?docTypemappingId=40829&refId=60068739&refType=caf&uuid=849a2e70-4f21-49af-96b9-39dea25f9c71&version=1.0,272653,https://parivesh.nic.in/newupgrade/#/report/ec?proposalId=60080242,105.0,65.0
61183381,"Proposal for diversion of additional forest land for widening/ improvement of Teliamura to Harina via Amarpur Section of NH-208 to 2-Laning with Paved Shoulders under Khowai, Gomati and South Tripura District.",New,FP/TR/ROAD/469448/2024,2024-04-16T08:21:42.617+00:00,,Pending at UA for Compliance Report,47.8902,58700.14,NHIDCL PMU UDAIPUR,,Forest clearance form,,,,"Proposal for Additional forest land for widening/improvement of Teliamura to Harina via Amarpur Section of NH-208 to 2-laning with Paved Shoulders under Khowai, Gomati and South Tripura District.",TRIPURA,Amarpur,Ampinagar,,,"620, 1715,1728,1789",Linear,13.32,34.5702,47.8902,0.0,0.0,0.0,0.0,0.0,0,0,0,Not applicable as the project or activity is site specific,,NO,NO,NO,2024-04-16T11:48:06.301+00:00,https://parivesh.nic.in/dms/okm/downloadDocument?docTypemappingId=59020&refId=61183380&refType=fc&uuid=5c98b282-a3df-4108-a225-e6029b53df55&version=1.0,Degraded Forest Land,true,,,,,,,,,,,,,,,,,,,,,,,,,,,,,,,,,,,Udaipur,Udaipur,16,Central Government (Department/Autonomous body),Dy. General Manager,Udaipur,16,,Gomati,"620, 1715,1728,1789",https://parivesh.nic.in/dms/okm/downloadDocument?docTypemappingId=40829&refId=60334709&refType=caf&uuid=d754a8bd-38c6-46a1-bce0-9f64c8736640&version=1.0;https://parivesh.nic.in/dms/okm/downloadDocument?docTypemappingId=58989&refId=60334709&refType=FC&uuid=35992b04-8431-450c-bbf8-96ba1df43d6c&version=1.5;https://parivesh.nic.in/dms/okm/downloadDocument?docTypemappingId=58989&refId=60334709&refType=FC&uuid=5c4b19f5-24ec-427e-95ec-d3b56fa10cc5&version=1.0;https://parivesh.nic.in/dms/okm/downloadDocument?docTypemappingId=58989&refId=60334709&refType=FC&uuid=3f333f61-9a3f-41ff-98c9-c7523d5a3778&version=1.4,272191,https://parivesh.nic.in/newupgrade/#/report/ec?proposalId=61183381,327190.0,100300.0
63282815,"“Diversion of 4.629 hectare of  Forest Land for the work of Improvement/ Strengthening of Roads from Dasda Anandabazar to Purnajoy Para 
 under World Bank aided Project TRESP.”",New,FP/TR/ROAD/470627/2024,2024-04-25T11:40:17.500+00:00,,Pending on UA for Compensatory Levies Payment,4.714,125.0,Public Works Department,,Forest clearance form,,,,“Diversion of 4.629 hectare of  Forest Land for the work of Improvement/ Strengthening of Roads from Dasda Anandabazar to Purnajoy Para   under World Bank aided Project TRESP.”,TRIPURA,Kanchanpur,GACHIRAMPARA,,,3188 314 311 310 309 308 307 203 204 90 89 564 563 3208 3207 3206 3203 3202 3199 3198 3197 3193 3192 3191 374 366 315 313 312 2587 2525 321 375,Linear,0.085,4.629,4.714,0.0,0.0,0.0,0.0,0.0,0,0,0,Not applicable as the project or activity is site specific,,NO,NO,NO,2025-08-02T18:30:00.000+00:00,,Degraded Forest Land,true,,,,,,,,,,,,,,,,,,,,,,,,,,,,,,,,,,,"Office of the Executive Engineer, PWD (R&B) Kanchanpur Division, Kanchanpur North Tripura.",,16,State Government (Department/Autonomous body),Executive Engineer,,16,,North Tripura,3188 314 311 310 309 308 307 203 204 90 89 564 563 3208 3207 3206 3203 3202 3199 3198 3197 3193 3192 3191 374 366 315 313 312 2587 2525 321 375,https://parivesh.nic.in/dms/okm/downloadDocument?docTypemappingId=40829&refId=63278902&refType=caf&uuid=4f19c315-f72b-426e-b4d8-641a6fe57956&version=1.0;https://parivesh.nic.in/dms/okm/downloadDocument?docTypemappingId=58989&refId=63278902&refType=FC&uuid=08839d15-139c-4ce5-9571-ce61ac41b90b&version=1.1,0,https://parivesh.nic.in/newupgrade/#/report/ec?proposalId=63282815,720.0,2280.0
63289176,"“Diversion of  Forest Land for the work of Improvement/ Strengthening of Roads from Saikhar to Khashithai para 
 under World Bank aided Project TRESP.”",New,FP/TR/ROAD/470647/2024,2024-04-25T13:03:32.671+00:00,,Pending at DFO/CF/Nodal Officer after acceptance in PSC-I,5.027,125.0,Public Works Department,,Forest clearance form,,,,“Diversion of  Forest Land for the work of Improvement/ Strengthening of Roads from Saikhar to Khashithai para   under World Bank aided Project TRESP.”,TRIPURA,Kanchanpur,TAIONGPARA,,,344 345 347 346 316 323 326 322 324 337 340 317 325 503 463 500 504 505 539 538 536 535 534 533 519 518 378 375 393 394 395 396 415 416 417,Linear,0.0,5.027,5.027,0.0,0.0,0.0,0.0,0.0,0,0,0,Not applicable as the project or activity is site specific,,NO,NO,NO,2024-04-26T12:01:20.354+00:00,https://parivesh.nic.in/dms/okm/downloadDocument?docTypemappingId=59020&refId=63289170&refType=fc&uuid=84a6f31c-9013-4eda-9b90-ff409f581f4b&version=1.0,Degraded Forest Land,true,,,,,,,,,,,,,,,,,,,,,,,,,,,,,,,,,,,"Office of the Executive Engineer, PWD (R&B) Kanchanpur Division, Kanchanpur North Tripura.",,16,State Government (Department/Autonomous body),Executive Engineer,,16,,North Tripura,344 345 347 346 316 323 326 322 324 337 340 317 325 503 463 500 504 505 539 538 536 535 534 533 519 518 378 375 393 394 395 396 415 416 417,https://parivesh.nic.in/dms/okm/downloadDocument?docTypemappingId=40829&refId=63287539&refType=caf&uuid=37232e79-fd56-4697-8228-0b7d1b36bd89&version=1.0;https://parivesh.nic.in/dms/okm/downloadDocument?docTypemappingId=58989&refId=63287539&refType=FC&uuid=b5909d0f-fc19-4bef-a151-7b3887bdb6e8&version=1.0;https://parivesh.nic.in/dms/okm/downloadDocument?docTypemappingId=58989&refId=63287539&refType=FC&uuid=bf68a27e-626a-460e-9186-d9499036e172&version=1.0,272721,https://parivesh.nic.in/newupgrade/#/report/ec?proposalId=63289176,720.0,720.0
64697184,Exploratory Drilling for HC Exploration in Tripura,New,SIA/TR/IND2/471192/2024,2024-05-01T07:23:06.747+00:00,,Under Verification,1.11,4400.0,"ONGC, TRIPURA ASSET",,Environment clearance form,TOR,B2,"Off-shore and onshore oil and gas exploration,  development and production",Drilling Exploratory Well ROKAA,TRIPURA,Bishalgarh,RADHANAGAR,,,,Non - Linear,1.11,0.0,1.11,0.0,0.0,0.0,0.0,0.0,0,0,0,Not applicable as the project or activity is site specific,,NO,NO,NO,2024-05-07T05:14:00.269+00:00,,,,,,,,,,,,,,,,,,,,,,,,,,,,,,,,,,,,,,,,,,,,,,Sipahijala,,https://parivesh.nic.in/dms/okm/downloadDocument?docTypemappingId=40829&refId=64693783&refType=caf&uuid=33f2081e-87a9-4b85-8b54-e812c4851a78&version=1.0,272049,https://parivesh.nic.in/newupgrade/#/report/ec?proposalId=64697184,105.0,65.0
65048200,Drilling Exploratory well for HC exploration,New,SIA/TR/IND2/471372/2024,2024-05-02T10:13:55.551+00:00,,Under Verification,1.873,4400.0,"ONGC, TRIPURA ASSET",,Environment clearance form,TOR,B2,"Off-shore and onshore oil and gas exploration,  development and production",Drilling Exploratory Well ROKAB,TRIPURA,Bishalgarh,RADHANAGAR,,,,Non - Linear,1.873,0.0,1.873,0.0,0.0,0.0,0.0,0.0,0,0,0,Not applicable as the project or activity is site specific,,NO,NO,NO,2024-05-07T06:02:13.082+00:00,,,,,,,,,,,,,,,,,,,,,,,,,,,,,,,,,,,,,,,,,,,,,,Sipahijala,,https://parivesh.nic.in/dms/okm/downloadDocument?docTypemappingId=40829&refId=65044275&refType=caf&uuid=ea0a9337-a9a6-43a6-af15-6700056c1f05&version=1.0,272049,https://parivesh.nic.in/newupgrade/#/report/ec?proposalId=65048200,105.0,65.0
65323479,Area-2.22 Acres(0.9006 Ha) & Capacity - 10758 Cum/year,New,SIA/TR/MIN/471513/2024,2024-05-03T08:42:54.500+00:00,,Under Verification,0.9006,10.0,pijush kanti majumder,,Application for EC for Mining of Minor Minerals of Mine Lease (0-5 HA) - Form-2,EC,B2,,"M/s Pijush Sand, Block ID- UMT/WT-17",TRIPURA,Sadar,SRINAGAR,,,,Non - Linear,0.9006,0.0,0.9006,0.0,0.0,0.0,0.0,0.0,0,0,0,NO,NA,NO,NO,NO,2024-05-03T09:02:33.549+00:00,,,,,,,,,,,,,,,,,,,,,,,,,,,,,,,,,,,,,,West Tripura,,16,Individual,propritor,,16,,West Tripura,,https://parivesh.nic.in/dms/okm/downloadDocument?docTypemappingId=40829&refId=65323306&refType=caf&uuid=128d75cd-2ce1-46b6-a492-6f4aec28f57a&version=1.0,272022,https://parivesh.nic.in/newupgrade/#/report/ec?proposalId=65323479,2505.0,2505.0
65374250,"Land Details for Proposal for Diversion of Forest Land for the work of Improvement/ Strengthening of Roads under World Bank aided Project TRESP

Diversion of 4.748 ha. of forest land for the construction of road from Bairagidukan Main Road to Bholanathpara.",New,FP/TR/ROAD/471705/2024,2024-05-04T08:06:29.197+00:00,,Pending at UA due to EDS by DFO,5.554,2500.0,Public Works Department,,Forest clearance form,,,,Diversion of 4.748 ha. of forest land for the construction of road from Bairagidukan main road to Bholanath para.,TRIPURA,Karbook,PURBA MANIKYADEWAN,,,993 901 139 137 136 135 133 1000 999 1009 1121 929 930 925 900 926 838 1080 1071 927 1131 1130 1136 957,Linear,0.806,4.748,5.554,0.0,0.0,0.0,0.0,0.0,0,0,0,Not applicable as the project or activity is site specific,,NO,NO,NO,2026-02-06T18:30:00.000+00:00,,Non-forest Land,true,,,,,,,,,,,,,,,,,,,,,,,,,,,,,,,,,,,"Office of the Executive Engineer,  PWD, Amarpur Division, Amarpur, Gomati Tripura",,16,State Government (Department/Autonomous body),Executive Engineer,,16,,Gomati,993 901 139 137 136 135 133 1000 999 1009 1121 929 930 925 900 926 838 1080 1071 927 1131 1130 1136 957,https://parivesh.nic.in/dms/okm/downloadDocument?docTypemappingId=40829&refId=65373491&refType=caf&uuid=986f8b76-d923-440f-b980-1c377282daea&version=1.0;https://parivesh.nic.in/dms/okm/downloadDocument?docTypemappingId=58989&refId=65373491&refType=FC&uuid=7d555454-aecf-4237-9ecf-b2a65a3d3520&version=1.0,272352,https://parivesh.nic.in/newupgrade/#/report/ec?proposalId=65374250,380.0,1815.0
65638708,“Diversion of 1.531 ha. Forest Land for the work of Improvement/Strengthening of Road from Tirthaham PHC to Karai Chara JB School Under World Bank aided Project TRESP.”,New,FP/TR/ROAD/471766/2024,2024-05-04T20:08:50.665+00:00,,Pending at UA due to EDS by DFO,1.565,550.0,Public Works Department,,Forest clearance form,,,,Diversion of 1.531 ha. of forest land for the construction of road from Tirthaham PHC to Karaicherra J.B School.,TRIPURA,Amarpur,Purba Kalajhari Reserve Forest,,,577 581 582 583 584 585 586 587 588 591 592 593 595 597 598 599 600 607 608 609 610 614 680 714 731 732 733 735 736 737 738,Linear,0.034,1.531,1.565,0.0,0.0,0.0,0.0,0.0,0,0,0,Not applicable as the project or activity is site specific,,NO,NO,NO,2026-02-06T18:30:00.000+00:00,,Degraded Forest Land,true,,,,,,,,,,,,,,,,,,,,,,,,,,,,,,,,,,,"Office of the Executive Engineer,  PWD, Amarpur Division, Amarpur, Gomati Tripura",,16,State Government (Department/Autonomous body),Executive Engineer,,16,,Gomati,577 581 582 583 584 585 586 587 588 591 592 593 595 597 598 599 600 607 608 609 610 614 680 714 731 732 733 735 736 737 738,https://parivesh.nic.in/dms/okm/downloadDocument?docTypemappingId=40829&refId=65638682&refType=caf&uuid=ee14507e-b973-4957-8744-851e64e1cac7&version=1.0;https://parivesh.nic.in/dms/okm/downloadDocument?docTypemappingId=58989&refId=65638682&refType=FC&uuid=7acfa31c-8403-4f13-baaa-f5db933257ab&version=1.0,272563,https://parivesh.nic.in/newupgrade/#/report/ec?proposalId=65638708,420.0,255.0
66226415,Improvement of road from 43 miles to Tripurabasti,New,FP/TR/ROAD/472007/2024,2024-05-07T08:30:31.591+00:00,,Pending on UA for Compensatory Levies Payment,1.352,413.37,Public Works Department,,Forest clearance form,,,,Tripura Rural Economic Growth and Service Delivery Project(TRESP) under World Bank,TRIPURA,Teliamura,ATHARAMURA RESERVED FOREST,,,"21, 22, 39, 40, 41, 42, 43, 56",Linear,0.0,1.352,1.352,0.0,0.0,0.0,0.0,0.0,0,0,0,Not applicable as the project or activity is site specific,,NO,NO,NO,2024-05-06T18:30:00.000+00:00,,Degraded Forest Land,true,,,,,,,,,,,,,,,,,,,,,,,,,,,,,,,,,,,"O/o the Executive Engineer, Teliamura Division PWD(R&B).",Teliamura,16,State Government (Department/Autonomous body),Executive Engineer,Teliamura,16,,Khowai,"21, 22, 39, 40, 41, 42, 43, 56",https://parivesh.nic.in/dms/okm/downloadDocument?docTypemappingId=40829&refId=46077143&refType=caf&uuid=33487c34-e0a1-44e9-a17e-cd4eeeeb43c6&version=1.0;https://parivesh.nic.in/dms/okm/downloadDocument?docTypemappingId=58989&refId=46077143&refType=FC&uuid=b08bbf65-daef-4fde-b3e8-4ad52d8c92e2&version=1.5,271976,https://parivesh.nic.in/newupgrade/#/report/ec?proposalId=66226415,5760.0,2880.0
68673024,"Area-1.66 acres (0.6741 Ha.) & Production- 8220Cum/Year
River Plot No-4820(P) & Stock Plot- 3888",New,SIA/TR/MIN/473149/2024,2024-05-16T11:02:55.415+00:00,,Under Verification,,,sudhir ghosh,,Application for EC for Mining of Minor Minerals of Mine Lease (0-5 HA) - Form-2,EC,B2,,"M/s Sudhir Sand(Prop.Sudhir Ghosh), Block ID-UMT/GMT-009, Sand Mining, udaipur Town, gomati, Tripura",TRIPURA,,,,,,,,,,,,,,,,,,,,,,,2024-05-16T11:17:47.612+00:00,,,,,,,,,,,,,,,,,,,,,,,,,,,,,,,,,,,,,,"Gomati, Tripura",,16,Individual,prpritor,,16,,,,https://parivesh.nic.in/dms/okm/downloadDocument?docTypemappingId=40829&refId=68391562&refType=caf&uuid=e0d973d7-c6f1-4c0e-ab21-2ae8ac2ea86a&version=1.3,,https://parivesh.nic.in/newupgrade/#/report/ec?proposalId=68673024,,
68765114,River bed Sand Mine,New,SIA/TR/MIN/473369/2024,2024-05-17T10:18:35.218+00:00,,Under Verification,0.3642,5.0,BISWAJIT DEBNATH,,Environment clearance form,TOR,B2,Mining of minerals,M/s MAA SAND,TRIPURA,Kamalpur,ABHANGA,,,,Linear,0.3642,0.0,0.3642,0.0,0.0,0.0,0.0,0.0,0,0,0,NO,sand mine,NO,NO,NO,2024-05-17T12:17:25.617+00:00,,,,,,,,,,,,,,,,,,,,,,,,,,,,,,,,,,,,,,,,,,,,,,Dhalai,,https://parivesh.nic.in/dms/okm/downloadDocument?docTypemappingId=40829&refId=68753824&refType=caf&uuid=a5eaa3ea-11fd-49db-ae06-b4a18e5a290b&version=1.2,272453,https://parivesh.nic.in/newupgrade/#/report/ec?proposalId=68765114,0.0,0.0
75298360,Onshore Oil & Gas Exploration Drilling & Testing at Location OSTA in OALP Block AA-ONHP-2018/5 in Mouja Kalsi Area under South Tripura District in the State of Tripura. One drilling location (Loc. OSTA) has been planned with target depth of 3500 m TVD.,New,SIA/TR/IND2/480253/2024,2024-06-10T09:10:02.910+00:00,,Proposal pulled back (withdrawn),11.392,2000.0,OIL INDIA LIMITED,ABC Techno Labs India Private Limited (formerly known as ABC Environ Solutions Pvt. Ltd.),Environment clearance form,TOR,B2,"Off-shore and onshore oil and gas exploration,  development and production",Proposed Onshore Oil & Gas Exploration Drilling & Testing at Location OSTA in OALP Block AA-ONHP-2018/5 in Mouja Kalsi Area under South Tripura District in the State of Tripura,TRIPURA,Santirbazar,ABHANGACHHARA,,,,Non - Linear,4.637,6.755,11.392,0.0,0.0,0.0,0.0,0.0,0,0,0,Not applicable as the project or activity is site specific,,NO,NO,NO,2024-06-17T08:09:39.508+00:00,,,,,,,,,,,,,,,,,,,,,,,,,,,,,,,,,,,,,,,,,,,,,,South Tripura,,https://parivesh.nic.in/dms/okm/downloadDocument?docTypemappingId=40829&refId=75296937&refType=caf&uuid=a0181afe-b2f8-4aea-969d-52b7300d6ba0&version=1.0,272338,https://parivesh.nic.in/newupgrade/#/report/ec?proposalId=75298360,9000.0,9000.0
77122911,DRILLING OF EXPLORATORY LOCATION (AA-ONO-184-BOA-B) IN OALP-III PEL BLOCK AA-ONHP-2018/4,New,SIA/TR/IND2/482236/2024,2024-06-18T12:01:22.450+00:00,,Under Verification,1.8,4300.0,"ONGC, TRIPURA ASSET",,Environment clearance form,TOR,B2,"Off-shore and onshore oil and gas exploration,  development and production",Drilling of Exploratory Location AA-ONO-184-BOA-B,TRIPURA,Udaipur,DAKSHIN CHANDRAPUR,,,,Non - Linear,1.8,0.0,1.8,0.0,0.0,0.0,0.0,0.0,0,0,0,Not applicable as the project or activity is site specific,,NO,NO,NO,2024-06-18T13:23:40.549+00:00,,,,,,,,,,,,,,,,,,,,,,,,,,,,,,,,,,,,,,,,,,,,,,Gomati,,https://parivesh.nic.in/dms/okm/downloadDocument?docTypemappingId=40829&refId=77121400&refType=caf&uuid=e5677707-fe10-4ff3-838e-a0768a05b7fc&version=1.0,272220,https://parivesh.nic.in/newupgrade/#/report/ec?proposalId=77122911,105.0,65.0
77436944,"Tripura Oil & Gas exploration block AA ONN 2002 1 NELP IV proposal for diversion of 7.757 ha. forest land for construction of Drill Site, waste pit, accommodation, TSR Camp and approach road at location called D2 under Dhalai and Khowai District.",New,FP/TR/MINOIL/482410/2024,2024-06-19T08:36:26.635+00:00,,Pending at PP due to EDS by DFO,7.757,14500.0,JUBILANT OIL AND GAS PVT LTD,,Forest clearance form,,,,"Tripura Oil & Gas exploration block AA ONN 2002 1 NELP IV proposal for diversion of 7.757 ha. forest land for construction of Drill Site, waste pit, accommodation, TSR Camp and approach road at location called D2 under Dhalai and Khowai District.",TRIPURA,Ambassa,Kulai,,,1,Hybrid,0.0,7.757,7.757,0.0,0.0,0.0,0.0,0.0,0,0,0,Not applicable as the project or activity is site specific,,NO,NO,NO,2024-08-15T18:30:00.000+00:00,https://parivesh.nic.in/dms/okm/downloadDocument?docTypemappingId=59020&refId=77436940&refType=fc&uuid=d8ca1b6e-b871-468c-a18a-30c1585adf76&version=1.0,Degraded Forest Land,true,,,,,,,,,,,,,,,,,,,,,,,,,,,,,,,,,,,"PLOT NO 15, KNOWLEDGE PARK II,GREATER NOIDA",,9,Joint Venture (Govt. + Pvt.),PROJECT MANAGER,,9,,Dhalai,1,https://parivesh.nic.in/dms/okm/downloadDocument?docTypemappingId=40829&refId=77436100&refType=caf&uuid=60acc170-a1e8-41ea-9656-412592763038&version=1.0;https://parivesh.nic.in/dms/okm/downloadDocument?docTypemappingId=58989&refId=77436100&refType=FC&uuid=53d0dd4e-6ae9-4416-9fdd-d8555b1d7fc2&version=1.0;https://parivesh.nic.in/dms/okm/downloadDocument?docTypemappingId=58989&refId=77436100&refType=FC&uuid=a402a731-345f-46e9-b09f-7e15f7e1e10c&version=1.0,272494,https://parivesh.nic.in/newupgrade/#/report/ec?proposalId=77436944,1350.0,300.0
78278290,"Conversion of 17 exploratory wells falling in 8 ML blocks to development wells in West Tripura, Sepahijala and Gomati districts, Tripura",Expansion,IA/TR/IND2/483533/2024,2024-06-24T13:25:07.612+00:00,,Proposal returned in present form,30.18,9137.0,OIL AND NATURAL GAS CORPORATION LIMITED,,Environment clearance form,TOR,A,"Off-shore and onshore oil and gas exploration,  development and production","Conversion of 17 exploratory wells falling in 8 ML blocks to development wells in West Tripura, Sepahijala and Gomati districts, Tripura",TRIPURA,Mohanpur,UTTAR PADMABIL,J-11011/109/2015-IA-II(I),,,Non - Linear,30.18,0.0,30.18,0.0,0.0,0.0,9137.0,0.0,0,0,0,NO,Not applicable as the project or activity is site specific,NO,NO,NO,2024-06-25T12:28:52.750+00:00,,,,,,,,,,,,,,,,,,,,,,,,,,,,,,,,,,,,,,,,,,,,,,West Tripura,,https://parivesh.nic.in/dms/okm/downloadDocument?docTypemappingId=40829&refId=78256740&refType=caf&uuid=0f188e01-7d09-40c8-a83a-866239bed093&version=1.0,271910,https://parivesh.nic.in/newupgrade/#/report/ec?proposalId=78278290,0.0,0.0
82418766,The location KHBT is an Exploratory Well. Purpose of Drilling is Exploration of Hydrocarbon / Natural Gas through Drilling and approach road leading to drill site.,New,FP/TR/MINOIL/486532/2024,2024-07-08T07:58:46.285+00:00,,Pending on UA for Levies Payment,2.5,2700.0,ONGC,,Forest clearance form,,,,Exploration of Hydrocarbon / Natural Gas through Drilling of Exploratory location KHBT,TRIPURA,Kanchanpur,JURI RESERVED FOREST,,,255/part,Non - Linear,0.0,2.5,2.5,0.0,0.0,0.0,0.0,0.0,0,0,0,Not applicable as the project or activity is site specific,,NO,NO,NO,2024-07-11T06:55:28.979+00:00,,Degraded Forest Land,true,,,,,,,,,,,,,,,,,,,,,,,,,,,,,,,,,,,"ONGC Tripura Asset
Badharghat, Agartala
Tripura ONGC Tripura Asset
Badharghat, Agartala
Tripura",West tripura,16,Others,"CGM(Logistics), I/C LAQ-RoU, ASM & Nodal Officer",Agartala Badharghat,16,,North Tripura,255/part,https://parivesh.nic.in/dms/okm/downloadDocument?docTypemappingId=40829&refId=82403069&refType=caf&uuid=dbf71b9a-d504-4dd0-83d4-9cf5d17bc52d&version=1.3;https://parivesh.nic.in/dms/okm/downloadDocument?docTypemappingId=58989&refId=82403069&refType=FC&uuid=b053d200-4b7d-4e4b-8fc3-66f7160b9f9f&version=1.0,272657,https://parivesh.nic.in/newupgrade/#/report/ec?proposalId=82418766,30.0,20.0
84780054,"Area-3.00 Acre(1.2145 Ha.), Production-3936 Cum",New,SIA/TR/MIN/488117/2024,2024-07-16T08:25:52.386+00:00,,Under Verification,1.2145,10.0,rabi mohan tripura,,Application for EC for Mining of Minor Minerals of Mine Lease (0-5 HA) - Form-2,EC,B2,,"M/s Dhalai Bricks Company, Plot No.1941,Area-3.00 Acre(1.2145 Ha.), Village-Pancharatan, Block-Dumbur Nagar R.D,  Dist-Dhalai, Tripura",TRIPURA,Gandacherra,BULONGBASA,,,,Non - Linear,1.2145,0.0,1.2145,0.0,0.0,0.0,0.0,0.0,0,0,0,NO,NA,NO,NO,NO,2024-07-16T09:07:00.472+00:00,,,,,,,,,,,,,,,,,,,,,,,,,,,,,,,,,,,,,,"Sarma, Gabdacherra",,16,Individual,Partner,,16,,Dhalai,,https://parivesh.nic.in/dms/okm/downloadDocument?docTypemappingId=40829&refId=84779013&refType=caf&uuid=82c484ef-3de8-456d-8d3d-809fb4af91e9&version=1.0,272550,https://parivesh.nic.in/newupgrade/#/report/ec?proposalId=84780054,0.0,5000.0
84800276,DRILLING EXPLORATORY LOCATION KUAR,New,SIA/TR/IND2/488175/2024,2024-07-16T10:39:47.966+00:00,,Under Verification,2.2986,3500.0,"ONGC, TRIPURA ASSET",,Environment clearance form,TOR,B2,"Off-shore and onshore oil and gas exploration,  development and production",Drilling Exploratory Location KUAR,TRIPURA,Mohanpur,GANDHIGRAM,,,,Non - Linear,2.2986,0.0,2.2986,0.0,0.0,0.0,0.0,0.0,0,0,0,Not applicable as the project or activity is site specific,,NO,NO,NO,2024-07-16T11:19:37.539+00:00,,,,,,,,,,,,,,,,,,,,,,,,,,,,,,,,,,,,,,,,,,,,,,West Tripura,,https://parivesh.nic.in/dms/okm/downloadDocument?docTypemappingId=40829&refId=84796078&refType=caf&uuid=e294f7db-35b0-4307-b405-c737d594573c&version=1.0,271866,https://parivesh.nic.in/newupgrade/#/report/ec?proposalId=84800276,105.0,65.0
84806041,"AREA-2.08 ACRES (0.8455 Ha),PRODUCTION CAPACITY-10864.5 CUM/YEAR",New,SIA/TR/MIN/488192/2024,2024-07-16T11:17:05.814+00:00,,Under Verification,0.8455,10.0,KAJAL PAL,,Application for EC for Mining of Minor Minerals of Mine Lease (0-5 HA) - Form-2,EC,B2,,"DALAK SAND BLOCK,PLOT-1(P),AREA-2.08 ACRES(0.8455 Ha.),GOMATI,TRIPURA",TRIPURA,Amarpur,PASCHIM MALBASA,,,"",Linear,0.8455,0.0,0.8455,0.0,0.0,0.0,0.0,0.0,0,0,0,NO,NA,NO,NO,NO,2024-07-16T12:32:23.125+00:00,,,,,,,,,,,,,,,,,,,,,,,,,,,,,,,,,,,,,,"VILLAGE-BAZAR PARA,MOUJA DALAK,PASCHIM DALAK,SOUTH TRIPURA,TRIPURA",,16,Individual,PROPRIETOR,,16,,Gomati,"",https://parivesh.nic.in/dms/okm/downloadDocument?docTypemappingId=40829&refId=84802419&refType=caf&uuid=a4225611-1beb-4ca0-bd59-0114bb806442&version=1.0,272169,https://parivesh.nic.in/newupgrade/#/report/ec?proposalId=84806041,0.0,1500.0
85074786,"AREA- 3.82 ACRES(1.5490 Ha)
CAPACITY-19956 CUM/YEAR",New,SIA/TR/MIN/488280/2024,2024-07-17T06:19:53.829+00:00,,Under Verification,1.549,10.0,SANJOY MANIK TRIPURA,,Application for EC for Mining of Minor Minerals of Mine Lease (0-5 HA) - Form-2,EC,B2,,"UTTAR EKCHHARI SAND BLOCK,MOUZA-UTTAR EKCHHARI,VILLAGE-SANTINAGAR,BLOCK:KARBOOK R.D,DIST:GOMATI TRIPURA,AREA-3.82 ACRES(1.5490 HA.)RIVER PLOT NO.-1026(P),STOCK PLOT:1003",TRIPURA,Karbook,Uttar Ekchhari,,,,Linear,1.549,0.0,1.549,0.0,0.0,0.0,0.0,0.0,0,0,0,NO,NA,NO,NO,NO,2024-07-17T06:58:29.245+00:00,,,,,,,,,,,,,,,,,,,,,,,,,,,,,,,,,,,,,,"S/O LT. BISWA MANIK TRIPURA,PRABIN PARA,EAST KARBOOK,PURBA KARBOOK,SOUTH TRIPURA,TRIPURA 799104",,16,Individual,PROPRIETOR,,16,,Gomati,,https://parivesh.nic.in/dms/okm/downloadDocument?docTypemappingId=40829&refId=85072591&refType=caf&uuid=b1fdfc64-d36d-48f0-82ca-e21a627cb879&version=1.0,272346,https://parivesh.nic.in/newupgrade/#/report/ec?proposalId=85074786,0.0,600.0
85077041,Drilling of Exploratory Location ROMAA,New,SIA/TR/IND2/488287/2024,2024-07-17T06:48:04.425+00:00,,Under Verification,1.974,3600.0,"ONGC, TRIPURA ASSET",,Environment clearance form,TOR,B2,"Off-shore and onshore oil and gas exploration,  development and production",Drilling Exploratory Location ROMAA,TRIPURA,Bishalgarh,GAJARIA,,,,Non - Linear,1.974,0.0,1.974,0.0,0.0,0.0,0.0,0.0,0,0,0,Not applicable as the project or activity is site specific,,NO,NO,NO,2024-07-17T10:07:08.914+00:00,,,,,,,,,,,,,,,,,,,,,,,,,,,,,,,,,,,,,,,,,,,,,,Sipahijala,,https://parivesh.nic.in/dms/okm/downloadDocument?docTypemappingId=40829&refId=84808463&refType=caf&uuid=f3b50ac0-bcd0-488a-9671-5c40b4801663&version=1.1,272065,https://parivesh.nic.in/newupgrade/#/report/ec?proposalId=85077041,105.0,65.0
86498382,"AREA- 1.97 ACRES(0.7993 Ha)
CAPACITY-10116 CUM/YEAR",New,SIA/TR/MIN/489104/2024,2024-07-22T05:48:40.959+00:00,,Under Verification,0.7993,10.0,AYUB ALI,,Application for EC for Mining of Minor Minerals of Mine Lease (0-5 HA) - Form-2,EC,B2,,"TOWN KAILASHAHAR SAND BLOCK,RIVER PLOT NO.-8362(P),AREA-1.97 ACRES(0.7993 Ha),VILLAGE-SUNAMARA,BLOCK-GOURNAGAR R.D ,DIST. UNAKOTI",TRIPURA,Kailashahar,KAILASHAHAR,,,,Linear,0.7993,0.0,0.7993,0.0,0.0,0.0,0.0,0.0,0,0,0,NO,NA,NO,NO,NO,2024-07-22T06:37:22.538+00:00,,,,,,,,,,,,,,,,,,,,,,,,,,,,,,,,,,,,,,"S/O KUTUB ALI,HOUSE NO. 136,WARD NO. 10, P.O.-KAILASHAHAR, VILLAGE-GOBINDAPUR,KAILASHAHAR,UNAKOTI,KAILASHAHAR,TRIPURA,799277",,16,Individual,PROPRIETOR,,16,,Unokoti,,https://parivesh.nic.in/dms/okm/downloadDocument?docTypemappingId=40829&refId=86496667&refType=caf&uuid=4440c770-4b1b-4ea3-b9df-5245402ff5ea&version=1.0,801533,https://parivesh.nic.in/newupgrade/#/report/ec?proposalId=86498382,0.0,502.0
86519426,"AREA- 1.49 ACRES (0.6044 Ha)
CAPACITY-6723 CUM/YEAR",New,SIA/TR/MIN/489192/2024,2024-07-22T08:36:54.634+00:00,,Under Verification,0.6044,10.0,MOHAMAD ACHAB ALI,,Application for EC for Mining of Minor Minerals of Mine Lease (0-5 HA) - Form-2,EC,B2,,"JALAI SAND BLOCK ,RIVER PLOT NO. 966 (P),AREA-1.49 ACRES (0.6044 Ha), MOUZA-JALALI , VILLAGE- JALALI,BLOCK- GOUR NAGAR R.D,DIST. UNOKOTI, TRIPURA",TRIPURA,Kailashahar,SONAMUKHI,,,,Linear,0.6044,0.0,0.6044,0.0,0.0,0.0,0.0,0.0,0,0,0,NO,NA,NO,NO,NO,2024-07-22T09:01:38.519+00:00,,,,,,,,,,,,,,,,,,,,,,,,,,,,,,,,,,,,,,"VILLAGE - JALAI , P.S.- KAILASHAHAR , SUB DIVISION- KAILASHAHAR,DIST. UNAKOTI, TRIPURA 799278",JALAI,16,Individual,PROPREITOR,,16,,Unokoti,,https://parivesh.nic.in/dms/okm/downloadDocument?docTypemappingId=40829&refId=86513452&refType=caf&uuid=62ad6873-edf2-493c-8158-941404e7b5c1&version=1.0,272609,https://parivesh.nic.in/newupgrade/#/report/ec?proposalId=86519426,0.0,502.0
90672552,"Gakulpur Sand mine, Applicant- Harun Miah",New,SIA/TR/MIN/491268/2024,2024-08-05T08:52:07.487+00:00,,Under Examination,0.198,5.0,SAFAR ALI,,Environment clearance form,TOR,B1,Mining of minerals,Gakulpur Sand Mine,TRIPURA,Jirania,RAMCHANDRANAGAR,,,,Linear,0.198,0.0,0.198,0.0,0.0,0.0,0.0,0.0,0,0,0,NO,Sand mine,NO,NO,NO,2024-08-05T10:21:57.898+00:00,,,,,,,,,,,,,,,,,,,,,,,,,,,,,,,,,,,,,,,,,,,,,,West Tripura,,https://parivesh.nic.in/dms/okm/downloadDocument?docTypemappingId=40829&refId=90669834&refType=caf&uuid=6a90a51c-2ac9-4354-ad16-819ae46ea66c&version=1.0,271983,https://parivesh.nic.in/newupgrade/#/report/ec?proposalId=90672552,0.0,2400.0
90690574,"Uttam Kumar day has obtained Sand mine lease by the Govt of Tripura, area-0.20 acre/ 0.809 Ha",New,SIA/TR/MIN/491300/2024,2024-08-05T11:23:09.641+00:00,,Under Verification,0.0809,5.0,SAFAR ALI,,Environment clearance form,TOR,B2,Mining of minerals,Barabhaiya sand mine,TRIPURA,Bishalgarh,AMTALI,,,,Linear,0.0809,0.0,0.0809,0.0,0.0,0.0,0.0,0.0,0,0,0,NO,sand mine,NO,NO,NO,2024-08-05T12:20:04.264+00:00,,,,,,,,,,,,,,,,,,,,,,,,,,,,,,,,,,,,,,,,,,,,,,Sipahijala,,https://parivesh.nic.in/dms/okm/downloadDocument?docTypemappingId=40829&refId=90688790&refType=caf&uuid=4f7129f8-4f2f-44d1-b854-b13403fe9ea8&version=1.0,272075,https://parivesh.nic.in/newupgrade/#/report/ec?proposalId=90690574,0.0,2400.0
92765684,"Existing 2 Nos. Induction Furnace with 10MT & 7MT capacity along with CCM (Continuous Casting Machine) with production capacity of M.S Billets -30000TPA & Re-Rolling Mill, Production of M.S.Road (TMT)-25000 TPA, M.S.Flat & Square-5000 TPA by M/S Tripura Ispat at Bodhjungnagar Industrial Growth Center, Po-R.K Nagar,Agartala, Tripura (West), Pin-799008. Tripura",New,SIA/TR/IND1/492551/2024,2024-08-12T12:53:40.633+00:00,,Under Examination,2.02,3202.0,VISHAL SOLANKI,,Environment clearance form,TOR,B1,Metallurgical Industries (ferrous and non ferrous),Tripura Ispat,TRIPURA,Jirania,RAMCHANDRANAGAR,,,,Linear,2.02,0.0,2.02,0.0,0.0,0.0,0.0,0.0,0,0,0,NO,Existing Project,NO,NO,NO,2024-08-13T08:54:22.443+00:00,,,,,,,,,,,,,,,,,,,,,,,,,,,,,,,,,,,,,,,,,,,,,,West Tripura,,https://parivesh.nic.in/dms/okm/downloadDocument?docTypemappingId=40829&refId=92762132&refType=caf&uuid=cd059d80-59d4-4467-a8c8-daf53839323e&version=1.0,271983,https://parivesh.nic.in/newupgrade/#/report/ec?proposalId=92765684,0.0,37500.0
99762889,"Ministry of Road Transport and Highways (MORT&H), Government of India has decided to take up the
development, maintenance and management of various National Highway stretches/Corridors as the
intensity of traffic has increased or is likely to increase significantly .",New,FP/TR/ROAD/495417/2024,2024-09-04T16:22:51.543+00:00,,Pending at DFO due to EDS by Nodal Officer,34.05,1.131,national highways & infrastructure development corporation limited,,Forest clearance form,,,,Proposal for diversion of forest land for Upgradation/improvement of Mungiakami- Champaknagar Section of NH-08 to 4-Laning with Paved Shoulders under Khowai & West Tripura District in the state of Tripura,TRIPURA,Teliamura,RAMKRISHNAPUR,,,"424,440,484,485,482",Linear,34.05,0.0,34.05,49.821,86.706,136.527,0.0,113100.0,0,0,0,Not applicable as the project or activity is site specific,,NO,NO,NO,2024-09-04T20:36:50.238+00:00,https://parivesh.nic.in/dms/okm/downloadDocument?docTypemappingId=59020&refId=99762888&refType=fc&uuid=d563ce22-d6a7-42cb-87f9-f422739600b6&version=1.0,Degraded Forest Land,true,,,,,,,,,,,,,,,,,,,,,,,,,,,,,,,,,,,PMU KHOWAI,,16,"Central PSU (eg. NHAI, AAI, NTP, CIL, SAIL)",GENERAL MANAGER PROJECT,,16,,Khowai,"424,440,484,485,482",https://parivesh.nic.in/dms/okm/downloadDocument?docTypemappingId=40829&refId=99762037&refType=caf&uuid=086ed724-3395-4fc0-9805-49580e5db165&version=1.0;https://parivesh.nic.in/dms/okm/downloadDocument?docTypemappingId=58989&refId=99762037&refType=FC&uuid=fb66e16e-fa6f-4d45-a4dd-4ed91b308e6c&version=1.0;https://parivesh.nic.in/dms/okm/downloadDocument?docTypemappingId=58989&refId=99762037&refType=FC&uuid=6229da36-407f-441d-9b21-7bc0cade4796&version=1.0,271974,https://parivesh.nic.in/newupgrade/#/report/ec?proposalId=99762889,225000.0,0.0
100067521,"Proposed 120 MW Combined Cyle Gas Turbine Power plant in an area of 4.5 Ha. at Rokhia, village Manikyanagar, district Sepahijala, Tripura - 799102",New,IA/TR/THE/495581/2024,2024-09-05T17:47:48.803+00:00,2024-12-07T09:10:48.415+00:00,EC Granted,4.5,84536.0,TRIPURA STATE ELECTRICITY CORPORATION LIMITED,,Environment clearance form,EC,A,,"Environmental Clearance of Proposed 120 MW CCGT Power Plant in an Area of 4.5 Ha. At Village Manikyanagar (Rokhia), District Sepahijala, Tripura – 799102.",TRIPURA,Sonamura,BHELUARCHAR,J-13012/13/2019-IA.I(T),,2581,Hybrid,3.76,0.74,4.5,0.0,0.0,0.0,0.0,0.0,0,0,0,Not applicable as the project or activity is site specific,,NO,YES,NO,2024-10-02T05:38:40.821+00:00,,,,,,,,,,,,,,,,,,,,,,,,,,,,,,,,,,,,,,,,,,,,,,Sipahijala,2581,https://parivesh.nic.in/dms/okm/downloadDocument?docTypemappingId=40829&refId=97850664&refType=caf&uuid=78adebe8-5e1f-4b52-858b-47cfeff1034d&version=1.0,272084,https://parivesh.nic.in/newupgrade/#/report/ec?proposalId=100067521,138700.0,35770.0
100346740,Drilling of Exploratory location SNAA,New,SIA/TR/IND2/495682/2024,2024-09-06T10:47:50.879+00:00,,Under Verification,1.97,3600.0,"ONGC, TRIPURA ASSET",,Environment clearance form,TOR,B2,"Off-shore and onshore oil and gas exploration,  development and production",Drilling of Exploratory Location SNAA,TRIPURA,Sonamura,ARALIA,,,,Non - Linear,1.97,0.0,1.97,0.0,0.0,0.0,0.0,0.0,0,0,0,Not applicable as the project or activity is site specific,,NO,NO,NO,2024-09-06T12:10:24.503+00:00,,,,,,,,,,,,,,,,,,,,,,,,,,,,,,,,,,,,,,,,,,,,,,Sipahijala,,https://parivesh.nic.in/dms/okm/downloadDocument?docTypemappingId=40829&refId=100328204&refType=caf&uuid=c70e4bb8-095b-4e8b-a142-770aeb581e6f&version=1.0,272109,https://parivesh.nic.in/newupgrade/#/report/ec?proposalId=100346740,105.0,65.0
104893135,"AREA-0.72 ACRES
CAPACITY-676.5 CUM",New,SIA/TR/MIN/497845/2024,2024-09-23T06:31:49.207+00:00,,Under Verification,0.2914,10.0,SHANKARI SAHA DHAR,,Application for EC for Mining of Minor Minerals of Mine Lease (0-5 HA) - Form-2,EC,B2,,"M/S DUMBUR NAGAR BRICKS INDUSTRIES, BRICK EARTH MINING, PLOT NO.978(P),978/3035(P), AREA-0.72 ACRES (0.2914 HA), MOUZA-SARMA, VILLA- NARAYANPUR, BLOCK-GANDACHARRA R.D., DIST DHALAI, TRIPURA",TRIPURA,Gandacherra,SARMA,,,"978(P),378/3035(P)",Linear,0.2914,0.0,0.2914,0.0,0.0,0.0,0.0,0.0,0,0,0,NO,na,NO,NO,NO,2024-09-23T07:40:18.520+00:00,,,,,,,,,,,,,,,,,,,,,,,,,,,,,,,,,,,,,,"W/O BIKRAM SAHA,WARD-3,60 CARD I.C.D.S, VILL- 60 CARD, P.O.- SARNA,MOUZA-WEST GANDACHARA,GANDA CHARA , DHALAI , TRIPURA-799284",,16,Individual,PROPRIETOR,,16,,Dhalai,"978(P),378/3035(P)",https://parivesh.nic.in/dms/okm/downloadDocument?docTypemappingId=40829&refId=104890612&refType=caf&uuid=f0d2e653-5592-4d4f-ab2d-4281844ef96d&version=1.0,272551,https://parivesh.nic.in/newupgrade/#/report/ec?proposalId=104893135,0.0,5000.0
107592943,"Production capacity- 10296 Cu. Meter
Lease area- 0.8071 Hect.
Plot no. -4609 (P)",New,SIA/TR/MIN/499361/2024,2024-10-02T11:52:17.990+00:00,,Under Verification,0.8071,10.0,bappa palit,,Application for EC for Mining of Minor Minerals of Mine Lease (0-5 HA) - Form-2,EC,B2,,M/s Bappa Palit Sand,TRIPURA,Kumarghat,KUMARGHAT,,,,Non - Linear,0.8071,0.0,0.8071,0.0,0.0,0.0,0.0,0.0,0,0,0,NO,NA,NO,NO,NO,2024-10-02T12:42:13.836+00:00,,,,,,,,,,,,,,,,,,,,,,,,,,,,,,,,,,,,,,"Village & P.O.- Saidarpur, Ps- Kumarghat, District - Unakoti, (Tripura)",saidarpar,16,Trust/NGO/Partnership,Propreiter,saidarbar,16,,Unokoti,,https://parivesh.nic.in/dms/okm/downloadDocument?docTypemappingId=40829&refId=107592098&refType=caf&uuid=3c093065-c463-41ce-971d-a8a47a6b007d&version=1.0,801535,https://parivesh.nic.in/newupgrade/#/report/ec?proposalId=107592943,2507.0,2507.0
107906110,"The applicant Mounab Bhattacharjee of M/s-Mounab Sand has obtained sand mining lease over an area of 1.06 Acres/0.4289 Ha. on Mounab River at Village-Durgapur, P.S-Kailashahar, Mouza-Birchandranagar, District- Unakoti, Tripura over River Plot No: 309(P), Nearest Stock-295",New,SIA/TR/MIN/499511/2024,2024-10-03T13:57:08.925+00:00,,Under Verification,0.4289,10.0,mounab bhattacharjee,,Environment clearance form,TOR,B2,Mining of minerals,Birchandranagar Sand Block Mine,TRIPURA,Kailashahar,Chhantail,,,,Non - Linear,0.4289,0.0,0.4289,0.0,0.0,0.0,0.0,0.0,0,0,0,Not applicable as the project or activity is site specific,,NO,NO,NO,2024-10-04T12:37:10.754+00:00,,,,,,,,,,,,,,,,,,,,,,,,,,,,,,,,,,,,,,,,,,,,,,Unokoti,,https://parivesh.nic.in/dms/okm/downloadDocument?docTypemappingId=40829&refId=107905280&refType=caf&uuid=0aeafc6f-0ecf-4f08-926a-c103b50dc842&version=1.0,272592,https://parivesh.nic.in/newupgrade/#/report/ec?proposalId=107906110,0.0,2161.0
109352987,The Location AA-ONO-212-KPA-A is an Exploratory Location. Purpose of Drilling is Exploration of Hydrocarbon / Natural Gas through Drilling and Approach Road only.,New,FP/TR/MINOIL/500265/2024,2024-10-08T11:21:23.513+00:00,,REMOVED,3.3853,3200.0,ONGC,,Forest clearance form,,,,Exploration of Hydrocarbon / Natural Gas through Drilling and Approach Road of location AA-ONO-212-KPA-A,TRIPURA,Kanchanpur,RAMPRASAIPARA,,,"52, 53, 62, 66, 67, 186,156 163,  167, 165, 162,",Non - Linear,0.0,3.3853,3.3853,0.0,0.0,0.0,0.0,0.0,0,0,0,Not applicable as the project or activity is site specific,,NO,NO,NO,2024-10-08T13:20:07.541+00:00,,Degraded Forest Land,true,,,,,,,,,,,,,,,,,,,,,,,,,,,,,,,,,,,"ONGC Tripura Asset
Badharghat, Agartala
Tripura ONGC Tripura Asset
Badharghat, Agartala
Tripura",West tripura,16,Others,"CGM(L) I/C LOGISTICS, ASM & NODAL OFFICER ONGC,",Badharghat Agartala,16,,North Tripura,"52, 53, 62, 66, 67, 186,156 163,  167, 165, 162,",https://parivesh.nic.in/dms/okm/downloadDocument?docTypemappingId=40829&refId=109330693&refType=caf&uuid=8cca7b5e-0375-4c2a-b798-e4dd321b8d62&version=1.0,272725,https://parivesh.nic.in/newupgrade/#/report/ec?proposalId=109352987,30.0,20.0
109423546,"The Executive Engineer (PMGSY), Ambassa Division, PWD (PMGSY), Govt. of Tripura initiated the Construction of a proposed road on which the Detailed Project Report (DPR) “Up gradation of road from Chawmanu Road Block to NH-08 via Baba Longtorai road (Package No. TR-04-01P3) (Length- 12.877 Km) (Route No- T22) under Ambassa Block.“ had been prepared and accordingly  was sanctioned during the financial  year 2023-24 under PMGSY-III vide sanction memo no. F.7(11A)/TR/PMGSY/2009/3656-60 dated-14-08-2023. The road falls within the reserve forest partly Longtorai Valley (LTV) and Ambassa Sub Division under Dhalai Tripura. The road construction is vital and important for which forest land diversion for quantum of 7.780 hectare of land is required considering the gravity of the road and accordingly the forest land diversion is being initiated as per the Forest (Conservation) Act. 1980.",New,FP/TR/ROAD/500416/2024,2024-10-09T10:18:59.338+00:00,,REMOVED,10.598,1080.61,POROM ENGINEERING AND RESEARCH (OPC) PRIVATE LIMITED,,Forest clearance form,,,,Up gradation of road from Chawmanu Road Block to NH-08 via Baba Longtorai Road (Package No:- TR-04-01P3) (Length-12.877 Km) (Route No:- T22) under Ambassa Block.,TRIPURA,Ambassa,GURUDHANPARA,,,39/P to 48/P,Linear,2.818,7.78,10.598,0.0,0.0,0.0,0.0,0.0,0,0,0,Not applicable as the project or activity is site specific,,NO,NO,NO,2024-10-09T12:09:40.967+00:00,,,false,,,,,,,,,,,,,,,,,,,,,,,,,,,,,,,,,,,"DHALESWAR ROAD NO. 15,
P.O:- DHALESWAR,
AGARTALA",,16,Private Limited,DIRECTOR,,16,,Dhalai,39/P to 48/P,https://parivesh.nic.in/dms/okm/downloadDocument?docTypemappingId=40829&refId=109029843&refType=caf&uuid=8de036c6-8bbc-46df-85ea-75859a6bff3c&version=1.0;https://parivesh.nic.in/dms/okm/downloadDocument?docTypemappingId=58989&refId=109029843&refType=FC&uuid=ced6e2bf-8c25-40b6-b946-1847b5312c4b&version=1.0,272502,https://parivesh.nic.in/newupgrade/#/report/ec?proposalId=109423546,36500.0,22300.0
109821602,"Production Capacity- 4941 TPA
Area- 0.4048 Hect.",New,SIA/TR/MIN/501540/2024,2024-10-17T11:01:05.002+00:00,,Under Verification,0.4048,10.0,Shri Basudeb Das,,Application for EC for Mining of Minor Minerals of Mine Lease (0-5 HA) - Form-2,EC,B2,,"Shri Basudeb Das, Environment clearance of Kalabaria Sand mining, Plot No.- 8767 (P), nearest plot - 8701 (P), 8702(P)",TRIPURA,Belonia,RATANPUR,,,,Non - Linear,0.4048,0.0,0.4048,0.0,0.0,0.0,0.0,0.0,0,0,0,NO,NA,NO,NO,NO,2024-10-17T11:29:23.765+00:00,,,,,,,,,,,,,,,,,,,,,,,,,,,,,,,,,,,,,,"Village - Kalabaria, P.S.- Belonia, P.O.- Kalabaria, District- South Tripura, Tripura",Kalabaria,16,Individual,Owner,Kalabaria,16,,South Tripura,,https://parivesh.nic.in/dms/okm/downloadDocument?docTypemappingId=40829&refId=109821403&refType=caf&uuid=47572864-b5e9-4bc9-8863-fd7efe41c8fa&version=1.0,272288,https://parivesh.nic.in/newupgrade/#/report/ec?proposalId=109821602,2005.0,2005.0
109889652,"Production Capacity- 9024 TPA
Area- 0.7043 Hect. 
Plot No.- 439 (P)",New,SIA/TR/MIN/501774/2024,2024-10-18T10:45:24.740+00:00,,Under Verification,0.7043,10.0,Smt. Amena Khatun,,Application for EC for Mining of Minor Minerals of Mine Lease (0-5 HA) - Form-2,EC,B2,,"M/s Ishan Enterprise Sand, Sand Mining project, Plot No. - 439(P), Stock Plot- 451, 454, 455, 459, 460, Area- 0.7043 Hect.",TRIPURA,Sonamura,NABADWIP CHANDRAN NAGARR,,,,Non - Linear,0.7043,0.0,0.7043,0.0,0.0,0.0,0.0,0.0,0,0,0,NO,NA,NO,NO,NO,2024-10-18T11:11:54.912+00:00,,,,,,,,,,,,,,,,,,,,,,,,,,,,,,,,,,,,,,"Village & P.O. -Rabindranagar,  P.S.- Sonamura, District- Sepahijala, Tripura",Rabindranagar,16,Trust/NGO/Partnership,Proprieter,Rabindranagar,16,,Sipahijala,,https://parivesh.nic.in/dms/okm/downloadDocument?docTypemappingId=40829&refId=109888207&refType=caf&uuid=bae11173-c437-4117-b241-e50cc1454c1b&version=1.0,272110,https://parivesh.nic.in/newupgrade/#/report/ec?proposalId=109889652,2005.0,2005.0
109926273,"Mélaghar Sand Block is set to enhance sand mining operations. This project is designed to be environmentally conscious, ensuring no negative impact on the climate.",New,SIA/TR/MIN/501879/2024,2024-10-19T06:12:25.329+00:00,,Under Verification,3.004,10.0,JAHAR LAL DAS,,Application for EC for Mining of Minor Minerals of Mine Lease (0-5 HA) - Form-2,EC,B2,,MELAGHAR SAND BLOCK,TRIPURA,Sonamura,GHRANTALI,,,,Linear,3.004,0.0,3.004,0.0,0.0,0.0,0.0,0.0,0,0,0,Not applicable as the project or activity is site specific,,NO,NO,NO,2024-10-19T08:37:49.012+00:00,,,,,,,,,,,,,,,,,,,,,,,,,,,,,,,,,,,,,,"MOUZA-MELAGHAR, VILLAGE-GHRANTALI, P.S-MELAGHAR, BLOCK-MELAGHAR M.M.C, DISTRICT-SEPAHIJALA, TRIPURA",GHRANTALI,16,Individual,PROPRITOR,,16,,Sipahijala,,https://parivesh.nic.in/dms/okm/downloadDocument?docTypemappingId=40829&refId=109921851&refType=caf&uuid=821610b8-3706-48ce-8fdc-08d40ed4f71e&version=1.0,272112,https://parivesh.nic.in/newupgrade/#/report/ec?proposalId=109926273,14.0,45.0
110034621,Drilling of Exploratory Location in OALP Block (PEL),New,SIA/TR/IND2/502254/2024,2024-10-21T11:03:55.688+00:00,,Under Verification,2.492,7600.0,"ONGC, TRIPURA ASSET",,Environment clearance form,TOR,B2,"Off-shore and onshore oil and gas exploration,  development and production",Drilling of Exploratory Location AA-ONO-211-BGA-A,TRIPURA,Bishalgarh,RAMNAGAR,,,,Non - Linear,2.492,0.0,2.492,0.0,0.0,0.0,0.0,0.0,0,0,0,Not applicable as the project or activity is site specific,,NO,NO,NO,2024-10-21T11:58:12.587+00:00,,,,,,,,,,,,,,,,,,,,,,,,,,,,,,,,,,,,,,,,,,,,,,Sipahijala,,https://parivesh.nic.in/dms/okm/downloadDocument?docTypemappingId=40829&refId=60300419&refType=caf&uuid=cda899c8-9534-419a-adf2-1462c2733cd8&version=1.0,272070,https://parivesh.nic.in/newupgrade/#/report/ec?proposalId=110034621,105.0,65.0
110460019,"Production Capacity-11857.5 TPA
Area- 0.9270 Hect.",New,SIA/TR/MIN/503416/2024,2024-10-28T12:00:11.661+00:00,,Under Verification,0.927,10.0,Abdul Rahaman,,Application for EC for Mining of Minor Minerals of Mine Lease (0-5 HA) - Form-2,EC,B2,,"M/s Abdul Rahaman, Sand Mining Project, Area-0.9270 Hect, PlotNo.- 2369(P), Stock Plot- 2582",TRIPURA,Sonamura,ARALIA,,,,Non - Linear,0.927,0.0,0.927,0.0,0.0,0.0,0.0,0.0,0,0,0,NO,NA,NO,NO,NO,2024-10-28T12:28:47.844+00:00,,,,,,,,,,,,,,,,,,,,,,,,,,,,,,,,,,,,,,"Village- Kalam Khat, P.S.- Sonamura, P.O.- Urmai, District- Sepahijala, Tripura",Kalam Khat,16,Trust/NGO/Partnership,Proprietor,kalam Khat,16,,Sipahijala,,https://parivesh.nic.in/dms/okm/downloadDocument?docTypemappingId=40829&refId=110459649&refType=caf&uuid=a64d210a-c9b5-4a1a-9f67-aa926c060985&version=1.0,272109,https://parivesh.nic.in/newupgrade/#/report/ec?proposalId=110460019,2005.0,2005.0
110618529,"Ministry of Road Transport and Highways (MORT&H), Government of India has decided to take up the development, maintenance and management of various National Highway stretches/Corridors as the intensity of traffic has increased or is likely to increase significantly .",New,FP/TR/ROAD/503653/2024,2024-10-31T07:33:00.702+00:00,,REMOVED,25.5299,10131.0,NHIDCL PMU UDAIPUR,,Forest clearance form,,,,Proposal for diversion of forest land for Construction of Jamjuri & Kakraban Bypass of NH-08 to 2-Laning with Paved Shoulders under Gomati District in the state of Tripura,TRIPURA,Udaipur,Murapara,,,"133,134,135,136,138,146,147",Linear,24.6073,0.9226,25.5299,0.0,0.0,0.0,0.0,0.0,0,0,0,Not applicable as the project or activity is site specific,,NO,NO,NO,2024-10-31T08:15:37.279+00:00,,Degraded Forest Land,true,,,,,,,,,,,,,,,,,,,,,,,,,,,,,,,,,,,Udaipur,Udaipur,16,Central Government (Department/Autonomous body),General Manager,,16,,Gomati,"133,134,135,136,138,146,147",https://parivesh.nic.in/dms/okm/downloadDocument?docTypemappingId=40829&refId=110618355&refType=caf&uuid=3a23e0de-30d1-4642-ac1a-1f2546a8dfdb&version=1.0;https://parivesh.nic.in/dms/okm/downloadDocument?docTypemappingId=58989&refId=110618355&refType=FC&uuid=bba47845-fe5c-4b7f-bc49-d76191c83f87&version=1.0,272244,https://parivesh.nic.in/newupgrade/#/report/ec?proposalId=110618529,112500.0,13500.0
110620596,“Diversion of forest land for the construction of road from Chayakumar (Chawmanu) to Champarai under the jurisdiction of Chawmanu Sub-division.”,New,FP/TR/ROAD/503659/2024,2024-10-31T10:56:25.374+00:00,,REMOVED,20.32,2903.69247,Public Works Department,,Forest clearance form,,,,“Diversion of forest land for the construction of road from Chayakumar (Chawmanu) to Champarai under the jurisdiction of Chawmanu Sub-division.”,TRIPURA,Ambassa,BALUCHHARA,,,137 171 93,Linear,0.0,20.32,20.32,0.0,0.0,0.0,0.0,0.0,0,0,0,Not applicable as the project or activity is site specific,,NO,NO,NO,2024-10-30T18:30:00.000+00:00,https://parivesh.nic.in/dms/okm/downloadDocument?docTypemappingId=59020&refId=110620595&refType=fc&uuid=72d13dce-1da0-4334-bdfa-3309a7dbf0d0&version=1.0,Degraded Forest Land,true,,,,,,,,,,,,,,,,,,,,,,,,,,,,,,,,,,,"Office of the Executive Engineer, Public Works Department, (R&B), LTV Division, Manu, Dhalai District of Tripura.",,16,State Government (Department/Autonomous body),Executive Engineer,,16,,Dhalai,137 171 93,https://parivesh.nic.in/dms/okm/downloadDocument?docTypemappingId=40829&refId=110620033&refType=caf&uuid=aff6514c-683c-4168-b4a6-1f1d31e8bb0a&version=1.0;https://parivesh.nic.in/dms/okm/downloadDocument?docTypemappingId=58989&refId=110620033&refType=FC&uuid=758c1d1d-81c0-42e4-b764-2c6e55ae192b&version=1.0,272510,https://parivesh.nic.in/newupgrade/#/report/ec?proposalId=110620596,7920.0,4320.0
111261465,Proposal for Diversion of Forest Land for the work of Improvement/ Strengthening of Road from Panjihum Para to Khuri Para under World Bank aided Project TRESP,New,FP/TR/ROAD/505401/2024,2024-11-11T06:58:02.565+00:00,,DELISTED_BY_SYSTEM,3.488,1350.0,Public Works Department,,Forest clearance form,,,,Proposal for Diversion of Forest Land for the work of Improvement/ Strengthening of Road from Panjihum Para to Khuri Para under World Bank aided Project TRESP,TRIPURA,Karbook,PASCHIM KARBUK,,,1426 1847 1221 1220 1532 1531 1529 1528 1527 1526 1523 1519 1518 1515 1511 1497 1496 1494 1493 1492 1457 1456 1453 1452,Linear,1.2,2.288,3.488,0.0,0.0,0.0,0.0,0.0,0,0,0,Not applicable as the project or activity is site specific,,NO,NO,NO,2026-02-06T18:30:00.000+00:00,,Degraded Forest Land,true,,,,,,,,,,,,,,,,,,,,,,,,,,,,,,,,,,,"Office of the Executive Engineer,  PWD, Amarpur Division, Amarpur, Gomati Tripura",,16,State Government (Department/Autonomous body),Executive Engineer,,16,,Gomati,1426 1847 1221 1220 1532 1531 1529 1528 1527 1526 1523 1519 1518 1515 1511 1497 1496 1494 1493 1492 1457 1456 1453 1452,https://parivesh.nic.in/dms/okm/downloadDocument?docTypemappingId=40829&refId=111247852&refType=caf&uuid=c6b4b05c-4ec2-4563-9df0-bad00d9102c8&version=1.0;https://parivesh.nic.in/dms/okm/downloadDocument?docTypemappingId=58989&refId=111247852&refType=FC&uuid=1a683457-d4fd-4cf5-891a-ebb709f2f116&version=1.0;https://parivesh.nic.in/dms/okm/downloadDocument?docTypemappingId=58989&refId=111247852&refType=FC&uuid=1204e521-bfcd-4a27-8cce-89e12bf422c4&version=1.0,0,https://parivesh.nic.in/newupgrade/#/report/ec?proposalId=111261465,385.0,258.0
111489353,"Production capacity- 4563 TPA
Area- 0.3797 Hect.",New,SIA/TR/MIN/505769/2024,2024-11-14T05:42:40.856+00:00,,Under Verification,0.3797,10.0,rajib hossain,,Application for EC for Mining of Minor Minerals of Mine Lease (0-5 HA) - Form-2,EC,B2,,"M/s Hossain Sand,",TRIPURA,Sonamura,ARALIA,,,,Non - Linear,0.3797,0.0,0.3797,0.0,0.0,0.0,0.0,0.0,0,0,0,NO,NA,NO,NO,NO,2024-11-14T06:31:25.456+00:00,,,,,,,,,,,,,,,,,,,,,,,,,,,,,,,,,,,,,,"Mouza- Ghrantali, Village- Kalamkhet, Block- Mohanbog, District- Sepahijala, Tripura",Kalamkhet,16,Trust/NGO/Partnership,Proprietor,Kalamkhet,16,,Sipahijala,,https://parivesh.nic.in/dms/okm/downloadDocument?docTypemappingId=40829&refId=111488852&refType=caf&uuid=1650dbdd-9bc7-4887-a4be-2f528583baf4&version=1.0,272109,https://parivesh.nic.in/newupgrade/#/report/ec?proposalId=111489353,1755.0,1755.0
112470242,"It is an expansion project of Shopping Mall and Hotel By M/s. Hotel Polo Towers Pvt. Ltd. at RS Plot No. 851 & 852 of Mouza Agartala Sheet no.10, Khatian No.6, Opposite to Rabindra Kanan, VIP Road, Agartala, Tripura",New,SIA/TR/INFRA2/508232/2024,2024-11-26T07:33:22.492+00:00,,Under Verification,1.036,7477.0,HOTEL POLO TOWERS PRIVATE LIMITED,ULTRA-TECH,Environment clearance form,TOR,B2,Building / Construction,Environmental Clearance for Expansion of Shopping Mall and Hotel By M/s. Hotel Polo Towers Pvt. Ltd.,TRIPURA,Sadar,Agartala Sheet No-10,,,"851, 852",Non - Linear,1.036,0.0,1.036,0.0,0.0,0.0,0.0,0.0,0,0,0,Not applicable as the project or activity is site specific,,NO,NO,NO,2024-11-26T09:42:41.176+00:00,,,,,,,,,,,,,,,,,,,,,,,,,,,,,,,,,,,,,,,,,,,,,,West Tripura,"851, 852",https://parivesh.nic.in/dms/okm/downloadDocument?docTypemappingId=40829&refId=112465741&refType=caf&uuid=c870fade-7d72-4b17-a812-b93615247345&version=1.0,923541,https://parivesh.nic.in/newupgrade/#/report/ec?proposalId=112470242,12600.0,240981.0
112534611,"Conversion of 11 drilled exploratory wells to Development wells located in 3 districts i.e. West Tripura, Sepahijala and Gomati districts of state Tripura",New,IA/TR/IND2/508366/2024,2024-11-26T11:44:47.235+00:00,,Proposal returned in present form,20.807,100.0,OIL AND NATURAL GAS CORPORATION LIMITED,,Application for Amendment in EC- Form-4,OTHER,A,,"Conversion of 11 drilled exploratory wells to Development wells located in 3 districts i.e. West Tripura, Sepahijala and Gomati districts, Tripura",TRIPURA,Udaipur,CHHARTHAI,IA-J-11011/462/2024-IA-II,,,Non - Linear,20.807,0.0,20.807,0.0,0.0,0.0,0.0,0.0,0,0,0,Not applicable as the project or activity is site specific,,NO,NO,NO,2024-12-11T09:48:29.652+00:00,,,,,,,,,,,,,,,,,,,,,,,,,,,,,,,,,,,,,,,,,,,,,,Gomati,,https://parivesh.nic.in/dms/okm/downloadDocument?docTypemappingId=40829&refId=111856171&refType=caf&uuid=e8aaf78f-2270-44e0-be62-29b53ec9349a&version=1.0,272153,https://parivesh.nic.in/newupgrade/#/report/ec?proposalId=112534611,0.0,2805.0
114075111,"Production Capacity- 10035 TPA
Plot No.- 8708/8767(P), Stock Plot No.- 8711
Area - 0.8147 Hect.
Project Cost- 10 Lakhs",New,SIA/TR/MIN/513594/2024,2024-12-06T06:58:56.289+00:00,,Under Verification,0.8147,10.0,Shri Dipak Das,,Application for EC for Mining of Minor Minerals of Mine Lease (0-5 HA) - Form-2,EC,B2,,M/s Joy Sand,TRIPURA,Santirbazar,BAIKORA,,,,Non - Linear,0.8147,0.0,0.8147,0.0,0.0,0.0,0.0,0.0,0,0,0,NO,NA,NO,NO,NO,2024-12-06T07:42:24.874+00:00,,,,,,,,,,,,,,,,,,,,,,,,,,,,,,,,,,,,,,"Village- Kalabaria, P.S.- Belonia, P.O.- Maichara, District- South Tripura, Tripura",Kalabaria,16,Individual,Proprietor,Kalabaria,16,,South Tripura,,https://parivesh.nic.in/dms/okm/downloadDocument?docTypemappingId=40829&refId=114074398&refType=caf&uuid=60783244-351d-4afb-93e1-c5d24f5eb4c9&version=1.0,272323,https://parivesh.nic.in/newupgrade/#/report/ec?proposalId=114075111,1755.0,1755.0
114187431,"Sand Mine Project
Production Capacity- 10005 TPA
Area- 0.7899 Hect.
Plot No.-608(P), 575/4685",New,SIA/TR/MIN/513808/2024,2024-12-07T08:54:31.993+00:00,,Under Verification,0.7899,10.0,SHRI LALIT MOHAN CHAKMA,,Application for EC for Mining of Minor Minerals of Mine Lease (0-5 HA) - Form-2,EC,B2,,M/s Lalit Mohan Chakma Sand Mine Project,TRIPURA,Karbook,CHAKPUR,,,,Non - Linear,0.7899,0.0,0.7899,0.0,0.0,0.0,0.0,0.0,0,0,0,NO,NA,NO,NO,NO,2024-12-07T09:15:15.813+00:00,,,,,,,,,,,,,,,,,,,,,,,,,,,,,,,,,,,,,,"VILLAGE- KAMALA KANTA PARA, P.S.- NATUN BAZAR, P.O.- NATUN BAZAR, DISTRICT- GOMATI, TRIPURA",Kamala Kanta Para,16,Individual,Proprietor,Kamala Kanta Para,16,,Gomati,,https://parivesh.nic.in/dms/okm/downloadDocument?docTypemappingId=40829&refId=114186687&refType=caf&uuid=a931a779-a198-4dd0-b126-656dcdf6c197&version=1.0,272350,https://parivesh.nic.in/newupgrade/#/report/ec?proposalId=114187431,1755.0,1755.0
114512234,The location AA-ONO-212-KPA-A is an Exploratory Location in Nature. Purpose of drilling of this location is to Exploration of Hydrocarbon / Natural Gas.,New,FP/TR/MINOIL/514247/2024,2024-12-11T10:14:42.085+00:00,,Pending at Nodal Officer for Compliance Review,2.2068,3200.0,ONGC,,Forest clearance form,,,,Exploration of Hydrocarbon / Natural Gas through Drilling Waste-pit and Approach Road of Exploratory location AA-ONO-212-KPA-A,TRIPURA,Kanchanpur,RAMPRASAIPARA,,,52 53 62 63 66 67,Non - Linear,0.0,2.2068,2.2068,0.0,0.0,0.0,0.0,0.0,0,0,0,Not applicable as the project or activity is site specific,,NO,NO,NO,2024-12-11T12:13:03.000+00:00,,Degraded Forest Land,true,,,,,,,,,,,,,,,,,,,,,,,,,,,,,,,,,,,"ONGC Tripura Asset
Badharghat, Agartala
Tripura ONGC Tripura Asset
Badharghat, Agartala
Tripura",Agartala,16,Others,DGM-HR,Agartala,16,,North Tripura,52 53 62 63 66 67,https://parivesh.nic.in/dms/okm/downloadDocument?docTypemappingId=40829&refId=114508469&refType=caf&uuid=c171a09b-b0f4-4415-ad1a-48a7e2da4c64&version=1.0;https://parivesh.nic.in/dms/okm/downloadDocument?docTypemappingId=58989&refId=114508469&refType=FC&uuid=44283af9-d1d9-4f4f-916c-30325798a2e5&version=1.0,272725,https://parivesh.nic.in/newupgrade/#/report/ec?proposalId=114512234,30.0,20.0
114933054,"The Applicant M/s JIBAN SAND of SHRI JIBAN DAS had obtained sand mining lease by
the Govt. of Tripura over an area of 0.81 Acres (0.3277 ha) on TAPRADHUM CHARRA at
Village- RAMKRISHNA PARA, MOUZA ~ JITENDRANAGAR, P.S. - KAKRABAN.
DIST. -GOMATI, TRIPURA, over river plot no. - 6554(P)",New,SIA/TR/MIN/514921/2024,2024-12-17T05:16:44.680+00:00,,Under Verification,0.3277,5.0,JIBAN DAS,,Environment clearance form,TOR,B2,Mining of minerals,Jitendranagar Sand Block Mine (BLOCK ID-GMT-91) on Gomati River,TRIPURA,Udaipur,JITENDRANAGAR,,,6554(P),Non - Linear,0.3277,0.0,0.3277,0.0,0.0,0.0,0.0,0.0,0,0,0,NO,River bed sand mining project,NO,NO,NO,2024-12-17T07:28:22.226+00:00,,,,,,,,,,,,,,,,,,,,,,,,,,,,,,,,,,,,,,,,,,,,,,Gomati,6554(P),https://parivesh.nic.in/dms/okm/downloadDocument?docTypemappingId=40829&refId=114888579&refType=caf&uuid=380478ee-0cde-4ccd-9b8b-a0ad11dad594&version=1.0,0,https://parivesh.nic.in/newupgrade/#/report/ec?proposalId=114933054,0.0,1600.0
115103827,"The applicant M/s Shiv Sakti Enterprise of Sri Prithi Raj Saha & Others had obtained sand mining lease by the Govt. of Tripura over an area of 1.61 acres (0.6515 Ha) on Gomati River at village Birganj, P.s Birganj, Mouza Birganj, District- Gomati, Tripura over river plot no-2023(P)",New,SIA/TR/MIN/515157/2024,2024-12-18T10:45:02.303+00:00,,Under Verification,0.6515,5.0,PRITHIRAJ SAHA,,Environment clearance form,TOR,B2,Mining of minerals,River bed sand mining (Block Id-GMT-95) on Gomati River,TRIPURA,Amarpur,BIRGANJ,,,2023(P),Non - Linear,0.6515,0.0,0.6515,0.0,0.0,0.0,0.0,0.0,0,0,0,NO,River bed sand mining Project,NO,NO,NO,2024-12-18T12:28:08.774+00:00,,,,,,,,,,,,,,,,,,,,,,,,,,,,,,,,,,,,,,,,,,,,,,Gomati,2023(P),https://parivesh.nic.in/dms/okm/downloadDocument?docTypemappingId=40829&refId=114652259&refType=caf&uuid=67b4e719-19a9-45d7-a468-07a2c7ffdb8a&version=1.0,272168,https://parivesh.nic.in/newupgrade/#/report/ec?proposalId=115103827,0.0,1600.0
115694214,"Production capacity- 2583
Area - 2.5465 Hect.
Plot No. - 490, 491, 492, 493, 494, 499, 501, 502, 507, 506,  512, 513, 3761, 3763
Project Cost -10 Lakhs",New,SIA/TR/MIN/515922/2024,2024-12-24T09:33:02.309+00:00,,Under Verification,2.5465,10.0,Shri Debabrata Sarkar,,Application for EC for Mining of Minor Minerals of Mine Lease (0-5 HA) - Form-2,EC,B2,,"M/s Maa Laxmi Bricks Industries, Brick Earth Mining, Plot No. 3761, 3763",TRIPURA,Jirania,BANKIMNAGAR,,,,Non - Linear,2.5465,0.0,2.5465,0.0,0.0,0.0,0.0,0.0,0,0,0,NO,NA,NO,NO,NO,2024-12-24T10:40:57.729+00:00,,,,,,,,,,,,,,,,,,,,,,,,,,,,,,,,,,,,,,"Village - Jirania, P.O.- Jirania, P.S.- Radhapur, District- West Tripura, Tripura(799141)",Jirania,16,Trust/NGO/Partnership,Proprietor,Jirania,16,,West Tripura,,https://parivesh.nic.in/dms/okm/downloadDocument?docTypemappingId=40829&refId=115693292&refType=caf&uuid=828e326a-7f2c-45f5-a50e-c5996d19ff1b&version=1.0,272016,https://parivesh.nic.in/newupgrade/#/report/ec?proposalId=115694214,2510.0,2510.0
116085107,"Mining Plan for Brick Earth, near Village-Shibpur, P.S-Belonia, District-South Tripura, Area-0.8781ha(2.17 Acres), Plot No.-90,91,93. Prepared Under Government Of India Minor Minerals Concession Rules, 1952 & 1961. 
The Mining Lease for Brick earth was owned by M/s Maa Kali Bricks Industries (MKBI),
(Partnership: Kamal Bhowmick & Others, 1/77, Word No.-6, Kar Para, Uttar Jolaibari, Sub-division-Santikbazar, South Tripura, P.S.-Baikhoza, Tripura-799141",New,SIA/TR/MIN/516481/2024,2024-12-28T07:31:44.866+00:00,,Under Verification,0.8781,10.0,KAMAL BHOWMIK,,Environment clearance form,TOR,B2,Mining of minerals,M/s Maa kali Bricks Industries (Block Id : ST-BR-40),TRIPURA,Belonia,SIBPUR,,,"90,91,93",Non - Linear,0.8781,0.0,0.8781,0.0,0.0,0.0,0.0,0.0,0,0,0,NO,Brick Industries,NO,NO,NO,2024-12-28T11:23:18.853+00:00,,,,,,,,,,,,,,,,,,,,,,,,,,,,,,,,,,,,,,,,,,,,,,South Tripura,"90,91,93",https://parivesh.nic.in/dms/okm/downloadDocument?docTypemappingId=40829&refId=116077463&refType=caf&uuid=a6bc672a-9706-468c-ba1c-e2ebe2ae3be7&version=1.0,0,https://parivesh.nic.in/newupgrade/#/report/ec?proposalId=116085107,0.0,4020.0
116389262,"Four drilling wells (TULA, TULB, TULC & TULD) are planned to be drilled in Tulamara DSF Block by OIL. FC with EC clearance has already been obtained for these locations. For commercial oil/gas production OIL plans to construct pipeline to bring the produced oil/gas to the proposed Production setup at Tulamura#1 well plinth along Jolaibari- Ailmara Major District Road (Details in DPR).",New,FP/TR/Pipeline/516857/2024,2024-12-31T15:46:20.319+00:00,,Final Diversion Order Issued,0.71,142.0,OIL INDIA LIMITED,,Forest clearance form,,,,"Forest Diversion Proposal for laying underground oil & gas pipeline by Oil India Limited (OIL) in DSF-II Block AA/ONDSF/TULAMARA/2018 at Baramura-Debtamura Reserve Forest in Gomati and South Tripura District, Tripura.",TRIPURA,Sabroom,BARAMURA DEBTAMURA RESERVED FO,,,,Linear,0.0,0.71,0.71,0.0,0.0,0.0,0.0,0.0,0,0,0,Not applicable as the project or activity is site specific,,NO,NO,NO,2025-01-20T18:30:00.000+00:00,,,false,,,,,,,,,,,,,,,,,,,,,,,,,,,,,,,,,,,"OIL INDIA LIMITED 
DULIAJAN
District  : Dibrugarh",Duliajan,18,"Central PSU (eg. NHAI, AAI, NTP, CIL, SAIL)",EXECUTIVE DIRECTOR (HSE),Duliajan,18,,South Tripura,,https://parivesh.nic.in/dms/okm/downloadDocument?docTypemappingId=40829&refId=113910727&refType=caf&uuid=c2d91536-5cb0-4923-83e1-af57eb53be59&version=1.0;https://parivesh.nic.in/dms/okm/downloadDocument?docTypemappingId=58989&refId=113910727&refType=FC&uuid=325a6c81-91bc-4616-a79b-801120f20f11&version=1.0;https://parivesh.nic.in/dms/okm/downloadDocument?docTypemappingId=58989&refId=113910727&refType=FC&uuid=7412b7f7-2854-426f-a923-0674f5296186&version=1.0,272364,https://parivesh.nic.in/newupgrade/#/report/ec?proposalId=116389262,1800.0,7300.0
116845057,Sand Block,New,SIA/TR/MIN/517484/2025,2025-01-06T13:13:40.561+00:00,,Under Verification,0.4856,5.0,Jhalak Das,,Environment clearance form,TOR,B2,Mining of minerals,M/s Jhalak Sand,TRIPURA,Khowai,PURBA  SINGICHHARA,,,5103,Non - Linear,0.4856,0.0,0.4856,0.0,0.0,0.0,0.0,0.0,0,0,0,NO,N/A,NO,NO,NO,2025-01-07T10:11:36.843+00:00,,,,,,,,,,,,,,,,,,,,,,,,,,,,,,,,,,,,,,,,,,,,,,Khowai,5103,https://parivesh.nic.in/dms/okm/downloadDocument?docTypemappingId=40829&refId=116748939&refType=caf&uuid=40bcf211-e077-47e4-89c1-5803f9aaebc2&version=1.0,271906,https://parivesh.nic.in/newupgrade/#/report/ec?proposalId=116845057,1752.0,1752.0
117267426,Sand Block,New,SIA/TR/MIN/518018/2025,2025-01-10T08:30:19.634+00:00,,Under Verification,0.7122,5.0,Bijoy Das,,Environment clearance form,TOR,B2,Mining of minerals,M/s Bijoy Sand,TRIPURA,Khowai,GANKI,,,1897,Non - Linear,0.7122,0.0,0.7122,0.0,0.0,0.0,0.0,0.0,0,0,0,NO,n/a,NO,NO,NO,2025-01-10T10:40:30.926+00:00,,,,,,,,,,,,,,,,,,,,,,,,,,,,,,,,,,,,,,,,,,,,,,Khowai,1897,https://parivesh.nic.in/dms/okm/downloadDocument?docTypemappingId=40829&refId=117200377&refType=caf&uuid=b7d30300-161a-41fe-b1d9-8c1dc7386e19&version=1.0,271907,https://parivesh.nic.in/newupgrade/#/report/ec?proposalId=117267426,1752.0,1752.0
117355805,"PRODUCTION CAPACITY- 14025 TPA
AREA-1.1340 HECT.
PLOT NO.- 151 (P), STOCK PLOT- 157,158",New,SIA/TR/MIN/518153/2025,2025-01-11T07:25:27.550+00:00,,Under Verification,1.134,10.0,Uttam Paul,,Application for EC for Mining of Minor Minerals of Mine Lease (0-5 HA) - Form-2,EC,B2,,"M/S UTTAM SAND,  SAND MINING PROJECT",TRIPURA,Mohanpur,NOAGAON,,,,Non - Linear,1.134,0.0,1.134,0.0,0.0,0.0,0.0,0.0,0,0,0,NO,NA,NO,NO,NO,2025-01-11T09:18:44.250+00:00,,,,,,,,,,,,,,,,,,,,,,,,,,,,,,,,,,,,,,"Mouza- Barkathal, Village- Nandaram Choudhary Para, Block- Laphunga, District- West Tripura, Tripura",NANDARAM,16,Individual,PROPRIETOR,NANDARAM,16,,West Tripura,,https://parivesh.nic.in/dms/okm/downloadDocument?docTypemappingId=40829&refId=117355448&refType=caf&uuid=d5a9bfda-e258-43fc-81a2-ce196b6ad3ee&version=1.0,271850,https://parivesh.nic.in/newupgrade/#/report/ec?proposalId=117355805,2510.0,2510.0
118038752,"The applicant M/s Balaji Sand  of Sri Subradip Chakraborty had obtained sand mining lease by the Govt. of Tripura over an area 2.22 acres (0.8984 ha) on Gomati River at village- Surendra Nagar, P.S-Kakraban, Dist-Gomati, Tripura, over river plot no.-2755 (P), Stock Plot-3326/10600",New,SIA/TR/MIN/519556/2025,2025-01-21T08:17:09.060+00:00,,Under Verification,0.8984,5.0,subradip chakraborty,,Environment clearance form,TOR,B2,Mining of minerals,Kakraban Sand Block Mine,TRIPURA,Udaipur,KAKRABAN,,,2755(P),Hybrid,0.8984,0.0,0.8984,0.0,0.0,0.0,0.0,0.0,0,0,0,Not applicable as the project or activity is site specific,,NO,NO,NO,2025-01-21T11:49:49.943+00:00,,,,,,,,,,,,,,,,,,,,,,,,,,,,,,,,,,,,,,,,,,,,,,Gomati,2755(P),https://parivesh.nic.in/dms/okm/downloadDocument?docTypemappingId=40829&refId=118026509&refType=caf&uuid=23441edf-56b7-435f-aa8c-4f66590f2bb4&version=1.0,272246,https://parivesh.nic.in/newupgrade/#/report/ec?proposalId=118038752,0.0,1608.0
118694671,"The Applicant M/s Maran Sand of Shri Maran Shil had obtained sand mining lease by the Govt. of Tripura over an area of 1.14 acres (0.4613 ha) on Tarkadhum Charra at Village-Uttar Tulamura, Mouza-Jitendranagar, P.S.-Kakraban, Dist-Gomati, Tripura, over river plot no.-5035(P), Stock Plot-4637",New,SIA/TR/MIN/521088/2025,2025-01-29T05:10:54.158+00:00,,Under Verification,0.4613,5.0,Maran shil,,Environment clearance form,TOR,B2,Mining of minerals,Jitendranagar Sand Block Mine (Block ID-GMT-105),TRIPURA,Udaipur,BADURPATHAR,,,,Hybrid,0.4613,0.0,0.4613,0.0,0.0,0.0,0.0,0.0,0,0,0,Not applicable as the project or activity is site specific,,NO,NO,NO,2025-01-29T07:34:19.514+00:00,,,,,,,,,,,,,,,,,,,,,,,,,,,,,,,,,,,,,,,,,,,,,,Gomati,,https://parivesh.nic.in/dms/okm/downloadDocument?docTypemappingId=40829&refId=118634793&refType=caf&uuid=5bda10c5-7563-434a-b715-88abfdca7b7b&version=1.0,272251,https://parivesh.nic.in/newupgrade/#/report/ec?proposalId=118694671,0.0,1608.0
119014242,Area-3.60Acer(1.4574) Production-3813 cum,New,SIA/TR/MIN/521804/2025,2025-01-31T12:50:30.394+00:00,,Under Verification,3.6,10.0,dilip saha,,Application for EC for Mining of Minor Minerals of Mine Lease (0-5 HA) - Form-2,EC,B2,,"M/s Mata Bricks Industries, Brick Earth Mine, Mining Plot no-673/7644,709,711,714,715,716,717",TRIPURA,Jirania,BANKIMNAGAR,,,,Non - Linear,3.6,0.0,3.6,0.0,0.0,0.0,0.0,0.0,0,0,0,NO,na,NO,NO,NO,2025-02-01T08:17:58.070+00:00,,,,,,,,,,,,,,,,,,,,,,,,,,,,,,,,,,,,,,West Tripura,,16,Individual,Proprietor,,16,,West Tripura,,https://parivesh.nic.in/dms/okm/downloadDocument?docTypemappingId=40829&refId=119013963&refType=caf&uuid=891274bf-fe51-4918-8438-e2f9d500bbd7&version=1.0,272016,https://parivesh.nic.in/newupgrade/#/report/ec?proposalId=119014242,3753.0,0.0
119063068,Area-2.38Acer (0.9595Hact.) production-1845Cum,New,SIA/TR/MIN/521949/2025,2025-02-01T08:33:46.708+00:00,,Under Verification,0.9595,10.0,TaPAsi SAHA,,Application for EC for Mining of Minor Minerals of Mine Lease (0-5 HA) - Form-2,EC,B2,,"M/s Tripureswari Bricks Industries, Brick Earth Mining, Plot no-3197,3203,3193",TRIPURA,Jirania,BANKIMNAGAR,,,,Non - Linear,0.9595,0.0,0.9595,0.0,0.0,0.0,0.0,0.0,0,0,0,NO,na,NO,NO,NO,2025-02-01T08:44:21.046+00:00,,,,,,,,,,,,,,,,,,,,,,,,,,,,,,,,,,,,,,"Village-Rangachara, Block-Mohonpur R.D",,16,Individual,Proprietor,,16,,West Tripura,,https://parivesh.nic.in/dms/okm/downloadDocument?docTypemappingId=40829&refId=119062923&refType=caf&uuid=e4a44417-6eb0-4732-bffb-ff6a14a3acfb&version=1.0,272016,https://parivesh.nic.in/newupgrade/#/report/ec?proposalId=119063068,3753.0,0.0
119562220,"The proposed Unity Mall is a commercial establishment having B+G+III floors designed to offer a dynamic shopping, dining, and entertainment experience. Featuring modern architecture and eco-friendly practices, it will include a variety of retail spaces, recreational areas, and cultural hubs. With a focus on flexibility, sustainability, and cultural integration, Unity Mall aims to create a vibrant, inclusive space that brings the community together while promoting environmental responsibility.",New,SIA/TR/INFRA2/523020/2025,2025-02-07T11:28:58.642+00:00,,Under Verification,1.6897,1500.0,OVAL PROJECTS ENGINEERING PRIVATE LIMRAVIRAJ BOKADIA CREATIVE JOINT VENTURE,RSP Green Development & Laboratories Pvt. Ltd.,Environment clearance form,TOR,B2,Building / Construction,UNITY MALL,TRIPURA,Sadar,MADHUPUR,,,,Non - Linear,1.6897,0.0,1.6897,0.0,0.0,0.0,0.0,0.0,0,0,0,Not applicable as the project or activity is site specific,,NO,NO,NO,2025-02-08T11:51:46.798+00:00,,,,,,,,,,,,,,,,,,,,,,,,,,,,,,,,,,,,,,,,,,,,,,West Tripura,,https://parivesh.nic.in/dms/okm/downloadDocument?docTypemappingId=40829&refId=119557428&refType=caf&uuid=f9698ed3-0bad-4fcd-ac5a-e08bf95496dd&version=1.0,272026,https://parivesh.nic.in/newupgrade/#/report/ec?proposalId=119562220,39000.0,157900.0
119689307,"The applicant M/s New Chakraborty Sand of Shri Dipankar Chakraborty had obtained sand mining lease by the Govt. of Tripura over an area of 0.60 Acres (0.2428 ha) on Dhalai river at village-South Kachuchara, Mouza- Kachuchara, P.S.-Kachuchara, Dist-Dhalai, Tripura, Over river plot no.-2067(P), Stock Plot-1710/3894",New,SIA/TR/MIN/523293/2025,2025-02-10T08:17:21.394+00:00,,Under Verification,0.2428,5.0,dipankar chakraborty,,Environment clearance form,TOR,B2,Mining of minerals,Kachuchara Sand Block Mine (Block ID-DH-133),TRIPURA,Ambassa,AMBASA,,,,Hybrid,0.2428,0.0,0.2428,0.0,0.0,0.0,0.0,0.0,0,0,0,Not applicable as the project or activity is site specific,,NO,NO,NO,2025-02-10T11:08:16.498+00:00,,,,,,,,,,,,,,,,,,,,,,,,,,,,,,,,,,,,,,,,,,,,,,Dhalai,,https://parivesh.nic.in/dms/okm/downloadDocument?docTypemappingId=40829&refId=119686862&refType=caf&uuid=868d0507-9d05-4650-815f-f6e4b91a004d&version=1.0,801532,https://parivesh.nic.in/newupgrade/#/report/ec?proposalId=119689307,0.0,1608.0
120974087,"Establishment of new Bn. HQR, 15th Battalion TSR (IR-XI) at Paschim Ratacherra under Kumarghat Sub-Division, Unakoti Diastrict of Tripura.",New,FP/TR/OTHERS/525647/2025,2025-02-25T08:27:59.854+00:00,,Pending at DFO/CF/Nodal Officer after acceptance in PSC-I,7.288,2500.0,Rajib Sengupta (Commandant 15th Bn. TSR),,Forest clearance form,,,,"Establishment of new Bn. HQR, 15th Battalion TSR (IR-XI) at Paschim Ratacherra under Kumarghat Sub-Division, Unakoti Diastrict of Tripura.",TRIPURA,Kumarghat,PASCHIM RATACHARA,,,Plot no 4211 Khatian no 2/2 Unakoti Kumarghat Kumarghat Paschim Ratacherra PRF Saidabari PRF,Non - Linear,0.0,7.288,7.288,0.0,0.0,0.0,0.0,0.0,0,0,0,Not applicable as the project or activity is site specific,,NO,NO,NO,2025-02-25T09:43:18.206+00:00,https://parivesh.nic.in/dms/okm/downloadDocument?docTypemappingId=59020&refId=120974086&refType=fc&uuid=f477b98c-fb7c-44ce-a327-27a7adce6b00&version=1.0,Degraded Forest Land,true,,,,,,,,,,,,,,,,,,,,,,,,,,,,,,,,,,,"Head quarter of 15th Bn. TSR at Paschim Ratacherra, Sub-Division Kumarghat, Unakoti District of Tripura",,16,State Government (Department/Autonomous body),Commandant,,16,,Unokoti,Plot no 4211 Khatian no 2/2 Unakoti Kumarghat Kumarghat Paschim Ratacherra PRF Saidabari PRF,https://parivesh.nic.in/dms/okm/downloadDocument?docTypemappingId=40829&refId=120971760&refType=caf&uuid=fc2f995e-eecb-40cb-b32c-9818bf273599&version=1.0;https://parivesh.nic.in/dms/okm/downloadDocument?docTypemappingId=58989&refId=120971760&refType=FC&uuid=2be18bcb-f536-4f44-b0eb-6910ea2b30ab&version=1.0,272696,https://parivesh.nic.in/newupgrade/#/report/ec?proposalId=120974087,616.0,614.0
121155344,"Geophysical Survey in Damcharra R.F, Juri R.F & Indurail P.R.F falling in North Tripura District of Tripura State for preliminary sub-surface mapping of the PML block awarded to ONGC.",New,FP/TR/SRY/526230/2025,2025-02-27T12:15:43.528+00:00,,REMOVED,10699.0,4490.0,"ONGC, TRIPURA ASSET",,FormC_Exempted_Category_Part_I,,,,ONGC LONGAI PH-II SECTOR-2,TRIPURA,Dharmanagar,DEOCHHARA,,,,Non - Linear,8780.0,1919.0,10699.0,0.0,0.0,0.0,0.0,0.0,0,0,0,Not applicable as the project or activity is site specific,,NO,NO,NO,2025-02-28T08:10:45.082+00:00,,,,,,,,,,,,,,,,,,,,,,,,,,,,,,,,,,,,,,"ONGC TRIPURA ASSET, BADHARGHAT, AGARTALA",,16,"Central PSU (eg. NHAI, AAI, NTP, CIL, SAIL)",CHIEF GENERAL MANAGER,,16,,North Tripura,,https://parivesh.nic.in/dms/okm/downloadDocument?docTypemappingId=40829&refId=121135977&refType=caf&uuid=904b8c33-92d1-49de-b41f-471f4121b258&version=1.0,272647,https://parivesh.nic.in/newupgrade/#/report/ec?proposalId=121155344,0.0,49200.0
121256387,"Geophysical Survey in Betaga RF, Tekka Tulsi RF, Tekka RF Part, Amlighat P.R.F., Jalapha P.R.F., Manubazar P.R.F., Chandrapur RF, Deo RF, Deo RF Part, Garji RF Part, Kashari RF, Kulai RF, Kulai RF (Extn), Longtarai RF, Nunachhara RF, Paschim Kalajari RF Part, Uttar Baramura Deotamura RF, Hirapur P.R.F., Laxmipati P.R.F., Trishna RF, Chandrapur RF, Garji RF Part, Kashari RF, Radhakishorepur RF, Kalagangrai P.R.F. falling in South Tripura, Gomati, Dhalai, Unakoti & North Tripura District of Tripura State for preliminary sub-surface mapping of the PML block awarded to ONGC.",New,FP/TR/SRY/526525/2025,2025-02-28T11:41:47.945+00:00,,REMOVED,276402.0,3191.328,"ONGC, TRIPURA ASSET",,FormC_Exempted_Category_Part_I,,,,"ONGC Sector-1, Area-1: South Gojalia 2D, Area-2: Regional Long Offset 2D Lines, Area-3: AA-ONHP-2018/4 (Bogapha) Tripura",TRIPURA,Belonia,ABHAYNAGAR,,,,Non - Linear,158556.0,117846.0,276402.0,0.0,0.0,0.0,0.0,0.0,0,0,0,Not applicable as the project or activity is site specific,,NO,NO,NO,2025-05-12T18:30:00.000+00:00,,,,,,,,,,,,,,,,,,,,,,,,,,,,,,,,,,,,,,"ONGC TRIPURA ASSET, BADHARGHAT, AGARTALA",,16,"Central PSU (eg. NHAI, AAI, NTP, CIL, SAIL)",CHIEF GENERAL MANAGER,,16,,South Tripura,,https://parivesh.nic.in/dms/okm/downloadDocument?docTypemappingId=40829&refId=121247066&refType=caf&uuid=d9c7c4cd-db25-4163-b0c4-ebd4b59fcf56&version=1.0,272301,https://parivesh.nic.in/newupgrade/#/report/ec?proposalId=121256387,0.0,25200.0
121347348,"Production capacity-13005 TPA, Area- 1.0020 Hect., Plot no.- 4(P)",New,SIA/TR/MIN/526837/2025,2025-03-01T10:29:12.657+00:00,,Under Verification,1.002,10.0,Mijan Hossain,,Application for EC for Mining of Minor Minerals of Mine Lease (0-5 HA) - Form-2,EC,B2,,"M/s Mijan Sand, Sand Mining Project, Plot No.- 4(P), Stock Plot No.- 4386, 4387",TRIPURA,Sonamura,KHAS CHOUMUHANI,,,,Non - Linear,1.002,0.0,1.002,0.0,0.0,0.0,0.0,0.0,0,0,0,NO,NA,NO,NO,NO,2025-03-01T11:12:58.844+00:00,,,,,,,,,,,,,,,,,,,,,,,,,,,,,,,,,,,,,,"Village- Madhuban, P/S- Sonamura, District- Sepahijala, Tripura",Madhuban,16,Individual,Proprietor,Ranagamati,16,,Sipahijala,,https://parivesh.nic.in/dms/okm/downloadDocument?docTypemappingId=40829&refId=121346721&refType=caf&uuid=45cf759e-9521-4cc0-bc48-78050afbe5f6&version=1.0,272105,https://parivesh.nic.in/newupgrade/#/report/ec?proposalId=121347348,2505.0,2505.0
122302847,"Establishment of Don Bosco college at Pathaliaghat, Bisramganj, Sepahijala District of Tripura.",New,FP/TR/SCH/529190/2025,2025-03-12T11:27:40.692+00:00,,Pending on UA for Compensatory Levies Payment,3.071,1076.0,joseph kavalakkatt,,Forest clearance form,,,,"Establishment of Don Bosco College at Pathaliaghat, Bisramganj, Sepahijala District of Tripura",TRIPURA,Bishalgarh,AMTALI,,,"Plot no 2211, Mouja Pathalighat",Non - Linear,0.0,3.071,3.071,0.0,0.0,0.0,0.0,0.0,0,0,0,Not applicable as the project or activity is site specific,,NO,NO,NO,2025-03-13T04:50:10.241+00:00,,Degraded Forest Land,true,,,,,,,,,,,,,,,,,,,,,,,,,,,,,,,,,,,"St. Xaviers Higher Secondary School, Pathaliaghat, P.O Bishramganj, District sepahijala, Tripura-799103","Pathaliaghat, Bisramganj, Sepahijala District of Tripura.",16,Trust/NGO/Partnership,RECTOR,"Pathaliaghat, P.O Bishramganj, District sepahijala",16,,Sipahijala,"Plot no 2211, Mouja Pathalighat",https://parivesh.nic.in/dms/okm/downloadDocument?docTypemappingId=40829&refId=121961445&refType=caf&uuid=fb5b086f-2d43-4726-8612-c03dc0a9482f&version=1.0;https://parivesh.nic.in/dms/okm/downloadDocument?docTypemappingId=58989&refId=121961445&refType=FC&uuid=4c085945-3589-4860-8fb1-e573f0f18ffd&version=1.0,272075,https://parivesh.nic.in/newupgrade/#/report/ec?proposalId=122302847,11460.0,26550.0
122421002,"The Executive Engineer (PMGSY), Ambassa Division, PWD (PMGSY), Government of Tripura being the user of the project has initiated the construction of the proposed road project titled “Upgradation of road from Chawmanu Road Block to NH-08 via Baba Longtorai Road (Package No. TR-04-01P3) (Length: 12.877 Km) (Route No- T22) under Ambassa Block”. The Detailed Project Report (DPR) was prepared and subsequently sanctioned for the financial year 2023-24 under PMGSY-III, as per sanction memo no. F.7(11A)/TR/PMGSY/2009/3656-60 dated 14-08-2023. The road falls within the reserve forest partly Longtorai Valley (LTV) Reserve Forest and Ambassa Sub Division under the Dhalai district of Tripura.
The road construction is vital and important for which forest land diversion for quantum of 7.78 hectares of land is required considering the gravity of the road and accordingly, the forest land diversion is being initiated as per the Forest (Conservation) Act, 1980, for due approval from the authority",New,FP/TR/ROAD/529490/2025,2025-03-14T12:35:56.103+00:00,,Pending at UA for Compliance Report,10.598,1080.61,"The Executive Engineer,  Ambassa Division, Public Works Department (PMGSY), Govt. of Tripura",,Forest clearance form,,,,"Proposal for Upgradation of road from Chawmanu Road Block to NH-08 via Baba Longtorai Road (Package No:- TR-04-01P3), (Length-12.877 km), (Route No:- T22) under Ambassa Block/Dhalai District",TRIPURA,Longtharai Valley,JOYCHANDRAPARA,,,,Linear,2.818,7.78,10.598,0.0,0.0,0.0,0.0,0.0,0,0,0,Not applicable as the project or activity is site specific,,NO,NO,NO,2025-05-02T18:30:00.000+00:00,https://parivesh.nic.in/dms/okm/downloadDocument?docTypemappingId=59020&refId=122421001&refType=fc&uuid=3bb0d88d-7c9c-4233-927b-9fbb23e7b3e4&version=1.0,Degraded Forest Land,true,,,,,,,,,,,,,,,,,,,,,,,,,,,,,,,,,,,"Jawaharnagar, Ambassa.",,16,State Government (Department/Autonomous body),The Executive Engineer (PMGSY),,16,,Dhalai,,https://parivesh.nic.in/dms/okm/downloadDocument?docTypemappingId=40829&refId=122118236&refType=caf&uuid=25a6d839-7671-4816-9dae-c5f13b0a0553&version=1.0;https://parivesh.nic.in/dms/okm/downloadDocument?docTypemappingId=58989&refId=122118236&refType=FC&uuid=4db57d57-a3b4-43fc-8885-0004ba225e4f&version=1.0,272524,https://parivesh.nic.in/newupgrade/#/report/ec?proposalId=122421002,30040.0,15730.0
123060151,"PRODUCTION CAPACITY-10050 TPA
AREA- 0.8112 HECT.
PLOT NO. - 6946(P), NEAR PLOT- 6794/7607",New,SIA/TR/MIN/530795/2025,2025-03-22T07:03:11.707+00:00,,Under Examination,0.8112,10.0,Nitai debbarma,,Application for EC for Mining of Minor Minerals of Mine Lease (0-5 HA) - Form-2,EC,B2,,"M/S NITAI DEBBARMA SAND, JIRANIA SAND MINE, PLOT NO.- 6946(P), STOCK PLOT- 6794/7607, AREA- 0.8112 HECT.",TRIPURA,Jirania,BANKIMNAGAR,,,,Non - Linear,0.8112,0.0,0.8112,0.0,0.0,0.0,0.0,0.0,0,0,0,NO,NA,NO,NO,NO,2025-08-21T06:41:05.285+00:00,,,,,,,,,,,,,,,,,,,,,,,,,,,,,,,,,,,,,,"Village - Jirania Khala, P.S.- Jirania, Block- Belbari, District- West Tripura, Tripura",JIRANIA KHALA,16,Individual,PROPRIETOR,JIRANIA KHALA,16,,West Tripura,,https://parivesh.nic.in/dms/okm/downloadDocument?docTypemappingId=40829&refId=123057119&refType=caf&uuid=d42d0b88-8aa8-4516-868a-412a1897c880&version=1.0,272016,https://parivesh.nic.in/newupgrade/#/report/ec?proposalId=123060151,1755.0,1755.0
123211172,"The applicant M/s Ajoy Sand of Shri Ajoy Das had obtained sand mining lease by the Govt of Tripura over an area of 1.40 Acres (0.5665 ha) on Manu River  at Village Natingcherra, P.S.-Kumarghat, Mouza- Natingcherra, Dist-Unakoti, Tripura, over river Plot No.-221P, Stock Plot-115/305",New,SIA/TR/MIN/531083/2025,2025-03-24T10:22:23.247+00:00,,Proposal pulled back (withdrawn),0.5665,5.0,ajoy das,,Application for EC for Mining of Minor Minerals of Mine Lease (0-5 HA) - Form-2,EC,B2,,Natingcherra Sand Block (Block Id-UNA-103),TRIPURA,Kumarghat,Natingchhera,,,"221P, Stock plot:115/305",Hybrid,0.5665,0.0,0.5665,0.0,0.0,0.0,0.0,0.0,0,0,0,NO,River bed sand mining project,NO,NO,NO,2025-08-25T09:26:56.790+00:00,,,,,,,,,,,,,,,,,,,,,,,,,,,,,,,,,,,,,,"Srirampur,",,16,Individual,Proprietor,,16,,Unokoti,"221P, Stock plot:115/305",https://parivesh.nic.in/dms/okm/downloadDocument?docTypemappingId=40829&refId=123202770&refType=caf&uuid=d76b8eed-25d9-4f55-b600-9528ad151c6c&version=1.0,272689,https://parivesh.nic.in/newupgrade/#/report/ec?proposalId=123211172,0.0,1472.0
123547632,"The Applicant JHARNA SARKAR (DAS) of M/s-Jharna Sand , has obtained sand mining lease over an area of 1.53 Acres/0.619 Ha. on Manu River at Village -Saidabari, P.S-Kumarghat, Mouza-Kumarghat, District-Unakoti, Tripura over River Plot No.-255(P),Nearest Stock Plot-313,314,315",New,SIA/TR/MIN/531404/2025,2025-03-26T11:34:02.508+00:00,,Proposal pulled back (withdrawn),0.6191,5.0,jharna sarkar das,,Application for EC for Mining of Minor Minerals of Mine Lease (0-5 HA) - Form-2,EC,B2,,Kumarghat Sand Block Mine (Block Id-UNA-95),TRIPURA,Kumarghat,KUMARGHAT,,,"255(P), Nearest stock plot- 313,314.315",Hybrid,0.6191,0.0,0.6191,0.0,0.0,0.0,0.0,0.0,0,0,0,NO,River bed sand mining Project,NO,NO,NO,2025-08-25T11:35:28.741+00:00,,,,,,,,,,,,,,,,,,,,,,,,,,,,,,,,,,,,,,"K.K. Road, P.O-Saidabari, Vill-Saidabari",,16,Individual,Proprietor,,16,,Unokoti,"255(P), Nearest stock plot- 313,314.315",https://parivesh.nic.in/dms/okm/downloadDocument?docTypemappingId=40829&refId=123529905&refType=caf&uuid=c779482c-30db-4309-91aa-654c6347c188&version=1.0,801535,https://parivesh.nic.in/newupgrade/#/report/ec?proposalId=123547632,0.0,2000.0
123597677,"Production Capacity- 12000 TPA, 
Area- 0.9323 Hect.
Plot No.- 2951(P)",New,SIA/TR/MIN/531486/2025,2025-03-27T06:10:28.614+00:00,,Under Examination,0.9323,10.0,Maran Chandra Das,,Application for EC for Mining of Minor Minerals of Mine Lease (0-5 HA) - Form-2,EC,B2,,"M/s Maran Sand, Sand Mining Project, Plot No.- 2951(P),Stock plot- 2995/4235, Area- 0.9323 Hect.",TRIPURA,Sonamura,URMAI,,,,Non - Linear,0.9323,0.0,0.9323,0.0,0.0,0.0,0.0,0.0,0,0,0,NO,NA,NO,NO,NO,2025-08-21T06:13:35.986+00:00,,,,,,,,,,,,,,,,,,,,,,,,,,,,,,,,,,,,,,"Village - Paschin Nalchar, P.S. -Melaghar, P.O. -Telkajla, District- Sepahijala, Tripura",Telkajla,16,Individual,Proprietor,Telkajla,16,,Sipahijala,,https://parivesh.nic.in/dms/okm/downloadDocument?docTypemappingId=40829&refId=123597326&refType=caf&uuid=28c1fae7-1fae-4fc2-a22a-902d76ea74e7&version=1.0,272120,https://parivesh.nic.in/newupgrade/#/report/ec?proposalId=123597677,1755.0,1755.0
123625478,"The Applicant M/s Manoj Sand of Shri Manoj Kalai had obtained sand mining lease by the Govt. of Tripura over an area of 0.81 Acres (0.3277 ha) on Twichakma Charra at village-Twichakma Para, Mouza-Dakshin Tuidu, P.S-Tuidu, District- Gomati, Tripura, over river plot no.-967(P),Stock plot-980,983",New,SIA/TR/MIN/531542/2025,2025-03-27T07:59:19.356+00:00,,Proposal pulled back (withdrawn),0.3277,5.0,manoj kalai,,Application for EC for Mining of Minor Minerals of Mine Lease (0-5 HA) - Form-2,EC,B2,,Dakshin Tuidu Sand Block Mine (Block ID-GMT-99),TRIPURA,Amarpur,DAKSHIN TAIDU,,,"967(P), Stock Plot: 980,983",Hybrid,0.3277,0.0,0.3277,0.0,0.0,0.0,0.0,0.0,0,0,0,NO,River bed sand mining,NO,NO,NO,2025-08-25T08:19:59.322+00:00,,,,,,,,,,,,,,,,,,,,,,,,,,,,,,,,,,,,,,"Jantranapara, ICDS Centre Dhanlekha",JANTRANA PARA,16,Individual,Proprietor,JANTRANA PARA,16,,Gomati,"967(P), Stock Plot: 980,983",https://parivesh.nic.in/dms/okm/downloadDocument?docTypemappingId=40829&refId=123619335&refType=caf&uuid=6c59d7a6-f444-40b5-a0a7-57db456c1395&version=1.0,272187,https://parivesh.nic.in/newupgrade/#/report/ec?proposalId=123625478,0.0,1680.0
123944634,"PRODUCTION CAPACITY- 4957.5 TPA
AREA- 0.4048 HECT.
PLOT NO.- 293(P), STOCK PLOT-720",New,SIA/TR/MIN/532134/2025,2025-03-31T08:13:27.480+00:00,,Under Examination,0.4048,10.0,Arsad Miah,,Application for EC for Mining of Minor Minerals of Mine Lease (0-5 HA) - Form-2,EC,B2,,"M/S ARSAD SAND, SAND MINING PROJECT, AREA- 0.4048 HECT., PLOT NO.- 293(P), NEAREST PLOT- 720",TRIPURA,Amarpur,RAJKANG,,,,Non - Linear,0.4048,0.0,0.4048,0.0,0.0,0.0,0.0,0.0,0,0,0,NO,na,NO,NO,NO,2025-08-21T06:04:27.893+00:00,,,,,,,,,,,,,,,,,,,,,,,,,,,,,,,,,,,,,,"Village- Rangkang, P.S.- Birganj, District- Gomati, Tripura",Rangkang,16,Individual,Proporietor,Rangkang,16,,Gomati,,https://parivesh.nic.in/dms/okm/downloadDocument?docTypemappingId=40829&refId=123944337&refType=caf&uuid=7a1e9378-1802-45aa-afd6-e520450189a0&version=1.0,272174,https://parivesh.nic.in/newupgrade/#/report/ec?proposalId=123944634,1755.0,1755.0
124758802,Mining Plan of Kakraban Sand Block Mine Block ID - GMT- 103,New,SIA/TR/MIN/533822/2025,2025-04-12T09:34:07.466+00:00,,Proposal pulled back (withdrawn),0.3439,5.0,Kartik lal Das,,Application for EC for Mining of Minor Minerals of Mine Lease (0-5 HA) - Form-2,EC,B2,,M/S KARTIK LAL DAS,TRIPURA,Udaipur,KAKRABAN,,,"5814(P) Stock Plot- 5918, 5919",Hybrid,0.3439,0.0,0.3439,0.0,0.0,0.0,0.0,0.0,0,0,0,Not applicable as the project or activity is site specific,,NO,NO,NO,2025-08-30T10:16:24.955+00:00,,,,,,,,,,,,,,,,,,,,,,,,,,,,,,,,,,,,,,"Kakraban, Udaipur, Gomati, Tripura",Village,16,Individual,Proprietor,Village kakraban,16,,Gomati,"5814(P) Stock Plot- 5918, 5919",https://parivesh.nic.in/dms/okm/downloadDocument?docTypemappingId=40829&refId=124746584&refType=caf&uuid=18002527-50d7-4516-ae50-b6836c0ca72d&version=1.0,272246,https://parivesh.nic.in/newupgrade/#/report/ec?proposalId=124758802,0.0,1600.0
125094074,Proposal for diversion of Forest Land 16.130 Ha. for the work of Upgradation/ Strengthening of Road from Ambassa (NH-08) to Ganganagar under DFO Dhalai,New,FP/TR/ROAD/534437/2025,2025-04-18T07:59:30.211+00:00,,Pending on UA for Compensatory Levies Payment,25.811,9726.0,Public Works Department,,Forest clearance form,,,,Diversion of Forest Land for the work of Upgradation/ Strengthening of Road from Ambassa (NH-08) to Ganganagar under DFO Dhalai,TRIPURA,Ambassa,KULAI RFSERVED FOREST,,,"293,269,270,310,381,318,355,357,689,566,692,693,694,749,691,690,666,684,661,687,665,541,662,674,688,563,512,663,586,578",Linear,9.681,16.13,25.811,0.0,0.0,0.0,0.0,0.0,0,0,0,Not applicable as the project or activity is site specific,,NO,NO,NO,2025-04-19T14:01:34.829+00:00,https://parivesh.nic.in/dms/okm/downloadDocument?docTypemappingId=59020&refId=125094073&refType=fc&uuid=19693bf4-fe89-4b63-94b2-1b7e180bb490&version=1.0,Non-forest Land,true,,,,,,,,,,,,,,,,,,,,,,,,,,,,,,,,,,,"Office of the Executive Engineer, Public Works Department (N.H Division Agartala), Agartala, Tripura West.",,16,State Government (Department/Autonomous body),Executive Engineer,,16,,Dhalai,"293,269,270,310,381,318,355,357,689,566,692,693,694,749,691,690,666,684,661,687,665,541,662,674,688,563,512,663,586,578",https://parivesh.nic.in/dms/okm/downloadDocument?docTypemappingId=40829&refId=125091686&refType=caf&uuid=ac026bf9-c77c-4110-8dc7-fa8605c7bf76&version=1.0;https://parivesh.nic.in/dms/okm/downloadDocument?docTypemappingId=58989&refId=125091686&refType=FC&uuid=290290e0-6f0d-4a77-8234-8f06c6ff6d42&version=1.0,272504,https://parivesh.nic.in/newupgrade/#/report/ec?proposalId=125094074,1490.0,1465.0
125110434,"The Brick Earth , Near village-Mirza, Mouza-Rani, P.S- Kakraban, District-Gomati, State-Tripura, Area-1.8979 ha, (4.69 Acres), Plolit no.-1892/3480, Prepare under Governments of India Minor Minerals  Concession Rules, 1952 & 1961.",New,SIA/TR/MIN/534485/2025,2025-04-18T11:17:30.174+00:00,,Proposal pulled back (withdrawn),1.8979,10.0,tapan chandra debnath,,Application for EC for Mining of Minor Minerals of Mine Lease (0-5 HA) - Form-2,EC,B2,,Ramthakur Bricks,TRIPURA,Udaipur,RANI,,,1892/3480,Hybrid,1.8979,0.0,1.8979,0.0,0.0,0.0,0.0,0.0,0,0,0,Not applicable as the project or activity is site specific,,NO,NO,NO,2025-08-26T07:52:57.033+00:00,,,,,,,,,,,,,,,,,,,,,,,,,,,,,,,,,,,,,,"Chaygharia, Uttar Maharani",Mirza,16,Individual,proprietor,Mirza,16,,Gomati,1892/3480,https://parivesh.nic.in/dms/okm/downloadDocument?docTypemappingId=40829&refId=125096991&refType=caf&uuid=41bd0573-f7b1-4c06-9822-c1fe39369775&version=1.0,272250,https://parivesh.nic.in/newupgrade/#/report/ec?proposalId=125110434,0.0,4000.0
125324339,"Production capacity-1107 m³,Area - 0.7935 Hect. , plot no.- 1554,1555,1555/8896,999/93419,1000,1001,1005,1006,1007,1008,1009,1010/93421,998/93420",New,SIA/TR/MIN/534847/2025,2025-04-22T06:50:44.076+00:00,,Under Examination,0.7935,10.0,sawrup ghosh,,Application for EC for Mining of Minor Minerals of Mine Lease (0-5 HA) - Form-2,EC,B2,,"SUPURNA & SARABINDRA ENGINEERING CONSTRUCTION (SP), Brick Earth Mining",TRIPURA,Jirania,Jirania,,,,Linear,0.7935,0.0,0.7935,0.0,0.0,0.0,0.0,0.0,0,0,0,NO,NA,NO,NO,NO,2025-09-08T11:12:05.544+00:00,,,,,,,,,,,,,,,,,,,,,,,,,,,,,,,,,,,,,,"Town -pratapgarh, po; Agartala,PS;West Agartala,Dist-West Tripura",,16,Individual,proprietor,,16,,West Tripura,,https://parivesh.nic.in/dms/okm/downloadDocument?docTypemappingId=40828&refId=124925391&refType=caf&uuid=cc14a5fd-16d6-41cf-9a1b-a9a321bbc3ed&version=1.0;https://parivesh.nic.in/dms/okm/downloadDocument?docTypemappingId=40829&refId=124925391&refType=caf&uuid=d9e2316e-1c60-4fc8-bda3-adf2f9350e19&version=1.0,,https://parivesh.nic.in/newupgrade/#/report/ec?proposalId=125324339,2510.0,2510.0
125479397,Sand Block,New,SIA/TR/MIN/535082/2025,2025-04-23T13:45:46.306+00:00,,Under Examination,0.8795,10.0,Atish Majumder,,Environment clearance form,TOR,B2,Mining of minerals,M/s Atish Sand,TRIPURA,Kumarghat,BAGAICHHARA,,,806,Non - Linear,0.8795,0.0,0.8795,0.0,0.0,0.0,0.0,0.0,0,0,0,NO,n/a,NO,NO,NO,2025-06-12T13:14:00.497+00:00,,,,,,,,,,,,,,,,,,,,,,,,,,,,,,,,,,,,,,,,,,,,,,Unokoti,806,https://parivesh.nic.in/dms/okm/downloadDocument?docTypemappingId=40829&refId=125475301&refType=caf&uuid=0ada3d6d-729c-4077-bd2f-45540af38b35&version=1.0,272676,https://parivesh.nic.in/newupgrade/#/report/ec?proposalId=125479397,1752.0,1752.0
126056221,"""Diversion of forest land for the construction of road from 45 mile-Karkari para road to Kalaibasti under World Bank Aided Project,TRESP Under Khowai District of Tripura”.",New,FP/TR/ROAD/536108/2025,2025-05-01T14:07:56.056+00:00,,DELISTED_BY_SYSTEM,3.259,2528.0,Public Works Department,,Forest clearance form,,,,"""Diversion of forest land for the construction of road from 45 mile-Karkari para road to Kalaibasti under World Bank Aided Project,TRESP Under Khowai District of Tripura”.",TRIPURA,Teliamura,ATHARAMURA RESERVED FOREST,,,"Plot no 249, 256 Khatian no 3/26, 3/27",Linear,0.0,3.259,3.259,0.0,0.0,0.0,0.0,0.0,0,0,0,Not applicable as the project or activity is site specific,,NO,NO,NO,2025-11-06T18:30:00.000+00:00,,Degraded Forest Land,true,,,,,,,,,,,,,,,,,,,,,,,,,,,,,,,,,,,"O/o the Executive Engineer, Teliamura Division PWD(R&B).",,16,State Government (Department/Autonomous body),Executive Engineer,,16,,Khowai,"Plot no 249, 256 Khatian no 3/26, 3/27",https://parivesh.nic.in/dms/okm/downloadDocument?docTypemappingId=40829&refId=126055722&refType=caf&uuid=c049355b-ab55-448b-93de-80f7bf584e66&version=1.0;https://parivesh.nic.in/dms/okm/downloadDocument?docTypemappingId=58989&refId=126055722&refType=FC&uuid=be96b5a5-a599-4503-b5c5-5bb23329c672&version=1.0,271976,https://parivesh.nic.in/newupgrade/#/report/ec?proposalId=126056221,8960.0,7680.0
126272965,"The applicant M/s Bikash Sand of Shri Bikash Debnath had obtained sand mining lease by the Govt. of Tripura over an area of 0.90 Acres(0.3642 ha) on Manu River at village-Nidebi, P.O.-Kumarghat, P.S.-Kumarghat, Mouza-Kumarghat, Dist-Unakoti,Tripura, over river plot no.-1043(P), Stock plot-1237",New,SIA/TR/MIN/536465/2025,2025-05-05T08:48:17.596+00:00,,Proposal pulled back (withdrawn),0.3642,5.0,bikash debnath,,Application for EC for Mining of Minor Minerals of Mine Lease (0-5 HA) - Form-2,EC,B2,,Kumarghat Sand Block Mine( Block Id UNA-108),TRIPURA,Kumarghat,BETCHARAR,,,1043(P),Hybrid,0.3642,0.0,0.3642,0.0,0.0,0.0,0.0,0.0,0,0,0,NO,River bed sand mining project,NO,NO,NO,2025-09-01T11:43:29.410+00:00,,,,,,,,,,,,,,,,,,,,,,,,,,,,,,,,,,,,,,"72 saidapar, Purba Ratacherra",,16,Individual,Proprietor,,16,,Unokoti,1043(P),https://parivesh.nic.in/dms/okm/downloadDocument?docTypemappingId=40829&refId=126271926&refType=caf&uuid=581b15d4-230f-4b62-b8b9-3cd674341cf5&version=1.0,272703,https://parivesh.nic.in/newupgrade/#/report/ec?proposalId=126272965,0.0,1400.0
126592105,"Establishment of JEHOVAH ENGLISH ACADEMY at Kukibari, Dhuptali,  South District of Tripura.",New,FP/TR/SCH/537021/2025,2025-05-09T09:36:23.055+00:00,,Pending at UA for DFO EDS Reply,2.09,365.0,KHUPLAIA KUKI,,Forest clearance form,,,,"Establishment of JEHOVAH ENGLISH ACADEMY at Dhuptali,  South District of Tripura.",TRIPURA,Udaipur,DHUPTALI,,,"379, 380",Non - Linear,1.14,0.95,2.09,0.0,0.0,0.0,0.0,0.0,0,0,0,Not applicable as the project or activity is site specific,,NO,NO,NO,2026-05-15T18:30:00.000+00:00,,Degraded Forest Land,true,,,,,,,,,,,,,,,,,,,,,,,,,,,,,,,,,,,"Dhuptali, Udaipur, Gomati District of Tripura.","Kukibari, Dhuptali,  South District of Tripura.",16,Trust/NGO/Partnership,Office Asst.,,16,,Gomati,"379, 380",https://parivesh.nic.in/dms/okm/downloadDocument?docTypemappingId=40829&refId=126586509&refType=caf&uuid=c9092bcc-effa-4c31-8021-2978448ebd37&version=1.0;https://parivesh.nic.in/dms/okm/downloadDocument?docTypemappingId=58989&refId=126586509&refType=FC&uuid=ecd8fd93-ad93-48d1-a445-9af2962658ce&version=1.0,272254,https://parivesh.nic.in/newupgrade/#/report/ec?proposalId=126592105,4110.0,300.0
126664667,"""Diversion of 2.639 hectare of forest land for the construction of road from Kakracherra to Budhiham para via Baigan shing para under PMGSY Phase-III & PM JANAMAN under Khowai District of Tripura”.",New,FP/TR/ROAD/537175/2025,2025-05-10T12:33:27.555+00:00,,Pending at Nodal Officer due to EDS by State Secretary,2.696,270.0,Public Works Department,,Forest clearance form,,,,"""Diversion of 2.639 hectare of forest land for the construction of road from Kakracherra to Budhiham para via Baigan shing para under PMGSY Phase-III & PM JANAMAN under Khowai District of Tripura”.",TRIPURA,Teliamura,NUNACHHARA RESERVED FOREST,,,0.611 0.013 0.124 0.144 0.029 0.037 0.014 0.079 0.034 0.058 0.054 0.469 0.012 0.725 0.118 0.0117,Linear,0.057,2.639,2.696,0.0,0.0,0.0,0.0,0.0,0,0,0,Not applicable as the project or activity is site specific,,NO,NO,NO,2025-11-18T18:30:00.000+00:00,,Degraded Forest Land,true,,,,,,,,,,,,,,,,,,,,,,,,,,,,,,,,,,,"O/o the Executive Engineer, Teliamura Division PWD(R&B).",opposite side of Teliamura Police Station Office of the Executive Engineer PWD RnB,16,State Government (Department/Autonomous body),Executive Engineer,,16,,Khowai,0.611 0.013 0.124 0.144 0.029 0.037 0.014 0.079 0.034 0.058 0.054 0.469 0.012 0.725 0.118 0.0117,https://parivesh.nic.in/dms/okm/downloadDocument?docTypemappingId=40829&refId=126664137&refType=caf&uuid=b9f016b6-e3cd-40ea-a742-1724fd3b14ea&version=1.0;https://parivesh.nic.in/dms/okm/downloadDocument?docTypemappingId=58989&refId=126664137&refType=FC&uuid=d04ad49f-9d50-429c-beb6-61b2e62ca8be&version=1.0,271980,https://parivesh.nic.in/newupgrade/#/report/ec?proposalId=126664667,11220.0,8980.0
127191574,Proposal for diversion of additional 4.3 ha forest land for resettlement of BRU  Migrants and approach road of Mouja Kala Lawgang in favour of SDM Santirbazar,Expansion,FP/TR/OTHERS/538107/2025,2025-05-17T13:05:31.957+00:00,,Final Diversion Order Issued,0.0,9950.53,GOVERNMENT,,Forest clearance form,,,,Proposal for diversion additonal forest land for resettlement of BRU  Migrants and approach road of Mouja Kala Lawgang in favour of SDM Santirbazar,TRIPURA,Santirbazar,BARAMURA DEBTAMURA RESERVED FO,,,0,Non - Linear,0.0,0.0,0.0,0.0,4.3,4.3,9712.53,238.0,0,0,0,Not applicable as the project or activity is site specific,,NO,NO,NO,2025-05-17T14:57:46.052+00:00,,Degraded Forest Land,true,,,,,,,,,,,,,,,,,,,,,,,,,,,,,,,,,,,"OFFICE OF THE SDM , SANTIRBAZAR , SOUTH TRIPURA",Kala Lawgang,16,State Government (Department/Autonomous body),"SDM , SANTIRBAZAR",,16,,South Tripura,0,https://parivesh.nic.in/dms/okm/downloadDocument?docTypemappingId=40829&refId=127190410&refType=caf&uuid=14f21164-8ec9-45a4-9531-66b4a71ae7b6&version=1.0;https://parivesh.nic.in/dms/okm/downloadDocument?docTypemappingId=58989&refId=127190410&refType=FC&uuid=52b99dca-8e08-4c62-9e41-39d655157240&version=1.0,272341,https://parivesh.nic.in/newupgrade/#/report/ec?proposalId=127191574,3467090.0,124500.0
127412413,"Geophysical Survey in Tekka Tulshi RF, Betaga Ludhua RF, Amlighat PRF, Jalefa PRF, Manubazar PRF & Motai PRF falling in South Tripura district of Tripura state for preliminary sub surface mapping of the PML block awarded to ONGC.",New,FP/TR/SRY/538344/2025,2025-05-20T08:33:06.518+00:00,,Approval Granted,7521.78,3193.0,OIL AND NATURAL GAS CORPORATION LIMITED,,FormC_Exempted_Category_Part_I,,,,Area1: South Gojalia 2D Seismic Data Acquisition,TRIPURA,Sabroom,AMLIGHAT,,,,Non - Linear,2330.57,5191.21,7521.78,0.0,0.0,0.0,0.0,0.0,0,0,0,Not applicable as the project or activity is site specific,,NO,NO,NO,2025-05-21T06:32:39.805+00:00,,,,,,,,,,,,,,,,,,,,,,,,,,,,,,,,,,,,,,"Deendayal Urja Bhavan, 5, Nelson Mandela Marg, Vasant Kunj",Vasant Kunj,7,"Central PSU (eg. NHAI, AAI, NTP, CIL, SAIL)",SUPERINTENDING GEOPHYSICIST SURFACE,JORHAT,18,,South Tripura,,https://parivesh.nic.in/dms/okm/downloadDocument?docTypemappingId=40829&refId=127401722&refType=caf&uuid=55e17a42-1278-40f0-868f-fe3e1ec18d12&version=1.0,272412,https://parivesh.nic.in/newupgrade/#/report/ec?proposalId=127412413,0.0,49200.0
127465234,"Geophysical Survey in UGF, Atharamura Kalajhari RF, Baramura Debtamura RF, Chandrapur RF, Garjee RF, Hirapur PRF & Laxmipati PRF falling in Gomati district of Tripura state for preliminary sub surface mapping of the PML block awarded to ONGC",New,FP/TR/SRY/538427/2025,2025-05-20T15:12:53.477+00:00,,Approval Granted,2519.0,3193.0,OIL AND NATURAL GAS CORPORATION LIMITED,,FormC_Exempted_Category_Part_I,,,,2D Seismic data acquisition  of AA-ONHP-2018/4(Bogapha) project in  Gomati district,TRIPURA,Udaipur,PHULKUMARI,,,,Non - Linear,930.0,1589.0,2519.0,0.0,0.0,0.0,0.0,0.0,0,0,0,Not applicable as the project or activity is site specific,,NO,NO,NO,2025-05-21T10:17:58.605+00:00,,,,,,,,,,,,,,,,,,,,,,,,,,,,,,,,,,,,,,"Deendayal Urja Bhavan, 5, Nelson Mandela Marg, Vasant Kunj",Vasant Kunj,7,"Central PSU (eg. NHAI, AAI, NTP, CIL, SAIL)",SUPERINTENDING GEOPHYSICIST SURFACE,JORHAT,18,,Gomati,,https://parivesh.nic.in/dms/okm/downloadDocument?docTypemappingId=40829&refId=127462708&refType=caf&uuid=b8fdaf0e-b55e-42c8-af16-13463a8ab1a2&version=1.0,272235,https://parivesh.nic.in/newupgrade/#/report/ec?proposalId=127465234,0.0,49200.0
127471967,"Geophysical Survey in UGF, Chandraipara RF, Deo RF Part, Kulai RF, Kulai RF Extension & Longtharai RF falling in Dhalai district of Tripura state for preliminary sub surface mapping of the PML block awarded to ONGC",New,FP/TR/SRY/538435/2025,2025-05-21T03:24:21.738+00:00,,Approval Granted,882.0,3193.0,OIL AND NATURAL GAS CORPORATION LIMITED,,FormC_Exempted_Category_Part_I,,,,"Area 2: Regional Long Offset 2D Lines, Tripura Seismic Data Acquisition",TRIPURA,Longtharai Valley,NA,,,,Non - Linear,170.0,712.0,882.0,0.0,0.0,0.0,0.0,0.0,0,0,0,Not applicable as the project or activity is site specific,,NO,NO,NO,2025-05-21T12:33:17.763+00:00,,,,,,,,,,,,,,,,,,,,,,,,,,,,,,,,,,,,,,"Deendayal Urja Bhavan, 5, Nelson Mandela Marg, Vasant Kunj",Vasant Kunj,7,"Central PSU (eg. NHAI, AAI, NTP, CIL, SAIL)",SUPERINTENDING GEOPHYSICIST SURFACE,JORHAT,18,,Dhalai,,https://parivesh.nic.in/dms/okm/downloadDocument?docTypemappingId=40829&refId=127471768&refType=caf&uuid=e616653b-9276-46ec-b78c-b8bbaa83cfb6&version=1.0,272483,https://parivesh.nic.in/newupgrade/#/report/ec?proposalId=127471967,0.0,49200.0
127480586,"Geophysical Survey in UGF, & Deo RF falling in Unakoti district of Tripura state for preliminary sub surface mapping of the PML block awarded to ONGC",New,FP/TR/SRY/538445/2025,2025-05-21T05:22:26.379+00:00,,Approval Granted,249.0,3193.0,OIL AND NATURAL GAS CORPORATION LIMITED,,FormC_Exempted_Category_Part_I,,,,2D Seismic data acquisition  of Regional Long offset 2D lines project  in Unakoti district,TRIPURA,Longtharai Valley,M A N U  B L O C K,,,,Non - Linear,42.0,207.0,249.0,0.0,0.0,0.0,0.0,0.0,0,0,0,Not applicable as the project or activity is site specific,,NO,NO,NO,2025-06-18T18:30:00.000+00:00,,,,,,,,,,,,,,,,,,,,,,,,,,,,,,,,,,,,,,"Deendayal Urja Bhavan, 5, Nelson Mandela Marg, Vasant Kunj",Vasant Kunj,7,"Central PSU (eg. NHAI, AAI, NTP, CIL, SAIL)",SUPERINTENDING GEOPHYSICIST SURFACE,JORHAT,18,,Dhalai,,https://parivesh.nic.in/dms/okm/downloadDocument?docTypemappingId=40829&refId=127476848&refType=caf&uuid=f72646ed-122a-4f26-8309-d0ed93963cb0&version=1.0,0,https://parivesh.nic.in/newupgrade/#/report/ec?proposalId=127480586,0.0,49200.0
127701012,"Geophysical Survey in Juri RF, Damchhara RF & Indurail PRF falling in North Tripura district of Tripura state for preliminary sub surface mapping of the PML block awarded to ONGC",New,FP/TR/SRY/538705/2025,2025-05-23T03:03:11.248+00:00,,Approval Granted,10887.0,4490.0,OIL AND NATURAL GAS CORPORATION LIMITED,,FormC_Exempted_Category_Part_I,,,,3D Seismic data acquisition  of Longai-PH-II  project in North Tripura,TRIPURA,Panisagar,DAKSHIN PADMABIL,,,,Non - Linear,9194.0,1693.0,10887.0,0.0,0.0,0.0,0.0,0.0,0,0,0,Not applicable as the project or activity is site specific,,NO,NO,NO,2025-05-28T18:30:00.000+00:00,,,,,,,,,,,,,,,,,,,,,,,,,,,,,,,,,,,,,,"Deendayal Urja Bhavan, 5, Nelson Mandela Marg, Vasant Kunj",Vasant Kunj,7,"Central PSU (eg. NHAI, AAI, NTP, CIL, SAIL)",SUPERINTENDING GEOPHYSICIST SURFACE,JORHAT,18,,North Tripura,,https://parivesh.nic.in/dms/okm/downloadDocument?docTypemappingId=40829&refId=127700090&refType=caf&uuid=8adbe76e-3db0-4fc2-9a2a-97f50f30550a&version=1.0,272653,https://parivesh.nic.in/newupgrade/#/report/ec?proposalId=127701012,0.0,49200.0
127922739,Diversion of 1.544 ha. of forest land for the construction of road from A. T road to Raban para road to Adi Devendra para under PMGSY Phase-III & PM JANAMAN under Gomati District of Tripura.,New,FP/TR/ROAD/539003/2025,2025-05-25T08:51:50.784+00:00,,Pending at PP due to EDS by Nodal Officer,1.544,121.22,Public Works Department,,Forest clearance form,,,,Diversion of 1.544 ha. of forest land for the construction of road from A. T road to Raban para road to Adi Devendra para under PMGSY Phase-III & PM JANAMAN under Gomati District of Tripura.,TRIPURA,Amarpur,PASCHIM KALAJHARI R.F,,,"123, 137",Linear,0.0,1.544,1.544,0.0,0.0,0.0,0.0,0.0,0,0,0,Not applicable as the project or activity is site specific,,NO,NO,NO,2025-12-08T18:30:00.000+00:00,,Degraded Forest Land,true,,,,,,,,,,,,,,,,,,,,,,,,,,,,,,,,,,,"Office of the Executive Engineer,  PWD, Amarpur Division, Amarpur, Gomati Tripura",Amarpur,16,State Government (Department/Autonomous body),Executive Engineer,,16,,Gomati,"123, 137",https://parivesh.nic.in/dms/okm/downloadDocument?docTypemappingId=40829&refId=127922624&refType=caf&uuid=95556f8b-bd5e-4a78-983b-fc178657c735&version=1.0;https://parivesh.nic.in/dms/okm/downloadDocument?docTypemappingId=58989&refId=127922624&refType=FC&uuid=9a067bb7-5f47-403d-b1fa-42e6e61cc2de&version=1.0,272161,https://parivesh.nic.in/newupgrade/#/report/ec?proposalId=127922739,7980.0,5760.0
127923435,Diversion of 2.080 ha. of forest land for the construction of road from   AB-Chellagang Road to Madhufung via Salnaiya Para under PMGSY Phase-III & PM JANAMAN under Gomati District of Tripura.,New,FP/TR/ROAD/539007/2025,2025-05-25T09:59:18.569+00:00,,Pending at UA due to Delisting by Authority,2.411,326.89,Public Works Department,,Forest clearance form,,,,Diversion of 2.080 ha. of forest land for the construction of road from   AB-Chellagang Road to Madhufung via Salnaiya Para under PMGSY Phase-III & PM JANAMAN under Gomati District of Tripura.,TRIPURA,Amarpur,Kurmachhera,,,68 102 124 138,Linear,0.331,2.08,2.411,0.0,0.0,0.0,0.0,0.0,0,0,0,Not applicable as the project or activity is site specific,,NO,NO,NO,2025-12-08T18:30:00.000+00:00,,Degraded Forest Land,true,,,,,,,,,,,,,,,,,,,,,,,,,,,,,,,,,,,"Office of the Executive Engineer,  PWD, Amarpur Division, Amarpur, Gomati Tripura",,16,State Government (Department/Autonomous body),Executive Engineer,,16,,Gomati,68 102 124 138,https://parivesh.nic.in/dms/okm/downloadDocument?docTypemappingId=40829&refId=127923280&refType=caf&uuid=47e7ce8a-de73-40b9-89f6-49cb7d2d0b0b&version=1.0;https://parivesh.nic.in/dms/okm/downloadDocument?docTypemappingId=58989&refId=127923280&refType=FC&uuid=246b6a2d-786e-4893-8e07-38b77eab35c7&version=1.0,272177,https://parivesh.nic.in/newupgrade/#/report/ec?proposalId=127923435,10040.0,7860.0
127924515,Construction of road for the  Development of the state,New,FP/TR/ROAD/539011/2025,2025-05-25T11:28:15.992+00:00,,Pending at UA due to Delisting by Authority,1.368,121.22,Public Works Department,,Forest clearance form,,,,Diversion of 1.069 ha. of forest land for the construction of road from Amarpur-Udaipur Road  to Sitajoy para via Matrangi bari under PMGSY Phase-III & PM JANAMAN under DFO Gumati District of Tripura.,TRIPURA,Amarpur,Baramura Debatamura Reserve Forest,,,378,Linear,0.299,1.069,1.368,0.0,0.0,0.0,0.0,0.0,0,0,0,Not applicable as the project or activity is site specific,,NO,NO,NO,2025-12-08T18:30:00.000+00:00,,Degraded Forest Land,true,,,,,,,,,,,,,,,,,,,,,,,,,,,,,,,,,,,"Office of the Executive Engineer,  PWD, Amarpur Division, Amarpur, Gomati Tripura",,16,State Government (Department/Autonomous body),Executive Engineer,,16,,Gomati,378,https://parivesh.nic.in/dms/okm/downloadDocument?docTypemappingId=40829&refId=127924431&refType=caf&uuid=dbb48e48-b1ba-4818-bc70-4385358f00d1&version=1.0;https://parivesh.nic.in/dms/okm/downloadDocument?docTypemappingId=58989&refId=127924431&refType=FC&uuid=2b74607b-3044-47d6-a2dc-1f79b92cd1b0&version=1.0,272175,https://parivesh.nic.in/newupgrade/#/report/ec?proposalId=127924515,7860.0,4950.0
127925070,Diversion of 1.363 ha. of forest land for the construction of road from Rambabu para to Dangrama para under PMGSY Phase-III & PM JANAMAN under DFO Gumati District of Tripura.,New,FP/TR/ROAD/539013/2025,2025-05-25T12:04:26.707+00:00,,Pending at UA due to Delisting by Authority,1.839,168.66,Public Works Department,,Forest clearance form,,,,Diversion of 1.363 ha. of forest land for the construction of road from Rambabu para to Dangrama para under PMGSY Phase-III & PM JANAMAN under DFO Gumati District of Tripura.,TRIPURA,Amarpur,PASCHIM DALUMA,,,1258 1297 1301 1302 1303 1304 1305 1306 1307 1323 1324 1325 1330 1331 1332 1333 1334 1337 1349 2005 2180,Linear,0.476,1.363,1.839,0.0,0.0,0.0,0.0,0.0,0,0,0,Not applicable as the project or activity is site specific,,NO,NO,NO,2025-12-08T18:30:00.000+00:00,,Degraded Forest Land,true,,,,,,,,,,,,,,,,,,,,,,,,,,,,,,,,,,,"Office of the Executive Engineer,  PWD, Amarpur Division, Amarpur, Gomati Tripura",,16,State Government (Department/Autonomous body),Executive Engineer,,16,,Gomati,1258 1297 1301 1302 1303 1304 1305 1306 1307 1323 1324 1325 1330 1331 1332 1333 1334 1337 1349 2005 2180,https://parivesh.nic.in/dms/okm/downloadDocument?docTypemappingId=40829&refId=127924864&refType=caf&uuid=c3fd3d94-b942-4c58-8817-ab4844c68f21&version=1.0;https://parivesh.nic.in/dms/okm/downloadDocument?docTypemappingId=58989&refId=127924864&refType=FC&uuid=8a3f0142-e3ce-4c2b-aacd-45b64f369272&version=1.0,0,https://parivesh.nic.in/newupgrade/#/report/ec?proposalId=127925070,7980.0,5680.0
128020878,"Production Capacity- 2337 TPA
Area- 0.9797 Hect.
Plot No.- 7949, 8028, 8029, 8030",New,SIA/TR/MIN/539138/2025,2025-05-26T10:54:27.652+00:00,,Under Examination,0.9797,10.0,Smt. Gayatri Das,,Application for EC for Mining of Minor Minerals of Mine Lease (0-5 HA) - Form-2,EC,B2,,"M/s RAMKRISHNA BRICKS INDUSTRIES, PLOT NO.- 7949, 8028, 8029, 8030, AREA- 0.9797 HECT.",TRIPURA,Jirania,PURBA DEBENDRANAGAR,,,,Non - Linear,0.9797,0.0,0.9797,0.0,0.0,0.0,0.0,0.0,0,0,0,NO,na,NO,NO,NO,2025-08-21T05:54:10.227+00:00,,,,,,,,,,,,,,,,,,,,,,,,,,,,,,,,,,,,,,"Banamalipura, P.O.- Agartala, District - West Tripura,",Banamalipura,16,Individual,Proprieter,Banamalipura,16,,West Tripura,,https://parivesh.nic.in/dms/okm/downloadDocument?docTypemappingId=40829&refId=128011802&refType=caf&uuid=19f0cab5-14d2-4d7c-8a16-ee47b667bb8e&version=1.0,271994,https://parivesh.nic.in/newupgrade/#/report/ec?proposalId=128020878,2510.0,2510.0
128361256,Diversion of Forest Land for the Construction of road from KMA road to Dhumjakrai Reang Para.,New,FP/TR/ROAD/539485/2025,2025-05-28T12:26:04.119+00:00,,DELISTED_BY_SYSTEM,2.225,235.06,Public Works Department,,Forest clearance form,,,,Diversion of Forest Land for the Construction of road from KMA road to Dhumjakrai Reang Para.,TRIPURA,Ambassa,BAGMARA,,,1375 1396 1420 1432 553 553,Linear,1.132,1.093,2.225,0.0,0.0,0.0,0.0,0.0,0,0,0,Not applicable as the project or activity is site specific,,NO,NO,NO,2025-05-28T12:57:16.220+00:00,,Degraded Forest Land,true,,,,,,,,,,,,,,,,,,,,,,,,,,,,,,,,,,,"Office of the Executive Engineer, Ambassa Division, PWD (R&B), Ambassa, Dhalai Tripura.",,16,State Government (Department/Autonomous body),Executive Engineer,,16,,Dhalai,1375 1396 1420 1432 553 553,https://parivesh.nic.in/dms/okm/downloadDocument?docTypemappingId=40829&refId=128344638&refType=caf&uuid=78192085-9e92-4561-9413-0bb1b9854c61&version=1.0;https://parivesh.nic.in/dms/okm/downloadDocument?docTypemappingId=58989&refId=128344638&refType=FC&uuid=a9420fbd-650f-4908-bd89-e00bca550118&version=1.0,0,https://parivesh.nic.in/newupgrade/#/report/ec?proposalId=128361256,6860.0,3740.0
128434114,Diversion of Forest Land for the Construction of road from L401-Ganganagar - Teliamura Road to Shibdhan Para under PMGSY Phase - III & PM Janaman Yojana.,New,FP/TR/ROAD/539549/2025,2025-05-29T06:58:39.321+00:00,,Pending at PP due to EDS by Nodal Officer,2.5329,314.77,Public Works Department,,Forest clearance form,,,,Diversion of Forest Land for the Construction of road from L401-Ganganagar - Teliamura Road to Shibdhan Para under PMGSY Phase - III & PM Janaman Yojana.,TRIPURA,Ambassa,KARMAPARA,,,"23, 51, 52",Linear,0.0,2.5329,2.5329,0.0,0.0,0.0,0.0,0.0,0,0,0,Not applicable as the project or activity is site specific,,NO,NO,NO,2026-07-16T18:30:00.000+00:00,,Degraded Forest Land,true,,,,,,,,,,,,,,,,,,,,,,,,,,,,,,,,,,,"Office of the Executive Engineer, Ambassa Division, PWD (R&B), Ambassa, Dhalai Tripura.",,16,State Government (Department/Autonomous body),Executive Engineer,,16,,Dhalai,"23, 51, 52",https://parivesh.nic.in/dms/okm/downloadDocument?docTypemappingId=40829&refId=128419015&refType=caf&uuid=2fc8cadd-bf4c-4756-8b69-7cee9c2657b5&version=1.0;https://parivesh.nic.in/dms/okm/downloadDocument?docTypemappingId=58989&refId=128419015&refType=FC&uuid=758a7dcd-5459-427d-8dc8-db6fe9930949&version=1.0,272506,https://parivesh.nic.in/newupgrade/#/report/ec?proposalId=128434114,10060.0,7860.0
128445381,Diversion of Forest Land for the Construction of road from Ambassa - Gandacherra BT road (14 Mile Pt.) to Karti Kr. Para.,New,FP/TR/ROAD/539565/2025,2025-05-29T07:38:25.268+00:00,,Pending at UA due to Delisting by Authority,8.79,1182.9,Public Works Department,,Forest clearance form,,,,Diversion of Forest Land for the Construction of road from Ambassa - Gandacherra BT road (14 Mile Pt.) to Karti Kr. Para.,TRIPURA,Ambassa,KARNAMUNIPARA,,,0.438 0.308 0.102,Linear,0.199,8.591,8.79,0.0,0.0,0.0,0.0,0.0,0,0,0,Not applicable as the project or activity is site specific,,NO,NO,NO,2025-06-25T18:30:00.000+00:00,https://parivesh.nic.in/dms/okm/downloadDocument?docTypemappingId=59020&refId=128445380&refType=fc&uuid=681b909d-7b90-42ef-9dbe-79eeb4695945&version=1.0,Degraded Forest Land,true,,,,,,,,,,,,,,,,,,,,,,,,,,,,,,,,,,,"Office of the Executive Engineer, Ambassa Division, PWD (R&B), Ambassa, Dhalai Tripura.",,16,State Government (Department/Autonomous body),Executive Engineer,,16,,Dhalai,0.438 0.308 0.102,https://parivesh.nic.in/dms/okm/downloadDocument?docTypemappingId=40829&refId=126876471&refType=caf&uuid=fbe2fd6d-311e-4114-8322-b5f69bbdd470&version=1.0;https://parivesh.nic.in/dms/okm/downloadDocument?docTypemappingId=58989&refId=126876471&refType=FC&uuid=c7190acf-9ceb-4d3b-8151-0043b3dc8c29&version=1.0,272508,https://parivesh.nic.in/newupgrade/#/report/ec?proposalId=128445381,12220.0,13220.0
128688133,"Steel Plant (Cold rolled Products, 1.5 LTPA, and Galvanized Sheet/Strips, 0.5 LTPA) along with gas based captive power plant (3.6 MW) at Bodhjunganagar Industrial Growth Centre, Industrial Zone 1, Bodhjunganagar, R.K Nagar, Agartala, West Tripura",New,SIA/TR/IND1/539823/2025,2025-05-30T13:00:04.595+00:00,,Proposal Accepted and Referred to SEAC,9.6,20000.0,AARVI ENGINEERING AND CONSTRUCTION PRIVATE LIMITED,,Application for Transfer of EC- Form-7,OTHER,B1,,Aarvi Engineering and Construction Private Limited CRM,TRIPURA,Mohanpur,BODHJANGNAGAR,J-11011/561/2007-IA II (I),J-11011/561/2007-IA II (I),,Non - Linear,9.6,0.0,9.6,0.0,0.0,0.0,0.0,0.0,0,0,0,NO,Existing Project,NO,NO,NO,2025-07-01T12:09:02.712+00:00,,,,,,,,,,,,,,,,,,,,,,,,,,,,,,,,,,,,,,"Flat No. 4A, Tobacco House 1
Old Cout House, Lalbazar (Kolkata)",Kolkata,19,Private Limited,Vice President,,16,,West Tripura,,https://parivesh.nic.in/dms/okm/downloadDocument?docTypemappingId=40829&refId=128638011&refType=caf&uuid=9b65d1cc-8dd2-4d21-be51-9ac6bbd0f843&version=1.0,271860,https://parivesh.nic.in/newupgrade/#/report/ec?proposalId=128688133,14000.0,91250.0
129267085,Diversion of Forest Land for the Construction of road from Ambassa - Gandacherra BT road (4.5 Mile Pt.) to Pusparam Para.,New,FP/TR/ROAD/540386/2025,2025-06-05T08:17:25.730+00:00,,Pending at Nodal Officer due to EDS by State Secretary,7.146,870.0,Public Works Department,,Forest clearance form,,,,Diversion of Forest Land for the Construction of road from Ambassa - Gandacherra BT road (1.5 Mile Pt.) to Pusparam Para.,TRIPURA,Ambassa,Kulai Reserve Forest,,,325 327 355 357 401 405 500 454 435 497 473 447 494 466 465 450 499,Linear,1.258,5.888,7.146,0.0,0.0,0.0,0.0,0.0,0,0,0,Not applicable as the project or activity is site specific,,NO,NO,NO,2025-06-25T18:30:00.000+00:00,https://parivesh.nic.in/dms/okm/downloadDocument?docTypemappingId=59020&refId=129267084&refType=fc&uuid=ef558884-ca05-4fe1-ab5d-da17c6509324&version=1.0,Degraded Forest Land,true,,,,,,,,,,,,,,,,,,,,,,,,,,,,,,,,,,,"Office of the Executive Engineer, Ambassa Division, PWD (R&B), Ambassa, Dhalai Tripura.",,16,State Government (Department/Autonomous body),Executive Enginner,,16,,Dhalai,325 327 355 357 401 405 500 454 435 497 473 447 494 466 465 450 499,https://parivesh.nic.in/dms/okm/downloadDocument?docTypemappingId=40829&refId=126904420&refType=caf&uuid=feb2bd22-a84d-4a78-bd2e-7482316575aa&version=1.0;https://parivesh.nic.in/dms/okm/downloadDocument?docTypemappingId=58989&refId=126904420&refType=FC&uuid=12e1add3-bb77-4696-b73b-00d387b5b10d&version=1.0,272504,https://parivesh.nic.in/newupgrade/#/report/ec?proposalId=129267085,8980.0,6860.0
129270287,Diversion of 2.722 ha. of forest land for the construction of road from Manuchailengta Panchayet office-Naubarai Para road to Birendra Para under PMGSY Phase-III & PM JANAMAN under DFO North District of Tripura.,New,FP/TR/ROAD/540394/2025,2025-06-05T08:47:35.045+00:00,,Pending at UA for Compliance Report,2.722,311.5,Public Works Department,,Forest clearance form,,,,Diversion of 2.722 ha. of forest land for the construction of road from Manuchailengta Panchayet office-Naubarai Para road to Birendra Para under PMGSY Phase-III & PM JANAMAN under DFO North District of Tripura.,TRIPURA,Kanchanpur,MANU CHNAILANTA RESERVED FORES,,,146 122 126 125 123 115 79 80 191,Linear,0.0,2.722,2.722,0.0,0.0,0.0,0.0,0.0,0,0,0,Not applicable as the project or activity is site specific,,NO,NO,NO,2025-08-12T18:30:00.000+00:00,,Degraded Forest Land,true,,,,,,,,,,,,,,,,,,,,,,,,,,,,,,,,,,,"Office of the Executive Engineer, PWD (R&B) Kanchanpur Division, Kanchanpur North Tripura.",,16,State Government (Department/Autonomous body),Executive Engineer,,16,,North Tripura,146 122 126 125 123 115 79 80 191,https://parivesh.nic.in/dms/okm/downloadDocument?docTypemappingId=40829&refId=129269455&refType=caf&uuid=c122e7ca-bd79-414c-8943-2f8ade0c4437&version=1.0;https://parivesh.nic.in/dms/okm/downloadDocument?docTypemappingId=58989&refId=129269455&refType=FC&uuid=3662d3c1-b8ee-4805-80d3-2e27c9ed2dad&version=1.0,272716,https://parivesh.nic.in/newupgrade/#/report/ec?proposalId=129270287,6980.0,3860.0
129274865,Diversion of 4.452 ha. of forest land for the construction of road from Pushparam Para to Sarpojoy Para via Bijoy Kumar Para under PMGSY Phase-III & PM JANAMAN under DFO North District of Tripura.,New,FP/TR/ROAD/540401/2025,2025-06-05T09:27:05.572+00:00,,Pending at Nodal Officer due to EDS by State Secretary,4.452,505.7,Public Works Department,,Forest clearance form,,,,Diversion of 4.452 ha. of forest land for the construction of road from Pushparam Para to Sarpojoy Para via Bijoy Kumar Para under PMGSY Phase-III & PM JANAMAN under DFO North District of Tripura.,TRIPURA,Kanchanpur,Central Catchment Reserve Forest,,,1857 1859 1976 1861 1908 1912 1890 1925 1906 1903 1900 1904 1905 1927 1858,Linear,0.0,4.452,4.452,0.0,0.0,0.0,0.0,0.0,0,0,0,Not applicable as the project or activity is site specific,,NO,NO,NO,2025-12-03T18:30:00.000+00:00,,Degraded Forest Land,true,,,,,,,,,,,,,,,,,,,,,,,,,,,,,,,,,,,"Office of the Executive Engineer, PWD (R&B) Kanchanpur Division, Kanchanpur North Tripura.",,16,State Government (Department/Autonomous body),Executive Engineer,,16,,North Tripura,1857 1859 1976 1861 1908 1912 1890 1925 1906 1903 1900 1904 1905 1927 1858,https://parivesh.nic.in/dms/okm/downloadDocument?docTypemappingId=40829&refId=129272153&refType=caf&uuid=c4533a0e-9bc5-4a30-a02b-606fff78da1d&version=1.0;https://parivesh.nic.in/dms/okm/downloadDocument?docTypemappingId=58989&refId=129272153&refType=FC&uuid=9612fc56-5a6c-463e-a830-dadcfc3bbc48&version=1.0,272743,https://parivesh.nic.in/newupgrade/#/report/ec?proposalId=129274865,8980.0,5860.0
129297698,Diversion of 2.506 ha. of forest land for the construction of road from NH-44A to Jamarai para under PMGSY Phase-III & PM JANAMAN under DFO North District of Tripura.,New,FP/TR/ROAD/540437/2025,2025-06-05T11:21:18.524+00:00,,Pending at UA for Compliance Report,2.685,301.4,Public Works Department,,Forest clearance form,,,,Diversion of 2.506 ha. of forest land for the construction of road from NH-44A to Jamarai para under PMGSY Phase-III & PM JANAMAN under DFO North District of Tripura.,TRIPURA,Kanchanpur,UJAN MACHHMARA R.F.,,,2294 2296 2292 2239,Linear,0.179,2.506,2.685,0.0,0.0,0.0,0.0,0.0,0,0,0,Not applicable as the project or activity is site specific,,NO,NO,NO,2025-08-02T18:30:00.000+00:00,,Degraded Forest Land,true,,,,,,,,,,,,,,,,,,,,,,,,,,,,,,,,,,,"Office of the Executive Engineer, PWD (R&B) Kanchanpur Division, Kanchanpur North Tripura.",,16,State Government (Department/Autonomous body),Executive Engineer,,16,,North Tripura,2294 2296 2292 2239,https://parivesh.nic.in/dms/okm/downloadDocument?docTypemappingId=40829&refId=129292623&refType=caf&uuid=0164258b-ad52-455b-98a2-460ddeb5acba&version=1.0;https://parivesh.nic.in/dms/okm/downloadDocument?docTypemappingId=58989&refId=129292623&refType=FC&uuid=dbbb5173-ac75-443f-83e3-331af9035662&version=1.0,272708,https://parivesh.nic.in/newupgrade/#/report/ec?proposalId=129297698,7980.0,5860.0
129305565,Diversion of 6.879 ha. of forest land for the construction of road from Hazacherra to Gain Bari under PMGSY Phase-III & PM JANAMAN under DFO North District of Tripura.,New,FP/TR/ROAD/540449/2025,2025-06-05T12:01:35.274+00:00,,Pending at MS for Recommendation in PSC-II,7.026,844.26,Public Works Department,,Forest clearance form,,,,Diversion of 6.879 ha. of forest land for the construction of road from Hazacherra to Gain Bari under PMGSY Phase-III & PM JANAMAN under DFO North District of Tripura.,TRIPURA,Kanchanpur,Central Catchment Reserve Forest,,,366 351 352 1558 1555 1522 1589 1587 1588 1590 1530 1535,Linear,0.147,6.879,7.026,0.0,0.0,0.0,0.0,0.0,0,0,0,Not applicable as the project or activity is site specific,,NO,NO,NO,2026-02-19T18:30:00.000+00:00,https://parivesh.nic.in/dms/okm/downloadDocument?docTypemappingId=59020&refId=129305564&refType=fc&uuid=d19e9b6f-3926-44c4-9546-2da22dd79150&version=1.0,Degraded Forest Land,true,,,,,,,,,,,,,,,,,,,,,,,,,,,,,,,,,,,"Office of the Executive Engineer, PWD (R&B) Kanchanpur Division, Kanchanpur North Tripura.",,16,State Government (Department/Autonomous body),Executive Engineer,,16,,North Tripura,366 351 352 1558 1555 1522 1589 1587 1588 1590 1530 1535,https://parivesh.nic.in/dms/okm/downloadDocument?docTypemappingId=40829&refId=129304541&refType=caf&uuid=062467f7-f4d8-4f9f-a0a9-fe1d1bfc3380&version=1.0;https://parivesh.nic.in/dms/okm/downloadDocument?docTypemappingId=58989&refId=129304541&refType=FC&uuid=67f97506-4ed5-4bdc-8292-039d0b308920&version=1.0,272743,https://parivesh.nic.in/newupgrade/#/report/ec?proposalId=129305565,7980.0,6040.0
129310795,Diversion of 6.436 ha. of forest land for the construction of road from Manu Chailengta - Panchayat office to Noubakrai Para under PMGSY Phase-III & PM JANAMAN under DFO North District of Tripura.,New,FP/TR/ROAD/540467/2025,2025-06-05T12:36:13.086+00:00,,Rejected in PSC-I,6.436,936.8,Public Works Department,,Forest clearance form,,,,Diversion of 6.436 ha. of forest land for the construction of road from Manu Chailengta - Panchayat office to Noubakrai Para under PMGSY Phase-III & PM JANAMAN under DFO North District of Tripura.,TRIPURA,Kanchanpur,MANU CHNAILANTA RESERVED FORES,,,170 146 10 41 44 45 46 47 48 49 54 55 56 57 52 53 68 43 59,Linear,0.0,6.436,6.436,0.0,0.0,0.0,0.0,0.0,0,0,0,Not applicable as the project or activity is site specific,,NO,NO,NO,2025-12-17T18:30:00.000+00:00,https://parivesh.nic.in/dms/okm/downloadDocument?docTypemappingId=59020&refId=129310794&refType=fc&uuid=b9f70033-dc4c-4b6a-a085-758a3baac772&version=1.0,Degraded Forest Land,true,,,,,,,,,,,,,,,,,,,,,,,,,,,,,,,,,,,"Office of the Executive Engineer, PWD (R&B) Kanchanpur Division, Kanchanpur North Tripura.",,16,State Government (Department/Autonomous body),Executive Engineer,,16,,North Tripura,170 146 10 41 44 45 46 47 48 49 54 55 56 57 52 53 68 43 59,https://parivesh.nic.in/dms/okm/downloadDocument?docTypemappingId=40829&refId=129309512&refType=caf&uuid=68a36a1f-1a2f-4b60-9751-0087d9a041bb&version=1.0;https://parivesh.nic.in/dms/okm/downloadDocument?docTypemappingId=58989&refId=129309512&refType=FC&uuid=764ffc93-6afa-44d5-9159-bd927fa4c851&version=1.0,272716,https://parivesh.nic.in/newupgrade/#/report/ec?proposalId=129310795,7980.0,6220.0
129311317,"Diversion of Forest Land for the work of Improvement/ Strengthening of road from MRL01-NH44 A Lalcherra to Bijoy Master Para via Laldinga Bari, Pushiham Para and Purna Karbari Para under PMGSY Phase - III & PM JANAMAN Yojana under DFO Dhalai .",New,FP/TR/ROAD/540468/2025,2025-06-05T12:39:48.674+00:00,,REMOVED,8.551,936.8,Public Works Department,,Forest clearance form,,,,"Diversion of Forest Land for the work of Improvement/ Strengthening of road from MRL01-NH44 A Lalcherra to Bijoy Master Para via Laldinga Bari, Pushiham Para and Purna Karbari Para under PMGSY Phase - III & PM JANAMAN Yojana under DFO Dhalai .",TRIPURA,Longtharai Valley,MANU CHAILENGTA RESERVED FORES,,,400 301 696 715 340 333 332 331 330 1001 659 401 399 382 261 714 728 701 728 338 336 335,Linear,0.602,7.949,8.551,0.0,0.0,0.0,0.0,0.0,0,0,0,Not applicable as the project or activity is site specific,,NO,NO,NO,2025-06-05T12:59:38.680+00:00,https://parivesh.nic.in/dms/okm/downloadDocument?docTypemappingId=59020&refId=129311316&refType=fc&uuid=64fc1a3b-8ef5-4a05-804d-016c4d482670&version=1.0,Degraded Forest Land,true,,,,,,,,,,,,,,,,,,,,,,,,,,,,,,,,,,,"Office of the Executive Engineer, Public Works Department, (R&B), LTV Division, Manu, Dhalai District of Tripura.",,16,State Government (Department/Autonomous body),Executive Engineer,,16,,Dhalai,400 301 696 715 340 333 332 331 330 1001 659 401 399 382 261 714 728 701 728 338 336 335,https://parivesh.nic.in/dms/okm/downloadDocument?docTypemappingId=40829&refId=129308005&refType=caf&uuid=002e58e3-73e3-40df-bc6a-db8195c0b939&version=1.0;https://parivesh.nic.in/dms/okm/downloadDocument?docTypemappingId=58989&refId=129308005&refType=FC&uuid=528ade7c-569b-4529-a3d3-af4122bf71fa&version=1.0,272487,https://parivesh.nic.in/newupgrade/#/report/ec?proposalId=129311317,11580.0,9080.0
129315295,Diversion of Forest Land for the work of Improvement/ Strengthening of road from MRL05-NH44 A near Fishery Para to Mainama - Lalcherra road via Sub Divisional Hospital and LTV Degree College under PMGSY Phase - III & PM JANAMAN Yojana under DFO Dhalai .,New,FP/TR/ROAD/540474/2025,2025-06-05T13:20:19.177+00:00,,Pending at Nodal Officer due to EDS by State Secretary,4.522,282.38,Public Works Department,,Forest clearance form,,,,Diversion of Forest Land for the work of Improvement/ Strengthening of road from MRL05-NH44 A near Fishery Para to Mainama - Lalcherra road via Sub Divisional Hospital and LTV Degree College under PMGSY Phase - III & PM JANAMAN Yojana under DFO Dhalai .,TRIPURA,Longtharai Valley,Chhailengta,,,1373 1666,Linear,2.844,1.678,4.522,0.0,0.0,0.0,0.0,0.0,0,0,0,Not applicable as the project or activity is site specific,,NO,NO,NO,2025-06-05T13:44:25.561+00:00,,Degraded Forest Land,true,,,,,,,,,,,,,,,,,,,,,,,,,,,,,,,,,,,"Office of the Executive Engineer, Public Works Department, (R&B), LTV Division, Manu, Dhalai District of Tripura.",,16,State Government (Department/Autonomous body),Executive Engineer,,16,,Dhalai,1373 1666,https://parivesh.nic.in/dms/okm/downloadDocument?docTypemappingId=40829&refId=129314799&refType=caf&uuid=fb6cc8d5-4d36-430c-8be8-91a6c1825ee0&version=1.0;https://parivesh.nic.in/dms/okm/downloadDocument?docTypemappingId=58989&refId=129314799&refType=FC&uuid=21e941f4-64d4-485d-85c0-1c083b3145fd&version=1.0,272484,https://parivesh.nic.in/newupgrade/#/report/ec?proposalId=129315295,4980.0,2980.0
129456970,Diversion of Forest Land for the work of T23 - Chawmanu - Gobindabari road (5 Kilo point) to Chaya Kr. RP under Chawmanu R D Block.,New,FP/TR/ROAD/540630/2025,2025-06-07T08:02:52.625+00:00,,REMOVED,3.7833,812.0,Public Works Department,,Forest clearance form,,,,Diversion of Forest Land for the work of T23 - Chawmanu - Gobindabari road (5 Kilo point) to Chaya Kr. RP under Chawmanu R D Block.,TRIPURA,Longtharai Valley,PASCHIM CHHAMANU,,,1645 1643 1647 1644 1610 1558,Linear,0.0,3.7833,3.7833,0.0,0.0,0.0,0.0,0.0,0,0,0,Not applicable as the project or activity is site specific,,NO,NO,NO,2025-06-07T09:00:35.985+00:00,https://parivesh.nic.in/dms/okm/downloadDocument?docTypemappingId=59020&refId=129456969&refType=fc&uuid=f1e8cd27-a630-499f-acf7-0a906ebe6aa3&version=1.0,Degraded Forest Land,true,,,,,,,,,,,,,,,,,,,,,,,,,,,,,,,,,,,"Office of the Executive Engineer, Public Works Department, (R&B), LTV Division, Manu, Dhalai District of Tripura.",,16,State Government (Department/Autonomous body),Executive Engineer,,16,,Dhalai,1645 1643 1647 1644 1610 1558,https://parivesh.nic.in/dms/okm/downloadDocument?docTypemappingId=40829&refId=129455483&refType=caf&uuid=13481407-762b-4761-b444-7ed9db8175d3&version=1.0;https://parivesh.nic.in/dms/okm/downloadDocument?docTypemappingId=58989&refId=129455483&refType=FC&uuid=a277836f-c142-4bee-9288-b4a602e1172b&version=1.3,272530,https://parivesh.nic.in/newupgrade/#/report/ec?proposalId=129456970,10040.0,7860.0
129461976,Diversion of Forest Land for the work of Improvement/ Strengthening of road from L-401 NH-44A to Dhannyaram Para JB School under PMGSY Phase - III & PM JANAMAN Yojana under DFO Dhalai .,New,FP/TR/ROAD/540642/2025,2025-06-07T09:36:12.856+00:00,,REMOVED,6.193,760.72,Public Works Department,,Forest clearance form,,,,Diversion of Forest Land for the work of Improvement/ Strengthening of road from L-401 NH-44A to Dhannyaram Para JB School under PMGSY Phase - III & PM JANAMAN Yojana under DFO Dhalai .,TRIPURA,Kanchanpur,MANU CHNAILANTA RESERVED FORES,,,169 190 207 210 230 241,Linear,0.198,5.995,6.193,0.0,0.0,0.0,0.0,0.0,0,0,0,Not applicable as the project or activity is site specific,,NO,NO,NO,2025-07-06T18:30:00.000+00:00,https://parivesh.nic.in/dms/okm/downloadDocument?docTypemappingId=59020&refId=129461975&refType=fc&uuid=7cdbfda1-4695-4e97-be21-1fd3a3185dc6&version=1.0,Degraded Forest Land,true,,,,,,,,,,,,,,,,,,,,,,,,,,,,,,,,,,,"Office of the Executive Engineer, Public Works Department, (R&B), LTV Division, Manu, Dhalai District of Tripura.",,16,State Government (Department/Autonomous body),Executive Engineer,,16,,North Tripura,169 190 207 210 230 241,https://parivesh.nic.in/dms/okm/downloadDocument?docTypemappingId=40829&refId=129459773&refType=caf&uuid=11e1e617-cb64-4d19-bfa8-c51ebc9e2664&version=1.0;https://parivesh.nic.in/dms/okm/downloadDocument?docTypemappingId=58989&refId=129459773&refType=FC&uuid=8747c38c-a598-4c21-893f-9274a36d3ba9&version=1.0,272716,https://parivesh.nic.in/newupgrade/#/report/ec?proposalId=129461976,9040.0,6910.0
129888784,Onshore Oil & Gas Exploration Drilling & Testing at Location OSTA in OALP Block AA-ONHP-2018/5 in Mouja Kalsi Area under South Tripura District in the State of Tripura. One drilling location (Loc. OSTA) has been planned with target depth of 3500 m TVD.,New,IA/TR/IND2/541266/2025,2025-06-13T08:00:02.404+00:00,2025-08-01T12:30:01.363+00:00,EC Granted,3.496,2000.0,OIL INDIA LIMITED,ABC Techno Labs India Private Limited (formerly known as ABC Environ Solutions Pvt. Ltd.),Environment clearance form,TOR,B2,"Off-shore and onshore oil and gas exploration,  development and production",Proposed Onshore Oil & Gas Exploration Drilling & Testing at Location OSTA in OALP Block AA-ONHP-2018/5 in Mouja Kalsi Area under South Tripura District in the State of Tripura,TRIPURA,Santirbazar,ABHANGACHHARA,IA-J-11011/225/2025-IA-II,,,Non - Linear,3.496,0.0,3.496,0.0,0.0,0.0,0.0,0.0,0,0,0,Not applicable as the project or activity is site specific,,NO,NO,NO,2025-06-24T11:41:28.821+00:00,,,,,,,,,,,,,,,,,,,,,,,,,,,,,,,,,,,,,,,,,,,,,,South Tripura,,https://parivesh.nic.in/dms/okm/downloadDocument?docTypemappingId=40829&refId=129880784&refType=caf&uuid=c7af490e-b843-4062-b823-4102b5fb6c78&version=1.0,272338,https://parivesh.nic.in/newupgrade/#/report/ec?proposalId=129888784,9000.0,9000.0
130035737,Diversion of Forest Land for the work of Improvement/ Strengthening of road from Chawmanu (Larai Karbari Para) to Ghagrachhara under PMGSY Phase - III & PM JANAMAN Yojana under DFO Dhalai .,New,FP/TR/ROAD/541553/2025,2025-06-16T08:50:43.856+00:00,,Pending at DFO/CF/Nodal Officer after acceptance in PSC-I,10.321,1227.87,Public Works Department,,Forest clearance form,,,,Diversion of Forest Land for the work of Improvement/ Strengthening of road from Chawmanu (Larai Karbari Para) to Ghagrachhara under PMGSY Phase - III & PM JANAMAN Yojana under DFO Dhalai .,TRIPURA,Longtharai Valley,Ghagrachhera,,,658 750 751 786 717 692 691 635 609 418 360 359 358 365,Linear,1.364,8.957,10.321,0.0,0.0,0.0,0.0,0.0,0,0,0,Not applicable as the project or activity is site specific,,NO,NO,NO,2025-09-07T18:30:00.000+00:00,https://parivesh.nic.in/dms/okm/downloadDocument?docTypemappingId=59020&refId=130035736&refType=fc&uuid=29331a22-6725-4d6f-8b47-d9d8f8ff29a2&version=1.0,Degraded Forest Land,true,,,,,,,,,,,,,,,,,,,,,,,,,,,,,,,,,,,"Office of the Executive Engineer, Public Works Department, (R&B), LTV Division, Manu, Dhalai District of Tripura.",,16,State Government (Department/Autonomous body),Executive Engineer,,16,,Dhalai,658 750 751 786 717 692 691 635 609 418 360 359 358 365,https://parivesh.nic.in/dms/okm/downloadDocument?docTypemappingId=40829&refId=129609853&refType=caf&uuid=215052f1-a380-4773-8949-c8bad0cabd79&version=1.0;https://parivesh.nic.in/dms/okm/downloadDocument?docTypemappingId=58989&refId=129609853&refType=FC&uuid=8c8fb571-4085-4f77-831a-bfdf9fbc2ee7&version=1.0,272485,https://parivesh.nic.in/newupgrade/#/report/ec?proposalId=130035737,17940.0,12220.0
130148042,Diversion of 6.564 hectare of  forest land for the improvement/construction of road from Jamjuri Gangacherra Road (near Dudhpushkuruni Bazar) to NH-08 (Holakhet Bankumari Mandir) via Baskhet JB School.,New,FP/TR/ROAD/541787/2025,2025-06-17T13:14:37.667+00:00,,REMOVED,8.067,838.08,Public Works Department,,Forest clearance form,,,,Diversion of 6.564 hectare of  forest land for the improvement/construction of road from Jamjuri Gangacherra Road (near Dudhpushkuruni Bazar) to NH-08 (Holakhet Bankumari Mandir) via Baskhet JB School.,TRIPURA,Udaipur,Dudhpushkarini,,,4116 4115 4114 4098 4097 4096 4085 4083,Linear,1.503,6.564,8.067,0.0,0.0,0.0,0.0,0.0,0,0,0,Not applicable as the project or activity is site specific,,NO,NO,NO,2025-06-17T13:32:26.489+00:00,https://parivesh.nic.in/dms/okm/downloadDocument?docTypemappingId=59020&refId=130148041&refType=fc&uuid=fce895a4-4e10-402a-8fd1-8efbddad3c75&version=1.0,Degraded Forest Land,true,,,,,,,,,,,,,,,,,,,,,,,,,,,,,,,,,,,"Office of the Executive Engineer, Public Works Department (R&B), Udaipur Division, Udaipur Gomati Tripura.",,16,State Government (Department/Autonomous body),Executive Engineer,,16,,Gomati,4116 4115 4114 4098 4097 4096 4085 4083,https://parivesh.nic.in/dms/okm/downloadDocument?docTypemappingId=40829&refId=130147316&refType=caf&uuid=4c89485b-3918-4a7b-bfb1-1b76b9e28b29&version=1.0;https://parivesh.nic.in/dms/okm/downloadDocument?docTypemappingId=58989&refId=130147316&refType=FC&uuid=56f1a330-8bbf-45ed-abb8-6d815c4bf39f&version=1.0,272245,https://parivesh.nic.in/newupgrade/#/report/ec?proposalId=130148042,8220.0,4860.0
130171672,"Conversion of 16 Exploratory wells to Development wells falling in 6 PML blocks in Sepahijala, West Tripura, South Tripura and Gomati districts, Tripura",Expansion,IA/TR/IND2/541827/2025,2025-06-18T05:48:06.558+00:00,2025-06-27T12:54:24.529+00:00,Standard ToR Granted,29.05,6958.32,OIL AND NATURAL GAS CORPORATION LIMITED,,Environment clearance form,TOR,A,"Off-shore and onshore oil and gas exploration,  development and production","Conversion of 16 Exploratory wells to Development wells falling in 6 PML blocks in Sepahijala, West Tripura, South Tripura and Gomati districts, ONGC, Tripura",TRIPURA,Sadar,AGARTALA,J-11011/109/2015-IA II(I),,,Non - Linear,29.05,0.0,29.05,0.0,0.0,0.0,6958.32,0.0,0,0,0,Not applicable as the project or activity is site specific,,NO,NO,NO,2025-06-19T05:26:29.192+00:00,,,,,,,,,,,,,,,,,,,,,,,,,,,,,,,,,,,,,,,,,,,,,,West Tripura,,https://parivesh.nic.in/dms/okm/downloadDocument?docTypemappingId=40829&refId=130166965&refType=caf&uuid=4fabca21-1d84-4f7c-9f1b-4a411e2ec164&version=1.0,0,https://parivesh.nic.in/newupgrade/#/report/ec?proposalId=130171672,0.0,0.0
130319641,"3D Seismic Data Acquisition in Central Gojalia, South Tripura District of Tripura",New,FP/TR/SRY/542091/2025,2025-06-19T10:48:41.116+00:00,,Approval Granted,20600.0,6800.0,OIL AND NATURAL GAS CORPORATION LIMITED,,FormC_Exempted_Category_Part_I,,,,3D Seismic data acquisition  of Central  Gojalia  project in south Tripura district,TRIPURA,Belonia,ABHAYNAGAR,,,,Non - Linear,12500.0,8100.0,20600.0,0.0,0.0,0.0,0.0,0.0,0,0,0,Not applicable as the project or activity is site specific,,NO,NO,NO,2025-08-11T18:30:00.000+00:00,,,,,,,,,,,,,,,,,,,,,,,,,,,,,,,,,,,,,,"Deendayal Urja Bhavan, 5, Nelson Mandela Marg, Vasant Kunj",,7,"Central PSU (eg. NHAI, AAI, NTP, CIL, SAIL)",SUPERINTENDING GEOPHYSICIST SURFACE,,7,,South Tripura,,https://parivesh.nic.in/dms/okm/downloadDocument?docTypemappingId=40829&refId=130249305&refType=caf&uuid=83182b74-0757-4fc1-97db-9a9053d19d5b&version=1.0,272301,https://parivesh.nic.in/newupgrade/#/report/ec?proposalId=130319641,61440.0,61440.0
130477432,"Mouja Birchandra nagar, Tehesil Birchandra nagar under Santirbazar Sub-Division, South District of Tripura.",New,FP/TR/SCH/542295/2025,2025-06-21T08:15:29.314+00:00,,DELISTED_BY_SYSTEM,4.188,250.0,BIDHU DEBBARMA,,Forest clearance form,,,,"Establishment of Kirit Bikram Memorial Academy at Mouja Birchandra nagar, Tehesil Birchandra nagar under Santirbazar Sub-Division, South District of Tripura.",TRIPURA,Santirbazar,Birchandranagar,,,442,Non - Linear,0.0,4.188,4.188,0.0,0.0,0.0,0.0,0.0,0,0,0,Not applicable as the project or activity is site specific,,NO,NO,NO,2025-08-10T18:30:00.000+00:00,,Degraded Forest Land,true,,,,,,,,,,,,,,,,,,,,,,,,,,,,,,,,,,,"5/534/2  Ruhini Thakur Para, Village Birchadra nagar, po- Uttar Takmacherra, pin 799125, District- South Tripura.",,16,Trust/NGO/Partnership,PRINCIPAL,,16,,South Tripura,442,https://parivesh.nic.in/dms/okm/downloadDocument?docTypemappingId=40829&refId=130476862&refType=caf&uuid=956732cd-3741-4d65-8f68-fdabb5d2d091&version=1.0;https://parivesh.nic.in/dms/okm/downloadDocument?docTypemappingId=58989&refId=130476862&refType=FC&uuid=a4cc204f-8258-4fdb-9e9a-eace2aae2bd4&version=1.0,272309,https://parivesh.nic.in/newupgrade/#/report/ec?proposalId=130477432,2740.0,1320.0
130780441,"PRODUCTION CAPACITY- 14010 TPA
AREA- 1.0703 HECT.
PLOT NO.-  811(P), STOCK PLOT- 811/3582",New,SIA/TR/MIN/542723/2025,2025-06-25T09:33:14.116+00:00,,Under Examination,1.0703,10.0,Raju Rudra Paul,,Application for EC for Mining of Minor Minerals of Mine Lease (0-5 HA) - Form-2,EC,B2,,"M/s RAJU RUDRA PAUL SAND, PLOT NO.-811(P), AREA- 1.0703 HECT.",TRIPURA,Kailashahar,KAILASHAHAR,,,,Linear,1.0703,0.0,1.0703,0.0,0.0,0.0,0.0,0.0,0,0,0,NO,NA,NO,NO,NO,2025-07-08T05:32:06.860+00:00,,,,,,,,,,,,,,,,,,,,,,,,,,,,,,,,,,,,,,"Village - Durgapur, P.S.- Kailashahar, District- Unakoti, Tripura",DURGAPUR,16,Individual,PROPRIETOR,Birchandra nagar,16,,Unokoti,,https://parivesh.nic.in/dms/okm/downloadDocument?docTypemappingId=40829&refId=130779103&refType=caf&uuid=422a6de2-179c-4a63-9e22-85cb35fdace1&version=1.0,801533,https://parivesh.nic.in/newupgrade/#/report/ec?proposalId=130780441,2510.0,2510.0
132344000,"PRODUCTION CAPACITY- 10050 TPA
AREA- 0.8048 HECT.
PLOT NO. 959(P)",New,SIA/TR/MIN/545276/2025,2025-07-18T10:10:51.980+00:00,,Under Examination,0.8048,10.0,Manir Hossen,,Application for EC for Mining of Minor Minerals of Mine Lease (0-5 HA) - Form-2,EC,B2,,"M/s BHAI BHAI ENTERPRISES MINE, PLOT NO.- 959(P) STOCK PLOT- 3848, AREA- 0.8048 HECT.",TRIPURA,Udaipur,AMTALI,,,,Linear,0.8048,0.0,0.8048,0.0,0.0,0.0,0.0,0.0,0,0,0,NO,NA,NO,NO,NO,2025-07-18T10:53:28.237+00:00,,,,,,,,,,,,,,,,,,,,,,,,,,,,,,,,,,,,,,"Village -Kishore Gunj, P.O.- Kakraban, District- Gomati, Tripura",KISHORE GUNJ,16,Individual,PROPRIETOR,KISHORE GUNJ,16,,Gomati,,https://parivesh.nic.in/dms/okm/downloadDocument?docTypemappingId=40829&refId=132342569&refType=caf&uuid=8a9a1ea5-667b-4d38-8587-aa8c86614151&version=1.0,272239,https://parivesh.nic.in/newupgrade/#/report/ec?proposalId=132344000,1504.0,1504.0
132425397,Proposal for diversion of Forest Land 16.130 Ha. for the work of Upgradation/ Strengthening of Road from Ambassa (NH-08) to Ganganagar under DFO Dhalai,New,WL/TR/Others/545442/2025,2025-07-20T09:29:53.831+00:00,,,25.811,9726.0,Public Works Department,,Wildlife clearance form,,,,Diversion of Forest Land for the work of Upgradation/ Strengthening of Road from Ambassa (NH-08) to Ganganagar under DFO Dhalai,TRIPURA,Ambassa,KULAI RFSERVED FOREST,,,"293,269,270,310,381,318,355,357,689,566,692,693,694,749,691,690,666,684,661,687,665,541,662,674,688,563,512,663,586,578",Linear,9.681,16.13,25.811,0.0,0.0,0.0,0.0,0.0,0,0,0,Not applicable as the project or activity is site specific,,NO,NO,NO,2025-08-21T09:45:43.419+00:00,,,,,,,,,,,,,,,,,,,,,,,,,,,,,,,,,,,,,,,,,,,,,,Dhalai,"293,269,270,310,381,318,355,357,689,566,692,693,694,749,691,690,666,684,661,687,665,541,662,674,688,563,512,663,586,578",https://parivesh.nic.in/dms/okm/downloadDocument?docTypemappingId=40829&refId=125091686&refType=caf&uuid=ac026bf9-c77c-4110-8dc7-fa8605c7bf76&version=1.0,272504,https://parivesh.nic.in/newupgrade/#/report/ec?proposalId=132425397,1490.0,1465.0
132507396,"2D seismic survey in the Deo, Manuchhailengta, Longtarai, Ujan Machhmara Reserve Forest and Unclassed Government Forest area in Dhalai, Unokoti and North-Tripura districts of Tripura within the OALP-VI Blocks AA-ONHP-2020/1 & AA-ONHP-2020/3",New,FP/TR/SRY/545571/2025,2025-07-22T05:02:15.710+00:00,,REMOVED,77670.0,2200.0,OIL INDIA LTD,,FormC_Exempted_Category_Part_I,,,,"2D seismic survey in the Deo, Manuchhailengta, Longtarai, Ujan Machhmara Reserve Forest and Unclassed Government Forest area falling within OALP-VI Blocks AA-ONHP-2020/1 & AA-ONHP-2020/3",TRIPURA,Longtharai Valley,PASCHIM CHHAMANU,,,,Non - Linear,32443.0,45227.0,77670.0,0.0,0.0,0.0,0.0,0.0,0,0,0,Not applicable as the project or activity is site specific,,NO,NO,NO,2025-08-31T18:30:00.000+00:00,,,,,,,,,,,,,,,,,,,,,,,,,,,,,,,,,,,,,,"Duliajan P. O., Dibrugarh, Assam",,18,"Central PSU (eg. NHAI, AAI, NTP, CIL, SAIL)",DEPUTY GENERAL MANAGER (HSE),,18,,Dhalai,,https://parivesh.nic.in/dms/okm/downloadDocument?docTypemappingId=40829&refId=132505455&refType=caf&uuid=c52fb6bb-a3e2-440f-a132-b40383601938&version=1.0,272530,https://parivesh.nic.in/newupgrade/#/report/ec?proposalId=132507396,105000.0,105000.0
133449806,Area- 1.96 Acres (0.7939 Ha.) Production- 10050 Cum/Year,New,SIA/TR/MIN/547122/2025,2025-08-05T08:26:55.892+00:00,,Under Verification,0.7939,10.0,abdul ali,,Application for EC for Mining of Minor Minerals of Mine Lease (0-5 HA) - Form-2,EC,B2,,"M/s Abdul Ali Sand, Plot No. 4(P), Sand Mining",TRIPURA,Sonamura,KHEDARBARI,,,,Non - Linear,0.7939,0.0,0.7939,0.0,0.0,0.0,0.0,0.0,0,0,0,NO,na,NO,NO,NO,2025-08-21T07:30:54.902+00:00,,,,,,,,,,,,,,,,,,,,,,,,,,,,,,,,,,,,,,"Sepahijala, Tripura",,16,Individual,Proprietor,,16,,Sipahijala,,https://parivesh.nic.in/dms/okm/downloadDocument?docTypemappingId=40829&refId=133447871&refType=caf&uuid=5bd635f7-24f6-4b18-8d0b-461b7aaad7eb&version=1.0,272108,https://parivesh.nic.in/newupgrade/#/report/ec?proposalId=133449806,0.0,3003.0
133454985,Area- 2.39 Acers (0.9687 Ha) Production- 12000 Cum/Year,New,SIA/TR/MIN/547130/2025,2025-08-05T09:14:37.001+00:00,,Under Verification,0.9687,10.0,ramu saha,,Application for EC for Mining of Minor Minerals of Mine Lease (0-5 HA) - Form-2,EC,B2,,"M/s Saha Sand,  Plot No. 1570(P), Sand Mining",TRIPURA,Sonamura,TELKAJALA,,,,Non - Linear,0.9687,0.0,0.9687,0.0,0.0,0.0,0.0,0.0,0,0,0,NO,na,NO,NO,NO,2025-08-21T09:41:08.138+00:00,,,,,,,,,,,,,,,,,,,,,,,,,,,,,,,,,,,,,,"Sepahijala, Tripura",,16,Individual,Proprietor,,16,,Sipahijala,,https://parivesh.nic.in/dms/okm/downloadDocument?docTypemappingId=40829&refId=133454028&refType=caf&uuid=c11713d3-8143-473b-9510-e3c510a88aea&version=1.0,272118,https://parivesh.nic.in/newupgrade/#/report/ec?proposalId=133454985,0.0,3003.0
133688182,Exploratory drilling for Hydrocarbons in Upper Bhuban Formation in Agartala Dome Field (PML Block: Agartala Dome Ext-II).,New,SIA/TR/IND2/547489/2025,2025-08-08T06:44:49.848+00:00,,Under Verification,1.812,3000.0,"ONGC, TRIPURA ASSET",,Environment clearance form,TOR,B2,"Off-shore and onshore oil and gas exploration,  development and production",Exploratory Drilling Location ADAX,TRIPURA,Jirania,PURBA NOAGAON,,,,Non - Linear,1.812,0.0,1.812,0.0,0.0,0.0,0.0,0.0,0,0,0,Not applicable as the project or activity is site specific,,NO,NO,NO,2025-10-28T06:34:56.603+00:00,,,,,,,,,,,,,,,,,,,,,,,,,,,,,,,,,,,,,,,,,,,,,,West Tripura,,https://parivesh.nic.in/dms/okm/downloadDocument?docTypemappingId=40829&refId=133583496&refType=caf&uuid=25c041ba-f2ef-4f59-b3b1-346ca9fb3121&version=1.0,272001,https://parivesh.nic.in/newupgrade/#/report/ec?proposalId=133688182,3500.0,3500.0
134086604,Diversion of forest land for the construction of road from Fulkabari JB School to Purba Fulkabari Reang Basti PM JANAMAN Batch- II under DFO Khowai.,New,FP/TR/ROAD/548174/2025,2025-08-14T10:36:58.235+00:00,,DELISTED_BY_SYSTEM,1.8973,99.16,Public Works Department,,Forest clearance form,,,,Diversion of forest land for the construction of road from Fulkabari JB School to Purba Fulkabari Reang Basti.,TRIPURA,Khowai,RAMKRISHNABARI,,,145 146 147 125 233,Linear,0.0,1.8973,1.8973,0.0,0.0,0.0,0.0,0.0,0,0,0,Not applicable as the project or activity is site specific,,NO,NO,NO,2025-12-06T18:30:00.000+00:00,,Degraded Forest Land,true,,,,,,,,,,,,,,,,,,,,,,,,,,,,,,,,,,,"Office of the Executive Engineer, Public Works Department (R&B), Khowai Division, Khowai District of Tripura.",,16,State Government (Department/Autonomous body),Executive Engineer.,,16,,Khowai,145 146 147 125 233,https://parivesh.nic.in/dms/okm/downloadDocument?docTypemappingId=40829&refId=134085548&refType=caf&uuid=9b3f8c03-6dbe-4a57-bd1c-17c9dae50ce4&version=1.0;https://parivesh.nic.in/dms/okm/downloadDocument?docTypemappingId=58989&refId=134085548&refType=FC&uuid=976f80ef-65be-44bc-a8e3-7909093a9670&version=1.0,271933,https://parivesh.nic.in/newupgrade/#/report/ec?proposalId=134086604,3860.0,2740.0
134096054,Diversion of Forest Land for the  Improvement/ Strengthening of road from Andercherra Panisagar BSF camp to D.K road via Khetrajoy para under PM JANAM Batch - I under DFO Unakoti.,New,FP/TR/ROAD/548192/2025,2025-08-14T11:52:23.565+00:00,,Pending at Nodal Officer for Recommendation,5.1342,609.0,Public Works Department,,Forest clearance form,,,,Diversion of Forest Land for the  Improvement/ Strengthening of road from Andercherra Panisagar BSF camp to D.K road via Khetrajoy para under PM JANAM Batch - I under DFO Unakoti.,TRIPURA,Kumarghat,PASCHIM ANDHARCHHARA,,,301 326,Linear,0.2878,4.8464,5.1342,0.0,0.0,0.0,0.0,0.0,0,0,0,Not applicable as the project or activity is site specific,,NO,NO,NO,2026-02-10T18:30:00.000+00:00,,Degraded Forest Land,true,,,,,,,,,,,,,,,,,,,,,,,,,,,,,,,,,,,"Office of the Executive Engineer, Public Works Department (R&B), Kailashahar Division,  Kailashahar, Unakoti District of Tripura.",,16,State Government (Department/Autonomous body),Executive Engineer,,16,,Unokoti,301 326,https://parivesh.nic.in/dms/okm/downloadDocument?docTypemappingId=40829&refId=134094528&refType=caf&uuid=8dce4d40-ebef-44e5-896b-64677feaf61d&version=1.0;https://parivesh.nic.in/dms/okm/downloadDocument?docTypemappingId=58989&refId=134094528&refType=FC&uuid=3062d863-5fad-4a46-a391-a584ec3d31c6&version=1.0,0,https://parivesh.nic.in/newupgrade/#/report/ec?proposalId=134096054,10040.0,6860.0
134108173,Diversion of forest land for the improvement/construction of road from Jamjuri Gangacherra Road (near Dudhpushkuruni Bazar) to NH-08 (Holakhet Bankumari Mandir) via Baskhet JB School.,New,FP/TR/ROAD/548221/2025,2025-08-14T15:53:19.660+00:00,,Pending at DFO for Scrutiny and Recommendation,4.027,700.0,Public Works Department,,Forest clearance form,,,,Diversion of forest land for the improvement/construction of road from Jamjuri Gangacherra Road (near Dudhpushkuruni Bazar) to NH-08 (Holakhet Bankumari Mandir) via Baskhet JB School.,TRIPURA,Udaipur,DUDHPUSKARIM,,,4116 4115 4114 4098 4097 4096 4085 4083,Linear,0.0,4.027,4.027,0.0,0.0,0.0,0.0,0.0,0,0,0,Not applicable as the project or activity is site specific,,NO,NO,NO,2026-05-03T18:30:00.000+00:00,,Degraded Forest Land,true,,,,,,,,,,,,,,,,,,,,,,,,,,,,,,,,,,,"Office of the Executive Engineer, Public Works Department (R&B), Udaipur Division, Udaipur Gomati Tripura.",,16,State Government (Department/Autonomous body),Executive Engineer,,16,,Gomati,4116 4115 4114 4098 4097 4096 4085 4083,https://parivesh.nic.in/dms/okm/downloadDocument?docTypemappingId=40829&refId=133332132&refType=caf&uuid=3c1703d3-899d-4987-ae41-5525a7f40b6f&version=1.0;https://parivesh.nic.in/dms/okm/downloadDocument?docTypemappingId=58989&refId=133332132&refType=FC&uuid=832f1151-7c9a-4536-806b-28a255c6ffa4&version=1.0,272245,https://parivesh.nic.in/newupgrade/#/report/ec?proposalId=134108173,8040.0,6860.0
134180506,"""Diversion of Forest Land for the work of Improvement/ Strengthening of road from Ramnagar to Taxapara under PM JANAMAN Batch-II under DFO Sepahijala"",",New,FP/TR/ROAD/548348/2025,2025-08-17T12:28:49.649+00:00,,Pending at PP due to EDS by Nodal Officer,1.272,120.0,Public Works Department,,Forest clearance form,,,,"""Diversion of Forest Land for the work of Improvement/ Strengthening of road from Ramnagar to Taxapara under PM JANAMAN Batch-II under DFO Sepahijala"",",TRIPURA,Sonamura,DHANIRAMPUR,,,228 182,Linear,0.0,1.272,1.272,0.0,0.0,0.0,0.0,0.0,0,0,0,Not applicable as the project or activity is site specific,,NO,NO,NO,2025-08-17T12:41:52.176+00:00,,Degraded Forest Land,true,,,,,,,,,,,,,,,,,,,,,,,,,,,,,,,,,,,"office of the Executive Engineer, Public works Department (R&B), Bishalgarh Division, Bishalgarh,Sepahijala District of Tripura.",,16,State Government (Department/Autonomous body),Executive Engineer,,16,,Sipahijala,228 182,https://parivesh.nic.in/dms/okm/downloadDocument?docTypemappingId=40829&refId=134179009&refType=caf&uuid=1d768240-7d3b-4853-bed2-8a43c7fb6350&version=1.0;https://parivesh.nic.in/dms/okm/downloadDocument?docTypemappingId=58989&refId=134179009&refType=FC&uuid=4072fedd-b5fb-4540-85c5-32aef6bd2b84&version=1.0,272095,https://parivesh.nic.in/newupgrade/#/report/ec?proposalId=134180506,4780.0,4218.0
134196502,Diversion forest land for the improvement/construction of road from Dalucherra to Pushiham under PM JANAMAN batch-II under DFO Dhalai,New,FP/TR/ROAD/548365/2025,2025-08-18T02:59:18.055+00:00,,Pending at UA due to EDS by MS after PSC-II,8.5764,976.0,Public Works Department,,Forest clearance form,,,,Diversion forest land for the improvement/construction of road from Dalucherra to Pushiham under PM JANAMAN batch-II under DFO Dhalai,TRIPURA,Longtharai Valley,MANU CHAILENGTA RESERVED FORES,,,400 696 715 1103 1089 1083 1081 1080 1080 1028 1021 1020 1001 659 401 382 714 728 701 728,Linear,0.0,8.5764,8.5764,0.0,0.0,0.0,0.0,0.0,0,0,0,Not applicable as the project or activity is site specific,,NO,NO,NO,2025-12-06T18:30:00.000+00:00,https://parivesh.nic.in/dms/okm/downloadDocument?docTypemappingId=59020&refId=134196501&refType=fc&uuid=62b5830f-e78d-4971-b35e-b27a4883fd56&version=1.0,Degraded Forest Land,true,,,,,,,,,,,,,,,,,,,,,,,,,,,,,,,,,,,"Office of the Executive Engineer, Public Works Department, (R&B), LTV Division, Manu, Dhalai District of Tripura.",,16,State Government (Department/Autonomous body),Executive Engineer,,16,,Dhalai,400 696 715 1103 1089 1083 1081 1080 1080 1028 1021 1020 1001 659 401 382 714 728 701 728,https://parivesh.nic.in/dms/okm/downloadDocument?docTypemappingId=40829&refId=134184113&refType=caf&uuid=52bf43c7-6c4e-41fd-870c-b0befa16190a&version=1.0;https://parivesh.nic.in/dms/okm/downloadDocument?docTypemappingId=58989&refId=134184113&refType=FC&uuid=a591ec6d-af10-4494-9c45-1ccec25a5705&version=1.0,272487,https://parivesh.nic.in/newupgrade/#/report/ec?proposalId=134196502,13580.0,9980.0
134202490,"THE APPLICANT M/s RUDRA SAND OF  SHRI NIL MANI SINGHA HAD OBTAINED SAND MINING LEASE BY GOVT. OF TRIPURA OVER AN AREA OF 1.44 ACERS(0.5827HA) OVER RIVER PLOT NO -13(P) ,STOCK PLOT NO-30(P)",New,SIA/TR/MIN/548378/2025,2025-08-18T05:26:45.086+00:00,,Under Verification,0.7041,5.0,NIL MANI SINGHA,,Application for EC for Mining of Minor Minerals of Mine Lease (0-5 HA) - Form-2,EC,B2,,M/s RUDRA SAND,TRIPURA,Kailashahar,KAULIKURA,,,,Hybrid,0.1214,0.5827,0.7041,0.0,0.0,0.0,0.0,0.0,0,0,0,NO,River bed sand mining project,NO,NO,NO,2025-08-18T11:28:08.124+00:00,,,,,,,,,,,,,,,,,,,,,,,,,,,,,,,,,,,,,,"Kailashahar
Jiturdughirpar",Jalai,16,Individual,PROPRIETOR,Jalai,16,,Unokoti,,https://parivesh.nic.in/dms/okm/downloadDocument?docTypemappingId=40829&refId=134121685&refType=caf&uuid=3d9343c1-817d-4eaa-b3ca-0bd018182cbc&version=1.0,272607,https://parivesh.nic.in/newupgrade/#/report/ec?proposalId=134202490,1608.0,1608.0
134222542,"PRODUCTION CAPACITY- 5761.5 TPA
AREA-0.5046 HECT.
PLOT NO.- 132(P), STOCK PLOT- 697
RIVER SAND MINING",New,SIA/TR/MIN/548427/2025,2025-08-18T08:05:02.169+00:00,,Under Verification,0.5046,10.0,Mihir Debbarma,,Application for EC for Mining of Minor Minerals of Mine Lease (0-5 HA) - Form-2,EC,B2,,M/s MIHIR DEBBARMA SAND,TRIPURA,Jirania,BANKIMNAGAR,,,,Linear,0.5046,0.0,0.5046,0.0,0.0,0.0,0.0,0.0,0,0,0,NO,NA,NO,NO,NO,2025-08-21T07:24:34.475+00:00,,,,,,,,,,,,,,,,,,,,,,,,,,,,,,,,,,,,,,"Village- Grip Thakurpara, P.S.-Radhapur, District- West Tripura, Tripura",Radhapur,16,Individual,PROPRIETOR,Radhapur,16,,West Tripura,,https://parivesh.nic.in/dms/okm/downloadDocument?docTypemappingId=40829&refId=134221736&refType=caf&uuid=de47a4bb-a2df-40f2-834e-066b7e4b38a9&version=1.0,272016,https://parivesh.nic.in/newupgrade/#/report/ec?proposalId=134222542,1755.0,1755.0
134250320,"Sri Dina Moni Jamatia has obtained sand mining lease by the Govt. of Tripura over an area of 0.2832 ha on Pitra Charra at village- Noabari, P.S- Killa, P.O.- Killa, Mouza-Killa, District- Gomati, Tripura, over river plot no.- 2302 (P)",New,SIA/TR/MIN/548491/2025,2025-08-18T12:32:11.644+00:00,,Under Verification,0.2832,5.0,dina moni jamatia,,Application for EC for Mining of Minor Minerals of Mine Lease (0-5 HA) - Form-2,EC,B2,,KILLA SAND BLOCK MINE,TRIPURA,Udaipur,KILLA,,,2302 (P),Hybrid,0.2832,0.0,0.2832,0.0,0.0,0.0,0.0,0.0,0,0,0,Not applicable as the project or activity is site specific,,NO,NO,NO,2025-08-19T10:22:52.813+00:00,,,,,,,,,,,,,,,,,,,,,,,,,,,,,,,,,,,,,,"64 W. No-5, Village- Noabari, P.O- Killa, Sub division- Udaipur",Noabari,16,Individual,Project Proponent,Gomati,16,,Gomati,2302 (P),https://parivesh.nic.in/dms/okm/downloadDocument?docTypemappingId=40829&refId=132556038&refType=caf&uuid=5bff2d08-32ca-4c7a-92ec-7612547df0d7&version=1.0,0,https://parivesh.nic.in/newupgrade/#/report/ec?proposalId=134250320,0.0,1400.0
134362623,"Sri Subodh Debnath had obtained sand mining lease by the Govt. of Tripura over an area of 0.90 Acres (0.3643 Ha) on Dhalai River at Village- Salema, Mouza – Salema, P.S. – Salema, District. -Dhalai, Tripura, over river plot no. - 1054(P), Stock Plot-1042.",New,SIA/TR/MIN/548696/2025,2025-08-20T06:35:42.686+00:00,,Under Verification,0.3643,5.0,Subodh debnath,,Application for EC for Mining of Minor Minerals of Mine Lease (0-5 HA) - Form-2,EC,B2,,SALEMA SAND BLOCK MINE ON DHALAI RIVER,TRIPURA,Kamalpur,Salema,,,1054(P) Stock plot- 1042,Hybrid,0.3643,0.0,0.3643,0.0,0.0,0.0,0.0,0.0,0,0,0,Not applicable as the project or activity is site specific,,NO,NO,NO,2025-08-21T10:35:03.157+00:00,,,,,,,,,,,,,,,,,,,,,,,,,,,,,,,,,,,,,,"Salema/05, VTC: Salema, Mouza: Salema, Sub division: Kamalpur",Salema,16,Individual,Project Proponent,Salema,16,,Dhalai,1054(P) Stock plot- 1042,https://parivesh.nic.in/dms/okm/downloadDocument?docTypemappingId=40829&refId=134360799&refType=caf&uuid=291a5ac5-31ad-4f72-8834-604eae2f15f6&version=1.0,272461,https://parivesh.nic.in/newupgrade/#/report/ec?proposalId=134362623,0.0,1600.0
134396004,"The Applicant Shri Pratul Aine has obtained sand mining lease by the Govt. of Tripura over an area of 1.60 acres (0.6474 ha) on Gomati River, at Village-Shilghati, P.S -Kakraban, Mouza - Shilghati, District- Gomati, Tripura, over river plot no.- 959 (P), Nearest Stock plot- 3852,3855.",New,SIA/TR/MIN/548761/2025,2025-08-20T11:43:44.206+00:00,,Under Verification,0.6474,5.0,Pratul AINE,,Application for EC for Mining of Minor Minerals of Mine Lease (0-5 HA) - Form-2,EC,B2,,SHILGHATI SAND BLOCK MINE,TRIPURA,Sonamura,KAMARANGATALI,,,"959 (P), Stock Plot- 3852, 3855",Hybrid,0.6474,0.0,0.6474,0.0,0.0,0.0,0.0,0.0,0,0,0,Not applicable as the project or activity is site specific,,NO,NO,NO,2025-08-20T13:33:53.006+00:00,,,,,,,,,,,,,,,,,,,,,,,,,,,,,,,,,,,,,,"96, Surendranagar, Gram-Kakraban, P.O.-Kushamara, Town/ Village- Kakraban, near Kakraban Ram Thakur Ashram",Kakraban,16,Individual,Project Proponent,Kakraban,16,,Sipahijala,"959 (P), Stock Plot- 3852, 3855",https://parivesh.nic.in/dms/okm/downloadDocument?docTypemappingId=40829&refId=134392619&refType=caf&uuid=65253c22-d0e2-4b49-89b8-044108dda2b8&version=1.0,272116,https://parivesh.nic.in/newupgrade/#/report/ec?proposalId=134396004,0.0,2200.0
134412581,"The applicant M/s BISHWAKARMA SAND of shri sanjoy sarkar had obtained sand mining lease by the Govt. of Tripura over an area of 0.70 acres(0.2832ha) on Tapradhum charra(River) at village - Ramkrishna para , P.s- Kakraban, Mouza - Jitendranagar Dist - Gomati, TRIPURA , Over River plot no -5035(p) , Stock plot no - 5071 .",New,SIA/TR/MIN/548794/2025,2025-08-20T16:23:05.999+00:00,,Under Verification,0.5422,5.0,SANJOY SARKAR,,Application for EC for Mining of Minor Minerals of Mine Lease (0-5 HA) - Form-2,EC,B2,,M/s BISHWAKARMA SAND,TRIPURA,Udaipur,GARJI RESERVED FOREST,,,,Hybrid,0.259,0.2832,0.5422,0.0,0.0,0.0,0.0,0.0,0,0,0,NO,River bed sand mining project,NO,NO,NO,2025-08-20T18:05:20.250+00:00,,,,,,,,,,,,,,,,,,,,,,,,,,,,,,,,,,,,,,"VILL- TULAMURA , P.S- JETENDRANAGAR, DIST- GOMATI , TRIPURA",TULAMURA,16,Individual,PROPRIETOR,,16,,Gomati,,https://parivesh.nic.in/dms/okm/downloadDocument?docTypemappingId=40829&refId=134313901&refType=caf&uuid=9f356603-a4ca-46ff-9d4f-173985a98ea7&version=1.0,272255,https://parivesh.nic.in/newupgrade/#/report/ec?proposalId=134412581,1407.0,1407.0
134467418,"The Applicant Shri Nitai Das has obtained sand mining lease by the Govt. of Tripura over an area of 0.76 acres (0.3075 ha) on kakraban at Village: shilghati, P.S - Kаkraban, Mouza - Kakraban, District- Gomati, Tripura, over river plot no. –2755 (P), Nearest Stock plot-2447",New,SIA/TR/MIN/548891/2025,2025-08-21T11:34:16.690+00:00,,Under Verification,0.3075,5.0,NITAI DAS,,Application for EC for Mining of Minor Minerals of Mine Lease (0-5 HA) - Form-2,EC,B2,,KAKRABAN SAND BLOCK MINE,TRIPURA,Udaipur,SILGHATI,,,"2755(P), Nearest Stock plot-2447",Hybrid,0.3075,0.0,0.3075,0.0,0.0,0.0,0.0,0.0,0,0,0,Not applicable as the project or activity is site specific,,NO,NO,NO,2025-08-21T12:51:59.389+00:00,,,,,,,,,,,,,,,,,,,,,,,,,,,,,,,,,,,,,,"W-2 Char Para, Sub Division- Udaipur,  P.O.-Kishore Gonj, Mouja- Shilghati, Kakraban",SHILGHATI,16,Individual,PROJECT PROPONENT,SHILGHATI,16,,Gomati,"2755(P), Nearest Stock plot-2447",https://parivesh.nic.in/dms/okm/downloadDocument?docTypemappingId=40829&refId=134464766&refType=caf&uuid=f08864ec-dc31-4523-bbaa-7f6f88efaf3b&version=1.0,272237,https://parivesh.nic.in/newupgrade/#/report/ec?proposalId=134467418,0.0,2200.0
134470546,"PRODUCTION CAPACITY-10303.5 TPA
PLOT NO.- 2347(P), STOCK PLOT- 2330
AREA- 0.8365 HECT.
SAND MINING",New,SIA/TR/MIN/548899/2025,2025-08-21T12:01:37.312+00:00,,Under Verification,0.8365,10.0,Biraj Debbarma,,Application for EC for Mining of Minor Minerals of Mine Lease (0-5 HA) - Form-2,EC,B2,,M/s BIRAJ DEBBARMA SAND,TRIPURA,Jirania,BANKIMNAGAR,,,,Linear,0.8365,0.0,0.8365,0.0,0.0,0.0,0.0,0.0,0,0,0,NO,NA,NO,NO,NO,2025-08-21T12:41:07.621+00:00,,,,,,,,,,,,,,,,,,,,,,,,,,,,,,,,,,,,,,"Village- Kalabagan, P.S.-Jirania, District- West Tripura,Tripura",KALABAGAN,16,Individual,PROPRIETOR,KALABAGAN,16,,West Tripura,,https://parivesh.nic.in/dms/okm/downloadDocument?docTypemappingId=40829&refId=134469973&refType=caf&uuid=a8f7332b-a75e-4dd7-8119-3ccc61cf5164&version=1.0,272016,https://parivesh.nic.in/newupgrade/#/report/ec?proposalId=134470546,1754.0,1754.0
134624594,“Diversion of forest land for the improvement/construction of road from Hrangkhal bazar to Rupini para via Joydhan para under PMGSY-IV under DFO Khowai.”,New,FP/TR/ROAD/549153/2025,2025-08-24T08:17:32.729+00:00,,Pending at DFO due to EDS by Nodal Officer,3.7715,353.52217,Public Works Department,,Forest clearance form,,,,“Diversion of forest land for the improvement/construction of road from Hrangkhal bazar to Rupini para via Joydhan para under PMGSY-IV under DFO Khowai.”,TRIPURA,Teliamura,HAWAIBARI,,,1785 1713 1675,Linear,1.9356,1.8359,3.7715,0.0,0.0,0.0,0.0,0.0,0,0,0,Not applicable as the project or activity is site specific,,NO,NO,NO,2026-03-13T18:30:00.000+00:00,,Degraded Forest Land,true,,,,,,,,,,,,,,,,,,,,,,,,,,,,,,,,,,,"O/o the Executive Engineer, Teliamura Division PWD(R&B).",Teliamura,16,State Government (Department/Autonomous body),Executive Engineer,,16,,Khowai,1785 1713 1675,https://parivesh.nic.in/dms/okm/downloadDocument?docTypemappingId=40829&refId=134624487&refType=caf&uuid=5f6289ff-7cde-4d40-b56f-d8d9a43cf3ff&version=1.0;https://parivesh.nic.in/dms/okm/downloadDocument?docTypemappingId=40829&refId=134624487&refType=caf&uuid=d6b2493e-3447-4d65-bcca-287d66319179&version=1.0;https://parivesh.nic.in/dms/okm/downloadDocument?docTypemappingId=58989&refId=134624487&refType=FC&uuid=39b82926-381e-4969-8888-0a3d05f9c058&version=1.0,271960,https://parivesh.nic.in/newupgrade/#/report/ec?proposalId=134624594,7980.0,5760.0
134667793,"Six drilling wells (KHBE, KHBJ, KHBD_AGT, KHDA, KHDC & KHDD) are planned to be connected from proposed wells to Khubal Gas Collecting Station (GCS) from Khubal PML Block by ONGC Limited. All 6 wells are being fallen within private & Govt. khas land for which land already been acquired through DM & Collector, State Revenue Authorities. For commercial Natural gas production ONGC plans to construct pipeline to bring the produced Natural gas to the proposed Production setup at Khubal GCS.",New,FP/TR/Pipeline/549214/2025,2025-08-25T08:54:06.007+00:00,,Pending at Nodal Officer due to EDS by State Secretary,1.057,19694235.0,ONGC,,Forest clearance form,,,,"Forest Diversion Proposal for laying underground Natural Gas pipeline by Oil Natural Gas Corporation Limited (ONGC) in Khubal PML Block at Juri Reserve Forest in North Tripura District, Tripura.",TRIPURA,Panisagar,Panisagar,,,"CS Plot: 7986, 8031, 7462, 7192, 7189, 7193, 7194, 7132,  7207, 8005",Linear,0.0,1.057,1.057,0.0,0.0,0.0,0.0,0.0,0,0,0,Not applicable as the project or activity is site specific,,NO,NO,NO,2026-06-22T18:30:00.000+00:00,,Degraded Forest Land,true,,,,,,,,,,,,,,,,,,,,,,,,,,,,,,,,,,,"ONGC Tripura Asset
Badharghat, Agartala
Tripura ONGC Tripura Asset
Badharghat, Agartala
Tripura",Badharghat,16,Others,DGM-HR,Badharghat,16,,North Tripura,"CS Plot: 7986, 8031, 7462, 7192, 7189, 7193, 7194, 7132,  7207, 8005",https://parivesh.nic.in/dms/okm/downloadDocument?docTypemappingId=40829&refId=134665644&refType=caf&uuid=78f54946-2ce4-4ae8-8866-08e1657e1726&version=1.0;https://parivesh.nic.in/dms/okm/downloadDocument?docTypemappingId=58989&refId=134665644&refType=FC&uuid=9115835f-2540-4ff1-a262-b3f58a709693&version=1.0,272656,https://parivesh.nic.in/newupgrade/#/report/ec?proposalId=134667793,1800.0,1800.0
134675890,"The applicant M/s Ajoy Sand of Shri Ajoy Das had obtained sand mining lease by the Govt of Tripura over an area of 1.40 Acres (0.5665 ha) on Manu River at Village Natingcherra, P.S.-Kumarghat, Mouza- Natingcherra, Dist-Unakoti, Tripura, over river Plot No.-221P, Stock Plot-115/305",New,SIA/TR/MIN/549229/2025,2025-08-25T10:07:46.186+00:00,,Under Verification,0.5665,5.0,ajoy das,,Application for EC for Mining of Minor Minerals of Mine Lease (0-5 HA) - Form-2,EC,B2,,Natingcherra Sand Block (Block Id-UNA-103),TRIPURA,Kumarghat,Natingchhera,,,"221P, Stock plot-115/305",Hybrid,0.5665,0.0,0.5665,0.0,0.0,0.0,0.0,0.0,0,0,0,Not applicable as the project or activity is site specific,,NO,NO,NO,2025-08-25T13:42:01.272+00:00,,,,,,,,,,,,,,,,,,,,,,,,,,,,,,,,,,,,,,"Srirampur,",Natingcherra,16,Individual,Project Proponent,Natingcherra,16,,Unokoti,"221P, Stock plot-115/305",https://parivesh.nic.in/dms/okm/downloadDocument?docTypemappingId=40829&refId=134675354&refType=caf&uuid=3d0ee680-de7a-43b0-a798-2a6761bc6264&version=1.0,272689,https://parivesh.nic.in/newupgrade/#/report/ec?proposalId=134675890,0.0,1400.0
134691010,"The Applicant JHARNA SARKAR (DAS) of M/s-Jharna Sand , has obtained sand mining lease over an area of 1.53 Acres/0.6191 Ha. on Manu River at Village -Saidabari, P.S-Kumarghat, Mouza-Kumarghat, District-Unakoti, Tripura over River Plot No.-255(P),Nearest Stock Plot-313,314,315",New,SIA/TR/MIN/549263/2025,2025-08-25T11:55:22.785+00:00,,Under Verification,0.6191,5.0,jharna sarkar das,,Application for EC for Mining of Minor Minerals of Mine Lease (0-5 HA) - Form-2,EC,B2,,Kumarghat Sand Block Mine (Block Id-UNA-95),TRIPURA,Kumarghat,KUMARGHAT,,,"255 (P), Nearest stock plot- 313,314,315",Hybrid,0.6191,0.0,0.6191,0.0,0.0,0.0,0.0,0.0,0,0,0,Not applicable as the project or activity is site specific,,NO,NO,NO,2025-08-25T13:32:13.787+00:00,,,,,,,,,,,,,,,,,,,,,,,,,,,,,,,,,,,,,,"K.K. Road, P.O-Saidabari, Vill-Saidabari",Saidabari,16,Individual,Project proponent,Saidabari,16,,Unokoti,"255 (P), Nearest stock plot- 313,314,315",https://parivesh.nic.in/dms/okm/downloadDocument?docTypemappingId=40829&refId=134690269&refType=caf&uuid=68fe155a-97f1-45b3-90f2-d61d2e6a8643&version=1.0,801535,https://parivesh.nic.in/newupgrade/#/report/ec?proposalId=134691010,0.0,2000.0
134711176,"The Applicant M/s Manoj Sand of Shri Manoj Kalai had obtained sand mining lease by the Govt. of Tripura over an area of 0.81 Acres (0.3277 ha) on Twichakma Charra at village-Twichakma Para, Mouza-Dakshin Tuidu, P.S-Tuidu, District- Gomati, Tripura, over river plot no.-967(P),Stock plot-980,983",New,SIA/TR/MIN/549278/2025,2025-08-25T12:53:13.293+00:00,,Under Verification,0.3277,5.0,manoj kalai,,Application for EC for Mining of Minor Minerals of Mine Lease (0-5 HA) - Form-2,EC,B2,,Dakshin Tuidu Sand Block Mine (Block ID-GMT-99),TRIPURA,Amarpur,Dakshin Taidu,,,"967 (P), Stock Plot: 980, 983",Hybrid,0.3277,0.0,0.3277,0.0,0.0,0.0,0.0,0.0,0,0,0,Not applicable as the project or activity is site specific,,NO,NO,NO,2025-08-25T13:25:09.767+00:00,,,,,,,,,,,,,,,,,,,,,,,,,,,,,,,,,,,,,,"Jantranapara, ICDS Centre Dhanlekha",Twichakma Para,16,Individual,Project Proponent,Twichakma Para,16,,Gomati,"967 (P), Stock Plot: 980, 983",https://parivesh.nic.in/dms/okm/downloadDocument?docTypemappingId=40829&refId=134699698&refType=caf&uuid=e9bfb110-eff1-4af6-a4c8-29c9dc3c8fc3&version=1.0,272187,https://parivesh.nic.in/newupgrade/#/report/ec?proposalId=134711176,0.0,1600.0
134751552,"Shri Tapan Chandra Debnath obtained mining area for Brick Earth, Near village-Mirza, Mouza-Rani, P.S- Kakraban, District-Gomati, State-Tripura, Area-1.8979 ha, (4.69 Acres), Plot no.-1892/3480, Prepare under Governments of India Minor Minerals Concession Rules, 1952 & 1961.",New,SIA/TR/MIN/549352/2025,2025-08-26T08:13:29.900+00:00,,Under Verification,1.8979,10.0,tapan chandra debnath,,Application for EC for Mining of Minor Minerals of Mine Lease (0-5 HA) - Form-2,EC,B2,,Ramthakur Bricks,TRIPURA,Udaipur,RANI,,,1892/3480,Hybrid,1.8979,0.0,1.8979,0.0,0.0,0.0,0.0,0.0,0,0,0,Not applicable as the project or activity is site specific,,NO,NO,NO,2025-08-26T10:08:41.059+00:00,,,,,,,,,,,,,,,,,,,,,,,,,,,,,,,,,,,,,,"Chaygharia, Uttar Maharani",Mirza,16,Individual,Project Proponent,Mirza,16,,Gomati,1892/3480,https://parivesh.nic.in/dms/okm/downloadDocument?docTypemappingId=40829&refId=134750622&refType=caf&uuid=1eb7d792-259f-422c-8f31-24f315ef261a&version=1.0,272250,https://parivesh.nic.in/newupgrade/#/report/ec?proposalId=134751552,0.0,4000.0
135126419,"One drilling well SDAT (SD#24) is planned to be connected from proposed wells to Sundalbari Manifold from Sundalbari PML Block area by ONGC Limited. This well (SD#24) has been fallen within private land for which land already been acquired through DM & Collector, Sepahijala District Tripura, State Revenue Authorities. For the purpose of commercial Natural gas production ONGC now plans to construct pipeline to bring the produced Natural gas to the proposed Production setup at Sundalbari Manifold.",New,FP/TR/Pipeline/549586/2025,2025-08-28T11:16:48.078+00:00,,Pending at Nodal Officer due to EDS by State Secretary,0.6981,6503569.0,ONGC,,Forest clearance form,,,,"Forest Diversion Proposal for laying underground Natural Gas pipeline by Oil Natural Gas Corporation Limited (ONGC) in Sundalbari PML Block at Melaghar Protected Reserve Forest in Sepahijala District, Tripura under District Forest Officer, Sepahijala District Tripura.",TRIPURA,Sonamura,MOHANBHOG,,,"1024/4126/P, 1035/P & 424/P",Linear,0.0,0.6981,0.6981,0.0,0.0,0.0,0.0,0.0,0,0,0,Not applicable as the project or activity is site specific,,NO,NO,NO,2025-08-28T12:39:57.965+00:00,,Degraded Forest Land,true,,,,,,,,,,,,,,,,,,,,,,,,,,,,,,,,,,,"ONGC Tripura Asset
Badharghat, Agartala
Tripura ONGC Tripura Asset
Badharghat, Agartala
Tripura",Badharghat,16,Others,DGM-HR,Badharghat,16,,Sipahijala,"1024/4126/P, 1035/P & 424/P",https://parivesh.nic.in/dms/okm/downloadDocument?docTypemappingId=40829&refId=135103362&refType=caf&uuid=baa94d8d-1a64-41dc-a6d2-f20eeb42cb3e&version=1.0;https://parivesh.nic.in/dms/okm/downloadDocument?docTypemappingId=58989&refId=135103362&refType=FC&uuid=b73073d3-9719-4697-b7a2-14c495d8334c&version=1.0,272115,https://parivesh.nic.in/newupgrade/#/report/ec?proposalId=135126419,1800.0,7100.0
135373169,"The Applicant M/s KARTIK LAL SAND of SHRI KARTIK LAL DAS had obtained sand mining lease by the Govt. of Tripura over an area of 0.85 Acres (0.3439 ha) on Gomati river Village- Basanta Nagar, Mouza- Kakraban, district -Gomati, Tripura, over river plot no. - 5814(p). Stock plot-5918, 5919.",New,SIA/TR/MIN/549858/2025,2025-08-30T10:37:19.810+00:00,,Under Verification,0.3439,5.0,Kartik lal Das,,Application for EC for Mining of Minor Minerals of Mine Lease (0-5 HA) - Form-2,EC,B2,,Kakraban Sand Block Mine,TRIPURA,Udaipur,KAKRABAN,,,"5814(P) Stock Plot- 5918, 5919",Hybrid,0.3439,0.0,0.3439,0.0,0.0,0.0,0.0,0.0,0,0,0,Not applicable as the project or activity is site specific,,NO,NO,NO,2025-08-30T10:55:51.777+00:00,,,,,,,,,,,,,,,,,,,,,,,,,,,,,,,,,,,,,,"Kakraban, Udaipur, Gomati, Tripura",Kakraban,16,Individual,Project proponent,Kakraban,16,,Gomati,"5814(P) Stock Plot- 5918, 5919",https://parivesh.nic.in/dms/okm/downloadDocument?docTypemappingId=40829&refId=135372764&refType=caf&uuid=951fdbb1-6a3c-45f4-8a6a-5b9f103acfa3&version=1.0,272246,https://parivesh.nic.in/newupgrade/#/report/ec?proposalId=135373169,0.0,1600.0
135397165,M/S- Laxman Sand is a private individual—an enterprising young person who earns his family's livelihood by miscellaneous trading. Both skilled and unskilled workers will be engaged for mining. The proposed mining leasehold area is 1.27 acres (0.5155 hectares). Details are provided in the elaborate project along with points that are noted on the Google Earth Map.,New,SIA/TR/MIN/549902/2025,2025-08-31T10:05:10.981+00:00,,Under Verification,0.5155,10.0,LAXMAN SARKAR,,Application for EC for Mining of Minor Minerals of Mine Lease (0-5 HA) - Form-2,EC,B2,,M/S- LAXMAN SAND,TRIPURA,Udaipur,SALGARA,,,"River Plot-2487(P), stok plot-2250",Linear,0.0,0.5155,0.5155,0.0,0.0,0.0,0.0,0.0,0,0,0,Not applicable as the project or activity is site specific,,NO,NO,NO,2025-09-13T16:45:02.016+00:00,,,,,,,,,,,,,,,,,,,,,,,,,,,,,,,,,,,,,,"Vill-Salgarah, P.O-Salgarah, P.S- R.K Pur,
Block-Tepania R.D, Udaipur",,16,Individual,Individual,,16,,Gomati,"River Plot-2487(P), stok plot-2250",https://parivesh.nic.in/dms/okm/downloadDocument?docTypemappingId=40829&refId=135383920&refType=caf&uuid=4460b0f1-a6b3-49f0-8e08-0c5167ae317e&version=1.0,272208,https://parivesh.nic.in/newupgrade/#/report/ec?proposalId=135397165,360.0,360.0
135397598,"The Applicant M/s BIRENDRA SAND of Shri Birendra Debnath had obtained sand mining lease by the Govt.of Tripura over an area of 1.20 Acres(0.4856 ha) on Manu River at village - Ratiabari ,p.s - Kumarghat , Mouza- Pabia cherra ,Dist-Unakoti , Over River Plot No - 2236(P) , Stock Plot No- 2209/7380",New,SIA/TR/MIN/549907/2025,2025-08-31T11:16:56.694+00:00,,Under Verification,0.5656,5.0,BIRENDRA DEBNATH,,Application for EC for Mining of Minor Minerals of Mine Lease (0-5 HA) - Form-2,EC,B2,,M/s BIRENDRA SAND,TRIPURA,Kumarghat,PURBA RATACHARA,,,,Hybrid,0.08,0.4856,0.5656,0.0,0.0,0.0,0.0,0.0,0,0,0,NO,RIVER BED SAND MINING PROJECT,NO,NO,NO,2025-08-31T12:20:37.152+00:00,,,,,,,,,,,,,,,,,,,,,,,,,,,,,,,,,,,,,,"VILL-PABIA CHARRA , P.S-KUMARGHAT ,DIST-UNAKOTI ,PIN-799264",,16,Individual,Proprietor,,16,,Unokoti,,https://parivesh.nic.in/dms/okm/downloadDocument?docTypemappingId=40829&refId=135397197&refType=caf&uuid=44125922-ebf8-472e-9432-613524da3f0b&version=1.0,272695,https://parivesh.nic.in/newupgrade/#/report/ec?proposalId=135397598,1407.0,1407.0
135459857,"The applicant M/s Bikash Sand of Shri Bikash Debnath had obtained sand mining lease by the Govt. of Tripura over an area of 0.90 Acres(0.3642 ha) on Manu River at village-Nidebi, P.O.-Kumarghat, P.S.-Kumarghat, Mouza-Kumarghat, Dist-Unakoti,Tripura, over river plot no.-1043(P), Stock plot-1237",New,SIA/TR/MIN/550048/2025,2025-09-01T12:35:14.477+00:00,,Under Verification,0.3642,5.0,bikash debnath,,Application for EC for Mining of Minor Minerals of Mine Lease (0-5 HA) - Form-2,EC,B2,,Kumarghat Sand Block Mine( Block Id UNA-108),TRIPURA,Kumarghat,KUMARGHAT,,,"1043 (P), Stock Plot-1237",Hybrid,0.3642,0.0,0.3642,0.0,0.0,0.0,0.0,0.0,0,0,0,Not applicable as the project or activity is site specific,,NO,NO,NO,2025-09-01T13:21:12.606+00:00,,,,,,,,,,,,,,,,,,,,,,,,,,,,,,,,,,,,,,"72 saidapar, Purba Ratacherra",Purba Ratacherra,16,Individual,project proponent,Purba Ratacherra,16,,Unokoti,"1043 (P), Stock Plot-1237",https://parivesh.nic.in/dms/okm/downloadDocument?docTypemappingId=40829&refId=135457899&refType=caf&uuid=98ebc61c-dd09-41b1-ab01-78b160979abb&version=1.0,801535,https://parivesh.nic.in/newupgrade/#/report/ec?proposalId=135459857,0.0,1400.0
135469370,"The Applicant M/s BIVASH SAND Of Shri Bivash Das had obtained Sand Mining Lease By The Govt. Of Tripura Over An Area Of 1.40 Acres( 0.5665 Ha) On Manu River At Village -Mashauli ,P.S- Fatikroy,Mouza-Mashauli ,Dist-Unakoti , Tripura, Over River plot no-2842(p) ,Stock Plot No-2959",New,SIA/TR/MIN/550069/2025,2025-09-01T17:21:52.387+00:00,,Under Verification,0.6231,5.0,BIVASH DAS,,Application for EC for Mining of Minor Minerals of Mine Lease (0-5 HA) - Form-2,EC,B2,,M/s BIVASH SAND,TRIPURA,Kumarghat,Masauli,,,2842(P),Hybrid,0.0566,0.5665,0.6231,0.0,0.0,0.0,0.0,0.0,0,0,0,NO,River bed sand mining project,NO,NO,NO,2025-09-01T18:21:06.677+00:00,,,,,,,,,,,,,,,,,,,,,,,,,,,,,,,,,,,,,,"VILL- 89,RASNAGAR ,GRAM- MASHAULI , P.O - MASHAULI , DIST - UNAKOTI ,PIN- 799288",Village -Mashauli,16,Individual,Proprietor,,16,,Unokoti,2842(P),https://parivesh.nic.in/dms/okm/downloadDocument?docTypemappingId=40829&refId=135469273&refType=caf&uuid=29641598-12b0-4f7b-a9eb-c03ebaee5eb0&version=1.0,272701,https://parivesh.nic.in/newupgrade/#/report/ec?proposalId=135469370,1407.0,1407.0
135631164,"Sand Mining Project
Production Capacity- 11670 TPA
Area-0.9250 Hect.
Plot No.- 854(P) Stock plot- 842",New,SIA/TR/MIN/550411/2025,2025-09-04T06:52:54.987+00:00,,Under Verification,0.925,10.0,Debabrata Dey,,Application for EC for Mining of Minor Minerals of Mine Lease (0-5 HA) - Form-2,EC,B2,,"M/s Debabrata Dey Sand,  Fulkumari Sand Mining, Plot No.- 854(P)",TRIPURA,Udaipur,CHANDRAPUR RESERVED FOREST,,,,Linear,0.925,0.0,0.925,0.0,0.0,0.0,0.0,0.0,0,0,0,NO,NA,NO,NO,NO,2025-09-04T07:31:11.610+00:00,,,,,,,,,,,,,,,,,,,,,,,,,,,,,,,,,,,,,,"Village - Fulkumari, P.S.- R.K.Pur, District- Gomati, Tripura",Fulkumari,16,Individual,Proprietor,Fulkumari,16,,Gomati,,https://parivesh.nic.in/dms/okm/downloadDocument?docTypemappingId=40829&refId=135628296&refType=caf&uuid=d96cbc92-696b-4dbf-98f5-ee2f2d8f4c94&version=1.0,272226,https://parivesh.nic.in/newupgrade/#/report/ec?proposalId=135631164,1504.0,1504.0
135891890,"The applicant M/s Arabindu sand of  Shri Arabindu Datta had obtained sand mining lease by the Govt. of Tripura over an area of 2.11 Acres(0.8538 ha) on Manu River at village-Laxmipur, P.S.-Fatikroy, Mouza-Mashauli, District-Unakoti, Tripura, over river plot no.-2842(P), Stock plot-2900",New,SIA/TR/MIN/550853/2025,2025-09-08T13:00:06.248+00:00,,Under Verification,0.8538,5.0,ARABINDU DATTA,,Application for EC for Mining of Minor Minerals of Mine Lease (0-5 HA) - Form-2,EC,B2,,MASHAULI SAND BLOCK MINE,TRIPURA,Kumarghat,Masauli,,,"2842 (P), Stock Plot- 2900",Hybrid,0.8538,0.0,0.8538,0.0,0.0,0.0,0.0,0.0,0,0,0,Not applicable as the project or activity is site specific,,NO,NO,NO,2025-09-09T06:21:17.946+00:00,,,,,,,,,,,,,,,,,,,,,,,,,,,,,,,,,,,,,,"M/s ARABINDU SAND, Village- Laxmipur, Mouza- Mashauli, P.S.- Fatikroy, Block- Kumarghat, Dist- Unakoti, Tripura- 799288",Laxmipur,16,Individual,PROPRIETOR,Laxmipur,16,,Unokoti,"2842 (P), Stock Plot- 2900",https://parivesh.nic.in/dms/okm/downloadDocument?docTypemappingId=40829&refId=135890640&refType=caf&uuid=3ed03086-749a-429a-ae9e-bc7c221310cd&version=1.0,272701,https://parivesh.nic.in/newupgrade/#/report/ec?proposalId=135891890,0.0,1400.0
136236584,M/S- Pradip Sand is a private individual—an enterprising young person who earns his family's livelihood by miscellaneous trading. Both skilled and unskilled workers will be engaged for mining. The proposed mining leasehold area is 2.73 acres (1.1071 hectares). Details are provided in the elaborate project along with points that are noted on the Google Earth Map.,New,SIA/TR/MIN/551558/2025,2025-09-13T17:31:49.724+00:00,,Under Verification,1.1071,10.0,PRADIP KUMAR SAHA,,Application for EC for Mining of Minor Minerals of Mine Lease (0-5 HA) - Form-2,EC,B2,,M/s PRADIP SAND,TRIPURA,Udaipur,PHULKUMARI,,,"river plot no -854(p), stock plot no- 803/6088",Hybrid,0.0,1.1071,1.1071,0.0,0.0,0.0,0.0,0.0,0,0,0,NO,RIVER BED SAND MINING,NO,NO,NO,2025-09-14T08:17:41.353+00:00,,,,,,,,,,,,,,,,,,,,,,,,,,,,,,,,,,,,,,"134,NO -2 FULKUMARI, P.S - R.K.PUR , SUB DIVISION-UDAIPUR ,DIST - GOMATI , PIN - 799116",,16,Individual,Proprietor,,16,,Gomati,"river plot no -854(p), stock plot no- 803/6088",https://parivesh.nic.in/dms/okm/downloadDocument?docTypemappingId=40829&refId=136236326&refType=caf&uuid=ca28ba14-a1f0-4001-83aa-2664a5fa82c6&version=1.0,272235,https://parivesh.nic.in/newupgrade/#/report/ec?proposalId=136236584,1608.0,1608.0
136374493,"PRODUCTION CAPACITY-4005 CUBIC METER/YEAR
AREA-0.3475 HECT.
PLOT NO.- 476(P), STOCK PLOT-34/3733
SAND MINING PROJECT",New,SIA/TR/MIN/551806/2025,2025-09-16T10:12:26.593+00:00,,Under Verification,0.3475,10.0,ANINDITA PAUL,,Application for EC for Mining of Minor Minerals of Mine Lease (0-5 HA) - Form-2,EC,B2,,"M/s RUDRANSH SAND MINING, PLOT NO.- 476(P), AREA- 0.3475 HECT.",TRIPURA,Kamalpur,ABHANGA,,,,Linear,0.3475,0.0,0.3475,0.0,0.0,0.0,0.0,0.0,0,0,0,NO,NA,NO,NO,NO,2025-09-16T11:14:47.803+00:00,,,,,,,,,,,,,,,,,,,,,,,,,,,,,,,,,,,,,,"VILLAGE- HALHALI, P.S.- KAMALPUR, DISTRICT- DHALAI, TRIPURA",DHALAI,16,Individual,PROPRIETOR,DHALAI,16,,Dhalai,,https://parivesh.nic.in/dms/okm/downloadDocument?docTypemappingId=40829&refId=136372625&refType=caf&uuid=8941aaaa-8e94-4b82-b004-501baea96a47&version=1.0,272453,https://parivesh.nic.in/newupgrade/#/report/ec?proposalId=136374493,1754.0,1754.0
136965662,"Geophysical Survey in UGF, Atharamura Kalajhari RF, Baramura Debtamura RF, Chandrapur RF, Garjee RF, Hirapur PRF & Laxmipati PRF falling in Gomati district of Tripura state for preliminary sub surface mapping of the PML block awarded to ONGC",New,WL/TR/SRY/553054/2025,2025-09-25T05:50:59.030+00:00,,,2519.0,3193.0,OIL AND NATURAL GAS CORPORATION LIMITED,,Wildlife clearance form,,,,2D Seismic data acquisition  of AA-ONHP-2018/4(Bogapha) project in  Gomati district,TRIPURA,Amarpur,AMPICHHARA,,,,Non - Linear,930.0,1589.0,2519.0,0.0,0.0,0.0,0.0,0.0,0,0,0,Not applicable as the project or activity is site specific,,NO,NO,NO,2025-09-26T11:01:51.948+00:00,,,,,,,,,,,,,,,,,,,,,,,,,,,,,,,,,,,,,,,,,,,,,,Gomati,,https://parivesh.nic.in/dms/okm/downloadDocument?docTypemappingId=40829&refId=127462708&refType=caf&uuid=b8fdaf0e-b55e-42c8-af16-13463a8ab1a2&version=1.0,272193,https://parivesh.nic.in/newupgrade/#/report/ec?proposalId=136965662,0.0,49200.0
137031092,For Extraction / Production of Hydrocarbon / Natural Gas from discovered through Exploratory drilling Well TMAB,New,FP/TR/REDIV/553182/2025,2025-09-25T14:21:03.789+00:00,,Pending at PP due to EDS by Nodal Officer,2.63,4000.0,ONGC,,Form-E: Re-Diversion i) Land Use Change ii) Laying of Overhead/ Under Ground OFC/ drinking water pipeline/ slurry pipeline/ electric cable/ CNG/PNG within RoW,,,,Permission for Extraction / Production of Hydrocarbon / Natural Gas from approved diverted exploratory Well TMAB,TRIPURA,Sabroom,RAJDHARPUR,,,99,Linear,0.0,2.63,2.63,0.0,0.0,0.0,0.0,0.0,0,0,0,Not applicable as the project or activity is site specific,,NO,NO,NO,2026-04-22T18:30:00.000+00:00,,,,,,,,,,,,,,,,,,,,,,,,,,,,,,,,,,,,,,"ONGC Tripura Asset
Badharghat, Agartala
Tripura ONGC Tripura Asset
Badharghat, Agartala
Tripura",Badharghat Agartala,16,Others,DGM-HR,Badharghat Agartala,16,,South Tripura,99,https://parivesh.nic.in/dms/okm/downloadDocument?docTypemappingId=40829&refId=136996358&refType=caf&uuid=fdc3d51a-b797-4efd-afc4-7892a987fab0&version=1.0,272386,https://parivesh.nic.in/newupgrade/#/report/ec?proposalId=137031092,20.0,20.0
137061343,"Geophysical Survey in Tekka Tulshi RF, Betaga Ludhua RF, Amlighat PRF, Jalefa PRF, Manubazar PRF & Motai PRF falling in South Tripura district of Tripura state for preliminary sub surface mapping of the PML block awarded to ONGC.",New,WL/TR/SRY/553215/2025,2025-09-26T07:01:05.321+00:00,,,7521.78,3193.0,OIL AND NATURAL GAS CORPORATION LIMITED,,Wildlife clearance form,,,,Area1: South Gojalia 2D Seismic Data Acquisition,TRIPURA,Sabroom,AMLIGHAT,,,,Non - Linear,2330.57,5191.21,7521.78,0.0,0.0,0.0,0.0,0.0,0,0,0,Not applicable as the project or activity is site specific,,NO,NO,NO,2025-09-29T05:31:42.710+00:00,,,,,,,,,,,,,,,,,,,,,,,,,,,,,,,,,,,,,,,,,,,,,,South Tripura,,https://parivesh.nic.in/dms/okm/downloadDocument?docTypemappingId=40829&refId=127401722&refType=caf&uuid=55e17a42-1278-40f0-868f-fe3e1ec18d12&version=1.0,272412,https://parivesh.nic.in/newupgrade/#/report/ec?proposalId=137061343,0.0,49200.0
137130469,"The Applicant Sri Nabarun Roy has obtained sand mining lease by the Govt. of Tripura over an area of 0.86 Acres (0.34803 ha) on Pitra Charra at Village-Pitra, P.S-R K Pur, Mouza - Pitra, District- Gomati, Tripura, over river plot no. 335 (p), nearest stock plot- 134, Dist. -Gomati, Tripura",New,SIA/TR/MIN/553336/2025,2025-09-27T06:59:12.365+00:00,,Under Verification,0.348,5.0,NABARUN ROY,,Application for EC for Mining of Minor Minerals of Mine Lease (0-5 HA) - Form-2,EC,B2,,PITRA SAND BLOCK MINE,TRIPURA,Udaipur,Pitra,,,"RIVER PLOT-355 (P), STOCK PLOT-134",Hybrid,0.348,0.0,0.348,0.0,0.0,0.0,0.0,0.0,0,0,0,Not applicable as the project or activity is site specific,,NO,NO,NO,2025-09-27T10:38:25.260+00:00,,,,,,,,,,,,,,,,,,,,,,,,,,,,,,,,,,,,,,"Village-Giridhari Pally, P.S.- R.K. PUR, District-Gomati, State- Tripura",Giridhari Pally,16,Individual,Project Proponent,Giridhari Pally,16,,Gomati,"RIVER PLOT-355 (P), STOCK PLOT-134",https://parivesh.nic.in/dms/okm/downloadDocument?docTypemappingId=40829&refId=137129344&refType=caf&uuid=82323878-0549-4cd7-8a0c-56a7648903ba&version=1.0,272212,https://parivesh.nic.in/newupgrade/#/report/ec?proposalId=137130469,0.0,1600.0
137153888,PRODUCTION CAPACITY-9004.5 TPA,New,SIA/TR/MIN/553404/2025,2025-09-27T12:24:10.277+00:00,,Under Verification,0.7462,10.0,AJIT DEBBARMA,,Application for EC for Mining of Minor Minerals of Mine Lease (0-5 HA) - Form-2,EC,B2,,"M/S DEBBARMA SAND, AREA- 0.7462 HECT., PLOT NO.- 2537(P)",TRIPURA,Jirania,AMTHANGBARI,,,,Linear,0.7462,0.0,0.7462,0.0,0.0,0.0,0.0,0.0,0,0,0,NO,NA,NO,NO,NO,2025-09-27T12:49:20.083+00:00,,,,,,,,,,,,,,,,,,,,,,,,,,,,,,,,,,,,,,"VILLAGE- CHINTA RAM KOBRA, P.S. - JIRANIA, DISTRICT- WEST TRIPURA, TRIPURA",WEST TRIPURA,16,Individual,PROPRIETOR,WEST TRIPURA,16,,West Tripura,,https://parivesh.nic.in/dms/okm/downloadDocument?docTypemappingId=40829&refId=137153736&refType=caf&uuid=9091943b-fe92-4f03-9f53-ee66a0a1ad2c&version=1.0,271997,https://parivesh.nic.in/newupgrade/#/report/ec?proposalId=137153888,1504.0,1504.0
137638423,Diversion of Forest Land for the Improvement/ Strengthening of Road from Nh-08 to colony under PM JANAMAN Batch-II in Unakoti District of Tripura,New,FP/TR/ROAD/554364/2025,2025-10-07T13:02:51.541+00:00,,DELISTED_BY_SYSTEM,1.784,80.0,Public Works Department,,Forest clearance form,,,,Diversion of Forest Land for the Improvement/ Strengthening of Road from NH-08 to colony under PM JANAMAN Batch-II in Unakoti District of Tripura,TRIPURA,Kumarghat,LAKSHMANCHHARA,,,1186 1309 1310 1307 1308 801 1306 212,Linear,0.307,1.477,1.784,0.0,0.0,0.0,0.0,0.0,0,0,0,Not applicable as the project or activity is site specific,,NO,NO,NO,2025-12-02T18:30:00.000+00:00,,Degraded Forest Land,true,,,,,,,,,,,,,,,,,,,,,,,,,,,,,,,,,,,"Office of the Executive Engineer, PWD (R&B) Kanchanpur Division, Kanchanpur North Tripura.",Kanchanpur North District of Tripura,16,State Government (Department/Autonomous body),Executive Engineer,,16,,Unokoti,1186 1309 1310 1307 1308 801 1306 212,https://parivesh.nic.in/dms/okm/downloadDocument?docTypemappingId=40829&refId=137629079&refType=caf&uuid=e2f66d51-a801-44e7-977b-3a5f48213f28&version=1.0;https://parivesh.nic.in/dms/okm/downloadDocument?docTypemappingId=58989&refId=137629079&refType=FC&uuid=dcd2b0d0-8a8e-403a-a018-5c95286fce25&version=1.0,272670,https://parivesh.nic.in/newupgrade/#/report/ec?proposalId=137638423,4680.0,3620.0
137675659,Diversion of forest land for the construction of road from Manu-Chailengta Panchayat office to Noubakrai Para under PM JANAMAN Batch-II under DFO North District of Tripura revised,New,FP/TR/ROAD/554413/2025,2025-10-08T06:42:19.427+00:00,,Pending at DFO/CF after acceptance in PSC-I,8.0746,760.2,Public Works Department,,Forest clearance form,,,,Diversion of forest land for the construction of road from Manu-Chailengta Panchayat office to Noubakrai Para under PM JANAMAN Batch-II under DFO North District of Tripura,TRIPURA,Kanchanpur,MANU CHNAILANTA RESERVED FORES,,,"13,31,41,68,43,40,74",Linear,0.0,8.0746,8.0746,0.0,0.0,0.0,0.0,0.0,0,0,0,Not applicable as the project or activity is site specific,,NO,NO,NO,2026-08-16T18:30:00.000+00:00,https://parivesh.nic.in/dms/okm/downloadDocument?docTypemappingId=59020&refId=137675658&refType=fc&uuid=ea8f4064-f092-4a84-a8ee-a588f6948675&version=1.0,Degraded Forest Land,true,,,,,,,,,,,,,,,,,,,,,,,,,,,,,,,,,,,"Office of the Executive Engineer, PWD (R&B) Kanchanpur Division, Kanchanpur North Tripura.",,16,State Government (Department/Autonomous body),Executive Engineer,,16,,North Tripura,"13,31,41,68,43,40,74",https://parivesh.nic.in/dms/okm/downloadDocument?docTypemappingId=40829&refId=137671779&refType=caf&uuid=adb1c88c-921e-4739-a1e4-4c7d05ff139e&version=1.0;https://parivesh.nic.in/dms/okm/downloadDocument?docTypemappingId=58989&refId=137671779&refType=FC&uuid=53156e0f-12d4-4ccb-8d0f-9e35dad26de1&version=1.0,272716,https://parivesh.nic.in/newupgrade/#/report/ec?proposalId=137675659,8040.0,5860.0
137689099,“Diversion of Forest Land for the Improvement/ Strengthening of Road from Labaram para to Pumatilla under  PM JANAMAN Batch-II in North District of Tripura.”,New,FP/TR/ROAD/554442/2025,2025-10-08T08:39:31.830+00:00,,REMOVED,1.575,125.0,Public Works Department,,Forest clearance form,,,,“Diversion of Forest Land for the Improvement/ Strengthening of Road from Labaram para to Pumatilla under  PM JANAMAN Batch-II in North District of Tripura.”,TRIPURA,Kanchanpur,TUICHAMA,,,291 292 354 358 359 360 301 362 296 293 120 302 298 290 317 297 312 310 309 308 307 82 90 115 67 84 114 88 111 87 252 246 251 249 244 239 240 122 258 119 255 127 254 138 137 253 128,Linear,0.0,1.575,1.575,0.0,0.0,0.0,0.0,0.0,0,0,0,Not applicable as the project or activity is site specific,,NO,NO,NO,2025-12-04T18:30:00.000+00:00,,Degraded Forest Land,true,,,,,,,,,,,,,,,,,,,,,,,,,,,,,,,,,,,"Office of the Executive Engineer, PWD (R&B) Kanchanpur Division, Kanchanpur North Tripura.",,16,State Government (Department/Autonomous body),Executive Engineer,,16,,North Tripura,291 292 354 358 359 360 301 362 296 293 120 302 298 290 317 297 312 310 309 308 307 82 90 115 67 84 114 88 111 87 252 246 251 249 244 239 240 122 258 119 255 127 254 138 137 253 128,https://parivesh.nic.in/dms/okm/downloadDocument?docTypemappingId=40829&refId=137688447&refType=caf&uuid=92716a86-b5f1-4c8c-b174-28d426056422&version=1.0;https://parivesh.nic.in/dms/okm/downloadDocument?docTypemappingId=58989&refId=137688447&refType=FC&uuid=5f712b3a-7517-45a5-996b-c0029fb90a3a&version=1.0,272726,https://parivesh.nic.in/newupgrade/#/report/ec?proposalId=137689099,4860.0,3120.0
137715353,Diversion of Forest Land for the Improvement/ Strengthening of Road from Sabual to Darkhuang under PM JANAMAN Batch-II in North District of Tripura,New,FP/TR/ROAD/554499/2025,2025-10-08T12:19:52.891+00:00,,REMOVED,2.713,250.0,Public Works Department,,Forest clearance form,,,,Diversion of Forest Land for the Improvement/ Strengthening of Road from Sabual to Darkhuang under PM JANAMAN Batch-II in North District of Tripura,TRIPURA,Kanchanpur,CENTRAL CATCHMENT RESERVED FOR,,,1548 1549,Linear,0.0,2.713,2.713,0.0,0.0,0.0,0.0,0.0,0,0,0,Not applicable as the project or activity is site specific,,NO,NO,NO,2025-12-07T18:30:00.000+00:00,,Degraded Forest Land,true,,,,,,,,,,,,,,,,,,,,,,,,,,,,,,,,,,,"Office of the Executive Engineer, PWD (R&B) Kanchanpur Division, Kanchanpur North Tripura.",,16,State Government (Department/Autonomous body),Executive Engineer,,16,,North Tripura,1548 1549,https://parivesh.nic.in/dms/okm/downloadDocument?docTypemappingId=40829&refId=137714766&refType=caf&uuid=1b6d2d3a-748d-4390-9756-664b835d56e7&version=1.0;https://parivesh.nic.in/dms/okm/downloadDocument?docTypemappingId=58989&refId=137714766&refType=FC&uuid=e3ba6982-2f6c-4640-adea-0852655bc7ce&version=1.0,272728,https://parivesh.nic.in/newupgrade/#/report/ec?proposalId=137715353,5980.0,4180.0
138001178,“Diversion of Forest Land for the Improvement/ Strengthening of Road from Burighat to Soilong para via Lalit Charan Para under  PM JANAMAN Batch-II in North District of Tripura”.,New,FP/TR/ROAD/555023/2025,2025-10-13T12:05:28.044+00:00,,Pending at MS for Recommendation in PSC-II,5.4501,720.0,Public Works Department,,Forest clearance form,,,,“Diversion of Forest Land for the Improvement/ Strengthening of Road from Burighat to Soilong para via Lalit Charan Para under  PM JANAMAN Batch-II in North District of Tripura”.,TRIPURA,Kanchanpur,RAMPRASAIPARA,,,242 241 296 238 237 236 292 246 245 197 298 250 297 299 272 39 34 195 194 41 196 302,Linear,0.0,5.4501,5.4501,0.0,0.0,0.0,0.0,0.0,0,0,0,Not applicable as the project or activity is site specific,,NO,NO,NO,2026-03-30T18:30:00.000+00:00,https://parivesh.nic.in/dms/okm/downloadDocument?docTypemappingId=59020&refId=138001177&refType=fc&uuid=f7051810-2230-42ef-b138-6ff3922943b6&version=1.0,Degraded Forest Land,true,,,,,,,,,,,,,,,,,,,,,,,,,,,,,,,,,,,"Office of the Executive Engineer, PWD (R&B) Kanchanpur Division, Kanchanpur North Tripura.",,16,State Government (Department/Autonomous body),Executive Engineer,,16,,North Tripura,242 241 296 238 237 236 292 246 245 197 298 250 297 299 272 39 34 195 194 41 196 302,https://parivesh.nic.in/dms/okm/downloadDocument?docTypemappingId=40829&refId=137999543&refType=caf&uuid=e8829c82-bfc1-46e5-88dc-4d65e2653b5c&version=1.0;https://parivesh.nic.in/dms/okm/downloadDocument?docTypemappingId=58989&refId=137999543&refType=FC&uuid=8ba48992-ed14-4281-bd7f-01bde1eb236f&version=1.0,0,https://parivesh.nic.in/newupgrade/#/report/ec?proposalId=138001178,8040.0,5980.0
138073948,Diversion of Forest Land for the Improvement/ Strengthening of road from Shailaram para and Aniram Para under PM JANAMAN Batch-II in North District of Tripura,New,FP/TR/ROAD/555169/2025,2025-10-14T12:43:49.092+00:00,,REMOVED,1.367,150.0,Public Works Department,,Forest clearance form,,,,Diversion of Forest Land for the Improvement/ Strengthening of road from Shailaram para and Aniram Para under PM JANAMAN Batch-II in North District of Tripura,TRIPURA,Kanchanpur,KAMAMPARA,,,190 189 263 286 264 262 261 343 260 242 241 239 323 238 240 326 267 325 237 236 188,Linear,0.0,1.367,1.367,0.0,0.0,0.0,0.0,0.0,0,0,0,Not applicable as the project or activity is site specific,,NO,NO,NO,2025-10-14T12:55:59.418+00:00,,Degraded Forest Land,true,,,,,,,,,,,,,,,,,,,,,,,,,,,,,,,,,,,"Office of the Executive Engineer, PWD (R&B) Kanchanpur Division, Kanchanpur North Tripura.",,16,State Government (Department/Autonomous body),Executive Engineer,,16,,North Tripura,190 189 263 286 264 262 261 343 260 242 241 239 323 238 240 326 267 325 237 236 188,https://parivesh.nic.in/dms/okm/downloadDocument?docTypemappingId=40829&refId=138073305&refType=caf&uuid=33cfc007-0b56-4c7e-815d-82ecbd9658e1&version=1.0;https://parivesh.nic.in/dms/okm/downloadDocument?docTypemappingId=58989&refId=138073305&refType=FC&uuid=7fb186f8-a36d-46c4-a0e3-a14377ac8148&version=1.0,272719,https://parivesh.nic.in/newupgrade/#/report/ec?proposalId=138073948,3710.0,2480.0
138754028,Exploratory drilling for Hydrocarbons in Kunjaban Field (PML Block: Kunjaban),New,SIA/TR/IND2/556293/2025,2025-10-28T08:30:47.620+00:00,,Under Verification,2.537,4600.0,"ONGC, TRIPURA ASSET",,Environment clearance form,TOR,B2,"Off-shore and onshore oil and gas exploration,  development and production",Exploratory Drilling Location KUAP,TRIPURA,Mohanpur,BANAIA,,,,Non - Linear,2.537,0.0,2.537,0.0,0.0,0.0,0.0,0.0,0,0,0,Not applicable as the project or activity is site specific,,NO,NO,NO,2025-10-28T10:10:07.448+00:00,,,,,,,,,,,,,,,,,,,,,,,,,,,,,,,,,,,,,,,,,,,,,,West Tripura,,https://parivesh.nic.in/dms/okm/downloadDocument?docTypemappingId=40829&refId=138751099&refType=caf&uuid=cbe0962e-c83c-4140-a163-96cecbc773d0&version=1.0,271856,https://parivesh.nic.in/newupgrade/#/report/ec?proposalId=138754028,3500.0,3500.0
138829189,Exploratory drilling for Hydrocarbon exploration in Kunjaban Field (PML Block: Kunjaban),New,SIA/TR/IND2/556434/2025,2025-10-29T08:25:13.585+00:00,,Under Verification,2.8328,4600.0,"ONGC, TRIPURA ASSET",,Environment clearance form,TOR,B2,"Off-shore and onshore oil and gas exploration,  development and production",Exploratory Drilling Location KUAS,TRIPURA,Mohanpur,DEBENDRACHANDRANAGAR,,,,Non - Linear,2.8328,0.0,2.8328,0.0,0.0,0.0,0.0,0.0,0,0,0,Not applicable as the project or activity is site specific,,NO,NO,NO,2025-10-29T09:27:54.111+00:00,,,,,,,,,,,,,,,,,,,,,,,,,,,,,,,,,,,,,,,,,,,,,,West Tripura,,https://parivesh.nic.in/dms/okm/downloadDocument?docTypemappingId=40829&refId=138818429&refType=caf&uuid=0c0fad0d-eb14-470d-8de7-1e12b881cb8a&version=1.0,271859,https://parivesh.nic.in/newupgrade/#/report/ec?proposalId=138829189,3500.0,3500.0
141311778,Exploratory drilling for Hydrocarbon exploration in Baramura Field (PML Block: West Tripura),New,SIA/TR/IND2/556473/2025,2025-10-29T11:39:47.962+00:00,,Under Verification,2.178,3800.0,"ONGC, TRIPURA ASSET",,Environment clearance form,TOR,B2,"Off-shore and onshore oil and gas exploration,  development and production",Exploratory Drilling Location BRMAO,TRIPURA,Udaipur,DAKSHIN BARAMURA DEBTAMURA R.F,,,,Non - Linear,2.178,0.0,2.178,0.0,0.0,0.0,0.0,0.0,0,0,0,Not applicable as the project or activity is site specific,,NO,NO,NO,2025-10-29T12:48:58.140+00:00,,,,,,,,,,,,,,,,,,,,,,,,,,,,,,,,,,,,,,,,,,,,,,Gomati,,https://parivesh.nic.in/dms/okm/downloadDocument?docTypemappingId=40829&refId=140797378&refType=caf&uuid=80ad0526-a608-442c-93ec-2e012f814f48&version=1.0,272230,https://parivesh.nic.in/newupgrade/#/report/ec?proposalId=141311778,3500.0,3500.0
155878978,Regional Long Offset 2D Seismic Survey in Tripura,New,WL/TR/SRY/556610/2025,2025-10-30T11:27:21.130+00:00,,,150.0,3193.0,OIL AND NATURAL GAS CORPORATION LIMITED,,Wildlife clearance form,,,,Regional Long Offset 2D Lines for wild Life  in Khowai District,TRIPURA,Teliamura,NUNACHHARA RESERVED FOREST,,,,Non - Linear,0.0,150.0,150.0,0.0,0.0,0.0,0.0,0.0,0,0,0,Not applicable as the project or activity is site specific,,NO,NO,NO,2025-11-06T05:35:06.643+00:00,,,,,,,,,,,,,,,,,,,,,,,,,,,,,,,,,,,,,,,,,,,,,,Khowai,,https://parivesh.nic.in/dms/okm/downloadDocument?docTypemappingId=40829&refId=148158778&refType=caf&uuid=f20da9b4-53c7-4bd6-9608-36e9c66f7017&version=1.0,271980,https://parivesh.nic.in/newupgrade/#/report/ec?proposalId=155878978,0.0,49200.0
166888578,Exploratory drilling for hydrocarbons in Kunjaban Field (PML Block: Kunjaban),New,SIA/TR/IND2/556695/2025,2025-10-31T07:40:17.700+00:00,,Under Verification,1.89,5400.0,"ONGC, TRIPURA ASSET",,Environment clearance form,TOR,B2,"Off-shore and onshore oil and gas exploration,  development and production",Exploratory Drilling Location KUAQ,TRIPURA,Jirania,UTTAR CHAMPANAGAR,,,,Non - Linear,1.89,0.0,1.89,0.0,0.0,0.0,0.0,0.0,0,0,0,Not applicable as the project or activity is site specific,,NO,NO,NO,2025-10-31T09:45:09.883+00:00,,,,,,,,,,,,,,,,,,,,,,,,,,,,,,,,,,,,,,,,,,,,,,West Tripura,,https://parivesh.nic.in/dms/okm/downloadDocument?docTypemappingId=40829&refId=166319978&refType=caf&uuid=a1891be6-9f5f-4842-a8b8-303670777f6f&version=1.0,272015,https://parivesh.nic.in/newupgrade/#/report/ec?proposalId=166888578,3500.0,3500.0
169524778,"Geophysical Survey in UGF, Chandraipara RF, Deo RF Part, Kulai RF, Kulai RF Extension & Longtharai RF falling in Dhalai district of Tripura state for preliminary sub surface mapping of the PML block awarded to ONGC",New,WL/TR/SRY/556712/2025,2025-10-31T09:14:10.435+00:00,,,882.0,3193.0,OIL AND NATURAL GAS CORPORATION LIMITED,,Wildlife clearance form,,,,"Area 2: Regional Long Offset 2D Lines, Tripura Seismic Data Acquisition",TRIPURA,Longtharai Valley,NA,,,,Non - Linear,170.0,712.0,882.0,0.0,0.0,0.0,0.0,0.0,0,0,0,Not applicable as the project or activity is site specific,,NO,NO,NO,2025-11-06T05:50:46.809+00:00,,,,,,,,,,,,,,,,,,,,,,,,,,,,,,,,,,,,,,,,,,,,,,Dhalai,,https://parivesh.nic.in/dms/okm/downloadDocument?docTypemappingId=40829&refId=127471768&refType=caf&uuid=e616653b-9276-46ec-b78c-b8bbaa83cfb6&version=1.0,272483,https://parivesh.nic.in/newupgrade/#/report/ec?proposalId=169524778,0.0,49200.0
426706378,"production capacity - 4500 TPA
project cost - 10 lakh
mineral - sand
area - 0.3884 ha 
plot no. - 285(P)",New,SIA/TR/MIN/558514/2025,2025-11-17T09:58:40.710+00:00,,Under Verification,0.3884,10.0,nibaran debnath,,Application for EC for Mining of Minor Minerals of Mine Lease (0-5 HA) - Form-2,EC,B2,,"M/s nibaran debnath sand plot no. -285(p),  area 0.95 acre (0.3884ha)",TRIPURA,Ambassa,AMBASA,,,,Linear,0.0,0.3884,0.3884,0.0,0.0,0.0,0.0,0.0,0,0,0,NO,na,NO,NO,NO,2025-11-17T11:32:30.255+00:00,,,,,,,,,,,,,,,,,,,,,,,,,,,,,,,,,,,,,,"village- balaram, P.s - ambassa, district - Dhalai, Tripura",Ambassa,16,Individual,proprietor,Ambassa,16,,Dhalai,,https://parivesh.nic.in/dms/okm/downloadDocument?docTypemappingId=40829&refId=426465978&refType=caf&uuid=40592bd7-fcb6-46fd-9a0e-99aec9bc92ad&version=1.0,801532,https://parivesh.nic.in/newupgrade/#/report/ec?proposalId=426706378,1253.0,1253.0
438134578,Rediversion of OIL Plot,New,FP/TR/REDIV/558591/2025,2025-11-18T05:21:42.903+00:00,,Pending at Nodal for Compensatory Levies Review,0.105,400.0,INDRADHANUSH GAS GRID LIMITED,,Form-E: Re-Diversion i) Land Use Change ii) Laying of Overhead/ Under Ground OFC/ drinking water pipeline/ slurry pipeline/ electric cable/ CNG/PNG within RoW,,,,Rediversion of the OIL Plot in Tulamura,TRIPURA,Sabroom,BARAMURA DEBTAMURA RESERVED FO,,,,Non - Linear,0.0,0.105,0.105,0.0,0.0,0.0,0.0,0.0,0,0,0,Not applicable as the project or activity is site specific,,NO,NO,NO,2026-01-06T18:30:00.000+00:00,,,,,,,,,,,,,,,,,,,,,,,,,,,,,,,,,,,,,,"5th Floor, Central Mall, Christian Basti, G. S. Road, Guwahati",,18,"Central PSU (eg. NHAI, AAI, NTP, CIL, SAIL)",Chief Operating Officer,Guwahati,18,,South Tripura,,https://parivesh.nic.in/dms/okm/downloadDocument?docTypemappingId=40829&refId=221539378&refType=caf&uuid=b5d702f5-30ac-4f4a-8cab-28b17e105f6d&version=1.0,272364,https://parivesh.nic.in/newupgrade/#/report/ec?proposalId=438134578,17380.0,1580.0
448165978,"Production Capacity- 8259 TPA
Area- 0.6477 hect
Mineral -Sand
Plot No.- 3127(P), Stock plot-2484",New,SIA/TR/MIN/558676/2025,2025-11-18T10:08:27.579+00:00,,Under Verification,0.6477,10.0,JYOSNA SUTRADHAR CHAKMA,,Application for EC for Mining of Minor Minerals of Mine Lease (0-5 HA) - Form-2,EC,B2,,"Ms CHAKMA SAND, AREA-00.6477 HA., PLOT NO. 3127(P)",TRIPURA,Amarpur,NUTAN BAZAR,,,,Linear,0.6477,0.0,0.6477,0.0,0.0,0.0,0.0,0.0,0,0,0,NO,na,NO,NO,NO,2025-11-18T12:27:30.827+00:00,,,,,,,,,,,,,,,,,,,,,,,,,,,,,,,,,,,,,,"Village: UTTAR EKCHARI, BLOCK: KARBOOK R.D, P.S. NUTAN BAZAR ,Dist: GOMATI, TRIPURA",Gomati,16,Individual,proprietor,GOMATI,16,,Gomati,,https://parivesh.nic.in/dms/okm/downloadDocument?docTypemappingId=40829&refId=448007378&refType=caf&uuid=344e6b44-d5d0-49cc-aff7-6ea666759cc4&version=1.0,272181,https://parivesh.nic.in/newupgrade/#/report/ec?proposalId=448165978,1753.0,1753.0
613657178,"production capacity: 10005
area: 0.8183 ha.
plot no.:335(P)",New,SIA/TR/MIN/559707/2025,2025-11-26T11:14:25.127+00:00,,Under Verification,0.8183,10.0,SHANTIMAY JAMATIA,,Application for EC for Mining of Minor Minerals of Mine Lease (0-5 HA) - Form-2,EC,B2,,"M/S JAMATIA SAND, AREA-0.8183 Ha., plot no. -335(P)",TRIPURA,Amarpur,SONACHHARA,,,,Non - Linear,0.8183,0.0,0.8183,0.0,0.0,0.0,0.0,0.0,0,0,0,NO,NA,NO,NO,NO,2025-11-26T12:18:57.189+00:00,,,,,,,,,,,,,,,,,,,,,,,,,,,,,,,,,,,,,,"Mouza: SONACHARA, Village: TINGHARIA, DIST.: GOMATI, STATE: TRIPURA",tingharia,16,Individual,proprietor,tingharia,16,,Gomati,,https://parivesh.nic.in/dms/okm/downloadDocument?docTypemappingId=40829&refId=612283578&refType=caf&uuid=5231e282-998d-4930-ac06-df2acf280a6e&version=1.0,272199,https://parivesh.nic.in/newupgrade/#/report/ec?proposalId=613657178,1754.0,1754.0
759532378,The location BRMAM is an Exploratory Location. Purpose of drilling of this location is Exploration of Hydrocarbon / Natural Gas.,New,FP/TR/MINOIL/560255/2025,2025-12-01T13:26:51.356+00:00,,DELISTED_BY_SYSTEM,2.25,1800.0,ONGC,,Forest clearance form,,,,Exploration of Hydrocarbon / Natural Gas through Drilling and Waste-pit of Exploratory location BRMAM,TRIPURA,Santirbazar,BARAMURA DEOTAMURA R.F,,,2,Non - Linear,0.0,2.25,2.25,0.0,0.0,0.0,0.0,0.0,0,0,0,Not applicable as the project or activity is site specific,,NO,NO,NO,2026-03-23T18:30:00.000+00:00,,Degraded Forest Land,true,,,,,,,,,,,,,,,,,,,,,,,,,,,,,,,,,,,"ONGC Tripura Asset
Badharghat, Agartala
Tripura ONGC Tripura Asset
Badharghat, Agartala
Tripura",Agartala,16,Others,DGM-HR,Agartala,16,,South Tripura,2,https://parivesh.nic.in/dms/okm/downloadDocument?docTypemappingId=40829&refId=759194578&refType=caf&uuid=bf5108bf-09e9-4085-a75c-5e87e19c2c6f&version=1.0;https://parivesh.nic.in/dms/okm/downloadDocument?docTypemappingId=58989&refId=759194578&refType=FC&uuid=654a56c8-709c-4534-ba0c-d9ef462850a3&version=1.0,272175,https://parivesh.nic.in/newupgrade/#/report/ec?proposalId=759532378,2500.0,1400.0
775224178,The location BRMAN is an Exploratory Location. Purpose of drilling of this location is Exploration of Hydrocarbon / Natural Gas.,New,FP/TR/MINOIL/560310/2025,2025-12-02T07:45:45.021+00:00,,Pending at DFO for Scrutiny and Recommendation,2.965,840.0,ONGC,,Forest clearance form,,,,Exploration of Hydrocarbon / Natural Gas through Drilling Waste-pit and Approach Road of Exploratory location BRMAN,TRIPURA,Jirania,CHAMPABARI,,,154,Non - Linear,0.0,2.965,2.965,0.0,0.0,0.0,0.0,0.0,0,0,0,Not applicable as the project or activity is site specific,,NO,NO,NO,2026-09-10T18:30:00.000+00:00,,Degraded Forest Land,true,,,,,,,,,,,,,,,,,,,,,,,,,,,,,,,,,,,"ONGC Tripura Asset
Badharghat, Agartala
Tripura ONGC Tripura Asset
Badharghat, Agartala
Tripura",Badharghat Agartala,16,Others,DGM-HR,Badharghat Agartala,16,,West Tripura,154,https://parivesh.nic.in/dms/okm/downloadDocument?docTypemappingId=40829&refId=774468378&refType=caf&uuid=474e7bba-2c27-4484-a190-48050e8d8154&version=1.0;https://parivesh.nic.in/dms/okm/downloadDocument?docTypemappingId=58989&refId=774468378&refType=FC&uuid=9a1d2eb4-1ae5-42e6-b1b3-7b85bd6cd81a&version=1.0;https://parivesh.nic.in/dms/okm/downloadDocument?docTypemappingId=58989&refId=774468378&refType=FC&uuid=5bdc7f0e-c547-4892-ac33-4ee6f6be4237&version=1.0,272012,https://parivesh.nic.in/newupgrade/#/report/ec?proposalId=775224178,2250.0,900.0
784052178,The location BRMAP is an Exploratory Location. Purpose of drilling of this location is Exploration of Hydrocarbon / Natural Gas.,New,FP/TR/MINOIL/560350/2025,2025-12-02T11:27:06.509+00:00,,Pending at DFO due to EDS by Nodal Officer,2.274,4600.0,ONGC,,Forest clearance form,,,,"Exploration of Hydrocarbon / Natural Gas through Drilling, Waste-pit and Approach Road of Exploratory location BRMAP",TRIPURA,Udaipur,Chandrapur Reserve Forest,,,107 264,Non - Linear,0.0,2.274,2.274,0.0,0.0,0.0,0.0,0.0,0,0,0,Not applicable as the project or activity is site specific,,NO,NO,NO,2026-01-13T18:30:00.000+00:00,,Degraded Forest Land,true,,,,,,,,,,,,,,,,,,,,,,,,,,,,,,,,,,,"ONGC Tripura Asset
Badharghat, Agartala
Tripura ONGC Tripura Asset
Badharghat, Agartala
Tripura",Badharghat Agartala,16,Others,DGM-HR,Badharghat Agartala,16,,Gomati,107 264,https://parivesh.nic.in/dms/okm/downloadDocument?docTypemappingId=40829&refId=783668378&refType=caf&uuid=75c66044-b6da-49a1-9039-efc497beeeb5&version=1.0;https://parivesh.nic.in/dms/okm/downloadDocument?docTypemappingId=58989&refId=783668378&refType=FC&uuid=b0eb08e9-f90e-4785-8720-5257b904b65e&version=1.0,272226,https://parivesh.nic.in/newupgrade/#/report/ec?proposalId=784052178,2250.0,1400.0
798092378,"Production capacity: 12000 cum/ year
Area : 0.9215 Ha.
plot no.: 2521(P)",New,SIA/TR/MIN/560424/2025,2025-12-03T08:36:39.301+00:00,,Under Verification,0.9215,10.0,Sujit mallik,,Application for EC for Mining of Minor Minerals of Mine Lease (0-5 HA) - Form-2,EC,B2,,"M/s Loknath Sand Mining, plot no.: 2521(P), Area: 0.9215 Ha.",TRIPURA,Belonia,DAKSHIN BHARATCHANDRANAGAR,,,,Linear,0.9215,0.0,0.9215,0.0,0.0,0.0,0.0,0.0,0,0,0,NO,na,NO,NO,NO,2025-12-03T10:52:32.406+00:00,,,,,,,,,,,,,,,,,,,,,,,,,,,,,,,,,,,,,,"Mouza: Belonia, Village: South Belonia, Dist: South Tripura.",Belonia,16,Individual,Proprietor,Belonia,16,,South Tripura,,https://parivesh.nic.in/dms/okm/downloadDocument?docTypemappingId=40829&refId=797568978&refType=caf&uuid=c8f27992-df31-4722-bbee-9cf768ebfc26&version=1.0,272283,https://parivesh.nic.in/newupgrade/#/report/ec?proposalId=798092378,1753.0,1753.0
845574778,Diversion of Forest Land for the Construction of road from Amarpur-Udaipur Road to Anarai para(Rajkang) under PM JANAMAN Batch-II under DFO Gomati,New,FP/TR/ROAD/560725/2025,2025-12-05T10:26:08.458+00:00,,Pending at PP due to EDS by Nodal Officer,3.931,225.0,Public Works Department,,Forest clearance form,,,,Diversion of Forest Land for the Construction of road from Amarpur-Udaipur Road to Anarai para(Rajkang) under PM JANAMAN Batch-II under DFO Gomati,TRIPURA,Amarpur,RANGKANG,,,173,Linear,1.392,2.539,3.931,0.0,0.0,0.0,0.0,0.0,0,0,0,Not applicable as the project or activity is site specific,,NO,NO,NO,2026-02-06T18:30:00.000+00:00,,Degraded Forest Land,true,,,,,,,,,,,,,,,,,,,,,,,,,,,,,,,,,,,"Office of the Executive Engineer,  PWD, Amarpur Division, Amarpur, Gomati Tripura",,16,State Government (Department/Autonomous body),Executive Engineer,,16,,Gomati,173,https://parivesh.nic.in/dms/okm/downloadDocument?docTypemappingId=40829&refId=844706778&refType=caf&uuid=a9ea83ef-b107-4abe-bf18-c03e585afc7c&version=1.0;https://parivesh.nic.in/dms/okm/downloadDocument?docTypemappingId=58989&refId=844706778&refType=FC&uuid=038d5acd-32b7-4b81-95df-8789477121d6&version=1.0,0,https://parivesh.nic.in/newupgrade/#/report/ec?proposalId=845574778,5760.0,2880.0
850197378,Diversion of Forest Land for the Construction of road from L405-Karbook - Challagang road to Devendra Para _rev under PM JANAMAN Batch-II under DFO Gomati,New,FP/TR/ROAD/560754/2025,2025-12-05T12:17:04.872+00:00,,Pending at UA due to Delisting by Authority,2.222,198.0,Public Works Department,,Forest clearance form,,,,Diversion of Forest Land for the Construction of road from L405-Karbook - Challagang road to Devendra Para _rev under PM JANAMAN Batch-II under DFO Gomati,TRIPURA,Karbook,DAKSHIN EKCHHARI,,,191 268 287,Linear,0.088,2.134,2.222,0.0,0.0,0.0,0.0,0.0,0,0,0,Not applicable as the project or activity is site specific,,NO,NO,NO,2026-02-06T18:30:00.000+00:00,,Degraded Forest Land,true,,,,,,,,,,,,,,,,,,,,,,,,,,,,,,,,,,,"Office of the Executive Engineer,  PWD, Amarpur Division, Amarpur, Gomati Tripura",,16,State Government (Department/Autonomous body),"the Executive Engineer,",,16,,Gomati,191 268 287,https://parivesh.nic.in/dms/okm/downloadDocument?docTypemappingId=40829&refId=849849578&refType=caf&uuid=107b6fd8-66ce-40fd-94d9-d5ae2def7af7&version=1.0;https://parivesh.nic.in/dms/okm/downloadDocument?docTypemappingId=58989&refId=849849578&refType=FC&uuid=aadf14ed-8b4a-434a-b802-8c2287807c01&version=1.0,272354,https://parivesh.nic.in/newupgrade/#/report/ec?proposalId=850197378,3980.0,2860.0
851193578,Diversion of Forest Land for the Construction of road from L403-Gamaku to Krishnaprasad via Satarai under PM JANAMAN Batch-II under DFO Gomati,New,FP/TR/ROAD/560763/2025,2025-12-05T12:54:33.991+00:00,,REMOVED,2.36,225.0,Public Works Department,,Forest clearance form,,,,Diversion of Forest Land for the Construction of road from L403-Gamaku to Krishnaprasad via Satarai under PM JANAMAN Batch-II under DFO Gomati,TRIPURA,Amarpur,GAMAICHHARA,,,1150 1157 1155 1160 1158 1159 1168 1231 1234,Linear,0.038,2.322,2.36,0.0,0.0,0.0,0.0,0.0,0,0,0,Not applicable as the project or activity is site specific,,NO,NO,NO,2026-02-06T18:30:00.000+00:00,,Degraded Forest Land,true,,,,,,,,,,,,,,,,,,,,,,,,,,,,,,,,,,,"Office of the Executive Engineer,  PWD, Amarpur Division, Amarpur, Gomati Tripura",,16,State Government (Department/Autonomous body),The Executive Engineer,,16,,Gomati,1150 1157 1155 1160 1158 1159 1168 1231 1234,https://parivesh.nic.in/dms/okm/downloadDocument?docTypemappingId=40829&refId=850879378&refType=caf&uuid=3da2d6e9-1e1e-49f0-aa89-c84d01e0d27f&version=1.0;https://parivesh.nic.in/dms/okm/downloadDocument?docTypemappingId=58989&refId=850879378&refType=FC&uuid=ba87f96d-4d04-43e4-9abd-f46b04a1e9d3&version=1.0,272194,https://parivesh.nic.in/newupgrade/#/report/ec?proposalId=851193578,3860.0,5980.0
863854978,"2D seismic survey in the Deo, Manuchhailengta, Longtarai, Ujan Machhmara Reserve Forest and Unclassed Government Forest area falling within OALP-VI Blocks AA-ONHP-2020/1 & AA-ONHP-2020/3",New,FP/TR/SRY/560847/2025,2025-12-06T09:19:06.797+00:00,,DELISTED_BY_SYSTEM,67817.38,2200.0,OIL INDIA LTD,,FormC_Exempted_Category_Part_I,,,,"2D seismic survey in the Deo, Manuchhailengta, Longtarai, Ujan Machhmara Reserve Forest and Unclassed Government Forest area falling within OALP-VI Blocks AA-ONHP-2020/1 & AA-ONHP-2020/3",TRIPURA,Longtharai Valley,MANU CHAILENGTA RESERVED FORES,,,,Non - Linear,13473.9,54343.48,67817.38,0.0,0.0,0.0,0.0,0.0,0,0,0,Not applicable as the project or activity is site specific,,NO,NO,NO,2025-12-11T08:36:44.655+00:00,,,,,,,,,,,,,,,,,,,,,,,,,,,,,,,,,,,,,,"Duliajan P. O., Dibrugarh, Assam",,18,"Central PSU (eg. NHAI, AAI, NTP, CIL, SAIL)","Executive Director (NEP, DSF,OALP PROJ.)",,18,,Dhalai,,https://parivesh.nic.in/dms/okm/downloadDocument?docTypemappingId=40829&refId=862980578&refType=caf&uuid=c2601d08-f1fb-4f15-b82f-1eb1fc407706&version=1.0,272487,https://parivesh.nic.in/newupgrade/#/report/ec?proposalId=863854978,1200.0,105000.0
953507178,Seeking for Extraction / Production permission of discovered Hydrocarbon / Natural Gas through exploratory drilling activities from approved diverted exploratory location GOAI,New,FP/TR/REDIV/561400/2025,2025-12-11T07:43:09.606+00:00,,Pending at PP due to EDS by Nodal Officer,3.34,322.0,ONGC,,Form-E: Re-Diversion i) Land Use Change ii) Laying of Overhead/ Under Ground OFC/ drinking water pipeline/ slurry pipeline/ electric cable/ CNG/PNG within RoW,,,,Permission for Extraction / Production of Hydrocarbon / Natural Gas from approved diverted exploratory location GOAI,TRIPURA,Sabroom,TEKKA TULSI RESERVED FOREST,,,640,Non - Linear,0.0,3.34,3.34,0.0,0.0,0.0,0.0,0.0,0,0,0,Not applicable as the project or activity is site specific,,NO,NO,NO,2026-04-26T18:30:00.000+00:00,,,,,,,,,,,,,,,,,,,,,,,,,,,,,,,,,,,,,,"ONGC Tripura Asset
Badharghat, Agartala
Tripura ONGC Tripura Asset
Badharghat, Agartala
Tripura",Badharghat,16,Others,DGM-HR,Badharghat,16,,South Tripura,640,https://parivesh.nic.in/dms/okm/downloadDocument?docTypemappingId=40829&refId=950937378&refType=caf&uuid=39fc474a-d10f-4bb7-abf7-431fd15c99d0&version=1.0,272407,https://parivesh.nic.in/newupgrade/#/report/ec?proposalId=953507178,50.0,55.0
1096131978,"project proponent Dibakar Som have obtained a plot in the village- Uttar Tulamura, P.O & P.S- Kakraban, District - Gomati, Tripura over plot no.- 5035(P)",New,SIA/TR/MIN/562274/2025,2025-12-18T12:55:47.860+00:00,,Under Verification,0.4006,5.0,DIBAKAR SOM,,Application for EC for Mining of Minor Minerals of Mine Lease (0-5 HA) - Form-2,EC,B2,,JiTENDRA NAGAR SAND BLOCK MINE,TRIPURA,Udaipur,GARJI RESERVED FOREST,,,"River plot no: 5035 (P), Stock Plot: 5164",Hybrid,0.4006,0.0,0.4006,0.0,0.0,0.0,0.0,0.0,0,0,0,Not applicable as the project or activity is site specific,,NO,NO,NO,2025-12-19T07:43:51.953+00:00,,,,,,,,,,,,,,,,,,,,,,,,,,,,,,,,,,,,,,"Ward no.5, Uttar Tulamura, South Tripura, Tripura- 799105",Uttar Tulamura,16,Individual,Project Proponent,Uttar Tulamura,16,,Gomati,"River plot no: 5035 (P), Stock Plot: 5164",https://parivesh.nic.in/dms/okm/downloadDocument?docTypemappingId=40829&refId=1095288778&refType=caf&uuid=cc536f35-22e8-46bb-9619-6b847d0460db&version=1.4,272255,https://parivesh.nic.in/newupgrade/#/report/ec?proposalId=1096131978,0.0,2200.0
1127167978,"M/s MD. Islam Uddin sand, Village- Pekucherra,  Mouza- Pekucherra, P.S.- Panisagar, District- North Tripura over river plot no.- 1 (P), Stock plot- 648, 649",New,SIA/TR/MIN/562491/2025,2025-12-20T06:41:43.225+00:00,,Under Verification,0.3035,5.0,MD ISLAM UDDIN,,Application for EC for Mining of Minor Minerals of Mine Lease (0-5 HA) - Form-2,EC,B2,,Pekucherra Sand Block Mine,TRIPURA,Panisagar,Pekuchhera,,,"River Plot No; 1 (P), Stock Plot: 648,649",Hybrid,0.3035,0.0,0.3035,0.0,0.0,0.0,0.0,0.0,0,0,0,Not applicable as the project or activity is site specific,,NO,NO,NO,2025-12-20T10:30:49.018+00:00,,,,,,,,,,,,,,,,,,,,,,,,,,,,,,,,,,,,,,"158, Pekuchhara Elaka, Gram- Pekuchara, P.O.- Panlsagar- 799260, Town / Village- Pekucharra",Pekucherra,16,Individual,Project Proponent,Pekucherra,16,,North Tripura,"River Plot No; 1 (P), Stock Plot: 648,649",https://parivesh.nic.in/dms/okm/downloadDocument?docTypemappingId=40829&refId=1126564978&refType=caf&uuid=67937aa5-9983-43b4-a4ee-88b7c62ed167&version=1.0,272651,https://parivesh.nic.in/newupgrade/#/report/ec?proposalId=1127167978,0.0,1600.0
1165447378,"Project proponent Kripa Joy Tripura had obtained sand mining project on village -East Potachara, Mouza- East Potachara, P.O- Raima, District- Dhalai, Tripura over river plot no.- 938(P), Stock plot- 3073/ 3732",New,SIA/TR/MIN/562705/2025,2025-12-22T13:29:33.139+00:00,,Under Verification,0.3035,5.0,KRIPA JOY TRIPURA,,Application for EC for Mining of Minor Minerals of Mine Lease (0-5 HA) - Form-2,EC,B2,,AMPINAGAR SAND BLOCK MINE,TRIPURA,Amarpur,DAKSHIN TAIDU,,,"River plot no: 938 (P), Stock Plot: 3073/3732",Hybrid,0.3035,0.0,0.3035,0.0,0.0,0.0,0.0,0.0,0,0,0,Not applicable as the project or activity is site specific,,NO,NO,NO,2025-12-24T13:05:22.672+00:00,,,,,,,,,,,,,,,,,,,,,,,,,,,,,,,,,,,,,,"Dina Ram Para, village- East potachara, P.O.- Raima, Mouja- East potachara",East Potachara,16,Individual,Project proponent,East Potachara,16,,Gomati,"River plot no: 938 (P), Stock Plot: 3073/3732",https://parivesh.nic.in/dms/okm/downloadDocument?docTypemappingId=40829&refId=1160493378&refType=caf&uuid=44110aef-f032-4b30-94d4-b860875d78d4&version=1.0,272187,https://parivesh.nic.in/newupgrade/#/report/ec?proposalId=1165447378,0.0,1600.0
1179541178,"Request for permission to extract and produce discovered hydrocarbons/natural gas from the diverted and approved development location BMDH at Mouja-Athuthang Bari, West Tripura District, under the authority of the District Forest Officer.",New,FP/TR/REDIV/562801/2025,2025-12-23T08:15:11.424+00:00,,Pending at State Secretary for Recommendation,1.74,135.0,ONGC,,Form-E: Re-Diversion i) Land Use Change ii) Laying of Overhead/ Under Ground OFC/ drinking water pipeline/ slurry pipeline/ electric cable/ CNG/PNG within RoW,,,,Permission for Extraction / Production of Hydrocarbon / Natural Gas from approved diverted development location BMDH,TRIPURA,Jirania,AMTHANGBARI,,,35/Part,Linear,0.0,1.74,1.74,0.0,0.0,0.0,0.0,0.0,0,0,0,Not applicable as the project or activity is site specific,,NO,NO,NO,2026-04-28T18:30:00.000+00:00,,,,,,,,,,,,,,,,,,,,,,,,,,,,,,,,,,,,,,"ONGC Tripura Asset
Badharghat, Agartala
Tripura ONGC Tripura Asset
Badharghat, Agartala
Tripura",Badharghat,16,Others,DGM-HR,Badharghat,16,,West Tripura,35/Part,https://parivesh.nic.in/dms/okm/downloadDocument?docTypemappingId=40829&refId=1176334978&refType=caf&uuid=a924aa80-ed8c-4f47-8283-78b4bb97127f&version=1.0,271997,https://parivesh.nic.in/newupgrade/#/report/ec?proposalId=1179541178,30.0,40.0
1197258178,"2D Seismic survey in the Reserve Forest area, UGF and PGF falling within OALP-VI Blocks AA-ONHP-2020/1  in Unakoti District of Tripura",New,FP/TR/SRY/562937/2025,2025-12-24T05:40:43.830+00:00,,DELISTED_BY_SYSTEM,9908.7,300.0,OIL INDIA LTD,,FormC_Exempted_Category_Part_I,,,,"2D Seismic survey in the Reserve Forest area, UGF and PGF falling within OALP-VI Blocks AA-ONHP-2020/1  in Unakoti District of Tripura",TRIPURA,Kumarghat,DENGDUNG,,,,Non - Linear,2795.86,7112.84,9908.7,0.0,0.0,0.0,0.0,0.0,0,0,0,Not applicable as the project or activity is site specific,,NO,NO,NO,2025-12-27T06:03:10.591+00:00,,,,,,,,,,,,,,,,,,,,,,,,,,,,,,,,,,,,,,"Duliajan P. O., Dibrugarh, Assam",,18,"Central PSU (eg. NHAI, AAI, NTP, CIL, SAIL)","Executive Director (NEP, DSF,OALP PROJ.)",,18,,Unokoti,,https://parivesh.nic.in/dms/okm/downloadDocument?docTypemappingId=40829&refId=1196169978&refType=caf&uuid=4b0c518a-08d9-4516-bd61-9d6fed83472d&version=1.0,272698,https://parivesh.nic.in/newupgrade/#/report/ec?proposalId=1197258178,1200.0,6000.0
1214114093,"Engineering, Procurement and Construction of a 200 Bedded Maternal & Child Health Wing under PM Devine Scheme within the complex of AGMC & GBP Hospital Complex of Agartala, the state capital of Tripura.",New,SIA/TR/INFRA2/564203/2026,2026-01-04T14:38:54.920+00:00,,Under Verification,7793.68,21049.89642,CIVIL ENGINEERS ENTERPRISES PVT LIMITED,RSP Green Development & Laboratories Pvt. Ltd.,Environment clearance form,TOR,B2,Building / Construction,ESTABLISHMENT OF 200 BEDDED MATERNAL AND CHILD HEALTH WING (MCH),TRIPURA,Sadar,KUNJABAN,,,,Non - Linear,7793.68,0.0,7793.68,0.0,0.0,0.0,0.0,0.0,0,0,0,Not applicable as the project or activity is site specific,,NO,NO,NO,2026-01-05T08:30:44.738+00:00,,,,,,,,,,,,,,,,,,,,,,,,,,,,,,,,,,,,,,,,,,,,,,West Tripura,,https://parivesh.nic.in/dms/okm/downloadDocument?docTypemappingId=40829&refId=1214044923&refType=caf&uuid=09185148-13ed-48dc-98db-2f178fa61618&version=1.0,271947,https://parivesh.nic.in/newupgrade/#/report/ec?proposalId=1214114093,192500.0,192500.0
1216466959,"Project proponent Sabita Das Dey of M/s Diya  Sand ( Unit- II) ,have obtained a Sand block at  Village- Saidabari, Mouza- Kumarghat, P.S.- Kumarghat , District - Unakoti , Tripura over river plot no. -348 (P), Stock Plot- 348/3267",New,SIA/TR/MIN/565089/2026,2026-01-10T08:29:26.809+00:00,,Under Verification,0.785,5.0,SABITA DEY,,Application for EC for Mining of Minor Minerals of Mine Lease (0-5 HA) - Form-2,EC,B2,,Kumarghat Sand Block Mine,TRIPURA,Kumarghat,KUMARGHAT,,,"River Plot: 348 (P), Stock Plot: 348/3267",Hybrid,0.785,0.0,0.785,0.0,0.0,0.0,0.0,0.0,0,0,0,Not applicable as the project or activity is site specific,,NO,NO,NO,2026-01-12T06:17:16.888+00:00,,,,,,,,,,,,,,,,,,,,,,,,,,,,,,,,,,,,,,"Village- Saidabari, P.S.- Kumarghat, Mouza- Kumarghat, Block- Kumarghat, Dist- Unakoti, Tripura",Saidabari,16,Individual,Project Proponent,Paschim Kanchanbari,16,,Unokoti,"River Plot: 348 (P), Stock Plot: 348/3267",https://parivesh.nic.in/dms/okm/downloadDocument?docTypemappingId=40829&refId=1216465631&refType=caf&uuid=16a333a6-3a65-496e-a94c-6a5f11fb2d0c&version=1.0,801535,https://parivesh.nic.in/newupgrade/#/report/ec?proposalId=1216466959,0.0,1600.0
1216661965,"The Applicant M/s OM Construction sand of Partha Sarathi Sharma had obtained sand mining lease by Govt. of Tripura over an area of  0.4330 ha on Dhalai river at Village - Kulai thakurpally, Mouza- Kulai, P.S.- Ambassa, D district - Dhalai, Tripura , River plot no.- 849 (P0 , Stock Plot- 1986, 1989.",New,SIA/TR/MIN/565363/2026,2026-01-13T08:06:40.081+00:00,,Under Verification,0.433,5.0,PARTHA SARATHI SHARMA,,Application for EC for Mining of Minor Minerals of Mine Lease (0-5 HA) - Form-2,EC,B2,,KULAI SAND BLOCK MINE,TRIPURA,Ambassa,Kulai,,,"River plot no.: 849(P), Stock Plot: 1986, 1989",Hybrid,0.433,0.0,0.433,0.0,0.0,0.0,0.0,0.0,0,0,0,Not applicable as the project or activity is site specific,,NO,NO,NO,2026-01-14T11:55:31.667+00:00,,,,,,,,,,,,,,,,,,,,,,,,,,,,,,,,,,,,,,"House No- 172, Kulai, Thakur Palli, Kulai, P.O- Kulai Bazar, Ambassa kulai,",Kulai,16,Individual,Project proponent,Kulai,16,,Dhalai,"River plot no.: 849(P), Stock Plot: 1986, 1989",https://parivesh.nic.in/dms/okm/downloadDocument?docTypemappingId=40829&refId=1216659968&refType=caf&uuid=ac8921eb-2015-4e3a-909a-b0a34b4e5491&version=1.0,272494,https://parivesh.nic.in/newupgrade/#/report/ec?proposalId=1216661965,0.0,1600.0
1216992731,"The project proponent M/s Delowar Sand of Sri Delowar Hossin had obtained sand mining lease by the Govt. of Tripura over an area of 1.48 Acres (0.5989 ha) on Gomati river at Village- Baranarayan, P.S.- Sonamura, Mouza- Bejimara, District- Sepahijala, Tripura, over river plot no.- 4 (P), Stock Plot-443",New,SIA/TR/MIN/565887/2026,2026-01-17T07:21:50.342+00:00,,Under Verification,0.5989,5.0,DELOWAR HOSSAIN,,Application for EC for Mining of Minor Minerals of Mine Lease (0-5 HA) - Form-2,EC,B2,,BEJIMARA SAND BLOCK MINE,TRIPURA,Sonamura,Bejimara,,,"River plot number 4(P), Nearest Stock Plot- 443",Hybrid,0.5989,0.0,0.5989,0.0,0.0,0.0,0.0,0.0,0,0,0,Not applicable as the project or activity is site specific,,NO,NO,NO,2026-01-20T07:29:00.829+00:00,,,,,,,,,,,,,,,,,,,,,,,,,,,,,,,,,,,,,,"34, Ganlyamara, Village:  Bejimara,  P.O.: Bejimara, P.S: Sonamura",Bejimara,16,Individual,Project Proponent,Bejimara,16,,Sipahijala,"River plot number 4(P), Nearest Stock Plot- 443",https://parivesh.nic.in/dms/okm/downloadDocument?docTypemappingId=40829&refId=1216987381&refType=caf&uuid=5c74ea08-d277-41b3-b32e-8b42138e3a1e&version=1.0,272144,https://parivesh.nic.in/newupgrade/#/report/ec?proposalId=1216992731,0.0,1600.0
1217349941,Drilling of OALP Block Exploratory Location AA-ONO-212-KPA-A,New,SIA/TR/IND2/566390/2026,2026-01-22T06:33:39.268+00:00,,Under Verification,1.9696,300.0,"ONGC, TRIPURA ASSET",,Environment clearance form,TOR,B2,"Off-shore and onshore oil and gas exploration,  development and production",Drilling of OALP Block Exploratory Location AA-ONO-212-KPA-A,TRIPURA,Kanchanpur,RAMPRASAIPARA,,,,Non - Linear,0.0,1.9696,1.9696,0.0,0.0,0.0,0.0,0.0,0,0,0,Not applicable as the project or activity is site specific,,NO,NO,NO,2026-01-22T10:48:26.923+00:00,,,,,,,,,,,,,,,,,,,,,,,,,,,,,,,,,,,,,,,,,,,,,,North Tripura,,https://parivesh.nic.in/dms/okm/downloadDocument?docTypemappingId=40829&refId=1217265885&refType=caf&uuid=012367a1-f6e2-41c9-a0e0-83cea226a8f8&version=1.0,272725,https://parivesh.nic.in/newupgrade/#/report/ec?proposalId=1217349941,90.0,90.0
1217399837,"Rediversion of forest land for laying 12"" Natural Gas Pipeline along with OFC under Panisagar- Agartala Pipeline of NEGG Project",New,FP/TR/REDIV/566488/2026,2026-01-22T12:07:04.547+00:00,,Pending at DFO for Compensatory Levies,0.781,9.265,INDRADHANUSH GAS GRID LIMITED,,Form-E: Re-Diversion i) Land Use Change ii) Laying of Overhead/ Under Ground OFC/ drinking water pipeline/ slurry pipeline/ electric cable/ CNG/PNG within RoW,,,,"Rediversion proposal for laying 12"" Natural Gas Pipeline along with OFC under Panisagar- Agartala Pipeline of NEGG Project",TRIPURA,Teliamura,ATHARAMURA RESERVED FOREST,,,"",Linear,0.083,0.698,0.781,0.0,0.0,0.0,0.0,0.0,0,0,0,Not applicable as the project or activity is site specific,,NO,NO,NO,2026-01-22T13:56:45.521+00:00,,,,,,,,,,,,,,,,,,,,,,,,,,,,,,,,,,,,,,"5th Floor, Central Mall, Christian Basti, G. S. Road, Guwahati",,18,"Central PSU (eg. NHAI, AAI, NTP, CIL, SAIL)",Chief Project Manager,Guwahati,18,,Khowai,"",https://parivesh.nic.in/dms/okm/downloadDocument?docTypemappingId=40829&refId=1217264425&refType=caf&uuid=0ac940be-d606-47a9-a4d8-56361cd962f4&version=1.0,271976,https://parivesh.nic.in/newupgrade/#/report/ec?proposalId=1217399837,36500.0,255500.0
1217492688,Proposal for diversion of forest land measuring 0.196 Ha for construction of Sectionalizing Valve Station (SV04) for day to day monitoring and controlling of Panisagar - Agartala Natural Gas Pipeline under NEGG Project.,New,FP/TR/OTHERS/566646/2026,2026-01-23T13:15:12.821+00:00,,Pending at DFO for Compensatory Levies,0.196,563.0,INDRADHANUSH GAS GRID LIMITED,,Forest clearance form,,,,Proposal for diversion of forest land measuring 0.196 Ha for construction of Sectionalizing Valve Station (SV04) of Panisagar - Agartala Natural Gas Pipeline under NEGG Project.,TRIPURA,Teliamura,ATHARAMURA RESERVED FOREST,,,,Non - Linear,0.0,0.196,0.196,0.0,0.0,0.0,0.0,0.0,0,0,0,Not applicable as the project or activity is site specific,,NO,NO,NO,2026-02-27T18:30:00.000+00:00,,Degraded Forest Land,true,,,,,,,,,,,,,,,,,,,,,,,,,,,,,,,,,,,"5th Floor, Central Mall, Christian Basti, G. S. Road, Guwahati",Guwahati,18,"Central PSU (eg. NHAI, AAI, NTP, CIL, SAIL)",Chief Project Manager,Guwahati,18,,Khowai,,https://parivesh.nic.in/dms/okm/downloadDocument?docTypemappingId=40829&refId=1217394549&refType=caf&uuid=e5db2400-ba87-4d61-b3ca-4c56bec0c21e&version=1.0;https://parivesh.nic.in/dms/okm/downloadDocument?docTypemappingId=58989&refId=1217394549&refType=FC&uuid=3279af33-ed9c-466d-b476-b93a69d39c74&version=1.0,271976,https://parivesh.nic.in/newupgrade/#/report/ec?proposalId=1217492688,2640.0,21600.0
1217520705,Diversion of 0.0225 ha of forest land for construction of mobile tower at Uria Cherra,New,FP/TR/CommPost/566704/2026,2026-01-24T07:08:37.004+00:00,,DELISTED_BY_SYSTEM,0.0225,20.0,indus towers ltd,,Forest clearance form,,,,Diversion of 0.0225 ha of forest land for construction of mobile tower at Uria Cherra,TRIPURA,Kanchanpur,KACHARCHHARA,,,,Non - Linear,0.0,0.0225,0.0225,0.0,0.0,0.0,0.0,0.0,0,0,0,Not applicable as the project or activity is site specific,,NO,NO,NO,2026-01-25T18:12:56.926+00:00,,,false,,,,,,,,,,,,,,,,,,,,,,,,,,,,,,,,,,,"Building no. 10 Tower A, 4th floor, DLF Cybercity Gurugram, 122002",GURUGRAM,6,Private Limited,Enterprise Sales Lead,Guwahati,18,,North Tripura,,https://parivesh.nic.in/dms/okm/downloadDocument?docTypemappingId=40829&refId=1217520524&refType=caf&uuid=0c95b3b9-5f55-4db2-aa7a-2913e7d25196&version=1.0;https://parivesh.nic.in/dms/okm/downloadDocument?docTypemappingId=58989&refId=1217520524&refType=FC&uuid=45946e2a-9133-4bc0-906d-7b11750f9850&version=1.0,272664,https://parivesh.nic.in/newupgrade/#/report/ec?proposalId=1217520705,15.0,15.0
1218843982,"ST.JAMES H.S SCHOOL had been started / Established since from 1968 as for the development of the community and occupied this land with a Semi permanent hut, later construct building. Villagers of Gongrai village united and gift there best and utmost for this school and have reached the present situation. 
This school had been a blessing, bringing the opportunity to the village and the Community, ST.JAMES H.S SCHOOL shall be the turning point for there future generation.",New,FP/TR/SCH/568545/2026,2026-02-09T14:29:04.052+00:00,,Pending at DFO for Scrutiny and Recommendation,4.243,1291.32,st.james,,Forest clearance form,,,,"Establishment of St.James H.S School at Gongarai, P.O Kendraichera, P.S Takarjala, Jampuijala sub-division, Sepahijala district",TRIPURA,Jampuijala,UJAN PATHALIA,,,173,Non - Linear,0.0,4.243,4.243,0.0,0.0,0.0,0.0,0.0,0,0,0,Not applicable as the project or activity is site specific,,NO,NO,NO,2026-02-12T08:03:44.978+00:00,,Degraded Forest Land,true,,,,,,,,,,,,,,,,,,,,,,,,,,,,,,,,,,,"ST. JAMES HIGHER SECONDARY SCHOOL, PO- KENDRAICHERA, PS- TAKARJALA, SUB-DIV- JAMPUIJALA, SEPAHIJALA, TRIPURA, PIN- 799102, RECOGNISED BY GOVT. OF TRIPURA. AFFILATED TO TBSE REGISTRATION NO- 6343 OF 2012 SCHOOL CODE-5S069",Gongarai,16,Trust/NGO/Partnership,PRINCIPAL,Gongarai,16,,Sipahijala,173,https://parivesh.nic.in/dms/okm/downloadDocument?docTypemappingId=40829&refId=1218843112&refType=caf&uuid=0603aa7c-1a6d-47d6-8d8e-202186f23b87&version=1.0;https://parivesh.nic.in/dms/okm/downloadDocument?docTypemappingId=58989&refId=1218843112&refType=FC&uuid=b8c438a7-685a-4be7-baf6-2d680540576a&version=1.0,272046,https://parivesh.nic.in/newupgrade/#/report/ec?proposalId=1218843982,9100.0,8150.0
1219058492,"Proposal for diversion of 2.44 Ha of forest land for construction of Drill site, Waste-Pit including approach road leading to drill site at Exploratory location AA-ONO-184-BOA-C at Mouja Garjee Cherra under Gomati District Tripura.",New,FP/TR/MINOIL/568802/2026,2026-02-11T12:53:43.634+00:00,,Pending at DFO for Scrutiny and Recommendation,2.44,5200.0,ONGC,,Forest clearance form,,,,Exploration of Hydrocarbon / Natural Gas through Drilling Waste-pit and Approach Road of Exploratory location AA-ONO-184-BOA-C,TRIPURA,Udaipur,Gangachhera,,,2919,Non - Linear,0.0,2.44,2.44,0.0,0.0,0.0,0.0,0.0,0,0,0,Not applicable as the project or activity is site specific,,NO,NO,NO,2026-02-10T18:30:00.000+00:00,,Degraded Forest Land,true,,,,,,,,,,,,,,,,,,,,,,,,,,,,,,,,,,,"ONGC Tripura Asset
Badharghat, Agartala
Tripura ONGC Tripura Asset
Badharghat, Agartala
Tripura",Badharghat,16,Others,"CGM(ACM)-I/C LAQ & RoU, ASM, Nodal Officer FC, WLC & ESZ",Badharghat,16,,Gomati,2919,https://parivesh.nic.in/dms/okm/downloadDocument?docTypemappingId=40829&refId=1219056717&refType=caf&uuid=34ac0a6e-b327-4565-8bf4-5750f958cc18&version=1.0;https://parivesh.nic.in/dms/okm/downloadDocument?docTypemappingId=58989&refId=1219056717&refType=FC&uuid=86e05fac-cae1-4c68-8a56-1d64306d760d&version=1.0,272248,https://parivesh.nic.in/newupgrade/#/report/ec?proposalId=1219058492,2500.0,1400.0
1219756936,"VILLAGE - Bejimara, Block - Kathalia R.D, Dist. - Sepahijala, Tripura, Area - 2.32 acre (0.9428 hect.) river plot no - 742(P), stock plot no: 1342",New,SIA/TR/MIN/569698/2026,2026-02-19T08:08:26.698+00:00,,Under Verification,0.94,10.0,ANIMUL HAQUE,,Application for EC for Mining of Minor Minerals of Mine Lease (0-5 HA) - Form-2,EC,B2,,M/s Animul Haque Sand,TRIPURA,Sonamura,BARAPATHAR,,,,Non - Linear,0.94,0.0,0.94,0.0,0.0,0.0,0.0,0.0,0,0,0,Not applicable as the project or activity is site specific,,NO,NO,NO,2026-02-19T11:17:37.539+00:00,,,,,,,,,,,,,,,,,,,,,,,,,,,,,,,,,,,,,,"VILLAGE-BEJIMARA, P.S.-SONAMPURA, P.O.-BEJIMARA",BEJIMARA,16,Individual,PROPRIETOR,BEJIMARA,16,,Sipahijala,,https://parivesh.nic.in/dms/okm/downloadDocument?docTypemappingId=40829&refId=1219745324&refType=caf&uuid=a41cffd9-ffc3-4794-a1a6-b25773b455f4&version=1.0,272119,https://parivesh.nic.in/newupgrade/#/report/ec?proposalId=1219756936,985.0,1230.0
1220489844,Proposal for diversion of 0.831 hectares of forest land for laying a 12‑inch Natural Gas Pipeline along with Optical Fiber Cable (OFC) in the rerouted section of the Panisagar–Agartala Pipeline under the NEGG Project.,New,FP/TR/Pipeline/570815/2026,2026-02-27T16:23:13.226+00:00,,Pending at Nodal Officer due to EDS by State Secretary,0.831,122.86,INDRADHANUSH GAS GRID LIMITED,,Forest clearance form,,,,Proposal for diversion of 0.831 hectares of forest land for laying a 12‑inch Natural Gas Pipeline along with Optical Fiber Cable (OFC) in the rerouted section of the Panisagar–Agartala Pipeline under the NEGG Project.,TRIPURA,Teliamura,SRIRAMKHARA,,,1113,Linear,0.0,0.831,0.831,0.0,0.0,0.0,0.0,0.0,0,0,0,Not applicable as the project or activity is site specific,,NO,NO,NO,2026-04-23T18:30:00.000+00:00,,Degraded Forest Land,true,,,,,,,,,,,,,,,,,,,,,,,,,,,,,,,,,,,"5th Floor, Central Mall, Christian Basti, G. S. Road, Guwahati",Guwahati,18,"Central PSU (eg. NHAI, AAI, NTP, CIL, SAIL)",Chief Project Manager,Guwahati,18,,Khowai,1113,https://parivesh.nic.in/dms/okm/downloadDocument?docTypemappingId=40829&refId=1220488804&refType=caf&uuid=be97a1c9-c06d-4007-8924-8fd0b02ad040&version=1.0;https://parivesh.nic.in/dms/okm/downloadDocument?docTypemappingId=58989&refId=1220488804&refType=FC&uuid=efb9a8ab-913c-43fd-a555-693a96555c87&version=1.0;https://parivesh.nic.in/dms/okm/downloadDocument?docTypemappingId=58989&refId=1220488804&refType=FC&uuid=c1f1e5c5-1edd-4673-b4ad-0810b13f0362&version=1.0,0,https://parivesh.nic.in/newupgrade/#/report/ec?proposalId=1220489844,3300.0,32400.0
1220684088,"Work of Champai Cherra Reservoir project in Jirania Block, District West Tripura.",New,FP/TR/HYD/IRRIG/571096/2026,2026-03-02T14:25:01.619+00:00,,Rejected in PSC-I,66.89,13595.0,EXECUTIVE ENGINEER  PWD W R DIVISION NO-I,,Forest clearance form,,,,"Submission of proposal for diversion of forest land for the work of Champai Cherra Reservoir project in Jirania Block, District West Tripura.",TRIPURA,Jirania,CHAMPABARI,,,UGF -5.798 Ha.,Non - Linear,0.285,66.605,66.89,0.0,0.0,0.0,0.0,0.0,0,0,0,Not applicable as the project or activity is site specific,,NO,NO,NO,2026-03-25T07:55:48.506+00:00,https://parivesh.nic.in/dms/okm/downloadDocument?docTypemappingId=59020&refId=1220684087&refType=fc&uuid=e63fb107-a422-4e88-9b43-bc339311ea98&version=1.0,Degraded Forest Land,true,,,,,,,,,,,,,,,,,,,,,,,,,,,,,,,,,,,"EXECUTIVE ENGINEER PWD WR DIVISION NO-I, KUNJABAN, AGARTALA","",16,State Government (Department/Autonomous body),Executive Engineer,,16,,West Tripura,UGF -5.798 Ha.,https://parivesh.nic.in/dms/okm/downloadDocument?docTypemappingId=40829&refId=1220676694&refType=caf&uuid=4a2d3274-d791-412e-99c9-f65eee1f8017&version=1.0;https://parivesh.nic.in/dms/okm/downloadDocument?docTypemappingId=58989&refId=1220676694&refType=FC&uuid=ed137e4a-8166-4aba-89a3-c5e4d370b54c&version=1.0,0,https://parivesh.nic.in/newupgrade/#/report/ec?proposalId=1220684088,868.0,3283.0
1221007327,"village - bampur, block - amarpur R.D, District - Gomati, Tripura , Area - 1.00 Acre (0.4048 ha), river plot no. - 3163(P), stock plot no. - 707",New,SIA/TR/MIN/571419/2026,2026-03-06T07:07:21.611+00:00,,Under Verification,0.4048,10.0,gita rani jamatia,,Application for EC for Mining of Minor Minerals of Mine Lease (0-5 HA) - Form-2,EC,B2,,M/s tripura swari sand,TRIPURA,Amarpur,BAMPUR,,,,Non - Linear,0.4048,0.0,0.4048,0.0,0.0,0.0,0.0,0.0,0,0,0,Not applicable as the project or activity is site specific,,NO,NO,NO,2026-03-06T12:15:55.745+00:00,,,,,,,,,,,,,,,,,,,,,,,,,,,,,,,,,,,,,,"village - bampur, block - amarpur rd , dist. - gomati , tripura",Bampur,16,Individual,proprietor,Bampur,16,,Gomati,,https://parivesh.nic.in/dms/okm/downloadDocument?docTypemappingId=40829&refId=1221005594&refType=caf&uuid=6155455d-e427-47e9-99f4-35128c801f30&version=1.0,272164,https://parivesh.nic.in/newupgrade/#/report/ec?proposalId=1221007327,739.0,984.0
1222115861,"Proposal for diversion of 4.95 Ha of forest land for construction of Drill site, Waste-Pit, Drill site Accommodation including Safety-Zone at Two Development locations TMDA & TMDC at Mouja Rajdharpur under South District Tripura.",New,FP/TR/MINOIL/572923/2026,2026-03-19T04:19:59.170+00:00,,Pending at DFO for Scrutiny and Recommendation,4.95,11000.0,ONGC,,Forest clearance form,,,,Exploration & Production of Hydrocarbon / Natural Gas through Drilling Waste-pit Drill site Accommodation and Safety Zone of Two Development locations TMDA & TMDC,TRIPURA,Sabroom,RAJDHARPUR,,,2/part,Non - Linear,0.0,4.95,4.95,0.0,0.0,0.0,0.0,0.0,0,0,0,Not applicable as the project or activity is site specific,,NO,NO,NO,2026-04-19T18:30:00.000+00:00,,Degraded Forest Land,true,,,,,,,,,,,,,,,,,,,,,,,,,,,,,,,,,,,"ONGC Tripura Asset
Badharghat, Agartala
Tripura ONGC Tripura Asset
Badharghat, Agartala
Tripura",Badharghat Agartala,16,Others,CGM(SCM),Badharghat Agartala,16,,South Tripura,2/part,https://parivesh.nic.in/dms/okm/downloadDocument?docTypemappingId=40829&refId=1222091814&refType=caf&uuid=1354c141-498a-4493-8fd0-7fe0137c1abd&version=1.0;https://parivesh.nic.in/dms/okm/downloadDocument?docTypemappingId=58989&refId=1222091814&refType=FC&uuid=e944734a-ebb6-417d-b4f6-6bb4b6321a5c&version=1.0,272386,https://parivesh.nic.in/newupgrade/#/report/ec?proposalId=1222115861,2500.0,1400.0
1223546582,"Proposal for diversion of 3.81 Ha of forest land for construction of Drill site, Waste-Pit including establishment of a Safety-Zone at Development location GO#1A at Mouja Tekka Reserve Forest under District Forest Tripura, South District Tripura.",New,FP/TR/MINOIL/574877/2026,2026-04-07T05:04:53.356+00:00,,Pending at DFO for Scrutiny and Recommendation,3.81,4430.0,ONGC,,Forest clearance form,,,,"Exploration and Production of Hydrocarbons/Natural Gas through drilling activities, including waste pits and establishment of a safety zone at Development location GO#1A.",TRIPURA,Belonia,TEKKA RESERVED FOREST,,,432/part,Non - Linear,0.0,3.81,3.81,0.0,0.0,0.0,0.0,0.0,0,0,0,Not applicable as the project or activity is site specific,,NO,NO,NO,2026-08-31T18:30:00.000+00:00,,Degraded Forest Land,true,,,,,,,,,,,,,,,,,,,,,,,,,,,,,,,,,,,"ONGC Tripura Asset
Badharghat, Agartala
Tripura ONGC Tripura Asset
Badharghat, Agartala
Tripura",Badharghat Agartala,16,Others,"CGM(SCM)-I/C LAQ & RoU & Nodal Officer(FC, WLC & ESZ, ONGC)",Badharghat Agartala,16,,South Tripura,432/part,https://parivesh.nic.in/dms/okm/downloadDocument?docTypemappingId=40829&refId=1223545987&refType=caf&uuid=822eeda7-1244-4ed4-98b2-2e10a9f553ed&version=1.0;https://parivesh.nic.in/dms/okm/downloadDocument?docTypemappingId=58989&refId=1223545987&refType=FC&uuid=baec2e3f-38b5-4c21-a79e-4df3a0f95370&version=1.0,272302,https://parivesh.nic.in/newupgrade/#/report/ec?proposalId=1223546582,30.0,20.0
1224257465,Drilling of exploratory locations SNAA and SNAB for hydrocarbon prospectivity.,New,IA/TR/IND2/575630/2026,2026-04-14T07:01:34.902+00:00,,Proposal pulled back (withdrawn),1.938,6500.0,"ONGC, TRIPURA ASSET",,Environment clearance form,TOR,A,"Off-shore and onshore oil and gas exploration,  development and production",Exploratory Drilling of Locations SNAA and SNAB,TRIPURA,Sonamura,ARALIA,IA-J-11011/115/2026-IA-II,,,Non - Linear,1.938,0.0,1.938,0.0,0.0,0.0,0.0,0.0,0,0,0,Not applicable as the project or activity is site specific,,NO,NO,NO,2026-04-14T08:10:33.797+00:00,,,,,,,,,,,,,,,,,,,,,,,,,,,,,,,,,,,,,,,,,,,,,,Sipahijala,,https://parivesh.nic.in/dms/okm/downloadDocument?docTypemappingId=40829&refId=1224247570&refType=caf&uuid=fb9040ad-7d4a-4454-b590-e490be16c6de&version=1.0,272109,https://parivesh.nic.in/newupgrade/#/report/ec?proposalId=1224257465,2250.0,1400.0
1224478777,Drilling of exploratory well for hydrocarbon exploration,New,IA/TR/IND2/575899/2026,2026-04-16T09:27:59.744+00:00,,Proposal pulled back (withdrawn),2.387,4400.0,"ONGC, TRIPURA ASSET",,Environment clearance form,TOR,A,"Off-shore and onshore oil and gas exploration,  development and production",Drilling of Exploratory Well ROKAC,TRIPURA,Bishalgarh,RADHANAGAR,IA-J-11011/122/2026-IA-II,,,Non - Linear,2.387,0.0,2.387,0.0,0.0,0.0,0.0,0.0,0,0,0,Not applicable as the project or activity is site specific,,NO,NO,NO,2026-04-16T11:53:17.335+00:00,,,,,,,,,,,,,,,,,,,,,,,,,,,,,,,,,,,,,,,,,,,,,,Sipahijala,,https://parivesh.nic.in/dms/okm/downloadDocument?docTypemappingId=40829&refId=1224459492&refType=caf&uuid=d3369813-65a2-49d0-877c-6544a50e331e&version=1.0,272049,https://parivesh.nic.in/newupgrade/#/report/ec?proposalId=1224478777,105.0,65.0
1225751456,Drilling of Exploratory Locations SNAA and SNAB,New,SIA/TR/IND2/577192/2026,2026-04-28T05:56:38.698+00:00,,Under Verification,1.938,6500.0,"ONGC, TRIPURA ASSET",,Environment clearance form,TOR,B2,"Off-shore and onshore oil and gas exploration,  development and production",Drilling of Exploratory Locations SNAA and SNAB,TRIPURA,Sonamura,ARALIA,,,,Non - Linear,1.938,0.0,1.938,0.0,0.0,0.0,0.0,0.0,0,0,0,Not applicable as the project or activity is site specific,,NO,NO,NO,2026-04-28T07:48:45.713+00:00,,,,,,,,,,,,,,,,,,,,,,,,,,,,,,,,,,,,,,,,,,,,,,Sipahijala,,https://parivesh.nic.in/dms/okm/downloadDocument?docTypemappingId=40829&refId=1225747770&refType=caf&uuid=93040ff9-c5a9-495e-b76b-a222b2babb7d&version=1.0,272109,https://parivesh.nic.in/newupgrade/#/report/ec?proposalId=1225751456,2250.0,1400.0
1225799274,Drilling of Exploratory Location ROKAC,New,SIA/TR/IND2/577250/2026,2026-04-28T09:55:17.550+00:00,,Under Verification,2.387,4400.0,"ONGC, TRIPURA ASSET",,Environment clearance form,TOR,B2,"Off-shore and onshore oil and gas exploration,  development and production",Drilling of Exploratory Location ROKAC,TRIPURA,Bishalgarh,RADHANAGAR,,,,Non - Linear,2.387,0.0,2.387,0.0,0.0,0.0,0.0,0.0,0,0,0,Not applicable as the project or activity is site specific,,NO,NO,NO,2026-04-28T11:58:34.330+00:00,,,,,,,,,,,,,,,,,,,,,,,,,,,,,,,,,,,,,,,,,,,,,,Sipahijala,,https://parivesh.nic.in/dms/okm/downloadDocument?docTypemappingId=40829&refId=1225794275&refType=caf&uuid=e9f48b40-36bb-4011-9c79-06103ed761fa&version=1.0,272049,https://parivesh.nic.in/newupgrade/#/report/ec?proposalId=1225799274,900.0,1400.0
1226723741,"3D seismic data acquisition in Rajnagar, Tripura",New,WL/TR/SRY/578122/2026,2026-05-06T11:15:18.420+00:00,,,10002.47,2450.0,OIL AND NATURAL GAS CORPORATION LIMITED,,Wildlife clearance form,,,,3D Seismic data acquisition of AA-ONHP-2020/2 (Rajnagar) project  in South Tripura District,TRIPURA,Belonia,BARDOS,,,NA,Non - Linear,7794.0,2208.47,10002.47,0.0,0.0,0.0,0.0,0.0,0,0,0,Not applicable as the project or activity is site specific,,NO,NO,NO,2026-05-07T08:58:21.835+00:00,,,,,,,,,,,,,,,,,,,,,,,,,,,,,,,,,,,,,,,,,,,,,,South Tripura,NA,https://parivesh.nic.in/dms/okm/downloadDocument?docTypemappingId=40829&refId=1225915800&refType=caf&uuid=e986dfec-5381-436f-8bcc-268adaefa78e&version=1.0,272269,https://parivesh.nic.in/newupgrade/#/report/ec?proposalId=1226723741,0.0,650.0
1227258602,The location TMAE is an Exploratory Location. Purpose of drilling of this location is Exploration of Hydrocarbon / Natural Gas.,New,FP/TR/MINOIL/578624/2026,2026-05-11T11:27:33.506+00:00,,Pending at DFO for Scrutiny and Recommendation,,,ONGC,,Forest clearance form,,,,"Exploration of Hydrocarbon / Natural Gas through Drilling, Waste-pit and Approach Road leading to drill site at Exploratory location TMAE",TRIPURA,,,,,,,,,,,,,,,,,,,,,,,2026-08-31T18:30:00.000+00:00,,Degraded Forest Land,true,,,,,,,,,,,,,,,,,,,,,,,,,,,,,,,,,,,"ONGC Tripura Asset
Badharghat, Agartala
Tripura ONGC Tripura Asset
Badharghat, Agartala
Tripura",Badharghat Agartala,16,Others,CGM(SCM),Badharghat Agartala,16,,,,https://parivesh.nic.in/dms/okm/downloadDocument?docTypemappingId=40829&refId=1227249638&refType=caf&uuid=4f89a04e-1ee5-4265-971c-13ddb52b752b&version=1.0;https://parivesh.nic.in/dms/okm/downloadDocument?docTypemappingId=58989&refId=1227249638&refType=FC&uuid=8907d86b-5bec-4cf7-bab3-ecc65838868a&version=1.0,,https://parivesh.nic.in/newupgrade/#/report/ec?proposalId=1227258602,,
1230838173,M/s Balaji Concast is a partnership firm setting up a manufacturing  project for Steel TMT Bars.,New,SIA/TR/IND1/581043/2026,2026-06-03T11:02:32.252+00:00,,Referred to SEIAA,0.8093,782.1,Balaji Concast,RSP Green Development & Laboratories Pvt. Ltd.,Environment clearance form,TOR,B2,Metallurgical Industries (ferrous and non ferrous),BALAJI STEEL ROLLING MILLS,TRIPURA,Mohanpur,BODHJANGNAGAR,,F.8(25)/TSPCB/SEAC/METALLURGY/2026/BALAJI,,Non - Linear,0.8093,0.0,0.8093,0.0,0.0,0.0,0.0,0.0,0,0,0,NO,The project site is located within a pre-notified industrial zone.,NO,NO,NO,2026-08-13T15:09:48.016+00:00,,,,,,,,,,,,,,,,,,,,,,,,,,,,,,,,,,,,,,,,,,,,,,West Tripura,,https://parivesh.nic.in/dms/okm/downloadDocument?docTypemappingId=40829&refId=1230816642&refType=caf&uuid=3c74240e-d3f8-42ab-806e-f9cfcab4d045&version=1.0,271860,https://parivesh.nic.in/newupgrade/#/report/ec?proposalId=1230838173,6035.0,6035.0
1231665404,drilling of exploratory well,New,SIA/TR/IND2/581795/2026,2026-06-10T11:08:33.513+00:00,,Referred to SEIAA,1.53,5300.0,"ONGC, TRIPURA ASSET",,Environment clearance form,TOR,B2,"Off-shore and onshore oil and gas exploration,  development and production",Drilling of exploratory Location ADAY- Cluster,TRIPURA,Sadar,MADHUBAN,,F.8(25)/TSPCB/SEAC/2026/ONGC/ADAY,,Non - Linear,1.53,0.0,1.53,0.0,0.0,0.0,0.0,0.0,0,0,0,Not applicable as the project or activity is site specific,,NO,NO,NO,2026-07-27T06:38:04.697+00:00,,,,,,,,,,,,,,,,,,,,,,,,,,,,,,,,,,,,,,,,,,,,,,West Tripura,,https://parivesh.nic.in/dms/okm/downloadDocument?docTypemappingId=40829&refId=1231608110&refType=caf&uuid=4b059f3d-2998-4f4b-a14f-7683a4d9e598&version=1.0,272027,https://parivesh.nic.in/newupgrade/#/report/ec?proposalId=1231665404,30.0,20.0
1231684891,"work of Haora project in Jirania Block, District west Tripura.",New,FP/TR/HYD/IRRIG/581817/2026,2026-06-10T12:50:25.441+00:00,,Rejected in PSC-I,53.7,13594.11,EXECUTIVE ENGINEER  PWD W R DIVISION NO-I,,Forest clearance form,,,,"Submission of proposal for diversion of forest land for the work of Haoro project in Jironio Block, District west Tripura.",TRIPURA,Jirania,BHRIGUDASPARA,,,"CS PLOT- 827,893,828,829,830,831,900,861,865,866,868,870,898,710,714,717,707,715,721,716,720,708,709,699,894 _KHNO- 4/2,4/3,4/56,4/1,4/59,4/46,4/47",Non - Linear,11.576,42.124,53.7,0.0,0.0,0.0,0.0,0.0,0,0,0,Not applicable as the project or activity is site specific,,NO,NO,NO,2026-06-13T06:54:29.350+00:00,https://parivesh.nic.in/dms/okm/downloadDocument?docTypemappingId=59020&refId=1231684890&refType=fc&uuid=c1e8655a-dc05-4b57-8f8c-b5ecae77f24c&version=1.0,Degraded Forest Land,true,,,,,,,,,,,,,,,,,,,,,,,,,,,,,,,,,,,"EXECUTIVE ENGINEER PWD WR DIVISION NO-I, KUNJABAN, AGARTALA",,16,State Government (Department/Autonomous body),EXECUTIVE ENGINEER,,16,,West Tripura,"CS PLOT- 827,893,828,829,830,831,900,861,865,866,868,870,898,710,714,717,707,715,721,716,720,708,709,699,894 _KHNO- 4/2,4/3,4/56,4/1,4/59,4/46,4/47",https://parivesh.nic.in/dms/okm/downloadDocument?docTypemappingId=40829&refId=1231680459&refType=caf&uuid=86bcad16-023e-4ffa-914d-81ba674a6a0b&version=1.0;https://parivesh.nic.in/dms/okm/downloadDocument?docTypemappingId=58989&refId=1231680459&refType=FC&uuid=ff906bc0-9975-4446-9eb9-b917df7a78f9&version=1.0,271995,https://parivesh.nic.in/newupgrade/#/report/ec?proposalId=1231684891,220460.0,9875.0
1231820837,Drilling of exploratory location TMAH-Cluster falling in Forest land,New,SIA/TR/IND2/581925/2026,2026-06-11T12:28:10.691+00:00,,Referred to SEIAA,2.82,5400.0,"ONGC, TRIPURA ASSET",,Environment clearance form,TOR,B2,"Off-shore and onshore oil and gas exploration,  development and production",Drilling of Exploratory location TMAH- Cluster,TRIPURA,Sabroom,BARAMURA DEBTAMURA RESERVED FO,,F.8(25)/TSPCB/SEAC/2026/ONGC/TMAH,,Non - Linear,0.0,2.82,2.82,0.0,0.0,0.0,0.0,0.0,0,0,0,Not applicable as the project or activity is site specific,,NO,NO,NO,2026-07-27T06:56:43.058+00:00,,,,,,,,,,,,,,,,,,,,,,,,,,,,,,,,,,,,,,,,,,,,,,South Tripura,,https://parivesh.nic.in/dms/okm/downloadDocument?docTypemappingId=40829&refId=1231806664&refType=caf&uuid=3d8e05b6-71ed-42ba-b16a-b04adf37bb50&version=1.0,272364,https://parivesh.nic.in/newupgrade/#/report/ec?proposalId=1231820837,30.0,20.0
1234116946,TMAD and TMAF are exploratory locations in nature. The purpose of drilling at these two locations is solely the exploration of hydrocarbons and natural gas.,New,FP/TR/MINOIL/584125/2026,2026-07-03T08:01:05.397+00:00,,Pending at UA due to EDS by MS after PSC-I,6.294,10785.0,ONGC,,Forest clearance form,,,,"Exploration of Hydrocarbon / Natural Gas through Drilling-Waste-pit,  Safety-Zone and Approach Road leading to drill site at Exploratory Two locations TMAD & TMAF",TRIPURA,Karbook,BAGACHATAL,,,11,Non - Linear,0.0,6.294,6.294,0.0,0.0,0.0,0.0,0.0,0,0,0,Not applicable as the project or activity is site specific,,NO,NO,NO,2026-07-03T12:26:14.328+00:00,,Degraded Forest Land,true,,,,,,,,,,,,,,,,,,,,,,,,,,,,,,,,,,,"ONGC Tripura Asset
Badharghat, Agartala
Tripura ONGC Tripura Asset
Badharghat, Agartala
Tripura",Badharghat Agartala,16,Others,GM-Mech,Badharghat Agartala,16,,Gomati,11,https://parivesh.nic.in/dms/okm/downloadDocument?docTypemappingId=40829&refId=1234109689&refType=caf&uuid=51ee3759-0a0f-40de-9a70-543ffed53aa1&version=1.0;https://parivesh.nic.in/dms/okm/downloadDocument?docTypemappingId=58989&refId=1234109689&refType=FC&uuid=3e5e6acc-65e6-41bb-8f6e-6b20bb75348b&version=1.0,272387,https://parivesh.nic.in/newupgrade/#/report/ec?proposalId=1234116946,30.0,20.0
1234341338,The location TMAG is an Exploratory Location in nature. Purpose of drilling of this location is Exploration of Hydrocarbon / Natural Gas,New,FP/TR/MINOIL/584349/2026,2026-07-06T05:42:39.820+00:00,,Pending at DFO for Scrutiny and Recommendation,4.593,5725.0,ONGC,,Forest clearance form,,,,"Exploration of Hydrocarbon / Natural Gas through Drillsite-Waste-pit, DSA, Safety-Zone and Approach Road leading to drill site at Exploratory location TMAG",TRIPURA,Karbook,DESARAMPARA,,,"71, 83, 84, 85, 86, 91, 92, 93, 94, 96, 98, 113, 126",Non - Linear,0.0,4.593,4.593,0.0,0.0,0.0,0.0,0.0,0,0,0,Not applicable as the project or activity is site specific,,NO,NO,NO,2026-08-31T18:30:00.000+00:00,,Degraded Forest Land,true,,,,,,,,,,,,,,,,,,,,,,,,,,,,,,,,,,,"ONGC Tripura Asset
Badharghat, Agartala
Tripura ONGC Tripura Asset
Badharghat, Agartala
Tripura",Badharghat Agartala,16,Others,GM-Mech,Badharghat Agartala,16,,Gomati,"71, 83, 84, 85, 86, 91, 92, 93, 94, 96, 98, 113, 126",https://parivesh.nic.in/dms/okm/downloadDocument?docTypemappingId=40829&refId=1234178643&refType=caf&uuid=6891ea13-8b43-4f8f-b227-a95a2191d02c&version=1.0;https://parivesh.nic.in/dms/okm/downloadDocument?docTypemappingId=58989&refId=1234178643&refType=FC&uuid=8ce97864-1d15-4291-be98-9e0386cf6685&version=1.0,0,https://parivesh.nic.in/newupgrade/#/report/ec?proposalId=1234341338,30.0,20.0
1234728434,"Diversion of forest land for the construction of road from Amarpur - Gandacherra road to Babusai para, Under PM-JANAMAN Scheme.",New,FP/TR/ROAD/584742/2026,2026-07-09T06:23:48.003+00:00,,Pending at DFO for Scrutiny and Recommendation,1.303,2.75,Public Works Department,,Forest clearance form,,,,Diversion of forest land for the construction of road from Amarpur - Gandacherra road to Babusai para.,TRIPURA,Amarpur,PURBA KALAJHARI R.F,,,201,Linear,0.0,1.303,1.303,0.0,0.0,0.0,0.0,0.0,0,0,0,Not applicable as the project or activity is site specific,,NO,NO,NO,2026-07-30T18:30:00.000+00:00,,Degraded Forest Land,true,,,,,,,,,,,,,,,,,,,,,,,,,,,,,,,,,,,"Office of the Executive Engineer,  PWD, Amarpur Division, Amarpur, Gomati Tripura",,16,State Government (Department/Autonomous body),Executive Engineer,,16,,Gomati,201,https://parivesh.nic.in/dms/okm/downloadDocument?docTypemappingId=40829&refId=1234726345&refType=caf&uuid=30778e7d-dc59-4c55-8d62-8f4f52b614f2&version=1.0;https://parivesh.nic.in/dms/okm/downloadDocument?docTypemappingId=58989&refId=1234726345&refType=FC&uuid=02660033-7c1f-4437-a177-59bb8feccbbd&version=1.0,272563,https://parivesh.nic.in/newupgrade/#/report/ec?proposalId=1234728434,6860.0,2680.0
1234778060,Diversion of forest land for the construction of road,New,FP/TR/ROAD/584804/2026,2026-07-09T10:57:54.004+00:00,,Pending at DFO for Scrutiny and Recommendation,1.42,2.42,Public Works Department,,Forest clearance form,,,,Diversion of forest land for the construction of road from Amarpur Gandacherra Road to sambajoy Para via Gamaku para.,TRIPURA,Amarpur,PASCHIM KALAJHARI R.F,,,"369,106,195,180,179,178,177,176,175,159",Linear,0.038,1.382,1.42,0.0,0.0,0.0,0.0,0.0,0,0,0,Not applicable as the project or activity is site specific,,NO,NO,NO,2026-07-31T18:30:00.000+00:00,,Degraded Forest Land,true,,,,,,,,,,,,,,,,,,,,,,,,,,,,,,,,,,,"Office of the Executive Engineer,  PWD, Amarpur Division, Amarpur, Gomati Tripura",,16,State Government (Department/Autonomous body),Executive Engineer,,16,,Gomati,"369,106,195,180,179,178,177,176,175,159",https://parivesh.nic.in/dms/okm/downloadDocument?docTypemappingId=40829&refId=1234775691&refType=caf&uuid=e8c6ce9c-f7a5-47d8-8655-0c951f399f5c&version=1.0;https://parivesh.nic.in/dms/okm/downloadDocument?docTypemappingId=58989&refId=1234775691&refType=FC&uuid=cc975600-305a-497b-8455-c85665105e88&version=1.0,272161,https://parivesh.nic.in/newupgrade/#/report/ec?proposalId=1234778060,5860.0,2620.0
1234804041,"""Diversion of forest land for the construction of road from L420-AT road- Atambhagya road at Kasko to Balyaram para.""",New,FP/TR/ROAD/584840/2026,2026-07-09T13:24:31.696+00:00,,Pending at DFO for Scrutiny and Recommendation,2.622,4.69,Public Works Department,,Forest clearance form,,,,"""Diversion of forest land for the construction of road from L420-AT road- Atambhagya road at Kasko to Balyaram para.""",TRIPURA,Amarpur,PURBA SARBONG,,,"456, 360, 407, 361, 234",Linear,0.93,1.692,2.622,0.0,0.0,0.0,0.0,0.0,0,0,0,Not applicable as the project or activity is site specific,,NO,NO,NO,2026-07-31T18:30:00.000+00:00,,Degraded Forest Land,true,,,,,,,,,,,,,,,,,,,,,,,,,,,,,,,,,,,"Office of the Executive Engineer,  PWD, Amarpur Division, Amarpur, Gomati Tripura",,16,State Government (Department/Autonomous body),Executive Engineer,,16,,Gomati,"456, 360, 407, 361, 234",https://parivesh.nic.in/dms/okm/downloadDocument?docTypemappingId=40829&refId=1234802451&refType=caf&uuid=7b714685-dcef-434b-9b99-daa7196c425d&version=1.0;https://parivesh.nic.in/dms/okm/downloadDocument?docTypemappingId=58989&refId=1234802451&refType=FC&uuid=45aeac93-3e15-41f1-86d1-90716a120d34&version=1.0,0,https://parivesh.nic.in/newupgrade/#/report/ec?proposalId=1234804041,5560.0,2320.0
1234806483,"""Diversion of forest land for the construction of road from NH208 Tingaria bazar to Dakmura""",New,FP/TR/ROAD/584844/2026,2026-07-09T14:20:52.410+00:00,,Pending at DFO for Scrutiny and Recommendation,1.277,4.08,Public Works Department,,Forest clearance form,,,,"""Diversion of forest land for the construction of road from NH208 Tingaria bazar to Dakmura""",TRIPURA,Amarpur,Baramura Debatamura Reserve Forest,,,"181, 3/12",Linear,0.0,1.277,1.277,0.0,0.0,0.0,0.0,0.0,0,0,0,Not applicable as the project or activity is site specific,,NO,NO,NO,2026-07-31T18:30:00.000+00:00,,Degraded Forest Land,true,,,,,,,,,,,,,,,,,,,,,,,,,,,,,,,,,,,"Office of the Executive Engineer,  PWD, Amarpur Division, Amarpur, Gomati Tripura",,16,State Government (Department/Autonomous body),Executive Engineer,,16,,Gomati,"181, 3/12",https://parivesh.nic.in/dms/okm/downloadDocument?docTypemappingId=40829&refId=1234806055&refType=caf&uuid=ae6ddffb-e83c-472d-ab00-4f82b0698e4e&version=1.0;https://parivesh.nic.in/dms/okm/downloadDocument?docTypemappingId=58989&refId=1234806055&refType=FC&uuid=f9c29e66-bdc0-4a25-ba77-9938d76cb7b7&version=1.0,272175,https://parivesh.nic.in/newupgrade/#/report/ec?proposalId=1234806483,4560.0,1890.0
1236528742,Diversion of forest land for the construction of T-23 Chawmanu-Gobindabari road (5 Kilo point) to Chaya Kr. para under Chawmanu R.D Block under PM JANAMAN Yojana in Dhalai District of Tripura.,New,FP/TR/ROAD/586851/2026,2026-07-27T08:16:29.955+00:00,,DELISTED_BY_SYSTEM,3.6275,3.85,Public Works Department,,Forest clearance form,,,,Diversion of forest land for the construction of T-23 Chawmanu-Gobindabari road (5 Kilo point) to Chaya Kr. para under Chawmanu R.D Block under PM JANAMAN Yojana in Dhalai District of Tripura.,TRIPURA,Longtharai Valley,PURBA CHHAMANU,,,1645 1643 1644 1610 1558 1647,Linear,0.4426,3.1849,3.6275,0.0,0.0,0.0,0.0,0.0,0,0,0,Not applicable as the project or activity is site specific,,NO,NO,NO,2026-07-27T08:42:43.113+00:00,,Degraded Forest Land,true,,,,,,,,,,,,,,,,,,,,,,,,,,,,,,,,,,,"Office of the Executive Engineer, Public Works Department, (R&B), LTV Division, Manu, Dhalai District of Tripura.",,16,State Government (Department/Autonomous body),Executive Engineer,,16,,Dhalai,1645 1643 1644 1610 1558 1647,https://parivesh.nic.in/dms/okm/downloadDocument?docTypemappingId=40829&refId=1236520417&refType=caf&uuid=f16b3e3c-7958-4ea9-a9df-27920cd55d55&version=1.0;https://parivesh.nic.in/dms/okm/downloadDocument?docTypemappingId=58989&refId=1236520417&refType=FC&uuid=c286f7c6-63f1-4590-b039-02779b0aff40&version=1.0,0,https://parivesh.nic.in/newupgrade/#/report/ec?proposalId=1236528742,5920.0,3560.0
1237760170,"The Champaknagar to Udaipur State Highway Improvement Project involves the upgradation of the existing 32.413 km State Highway from Champaknagar to Udaipur to a two-lane road with paved shoulders under the Tripura State Highway Improvement Project, financed by the Asian Development Bank (ADB). Implemented by the Public Works Department (R & B), Government of Tripura, the project aims to improve regional connectivity, road safety, travel efficiency, and access to essential services and markets. The project follows the existing road alignment to the extent feasible and includes widening, pavement strengthening, drainage improvements, bridges and culverts, road safety measures.",Expansion,FP/TR/ROAD/588238/2026,2026-08-07T07:45:44.079+00:00,,Pending at UA due to EDS by MS after PSC-I,0.0,33077.0,Public Works Department,,Forest clearance form,,,,Diversion of Forest Land for the Upgradation of the Champaknagar to Udaipur State Highway to a Two-Lane Road with Paved Shoulders under the Tripura State Highway Improvement Project,TRIPURA,Udaipur,RADHAKISHORPUR RESERVED FOREST,,,,Linear,0.0,0.0,0.0,22.53,20.66,43.19,0.0,3307700000.0,0,0,0,NO,"The project involves the widening and upgradation of the existing road alignment; therefore, examination of alternative sites is not applicable. The existing alignment has been adopted to minimize land acquisition, environmental impacts, and social disruption while improving the existing transportation infrastructure. A detailed justification for retaining the existing alignment is attached with the proposal.",NO,NO,NO,2026-08-07T12:45:55.277+00:00,https://parivesh.nic.in/dms/okm/downloadDocument?docTypemappingId=59020&refId=1237760169&refType=fc&uuid=0b29dabf-bfc3-442b-9105-9053f2f18e19&version=1.0,,false,,,,,,,,,,,,,,,,,,,,,,,,,,,,,,,,,,,"Office of the Executive Engineer, Public Works Department (R&B), Udaipur Division, Udaipur Gomati Tripura.",,16,State Government (Department/Autonomous body),Executive Engineer,,16,,Gomati,,https://parivesh.nic.in/dms/okm/downloadDocument?docTypemappingId=40829&refId=1237744967&refType=caf&uuid=4253e05c-64f8-4c82-a7e9-d00885fb4b97&version=1.0;https://parivesh.nic.in/dms/okm/downloadDocument?docTypemappingId=58989&refId=1237744967&refType=FC&uuid=ff7f63c4-90e3-4670-8181-08555b4527d4&version=1.0;https://parivesh.nic.in/dms/okm/downloadDocument?docTypemappingId=58989&refId=1237744967&refType=FC&uuid=780b82c9-2cc0-42c0-ab7c-14483a9ca401&version=1.0;https://parivesh.nic.in/dms/okm/downloadDocument?docTypemappingId=58989&refId=1237744967&refType=FC&uuid=76738e13-b62e-4aa8-8ed4-7d4cdbe2db3c&version=1.0,272207,https://parivesh.nic.in/newupgrade/#/report/ec?proposalId=1237760170,1343200.0,9125.0
1238025046,Rolling mill 13200 TPA,New,SIA/TR/IND1/588590/2026,2026-08-10T12:50:39.807+00:00,,Proposal pulled back (withdrawn),0.809,782.1,Balaji Concast,RSP Green Development & Laboratories Pvt. Ltd.,Environment clearance form,TOR,B1,Metallurgical Industries (ferrous and non ferrous),M/s Balaji Streel Rolling Mills,TRIPURA,Mohanpur,BODHJANGNAGAR,,,"5612,5615",Non - Linear,0.809,0.0,0.809,0.0,0.0,0.0,0.0,0.0,0,0,0,NO,This area situated in Notified Industrial Area,NO,NO,NO,2026-08-11T09:25:21.975+00:00,,,,,,,,,,,,,,,,,,,,,,,,,,,,,,,,,,,,,,,,,,,,,,West Tripura,"5612,5615",https://parivesh.nic.in/dms/okm/downloadDocument?docTypemappingId=40829&refId=1238020664&refType=caf&uuid=8b51a1b5-607a-4ffd-98e0-bd283b274cba&version=1.0,271860,https://parivesh.nic.in/newupgrade/#/report/ec?proposalId=1238025046,0.0,16500.0
1238231885,Diversion of 3.60-acre forest land for construction of forward shifting BOP Bhim (Company level) of 154 Bn BSF in the state of Tripura for Border Security Force along indo-Bangladesh Border,New,FP/TR/Police/588830/2026,2026-08-12T10:30:54.558+00:00,,Pending at DFO for Scrutiny and Recommendation,1.46,1052.2699,Border Security Force,,Forest clearance form,,,,Diversion of 3.60-acre forest land for establishment of forward shifting BOP Bhim of 154 Bn BSF,TRIPURA,Ambassa,SIDDHAPARA,,,"Plot No-95/p, Khatian No-2/3",Non - Linear,0.0,1.46,1.46,0.0,0.0,0.0,0.0,0.0,0,0,0,NO,"By establishing BOP at this location, BSF will not only effectively dominate own AOR but also keep the counterpart area under better surveillance",YES,NO,NO,2026-08-12T13:01:57.595+00:00,,Degraded Forest Land,true,,,,,,,,,,,,,,,,,,,,,,,,,,,,,,,,,,,"Commandant, 154 Bn BSF, BSF Campus Jawahar Nagar, Ambassa, Dhalai, Tripura-799289",Ambassa,16,Central Government (Department/Autonomous body),Commandant,Ambassa,16,,Dhalai,"Plot No-95/p, Khatian No-2/3",https://parivesh.nic.in/dms/okm/downloadDocument?docTypemappingId=40829&refId=1228489404&refType=caf&uuid=3f00b3b6-579c-4a5c-b45c-e9b7c2ac6325&version=1.0;https://parivesh.nic.in/dms/okm/downloadDocument?docTypemappingId=58989&refId=1228489404&refType=FC&uuid=f416c6c9-87db-4dc9-a221-80397c03cb98&version=1.0,272523,https://parivesh.nic.in/newupgrade/#/report/ec?proposalId=1238231885,36500.0,730.0
1239126514,Crushing of stone from natural bolders beside a natural stream,New,FP/TR/OTHERS/589960/2026,2026-08-23T03:04:24.902+00:00,,Pending at DFO for Scrutiny and Recommendation,0.1012,15.6,M/S ROYAL INDUSTRY (STONE CRUSHING),,Forest clearance form,,,,"M/S ROYAL INDUSTRY, (STONE CRUSHING)",TRIPURA,Santirbazar,PURBA PILAK,,,2026,Non - Linear,0.0,0.1012,0.1012,0.0,0.0,0.0,0.0,0.0,0,0,0,Not applicable as the project or activity is site specific,,NO,NO,NO,2026-08-25T09:18:41.241+00:00,,Non-forest Land,true,,,,,,,,,,,,,,,,,,,,,,,,,,,,,,,,,,,"Vill & P.O - Jolaibari, P.S - Baikhora, SantirBazar.",jolaibari,16,Private Limited,Propritor,jolaibari,16,"Prabir Bhowmik,Prabir Bhowmik",South Tripura,2026,https://parivesh.nic.in/dms/okm/downloadDocument?docTypemappingId=40829&refId=1222241915&refType=caf&uuid=c872ca7f-3480-43a2-badf-424acaeb6005&version=1.0;https://parivesh.nic.in/dms/okm/downloadDocument?docTypemappingId=59061&refId=1222241915&refType=FC&uuid=9970bf5a-db3f-4dc5-aa70-0771e274ce3a&version=1.0;https://parivesh.nic.in/dms/okm/downloadDocument?docTypemappingId=59061&refId=1222241915&refType=FC&uuid=2e49c240-2f16-48e5-a207-db706c1bf8a7&version=1.0;https://parivesh.nic.in/dms/okm/downloadDocument?docTypemappingId=58989&refId=1222241915&refType=FC&uuid=a74d3b6e-9d67-476c-a191-7a08a0d46d8f&version=1.0,272339,https://parivesh.nic.in/newupgrade/#/report/ec?proposalId=1239126514,70.0,57000.0
1239368377,"Tripura Urban Livability Improvement Project (TULIP) – Improvement of Roads and Storm Water Drainage System in Jirania, Teliamura, Kamalpur and Panisagar Towns of Tripura:-  Arabinda Roy house to Niranjan Das house Road in ward no 15, Teliamura, Tripura.  Improvment of Arabinda Roy house to Niranjan Das house Road in ward no 15, length is approx 90m. This road road will be improved by interlocking concrete block (ICB) pavements with associated roadside drainage facilities where feasible.",New,FP/TR/ROAD/590237/2026,2026-08-25T15:37:43.372+00:00,,Pending at DFO for Scrutiny and Recommendation,0.0238,685.01209,Tripura Urban Planning and Development Authority,,Forest clearance form,,,,"Tripura Urban Livability Improvement Project (TULIP) – Improvement of Roads and Storm Water Drainage System in Jirania, Teliamura, Kamalpur and Panisagar Towns of Tripura:-  Arabinda Roy house to Niranjan Das house Road in ward no 15, Teliamura, Tripura. .",TRIPURA,Teliamura,BRAHMACHHARA,,,2/2 and 117,Linear,0.0,0.0238,0.0238,0.0,0.0,0.0,0.0,0.0,0,0,0,NO,Existing Kachha Rasta is available,NO,NO,NO,2026-09-04T15:42:11.521+00:00,,Non-forest Land,true,,,,,,,,,,,,,,,,,,,,,,,,,,,,,,,,,,,"Tripura Urban Planning & Development Authority, U.D. Bhawan, Sankuntala Road, Agartala",Agartala,16,State Government (Department/Autonomous body),Juniour Engineer,Agartala,16,,Khowai,2/2 and 117,https://parivesh.nic.in/dms/okm/downloadDocument?docTypemappingId=40829&refId=1239311015&refType=caf&uuid=c4b83e0e-329c-4dc1-b749-d5e8cc25b9a7&version=1.0;https://parivesh.nic.in/dms/okm/downloadDocument?docTypemappingId=58989&refId=1239311015&refType=FC&uuid=ae5f9378-496e-492a-a858-f3fc49976b7f&version=1.0,271963,https://parivesh.nic.in/newupgrade/#/report/ec?proposalId=1239368377,1260.0,730.0
1239538111,drilling of exploratory well,New,SIA/TR/IND2/590481/2026,2026-08-27T13:35:44.405+00:00,,EDS raised,2.4562,5000.0,"ONGC, TRIPURA ASSET",,Environment clearance form,TOR,B2,"Off-shore and onshore oil and gas exploration,  development and production",Drilling of Exploratory Location AA-ONO-184-BOA-A,TRIPURA,Udaipur,Gangachhera,,,"Forest: 1741 (2/4), 2431 (2/65), 2421(2/65), 2420 (4/9), 2410 (2/6) Non-Forest: 2453 (856/1), 2454&2455 (483),  2457 (767), 2457/6751 (1321), 2457 (1322), 2457/6752 (1323), 1780/6517 (1023), 1777 (488), 1727&1729 (1473), 1730/6563&1730 (1/100), 1766 (1/63), 1767&1768 (1/64)",Non - Linear,1.492,0.9642,2.4562,0.0,0.0,0.0,0.0,0.0,0,0,0,Not applicable as the project or activity is site specific,,NO,NO,NO,2026-08-28T06:31:00.015+00:00,,,,,,,,,,,,,,,,,,,,,,,,,,,,,,,,,,,,,,,,,,,,,,Gomati,"Forest: 1741 (2/4), 2431 (2/65), 2421(2/65), 2420 (4/9), 2410 (2/6) Non-Forest: 2453 (856/1), 2454&2455 (483),  2457 (767), 2457/6751 (1321), 2457 (1322), 2457/6752 (1323), 1780/6517 (1023), 1777 (488), 1727&1729 (1473), 1730/6563&1730 (1/100), 1766 (1/63), 1767&1768 (1/64)",https://parivesh.nic.in/dms/okm/downloadDocument?docTypemappingId=40829&refId=1239478449&refType=caf&uuid=23516280-47f9-4f37-abee-700d52e1721e&version=1.0,272248,https://parivesh.nic.in/newupgrade/#/report/ec?proposalId=1239538111,30.0,60.0
1239969398,"""Diversion of Forest Land for the work of Improvement/ Strengthening of road from L-401 NH-44A to Dhanyaram Para JB School under PM JANAMAN Yojana under DFO Dhalai"".",New,FP/TR/ROAD/590963/2026,2026-09-02T10:11:04.650+00:00,,Pending at UA due to EDS by MS after PSC-I,6.574,587.31396,Public Works Department,,Forest clearance form,,,,"""Diversion of Forest Land for the work of Improvement/ Strengthening of road from L-401 NH-44A to Dhanyaram Para JB School under PM JANAMAN Yojana under DFO Dhalai"".",TRIPURA,Longtharai Valley,Manu Chhailengta Reserve Forest,,,241 230 210 207 190 169 110 194 193 191,Linear,0.203,6.371,6.574,0.0,0.0,0.0,0.0,0.0,0,0,0,Not applicable as the project or activity is site specific,,NO,NO,NO,2026-09-03T10:09:48.625+00:00,https://parivesh.nic.in/dms/okm/downloadDocument?docTypemappingId=59020&refId=1239969397&refType=fc&uuid=5fc482f2-fdc3-4783-84ec-e1f42a99e622&version=1.0,Degraded Forest Land,true,,,,,,,,,,,,,,,,,,,,,,,,,,,,,,,,,,,"Office of the Executive Engineer, Public Works Department, (R&B), LTV Division, Manu, Dhalai District of Tripura.",,16,State Government (Department/Autonomous body),Executive Engineer,,16,,Dhalai,241 230 210 207 190 169 110 194 193 191,https://parivesh.nic.in/dms/okm/downloadDocument?docTypemappingId=40829&refId=1239967691&refType=caf&uuid=d4a9c6ee-a6f2-41d8-97db-604995e28acd&version=1.0;https://parivesh.nic.in/dms/okm/downloadDocument?docTypemappingId=58989&refId=1239967691&refType=FC&uuid=cb8ebbf8-403a-4938-a481-e2a0ccf20013&version=1.0,272487,https://parivesh.nic.in/newupgrade/#/report/ec?proposalId=1239969398,5880.0,3560.0
1240462022,"Tripura Urban Livability Improvement Project (TULIP) – Improvement of Roads and Storm Water Drainage System in Jirania, Teliamura, Kamalpur and Panisagar Towns of Tripura: - “Development of road from Sajal Roy house to Sudha Ram Baisha house both side RCC drain and CC pavement Road, in Ward No. 15, Teliamura, Tripura",New,FP/TR/ROAD/591581/2026,2026-09-08T11:28:17.260+00:00,,Pending at DFO for Scrutiny and Recommendation,0.0616,6851209.0,Tripura Urban Planning and Development Authority,,Forest clearance form,,,,"Tripura Urban Livability Improvement Project (TULIP) – Improvement of Roads and Storm Water Drainage System in Jirania, Teliamura, Kamalpur and Panisagar Towns of Tripura: - “Development of road from Sajal Roy house to Sudha Ram Baisha house both side RCC drain and CC pavement Road, in Ward No. 15, Teliamura, Tripura",TRIPURA,Teliamura,TELIAMURA MC,,,117,Linear,0.0,0.0616,0.0616,0.0,0.0,0.0,0.0,0.0,0,0,0,NO,Existing Kachcha Rasta is available,NO,NO,NO,2026-09-17T16:30:42.238+00:00,,Non-forest Land,true,,,,,,,,,,,,,,,,,,,,,,,,,,,,,,,,,,,"Tripura Urban Planning & Development Authority, U.D. Bhawan, Sankuntala Road, Agartala","Tripura Urban Planning & Development Authority, U.D. Bhawan, Sankuntala Road, Agartala",16,State Government (Department/Autonomous body),Junior Engineer,,16,,Khowai,117,https://parivesh.nic.in/dms/okm/downloadDocument?docTypemappingId=40829&refId=1240441603&refType=caf&uuid=0d9c5278-f7bb-4da7-96e8-af5e682169c8&version=1.0;https://parivesh.nic.in/dms/okm/downloadDocument?docTypemappingId=58989&refId=1240441603&refType=FC&uuid=cd9a4f96-5a48-4abf-b73d-fb2b7217a455&version=1.0,0,https://parivesh.nic.in/newupgrade/#/report/ec?proposalId=1240462022,1260.0,730.0
1240486105,"Tripura Urban Livability Improvement Project (TULIP) – Improvement of Roads and Storm Water Drainage System in Jirania, Teliamura, Kamalpur and Panisagar Towns of Tripura: - “Development of road from Samir Gosh house to Dulal Das house both side RCC drain and CC pavement”, in Ward No. 15, Teliamura, Tripura.",New,FP/TR/ROAD/591611/2026,2026-09-09T00:46:19.767+00:00,,Pending at DFO for Scrutiny and Recommendation,0.0492,685.01209,Tripura Urban Planning and Development Authority,,Forest clearance form,,,,"Project Name: - ""Tripura Urban Livability Improvement Project (TULIP) – Improvement of Roads and Storm Water Drainage System in Jirania, Teliamura, Kamalpur and Panisagar Towns of Tripura: - “Development of road from Samir Gosh house to Dulal Das house both side RCC drain and CC pavement”, in Ward No. 15, Teliamura, Tripura.",TRIPURA,Teliamura,TELIAMURA MC,,,1,Linear,0.0,0.0492,0.0492,0.0,0.0,0.0,0.0,0.0,0,0,0,NO,Existing Kachha Track is Available,NO,NO,NO,2026-09-17T16:37:03.951+00:00,,Non-forest Land,true,,,,,,,,,,,,,,,,,,,,,,,,,,,,,,,,,,,"Tripura Urban Planning & Development Authority, U.D. Bhawan, Sankuntala Road, Agartala",Agartala,16,State Government (Department/Autonomous body),Junior Engineer,Agartala,16,,Khowai,1,https://parivesh.nic.in/dms/okm/downloadDocument?docTypemappingId=40829&refId=1240485957&refType=caf&uuid=1b5b9e54-1407-4722-834a-2e8bef5de6b7&version=1.0;https://parivesh.nic.in/dms/okm/downloadDocument?docTypemappingId=58989&refId=1240485957&refType=FC&uuid=332bcc43-e389-49da-8646-cc1e7bcade23&version=1.0,0,https://parivesh.nic.in/newupgrade/#/report/ec?proposalId=1240486105,1260.0,730.0
1240756004,"Tripura Urban Livability Improvement Project (TULIP) – Improvement of Roads and Storm Water Drainage System in Jirania, Teliamura, Kamalpur and Panisagar Towns of Tripura: - “Development of road from Ajit Sarkar house to Shishu Roy house both side RCC drain and protection wall, in Wad No. 15, Teliamura, Tripura",New,FP/TR/ROAD/591939/2026,2026-09-11T11:08:08.948+00:00,,Pending at DFO for Scrutiny and Recommendation,0.02,685.01209,Tripura Urban Planning and Development Authority,,Forest clearance form,,,,"Tripura Urban Livability Improvement Project (TULIP) – Improvement of Roads and Storm Water Drainage System in Jirania, Teliamura, Kamalpur and Panisagar Towns of Tripura: - “Development of road from Ajit Sarkar house to Shishu Roy house both side RCC drain and protection wall, in Wad No. 15, Teliamura, Tripura",TRIPURA,Teliamura,BRAHMACHHARA,,,"47, 57, 48 and 117",Linear,0.0023,0.0177,0.02,0.0,0.0,0.0,0.0,0.0,0,0,0,NO,Existing Kachha Track is Available,NO,NO,NO,2026-09-17T16:45:44.486+00:00,,Non-forest Land,true,,,,,,,,,,,,,,,,,,,,,,,,,,,,,,,,,,,"Tripura Urban Planning & Development Authority, U.D. Bhawan, Sankuntala Road, Agartala",Agartala,16,State Government (Department/Autonomous body),Juinor Engineer,Agartala,16,,Khowai,"47, 57, 48 and 117",https://parivesh.nic.in/dms/okm/downloadDocument?docTypemappingId=40829&refId=1240722306&refType=caf&uuid=e7b98bea-119b-43fd-b4f1-885aa192ad8b&version=1.0;https://parivesh.nic.in/dms/okm/downloadDocument?docTypemappingId=58989&refId=1240722306&refType=FC&uuid=d4188ce2-ec0b-478a-bd0e-c0f11a48fa9a&version=1.0,271963,https://parivesh.nic.in/newupgrade/#/report/ec?proposalId=1240756004,1260.0,730.0
1241004719,"Tripura Urban Livability Improvement Project (TULIP) – Improvement of Roads and Storm Water Drainage System in Jirania, Teliamura, Kamalpur and Panisagar Towns of Tripura: Sishu Ranjan Roy House to Bilwa Mongol Das house, in Ward No. 15, Teliamura, Tripura"", has been examined from social, technical, environmental, and economic considerations. During project planning and alignment finalization, due consideration was given to avoiding forest land to the extent technically and practically feasible.

In Teliamura Town,  Sishu Ranjan Roy House to Bilwa Mongol Das house, has been proposed substantially along the existing road alignments/Right of Way (RoW). The project has been designed to utilize the existing road corridors, thereby minimizing additional land requirement and avoiding or reducing disturbance to forest areas. The alignment and associated storm-water drainage works have been optimized considering existing site conditions, built-up areas, road geometry, connectivity requirements",New,FP/TR/ROAD/592233/2026,2026-09-15T11:20:28.584+00:00,,Pending at DFO for Scrutiny and Recommendation,0.015,685.01209,Tripura Urban Planning and Development Authority,,Forest clearance form,,,,"Tripura Urban Livability Improvement Project (TULIP) – Improvement of Roads and Storm Water Drainage System in Jirania, Teliamura, Kamalpur and Panisagar Towns of Tripura: - “Sishu Ranjan Roy House to Bilwa Mongol Das house, in Ward No. 15, Teliamura, Tripura",TRIPURA,Teliamura,Teliamura,,,1,Linear,0.0,0.015,0.015,0.0,0.0,0.0,0.0,0.0,0,0,0,NO,Existing Kachcha Track is already present,NO,NO,NO,2026-09-17T16:40:39.814+00:00,,Non-forest Land,true,,,,,,,,,,,,,,,,,,,,,,,,,,,,,,,,,,,"Tripura Urban Planning & Development Authority, U.D. Bhawan, Sankuntala Road, Agartala",Agartala,16,State Government (Department/Autonomous body),Junior Engineer,Agartala,16,,Khowai,1,https://parivesh.nic.in/dms/okm/downloadDocument?docTypemappingId=40829&refId=1241001519&refType=caf&uuid=44cfe25c-faf0-41d8-b98f-0abaf8032562&version=1.0;https://parivesh.nic.in/dms/okm/downloadDocument?docTypemappingId=58989&refId=1241001519&refType=FC&uuid=5f92eeb6-58ae-43cd-93e0-781a7d7eee2a&version=1.0,271966,https://parivesh.nic.in/newupgrade/#/report/ec?proposalId=1241004719,1260.0,730.0
1243090306,"Tripura Urban Livability Improvement Project (TULIP) Design, Build and Operate Contract for Comprehensive Water Supply Improvement Works in Bishalgarh, Sonamura, Santirbazar and Sabroom (Cluster IV A Towns) of Tripura: Reg. Forest Diversion for “Construction of 350 KLD Overhead water storage reservoir /Overhead Tank (OHT 1) in Ganjer Tilla (Ward no. 06) near powerhouse and Laying of 150.671m long water supply pipelines including 3.671 m long pipelaying inside the OHT area, in forest area"", has been examined from social, technical, environmental, and economic considerations. During project planning and alignment finalization, due consideration was given to avoiding forest land to the extent technically and practically feasible.
I",New,FP/TR/Pipeline/592998/2026,2026-09-22T14:40:51.249+00:00,,Pending at DFO for Scrutiny and Recommendation,0.0547,5466.75223,Tripura Urban Planning and Development Authority,,Forest clearance form,,,,"Tripura Urban Livability Improvement Project (TULIP) Design, Build and Operate Contract for Comprehensive Water Supply Improvement Works in Bishalgarh, Sonamura, Santirbazar and Sabroom (Cluster IV A Towns) of Tripura: Reg. Forest Diversion for “Construction of 350 KLD Overhead water storage reservoir /Overhead Tank (OHT 1) in Ganjer Tilla (Ward no. 06) near powerhouse and Laying of 150.671m long water supply pipelines, in forest area",TRIPURA,Santirbazar,SANTIR BAZAR,,,3413,Hybrid,0.0,0.0547,0.0547,0.0,0.0,0.0,0.0,0.0,0,0,0,Not applicable as the project or activity is site specific,,NO,NO,NO,2026-09-23T10:14:37.200+00:00,,Non-forest Land,true,,,,,,,,,,,,,,,,,,,,,,,,,,,,,,,,,,,"Tripura Urban Planning & Development Authority, U.D. Bhawan, Sankuntala Road, Agartala",Agartala,16,State Government (Department/Autonomous body),Junior Engineer,Agartala,16,,South Tripura,3413,https://parivesh.nic.in/dms/okm/downloadDocument?docTypemappingId=40829&refId=1241407505&refType=caf&uuid=9fe98189-4c55-4bc6-ac9d-12878532cde5&version=1.0;https://parivesh.nic.in/dms/okm/downloadDocument?docTypemappingId=58989&refId=1241407505&refType=FC&uuid=3a6c4d10-9636-42f4-93e8-42c95291391f&version=1.0,801528,https://parivesh.nic.in/newupgrade/#/report/ec?proposalId=1243090306,4745.0,7300.0
1244809066,Request to accord permission for drilling 01 (one) additional well as exploratory location namely TMAH as cluster locations from the existing drilled location TMAA at the diverted location of area measuring 2.82 Ha,New,FP/TR/REDIV/595026/2026,2026-10-09T12:22:02.723+00:00,,Pending at DFO for Scrutiny and Recommendation,2.82,7000.0,ONGC,,Form-E: Re-Diversion i) Land Use Change ii) Laying of Overhead/ Under Ground OFC/ drinking water pipeline/ slurry pipeline/ electric cable/ CNG/PNG within RoW,,,,"Proposal for Re-diversion of 2.82 Ha of Forest Land for Drilling of Additional Exploratory Well TMAH from Existing diverted land of RTM#1 (TMAA) at Mouja Baramura-Debtamura R.F., Silachari",TRIPURA,Sabroom,BARAMURA DEBTAMURA RESERVED FO,,,176,Non - Linear,0.0,2.82,2.82,0.0,0.0,0.0,0.0,0.0,0,0,0,Not applicable as the project or activity is site specific,,NO,NO,NO,2026-10-09T13:00:55.028+00:00,,,,,,,,,,,,,,,,,,,,,,,,,,,,,,,,,,,,,,"ONGC Tripura Asset
Badharghat, Agartala
Tripura ONGC Tripura Asset
Badharghat, Agartala
Tripura",Badharghat,16,Others,DGM-HR,Badharghat,16,,South Tripura,176,https://parivesh.nic.in/dms/okm/downloadDocument?docTypemappingId=40829&refId=1244801166&refType=caf&uuid=af1bd884-5951-4335-9254-237a3d285340&version=1.0,0,https://parivesh.nic.in/newupgrade/#/report/ec?proposalId=1244809066,30.0,40.0
