ID,Project Description,Proposal Type,Proposal Number,Application Date,Grant Date,Last Visible Status,Project Land Requirement (Hectares),Total Cost (Lakhs),Organization Name,EC Consultant,Description,Category,Project Category (Code),Project Category,Project Name,State,Sub District,Village,MoEFCC File,State File,Plot Nos,Shape of Project,Existing Non-Forest Land,Existing Forest Land,Existing Total Land,Additional Non-Forest Land,Additional Forest Land,Additional Total Land,Existing Cost,Expansion Cost,Villages Affected,Project Displaced Families,Project Affected Families,Alternative Site Examined,Alternative Site Description,Government Restriction,Litigation Pending,Violation Involved,Last Submission Date,Project Exemption Reason,District,Plot Number,KML URLs,Village Code,proposal_url,Employment (Construction),Employment (Operational)
840893,The proposed project is Agro and other intermediates Speciality Chemicals Manufacturing Plant that is covered under Category – 5 (f) & 5 (b) (One Product in 5b is Spiropidion (SPID)),New,IA/PY/IND3/401026/2022,2022-09-22T09:14:34.341+00:00,2022-12-07T08:14:10.233+00:00,TOR GRANTED,3.1485,60000.0,CHEMPLAST SANMAR LIMITED,,Environment clearance form,TOR,A,Synthetic organic chemicals industry,"Environment Clearance for Proposed Project for Custom Manufactured Chemicals Division (CMCD) of Chemplast Sanmar Limited at Village Melavanjore, T. R. Pattinam, Karaikal,  Puducherry UT by M/s. Chemplast Sanmar Limited",PUDUCHERRY,Karaikal Taluk,VANJIYUR,IA-J-11011/119/2022-IA-II(I),IA-J-11011/119/2022-IA-II(I),,Non - Linear,3.1485,0.0,3.1485,0.0,0.0,0.0,0.0,0.0,0,0,0,NO,"No alternate site was considered for the project because of the following reasons: Water: Chemplast Sanmar Limited (CSL) has decided to completely forego the use of ground water for any of its projects. This led to a choice of desalination plant to meet the entire water requirement of the operations. The proposed location being closer to sea, CSL proposes to set up a desalination plant to cater to its fresh water requirements and will apply as separate application. The proposed desalination plan",NO,NO,NO,2022-09-28T06:41:52.293+00:00,,Karaikal,,https://parivesh.nic.in/dms/okm/downloadDocument?docTypemappingId=40829&refId=833892&refType=caf&uuid=c42d0246-5ce3-4f75-af94-b69b85a9b04c&version=1.1,644994,https://parivesh.nic.in/newupgrade/#/report/ec?proposalId=840893,189800.0,116800.0
1787574,"M/s.Swathi Organic & Specialities Private Limited proposes to expand their facility by setting up a Polymer Manufacturing Facility within their Existing Facility located at A35, A36 & behind A33 part, A34 part, PIPDIC Industrial Estate, Mettupalayam, Oulgaret Municipality, Puducherry. 
The Company is also manufacturing specialty chemicals meant for various Textiles, Leather processing units, Hand sanitizers, disinfectant & repacking of Agro micronutrients.
The proposed project is located at Plot A35, A36 & Behind A33 part, A34 part PIPDIC Industrial Estate, Mettupalayam, Oulgaret Municipality, Puducherry, Tamil Nadu. The total plot area is 1.59 Acres. The project falls in SOI Topo sheet No. 57P/12,16 & 58M/9, 13 and lies between 11°56'49.04""N and 79°47'0.11"" E (Centre co-ordinates).",Expansion,IA/PY/IND3/408617/2022,2022-11-30T05:31:40.147+00:00,2023-02-24T00:00:00.000+00:00,EC Granted,0.643,668.0,SWATHI ORGANICS & SPECIALITIES PRIVATE LTD,,Environment clearance form,EC,A,,Proposed Polymerization plant within the Existing Facility,PUDUCHERRY,Ozhukarai Taluk,THATTANCHAVADY,IA-J-11011/504/2022-IA-II(I),IA-J-11011/504/2022-IA-II(I),,Linear,0.643,0.0,0.643,0.0,0.0,0.0,168.0,500.0,0,0,0,NO,"This is an expansion project within the existing facility,no alternative sites are considered.",NO,YES,NO,2022-12-01T08:17:31.560+00:00,Other,Puducherry,,https://parivesh.nic.in/dms/okm/downloadDocument?docTypemappingId=40829&refId=1748588&refType=caf&uuid=da45e026-d57e-43c7-a730-01654a074f8c&version=1.0,937517,https://parivesh.nic.in/newupgrade/#/report/ec?proposalId=1787574,0.0,21888.0
2041455,Acrylic polymers( solution & emulsion).Polyimide resin.,Expansion,WL/PY/INFRA/410875/2022,2022-12-15T12:39:28.328+00:00,,,0.643,668.0,SWATHI ORGANICS & SPECIALITIES PRIVATE LTD,,Wildlife clearance form,,,,PROPOSED POLYMERIZATION PLANT WITHIN THE EXISITNG FACILITY,PUDUCHERRY,Ozhukarai Taluk,OZHUKARAI,,,"A35/36 PIPDIC Industrial Estate, Mettupalayam",Linear,0.643,0.0,0.643,0.0,0.0,0.0,168.0,500.0,0,0,0,Not applicable as the project or activity is site specific,,NO,NO,NO,,,Puducherry,"A35/36 PIPDIC Industrial Estate, Mettupalayam",https://parivesh.nic.in/dms/okm/downloadDocument?docTypemappingId=40829&refId=1873324&refType=caf&uuid=62db4f78-0416-444e-9825-62366d908c9b&version=1.0;https://parivesh.nic.in/dms/okm/downloadDocument?docTypemappingId=59109&refId=2041454&refType=caf&uuid=d0ea36c2-27a7-48f7-b7c0-731d7f019755&version=1.3,937513,https://parivesh.nic.in/newupgrade/#/report/ec?proposalId=2041455,0.0,21888.0
3199424,"The proposed expansion project scope involves setting up of manufacturing plant of 4015.125 TPA existing sealants and proposed sealants, adhesives, lubricants, resins and R&D of Spur Polymer, Polyurethane Dispersion and Acrylic Emulsion  adjacent to the existing unit  having the land area of 16,633 sq m and the proposed project falls under Schedule 5 (f) Synthetic Organic Chemicals and Category B1.",Expansion,IA/PY/IND3/419215/2023,2023-02-21T09:08:49.737+00:00,2023-02-28T20:44:24.147+00:00,TOR GRANTED,0.093,3146.09,ANABOND LIMITED,,Environment clearance form,TOR,B1,Synthetic organic chemicals industry,"Proposed expansion of manufacturing facility of existing sealants and proposed sealants, adhesives, lubricants, resins and R&D of Spur Polymer, Polyurethane Dispersion and Acrylic Emulsion.",PUDUCHERRY,Villianur Taluk,THIRUBUVANAI,IA-J-11011/80/2023-IA-II(I),IA-J-11011/80/2023-IA-II(I),"RS No. 26/2 and 26/8, CAD No. 80, 81& 82",Linear,0.093,0.0,0.093,1.6633,0.0,1.6633,614.21,2531.88,0,0,0,Not applicable as the project or activity is site specific,,NO,NO,NO,2023-02-21T15:56:00.335+00:00,,Puducherry,"RS No. 26/2 and 26/8, CAD No. 80, 81& 82",https://parivesh.nic.in/dms/okm/downloadDocument?docTypemappingId=40829&refId=3197862&refType=caf&uuid=ea4f6256-a28d-41ba-90f1-cba74ff58537&version=1.0,644940,https://parivesh.nic.in/newupgrade/#/report/ec?proposalId=3199424,22500.0,15288.0
3798174,"Proposed Construction of Expansion of Guest Rooms and Infrastructure Buildings. in Plot/Survey No. R.S. No. 200pt, 201pt & 205pt, Valluvar Medu, Manapet Village, Bahour Commune Panchayat,  Puducherry by M/s. Mahindra Holidays & Resort India Ltd., Pudhuchery Union Territory. Total Land Area: 92,629.60sq.m (22.89 Acres). Ground coverage of Existing 5298.17Sq.m and proposed 5027.00Sq.m. Total Ground coverage 10325.17 Sq.m The project site is located near to Coastline of Bay of Bengal. Total built up area is 17249.82Sq.m (Exisitng 8161.820Sq.m and Proposed area is 9088.00Sq.m)",Expansion,IA/PY/CRZ/421413/2023,2023-03-09T04:30:58.065+00:00,,,9.26,5700.0,MAHINDRA HOLIDAYS AND RESORTS INDIA LIMITED,,CRZ clearance form,CRZ,,,Construction of Expansion of Guest Rooms and Infrastructure Buildings. Expansion,PUDUCHERRY,Bahour Taluk,MANAPATTU,,,"",Linear,9.26,0.0,9.26,0.0,0.0,0.0,2600.0,3100.0,0,0,0,NO,As it an expansion of the existing project,NO,NO,NO,2023-03-13T11:24:32.020+00:00,,Puducherry,"",https://parivesh.nic.in/dms/okm/downloadDocument?docTypemappingId=40829&refId=3797555&refType=caf&uuid=da6d9f26-7c3e-4c2d-ad5c-edebcaeef6a0&version=1.0,644979,https://parivesh.nic.in/newupgrade/#/report/ec?proposalId=3798174,73000.0,54750.0
4171981,"",Expansion,IA/PY/INFRA2/423328/2023,2023-03-24T11:35:11.810+00:00,2023-10-10T05:48:51.231+00:00,Withdrawal Request Accepted,13.9272,2132.89,THE MADRAS MEDICAL MISSION,Hubert Enviro Care Systems,Environment clearance form,TOR,B2,Building / Construction,"Proposed Expansion of Super Specialty Block, ETC Block, OPD Block, OPD Extension Block and proposed Health Sciences Building within Pondicherry Institute of Medical Sciences Premises",PUDUCHERRY,Ozhukarai Taluk,KALAPET,,,"7/1, 7/2, 7/3, 7/6, 7/7, 9/2, 9/3, 9/4, 9/5, 9/6, 9/7, 9/8, 9/9, 9/10, 10/1, 10/2, 10/4, 10/5, 10/6, 11/1, 11/2, 11/3, 11/4, 12/1, 12/2, 12/3, 12/4, 12/5, 12/6, 12/7, 12/8, 12/9, 12/10, 13/3",Linear,13.9272,0.0,13.9272,0.0,0.0,0.0,1890.53,242.36,0,0,0,Not applicable as the project or activity is site specific,,YES,NO,YES,2023-09-27T05:49:04.141+00:00,,Puducherry,"7/1, 7/2, 7/3, 7/6, 7/7, 9/2, 9/3, 9/4, 9/5, 9/6, 9/7, 9/8, 9/9, 9/10, 10/1, 10/2, 10/4, 10/5, 10/6, 11/1, 11/2, 11/3, 11/4, 12/1, 12/2, 12/3, 12/4, 12/5, 12/6, 12/7, 12/8, 12/9, 12/10, 13/3",https://parivesh.nic.in/dms/okm/downloadDocument?docTypemappingId=40829&refId=4126334&refType=caf&uuid=ec4626c2-3404-4321-b593-24138103c137&version=1.2,937516,https://parivesh.nic.in/newupgrade/#/report/ec?proposalId=4171981,9125.0,2351695.0
5857760,"The   project   is   already   developed   into Jawaharlal Institute of Postgraduate Medical Education and Research (JIPMER)  with total existing built up area is 3,40,739 Sq.m (hospital buildings -1,48,916.60 Sqm and Non hospital buildings - 1,91,822.40) and total proposed building with built up area is 49,479.7 Sq.m (Hospital Building – 23,917.8 Sq.m & Non Hospital building – 25561.9 Sq.m)  and Total builtup area After expansion is 3,90,218.7 Sq.m.",Expansion,WL/PY/INFRA/432124/2023,2023-06-03T09:48:12.695+00:00,,,77.726,139406.35,JIPMER,,Wildlife clearance form,,,,“Proposed Expansion and Modification in Existing Premises”,PUDUCHERRY,Ozhukarai Taluk,THATTANCHAVADY,,,,Non - Linear,77.726,0.0,77.726,0.0,0.0,0.0,139144.24,262.11,0,0,0,Not applicable as the project or activity is site specific,,NO,NO,YES,2023-07-08T09:23:11.084+00:00,,Puducherry,,https://parivesh.nic.in/dms/okm/downloadDocument?docTypemappingId=40829&refId=5829606&refType=caf&uuid=f54b3f27-5053-476d-8cd5-f9cd6ef5c575&version=1.0,937517,https://parivesh.nic.in/newupgrade/#/report/ec?proposalId=5857760,69000.0,7124435.0
5978360,The proposed project is Agro and other intermediates Speciality Chemicals Manufacturing Plant that is covered under Category – 5 (f) & 5 (b) (One Product in 5b is Spiropidion (SPID)),New,IA/PY/IND3/432721/2023,2023-06-08T11:43:59.642+00:00,2024-05-24T03:16:30.510+00:00,EC Granted,3.1485,60000.0,CHEMPLAST SANMAR LIMITED,,Environment clearance form,EC,A,,"Environment Clearance for Proposed Project for Custom Manufactured Chemicals Division (CMCD) of Chemplast Sanmar Limited at Village Melavanjore, T. R. Pattinam, Karaikal,  Puducherry UT by M/s. Chemplast Sanmar Limited",PUDUCHERRY,Karaikal Taluk,VANJIYUR,IA-J-11011/119/2022-IA-II(I),,,Non - Linear,3.1485,0.0,3.1485,0.0,0.0,0.0,0.0,0.0,0,0,0,NO,"No alternate site was considered for the project because of the following reasons: Water: Chemplast Sanmar Limited (CSL) has decided to completely forego the use of ground water for any of its projects. This led to a choice of desalination plant to meet the entire water requirement of the operations. The proposed location being closer to sea, CSL proposes to set up a desalination plant to cater to its fresh water requirements and will apply as separate application. The proposed desalination plan",NO,NO,NO,2023-09-11T13:33:18.741+00:00,Located within industrial estates,Karaikal,,https://parivesh.nic.in/dms/okm/downloadDocument?docTypemappingId=40829&refId=833892&refType=caf&uuid=c42d0246-5ce3-4f75-af94-b69b85a9b04c&version=1.1,644994,https://parivesh.nic.in/newupgrade/#/report/ec?proposalId=5978360,189800.0,116800.0
6714852,Production enhancement from 33000 TPA to 82500 TPA. The existing unit is an induction furnace based steel plant that produces MS Billets. The proposed expansion unit will also manufacture the MS Billets only. The unit has existing CTO from PCC and is applying for regularization of EC as per MOEF&CC S.O. 3250(E) dated 20-07-2022.,Expansion,IA/PY/IND1/436384/2023,2023-07-11T15:23:35.843+00:00,2023-07-25T10:15:51.303+00:00,Standard ToR Granted,1.4,2088.0,MEENAKSHI STEELS,ABC Techno Labs India Private Limited (formerly known as ABC Environ Solutions Pvt. Ltd.),Environment clearance form,TOR,B1,Metallurgical Industries (ferrous and non ferrous),"Proposed expansion of Meenakshi Steels from 100 TPD to 250 TPD of MS Billets at R.S. No. 14/5 of Thelampakkam Village, Suthukani Post, Mannadipet Commune, Puducherry",PUDUCHERRY,Villianur Taluk,THETHAMPAKKAM,IA-J-11011/265/2023-IA-II(IND-I),,14/5,Non - Linear,1.4,0.0,1.4,0.0,0.0,0.0,1388.0,700.0,0,0,0,Not applicable as the project or activity is site specific,,NO,NO,NO,2023-07-22T15:43:00.521+00:00,,Puducherry,14/5,https://parivesh.nic.in/dms/okm/downloadDocument?docTypemappingId=40829&refId=6714768&refType=caf&uuid=1fd36ea7-1687-4f79-b66e-0ef6e884357b&version=1.0,644929,https://parivesh.nic.in/newupgrade/#/report/ec?proposalId=6714852,4500.0,42900.0
6736129,"The   project   is   already   developed   into Jawaharlal Institute of Postgraduate Medical Education and Research (JIPMER)  with total existing built up area is 3,40,739 Sq.m (hospital buildings -1,48,916.60 Sqm and Non hospital buildings - 1,91,822.40) and total proposed building with built up area is 49,479.7 Sq.m (Hospital Building – 23,917.8 Sq.m & Non Hospital building – 25561.9 Sq.m)  and Total builtup area After expansion is 3,90,218.7 Sq.m.",Expansion,WL/PY/INFRA/436474/2023,2023-07-12T09:53:13.545+00:00,,,77.76,165355.24,JIPMER,,Wildlife clearance form,,,,“Proposed expansion and modifications in existing premises of Jawaharlal Institute of Postgraduate Medical Education and Research (JIPMER)”,PUDUCHERRY,Ozhukarai Taluk,THATTANCHAVADY,,,"213/1, 218 Part, 228 Part",Non - Linear,77.76,0.0,77.76,0.0,0.0,0.0,139144.24,26211.0,0,0,0,Not applicable as the project or activity is site specific,,NO,NO,YES,2023-07-13T14:16:11.837+00:00,,Puducherry,"213/1, 218 Part, 228 Part",https://parivesh.nic.in/dms/okm/downloadDocument?docTypemappingId=40829&refId=6728109&refType=caf&uuid=91ad6876-66a1-48ce-94bd-7a6fe4805c0d&version=1.1,937517,https://parivesh.nic.in/newupgrade/#/report/ec?proposalId=6736129,69000.0,7124435.0
6773207,"Production enhancement from 33000 TPA to 82500 TPA. The existing unit is hot rolling type rolling mill that produces MS Rounds, Tore Steels, Rerolled products (MS Angles/Channels). The proposed expansion unit will also manufacture the MS Rounds, Tore Steels, Rerolled products (MS Angles/Channels) only. The unit has existing CTO from PCC and is applying for regularization of EC as per MOEF&CC S.O. 3250(E) dated 20-07-2022.",Expansion,IA/PY/IND1/436622/2023,2023-07-13T11:23:01.194+00:00,2023-07-26T07:12:20.001+00:00,Standard ToR Granted,1.53,369.09,MEENAKSHI INDUSTRIES,ABC Techno Labs India Private Limited (formerly known as ABC Environ Solutions Pvt. Ltd.),Environment clearance form,TOR,B1,Metallurgical Industries (ferrous and non ferrous),"Proposed Expansion of Meenakshi Industries from 100 TPD to 250 TPD of MS Rounds, Tore Steels, Rerolled products (MS Angles/Channels) at R.S. No. 13/8, 13/9 of Thelampakkam Village, Suthukani Post, Mannadipet Commune, Puducherry",PUDUCHERRY,Villianur Taluk,THETHAMPAKKAM,IA-J-11011/263/2023-IA-II(IND-I),,"13/8, 13/9",Non - Linear,1.53,0.0,1.53,0.0,0.0,0.0,169.09,200.0,0,0,0,Not applicable as the project or activity is site specific,,NO,NO,NO,2023-07-22T16:22:20.341+00:00,,Puducherry,"13/8, 13/9",https://parivesh.nic.in/dms/okm/downloadDocument?docTypemappingId=40829&refId=6772575&refType=caf&uuid=e039d2c2-1752-493b-bcac-f1a66d68080a&version=1.0,644929,https://parivesh.nic.in/newupgrade/#/report/ec?proposalId=6773207,4500.0,42900.0
6786904,"Expansion of Caustic Soda in the existing manufacturing plant located at R.S NO. 33 (part), 34 (part), 36 (part), 37 (part), 38 (part), 39 (part), 40 (part), 42 (part), 43(part), 44(part), Vanjore Village, T.R Pattinam Commune, Karaikal  – 609602",Expansion,IA/PY/IND3/436691/2023,2023-07-14T06:34:56.217+00:00,2023-09-10T09:07:25.936+00:00,Standard ToR Granted,16.188,61400.0,CHEMPLAST SANMAR LIMITED,"Aqua Air Environmental Engineers Pvt Ltd, Surat",Environment clearance form,TOR,A,Chlor-alkali industry,Expansion of Caustic Soda Manufacturing Unit of Chemplast Sanmar Limited-Karaikal,PUDUCHERRY,Karaikal Taluk,VANJIYUR,J-11011/24/96-IA.II (I),,,Non - Linear,16.188,0.0,16.188,0.0,0.0,0.0,36400.0,25000.0,0,0,0,Not applicable as the project or activity is site specific,,NO,NO,NO,2023-08-22T09:57:08.934+00:00,,Karaikal,,https://parivesh.nic.in/dms/okm/downloadDocument?docTypemappingId=40829&refId=6783148&refType=caf&uuid=41cec2a8-93f9-4263-baf3-2f08a3244a4c&version=1.0;https://parivesh.nic.in/dms/okm/downloadDocument?docTypemappingId=40829&refId=52740210&refType=caf&uuid=229db960-47fc-4f58-aaa0-884f9cc0329e&version=1.0,644994,https://parivesh.nic.in/newupgrade/#/report/ec?proposalId=6786904,3850.0,36600.0
52739482,"The Proposal is for Amendment in Granted TORs vide Letter No. J-11011/24/96-IA. II (I) & Identification No. TO23A1601PY5144830N dated 10/09/2023 for Expansion of Caustic Soda in the existing manufacturing plant located at R.S NO. 33 (part), 34 (part), 36 (part), 37 (part), 38 (part), 39 (part), 40 (part), 42 (part), 43(part), 44(part), Vanjore Village, T.R Pattinam Commune, Karaikal  – 609602",Amendment,IA/PY/IND3/465603/2024,2023-07-14T06:34:56.217+00:00,2024-07-30T13:17:10.674+00:00,ToR Granted,15.79,66400.0,CHEMPLAST SANMAR LIMITED,"Aqua Air Environmental Engineers Pvt Ltd, Surat",Application for amendment in ToR (for categories A & B1)/Amendment in EC (for category B2)- Form-3,OTHER,A,Thermal Power Plants,Expansion of Caustic Soda Manufacturing Unit of Chemplast Sanmar Limited-Karaikal,PUDUCHERRY,Karaikal Taluk,VANJIYUR,J-11011/24/96-IA.II (I),,,Non - Linear,15.79,0.0,15.79,0.0,0.0,0.0,36400.0,30000.0,0,0,0,Not applicable as the project or activity is site specific,,NO,NO,NO,2024-03-15T06:38:08.923+00:00,,Karaikal,,https://parivesh.nic.in/dms/okm/downloadDocument?docTypemappingId=40829&refId=52740210&refType=caf&uuid=229db960-47fc-4f58-aaa0-884f9cc0329e&version=1.0;https://parivesh.nic.in/dms/okm/downloadDocument?docTypemappingId=40829&refId=6783148&refType=caf&uuid=41cec2a8-93f9-4263-baf3-2f08a3244a4c&version=1.0,644994,https://parivesh.nic.in/newupgrade/#/report/ec?proposalId=52739482,3850.0,36600.0
6851166,"Proposal for Amendment in Granted TORs vide Letter No. J-11011/24/96-IA. II (I) & Identification No. TO23A2301PY5752772N Dated 21/09/2023 for Expansion of EDC in the existing manufacturing plant located at R.S NO. 33 (part), 34 (part), 36 (part), 37 (part), 38 (part), 39 (part), 40 (part), 42 (part), 43(part), 44(part), Vanjore Village, T.R Pattinam Commune, Karaikal - 609602",Expansion,IA/PY/IND2/436960/2023,2023-07-17T06:17:05.817+00:00,2023-09-21T04:38:36.373+00:00,ToR Granted,15.79,61400.0,CHEMPLAST SANMAR LIMITED,"Aqua Air Environmental Engineers Pvt Ltd, Surat",Environment clearance form,TOR,A,Chlor-alkali industry,Expansion of EDC Manufacturing Unit of Chemplast Sanmar Limited-Karaikal,PUDUCHERRY,Karaikal Taluk,VANJIYUR,J-11011/24/96-IA.II (I),,,Non - Linear,15.79,0.0,15.79,0.0,0.0,0.0,36400.0,25000.0,0,0,0,Not applicable as the project or activity is site specific,,NO,NO,NO,2023-08-22T09:32:28.280+00:00,,Karaikal,,https://parivesh.nic.in/dms/okm/downloadDocument?docTypemappingId=40829&refId=6850429&refType=caf&uuid=b8c7fe87-6441-4a27-a9ab-3db2443352e0&version=1.0;https://parivesh.nic.in/dms/okm/downloadDocument?docTypemappingId=40829&refId=6850429&refType=caf&uuid=2a957db9-cf84-4ca3-854f-a84bb6a9d7ad&version=1.0,644994,https://parivesh.nic.in/newupgrade/#/report/ec?proposalId=6851166,3850.0,36600.0
39750481,"Proposal for Amendment in Granted TORs vide Letter No. J-11011/24/96-IA. II (I) & Identification No. TO23A2301PY5752772N Dated 21/09/2023 for Expansion of EDC in the existing manufacturing plant located at R.S NO. 33 (part), 34 (part), 36 (part), 37 (part), 38 (part), 39 (part), 40 (part), 42 (part), 43(part), 44(part), Vanjore Village, T.R Pattinam Commune, Karaikal - 609602",Expansion,IA/PY/IND2/459318/2024,2023-07-17T06:17:05.817+00:00,2024-06-18T06:14:15.752+00:00,ToR Granted,15.79,61400.0,CHEMPLAST SANMAR LIMITED,"Aqua Air Environmental Engineers Pvt Ltd, Surat",Application for amendment in ToR (for categories A & B1)/Amendment in EC (for category B2)- Form-3,OTHER,A,Thermal Power Plants,Expansion of EDC Manufacturing Unit of Chemplast Sanmar Limited-Karaikal,PUDUCHERRY,Karaikal Taluk,VANJIYUR,J-11011/24/96-IA.II (I),,,Non - Linear,15.79,0.0,15.79,0.0,0.0,0.0,36400.0,25000.0,0,0,0,Not applicable as the project or activity is site specific,,NO,NO,NO,2024-03-14T12:23:20.408+00:00,,Karaikal,,https://parivesh.nic.in/dms/okm/downloadDocument?docTypemappingId=40829&refId=6850429&refType=caf&uuid=b8c7fe87-6441-4a27-a9ab-3db2443352e0&version=1.0;https://parivesh.nic.in/dms/okm/downloadDocument?docTypemappingId=40829&refId=6850429&refType=caf&uuid=2a957db9-cf84-4ca3-854f-a84bb6a9d7ad&version=1.0,644994,https://parivesh.nic.in/newupgrade/#/report/ec?proposalId=39750481,3850.0,36600.0
6884783,"roposed regularization of the existing Induction Furnace - 56,000 TPA Capacity & Rolling Mill -39,600 TPA Capacity as per Notificaiton issued by MoEF&CC, New Delhi vid no. S.O. 3250 (E) dt. 20th July 2022.",New,IA/PY/IND1/437124/2023,2023-07-18T06:38:17.313+00:00,,DELISTED_BY_SYSTEM,3.4,825.0,PULKIT METALS PRIVATE LIMITED,Pioneer Enviro Consultants Private Limited,Environment clearance form,TOR,B1,Metallurgical Industries (ferrous and non ferrous),"Proposed regularization of the existing Induction Furnace - 56,000 TPA Capacity & Rolling Mill -39,600 TPA Capacity as per Notificaiton issued by MoEF&CC, New Delhi vid no. S.O. 3250 (E) dt. 20th July 2022",PUDUCHERRY,Bahour Taluk,ERIPAKKAM,IA-J-11011/270/2023-IA-II(IND-I),,"R.S.No. 94/2,3,4,&95/1pt,2,3,&4 Eripakkam Village, Nettapakkam Commune, Panducherry",Hybrid,3.4,0.0,3.4,0.0,0.0,0.0,0.0,0.0,0,0,0,NO,"Not applicable, as present proposal is regularization of the existing Induction Furnace - 56,000 TPA Capacity & Rolling Mill -39,600 TPA Capacity as per Notificaiton issued by MoEF&CC, New Delhi vid no. S.O. 3250 (E) dt. 20th July 2022",NO,NO,NO,2023-07-18T10:48:22.701+00:00,,Puducherry,"R.S.No. 94/2,3,4,&95/1pt,2,3,&4 Eripakkam Village, Nettapakkam Commune, Panducherry",https://parivesh.nic.in/dms/okm/downloadDocument?docTypemappingId=40829&refId=6884473&refType=caf&uuid=0fba127f-2fcb-4745-8bb9-c679dc4d26b2&version=1.0,644963,https://parivesh.nic.in/newupgrade/#/report/ec?proposalId=6884783,0.0,52700.0
6939142,"PIPDIC Industrial Estate, M S I Area., Mettupalayam.,Pondicherry  605009",New,IA/PY/IND1/437367/2023,2023-07-19T11:43:17.903+00:00,,DELISTED_BY_SYSTEM,2.68,70.0,SUMANGALA STEEL PRIVATE LIMITED,Eco Tech Labs Pvt. Ltd.,Environment clearance form,TOR,B1,Metallurgical Industries (ferrous and non ferrous),Existing Steel Melting Shop & Steel Rolling Mill in the unit M/s. Sumangala Steel Private Limited,PUDUCHERRY,Ozhukarai Taluk,THATTANCHAVADY,IA-J-11011/288/2023-IA-II(IND-I),,,Non - Linear,2.68,0.0,2.68,0.0,0.0,0.0,0.0,0.0,0,0,0,Not applicable as the project or activity is site specific,,NO,NO,NO,2023-07-19T13:08:12.454+00:00,,Puducherry,,https://parivesh.nic.in/dms/okm/downloadDocument?docTypemappingId=40829&refId=6931927&refType=caf&uuid=a0b4c803-6038-48d6-aab7-8a1320b5ac41&version=1.0,937517,https://parivesh.nic.in/newupgrade/#/report/ec?proposalId=6939142,106000.0,595000.0
6945174,It is an existing steel melting shop and Steel Rolling Mill company,New,IA/PY/IND1/437395/2023,2023-07-19T13:28:24.752+00:00,,DELISTED_BY_SYSTEM,1.618,6991.49,JBA METAL COMPANY,Eco Tech Labs Pvt. Ltd.,Environment clearance form,TOR,B1,Metallurgical Industries (ferrous and non ferrous),Existing Steel Melting Shop & Steel Rolling Mill in the unit of M/s. JBA Metal Company,PUDUCHERRY,Villianur Taluk,THONDAMANATHAM,IA-J-11011/290/2023-IA-II(IND-I),,"6/1, 6/2, 136/7",Hybrid,1.618,0.0,1.618,0.0,0.0,0.0,0.0,0.0,0,0,0,Not applicable as the project or activity is site specific,,NO,NO,NO,2023-07-19T14:21:51.836+00:00,,Puducherry,"6/1, 6/2, 136/7",https://parivesh.nic.in/dms/okm/downloadDocument?docTypemappingId=40829&refId=6944925&refType=caf&uuid=d5c0e8cd-4377-46c2-9b93-b173fa54d0b4&version=1.0,0,https://parivesh.nic.in/newupgrade/#/report/ec?proposalId=6945174,106000.0,595000.0
8028669,"Proposed regularization of the existing Rolling Mill - 39,600 TPA (through hot charging) along with Induction Furnace - 56,000 TPA Capacity as per Notification issued by MoEF&CC, New Delhi vide no. S.O.3250(E) dt 20th  July 2022 & S.O. 3372 (E) dt. 26th  July 2023 (amended)",New,SIA/PY/IND1/440618/2023,2023-08-17T06:19:14.147+00:00,,TOR GRANTED,3.4,825.0,PULKIT METALS PRIVATE LIMITED,Pioneer Enviro Consultants Private Limited,Environment clearance form,TOR,B1,Metallurgical Industries (ferrous and non ferrous),"Proposed regularization of the existing Rolling Mill - 39,600 TPA (through hot charging) along with Induction Furnace - 56,000 TPA Capacity as per Notification issued by MoEF&CC, New Delhi vide no. S.O.3250(E) dt 20th  July 2022 & S.O. 3372 (E) dt. 26th  July 2023 (amended)",PUDUCHERRY,Bahour Taluk,ERIPAKKAM,440618/SEIAA/PY/IND1/EE/2023,440618/SEIAA/PY/IND1/EE/2023,"located R.S.No. 94/2 3,4 & 95/1pt,2,3, 4 Eripakkam Village, Nettapakkam Commune,Pondicherry District, Union Territory of Puducherry",Hybrid,3.4,0.0,3.4,0.0,0.0,0.0,0.0,0.0,0,0,0,NO,"Not applicable, as present proposal is regularization of the existing Rolling Mill - 39,600 TPA (through hot charging) along with Induction Furnace - 56,000 TPA Capacity as per Notification issued by MoEF&CC, New Delhi vide no. S.O.3250(E) dt 20th  July 2022 & S.O. 3372 (E) dt. 26th  July 2023 (amended)",NO,NO,NO,2023-08-17T12:07:59.379+00:00,,Puducherry,"located R.S.No. 94/2 3,4 & 95/1pt,2,3, 4 Eripakkam Village, Nettapakkam Commune,Pondicherry District, Union Territory of Puducherry",https://parivesh.nic.in/dms/okm/downloadDocument?docTypemappingId=40829&refId=8027434&refType=caf&uuid=2c9d4755-a5fa-4414-a2b3-c4ce376c668e&version=1.0,644963,https://parivesh.nic.in/newupgrade/#/report/ec?proposalId=8028669,0.0,52700.0
8032493,This is proposed establishment of Integrated Common Hazardous Waste Treatment Storage Disposal Facility (ICHWTSDF),Amendment,IA/PY/INFRA2/440640/2023,2023-08-17T07:20:29.502+00:00,2023-11-02T12:42:37.336+00:00,EC Granted,10.92,3500.0,RE SUSTAINABILITY IWM SOLUTIONS LIMITED,,Environment clearance form,EC,A,,"Establishment of Integrated Common  Hazardous Waste Treatment Storage Disposal and Recycling Facility  (ICHWTSDRF) at Village Polagam, District Karaikal, Pondicherry by M/s.  Karaikal Waste Management Project (a unit division of M/s. Re  Sustainability IWM Solution Ltd)",PUDUCHERRY,Karaikal Taluk,POLAGAM,21-65/2022-IA.III,,"Survey No’s: B-44 pt., B-38, B-29, B-33, B-26, B-30, A-195, E-3, C-20, B-62, A-10, A-14, A-21, B-48, A-173, A-162, B-2, A-179, A-171 pt., B-63, B-47 pt., A-178, B-9 pt., B-21 pt., B-1 pt., A-190pt., B-14 pt., B-17 pt. & B-16 pt",Non - Linear,10.92,0.0,10.92,0.0,0.0,0.0,0.0,0.0,0,0,0,NO,The project site is located with Notified Industrial Growth Centre under PIPDIC,NO,NO,NO,2023-08-25T07:36:24.536+00:00,Located within industrial estates,Karaikal,"Survey No’s: B-44 pt., B-38, B-29, B-33, B-26, B-30, A-195, E-3, C-20, B-62, A-10, A-14, A-21, B-48, A-173, A-162, B-2, A-179, A-171 pt., B-63, B-47 pt., A-178, B-9 pt., B-21 pt., B-1 pt., A-190pt., B-14 pt., B-17 pt. & B-16 pt",https://parivesh.nic.in/dms/okm/downloadDocument?docTypemappingId=40829&refId=6525477&refType=caf&uuid=e78894a8-b5ed-4084-8797-8adaaf983617&version=1.0,644993,https://parivesh.nic.in/newupgrade/#/report/ec?proposalId=8032493,16925.0,16455.0
17839581,Hospital Projects,New,SIA/PY/INFRA2/449250/2023,2023-10-18T04:44:29.597+00:00,2024-07-31T11:29:40.730+00:00,EC Granted,13.9,45105.0,JAWAHARLAL INSTITUTE OF POSTGRADUATE MEDICAL EDUCATION AND RESEARCH,AGS Environmental Services Pvt. Ltd.,Environment clearance form,TOR,B2,Building / Construction,Construction of 476 no.s regular bedded & 81 no.s Non-Complementary Bedded Hospital,PUDUCHERRY,Karaikal Taluk,KARAIKAL,449250/SEIAA/PDY/EE/2023,449250/SEIAA/PDY/EE/2023,,Non - Linear,13.9,0.0,13.9,0.0,0.0,0.0,0.0,0.0,0,0,0,Not applicable as the project or activity is site specific,,NO,NO,NO,2023-10-23T10:01:07.507+00:00,,Karaikal,,https://parivesh.nic.in/dms/okm/downloadDocument?docTypemappingId=40829&refId=17620882&refType=caf&uuid=10ca1fdf-4ee8-4fce-be19-353ea925b841&version=1.0,804040,https://parivesh.nic.in/newupgrade/#/report/ec?proposalId=17839581,127750.0,179215.0
29455351,"The Proposed project is for secondary-treated wastewater Laying pipelines with a total length of 11514.73 m from Karuvadikuppam (Puducherry) to Kalapet (Puducherry) via ECR road (passing through the states of Puducherry & Tamil Nadu) will transfer secondary-treated wastewater via pipeline from the located in Sewerage Treatment Plant (STP) of PHD/PWD at Lawspet in Puducherry to M/s. Chemfab Alkalis Limited, Kalapet, Puducherry. The Pipeline length falling under CRZ is 11514.73 m.",New,IA/PY/CRZ/454423/2023,2023-12-05T09:54:10.974+00:00,,DELISTED_BY_SYSTEM,0.72,469.0,Public Works Department,,CRZ clearance form,CRZ,,,"Providing and Laying pumping main from the Sewerage Treatment Plant(STP) of PHD/PWD,Lawspet,Puducherry to M/s.Chemfab Alkalis Limited, Kalapet, Puducherry for transporting/conveying Secondary Treatment Effluent Water (STEW) for Industrial reuse",PUDUCHERRY,Ozhukarai Taluk,KARUVADIKUPPAM,11/3/2024-IA.III,591/DSTE/PCZMA/CRZ/CLR/SCI/2023,,Non - Linear,0.72,0.0,0.72,0.0,0.0,0.0,0.0,0.0,0,0,0,Not applicable as the project or activity is site specific,,NO,NO,NO,2023-12-06T10:10:27.465+00:00,,Puducherry,,https://parivesh.nic.in/dms/okm/downloadDocument?docTypemappingId=40829&refId=29454601&refType=caf&uuid=8690bf42-899b-4db5-9eae-75b4034e1de9&version=1.0,804036,https://parivesh.nic.in/newupgrade/#/report/ec?proposalId=29455351,2000.0,0.0
30979811,"M/s. Kannappan Iron and Steel Company Pvt. Ltd. is an existing project located at R.S. 10/2, in Nagoor Main Road, Melavanjore. T.R Pattinam, Karaikal, Pondicherry UT, India. . The project is currently manufactured MS Ingots/Billets with production capacity of 18000 TPA and Re-Rolling products with production capacity of 18000 TPA with a valid consent order from Pondicherry Pollution Control Committee.
Now, the Project proponent applied Environmental Clearance. Hence the project comes under Schedule No. 3 (a) Metallurgical industries (ferrous & non-ferrous).However, Pondicherry UT State -Tamil Nadu Interstate Boundary is located at ~0.12km (W) from the project site so project is attracting General Conditions of EIA Notifications 2006 and its amendments, the project treated as A, the project will be appraised by the EAC Delhi.",New,IA/PY/IND1/455109/2023,2023-12-11T11:51:01.453+00:00,2024-01-15T07:11:52.974+00:00,Withdrawal Request Accepted,2.81,607.5,KANNAPPAN IRON AND  STEEL COMPANY PRIVATE LIMITED,EHS360 Labs Private Limited,Environment clearance form,TOR,A,Metallurgical Industries (ferrous and non ferrous),Proposed Environmental Clearance for the Existing Steel Melting Plant to manufacturing MS Ingots/Billets 18000 TPA and Re-Rolling Mill for 18000 TPA (Re Rolling Products),PUDUCHERRY,Karaikal Taluk,VANJIYUR,IA-J-11011/3/2024-IA-II(IND-I),,R.S. No. 10/1,Linear,2.81,0.0,2.81,0.0,0.0,0.0,0.0,0.0,0,0,0,Not applicable as the project or activity is site specific,,NO,NO,NO,2023-12-30T11:04:47.188+00:00,,Karaikal,R.S. No. 10/1,https://parivesh.nic.in/dms/okm/downloadDocument?docTypemappingId=40829&refId=30976704&refType=caf&uuid=39a3ef46-f44a-48c5-8d51-375b6ada48cb&version=1.0,644994,https://parivesh.nic.in/newupgrade/#/report/ec?proposalId=30979811,0.0,54020.0
37046853,"M/s Kannappan Iron and Steel Company Pvt.L td is an existing project located at R.S. 10/2, in Nagoor Main Road, Melavanjore. T.R Pattinam, Karaikal Pondicherry, India. The Project proponent is currently manufacturing MS Ingots/MS Billets with production capacity of 18000TPA and rerolling products with the production capacity of 18000 TPA with Valid Consent order from Pondicherry pollution control committee.
Now, The PP applied an Environmental Clearance  which comes under Schedule no 3(a) Metallurgical Industry (Ferrous & Non Ferrous). However the Pondicherry UT - Tamilnadu Interstate boundary is located at ~0.12 Km W from the project site, So the project attracts general conditions of EIA notification 2006 and its amendments, The Project treated as 'A' Category and the project will be appraised by the EAC New Delhi.",New,IA/PY/IND1/457902/2024,2024-01-06T10:29:39.838+00:00,,DELISTED_BY_SYSTEM,3.25,607.5,KANNAPPAN IRON AND  STEEL COMPANY PRIVATE LIMITED,Ecomen Mining Pvt. Ltd. (formerly known as Ecomen Laboratories Pvt Ltd.),Environment clearance form,TOR,A,Metallurgical Industries (ferrous and non ferrous),Proposed Environmental Clearance for the Existing Steel Melting Plant to manufacturing MS Ingots/Billets 18000 TPA and Re-Rolling Mill for 18000 TPA (Re Rolling Products),PUDUCHERRY,Karaikal Taluk,VANJIYUR,IA-J-11011/16/2024-IA-II(IND-I),,10/1,Linear,3.25,0.0,3.25,0.0,0.0,0.0,0.0,0.0,0,0,0,Not applicable as the project or activity is site specific,,NO,NO,NO,2024-05-11T11:45:58.449+00:00,,Karaikal,10/1,https://parivesh.nic.in/dms/okm/downloadDocument?docTypemappingId=40829&refId=37046139&refType=caf&uuid=ab87a88a-da29-41f7-9449-e0ee95fb20f1&version=1.0,644994,https://parivesh.nic.in/newupgrade/#/report/ec?proposalId=37046853,0.0,54020.0
39499182,Existing Steel Melting Plant & Rolling Mill having production capacity of MS Billets from 150000 TPA and TMT Bars of 136000 TPA,New,IA/PY/IND1/459197/2024,2024-01-18T11:33:57.308+00:00,,DELISTED_BY_SYSTEM,2.6871,70.0,SUMANGALA STEEL PRIVATE LIMITED,Eco Tech Labs Pvt. Ltd.,Environment clearance form,TOR,B1,Metallurgical Industries (ferrous and non ferrous),"Environmental clearance for the existing Steel Melting Plant & Rolling Mill having production capacity of MS Billets from 150000 TPA and TMT Bars of 136000 TPA using Induction Furnace (1 x 12 T & 1 x 25 T) capacity by M/s. Sumangala Steel Private Limited located at PIPDIC Industrial Estate, M S I Area, Mettupalayam, Pondicherry-605009.",PUDUCHERRY,Ozhukarai Taluk,THATTANCHAVADY,,,,Non - Linear,2.6871,0.0,2.6871,0.0,0.0,0.0,0.0,0.0,0,0,0,NO,This is a existing plant,NO,NO,NO,2024-01-18T13:23:45.191+00:00,,Puducherry,,https://parivesh.nic.in/dms/okm/downloadDocument?docTypemappingId=40829&refId=39492351&refType=caf&uuid=5efc3ae0-8375-4eda-a121-39b2d0cb9241&version=1.0,937517,https://parivesh.nic.in/newupgrade/#/report/ec?proposalId=39499182,6000.0,146640.0
48521970,"Proposed construction of two storied residential building (1-dwelling unit) with stilt floor after demolishing the existing building located at R.S.No.239pt, T.S. No. 55, Ward-C, Block No. 17, Door No.8, Perumal Koil Street, Puducherry Revenue Village, Puducherry Municipality, Puducherry-605001. The total land area is 914.50 (Square feet), with a plot value and building construction value estimated after completion of Rs. 74,20,810 (Rupees Seventy-Four lakhs Twenty thousand and eight hundred ten for building and land value after completion). Land description: East-West, towards northern side 3-meter 70 cm, towards southern side 4-meter 50 cm, square feet of land are required for CRZ-II clearance. South-North, towards bottom side 20-meter 90 cm, towards upper side 20-meter 70 cm, totally 85 Square meter or 914.50 Square feet of land is required for CRZ-II clearance.",New,IA/PY/CRZ/463560/2024,2024-02-21T06:30:00.388+00:00,,Recommend to Town Planner Authority,0.0085,7420810.0,ARUNAGIRY SASSICOUMARY,,CRZ clearance form,CRZ,,,Proposed construction of two storied residential building (1-dwelling  unit) with stilt floor after demolishing the existing building,PUDUCHERRY,Puducherry Taluk,PONDICHERRY(PUDUCHCHERI),,4777/PCZMA/parivesh/CRZ/SCI/2024,,Non - Linear,0.0085,0.0,0.0085,0.0,0.0,0.0,0.0,0.0,0,0,0,NO,Own plot Two storied residential building work,NO,NO,NO,2024-02-21T08:01:31.230+00:00,,Puducherry,,https://parivesh.nic.in/dms/okm/downloadDocument?docTypemappingId=40829&refId=48503117&refType=caf&uuid=7092ebd0-e457-4f06-95de-797dda56958a&version=1.0,804036,https://parivesh.nic.in/newupgrade/#/report/ec?proposalId=48521970,730.0,735.0
50221951,"CRZ Clearance for Residential Building in CRZ-II Zone, in Puducherry.",New,IA/PY/CRZ/464336/2024,2024-02-28T08:01:56.795+00:00,,DELISTED_BY_SYSTEM,338.0,40.271,SELAPPAN KARTHIKESAN,,CRZ clearance form,CRZ,,,"Proposed Two Storied Residential building for H.Ahamed Maricarat at Gold Fish Nagar, Plot No. 2 & 3, Ward-E, Block-10, T.S.No. 19/3pt, Darmapuram Village, Karaikal Municipality, Karaikal, Puducherry.",PUDUCHERRY,Karaikal Taluk,DHARMAPURAM,,,"Plot no. 2,3/ward E/Block 10/T.S.no. 19/3pt",Linear,338.0,0.0,338.0,0.0,0.0,0.0,0.0,0.0,0,0,0,Not applicable as the project or activity is site specific,,NO,NO,NO,2024-03-04T15:20:56.267+00:00,,Karaikal,"Plot no. 2,3/ward E/Block 10/T.S.no. 19/3pt",https://parivesh.nic.in/dms/okm/downloadDocument?docTypemappingId=40829&refId=49938158&refType=caf&uuid=1bd41396-f715-4348-a589-b3b4152a7d7e&version=1.0,804040,https://parivesh.nic.in/newupgrade/#/report/ec?proposalId=50221951,1140.0,0.0
51615011,Residential project,New,IA/PY/CRZ/465105/2024,2024-03-05T14:07:41.030+00:00,,DELISTED_BY_SYSTEM,251.0,4428700.0,SELAPPAN KARTHIKESAN,,CRZ clearance form,CRZ,,,"Proposed Two Storied Residential building for H.Ahamed Maricarat at Gold Fish Nagar, Plot No. 4, Ward-E, Block-10, T.S.No. 19/3pt, Darmapuram Village, Karaikal Municipality, Karaikal, Puducherry.",PUDUCHERRY,Karaikal Taluk,DHARMAPURAM,,,,Linear,251.0,0.0,251.0,0.0,0.0,0.0,0.0,0.0,0,0,0,Not applicable as the project or activity is site specific,,NO,NO,NO,2024-03-05T14:50:03.897+00:00,,Karaikal,,https://parivesh.nic.in/dms/okm/downloadDocument?docTypemappingId=40829&refId=51613963&refType=caf&uuid=c1a2a1d1-2611-466e-aca5-d4b72de4f3d2&version=1.0,804040,https://parivesh.nic.in/newupgrade/#/report/ec?proposalId=51615011,810.0,0.0
55060967,"The proposal involves Additional construction of Hospital components in the existing Medical College campus with 2 blocks. i.e B Block expansion (G+4 floors) and Oncology Block  (G+5 floors). Total land area available is 1,86,479 Sqm and the existing built-up area is 1,93,279.22 sqm (Hospital Components of 63,872.65 Sqm and non-hospital components of 1,29,406.57 sqm) and the built up area of the proposed additional construction of hospital components is 12,770.85 sqm. Total built up area is 2,06,050.07 sqm. Total No of Beds including existing is 1371 Nos",Expansion,SIA/PY/INFRA2/466936/2024,2024-03-22T07:20:08.205+00:00,2024-07-31T06:08:08.517+00:00,EC Granted,18.6479,41914.0,SRI BALAJI VIDYAPEETH,Eco Tech Labs Pvt. Ltd.,Environment clearance form,TOR,B2,Building / Construction,Proposed Expansion of Additional construction of Hospital components in the existing Medical College campus by M/s Sri Balaji Vidyapeeth,PUDUCHERRY,Bahour Taluk,MANAPATTU,,466936/SEAC/PDY/2024,"Survey Nos. 80/1, 81/1, 81/2, 81/3, 82/2A, 82/2B & 4/2F",Linear,18.6479,0.0,18.6479,0.0,0.0,0.0,38477.0,3437.0,0,0,0,Not applicable as the project or activity is site specific,,NO,NO,NO,2024-03-22T12:12:44.702+00:00,,Puducherry,"Survey Nos. 80/1, 81/1, 81/2, 81/3, 82/2A, 82/2B & 4/2F",https://parivesh.nic.in/dms/okm/downloadDocument?docTypemappingId=40829&refId=55058070&refType=caf&uuid=bcb38d4f-63ac-4b96-a7a2-ddb91d3d9aac&version=1.0,644979,https://parivesh.nic.in/newupgrade/#/report/ec?proposalId=55060967,60100.0,130550.0
56086161,"Proposed construction of expansion of guest rooms and infrastructure builidings in Plot/Survey No. R.S. No. 200pt, 201pt & 205pt, Valluvar Medu, Manapet Village, Bahour Commune Panchayat,  Puducherry by M/s. Mahindra Holidays & Resorts India Ltd., Puduchery Union Territory. Total Land Area: 92,629.60sq.m (22.89 Acres). Ground coverage of Existing 5298.17Sq.m and proposed 5027.00Sq.m. Total Ground coverage 10325.17 Sq.m The project site is located near to Coastline of Bay of Bengal. Total built up area is 17249.82Sq.m (Existing 8161.820Sq.m and Proposed area is 9088.00Sq.m)",Expansion,IA/PY/CRZ/467256/2024,2024-03-25T12:16:53.990+00:00,2024-08-21T12:42:21.377+00:00,EDS raised,9.26,5700.0,VELU SIVASUBRAMANIAM,,CRZ clearance form,CRZ,,,Construction of Expansion of Guest Rooms and Infrastructure Buildings by M/s. Mahindra Holidays and Resorts India Limited,PUDUCHERRY,Bahour Taluk,MANAPATTU,11/26/2024-IA.III,No.10/DSTE/PCZMA/CRZ/CLR/SCI/2024/112,,Linear,9.26,0.0,9.26,0.0,0.0,0.0,2600.0,3100.0,0,0,0,Not applicable as the project or activity is site specific,,NO,NO,NO,2024-03-26T06:40:43.387+00:00,,Puducherry,,https://parivesh.nic.in/dms/okm/downloadDocument?docTypemappingId=40829&refId=56086074&refType=caf&uuid=bb873733-c324-41cf-89ac-bed280fa2c58&version=1.0,644979,https://parivesh.nic.in/newupgrade/#/report/ec?proposalId=56086161,73000.0,54750.0
56649495,Control of Sea erosion,New,IA/PY/CRZ/467518/2024,2024-03-28T06:53:19.318+00:00,,DELISTED_BY_SYSTEM,4.38,662.0,OFFICE OF THE EXECUTIVE ENGINEER IRRIGATION DIVISION PWD,,CRZ clearance form,CRZ,,,"Coastal protections measures for immediate control of Sea erosion at Pillaichavady, Puducherry.",PUDUCHERRY,Ozhukarai Taluk,PILLAICHAVADY,,1206/PCZMA/CRZ/2024,,Hybrid,4.38,0.0,4.38,0.0,0.0,0.0,0.0,0.0,0,0,0,Not applicable as the project or activity is site specific,,NO,NO,NO,2024-08-23T06:48:36.814+00:00,,Puducherry,,https://parivesh.nic.in/dms/okm/downloadDocument?docTypemappingId=40829&refId=56632207&refType=caf&uuid=ecb9a0d7-3820-42aa-924c-55225ae27942&version=1.1,937514,https://parivesh.nic.in/newupgrade/#/report/ec?proposalId=56649495,7200.0,3240.0
59685948,"Construction of two storeyed building at R.S.No.145/18pt, T.S.No.119, Ward - B, Block No. 10, Door No. 2, Kamarajar street, V.O.C Nagar, Muthialpet, Puducherry revenue villege, Pondicherry Municipality, Puducherry.",New,IA/PY/CRZ/468733/2024,2024-04-08T10:22:38.597+00:00,,Referred to SCZMA,968.0,3417000.0,DHEENADAYALAN,,CRZ clearance form,CRZ,,,Proposed construction of two storey residential building,PUDUCHERRY,Puducherry Taluk,PONDICHERRY(PUDUCHCHERI),,PCZMA/CRZ/468733/2024,145/18pt,Linear,968.0,0.0,968.0,0.0,0.0,0.0,0.0,0.0,0,0,0,Not applicable as the project or activity is site specific,,NO,NO,NO,2024-11-12T13:09:07.363+00:00,,Puducherry,145/18pt,https://parivesh.nic.in/dms/okm/downloadDocument?docTypemappingId=40829&refId=56693816&refType=caf&uuid=120bce9e-0ef6-4594-b3b9-42184523d191&version=1.0,804036,https://parivesh.nic.in/newupgrade/#/report/ec?proposalId=59685948,2005.0,255.0
59705534,"Proposed construction of Two storyed residential building (2Dwelling Units)
Project Owner. Tmt. N.Sivasankari, No.13, Bharathidasan Street, Veerampatinam, Puducherry",New,IA/PY/CRZ/468784/2024,2024-04-09T05:19:15.701+00:00,,DELISTED_BY_SYSTEM,0.0,44.0,THANGAVEL SELVAM,,CRZ clearance form,CRZ,,,Proposed constrcution  two storyed residential building (2Dwelling Units),PUDUCHERRY,Puducherry Taluk,ARIANKUPPAM,,,"Plot No.18,19,30,31, R.S. No.170/5",Linear,0.0,0.0,0.0,0.0,0.0,0.0,0.0,0.0,0,0,0,Not applicable as the project or activity is site specific,,NO,NO,NO,2024-04-09T05:48:29.572+00:00,,Puducherry,"Plot No.18,19,30,31, R.S. No.170/5",https://parivesh.nic.in/dms/okm/downloadDocument?docTypemappingId=40829&refId=59703898&refType=caf&uuid=e5ba9ab9-5111-4d5b-be3d-dcbbee78e303&version=1.0,804036,https://parivesh.nic.in/newupgrade/#/report/ec?proposalId=59705534,0.0,0.0
61493197,"Proposed construction of four storied residential building (4-dwelling units) with stilt floor located at R.S.No.190/2, T.S.No.2/1/A, Ward-B, Block No.17, Junction of Sri Lakshmi Garden Main Road & Akka Paradhesi Swamigal Madam Street, Vaithikuppam, Puducherry Revenue Village, Puducherry Municipality, Puducherry-605012. The total land area is 1750 (Square feet) with a plot value and building construction value estimated after completion of Rs. Rs.95,21,000 (Rupees Ninety-Five Lakhs Twenty-One Thousand only). Land description: East-West 35feet, South-North 50feet having total extent of 1750 Sq.ft, Vacant land required for CRZ-II clearance.",New,IA/PY/CRZ/469767/2024,2024-04-18T05:13:23.943+00:00,,Recommend to Town Planner Authority,0.016,9521000.0,dhritin tyagi,,CRZ clearance form,CRZ,,,Proposed construction of four storied residential building (4-dwelling  units) with stilt floor,PUDUCHERRY,Puducherry Taluk,PONDICHERRY(PUDUCHCHERI),,550/DSTE/PCZMA/CRZ/CLR/SCI/2024,"R.S.No.190/2, T.S.No.2/1/A, Ward-B, Block No.17",Non - Linear,0.016,0.0,0.016,0.0,0.0,0.0,0.0,0.0,0,0,0,NO,This is a proporsed four storied residential building work,NO,NO,NO,2024-04-18T12:27:09.008+00:00,,Puducherry,"R.S.No.190/2, T.S.No.2/1/A, Ward-B, Block No.17",https://parivesh.nic.in/dms/okm/downloadDocument?docTypemappingId=40829&refId=61478537&refType=caf&uuid=0ec19308-1967-45bf-98f5-67d5e56fb3cd&version=1.0,804036,https://parivesh.nic.in/newupgrade/#/report/ec?proposalId=61493197,1475.0,1475.0
66243193,"Proposal for the regularization of unsold plots in the unapproved residential layouts “Sri Vidhya Ganapathy Nagar” at R.S. No. 154/3Pt, T.S. No. 15/3, Ward-I, Block No. 4, Keezhakasakudy Revenue Village, Karaikal Municipality, Karaikal-609609. Total land area is 1905.0 Square Meter with a plots value Rs. 12,29,880 (Rupees Twelve lakhs Twenty-Nine thousand and eight hundred and eighty rupees only for land value). Land description: land are required for CRZ-II clearance.",New,IA/PY/CRZ/472029/2024,2024-05-07T10:06:11.636+00:00,2026-03-17T06:11:51.413+00:00,CRZ Granted,0.67,1229880.0,inbanathan r,,CRZ clearance form,CRZ,,,"Proposed project for the regularization of unsold plots in the unapproved residential layouts in “Sri Vidhya Ganapathy Nagar”at R.S. No. 154/3Pt, T.S. No. 15/3, Ward-I, Block No. 4, Keezhakasakudy Revenue Village, Karaikal Municipality, Karaikal-609609",PUDUCHERRY,Karaikal Taluk,K|LAKASAKUDY,,4463/DSTE/PCZMA/CRZ/CLR/SCI/2023,,Non - Linear,0.67,0.0,0.67,0.0,0.0,0.0,0.0,0.0,0,0,0,NO,This plots are residential empty unsold plots,NO,NO,NO,2024-05-07T10:43:46.629+00:00,,Karaikal,,https://parivesh.nic.in/dms/okm/downloadDocument?docTypemappingId=40829&refId=65932658&refType=caf&uuid=0782d79b-d7f6-418b-8616-90ad20045f91&version=1.0,804040,https://parivesh.nic.in/newupgrade/#/report/ec?proposalId=66243193,502.0,502.0
67778951,"Proposed construction of four storied guest house building with stilt floor (8-Rooms) located at R. S. No. 81/5Pt, T.S.No.58, Ward-B, Block No.16, Plot No.A, Junction of Patchaivazhiamman Koil Street and Pillaiyar Koil Street, Vaithikuppam, Puducherry Revenue Village, Puducherry Municipality, Puducherry. The total land area is 1137 (Square feet) with a plot value and building construction value estimated after completion of Rs.46,32,000 (Rupees Forty-Six Lakhs thirty-two thousand only). Land description: East-West towards southern side 56 feet, towards northern side 57 feet, South-North towards bottom side 20 feet, 4 inches, towards upper side 20 feet, totally 1137 Square feet of vacant land required for CRZ-II clearance.",New,IA/PY/CRZ/472766/2024,2024-05-13T15:24:34.264+00:00,2025-10-24T06:22:39.778+00:00,CRZ Granted,0.01,4632000.0,VIMALAN,,CRZ clearance form,CRZ,,,Proposed construction of four storied guest house building with stilt floor (8-Rooms),PUDUCHERRY,Puducherry Taluk,PONDICHERRY(PUDUCHCHERI),11/99/2025-IA.III,4346/DSTE/PCZMA/CRZ/CLR/SCI/2023,,Non - Linear,0.01,0.0,0.01,0.0,0.0,0.0,0.0,0.0,0,0,0,Not applicable as the project or activity is site specific,,NO,NO,NO,2025-06-27T07:20:35.546+00:00,,Puducherry,,https://parivesh.nic.in/dms/okm/downloadDocument?docTypemappingId=40829&refId=66585751&refType=caf&uuid=f68daac1-c407-4e75-b602-dc5fc61c3efd&version=1.0,804036,https://parivesh.nic.in/newupgrade/#/report/ec?proposalId=67778951,680.0,680.0
68383183,"Proposed construction of two storeyed residential building (2-Dwelling units) located at R.S.No. R. S No 123/12/A/1 T.S No. Plot No.14 (East Side Portion), Patta No. 196, Cad No. 1159Pt, Netaji Street, Chinna Kalapet, Pillaichavadi Revenue Village, Oulgaret Municipality, Puducherry-605014. Total land area is 111.63 (Square Meter) with a plot value and building construction value estimated after completion of Rs. 30,94,880.00 (Thirty lakhs Ninety-four thousand Eight hundred and Eighty rupees only after completion of the property). Land description: East to West 20 feet, South to North 60 feet, i.e., having an extent of 1200 Square feet land are required for CRZ-II clearance.",New,IA/PY/CRZ/473080/2024,2024-05-15T14:27:32.115+00:00,2026-03-17T06:35:48.455+00:00,CRZ Granted,0.005,2035336.0,h yasmeen sultana,,CRZ clearance form,CRZ,,,Proposed construction of two storeyed residential building (2-Dwelling units),PUDUCHERRY,Ozhukarai Taluk,PILLAICHAVADY,,PCZMA/473080/CRZ/SCI/2025,,Non - Linear,0.005,0.0,0.005,0.0,0.0,0.0,0.0,0.0,0,0,0,NO,This is a residential construction work,NO,NO,NO,2025-07-26T13:50:03.520+00:00,,Puducherry,,https://parivesh.nic.in/dms/okm/downloadDocument?docTypemappingId=40829&refId=66847377&refType=caf&uuid=dde084e9-5b94-439a-bb46-6daf46646341&version=1.0,937514,https://parivesh.nic.in/newupgrade/#/report/ec?proposalId=68383183,322.0,322.0
72145408,"Proposed construction of two storied residential building (1-Dwelling Unit) located at R.S.No 106/23Pt, T.S.No.53 & 54, Block No.22, Ward-A, Plot No.29 Pt (North), First Cross Street, Angalamman Nagar, Muthialpet, Puducherry Revenue Village, Puducherry Municipality, Puducherry-605003. The total land area is 900 (Square feet) with a plot value and building construction value estimated after completion of Rs.48,27,400 (Rupees Forty-Eight Lakhs Twenty-Seven thousand and four hundred only). Land description: East West 30 feet, South-North 60 feet having total extent of 1800 Sq.ft, Vacant land required for CRZ-II clearance.",New,IA/PY/CRZ/477190/2024,2024-05-29T13:32:19.861+00:00,,DELISTED_BY_SYSTEM,0.016,4827400.0,r saraswathy,,CRZ clearance form,CRZ,,,Proposed construction of two storied residential building (1-Dwelling Unit),PUDUCHERRY,Puducherry Taluk,PONDICHERRY(PUDUCHCHERI),,,,Non - Linear,0.016,0.0,0.016,0.0,0.0,0.0,0.0,0.0,0,0,0,NO,This is small residential building,NO,NO,NO,2024-10-03T13:14:30.522+00:00,,Puducherry,,https://parivesh.nic.in/dms/okm/downloadDocument?docTypemappingId=40829&refId=72140196&refType=caf&uuid=3a4053f9-3990-4729-aff5-48bd26b19f1f&version=1.0,804036,https://parivesh.nic.in/newupgrade/#/report/ec?proposalId=72145408,612.0,612.0
72301739,"Proposed two storied residential building (Basement Level) Construction work located at Ward-G, block-05, T.S.No.12/1/1Apt, R.S.No. 112/4, Keezhaveli Revenue  Village, Karaikal Municipality, Karaikal, Puducherry.",New,IA/PY/CRZ/477624/2024,2024-05-30T19:25:56.693+00:00,,DELISTED_BY_SYSTEM,0.0442,99.0045,SELAPPAN KARTHIKESAN,,CRZ clearance form,CRZ,,,"Proposed two storied residential building (Basement Level) Construction work located at Ward-G, block-05, T.S.No.12/1/1Apt, R.S.No. 112/4, Keezhaveli Revenue  Village, Karaikal Municipality, Karaikal, Puducherry.",PUDUCHERRY,Karaikal Taluk,KIZHAVELY,,,,Linear,0.0442,0.0,0.0442,0.0,0.0,0.0,0.0,0.0,0,0,0,Not applicable as the project or activity is site specific,,NO,NO,NO,2024-05-30T19:52:12.096+00:00,,Karaikal,,https://parivesh.nic.in/dms/okm/downloadDocument?docTypemappingId=40829&refId=72301396&refType=caf&uuid=5dad8528-a31b-4512-a59a-153f8927c515&version=1.0,804040,https://parivesh.nic.in/newupgrade/#/report/ec?proposalId=72301739,520.0,0.0
72544941,"Proposed construction of residential quarters for Senior Superintendent of Police (1 Dwelling Unit) and Superintendent of Police (2 Dwelling Units) at T.S. No. 112/1 and 112/3, Ward - F, Blocks - 1, Duplex Street Extension, Karaikal Municipality, Karaikal",New,IA/PY/CRZ/478081/2024,2024-06-01T00:36:26.853+00:00,,Recommend to Town Planner Authority,0.02,27100000.0,SUBHAM GHOSH,,CRZ clearance form,CRZ,,,"Proposed construction of Residential Quarters for Senior Superintendent of Police (1 Dwelling Unit) and  Superintendent of Police (2 Dwelling Units) at T.S. No. 112/1 and 112/3, Ward - F, Block - 1, Duplex Street Extension, Karaikal Municipality, Karaikal",PUDUCHERRY,Karaikal Taluk,KARAIKAL,,8836/DSTE/PCZMA/CRZ/CLR/SCI/2024,,Non - Linear,0.02,0.0,0.02,0.0,0.0,0.0,0.0,0.0,0,0,0,NO,This Police Quarters,NO,NO,NO,2024-06-01T00:53:37.135+00:00,,Karaikal,,https://parivesh.nic.in/dms/okm/downloadDocument?docTypemappingId=40829&refId=72186007&refType=caf&uuid=840c9ff9-67cd-448f-969d-7156e11c2da7&version=1.0,804040,https://parivesh.nic.in/newupgrade/#/report/ec?proposalId=72544941,3928.0,3928.0
77039389,"The proposed project is integrated paint manufacturing facility including Resin manufacturing at R. S .No 53-56, Pandasozhanallur village, Nettapakkam commune, Puducherry.",Expansion,IA/PY/IND3/481901/2024,2024-06-17T09:54:34.298+00:00,2024-12-13T18:13:57.064+00:00,Standard ToR Granted,7.0805,34000.0,BERGER PAINTS INDIA LIMITED,Kadam Environmental Consultants,Environment clearance form,TOR,A,Integrated paint industry,"Expansion of Integrated Paint Manufacturing Unit at R S No. 53-56, Pandasozhanallur village, Nettapakkam commune, Puducherry by Berger Paints India Limited",PUDUCHERRY,Bahour Taluk,PANDASOZHANUR,IA-J-11011/453/2024- IA-II (I),,53-56,Hybrid,7.0805,0.0,7.0805,0.0,0.0,0.0,0.0,34000.0,0,0,0,NO,Proposed project is for expansion.,NO,NO,NO,2024-12-03T07:43:10.390+00:00,,Puducherry,53-56,https://parivesh.nic.in/dms/okm/downloadDocument?docTypemappingId=40829&refId=77035483&refType=caf&uuid=09079162-e78b-4a9c-b09a-1fd486383419&version=1.0,644967,https://parivesh.nic.in/newupgrade/#/report/ec?proposalId=77039389,300.0,105050.0
78241217,Proposed construction of two storeyed commercial (Guest Rooms - 18 Nos) Building with Stilt Floor.,New,IA/PY/CRZ/483454/2024,2024-06-24T10:36:09.779+00:00,2025-05-31T06:51:59.912+00:00,CRZ Granted,0.0548,64373109.0,FRANCIS JOSEPH ANAND ANTOOINE,,CRZ clearance form,CRZ,,,Proposed construction of two storeyed commercial (Guest Rooms - 18 Nos) Building with Stilt Floor.,PUDUCHERRY,Puducherry Taluk,PONDICHERRY(PUDUCHCHERI),11/25/2025-IA.III,483454/DSTE/PCZMA/CRZ/CLR/SCI/2024,"T.S.23,24,25,26",Hybrid,0.0548,0.0,0.0548,0.0,0.0,0.0,0.0,0.0,0,0,0,NO,Own Property,NO,NO,NO,2024-06-24T11:26:55.901+00:00,,Puducherry,"T.S.23,24,25,26",https://parivesh.nic.in/dms/okm/downloadDocument?docTypemappingId=40829&refId=78234534&refType=caf&uuid=0d8b226b-d3c2-455d-93b8-6f848f60372f&version=1.0,804036,https://parivesh.nic.in/newupgrade/#/report/ec?proposalId=78241217,3665.0,4385.0
78600279,"Proposed construction of four storeyed Residential Flats building (7-Dwelling units) R.S.No. 78/12, Ward-B, Block No.15, T.S.No. 28/2, at Pillaiyar Koil Street, Vaithikuppam, Puducherry Revenue Village, Puducherry Municipality, Puducherry. Total land area is 566 (Square Meters) with a plot value and building construction value estimated after completion of Rs.3,28,36,563 (Rupees Three Crores Twenty-Eight Lakhs Thirty Six-Thousand Five Hundred and Sixty Three only). Schedule of property: Measuring East-West 79 feet, South- North on the Eastern side 77.2 feet, on the Western side 77.2. Total extent: 566 Square Meters of land required for CRZ-II clearance.",New,IA/PY/CRZ/483827/2024,2024-06-25T13:39:16.110+00:00,,Referred to SCZMA,0.06,32836563.0,prabuddha khare,,CRZ clearance form,CRZ,,,Proposed construction of four storeyed Residential Flats building (8-Dwelling units) with stilt floor building,PUDUCHERRY,Puducherry Taluk,PONDICHERRY(PUDUCHCHERI),,483827/PCZMA/CRZ/2024,,Non - Linear,0.06,0.0,0.06,0.0,0.0,0.0,0.0,0.0,0,0,0,NO,This is Residential building work,NO,NO,NO,2024-08-11T02:21:51.365+00:00,,Puducherry,,https://parivesh.nic.in/dms/okm/downloadDocument?docTypemappingId=40829&refId=78599332&refType=caf&uuid=4ff54d34-70a1-44a4-9ced-379255176346&version=1.0,804036,https://parivesh.nic.in/newupgrade/#/report/ec?proposalId=78600279,412.0,400.0
79231676,"Proposed renovation of existing building and additional construction of hotel building (6-Rooms & Swimming pool) for M/s. Ethereal Hospitality at R.S.No. 239/pt, T.S.No.64, Ward-C, Block.18, Door.No.6, Sri Aurobindo Street, Puducherry Revenue Village, Puducherry-605001. Total land area is Existing Ground Floor 4520.84 Square feet Proposed new Construction 6609.79 Square Feet with a plot value and building construction value estimated after completion of Rs. Rs. 90, 49, 468 (Ninety Lakhs Forty Nine-Thousand Four Hundred and Sixty-Eight only). Schedule of property: East-West bottom and upper total 34.4 meters, South-North both the sides total 48.8 meters, totally 420 Square meter or 4520.84 Square feet of land area (Existing building) and New proposed Construction & renovation space 6609.79 Square Feet required for CRZ-II clearance.",New,IA/PY/CRZ/484403/2024,2024-06-27T14:02:08.295+00:00,2025-04-17T06:59:38.199+00:00,CRZ Granted,9.29,9049468.0,ethereal hospitality llp,,CRZ clearance form,CRZ,,,Proposed renovation of existing building and additional construction of hotel building (6-Rooms & Swimming pool) for M/s. Ethereal Hospitality,PUDUCHERRY,Puducherry Taluk,PONDICHERRY(PUDUCHCHERI),11/21/2025-IA.III,1899/DSTE/PCZMA/CRZ/CLR/SCI/2023,,Non - Linear,9.29,0.0,9.29,0.0,0.0,0.0,0.0,0.0,0,0,0,NO,This project is only rennovation with existing building work,NO,NO,NO,2024-06-27T14:38:13.247+00:00,,Puducherry,,https://parivesh.nic.in/dms/okm/downloadDocument?docTypemappingId=40829&refId=79230917&refType=caf&uuid=0e32a1ef-e2b5-40b5-92d1-ae1e9e1d0819&version=1.0,804036,https://parivesh.nic.in/newupgrade/#/report/ec?proposalId=79231676,1296.0,1072.0
80675220,"Proposed construction of Two Storyed commercial building with stilt floor  at R.S.No.239pt, T.S.No.96,97,98,99, Ward-D, Block No.20, Subbaiah Salai, Puducherry Revenue Village, Puducherry Municipality, Puducherry.",New,IA/PY/CRZ/485402/2024,2024-07-02T07:53:37.794+00:00,,DELISTED_BY_SYSTEM,0.0,3567000.0,POORNIMA,,CRZ clearance form,CRZ,,,Proposed constrution of Two Storyed commercial Building with stilt floor,PUDUCHERRY,Puducherry Taluk,PONDICHERRY(PUDUCHCHERI),,,R.S.No.239/pt,Non - Linear,0.0,0.0,0.0,0.0,0.0,0.0,0.0,0.0,0,0,0,Not applicable as the project or activity is site specific,,NO,NO,NO,2024-07-02T08:24:35.523+00:00,,Puducherry,R.S.No.239/pt,https://parivesh.nic.in/dms/okm/downloadDocument?docTypemappingId=40829&refId=80660044&refType=caf&uuid=93a8bbc4-b307-47d9-a017-c7623accf7b6&version=1.1,804036,https://parivesh.nic.in/newupgrade/#/report/ec?proposalId=80675220,3.0,2.0
81332152,"Proposed construction of double storyed residential (2-Dwelling Units) building with stilt floor located at R.S.No. 178/3A, Cadastre No. 405, Patta No. 589, E.C.R. Road, Periyakalapet, Kalapet, Revenue Village, Oulgaret Municipality, Puducherry. The total land area is 1824 (Square feet) with a plot value and building construction value estimated after completion of Rs.45,65,000 (Rupees Forty-Five Lakhs Sixty-Five Thousand Rupees only). Land description: East to West towards Northern side 23.3 meter, towards southern side 23.1-meter, South-North towards bottom side 7.4 meter, towards upper side 7.3 meter, having an extent of 169.5 Square feet or 1824.5 Square feet of empty land required for CRZ-II clearance.",New,IA/PY/CRZ/485939/2024,2024-07-04T15:31:45.609+00:00,,DELISTED_BY_SYSTEM,0.016,4565000.0,sathiyamoorthy,,CRZ clearance form,CRZ,,,Proposed construction of double storyed residential (2-Dwelling Units) building with stilt floor,PUDUCHERRY,Ozhukarai Taluk,KALAPET,,,,Non - Linear,0.016,0.0,0.016,0.0,0.0,0.0,0.0,0.0,0,0,0,NO,This is residential building work,NO,NO,NO,2024-07-05T13:45:32.691+00:00,,Puducherry,,https://parivesh.nic.in/dms/okm/downloadDocument?docTypemappingId=40829&refId=81332009&refType=caf&uuid=6f294ff4-8912-4d15-b590-c4c1b11ea129&version=1.0,937516,https://parivesh.nic.in/newupgrade/#/report/ec?proposalId=81332152,620.0,620.0
82400365,"Proposed construction of two storeyed residential building (1- Dwelling Unit & Office) with stilt floor located at R.S.No.205/6, & 205/7, Chinna Veerampattinam, Manaveli Revenue Village, Ariyankuppam, Commune, Puducherry-605007. Total land area is 2246 (Square Feet) with a plot value and building construction value estimated after completion of Rs. 60,61,000 (Rupees sixty Lakhs and sixty-one thousand only). Schedule of property: East West 30 feet, towards northern side South North 72 feet, bottom side 77 feet and 9 inches, totally, 2246 Square feet of plot are required for CRZ-II clearance.",New,IA/PY/CRZ/486479/2024,2024-07-08T04:58:19.619+00:00,2025-04-17T06:33:49.419+00:00,CRZ Granted,0.02,6061000.0,arivazhagan,,CRZ clearance form,CRZ,,,Proposed construction of two storeyed residential building (1- Dwelling Unit & Office) with stilt floor,PUDUCHERRY,Puducherry Taluk,MANAVELI,11/20/2025-IA.III,486479/PCZMA /CRZ/SCI/2024,,Non - Linear,0.02,0.0,0.02,0.0,0.0,0.0,0.0,0.0,0,0,0,NO,This is residential and office building,NO,NO,NO,2024-07-10T13:27:21.123+00:00,,Puducherry,,https://parivesh.nic.in/dms/okm/downloadDocument?docTypemappingId=40829&refId=82399882&refType=caf&uuid=7bb5dde4-5c54-4611-a067-a24baafd5ee4&version=1.1,644922,https://parivesh.nic.in/newupgrade/#/report/ec?proposalId=82400365,1225.0,1225.0
84512921,"Proposed construction of two storeyed Commercial building with stilt floor
(10- Guest Rooms) located at R.S.No.205/6, & 205/7, Chinna
Veerampattinam, Manaveli Revenue Village, Ariyankuppam, Commune,
Puducherry-605007. Total land area is 2246 (Square Feet) with a plot value
and building construction value estimated after completion of Rs. 60,61,000
(Rupees sixty Lakhs and sixty-one thousand only). Schedule of property: East
West 30 feet, towards northern side South North 72 feet, bottom side 77 feet
and 9 inches, totally, 2246 Square feet of plot are required for CRZ-II
clearance.",New,IA/PY/CRZ/487990/2024,2024-07-15T12:54:30.735+00:00,,Under Examination with SCZMA,0.021,6061000.0,arivazhagan,,CRZ clearance form,CRZ,,,Proposed construction of two storeyed Commercial building with stilt floor (1O-Guest Rooms),PUDUCHERRY,Puducherry Taluk,MANAVELI,,,,Non - Linear,0.021,0.0,0.021,0.0,0.0,0.0,0.0,0.0,0,0,0,Not applicable as the project or activity is site specific,,NO,NO,NO,2024-07-15T13:15:43.166+00:00,,Puducherry,,https://parivesh.nic.in/dms/okm/downloadDocument?docTypemappingId=40829&refId=84512272&refType=caf&uuid=08808613-b5d6-4187-85d2-b813ea97b9be&version=1.1,644922,https://parivesh.nic.in/newupgrade/#/report/ec?proposalId=84512921,825.0,825.0
85413776,"Proposed construction of a Two Storeyed Residential (2 Dwelling Units) Building located at R.S.No.59/1pt, T.S.No. 24/2, Ward ‘A’, Block No.15, Plot no.3, Dhanalakshmi Garden, Solai Nagar, Muthialpet, Puducherry Revenue Village, Puducherry Municipality, Puducherry. Total land area is 1126 (Square Feet) with a plot value and building construction value estimated after completion of Rs.46,75,000 (Rupees Forty Six Lakhs Seventy Five Thousand only). Schedule of property: Towards East to No.2. Plot, Towards West to No.4 Plot, Towards North to 20 feet common road, the plot belongs to T.S. No. 23 towards south. Totally 1126 Square feet of plot are required for CRZ-II clearance.",New,IA/PY/CRZ/488601/2024,2024-07-18T12:53:56.972+00:00,,Recommend to Town Planner Authority,0.01,4675000.0,arivazhagi,,CRZ clearance form,CRZ,,,Proposed construction of a Two Storeyed Residential (2 Dwelling Units) Building,PUDUCHERRY,Puducherry Taluk,PONDICHERRY(PUDUCHCHERI),,467518/ PCZMA/CRZ/2024,,Non - Linear,0.01,0.0,0.01,0.0,0.0,0.0,0.0,0.0,0,0,0,Not applicable as the project or activity is site specific,,NO,NO,NO,2024-08-02T14:36:37.346+00:00,,Puducherry,,https://parivesh.nic.in/dms/okm/downloadDocument?docTypemappingId=40829&refId=85413047&refType=caf&uuid=a2062b87-d14a-464d-98b0-4939c8e8a867&version=1.0,804036,https://parivesh.nic.in/newupgrade/#/report/ec?proposalId=85413776,612.0,612.0
85658029,"Chemfab Alkalis Karaikal Limited proposes to install a Chlor Alkali Complex at PIPDIC Polagam Karaikal and Desalination Plant at Keezhaiyur of T R Pattinam Karaikal. The plant will have caustic plant and its downstream facilities. 
The main source of water for the plant operation will be catered by desalination plant which will be located along the sea side of the Bay of Bengal, which is 3-4 kms for the plant, located in Pondicherry Industrial Promotion Development and Investment Corporation (PIPDIC) Pologam.
In the Desalination Plant will be 5MLD as per requirement of product water. The plant is proposed to be under a wholly owned subsidiary of Chemfab Alkalis Limited-Pondicherry (CCAL). 
The plant will draw Seawater through the Intake system facility and the final product water quantity will be 5 MLD (5000cu.m/day).  The reject water from the desalination plant will be put into the reject water tank and pumped back to the sea through marine outfall.",New,IA/PY/CRZ/488656/2024,2024-07-19T04:42:27.904+00:00,2025-04-17T07:47:57.902+00:00,CRZ Granted,1.63,3500.0,CHEMFAB ALKALIS KARAIKAL LIMITED,,CRZ clearance form,CRZ,,,"Proposed 5 MLD Sea water (SWRO) Desalination Plant and laying of sea water intake and outfall pipeline. Product water pipeline (8 km) from Desalination plant to Caustic plant of Chemfab Alkalis Karaikal Limited, PIPDIC, Pologam Karaikal",PUDUCHERRY,Karaikal Taluk,KEEZHAIYUR NORTH(PATTANACHERI),11/22/2025-IA.III,488656/DSTE/PCZMA/CRZ/SCI/2024,,Hybrid,1.63,0.0,1.63,0.0,0.0,0.0,0.0,0.0,0,0,0,YES,,NO,NO,NO,2024-08-20T12:51:07.872+00:00,,Karaikal,,https://parivesh.nic.in/dms/okm/downloadDocument?docTypemappingId=40829&refId=85657543&refType=caf&uuid=b0b390e2-6781-49bd-9947-cf81415d2a26&version=1.0;https://parivesh.nic.in/dms/okm/downloadDocument?docTypemappingId=40828&refId=85657543&refType=caf&uuid=6b9b88a5-f9c1-40eb-b24d-0a13b7947074&version=1.0;https://parivesh.nic.in/dms/okm/downloadDocument?docTypemappingId=40828&refId=85657543&refType=caf&uuid=3fdcf10d-ee36-419c-aa23-efa0f9b44c70&version=1.0;https://parivesh.nic.in/dms/okm/downloadDocument?docTypemappingId=40828&refId=85657543&refType=caf&uuid=ae569470-da01-4ed7-b10a-b5cc16974603&version=1.0;https://parivesh.nic.in/dms/okm/downloadDocument?docTypemappingId=40828&refId=85657543&refType=caf&uuid=ae7f5dd5-0f33-4d0a-b6f7-d105c3e9cc68&version=1.0;https://parivesh.nic.in/dms/okm/downloadDocument?docTypemappingId=40828&refId=85657543&refType=caf&uuid=b2579add-b8db-482a-b6ae-875ee04886f5&version=1.0,644991,https://parivesh.nic.in/newupgrade/#/report/ec?proposalId=85658029,3650.0,5493.0
88917291,"Pakshi_Vanabhumi Is designed in a way to provide a natural habitat, devoid of cages, natural environmental circumstances and living conditions for the birds as well as the people who wish to connect with birds.",New,WL/PY/SRY/490464/2024,2024-07-30T12:21:43.600+00:00,,,0.2,6.0,SAKTHIVEL CHAKARAPANI,,Wildlife clearance form,,,,Pakshi_vanabhumi,PUDUCHERRY,Ozhukarai Taluk,ALANKUPPAM,,,,Linear,0.2,0.0,0.2,0.0,0.0,0.0,0.0,0.0,0,0,0,Not applicable as the project or activity is site specific,,NO,NO,NO,2024-07-30T13:00:21.829+00:00,,Puducherry,,https://parivesh.nic.in/dms/okm/downloadDocument?docTypemappingId=40829&refId=6477014&refType=caf&uuid=85c66303-5a52-4339-aec4-624cafd9bcaa&version=1.0,937515,https://parivesh.nic.in/newupgrade/#/report/ec?proposalId=88917291,540.0,9360.0
89216619,"Application for CRZ Clearance for Proposed four storied residential flats bu❖lding (8 Dwelling Units) with stilt floor after demolishing existing old building Located at R.S.No. 212/4pt, T.S.No.20, Ward-B, Block No.22, New Door No.55, Francois Martin Street, Kurusukuppam, Puducherry Revenue Village, Puducherry Municipality, Puducherry-605001.",New,IA/PY/CRZ/490629/2024,2024-07-31T10:54:32.780+00:00,,Recommend to Town Planner Authority,2.0,142.0,cadiressane,,CRZ clearance form,CRZ,,,Proposed four storied residential flats building (8 Dwelling Units) with stilt floor after demolishing existing old building,PUDUCHERRY,Puducherry Taluk,PONDICHERRY(PUDUCHCHERI),,490629/DSTE/PCZMA/CRZ/SCI/2024,"R.S.No. 212/4pt, T.S.No.20",Linear,2.0,0.0,2.0,0.0,0.0,0.0,0.0,0.0,0,0,0,Not applicable as the project or activity is site specific,,NO,NO,NO,2024-08-01T12:00:15.602+00:00,,Puducherry,"R.S.No. 212/4pt, T.S.No.20",https://parivesh.nic.in/dms/okm/downloadDocument?docTypemappingId=40829&refId=89213786&refType=caf&uuid=e7b48f9a-a5ac-4bcf-b8ec-b6bf0df758c2&version=1.0,804036,https://parivesh.nic.in/newupgrade/#/report/ec?proposalId=89216619,10.0,10.0
89870112,Proposed residential layout in the name Sathya Nagar,New,IA/PY/CRZ/491039/2024,2024-08-02T12:21:34.175+00:00,,Recommend to Town Planner Authority,0.2606,492128.0,Sathya,,CRZ clearance form,CRZ,,,Sathya Nagar,PUDUCHERRY,Puducherry Taluk,MANAVELI,,4514/PCZMA/CRZ/2024,200/2A/1,Linear,0.2606,0.0,0.2606,0.0,0.0,0.0,0.0,0.0,0,0,0,Not applicable as the project or activity is site specific,,NO,NO,NO,2024-08-02T12:44:04.698+00:00,,Puducherry,200/2A/1,https://parivesh.nic.in/dms/okm/downloadDocument?docTypemappingId=40829&refId=89865441&refType=caf&uuid=2884f889-5b96-45ad-a032-543145ffbcb0&version=1.0,644922,https://parivesh.nic.in/newupgrade/#/report/ec?proposalId=89870112,10.0,10.0
90709419,"Proposed construction of a Two Storeyed Residential (1-Dwelling Unit) Building located at R.S.No. 5l/4 pt, T.S. No. 5/1/C/1, Ward-A, Block No. 15, Kattamanikuppam Street, Solai Nagar, Muthialpet, Puducherry Revenue Village, Puducherry Municipality, Puducherry-605003. Total land area is 2000 (Square Feet) with a plot value and building construction value estimated after completion of Rs.54,37,800 Rupees Fifty-Four Lakhs Thirty-Seven Thousand Eight hundred only. Schedule of property: East-West 80 feet South-North 25 feet totally 2000 Square feet of plot are required for CRZ-II clearance.",New,IA/PY/CRZ/491336/2024,2024-08-05T13:58:42.522+00:00,,Referred to SCZMA,0.02,5437800.0,alexandar,,CRZ clearance form,CRZ,,,Proposed construction of a Two Storeyed Residential (1-Dwelling Unit) Building,PUDUCHERRY,Puducherry Taluk,PONDICHERRY(PUDUCHCHERI),,491336/PCZMA/CRZ/2024,,Non - Linear,0.02,0.0,0.02,0.0,0.0,0.0,0.0,0.0,0,0,0,Not applicable as the project or activity is site specific,,NO,NO,NO,2024-08-29T15:14:13.893+00:00,,Puducherry,,https://parivesh.nic.in/dms/okm/downloadDocument?docTypemappingId=40829&refId=90709235&refType=caf&uuid=a261b9a1-2e40-4bc1-940c-e3d6492c4520&version=1.0,804036,https://parivesh.nic.in/newupgrade/#/report/ec?proposalId=90709419,615.0,615.0
91256632,"Proposed Construction of Two Storeyed Residential Building (1 dwelling unit)at Ward : ""A"", Block No: 24, T.S.No: 69/5, R.S No.68/2, 70/3, Plot No.19, Aravinder Gardern, , Solai Nagar, Muthialpet ,Puducherry Revenue Village, Puducherry Municipality,
Puducherry.",New,IA/PY/CRZ/491545/2024,2024-08-07T03:05:12.099+00:00,,DELISTED_BY_SYSTEM,0.0,1923000.0,POORNIMA,,CRZ clearance form,CRZ,,,Proposed construction of Two Storyed Residential building (1 dwelling Unit),PUDUCHERRY,Puducherry Taluk,PONDICHERRY(PUDUCHCHERI),,,"Ward : ""A"", Block No: 24, T.S.No: 69/5, R.S No.68/2, 70/3, Plot No.19",Linear,0.0,0.0,0.0,0.0,0.0,0.0,0.0,0.0,0,0,0,Not applicable as the project or activity is site specific,,NO,NO,NO,2024-08-07T03:21:14.799+00:00,,Puducherry,"Ward : ""A"", Block No: 24, T.S.No: 69/5, R.S No.68/2, 70/3, Plot No.19",https://parivesh.nic.in/dms/okm/downloadDocument?docTypemappingId=40829&refId=91017682&refType=caf&uuid=a7261c54-1b3f-460e-892e-836b25ff7e15&version=1.0,804036,https://parivesh.nic.in/newupgrade/#/report/ec?proposalId=91256632,6.0,4.0
92171794,"Application for CRZ clearance for Proposed construction of three storeyed commercial building at plot nos. 6, 7, 8 & 9, r.s nos. 215/4/e1, 215/4/f1, 215/4/a/1/d/19 & 215/4/a/1/e, marakkanam road (east costal road), periyakalapet, kalapet revenue village, oulgaret, Puducherry  605014 by Tmt.D.P.Ramamoorthi & TMt. Indrani",New,IA/PY/CRZ/492169/2024,2024-08-10T05:49:03.821+00:00,,Referred to SCZMA,0.0866,307.105,sathianarayanan,,CRZ clearance form,CRZ,,,Proposed Construction of three storeyed commercial building (5 Shops & 4 Nos. Office) with stilt floor,PUDUCHERRY,Ozhukarai Taluk,PILLAICHAVADY,,492169/PCZMA/CRZ/2024,,Linear,0.0866,0.0,0.0866,0.0,0.0,0.0,0.0,0.0,0,0,0,Not applicable as the project or activity is site specific,,NO,NO,NO,2024-08-10T07:38:07.696+00:00,,Puducherry,,https://parivesh.nic.in/dms/okm/downloadDocument?docTypemappingId=40829&refId=91919645&refType=caf&uuid=0babb2de-699f-4260-80c2-b8011c5c22e5&version=1.0,937514,https://parivesh.nic.in/newupgrade/#/report/ec?proposalId=92171794,10.0,15.0
96822435,CRZ Approval for Residential House,New,IA/PY/CRZ/494120/2024,2024-08-26T09:38:35.163+00:00,,DELISTED_BY_SYSTEM,0.023,1852000.0,Mathavi,,CRZ clearance form,CRZ,,,P. Mathavi,PUDUCHERRY,Karaikal Taluk,KOVILPATHU,,,"25, Kovilpathu, W-C, B-10, TS No. 8/2",Linear,0.023,0.0,0.023,0.0,0.0,0.0,0.0,0.0,0,0,0,NO,Residential House,NO,NO,NO,2024-08-27T05:36:35.014+00:00,,Karaikal,"25, Kovilpathu, W-C, B-10, TS No. 8/2",https://parivesh.nic.in/dms/okm/downloadDocument?docTypemappingId=40829&refId=96821833&refType=caf&uuid=61633535-766b-41b7-9a23-181438120fba&version=1.0,804040,https://parivesh.nic.in/newupgrade/#/report/ec?proposalId=96822435,1500.0,0.0
101433233,"Proposed Construction of a Two Storeyed Residential Building with Stilt Floor at R.s.No.76/13pt,T.S.No.96/4B, Ward-B, Block No.14, Pappammal Kovil Street,Vaithikuppam,Puducherry Revenue Village,Puducherry Municipality,Puducherry",New,IA/PY/CRZ/496064/2024,2024-09-10T10:02:16.815+00:00,,Recommend to Town Planner Authority,0.02,148.68,SNEHA REDDY KONDAPALLY,,CRZ clearance form,CRZ,,,Proposed Construction of a Two Storeyed Residential Building with Stilt Floor,PUDUCHERRY,Puducherry Taluk,PONDICHERRY(PUDUCHCHERI),,064/PCZMA/CRZ/2024,,Linear,0.02,0.0,0.02,0.0,0.0,0.0,0.0,0.0,0,0,0,Not applicable as the project or activity is site specific,,NO,NO,NO,2024-09-23T05:42:53.184+00:00,,Puducherry,,https://parivesh.nic.in/dms/okm/downloadDocument?docTypemappingId=40829&refId=99760042&refType=caf&uuid=1c9ef052-198f-4818-8be7-aa2fad9e421e&version=1.0,804036,https://parivesh.nic.in/newupgrade/#/report/ec?proposalId=101433233,612.0,612.0
104626829,"Proposed construction of two storeyed residential building (1 dwelling unit)at R.S.no.118, plot no.233, Arasi Sengazhuneer Amman Nagar, Veerampattinam, Ariyankuppam Rev.Village, Puducherry.
Project owner: Tmt.L.SUGANTHI",New,IA/PY/CRZ/497728/2024,2024-09-22T08:05:47.701+00:00,,DELISTED_BY_SYSTEM,0.0,24.0,THANGAVEL SELVAM,,CRZ clearance form,CRZ,,,Proposed construction of two storeyed residential building (1 dwelling unit),PUDUCHERRY,Puducherry Taluk,ARIANKUPPAM,,,,Linear,0.0,0.0,0.0,0.0,0.0,0.0,0.0,0.0,0,0,0,Not applicable as the project or activity is site specific,,NO,NO,NO,2024-12-22T07:50:10.980+00:00,,Puducherry,,https://parivesh.nic.in/dms/okm/downloadDocument?docTypemappingId=40829&refId=104625926&refType=caf&uuid=d2683b82-dda7-440c-a545-492c6db1f5a2&version=1.0,804036,https://parivesh.nic.in/newupgrade/#/report/ec?proposalId=104626829,0.0,0.0
108507100,Proposed construction of Two Storeyed (G+1) Residential Building ( Dwelling Unit - 2 Nos ).,New,IA/PY/CRZ/499949/2024,2024-10-05T15:10:47.557+00:00,,Referred to SCZMA,0.022,6949278.0,SENTHILKUMAR V,,CRZ clearance form,CRZ,,,"Proposed construction of Two Storeyed (G+1) Residential Building (Dwelling Unit- 2Nos) At Plot No.184, R.S.No. 186pt,Thirummaal Beach Land ,Narambai  Village, Pillaiyarkuppam Revenue Village, Bahour Commune Panchayat, Puducherry.",PUDUCHERRY,Bahour Taluk,PILLAIYAR KUPPAM,,PCZMA/CRZ/499949/2024,"Plot .no .184, Rs.no. 186pt",Linear,0.022,0.0,0.022,0.0,0.0,0.0,0.0,0.0,0,0,0,NO,Own Property,NO,NO,NO,2024-10-05T16:09:32.484+00:00,,Puducherry,"Plot .no .184, Rs.no. 186pt",https://parivesh.nic.in/dms/okm/downloadDocument?docTypemappingId=40829&refId=108506977&refType=caf&uuid=03c4bebd-852a-437b-a0ce-842c7b93cd3b&version=1.0,644972,https://parivesh.nic.in/newupgrade/#/report/ec?proposalId=108507100,724.0,0.0
109492876,EC & CRZ Clearance for Karaikal port (KPPL) is available for 21.5 MMTPA of cargo handling capacity with 5 berths. KPPL is proposing for Master Plan of Karaikal port with handling  capacity of 100.3 MMTPA with 14 berths.,Expansion,IA/PY/INFRA1/500606/2024,2024-10-10T11:15:36.294+00:00,2024-12-16T05:44:49.088+00:00,ToR Granted,243.0,2225283.75,karaikal port private limited,Falcon Resilient Infra Consultants,Environment clearance form,TOR,A,"Ports, harbors, breakwaters, dredging","Master Plan of Karaikal Port, Vanjore village, Karaikal district, Puducherry",PUDUCHERRY,Karaikal Taluk,VANJIYUR,10-42/2009-IA.III,,,Non - Linear,243.0,0.0,243.0,263.0,0.0,263.0,250895.75,1974388.0,0,0,0,Not applicable as the project or activity is site specific,,YES,NO,NO,2024-10-15T05:30:21.914+00:00,,Karaikal,,https://parivesh.nic.in/dms/okm/downloadDocument?docTypemappingId=40829&refId=109489010&refType=caf&uuid=839b7bd4-1ada-4754-b45c-224c7eef0eb0&version=1.0,644994,https://parivesh.nic.in/newupgrade/#/report/ec?proposalId=109492876,730000.0,91250.0
109846157,"Building up rooms,swimming pool, restaurant  for daily or monthly rent",New,IA/PY/CRZ/501634/2024,2024-10-17T19:02:21.444+00:00,,Referred to SCZMA,0.0,48.0,VASANTHI EZHILRAJA,,CRZ clearance form,CRZ,,,VIlla De Nature,PUDUCHERRY,Puducherry Taluk,PURNANKUPPAM,,PCZMA/CRZ/501634/2024,64/1A/3,Linear,0.0,0.0,0.0,0.0,0.0,0.0,0.0,0.0,0,0,0,Not applicable as the project or activity is site specific,,NO,NO,NO,2024-11-05T05:00:52.511+00:00,,Puducherry,64/1A/3,https://parivesh.nic.in/dms/okm/downloadDocument?docTypemappingId=40829&refId=58296991&refType=caf&uuid=3c90d02a-5a34-47fd-a781-e963f7e15086&version=1.0,644920,https://parivesh.nic.in/newupgrade/#/report/ec?proposalId=109846157,505.0,1463.0
109949804,"Building up rooms,swimming pool, restaurant  for daily or monthly rent",New,IA/PY/CRZ/501956/2024,2024-10-19T10:29:31.347+00:00,,DELISTED_BY_SYSTEM,0.0,48.0,VASANTHI EZHILRAJA,,CRZ clearance form,CRZ,,,VIlla De Nature,PUDUCHERRY,Puducherry Taluk,PURNANKUPPAM,,,64/1A/3,Linear,0.0,0.0,0.0,0.0,0.0,0.0,0.0,0.0,0,0,0,Not applicable as the project or activity is site specific,,NO,NO,NO,2024-10-19T11:20:53.813+00:00,,Puducherry,64/1A/3,https://parivesh.nic.in/dms/okm/downloadDocument?docTypemappingId=40829&refId=58296991&refType=caf&uuid=3c90d02a-5a34-47fd-a781-e963f7e15086&version=1.0,644920,https://parivesh.nic.in/newupgrade/#/report/ec?proposalId=109949804,505.0,1463.0
109966498,"Parking Area, Entrance Gate, Glamping Zone,  Retail & Food Zone, Tourist Facilitation Centre & Artificial Surfing Area, Public Amenities & Utilities, Interactive Zone, Overall Pathways along with open beach utilities",New,IA/PY/CRZ/502011/2024,2024-10-19T14:07:18.691+00:00,,DELISTED_BY_SYSTEM,6.47,2029.0,directorate of tourism,,CRZ clearance form,CRZ,,,Karaikal Beach & Waterfront Experience,PUDUCHERRY,Karaikal Taluk,KIZHAVELY,PCZMA/ CRZ/502011,,7/1,Hybrid,6.47,0.0,6.47,0.0,0.0,0.0,0.0,0.0,0,0,0,NO,"The study of site alternatives has minimal significance as the proposal is in a prime location by the side of River Arasalar and is very popular spot, making it ideal for Tourist and visitors from local and elsewhere. Land area belongs to the Department of Tourism. Hence, no other site selection criterion has been considered.",NO,NO,NO,2024-12-06T12:22:41.733+00:00,,Karaikal,7/1,https://parivesh.nic.in/dms/okm/downloadDocument?docTypemappingId=40829&refId=109965907&refType=caf&uuid=5cb6f197-c40c-415a-994f-8bfd90631bcb&version=1.0,804040,https://parivesh.nic.in/newupgrade/#/report/ec?proposalId=109966498,30200.0,74000.0
110195964,"PROPOSED CONSTRUCTION OF TWO STORIED RESIDENTIAL BUILDING AT WARD-L, BLOCK NO:4, T.S.NO:50, R.S.NO:183/15Bpt, ODUTHURAI VILLAGE, NERAVY COMMUNE, KARAIKAL.",New,IA/PY/CRZ/502738/2024,2024-10-23T14:04:18.584+00:00,,Referred to SCZMA,0.0478,1337700.0,OUMMAHANIMA,,CRZ clearance form,CRZ,,,"PROPOSED CONSTRUCTION OF TWO STORIED RESIDENTIAL BUILDING AT WARD - L, BLOCK NO:4, T.S.NO:50, R.S.NO:183/15Bpt, ODUTHURAI VILLAGE, NERAVY COMMUNE, KARAIKAL.",PUDUCHERRY,Karaikal Taluk,ODUTHURAI,,PCZMA/CRZ/502738/2024,Rs.no.185/1Bpt,Linear,0.0478,0.0,0.0478,0.0,0.0,0.0,0.0,0.0,0,0,0,Not applicable as the project or activity is site specific,,NO,NO,NO,2024-10-23T15:15:35.771+00:00,,Karaikal,Rs.no.185/1Bpt,https://parivesh.nic.in/dms/okm/downloadDocument?docTypemappingId=40829&refId=106448335&refType=caf&uuid=8e8f5f32-64c8-4a18-b33c-5669aab50084&version=1.0,804040,https://parivesh.nic.in/newupgrade/#/report/ec?proposalId=110195964,0.0,0.0
110939289,"Chemplast Sanmar Limited proposes to setup Desalination plant of 6 MLD capacity at RS no. 206, Melavanjore, T.R. Pattinam, Karaikal, Puducherry UT along with associated sea water intake and outfall system. The proposed desalination plant along with seawater intake and RO reject outfall system is a Greenfield project. The desalination plant will be developed to meet the water requirement of proposed projects of Chemplast Sanmar Ltd. 20 MLD of water will be sourced from the sea through intake structures & pipelines. The proposed desalination plant will be of 6 MLD capacity. 14 MLD of rejects from the desalination plant will be disposed back to the sea through proper diffuser system.",New,IA/PY/CRZ/504431/2024,2024-11-06T09:57:30.403+00:00,2025-07-26T13:07:55.212+00:00,CRZ Granted,2.3022,13000.0,CHEMPLAST SANMAR LIMITED,,CRZ clearance form,CRZ,,,"6 MLD desalination plant along with associated sea water intake and outfall system at RS no. 206, Village Melavanjore, T.R. Pattinam, Karaikal, Puducherry UT by M/s. Chemplast Sanmar Limited",PUDUCHERRY,Karaikal Taluk,VANJIYUR,11/58/2024-IA.III,231/DSTE/PCZMA/SCI/2024/369,RS no. 206,Linear,2.3022,0.0,2.3022,0.0,0.0,0.0,0.0,0.0,0,0,0,Not applicable as the project or activity is site specific,,NO,NO,NO,2024-11-06T13:05:07.950+00:00,,Karaikal,RS no. 206,https://parivesh.nic.in/dms/okm/downloadDocument?docTypemappingId=40829&refId=110924748&refType=caf&uuid=06815608-0723-4b55-bf38-2e98414625fb&version=1.0,644994,https://parivesh.nic.in/newupgrade/#/report/ec?proposalId=110939289,16825.0,10950.0
111474039,"Proposed Construction of Two Storeyed Residential Building (1-Dwelling Unit) located at R.S No. 124/1/A, Cad No. 534, Patta No. 899, Plot No.40, Ariyankuppam Revenue Village, Ariyankuppam Commune, Puducherry. Total land area is 1200 (Square feet) with a plot value and building construction value estimated after completion of Rs.41,00,000 (Fourty One Lakh only on completion of the building). Land description: Both sides of East to West 20 feet, both sides of South to North 60 feet, having an extent of 1200 square feet of land required for CRZ-II clearance.",New,IA/PY/CRZ/505737/2024,2024-11-13T14:24:47.254+00:00,,Referred to SCZMA,0.011,4100000.0,M VINODHINI,,CRZ clearance form,CRZ,,,Proposed construction of Two Storeyed Residential Building (1-Dwelling Unit),PUDUCHERRY,Puducherry Taluk,ARIANKUPPAM,,PCZMA/CRZ/505737/2024,,Non - Linear,0.011,0.0,0.011,0.0,0.0,0.0,0.0,0.0,0,0,0,NO,This is Residential Plot,NO,NO,NO,2024-12-12T12:54:08.668+00:00,,Puducherry,,https://parivesh.nic.in/dms/okm/downloadDocument?docTypemappingId=40829&refId=111473218&refType=caf&uuid=831a1c67-bd16-413d-9cb7-306bc5fc156e&version=1.0,804036,https://parivesh.nic.in/newupgrade/#/report/ec?proposalId=111474039,806.0,812.0
111549543,"Proposed two storied Commercial building - 605004 located at R.S No. 239pt, T.S Nos. 96, 97, 98 & 99, Ward-D, Block No 20, Subbaiya Salai, Puducherry Revenue Village, Puducherry Municipality, Puducherry District, Puducherry- 605004. Total land area is 1207 (Square feet) with a plot value and building construction value estimated after completion of Rs.93,84,000 (Rupees Ninety-three Lakh Eighty-Four Thousand only on completion of the property). Land description: East to West 5.1-meter, South to North 10.6 meter, i.e, having an extent of 54.06 Square meter or 1207 square feet of land required for CRZ-II clearance.",New,IA/PY/CRZ/505879/2024,2024-11-14T13:22:31.728+00:00,,Referred to SCZMA,0.011,9384000.0,Sujee a,,CRZ clearance form,CRZ,,,Proposed Two Storeyed Commercial Building,PUDUCHERRY,Puducherry Taluk,PONDICHERRY(PUDUCHCHERI),,PCZMA/CRZ/505879/2024,,Non - Linear,0.011,0.0,0.011,0.0,0.0,0.0,0.0,0.0,0,0,0,Not applicable as the project or activity is site specific,,NO,NO,NO,2024-11-14T13:48:20.492+00:00,,Puducherry,,https://parivesh.nic.in/dms/okm/downloadDocument?docTypemappingId=40829&refId=111548901&refType=caf&uuid=05411bad-48a6-4f71-902a-f41a902f304e&version=1.0,804036,https://parivesh.nic.in/newupgrade/#/report/ec?proposalId=111549543,1018.0,1018.0
112208278,TWO STOREYED RESIDENTIAL BUILDING,New,IA/PY/CRZ/507462/2024,2024-11-22T15:30:50.048+00:00,,Under Examination with SCZMA,0.0,3384040.0,RAMAPUSHPAM,,CRZ clearance form,CRZ,,,"PROPOSED CONSTRUCTION OF TWO STOREYED RESIDENTIAL BUILDING FOR Tmt. C.VIJAYALAKSHMI AT R.S.NO.1pt, T.S.NO.1/1/A/2, WARD - P, BLOCK - 1, THENGAITHITTU REVENUE VILLAGE , PUDUCHERRY MUNICIPALITY , PUDUCHERRY.",PUDUCHERRY,Puducherry Taluk,THENGATHITTU,,,"145, 1/1",Linear,0.0,0.0,0.0,0.0,0.0,0.0,0.0,0.0,0,0,0,Not applicable as the project or activity is site specific,,NO,NO,NO,2025-09-18T08:09:37.419+00:00,,Puducherry,"145, 1/1",https://parivesh.nic.in/dms/okm/downloadDocument?docTypemappingId=40829&refId=110494589&refType=caf&uuid=fa942fcc-3759-4687-af99-0ef87a290a32&version=1.0,804036,https://parivesh.nic.in/newupgrade/#/report/ec?proposalId=112208278,1800.0,2700.0
115374804,Proposed Construction of A Three Storied Hotel Building with Stilt floor(parking),New,IA/PY/CRZ/515491/2024,2024-12-20T12:19:37.038+00:00,2026-05-12T10:49:21.144+00:00,CRZ Granted,0.0235,551.0,s. sivagnanam,,CRZ clearance form,CRZ,,,"Proposed Construction of A Three Storied Hotel Building with Stilt floor(parking) at R.S.No.239pt, T.S.No.62, Ward -D, Block No.28,Door No.3, Labourdonnais Street, Puducherry Town, Puducherry Revenue Village, Puducherry Municipality, Puducherry by Thiru. A. Selvakumaran",PUDUCHERRY,Puducherry Taluk,PONDICHERRY(PUDUCHCHERI),11/97/2025-IA.III,515491/PCZMA/CRZ/2025,62,Linear,0.0235,0.0,0.0235,0.0,0.0,0.0,0.0,0.0,0,0,0,Not applicable as the project or activity is site specific,,NO,NO,NO,2024-12-20T13:13:44.046+00:00,,Puducherry,62,https://parivesh.nic.in/dms/okm/downloadDocument?docTypemappingId=40829&refId=115289089&refType=caf&uuid=8f79e4d8-0f48-4909-a9e3-1b2f92676485&version=1.0,0,https://parivesh.nic.in/newupgrade/#/report/ec?proposalId=115374804,1720.0,4380.0
115397257,"Proposed construction of three storeyed guest house (7 rooms) building with stilt floor (parking). at R.S. No. 239pt, T.S. No. 55 & 55 , Ward – D, Block – 25, Door No.7, Lal Bahadur Sharstri Strret, Puducherry – 1.",New,IA/PY/CRZ/515512/2024,2024-12-20T14:19:38.294+00:00,2026-05-13T09:14:51.369+00:00,CRZ Granted,0.0203,351.0,s. sivagnanam,,CRZ clearance form,CRZ,,,Proposed construction of three storeyed guest house (7 rooms) building with stilt floor (parking),PUDUCHERRY,Puducherry Taluk,PONDICHERRY(PUDUCHCHERI),11/98/2025-IA.III,515512/PCZMA / CRZ,55,Linear,0.0203,0.0,0.0203,0.0,0.0,0.0,0.0,0.0,0,0,0,Not applicable as the project or activity is site specific,,NO,NO,NO,2024-12-20T14:30:55.090+00:00,,Puducherry,55,https://parivesh.nic.in/dms/okm/downloadDocument?docTypemappingId=40829&refId=115395821&refType=caf&uuid=046e2cb0-d82e-4065-ba25-29f1b10a2ec9&version=1.0,804036,https://parivesh.nic.in/newupgrade/#/report/ec?proposalId=115397257,1600.0,4380.0
116071948,proposed construction of single storeyed residential building,New,IA/PY/CRZ/516455/2024,2024-12-28T04:58:12.167+00:00,,DELISTED_BY_SYSTEM,0.0139,33.0,JUDAH CATHERINA C,,CRZ clearance form,CRZ,,,CONSTRUCTION OF A NEW HOUSE,PUDUCHERRY,Puducherry Taluk,THENGATHITTU,,,plot no 7 & 8,Non - Linear,0.0139,0.0,0.0139,0.0,0.0,0.0,0.0,0.0,0,0,0,Not applicable as the project or activity is site specific,,NO,NO,NO,2024-12-28T19:44:33.986+00:00,,Puducherry,plot no 7 & 8,https://parivesh.nic.in/dms/okm/downloadDocument?docTypemappingId=40829&refId=115946250&refType=caf&uuid=6d72f6db-7d60-46e2-a11a-423eeea492ce&version=1.0,804036,https://parivesh.nic.in/newupgrade/#/report/ec?proposalId=116071948,605.0,455.0
116450874,"R.S.no.64pt, Ward-A, Block -18, T.S.no.11, Old door no.22, New Door no. 48, Solaivazhiamman Koil Street, Solai Nagar, Muthialpet, Puducherry Rev.Village, Puducherry Municipality, Puducherry.",New,IA/PY/CRZ/516918/2025,2025-01-01T13:41:44.131+00:00,2026-03-17T06:26:05.600+00:00,CRZ Granted,0.0,7332494.0,THANGAVEL SELVAM,,CRZ clearance form,CRZ,,,Proposed construction of two storeyed residential building (2 dwelling unit),PUDUCHERRY,Puducherry Taluk,PONDICHERRY(PUDUCHCHERI),,516918/PCZMA/CRZ/2025,64pt,Linear,0.0,0.0,0.0,0.0,0.0,0.0,0.0,0.0,0,0,0,Not applicable as the project or activity is site specific,,NO,NO,NO,2025-09-16T09:11:17.158+00:00,,Puducherry,64pt,https://parivesh.nic.in/dms/okm/downloadDocument?docTypemappingId=40829&refId=116449861&refType=caf&uuid=af1bd8de-4aab-4b63-b0a5-18c6ecaf41d9&version=1.0,804036,https://parivesh.nic.in/newupgrade/#/report/ec?proposalId=116450874,3600.0,3600.0
116712594,"Proposed construction of single storeyed residential building (1 dwelling unit) at R.S.no. 152/15, Nadu Theru, Chinna Kalapet, Pillaichavady Rev.Village, Olugaret Municipality, Puducherry",New,IA/PY/CRZ/517275/2025,2025-01-04T10:04:33.695+00:00,,DELISTED_BY_SYSTEM,0.0,2169216.0,RAMAPUSHPAM,,CRZ clearance form,CRZ,,,Proposed construction of single storeyed residential building (1 dwelling unit) at R.S.no. 152/15,PUDUCHERRY,Ozhukarai Taluk,PILLAICHAVADY,,,152/15,Linear,0.0,0.0,0.0,0.0,0.0,0.0,0.0,0.0,0,0,0,Not applicable as the project or activity is site specific,,NO,NO,NO,2025-01-04T10:16:25.225+00:00,,Puducherry,152/15,https://parivesh.nic.in/dms/okm/downloadDocument?docTypemappingId=40829&refId=116708606&refType=caf&uuid=5b807c70-db5c-48bd-a52d-80cc8d5d058c&version=1.0,937514,https://parivesh.nic.in/newupgrade/#/report/ec?proposalId=116712594,1800.0,1800.0
117283558,"Proposed Difluoromethane (R-32) and Ethylene Dichloride (EDC) Manufacturing Unit of Chemplast Sanmar Limited at Plot No. A-196, B-57, C-10, C-11, , C-21, C-22, G-2, G-8, G-9, G-10 & G-11, Pondicherry Industrial Promotion Development and Investment Corporation Limited (PIPDIC), Industrial Growth Centre, Polagam (Village), Karaikal (District), Puducherry",New,IA/PY/IND2/518048/2025,2025-01-10T10:24:22.636+00:00,2025-01-22T07:34:07.022+00:00,Standard ToR Granted,13.3146,80000.0,CHEMPLAST SANMAR LIMITED,"Aqua Air Environmental Engineers Pvt Ltd, Surat",Environment clearance form,TOR,A,Synthetic organic chemicals industry,Proposed Ethylene Dichloride (EDC) Manufacturing Unit,PUDUCHERRY,Karaikal Taluk,POLAGAM,IA-J-11011/37/2025-IA-II,,,Non - Linear,13.3146,0.0,13.3146,0.0,0.0,0.0,0.0,0.0,0,0,0,NO,"While two other sites at Cuddalore and Karaikal were examined, it has been proposed to setup the project at PIPDIC, Karaikal.",NO,NO,NO,2025-01-10T17:34:26.471+00:00,,Karaikal,,https://parivesh.nic.in/dms/okm/downloadDocument?docTypemappingId=40829&refId=117282511&refType=caf&uuid=6957fd48-221c-439a-be58-1490deeeb7e2&version=1.0,644993,https://parivesh.nic.in/newupgrade/#/report/ec?proposalId=117283558,18650.0,47600.0
117311571,"Proposed Difluoromethane (R-32) and Ethylene Dichloride (EDC) Manufacturing Unit of Chemplast Sanmar Limited at Plot No. A-196, B-57, C-10, C-11, C-21, C-22, G-2, G-8,G-9, G-10 &amp; G-11, Pondicherry Industrial Promotion Development and Investment Corporation Limited (PIPDIC), Industrial Growth Centre, Polagam (Village), Karaikal (District), Puducherry",New,IA/PY/IND3/518091/2025,2025-01-10T12:37:45.363+00:00,2025-01-17T03:09:10.635+00:00,Standard ToR Granted,13.3146,80000.0,CHEMPLAST SANMAR LIMITED,"Aqua Air Environmental Engineers Pvt Ltd, Surat",Environment clearance form,TOR,A,Petroleum products and petrochemical based processing such as production of carbon black and electrode grade graphite (processes other than cracking,Proposed Difluoromethane (R-32) Manufacturing Unit,PUDUCHERRY,Karaikal Taluk,POLAGAM,IA-J-11011/21/2025-IA-II(I),,,Non - Linear,13.3146,0.0,13.3146,0.0,0.0,0.0,0.0,0.0,0,0,0,NO,"While two other sites at Cuddalore and Karaikal were examined, it has been proposed to setup the project at PIPDIC, Karaikal.",NO,NO,NO,2025-01-10T17:33:59.705+00:00,,Karaikal,,https://parivesh.nic.in/dms/okm/downloadDocument?docTypemappingId=40829&refId=117310887&refType=caf&uuid=bde504eb-6a8b-4551-9d46-0f8e83de73d6&version=1.0,644993,https://parivesh.nic.in/newupgrade/#/report/ec?proposalId=117311571,18650.0,47600.0
118963167,,,FP/PY/ACA/521671/2025,2025-01-31T07:59:06.838+00:00,,Pending at DFO for Scrutiny and Recommendation,,,,,Accredited Compensatory Afforestation (ACA) Form,,,,,PUDUCHERRY,,,,,,,,,,,,,,,,,,,,,,,2025-02-03T11:09:16.895+00:00,,,,,,https://parivesh.nic.in/newupgrade/#/report/ec?proposalId=118963167,,
119823736,The project is for drawing 20MLD of water from Oussudu lake for domestic water consumption for public of Puducherry. No activities will be carried out inside Oussude lake. Intake well will be constructed 110 m away from Oussude lake along pallavaikal channel and water will be pumped to Muthirapalayam,New,WL/PY/DRKWATER/523639/2025,2025-02-11T13:28:24.400+00:00,,,0.0,5000.0,Public Works Department,,Wildlife clearance form,,,,"Augmentation of water supply for Puducherry by drawing 20 MLD of water from Oussudu lake, Puducherry",PUDUCHERRY,Villianur Taluk,KURUMBAPET,,,,Non - Linear,0.0,0.0,0.0,0.0,0.0,0.0,0.0,0.0,0,0,0,Not applicable as the project or activity is site specific,,NO,NO,NO,2025-02-11T15:27:30.284+00:00,,Puducherry,,https://parivesh.nic.in/dms/okm/downloadDocument?docTypemappingId=40829&refId=119711472&refType=caf&uuid=66e04d26-0cb4-419a-a547-49a849da2d00&version=1.1,804038,https://parivesh.nic.in/newupgrade/#/report/ec?proposalId=119823736,3665.0,1825.0
119955784,This projecct is for drawing 20 MLD of water from Oussudu lake for Domestic water consumption for the Public of Puducherry. No activities will be carried out inside the Oussudu lake. Intake well will be constructed 110 m away from Oussudu lake along Pallavaikal Channel and water will be pumped to Muthirapalayam,New,WL/PY/DRKWATER/523915/2025,2025-02-13T07:08:00.536+00:00,,,0.0,5000.0,Public Works Department,,Wildlife clearance form,,,,"Augmentation of Water supply for Puducherry by drawing 20 MLD of water from Oussudu lake, Puducherry",PUDUCHERRY,Vanur,PERAMBAI,,,,Non - Linear,0.0,0.0,0.0,0.0,0.0,0.0,0.0,0.0,0,0,0,Not applicable as the project or activity is site specific,,YES,YES,NO,2025-02-13T12:19:44.045+00:00,,Viluppuram,,https://parivesh.nic.in/dms/okm/downloadDocument?docTypemappingId=40829&refId=119841005&refType=caf&uuid=28b28f59-5838-46ab-9558-9ce2aa1d54a6&version=1.0,632814,https://parivesh.nic.in/newupgrade/#/report/ec?proposalId=119955784,3665.0,1825.0
120223541,CONSTRUCTION OF BUILDING IN THE MENTIONED SITE FOR GUEST HOUSE,New,IA/PY/CRZ/524371/2025,2025-02-15T15:54:56.380+00:00,,Under Examination with SCZMA,0.01,2875000.0,RADJESVARY,,CRZ clearance form,CRZ,,,BUILDING NOC,PUDUCHERRY,Puducherry Taluk,THAVALAKUPPAM,,,PLOT No. 27,Linear,0.01,0.0,0.01,0.0,0.0,0.0,0.0,0.0,0,0,0,Not applicable as the project or activity is site specific,,NO,NO,NO,2025-06-25T07:17:24.796+00:00,,Puducherry,PLOT No. 27,https://parivesh.nic.in/dms/okm/downloadDocument?docTypemappingId=40829&refId=120222761&refType=caf&uuid=13d86890-c25b-4a5a-ba3d-a42eb45c4707&version=1.0,644919,https://parivesh.nic.in/newupgrade/#/report/ec?proposalId=120223541,1360.0,154.0
121036546,"Proposed construction of double storyed residential (2-Dwelling Units) building with stilt floor located at R.S.No. 178/3A, Cadastre No. 405, Patta No. 589, E.C.R. Road, Periyakalapet, Kalapet, Revenue Village, Oulgaret Municipality, Puducherry. The total land area is 1824 (Square feet) with a plot value and building construction value estimated after completion of Rs.45,65,000 (Rupees Forty-Five Lakhs Sixty-Five Thousand Rupees only). Land description: East to West towards Northern side 23.3 meter, towards southern side 23.1-meter, South-North towards bottom side 7.4 meter, towards upper side 7.3 meter, having an extent of 169.5 Square feet or 1824.5 Square feet of empty land required for CRZ-II clearance.",New,IA/PY/CRZ/525821/2025,2025-02-25T23:58:37.245+00:00,2026-03-17T06:08:36.303+00:00,CRZ Granted,0.016,4565000.0,sathiyamoorthy,,CRZ clearance form,CRZ,,,Proposed construction of double storyed residential (2-Dwelling Units) building with stilt floor,PUDUCHERRY,,,,IA/CRZ/532069/PCZMA/2025,,Non - Linear,0.016,0.0,0.016,0.0,0.0,0.0,0.0,0.0,0,0,0,NO,This is Residential House,NO,NO,NO,2025-02-26T00:43:11.020+00:00,,,,,,https://parivesh.nic.in/newupgrade/#/report/ec?proposalId=121036546,620.0,620.0
121291500,Production of white Ice Blocks for sea food preservation purpose,New,IA/PY/CRZ/526670/2025,2025-02-28T17:41:36.642+00:00,,DELISTED_BY_SYSTEM,0.0338,127.985,kalpana sivabalan,,CRZ clearance form,CRZ,,,ELLAIYAMMAN WHITE ICE PLANT,PUDUCHERRY,Karaikal Taluk,AKKARAVATTAM,,,"Plot 9,10; RS 46/5, TS 15/5 WARD-M, BLOCK-7",Linear,0.0338,0.0,0.0338,0.0,0.0,0.0,0.0,0.0,0,0,0,Not applicable as the project or activity is site specific,,NO,NO,NO,2025-04-21T17:55:07.052+00:00,,Karaikal,"Plot 9,10; RS 46/5, TS 15/5 WARD-M, BLOCK-7",https://parivesh.nic.in/dms/okm/downloadDocument?docTypemappingId=40829&refId=121240622&refType=caf&uuid=d3da68d4-c507-4f75-a2c0-a3b1a1697da7&version=1.0,804040,https://parivesh.nic.in/newupgrade/#/report/ec?proposalId=121291500,1400.0,3200.0
121706701,"Mrs. Anupriya
Proposed Construction of A Two Storeyed Residential Building, (1-Dwelling Unit) at RS.No228/3, Plot No.48, Peria Kalapet Village, Kalapet Revenue Village, Oulgaret Municipality, Puducherry.",New,IA/PY/CRZ/527833/2025,2025-03-05T14:46:54.296+00:00,2026-03-17T06:04:02.734+00:00,CRZ Granted,0.0015,107.88,sathianarayanan,,CRZ clearance form,CRZ,,,"Proposed Construction of A Two Storeyed Residential Building, (1-Dwelling Unit)",PUDUCHERRY,Ozhukarai Taluk,PILLAICHAVADY,,134155/PCZMA/CRZ/PY/2025,,Linear,0.0015,0.0,0.0015,0.0,0.0,0.0,0.0,0.0,0,0,0,Not applicable as the project or activity is site specific,,NO,NO,NO,2025-08-22T05:46:37.384+00:00,,Puducherry,,https://parivesh.nic.in/dms/okm/downloadDocument?docTypemappingId=40829&refId=119615919&refType=caf&uuid=5418b422-0c98-421a-8d28-8a510339cf0b&version=1.0,937514,https://parivesh.nic.in/newupgrade/#/report/ec?proposalId=121706701,10.0,1.0
122447417,"Proposed Construction of Single Storied Residential Building at R.S. No. 237/1 pt, 237/2, E Block - 10, TS. No. 18/2, 18/3, Dharmapuram Village, Karaikal",New,IA/PY/CRZ/529541/2025,2025-03-15T07:05:34.465+00:00,,DELISTED_BY_SYSTEM,0.0169,2650000.0,FARZANA,,CRZ clearance form,CRZ,,,"Proposed Construction of Single Storied Residential Building at R.S. No. 237/1 pt, 237/2, E Block - 10, TS. No. 18/2, 18/3, Dharmapuram Village, Karaikal",PUDUCHERRY,Karaikal Taluk,DHARMAPURAM,,,"R.S. No. 237/1 pt, 237/2, E Block - 10, TS. No. 18/2, 18/3, CADASTER W-40 pt, Patta No. 169, plot No. 28",Linear,0.0169,0.0,0.0169,0.0,0.0,0.0,0.0,0.0,0,0,0,Not applicable as the project or activity is site specific,,NO,NO,NO,2025-03-15T07:48:33.975+00:00,,Karaikal,"R.S. No. 237/1 pt, 237/2, E Block - 10, TS. No. 18/2, 18/3, CADASTER W-40 pt, Patta No. 169, plot No. 28",https://parivesh.nic.in/dms/okm/downloadDocument?docTypemappingId=40829&refId=122445935&refType=caf&uuid=58a34815-57c9-40a3-968c-722e76322d93&version=1.0,804040,https://parivesh.nic.in/newupgrade/#/report/ec?proposalId=122447417,7500.0,0.0
122517439,"Proposed Difluoromethane (R-32) and Ethylene Dichloride (EDC) Manufacturing Unit of Chemplast Sanmar Limited at Plot No. A-196, B-57, C-10, C-11, C-21, C-22, G-2, G-8,G-9, G-10 &amp; G-11, Pondicherry Industrial Promotion Development and Investment Corporation Limited (PIPDIC), Industrial Growth Centre, Polagam (Village), Karaikal (District), Puducherry",New,IA/PY/IND3/529760/2025,2025-03-17T06:53:26.794+00:00,2025-06-18T16:38:04.170+00:00,EC Granted,13.3146,80000.0,CHEMPLAST SANMAR LIMITED,,Environment clearance form,EC,A,,Proposed Difluoromethane (R-32) Manufacturing Unit,PUDUCHERRY,Karaikal Taluk,POLAGAM,IA-J-11011/21/2025-IA-II(I),,,Non - Linear,13.3146,0.0,13.3146,0.0,0.0,0.0,0.0,0.0,0,0,0,NO,"While two other sites at Cuddalore and Karaikal were examined, it has been proposed to setup the project at PIPDIC, Karaikal.",NO,NO,NO,2025-03-24T11:26:52.380+00:00,Located within industrial estates,Karaikal,,https://parivesh.nic.in/dms/okm/downloadDocument?docTypemappingId=40829&refId=117310887&refType=caf&uuid=bde504eb-6a8b-4551-9d46-0f8e83de73d6&version=1.0,644993,https://parivesh.nic.in/newupgrade/#/report/ec?proposalId=122517439,18650.0,47600.0
122625858,"Proposed Difluoromethane (R-32) and Ethylene Dichloride (EDC) Manufacturing Unit of Chemplast Sanmar Limited at Plot No. A-196, B-57, C-10, C-11, , C-21, C-22, G-2, G-8, G-9, G-10 & G-11, Pondicherry Industrial Promotion Development and Investment Corporation Limited (PIPDIC), Industrial Growth Centre, Polagam (Village), Karaikal (District), Puducherry",New,IA/PY/IND2/529969/2025,2025-03-18T07:02:22.855+00:00,,Proposal returned in present form,13.3146,80000.0,CHEMPLAST SANMAR LIMITED,,Environment clearance form,EC,A,,Proposed Ethylene Dichloride (EDC) Manufacturing Unit,PUDUCHERRY,Karaikal Taluk,POLAGAM,IA-J-11011/37/2025-IA-II,,,Non - Linear,13.3146,0.0,13.3146,0.0,0.0,0.0,0.0,0.0,0,0,0,NO,"While two other sites at Cuddalore and Karaikal were examined, it has been proposed to setup the project at PIPDIC, Karaikal.",NO,NO,NO,2025-03-18T11:41:34.466+00:00,Located within industrial estates,Karaikal,,https://parivesh.nic.in/dms/okm/downloadDocument?docTypemappingId=40829&refId=117282511&refType=caf&uuid=6957fd48-221c-439a-be58-1490deeeb7e2&version=1.0,644993,https://parivesh.nic.in/newupgrade/#/report/ec?proposalId=122625858,18650.0,47600.0
123642801,residential building (1 dwelling unit),New,IA/PY/CRZ/531565/2025,2025-03-27T09:24:18.108+00:00,,DELISTED_BY_SYSTEM,0.0,1099360.0,THANGAVEL SELVAM,,CRZ clearance form,CRZ,,,"Proposed Construction of two storeyed building at R.S.no.142/6C, Door no.27, South Street, Nallavadu, Ariyankuppam Commune, Puducherry",PUDUCHERRY,Puducherry Taluk,PURNANKUPPAM,,531565/PCZMA/CRZ/SCI/2025,142/6C,Linear,0.0,0.0,0.0,0.0,0.0,0.0,0.0,0.0,0,0,0,Not applicable as the project or activity is site specific,,NO,NO,NO,2025-06-28T12:02:34.983+00:00,,Puducherry,142/6C,https://parivesh.nic.in/dms/okm/downloadDocument?docTypemappingId=40829&refId=123639957&refType=caf&uuid=c915de90-5285-4476-aeac-a30898710d01&version=1.0,644920,https://parivesh.nic.in/newupgrade/#/report/ec?proposalId=123642801,904.0,904.0
123694523,"Proposed Construction of Two storeyed Heritage building Restoration at R.S. No 239/PT, Ward-D Block No. 32, Number and name of the Revenue Village No.40-Puducherry, Patta No. 2994, Puducherry Municipality, Puducherry-605001. Total land area is 830 (Square meter) with a plot value and building construction value estimated after completion of Rs.1,51,00,000 (One Core Fifty-One Lakhs only on completion of the building). Land Description: East-West bottom side 24.2 Meter, East-West Upper side 30.1 Meter, South-North towards East side 28.2 Meter, South North towards West side 25.6 Meter. Total land area 830 Sq.M required for CRZ Clearance.",New,IA/PY/CRZ/531661/2025,2025-03-27T13:35:20.480+00:00,2026-09-28T07:52:28.201+00:00,CRZ Granted,0.043,15100000.0,Jean paul rajarathnam,,CRZ clearance form,CRZ,,,Proposed Construction of Two storeyed Heritage building Restoration,PUDUCHERRY,Puducherry Taluk,PONDICHERRY(PUDUCHCHERI),11/70/2026-IA.III,531661/PCZMA/CRZ/SCI/2026,,Non - Linear,0.043,0.0,0.043,0.0,0.0,0.0,0.0,0.0,0,0,0,Not applicable as the project or activity is site specific,,NO,NO,NO,2025-11-25T13:53:02.940+00:00,,Puducherry,,https://parivesh.nic.in/dms/okm/downloadDocument?docTypemappingId=40829&refId=123692999&refType=caf&uuid=e50c0892-aa98-45d8-b100-276138a4fc2c&version=1.0,804036,https://parivesh.nic.in/newupgrade/#/report/ec?proposalId=123694523,1280.0,1265.0
123858029,CONSTRUCTION OF TWO STOREYED RESIDENTIAL BUILDING,New,IA/PY/CRZ/531978/2025,2025-03-29T09:04:19.209+00:00,,DELISTED_BY_SYSTEM,0.0091,1500000.0,SANTHANALAKSHMI,,CRZ clearance form,CRZ,,,"PROPOSED CONSTRUCTION OF TWO STOREYED RESIDENTIAL BUILDING (1 DWELLING UNIT ) AT THENGAITHITTU, PUDUCHERRY",PUDUCHERRY,Puducherry Taluk,THENGATHITTU,,,5/pt,Linear,0.0091,0.0,0.0091,0.0,0.0,0.0,0.0,0.0,0,0,0,Not applicable as the project or activity is site specific,,NO,NO,NO,2025-03-29T09:44:15.934+00:00,,Puducherry,5/pt,https://parivesh.nic.in/dms/okm/downloadDocument?docTypemappingId=40829&refId=123857486&refType=caf&uuid=2a261200-15ce-424c-9047-0184b6a87359&version=1.0,804036,https://parivesh.nic.in/newupgrade/#/report/ec?proposalId=123858029,4500.0,0.0
123924970,"Proposed Construction of Commercial Buildings Viz 1. Three Storeyed Administration - Cum- Guest Room Building. 2. Two storeyed guest room buildings (Block 1 & 2) and 3. Swimming pool. at R.S.No.1/2pt, 7/1pt, Plot No. B and C, Thavalakuppam Revenue Village, Ariyankuppam Commune Panchayat, Puducherry 605007. Total land area is 8903.71 Sq m (Square meter) with a plot value and building construction value estimated after completion of Rs. 3,92,65,000.00 (Three Crores Ninety-Two Lacks Sixty-Five Thousand Rupees on completion of the building). 
Land description 
1. R.S.No. 7/1, Cad. No 5 Part, 6, 7/1, 7/2, 7/3, 7/4, 7/5, Patta No.238 Includes 02 Hectare or 03 Kani, 96 Kuzhi, 3 Veesam of barren land as per land drawing bottom side Easter Part 01 Kani, 45 Kuzhi, 4 Veesam land area part “B” land area only.
2.  R.S.No.1/2, Cad.No.5 Part, 4/Part, 67/2, 66/Part, Patta No. 488 includes in 50 Kuzhi land area as per the land drawing one portion 06 Kuzhi land area part “C” barren land only.
Therefore,",New,IA/PY/CRZ/532069/2025,2025-03-30T14:20:10.851+00:00,2026-03-17T06:43:16.476+00:00,CRZ Granted,0.81,39265000.0,vidhya,,CRZ clearance form,CRZ,,,Proposed Construction of Commercial Buildings Viz 1. Three Storeyed Administration - Cum- Guest Room Building. 2. Two storeyed guest room buildings (Block 1 & 2) and 3. Swimming pool,PUDUCHERRY,Puducherry Taluk,Thavalakuppam,,144961/PY/CRZ/PCZMA/2025,"1/2Pt, 7/1 Pt",Non - Linear,0.81,0.0,0.81,0.0,0.0,0.0,0.0,0.0,0,0,0,Not applicable as the project or activity is site specific,,NO,NO,NO,2025-04-01T10:57:56.454+00:00,,Puducherry,"1/2Pt, 7/1 Pt",https://parivesh.nic.in/dms/okm/downloadDocument?docTypemappingId=40829&refId=123924272&refType=caf&uuid=7f08b119-f590-47f2-bd97-d508e4fd08c2&version=1.0,644919,https://parivesh.nic.in/newupgrade/#/report/ec?proposalId=123924970,17525.0,14025.0
124090473,"Construction of Double Storied Residential Building (Ground +1 floor) at No.111, Sapthagiri Nagar, Thengaithittu, Puducherry",New,IA/PY/CRZ/532525/2025,2025-04-02T11:23:07.981+00:00,,DELISTED_BY_SYSTEM,0.0091,230000.0,GAJALAKSHMI,,CRZ clearance form,CRZ,,,"Construction of Double Storied Residential Building (Ground +1 floor) at No.111, Sapthagiri Nagar, Thengaithittu, Puducherry",PUDUCHERRY,Puducherry Taluk,THENGATHITTU,,,,Linear,0.0091,0.0,0.0091,0.0,0.0,0.0,0.0,0.0,0,0,0,Not applicable as the project or activity is site specific,,NO,NO,NO,2025-04-02T11:39:24.582+00:00,,Puducherry,,https://parivesh.nic.in/dms/okm/downloadDocument?docTypemappingId=40829&refId=123775877&refType=caf&uuid=9d196861-30dc-402f-9b1c-1555610d0974&version=1.1,804036,https://parivesh.nic.in/newupgrade/#/report/ec?proposalId=124090473,1220.0,2800.0
125493663,"Madras Rubber Factory (MRF) was started by K. M. Mammen Mappillai as a toy balloon manufacturing unit in 1946 at Tiruvottiyur, Madras (now Chennai). In 1952, the company ventured into the manufacture of tread rubber.  Madras Rubber Factory limited was incorporated as a private company in November 1960 and ventured into manufacture of tyres in partnership with Mansfield Tire & Rubber company based in Ohio, United States.
MRF have Ten Manufacturing units all over India in which they are going for Expansion in Puducherry Unit and it is located at Eripakkam Village, Puducherry U.T. Existing Plant covered the Total Area of 31.177 Ha. Now we are proposed for expansion within the existing unit without increase in land area.",Expansion,SIA/PY/INFRA2/535101/2025,2025-04-24T05:18:56.230+00:00,2025-05-08T05:21:07.589+00:00,Standard ToR Granted,31.12,281852.0,M/S MRF LTD.,"Hubert Enviro Care Systems Pvt Ltd, Chennai",Environment clearance form,TOR,B1,Townships/ Area Development Projects / Rehabilitation Centres,“PROPOSED ADDITIONAL CONSTRUCTION OF NEW BUILDINGS TO THE EXISTING BUILDINGS OF INDUSTRIAL BUILDINGS” IN THE NAME OF M/S. MRF LIMITED,PUDUCHERRY,Bahour Taluk,ERIPAKKAM,,535101/PY/SEIAA/2025,,Non - Linear,31.12,0.0,31.12,0.0,0.0,0.0,242268.0,39584.0,0,0,0,Not applicable as the project or activity is site specific,,NO,NO,NO,2025-04-25T12:09:56.165+00:00,,Puducherry,,https://parivesh.nic.in/dms/okm/downloadDocument?docTypemappingId=40829&refId=125492015&refType=caf&uuid=413a188a-0bcf-4304-8191-59fefee5328a&version=1.0,644963,https://parivesh.nic.in/newupgrade/#/report/ec?proposalId=125493663,36500.0,14508750.0
125660983,"Mr.Chittaranjan Behera
Proposed Construction of Three Storeyed Residential Building (6-unit) with still floor (Parking) after demolishing the old two storeyed RCC Building at Ward B, Block No.14, TS No. 109, RS NO 88/4, old door no 50, new door no 30, pillaiyar koil street, vaithikuppam, puducherry Revenue village, puducherry municipality, puducherry",New,IA/PY/CRZ/535405/2025,2025-04-25T15:48:36.060+00:00,2026-03-17T06:29:42.425+00:00,CRZ Granted,0.0201,82.7683,sathianarayanan,,CRZ clearance form,CRZ,,,Proposed Construction of Three Storeyed Residential Building (6-unit) with still floor (Parking) after demolishing the old two storeyed RCC Building,PUDUCHERRY,Puducherry Taluk,PONDICHERRY(PUDUCHCHERI),,153379/PCZMA/CRZ/2025,88/4,Linear,0.0201,0.0,0.0201,0.0,0.0,0.0,0.0,0.0,0,0,0,Not applicable as the project or activity is site specific,,NO,NO,NO,2025-04-26T14:09:44.638+00:00,,Puducherry,88/4,https://parivesh.nic.in/dms/okm/downloadDocument?docTypemappingId=40829&refId=119616886&refType=caf&uuid=733dec4d-592c-4f4d-a7e1-db79811ca17d&version=1.0,804036,https://parivesh.nic.in/newupgrade/#/report/ec?proposalId=125660983,10.0,1.0
125693782,"Proposed Construction of Three Storeyed Residential Building at R.S. No. 239 (pt), T.S. No. 19/1, Ward - D, Block No. 30, R.S. No. 239 (pt), T.S. No. 19/1, Ward - D, Block No. 30, Old Door No. 27, New Door No. 43-A, Suffren Street, Puducherry",New,IA/PY/CRZ/535492/2025,2025-04-26T10:30:09.642+00:00,2026-07-16T06:26:22.533+00:00,CRZ Granted,0.0197,230.0,s. sivagnanam,,CRZ clearance form,CRZ,,,"Proposed Construction of Three Storeyed Residential Building at R.S. No. 239 (pt), T.S. No. 19/1, Ward - D, Block No. 30",PUDUCHERRY,Puducherry Taluk,PONDICHERRY(PUDUCHCHERI),,535492/PCZMA/CRZ/SCI/2026,"R.S, No.239 (pt), T.S. No. 19/1",Linear,0.0197,0.0,0.0197,0.0,0.0,0.0,0.0,0.0,0,0,0,Not applicable as the project or activity is site specific,,NO,NO,NO,2026-03-07T10:14:28.816+00:00,,Puducherry,"R.S, No.239 (pt), T.S. No. 19/1",https://parivesh.nic.in/dms/okm/downloadDocument?docTypemappingId=40829&refId=125683720&refType=caf&uuid=cca04b2e-9a3b-4cae-8909-06c38f33856b&version=1.0,804036,https://parivesh.nic.in/newupgrade/#/report/ec?proposalId=125693782,4500.0,0.0
126175692,"The Kalapet Coastal Protection Project involves the implementation of a strategically designed groyne field system along a 3.75 km stretch of shoreline between latitudes 12.010° to 12.042° North and longitudes 79.859° to 79.874° East, encompassing the villages of Pillaichavady, Pillaichavady (North), Chinna Kalapet, Periya Kalapet, and Ganapathchettikulam in Puducherry. Following extensive site assessment and consultation with stakeholders, the National Centre for Coastal Research (NCCR) has designed a comprehensive system comprising 9 longitudinal groynes (80m length) and 15 transitional groynes (45-60m length) to stabilize the eroding coastline. Construction specifications include the use of 3-tonne tetrapods for head sections in deeper waters and various grades of stone armor (500-2,000 kg) for trunk sections, with proper under-layers and core materials. This engineered solution aims to protect the immediate coastline while minimizing impacts on adjacent areas.",New,IA/PY/CRZ/536277/2025,2025-05-03T06:37:36.883+00:00,,Under Examination with SCZMA,37.5,3307.0,OFFICE OF THE EXECUTIVE ENGINEER IRRIGATION DIVISION PWD,,CRZ clearance form,CRZ,,,"Coastal Protection Measures on sea erosion for Chinnakalapet, Periyakalapet, Pillaichavady, Pillaichavady North, Ganapathychettikulam in Puducherry",PUDUCHERRY,Ozhukarai Taluk,PILLAICHAVADY,,,,Hybrid,37.5,0.0,37.5,0.0,0.0,0.0,0.0,0.0,0,0,0,Not applicable as the project or activity is site specific,,NO,NO,NO,2025-05-03T09:22:10.207+00:00,,Puducherry,,https://parivesh.nic.in/dms/okm/downloadDocument?docTypemappingId=40829&refId=126172493&refType=caf&uuid=dda8535b-8cc6-4ea5-b09d-eef2396e1bdc&version=1.0,937514,https://parivesh.nic.in/newupgrade/#/report/ec?proposalId=126175692,6.0,0.0
126543263,"Proposed Construction of Two storeyed Residential cum Residential (1 Dwelling unit) Building After Demolishing the Existing Ground floor AC Scheet & RCC (Toilet) Building. located at R.S. 124/1/A, Plot No.33, Sri Vishnu Nagar, Veerampattinum, Ariyankuppam Revenue Village, Ariyankuppam Commune, Puducherry. Total land area is 1200 (Square feet) with a plot value and building construction value estimated of Rs. 49,00,000.00 (Forty-nine lakhs only on both building and land value on completion of the building). Land description: According to the present settlement records, R.S.No.124/1/A, Cadastre No. 534, Patta No.899, East West 20 feet, South North 60 feet, totally 1200 Square Feet of land are required for CRZ clearance.  The land use of the site and drawings are in conformity with the provisions of the Comprehensive Development plan area of Puducherry Region - 2036 and Bye Laws. The drawings are in conformity with the provisions of Puducherry Building Bye-Laws and Zoning Regulations, 201",New,IA/PY/CRZ/536924/2025,2025-05-08T13:21:56.098+00:00,2026-03-17T05:57:57.438+00:00,CRZ Granted,0.011,4900000.0,m agelia,,CRZ clearance form,CRZ,,,Proposed Construction of Two storeyed Residential (1 Dwelling unit) Building After Demolishing the Existing Ground floor AC Sheet & RCC (Toilet) Building.,PUDUCHERRY,Puducherry Taluk,ARIANKUPPAM,,PCZMA/CRZ/536924/SCI/2025,,Non - Linear,0.011,0.0,0.011,0.0,0.0,0.0,0.0,0.0,0,0,0,Not applicable as the project or activity is site specific,,NO,NO,NO,2025-05-21T04:49:22.547+00:00,,Puducherry,,https://parivesh.nic.in/dms/okm/downloadDocument?docTypemappingId=40829&refId=126542168&refType=caf&uuid=66cf96dc-f9fc-4d6d-aaca-ddd273049b56&version=1.0,804036,https://parivesh.nic.in/newupgrade/#/report/ec?proposalId=126543263,29.0,605.0
127384892,"Proposed Difluoromethane (R-32) and Ethylene Dichloride (EDC) Manufacturing Unit of Chemplast Sanmar Limited at Plot No. A-196, B-57, C-10, C-11, , C-21, C-22, G-2, G-8, G-9, G-10 & G-11, Pondicherry Industrial Promotion Development and Investment Corporation Limited (PIPDIC), Industrial Growth Centre, Polagam (Village), Karaikal (District), Puducherry",New,IA/PY/IND2/538306/2025,2025-05-20T06:08:58.856+00:00,2025-07-05T14:35:59.214+00:00,EC Granted,13.3146,80000.0,CHEMPLAST SANMAR LIMITED,,Environment clearance form,EC,A,,Proposed Ethylene Dichloride (EDC) Manufacturing Unit,PUDUCHERRY,Karaikal Taluk,POLAGAM,IA-J-11011/37/2025-IA-II,,,Non - Linear,13.3146,0.0,13.3146,0.0,0.0,0.0,0.0,0.0,0,0,0,NO,"While two other sites at Cuddalore and Karaikal were examined, it has been proposed to setup the project at PIPDIC, Karaikal.",NO,NO,NO,2025-06-03T07:31:24.349+00:00,Located within industrial estates,Karaikal,,https://parivesh.nic.in/dms/okm/downloadDocument?docTypemappingId=40829&refId=117282511&refType=caf&uuid=6957fd48-221c-439a-be58-1490deeeb7e2&version=1.0,644993,https://parivesh.nic.in/newupgrade/#/report/ec?proposalId=127384892,18650.0,47600.0
127490805,"Proposed Development of Resorts(Hotel) Building at survey no 131/3, 131/4, 131/5, 131/6, 131/18, 151/1, 151/2, 152/4, 152/5, 152/6, 153/2pt, 156/1, 156/3, 156/4, 156/5 and 156/6pt in Kirumambakkam village, Bahour taluk, Puducherry by Ms. Kavitha Amarnath. 
The project falls under CRZ III, CRZ III (NDZ), CRZ IB, CRZ IV (B). The total area of the project is 43590.5 sq. m. The plot coverage area is 5626.05 sq.m, car parking area is 4788.35 sq.m, landscape area will be 9230.49 sq.m and vacant land will be 23945.6 sq.m. The built up area is 9442.44 sq.m. The Ground floor area is 5626.05 sq.m and first floor area is 3816.39 sq. m. The proposed project includes Security I & II, Reception, Multipurpose Hall, Restaurant, Kitchen, Toilets, Guest Room Building - Block No.2 (No of Rooms 50) Block No.3 (No of Rooms – 18) Total No of Rooms - 68, Swimming Pool, Spa, Gym, Indoor Play area and Statue.",New,IA/PY/CRZ/538454/2025,2025-05-21T06:27:48.329+00:00,2026-05-13T09:30:14.624+00:00,CRZ Granted,4.359,3000.0,A Kavitha,,CRZ clearance form,CRZ,,,Development of Resorts (Hotel) Building,PUDUCHERRY,Bahour Taluk,KIRUMAMPAKKAM,11/20/2026-IA.III,538454/PCZMA/CRZ/2025,,Non - Linear,0.0,4.359,4.359,0.0,0.0,0.0,0.0,0.0,0,0,0,NO,This is a beach resort,NO,NO,NO,2025-10-08T04:36:11.582+00:00,,Puducherry,,https://parivesh.nic.in/dms/okm/downloadDocument?docTypemappingId=40829&refId=127336037&refType=caf&uuid=481a3321-5e22-4e80-8cd8-fb494563fbb5&version=1.0,644971,https://parivesh.nic.in/newupgrade/#/report/ec?proposalId=127490805,25550.0,1058500.0
128984860,"The project site spans a total land area of 28,553 sq.m., located in T.S. Nos. F/28/77, F/28/89, G/3/5/1, G/3/5/2, and G/3/5/6 (part) in Karaikal, Puducherry. The proposal involves the construction of a Government General Hospital complex comprising 3 blocks and a utility building, with a total proposed built-up area of 33,846 sq.m.
This project falls under Item No. 8(a) of the EIA Notification, 2006 and its subsequent amendments, and is classified as a Category B2 – Building and Construction Project. The layout plan of the proposed development is enclosed as Annexure 2..",Expansion,SIA/PY/INFRA2/540100/2025,2025-06-02T12:05:00.609+00:00,2025-09-23T11:50:06.537+00:00,EC Granted,2.8553,12600.0,GOVERNMENT GENERAL HOSPITAL KARAIKAL,"Hubert Enviro Care Systems Pvt Ltd, Chennai",Environment clearance form,TOR,B2,Building / Construction,M/s. GOVERNMENT GENERAL HOSPITAL,PUDUCHERRY,Karaikal Taluk,KARAIKAL,,540100/SEAC/PDY/2025,,Linear,2.8553,0.0,2.8553,0.0,0.0,0.0,5000.0,7600.0,0,0,0,NO,NIL,YES,NO,NO,2025-06-04T13:08:59.202+00:00,,Karaikal,,https://parivesh.nic.in/dms/okm/downloadDocument?docTypemappingId=40829&refId=128963744&refType=caf&uuid=aae6a618-49d1-4ce0-99d9-443f196f819a&version=1.0,804040,https://parivesh.nic.in/newupgrade/#/report/ec?proposalId=128984860,18250.0,759000.0
130195515,"Proposed constrcution of Two storied residential at R.S.No.108/22pt, Ward-A, Block-22, T.S.No.24/1/A/1&24/1/A/2, Puducherry Revenue village, Puducherry",New,IA/PY/CRZ/541886/2025,2025-06-18T08:03:00.603+00:00,,DELISTED_BY_SYSTEM,0.0,2300000.0,POORNIMA,,CRZ clearance form,CRZ,,,"Proposed constrcution of Two storied residential at R.S.No.108/22pt, Ward-A, Block-22, T.S.No.24/1/A/1&24/1/A/2, Puducherry Revenue village, Puducherry",PUDUCHERRY,Puducherry Taluk,PONDICHERRY(PUDUCHCHERI),,,R.S.No.108/22pt,Linear,0.0,0.0,0.0,0.0,0.0,0.0,0.0,0.0,0,0,0,Not applicable as the project or activity is site specific,,NO,NO,NO,2025-06-18T08:25:36.961+00:00,,Puducherry,R.S.No.108/22pt,https://parivesh.nic.in/dms/okm/downloadDocument?docTypemappingId=40829&refId=130146307&refType=caf&uuid=f5ac0db8-2143-4fd7-811b-e0e1d37af9eb&version=1.0,804036,https://parivesh.nic.in/newupgrade/#/report/ec?proposalId=130195515,0.0,0.0
130278289,"Madras Rubber Factory (MRF) was started by K. M. Mammen Mappillai as a toy balloon manufacturing unit in 1946 at Tiruvottiyur, Madras (now Chennai). In 1952, the company ventured into the manufacture of tread rubber.  Madras Rubber Factory limited was incorporated as a private company in November 1960 and ventured into manufacture of tyres in partnership with Mansfield Tire & Rubber company based in Ohio, United States.
MRF have Ten Manufacturing units all over India in which they are going for Expansion in Puducherry Unit and it is located at Eripakkam Village, Puducherry U.T. Existing Plant covered the Total Area of 31.177 Ha. Now we are proposed for expansion within the existing unit without increase in land area.",Expansion,SIA/PY/INFRA2/542030/2025,2025-06-19T07:10:06.603+00:00,2026-06-08T13:36:31.667+00:00,EC Granted,31.12,281852.0,M/S MRF LTD.,,Environment clearance form,EC,B1,,“PROPOSED ADDITIONAL CONSTRUCTION OF NEW BUILDINGS TO THE EXISTING BUILDINGS OF INDUSTRIAL BUILDINGS” IN THE NAME OF M/S. MRF LIMITED,PUDUCHERRY,Bahour Taluk,ERIPAKKAM,,542030/SEAC/PDY/2025,,Non - Linear,31.12,0.0,31.12,0.0,0.0,0.0,242268.0,39584.0,0,0,0,Not applicable as the project or activity is site specific,,NO,NO,NO,2025-06-19T14:53:28.917+00:00,Building or Construction projects or Area Development projects or Townships,Puducherry,,https://parivesh.nic.in/dms/okm/downloadDocument?docTypemappingId=40829&refId=125492015&refType=caf&uuid=413a188a-0bcf-4304-8191-59fefee5328a&version=1.0,644963,https://parivesh.nic.in/newupgrade/#/report/ec?proposalId=130278289,36500.0,14508750.0
130577673,"Proposed Construction of a Two Storeyed Residential Building (2 Dwelling Units) With Stilt Floor after Demolishing Existing Two Storeyed MTR / RCC Roof Building at R.S.No. 239pt , Door No.5, T.S.No.147, Ward-C, Block No. 19, Ambalathadaiyar madam Street, Puducherry Revenue Village, Puducherry Municipality, Puducherry",New,IA/PY/CRZ/542434/2025,2025-06-23T09:33:34.314+00:00,2026-03-17T06:19:26.732+00:00,CRZ Granted,0.0226,86.24,Desikan narasimhan,,CRZ clearance form,CRZ,,,Proposed Construction of a  Two Storeyed Residential Building  (2 Dwelling Units) With Stilt Floor after Demolishing Existing Two Storeyed MTR / RCC Roof Building,PUDUCHERRY,Puducherry Taluk,PONDICHERRY(PUDUCHCHERI),,542434/PCZMA/CRZ/SCI,"R.S.No. 239 pt , Door No.5,  T.S.No.147, Ward-C, Block No. 19,",Linear,0.0226,0.0,0.0226,0.0,0.0,0.0,0.0,0.0,0,0,0,Not applicable as the project or activity is site specific,,NO,NO,NO,2025-06-23T14:56:19.437+00:00,,Puducherry,"R.S.No. 239 pt , Door No.5,  T.S.No.147, Ward-C, Block No. 19,",https://parivesh.nic.in/dms/okm/downloadDocument?docTypemappingId=40829&refId=130575145&refType=caf&uuid=d1d11e54-2cd4-4f70-8140-baae72e2acb1&version=1.0,804036,https://parivesh.nic.in/newupgrade/#/report/ec?proposalId=130577673,7200.0,2.0
131574205,"R.S.no.232/10, Perumal Koil Street(Therodum Mela Veethi), Periyakalapet, Kalapet  Rev. Village, Oulgaret Municipality, Puducherry.",New,IA/PY/CRZ/543938/2025,2025-07-06T12:33:53.997+00:00,,DELISTED_BY_SYSTEM,0.0,355600.0,THANGAVEL SELVAM,,CRZ clearance form,CRZ,,,Proposed construction of single  storeyed  residential building  (1 dwelling unit)  at R.S.no. 232/10.,PUDUCHERRY,Ozhukarai Taluk,KALAPET,,,232/10,Linear,0.0,0.0,0.0,0.0,0.0,0.0,0.0,0.0,0,0,0,Not applicable as the project or activity is site specific,,NO,NO,NO,2025-07-06T12:48:49.173+00:00,,Puducherry,232/10,https://parivesh.nic.in/dms/okm/downloadDocument?docTypemappingId=40829&refId=131574054&refType=caf&uuid=04fcbd03-04c8-4968-bc47-95990d99cbdf&version=1.0,937516,https://parivesh.nic.in/newupgrade/#/report/ec?proposalId=131574205,1805.0,1805.0
132558393,"Establishment of Institute of Driving Training and Research (IDTR) at Thangathittu Revenue Village, Puducherry at Ward-P, Block-13, T. S No. 1/1A, 1/1B, 1/1C, 1/2, 1/3, 2/1 and 2/2A",New,IA/PY/CRZ/545619/2025,2025-07-22T11:06:26.269+00:00,,Recommend to Town Planner Authority,4.2442,2461.8,Transport department puducherry,,CRZ clearance form,CRZ,,,Establishment of Institute of Driving Training and Research (IDTR) at Thengathittu Revenue Village Puducherry,PUDUCHERRY,Puducherry Taluk,THENGATHITTU,,545619/PCZMA/CRZ/SCI/2025,Ward-P Block-13 T. S No. 1/1A 1/1B 1/1C 1/2 1/3 2/1 and 2/2A,Non - Linear,4.2442,0.0,4.2442,0.0,0.0,0.0,0.0,0.0,0,0,0,Not applicable as the project or activity is site specific,,NO,NO,NO,2025-07-22T12:18:05.060+00:00,,Puducherry,Ward-P Block-13 T. S No. 1/1A 1/1B 1/1C 1/2 1/3 2/1 and 2/2A,https://parivesh.nic.in/dms/okm/downloadDocument?docTypemappingId=40829&refId=132554904&refType=caf&uuid=b78a6410-c28b-4bfa-998d-7c449eb2690c&version=1.0,804036,https://parivesh.nic.in/newupgrade/#/report/ec?proposalId=132558393,16200.0,7500.0
132577458,"Proposed Construction of Three storeyed Commercial cum Residential Building with stilt floor (2 shops 1 Dwelling units) after demolishing the existing single storeyed building located at R.S. 239 Pt, T.S. No.121/1, Ward-C, Block No.24, Old door No. 34, New door No.38, Dupuy Street, Puducherry Revenue Village, Puducherry Municipality, Puducherry. 605001. Total land area is 2222 (Square feet) with a plot value and building construction value estimated of Rs. 15298340.00 (One crore fifty-two lakhs ninety-eight thousand three hundred and forty rupees on completion of the building). Land description: Both sides of East to West 30 feet 09 ½ inches, both sides of South to North 73 feet 3 inches, having an extent of 2255.35 square feet of land with R.C.C old building required for CRZ clearance.",New,IA/PY/CRZ/545652/2025,2025-07-22T13:23:16.020+00:00,2026-03-17T06:40:39.919+00:00,CRZ Granted,0.02,15298340.0,Shalini r,,CRZ clearance form,CRZ,,,Proposed Construction of Three storeyed Commercial cum Residential Buildings with stilt floor (2 shops 1 Dwelling units) after demolishing the existing single storeyed building,PUDUCHERRY,Puducherry Taluk,PONDICHERRY(PUDUCHCHERI),,197124/PCZMA/CRZ/ 2025,"R.S. 239 Pt, T.S. No.129/1, Ward-C, Block No.24, Old door No. 34, New door No.38 New No.38",Non - Linear,0.02,0.0,0.02,0.0,0.0,0.0,0.0,0.0,0,0,0,Not applicable as the project or activity is site specific,,NO,NO,NO,2025-08-28T10:47:05.145+00:00,,Puducherry,"R.S. 239 Pt, T.S. No.129/1, Ward-C, Block No.24, Old door No. 34, New door No.38 New No.38",https://parivesh.nic.in/dms/okm/downloadDocument?docTypemappingId=40829&refId=132575653&refType=caf&uuid=3d877175-e8ae-41be-8801-93d6c2c4a072&version=1.0,804036,https://parivesh.nic.in/newupgrade/#/report/ec?proposalId=132577458,4416.0,4396.0
132945439,"Proposed Construction of Two Storeyed Residential Building with stilt floor (2 Dwelling units) Located at R.S. No. 198/5APT, Cadastree No. 899PT, Patta No. 1187, Ward-B, Block No. 17, T.S.No.32, Village No.40, Old Door No. 66, After Door No. 12, New Door No. 21, Puducherry Revenue Village, Vazhaikulam, Appavou Nagar, Puducherry Municipality, Puducherry-605003. Total land area is 1200 (Square feet) with a plot value and building construction value estimated Rs. 70,00,000 (Seventy lakhs on completion of the building). Land description: East West 20 feet, North South 60 feet, totally 1200 Square feet of plot area required for CRZ clearance.",New,IA/PY/CRZ/546299/2025,2025-07-28T11:57:15.718+00:00,2026-03-17T06:33:22.554+00:00,CRZ Granted,0.011,7000000.0,saranesh,,CRZ clearance form,CRZ,,,Proposed Construction of Two Storeyed Residential Building with stilt floor (2 Dwelling units),PUDUCHERRY,Puducherry Taluk,PONDICHERRY(PUDUCHCHERI),,19724/PCZMA/CRZ/SCI/2025,,Non - Linear,0.011,0.0,0.011,0.0,0.0,0.0,0.0,0.0,0,0,0,Not applicable as the project or activity is site specific,,NO,NO,NO,2025-07-28T12:37:29.767+00:00,,Puducherry,,https://parivesh.nic.in/dms/okm/downloadDocument?docTypemappingId=40829&refId=132943234&refType=caf&uuid=d1c4ea9c-b5e4-4504-909b-75ed5f87dac6&version=1.0,804036,https://parivesh.nic.in/newupgrade/#/report/ec?proposalId=132945439,1816.0,1816.0
135132983,"The Karaikal Fishing Harbour, located in Karukalacherry, Oduthurai Revenue Village, Karaikal District, Puducherry, currently spans 28.25 ha, of which 1.4976 ha is developed. As part of its expansion, an additional 9.38 ha of land and a 12,299.41 sq.m beach landing slope along the Arasalar River will be developed to establish a Smart and Integrated Fishing Harbour. The upgraded facility is planned to accommodate 457 fishing vessels, including 209 FRP motorised crafts, 248 trawlers of varying sizes, and 5 tuna boats. The project will feature modern waterside and shore-based infrastructure such as fish handling and auction halls, tuna grading and packing facilities, net mending and drying areas, ice plant (75 T/day), fish processing units, fuel storage, boat repair sheds, and fishermen amenities. It will also include an ETP, STP, RC diaphragm wall, communication facilities, and essential utilities like roads, water, electricity, drainage, and sanitation, strengthening fisheries and export",Expansion,IA/PY/CRZ/549607/2025,2025-08-28T12:11:52.589+00:00,2026-02-19T10:32:34.256+00:00,CRZ Granted,28.25,35218.68,A Mohamad ismail,,CRZ clearance form,CRZ,,,"Proposed Development of Smart and Integrated Fishing Harbour in Ward-L, Block-7, T.S.No.15, R.S No.199, Karukalacherry, Oduthurai Revenue Village, Karaikal Municipality, Karaikal District, Union Territory of Puducherry",PUDUCHERRY,Karaikal Taluk,ODUTHURAI,,549607/PCZMA/CRZ/2025,,Hybrid,28.25,0.0,28.25,0.0,0.0,0.0,22201.68,13017.0,0,0,0,Not applicable as the project or activity is site specific,,NO,YES,NO,2025-08-28T15:27:15.908+00:00,,Karaikal,,https://parivesh.nic.in/dms/okm/downloadDocument?docTypemappingId=40829&refId=135121697&refType=caf&uuid=9129eaf6-4a19-4049-af8c-7edd4da57d80&version=1.0,804040,https://parivesh.nic.in/newupgrade/#/report/ec?proposalId=135132983,55590.0,3685.0
135976473,"Proposed Construction of Single Storeyed Residential Building ( 1 Dwelling Unit) at R.S No.196/1B/2, ECR Road, Pillaichavady, Pillaichavady Revenue Village, Oulgaret Municipality, Puducherry By Mini C Nair",New,IA/PY/CRZ/551006/2025,2025-09-09T14:23:26.963+00:00,2026-03-17T06:38:04.229+00:00,CRZ Granted,0.0201,5558642.0,KALIYAMMAL,,CRZ clearance form,CRZ,,,Proposed Construction of Single Storeyed Residential Building (1-Dwelling Unit),PUDUCHERRY,Ozhukarai Taluk,PILLAICHAVADY,,551006/PCZMA/CRZ/2025,196/1B/2,Linear,0.0201,0.0,0.0201,0.0,0.0,0.0,0.0,0.0,0,0,0,Not applicable as the project or activity is site specific,,NO,NO,NO,2025-09-24T00:42:40.049+00:00,,Puducherry,196/1B/2,https://parivesh.nic.in/dms/okm/downloadDocument?docTypemappingId=40829&refId=135896703&refType=caf&uuid=b1a93b8c-c001-4e12-98f6-b10516101cfa&version=1.0,937514,https://parivesh.nic.in/newupgrade/#/report/ec?proposalId=135976473,1980.0,360.0
138240280,"Expansion of Caustic Soda in the existing manufacturing plant located at R.S NO. 33 (part), 34 (part), 36 (part), 37 (part), 38 (part), 39 (part), 40 (part), 42 (part), 43(part), 44(part), Vanjore Village, T.R Pattinam Commune, Karaikal  – 609602",Expansion,IA/PY/IND3/555425/2026,2025-10-16T12:03:43.488+00:00,,EDS Raised,16.188,61400.0,CHEMPLAST SANMAR LIMITED,,Environment clearance form,EC,A,,Expansion of Caustic Soda Manufacturing Unit of Chemplast Sanmar Limited-Karaikal,PUDUCHERRY,Karaikal Taluk,VANJIYUR,J-11011/24/96-IA.II (I),,,Non - Linear,16.188,0.0,16.188,0.0,0.0,0.0,36400.0,25000.0,0,0,0,Not applicable as the project or activity is site specific,,NO,NO,NO,2026-09-05T08:25:11.786+00:00,,Karaikal,,https://parivesh.nic.in/dms/okm/downloadDocument?docTypemappingId=40829&refId=6783148&refType=caf&uuid=41cec2a8-93f9-4263-baf3-2f08a3244a4c&version=1.0;https://parivesh.nic.in/dms/okm/downloadDocument?docTypemappingId=40829&refId=52740210&refType=caf&uuid=229db960-47fc-4f58-aaa0-884f9cc0329e&version=1.0,644994,https://parivesh.nic.in/newupgrade/#/report/ec?proposalId=138240280,3850.0,36600.0
138451402,two storeyed commercial building,New,IA/PY/CRZ/555760/2025,2025-10-22T10:57:43.606+00:00,,DELISTED_BY_SYSTEM,0.0,2266600.0,THANGAVEL SELVAM,,CRZ clearance form,CRZ,,,"Proposed construction of two storeyed commercial building at R.S.no.239pt, T.S.no.1, Ward-D, Block-30, Suffren Street, Bazar Saint Laurent Street(Corner), Puducherry Town, Puducherry Rev. Village, Puducherry Municipality, Puducherry",PUDUCHERRY,Puducherry Taluk,PONDICHERRY(PUDUCHCHERI),,,R.S.no.239pt,Linear,0.0,0.0,0.0,0.0,0.0,0.0,0.0,0.0,0,0,0,Not applicable as the project or activity is site specific,,NO,NO,NO,2025-10-22T11:23:01.392+00:00,,Puducherry,R.S.no.239pt,https://parivesh.nic.in/dms/okm/downloadDocument?docTypemappingId=40829&refId=138449619&refType=caf&uuid=b270b30b-581f-4803-964d-b074709b477c&version=1.0,804036,https://parivesh.nic.in/newupgrade/#/report/ec?proposalId=138451402,4510.0,2410.0
140923778,"Proposal for Amendment in Granted TORs vide Letter No. J-11011/24/96-IA. II (I) & Identification No. TO23A2301PY5752772N Dated 21/09/2023 for Expansion of EDC in the existing manufacturing plant located at R.S NO. 33 (part), 34 (part), 36 (part), 37 (part), 38 (part), 39 (part), 40 (part), 42 (part), 43(part), 44(part), Vanjore Village, T.R Pattinam Commune, Karaikal - 609602",Expansion,IA/PY/IND2/556469/2026,2025-10-29T11:23:39.105+00:00,,Under Examination,15.79,61400.0,CHEMPLAST SANMAR LIMITED,,Environment clearance form,EC,A,,Expansion of EDC Manufacturing Unit of Chemplast Sanmar Limited-Karaikal,PUDUCHERRY,Karaikal Taluk,VANJIYUR,J-11011/24/96-IA.II (I),,,Non - Linear,15.79,0.0,15.79,0.0,0.0,0.0,36400.0,25000.0,0,0,0,Not applicable as the project or activity is site specific,,NO,NO,NO,2026-09-05T08:38:46.706+00:00,,Karaikal,,https://parivesh.nic.in/dms/okm/downloadDocument?docTypemappingId=40829&refId=6850429&refType=caf&uuid=b8c7fe87-6441-4a27-a9ab-3db2443352e0&version=1.0;https://parivesh.nic.in/dms/okm/downloadDocument?docTypemappingId=40829&refId=6850429&refType=caf&uuid=2a957db9-cf84-4ca3-854f-a84bb6a9d7ad&version=1.0,644994,https://parivesh.nic.in/newupgrade/#/report/ec?proposalId=140923778,3850.0,36600.0
879900778,"Proposed construction of two storeyed Commercial building (1-Shop & Office). at RS no. 151/3/A, ECR Road, ChinnaKalapet, Pillaichavady  Revenue Village, Oulgaret Municipality, Puducherry -605014",New,IA/PY/CRZ/560942/2025,2025-12-08T04:42:11.907+00:00,2026-07-16T06:55:18.341+00:00,CRZ Granted,0.0271,49.52,saradha,,CRZ clearance form,CRZ,,,Proposed construction of two storeyed Comercial building,PUDUCHERRY,Ozhukarai Taluk,PILLAICHAVADY,,560942/PCZMA/CRZ/SCI/2026,,Linear,0.0271,0.0,0.0271,0.0,0.0,0.0,0.0,0.0,0,0,0,Not applicable as the project or activity is site specific,,NO,NO,NO,2026-02-03T05:43:11.841+00:00,,Puducherry,,https://parivesh.nic.in/dms/okm/downloadDocument?docTypemappingId=40829&refId=879422578&refType=caf&uuid=6ad6c88e-c61e-4ed5-9c5c-874815fe4528&version=1.0,937514,https://parivesh.nic.in/newupgrade/#/report/ec?proposalId=879900778,4200.0,3670.0
1142104378,construction of two storeyed Residential building,New,IA/PY/CRZ/562573/2025,2025-12-21T13:00:46.626+00:00,2026-07-16T06:51:13.600+00:00,CRZ Granted,0.0329,353.578,mouhamad isack,,CRZ clearance form,CRZ,,,Proposed Construction of a two storied Residential Building (3 Dwelling Units) after Demolishing the Existing Two Storeyed Madras Terraced Roof Building,PUDUCHERRY,Puducherry Taluk,PONDICHERRY(PUDUCHCHERI),,562573/PCZMA/CRZ/SCI/2026,"T.S. No. 105, 108",Non - Linear,0.0329,0.0,0.0329,0.0,0.0,0.0,0.0,0.0,0,0,0,Not applicable as the project or activity is site specific,,NO,NO,NO,2025-12-21T14:40:07.262+00:00,,Puducherry,"T.S. No. 105, 108",https://parivesh.nic.in/dms/okm/downloadDocument?docTypemappingId=40829&refId=1026720978&refType=caf&uuid=c5ebfb10-d160-4e75-a254-3356d0a85ae0&version=1.0,804036,https://parivesh.nic.in/newupgrade/#/report/ec?proposalId=1142104378,1800.0,20.0
1209345413,Proposed  project  is a  Construction of Additional buildings for Existing Auto Electrical components manufacturing unit,Expansion,SIA/PY/INFRA2/563136/2026,2025-12-26T05:54:13.630+00:00,2026-07-21T06:14:01.109+00:00,EC Granted,12.454,14640.4,LUCAS TVS LIMITED,"Hubert Enviro Care Systems Pvt Ltd, Chennai",Environment clearance form,TOR,B2,Building / Construction,Construction of Additional buildings for Existing Auto Electrical components manufacturing unit,PUDUCHERRY,Bahour Taluk,ERIPAKKAM,,563136/PDY/SEAC/LUCAS/2026,,Non - Linear,12.454,0.0,12.454,0.0,0.0,0.0,13840.4,800.0,0,0,0,NO,NA,NO,NO,NO,2026-03-31T06:50:19.475+00:00,,Puducherry,,https://parivesh.nic.in/dms/okm/downloadDocument?docTypemappingId=40829&refId=1209330008&refType=caf&uuid=7141f295-5be9-48fd-9036-6bb2896540a1&version=1.0,644963,https://parivesh.nic.in/newupgrade/#/report/ec?proposalId=1209345413,100.0,2550000.0
1217645746,"Proposed Construction of Two Storied Commercial Building Located at R.S. No. 239 (Pt), T.S. No. 80, 81(Pt), Ward-D, Block No.26, H.M.Kasim Salai, Puducherry, Puducherry Revenue Village, Puducherry Municipality, Puducherry-605001. Total land area is 1052 (Square mtrs) or 11319.52 Sq.ft with a plot value and building construction value estimated Rs. Rs. 25,052,762.13 (Two Crores Fifty-two Lakhs Seven Hundred and Sixty-two and Thirteen Rupees on completion of the building). Land description: South North on the Eastern side 24.8 mtrs, on the western side 24.15 mtrs, East West on the Southern side 43.2 mtrs, on the Northern side 43.2 mtrs, having an extent of totally 1052 Square mtrs or 11319.52 Sq. ft of plot area required for CRZ clearance.",New,IA/PY/CRZ/566905/2026,2026-01-27T08:28:55.609+00:00,2026-07-16T06:53:16.957+00:00,CRZ Granted,0.105,25052762.13,K Suresh,,CRZ clearance form,CRZ,,,Proposed Construction of Two Storied Commercial Building,PUDUCHERRY,Puducherry Taluk,PONDICHERRY(PUDUCHCHERI),,566905/PCZMA/CRZ/SCI/2026,,Non - Linear,0.105,0.0,0.105,0.0,0.0,0.0,0.0,0.0,0,0,0,Not applicable as the project or activity is site specific,,NO,NO,NO,2026-01-28T02:33:23.974+00:00,,Puducherry,,https://parivesh.nic.in/dms/okm/downloadDocument?docTypemappingId=40829&refId=1217637379&refType=caf&uuid=eace3868-a331-4808-9a75-ef286366d8c8&version=1.0,804036,https://parivesh.nic.in/newupgrade/#/report/ec?proposalId=1217645746,5126.0,5132.0
1218206529,Proposed Construction Four storeyed commercial building ( 1 Shop & 13 Rooms after demolishing the existing single storeyed building,New,IA/PY/CRZ/567659/2026,2026-02-02T10:44:06.011+00:00,2026-08-19T12:43:10.783+00:00,CRZ Granted,0.0,4.98,s. sivagnanam,,CRZ clearance form,CRZ,,,Proposed Construction Four storeyed commercial building ( 1 Shop & 13 Rooms after demolishing the existing single storeyed building,PUDUCHERRY,Puducherry Taluk,PONDICHERRY(PUDUCHCHERI),11/60/2026-IA.III,567659/PCZMA/CRZ/ SCI/2026,,Non - Linear,0.0,0.0,0.0,0.0,0.0,0.0,0.0,0.0,0,0,0,Not applicable as the project or activity is site specific,,NO,NO,NO,2026-02-27T12:32:14.557+00:00,,Puducherry,,https://parivesh.nic.in/dms/okm/downloadDocument?docTypemappingId=40829&refId=1218201855&refType=caf&uuid=406e9d3b-2ea3-4ffe-83e9-9fcb5ca1d85f&version=1.0,804036,https://parivesh.nic.in/newupgrade/#/report/ec?proposalId=1218206529,5810.0,27600.0
1219691415,"Existing Two Storied Residential Building (1 Dwelling Unit) Located at R.S.No.108/22pt, T.S.No.24/1/A/1, & 24/1/A/2, Ward- A, Block-22, No54-F, Ezhaimariamman Koil Street, Muthialpet, Puducherry Revenue Village, Puducherry Municipality, Puducherry. Total land area is 2595 Sq. ft with a plot value and building construction value estimated Rs. Rs. 67,11,850 (Sixty-Seven Lakhs Eleven Thousand Eight hundred & fifty only). Land description: Towards eastern side to the land area 7272 Sq. ft belongs to patta No.1607 South North on the Eastern side, east west towards north side14.80 mtrs, on the southern side 14.90 mtrs, South North both sides 24.00 mtrs, Area covered 3867 Sq.ft, bellow this plot’s bottom side one portion East West 2 feet 6 inches, South North 79 feet, area covered 197.5 Sq.ft of plot area. Towards upper side to the land area 7272 Sq. ft belongs to patta No.2156 one portion east west 6 inches, towards south north 79 feet area covered 39.5 Sq. feet of land area total plot area",New,IA/PY/CRZ/569625/2026,2026-02-18T13:02:15.935+00:00,,Accepted and Referred to SCZMA,0.024,6711850.0,krishnakumari,,CRZ clearance form,CRZ,,,Existing Two Storied Residential Building (1 Dwelling Unit),PUDUCHERRY,Puducherry Taluk,PONDICHERRY(PUDUCHCHERI),,569625/PCZMA/CRZ/SCI/2026,,Non - Linear,0.024,0.0,0.024,0.0,0.0,0.0,0.0,0.0,0,0,0,Not applicable as the project or activity is site specific,,NO,NO,NO,2026-02-18T14:17:13.179+00:00,,Puducherry,,https://parivesh.nic.in/dms/okm/downloadDocument?docTypemappingId=40829&refId=1219689952&refType=caf&uuid=6d15a1c6-90b8-4060-ab9f-10d59d25f5bc&version=1.0,804036,https://parivesh.nic.in/newupgrade/#/report/ec?proposalId=1219691415,812.0,1211.0
1219941908,Proposed Construction two story residential building with stilt floor,New,IA/PY/CRZ/569967/2026,2026-02-21T08:18:17.140+00:00,2026-07-16T06:18:08.669+00:00,CRZ Granted,0.028,112.0,srinivasan,,CRZ clearance form,CRZ,,,Residential Building,PUDUCHERRY,Puducherry Taluk,PONDICHERRY(PUDUCHCHERI),,569967/PCZMA/CRZ/CLR/2026,"WARD C , BLOCK NO 25, T.S NO 54, R.S.NO 239pt",Non - Linear,0.028,0.0,0.028,0.0,0.0,0.0,0.0,0.0,0,0,0,NO,Nil,NO,NO,NO,2026-03-09T14:52:43.681+00:00,,Puducherry,"WARD C , BLOCK NO 25, T.S NO 54, R.S.NO 239pt",https://parivesh.nic.in/dms/okm/downloadDocument?docTypemappingId=40829&refId=1219925388&refType=caf&uuid=9b5ee465-0f20-4e5e-a3bc-65919916b544&version=1.0,804036,https://parivesh.nic.in/newupgrade/#/report/ec?proposalId=1219941908,6365.0,830.0
1220182617,"Proposed construction of three storied residential Flats (7 units) building located at R.S. No.61/18pt, T.S.No. 18, Ward-A, Block 19, Plot No.32, Main road, Sapthagiri Garden, Muthialpet, Puducherry Rev. Village, Puducherry Municipality, Puducherry by Mr. A. Selvanathan",New,IA/PY/CRZ/570294/2026,2026-02-24T11:11:14.176+00:00,2026-07-16T06:57:04.861+00:00,CRZ Granted,0.0,86.0,selvanathan,,CRZ clearance form,CRZ,,,Proposed Construction of Three Storied Residential Flats Building,PUDUCHERRY,Puducherry Taluk,PONDICHERRY(PUDUCHCHERI),,570294/PCZMA/CRZ/SCI/2026,61,Non - Linear,0.0,0.0,0.0,0.0,0.0,0.0,0.0,0.0,0,0,0,Not applicable as the project or activity is site specific,,NO,NO,NO,2026-02-24T12:00:51.748+00:00,,Puducherry,61,https://parivesh.nic.in/dms/okm/downloadDocument?docTypemappingId=40829&refId=1220181330&refType=caf&uuid=0543e69f-4996-41f5-8f00-57f7f617e7b3&version=1.0,804036,https://parivesh.nic.in/newupgrade/#/report/ec?proposalId=1220182617,10.0,3600.0
1220685231,"A Commercial Hotel of build up area of 507.14 sqm. with stilt + 4 storied is proposed at R.S.No. 239pt, T.S.Nos. 105/1/A & 105/1/B, Ward ‐ D, Block No.25, Door No. 2, Junction of  Ambour salai (HM Kasim Salai), Candappa Mudaliar Street, Puducherry. The hotel is proposed to have 12 rooms and parking at stilt floor.",New,IA/PY/CRZ/571103/2026,2026-03-02T15:34:15.922+00:00,2026-09-28T09:59:44.691+00:00,CRZ Granted,0.025,334.1,LATCHOUMI,,CRZ clearance form,CRZ,,,"Proposed a stilt + 4 storied Commercial Hotel of build up area of 507.14 sqm. at R.S.No. 239pt, T.S.Nos. 105/1/A & 105/1/B, Ward ‐ D, Block No.25, Door No. 2, Junction of  Ambour salai (HM Kasim Salai), Candappa Mudaliar Street, Puducherry with 12 rooms and parking at stilt floor",PUDUCHERRY,Puducherry Taluk,PONDICHERRY(PUDUCHCHERI),11/69/2026-IA.III,571103/PCZMA/CRZ/SCI/2026,"R.S.No. 239pt, T.S.Nos. 105/1/A & 105/1/B, Ward ‐ D, Block No.25",Linear,0.025,0.0,0.025,0.0,0.0,0.0,0.0,0.0,0,0,0,NO,Not applicable,NO,NO,NO,2026-03-04T15:47:58.788+00:00,,Puducherry,"R.S.No. 239pt, T.S.Nos. 105/1/A & 105/1/B, Ward ‐ D, Block No.25",https://parivesh.nic.in/dms/okm/downloadDocument?docTypemappingId=40829&refId=1220684560&refType=caf&uuid=fb5cdf77-366a-419f-a570-48682fc43343&version=1.0,804036,https://parivesh.nic.in/newupgrade/#/report/ec?proposalId=1220685231,11250.0,4380.0
1221051672,"Proposed construction of three storeyed commercial building (guest house building - 6 rooms) after demolition of existing two storeyed building at R.S. 239pt, T.S.No.40/1, Ward – D, Block – 30, Door No. 29, No. 29 Romand Rolland Street, Puducherry Revenue Village, Puducherry Municipality, Puducherry by Thiru. AJAI VIRMANI",New,IA/PY/CRZ/571508/2026,2026-03-06T13:09:24.646+00:00,,Under Examination,0.0,1194.0,s. sivagnanam,,CRZ clearance form,CRZ,,,Proposed construction of three storeyed commercial building (guest house building - 6 rooms) after demolition of existing two storeyed building,PUDUCHERRY,Puducherry Taluk,PONDICHERRY(PUDUCHCHERI),,571508/PCZMA/CRZ/2026,"R.S. 239pt, T.S.No.40/1, Ward – D, Block – 30, Door No. 29, No. 29 Romand Rolland Street, Puducherry Revenue Village, Puducherry Municipality, Puducherry.",Non - Linear,0.0,0.0,0.0,0.0,0.0,0.0,0.0,0.0,0,0,0,Not applicable as the project or activity is site specific,,NO,NO,NO,2026-03-06T13:43:57.463+00:00,,Puducherry,"R.S. 239pt, T.S.No.40/1, Ward – D, Block – 30, Door No. 29, No. 29 Romand Rolland Street, Puducherry Revenue Village, Puducherry Municipality, Puducherry.",https://parivesh.nic.in/dms/okm/downloadDocument?docTypemappingId=40829&refId=1221051160&refType=caf&uuid=7552b1c6-f510-4a8b-9410-1fc519355024&version=1.0,804036,https://parivesh.nic.in/newupgrade/#/report/ec?proposalId=1221051672,1645.0,32853.0
1221944313,"Alteration and addition in the existing Two Storeyed building and proposed additional construction of Second Floor  Commercial building (6 Guest Rooms) to the existing building (Guest House) at at R.S. No:239, pt, T.S.No.2, Ward – D, Block No. 30, Door No. 15A, Bazaar Saint Laurent Street, Puducherry Revenue Village, Puducherry Municipality, Puducherry.",New,IA/PY/CRZ/572687/2026,2026-03-17T09:02:16.403+00:00,2026-08-19T11:58:36.753+00:00,CRZ Granted,0.0,1905.0,s. sivagnanam,,CRZ clearance form,CRZ,,,"Proposed additional construction of second floor commercial building to the existing building (Guest House) at R.S. No:239, pt, T.S.No.2, Ward – D, Block No. 30, Door No. 15A, Bazaar Saint Laurent Street, Puducherry Revenue Village, Puducherry Municipality, Puducherry By Ms. A. Manjula",PUDUCHERRY,Puducherry Taluk,PONDICHERRY(PUDUCHCHERI),11/61/2026-IA.III,572687/PCZMA/CRZ/2026,"R.S. No:239, pt, T.S.No.2, Ward – D, Block No. 30, Door No. 15A, Bazaar Saint Laurent Street, Puducherry Revenue Village, Puducherry Municipality, Puducherry.",Non - Linear,0.0,0.0,0.0,0.0,0.0,0.0,0.0,0.0,0,0,0,Not applicable as the project or activity is site specific,,NO,NO,NO,2026-03-17T09:34:24.510+00:00,,Puducherry,"R.S. No:239, pt, T.S.No.2, Ward – D, Block No. 30, Door No. 15A, Bazaar Saint Laurent Street, Puducherry Revenue Village, Puducherry Municipality, Puducherry.",https://parivesh.nic.in/dms/okm/downloadDocument?docTypemappingId=40829&refId=1221943516&refType=caf&uuid=22f1f6fa-e304-4008-8124-a95f33512085&version=1.0,804036,https://parivesh.nic.in/newupgrade/#/report/ec?proposalId=1221944313,2924.0,1905.0
1223063440,construction of two stroryed residential building,New,IA/PY/CRZ/574241/2026,2026-03-31T14:07:42.446+00:00,,DELISTED_BY_SYSTEM,0.0,2011226.0,POORNIMA,,CRZ clearance form,CRZ,,,"Prposed constrction of two stroyed residential building at R.S.No.170/3/A, plot No.67, anandam nagar,periya veerampatinam, ariyankuppam revenue village, puducherry municipality, puducherry",PUDUCHERRY,Puducherry Taluk,ARIANKUPPAM,,,"R.S.No.170/3/A, Plot No.67",Linear,0.0,0.0,0.0,0.0,0.0,0.0,0.0,0.0,0,0,0,Not applicable as the project or activity is site specific,,NO,NO,NO,2026-04-24T14:30:32.695+00:00,,Puducherry,"R.S.No.170/3/A, Plot No.67",https://parivesh.nic.in/dms/okm/downloadDocument?docTypemappingId=40829&refId=1223062612&refType=caf&uuid=84d6fecb-ae97-464b-b8cb-afc168b7280d&version=1.0,804036,https://parivesh.nic.in/newupgrade/#/report/ec?proposalId=1223063440,3.0,2.0
1224368427,"The project involves constructing coastal protection and navigation structures at Pattinacherry, Karaikal District, to provide safe sea access for fishermen. Currently, the open beach and seasonally closed river mouth make boat launching dangerous, leading to frequent damage and accidents, especially during monsoon and cyclones.
The proposal includes two training walls, three groynes, and RC diaphragm wall, and essential landside facilities. These structures will stabilize the river mouth, reduce wave action, control sediment deposition, and create a secure passage for boats throughout the year.
The project aims to protect fishing vessels, ensure safe navigation, and improve the livelihood and safety of the local fishing community.",New,IA/PY/CRZ/575782/2026,2026-04-15T10:25:18.877+00:00,,Under Examination with SCZMA,1.7,5718.0,A Mohamad ismail,,CRZ clearance form,CRZ,,,"Proposed Development of Fish Landing Center in R.S.No.95/2 pt, Pattinacherry, 33 – Keezhaiyur North Revenue Village, TR. Pattinam Commune Panchayat, Karaikal District, Union Territory of Puducherry",PUDUCHERRY,Karaikal Taluk,KEEZHAIYUR NORTH(PATTANACHERI),,,,Hybrid,1.7,0.0,1.7,0.0,0.0,0.0,0.0,0.0,0,0,0,Not applicable as the project or activity is site specific,,NO,NO,NO,2026-09-23T05:32:31.245+00:00,,Karaikal,,https://parivesh.nic.in/dms/okm/downloadDocument?docTypemappingId=40829&refId=1224361004&refType=caf&uuid=5f59027b-2e60-4457-8fb5-2d7b7ccb49b0&version=1.0,644991,https://parivesh.nic.in/newupgrade/#/report/ec?proposalId=1224368427,5490.0,1800.0
1225490973,"Proposed construction of two storeyed Commercial building (1-Shop) cum residential (1-dwelling unit) at RS no. 151/3/A, ECR Road, ChinnaKalapet, Pillaichavady  Revenue Village, Oulgaret Municipality, Puducherry -605014",New,IA/PY/CRZ/576925/2026,2026-04-25T04:50:41.308+00:00,2026-07-16T05:49:07.644+00:00,CRZ Granted,0.0267,69.008,elavarasi,,CRZ clearance form,CRZ,,,Proposed construction of two storeyed Commercial cum Residential building,PUDUCHERRY,Ozhukarai Taluk,PILLAICHAVADY,,PCZMA/CRZ/576925/2026,,Linear,0.0267,0.0,0.0267,0.0,0.0,0.0,0.0,0.0,0,0,0,Not applicable as the project or activity is site specific,,NO,NO,NO,2026-05-08T05:24:39.737+00:00,,Puducherry,,https://parivesh.nic.in/dms/okm/downloadDocument?docTypemappingId=40829&refId=1225490206&refType=caf&uuid=2e48a5cb-e435-41cb-bb5b-cfe5497f4134&version=1.0,937514,https://parivesh.nic.in/newupgrade/#/report/ec?proposalId=1225490973,1800.0,1424.0
1225750018,"Proposed construction of two  storeyed residential building (2 dwelling unit) at      			            			  R.S.no.239pt, T.S.no.29, Ward-D,  Block-26, La Bourdonnais Street, Puducherry Rev. Village, Puducherry Municipality, Puducherry.",New,IA/PY/CRZ/577190/2026,2026-04-28T05:47:57.909+00:00,,DELISTED_BY_SYSTEM,0.0,5219200.0,THANGAVEL SELVAM,,CRZ clearance form,CRZ,,,Proposed construction of two  storeyed  residential building  (2 dwelling unit) at R.S.no. 239pt.,PUDUCHERRY,Puducherry Taluk,PONDICHERRY(PUDUCHCHERI),,,R.S.no.239pt,Linear,0.0,0.0,0.0,0.0,0.0,0.0,0.0,0.0,0,0,0,Not applicable as the project or activity is site specific,,NO,NO,NO,2026-04-28T06:47:39.736+00:00,,Puducherry,R.S.no.239pt,https://parivesh.nic.in/dms/okm/downloadDocument?docTypemappingId=40829&refId=1225747111&refType=caf&uuid=113445de-0c97-4649-aa78-ac3520228021&version=1.0,804036,https://parivesh.nic.in/newupgrade/#/report/ec?proposalId=1225750018,3655.0,3655.0
1226701325,"Vijaya Industrial Alcohols (VIAL) has proposed to convert the existing molasses-based distillery into a 25 KLPD grain-based distillery for the production of Extra Neutral Alcohol (ENA) using rice/maize as the primary feedstock. The proposed plant will adopt modern, energy-efficient, and environmentally sustainable technologies to ensure consistent product quality and compliance with regulatory standards.",Expansion,SIA/PY/IND2/578103/2026,2026-05-06T09:48:25.863+00:00,2026-05-12T04:09:10.533+00:00,Standard ToR Granted,4.629,3020.0,V ravitchandirane,ABC Techno Labs India Private Limited (formerly known as ABC Environ Solutions Pvt. Ltd.),Environment clearance form,TOR,B1,Distilleries,"Proposed 25 KLPD Grain-Based Distillery for Production of Extra Neutral Alcohol by M/s. Vijaya Industrial Alcohols at Lingareddypalayam Village Mannadipet Commune, Puducherry",PUDUCHERRY,Villianur Taluk,KATTERY,,578103/SEAC/PDY/2026,,Non - Linear,4.629,0.0,4.629,0.0,0.0,0.0,1520.0,1500.0,0,0,0,Not applicable as the project or activity is site specific,,NO,NO,NO,2026-05-08T13:49:23.952+00:00,,Puducherry,,https://parivesh.nic.in/dms/okm/downloadDocument?docTypemappingId=40829&refId=1226521178&refType=caf&uuid=cdaba88a-72c3-4119-a5b3-7dd61f129af7&version=1.0,644927,https://parivesh.nic.in/newupgrade/#/report/ec?proposalId=1226701325,405.0,0.0
1227710380,"Proposed Construction of Double Storeyed Residential (1 Dwelling unit ) Building  At R.S No.27/9,T.S No.5/1/B/1/A/9, Ward-""A"", Block No.21 in 1st Cross Street, Xavier Arokiyanathan Nagar, (Perumal Koil Street), Muthialpet, Puducherry Revenue Village, Puducherry Municipality, Puducherry - 605003",New,IA/PY/CRZ/579046/2026,2026-05-14T15:38:31.789+00:00,2026-07-16T06:11:36.739+00:00,CRZ Granted,0.0122,38.6,DHATCHAYANI,,CRZ clearance form,CRZ,,,"Proposed Construction of Double Storeyed Residential (1 Dwelling unit ) Building  At R.S No.27/9,T.S No.5/1/B/1/A/9, Ward-""A"", Block No.21 in 1st Cross Street, Xavier Arokiyanathan Nagar, (Perumal Koil Street), Muthialpet, Puducherry Revenue Village, Puducherry Municipality, Puducherry - 605003",PUDUCHERRY,Puducherry Taluk,PONDICHERRY(PUDUCHCHERI),,PCZMA/CRZ/579046/2026,"R.S No.27/9,T.S No.5/1/B/1/A/9, Ward-""A"", Block No.21",Linear,0.0122,0.0,0.0122,0.0,0.0,0.0,0.0,0.0,0,0,0,Not applicable as the project or activity is site specific,,NO,NO,NO,2026-05-14T16:17:15.186+00:00,,Puducherry,"R.S No.27/9,T.S No.5/1/B/1/A/9, Ward-""A"", Block No.21",https://parivesh.nic.in/dms/okm/downloadDocument?docTypemappingId=40829&refId=1227710181&refType=caf&uuid=98cf9351-d901-4553-aa13-8915361127ba&version=1.0,804036,https://parivesh.nic.in/newupgrade/#/report/ec?proposalId=1227710380,2160.0,0.0
1228843831,Construction of Marriage Hall (G +1 Floor building) with 350 seating capacity and 10 Rooms,New,IA/PY/CRZ/579964/2026,2026-05-23T08:18:49.702+00:00,2026-07-16T06:13:11.361+00:00,CRZ Granted,0.5216,277.0,RAJA THURAIVAN,,CRZ clearance form,CRZ,,,Proposed Construction of Marriage Hall,PUDUCHERRY,Puducherry Taluk,MARUNGAPAKKAM,,PCZMA/CRZ/579964/2026,,Linear,0.5216,0.0,0.5216,0.0,0.0,0.0,0.0,0.0,0,0,0,Not applicable as the project or activity is site specific,,NO,NO,NO,2026-05-27T07:17:13.538+00:00,,Puducherry,,https://parivesh.nic.in/dms/okm/downloadDocument?docTypemappingId=40829&refId=1228836382&refType=caf&uuid=2cfd088b-67e8-4704-8a93-0c770dfd9041&version=1.0,804036,https://parivesh.nic.in/newupgrade/#/report/ec?proposalId=1228843831,5.0,1505.0
1232689157,"Vijaya Industrial Alcohols (VIAL) has proposed to convert the existing molasses-based distillery into a 25 KLPD grain-based distillery for the production of Extra Neutral Alcohol (ENA) using rice/maize as the primary feedstock. The proposed plant will adopt modern, energy-efficient, and environmentally sustainable technologies to ensure consistent product quality and compliance with regulatory standards.",Expansion,SIA/PY/IND2/582669/2026,2026-06-19T09:21:05.518+00:00,,ADS Raised,4.629,3020.0,V ravitchandirane,,Environment clearance form,EC,B1,,"Proposed 25 KLPD Grain-Based Distillery for Production of Extra Neutral Alcohol by M/s. Vijaya Industrial Alcohols at Lingareddypalayam Village Mannadipet Commune, Puducherry",PUDUCHERRY,Villianur Taluk,KATTERY,,578103/SEAC/PDY/2026,,Non - Linear,4.629,0.0,4.629,0.0,0.0,0.0,1520.0,1500.0,0,0,0,Not applicable as the project or activity is site specific,,NO,NO,NO,2026-06-22T04:56:54.907+00:00,Located within industrial estates,Puducherry,,https://parivesh.nic.in/dms/okm/downloadDocument?docTypemappingId=40829&refId=1226521178&refType=caf&uuid=cdaba88a-72c3-4119-a5b3-7dd61f129af7&version=1.0,644927,https://parivesh.nic.in/newupgrade/#/report/ec?proposalId=1232689157,405.0,0.0
1232970361,"Proposed Construction of Two Storyed Residential building at R.S No. 198/5A pt, T.S No. 25, Ward-“B”, Block No. 17, Plot No. 21, Sengeniamman Koil Street, Vazhaikulam, Vaithikuppam, Puducherry Revenue Village, Puducherry Municipality, Puducherry – 605 003 by Smt. Shradhanjali Lenka W/o. Pradeep Lenka,",New,IA/PY/CRZ/582966/2026,2026-06-22T11:58:26.021+00:00,,Under Examination with SCZMA,0.0055,34.76,Shradhanjali Lenka,,CRZ clearance form,CRZ,,,Proposed Construction of Two Storyed Residential building.,PUDUCHERRY,Puducherry Taluk,PONDICHERRY(PUDUCHCHERI),,PCZMA/CRZ/582966/2026,21,Non - Linear,0.0055,0.0,0.0055,0.0,0.0,0.0,0.0,0.0,0,0,0,Not applicable as the project or activity is site specific,,NO,NO,NO,2026-06-23T06:23:46.000+00:00,,Puducherry,21,https://parivesh.nic.in/dms/okm/downloadDocument?docTypemappingId=40829&refId=1232963960&refType=caf&uuid=b3edbcd3-dc98-4bae-9e57-f36df481576e&version=1.0,804036,https://parivesh.nic.in/newupgrade/#/report/ec?proposalId=1232970361,210.0,27.0
1236948706,"Proposed construction of two  storeyed residential building at R.S.no.58/1/A/1, Door no.44, Middle street, Pudukuppam, Pooranankuppam Rev. Village, Ariyankuppam Commune, Panchayat, Puducherry.",New,IA/PY/CRZ/587277/2026,2026-07-30T10:10:47.068+00:00,,Under Examination with SCZMA,0.0,956648.0,THANGAVEL SELVAM,,CRZ clearance form,CRZ,,,"Proposed construction of two  storeyed residential building at R.S.no.58/1/A/1, Door no.44, Middle street, Pudukuppam, Pooranankuppam Rev. Village, Ariyankuppam Commune, Panchayat, Puducherry.",PUDUCHERRY,Puducherry Taluk,PURNANKUPPAM,,,R.S.no.58/1/A/1,Linear,0.0,0.0,0.0,0.0,0.0,0.0,0.0,0.0,0,0,0,NO,nil,NO,NO,NO,2026-07-30T10:27:13.810+00:00,,Puducherry,R.S.no.58/1/A/1,https://parivesh.nic.in/dms/okm/downloadDocument?docTypemappingId=40829&refId=1236945312&refType=caf&uuid=3802c8e2-4c3c-4a69-8de4-ce06ac45fc30&version=1.0,644920,https://parivesh.nic.in/newupgrade/#/report/ec?proposalId=1236948706,1803.0,1803.0
1237398695,"“Proposed Industrial Estate in Sedarapet & Karasur Villages, Villianur Taluk & Puducherry UT over an extent of 630.78 Acres” (Exclusively for Industries which do not require Environmental Clearance - Neither A nor B category) by M/s. PONDICHERRY INDUSTRIAL PROMOTION DEVELOPMENT AND INVESTMENT CORPORATION LIMITED",New,SIA/PY/INFRA2/587769/2026,2026-08-04T05:44:06.900+00:00,,Under Examination with SCEIA,255.27,301.93,PIPDIC Limited,"Hubert Enviro Care Systems Pvt Ltd, Chennai",Environment clearance form,TOR,B1,Townships/ Area Development Projects / Rehabilitation Centres,"“Proposed Industrial Estate in Sedarapet & Karasur Villages, Villianur Taluk & Puducherry UT over an extent of 630.78 Acres”",PUDUCHERRY,Villianur Taluk,KARASUR,,,,Linear,255.27,0.0,255.27,0.0,0.0,0.0,0.0,0.0,0,0,0,Not applicable as the project or activity is site specific,,YES,NO,NO,2026-10-07T09:03:12.688+00:00,,Puducherry,,https://parivesh.nic.in/dms/okm/downloadDocument?docTypemappingId=40829&refId=1237083794&refType=caf&uuid=6ad4939d-4926-4c1c-838a-c42aaba0ad42&version=1.0,644943,https://parivesh.nic.in/newupgrade/#/report/ec?proposalId=1237398695,73000.0,2731545.0
1237872331,"Proposed Construction of Two storied Commercial Building (Block, A-18 Guest Rooms) & Single-Story Commercial Building (Block B-3 Guest Suits) located at R.S. 207/7, 207/2A/1B, Manaveli Revenue Village, Chinna Veerampattinam, Ariyankuppam Commune Puducherry Taluk, Puducherry District. Total land area is 25310 (Square feet) with a plot value and building construction value estimated Rs. 1,01,24,000 (One Crore one Lakhs and twenty-four thousand Rupees on completion of the building). Land description: property admeasuring East to West 133 feet 11 inches on the northern side, from there North to South 59 feet 10 inches on the western side, from there West to East 50 feet 3 inches, from there North to South 89 feet 1 inch, from there West to East 50 feet 6 inches on the Southern side, and from there South to North 149 feet on the Eastern side, till the starting point, i.e, having an extent of 12, 951 Sq. ft of Land area is required for CRZ Clearance.",New,IA/PY/CRZ/588443/2026,2026-08-08T13:51:48.205+00:00,,DELISTED_BY_SYSTEM,0.24,10124000.0,Aarthee j,,CRZ clearance form,CRZ,,,"Proposed Construction of Two storied Commercial Building (Block, A-18 Guest Rooms) & Single-Story Commercial Building (Block B-3 Guest Suits)",PUDUCHERRY,Puducherry Taluk,MANAVELI,,,,Non - Linear,0.24,0.0,0.24,0.0,0.0,0.0,0.0,0.0,0,0,0,Not applicable as the project or activity is site specific,,NO,NO,NO,2026-08-10T11:15:25.093+00:00,,Puducherry,,https://parivesh.nic.in/dms/okm/downloadDocument?docTypemappingId=40829&refId=1237872119&refType=caf&uuid=134e711d-edb7-4f5c-b047-8741e4c4c360&version=1.0,644922,https://parivesh.nic.in/newupgrade/#/report/ec?proposalId=1237872331,4402.0,4402.0
1237964467,"Proposed Petroleum Storage Installation Area on land bearing R.S.No. 263/1B in Thiruvattakudy 
Village, Karaikal Taluk, Karaikal District, Puducherry by M/s. Adithya Fuels",New,IA/PY/CRZ/588498/2026,2026-08-10T06:07:14.149+00:00,,EDS Raised,0.2007,1830000.0,umayal sivabalan,,CRZ clearance form,CRZ,,,Proposed Construction of Petroleum Storage Installation Area by M/s. Adithya Fuels,PUDUCHERRY,Karaikal Taluk,THIRUVETTAKUDY,,,,Non - Linear,0.2007,0.0,0.2007,0.0,0.0,0.0,0.0,0.0,0,0,0,Not applicable as the project or activity is site specific,,NO,NO,NO,2026-09-18T15:15:13.239+00:00,,Karaikal,,https://parivesh.nic.in/dms/okm/downloadDocument?docTypemappingId=40829&refId=1237961844&refType=caf&uuid=0ae44e99-1f46-4a9b-a83b-4dfaff9e1336&version=1.0,644985,https://parivesh.nic.in/newupgrade/#/report/ec?proposalId=1237964467,10950.0,2555.0
1238480256,"Proposed Three-Storeyed Residential Building (6 Dwelling Units) with Stilt Floor, at R.S. No. 144/1D, Pillaichavadi Revenue Village, Oulgaret Municipality, Puducherry District, Puducherry Union Territory",New,IA/PY/CRZ/589152/2026,2026-08-15T10:24:09.440+00:00,,Under Examination with SCZMA,0.0295,12128047.0,PARAMESWARI ALIS SATHIYA,,CRZ clearance form,CRZ,,,"Proposed Three-Storeyed Residential Building (6 Dwelling Units) with Stilt Floor, at R.S. No. 144/1D, Pillaichavadi Revenue Village, Oulgaret Municipality, Puducherry District, Puducherry Union Territory",PUDUCHERRY,Ozhukarai Taluk,PILLAICHAVADY,,,".S. No. 144/1D, Pillaichavadi Revenue Village, Oulgaret Municipality, Puducherry",Linear,0.0295,0.0,0.0295,0.0,0.0,0.0,0.0,0.0,0,0,0,Not applicable as the project or activity is site specific,,NO,NO,NO,2026-09-01T12:39:15.723+00:00,,Puducherry,".S. No. 144/1D, Pillaichavadi Revenue Village, Oulgaret Municipality, Puducherry",https://parivesh.nic.in/dms/okm/downloadDocument?docTypemappingId=40829&refId=1235665925&refType=caf&uuid=f0a85695-1672-44be-b977-4bced1ee91df&version=1.0,937514,https://parivesh.nic.in/newupgrade/#/report/ec?proposalId=1238480256,6000.0,0.0
1240123098,"Proposed construction of Two-Storeyed Residential Building (1 Dwelling Unit), at Plot No. 3, R.S. No. 108/22pt, T.S. No. 24/1, Ward-A, Block No. 22, Savukkupettai Street, Muthialpet, Puducherry Revenue Village, Puducherry Municipality, Puducherry",New,IA/PY/CRZ/591163/2026,2026-09-03T13:39:26.772+00:00,,Under Examination with SCZMA,0.0093,5500000.0,SATHIYA V,,CRZ clearance form,CRZ,,,Proposed construction of Two-Storeyed Residential Building (1 Dwelling Unit),PUDUCHERRY,Puducherry Taluk,PONDICHERRY(PUDUCHCHERI),,,"Plot No.3 R.S No.108/22pt, T.S No.24/1, Ward-A",Linear,0.0093,0.0,0.0093,0.0,0.0,0.0,0.0,0.0,0,0,0,Not applicable as the project or activity is site specific,,NO,NO,NO,2026-09-03T14:42:52.920+00:00,,Puducherry,"Plot No.3 R.S No.108/22pt, T.S No.24/1, Ward-A",https://parivesh.nic.in/dms/okm/downloadDocument?docTypemappingId=40829&refId=1235669167&refType=caf&uuid=95837f88-dd08-4e9e-9350-39e3d2165d1e&version=1.0,804036,https://parivesh.nic.in/newupgrade/#/report/ec?proposalId=1240123098,4000.0,0.0
1241343554,"The proposed development involves construction of a three-storied residential building with stilt floor comprising one dwelling unit.The project is on a 60.00 sq.m plot, with 39.32% ground coverage and 118.95% FAR. The height of the building is 12 m.(maximum 13.5m).",New,IA/PY/CRZ/592641/2026,2026-09-19T05:35:56.443+00:00,,Under Examination with SCZMA,0.006,8500000.0,s. sivagnanam,,CRZ clearance form,CRZ,,,"Proposed Construction of a Three Storied Residential Building with Stilt floor (1 Dwelling unit) on Land Bearing R.S.No.239 (pt), T.S.No.51/1, Block 28, Ward – D, Rue Duy Bazaar, Saint Laurent Street, Puducherry",PUDUCHERRY,Puducherry Taluk,PONDICHERRY(PUDUCHCHERI),,,,Linear,0.006,0.0,0.006,0.0,0.0,0.0,0.0,0.0,0,0,0,Not applicable as the project or activity is site specific,,NO,NO,NO,2026-09-28T11:54:50.075+00:00,,Puducherry,,https://parivesh.nic.in/dms/okm/downloadDocument?docTypemappingId=40829&refId=1241342687&refType=caf&uuid=88cfc809-ca72-4dd3-8356-fd155f95ab5e&version=1.0,804036,https://parivesh.nic.in/newupgrade/#/report/ec?proposalId=1241343554,1800.0,43800.0
1241357331,The project involves proposed redevelopment of a Four-Storied Guest House Building with Basement Floor. The Land area is 1201.4 sq. m plot and built up area is 1993.73 sq. m with 37.70% ground coverage and 110% FAR. The height of the building is 12 m (maximum 13.5m).,New,IA/PY/CRZ/592667/2026,2026-09-19T07:46:56.323+00:00,,Under Examination with SCZMA,0.1201,100000000.0,s. sivagnanam,,CRZ clearance form,CRZ,,,"Proposed Redevelopment of a Four-Storied Guest House Building with Basement Floor (Parking and Swimming Pool) on Land Bearing R.S. No. 239(pt.), T.S. Nos. 30 & 34, Ward-D, Block No. 30, Puducherry Revenue Village, Puducherry",PUDUCHERRY,Puducherry Taluk,PONDICHERRY(PUDUCHCHERI),,,,Linear,0.1201,0.0,0.1201,0.0,0.0,0.0,0.0,0.0,0,0,0,Not applicable as the project or activity is site specific,,NO,NO,NO,2026-09-28T12:24:05.695+00:00,,Puducherry,,https://parivesh.nic.in/dms/okm/downloadDocument?docTypemappingId=40829&refId=1241356681&refType=caf&uuid=f97ee547-f61d-45ea-b723-ecaf3a65d163&version=1.0,804036,https://parivesh.nic.in/newupgrade/#/report/ec?proposalId=1241357331,1800.0,182500.0
