ID,Project Description,Proposal Type,Proposal Number,Application Date,Grant Date,Last Visible Status,Project Land Requirement (Hectares),Total Cost (Lakhs),Organization Name,EC Consultant,Description,Category,Project Category (Code),Project Category,Project Name,State,Sub District,Village,MoEFCC File,State File,Plot Nos,Shape of Project,Existing Non-Forest Land,Existing Forest Land,Existing Total Land,Additional Non-Forest Land,Additional Forest Land,Additional Total Land,Existing Cost,Expansion Cost,Villages Affected,Project Displaced Families,Project Affected Families,Alternative Site Examined,Alternative Site Description,Government Restriction,Litigation Pending,Violation Involved,Last Submission Date,Cost Benefit Report PDF,Compensatory Afforestation Type,Is Applicable Compensatory Afforestation,Mining Date of Issue,Mining Date of Validity,Mining Lease Period,Mining Date of Expiry,Mining Lease Area,Mining Other Info,Mining Status of Approval,Mining Estimated Reserve Names,Mining Estimated Reserve FL,Mining Estimated Reserve NFL,Mining Proved Reserves,Mining Indicated Reserves,Mining Inferred Reserves,Mining Mineable Reserves,Mining Approved Life of Mine,Mining Approving Authority Name,Mining Life of Mine Other Info,Mining Type of Mining,Mining Method of Mining,Mining Type of Mining Other Info,Mining Blasting Other Info,Mining External Dumping Remarks,Mining Internal Dumping Remarks,Mining Topsoil Dumping Remarks,Mining Total Quarry Area,Mining Quarry Other Info,Mining Transportation Mode From Pithead,Mining Transportation Mode From Loading,Mining Transportation Mode Other Info,Mining Plantation Area,Mining Water Body,Mining Public Use,Mining Other Use,Organization Street,Organization City,Organization State,Organization Legal Status,Applicant Designation,Applicant City,Applicant State,District,Plot Number,KML URLs,Village Code,proposal_url,Employment (Construction),Employment (Operational)
1111637,Drinking Water supply for Lamlai Town,New,FP/MN/WATER/402930/2022,2022-10-12T10:14:56.477+00:00,,Pending at Nodal Officer due to EDS by State Secretary,0.604,1180.0,PHED,,Forest clearance form,,,,Augmentation of Water Treatment Plant at Lamlai Town,MANIPUR,Sawombung,Chonthaba,,,,Non - Linear,0.0,0.604,0.604,0.0,0.0,0.0,0.0,0.0,0,0,0,Not applicable as the project or activity is site specific,,NO,NO,NO,2023-08-31T05:07:16.937+00:00,,Degraded Forest Land,true,,,,,,,,,,,,,,,,,,,,,,,,,,,,,,,,,,"Public Health Engineering Department, Khoyathong",Khoyathong,14,State Government (Department/Autonomous body),Chief Engineer,,14,Imphal East,,https://parivesh.nic.in/dms/okm/downloadDocument?docTypemappingId=40829&refId=1110891&refType=caf&uuid=3ff8021c-7a9c-46ec-be0d-c7759c5a2367&version=1.1;https://parivesh.nic.in/dms/okm/downloadDocument?docTypemappingId=58989&refId=1110891&refType=FC&uuid=2dd52fc6-ab8b-42da-974a-5ab2096d8900&version=1.15,,https://parivesh.nic.in/newupgrade/#/report/ec?proposalId=1111637,20000.0,26000.0
1368711,Construction of water reservoir for Thokchom Valley and Icham Khonou,New,FP/MN/WATER/405050/2022,2022-11-02T09:50:48.717+00:00,,DELISTED_BY_SYSTEM,0.318,710.0,PHED,,Forest clearance form,,,,Augmentation of Thokchom Valley and Icham Khunou WSS,MANIPUR,01877,Thokchom,,,1,Non - Linear,0.0,0.318,0.318,0.0,0.0,0.0,0.0,0.0,0,0,0,Not applicable as the project or activity is site specific,,NO,NO,NO,2022-11-01T18:30:00.000+00:00,,Degraded Forest Land,true,,,,,,,,,,,,,,,,,,,,,,,,,,,,,,,,,,"Public Health Engineering Department, Khoyathong",,14,State Government (Department/Autonomous body),Chief Engineer,,14,276,1,https://parivesh.nic.in/dms/okm/downloadDocument?docTypemappingId=40829&refId=1365961&refType=caf&uuid=6aa07ec7-90e3-4e02-841f-957d6a4fc37f&version=1.0;https://parivesh.nic.in/dms/okm/downloadDocument?docTypemappingId=58989&refId=1365961&refType=caf&uuid=5ad2c3b3-edfe-4539-a26a-2d0f9c4bc9eb&version=1.3,,https://parivesh.nic.in/newupgrade/#/report/ec?proposalId=1368711,8030.0,49275.0
1588679,Construction of JNV School at Senvon Village in area of 12.5 ha,New,FP/MN/SCH/406902/2022,2022-11-17T11:14:47.754+00:00,,DELISTED_BY_SYSTEM,12.5,4000.0,VANLAL PULAMTE,,Forest clearance form,,,,Construction of JNV School at Senvon Village,MANIPUR,0,Senvon,,,,Non - Linear,0.0,12.5,12.5,0.0,0.0,0.0,0.0,0.0,0,0,0,NO,Land was donated by Senvon Village Authority,NO,NO,NO,2022-11-17T11:23:50.075+00:00,https://parivesh.nic.in/dms/okm/downloadDocument?docTypemappingId=59020&refId=1588678&refType=fc&uuid=d271e6bc-4a9d-4568-8de1-0fa956f4fb05&version=1.0,Degraded Forest Land,true,,,,,,,,,,,,,,,,,,,,,,,,,,,,,,,,,,"Senvon, Pherzawl District, Manipur",Senvon,14,Individual,"Zonal Education Officer, Pherzawl, Manipur",Senvon,14,Pherzawl,,https://parivesh.nic.in/dms/okm/downloadDocument?docTypemappingId=40829&refId=1588030&refType=caf&uuid=0c317407-5edf-452e-bdef-474c7178f475&version=1.0;https://parivesh.nic.in/dms/okm/downloadDocument?docTypemappingId=58989&refId=1588030&refType=caf&uuid=afb40acd-c19e-4958-a292-ae399cbe7c52&version=1.0,269303,https://parivesh.nic.in/newupgrade/#/report/ec?proposalId=1588679,0.0,21930.0
1770000,Quarrying of Sand from Jiri River in Hilghat village for an area of 1 Ha.,New,SIA/MN/MIN/408450/2022,2022-11-29T07:25:29.207+00:00,2023-12-14T15:06:34.023+00:00,EC Granted,1.0,10.12,LEIHAORAMBAM SINGH,,Environment clearance form,TOR,B2,Mining of minerals,Jiri Sand Quarrying Lease at Hilghat,MANIPUR,Sonai,Lakhinagar F.V.,1/116/2022(EIA)DoE&CC,1/116/2022(EIA)DoE&CC,,Non - Linear,1.0,0.0,1.0,0.0,0.0,0.0,0.0,0.0,0,0,0,Not applicable as the project or activity is site specific,,NO,NO,NO,2023-12-14T16:30:06.426+00:00,,,,,,,,,,,,,,,,,,,,,,,,,,,,,,,,,,,,,,,,,,,,CACHAR,,https://parivesh.nic.in/dms/okm/downloadDocument?docTypemappingId=40829&refId=887587&refType=caf&uuid=fdaec1e8-b2d5-4055-9a01-ab9f6da6fed7&version=1.2,,https://parivesh.nic.in/newupgrade/#/report/ec?proposalId=1770000,7.0,1567.0
2430897,"Proposal for grant of Permission for diversion of forest land of 3.3216 Ha for Proposed 12"" Ø (Carbon steel) Natural Gas Pipeline along with OFC Conduit in Kangpokpi District, Manipur.",New,FP/MN/Pipeline/413759/2023,2023-01-09T07:37:44.455+00:00,,REMOVED,3.3216,92650.0,INDRADHANUSH GAS GRID LIMITED,,Forest clearance form,,,,"Laying of Proposed Dimapur - Imphal Pipeline of 12” Dia Carbon steel Along with OFC Conduit in the Kangpokpi District, Manipur",MANIPUR,KANGPOKPI,Hengbung,,,,Linear,0.0,3.3216,3.3216,0.0,0.0,0.0,0.0,0.0,0,0,0,NO,Pipeline is proposed Along the Road ROW . It is minimum forest Divert.•	Pipeline route has been finalized in such a way that minimum forest land will be utilized as well as tree cutting will be minimum,NO,NO,NO,2024-06-12T18:30:00.000+00:00,,Degraded Forest Land,true,,,,,,,,,,,,,,,,,,,,,,,,,,,,,,,,,,"5th Floor, Central Mall, Christian Basti, G. S. Road, Guwahati",Guwahati,18,"Central PSU (eg. NHAI, AAI, NTP, CIL, SAIL)",Chief Project Manager,Guwahati,18,Kangpokpi,,https://parivesh.nic.in/dms/okm/downloadDocument?docTypemappingId=40829&refId=2382833&refType=caf&uuid=63754286-a47d-4186-a0da-29b7cb343a39&version=1.0;https://parivesh.nic.in/dms/okm/downloadDocument?docTypemappingId=58989&refId=2382833&refType=FC&uuid=f84f388f-d548-466e-a3c9-a96d6ec967ed&version=1.0,0,https://parivesh.nic.in/newupgrade/#/report/ec?proposalId=2430897,36500.0,255500.0
2775224,"Creation of Minor Industrial Estate at Nongdam Tangkhul, Kamjong District",New,FP/MN/OTHERS/416291/2023,2023-01-30T07:39:36.998+00:00,,DELISTED_BY_SYSTEM,0.4,100.0,NINGSHUNGAM CHITHUNG,,Forest clearance form,,,,Creation of Minor Industrial Estate,MANIPUR,Phungyar,Kamu Saichang,,,,Non - Linear,0.0,0.4,0.4,0.0,0.0,0.0,0.0,0.0,0,0,0,Not applicable as the project or activity is site specific,,NO,NO,NO,2023-02-02T06:24:18.968+00:00,,Degraded Forest Land,true,,,,,,,,,,,,,,,,,,,,,,,,,,,,,,,,,,"Chakama, South Sub-Division, Yairipok, Ukhrul, Manipur",Nongdam Tangkhul,14,Individual,Proprietor,Nongdam Village,14,Kamjong,,https://parivesh.nic.in/dms/okm/downloadDocument?docTypemappingId=40829&refId=2561145&refType=caf&uuid=b15f3358-baf7-4db3-9206-e524cc611923&version=1.4;https://parivesh.nic.in/dms/okm/downloadDocument?docTypemappingId=58989&refId=2561145&refType=FC&uuid=d3448f5c-87f8-46a4-9586-3b09a5a842e3&version=1.9,269016,https://parivesh.nic.in/newupgrade/#/report/ec?proposalId=2775224,330.0,200.0
2779236,"Construction of Water Treatment Plant for distribution of drinking water at Pombikhok,Nungoo and Kasom Tampak Village.",New,FP/MN/WATER/416325/2023,2023-01-30T09:54:11.473+00:00,,Pending at PP due to EDS by DFO,0.075,183.0,PHED,,Forest clearance form,,,,Augmentation of Water Treatment Plant at Pombikhok,MANIPUR,Moirang,Pombikhok,,,1,Hybrid,0.0,0.075,0.075,0.0,0.0,0.0,0.0,0.0,0,0,0,NO,Area Specific,NO,NO,NO,2023-09-22T18:30:00.000+00:00,,Degraded Forest Land,true,,,,,,,,,,,,,,,,,,,,,,,,,,,,,,,,,,"Public Health Engineering Department, Khoyathong",,14,State Government (Department/Autonomous body),Chief Engineer,,14,Bishnupur,1,https://parivesh.nic.in/dms/okm/downloadDocument?docTypemappingId=40829&refId=2778761&refType=caf&uuid=8baf3d69-7c9b-4616-a2d8-e692e40daa06&version=1.1;https://parivesh.nic.in/dms/okm/downloadDocument?docTypemappingId=58989&refId=2778761&refType=FC&uuid=1a693721-cc45-4118-b87c-278f199f0341&version=1.2,913576,https://parivesh.nic.in/newupgrade/#/report/ec?proposalId=2779236,12602.0,7300.0
2782873,Costruction of Water Treatment Plant at Naodakhong for distribution of drinking water at Wangoo Terakhong GP,New,FP/MN/WATER/416359/2023,2023-01-30T11:22:06.381+00:00,,Pending at PP due to EDS by DFO,0.243,166.0,PHED,,Forest clearance form,,,,Construction of Water Treatment Plant at Naodangkhong,MANIPUR,Moirang,Wangoo Keirap,,,1,Hybrid,0.0,0.243,0.243,0.0,0.0,0.0,0.0,0.0,0,0,0,Not applicable as the project or activity is site specific,,NO,NO,NO,2023-10-03T18:30:00.000+00:00,,Degraded Forest Land,true,,,,,,,,,,,,,,,,,,,,,,,,,,,,,,,,,,"Public Health Engineering Department, Khoyathong",,14,State Government (Department/Autonomous body),Chief Engineer,,14,Bishnupur,1,https://parivesh.nic.in/dms/okm/downloadDocument?docTypemappingId=40829&refId=2782253&refType=caf&uuid=4d34f8fc-55d7-49fb-82bc-84aaa066693b&version=1.0;https://parivesh.nic.in/dms/okm/downloadDocument?docTypemappingId=58989&refId=2782253&refType=FC&uuid=f878e59f-4c3c-4d60-8a81-db78886057b9&version=1.2,0,https://parivesh.nic.in/newupgrade/#/report/ec?proposalId=2782873,1280.0,4280.0
2783309,Costruction of Water Treatment Plant at Naodakhong for distribution of drinking water at Wangoo Terakhong GP,New,FP/MN/WATER/416362/2023,2023-01-30T11:28:03.927+00:00,,DELISTED_BY_SYSTEM,0.243,166.0,PHED,,Forest clearance form,,,,Construction of Water Treatment Plant at Naodangkhong,MANIPUR,Moirang,Wangoo Keirap,,,1,Hybrid,0.0,0.243,0.243,0.0,0.0,0.0,0.0,0.0,0,0,0,Not applicable as the project or activity is site specific,,NO,NO,NO,2023-01-30T11:56:49.262+00:00,,Degraded Forest Land,true,,,,,,,,,,,,,,,,,,,,,,,,,,,,,,,,,,"Public Health Engineering Department, Khoyathong",,14,State Government (Department/Autonomous body),Chief Engineer,,14,Bishnupur,1,https://parivesh.nic.in/dms/okm/downloadDocument?docTypemappingId=40829&refId=2782253&refType=caf&uuid=4d34f8fc-55d7-49fb-82bc-84aaa066693b&version=1.0;https://parivesh.nic.in/dms/okm/downloadDocument?docTypemappingId=58989&refId=2782253&refType=FC&uuid=f878e59f-4c3c-4d60-8a81-db78886057b9&version=1.1,0,https://parivesh.nic.in/newupgrade/#/report/ec?proposalId=2783309,1280.0,4280.0
2804119,"Construction of Water Treatment Plant at Leingnagtabi for distribution of drinking water for Laingoubi Leingangtabi Borayangbi GP, Bishnupur District",New,FP/MN/WATER/416528/2023,2023-01-31T11:09:53.109+00:00,,Pending at PP due to EDS by DFO,0.203,188.0,PHED,,Forest clearance form,,,,Construction of Water Treatment Plant at Leingnagtabi,MANIPUR,SAIKOT,Dampi,,,1,Hybrid,0.0,0.203,0.203,0.0,0.0,0.0,0.0,0.0,0,0,0,Not applicable as the project or activity is site specific,,NO,NO,NO,2023-09-01T18:30:00.000+00:00,,Degraded Forest Land,true,,,,,,,,,,,,,,,,,,,,,,,,,,,,,,,,,,"Public Health Engineering Department, Khoyathong",,14,State Government (Department/Autonomous body),Chief Engineer,,14,Churachandpur,1,https://parivesh.nic.in/dms/okm/downloadDocument?docTypemappingId=40829&refId=2803482&refType=caf&uuid=11364c90-38b2-446b-ab2d-605f6641339a&version=1.0;https://parivesh.nic.in/dms/okm/downloadDocument?docTypemappingId=58989&refId=2803482&refType=FC&uuid=7a4340d0-1e6b-4965-a79e-f5a13f8f66a6&version=1.0,0,https://parivesh.nic.in/newupgrade/#/report/ec?proposalId=2804119,7300.0,13860.0
2823769,Construction of Water Treatment Plant at Tampha Khunou for distribution of drinking water at Tampha Khunou.,New,FP/MN/WATER/416648/2023,2023-02-01T08:26:13.810+00:00,,DELISTED_BY_SYSTEM,0.146,123.0,PHED,,Forest clearance form,,,,Construction of Water Treatment Plant at Tampha Lhunou,MANIPUR,SAIKOT,Lingsiphai,,,1,Hybrid,0.0,0.146,0.146,0.0,0.0,0.0,0.0,0.0,0,0,0,Not applicable as the project or activity is site specific,,NO,NO,NO,2023-02-01T08:44:38.166+00:00,,Degraded Forest Land,true,,,,,,,,,,,,,,,,,,,,,,,,,,,,,,,,,,"Public Health Engineering Department, Khoyathong",,14,State Government (Department/Autonomous body),Chief Engineer,,14,Churachandpur,1,https://parivesh.nic.in/dms/okm/downloadDocument?docTypemappingId=40829&refId=2823382&refType=caf&uuid=38861cf4-214d-404d-a1ba-c186009a8315&version=1.0;https://parivesh.nic.in/dms/okm/downloadDocument?docTypemappingId=58989&refId=2823382&refType=FC&uuid=52bc2042-c60b-4589-816a-cfbbaa354ce3&version=1.0,269637,https://parivesh.nic.in/newupgrade/#/report/ec?proposalId=2823769,15120.0,5475.0
2839141,"Construction of Hospital building to be developed by “M/s Shija Hospitals and Research Institute Private Limited.” having Total built-up area – 36,433.79 Sq.mt.  The proposed project shall be within limits of Imphal Municipal Corporation (IMC). This proposed project does not involve any Resettlement & Rehabilitation (R & R) issues.",New,IA/MN/INFRA2/416726/2023,2023-02-02T05:59:32.405+00:00,2023-04-03T00:00:00.000+00:00,EC Granted,3.0793,10800.0,SHIJA HOSPITALS AND RESEARCH INSTITUTE PRIVATE LIMITED,ABC Techno Labs India Private Limited (formerly known as ABC Environ Solutions Pvt. Ltd.),Environment clearance form,TOR,B2,Building / Construction,Hospital Project - Shija Academy of Health Sciences to be developed by M/s Shija Hospitals and Research Institute Private Limited,MANIPUR,Keirao Bitra,Lairikyengbam Leikai (CT),21-74/2022-IA.III,21-74/2022-IA.III,,Non - Linear,3.0793,0.0,3.0793,0.0,0.0,0.0,0.0,0.0,0,0,0,NO,Because the institution buildings are located nearby the proposed site and some of the existing facilities are located in the site.,NO,NO,NO,2023-02-03T13:30:08.127+00:00,,,,,,,,,,,,,,,,,,,,,,,,,,,,,,,,,,,,,,,,,,,,Imphal East,,https://parivesh.nic.in/dms/okm/downloadDocument?docTypemappingId=40829&refId=2834559&refType=caf&uuid=a6c004b7-65a1-4456-96b7-12e23c3d53a1&version=1.1,270317,https://parivesh.nic.in/newupgrade/#/report/ec?proposalId=2839141,62000.0,209088.0
2848311,Construction of Water Treatment Plant at Tampha Khunou for distribution of drinking water at Haotak Tampha Khunou Village.,New,FP/MN/WATER/416791/2023,2023-02-02T10:20:29.040+00:00,,Pending at PP due to EDS by DFO,0.146,123.0,PHED,,Forest clearance form,,,,Construction of Water Treatment Plant at Tampha Khunou,MANIPUR,Moirang,Wangoo Keirap,,,,Hybrid,0.0,0.146,0.146,0.0,0.0,0.0,0.0,0.0,0,0,0,Not applicable as the project or activity is site specific,,NO,NO,NO,2023-09-22T18:30:00.000+00:00,,Degraded Forest Land,true,,,,,,,,,,,,,,,,,,,,,,,,,,,,,,,,,,"Public Health Engineering Department, Khoyathong",,14,State Government (Department/Autonomous body),Chief Engineer,,14,Bishnupur,,https://parivesh.nic.in/dms/okm/downloadDocument?docTypemappingId=40829&refId=2846918&refType=caf&uuid=52ba9707-bf56-4626-b21e-8351621cad72&version=1.1;https://parivesh.nic.in/dms/okm/downloadDocument?docTypemappingId=58989&refId=2846918&refType=FC&uuid=b980b758-7f86-43fe-a160-813f229014ec&version=1.2,0,https://parivesh.nic.in/newupgrade/#/report/ec?proposalId=2848311,13860.0,7300.0
2849736,Construction of Water Treatment Plant for distribution of drinking water at wathalambi village.,New,FP/MN/WATER/416803/2023,2023-02-02T10:52:22.648+00:00,,Pending at PP due to EDS by DFO,0.357,172.0,PHED,,Forest clearance form,,,,Augmentation of Water Treatment Plant at Wathalambi,MANIPUR,Moirang,Saiton,,,,Hybrid,0.0,0.357,0.357,0.0,0.0,0.0,0.0,0.0,0,0,0,Not applicable as the project or activity is site specific,,NO,NO,NO,2023-09-01T18:30:00.000+00:00,,Degraded Forest Land,true,,,,,,,,,,,,,,,,,,,,,,,,,,,,,,,,,,"Public Health Engineering Department, Khoyathong",,14,State Government (Department/Autonomous body),Chief Engineer,,14,Bishnupur,,https://parivesh.nic.in/dms/okm/downloadDocument?docTypemappingId=40829&refId=2828048&refType=caf&uuid=0ccee06b-f2b7-48e1-a5d5-0c8406e7dde7&version=1.0;https://parivesh.nic.in/dms/okm/downloadDocument?docTypemappingId=58989&refId=2828048&refType=FC&uuid=a325ae89-037f-4004-8fa6-48280e604f00&version=1.0,269900,https://parivesh.nic.in/newupgrade/#/report/ec?proposalId=2849736,13860.0,7300.0
3389181,Augmentation of Water Treatment Plant at Nambol Town for distribution of drinking water at Nambol Naorem.,New,FP/MN/WATER/420352/2023,2023-02-28T09:40:02.679+00:00,,Final Diversion Order Issued,0.209,678.0,PHED,,Forest clearance form,,,,Augmentation of Water Treatment Plant at Nambol Town For Nambol Naorem,MANIPUR,Nambol,NAOREM,,,,Hybrid,0.0,0.209,0.209,0.0,0.0,0.0,0.0,0.0,0,0,0,Not applicable as the project or activity is site specific,,NO,NO,NO,2023-02-28T09:51:52.014+00:00,,Degraded Forest Land,true,,,,,,,,,,,,,,,,,,,,,,,,,,,,,,,,,,"Public Health Engineering Department, Khoyathong",,14,State Government (Department/Autonomous body),Chief Engineer,,14,Bishnupur,,https://parivesh.nic.in/dms/okm/downloadDocument?docTypemappingId=40829&refId=3386448&refType=caf&uuid=5a59bcbd-48ae-433e-9d3a-6e8b78999088&version=1.1;https://parivesh.nic.in/dms/okm/downloadDocument?docTypemappingId=58989&refId=3386448&refType=FC&uuid=49edfd16-3496-4c23-b267-1e5519ca5cc4&version=1.1,928329,https://parivesh.nic.in/newupgrade/#/report/ec?proposalId=3389181,20160.0,9700.0
3393460,Augmentation of water Treatment Plant at Khoriphaba for distribution of drinking water at Nambol Town,New,FP/MN/WATER/420367/2023,2023-02-28T10:25:12.886+00:00,,Final Diversion Order Issued,0.074,1146.0,PHED,,Forest clearance form,,,,Augmentation of Water Treatment Plant at Nambol Town : Nambol (Khoriphaba),MANIPUR,Nambol,NAMBOL BAZAR,,,1,Hybrid,0.0,0.074,0.074,0.0,0.0,0.0,0.0,0.0,0,0,0,Not applicable as the project or activity is site specific,,NO,NO,NO,2023-02-28T10:35:51.666+00:00,,Degraded Forest Land,true,,,,,,,,,,,,,,,,,,,,,,,,,,,,,,,,,,"Public Health Engineering Department, Khoyathong",,14,State Government (Department/Autonomous body),Chief Engineer,,14,Bishnupur,1,https://parivesh.nic.in/dms/okm/downloadDocument?docTypemappingId=40829&refId=3393136&refType=caf&uuid=6d0df576-42b7-4287-acd2-b516579210b5&version=1.0;https://parivesh.nic.in/dms/okm/downloadDocument?docTypemappingId=58989&refId=3393136&refType=FC&uuid=b8ac563e-3eeb-4c51-b45a-19ad3b420e69&version=1.0,928321,https://parivesh.nic.in/newupgrade/#/report/ec?proposalId=3393460,26460.0,9700.0
3395687,Augmentation of Water Treatment Plant at Maibam Lotpaching for distribution of drinking water for Nambol Town.,New,FP/MN/WATER/420380/2023,2023-02-28T10:55:14.813+00:00,,Final Diversion Order Issued,0.42,1146.0,PHED,,Forest clearance form,,,,Augmentation of Water Treatment Plant at Nambol Town : For Nambol (Maibam Lotpaching),MANIPUR,Nambol,MAIBAM,,,1,Hybrid,0.0,0.42,0.42,0.0,0.0,0.0,0.0,0.0,0,0,0,Not applicable as the project or activity is site specific,,NO,NO,NO,2023-02-27T18:30:00.000+00:00,,Degraded Forest Land,true,,,,,,,,,,,,,,,,,,,,,,,,,,,,,,,,,,"Public Health Engineering Department, Khoyathong",,14,State Government (Department/Autonomous body),Chief Engineer,,14,Bishnupur,1,https://parivesh.nic.in/dms/okm/downloadDocument?docTypemappingId=40829&refId=3395513&refType=caf&uuid=a1c66673-fa3f-43f1-b4c7-5a56f619c3ac&version=1.0;https://parivesh.nic.in/dms/okm/downloadDocument?docTypemappingId=58989&refId=3395513&refType=FC&uuid=35654071-028b-47ad-a3be-1bde835406fd&version=1.0,928334,https://parivesh.nic.in/newupgrade/#/report/ec?proposalId=3395687,26460.0,9700.0
3529754,"To setup research Centre for Medicinal and Aromatic Plant Extraction Unit for deriving plant extracts for the purpose of developing medicine for Cancer pain management, Epilepsy and Immunotherapy in collaboration with CSIR (Council of Scientific and Industrial Research) – NEIST (North East Institute of Science and Technology), Jorhat – a Govt of India Organization under Department of Science and Technology.",New,FP/MN/OTHERS/420831/2023,2023-03-03T11:09:54.088+00:00,,DELISTED_BY_SYSTEM,1.886,200.0,INDICA NUTRACEUTICALS LLP,,Forest clearance form,,,,Establishment of Indica Nutraceuticals,MANIPUR,SAIKUL,Gotangkot,,,1,Hybrid,0.0,1.886,1.886,0.0,0.0,0.0,0.0,0.0,0,0,0,Not applicable as the project or activity is site specific,,NO,NO,NO,2023-03-02T18:30:00.000+00:00,,Degraded Forest Land,true,,,,,,,,,,,,,,,,,,,,,,,,,,,,,,,,,,"6/3 East Patel Nagar,  New Delhi",,14,Private Limited,Factory Head,,14,Kangpokpi,1,https://parivesh.nic.in/dms/okm/downloadDocument?docTypemappingId=40829&refId=3528867&refType=caf&uuid=82cf19db-a9fa-4245-8097-80c3fe7f076c&version=1.0;https://parivesh.nic.in/dms/okm/downloadDocument?docTypemappingId=58989&refId=3528867&refType=FC&uuid=e8f3d053-97cd-466f-a287-644a9c865b7a&version=1.0,0,https://parivesh.nic.in/newupgrade/#/report/ec?proposalId=3529754,20805.0,18250.0
3954939,"The project scope includes the construction of a water treatment plant of capacity (0.8 MLD), Addl. Service Reservoir (0.27) pump house repairing of slow sand filter Energization and laying and fixing of pipes. The population is to benefited from this scheme is 28116 heads as per 2011 census. For the supply of drinking water to Thanga and Ithing villages, we required forest land of Thanga Ching for the construction of the Water Treatment Plant since there is no alternative land available for the same.",New,FP/MN/WATER/422103/2023,2023-03-14T13:23:16.345+00:00,,Pending on UA for Compensatory Levies Payment,0.261,127.2,PHED,,Forest clearance form,,,,Augmentation of Water Treatment Plant at Thanga,MANIPUR,Bishnupur,Thinungei,,,,Hybrid,0.0,0.261,0.261,0.0,0.0,0.0,0.0,0.0,0,0,0,Not applicable as the project or activity is site specific,,NO,NO,NO,2023-03-13T18:30:00.000+00:00,,Degraded Forest Land,true,,,,,,,,,,,,,,,,,,,,,,,,,,,,,,,,,,"Public Health Engineering Department, Khoyathong",IMPHAL,14,State Government (Department/Autonomous body),Chief Engineer,IMPHAL,14,Bishnupur,,https://parivesh.nic.in/dms/okm/downloadDocument?docTypemappingId=40829&refId=3941192&refType=caf&uuid=00e8abc9-1773-400e-96d5-22dee83eeaf5&version=1.0;https://parivesh.nic.in/dms/okm/downloadDocument?docTypemappingId=58989&refId=3941192&refType=FC&uuid=963fab8d-40ed-4666-af00-96869dd184f7&version=1.5,269891,https://parivesh.nic.in/newupgrade/#/report/ec?proposalId=3954939,250.0,250.0
4018329,The proposed project road is located in one District namely: Ukhrul. The project corridor takes off from Hungpung to Longpi Kajui. This road statrs from 53.110 Km to 79.990 Km and end at existing chainage 94.,New,FP/MN/ROAD/422464/2023,2023-03-17T06:11:59.909+00:00,,Pending at DFO For Compliance Review,98.0,56405.0,NHIDCL BO IMPHAL,,Forest clearance form,,,,Diversion of 98.00 HA of forest land for widening & improvement of Yaingangpokpi-Nagaland Road Section of NH-202 into two laning with paved shoulder from KM 53.110 to KM 79.990 in the State of Manipur on EPC Mode by NHIDCL,MANIPUR,Chingai,Awang Kasom,,,,Linear,0.0,98.0,98.0,0.0,0.0,0.0,0.0,0.0,0,0,0,Not applicable as the project or activity is site specific,,NO,NO,NO,2023-04-11T18:30:00.000+00:00,https://parivesh.nic.in/dms/okm/downloadDocument?docTypemappingId=59020&refId=4018328&refType=fc&uuid=ec2ddc98-5a09-419e-904a-606ba713e90c&version=1.0,Degraded Forest Land,true,,,,,,,,,,,,,,,,,,,,,,,,,,,,,,,,,,"DR.RAIKHAN,NILLAI HOUSE,OPP.1ST M.R. GROUND,BABUPARA",Imphal,14,"Central PSU (eg. NHAI, AAI, NTP, CIL, SAIL)",Executive Director (PROJECT),Imphal,14,Ukhrul,,https://parivesh.nic.in/dms/okm/downloadDocument?docTypemappingId=40829&refId=4017865&refType=caf&uuid=ef6ec97b-4b50-4b9d-b401-0cec3a098d7c&version=1.0;https://parivesh.nic.in/dms/okm/downloadDocument?docTypemappingId=58989&refId=4017865&refType=FC&uuid=8703ebd5-ed9a-4b63-8c81-3899ba6620ef&version=1.5,270379,https://parivesh.nic.in/newupgrade/#/report/ec?proposalId=4018329,83220.0,75561.0
4056163,"The project scope includes the construction of a water treatment plant of capacity (0.4 MLD), Addl. Service Reservoir (0.24) laying and fixing of pipes. The population is to benefited from this scheme is 11076 heads as per 2011 census. For the supply of drinking water to Moirang Khunou villages, we required forest land of Khongjaingamba Ching for the construction of the Water Treatment Plant since there is no alternative land available for the same.",New,FP/MN/WATER/422671/2023,2023-03-19T05:53:18.100+00:00,,DELISTED_BY_SYSTEM,0.433,147.38,PHED,,Forest clearance form,,,,Augmentation of Water Treatment Plant at Keibul Lamjao (0.40 MLD),MANIPUR,Moirang,Keibul,,,1,Hybrid,0.0,0.433,0.433,0.0,0.0,0.0,0.0,0.0,0,0,0,Not applicable as the project or activity is site specific,,NO,NO,NO,2024-01-02T18:30:00.000+00:00,,Degraded Forest Land,true,,,,,,,,,,,,,,,,,,,,,,,,,,,,,,,,,,"Public Health Engineering Department, Khoyathong",IMPHAL,14,State Government (Department/Autonomous body),Chief Engineer,Imphal,14,Bishnupur,1,https://parivesh.nic.in/dms/okm/downloadDocument?docTypemappingId=40829&refId=4056062&refType=caf&uuid=bca9ede6-c28a-4df7-b42f-82aac834dd63&version=1.0;https://parivesh.nic.in/dms/okm/downloadDocument?docTypemappingId=58989&refId=4056062&refType=FC&uuid=1ae2c8b5-deee-4aa1-b5c8-c4c4cfd54edb&version=1.0,913570,https://parivesh.nic.in/newupgrade/#/report/ec?proposalId=4056163,16250.0,16250.0
4056301,"The project scope includes the construction of a water treatment plant of capacity (0.4 MLD), Addl. Service Reservoir (0.24) laying and fixing of pipes. The population is to benefited from this scheme is 11076 heads as per 2011 census. For the supply of drinking water to Moirang Khunou villages, we required forest land of Khongjaingamba Ching for the construction of the Water Treatment Plant since there is no alternative land available for the same.",New,WL/MN/Others/422672/2023,2023-03-19T06:17:38.411+00:00,,,0.433,147.38,PHED,,Wildlife clearance form,,,,Augmentation of Water Treatment Plant at Keibul Lamjao (0.40 MLD),MANIPUR,Moirang,Keibul,,,1,Hybrid,0.0,0.433,0.433,0.0,0.0,0.0,0.0,0.0,0,0,0,Not applicable as the project or activity is site specific,,NO,NO,NO,2023-03-19T06:27:43.180+00:00,,,,,,,,,,,,,,,,,,,,,,,,,,,,,,,,,,,,,,,,,,,,Bishnupur,1,https://parivesh.nic.in/dms/okm/downloadDocument?docTypemappingId=40829&refId=4056062&refType=caf&uuid=bca9ede6-c28a-4df7-b42f-82aac834dd63&version=1.0;https://parivesh.nic.in/dms/okm/downloadDocument?docTypemappingId=59109&refId=4056300&refType=caf&uuid=594ba411-5562-4a72-9ad4-9c79ce2db1c6&version=1.0,913570,https://parivesh.nic.in/newupgrade/#/report/ec?proposalId=4056301,16250.0,16250.0
4056512,"The project scope includes the construction of a water treatment plant of capacity (0.8 MLD), Addl. Service Reservoir (0.27) pump house repairing of slow sand filter Energization and laying and fixing of pipes. The population is to benefited from this scheme is 28116 heads as per 2011 census. For the supply of drinking water to Thanga and Ithing villages, we required forest land of Thanga Ching for the construction of the Water Treatment Plant since there is no alternative land available for the same.",New,FP/MN/WATER/422674/2023,2023-03-19T06:45:32.466+00:00,,DELISTED_BY_SYSTEM,0.261,300.37,PHED,,Forest clearance form,,,,Augmentation of Water Treatment Plant at Thanga (0.80 MLD),MANIPUR,Moirang,Thanga,,,1,Hybrid,0.0,0.261,0.261,0.0,0.0,0.0,0.0,0.0,0,0,0,Not applicable as the project or activity is site specific,,NO,NO,NO,2023-03-19T07:05:07.329+00:00,,Degraded Forest Land,true,,,,,,,,,,,,,,,,,,,,,,,,,,,,,,,,,,"Public Health Engineering Department, Khoyathong",Imphal,14,State Government (Department/Autonomous body),Chief Engineer,Imphal,14,Bishnupur,1,https://parivesh.nic.in/dms/okm/downloadDocument?docTypemappingId=40829&refId=4056458&refType=caf&uuid=7741573e-d10d-48cb-a8b0-8ec68bf6d326&version=1.0;https://parivesh.nic.in/dms/okm/downloadDocument?docTypemappingId=58989&refId=4056458&refType=FC&uuid=15912bc0-99ed-4981-8a26-13ae64335516&version=1.3,269903,https://parivesh.nic.in/newupgrade/#/report/ec?proposalId=4056512,16250.0,16250.0
4056795,"The project scope includes the construction of a water treatment plant of capacity (0.8 MLD), Addl. Service Reservoir (0.27) pump house repairing of slow sand filter Energization and laying and fixing of pipes. The population is to benefited from this scheme is 28116 heads as per 2011 census. For the supply of drinking water to Thanga and Ithing villages, we required forest land of Thanga Ching for the construction of the Water Treatment Plant since there is no alternative land available for the same.",New,WL/MN/Others/422675/2023,2023-03-19T07:07:55.636+00:00,,,0.261,300.37,PHED,,Wildlife clearance form,,,,Augmentation of Water Treatment Plant at Thanga (0.80 MLD),MANIPUR,Moirang,Thanga,,,1,Hybrid,0.0,0.261,0.261,0.0,0.0,0.0,0.0,0.0,0,0,0,Not applicable as the project or activity is site specific,,NO,NO,NO,2023-03-19T07:17:24.093+00:00,,,,,,,,,,,,,,,,,,,,,,,,,,,,,,,,,,,,,,,,,,,,Bishnupur,1,https://parivesh.nic.in/dms/okm/downloadDocument?docTypemappingId=40829&refId=4056458&refType=caf&uuid=7741573e-d10d-48cb-a8b0-8ec68bf6d326&version=1.0;https://parivesh.nic.in/dms/okm/downloadDocument?docTypemappingId=59109&refId=4056794&refType=caf&uuid=8f303399-f588-4de4-b267-62132b686327&version=1.0,269903,https://parivesh.nic.in/newupgrade/#/report/ec?proposalId=4056795,16250.0,16250.0
4061724,"Setting up of Common Facility under Maga Handlooms Cluster Project of the National Handloom Development Programme was approved by the Ministry of Textiles, Govt. of India. The project includes the construction of one major Common Facilty Centre (CFC) at Nongpok Kakching, native village of Km Saikhom Mirabai Chanu. The CFC will provide service on preparatory processes like winding of yarn, sizing, dyeing, warping and semi finish processes.",New,FP/MN/OTHERS/422703/2023,2023-03-20T04:05:35.843+00:00,,DELISTED_BY_SYSTEM,0.97,90.0,Rural Development,,Forest clearance form,,,,Setting up of Common Facility Centre at Nongpok Kakching,MANIPUR,Sawombung,Kakching,,,,Non - Linear,0.0,0.97,0.97,0.0,0.0,0.0,0.0,0.0,0,0,0,NO,The propose project is construction of one Common Facility Centre at the native village of Km. Saikhom Mirabai Chanu and the propose site is also near the village and no alternative revenue/state land available nearby,NO,NO,NO,2023-03-20T05:16:12.507+00:00,,Degraded Forest Land,true,,,,,,,,,,,,,,,,,,,,,,,,,,,,,,,,,,"Directorate of Handlooms & Textiles, Lamphel, Imphal, Manipur",,14,State Government (Department/Autonomous body),Director,,14,Imphal East,,https://parivesh.nic.in/dms/okm/downloadDocument?docTypemappingId=40829&refId=3251701&refType=caf&uuid=2c1258ed-c2cd-4515-9078-94c8411b61b6&version=1.0;https://parivesh.nic.in/dms/okm/downloadDocument?docTypemappingId=58989&refId=3251701&refType=FC&uuid=c47f7a21-fcda-49e0-8a7c-9e09fd1667e7&version=1.0,270267,https://parivesh.nic.in/newupgrade/#/report/ec?proposalId=4061724,913700.0,746200.0
4332476,USOF 4G Saturation Project for 4G Network Uncovered Villages of Manipur,New,FP/MN/OTHERS/424320/2023,2023-03-31T11:22:45.697+00:00,,Final Diversion Order Issued,2.4552,3.13,MAHESH NAIR,,Forest clearance form,,,,USOF 4G Saturation Project for Manipur,MANIPUR,SAIKOT,Khuangkhaijang,,,,Non - Linear,0.0,2.4552,2.4552,0.0,0.0,0.0,0.0,0.0,0,0,0,Not applicable as the project or activity is site specific,,NO,NO,NO,2023-07-06T18:30:00.000+00:00,,Degraded Forest Land,true,,,,,,,,,,,,,,,,,,,,,,,,,,,,,,,,,,"General Manager Telecom, BSNL Bhavan, Thiruvalla",IMPHAL,14,"Central PSU (eg. NHAI, AAI, NTP, CIL, SAIL)",Sub-Divisional Engineer (SDE),IMPHAL,14,Churachandpur,,https://parivesh.nic.in/dms/okm/downloadDocument?docTypemappingId=40829&refId=4329684&refType=caf&uuid=efd463fe-0ca8-4d61-ba00-ec0046899327&version=1.0;https://parivesh.nic.in/dms/okm/downloadDocument?docTypemappingId=58989&refId=4329684&refType=FC&uuid=3fe1880d-56d0-4295-9e19-b02e6e2de7d3&version=1.3,269734,https://parivesh.nic.in/newupgrade/#/report/ec?proposalId=4332476,5725.0,27375.0
4334393,DNB Funded 4G Saturation Project in Manipur (CAT 6 sites),New,FP/MN/OTHERS/424336/2023,2023-03-31T11:59:30.564+00:00,,DELISTED_BY_SYSTEM,0.3906,1470.0,MAHESH NAIR,,Forest clearance form,,,,DNB Funded 4G Saturation Project in Manipur (CAT 6 sites),MANIPUR,Tengnoupal,Maojang,,,0.0186,Non - Linear,0.0,0.3906,0.3906,0.0,0.0,0.0,0.0,0.0,0,0,0,Not applicable as the project or activity is site specific,,NO,NO,NO,2023-04-27T18:30:00.000+00:00,,Degraded Forest Land,true,,,,,,,,,,,,,,,,,,,,,,,,,,,,,,,,,,"General Manager Telecom, BSNL Bhavan, Thiruvalla",Imphal west,14,"Central PSU (eg. NHAI, AAI, NTP, CIL, SAIL)",Sub-Divisional Engineer,IMPHAL,14,Tengnoupal,0.0186,https://parivesh.nic.in/dms/okm/downloadDocument?docTypemappingId=40829&refId=4334082&refType=caf&uuid=ad0f0ac3-1b0f-4509-8fd8-1e52d518e9fb&version=1.0;https://parivesh.nic.in/dms/okm/downloadDocument?docTypemappingId=58989&refId=4334082&refType=FC&uuid=48880bd2-a2e6-4157-8556-955d8ca8afc1&version=1.2,270732,https://parivesh.nic.in/newupgrade/#/report/ec?proposalId=4334393,1875.0,5494.0
4468636,USOF 4G Saturation Project for 4G Network Uncovered Villages of Manipur,New,FP/MN/OTHERS/425136/2023,2023-04-06T10:35:25.146+00:00,,Final Diversion Order Issued,2.4552,3.13,MAHESH NAIR,,Forest clearance form,,,,USOF 4G Saturation Project for Manipur,MANIPUR,Kamjong,Maokot,,,,Non - Linear,0.0,2.4552,2.4552,0.0,0.0,0.0,0.0,0.0,0,0,0,Not applicable as the project or activity is site specific,,NO,NO,NO,2023-07-06T18:30:00.000+00:00,,Degraded Forest Land,true,,,,,,,,,,,,,,,,,,,,,,,,,,,,,,,,,,"General Manager Telecom, BSNL Bhavan, Thiruvalla",IMPHAL,14,"Central PSU (eg. NHAI, AAI, NTP, CIL, SAIL)",Sub-Divisional Engineer (SDE),IMPHAL,14,Kamjong,,https://parivesh.nic.in/dms/okm/downloadDocument?docTypemappingId=40829&refId=4329684&refType=caf&uuid=efd463fe-0ca8-4d61-ba00-ec0046899327&version=1.0;https://parivesh.nic.in/dms/okm/downloadDocument?docTypemappingId=58989&refId=4329684&refType=FC&uuid=d0d4bcc1-4e54-4987-ac7b-11d6fee9565b&version=1.1,270475,https://parivesh.nic.in/newupgrade/#/report/ec?proposalId=4468636,5725.0,27375.0
4520007,DNB Funded 4G Saturation Project in Manipur (CAT 6 sites)_Wildlife,New,FP/MN/OTHERS/425503/2023,2023-04-10T06:44:37.489+00:00,,DELISTED_BY_SYSTEM,0.0558,210.0,MAHESH NAIR,,Forest clearance form,,,,DNB Funded 4G Saturation Project in Manipur (CAT 6 sites),MANIPUR,Tengnoupal,B.Bongjang,,,,Non - Linear,0.0,0.0558,0.0558,0.0,0.0,0.0,0.0,0.0,0,0,0,Not applicable as the project or activity is site specific,,NO,NO,NO,2023-04-27T18:30:00.000+00:00,,Degraded Forest Land,true,,,,,,,,,,,,,,,,,,,,,,,,,,,,,,,,,,"General Manager Telecom, BSNL Bhavan, Thiruvalla",IMPHAL,14,"Central PSU (eg. NHAI, AAI, NTP, CIL, SAIL)",Sub-Divisional Engineer,IMPHAL,14,Tengnoupal,,https://parivesh.nic.in/dms/okm/downloadDocument?docTypemappingId=40829&refId=4518772&refType=caf&uuid=bbec48ea-466b-4723-8df6-d53505ca0bad&version=1.0;https://parivesh.nic.in/dms/okm/downloadDocument?docTypemappingId=58989&refId=4518772&refType=FC&uuid=e7efd898-c606-47c9-ad7d-3a6c4d056873&version=1.0;https://parivesh.nic.in/dms/okm/downloadDocument?docTypemappingId=58989&refId=4518772&refType=FC&uuid=b4dc73d5-6d12-4988-a057-a4c721fc33c9&version=1.3;https://parivesh.nic.in/dms/okm/downloadDocument?docTypemappingId=58989&refId=4518772&refType=FC&uuid=e7b3c7d7-3575-4ae5-855a-41cdff3069de&version=1.1;https://parivesh.nic.in/dms/okm/downloadDocument?docTypemappingId=58989&refId=4518772&refType=FC&uuid=574a23ed-2aeb-4dfe-b350-cd414f615bc3&version=1.2;https://parivesh.nic.in/dms/okm/downloadDocument?docTypemappingId=58989&refId=4518772&refType=FC&uuid=5eb82413-9882-431d-994e-aeb5484807e9&version=1.0;https://parivesh.nic.in/dms/okm/downloadDocument?docTypemappingId=58989&refId=4518772&refType=FC&uuid=843aa293-82e9-436d-a99b-7ea47e4cf913&version=1.0,270724,https://parivesh.nic.in/newupgrade/#/report/ec?proposalId=4520007,1100.0,16425.0
4636249,USOF FUNDED 4G SATURATION PROJECT FOR 4G NETWORK UNCOVERED VILLAGES OF MANIPUR,New,FP/MN/OTHERS/426187/2023,2023-04-14T17:53:20.969+00:00,,DELISTED_BY_SYSTEM,0.0186,87.0,MAHESH NAIR,,Forest clearance form,,,,USOF funded 4G Saturation Project in Manipur,MANIPUR,Tamenglong,Wairangba,,,0.0186,Non - Linear,0.0,0.0186,0.0186,0.0,0.0,0.0,0.0,0.0,0,0,0,Not applicable as the project or activity is site specific,,NO,NO,NO,2023-04-17T09:15:11.849+00:00,,Degraded Forest Land,true,,,,,,,,,,,,,,,,,,,,,,,,,,,,,,,,,,"General Manager Telecom, BSNL Bhavan, Thiruvalla",Imphal,14,"Central PSU (eg. NHAI, AAI, NTP, CIL, SAIL)",SUB DIVISIONAL ENGINEER,IMPHAL,14,Tamenglong,0.0186,https://parivesh.nic.in/dms/okm/downloadDocument?docTypemappingId=40829&refId=4636224&refType=caf&uuid=e60876b5-d58b-4ae9-8fea-4ec4dd4cb514&version=1.0;https://parivesh.nic.in/dms/okm/downloadDocument?docTypemappingId=58989&refId=4636224&refType=FC&uuid=e6491681-486d-47da-abe4-fe1a3106b0f8&version=1.0,269199,https://parivesh.nic.in/newupgrade/#/report/ec?proposalId=4636249,370.0,5475.0
4641372,USOF Funded 4G Saturation Project for 4G Network uncovered villages of Manipur,New,FP/MN/OTHERS/426227/2023,2023-04-15T06:35:56.164+00:00,,DELISTED_BY_SYSTEM,0.0186,87.74,MAHESH NAIR,,Forest clearance form,,,,USOF 4G Saturation Project for Manipur,MANIPUR,Tengnoupal,Tuipi Mate,,,,Non - Linear,0.0,0.0186,0.0186,0.0,0.0,0.0,0.0,0.0,0,0,0,Not applicable as the project or activity is site specific,,NO,NO,NO,2023-04-15T07:37:11.242+00:00,,Degraded Forest Land,true,,,,,,,,,,,,,,,,,,,,,,,,,,,,,,,,,,"General Manager Telecom, BSNL Bhavan, Thiruvalla",Imphal,14,"Central PSU (eg. NHAI, AAI, NTP, CIL, SAIL)",SUB DIVISIONAL ENGINEER,Imphal,14,Tengnoupal,,https://parivesh.nic.in/dms/okm/downloadDocument?docTypemappingId=40829&refId=4638966&refType=caf&uuid=f64f7ad5-ce4c-4e0b-a25f-6e4a5e1dc51d&version=1.0;https://parivesh.nic.in/dms/okm/downloadDocument?docTypemappingId=58989&refId=4638966&refType=FC&uuid=c29a2793-d420-4ff5-a455-1c5833b4f8e4&version=1.4;https://parivesh.nic.in/dms/okm/downloadDocument?docTypemappingId=58989&refId=4638966&refType=FC&uuid=a440b2d8-f78a-4f60-9093-5f202b6f3202&version=1.6;https://parivesh.nic.in/dms/okm/downloadDocument?docTypemappingId=58989&refId=4638966&refType=FC&uuid=68fe2ffe-e43d-4769-9ca7-b07fdffada74&version=1.1,270709,https://parivesh.nic.in/newupgrade/#/report/ec?proposalId=4641372,5725.0,82375.0
4647404,Provision of 4G Mobile Connectivity to the Border Out Posts of Border Guarding Forces & Border Intelligence Post of Intelligence Bureau,New,WL/MN/Others/426258/2023,2023-04-15T09:29:23.748+00:00,,,0.186,877.0,MAHESH NAIR,,Wildlife clearance form,,,,USOF 4G Saturation Project for Manipur,MANIPUR,Singngat,Theigotang,,,,Non - Linear,0.0,0.186,0.186,0.0,0.0,0.0,0.0,0.0,0,0,0,Not applicable as the project or activity is site specific,,NO,NO,NO,2023-07-13T12:06:26.643+00:00,,,,,,,,,,,,,,,,,,,,,,,,,,,,,,,,,,,,,,,,,,,,Churachandpur,,https://parivesh.nic.in/dms/okm/downloadDocument?docTypemappingId=40829&refId=4644651&refType=caf&uuid=0b919e74-f6ab-4835-b3c6-479560884273&version=1.3;https://parivesh.nic.in/dms/okm/downloadDocument?docTypemappingId=59109&refId=4647403&refType=caf&uuid=a0c5d78a-bdf2-43a1-9785-353afb5ee772&version=1.4;https://parivesh.nic.in/dms/okm/downloadDocument?docTypemappingId=59109&refId=4647403&refType=caf&uuid=10e43bda-ab1d-43ec-a373-017c8afa7f3d&version=1.0;https://parivesh.nic.in/dms/okm/downloadDocument?docTypemappingId=59109&refId=4647403&refType=caf&uuid=7c28c5bd-2ac9-4c3c-9ae5-a480333be43a&version=1.0,269843,https://parivesh.nic.in/newupgrade/#/report/ec?proposalId=4647404,5725.0,82375.0
4667434,Provision of 4G Mobile Connectivity to the Border Out Posts of Border Guarding Forces & Border Intelligence Post of Intelligence Bureau,New,FP/MN/OTHERS/426386/2023,2023-04-17T06:44:16.482+00:00,,DELISTED_BY_SYSTEM,0.186,877.0,MAHESH NAIR,,Forest clearance form,,,,USOF 4G Saturation Project for Manipur,MANIPUR,Singngat,Theigotang,,,,Non - Linear,0.0,0.186,0.186,0.0,0.0,0.0,0.0,0.0,0,0,0,Not applicable as the project or activity is site specific,,NO,NO,NO,2023-04-17T09:09:54.450+00:00,,Degraded Forest Land,true,,,,,,,,,,,,,,,,,,,,,,,,,,,,,,,,,,"General Manager Telecom, BSNL Bhavan, Thiruvalla",Imphal,14,"Central PSU (eg. NHAI, AAI, NTP, CIL, SAIL)",SUB DIVISIONAL ENGINEER,Imphal,14,Churachandpur,,https://parivesh.nic.in/dms/okm/downloadDocument?docTypemappingId=40829&refId=4644651&refType=caf&uuid=0b919e74-f6ab-4835-b3c6-479560884273&version=1.3;https://parivesh.nic.in/dms/okm/downloadDocument?docTypemappingId=58989&refId=4644651&refType=FC&uuid=729dafcb-f7c5-4930-943b-962bcadb09a9&version=1.0;https://parivesh.nic.in/dms/okm/downloadDocument?docTypemappingId=58989&refId=4644651&refType=FC&uuid=8b522f5f-08e8-4313-9aed-9fdc570e6f0f&version=1.0;https://parivesh.nic.in/dms/okm/downloadDocument?docTypemappingId=58989&refId=4644651&refType=FC&uuid=dd6b252c-51db-47e2-b404-29362a931c4a&version=1.0,269843,https://parivesh.nic.in/newupgrade/#/report/ec?proposalId=4667434,5725.0,82375.0
5289205,"Proposal for grant of Permission for diversion of forest land of 4.9644 Ha for Proposed 12"" Ø (Carbon steel) Natural Gas Pipeline along with OFC Conduit in Senapati District, Manipur.",New,FP/MN/Pipeline/429027/2023,2023-05-12T06:00:00.376+00:00,,Final Diversion Order Issued,4.9644,9.625,INDRADHANUSH GAS GRID LIMITED,,Forest clearance form,,,,"Laying of Proposed Dimapur - Imphal Pipeline of 12” Dia Carbon steel Along with OFC Conduit in the District Senapati District, Manipur",MANIPUR,TADUBI,Tadubi,,,,Linear,0.0,4.9644,4.9644,0.0,0.0,0.0,0.0,0.0,0,0,0,NO,Pipeline is proposed Along the Road ROW . It is minimum forest Divert.• Pipeline route has been finalized in such a way that minimum forest land will be utilized as well as tree cutting will be minimum,NO,NO,NO,2024-03-13T18:30:00.000+00:00,,Degraded Forest Land,true,,,,,,,,,,,,,,,,,,,,,,,,,,,,,,,,,,"5th Floor, Central Mall, Christian Basti, G. S. Road, Guwahati",Guwahati,18,"Central PSU (eg. NHAI, AAI, NTP, CIL, SAIL)",Chief Project Manager,Guwahati,18,Senapati,,https://parivesh.nic.in/dms/okm/downloadDocument?docTypemappingId=40829&refId=5288279&refType=caf&uuid=1b679581-6be9-4608-a2ff-dcf072b2d5c5&version=1.0;https://parivesh.nic.in/dms/okm/downloadDocument?docTypemappingId=58989&refId=5288279&refType=FC&uuid=31420eb1-ee59-4bec-8aa8-840f3e5444cf&version=1.0,268469,https://parivesh.nic.in/newupgrade/#/report/ec?proposalId=5289205,36500.0,255500.0
6379138,USOF 4G Saturation Project for 4G Network Uncovered Villages of Manipur,New,FP/MN/TRANS/434773/2023,2023-06-27T08:27:12.875+00:00,,DELISTED_BY_SYSTEM,2.4552,3.13,MAHESH NAIR,,Forest clearance form,,,,USOF 4G Saturation Project for Manipur,MANIPUR,SAIKOT,Khuangkhaijang,,,,Non - Linear,0.0,2.4552,2.4552,0.0,0.0,0.0,0.0,0.0,0,0,0,Not applicable as the project or activity is site specific,,NO,NO,NO,2023-07-06T18:30:00.000+00:00,,Degraded Forest Land,true,,,,,,,,,,,,,,,,,,,,,,,,,,,,,,,,,,"General Manager Telecom, BSNL Bhavan, Thiruvalla",IMPHAL,14,"Central PSU (eg. NHAI, AAI, NTP, CIL, SAIL)",Sub-Divisional Engineer (SDE),IMPHAL,14,Churachandpur,,https://parivesh.nic.in/dms/okm/downloadDocument?docTypemappingId=40829&refId=4329684&refType=caf&uuid=efd463fe-0ca8-4d61-ba00-ec0046899327&version=1.0;https://parivesh.nic.in/dms/okm/downloadDocument?docTypemappingId=58989&refId=4329684&refType=FC&uuid=5c42f4c4-6765-4f76-bfa0-1007b419daf7&version=1.1,269734,https://parivesh.nic.in/newupgrade/#/report/ec?proposalId=6379138,5725.0,27375.0
6382939,USOF 4G Saturation Project for 4G Network Uncovered Villages of Manipur,New,FP/MN/TRANS/434792/2023,2023-06-27T09:50:28.361+00:00,,DELISTED_BY_SYSTEM,2.4552,3.13,MAHESH NAIR,,Forest clearance form,,,,USOF 4G Saturation Project for Manipur,MANIPUR,Kamjong,Maokot,,,,Non - Linear,0.0,2.4552,2.4552,0.0,0.0,0.0,0.0,0.0,0,0,0,Not applicable as the project or activity is site specific,,NO,NO,NO,2023-07-06T18:30:00.000+00:00,,Degraded Forest Land,true,,,,,,,,,,,,,,,,,,,,,,,,,,,,,,,,,,"General Manager Telecom, BSNL Bhavan, Thiruvalla",IMPHAL,14,"Central PSU (eg. NHAI, AAI, NTP, CIL, SAIL)",Sub-Divisional Engineer (SDE),IMPHAL,14,Kamjong,,https://parivesh.nic.in/dms/okm/downloadDocument?docTypemappingId=40829&refId=4329684&refType=caf&uuid=efd463fe-0ca8-4d61-ba00-ec0046899327&version=1.0;https://parivesh.nic.in/dms/okm/downloadDocument?docTypemappingId=58989&refId=4329684&refType=FC&uuid=6b838427-2136-4a94-8aee-435bf2ff63c9&version=1.1,270475,https://parivesh.nic.in/newupgrade/#/report/ec?proposalId=6382939,5725.0,27375.0
6385808,USOF 4G Saturation Project for 4G Network Uncovered Villages of Manipur,New,FP/MN/TRANS/434809/2023,2023-06-27T10:40:46.903+00:00,,DELISTED_BY_SYSTEM,2.4552,3.13,MAHESH NAIR,,Forest clearance form,,,,USOF 4G Saturation Project for Manipur,MANIPUR,Kamjong,Maokot,,,,Non - Linear,0.0,2.4552,2.4552,0.0,0.0,0.0,0.0,0.0,0,0,0,Not applicable as the project or activity is site specific,,NO,NO,NO,2023-07-06T18:30:00.000+00:00,,Degraded Forest Land,true,,,,,,,,,,,,,,,,,,,,,,,,,,,,,,,,,,"General Manager Telecom, BSNL Bhavan, Thiruvalla",IMPHAL,14,"Central PSU (eg. NHAI, AAI, NTP, CIL, SAIL)",Sub-Divisional Engineer (SDE),IMPHAL,14,Kamjong,,https://parivesh.nic.in/dms/okm/downloadDocument?docTypemappingId=40829&refId=4329684&refType=caf&uuid=efd463fe-0ca8-4d61-ba00-ec0046899327&version=1.0;https://parivesh.nic.in/dms/okm/downloadDocument?docTypemappingId=58989&refId=4329684&refType=FC&uuid=cc7ddcd9-e73f-4694-aa09-67beb968e25a&version=1.0,270475,https://parivesh.nic.in/newupgrade/#/report/ec?proposalId=6385808,5725.0,27375.0
6390789,USOF 4G Saturation Project for 4G Network Uncovered Villages of Manipur,New,FP/MN/TRANS/434829/2023,2023-06-27T11:59:36.274+00:00,,DELISTED_BY_SYSTEM,2.4552,3.13,MAHESH NAIR,,Forest clearance form,,,,USOF 4G Saturation Project for Manipur,MANIPUR,Kamjong,Maokot,,,,Non - Linear,0.0,2.4552,2.4552,0.0,0.0,0.0,0.0,0.0,0,0,0,Not applicable as the project or activity is site specific,,NO,NO,NO,2023-07-06T18:30:00.000+00:00,,Degraded Forest Land,true,,,,,,,,,,,,,,,,,,,,,,,,,,,,,,,,,,"General Manager Telecom, BSNL Bhavan, Thiruvalla",IMPHAL,14,"Central PSU (eg. NHAI, AAI, NTP, CIL, SAIL)",Sub-Divisional Engineer (SDE),IMPHAL,14,Kamjong,,https://parivesh.nic.in/dms/okm/downloadDocument?docTypemappingId=40829&refId=4329684&refType=caf&uuid=efd463fe-0ca8-4d61-ba00-ec0046899327&version=1.0;https://parivesh.nic.in/dms/okm/downloadDocument?docTypemappingId=58989&refId=4329684&refType=FC&uuid=42c254ce-50cc-4144-b5a7-565d6523cad4&version=1.1,270475,https://parivesh.nic.in/newupgrade/#/report/ec?proposalId=6390789,5725.0,27375.0
6391677,USOF 4G Saturation Project for 4G Network Uncovered Villages of Manipur,New,FP/MN/TRANS/434836/2023,2023-06-27T12:16:13.392+00:00,,DELISTED_BY_SYSTEM,2.4552,3.13,MAHESH NAIR,,Forest clearance form,,,,USOF 4G Saturation Project for Manipur,MANIPUR,Kamjong,Maokot,,,,Non - Linear,0.0,2.4552,2.4552,0.0,0.0,0.0,0.0,0.0,0,0,0,Not applicable as the project or activity is site specific,,NO,NO,NO,2023-07-06T18:30:00.000+00:00,,Degraded Forest Land,true,,,,,,,,,,,,,,,,,,,,,,,,,,,,,,,,,,"General Manager Telecom, BSNL Bhavan, Thiruvalla",IMPHAL,14,"Central PSU (eg. NHAI, AAI, NTP, CIL, SAIL)",Sub-Divisional Engineer (SDE),IMPHAL,14,Kamjong,,https://parivesh.nic.in/dms/okm/downloadDocument?docTypemappingId=40829&refId=4329684&refType=caf&uuid=efd463fe-0ca8-4d61-ba00-ec0046899327&version=1.0;https://parivesh.nic.in/dms/okm/downloadDocument?docTypemappingId=58989&refId=4329684&refType=FC&uuid=bfd351ff-a3f0-41d9-ab41-a900424dd348&version=1.1,270475,https://parivesh.nic.in/newupgrade/#/report/ec?proposalId=6391677,5725.0,27375.0
6415332,USOF 4G Saturation Project for 4G Network Uncovered Villages of Manipur,New,FP/MN/TRANS/434962/2023,2023-06-28T10:40:16.955+00:00,,DELISTED_BY_SYSTEM,2.4552,3.13,MAHESH NAIR,,Forest clearance form,,,,USOF 4G Saturation Project for Manipur,MANIPUR,Kamjong,Maokot,,,,Non - Linear,0.0,2.4552,2.4552,0.0,0.0,0.0,0.0,0.0,0,0,0,Not applicable as the project or activity is site specific,,NO,NO,NO,2023-07-06T18:30:00.000+00:00,,Degraded Forest Land,true,,,,,,,,,,,,,,,,,,,,,,,,,,,,,,,,,,"General Manager Telecom, BSNL Bhavan, Thiruvalla",IMPHAL,14,"Central PSU (eg. NHAI, AAI, NTP, CIL, SAIL)",Sub-Divisional Engineer (SDE),IMPHAL,14,Kamjong,,https://parivesh.nic.in/dms/okm/downloadDocument?docTypemappingId=40829&refId=4329684&refType=caf&uuid=efd463fe-0ca8-4d61-ba00-ec0046899327&version=1.0;https://parivesh.nic.in/dms/okm/downloadDocument?docTypemappingId=58989&refId=4329684&refType=FC&uuid=7145860f-3b6b-4350-afd4-8b6b2e107247&version=1.1,270475,https://parivesh.nic.in/newupgrade/#/report/ec?proposalId=6415332,5725.0,27375.0
6417297,USOF 4G Saturation Project for 4G Network Uncovered Villages of Manipur,New,FP/MN/TRANS/434975/2023,2023-06-28T11:11:15.618+00:00,,DELISTED_BY_SYSTEM,2.4552,3.13,MAHESH NAIR,,Forest clearance form,,,,USOF 4G Saturation Project for Manipur,MANIPUR,Kamjong,Maokot,,,,Non - Linear,0.0,2.4552,2.4552,0.0,0.0,0.0,0.0,0.0,0,0,0,Not applicable as the project or activity is site specific,,NO,NO,NO,2023-07-07T18:30:00.000+00:00,,Degraded Forest Land,true,,,,,,,,,,,,,,,,,,,,,,,,,,,,,,,,,,"General Manager Telecom, BSNL Bhavan, Thiruvalla",IMPHAL,14,"Central PSU (eg. NHAI, AAI, NTP, CIL, SAIL)",Sub-Divisional Engineer (SDE),IMPHAL,14,Kamjong,,https://parivesh.nic.in/dms/okm/downloadDocument?docTypemappingId=40829&refId=4329684&refType=caf&uuid=efd463fe-0ca8-4d61-ba00-ec0046899327&version=1.0;https://parivesh.nic.in/dms/okm/downloadDocument?docTypemappingId=58989&refId=4329684&refType=FC&uuid=749055fa-654b-484e-b621-4ffdc73fdd98&version=1.3,270475,https://parivesh.nic.in/newupgrade/#/report/ec?proposalId=6417297,5725.0,27375.0
6622179,USOF 4G Saturation Project for 4G Network Uncovered Villages of Manipur,New,FP/MN/OTHERS/435956/2023,2023-07-07T10:03:05.484+00:00,,Final Diversion Order Issued,2.4552,3.13,MAHESH NAIR,,Forest clearance form,,,,USOF 4G Saturation Project for Manipur,MANIPUR,Kamjong,Maokot,,,,Non - Linear,0.0,2.4552,2.4552,0.0,0.0,0.0,0.0,0.0,0,0,0,Not applicable as the project or activity is site specific,,NO,NO,NO,2023-07-07T10:35:43.151+00:00,,Degraded Forest Land,true,,,,,,,,,,,,,,,,,,,,,,,,,,,,,,,,,,"General Manager Telecom, BSNL Bhavan, Thiruvalla",IMPHAL,14,"Central PSU (eg. NHAI, AAI, NTP, CIL, SAIL)",Sub-Divisional Engineer (SDE),IMPHAL,14,Kamjong,,https://parivesh.nic.in/dms/okm/downloadDocument?docTypemappingId=40829&refId=4329684&refType=caf&uuid=efd463fe-0ca8-4d61-ba00-ec0046899327&version=1.0;https://parivesh.nic.in/dms/okm/downloadDocument?docTypemappingId=58989&refId=4329684&refType=FC&uuid=2c25824f-e775-4abe-9164-ea680980e6d7&version=1.0,270475,https://parivesh.nic.in/newupgrade/#/report/ec?proposalId=6622179,5725.0,27375.0
6629569,USOF 4G Saturation Project for 4G Network Uncovered Villages of Manipur,New,FP/MN/OTHERS/435988/2023,2023-07-07T12:30:56.426+00:00,,Final Diversion Order Issued,2.4552,3.13,MAHESH NAIR,,Forest clearance form,,,,USOF 4G Saturation Project for Manipur,MANIPUR,Kamjong,Maokot,,,,Non - Linear,0.0,2.4552,2.4552,0.0,0.0,0.0,0.0,0.0,0,0,0,Not applicable as the project or activity is site specific,,NO,NO,NO,2023-07-07T12:40:27.998+00:00,,Degraded Forest Land,true,,,,,,,,,,,,,,,,,,,,,,,,,,,,,,,,,,"General Manager Telecom, BSNL Bhavan, Thiruvalla",IMPHAL,14,"Central PSU (eg. NHAI, AAI, NTP, CIL, SAIL)",Sub-Divisional Engineer (SDE),IMPHAL,14,Kamjong,,https://parivesh.nic.in/dms/okm/downloadDocument?docTypemappingId=40829&refId=4329684&refType=caf&uuid=efd463fe-0ca8-4d61-ba00-ec0046899327&version=1.0;https://parivesh.nic.in/dms/okm/downloadDocument?docTypemappingId=58989&refId=4329684&refType=FC&uuid=4ba67db8-cc6b-4dec-9e93-e8d70a6b17ee&version=1.0,270475,https://parivesh.nic.in/newupgrade/#/report/ec?proposalId=6629569,5725.0,27375.0
6637412,USOF 4G Saturation Project for 4G Network Uncovered Villages of Manipur,New,WL/MN/Others/436037/2023,2023-07-08T06:56:45.241+00:00,,,2.4552,3.13,MAHESH NAIR,,Wildlife clearance form,,,,USOF 4G Saturation Project for Manipur,MANIPUR,Kamjong,Maokot,,,,Non - Linear,0.0,2.4552,2.4552,0.0,0.0,0.0,0.0,0.0,0,0,0,Not applicable as the project or activity is site specific,,NO,NO,NO,2023-07-08T07:34:42.030+00:00,,,,,,,,,,,,,,,,,,,,,,,,,,,,,,,,,,,,,,,,,,,,Kamjong,,https://parivesh.nic.in/dms/okm/downloadDocument?docTypemappingId=40829&refId=4329684&refType=caf&uuid=efd463fe-0ca8-4d61-ba00-ec0046899327&version=1.0,270475,https://parivesh.nic.in/newupgrade/#/report/ec?proposalId=6637412,5725.0,27375.0
6693885,USOF 4G Saturation Project for 4G Network Uncovered Villages of Manipur,New,FP/MN/OTHERS/436288/2023,2023-07-11T07:14:33.006+00:00,,Final Diversion Order Issued,2.4552,3.13,MAHESH NAIR,,Forest clearance form,,,,USOF 4G Saturation Project for Manipur,MANIPUR,Kamjong,Maokot,,,,Non - Linear,0.0,2.4552,2.4552,0.0,0.0,0.0,0.0,0.0,0,0,0,Not applicable as the project or activity is site specific,,NO,NO,NO,2023-07-16T18:30:00.000+00:00,,Degraded Forest Land,true,,,,,,,,,,,,,,,,,,,,,,,,,,,,,,,,,,"General Manager Telecom, BSNL Bhavan, Thiruvalla",IMPHAL,14,"Central PSU (eg. NHAI, AAI, NTP, CIL, SAIL)",Sub-Divisional Engineer (SDE),IMPHAL,14,Kamjong,,https://parivesh.nic.in/dms/okm/downloadDocument?docTypemappingId=40829&refId=4329684&refType=caf&uuid=efd463fe-0ca8-4d61-ba00-ec0046899327&version=1.0;https://parivesh.nic.in/dms/okm/downloadDocument?docTypemappingId=58989&refId=4329684&refType=FC&uuid=a95e352c-2930-4bab-af6f-119e6bf934cc&version=1.5,270475,https://parivesh.nic.in/newupgrade/#/report/ec?proposalId=6693885,5725.0,27375.0
6698850,USOF 4G Saturation Project for 4G Network Uncovered Villages of Manipur,New,FP/MN/OTHERS/436306/2023,2023-07-11T08:50:15.923+00:00,,Final Diversion Order Issued,2.4552,3.13,MAHESH NAIR,,Forest clearance form,,,,USOF 4G Saturation Project for Manipur,MANIPUR,Tamenglong North,CHATON-II,,,,Non - Linear,0.0,2.4552,2.4552,0.0,0.0,0.0,0.0,0.0,0,0,0,Not applicable as the project or activity is site specific,,NO,NO,NO,2023-07-11T09:22:56.187+00:00,,Degraded Forest Land,true,,,,,,,,,,,,,,,,,,,,,,,,,,,,,,,,,,"General Manager Telecom, BSNL Bhavan, Thiruvalla",IMPHAL,14,"Central PSU (eg. NHAI, AAI, NTP, CIL, SAIL)",Sub-Divisional Engineer (SDE),IMPHAL,14,Tamenglong,,https://parivesh.nic.in/dms/okm/downloadDocument?docTypemappingId=40829&refId=4329684&refType=caf&uuid=efd463fe-0ca8-4d61-ba00-ec0046899327&version=1.0;https://parivesh.nic.in/dms/okm/downloadDocument?docTypemappingId=58989&refId=4329684&refType=FC&uuid=5c42f4c4-6765-4f76-bfa0-1007b419daf7&version=1.2,934878,https://parivesh.nic.in/newupgrade/#/report/ec?proposalId=6698850,5725.0,27375.0
6701306,USOF 4G Saturation Project for 4G Network Uncovered Villages of Manipur,New,FP/MN/OTHERS/436317/2023,2023-07-11T09:33:24.059+00:00,,Final Diversion Order Issued,2.4552,3.13,MAHESH NAIR,,Forest clearance form,,,,USOF 4G Saturation Project for Manipur,MANIPUR,Kamjong,Maokot,,,,Non - Linear,0.0,2.4552,2.4552,0.0,0.0,0.0,0.0,0.0,0,0,0,Not applicable as the project or activity is site specific,,NO,NO,NO,2023-07-11T11:36:10.442+00:00,,Degraded Forest Land,true,,,,,,,,,,,,,,,,,,,,,,,,,,,,,,,,,,"General Manager Telecom, BSNL Bhavan, Thiruvalla",IMPHAL,14,"Central PSU (eg. NHAI, AAI, NTP, CIL, SAIL)",Sub-Divisional Engineer (SDE),IMPHAL,14,Kamjong,,https://parivesh.nic.in/dms/okm/downloadDocument?docTypemappingId=40829&refId=4329684&refType=caf&uuid=efd463fe-0ca8-4d61-ba00-ec0046899327&version=1.0;https://parivesh.nic.in/dms/okm/downloadDocument?docTypemappingId=58989&refId=4329684&refType=FC&uuid=6b838427-2136-4a94-8aee-435bf2ff63c9&version=1.2,270475,https://parivesh.nic.in/newupgrade/#/report/ec?proposalId=6701306,5725.0,27375.0
6704527,USOF 4G Saturation Project for 4G Network Uncovered Villages of Manipur,New,FP/MN/OTHERS/436334/2023,2023-07-11T10:30:16.371+00:00,,Final Diversion Order Issued,2.4552,3.13,MAHESH NAIR,,Forest clearance form,,,,USOF 4G Saturation Project for Manipur,MANIPUR,SAIKOT,Khuangkhaijang,,,,Non - Linear,0.0,2.4552,2.4552,0.0,0.0,0.0,0.0,0.0,0,0,0,Not applicable as the project or activity is site specific,,NO,NO,NO,2023-07-16T18:30:00.000+00:00,,Degraded Forest Land,true,,,,,,,,,,,,,,,,,,,,,,,,,,,,,,,,,,"General Manager Telecom, BSNL Bhavan, Thiruvalla",IMPHAL,14,"Central PSU (eg. NHAI, AAI, NTP, CIL, SAIL)",Sub-Divisional Engineer (SDE),IMPHAL,14,Churachandpur,,https://parivesh.nic.in/dms/okm/downloadDocument?docTypemappingId=40829&refId=4329684&refType=caf&uuid=efd463fe-0ca8-4d61-ba00-ec0046899327&version=1.0;https://parivesh.nic.in/dms/okm/downloadDocument?docTypemappingId=58989&refId=4329684&refType=FC&uuid=56bd275e-af33-4bbc-a588-a062e84138a0&version=1.1,269734,https://parivesh.nic.in/newupgrade/#/report/ec?proposalId=6704527,5725.0,27375.0
6708732,USOF 4G Saturation Project for 4G Network Uncovered Villages of Manipur,New,FP/MN/OTHERS/436354/2023,2023-07-11T11:39:49.305+00:00,,Final Diversion Order Issued,2.4552,3.13,MAHESH NAIR,,Forest clearance form,,,,USOF 4G Saturation Project for Manipur,MANIPUR,Kamjong,Maokot,,,,Non - Linear,0.0,2.4552,2.4552,0.0,0.0,0.0,0.0,0.0,0,0,0,Not applicable as the project or activity is site specific,,NO,NO,NO,2023-07-11T11:52:05.815+00:00,,Degraded Forest Land,true,,,,,,,,,,,,,,,,,,,,,,,,,,,,,,,,,,"General Manager Telecom, BSNL Bhavan, Thiruvalla",IMPHAL,14,"Central PSU (eg. NHAI, AAI, NTP, CIL, SAIL)",Sub-Divisional Engineer (SDE),IMPHAL,14,Kamjong,,https://parivesh.nic.in/dms/okm/downloadDocument?docTypemappingId=40829&refId=4329684&refType=caf&uuid=efd463fe-0ca8-4d61-ba00-ec0046899327&version=1.0;https://parivesh.nic.in/dms/okm/downloadDocument?docTypemappingId=58989&refId=4329684&refType=FC&uuid=cc7ddcd9-e73f-4694-aa09-67beb968e25a&version=1.1,270475,https://parivesh.nic.in/newupgrade/#/report/ec?proposalId=6708732,5725.0,27375.0
6709741,USOF 4G Saturation Project for 4G Network Uncovered Villages of Manipur,New,FP/MN/OTHERS/436360/2023,2023-07-11T12:01:44.593+00:00,,Final Diversion Order Issued,2.4552,3.13,MAHESH NAIR,,Forest clearance form,,,,USOF 4G Saturation Project for Manipur,MANIPUR,Kamjong,Maokot,,,,Non - Linear,0.0,2.4552,2.4552,0.0,0.0,0.0,0.0,0.0,0,0,0,Not applicable as the project or activity is site specific,,NO,NO,NO,2023-07-11T12:13:53.160+00:00,,Degraded Forest Land,true,,,,,,,,,,,,,,,,,,,,,,,,,,,,,,,,,,"General Manager Telecom, BSNL Bhavan, Thiruvalla",IMPHAL,14,"Central PSU (eg. NHAI, AAI, NTP, CIL, SAIL)",Sub-Divisional Engineer (SDE),IMPHAL,14,Kamjong,,https://parivesh.nic.in/dms/okm/downloadDocument?docTypemappingId=40829&refId=4329684&refType=caf&uuid=efd463fe-0ca8-4d61-ba00-ec0046899327&version=1.0;https://parivesh.nic.in/dms/okm/downloadDocument?docTypemappingId=58989&refId=4329684&refType=FC&uuid=42c254ce-50cc-4144-b5a7-565d6523cad4&version=1.2,270475,https://parivesh.nic.in/newupgrade/#/report/ec?proposalId=6709741,5725.0,27375.0
6710486,USOF 4G Saturation Project for 4G Network Uncovered Villages of Manipur,New,FP/MN/OTHERS/436363/2023,2023-07-11T12:15:21.218+00:00,,Final Diversion Order Issued,2.4552,3.13,MAHESH NAIR,,Forest clearance form,,,,USOF 4G Saturation Project for Manipur,MANIPUR,SAIKOT,Khuangkhaijang,,,,Non - Linear,0.0,2.4552,2.4552,0.0,0.0,0.0,0.0,0.0,0,0,0,Not applicable as the project or activity is site specific,,NO,NO,NO,2023-07-11T12:23:34.656+00:00,,Degraded Forest Land,true,,,,,,,,,,,,,,,,,,,,,,,,,,,,,,,,,,"General Manager Telecom, BSNL Bhavan, Thiruvalla",IMPHAL,14,"Central PSU (eg. NHAI, AAI, NTP, CIL, SAIL)",Sub-Divisional Engineer (SDE),IMPHAL,14,Churachandpur,,https://parivesh.nic.in/dms/okm/downloadDocument?docTypemappingId=40829&refId=4329684&refType=caf&uuid=efd463fe-0ca8-4d61-ba00-ec0046899327&version=1.0;https://parivesh.nic.in/dms/okm/downloadDocument?docTypemappingId=58989&refId=4329684&refType=FC&uuid=bfd351ff-a3f0-41d9-ab41-a900424dd348&version=1.2,269734,https://parivesh.nic.in/newupgrade/#/report/ec?proposalId=6710486,5725.0,27375.0
6880858,USOF 4G Saturation Project for 4G Network Uncovered Villages of Manipur,New,FP/MN/OTHERS/437095/2023,2023-07-18T05:22:42.702+00:00,,DELISTED_BY_SYSTEM,2.4552,3.13,MAHESH NAIR,,Forest clearance form,,,,USOF 4G Saturation Project for Manipur,MANIPUR,Kamjong,Maokot,,,,Non - Linear,0.0,2.4552,2.4552,0.0,0.0,0.0,0.0,0.0,0,0,0,Not applicable as the project or activity is site specific,,NO,NO,NO,2023-07-20T18:30:00.000+00:00,,Degraded Forest Land,true,,,,,,,,,,,,,,,,,,,,,,,,,,,,,,,,,,"General Manager Telecom, BSNL Bhavan, Thiruvalla",IMPHAL,14,"Central PSU (eg. NHAI, AAI, NTP, CIL, SAIL)",Sub-Divisional Engineer (SDE),IMPHAL,14,Kamjong,,https://parivesh.nic.in/dms/okm/downloadDocument?docTypemappingId=40829&refId=4329684&refType=caf&uuid=efd463fe-0ca8-4d61-ba00-ec0046899327&version=1.0;https://parivesh.nic.in/dms/okm/downloadDocument?docTypemappingId=58989&refId=4329684&refType=FC&uuid=b3509c77-b048-4d0e-8097-44d64d340b47&version=1.0,270475,https://parivesh.nic.in/newupgrade/#/report/ec?proposalId=6880858,5725.0,27375.0
7842160,"The Project ""Construction of Nongdam Shanglen"" at Wakha is a project to preserve Meiteism which is a unique religion replete with traditional culture, ethos of the Meitei Population and help people continue to preserve their customary practices.",New,FP/MN/OTHERS/439996/2023,2023-08-10T09:02:07.681+00:00,,Final Diversion Order Issued,0.5,200.0,NONGDAM SHANGLEN,,Forest clearance form,,,,"Construction of Nongdam Shanglen at Komla Ingkhol, Wakha, Imphal East",MANIPUR,Keirao Bitra,Wakha,,,,Non - Linear,0.0,0.5,0.5,0.0,0.0,0.0,0.0,0.0,0,0,0,Not applicable as the project or activity is site specific,,NO,NO,NO,2023-08-09T18:30:00.000+00:00,,Degraded Forest Land,true,,,,,,,,,,,,,,,,,,,,,,,,,,,,,,,,,,Wakha Komla Ingkhol,,14,Others,Secretary,,14,Imphal East,,https://parivesh.nic.in/dms/okm/downloadDocument?docTypemappingId=40829&refId=7841597&refType=caf&uuid=df9ce90f-8378-4bb1-9052-7242ff0481c9&version=1.0;https://parivesh.nic.in/dms/okm/downloadDocument?docTypemappingId=58989&refId=7841597&refType=FC&uuid=2a309b4f-13a4-4839-ab7a-64fbdc43f6e9&version=1.4,270297,https://parivesh.nic.in/newupgrade/#/report/ec?proposalId=7842160,1804.0,36520.0
9169379,The road passes through the eco-sensitive zone (within 10km radius) of the proposed Shirui National Park.,Expansion,WL/MN/ROAD/443832/2023,2023-09-11T03:08:18.173+00:00,,,98.0,0.0,NHIDCL BO IMPHAL,,Wildlife clearance form,,,,Diversion of 98.00 HA of forest land for widening & improvement of Yaingangpokpi-Nagaland Road Section of NH-202 into two laning with paved shoulder from KM 53.110 to KM 79.990 in the State of Manipur on EPC Mode by NHIDCL,MANIPUR,Ukhrul,Sihai,,,,Linear,0.0,98.0,98.0,0.0,0.0,0.0,0.0,0.0,0,0,0,Not applicable as the project or activity is site specific,,NO,NO,NO,2023-09-11T04:21:44.149+00:00,,,,,,,,,,,,,,,,,,,,,,,,,,,,,,,,,,,,,,,,,,,,Ukhrul,,https://parivesh.nic.in/dms/okm/downloadDocument?docTypemappingId=40829&refId=9060943&refType=caf&uuid=0ed2c72f-76f8-476d-8a89-0247e03fb634&version=1.0,270451,https://parivesh.nic.in/newupgrade/#/report/ec?proposalId=9169379,83220.0,0.0
15992025,The Project is about construction of a Eco-Tourism Resort and a Golf-Course as a part of integrated Mega Tourism Development for the state of Manipur.,New,WL/MN/Others/448040/2023,2023-10-06T12:42:30.404+00:00,,,,,Waikhom Ibohal Singh,,Wildlife clearance form,,,,Loktak Lake Eco-Tourism Project,Manipur,,,,,,,,,,,,,,,,,,,,,,,2023-10-06T12:42:30.404+00:00,,,,,,,,,,,,,,,,,,,,,,,,,,,,,,,,,,,,,,,,,,,,,,,,https://parivesh.nic.in/newupgrade/#/report/ec?proposalId=15992025,,
15950070,Widening and Improvement of Shangshak to Tengnoupal Road (Phase – 1) on NH-39 (NH-102A Extn) under NH(O) into 2-Lane/intermediate Lane with Hard Shoulder of Design Ch. 0+000 km to Ch. 2+916 km (Shangshak Village) in the state of Manipur by PWD (NH Divn.),New,FP/MN/ROAD/447639/2023,2023-10-10T04:00:34.498+00:00,,Pending on UA for Compensatory Levies Payment,6.103,4348.0,"PWD (NH CIRCLE), MANIPUR",,Forest clearance form,,,,Widening and Improvement of Shangshak to Tengnoupal Road (Phase – 1) on NH-39 (NH-102A Extn.) under NH(O) into 2-Lane/intermediate Lane with Hard Shoulder of Design Ch. 0+000 km to Ch. 2+916 km (Shangshak Village) in the state of Manipur by PWD (NH Divn.),MANIPUR,Ukhrul,Shangshak Khunou,,,,Linear,0.0,6.103,6.103,0.0,0.0,0.0,0.0,0.0,0,0,0,Not applicable as the project or activity is site specific,,NO,NO,NO,2023-10-09T18:30:00.000+00:00,https://parivesh.nic.in/dms/okm/downloadDocument?docTypemappingId=59020&refId=15950069&refType=fc&uuid=40f61059-cff4-487a-a9f6-679b0fe2a91c&version=1.0,Degraded Forest Land,true,,,,,,,,,,,,,,,,,,,,,,,,,,,,,,,,,,"PWD Main Block, PWD Complex, Khuyathong, Imphal, Manipur - 795001.",Imphal,14,State Government (Department/Autonomous body),"Additional Chief Engineer-II, PWD-Manipur",Imphal,14,Ukhrul,,https://parivesh.nic.in/dms/okm/downloadDocument?docTypemappingId=40829&refId=15950015&refType=caf&uuid=b9d1e7da-7353-4360-8904-910f22f39cb0&version=1.0;https://parivesh.nic.in/dms/okm/downloadDocument?docTypemappingId=58989&refId=15950015&refType=FC&uuid=14109a05-4d26-4550-b0bb-171bbcdb8501&version=1.0,270434,https://parivesh.nic.in/newupgrade/#/report/ec?proposalId=15950070,86505.0,116824.0
15961254,Widening and Improvement of Shangshak to Tengnoupal Road (Phase – 2) on NH-39 (NH-102A Extn) under NH(O) into 2-Lane/intermediate Lane with Hard Shoulder of Design Ch. Km. 2+916 (Koso Village) to Km. 38+700 (Khambi Village) in the state of Manipur by PWD (NH Divn.),New,FP/MN/ROAD/447680/2023,2023-10-10T07:33:11.952+00:00,,Pending on UA for Compensatory Levies Payment,96.014,53354.0,"PWD (NH CIRCLE), MANIPUR",,Forest clearance form,,,,Widening and Improvement of Shangshak to Tengnoupal Road (Phase – 2) on NH-39 (NH-102A Extn) under NH(O) into 2-Lane/intermediate Lane with Hard Shoulder of Design Ch. Km. 2+916 (Koso Village) to Km. 38+700 (Khambi Village) in the state of Manipur by PWD (NH Divn.),MANIPUR,Phungyar,Koso,,,"",Linear,0.0,96.014,96.014,0.0,0.0,0.0,0.0,0.0,0,0,0,Not applicable as the project or activity is site specific,,NO,NO,NO,2023-10-09T18:30:00.000+00:00,https://parivesh.nic.in/dms/okm/downloadDocument?docTypemappingId=59020&refId=15961251&refType=fc&uuid=405d764d-cbd4-45b2-bc45-b9a9e0c5e2a1&version=1.0,Degraded Forest Land,true,,,,,,,,,,,,,,,,,,,,,,,,,,,,,,,,,,"PWD Main Block, PWD Complex, Khuyathong, Imphal, Manipur - 795001.",Imphal,14,State Government (Department/Autonomous body),"Additional Chief Engineer-II, PWD-Manipur",Imphal,14,Kamjong,"",https://parivesh.nic.in/dms/okm/downloadDocument?docTypemappingId=40829&refId=15957059&refType=caf&uuid=f71c8650-949f-4b7f-aea1-49f0b54efd8e&version=1.0;https://parivesh.nic.in/dms/okm/downloadDocument?docTypemappingId=58989&refId=15957059&refType=FC&uuid=09be52bc-890f-4a34-9c01-640a398b848f&version=1.2,270517,https://parivesh.nic.in/newupgrade/#/report/ec?proposalId=15961254,1058865.0,1341616.0
16222437,USOF Funded 4G Saturation Project for 4G Network uncovered villages of Manipur,New,WL/MN/Others/448428/2023,2023-10-11T07:33:26.804+00:00,,,0.1674,789.66,MAHESH NAIR,,Wildlife clearance form,,,,USOF 4G Saturation Project for Manipur,MANIPUR,Tengnoupal,Chikim,,,,Non - Linear,0.0,0.1674,0.1674,0.0,0.0,0.0,0.0,0.0,0,0,0,Not applicable as the project or activity is site specific,,NO,NO,NO,2023-10-11T11:05:16.608+00:00,,,,,,,,,,,,,,,,,,,,,,,,,,,,,,,,,,,,,,,,,,,,Tengnoupal,,https://parivesh.nic.in/dms/okm/downloadDocument?docTypemappingId=40829&refId=16220758&refType=caf&uuid=a3d909b8-384d-4742-b65e-585ccc6e3b10&version=1.1,270743,https://parivesh.nic.in/newupgrade/#/report/ec?proposalId=16222437,5725.0,82375.0
16224951,USOF Funded 4G Saturation Project for 4G Network uncovered villages of Manipur,New,WL/MN/Others/448435/2023,2023-10-11T08:32:40.045+00:00,,,0.1674,789.66,MAHESH NAIR,,Wildlife clearance form,,,,USOF 4G Saturation Project for Manipur,MANIPUR,Tengnoupal,Chikim,,,,Non - Linear,0.0,0.1674,0.1674,0.0,0.0,0.0,0.0,0.0,0,0,0,Not applicable as the project or activity is site specific,,NO,NO,NO,2023-10-11T11:06:21.123+00:00,,,,,,,,,,,,,,,,,,,,,,,,,,,,,,,,,,,,,,,,,,,,Tengnoupal,,https://parivesh.nic.in/dms/okm/downloadDocument?docTypemappingId=40829&refId=16220758&refType=caf&uuid=a3d909b8-384d-4742-b65e-585ccc6e3b10&version=1.1,270743,https://parivesh.nic.in/newupgrade/#/report/ec?proposalId=16224951,5725.0,82375.0
16462476,Widening and Improvement of Shangshak to Tengnoupal Road (Phase – 3) on NH-39 (NH-102A Extn) under NH(O) into 2-Lane/intermediate Lane with Hard Shoulder of Design Ch. Km. 38+700 (Mailiang Village) to Km.70+122 (Sorbung Village) in the state of Manipur by PWD (NH Divn.),New,FP/MN/ROAD/448568/2023,2023-10-12T08:28:43.946+00:00,,Pending at Nodal for Compensatory Levies Review,97.471,46850.0,"PWD (NH CIRCLE), MANIPUR",,Forest clearance form,,,,Widening and Improvement of Shangshak to Tengnoupal Road (Phase – 3) on NH-39 (NH-102A Extn) under NH(O) into 2-Lane/intermediate Lane with Hard Shoulder of Design Ch. Km. 38+700 (Mailiang Village) to Km.70+122 (Sorbung Village) in the state of Manipur by PWD (NH Divn.),MANIPUR,Phungyar,MAILIANG,,,,Linear,0.0,97.471,97.471,0.0,0.0,0.0,0.0,0.0,0,0,0,Not applicable as the project or activity is site specific,,NO,NO,NO,2023-10-11T18:30:00.000+00:00,https://parivesh.nic.in/dms/okm/downloadDocument?docTypemappingId=59020&refId=16462474&refType=fc&uuid=ebe76df5-7b90-4681-b723-331df0803e5c&version=1.0,Degraded Forest Land,true,,,,,,,,,,,,,,,,,,,,,,,,,,,,,,,,,,"PWD Main Block, PWD Complex, Khuyathong, Imphal, Manipur - 795001.",Imphal,14,State Government (Department/Autonomous body),"Additional Chief Engineer-II, PWD-Manipur",Imphal,14,Kamjong,,https://parivesh.nic.in/dms/okm/downloadDocument?docTypemappingId=40829&refId=16461164&refType=caf&uuid=214d19d8-a24a-4f43-b25a-30388c87430b&version=1.0;https://parivesh.nic.in/dms/okm/downloadDocument?docTypemappingId=58989&refId=16461164&refType=FC&uuid=329d34a5-64f3-4a64-b5ed-f6e55fef5bf0&version=1.0,928619,https://parivesh.nic.in/newupgrade/#/report/ec?proposalId=16462476,928560.0,1201015.0
16480684,Widening and Improvement of Shangshak to Tengnoupal Road (Phase – 4) on NH-39 (NH-102A Extn) under NH(O) into 2-Lane/intermediate Lane with Hard Shoulder of Design Ch. Km. 70+122 (Khonglo Village) to Km. 99+320 (Nambashi Khullen Village) in the state of Manipur by PWD (NH Divn.),New,FP/MN/ROAD/448649/2023,2023-10-12T15:18:58.856+00:00,,Pending on UA for Compensatory Levies Payment,89.915,43534.0,"PWD (NH CIRCLE), MANIPUR",,Forest clearance form,,,,Widening and Improvement of Shangshak to Tengnoupal Road (Phase – 4) on NH-39 (NH-102A Extn) under NH(O) into 2-Lane/intermediate Lane with Hard Shoulder of Design Ch. Km. 70+122 (Khonglo Village) to Km. 99+320 (Nambashi Khullen Village) in the state of Manipur by PWD (NH Divn.),MANIPUR,Kasom Khullen,Kashung,,,,Linear,0.0,89.915,89.915,0.0,0.0,0.0,0.0,0.0,0,0,0,Not applicable as the project or activity is site specific,,NO,NO,NO,2023-10-11T18:30:00.000+00:00,https://parivesh.nic.in/dms/okm/downloadDocument?docTypemappingId=59020&refId=16480683&refType=fc&uuid=337a7e6f-12cb-4439-92b3-cc393f19456d&version=1.0,Degraded Forest Land,true,,,,,,,,,,,,,,,,,,,,,,,,,,,,,,,,,,"PWD Main Block, PWD Complex, Khuyathong, Imphal, Manipur - 795001.",Imphal,14,State Government (Department/Autonomous body),"Additional Chief Engineer-II, PWD-Manipur",Impal,14,Kamjong,,https://parivesh.nic.in/dms/okm/downloadDocument?docTypemappingId=40829&refId=16480206&refType=caf&uuid=ae5b76e3-c039-45a5-937c-9dd09d2e4449&version=1.0;https://parivesh.nic.in/dms/okm/downloadDocument?docTypemappingId=58989&refId=16480206&refType=FC&uuid=986043fd-cba9-4f59-bd7a-40f1d4075e33&version=1.0,270569,https://parivesh.nic.in/newupgrade/#/report/ec?proposalId=16480684,862860.0,1104348.0
16706130,USOF Funded 4G Saturation Project for 4G Network uncovered villages of Manipur,New,WL/MN/Others/448739/2023,2023-10-13T10:19:49.359+00:00,,,0.558,236.22,BHARAT SANCHAR NIGAM LIMITED,,Wildlife clearance form,,,,USOF 4G Saturation Project for Manipur,MANIPUR,Tamenglong,Bamgaijang,,,,Non - Linear,0.0,0.558,0.558,0.0,0.0,0.0,0.0,0.0,0,0,0,Not applicable as the project or activity is site specific,,NO,NO,NO,2023-10-13T10:41:38.973+00:00,,,,,,,,,,,,,,,,,,,,,,,,,,,,,,,,,,,,,,,,,,,,Tamenglong,,https://parivesh.nic.in/dms/okm/downloadDocument?docTypemappingId=40829&refId=16702729&refType=caf&uuid=c2c683fb-7165-492b-a404-971ea456933b&version=1.0,269178,https://parivesh.nic.in/newupgrade/#/report/ec?proposalId=16706130,5725.0,82375.0
17603996,Construction of Two laning with Hard shoulder of Ukhrul-Toloi-Tadubi Road Pkg-1 (Ukhrul Bypass) on NH-102A from De. Ch. 0.000 Km (Ex. Ch. 537.850 of NH-202) to De. Ch. 6.571 Km (Km. 9.840 of existing Ukhrul-Toloi-Tadubi Road) (Design Length-6.571 Km) in the State of Manipur by NHIDCL on EPC mode,New,FP/MN/ROAD/449121/2023,2023-10-17T06:32:39.797+00:00,,Final Diversion Order Issued,26.9678,20430.0,NHIDCL BO IMPHAL,,Forest clearance form,,,,Construction of Two laning with Hard shoulder of Ukhrul-Toloi-Tadubi Road Pkg-1 (Ukhrul Bypass) on NH-102A from De. Ch. 0.000 Km (Ex. Ch. 537.850 of NH-202) to De. Ch. 6.571 Km (Km. 9.840 of existing Ukhrul-Toloi-Tadubi Road) (Design Length-6.571 Km) in the State of Manipur by NHIDCL on EPC mode,MANIPUR,Ukhrul,Hundung,,,,Linear,0.0,26.9678,26.9678,0.0,0.0,0.0,0.0,0.0,0,0,0,Not applicable as the project or activity is site specific,,NO,NO,NO,2023-10-17T07:06:39.126+00:00,https://parivesh.nic.in/dms/okm/downloadDocument?docTypemappingId=59020&refId=17603991&refType=fc&uuid=6be3f991-163e-4a4a-85bf-d6199f1f53d7&version=1.1,Degraded Forest Land,true,,,,,,,,,,,,,,,,,,,,,,,,,,,,,,,,,,"DR.RAIKHAN,NILLAI HOUSE,OPP.1ST M.R. GROUND,BABUPARA",Imphal,14,"Central PSU (eg. NHAI, AAI, NTP, CIL, SAIL)",Executive Director (PROJECT),Imphal,14,Ukhrul,,https://parivesh.nic.in/dms/okm/downloadDocument?docTypemappingId=40829&refId=17602727&refType=caf&uuid=ef563e1e-e8e4-4048-b8e5-882c63e33e8a&version=1.0;https://parivesh.nic.in/dms/okm/downloadDocument?docTypemappingId=58989&refId=17602727&refType=FC&uuid=86215a28-0e6a-4a81-a5b6-fe4272359d5b&version=1.0,0,https://parivesh.nic.in/newupgrade/#/report/ec?proposalId=17603996,86505.0,141861.0
17852277,"The proposed proposal isConstruction of Two lane with Paved Shoulder ofOld Tamenglong- Phelong Section (Package-3, From Km31.430 to Km43.480) of Tamenglong- Mahur Road inthe state of Manipur on EPC mode.",New,WL/MN/ROAD/449303/2023,2023-10-18T08:24:25.582+00:00,,,54.933,17654.0,NHIDCL BO IMPHAL,,Wildlife clearance form,,,,"Construction of Two lane with Paved Shoulder of Old Tamenglong- Phelong Section(Package-3, From Km31.430 to Km43.480) of Tamenglong- Mahur Road in the state of Manipur on EPC mode.",MANIPUR,Tamenglong West,Azuram,,,,Linear,0.0,54.933,54.933,0.0,0.0,0.0,0.0,0.0,0,0,0,Not applicable as the project or activity is site specific,,NO,NO,NO,2023-10-18T09:10:39.265+00:00,,,,,,,,,,,,,,,,,,,,,,,,,,,,,,,,,,,,,,,,,,,,Tamenglong,,https://parivesh.nic.in/dms/okm/downloadDocument?docTypemappingId=40829&refId=17851395&refType=caf&uuid=f0c8eb95-13f2-4c8a-aa79-cd8573a2cda4&version=1.0,269106,https://parivesh.nic.in/newupgrade/#/report/ec?proposalId=17852277,5840.0,50960.0
19763495,The road passes through the the core and eco-sensitive zone (within 10km radius) of the proposed Shirui National Park.,Expansion,WL/MN/ROAD/450325/2023,2023-10-26T16:17:09.174+00:00,,,98.0,56405.0,NHIDCL BO IMPHAL,,Wildlife clearance form,,,,Diversion of 98.00 HA of forest land for widening & improvement of Yaingangpokpi-Nagaland Road Section of NH-202 into two laning with paved shoulder from KM 53.110 to KM 79.990 in the State of Manipur on EPC Mode by NHIDCL,MANIPUR,Chingai,Awang Kasom,,,,Linear,0.0,98.0,98.0,0.0,0.0,0.0,0.0,56405.0,0,0,0,Not applicable as the project or activity is site specific,,NO,NO,NO,2023-10-26T16:42:11.069+00:00,,,,,,,,,,,,,,,,,,,,,,,,,,,,,,,,,,,,,,,,,,,,Ukhrul,,https://parivesh.nic.in/dms/okm/downloadDocument?docTypemappingId=40829&refId=19763377&refType=caf&uuid=8786612c-d0dc-4768-b4a5-51169ece96f0&version=1.0,270379,https://parivesh.nic.in/newupgrade/#/report/ec?proposalId=19763495,83220.0,0.0
20137098,The proposed project road is located in one District namely: Ukhrul. The project corridor takes off from Hungpung to Longpi Kajui. This road statrs from 53.110 Km to 79.990 Km and end at existing chainage 94.,New,WL/MN/ROAD/450489/2023,2023-10-27T16:29:42.029+00:00,,,98.0,56405.0,NHIDCL BO IMPHAL,,Wildlife clearance form,,,,Diversion of 98.00 HA of forest land for widening & improvement of Yaingangpokpi-Nagaland Road Section of NH-202 into two laning with paved shoulder from KM 53.110 to KM 79.990 in the State of Manipur on EPC Mode by NHIDCL,MANIPUR,Chingai,Awang Kasom,,,,Linear,0.0,98.0,98.0,0.0,0.0,0.0,0.0,0.0,0,0,0,Not applicable as the project or activity is site specific,,NO,NO,NO,2023-10-27T16:43:52.693+00:00,,,,,,,,,,,,,,,,,,,,,,,,,,,,,,,,,,,,,,,,,,,,Ukhrul,,https://parivesh.nic.in/dms/okm/downloadDocument?docTypemappingId=40829&refId=4017865&refType=caf&uuid=ef6ec97b-4b50-4b9d-b401-0cec3a098d7c&version=1.0,270379,https://parivesh.nic.in/newupgrade/#/report/ec?proposalId=20137098,83220.0,75561.0
20790604,The project road is located in one district namely: Ukhrul. The project corridor takes off from Jessami to Nagaland Border towards Laynen Bridge on NH 29. This road has an approximate length of 43.129 km from Widening and Improvement of Jessami-Nagaland Border (Laynen Bridge) road section of NH 29 into two laning with hard shoulder of 0.000 km from Jessami to Laynen Bridge of 11.009 km in the state of Manipur on EPC Mode by NHIDCL.,New,FP/MN/ROAD/450638/2023,2023-10-30T06:16:26.477+00:00,,Final Diversion Order Issued,26.424,1629.0,NHIDCL BO IMPHAL,,Forest clearance form,,,,Diversion of 26.424 ha of forest land for Widening/Improvement to 2 (Two) Lane with Earthen Shoulder of Jessami to Lanye Bridge (Nagaland border) Section of NH-29 from Existing chainage Km 138.386 to Km 149.415 (Proposed chainage from Km 0.000 to Km 11.029 ) in state of Manipur on EPC mode.,MANIPUR,Chingai,Jessami,,,00,Linear,0.0,26.424,26.424,0.0,0.0,0.0,0.0,0.0,0,0,0,Not applicable as the project or activity is site specific,,NO,NO,NO,2024-01-03T18:30:00.000+00:00,https://parivesh.nic.in/dms/okm/downloadDocument?docTypemappingId=59020&refId=20790601&refType=fc&uuid=8000e6d5-1f93-4424-8c45-ffac914ca3c4&version=1.0,Degraded Forest Land,true,,,,,,,,,,,,,,,,,,,,,,,,,,,,,,,,,,"DR.RAIKHAN,NILLAI HOUSE,OPP.1ST M.R. GROUND,BABUPARA",Imphal,14,"Central PSU (eg. NHAI, AAI, NTP, CIL, SAIL)",Executive Director (PROJECT),Imphal,14,Ukhrul,00,https://parivesh.nic.in/dms/okm/downloadDocument?docTypemappingId=40829&refId=20788856&refType=caf&uuid=93ef209d-8f01-4287-be78-c22106e2dc36&version=1.0;https://parivesh.nic.in/dms/okm/downloadDocument?docTypemappingId=58989&refId=20788856&refType=FC&uuid=e8c6f02a-480c-428e-8149-8e4c8116217a&version=1.0,270362,https://parivesh.nic.in/newupgrade/#/report/ec?proposalId=20790604,10200.0,10200.0
22266244,Widening and Improvement of Shangshak to Tengnoupal Road (Phase – 5) on NH-39 (NH-102A-Extn) under NH(O) into 2-Lane/intermediate Lane with Hard Shoulder of Design Ch. Km. 99+320 (Nambashi Khunou Village) to Km.112+778 (Kasom Khunou Village) in the state of Manipur by PWD (NH Divn.),New,FP/MN/ROAD/451418/2023,2023-11-06T05:05:50.095+00:00,,Pending on UA for Compensatory Levies Payment,47.795,20066.0,"PWD (NH CIRCLE), MANIPUR",,Forest clearance form,,,,Widening and Improvement of Shangshak to Tengnoupal Road (Phase – 5) on NH-39 (NH-102A-Extn) under NH(O) into 2-Lane/intermediate Lane with Hard Shoulder of Design Ch. Km. 99+320 (Nambashi Khunou Village) to Km.112+778 (Kasom Khunou Village) in the state of Manipur by PWD (NH Divn.),MANIPUR,Kasom Khullen,Nambshi Khunou,,,,Linear,0.0,47.795,47.795,0.0,0.0,0.0,0.0,0.0,0,0,0,Not applicable as the project or activity is site specific,,NO,NO,NO,2023-11-05T18:30:00.000+00:00,https://parivesh.nic.in/dms/okm/downloadDocument?docTypemappingId=59020&refId=22266241&refType=fc&uuid=2407ee5b-1dda-4f6c-a43a-991143817658&version=1.0,Degraded Forest Land,true,,,,,,,,,,,,,,,,,,,,,,,,,,,,,,,,,,"PWD Main Block, PWD Complex, Khuyathong, Imphal, Manipur - 795001.",Imphal,14,State Government (Department/Autonomous body),"Additional Chief Engineer-II, PWD-Manipur",Imphal,14,Kamjong,,https://parivesh.nic.in/dms/okm/downloadDocument?docTypemappingId=40829&refId=22265199&refType=caf&uuid=61dbfc56-1f30-4d02-8c4f-7d73d3261991&version=1.0;https://parivesh.nic.in/dms/okm/downloadDocument?docTypemappingId=58989&refId=22265199&refType=FC&uuid=f4ebbe95-3beb-47da-bc05-7a00ae5b2561&version=1.0,270564,https://parivesh.nic.in/newupgrade/#/report/ec?proposalId=22266244,397485.0,506304.0
22766220,Widening and Improvement of Shangshak to Tengnoupal Road (Phase - 6) on NH-39 (NH-102A Extn) under NH(O) into 2-Lane/intermediate Lane with Hard Shoulder of Design Ch. Km. 112+778 (Kasom Khullen Village) to Km.140+390 (Lairam Phungka Village) in the state of Manipur by PWD (NH Divn.),New,FP/MN/ROAD/451705/2023,2023-11-08T04:44:57.215+00:00,,Pending on UA for Compensatory Levies Payment,79.503,41169.0,"PWD (NH CIRCLE), MANIPUR",,Forest clearance form,,,,Widening and Improvement of Shangshak to Tengnoupal Road (Phase - 6) on NH-39 (NH-102A Extn) under NH(O) into 2-Lane/intermediate Lane with Hard Shoulder of Design Ch. Km. 112+778 (Kasom Khullen Village) to Km.140+390 (Lairam Phungka Village) in the state of Manipur by PWD (NH Divn.),MANIPUR,Kasom Khullen,Kasom Khullen,,,,Linear,0.0,79.503,79.503,0.0,0.0,0.0,0.0,0.0,0,0,0,Not applicable as the project or activity is site specific,,NO,NO,NO,2023-11-07T18:30:00.000+00:00,https://parivesh.nic.in/dms/okm/downloadDocument?docTypemappingId=59020&refId=22766219&refType=fc&uuid=2c1fe754-bf73-45ad-bea5-4f6cbaaef953&version=1.0,Degraded Forest Land,true,,,,,,,,,,,,,,,,,,,,,,,,,,,,,,,,,,"PWD Main Block, PWD Complex, Khuyathong, Imphal, Manipur - 795001.",Imphal,14,State Government (Department/Autonomous body),"Additional Chief Engineer-II, PWD-Manipur",Imphal,14,Kamjong,,https://parivesh.nic.in/dms/okm/downloadDocument?docTypemappingId=40829&refId=22765601&refType=caf&uuid=48c30a2a-200e-4060-ae02-b04af5611d3a&version=1.0;https://parivesh.nic.in/dms/okm/downloadDocument?docTypemappingId=58989&refId=22765601&refType=FC&uuid=75d71922-ef83-4e15-bc67-695cfca71e8a&version=1.0,270558,https://parivesh.nic.in/newupgrade/#/report/ec?proposalId=22766220,815775.0,1037104.0
22790594,National Highways & Infrastructure Development Corporation Limited (NHIDCL) has been entrusted with the Improvement and Up gradation to 2- Lane with paved shoulders configuration from Tamenglong - Mahur Road for a length of about 160 km in the States of Assam & Manipur.,New,WL/MN/ROAD/451782/2023,2023-11-08T10:56:04.244+00:00,,,72.23,23885.0,NHIDCL BO IMPHAL,,Wildlife clearance form,,,,"Construction of Two lane with Paved Shoulder of  Mandeu- Jiri River Section (Package-6, From Km 80.630 to Km 96.870) of Tamenglong- Mahur Road in the state of Manipur on EPC mode",MANIPUR,Tamenglong West,Mandu,,,,Linear,0.0,72.23,72.23,0.0,72.23,72.23,0.0,0.0,0,0,0,Not applicable as the project or activity is site specific,,NO,NO,NO,2023-11-08T11:07:00.656+00:00,,,,,,,,,,,,,,,,,,,,,,,,,,,,,,,,,,,,,,,,,,,,Tamenglong,,https://parivesh.nic.in/dms/okm/downloadDocument?docTypemappingId=40829&refId=22789725&refType=caf&uuid=ee4d3e9e-ae18-44a5-befa-1233f3e89ec9&version=1.0,269090,https://parivesh.nic.in/newupgrade/#/report/ec?proposalId=22790594,83000.0,10200.0
22793185,National Highways & Infrastructure Development Corporation Limited (NHIDCL) has been entrusted with the Improvement and Up gradation to 2- Lane with paved shoulders configuration from Tamenglong - Mahur Road for a length of about 160 km in the States of Assam & Manipur,New,WL/MN/ROAD/451789/2023,2023-11-08T11:31:54.517+00:00,,,112.162,35839.0,NHIDCL BO IMPHAL,,Wildlife clearance form,,,,"Construction of  Two lane with Paved Shoulder of  Azuram- Mandeu Section (Package-5, From Km 54.180 to Km 80.630) of Tamenglong- Mahur Road in the state of Manipur on EPC mode.”",MANIPUR,Tamenglong West,Azuram,,,,Linear,0.0,112.162,112.162,0.0,0.0,0.0,0.0,0.0,0,0,0,Not applicable as the project or activity is site specific,,NO,NO,NO,2023-11-08T11:39:09.433+00:00,,,,,,,,,,,,,,,,,,,,,,,,,,,,,,,,,,,,,,,,,,,,Tamenglong,,https://parivesh.nic.in/dms/okm/downloadDocument?docTypemappingId=40829&refId=22792609&refType=caf&uuid=73c16f1e-0f86-4ddf-a94e-b4fe27b92872&version=1.0,269106,https://parivesh.nic.in/newupgrade/#/report/ec?proposalId=22793185,110000.0,16000.0
23028470,National Highways & Infrastructure Development Corporation Limited (NHIDCL) has been entrusted with the Improvement and Up gradation to 2- Lane with paved shoulders configuration from Tamenglong - Mahur Road for a length of about 160 km in the States of Assam & Manipur.,New,WL/MN/ROAD/451870/2023,2023-11-09T08:12:39.159+00:00,,,47.885,14968.0,NHIDCL BO IMPHAL,,Wildlife clearance form,,,,"Construction of Two lane with Paved Shoulderof Phelong-Azuram Section (Package-4, From Km43.480 to Km54.180) of Tamenglong- Mahur Road in thestate of Manipur on EPC mode.",MANIPUR,Tamenglong West,Azuram,,,,Linear,0.0,47.885,47.885,0.0,0.0,0.0,0.0,0.0,0,0,0,Not applicable as the project or activity is site specific,,NO,NO,NO,2023-11-09T08:21:47.892+00:00,,,,,,,,,,,,,,,,,,,,,,,,,,,,,,,,,,,,,,,,,,,,Tamenglong,,https://parivesh.nic.in/dms/okm/downloadDocument?docTypemappingId=40829&refId=23027970&refType=caf&uuid=17eaa5a6-83ff-4ccc-97a3-b5949cea7814&version=1.0,269106,https://parivesh.nic.in/newupgrade/#/report/ec?proposalId=23028470,50000.0,7490.0
23030736,National Highways & Infrastructure Development Corporation Limited (NHIDCL) has been entrusted with the Improvement and Up gradation to 2- Lane with paved shoulders configuration from Tamenglong - Mahur Road for a length of about 160 km in the States of Assam & Manipur,New,WL/MN/ROAD/451883/2023,2023-11-09T09:08:08.812+00:00,,,72.23,23885.0,NHIDCL BO IMPHAL,,Wildlife clearance form,,,,"Construction of Two lane with Paved Shoulders of Mandeu- Jiri River Section (Package6, From Km80+630 to Km96+870) of Tamenglong- Mahur Road in the State of Manipur on EPC Mode",MANIPUR,Tamenglong West,Mandu,,,,Linear,0.0,72.23,72.23,0.0,0.0,0.0,0.0,0.0,0,0,0,Not applicable as the project or activity is site specific,,NO,NO,NO,2023-11-09T09:16:45.202+00:00,,,,,,,,,,,,,,,,,,,,,,,,,,,,,,,,,,,,,,,,,,,,Tamenglong,,https://parivesh.nic.in/dms/okm/downloadDocument?docTypemappingId=40829&refId=23030416&refType=caf&uuid=89a191e4-72c0-408d-a46a-a943f3adbca2&version=1.0,269090,https://parivesh.nic.in/newupgrade/#/report/ec?proposalId=23030736,80000.0,13200.0
23032544,National Highways & Infrastructure Development Corporation Limited (NHIDCL) has been entrusted with the Improvement and Up gradation to 2- Lane with paved shoulders configuration from Tamenglong - Mahur Road for a length of about 160 km in the States of Assam & Manipur,New,WL/MN/ROAD/451888/2023,2023-11-09T09:45:15.720+00:00,,,54.933,17654.0,NHIDCL BO IMPHAL,,Wildlife clearance form,,,,"Construction of  Two lane with Paved Shoulder of  Old Tamenglong- Phelong Section (Package-3, From Km 31.430 to Km 43.480) of Tamenglong- Mahur Road in the state of Manipur on EPC Mode",MANIPUR,Tamenglong West,Phelong,,,,Linear,0.0,54.933,54.933,0.0,0.0,0.0,0.0,0.0,0,0,0,Not applicable as the project or activity is site specific,,NO,NO,NO,2023-11-09T09:54:53.219+00:00,,,,,,,,,,,,,,,,,,,,,,,,,,,,,,,,,,,,,,,,,,,,Tamenglong,,https://parivesh.nic.in/dms/okm/downloadDocument?docTypemappingId=40829&refId=23032132&refType=caf&uuid=dddbfefd-163a-44ea-ac99-e967b8305434&version=1.0,269104,https://parivesh.nic.in/newupgrade/#/report/ec?proposalId=23032544,50000.0,6800.0
23040552,Widening and Improvement of Shangshak to Tengnoupal Road (Phase - 7) on NH-39 (NH-102A Extn) under NH(O) into 2-Lane/intermediate Lane with Hard Shoulder of Design Ch. Km. 140+390 (Khoibu Village) to Km.165+050 (Machi Village) in the state of Manipur by PWD (NH Divn.),New,FP/MN/ROAD/451917/2023,2023-11-09T11:26:24.208+00:00,,Pending on UA for Compensatory Levies Payment,73.55,36768.0,"PWD (NH CIRCLE), MANIPUR",,Forest clearance form,,,,Widening and Improvement of Shangshak to Tengnoupal Road (Phase - 7) on NH-39 (NH-102A Extn) under NH(O) into 2-Lane/intermediate Lane with Hard Shoulder of Design Ch. Km. 140+390 (Khoibu Village) to Km.165+050 (Machi Village) in the state of Manipur by PWD (NH Divn.),MANIPUR,Machi,Khoibu,,,,Linear,0.0,73.55,73.55,0.0,0.0,0.0,0.0,0.0,0,0,0,Not applicable as the project or activity is site specific,,NO,NO,NO,2023-11-08T18:30:00.000+00:00,https://parivesh.nic.in/dms/okm/downloadDocument?docTypemappingId=59020&refId=23040549&refType=fc&uuid=4a733bf1-0951-446b-af40-1f8cc71cfb53&version=1.0,Degraded Forest Land,true,,,,,,,,,,,,,,,,,,,,,,,,,,,,,,,,,,"PWD Main Block, PWD Complex, Khuyathong, Imphal, Manipur - 795001.",Imphal,14,State Government (Department/Autonomous body),"Additional Chief Engineer-II, PWD-Manipur",Imphal,14,Tengnoupal,,https://parivesh.nic.in/dms/okm/downloadDocument?docTypemappingId=40829&refId=23036003&refType=caf&uuid=b5edb989-9180-4c29-8e8c-58c7a0edb556&version=1.0;https://parivesh.nic.in/dms/okm/downloadDocument?docTypemappingId=58989&refId=23036003&refType=FC&uuid=84657862-36c6-46a7-b19f-8cfcb6a7924e&version=1.0,270603,https://parivesh.nic.in/newupgrade/#/report/ec?proposalId=23040552,728175.0,920460.0
23047471,Widening and Improvement of Shangshak to Tengnoupal Road (Phase - 8) on NH-39 (NH-102A Extn) under NH(O) into 2-Lane/intermediate Lane with Hard Shoulder of Design Ch. Km. 165+050 (Samukom Village) to Km.188+792 (Tengnoupal Village) in the state of Manipur by PWD (NH Divn.),New,FP/MN/ROAD/451932/2023,2023-11-09T14:19:14.410+00:00,,Pending on UA for Compensatory Levies Payment,66.323,35399.0,"PWD (NH CIRCLE), MANIPUR",,Forest clearance form,,,,Widening and Improvement of Shangshak to Tengnoupal Road (Phase - 8) on NH-39 (NH-102A Extn) under NH(O) into 2-Lane/intermediate Lane with Hard Shoulder of Design Ch. Km. 165+050 (Samukom Village) to Km.188+792 (Tengnoupal Village) in the state of Manipur by PWD (NH Divn.),MANIPUR,Machi,Samukom,,,,Linear,0.0,66.323,66.323,0.0,0.0,0.0,0.0,0.0,0,0,0,Not applicable as the project or activity is site specific,,NO,NO,NO,2023-11-08T18:30:00.000+00:00,https://parivesh.nic.in/dms/okm/downloadDocument?docTypemappingId=59020&refId=23047470&refType=fc&uuid=0a9f394d-e8d7-4efe-ae23-8e2d8b96a100&version=1.1,Degraded Forest Land,true,,,,,,,,,,,,,,,,,,,,,,,,,,,,,,,,,,"PWD Main Block, PWD Complex, Khuyathong, Imphal, Manipur - 795001.",Imphal,14,State Government (Department/Autonomous body),"Additional Chief Engineer-II, PWD-Manipur",Imphal,14,Tengnoupal,,https://parivesh.nic.in/dms/okm/downloadDocument?docTypemappingId=40829&refId=23046966&refType=caf&uuid=9be0f36d-9ef5-4532-b6da-18cb6671be91&version=1.1;https://parivesh.nic.in/dms/okm/downloadDocument?docTypemappingId=58989&refId=23046966&refType=FC&uuid=96e70e7e-bb29-4b61-a4ee-1b94c8a37f10&version=1.2,270611,https://parivesh.nic.in/newupgrade/#/report/ec?proposalId=23047471,701895.0,889888.0
35985389,"This project is for mining of (minor mineral) Sand, Stone and Earth quarry at 31- Kanglatombi Village. The Environmental Clearance is required for grant of quarry lease with the targeted production of 13,000 Matric Tones (Sand-3250MT, Gravel & Single Stone-5200MT and Stone Boulder-4550MT per year",New,SIA/MN/MIN/457478/2024,2024-01-02T15:33:58.795+00:00,,EC Granted,1.2,69.3197,M/S SANJIT STONE MINING AND CRUSHER,,Application for EC for Mining of Minor Minerals of Mine Lease (0-5 HA) - Form-2,EC,B2,,"Kanglatombi village sand, stone and earth quarrying",MANIPUR,Lamsang,Kanglatongbi,,1/121/2024(EIA)/DoE&CC,5223,Non - Linear,1.2,0.0,1.2,0.0,0.0,0.0,0.0,0.0,0,0,0,Not applicable as the project or activity is site specific,,NO,NO,NO,2024-01-28T17:35:12.419+00:00,,,,,,,,,,,,,,,,,,,,,,,,,,,,,,,,,,,,,Heirangoithong Maibam Leikai,"",14,Private Limited,Proprietor,,14,Imphal West,5223,https://parivesh.nic.in/dms/okm/downloadDocument?docTypemappingId=40829&refId=35952702&refType=caf&uuid=e3b9acb0-ef76-45b2-85e0-5728cfade316&version=1.0,270036,https://parivesh.nic.in/newupgrade/#/report/ec?proposalId=35985389,5739.0,5739.0
36233081,"Diversion of 40.458 ha of forest land for Widening/Improvement to 2 (two) lane with earthen shoulder of Finch Corner to Ukhrul section from
existing km 34+650 to km 50+520 (Design Chainage km 30+970 to km 45+600) of NH-202 in the State of Manipur on EPC mode under NH(202)-NE (Package-3)",New,FP/MN/ROAD/457516/2024,2024-01-03T07:06:29.150+00:00,,Final Diversion Order Issued,40.458,24124.0,NHIDCL BO IMPHAL,,Forest clearance form,,,,Diversion of 40.458 ha of forest land for Widening/Improvement to 2 (two) lane with earthen shoulder of Finch Corner to Ukhrul section from existing km 34+650 to km 50+520 (Design Chainage km 30+970 to km 45+600) of NH-202 in the State of Manipur on EPC mode under NH(202)-NE (Package-3),MANIPUR,Ukhrul,Ukhrul (CT),,,0,Linear,0.0,40.458,40.458,0.0,0.0,0.0,0.0,0.0,0,0,0,Not applicable as the project or activity is site specific,,NO,NO,NO,2024-04-04T18:30:00.000+00:00,https://parivesh.nic.in/dms/okm/downloadDocument?docTypemappingId=59020&refId=36233077&refType=fc&uuid=c19acdfa-874c-4d53-8526-8fd057236f77&version=1.0,Degraded Forest Land,true,,,,,,,,,,,,,,,,,,,,,,,,,,,,,,,,,,"DR.RAIKHAN,NILLAI HOUSE,OPP.1ST M.R. GROUND,BABUPARA",IMPHAL,14,"Central PSU (eg. NHAI, AAI, NTP, CIL, SAIL)",Executive Director (PROJECT),IMPHAL,14,Ukhrul,0,https://parivesh.nic.in/dms/okm/downloadDocument?docTypemappingId=40829&refId=36230598&refType=caf&uuid=25c349f0-5a10-4b3b-9487-a95547edbec9&version=1.0;https://parivesh.nic.in/dms/okm/downloadDocument?docTypemappingId=58989&refId=36230598&refType=FC&uuid=43e1abaa-e87b-45e7-9dd6-0067b2e34077&version=1.0,270457,https://parivesh.nic.in/newupgrade/#/report/ec?proposalId=36233081,432100.0,1279700.0
42581342,"Diversion of 40.458 ha of forest land for Widening/Improvement to 2 (two) lane with earthen shoulder of Finch Corner to Ukhrul section from
existing km 34+650 to km 50+520 (Design Chainage km 30+970 to km 45+600) of NH-202 in the State of Manipur on EPC mode under NH(202)-NE (Package-3)",New,WL/MN/ROAD/460285/2024,2024-01-30T07:23:24.091+00:00,,,40.458,24124.0,NHIDCL BO IMPHAL,,Wildlife clearance form,,,,Diversion of 40.458 ha of forest land for Widening/Improvement to 2 (two) lane with earthen shoulder of Finch Corner to Ukhrul section from existing km 34+650 to km 50+520 (Design Chainage km 30+970 to km 45+600) of NH-202 in the State of Manipur on EPC mode under NH(202)-NE (Package-3),MANIPUR,Ukhrul,Ukhrul (CT),,,0,Linear,0.0,40.458,40.458,0.0,0.0,0.0,0.0,0.0,0,0,0,Not applicable as the project or activity is site specific,,NO,NO,NO,2024-09-09T13:17:35.706+00:00,,,,,,,,,,,,,,,,,,,,,,,,,,,,,,,,,,,,,,,,,,,,Ukhrul,0,https://parivesh.nic.in/dms/okm/downloadDocument?docTypemappingId=40829&refId=36230598&refType=caf&uuid=25c349f0-5a10-4b3b-9487-a95547edbec9&version=1.0,270457,https://parivesh.nic.in/newupgrade/#/report/ec?proposalId=42581342,432100.0,1279700.0
42584165,USOF Funded 4G Saturation Project for 4G Network uncovered villages of Manipur,New,FP/MN/OTHERS/460295/2024,2024-01-30T08:03:06.288+00:00,,Final Diversion Order Issued,0.1674,789.66,MAHESH NAIR,,Forest clearance form,,,,USOF 4G Saturation Project for Manipur,MANIPUR,Tengnoupal,Chikim,,,,Non - Linear,0.0,0.1674,0.1674,0.0,0.0,0.0,0.0,0.0,0,0,0,Not applicable as the project or activity is site specific,,NO,NO,NO,2024-03-13T18:30:00.000+00:00,,Degraded Forest Land,true,,,,,,,,,,,,,,,,,,,,,,,,,,,,,,,,,,"General Manager Telecom, BSNL Bhavan, Thiruvalla",Imphal,14,"Central PSU (eg. NHAI, AAI, NTP, CIL, SAIL)",SDE Stores,Imphal,14,Tengnoupal,,https://parivesh.nic.in/dms/okm/downloadDocument?docTypemappingId=40829&refId=16220758&refType=caf&uuid=a3d909b8-384d-4742-b65e-585ccc6e3b10&version=1.1;https://parivesh.nic.in/dms/okm/downloadDocument?docTypemappingId=58989&refId=16220758&refType=FC&uuid=f02ba32a-4418-40b2-8204-eded05405a87&version=1.3,270743,https://parivesh.nic.in/newupgrade/#/report/ec?proposalId=42584165,5725.0,82375.0
43415727,USOF Funded 4G Saturation Project for 4G Network uncovered villages of Manipur,New,FP/MN/OTHERS/460745/2024,2024-02-02T08:44:15.479+00:00,,Final Diversion Order Issued,0.558,236.22,BHARAT SANCHAR NIGAM LIMITED,,Forest clearance form,,,,USOF 4G Saturation Project for Manipur,MANIPUR,Tamenglong,Bamgaijang,,,,Non - Linear,0.0,0.558,0.558,0.0,0.0,0.0,0.0,0.0,0,0,0,Not applicable as the project or activity is site specific,,NO,NO,NO,2024-02-07T18:30:00.000+00:00,,Degraded Forest Land,true,,,,,,,,,,,,,,,,,,,,,,,,,,,,,,,,,,"General Manager Telecom, BSNL Bhavan, Thiruvalla",Imphal,14,"Central PSU (eg. NHAI, AAI, NTP, CIL, SAIL)",SDE Stores,Imphal,14,Tamenglong,,https://parivesh.nic.in/dms/okm/downloadDocument?docTypemappingId=40829&refId=16702729&refType=caf&uuid=c2c683fb-7165-492b-a404-971ea456933b&version=1.0;https://parivesh.nic.in/dms/okm/downloadDocument?docTypemappingId=58989&refId=16702729&refType=FC&uuid=dcb57106-916c-45ed-be17-72ae527f897c&version=1.2,269178,https://parivesh.nic.in/newupgrade/#/report/ec?proposalId=43415727,5725.0,82375.0
46749604,Mining of appropriate earth from designated forest land for construction of Railway embankment at Imphal valley area for the Jiribam-Imphal New BG Rail Link Project of N F Railway.,New,FP/MN/MIN/QRY/462825/2024,2024-02-14T10:02:40.682+00:00,2026-02-17T06:46:38.265+00:00,Final Diversion Order Issued,5.5,5364.0,Ministry of Railway,,Forest clearance form,,,,Forest Clearance for mining Plan for the Embankment work in Imphal valley for Jiribam-Imphal new BG Railway link.,MANIPUR,Saitu-Gamphazol,L.Jangnomphai (Veitumkhunou),,,0,Non - Linear,0.0,5.5,5.5,0.0,0.0,0.0,0.0,0.0,0,0,0,NO,No alternate site available for taking up mining project,YES,NO,NO,2024-03-20T18:30:00.000+00:00,https://parivesh.nic.in/dms/okm/downloadDocument?docTypemappingId=59020&refId=46749602&refType=fc&uuid=24ebee5e-b731-4093-8245-a7237daeea8a&version=1.0,Degraded Forest Land,true,,,,,,"",Approved,Soil,1.0,0.0,1.0,1.0,1.0,1.0,05/00,"Directorate of Trade, Commerce & Industries, Govt. of Manipur","",Opencast,Mechanized,"",Not applicable,"","","",5.5,Not applicable,Vehicle,Vehicle,Not applicable,4.0,0.5,0.5,0.5,"RAILWAY OFFICE,MSTC COMPLEX,BABUPARA,
MOIRANGKHONG,IMPHAL WEST",Imphal west,14,Central Government (Department/Autonomous body),Deputy Chief Engineer,Imphal west,14,Kangpokpi,0,https://parivesh.nic.in/dms/okm/downloadDocument?docTypemappingId=40829&refId=46727673&refType=caf&uuid=2037db99-cd3c-4643-9aeb-a1c0803b07c3&version=1.1;https://parivesh.nic.in/dms/okm/downloadDocument?docTypemappingId=58989&refId=46727673&refType=FC&uuid=68ab7706-e08e-49c9-84ea-3803f0e8b10e&version=1.1,268805,https://parivesh.nic.in/newupgrade/#/report/ec?proposalId=46749604,14600.0,14600.0
50231277,"Project Scope includes the construction of Water Treatment Plant (0.6 MLD Capacity), Service Reservoir (0.432 ML) Chawkidar Qtr cum Godown, Laying and Fixing of pipelines. the population to be benefited from the scheme is 4,383 heads as per 2011 Census. For this Public Water Supply project an area of 0.511 Hectares is required. Since, there is no alternate land available, and area of 0.511 Hectares forest land is required for the said project.",New,FP/MN/WATER/464369/2024,2024-02-28T10:20:32.196+00:00,,Pending at PP due to EDS by DFO,0.511,563.0,RAJKUMAR SURENDRA,,Forest clearance form,,,,Augmentation of Water Treatment Plant at Khunu Laba Ching (0.6 MLD),MANIPUR,Kakching,Waikhong Ningthoumanai,,,,Non - Linear,0.0,0.511,0.511,0.0,0.0,0.0,0.0,0.0,0,0,0,Not applicable as the project or activity is site specific,,NO,NO,NO,2024-03-05T18:30:00.000+00:00,,Degraded Forest Land,true,,,,,,,,,,,,,,,,,,,,,,,,,,,,,,,,,,KAKCHING TUREL WANGMA NEAR UYOKCHING GARDEN KAKCHING,KAKCHING,14,State Government (Department/Autonomous body),EXECUTIVE ENGINEER,KAKCHING,14,Kakching,,https://parivesh.nic.in/dms/okm/downloadDocument?docTypemappingId=40829&refId=21581251&refType=caf&uuid=ca59791a-70e6-4d68-9b78-096f8b4594c2&version=1.0;https://parivesh.nic.in/dms/okm/downloadDocument?docTypemappingId=58989&refId=21581251&refType=FC&uuid=e2e71516-b53b-456c-b636-ca39909922ff&version=1.0,270011,https://parivesh.nic.in/newupgrade/#/report/ec?proposalId=50231277,16250.0,16250.0
52827870,"The project scope includes the construction of a water treatment plant of capacity (0.4 MLD), Addl. Service Reservoir (0.24) laying and fixing of pipes. The population is to benefited from this scheme is 11076 heads as per 2011 census. For the supply of drinking water to Moirang Khunou villages, we required forest land of Khongjaingamba Ching for the construction of the Water Treatment Plant since there is no alternative land available for the same.",New,FP/MN/WATER/465724/2024,2024-03-12T08:04:18.283+00:00,,"Pending at Technical Officer - MoEFCC, HQ",0.498,147.38,PHED,,Forest clearance form,,,,Augmentation of Water Treatment Plant at Keibul Lamjao,MANIPUR,Moirang,Keibul,,,1,Hybrid,0.0,0.498,0.498,0.0,0.0,0.0,0.0,0.0,0,0,0,Not applicable as the project or activity is site specific,,NO,NO,NO,2024-08-31T18:30:00.000+00:00,,Degraded Forest Land,true,,,,,,,,,,,,,,,,,,,,,,,,,,,,,,,,,,"Public Health Engineering Department, Khoyathong",IMPHAL,14,State Government (Department/Autonomous body),Chief Engineer,Imphal,14,Bishnupur,1,https://parivesh.nic.in/dms/okm/downloadDocument?docTypemappingId=40829&refId=52826894&refType=caf&uuid=f30d6d5b-2e60-419b-b91c-dd7d5122eda2&version=1.0;https://parivesh.nic.in/dms/okm/downloadDocument?docTypemappingId=58989&refId=52826894&refType=FC&uuid=045418f2-dcb4-4500-9996-6a121578ddc6&version=1.1,913570,https://parivesh.nic.in/newupgrade/#/report/ec?proposalId=52827870,16250.0,16250.0
52829675,"The project scope includes the construction of a water treatment plant of capacity (0.4 MLD), Addl. Service Reservoir (0.24) laying and fixing of pipes. The population is to benefited from this scheme is 11076 heads as per 2011 census. For the supply of drinking water to Moirang Khunou villages, we required forest land of Khongjaingamba Ching for the construction of the Water Treatment Plant since there is no alternative land available for the same.",New,WL/MN/Others/465726/2024,2024-03-12T08:43:10.364+00:00,,,0.498,147.38,PHED,,Wildlife clearance form,,,,Augmentation of Water Treatment Plant at Keibul Lamjao,MANIPUR,Moirang,Keibul,,,1,Hybrid,0.0,0.498,0.498,0.0,0.0,0.0,0.0,0.0,0,0,0,Not applicable as the project or activity is site specific,,NO,NO,NO,2024-03-12T08:59:13.035+00:00,,,,,,,,,,,,,,,,,,,,,,,,,,,,,,,,,,,,,,,,,,,,Bishnupur,1,https://parivesh.nic.in/dms/okm/downloadDocument?docTypemappingId=40829&refId=52826894&refType=caf&uuid=f30d6d5b-2e60-419b-b91c-dd7d5122eda2&version=1.0,913570,https://parivesh.nic.in/newupgrade/#/report/ec?proposalId=52829675,16250.0,16250.0
54031137,Mining of appropriate earth from designated forest land for construction of Railway embankment at Imphal valley area for the Jiribam-Imphal New BG Rail Link Project of N F Railway.,New,FP/MN/MIN/QRY/466162/2024,2024-03-16T05:37:57.347+00:00,,REMOVED,5.5,5364.0,Ministry of Railway,,Forest clearance form,,,,Forest Clearance for mining Plan for the Embankment work in Imphal valley for Jiribam-Imphal new BG Railway link.,MANIPUR,Saitu-Gamphazol,L.Jangnomphai (Veitumkhunou),,,0,Non - Linear,0.0,5.5,5.5,0.0,0.0,0.0,0.0,0.0,0,0,0,NO,No alternate site available for taking up mining project,YES,NO,NO,2024-03-16T06:23:19.773+00:00,https://parivesh.nic.in/dms/okm/downloadDocument?docTypemappingId=59020&refId=54031130&refType=fc&uuid=819dfc8e-6b59-4bc0-ae75-bff89a9924a3&version=1.0,Degraded Forest Land,true,,,,,,"",Approved,Soil,1.0,0.0,1.0,1.0,1.0,1.0,05/00,"Directorate of Trade, Commerce & Industries Govt. of Manipur","",Opencast,Mechanized,"","","","","",5.5,"",Vehicle,Vehicle,"",4.0,0.5,0.5,0.5,"RAILWAY OFFICE,MSTC COMPLEX,BABUPARA,
MOIRANGKHONG,IMPHAL WEST",Imphal west,14,Central Government (Department/Autonomous body),Deputy Chief Engineer,Imphal west,14,Kangpokpi,0,https://parivesh.nic.in/dms/okm/downloadDocument?docTypemappingId=40829&refId=46727673&refType=caf&uuid=2037db99-cd3c-4643-9aeb-a1c0803b07c3&version=1.1;https://parivesh.nic.in/dms/okm/downloadDocument?docTypemappingId=58989&refId=46727673&refType=FC&uuid=65adbcf8-981b-4900-bc54-4f76b545927b&version=1.0,268805,https://parivesh.nic.in/newupgrade/#/report/ec?proposalId=54031137,14600.0,14600.0
61169941,USOF Funded 4G Saturation Project for 4G Network uncovered villages of Manipur,New,WL/MN/Others/469411/2024,2024-04-16T05:51:38.103+00:00,,,0.0186,87.74,MAHESH NAIR,,Wildlife clearance form,,,,USOF 4G Saturation Project for Manipur,MANIPUR,Tengnoupal,Tuipi Mate,,,,Non - Linear,0.0,0.0186,0.0186,0.0,0.0,0.0,0.0,0.0,0,0,0,Not applicable as the project or activity is site specific,,NO,NO,NO,2024-04-16T06:26:26.063+00:00,,,,,,,,,,,,,,,,,,,,,,,,,,,,,,,,,,,,,,,,,,,,Tengnoupal,,https://parivesh.nic.in/dms/okm/downloadDocument?docTypemappingId=40829&refId=4638966&refType=caf&uuid=f64f7ad5-ce4c-4e0b-a25f-6e4a5e1dc51d&version=1.0,270709,https://parivesh.nic.in/newupgrade/#/report/ec?proposalId=61169941,5725.0,82375.0
61188600,"Construction of Residential School for urban deprived, homeless & street Children under Sarva Shiksha Abhiyan (CSS)",New,FP/MN/SCH/469472/2024,2024-04-16T09:29:22.445+00:00,,DELISTED_BY_SYSTEM,0.99,124.0,EDUCATION DEPARTMENT MANIPUR,,Forest clearance form,,,,Construction of Residential School under Sarva Shiksha Abhiyan (CSS),MANIPUR,Keirao Bitra,Moirang Kampu,,,1,Non - Linear,0.0,0.99,0.99,0.0,0.0,0.0,0.0,0.0,0,0,0,NO,"The construction of residential school with hostel, staff quarter, play ground, laboratories required 0.99 ha at minimum and no non forest land is available for taking up the project",NO,NO,NO,2024-04-29T05:38:36.149+00:00,,Degraded Forest Land,true,,,,,,,,,,,,,,,,,,,,,,,,,,,,,,,,,,"Directorate of Education (S)
Lamphelpat",Imphal,14,State Government (Department/Autonomous body),Director,Imphal,14,Imphal East,1,https://parivesh.nic.in/dms/okm/downloadDocument?docTypemappingId=40829&refId=61185191&refType=caf&uuid=094e0ebc-bb3f-476d-81c6-713706cf4627&version=1.0;https://parivesh.nic.in/dms/okm/downloadDocument?docTypemappingId=58989&refId=61185191&refType=FC&uuid=4be79de5-e79c-4eb9-aa65-a36d1b39b1fc&version=1.0,270288,https://parivesh.nic.in/newupgrade/#/report/ec?proposalId=61188600,6325.0,42460.0
64643649,Improvement of road from Kamjong to Phungyar,New,FP/MN/ROAD/471078/2024,2024-04-30T09:39:17.061+00:00,,Pending on UA for Compensatory Levies Payment,16.543,2872.0,"PWD (NH CIRCLE), MANIPUR",,Forest clearance form,,,,Improvement of road from Kamjong to Phungyar Junction via Bhungpa Khunou (Phase-II) in Kamjong District (Length -14.00 Km),MANIPUR,Kamjong,Bungpa Khunou,,,,Linear,0.0,16.543,16.543,0.0,0.0,0.0,0.0,0.0,0,0,0,Not applicable as the project or activity is site specific,,NO,NO,NO,2024-05-02T18:30:00.000+00:00,https://parivesh.nic.in/dms/okm/downloadDocument?docTypemappingId=59020&refId=64643648&refType=fc&uuid=424a85e0-587b-494a-854a-036025bc66a3&version=1.0,Degraded Forest Land,true,,,,,,,,,,,,,,,,,,,,,,,,,,,,,,,,,,"PWD Main Block, PWD Complex, Khuyathong, Imphal, Manipur - 795001.",,14,State Government (Department/Autonomous body),"Additional Engineer -II, PWD, Manipur",,14,Kamjong,,https://parivesh.nic.in/dms/okm/downloadDocument?docTypemappingId=40829&refId=64640712&refType=caf&uuid=1cbc11f4-ca64-4b87-8c5f-83ecd103b4a1&version=1.0;https://parivesh.nic.in/dms/okm/downloadDocument?docTypemappingId=58989&refId=64640712&refType=FC&uuid=3f9fee48-2c5c-4fec-bd97-5b2e8089e0c6&version=1.13,270461,https://parivesh.nic.in/newupgrade/#/report/ec?proposalId=64643649,68985.0,73812.0
65348727,Upgradation of road from Mantripantha to Sapok,New,FP/MN/ROAD/471597/2024,2024-05-03T12:16:36.125+00:00,,Pending on UA for Compensatory Levies Payment,17.695,4274.0,"PWD (NH CIRCLE), MANIPUR",,Forest clearance form,,,,Upgradation of road from Mantripantha to Sapok (Charlong Village) in Manipur (Length = 17.10 km),MANIPUR,Chandel,Mantri Pantha,,,,Linear,0.0,17.695,17.695,0.0,0.0,0.0,0.0,0.0,0,0,0,Not applicable as the project or activity is site specific,,NO,NO,NO,2024-05-02T18:30:00.000+00:00,https://parivesh.nic.in/dms/okm/downloadDocument?docTypemappingId=59020&refId=65348721&refType=fc&uuid=aff88964-9d77-40f8-a54d-176073044942&version=1.0,Degraded Forest Land,true,,,,,,,,,,,,,,,,,,,,,,,,,,,,,,,,,,"PWD Main Block, PWD Complex, Khuyathong, Imphal, Manipur - 795001.",,14,State Government (Department/Autonomous body),"Additional Chief Engineer - II, PWD, Manipur",,14,Chandel,,https://parivesh.nic.in/dms/okm/downloadDocument?docTypemappingId=40829&refId=65328625&refType=caf&uuid=cc4a4ddd-295d-4335-b838-b9dbf4df98be&version=1.1;https://parivesh.nic.in/dms/okm/downloadDocument?docTypemappingId=58989&refId=65328625&refType=FC&uuid=3639f527-ba2e-40b1-bebc-d544ed76e936&version=1.4,270820,https://parivesh.nic.in/newupgrade/#/report/ec?proposalId=65348727,76650.0,74671.0
65414851,"Upgradation of road from BRTF Road to Old Betuk (Myanmar Border). The proposed road connects Chandel and Old Betuk via Paraolen, Lungni, Duthang, Libung and S. Maojang (Length = 24.3 km)",New,FP/MN/ROAD/471748/2024,2024-05-04T12:15:14.158+00:00,,Pending on UA for Compensatory Levies Payment,30.7546,5161.0,"PWD (NH CIRCLE), MANIPUR",,Forest clearance form,,,,Upgradation of road from BRTF Road to Old Betuk (Myanmar Border),MANIPUR,Chandel,Duthang,,,,Linear,0.0,30.7546,30.7546,0.0,0.0,0.0,0.0,0.0,0,0,0,Not applicable as the project or activity is site specific,,NO,NO,NO,2024-05-04T18:30:00.000+00:00,https://parivesh.nic.in/dms/okm/downloadDocument?docTypemappingId=59020&refId=65414847&refType=fc&uuid=24b525e8-76c8-42f2-b950-8ac8f5112670&version=1.0,Degraded Forest Land,true,,,,,,,,,,,,,,,,,,,,,,,,,,,,,,,,,,"PWD Main Block, PWD Complex, Khuyathong, Imphal, Manipur - 795001.",Khuyathong,14,State Government (Department/Autonomous body),"Superintending Engineer, Natio",Khuyathong,14,Chandel,,https://parivesh.nic.in/dms/okm/downloadDocument?docTypemappingId=40829&refId=65403864&refType=caf&uuid=f003f187-8d22-4981-821f-ab36cd13a4d6&version=1.2;https://parivesh.nic.in/dms/okm/downloadDocument?docTypemappingId=58989&refId=65403864&refType=FC&uuid=6d0033be-1061-432d-9771-d986287882c0&version=1.7,270837,https://parivesh.nic.in/newupgrade/#/report/ec?proposalId=65414851,333975.0,358512.0
68729367,"CONSTRUCTION OF WATER TREATMENT PLANT AT KABRANG, 0.33 MLD CAPACITY WITH LAYING AND FIXING OF PIPELINES.",New,FP/MN/WATER/473321/2024,2024-05-17T08:08:16.731+00:00,,"Pending at Technical Officer - MoEFCC, HQ",0.321,393.1,PHED,,Forest clearance form,,,,AUGMENTATION OF WATER TREATMENT PLANT AT KABRANG,MANIPUR,Thoubal,Wangkhem,,,0,Non - Linear,0.0,0.321,0.321,0.0,0.0,0.0,0.0,0.0,0,0,0,Not applicable as the project or activity is site specific,,NO,NO,NO,2024-05-16T18:30:00.000+00:00,,Degraded Forest Land,true,,,,,,,,,,,,,,,,,,,,,,,,,,,,,,,,,,"Public Health Engineering Department, Khoyathong",,14,State Government (Department/Autonomous body),Chief Engineer,,14,Thoubal,0,https://parivesh.nic.in/dms/okm/downloadDocument?docTypemappingId=40829&refId=68728199&refType=caf&uuid=18c4b345-a4cb-432f-b49b-cd2bd9a14bb2&version=1.0;https://parivesh.nic.in/dms/okm/downloadDocument?docTypemappingId=58989&refId=68728199&refType=FC&uuid=ab4eabb6-a9b1-4460-bb54-00fafb8691a1&version=1.0,269969,https://parivesh.nic.in/newupgrade/#/report/ec?proposalId=68729367,8030.0,49275.0
80398281,Construction of Two laning with Hard shoulder of Ukhrul-Toloi-Tadubi Road Pkg-1 (Ukhrul Bypass) on NH-102A from De. Ch. 0.000 Km (Ex. Ch. 537.850 of NH-202) to De. Ch. 6.571 Km (Km. 9.840 of existing Ukhrul-Toloi-Tadubi Road) (Design Length-6.571 Km) in the State of Manipur by NHIDCL on EPC mode,New,WL/MN/ROAD/485262/2024,2024-07-01T11:26:44.763+00:00,,,26.9678,20430.0,NHIDCL BO IMPHAL,,Wildlife clearance form,,,,Construction of Two laning with Hard shoulder of Ukhrul-Toloi-Tadubi Road Pkg-1 (Ukhrul Bypass) on NH-102A from De. Ch. 0.000 Km (Ex. Ch. 537.850 of NH-202) to De. Ch. 6.571 Km (Km. 9.840 of existing Ukhrul-Toloi-Tadubi Road) (Design Length-6.571 Km) in the State of Manipur by NHIDCL on EPC mode,MANIPUR,Ukhrul,Hundung,,,,Linear,0.0,26.9678,26.9678,0.0,0.0,0.0,0.0,0.0,0,0,0,Not applicable as the project or activity is site specific,,NO,NO,NO,2024-07-09T06:21:43.525+00:00,,,,,,,,,,,,,,,,,,,,,,,,,,,,,,,,,,,,,,,,,,,,Ukhrul,,https://parivesh.nic.in/dms/okm/downloadDocument?docTypemappingId=40829&refId=17602727&refType=caf&uuid=ef563e1e-e8e4-4048-b8e5-882c63e33e8a&version=1.0,0,https://parivesh.nic.in/newupgrade/#/report/ec?proposalId=80398281,86505.0,141861.0
86500273,ERECTION OF FENCING AND CONSTRUCTION OF ROAD ALONG INDO-MYANMAR BORDER (IMB) FROM BP-81 TO BP-85 ( PACKAGE-IV) IN THE STATE OF MANIPUR ( DISTRICT TENGNOUPAL) UNDER PROJECT SEWAK/25 BRTF/82 RCC,New,WL/MN/DEF/489110/2024,2024-07-22T06:04:12.027+00:00,,,44.93,28200.0,BORDER ROADS ORGANISATION,,Wildlife clearance form,,,,CONSTRUCTION OF BORDER FENCING BETWEEN BOUNDARY PILLAR (BP) 81 TO BOUNDARY PILLAR (BP) 85 OF INDO-MYANMAR BORDER,MANIPUR,Tengnoupal,Kwatha,,,,Linear,0.0,44.93,44.93,0.0,0.0,0.0,0.0,0.0,0,0,0,Not applicable as the project or activity is site specific,,NO,NO,NO,2024-08-14T05:23:27.392+00:00,,,,,,,,,,,,,,,,,,,,,,,,,,,,,,,,,,,,,,,,,,,,Tengnoupal,,https://parivesh.nic.in/dms/okm/downloadDocument?docTypemappingId=40829&refId=78259189&refType=caf&uuid=c20bfabd-0a41-424c-a3b2-e841aa3e544e&version=1.0,270719,https://parivesh.nic.in/newupgrade/#/report/ec?proposalId=86500273,378000.0,55800.0
86504375,The project construction of Purum Hanba Telheiba Temple is to restore the shrine of Purm Hanba Helhei (God) at Purum Hill and to spread peace and harmony to the people of the state,New,FP/MN/OTHERS/489124/2024,2024-07-22T06:42:33.857+00:00,,DELISTED_BY_SYSTEM,0.14,60.0,PURUM HANBA TELHEIBA THOUGALLUP TRUST,,Forest clearance form,,,,Construction of Purum Hanba Telheiba Temple,MANIPUR,Sawombung,Sagolmang,,,0,Non - Linear,0.0,0.14,0.14,0.0,0.0,0.0,0.0,0.0,0,0,0,Not applicable as the project or activity is site specific,,NO,NO,NO,2025-11-09T18:30:00.000+00:00,,Degraded Forest Land,true,,,,,,,,,,,,,,,,,,,,,,,,,,,,,,,,,,Sagolmang,,14,Private Limited,Secretary,,14,Imphal East,0,https://parivesh.nic.in/dms/okm/downloadDocument?docTypemappingId=40829&refId=86503188&refType=caf&uuid=8fa3aaaa-ffe8-4dd0-b806-b8c0f462f1d2&version=1.0;https://parivesh.nic.in/dms/okm/downloadDocument?docTypemappingId=58989&refId=86503188&refType=FC&uuid=e474fc72-3437-4199-abca-d72e5dc15925&version=1.0,270219,https://parivesh.nic.in/newupgrade/#/report/ec?proposalId=86504375,2920.0,4200.0
95328794,Construction of Water Treatment Plant at Tampha Khunou for distribution of drinking water at Haotak Tampha Khunou Village.,New,WL/MN/Others/493535/2024,2024-08-21T11:23:54.613+00:00,,,0.146,123.0,PHED,,Wildlife clearance form,,,,Construction of Water Treatment Plant at Tampha Khunou,MANIPUR,Moirang,Wangoo Keirap,,,,Hybrid,0.0,0.146,0.146,0.0,0.0,0.0,0.0,0.0,0,0,0,Not applicable as the project or activity is site specific,,NO,NO,NO,2024-08-21T12:07:34.587+00:00,,,,,,,,,,,,,,,,,,,,,,,,,,,,,,,,,,,,,,,,,,,,Bishnupur,,https://parivesh.nic.in/dms/okm/downloadDocument?docTypemappingId=40829&refId=2846918&refType=caf&uuid=52ba9707-bf56-4626-b21e-8351621cad72&version=1.1,0,https://parivesh.nic.in/newupgrade/#/report/ec?proposalId=95328794,13860.0,7300.0
95353030,Construction of Water Treatment Plant for distribution of drinking water at wathalambi village.,New,WL/MN/Others/493582/2024,2024-08-22T01:43:15.698+00:00,,,0.357,172.0,PHED,,Wildlife clearance form,,,,Augmentation of Water Treatment Plant at Wathalambi,MANIPUR,Moirang,Saiton,,,,Hybrid,0.0,0.357,0.357,0.0,0.0,0.0,0.0,0.0,0,0,0,Not applicable as the project or activity is site specific,,NO,NO,NO,2024-08-22T01:51:42.958+00:00,,,,,,,,,,,,,,,,,,,,,,,,,,,,,,,,,,,,,,,,,,,,Bishnupur,,https://parivesh.nic.in/dms/okm/downloadDocument?docTypemappingId=40829&refId=2828048&refType=caf&uuid=0ccee06b-f2b7-48e1-a5d5-0c8406e7dde7&version=1.0,269900,https://parivesh.nic.in/newupgrade/#/report/ec?proposalId=95353030,13860.0,7300.0
95584608,Costruction of Water Treatment Plant at Naodakhong for distribution of drinking water at Wangoo Terakhong GP,New,WL/MN/Others/493583/2024,2024-08-22T01:59:24.528+00:00,,,0.243,166.0,PHED,,Wildlife clearance form,,,,Construction of Water Treatment Plant at Naodangkhong,MANIPUR,Moirang,Wangoo Keirap,,,1,Hybrid,0.0,0.243,0.243,0.0,0.0,0.0,0.0,0.0,0,0,0,Not applicable as the project or activity is site specific,,NO,NO,NO,2024-08-22T02:04:54.678+00:00,,,,,,,,,,,,,,,,,,,,,,,,,,,,,,,,,,,,,,,,,,,,Bishnupur,1,https://parivesh.nic.in/dms/okm/downloadDocument?docTypemappingId=40829&refId=2782253&refType=caf&uuid=4d34f8fc-55d7-49fb-82bc-84aaa066693b&version=1.0,0,https://parivesh.nic.in/newupgrade/#/report/ec?proposalId=95584608,1280.0,4280.0
95584945,"Construction of Water Treatment Plant at Leingnagtabi for distribution of drinking water for Laingoubi Leingangtabi Borayangbi GP, Bishnupur District",New,WL/MN/Others/493584/2024,2024-08-22T02:11:22.882+00:00,,,0.203,188.0,PHED,,Wildlife clearance form,,,,Construction of Water Treatment Plant at Leingnagtabi,MANIPUR,SAIKOT,Dampi,,,1,Hybrid,0.0,0.203,0.203,0.0,0.0,0.0,0.0,0.0,0,0,0,Not applicable as the project or activity is site specific,,NO,NO,NO,2024-08-22T02:15:52.391+00:00,,,,,,,,,,,,,,,,,,,,,,,,,,,,,,,,,,,,,,,,,,,,Churachandpur,1,https://parivesh.nic.in/dms/okm/downloadDocument?docTypemappingId=40829&refId=2803482&refType=caf&uuid=11364c90-38b2-446b-ab2d-605f6641339a&version=1.0,0,https://parivesh.nic.in/newupgrade/#/report/ec?proposalId=95584945,7300.0,13860.0
95941434,"Project Scope includes the diversion of 4.856 hectares of Forest Land for Company Operating Base at Khudengthabi, Tengnoupal District, Manipur for Tengnoupal Battalion of 26 Sector Assam Rifles.” Project is to benefit/ensure enhance security along Indo-Myanmar border and prevent infiltration of foreign nationals into Indian Territory. For maintaining the sanctity of International Border with Manipur, forest land near Khudenghabi village on National Highway-102 is required to be diverted to Assam Rifles under proposal. “Proposed diversion of 4.856 Hectare of forest Land for Company Operating Base at Khudengthabi for Tengnoupal Battalion of 26 Sector Assam Rifles”, since the land is vital to ensure deterrence to anti-national elements, control smuggling of illegal arms/ammunition/narcotics etc.",New,WL/MN/SRY/493788/2024,2024-08-23T09:51:56.386+00:00,,,4.856,900.0,HQ 26 SECTOR ASSAM RIFLES,,Wildlife clearance form,,,,DIVERSION OF 4.856 HA OF FOREST LAND FOR COMPANY OPERATING BASE AT KHUDENGTHABI FOR TENGNOUPAL BATTALION OF 26 SECTOR ASSAM RIFLES,MANIPUR,Tengnoupal,S.Khudengthabi,,,0,Non - Linear,0.0,4.856,4.856,0.0,0.0,0.0,0.0,0.0,0,0,0,Not applicable as the project or activity is site specific,,NO,NO,NO,2024-08-23T09:56:43.298+00:00,,,,,,,,,,,,,,,,,,,,,,,,,,,,,,,,,,,,,,,,,,,,Tengnoupal,0,https://parivesh.nic.in/dms/okm/downloadDocument?docTypemappingId=40829&refId=95305441&refType=caf&uuid=0e45a8f7-cc86-4939-9612-24265fd07c73&version=1.0,270717,https://parivesh.nic.in/newupgrade/#/report/ec?proposalId=95941434,42000.0,42000.0
95949321,"The project scope includes laying of pipeline for the transmission main/distribution pipeline and constructing various overhead tank emergency service reservoirs. The population to be benefitted from the scheme is 40,000 heads. For this laying of pipeline for an area of 0.105 ha is required in the Forest area. Sinch Irilbung water treatment plant is located on top of Irilbung hill, there is no alternative land available therefore an area of 0.105 ha is required in Forest land for the said project",New,FP/MN/WATER/493800/2024,2024-08-23T10:37:10.819+00:00,,Final Diversion Order Issued,0.105,16137.0,PHED,,Forest clearance form,,,,"Diversion of 0.105 ha of forest land for laying of 600 mm and 450 mm DI delivery main from hilltop Reservoir under integrated water supply project for Manipur State, Package-I",MANIPUR,Keirao Bitra,Keirao-Langdum,,,0,Linear,0.0,0.105,0.105,0.0,0.0,0.0,0.0,0.0,0,0,0,Not applicable as the project or activity is site specific,,NO,NO,NO,2024-08-22T18:30:00.000+00:00,,Degraded Forest Land,true,,,,,,,,,,,,,,,,,,,,,,,,,,,,,,,,,,"Public Health Engineering Department, Khoyathong",IMPHAL,14,State Government (Department/Autonomous body),Chief Engineer,IMPHAL,14,Imphal East,0,https://parivesh.nic.in/dms/okm/downloadDocument?docTypemappingId=40829&refId=95947015&refType=caf&uuid=73412e07-3978-4004-82a2-87136cc0cb61&version=1.0;https://parivesh.nic.in/dms/okm/downloadDocument?docTypemappingId=58989&refId=95947015&refType=FC&uuid=6a999933-fd1e-4f05-98cb-190f82dfdbea&version=1.0,270338,https://parivesh.nic.in/newupgrade/#/report/ec?proposalId=95949321,16250.0,16250.0
104329499,"Upgradation of road from BRTF Road to Old Betuk (Myanmar Border). The proposed road connects Chandel and Old Betuk via Paraolen, Lungni, Duthang, Libung and S. Maojang (Length = 24.3 km)",New,WL/MN/ROAD/497508/2024,2024-09-20T11:45:49.435+00:00,,,30.7546,5161.0,"PWD (NH CIRCLE), MANIPUR",,Wildlife clearance form,,,,Upgradation of road from BRTF Road to Old Betuk (Myanmar Border),MANIPUR,Chandel,Duthang,,,,Linear,0.0,30.7546,30.7546,0.0,0.0,0.0,0.0,0.0,0,0,0,Not applicable as the project or activity is site specific,,NO,NO,NO,2024-10-04T12:36:27.740+00:00,,,,,,,,,,,,,,,,,,,,,,,,,,,,,,,,,,,,,,,,,,,,Chandel,,https://parivesh.nic.in/dms/okm/downloadDocument?docTypemappingId=40829&refId=65403864&refType=caf&uuid=f003f187-8d22-4981-821f-ab36cd13a4d6&version=1.2,270837,https://parivesh.nic.in/newupgrade/#/report/ec?proposalId=104329499,333975.0,358512.0
109501017,"Diversion of 40.458 ha of forest land for Widening/Improvement to 2 (two) lane with earthen shoulder of Finch Corner to Ukhrul section from
existing km 34+650 to km 50+520 (Design Chainage km 30+970 to km 45+600) of NH-202 in the State of Manipur on EPC mode under NH(202)-NE (Package-3)",New,WL/MN/ROAD/500630/2024,2024-10-10T12:37:00.479+00:00,,,40.458,24124.0,NHIDCL BO IMPHAL,,Wildlife clearance form,,,,Diversion of 40.458 ha of forest land for Widening/Improvement to 2 (two) lane with earthen shoulder of Finch Corner to Ukhrul section from existing km 34+650 to km 50+520 (Design Chainage km 30+970 to km 45+600) of NH-202 in the State of Manipur on EPC mode under NH(202)-NE (Package-3),MANIPUR,Ukhrul,Ukhrul (CT),,,0,Linear,0.0,40.458,40.458,0.0,0.0,0.0,0.0,0.0,0,0,0,Not applicable as the project or activity is site specific,,NO,NO,NO,2024-10-10T13:47:34.927+00:00,,,,,,,,,,,,,,,,,,,,,,,,,,,,,,,,,,,,,,,,,,,,Ukhrul,0,https://parivesh.nic.in/dms/okm/downloadDocument?docTypemappingId=40829&refId=36230598&refType=caf&uuid=25c349f0-5a10-4b3b-9487-a95547edbec9&version=1.0,270457,https://parivesh.nic.in/newupgrade/#/report/ec?proposalId=109501017,432100.0,1279700.0
109759299,"The project includes the construction of RCC G+1 building step type intake. Establishment of 100 Bedded District Hospital Kakching, Const. of Twin-Type-III Quarter (G+1) Stored buildings, Const. of Morgue, Const. of canteen/ Security room/ 50 liters capacity ground pump/ Incinerator/ Fencing with 2 (two) steel gates and internal roads etc. The population to be benefitted from this hospital is around 1,45,295 heads as per 2011 census for the welfare of the whole population of Kakching District and the surrounding village of neighboring districts and others",New,FP/MN/DISP/501388/2024,2024-10-16T14:29:28.829+00:00,,REMOVED,7.58,3919.6887,DISTRICT HOSPITAL FOR KAKCHING DISTRICT,,Forest clearance form,,,,Establishment of 100 Bedded  District Hospital kakching,MANIPUR,Kakching,KAKCHING KHULLEN-I,,,0,Non - Linear,0.0,7.58,7.58,0.0,0.0,0.0,0.0,0.0,0,0,0,NO,No alternative place of such area is hard to find and the area is also suitable for establishing a hospital.,NO,NO,NO,2025-03-30T18:30:00.000+00:00,,Degraded Forest Land,true,,,,,,,,,,,,,,,,,,,,,,,,,,,,,,,,,,"CHIEF MEDICAL OFFICER, KAKCHING",Kakching,14,State Government (Department/Autonomous body),Chief Medical Officer,Kakching,14,Kakching,0,https://parivesh.nic.in/dms/okm/downloadDocument?docTypemappingId=40829&refId=109758999&refType=caf&uuid=98efa4cb-5a87-4702-9c0f-01fb45d628a6&version=1.0;https://parivesh.nic.in/dms/okm/downloadDocument?docTypemappingId=58989&refId=109758999&refType=FC&uuid=7b5de882-b262-45f4-b988-5eb7be3b1381&version=1.0,928300,https://parivesh.nic.in/newupgrade/#/report/ec?proposalId=109759299,32850.0,54750.0
109923128,Diversion work of 132 KV S/c Dimapur Imphal line for Endanger tower Location No 162 due to land slides at village Mayankhang and Ningthopham Dist Kangpokpi,New,FP/MN/PWR_TRANS/501866/2024,2024-10-19T05:28:15.146+00:00,,Pending at Nodal Officer for Recommendation,2.7269,48.503,powergrid corporation of india ltd,,Forest clearance form,,,,Diversion work of 132 KV Dimapur Imphal line for Loc No. 162,MANIPUR,KANGPOKPI,Hengbung,,,,Linear,0.0,2.7269,2.7269,0.0,0.0,0.0,0.0,0.0,0,0,0,Not applicable as the project or activity is site specific,,NO,NO,NO,2024-10-19T06:51:33.163+00:00,,Degraded Forest Land,true,,,,,,,,,,,,,,,,,,,,,,,,,,,,,,,,,,"400 kv /132kv/33kv substation,.Village Yurembam, Post Langjing Achouba, Imphal West 795113 
State manipur",Yurembam,14,"Central PSU (eg. NHAI, AAI, NTP, CIL, SAIL)",SR DGM,Yurembam,14,Kangpokpi,,https://parivesh.nic.in/dms/okm/downloadDocument?docTypemappingId=40829&refId=109922546&refType=caf&uuid=92bdef96-661f-4981-86a0-bfa9488c1b2c&version=1.0;https://parivesh.nic.in/dms/okm/downloadDocument?docTypemappingId=58989&refId=109922546&refType=FC&uuid=70617895-a95d-4f76-af37-6c4b70c6eb7e&version=1.0,268621,https://parivesh.nic.in/newupgrade/#/report/ec?proposalId=109923128,20.0,1469.0
110071476,ERECTION OF FENCING AND CONSTRUCTION OF ROAD ALONG INDO-MYANMAR BORDER (IMB) FROM BP-81 TO BP-85 ( PACKAGE-IV) IN THE STATE OF MANIPUR ( DISTRICT TENGNOUPAL) UNDER PROJECT SEWAK/25 BRTF/82 RCC,New,WL/MN/DEF/502383/2024,2024-10-22T06:28:01.732+00:00,,,44.93,28200.0,BORDER ROADS ORGANISATION,,Wildlife clearance form,,,,CONSTRUCTION OF BORDER FENCING BETWEEN BOUNDARY PILLAR (BP) 81 TO BOUNDARY PILLAR (BP) 85 OF INDO-MYANMAR BORDER,MANIPUR,Tengnoupal,Kwatha,,,,Linear,0.0,44.93,44.93,0.0,0.0,0.0,0.0,0.0,0,0,0,Not applicable as the project or activity is site specific,,NO,NO,NO,2024-10-25T09:12:36.090+00:00,,,,,,,,,,,,,,,,,,,,,,,,,,,,,,,,,,,,,,,,,,,,Tengnoupal,,https://parivesh.nic.in/dms/okm/downloadDocument?docTypemappingId=40829&refId=78259189&refType=caf&uuid=c20bfabd-0a41-424c-a3b2-e841aa3e544e&version=1.0,270719,https://parivesh.nic.in/newupgrade/#/report/ec?proposalId=110071476,378000.0,55800.0
110433107,"Mutation of 160 Acres/64.749 Ha of Forest Land in respect of Assam Rifles Moreh Bn, Manipur  of HQ 26 Sector Assam Rifles",New,WL/MN/SRY/503366/2024,2024-10-28T07:28:21.809+00:00,,,64.749,9800.0,HQ 26 SECTOR ASSAM RIFLES,,Wildlife clearance form,,,,"Mutation of 160 Acres/64.749 Ha of Forest Land in respect of Assam Rifles Moreh Bn, Manipur  of HQ 26 Sector Assam Rifles",MANIPUR,Tengnoupal,Chikim,,,0,Non - Linear,0.0,64.749,64.749,0.0,0.0,0.0,0.0,0.0,0,0,0,Not applicable as the project or activity is site specific,,NO,NO,NO,2024-10-28T07:36:50.994+00:00,,,,,,,,,,,,,,,,,,,,,,,,,,,,,,,,,,,,,,,,,,,,Tengnoupal,0,https://parivesh.nic.in/dms/okm/downloadDocument?docTypemappingId=40829&refId=110423490&refType=caf&uuid=ae5ed144-2a0c-49c3-8e15-29f9ff6d9d64&version=1.0,270743,https://parivesh.nic.in/newupgrade/#/report/ec?proposalId=110433107,30660.0,30477.0
110481463,Diversion of forest land for 01 nos. of tower location (278) against “Diversion work of 132 KV S/c Dimapur Imphal line of POWERGRID at Tower Location No. 278 for facilitating diversion of endanger Tower Loc No. 278 “at Kalinamai area District Senapati in the state of Manipur.,New,FP/MN/PWR_TRANS/503464/2024,2024-10-29T05:37:25.974+00:00,,Pending at State Government for Diversion Letter,2.011,9.11595,powergrid corporation of india ltd,,Forest clearance form,,,,Diversion of forest land for 01 nos. of tower location (278) against “Diversion work of 132 KV S/c Dimapur Imphal line of POWERGRID at Tower Location No. 278 for facilitating diversion of endanger Tower Loc No. 278 “at Kalinamai area District Senapati in the state of Manipur.,MANIPUR,TADUBI,Song Song,,,,Linear,0.0,2.011,2.011,0.0,0.0,0.0,0.0,0.0,0,0,0,Not applicable as the project or activity is site specific,,NO,NO,NO,2024-12-09T18:30:00.000+00:00,,Degraded Forest Land,true,,,,,,,,,,,,,,,,,,,,,,,,,,,,,,,,,,"400 kv /132kv/33kv substation,.Village Yurembam, Post Langjing Achouba, Imphal West 795113 
State manipur",Village Yurembam,14,"Central PSU (eg. NHAI, AAI, NTP, CIL, SAIL)",SR DGM,Yurembam,14,Senapati,,https://parivesh.nic.in/dms/okm/downloadDocument?docTypemappingId=40829&refId=110480434&refType=caf&uuid=e496a7bc-27fd-4268-b3aa-e74cff984a25&version=1.0;https://parivesh.nic.in/dms/okm/downloadDocument?docTypemappingId=58989&refId=110480434&refType=FC&uuid=b9cc7c1c-2bff-4964-aef2-73ceaab73fad&version=1.0,268472,https://parivesh.nic.in/newupgrade/#/report/ec?proposalId=110481463,600.0,1101.0
116330692,"Construction of Aenon Village Primary School, Imphal-East District, Manipur.",New,FP/MN/SCH/516817/2024,2024-12-31T10:06:37.623+00:00,,DELISTED_BY_SYSTEM,0.1184,84.6,"ZONAL EDUCATION OFFICER, ZONE II",,Forest clearance form,,,,"Construction of Aenon Village Primary School, Imphal-East District, Manipur.",MANIPUR,Sawombung,Luwangsangbam (CT),,,NA,Non - Linear,0.0,0.1184,0.1184,0.0,0.0,0.0,0.0,0.0,0,0,0,NO,There is no Primary School in Aenon Village,NO,NO,NO,2025-04-25T18:30:00.000+00:00,,Degraded Forest Land,true,,,,,,,,,,,,,,,,,,,,,,,,,,,,,,,,,,"Directorate of Education (S)
Lamphelpat","",14,State Government (Department/Autonomous body),Zonal Education Officer,,14,Imphal East,NA,https://parivesh.nic.in/dms/okm/downloadDocument?docTypemappingId=40829&refId=116320993&refType=caf&uuid=56e1f8ec-c74b-40f8-8870-bcde98a17f26&version=1.1;https://parivesh.nic.in/dms/okm/downloadDocument?docTypemappingId=58989&refId=116320993&refType=FC&uuid=a3ae427a-394a-41b1-a37e-430a66e7dcd9&version=1.6,270315,https://parivesh.nic.in/newupgrade/#/report/ec?proposalId=116330692,9125.0,4355.0
116880325,"'North Eastern Theatre Association (NETA), Heingang, the ony theatre group in the North Imphal area participating in State and National drama competition promoting the rich culture and tradition of the State Manipur. The association fined a place/site at Sapam Mamang Chingkhong, Imphal East District, Manipur for construction of the theatre building.",New,FP/MN/OTHERS/517563/2025,2025-01-07T07:03:49.220+00:00,,DELISTED_BY_SYSTEM,0.38,50.0,NORTH EASTREN THEATRE ASSOCIATION,,Forest clearance form,,,,Land Clearance for Theatre Construction,MANIPUR,Sawombung,Khabeisoi,,,,Hybrid,0.1,0.28,0.38,0.0,0.0,0.0,0.0,0.0,0,0,0,NO,Not suitable as per the distance,NO,NO,NO,2025-01-07T08:23:53.719+00:00,,,false,,,,,,,,,,,,,,,,,,,,,,,,,,,,,,,,,,"HEINGNANG MAYAI LEIKAI, IMPHAL EAST DISTRICT, P.O MANTRIPUKHRI",,14,Trust/NGO/Partnership,GENERAL SECRETARY,,14,Imphal East,,https://parivesh.nic.in/dms/okm/downloadDocument?docTypemappingId=40829&refId=116299937&refType=caf&uuid=bdbc5eb5-4e35-49e8-a476-1a46b4e3d254&version=1.0;https://parivesh.nic.in/dms/okm/downloadDocument?docTypemappingId=58989&refId=116299937&refType=FC&uuid=ae42f892-db29-48db-9ed7-4dc951083520&version=1.7,270251,https://parivesh.nic.in/newupgrade/#/report/ec?proposalId=116880325,82135.0,383265.0
118616757,"The project scope includes the construction of a water treatment plant of capacity (0.8 MLD), Addl. Service Reservoir (0.27) pump house repairing of slow sand filter Energization and laying and fixing of pipes. The population is to benefited from this scheme is 28116 heads as per 2011 census. For the supply of drinking water to Thanga and Ithing villages, we required forest land of Thanga Ching for the construction of the Water Treatment Plant since there is no alternative land available for the same.",New,WL/MN/DRKWATER/520876/2025,2025-01-28T07:28:06.446+00:00,,,0.261,127.2,PHED,,Wildlife clearance form,,,,Augmentation of Water Treatment Plant at Thanga,MANIPUR,Bishnupur,Thinungei,,,,Hybrid,0.0,0.261,0.261,0.0,0.0,0.0,0.0,0.0,0,0,0,Not applicable as the project or activity is site specific,,NO,NO,NO,2025-01-28T09:15:15.627+00:00,,,,,,,,,,,,,,,,,,,,,,,,,,,,,,,,,,,,,,,,,,,,Bishnupur,,https://parivesh.nic.in/dms/okm/downloadDocument?docTypemappingId=40829&refId=3941192&refType=caf&uuid=00e8abc9-1773-400e-96d5-22dee83eeaf5&version=1.0,269891,https://parivesh.nic.in/newupgrade/#/report/ec?proposalId=118616757,250.0,250.0
119310795,"Proposal for grant of permission for rediversion of forest land of 0.7 Ha for proposed 12"" dia (Carbon steel) Natural Gas Pipeline along with OFC Conduit in Kangpokpi District,Manipur",New,FP/MN/REDIV/522492/2025,2025-02-04T13:35:51.362+00:00,,Final Diversion Order Issued,0.74,92650.0,INDRADHANUSH GAS GRID LIMITED,,Form-E: Re-Diversion i) Land Use Change ii) Laying of Overhead/ Under Ground OFC/ drinking water pipeline/ slurry pipeline/ electric cable/ CNG/PNG within RoW,,,,"Laying of Proposed Dimapur - Imphal Pipeline of 12” Dia Carbon steel Along with OFC Conduit in the Kangpokpi District, Manipur",MANIPUR,KANGPOKPI,Hengbung,,,,Linear,0.0,0.74,0.74,0.0,0.0,0.0,0.0,0.0,0,0,0,NO,Pipeline is proposed along the road ROW.It is minimum forest re-diversion. Pipeline route has been finalized in such a wat that minimum forest land will be utilized as well as tree cutting will be minimum.,NO,NO,NO,2025-02-03T18:30:00.000+00:00,,,,,,,,,,,,,,,,,,,,,,,,,,,,,,,,,,,,,"5th Floor, Central Mall, Christian Basti, G. S. Road, Guwahati",Guwahati,18,"Central PSU (eg. NHAI, AAI, NTP, CIL, SAIL)",Chief Project Manager,Guwahati,18,Kangpokpi,,https://parivesh.nic.in/dms/okm/downloadDocument?docTypemappingId=40829&refId=119309749&refType=caf&uuid=0387b275-2c27-4770-9700-fb19045ece3d&version=1.0,0,https://parivesh.nic.in/newupgrade/#/report/ec?proposalId=119310795,36500.0,255500.0
121120293,Diversion of 1.30 Ha of forest land for removal of blind corner and straightening of road at Yumnam Patlou,New,FP/MN/ROAD/526140/2025,2025-02-27T08:10:48.171+00:00,,Final Diversion Order Issued,1.3,150.0,keystone infra private limited,,Forest clearance form,,,,Diversion of 1.30 Ha of forest land for removal of blind corner and straightening of road at Yumnam Patlou,MANIPUR,Sawombung,Yumnam Patlou,,,,Non - Linear,0.0,1.3,1.3,0.0,0.0,0.0,0.0,0.0,0,0,0,Not applicable as the project or activity is site specific,,NO,NO,NO,2025-02-26T18:30:00.000+00:00,,Degraded Forest Land,true,,,,,,,,,,,,,,,,,,,,,,,,,,,,,,,,,,"Viilage:- Murdanda, Tehsil:- Usur",,22,Private Limited,Owner,,22,Imphal East,,https://parivesh.nic.in/dms/okm/downloadDocument?docTypemappingId=40829&refId=121113543&refType=caf&uuid=62a8c009-4004-4ca4-a131-73dc548d9a78&version=1.0;https://parivesh.nic.in/dms/okm/downloadDocument?docTypemappingId=58989&refId=121113543&refType=FC&uuid=d4b561ae-8dcf-46a9-a769-955d639097ee&version=1.0,270221,https://parivesh.nic.in/newupgrade/#/report/ec?proposalId=121120293,15000.0,0.0
121122653,Diversion of 3.57 Ha of forest land for Construction of Road at Haraorou,New,FP/MN/ROAD/526151/2025,2025-02-27T08:36:52.628+00:00,,Pending at Nodal for Compensatory Levies Review,3.57,200.0,keystone infra private limited,,Forest clearance form,,,,Diversion of 3.57 Ha of forest land for Construction of Road at Haraorou,MANIPUR,Sawombung,Haraorou,,,,Non - Linear,0.0,3.57,3.57,0.0,0.0,0.0,0.0,0.0,0,0,0,Not applicable as the project or activity is site specific,,NO,NO,NO,2025-02-26T18:30:00.000+00:00,,Degraded Forest Land,true,,,,,,,,,,,,,,,,,,,,,,,,,,,,,,,,,,"Viilage:- Murdanda, Tehsil:- Usur",,22,Private Limited,Owner,,22,Imphal East,,https://parivesh.nic.in/dms/okm/downloadDocument?docTypemappingId=40829&refId=121121950&refType=caf&uuid=351e5aa7-2303-411f-ba1c-3f66a2372fd2&version=1.0;https://parivesh.nic.in/dms/okm/downloadDocument?docTypemappingId=58989&refId=121121950&refType=FC&uuid=b89c7377-b6d7-4a60-8106-bf49cc217db9&version=1.0,270237,https://parivesh.nic.in/newupgrade/#/report/ec?proposalId=121122653,18000.0,0.0
121844882,"The proposed project Development of ""Loktak Lake Experience"" in Loktak, Manipur under
SASCI is situated at 3 locations i. Moirang ii. Takmu iii. Thanga which are surrounded by forest
land from all the sides. The proposed sites are the best locations in creating a sustainable
tourism model that enhances the visitor experience while preserving the unique biodiversity and
traditional way of life in these regions. The Project is envisioned to elevate the ecological,
cultural, and adventure tourism potential of Loktak Lake, a globally recognized destination, and
its surrounding areas, including the villages of Moirang, Thanga, and Takmu",New,FP/MN/OTHERS/528142/2025,2025-03-07T03:40:58.332+00:00,,DELISTED_BY_SYSTEM,12.49,1908.0,DIRECTORATE OF TOURISM GOVERNMENT OF MANIPUR,,Forest clearance form,,,,"""Development of Loktak Lake Experience"" in Loktak, Manipur",MANIPUR,Moirang,Ithing,,,,Non - Linear,8.45,4.04,12.49,0.0,0.0,0.0,0.0,0.0,0,0,0,Not applicable as the project or activity is site specific,,NO,NO,NO,2025-06-23T18:30:00.000+00:00,,Degraded Forest Land,true,,,,,,,,,,,,,,,,,,,,,,,,,,,,,,,,,,"North A.O.C, Near Hotel Imphal, D.M. Road",,14,State Government (Department/Autonomous body),Director,,14,Bishnupur,,https://parivesh.nic.in/dms/okm/downloadDocument?docTypemappingId=40829&refId=121844422&refType=caf&uuid=a1655577-a73b-48f8-bc36-4d00e10686fe&version=1.0;https://parivesh.nic.in/dms/okm/downloadDocument?docTypemappingId=58989&refId=121844422&refType=FC&uuid=ec74ab39-90d8-4eab-8811-b424a3e591d4&version=1.0,269902,https://parivesh.nic.in/newupgrade/#/report/ec?proposalId=121844882,2100.0,23400.0
121845692,"The Loktak Lake Iconic Tourist Attraction Project is envisioned to elevate the ecological, cultural, and adventure tourism potential of Loktak Lake, a globally recognized destination, and its surrounding areas, including the villages of Moirang, Thanga, and Takmu. The project focuses on creating 
a sustainable tourism model that enhances the visitor experience while preserving the unique biodiversity and traditional way of life in these regions. The project will develop Luxury Resort at Moirang, Land Based Eco Adventure Zone at Thanga Island and Marine Experience Zone at 
Takmu Island under the scheme of Capital Expenditure Part III(Development Of Iconic Tourist Centres To Global Scale) of the Scheme for Special Assistance to States for Capital Investment 2024-25",New,WL/MN/Others/528144/2025,2025-03-07T04:07:57.546+00:00,,,12.49,7040.0,DIRECTORATE OF TOURISM GOVERNMENT OF MANIPUR,,Wildlife clearance form,,,,"""Development of Loktak Lake Experience"" in Loktak, Manipur",MANIPUR,Moirang,Ithing,,,"1, 2",Non - Linear,8.45,4.04,12.49,0.0,0.0,0.0,0.0,0.0,0,0,0,Not applicable as the project or activity is site specific,,NO,NO,NO,2025-03-12T04:48:28.898+00:00,,,,,,,,,,,,,,,,,,,,,,,,,,,,,,,,,,,,,,,,,,,,Bishnupur,"1, 2",https://parivesh.nic.in/dms/okm/downloadDocument?docTypemappingId=40829&refId=121845285&refType=caf&uuid=c330acf2-9b02-4816-9bba-9ff6a799da08&version=1.0,269902,https://parivesh.nic.in/newupgrade/#/report/ec?proposalId=121845692,2500.0,70850.0
125382719,Jiribam-Imphal New Broad Gauge (BG) Railway Line Project,Expansion,FP/MN/RAIL/534933/2025,2025-04-22T12:47:09.052+00:00,,DELISTED_BY_SYSTEM,73.211,0.0,Ministry of Railway,,Forest clearance form,,,,Additional land acquisition at proposed Tupul Railway station area,MANIPUR,Tamenglong,Maranging,,,NA,Linear,0.0,73.211,73.211,0.0,0.0,0.0,0.0,0.0,0,0,0,NO,The additional land acquisition is for construction of protection work and slope stability.,NO,NO,NO,2025-06-22T18:30:00.000+00:00,https://parivesh.nic.in/dms/okm/downloadDocument?docTypemappingId=59020&refId=125382718&refType=fc&uuid=71f6c9d5-900e-4305-abb8-e70fa11cb6b6&version=1.0,Degraded Forest Land,true,,,,,,,,,,,,,,,,,,,,,,,,,,,,,,,,,,"RAILWAY OFFICE,MSTC COMPLEX,BABUPARA,
MOIRANGKHONG,IMPHAL WEST",,14,Central Government (Department/Autonomous body),Deputy Chief Engineer/Con-4/Imphal,,14,Noney,NA,https://parivesh.nic.in/dms/okm/downloadDocument?docTypemappingId=40829&refId=125336219&refType=caf&uuid=c2b947ef-92d8-434c-8346-a4107d4a26b0&version=1.0;https://parivesh.nic.in/dms/okm/downloadDocument?docTypemappingId=58989&refId=125336219&refType=FC&uuid=abc5aa45-41f7-463f-a958-36e28b06d7ec&version=1.0,0,https://parivesh.nic.in/newupgrade/#/report/ec?proposalId=125382719,339450.0,1116900.0
127301441,CONSTRUCTION OF 10 BEDDED AYUSH HOSPITAL AT NEW SALEM,New,FP/MN/DISP/538215/2025,2025-05-19T09:47:23.412+00:00,,Pending at DFO due to EDS by Nodal Officer,0.814,697.0,DIRECTORATE OF AYUSH,,Forest clearance form,,,,CONSTRUCTION OF 10 BEDDED AYUSH HOSPITAL AT NEW SALEM,MANIPUR,Sawombung,New Salem,,,,Non - Linear,0.0,0.814,0.814,0.0,0.0,0.0,0.0,0.0,0,0,0,NO,no non-forest land available for the said project in Imphal East District and no hospital available at the propose site,NO,NO,NO,2026-02-15T18:30:00.000+00:00,,Degraded Forest Land,true,,,,,,,,,,,,,,,,,,,,,,,,,,,,,,,,,,"Directorate of AYUSH
Lamphelpat",,14,State Government (Department/Autonomous body),DEPUTY DIRECTOR,,14,Imphal East,,https://parivesh.nic.in/dms/okm/downloadDocument?docTypemappingId=40829&refId=127291400&refType=caf&uuid=2d5fa396-ec86-41d0-9b19-70b700660fab&version=1.0;https://parivesh.nic.in/dms/okm/downloadDocument?docTypemappingId=58989&refId=127291400&refType=FC&uuid=100e5cae-cf3d-4ac0-9ec4-99e55c4c3f7f&version=1.0,0,https://parivesh.nic.in/newupgrade/#/report/ec?proposalId=127301441,10800.0,22695.0
129272264,"Mutation of 160 Acres/64.749 Ha of Forest Land in respect of Assam Rifles Moreh Bn, Manipur of HQ 26 Sector Assam Rifles",New,WL/MN/DEF/540398/2025,2025-06-05T09:08:49.425+00:00,,,64.749,9800.0,HQ 26 SECTOR ASSAM RIFLES,,Wildlife clearance form,,,,"Mutation of 160 Acres/64.749 Ha of Forest land in respect of Assam Rifles Moreh BN, Manipur of HQ 26 Sector Assam Rifles",MANIPUR,Tengnoupal,D. Monaphai,,,,Non - Linear,0.0,64.749,64.749,0.0,0.0,0.0,0.0,0.0,0,0,0,Not applicable as the project or activity is site specific,,NO,NO,NO,2025-07-03T08:51:07.681+00:00,,,,,,,,,,,,,,,,,,,,,,,,,,,,,,,,,,,,,,,,,,,,Tengnoupal,,https://parivesh.nic.in/dms/okm/downloadDocument?docTypemappingId=40829&refId=128904237&refType=caf&uuid=af9e532f-2f29-4fda-9228-ac64771ce48b&version=1.0,270706,https://parivesh.nic.in/newupgrade/#/report/ec?proposalId=129272264,30660.0,30477.0
130651309,"Construction of (i) 50-Bedded integrated AYUSH Hospital (ii) Homoeopathy Medical College (iii) Homeopathy Pharmacy and (iv) Drug Testing Laboratory at Keirao Bitra, Imphal East",New,FP/MN/DISP/542523/2025,2025-06-24T06:01:21.377+00:00,,Pending at Nodal Officer for Recommendation,1.513,2650.0,DIRECTORATE OF AYUSH,,Forest clearance form,,,,"Construction of (i) 50-Bedded integrated AYUSH Hospital (ii) Homoeopathy Medical College (iii) Homeopathy Pharmacy and (iv) Drug Testing Laboratory at Keirao Bitra, Imphal East",MANIPUR,Keirao Bitra,Keirao-Bitra,,,,Non - Linear,0.0,1.513,1.513,0.0,0.0,0.0,0.0,0.0,0,0,0,NO,Non availability of non forest land to build a hospital at the surrounding village area and there was no hospital in the nearby area.,NO,NO,NO,2026-01-02T18:30:00.000+00:00,,Degraded Forest Land,true,,,,,,,,,,,,,,,,,,,,,,,,,,,,,,,,,,"Directorate of AYUSH
Lamphelpat",,14,State Government (Department/Autonomous body),Deputy Director,,14,Imphal East,,https://parivesh.nic.in/dms/okm/downloadDocument?docTypemappingId=40829&refId=129992672&refType=caf&uuid=8b8eaf71-2fe9-4d88-9d6a-0386ce2387ec&version=1.0;https://parivesh.nic.in/dms/okm/downloadDocument?docTypemappingId=58989&refId=129992672&refType=FC&uuid=a69eba94-bc96-41f9-a67b-bd0592c215b9&version=1.0,270337,https://parivesh.nic.in/newupgrade/#/report/ec?proposalId=130651309,45880.0,44530.0
130660839,"Diversion of forest land measuring 0.20 Ha for construction of SV-09 Station in Hengbung village,Kangpokpi district for Dimapur-Imphal Pipeline Project",New,FP/MN/Pipeline/542529/2025,2025-06-24T06:33:04.540+00:00,,Final Diversion Order Issued,0.2,9.265,INDRADHANUSH GAS GRID LIMITED,,Forest clearance form,,,,"Diversion of forest land measuring 0.20 Ha for construction of SV-09 Station in Hengbung village,Kangpokpi for Dimapur-Imphal Pipeline Project",MANIPUR,KANGPOKPI,Hengbung,,,,Non - Linear,0.0,0.2,0.2,0.0,0.0,0.0,0.0,0.0,0,0,0,Not applicable as the project or activity is site specific,,NO,NO,NO,2025-06-24T06:48:57.903+00:00,,Degraded Forest Land,true,,,,,,,,,,,,,,,,,,,,,,,,,,,,,,,,,,"5th Floor, Central Mall, Christian Basti, G. S. Road, Guwahati",,18,"Central PSU (eg. NHAI, AAI, NTP, CIL, SAIL)",Chief Project Manager,IMPHAL WEST,14,Kangpokpi,,https://parivesh.nic.in/dms/okm/downloadDocument?docTypemappingId=40829&refId=130656298&refType=caf&uuid=643b3a51-76c6-4c66-b687-2e8e41425109&version=1.0;https://parivesh.nic.in/dms/okm/downloadDocument?docTypemappingId=58989&refId=130656298&refType=FC&uuid=b81020a3-e863-4f08-8b2f-1335eac72151&version=1.0,0,https://parivesh.nic.in/newupgrade/#/report/ec?proposalId=130660839,36500.0,255500.0
131616427,"The diversion of 0.95 hectare of forest land at Mapao Village, Kangpokpi District is essential 
for development of multiple rain water harvesting pond and a drainage system to maintain the
water harvesting pond.",New,FP/MN/RainHarvest/543984/2025,2025-07-07T07:06:50.060+00:00,,DELISTED_BY_SYSTEM,0.95,50.0,SUPERINTENDING ENGINEER FMC WRD MANIPUR,,Forest clearance form,,,,DIVERSION OF 0.95 HA OF FOREST LANDS FOR DEVELOPMENT OF MULTIPLE RAIN WATER HARVESTING PONDS AND  DRAINAGE SYSTEM,MANIPUR,SAIKUL,Mapao Thangal,,,,Non - Linear,0.0,0.95,0.95,0.0,0.0,0.0,0.0,0.0,0,0,0,Not applicable as the project or activity is site specific,,NO,NO,NO,2025-07-27T18:30:00.000+00:00,,Degraded Forest Land,true,,,,,,,,,,,,,,,,,,,,,,,,,,,,,,,,,,Khoyathong PWD Complex,,14,State Government (Department/Autonomous body),Executive Engineer,,14,Kangpokpi,,https://parivesh.nic.in/dms/okm/downloadDocument?docTypemappingId=40829&refId=131614241&refType=caf&uuid=e9e9353a-8971-41ef-bc7f-23a3f71dcce5&version=1.0;https://parivesh.nic.in/dms/okm/downloadDocument?docTypemappingId=58989&refId=131614241&refType=FC&uuid=771d17f4-2fd3-4576-aa1d-3f7591d1ac1e&version=1.0,268942,https://parivesh.nic.in/newupgrade/#/report/ec?proposalId=131616427,1000.0,0.0
131955269,Diversion of 0.0169 HA. of forest land for construction of mobile tower at Nungourok Village,New,FP/MN/CommPost/544489/2025,2025-07-11T12:10:25.938+00:00,,Pending at Nodal Officer for Recommendation,0.0169,32.0,indus towers ltd,,Forest clearance form,,,,Diversion of forest land for construction of mobile tower at Nungourok Village,MANIPUR,Machi,Nungourok,,,,Non - Linear,0.0,0.0169,0.0169,0.0,0.0,0.0,0.0,0.0,0,0,0,Not applicable as the project or activity is site specific,,NO,NO,NO,2025-07-11T12:20:37.949+00:00,,,false,,,,,,,,,,,,,,,,,,,,,,,,,,,,,,,,,,"Building no. 10 Tower A, 4th floor, DLF Cybercity Gurugram, 122002",GURUGRAM,6,Private Limited,Enterprise Sales Lead,Khanapara,18,Tengnoupal,,https://parivesh.nic.in/dms/okm/downloadDocument?docTypemappingId=40829&refId=131952751&refType=caf&uuid=24edd065-fdd0-451f-9de5-243366b1ba44&version=1.0;https://parivesh.nic.in/dms/okm/downloadDocument?docTypemappingId=58989&refId=131952751&refType=FC&uuid=d218d0c6-a856-42a8-ada0-fc107ccee684&version=1.0,270619,https://parivesh.nic.in/newupgrade/#/report/ec?proposalId=131955269,15.0,15.0
132591795,"Construction pf T. Laijang English School at Noney District, Manipur",New,FP/MN/SCH/545667/2025,2025-07-23T05:16:48.409+00:00,,DELISTED_BY_SYSTEM,0.5,30.0,SHANGLEN CONSTRUCTIONS (OPC) PRIVATE LIMITED,,Forest clearance form,,,,CONSTRUCTION OF T. LAIJANG ENGLISH SCHOOL,MANIPUR,Saitu-Gamphazol,Singda Kuki,,,,Non - Linear,0.0,0.5,0.5,0.0,0.0,0.0,0.0,0.0,0,0,0,NO,No non forest land available at the project site,NO,NO,NO,2025-07-23T05:24:46.572+00:00,,Degraded Forest Land,true,,,,,,,,,,,,,,,,,,,,,,,,,,,,,,,,,,"HAOBAM MARAK NGANGOM LEIKAI, IED-1",,14,Private Limited,Director,,14,Kangpokpi,,https://parivesh.nic.in/dms/okm/downloadDocument?docTypemappingId=40829&refId=132590275&refType=caf&uuid=61f09029-23a1-4167-b117-3c7f55961958&version=1.0;https://parivesh.nic.in/dms/okm/downloadDocument?docTypemappingId=58989&refId=132590275&refType=FC&uuid=d58439f0-9d73-49c2-b330-5e983f05277a&version=1.0,268785,https://parivesh.nic.in/newupgrade/#/report/ec?proposalId=132591795,5475.0,4250.0
132609143,"Construction of Brace Wall along LBB & RBB of Chingdoubi Stream at Thambal Chingya, Thoubal",New,FP/MN/RainHarvest/545690/2025,2025-07-23T07:08:56.014+00:00,,Pending at DFO For Compliance Review,0.5,45.0,SUPERINTENDING ENGINEER FMC WRD MANIPUR,,Forest clearance form,,,,"Construction of Brace Wall along LBB & RBB of Chingdoubi Stream at Thambal Chingya, Thoubal",MANIPUR,Thoubal,Tentha,,,,Non - Linear,0.0,0.5,0.5,0.0,0.0,0.0,0.0,0.0,0,0,0,Not applicable as the project or activity is site specific,,NO,NO,NO,2025-07-23T07:39:06.858+00:00,,Degraded Forest Land,true,,,,,,,,,,,,,,,,,,,,,,,,,,,,,,,,,,Khoyathong PWD Complex,,14,State Government (Department/Autonomous body),Superintending Engineer,,14,Thoubal,,https://parivesh.nic.in/dms/okm/downloadDocument?docTypemappingId=40829&refId=132595292&refType=caf&uuid=529da6e5-ba58-46dc-a454-16304af96afb&version=1.0;https://parivesh.nic.in/dms/okm/downloadDocument?docTypemappingId=58989&refId=132595292&refType=FC&uuid=2ee8af5c-d06b-41fc-b558-1959a383d672&version=1.0,269947,https://parivesh.nic.in/newupgrade/#/report/ec?proposalId=132609143,3500.0,0.0
132612222,"Removal of Blind Curve at Keirak, Kakching",New,FP/MN/ROAD/545695/2025,2025-07-23T07:32:33.388+00:00,,Pending on UA for Compensatory Levies Payment,0.5,35.0,SUPERINTENDING ENGINEER FMC WRD MANIPUR,,Forest clearance form,,,,"Removal of Blind Curve at Keirak, Kakching",MANIPUR,Kakching,Keirak,,,,Non - Linear,0.0,0.5,0.5,0.0,0.0,0.0,0.0,0.0,0,0,0,Not applicable as the project or activity is site specific,,NO,NO,NO,2025-07-23T07:35:55.142+00:00,,Degraded Forest Land,true,,,,,,,,,,,,,,,,,,,,,,,,,,,,,,,,,,Khoyathong PWD Complex,,14,State Government (Department/Autonomous body),Superintending Engineer,,14,Kakching,,https://parivesh.nic.in/dms/okm/downloadDocument?docTypemappingId=40829&refId=132611674&refType=caf&uuid=9ad020ea-c04f-4f21-8e9c-ec458f62e844&version=1.0;https://parivesh.nic.in/dms/okm/downloadDocument?docTypemappingId=58989&refId=132611674&refType=FC&uuid=116be123-2ab6-4496-b22d-e7d15ae2e5d8&version=1.0,269991,https://parivesh.nic.in/newupgrade/#/report/ec?proposalId=132612222,2500.0,0.0
136797123,"CONSTRUCTION OF BORDER FENCING BETWEEN BOUNDARY PILLAR (BP) 65 TO BOUNDARY PILLAR (BP) 67 & BOUNDARY PILLAR (BP) 75 TO BOUNDARY PILLAR (BP) 79  OF INDO-MYANMAR BORDER (TOTAL LENGTH=15.900KM) PACKAGE-VIII UNDER PROJECT SEWAK/25TF/82RCC IN THE STATE OF MANIPUR
(DISTRICT- TENGNOUPAL (BETWEEN BP 75 TO BP 79  TOTAL FENCE  LENGTH=10.000KM & APPROACH ROAD= 0.490KM) & DISTRICT-CHANDEL (BETWEEN BP 65 TO BP 67  TOTAL LENGTH=5.410KM))",New,WL/MN/DEF/552725/2025,2025-09-23T06:28:30.729+00:00,,,13.497,13150.55,BORDER ROADS ORGANISATION,,Wildlife clearance form,,,,CONSTRUCTION OF BORDER FENCING BETWEEN BOUNDARY PILLAR (BP) 65 TO BOUNDARY PILLAR (BP) 67 & BOUNDARY PILLAR (BP) 75 TO BOUNDARY PILLAR (BP) 79 OF INDO-MYANMAR BORDER,MANIPUR,Tengnoupal,T.Minou,,,,Linear,0.0,13.497,13.497,0.0,0.0,0.0,0.0,0.0,0,0,0,Not applicable as the project or activity is site specific,,NO,NO,NO,2026-06-06T12:35:06.735+00:00,,,,,,,,,,,,,,,,,,,,,,,,,,,,,,,,,,,,,,,,,,,,Tengnoupal,,https://parivesh.nic.in/dms/okm/downloadDocument?docTypemappingId=40829&refId=132978855&refType=caf&uuid=d09d8200-09d6-44f0-9cd3-22079184eb60&version=1.0,270823,https://parivesh.nic.in/newupgrade/#/report/ec?proposalId=136797123,115900.0,76200.0
137376627,"Development of Ropeway project at Ibudhou Marjing, Heingang  under SASCI scheme of Ministry of Finance, Govt. of India",Expansion,FP/MN/OTHERS/553872/2025,2025-10-02T12:37:32.869+00:00,,Pending at DFO due to EDS by Nodal Officer,0.26,5161.0,DIRECTORATE OF TOURISM GOVERNMENT OF MANIPUR,,Forest clearance form,,,,"DEVELOPMENT OF ROPEWAY PROJECT AT IBUDHOU MARJING, HEINGANG, IMPHAL EAST, MANIPUR",MANIPUR,Sawombung,Heingang (CT),,,,Non - Linear,0.0,0.26,0.26,0.0,0.0,0.0,397300000.0,118800000.0,0,0,0,NO,"Ibudhou Marjing is an important pilgrimage destination with good number of footfalls. The site is believed to be a scared site and everyday devotees offered utsav, pujah. International Polo lovers, players visited the site and prayed the Lord Marjing. Main aim of Developing Ropeway Project at Ibhudhou Marjing, Heingang is that the devotees, visitors while praying Lord Marjing has to move a long distance to reach the Polo Statue from bottom of the Hill to the top of the hill.",NO,NO,NO,2025-10-02T12:52:03.311+00:00,,Degraded Forest Land,true,,,,,,,,,,,,,,,,,,,,,,,,,,,,,,,,,,"North A.O.C, Near Hotel Imphal, D.M. Road",,14,State Government (Department/Autonomous body),DIRECTOR,,14,Imphal East,,https://parivesh.nic.in/dms/okm/downloadDocument?docTypemappingId=40829&refId=137376454&refType=caf&uuid=72a88fd7-cf4b-4cc7-b8e8-bd37c0b0881d&version=1.0;https://parivesh.nic.in/dms/okm/downloadDocument?docTypemappingId=58989&refId=137376454&refType=FC&uuid=c2904e6d-7af0-4a86-8e30-0a5824785153&version=1.0,0,https://parivesh.nic.in/newupgrade/#/report/ec?proposalId=137376627,8340.0,4550.0
1150902178,AUGMENTATION OF WATER TREATMENT PLANT AT LEIMACHING (0.68 MLD) UNDER NEW DEVELOPMENT BANK,New,FP/MN/WATER/562606/2025,2025-12-22T06:50:02.929+00:00,,Pending on UA for Compensatory Levies Payment,0.1475,209.3737,PHED,,Forest clearance form,,,,AUGMENTATION OF WATER TREATMENT PLANT AT LEIMACHING (0.68 MLD) UNDER NEW DEVELOPMENT BANK,MANIPUR,Keirao Bitra,Wakha,,,,Non - Linear,0.0,0.1475,0.1475,0.0,0.0,0.0,0.0,0.0,0,0,0,NO,No alternative non forest land available for the construction of the said project,NO,NO,NO,2025-12-22T07:25:55.249+00:00,,Degraded Forest Land,true,,,,,,,,,,,,,,,,,,,,,,,,,,,,,,,,,,"Public Health Engineering Department, Khoyathong",,14,State Government (Department/Autonomous body),Chief Engineer,,14,Imphal East,,https://parivesh.nic.in/dms/okm/downloadDocument?docTypemappingId=40829&refId=1148861378&refType=caf&uuid=3e4436fb-2a49-443f-9091-74ee597287e7&version=1.0;https://parivesh.nic.in/dms/okm/downloadDocument?docTypemappingId=58989&refId=1148861378&refType=FC&uuid=5fb56990-1665-4b06-aab3-a460cd7c67af&version=1.0,270297,https://parivesh.nic.in/newupgrade/#/report/ec?proposalId=1150902178,4000.0,0.0
1213360748,The project involves construction of permanent buildings for the accommodation of troops of Assam Rifles over 60.70 acres of Forest Land at Sajik Tampak village in Chandel District of Manipur. The area is strategically vital for the safety of the nation. It will be used by the Assam Rifles for the security of the international border so as to protect the Indian territory.,New,FP/MN/OTHERS/564035/2026,2026-01-02T10:27:24.420+00:00,,Pending at MS for Acceptance in PSC-I,24.57,163.5116,"CRPF, MINISTRY OF HOME AFFAIRS",,Forest clearance form,,,,Establishment of Battalion Headquarters of 43 Assam Rifles at Sajik Tampak,MANIPUR,Chakpikarong,Sajik Tampak,,,NA,Non - Linear,0.0,24.57,24.57,0.0,0.0,0.0,0.0,0.0,0,0,0,Not applicable as the project or activity is site specific,,NO,NO,NO,2026-01-02T12:38:17.977+00:00,,Degraded Forest Land,true,,,,,,,,,,,,,,,,,,,,,,,,,,,,,,,,,,"43 Assam Rifles, PIN - 932043, C/O 99 APO",,14,Central Government (Department/Autonomous body),Major,,14,Chandel,NA,https://parivesh.nic.in/dms/okm/downloadDocument?docTypemappingId=40829&refId=1213288108&refType=caf&uuid=c3f72d2d-f500-489c-a279-e4b956356c8f&version=1.0;https://parivesh.nic.in/dms/okm/downloadDocument?docTypemappingId=58989&refId=1213288108&refType=FC&uuid=b1af998b-38cc-4920-8cdc-02e5d3141688&version=1.0,270921,https://parivesh.nic.in/newupgrade/#/report/ec?proposalId=1213360748,456250.0,117000.0
1216983402,MARUM AND SHALY/SLATY EARTH MINING AREA AT MAPAO THANGAL,New,SIA/MN/MIN/565866/2026,2026-01-17T05:43:46.781+00:00,,DELISTED_BY_SYSTEM,5.0,200.0,raj sinam,,Environment clearance form,TOR,B2,Mining of minerals,MARUM AND SHALY/SLATY EARTH MINING AREA AT MAPAO THANGAL,MANIPUR,Sawombung,Achanbigei,,,,Non - Linear,5.0,0.0,5.0,0.0,0.0,0.0,0.0,0.0,0,0,0,Not applicable as the project or activity is site specific,,NO,NO,NO,2026-01-17T06:01:12.931+00:00,,,,,,,,,,,,,,,,,,,,,,,,,,,,,,,,,,,,,,,,,,,,Imphal East,,https://parivesh.nic.in/dms/okm/downloadDocument?docTypemappingId=40829&refId=1216982034&refType=caf&uuid=c90088ae-f7f2-453f-bba7-507a72259f81&version=1.0,270276,https://parivesh.nic.in/newupgrade/#/report/ec?proposalId=1216983402,0.0,26250.0
1216986064,MARUM AND SHALY/SLATY EARTH MINING AREA AT WAITHOU LIPOKPI VILLAGE,New,SIA/MN/MIN/565869/2026,2026-01-17T06:10:13.719+00:00,,DELISTED_BY_SYSTEM,5.0,200.0,raj sinam,,Environment clearance form,TOR,B2,Mining of minerals,MARUM AND SHALY/SLATY EARTH MINING AREA AT WAITHOU LIPOKPI,MANIPUR,Keirao Bitra,Bamon Kampu,,,,Non - Linear,5.0,0.0,5.0,0.0,0.0,0.0,0.0,0.0,0,0,0,Not applicable as the project or activity is site specific,,NO,NO,NO,2026-01-17T06:29:00.656+00:00,,,,,,,,,,,,,,,,,,,,,,,,,,,,,,,,,,,,,,,,,,,,Imphal East,,https://parivesh.nic.in/dms/okm/downloadDocument?docTypemappingId=40829&refId=1216985785&refType=caf&uuid=9424579b-07e8-47ef-8636-7ce6d77d33fb&version=1.0,270329,https://parivesh.nic.in/newupgrade/#/report/ec?proposalId=1216986064,0.0,32500.0
1218125435,"There are many developmental projects targeted for implementation, including the Construction of Jiribam to Khongsang Major Bridge and building under NF-Railway, Silchar to Jiribam Four Land Projects Under NIIIDCL, and the local demand for stones for Crusher Units, as well as for supply to various Government, Semi-Government and private agencies for civil construction purposes.
The proposed quarry site is located at Oinamlong Village, P.O. & P.S. - Tamenglong, Tamenglong Forest Division, Tamenglong District, Manipur.
Further, to justify the proposed project, the demand for stone material has increased, but legal supply is very limited in the state of Manipur. If this project is approved, the demand can be met under Legal Regulation, Legal Royalty, generate direct and indirect employment, Control of Land slides & Illegal Mining in this area, and ultimately it will benefit the Environment.
The approval of this project, with stipulated conditions as per its applicability, will regulate un",New,FP/MN/MIN/QRY/567567/2026,2026-02-01T07:06:05.162+00:00,,Pending at Nodal Officer for Recommendation,5.0,335.0,BHARTIA INFRA PROJECTS LIMITED,,Forest clearance form,,,,"DIVERSION OF 5.00 HA OF FOREST LAND FOR STONE BOULDER QUARRYING/MINING AT OINAMLONG TAMENGLONG DISTRICT, MANIPUR",MANIPUR,Tamenglong West,Oinamlong,,,0,Non - Linear,0.0,5.0,5.0,0.0,0.0,0.0,0.0,0.0,0,0,0,Not applicable as the project or activity is site specific,,NO,NO,NO,2026-02-01T09:01:36.201+00:00,,Degraded Forest Land,true,2025-08-26T00:00:00.000+00:00,5,05/00,,,"",Approved,Stone Boulders,17657.33,0.0,176573.33,17657.33,17657.33,17657.33,05/00,BHARTIAINFRAPROJECTSLTD,"",Opencast,Semi-mechanized,"","","","","",4.42,"",Vehicle,Vehicl,"",4.0,0.2,0.2,0.02,"201, Royal Arcade, Dr B Baruah Road, Ulubari, Guwahati",Ulubari,18,Others,Director,Ulubari,18,Tamenglong,0,https://parivesh.nic.in/dms/okm/downloadDocument?docTypemappingId=40829&refId=1218125042&refType=caf&uuid=3d9af17e-756a-41a0-af19-ce679a55f6d1&version=1.0;https://parivesh.nic.in/dms/okm/downloadDocument?docTypemappingId=58989&refId=1218125042&refType=FC&uuid=5f870839-1bd3-4554-a10b-d37f0bbb5204&version=1.0,269119,https://parivesh.nic.in/newupgrade/#/report/ec?proposalId=1218125435,22800.0,22800.0
1218387724,"Village: Lungher, Sihai Khullen; Division: Ukhrul SD, District: Ukhrul, Manipur-795142",New,FP/MN/SRY/567902/2026,2026-02-04T06:29:38.521+00:00,,Pending at MS for Acceptance in PSC-I,3400.0,50.0,UNITED EXPLORATION INDIA PRIVATE LIMITED,,Form-C: For seeking prior approval for Exploration & Survey,,,,"Reconnaissance survey (G4) for nickel-cobalt, PGE and chromium in and around Lungher and Sihai area,  Ukhrul district, Manipur",MANIPUR,Ukhrul,Sihai,,,,Non - Linear,0.0,3400.0,3400.0,0.0,0.0,0.0,0.0,0.0,0,0,0,Not applicable as the project or activity is site specific,,NO,NO,NO,2026-02-05T13:23:03.966+00:00,,,,,,,,,,,,,,,,,,,,,,,,,,,,,,,,,,,,,"UNIT NO - 402, BLOCK -C, 4TH FLOOR, AXIS MALL, NEWTOWN, KOLKATA 700156",,19,Private Limited,Consultant,,19,Ukhrul,,https://parivesh.nic.in/dms/okm/downloadDocument?docTypemappingId=40829&refId=1218382824&refType=caf&uuid=6359f026-d71e-4c70-908d-891e55ca06ae&version=1.0,270451,https://parivesh.nic.in/newupgrade/#/report/ec?proposalId=1218387724,0.0,200.0
1219152210,USOF FUNDED 4G SATURATION PROJECT FOR 4G NETWORK UNCOVERED VILLAGES OF MANIPUR,New,FP/MN/OTHERS/568900/2026,2026-02-12T10:43:48.290+00:00,,Pending on UA for Compensatory Levies Payment,0.0186,87.0,MAHESH NAIR,,Forest clearance form,,,,USOF funded 4G Saturation Project in Manipur,MANIPUR,Tamenglong,Wairangba,,,0.0186,Non - Linear,0.0,0.0186,0.0186,0.0,0.0,0.0,0.0,0.0,0,0,0,Not applicable as the project or activity is site specific,,NO,NO,NO,2026-04-01T18:30:00.000+00:00,,Degraded Forest Land,true,,,,,,,,,,,,,,,,,,,,,,,,,,,,,,,,,,"General Manager Telecom, BSNL Bhavan, Thiruvalla",Imphal,14,"Central PSU (eg. NHAI, AAI, NTP, CIL, SAIL)",SUB DIVISIONAL ENGINEER,IMPHAL,14,Tamenglong,0.0186,https://parivesh.nic.in/dms/okm/downloadDocument?docTypemappingId=40829&refId=4636224&refType=caf&uuid=e60876b5-d58b-4ae9-8fea-4ec4dd4cb514&version=1.0;https://parivesh.nic.in/dms/okm/downloadDocument?docTypemappingId=58989&refId=4636224&refType=FC&uuid=f780cf32-72ab-43c1-9ba0-5722954c7f36&version=1.0,269199,https://parivesh.nic.in/newupgrade/#/report/ec?proposalId=1219152210,370.0,5475.0
1219539867,MARUM AND SHALY/SLATY EARTH MINING AREA AT WAITHOU LIPOKPI,New,FP/MN/MIN/QRY/569421/2026,2026-02-17T09:27:13.168+00:00,,DELISTED_BY_SYSTEM,0.3,10.0,raj sinam,,Forest clearance form,,,,MARUM AND SHALY/SLATY EARTH MINING AREA AT WAITHOU LIPOKPI,MANIPUR,Keirao Bitra,Arapti,,,,Non - Linear,0.0,0.3,0.3,0.0,0.0,0.0,0.0,0.0,0,0,0,Not applicable as the project or activity is site specific,,NO,NO,NO,2026-02-17T09:55:03.314+00:00,,,false,2026-02-17T00:00:00.000+00:00,5,05/00,2031-02-16T00:00:00.000+00:00,0.3,"",Approved,MARUM AND SHALY/SLATY,0.17,0.0,0.9,0.9,0.9,0.117,05/00,"THE DIRECTORATE OF INDUSTRIES, TRADE AND COMMERCE","",Opencast,Semi-mechanized,0,NA,"","","",0.3,0,TRUCK,TRUCK,TRUCK,0.3,0.3,0.3,0.3,"Lawangsangbam, Imphal",,14,Individual,proprietor,,14,Imphal East,,https://parivesh.nic.in/dms/okm/downloadDocument?docTypemappingId=40829&refId=1219539537&refType=caf&uuid=1596d0be-b9cb-4968-bf6f-1857f027f9ec&version=1.0;https://parivesh.nic.in/dms/okm/downloadDocument?docTypemappingId=58989&refId=1219539537&refType=FC&uuid=93762412-a15c-4571-b4dd-cbfcf0413b69&version=1.0,270335,https://parivesh.nic.in/newupgrade/#/report/ec?proposalId=1219539867,0.0,20000.0
1219779857,"The project targets nickel-cobalt mineralization within the Naga Hills Ophiolite belt. The belt comprises ultramafic rocks (dunite, peridotite, harzburgite, serpentinite) that have undergone intense tropical weathering, resulting in lateritic profiles enriched in Ni, Co, and Cr. Recent Critical Mineral Assessment Programme around Apong delineated ~3 sq. km of ultramafic-derived laterite with thicknesses of 1–7 m and Ni values up to 10,548 ppm, justifying detailed subsurface evaluation. The proposed work includes 1:2,000 scale geological mapping, pitting and trenching, 40 boreholes, each of 10 meters (400 m total drilling), resistivity surveys, and mineralogical studies (petrography, XRD, EPMA) to delineate lateral continuity and thickness of Ni-bearing horizons. The project aims to establish resource potential, upgrade exploration confidence, and augment the nickel resource base of Manipur.",New,FP/MN/SRY/569732/2026,2026-02-19T10:45:29.758+00:00,,Pending at MS for Acceptance in PSC-I,300.0,50.0,"Geological Survey of INDIA, Ministry of Mines",,Form-C: For seeking prior approval for Exploration & Survey,,,,"Preliminary exploration for nickeliferous laterite in Naga Hills Ophiolite near Apong, Kamjong, Manipur.",MANIPUR,Phungyar,Apong,,,,Non - Linear,0.0,300.0,300.0,0.0,0.0,0.0,0.0,0.0,0,0,0,Not applicable as the project or activity is site specific,,NO,NO,NO,2026-02-20T06:18:42.290+00:00,,,,,,,,,,,,,,,,,,,,,,,,,,,,,,,,,,,,,"Geological Survey of India, State Unit: Manipur & Nagaland, Riverbelt Colony, Dimapur-797113",,13,Central Government (Department/Autonomous body),Director,,13,Kamjong,,https://parivesh.nic.in/dms/okm/downloadDocument?docTypemappingId=40829&refId=1219748846&refType=caf&uuid=9a2f9a73-2b78-42ea-941e-3af42d9515e8&version=1.0,270491,https://parivesh.nic.in/newupgrade/#/report/ec?proposalId=1219779857,0.0,100.0
1220150126,"CONSTRUCTION OF EKALAVYA MODEL RESIDENTIAL SCHOOL (EMRS) AT SADAR HILL EAST, NUNGKOT KOM VILLAGE, KANGPOKPI DISTRICT MANIPUR (SINGLE PHASE)",New,FP/MN/SCH/570238/2026,2026-02-24T07:39:43.525+00:00,,Pending on UA for Compensatory Levies Payment,4.84,5049.78,DIRECTORATE OF TRIBAL AFFAIRS & HILLS,,Forest clearance form,,,,"CONSTRUCTION OF EKALAVYA MODEL RESIDENTIAL SCHOOL (EMRS) AT SADAR HILL EAST, NUNGKOT KOM VILLAGE, KANGPOKPI DISTRICT MANIPUR (SINGLE PHASE)",MANIPUR,Keirao Bitra,Nungkot Kom,,,,Non - Linear,0.0,4.84,4.84,0.0,0.0,0.0,0.0,0.0,0,0,0,NO,No non forest land available for this propose village,NO,NO,NO,2026-02-24T07:54:54.355+00:00,,Degraded Forest Land,true,,,,,,,,,,,,,,,,,,,,,,,,,,,,,,,,,,BABUPURA,,14,State Government (Department/Autonomous body),JOINT SECRETARY,,14,Imphal East,,https://parivesh.nic.in/dms/okm/downloadDocument?docTypemappingId=40829&refId=1220147533&refType=caf&uuid=5abf397e-9326-40cb-af42-3af64ea528c6&version=1.0;https://parivesh.nic.in/dms/okm/downloadDocument?docTypemappingId=58989&refId=1220147533&refType=FC&uuid=dd899006-b331-4087-b907-a62c76d90e74&version=1.0,0,https://parivesh.nic.in/newupgrade/#/report/ec?proposalId=1220150126,56550.0,54750.0
1220631396,"Village: Lungher, Sihai Khullen; Division: Ukhrul SD, District: Ukhrul, Manipur-795142",New,FP/MN/SRY/571005/2026,2026-03-02T06:36:14.891+00:00,,Approval Granted,3400.0,50.0,UNITED EXPLORATION INDIA PRIVATE LIMITED,,FormC_Exempted_Category_Part_I,,,,"Reconnaissance survey (G4) for nickel-cobalt, PGE and chromium in and around Lungher and Sihai area,  Ukhrul district, Manipur",MANIPUR,Ukhrul,Sihai,,,,Non - Linear,0.0,3400.0,3400.0,0.0,0.0,0.0,0.0,0.0,0,0,0,Not applicable as the project or activity is site specific,,NO,NO,NO,2026-03-02T06:52:35.766+00:00,,,,,,,,,,,,,,,,,,,,,,,,,,,,,,,,,,,,,"UNIT NO - 402, BLOCK -C, 4TH FLOOR, AXIS MALL, NEWTOWN, KOLKATA 700156",,19,Private Limited,Consultant,,19,Ukhrul,,https://parivesh.nic.in/dms/okm/downloadDocument?docTypemappingId=40829&refId=1218382824&refType=caf&uuid=6359f026-d71e-4c70-908d-891e55ca06ae&version=1.0,270451,https://parivesh.nic.in/newupgrade/#/report/ec?proposalId=1220631396,0.0,200.0
1221080069,Water storage reservoir,New,FP/MN/WATER/571538/2026,2026-03-07T05:09:13.532+00:00,,DELISTED_BY_SYSTEM,0.075,543.1,PHED,,Forest clearance form,,,,Augmentation of water treatment plant at khamaral,MANIPUR,Sawombung,Achanbigei,,,,Linear,0.0,0.075,0.075,0.0,0.0,0.0,0.0,0.0,0,0,0,Not applicable as the project or activity is site specific,,NO,NO,NO,2026-03-07T05:49:56.072+00:00,,,false,,,,,,,,,,,,,,,,,,,,,,,,,,,,,,,,,,"Public Health Engineering Department, Khoyathong",IMPHAL,14,State Government (Department/Autonomous body),Chief Engineer,IMPHAL,14,Imphal East,,https://parivesh.nic.in/dms/okm/downloadDocument?docTypemappingId=40829&refId=1221023921&refType=caf&uuid=64c1ce12-b04c-44f4-b3c9-d5bb21f3d460&version=1.0;https://parivesh.nic.in/dms/okm/downloadDocument?docTypemappingId=58989&refId=1221023921&refType=FC&uuid=58594559-32e8-40e9-99f8-81f400e0ac07&version=1.0,270276,https://parivesh.nic.in/newupgrade/#/report/ec?proposalId=1221080069,30025.0,5476.0
1221497676,"National Mineral Exploration and Development Trust (NMEDT) under the Ministry of Mines, Government of India has sanctioned the preliminary exploration (G3) project (over 1.5 sq.km area) to United Exploration India Private Limited vide file No-23/542/2024-NMET/754 dated 06.01.2025.
The exploration activities for the project are planned to be executed in two phases. Phase-I activities involve geological mapping, topographic survey, geophysical survey, surface sampling, geochemical analysis and demarcation of potential mineralized zones. After the successful completion of Phase-I, the location and number of boreholes will be finalized. Accordingly, Phase-II activities will involve core drilling, logging, and chemical analysis of core samples.
Presently, the Form-C application under exempted category is hereby submitted to obtain the prior approval for Phase-I activities only which does not involve any tree felling or drilling activity.",New,FP/MN/SRY/572047/2026,2026-03-11T13:02:04.403+00:00,,Pending at DFO for Compensatory Levies,150.0,60.0,UNITED EXPLORATION INDIA PRIVATE LIMITED,,FormC_Exempted_Category_Part_I,,,,"Preliminary Exploration (G3) for Nickel, Cobalt, Chromium & PGE minerals in Gamnom Block, Kamjong District, Manipur",MANIPUR,Ukhrul,Khangkhui Khullen,,,,Non - Linear,0.0,150.0,150.0,0.0,0.0,0.0,0.0,0.0,0,0,0,NO,Not applicable as the project is site specific,NO,NO,NO,2026-03-12T07:08:27.670+00:00,,,,,,,,,,,,,,,,,,,,,,,,,,,,,,,,,,,,,"UNIT NO - 402, BLOCK -C, 4TH FLOOR, AXIS MALL, NEWTOWN, KOLKATA 700156",,19,Private Limited,Consultant,,19,Ukhrul,,https://parivesh.nic.in/dms/okm/downloadDocument?docTypemappingId=40829&refId=1221476248&refType=caf&uuid=019e2bb8-2ce8-4fdd-9579-55f86ae008cd&version=1.0,270442,https://parivesh.nic.in/newupgrade/#/report/ec?proposalId=1221497676,0.0,250.0
1222122409,Mineral Exploration,New,FP/MN/SRY/572930/2026,2026-03-19T05:34:17.193+00:00,,REMOVED,300.0,50.0,"Geological Survey of INDIA, Ministry of Mines",,FormC_Exempted_Category_Part_I,,,,"Preliminary exploration for nickeliferous laterite in Naga Hills Ophiolite near Apong, Kamjong, Manipur",MANIPUR,Phungyar,Apong,,,,Non - Linear,0.0,300.0,300.0,0.0,0.0,0.0,0.0,0.0,0,0,0,Not applicable as the project or activity is site specific,,NO,NO,NO,2026-03-19T05:47:48.325+00:00,,,,,,,,,,,,,,,,,,,,,,,,,,,,,,,,,,,,,"Geological Survey of India, State Unit: Manipur & Nagaland, Riverbelt Colony, Dimapur-797113",,13,Central Government (Department/Autonomous body),Director,,13,Kamjong,,https://parivesh.nic.in/dms/okm/downloadDocument?docTypemappingId=40829&refId=1222056708&refType=caf&uuid=9abe2677-2d9d-41af-8da2-aaef4ac29bae&version=1.0,270491,https://parivesh.nic.in/newupgrade/#/report/ec?proposalId=1222122409,50.0,200.0
1222261225,The proposed project aims to enhance water resource in the district headquarters and provide adequate drinking water supply.,New,FP/MN/WATER/573115/2026,2026-03-20T12:21:45.416+00:00,,DELISTED_BY_SYSTEM,2.04,1449.0,PHED,,Forest clearance form,,,,Augmentation of Water Supply Scheme by Water Conservation at Gadai-II at Tamenglong Head Quarters,MANIPUR,Tamenglong,GADAILONG,,,N/A,Non - Linear,0.0,2.04,2.04,0.0,0.0,0.0,0.0,0.0,0,0,0,NO,New Project,NO,NO,NO,2026-03-21T06:46:00.704+00:00,,Degraded Forest Land,true,,,,,,,,,,,,,,,,,,,,,,,,,,,,,,,,,,"Public Health Engineering Department, Khoyathong",Imphal,14,State Government (Department/Autonomous body),Chief Engineer,Tamenglong,14,Tamenglong,N/A,https://parivesh.nic.in/dms/okm/downloadDocument?docTypemappingId=40829&refId=1222248883&refType=caf&uuid=989c61e1-3b47-48ad-8dfe-99bd7c7dd643&version=1.0;https://parivesh.nic.in/dms/okm/downloadDocument?docTypemappingId=58989&refId=1222248883&refType=FC&uuid=f51e9e99-e806-4afe-8049-788538f73008&version=1.0,934826,https://parivesh.nic.in/newupgrade/#/report/ec?proposalId=1222261225,21900.0,4600.0
1222744969,Diversion of .30 Ha of forest land for removal of blind corner and straightening of road at Waithou,New,FP/MN/ROAD/573742/2026,2026-03-27T05:18:12.912+00:00,,Pending at DFO for Scrutiny and Recommendation,0.3,15.0,raj sinam,,Forest clearance form,,,,Diversion of .30 Ha of forest land for removal of blind corner and straightening of road at Waithou,MANIPUR,Keirao Bitra,Arapti,,,,Non - Linear,0.0,0.3,0.3,0.0,0.0,0.0,0.0,0.0,0,0,0,NO,Not Applicable,NO,NO,NO,2026-03-27T05:55:04.531+00:00,,Degraded Forest Land,true,,,,,,,,,,,,,,,,,,,,,,,,,,,,,,,,,,"Lawangsangbam, Imphal",,14,Individual,Proprietor,,14,Imphal East,,https://parivesh.nic.in/dms/okm/downloadDocument?docTypemappingId=40829&refId=1222743794&refType=caf&uuid=04bd16f2-184f-47a7-8bd1-f08e3d961de9&version=1.0;https://parivesh.nic.in/dms/okm/downloadDocument?docTypemappingId=58989&refId=1222743794&refType=FC&uuid=7e989200-8e33-41ef-b15f-684c3326b6e4&version=1.0,270335,https://parivesh.nic.in/newupgrade/#/report/ec?proposalId=1222744969,0.0,13750.0
1225648280,Mineral Exploration,New,FP/MN/SRY/577086/2026,2026-04-27T07:33:14.314+00:00,,Pending at DFO for Compensatory Levies,300.0,50.0,"Geological Survey of INDIA, Ministry of Mines",,FormC_Exempted_Category_Part_I,,,,"Preliminary exploration for nickeliferous laterite in Naga Hills Ophiolite near Apong, Kamjong, Manipur",MANIPUR,Phungyar,Apong,,,,Non - Linear,0.0,300.0,300.0,0.0,0.0,0.0,0.0,0.0,0,0,0,Not applicable as the project or activity is site specific,,NO,NO,NO,2026-04-27T09:59:10.162+00:00,,,,,,,,,,,,,,,,,,,,,,,,,,,,,,,,,,,,,"Geological Survey of India, State Unit: Manipur & Nagaland, Riverbelt Colony, Dimapur-797113",,13,Central Government (Department/Autonomous body),Director,,13,Kamjong,,https://parivesh.nic.in/dms/okm/downloadDocument?docTypemappingId=40829&refId=1225640981&refType=caf&uuid=8fdf45c9-82eb-41db-9d48-1655158ca792&version=1.0,270491,https://parivesh.nic.in/newupgrade/#/report/ec?proposalId=1225648280,50.0,200.0
1225967171,"Project scope includes the costruction of RCC G+1 building step type intake. Establishment of 100 Bedded District Hospital, Kakching, Construction of Twin Type-3 Quarter (G+1) Stored buildings, Construction of Morgue, Construction of canteen/Security room/ 50 liters capacity ground pump/ Incinerator/ Fencing with 2 (two) steel gates and internal roads etc. The population to be benefitted from this hospital is around 1,45,295 heads as per 2011 census for the welfare of the whole population of Kakching Districts and others",New,FP/MN/DISP/577443/2026,2026-04-29T13:37:32.043+00:00,,Pending at DFO due to EDS by Nodal Officer,7.58,3919.6887,DISTRICT HOSPITAL FOR KAKCHING DISTRICT,,Forest clearance form,,,,ESTABLISHMENT OF 100 BEDDED DISTRICT HOSPITAL AT KAKCHING,MANIPUR,Kakching,KAKCHING KHULLEN-I,,,,Non - Linear,0.0,7.58,7.58,0.0,0.0,0.0,0.0,0.0,0,0,0,NO,No alternative place of such area is hard to find and the area is also suitable for establisahing a hospital,NO,NO,NO,2026-05-13T18:30:00.000+00:00,,Degraded Forest Land,true,,,,,,,,,,,,,,,,,,,,,,,,,,,,,,,,,,"CHIEF MEDICAL OFFICER, KAKCHING",,14,State Government (Department/Autonomous body),CHIEF MEDICAL OFFICER,,14,Kakching,,https://parivesh.nic.in/dms/okm/downloadDocument?docTypemappingId=40829&refId=1225966648&refType=caf&uuid=032e6bd5-5b00-4d78-bb4c-bdd23196e9e6&version=1.0;https://parivesh.nic.in/dms/okm/downloadDocument?docTypemappingId=58989&refId=1225966648&refType=FC&uuid=7e1272ad-8ff8-40aa-a1d6-854420b1dbf4&version=1.0,928300,https://parivesh.nic.in/newupgrade/#/report/ec?proposalId=1225967171,32850.0,36500.0
1231607689,ERECTION OF FENCE AND CONSTRUCTION OF ROAD ALONG INDO-MYANMAR BORDER (IMB)FROM BP-85 TO WEST OF TAREL RIVER ALONG IMB (TOTAL LENGTH 9.522KM) PACKAGE-VII IN THE SATE OF MANIPUR (DISTRICT TENGNOUPAL)UNDER PROJECT SEWAK /25TF/82RCC,New,WL/MN/DEF/581733/2026,2026-06-10T06:16:23.144+00:00,,,30.357,12118.0,BORDER ROADS ORGANISATION,,Wildlife clearance form,,,,ERECTION OF FENCE AND CONSTRUCTION OF ROAD ALONG INDO-MYANMAR BORDER (IMB)FROM BP-85 TO TAREL RIVER ALONG IMB(LENGTH 9.522KM) PACKAGE-VII,MANIPUR,Kasom Khullen,Bungpun,,,,Linear,0.0,30.357,30.357,0.0,0.0,0.0,0.0,0.0,0,0,0,Not applicable as the project or activity is site specific,,NO,NO,NO,2026-06-24T03:33:52.959+00:00,,,,,,,,,,,,,,,,,,,,,,,,,,,,,,,,,,,,,,,,,,,,Kamjong,,https://parivesh.nic.in/dms/okm/downloadDocument?docTypemappingId=40829&refId=120137657&refType=caf&uuid=6773206b-ae70-4678-a628-48fd88faeb5d&version=1.0,270575,https://parivesh.nic.in/newupgrade/#/report/ec?proposalId=1231607689,207441.0,41000.0
1232118348,Mining of appropriate earth from designated forest land for the construction of railway formation at Imphal valley area for the Jiribam-Imphal New BG Line project,New,FP/MN/MIN/QRY/582180/2026,2026-06-15T08:14:53.647+00:00,,Pending at DFO for Scrutiny and Recommendation,5.0,5364.0,Ministry of Railway,,Forest clearance form,,,,Forest clearance for mining plan for the formation filling work from ch. 116100 to 124830 in Imphal valley for Jiribam-Imphal new BG Line Project.,MANIPUR,SAIKUL,Songtun (K),,,NA,Non - Linear,0.0,5.0,5.0,0.0,0.0,0.0,0.0,0.0,0,0,0,Not applicable as the project or activity is site specific,,NO,NO,NO,2026-07-01T18:30:00.000+00:00,,Degraded Forest Land,true,2026-04-17T00:00:00.000+00:00,05,05/00,,5.0,"",Approved,Earth,1.0,0.0,1.0,1.0,1.0,1.0,05/00,"Directorate of Trade and Commerce department ,Manipur","",Opencast,Mechanized,"","",NA,NA,NA,5.0,"",Vehicle,Vehicle,"",4.42,0.5,0.5,0.5,"RAILWAY OFFICE,MSTC COMPLEX,BABUPARA,
MOIRANGKHONG,IMPHAL WEST",,14,Central Government (Department/Autonomous body),Deputy Chief Engineer/Con-IV/Imphal,,14,Kangpokpi,NA,https://parivesh.nic.in/dms/okm/downloadDocument?docTypemappingId=40829&refId=1232110384&refType=caf&uuid=ed7d79b6-f803-445c-ba64-b60de9eb25f1&version=1.0;https://parivesh.nic.in/dms/okm/downloadDocument?docTypemappingId=58989&refId=1232110384&refType=FC&uuid=3f196125-a9b7-46b5-9d20-7a3b82744f1a&version=1.0,0,https://parivesh.nic.in/newupgrade/#/report/ec?proposalId=1232118348,4880.0,4880.0
1232310472,"Mining of appropriate/Suitable  earth from designated/recommended forest land ,for the construction of railway Embankment filling work  at Imphal valley area for the Jiribam-Imphal New BG Line project",New,FP/MN/MIN/QRY/582320/2026,2026-06-16T09:44:04.099+00:00,,Pending at DFO for Scrutiny and Recommendation,5.0,5364.0,Ministry of Railway,,Forest clearance form,,,,Forest clearance for mining plan  for the Railway Embankment  filling work from chainage 116100 to124830 in Imphal valley for Jiribam-Imphal new BG Line Project.,MANIPUR,SAIKUL,H.Champhai,,,,Non - Linear,0.0,5.0,5.0,0.0,0.0,0.0,0.0,0.0,0,0,0,Not applicable as the project or activity is site specific,,NO,NO,NO,2026-07-01T18:30:00.000+00:00,,Degraded Forest Land,true,2026-04-17T00:00:00.000+00:00,05,05/00,2031-05-27T00:00:00.000+00:00,5.0,"",Approved,Earth,1.0,0.0,1.0,1.0,1.0,1.0,05/00,"Directorate of Trade, Commerce & industries Department ,Manipur","",Opencast,Mechanized,"","",NA,NA,NA,5.0,"",VEHICLE,VEHICLE,"",4.39,0.5,0.5,0.5,"RAILWAY OFFICE,MSTC COMPLEX,BABUPARA,
MOIRANGKHONG,IMPHAL WEST",,14,Central Government (Department/Autonomous body),"Deputy Chief Engineer/Con-IV/Imphal, N.F. Railway",,14,Kangpokpi,,https://parivesh.nic.in/dms/okm/downloadDocument?docTypemappingId=40829&refId=1232278998&refType=caf&uuid=3eeb86ef-e1d8-403d-9555-278edc8bbc3d&version=1.0;https://parivesh.nic.in/dms/okm/downloadDocument?docTypemappingId=58989&refId=1232278998&refType=FC&uuid=df056cb2-8bdf-4dbc-a1f6-0b3d41ff9eef&version=1.0,268997,https://parivesh.nic.in/newupgrade/#/report/ec?proposalId=1232310472,4880.0,4880.0
1232555970,DNB Funded 4G Saturation Project in Manipur (CAT 6 sites),New,FP/MN/OTHERS/582549/2026,2026-06-18T07:43:05.362+00:00,,Pending at Nodal Officer for Recommendation,0.3906,1470.0,MAHESH NAIR,,Forest clearance form,,,,DNB Funded 4G Saturation Project in Manipur (CAT 6 sites),MANIPUR,SAIKOT,Khengjang,,,0.0186,Non - Linear,0.0,0.3906,0.3906,0.0,0.0,0.0,0.0,0.0,0,0,0,Not applicable as the project or activity is site specific,,NO,NO,NO,2026-08-06T18:30:00.000+00:00,,Degraded Forest Land,true,,,,,,,,,,,,,,,,,,,,,,,,,,,,,,,,,,"General Manager Telecom, BSNL Bhavan, Thiruvalla",Imphal west,14,"Central PSU (eg. NHAI, AAI, NTP, CIL, SAIL)",Sub-Divisional Engineer,IMPHAL,14,Churachandpur,0.0186,https://parivesh.nic.in/dms/okm/downloadDocument?docTypemappingId=40829&refId=4334082&refType=caf&uuid=ad0f0ac3-1b0f-4509-8fd8-1e52d518e9fb&version=1.0;https://parivesh.nic.in/dms/okm/downloadDocument?docTypemappingId=58989&refId=4334082&refType=FC&uuid=239165e6-1d3a-4006-9a98-eebb37e16571&version=1.0,269548,https://parivesh.nic.in/newupgrade/#/report/ec?proposalId=1232555970,1875.0,5494.0
1232571366,DNB Funded 4G Saturation Project in Manipur (CAT 6 sites),New,FP/MN/OTHERS/582568/2026,2026-06-18T09:27:06.536+00:00,,Pending at Nodal Officer for Recommendation,0.3906,1470.0,MAHESH NAIR,,Forest clearance form,,,,DNB Funded 4G Saturation Project in Manipur (CAT 6 sites),MANIPUR,SAIKOT,Khengjang,,,0.0186,Non - Linear,0.0,0.3906,0.3906,0.0,0.0,0.0,0.0,0.0,0,0,0,Not applicable as the project or activity is site specific,,NO,NO,NO,2026-07-20T18:30:00.000+00:00,,Degraded Forest Land,true,,,,,,,,,,,,,,,,,,,,,,,,,,,,,,,,,,"General Manager Telecom, BSNL Bhavan, Thiruvalla",Imphal west,14,"Central PSU (eg. NHAI, AAI, NTP, CIL, SAIL)",Sub-Divisional Engineer,IMPHAL,14,Churachandpur,0.0186,https://parivesh.nic.in/dms/okm/downloadDocument?docTypemappingId=40829&refId=4334082&refType=caf&uuid=ad0f0ac3-1b0f-4509-8fd8-1e52d518e9fb&version=1.0;https://parivesh.nic.in/dms/okm/downloadDocument?docTypemappingId=58989&refId=4334082&refType=FC&uuid=c253e216-82ae-438c-97f6-1f973258b1f4&version=1.0,269548,https://parivesh.nic.in/newupgrade/#/report/ec?proposalId=1232571366,1875.0,5494.0
1232709503,DNB Funded 4G Saturation Project in Manipur (CAT 6 sites),New,FP/MN/OTHERS/582694/2026,2026-06-19T10:57:15.803+00:00,,Pending at Nodal Officer for Recommendation,0.3906,1470.0,MAHESH NAIR,,Forest clearance form,,,,DNB Funded 4G Saturation Project in Manipur (CAT 6 sites),MANIPUR,Tengnoupal,Maojang,,,0.0186,Non - Linear,0.0,0.3906,0.3906,0.0,0.0,0.0,0.0,0.0,0,0,0,Not applicable as the project or activity is site specific,,NO,NO,NO,2026-08-13T18:30:00.000+00:00,,Degraded Forest Land,true,,,,,,,,,,,,,,,,,,,,,,,,,,,,,,,,,,"General Manager Telecom, BSNL Bhavan, Thiruvalla",Imphal west,14,"Central PSU (eg. NHAI, AAI, NTP, CIL, SAIL)",Sub-Divisional Engineer,IMPHAL,14,Tengnoupal,0.0186,https://parivesh.nic.in/dms/okm/downloadDocument?docTypemappingId=40829&refId=4334082&refType=caf&uuid=ad0f0ac3-1b0f-4509-8fd8-1e52d518e9fb&version=1.0;https://parivesh.nic.in/dms/okm/downloadDocument?docTypemappingId=58989&refId=4334082&refType=FC&uuid=acce6c4c-ed1c-4f64-b1da-3aca075e17f5&version=1.0,270732,https://parivesh.nic.in/newupgrade/#/report/ec?proposalId=1232709503,1875.0,5494.0
1232765859,DNB Funded 4G Saturation Project in Manipur (CAT 6 sites),New,FP/MN/OTHERS/582750/2026,2026-06-20T06:07:23.974+00:00,,Pending at Nodal Officer for Recommendation,0.3906,1470.0,MAHESH NAIR,,Forest clearance form,,,,DNB Funded 4G Saturation Project in Manipur (CAT 6 sites),MANIPUR,Tengnoupal,Maojang,,,0.0186,Non - Linear,0.0,0.3906,0.3906,0.0,0.0,0.0,0.0,0.0,0,0,0,Not applicable as the project or activity is site specific,,NO,NO,NO,2026-08-06T18:30:00.000+00:00,,Degraded Forest Land,true,,,,,,,,,,,,,,,,,,,,,,,,,,,,,,,,,,"General Manager Telecom, BSNL Bhavan, Thiruvalla",Imphal west,14,"Central PSU (eg. NHAI, AAI, NTP, CIL, SAIL)",Sub-Divisional Engineer,IMPHAL,14,Tengnoupal,0.0186,https://parivesh.nic.in/dms/okm/downloadDocument?docTypemappingId=40829&refId=4334082&refType=caf&uuid=ad0f0ac3-1b0f-4509-8fd8-1e52d518e9fb&version=1.0;https://parivesh.nic.in/dms/okm/downloadDocument?docTypemappingId=58989&refId=4334082&refType=FC&uuid=ba3c21df-06b6-4c7f-8a73-bed40f7fad3b&version=1.0,270732,https://parivesh.nic.in/newupgrade/#/report/ec?proposalId=1232765859,1875.0,5494.0
1232767858,DNB Funded 4G Saturation Project in Manipur (CAT 6 sites),New,WL/MN/Others/582756/2026,2026-06-20T06:19:36.947+00:00,,,0.3906,1470.0,MAHESH NAIR,,Wildlife clearance form,,,,DNB Funded 4G Saturation Project in Manipur (CAT 6 sites),MANIPUR,SAIKOT,Khengjang,,,0.0186,Non - Linear,0.0,0.3906,0.3906,0.0,0.0,0.0,0.0,0.0,0,0,0,Not applicable as the project or activity is site specific,,NO,NO,NO,2026-06-25T10:14:00.746+00:00,,,,,,,,,,,,,,,,,,,,,,,,,,,,,,,,,,,,,,,,,,,,Churachandpur,0.0186,https://parivesh.nic.in/dms/okm/downloadDocument?docTypemappingId=40829&refId=4334082&refType=caf&uuid=ad0f0ac3-1b0f-4509-8fd8-1e52d518e9fb&version=1.0,269548,https://parivesh.nic.in/newupgrade/#/report/ec?proposalId=1232767858,1875.0,5494.0
1232925302,DNB Funded 4G Saturation Project in Manipur (CAT 6 sites),New,FP/MN/OTHERS/582910/2026,2026-06-22T08:31:06.375+00:00,,Pending at DFO for Scrutiny and Recommendation,0.3906,1470.0,MAHESH NAIR,,Forest clearance form,,,,DNB Funded 4G Saturation Project in Manipur (CAT 6 sites),MANIPUR,Tengnoupal,Maojang,,,0.0186,Non - Linear,0.0,0.3906,0.3906,0.0,0.0,0.0,0.0,0.0,0,0,0,Not applicable as the project or activity is site specific,,NO,NO,NO,2026-08-06T18:30:00.000+00:00,,Degraded Forest Land,true,,,,,,,,,,,,,,,,,,,,,,,,,,,,,,,,,,"General Manager Telecom, BSNL Bhavan, Thiruvalla",Imphal west,14,"Central PSU (eg. NHAI, AAI, NTP, CIL, SAIL)",Sub-Divisional Engineer,IMPHAL,14,Tengnoupal,0.0186,https://parivesh.nic.in/dms/okm/downloadDocument?docTypemappingId=40829&refId=4334082&refType=caf&uuid=ad0f0ac3-1b0f-4509-8fd8-1e52d518e9fb&version=1.0;https://parivesh.nic.in/dms/okm/downloadDocument?docTypemappingId=58989&refId=4334082&refType=FC&uuid=e8d06b48-9d10-47e4-a21d-ea1b1f0f824a&version=1.0,270732,https://parivesh.nic.in/newupgrade/#/report/ec?proposalId=1232925302,1875.0,5494.0
1234738957,Widening and improvement of Shangshak to Finch Corner Road Section of NH-102A into 2-Lane with Hard Shoulder from Design Chainage Km. 0+000 at Shangshak to Km. 5+550 at Finch Corner under Ukhrul District in the State of Manipur by PWD.,New,FP/MN/ROAD/584754/2026,2026-07-09T07:15:25.437+00:00,,Pending at MS for Acceptance in PSC-I,11.644,14194.0,"PWD (NH CIRCLE), MANIPUR",,Forest clearance form,,,,Widening and improvement of Shangshak to Finch Corner Road Section of NH-102A into 2-Lane with Hard Shoulder from Design Chainage Km. 0+000 at Shangshak to Km. 5+550 at Finch Corner under Ukhrul District in the State of Manipur by PWD.,MANIPUR,Ukhrul,Shangshak Khunou,,,,Linear,0.0,11.644,11.644,0.0,0.0,0.0,0.0,0.0,0,0,0,Not applicable as the project or activity is site specific,,NO,NO,NO,2026-07-09T10:59:12.191+00:00,https://parivesh.nic.in/dms/okm/downloadDocument?docTypemappingId=59020&refId=1234738956&refType=fc&uuid=d8e830f2-0f15-4bc3-b1bc-5c2951cc6ff0&version=1.0,Degraded Forest Land,true,,,,,,,,,,,,,,,,,,,,,,,,,,,,,,,,,,"PWD Main Block, PWD Complex, Khuyathong, Imphal, Manipur - 795001.",Imphal,14,State Government (Department/Autonomous body),"Chief Engineer, PWD, Manipur",Imphal,14,Ukhrul,,https://parivesh.nic.in/dms/okm/downloadDocument?docTypemappingId=40829&refId=1234734100&refType=caf&uuid=b1252e29-8db2-4634-a9a2-293094db0bf8&version=1.0;https://parivesh.nic.in/dms/okm/downloadDocument?docTypemappingId=58989&refId=1234734100&refType=FC&uuid=712528a5-d804-4740-a43c-b93e94eb9e02&version=1.0,270434,https://parivesh.nic.in/newupgrade/#/report/ec?proposalId=1234738957,16060.0,57773.0
1235529317,"This project is for mining of Sand and Stone at 30- Sekmai Village. The Environmental Clearance is required for grant of quarry lease for extraction of Sand and Stone for use in Construction and Maintenance of Imphal - Jiribam Road (NH-37) in Imphal Valley under (NHIDCL) National Highways and Infrastructure Development Corporation Limited, which is one of our lifeline of Imphal Valley people.",New,SIA/MN/MIN/585744/2026,2026-07-17T07:19:50.813+00:00,,Proposal Accepted and Referred to SEAC,0.25,138.28132,TUNINDRO WAHENGBAM,,Application for EC for Mining of Minor Minerals of Mine Lease (0-5 HA) - Form-2,EC,B2,,SEKMAI VILLAGE QUARRYING LEASE OF SAND AND STONE,MANIPUR,SAIKUL,A. Geljang,,1/153/2026(EIA)/DoE&CC,,Non - Linear,0.25,0.0,0.25,0.0,0.0,0.0,0.0,0.0,0,0,0,Not applicable as the project or activity is site specific,,NO,NO,NO,2026-08-05T04:06:00.399+00:00,,,,,,,,,,,,,,,,,,,,,,,,,,,,,,,,,,,,,"Kontha Ahallup Mayai Leikai,
PO-Mantripukhri, PS-Heingang
Imphal East, Manipur - 795002",,14,Individual,Proprietor,,14,Kangpokpi,,https://parivesh.nic.in/dms/okm/downloadDocument?docTypemappingId=40829&refId=1235187799&refType=caf&uuid=162f7a27-ab82-4ac2-9c70-dedfdfefd095&version=1.0,268939,https://parivesh.nic.in/newupgrade/#/report/ec?proposalId=1235529317,1640.0,3180.0
1236990816,Widening and improvement of Shangshak to Finch Corner Road Section of NH-102A into 2-Lane with Hard Shoulder from Design Chainage Km. 0+000 at Shangshak to Km. 5+550 at Finch Corner under Ukhrul District in the State of Manipur by PWD.,New,FP/MN/ROAD/587337/2026,2026-07-30T13:34:46.125+00:00,,Pending at MS for Acceptance in PSC-I,11.456,13284.55206,"PWD (NH CIRCLE), MANIPUR",,Forest clearance form,,,,Widening and improvement of Shangshak to Finch Corner Road Section of NH-102A into 2-Lane with Hard Shoulder from Design Chainage Km. 0+000 at Shangshak to Km. 5+550 at Finch Corner under Ukhrul District in the State of Manipur by PWD.,MANIPUR,Ukhrul,Shangshak Khunou,,,,Linear,0.0,11.456,11.456,0.0,0.0,0.0,0.0,0.0,0,0,0,Not applicable as the project or activity is site specific,,NO,NO,NO,2026-07-30T14:04:16.873+00:00,https://parivesh.nic.in/dms/okm/downloadDocument?docTypemappingId=59020&refId=1236990815&refType=fc&uuid=32089b1f-4605-4b94-bbc3-5ef093c0ad31&version=1.0,Degraded Forest Land,true,,,,,,,,,,,,,,,,,,,,,,,,,,,,,,,,,,"PWD Main Block, PWD Complex, Khuyathong, Imphal, Manipur - 795001.",Imphal,14,State Government (Department/Autonomous body),"Chief Engineer, PWD, Manipur",Imphal,14,Ukhrul,,https://parivesh.nic.in/dms/okm/downloadDocument?docTypemappingId=40829&refId=1236982642&refType=caf&uuid=17df5485-c435-4868-8c96-e7224cb95df4&version=1.0;https://parivesh.nic.in/dms/okm/downloadDocument?docTypemappingId=58989&refId=1236982642&refType=FC&uuid=df9d02d0-12d1-491c-ba85-d905f2653cf9&version=1.0,270434,https://parivesh.nic.in/newupgrade/#/report/ec?proposalId=1236990816,16060.0,57547.0
1237768076,DNB Funded 4G Saturation Project in Manipur (CAT 6 sites),New,FP/MN/OTHERS/588250/2026,2026-08-07T08:44:38.854+00:00,,Pending at Nodal Officer for Recommendation,0.3906,1470.0,MAHESH NAIR,,Forest clearance form,,,,DNB Funded 4G Saturation Project in Manipur (CAT 6 sites),MANIPUR,Tengnoupal,Maojang,,,0.0186,Non - Linear,0.0,0.3906,0.3906,0.0,0.0,0.0,0.0,0.0,0,0,0,Not applicable as the project or activity is site specific,,NO,NO,NO,2026-09-02T18:30:00.000+00:00,,Degraded Forest Land,true,,,,,,,,,,,,,,,,,,,,,,,,,,,,,,,,,,"General Manager Telecom, BSNL Bhavan, Thiruvalla",Imphal west,14,"Central PSU (eg. NHAI, AAI, NTP, CIL, SAIL)",Sub-Divisional Engineer,IMPHAL,14,Tengnoupal,0.0186,https://parivesh.nic.in/dms/okm/downloadDocument?docTypemappingId=40829&refId=4334082&refType=caf&uuid=ad0f0ac3-1b0f-4509-8fd8-1e52d518e9fb&version=1.0;https://parivesh.nic.in/dms/okm/downloadDocument?docTypemappingId=58989&refId=4334082&refType=FC&uuid=a587139f-bc10-4825-9c3f-c0f569d1381f&version=1.0,270732,https://parivesh.nic.in/newupgrade/#/report/ec?proposalId=1237768076,1875.0,5494.0
1238446170,DNB Funded 4G Saturation Project in Manipur (CAT 6 sites)_Wildlife,New,WL/MN/Others/589110/2026,2026-08-14T11:25:37.144+00:00,,,0.0558,210.0,MAHESH NAIR,,Wildlife clearance form,,,,DNB Funded 4G Saturation Project in Manipur (CAT 6 sites),MANIPUR,Tengnoupal,B.Bongjang,,,,Non - Linear,0.0,0.0558,0.0558,0.0,0.0,0.0,0.0,0.0,0,0,0,Not applicable as the project or activity is site specific,,NO,NO,NO,2026-09-28T12:14:30.415+00:00,,,,,,,,,,,,,,,,,,,,,,,,,,,,,,,,,,,,,,,,,,,,Tengnoupal,,https://parivesh.nic.in/dms/okm/downloadDocument?docTypemappingId=40829&refId=4518772&refType=caf&uuid=bbec48ea-466b-4723-8df6-d53505ca0bad&version=1.0,270724,https://parivesh.nic.in/newupgrade/#/report/ec?proposalId=1238446170,1100.0,16425.0
1240896608,"Diversion of 0.68 Ha of Forest land for Construction of Interpretation Centre for Baruni Pilgrims at Baruni Hill, Imphal East",New,FP/MN/OTHERS/592083/2026,2026-09-14T07:09:44.392+00:00,,Pending at DFO for Scrutiny and Recommendation,0.68,44.7,THE DISTRICT RURAL DEVELOPMENT AGENCY IMPHAL EAST,,Forest clearance form,,,,"Diversion of 0.68 Ha of Forest land for Construction of Interpretation Centre for Baruni Pilgrims at Baruni Hill, Imphal East",MANIPUR,Keirao Bitra,Top Dusara(East),,,,Non - Linear,0.0,0.68,0.68,0.0,0.0,0.0,0.0,0.0,0,0,0,Not applicable as the project or activity is site specific,,NO,NO,NO,2026-09-14T07:30:25.082+00:00,,Degraded Forest Land,true,,,,,,,,,,,,,,,,,,,,,,,,,,,,,,,,,,POROMPAT,,14,State Government (Department/Autonomous body),Technical Officer,,14,Imphal East,,https://parivesh.nic.in/dms/okm/downloadDocument?docTypemappingId=40829&refId=1240526105&refType=caf&uuid=633b46d9-63eb-45cd-9492-3c0e76914cd5&version=1.0;https://parivesh.nic.in/dms/okm/downloadDocument?docTypemappingId=58989&refId=1240526105&refType=FC&uuid=483bd869-11af-4818-8d9b-ba82e06e4c39&version=1.0,0,https://parivesh.nic.in/newupgrade/#/report/ec?proposalId=1240896608,1862.0,0.0
1243534661,DNB Funded 4G Saturation Project in Manipur (CAT 6 sites),New,FP/MN/OTHERS/593627/2026,2026-09-28T10:16:19.756+00:00,,Pending at DFO for Scrutiny and Recommendation,0.3906,1470.0,MAHESH NAIR,,Forest clearance form,,,,DNB Funded 4G Saturation Project in Manipur (CAT 6 sites),MANIPUR,SAIKOT,Khengjang,,,0.0186,Non - Linear,0.0,0.3906,0.3906,0.0,0.0,0.0,0.0,0.0,0,0,0,Not applicable as the project or activity is site specific,,NO,NO,NO,2026-09-28T10:50:51.039+00:00,,Degraded Forest Land,true,,,,,,,,,,,,,,,,,,,,,,,,,,,,,,,,,,"General Manager Telecom, BSNL Bhavan, Thiruvalla",Imphal west,14,"Central PSU (eg. NHAI, AAI, NTP, CIL, SAIL)",Sub-Divisional Engineer,IMPHAL,14,Churachandpur,0.0186,https://parivesh.nic.in/dms/okm/downloadDocument?docTypemappingId=40829&refId=4334082&refType=caf&uuid=ad0f0ac3-1b0f-4509-8fd8-1e52d518e9fb&version=1.0;https://parivesh.nic.in/dms/okm/downloadDocument?docTypemappingId=58989&refId=4334082&refType=FC&uuid=4365776c-c7d0-4122-9d28-8f5deada8c1a&version=1.0,269548,https://parivesh.nic.in/newupgrade/#/report/ec?proposalId=1243534661,1875.0,5494.0
