ID,Project Description,Proposal Type,Proposal Number,Application Date,Grant Date,Last Visible Status,Project Land Requirement (Hectares),Total Cost (Lakhs),Organization Name,EC Consultant,Description,Category,Project Category (Code),Project Category,Project Name,State,Sub District,Village,MoEFCC File,State File,Plot Nos,Shape of Project,Existing Non-Forest Land,Existing Forest Land,Existing Total Land,Additional Non-Forest Land,Additional Forest Land,Additional Total Land,Existing Cost,Expansion Cost,Villages Affected,Project Displaced Families,Project Affected Families,Alternative Site Examined,Alternative Site Description,Government Restriction,Litigation Pending,Violation Involved,Last Submission Date,Project Exemption Reason,Cost Benefit Report PDF,Compensatory Afforestation Type,Is Applicable Compensatory Afforestation,Organization Street,Organization City,Organization State,Organization Legal Status,Applicant Designation,Applicant City,Applicant State,District,Plot Number,KML URLs,Village Code,proposal_url,Employment (Construction),Employment (Operational)
724688,"Energy and Power Department Government of Sikkim is constructing 19 No's of Substation and 29 No's of Transmission Line in Sikkim for integrated power development under CSSTDS. Wherein, construction of 132 KV D/C Dikchupool to Perbing Transmission Line is one of it.",New,FP/SK/TRANS/400225/2022,2022-09-09T06:31:07.078+00:00,,,60.6435,217.0,ENERGY POWER DEPARTMENT SIKKIM,,Forest clearance form,,,,132KV D/C Dikchupool to Perbing Transmission line,SIKKIM,Gangtok,Barbing,,,,Linear,57.5235,3.12,60.6435,0.0,0.0,0.0,0.0,0.0,0,0,0,YES,,NO,NO,NO,,,,Degraded Forest Land,true,"Head Office
Energy & Power Department Kazi Road
Gangtok",Gangtok,11,State Government (Department/Autonomous body),Additional Chief Engineer,Gangtok,11,East District,,https://parivesh.nic.in/dms/okm/downloadDocument?docTypemappingId=40828&refId=723836&refType=caf&uuid=ca180b66-600e-4b56-a6ae-d69e35a8dd64&version=1.0;https://parivesh.nic.in/dms/okm/downloadDocument?docTypemappingId=40829&refId=723836&refType=caf&uuid=86f09b4a-a4fe-4736-8d91-d9dbf0be5415&version=1.0;https://parivesh.nic.in/dms/okm/downloadDocument?docTypemappingId=58989&refId=723836&refType=FC&uuid=e65ce1f5-a175-4ef8-bf4b-9207bfa477a7&version=1.2,,https://parivesh.nic.in/newupgrade/#/report/ec?proposalId=724688,13894.0,140.0
724829,"Energy and Power Department Government of Sikkim is constructing 19 No's of Substation and 29 No's of Transmission Line in Sikkim for integrated power development under CSSTDS. Wherein, construction of 132 KV D/C Dikchupool to Perbing Transmission Line is one of it.",New,FP/SK/TRANS/400227/2022,2022-09-09T06:40:39.331+00:00,,Pending at CF for Compliance Review,60.6435,217.0,ENERGY POWER DEPARTMENT SIKKIM,,Forest clearance form,,,,132KV D/C Dikchupool to Perbing Transmission line,SIKKIM,Gangtok,Barbing,,,,Linear,57.5235,3.12,60.6435,0.0,0.0,0.0,0.0,0.0,0,0,0,YES,,NO,NO,NO,2023-05-18T18:30:00.000+00:00,,,Degraded Forest Land,true,"Head Office
Energy & Power Department Kazi Road
Gangtok",Gangtok,11,State Government (Department/Autonomous body),Additional Chief Engineer,Gangtok,11,East District,,https://parivesh.nic.in/dms/okm/downloadDocument?docTypemappingId=40828&refId=723836&refType=caf&uuid=ca180b66-600e-4b56-a6ae-d69e35a8dd64&version=1.0;https://parivesh.nic.in/dms/okm/downloadDocument?docTypemappingId=40829&refId=723836&refType=caf&uuid=86f09b4a-a4fe-4736-8d91-d9dbf0be5415&version=1.0;https://parivesh.nic.in/dms/okm/downloadDocument?docTypemappingId=58989&refId=723836&refType=FC&uuid=719f87ac-2411-4603-817a-9f43e0a143d4&version=1.5,,https://parivesh.nic.in/newupgrade/#/report/ec?proposalId=724829,13894.0,140.0
736529,"Energy and Power Department Government of Sikkim is constructing 19 No's of Substation and 29 No's of Transmission Line in Sikkim for integrated power development under CSSTDS. Wherein, construction of 132 KV D/C Dikchupool to Perbing Transmission Line is one of it.",New,WL/SK/TRANS/400335/2022,2022-09-12T07:19:42.826+00:00,,,60.6435,217.0,ENERGY POWER DEPARTMENT SIKKIM,,Wildlife clearance form,,,,132KV D/C Dikchupool to Perbing Transmission line,SIKKIM,Gangtok,Barbing,,,,Linear,57.5235,3.12,60.6435,0.0,0.0,0.0,0.0,0.0,0,0,0,YES,,NO,NO,NO,2022-09-28T07:52:56.478+00:00,,,,,,,,,,,,East District,,https://parivesh.nic.in/dms/okm/downloadDocument?docTypemappingId=40828&refId=723836&refType=caf&uuid=ca180b66-600e-4b56-a6ae-d69e35a8dd64&version=1.0;https://parivesh.nic.in/dms/okm/downloadDocument?docTypemappingId=40829&refId=723836&refType=caf&uuid=86f09b4a-a4fe-4736-8d91-d9dbf0be5415&version=1.0;https://parivesh.nic.in/dms/okm/downloadDocument?docTypemappingId=59109&refId=736528&refType=caf&uuid=fb8db043-ce8e-4b0b-8d9d-4f794442701b&version=1.2,,https://parivesh.nic.in/newupgrade/#/report/ec?proposalId=736529,13894.0,140.0
751456,"The main objective of the project is to boost the local population of remote areas to have good connectivity to nearby markets and also have parallel ecotourism development potential of the region, promote sustainable eco-tourism package which involves overall development of the local community and better understanding and appreciation of natural and cultural feature of host population leading to national, international and inter cultural understanding for sustainable development.",New,WL/SK/OTHERS/400416/2022,2022-09-13T07:40:40.443+00:00,,,1.6,2000.0,"FOREST AND ENVIRONMENT DEPARTMENT, GOVERNMENT OF SIKKIM",,Wildlife clearance form,,,,Development of Zandidara,SIKKIM,Soreng,Aroobotey,,,,Non - Linear,0.0,1.6,1.6,0.0,0.0,0.0,0.0,0.0,0,0,0,Not applicable as the project or activity is site specific,,NO,NO,NO,2022-11-05T08:42:40.069+00:00,,,,,,,,,,,,West District,,https://parivesh.nic.in/dms/okm/downloadDocument?docTypemappingId=40829&refId=735383&refType=caf&uuid=beed0073-9462-46ac-8505-ba4d3eb8ff59&version=1.3;https://parivesh.nic.in/dms/okm/downloadDocument?docTypemappingId=59109&refId=751455&refType=caf&uuid=3f1a8dcc-e5b1-4255-8d93-ca47b74e6b25&version=1.3,261075,https://parivesh.nic.in/newupgrade/#/report/ec?proposalId=751456,7965.0,366600.0
1036642,Rangit Stage –IV Hydroelectric Project located in Western Sikkim is a run off the river scheme envisages construction of   a 44 m high concrete gravity dam to generate 120 MW (3x40MW) of power utilizing a net head of 103.67M.,New,FP/SK/HYD/IRRIG/402342/2022,2022-10-06T09:59:17.272+00:00,,Final Diversion Order Issued,,,JALPOWER CORPORATION LIMITED,,Forest clearance form,,,,"Diversion of 1.2721 ha of forest land for construction of Silt flushing tunnel of Rangit IV HEP at Reshi, Soreng district West Sikkim by Jal Power Co Ltd",SIKKIM,,,2028/FCA/F&ED,,,,,,,,,,,,,,,,,,,,2023-01-30T18:30:00.000+00:00,,,Degraded Forest Land,true,"Jal Power Corporation LImited
(A Wholly Owned Subsidiary of NHPC Ltd.)
Rangit-IV H.E. Project ,Sikkim
PIN-737121",,11,"Central PSU (eg. NHAI, AAI, NTP, CIL, SAIL)",Group General Manager,Reshi,11,,,https://parivesh.nic.in/dms/okm/downloadDocument?docTypemappingId=58989&refId=716622&refType=caf&uuid=3724820d-2111-4ce2-9022-6cc34693e627&version=1.9,,https://parivesh.nic.in/newupgrade/#/report/ec?proposalId=1036642,,
1109242,"This infrastructure is needed for the people of Jorethang as different community can make use of it. It is having a room for lodging and community hall for hosting the different activities. The land measuring 0.0905 ha. has been identified which has been demarcated by Revenue Officer Jorethang. When this is constructed it can be used for different purpose. People from the different neighbourhood can meet for social events, educational classes or recreational activities. It offers countless opportunities like fitness activities for various age groups and learn new skills. In general, the construction of Bihari Bhawan will be boon for the people living in this area.",New,FP/SK/OTHERS/402914/2022,2022-10-12T08:28:51.271+00:00,,REMOVED,0.0905,870.78,SUJAN PRADHAN,,Forest clearance form,,,,Construction of Bihari Bhawan at Jorethang South Sikkim,SIKKIM,Soreng,Chakung,,,,Hybrid,0.0,0.0905,0.0905,0.0,0.0,0.0,0.0,0.0,0,0,0,NO,The proposed site is best suited for the project,NO,NO,NO,2023-07-03T18:30:00.000+00:00,,,Degraded Forest Land,true,"S/O Deepak Pradhan, Tarku, Upper Tanak, Near Manjhushree School, Tarku, Tarku, South Sikkim, Tarku, Sikkim",,11,Individual,Junior Engineer,Namchi,11,West District,,https://parivesh.nic.in/dms/okm/downloadDocument?docTypemappingId=40829&refId=1106404&refType=caf&uuid=f9f1c7fc-740a-4dc3-879a-4feaf381eb92&version=1.5;https://parivesh.nic.in/dms/okm/downloadDocument?docTypemappingId=58989&refId=1106404&refType=FC&uuid=89b97cb1-e57c-4baf-9d34-65ff5c4dbaed&version=1.1,,https://parivesh.nic.in/newupgrade/#/report/ec?proposalId=1109242,9900.0,910.0
1157803,"Diversion of 0.0183 ha of forest land for const of sewerage system for zone III at Chandmari, Gangtok Sikkikm for pollution abetment of river Roro Chu Bhusuk Khola by WS&PHED, GoS",New,FP/SK/OTHERS/403271/2022,2022-10-15T09:44:55.394+00:00,2025-08-19T00:34:36.472+00:00,Final Diversion Order Issued,0.0183,10.0,Public Works Department,,Forest clearance form,,,,"Diversion of 0.0183 ha of forest land for const of sewerage system for zone III at Chandmari, Gangtok Sikkikm by WS&PHED, GoS",SIKKIM,Gangtok,Naitam,2029/FCA/F&ED/2022,,,Linear,0.0,0.0183,0.0183,0.0,0.0,0.0,0.0,0.0,0,0,0,Not applicable as the project or activity is site specific,,NO,NO,NO,2023-04-13T08:02:08.118+00:00,,,Degraded Forest Land,true,Nirman Bhawan Zero Point Gangtok Sikkim,Gangtok,11,State Government (Department/Autonomous body),Junior Engineer,Gangtok,11,East District,,https://parivesh.nic.in/dms/okm/downloadDocument?docTypemappingId=58989&refId=1156550&refType=FC&uuid=3b8d328d-1edf-47d1-bf55-84047fb2f075&version=1.1,,https://parivesh.nic.in/newupgrade/#/report/ec?proposalId=1157803,300.0,0.0
1223954,Diversion of 0.6396 Ha of Forest Land (0.2429 Ha in Gangtok Division & 0.3967 ha in Pakyong Division) for the project “Realignment of NH-717A from Design Ch. 0.00 (km 77.800 of NH-10) to Design Ch. 2.00 (Km 3.1 of NH-717A) with two lane paved shoulder including major bridge of 680m in the State of Sikkim on EPC Mode”,Expansion,FP/SK/ROAD/403887/2022,2022-10-20T09:10:56.504+00:00,,Pending at State Secretary due to EDS by IRO,4.1604,6100.0,MORTH (NHIDCL),,Forest clearance form,,,,Diversion of 0.6396 Ha of Forest Land (0.2429 Ha in Gangtok Division & 0.3967 ha in Pakyong Division) for the project “Realignment of NH-717A from Design Ch. 0.00 (km 77.800 of NH-10) to Design Ch. 2.00 (Km 3.1 of NH-717A) with two lane paved shoulder including major bridge of 680m in the State of Sikkim on EPC Mode”,SIKKIM,Gangtok,Namli,,,58/P,Linear,4.1604,0.0,4.1604,0.0,0.6396,0.6396,6100.0,0.0,0,0,0,Not applicable as the project or activity is site specific,,NO,NO,NO,2022-11-11T18:30:00.000+00:00,,,Degraded Forest Land,true,"GM(P),NHIDCL,SIKKIM,1st Floor,5th Mile,MP Golai,Tadong Gangtok,Sikkim",,11,"Central PSU (eg. NHAI, AAI, NTP, CIL, SAIL)",General Manager (Projects),,11,East District,58/P,https://parivesh.nic.in/dms/okm/downloadDocument?docTypemappingId=40829&refId=1208056&refType=caf&uuid=13e70b4a-e503-4eb3-ac6e-c33edd914b58&version=1.1;https://parivesh.nic.in/dms/okm/downloadDocument?docTypemappingId=58989&refId=1208056&refType=FC&uuid=ff7c3155-9e89-4620-83fb-aafedf3c28b9&version=1.2;https://parivesh.nic.in/dms/okm/downloadDocument?docTypemappingId=58989&refId=1208056&refType=caf&uuid=88cd5684-0c8f-495c-bc1b-9f11b8af4334&version=1.2,,https://parivesh.nic.in/newupgrade/#/report/ec?proposalId=1223954,14800.0,14800.0
1412238,"Proposal for grant of Permission for diversion of forest land of 0.5313 Ha for Proposed 12"" Ø (Carbon steel) Natural Gas Pipeline along with OFC Conduit in East District Gangtok.",New,FP/SK/Pipeline/405469/2022,2022-11-05T06:15:45.512+00:00,,DELISTED_BY_SYSTEM,4.5018,9.265,INDRADHANUSH GAS GRID LIMITED,,Forest clearance form,,,,Laying of Proposed 18 Ø (Carbon steel) Natural Gas Pipeline along with OFC Conduit  From Siliguri - Gangtok in Sikkim State,SIKKIM,Pakyong,Pakyong Forest Block,,,"Pachey-Samsing RF, Khasmal Gaucharan Jhora, River Reserve Forest",Linear,3.9705,0.5313,4.5018,0.0,0.0,0.0,0.0,0.0,0,0,0,NO,"Pipeline route proposed is most economical, Lowest Forest Land Diversion and No any Diversion of Wild life Sanctuary",NO,NO,NO,2023-03-22T18:30:00.000+00:00,,,Degraded Forest Land,true,"5th Floor, Central Mall, Christian Basti, G. S. Road, Guwahati",Guwahati,18,"Central PSU (eg. NHAI, AAI, NTP, CIL, SAIL)",Chief Project Manager,NRL centre building,18,East District,"Pachey-Samsing RF, Khasmal Gaucharan Jhora, River Reserve Forest",https://parivesh.nic.in/dms/okm/downloadDocument?docTypemappingId=40829&refId=1411520&refType=caf&uuid=7f4b8f1b-8c72-4a08-97c7-41725c864929&version=1.1,261355,https://parivesh.nic.in/newupgrade/#/report/ec?proposalId=1412238,11010.0,109530.0
1435728,"Being congested Chungtang town existing roads are having intermediate lane (5.5m width) and very dense roadside establishment exist there. The road is also going through very sharp curve in horizontal alignment. Hence, widening and improvement in alignment is not possible without affecting existing development/road side establishment along the stretch in Chungthang town.",New,FP/SK/ROAD/405692/2022,2022-11-07T11:20:59.881+00:00,,REMOVED,3.21,9659.0,BRO/758 BRTF,,Forest clearance form,,,,CONSTRUCTION OF BYPASS IN (NH 310A) TO NHDL SPECIFICATION WITH PAVED SHOULDER FROM CHUNGTHANG OF DESIGN KM 0+000 TO CHUNGTHANG OF DESIGN KM 1+335 IN THE STATE OF SIKKIM UNDER PROJECT SWASTIK OF BRO,SIKKIM,Chungthang,Chungthang,,,,Linear,2.1451,1.0649,3.21,0.0,0.0,0.0,0.0,0.0,0,0,0,Not applicable as the project or activity is site specific,,NO,NO,NO,2022-11-07T12:21:45.856+00:00,,https://parivesh.nic.in/dms/okm/downloadDocument?docTypemappingId=59020&refId=1435727&refType=fc&uuid=5b457215-7a12-4113-b75c-19dbeb168ceb&version=1.0,Degraded Forest Land,true,"HQ 758 BRTF (GREF) 
C/o 99 APO
Near Forest check Post
Chandmari",,11,Central Government (Department/Autonomous body),COMMANDER,,11,North  District,,https://parivesh.nic.in/dms/okm/downloadDocument?docTypemappingId=40829&refId=1434450&refType=caf&uuid=973a568f-79e1-4526-abb9-22b2c2354f1c&version=1.0;https://parivesh.nic.in/dms/okm/downloadDocument?docTypemappingId=58989&refId=1434450&refType=caf&uuid=0e0a3405-6fff-430a-9ea1-fd53ba52d14b&version=1.0,260927,https://parivesh.nic.in/newupgrade/#/report/ec?proposalId=1435728,167107.0,62587.0
1471371,Project starts from Naku and it is green field alignment which touches to Nakula (Indo-China Border),New,FP/SK/ROAD/405974/2022,2022-11-10T07:53:50.181+00:00,,Final Diversion Order Issued,27.8349,21675.0,BRO/758 BRTF,,Forest clearance form,,,,CONSTRUCTION/ IMPROVEMENT OF NH 310AG TO NHDL SPECIFICATION WITH PAVED SHOULDER FROM NAKU OF DESIGN KM 0+000 TO NAKULA OF DESIGN KM 09+152 ON EPC MODE IN THE STATE OF SIKKIM UNDER PROJECT SWASTIK OF BRO,SIKKIM,Chungthang,Lachen Forest Block,,,PRoW,Linear,0.0,27.8349,27.8349,0.0,0.0,0.0,0.0,0.0,0,0,0,Not applicable as the project or activity is site specific,,NO,NO,NO,2023-02-21T18:30:00.000+00:00,,https://parivesh.nic.in/dms/okm/downloadDocument?docTypemappingId=59020&refId=1471370&refType=fc&uuid=03381749-d023-4759-9a76-389ec500f3cd&version=1.0,Degraded Forest Land,true,"HQ 758 BRTF (GREF) 
C/o 99 APO
Near Forest check Post
Chandmari",Chandmari,11,Central Government (Department/Autonomous body),COMMANDER,Chandmari,11,Mangan,PRoW,https://parivesh.nic.in/dms/okm/downloadDocument?docTypemappingId=40829&refId=1456483&refType=caf&uuid=15eefe24-d53b-4d4a-aa5c-32131c9ecafd&version=1.0;https://parivesh.nic.in/dms/okm/downloadDocument?docTypemappingId=58989&refId=1456483&refType=FC&uuid=e7479779-b40d-4092-85de-5f3acf0f94a9&version=1.1,260930,https://parivesh.nic.in/newupgrade/#/report/ec?proposalId=1471371,1145592.0,82130.0
1503537,Construction of 220KV D/C (Twin Moose) transmission line from 500MW LTHPL Teesta VI HEP to Rangpo Pooling Sub station of POWERGRID under consultancy project to Lanco Teesta Hydra Power limited by Powergrid corporation of India Limited in the South District of Sikkim.,New,FP/SK/TRANS/406226/2022,2022-11-12T07:02:22.642+00:00,2025-11-10T08:38:26.330+00:00,Final Diversion Order Issued,43.9495,81.72,LANCO TEESTA HYDRO POWER LIMITED,,Forest clearance form,,,,Construction of 220KV D/C (Twin Moose) transmission line from 500MW LTHPL Teesta VI HEP to Rangpo Pooling Sub station,SIKKIM,Namchi,Aifaltar,,,,Linear,13.7576,30.1919,43.9495,0.0,0.0,0.0,0.0,0.0,0,0,0,YES,,NO,NO,NO,2023-02-20T18:30:00.000+00:00,,https://parivesh.nic.in/dms/okm/downloadDocument?docTypemappingId=59020&refId=1503536&refType=fc&uuid=d4514ed3-cc70-49e3-b268-c03c49951fee&version=1.0,Degraded Forest Land,true,"Teesta-VI HE Project, Balutar, P.O. Singtam East Sikkim","SINGTAM, EAST SIKKIM",11,"Central PSU (eg. NHAI, AAI, NTP, CIL, SAIL)",Chief Executive Officer,"SINGTAM, EAST SIKKIM",11,South District,,https://parivesh.nic.in/dms/okm/downloadDocument?docTypemappingId=40828&refId=1313588&refType=caf&uuid=198f43a6-0756-4077-aebe-f0a774f1e365&version=1.0;https://parivesh.nic.in/dms/okm/downloadDocument?docTypemappingId=40829&refId=1313588&refType=caf&uuid=835ee83b-bee4-4f1c-87cb-4df2006ef452&version=1.12;https://parivesh.nic.in/dms/okm/downloadDocument?docTypemappingId=58989&refId=1313588&refType=FC&uuid=039132c8-198d-473d-bbb0-17e19c18a160&version=1.2,,https://parivesh.nic.in/newupgrade/#/report/ec?proposalId=1503537,321815.0,89425.0
1957157,"The catchments area of RitchuKhola steam above diversion structure comprises of forest land, the above said proposed project for hydro electricity generation.The natural design of the steam/khad is not disturbed. The water after generation of electricity would be released back to the khad on run of the river principle.
No other viable alternative is available for the project so it has to be such located in the forest land, the project component like Trench Weir, Feeder Pipe channel, Silt Fusing, Desilting tank, Water Conductor, Forebay Area, Road, Ropeway, Penstock line, Power House Switch Yard, Muck Dumping and Transmission line etc. Lies under North Territorial Division, North Sikkim. Three alternatives have been explored and one covering minimum tree is finally selected, keeping in view other factor such as cost. Effectiveness, ecological disturbances and stability of strata to market best use of eater available for the power generation.",New,FP/SK/HYD/IRRIG/410091/2022,2022-12-10T06:55:01.119+00:00,,Final Diversion Order Issued,2.895,9141.0,Power Department,,Forest clearance form,,,,"Diversion of 2.895 ha of forest land for const of 10 MW New Meyong Chu HEP at Ritchu Khola Stream, Toong Naga GPU Mangan Sikkim by Power Deptt  Govt of Sikkim",SIKKIM,Chungthang,Tung,,,"04,21,95,99 & RF",Hybrid,0.0,2.895,2.895,0.0,0.0,0.0,0.0,0.0,0,0,0,Not applicable as the project or activity is site specific,,NO,NO,NO,2023-02-09T18:30:00.000+00:00,,,Degraded Forest Land,true,Power Department Kazi Road Government of Sikkim,Gangtok Sikkim,11,State Government (Department/Autonomous body),PCE cum Secretary,Gangtok  Sikkim,11,North  District,"04,21,95,99 & RF",https://parivesh.nic.in/dms/okm/downloadDocument?docTypemappingId=40829&refId=1955528&refType=caf&uuid=8b5327ec-b5e4-49fe-82c8-f5d5639c8e4b&version=1.2;https://parivesh.nic.in/dms/okm/downloadDocument?docTypemappingId=58989&refId=1955528&refType=FC&uuid=81e76131-6446-4a1e-a76b-d0ef33509a14&version=1.12,260929,https://parivesh.nic.in/newupgrade/#/report/ec?proposalId=1957157,4000.0,4000.0
2047966,Setting up of 5 MW grid connected Solar Photovoltaic Power Plant near Hangu Lake (Phadamchen Reserve Forest) Pakyong District,New,FP/SK/ROAD/410925/2022,2022-12-16T06:23:41.820+00:00,,REMOVED,10.1,2500.0,ABHINAY BHANDARI,,Forest clearance form,,,,Setting up of 5 MW grid connected Solar Photovoltaic Power Plant near Hangu Lake (Phadamchen Reserve Forest) Pakyong District,SIKKIM,Gangtok,Gnathang Forest Block,,,,Non - Linear,0.0,10.1,10.1,0.0,0.0,0.0,0.0,0.0,0,0,0,NO,"Sikkim is mostly covered by dense vegetation and receives poor solar radiation. for setting up of solar power plant, the vegetation has to be cleared. the proposed site is above tree line and it receives very good solar radiations",NO,NO,NO,2022-12-16T06:37:40.587+00:00,,https://parivesh.nic.in/dms/okm/downloadDocument?docTypemappingId=59020&refId=2047965&refType=fc&uuid=8eeb5177-552d-47bd-8bbb-559e10c388a6&version=1.0,Only Compensatory Trees,true,"Renewable Energy Application and Consultation in Himalayas (REACH)
Below Sub Power Station, 5th Mile, Tadong
Gangtok, 737102",Tadong,11,Individual,Director,,11,East District,,https://parivesh.nic.in/dms/okm/downloadDocument?docTypemappingId=40829&refId=2047671&refType=caf&uuid=459bf904-f109-4ffe-b5ee-9c4fea6e6b9a&version=1.0;https://parivesh.nic.in/dms/okm/downloadDocument?docTypemappingId=58989&refId=2047671&refType=FC&uuid=7be28e97-28ab-4ed8-b4e9-1dd712b8e62f&version=1.0,261319,https://parivesh.nic.in/newupgrade/#/report/ec?proposalId=2047966,5760.0,3830.0
2054736,"The Project , Construction of 40M span steel bridge over Rani Khola and 25M span steel bridge over Hel Khola including construction of connectivity road from NH-10(32No. Cremation ground) to Basilakha and Pricklakha is a link road executed by Rural Development Department, The road falls under Gangtok and Pakyong  block of East District under Namcheybong constituency of State Sikkim. The construction of this link road and other allied works will benefit the villagers of these far flung villages of Basilakha, Pricklakha, Supthang, Nimtar, Jagatigaon, Raigaon. In addition, this road will be the alternative route for Greenfield Airport as well as Head Quater of Pakyong District and the shortest route for people coming from Rangpo, Singtam, Sang Martam and other parts of South and West Districts of Sikkim.",New,FP/SK/ROAD/410978/2022,2022-12-16T10:23:58.586+00:00,,Pending at DFO due to EDS by Nodal Officer,3.8464,1583.04,"RURAL DEVELOPMENT DEPARTMENT, GOVT OF SIKKIM",,Forest clearance form,,,,Construction of 40M span steel bridge over Rani Khola and 25M span steel bridge over Hel Khola including construction of connectivity road from NH-10(32No. Cremation ground) to Basilakha and Pricklakha,SIKKIM,Pakyong,Namcheybung,2040/FCA/F&ED/2023,,450/P,Linear,0.0,3.8464,3.8464,0.0,0.0,0.0,0.0,0.0,0,0,0,Not applicable as the project or activity is site specific,,NO,NO,NO,2022-12-15T18:30:00.000+00:00,,,Degraded Forest Land,true,"Rural Development Department
Tashiling,Secreteriate",,11,State Government (Department/Autonomous body),Pr Secretary,,11,East District,450/P,https://parivesh.nic.in/dms/okm/downloadDocument?docTypemappingId=40829&refId=2052098&refType=caf&uuid=203d93bf-691a-432f-a410-c583f9aa4f84&version=1.0;https://parivesh.nic.in/dms/okm/downloadDocument?docTypemappingId=58989&refId=2052098&refType=FC&uuid=b4ec24d8-d782-4304-8c3d-eb072bbc6215&version=1.6,0,https://parivesh.nic.in/newupgrade/#/report/ec?proposalId=2054736,3060.0,600.0
2061635,"The Project , Construction of 40M span steel bridge over Rani Khola and 25M span steel bridge over Hel Khola including construction of connectivity road from NH-10(32No. Cremation ground) to Basilakha and Pricklakha is a link road executed by Rural Development Department, The road falls under Gangtok and Pakyong  block of East District under Namcheybong constituency of State Sikkim. The construction of this link road and other allied works will benefit the villagers of these far flung villages of Basilakha, Pricklakha, Supthang, Nimtar, Jagatigaon, Raigaon. In addition, this road will be the alternative route for Greenfield Airport as well as Head Quater of Pakyong District and the shortest route for people coming from Rangpo, Singtam, Sang Martam and other parts of South and West Districts of Sikkim.",New,FP/SK/ROAD/411039/2022,2022-12-16T15:58:04.547+00:00,,REMOVED,0.1776,1583.04,"RURAL DEVELOPMENT DEPARTMENT, GOVT OF SIKKIM",,Forest clearance form,,,,Construction of 40M span steel bridge over Rani Khola and 25M span steel bridge over Hel Khola including construction of connectivity road from NH-10(32No. Cremation ground) to Basilakha and Pricklakha,SIKKIM,Gangtok,Chuba,,,216/P,Linear,0.0,0.1776,0.1776,0.0,0.0,0.0,0.0,0.0,0,0,0,Not applicable as the project or activity is site specific,,NO,NO,NO,2023-01-02T07:00:18.773+00:00,,,Degraded Forest Land,true,"Rural Development Department
Tashiling,Secreteriate",,11,State Government (Department/Autonomous body),Pr Secretary,,11,East District,216/P,https://parivesh.nic.in/dms/okm/downloadDocument?docTypemappingId=40829&refId=2061586&refType=caf&uuid=b2f519b2-6c69-4d3b-aada-ce93f90a72c0&version=1.1;https://parivesh.nic.in/dms/okm/downloadDocument?docTypemappingId=58989&refId=2061586&refType=FC&uuid=914d8395-bb81-45f2-a19d-6d0da7a342a4&version=1.1,261286,https://parivesh.nic.in/newupgrade/#/report/ec?proposalId=2061635,3060.0,600.0
2107112,4G site  project funded by USOF to provide 4G coverage in the uncovered area at Kyongnosla village,New,FP/SK/CommPost/411404/2022,2022-12-20T07:12:03.117+00:00,,DELISTED_BY_SYSTEM,0.0084,75.0,MAHESH NAIR,,Forest clearance form,,,,4G Saturation,SIKKIM,Gangtok,Kyongnosla Forest Block,,,,Hybrid,0.0,0.0084,0.0084,0.0,0.0,0.0,0.0,0.0,0,0,0,Not applicable as the project or activity is site specific,,NO,NO,NO,2022-12-20T08:25:11.423+00:00,,,,false,"General Manager Telecom, BSNL Bhavan, Thiruvalla",Kyongnosla,32,"Central PSU (eg. NHAI, AAI, NTP, CIL, SAIL)","AGM (CM & IT), Gangtok",Kyongnosla village,32,East District,,https://parivesh.nic.in/dms/okm/downloadDocument?docTypemappingId=40829&refId=2090872&refType=caf&uuid=f4e8b81b-5f5f-4334-a44e-ef67aa7e4c69&version=1.0;https://parivesh.nic.in/dms/okm/downloadDocument?docTypemappingId=58989&refId=2090872&refType=FC&uuid=912103bd-c5ac-41c5-adbe-81f92ea397b7&version=1.2,261318,https://parivesh.nic.in/newupgrade/#/report/ec?proposalId=2107112,800.0,2325.0
2110373,4G site projecte funded by USOF to provide 4G coverage in the uncovered areas at Naitam Village,New,FP/SK/CommPost/411437/2022,2022-12-20T09:22:26.260+00:00,,Pending at UA for Compliance Report,0.0222,75.0,MAHESH NAIR,,Forest clearance form,,,,4G Saturation,SIKKIM,Gangtok,Naitam,,,plot no 435,Hybrid,0.0,0.0222,0.0222,0.0,0.0,0.0,0.0,0.0,0,0,0,Not applicable as the project or activity is site specific,,NO,NO,NO,2023-06-21T18:30:00.000+00:00,,,Degraded Forest Land,true,"General Manager Telecom, BSNL Bhavan, Thiruvalla",Naitam,32,"Central PSU (eg. NHAI, AAI, NTP, CIL, SAIL)",AGM (CM&IT),Naitam,32,East District,plot no 435,https://parivesh.nic.in/dms/okm/downloadDocument?docTypemappingId=40829&refId=2109192&refType=caf&uuid=c7be9a7b-ba6b-4b54-a442-8835c5f881c7&version=1.0;https://parivesh.nic.in/dms/okm/downloadDocument?docTypemappingId=58989&refId=2109192&refType=FC&uuid=f90e6398-e917-4c48-b369-bef8c6299649&version=1.6,261311,https://parivesh.nic.in/newupgrade/#/report/ec?proposalId=2110373,800.0,2325.0
2120350,Diversion of Forest Land 1.6 Ha for construction of operational track Chola to Yak La Pass in Thegu Sub Sect  inside Kyongnosla Territorial Range (East Territorial) after carrying out extensive recce/joint svy along with Forest and Army Officials.,New,FP/SK/DEF/411508/2022,2022-12-21T04:17:09.656+00:00,,DELISTED_BY_SYSTEM,1.6,19.2,MINISTRY OF DEFENCE,,Forest clearance form,,,,Diversion of Forest Land  of 1.6 Ha from Chola to Yak La Pass for operational track inside Kyongnosla Territorial Range(East Territorial),SIKKIM,Gangtok,Kyongnosla Forest Block,,,,Linear,0.0,1.6,1.6,0.0,0.0,0.0,0.0,0.0,0,0,0,Not applicable as the project or activity is site specific,,NO,NO,YES,2022-12-21T04:38:41.347+00:00,,,Degraded Forest Land,true,"17 Mountain Division
PIN - 908417",Gangtok,11,Central Government (Department/Autonomous body),Staff Officer Land,Gangtok,11,Gangtok,,https://parivesh.nic.in/dms/okm/downloadDocument?docTypemappingId=40829&refId=888043&refType=caf&uuid=2d4b3e92-1996-48f6-95b7-742a19274158&version=1.2;https://parivesh.nic.in/dms/okm/downloadDocument?docTypemappingId=58989&refId=888043&refType=FC&uuid=7185df6f-92d5-4285-bf30-784d9a36504b&version=1.0,261318,https://parivesh.nic.in/newupgrade/#/report/ec?proposalId=2120350,0.0,0.0
2122521,Diversion of Forest Land 1.98 Ha for construction of operational track Chaman Top to Pt 4630 for operational track in Thegu Sub Sect  inside Kyongnosla Territorial Range (East Territorial) after carrying out extensive recce/joint svy along with Forest and Army Officials,New,FP/SK/DEF/411522/2022,2022-12-21T05:55:16.196+00:00,,DELISTED_BY_SYSTEM,1.98,23.76,MINISTRY OF DEFENCE,,Forest clearance form,,,,Diversion of Forest Land  of 1.98 Ha from Chaman Top to Pt 4630 for operational track inside Kyongnosla Territorial Range(East Territorial),SIKKIM,Mangan,0,,,,Linear,0.0,1.98,1.98,0.0,0.0,0.0,0.0,0.0,0,0,0,Not applicable as the project or activity is site specific,,NO,NO,NO,2022-12-30T06:31:14.086+00:00,,,Degraded Forest Land,true,"17 Mountain Division
PIN - 908417",Gangtok,11,Central Government (Department/Autonomous body),Staff Officer Land,Gangtok,11,Mangan,,https://parivesh.nic.in/dms/okm/downloadDocument?docTypemappingId=40829&refId=2121781&refType=caf&uuid=50d50c30-56b4-41bc-b1c4-3587903b71e8&version=1.0;https://parivesh.nic.in/dms/okm/downloadDocument?docTypemappingId=58989&refId=2121781&refType=FC&uuid=dc93760f-b8cb-4ba1-811e-c9154757baec&version=1.0,"",https://parivesh.nic.in/newupgrade/#/report/ec?proposalId=2122521,0.0,0.0
2408718,"Diversion of 1.6 ha of forest land for development of Ecotourism zone at Zandidara in Soreng West Sikkim by Wildlife Circle, Forest Deptt Govt of Sikkim",New,FP/SK/OTHERS/413614/2023,2023-01-07T09:32:05.625+00:00,,Final Diversion Order Issued,1.6,2000.0,"FOREST AND ENVIRONMENT DEPARTMENT, GOVERNMENT OF SIKKIM",,Forest clearance form,,,,"Diversion of 1.6 ha of forest land for development of Ecotourism zone at Zandidara in Soreng West Sikkim by Wildlife Circle, Forest Deptt Govt of Sikkim",SIKKIM,Soreng,Singling,,,00,Hybrid,0.0,1.6,1.6,0.0,0.0,0.0,0.0,0.0,0,0,0,NO,NA,NO,NO,NO,2023-01-12T18:30:00.000+00:00,,,Degraded Forest Land,true,"Forest and Environment Department
Forest Secretariat
Deorali",Upper Gumbadara,11,State Government (Department/Autonomous body),Divisional Forest Officer,Soreng Upper Singling Zandidara,11,West District,00,https://parivesh.nic.in/dms/okm/downloadDocument?docTypemappingId=40829&refId=2408433&refType=caf&uuid=27b4ed9d-c803-4525-af63-97b191227619&version=1.0;https://parivesh.nic.in/dms/okm/downloadDocument?docTypemappingId=58989&refId=2408433&refType=FC&uuid=e0cc0bf0-7d32-47f8-848c-bf943416b5c2&version=1.0,261077,https://parivesh.nic.in/newupgrade/#/report/ec?proposalId=2408718,3650.0,3650.0
2601230,"The Project , Construction of 40M span steel bridge over Rani Khola and 25M span steel bridge over Hel Khola including construction of connectivity road from NH-10(32No. Cremation ground) to Basilakha and Pricklakha is a link road executed by Rural Development Department, The road falls under Gangtok and Pakyong  block of East District under Namcheybong constituency of State Sikkim. The construction of this link road and other allied works will benefit the villagers of these far flung villages of Basilakha, Pricklakha, Supthang, Nimtar, Jagatigaon, Raigaon. In addition, this road will be the alternative route for Greenfield Airport as well as Head Quater of Pakyong District and the shortest route for people coming from Rangpo, Singtam, Sang Martam and other parts of South and West Districts of Sikkim.",New,FP/SK/ROAD/415040/2023,2023-01-18T16:51:00.923+00:00,,Pending on UA for Compensatory Levies Payment,0.1776,1583.04,"RURAL DEVELOPMENT DEPARTMENT, GOVT OF SIKKIM",,Forest clearance form,,,,Construction of 40M span steel bridge over Rani Khola and 25M span steel bridge over Hel Khola including construction of connectivity road from NH-10(32No. Cremation ground) to Basilakha and Pricklakha.,SIKKIM,Gangtok,Chuba,,,216/P,Linear,0.0,0.1776,0.1776,0.0,0.0,0.0,0.0,0.0,0,0,0,Not applicable as the project or activity is site specific,,NO,NO,NO,2023-01-18T17:51:44.405+00:00,,,Degraded Forest Land,true,"Rural Development Department
Tashiling,Secreteriate",,11,State Government (Department/Autonomous body),Pr Secretary,,11,East District,216/P,https://parivesh.nic.in/dms/okm/downloadDocument?docTypemappingId=40829&refId=2601188&refType=caf&uuid=0152d091-3e2b-4585-afff-dfcf5daee04f&version=1.0;https://parivesh.nic.in/dms/okm/downloadDocument?docTypemappingId=58989&refId=2601188&refType=FC&uuid=d21f92ae-816a-47ee-bccd-59924a3dae46&version=1.4,261286,https://parivesh.nic.in/newupgrade/#/report/ec?proposalId=2601230,1080.0,60.0
2606347,"The cho-lung-trul-sum cultural complex at  Lachung is envisaged by the culture department GoS to present and preserve the rich and natural heritage of Sikkim. It integrates the idea of nature conservation with community led cultural concept of worshipping and conserving nature.The total cost of the project is Rs. 80.83 crore. The scope of the work broadly includes construction of Guru Rimpoche, mediation hall, stupa, interpretation centre, chimi lakhang, cafeteria, souvenir shops, Rimpoche's retreat, steel bridge.",New,FP/SK/OTHERS/415080/2023,2023-01-19T06:58:35.972+00:00,,REMOVED,1.094,8083.9532,Culture Department,,Forest clearance form,,,,"Diversion of forest land of 1.0940 Ha for construction of cho-lung trul-sum cultural complex at Lachung, North District of Sikkim by Culture Department, Govt. of Sikkim",SIKKIM,Chungthang,Lachung,,,,Non - Linear,0.0,1.094,1.094,0.0,0.0,0.0,0.0,0.0,0,0,0,NO,NA,NO,NO,NO,2023-02-21T18:30:00.000+00:00,,,Degraded Forest Land,true,"CULTURE DEPARTMENT,GOVERNMENT OF SIKKIM,MANAN BHAWAN GANGTOK,SIKKIM",Gangtok,11,State Government (Department/Autonomous body),Assistant Engineer,Lachung,11,North  District,,https://parivesh.nic.in/dms/okm/downloadDocument?docTypemappingId=40829&refId=2605073&refType=caf&uuid=c3619444-5c37-4c86-af32-5d17d24296d2&version=1.0;https://parivesh.nic.in/dms/okm/downloadDocument?docTypemappingId=58989&refId=2605073&refType=FC&uuid=7ef30734-79dd-4b26-8749-c7ad4c903c0b&version=1.0,260926,https://parivesh.nic.in/newupgrade/#/report/ec?proposalId=2606347,437.0,180680.0
2611566,"The cho-lung-trul-sum cultural complex at Thangu Lachen is envisaged by the culture department GoS to present and preserve the rich and natural heritage of Sikkim. It integrates the idea of nature conservation with community led cultural concept of worshipping and conserving nature.The total cost of the project is Rs. 84.65 crore. The scope of the work broadly includes construction of Maitretya Buddha, mediation hall, stupa, interpretation centre, chimi lakhang, cafeteria, souvenir shops, Rimpoche's retreat, steel bridge.",New,FP/SK/OTHERS/415103/2023,2023-01-19T09:04:59.880+00:00,,REMOVED,1.05,8465.0162,Culture Department,,Forest clearance form,,,,"Diversion of forest land of  1.05 ha for construction of  CHO-LUNG-TRUL-SUM CULTURAL COMPLEX at  Thangu in  North District of Sikkim by Culture Department, Govt. of Sikkim.",SIKKIM,Chungthang,Thangu Forest Block,,,,Non - Linear,0.0,1.05,1.05,0.0,0.0,0.0,0.0,0.0,0,0,0,NO,NA,NO,NO,NO,2023-01-18T18:30:00.000+00:00,,,Degraded Forest Land,true,"CULTURE DEPARTMENT,GOVERNMENT OF SIKKIM,MANAN BHAWAN GANGTOK,SIKKIM",Gangtok,11,State Government (Department/Autonomous body),ASSISTANT ENGINEER,GANGTOK,11,Mangan,,https://parivesh.nic.in/dms/okm/downloadDocument?docTypemappingId=40829&refId=2093831&refType=caf&uuid=f8bb4bcd-c2f0-489f-88c7-7e20b79386e6&version=1.0;https://parivesh.nic.in/dms/okm/downloadDocument?docTypemappingId=58989&refId=2093831&refType=FC&uuid=d44e87ca-05de-4eec-a17d-2a33fbdbb7b9&version=1.0,260931,https://parivesh.nic.in/newupgrade/#/report/ec?proposalId=2611566,338.0,180680.0
2629655,"This project entails setting up of a Solid Waste Treatment Plant comprising processing facilities and regional sanitary landfill. The proposed project is planned in accordance with the Solid Waste Management Rules (SWM), 2016 and it consist of waste collection, segregation, waste processing and a sanitary landfill with Leachate facility, this will help to generate employment.",New,IA/SK/INFRA2/415237/2023,2023-01-20T07:43:09.276+00:00,,DELISTED_BY_SYSTEM,2.0,1599.0,UDD GOVT OF SIKKIM,Atmos Sustainable Solutions Pvt Ltd,Environment clearance form,TOR,B1,Building / Construction,"Solid waste treatment project for Mangan, North Sikkim",SIKKIM,Mangan,Lingdong,21/5/2023-IA.III,,127/2/572,Non - Linear,0.0,2.0,2.0,0.0,0.0,0.0,0.0,0.0,0,0,0,NO,Land not available,NO,NO,NO,2023-04-28T02:15:09.614+00:00,,,,,,,,,,,,North  District,127/2/572,https://parivesh.nic.in/dms/okm/downloadDocument?docTypemappingId=40829&refId=2607765&refType=caf&uuid=bd9e3424-1e63-470b-815b-434003c2ccad&version=1.1,0,https://parivesh.nic.in/newupgrade/#/report/ec?proposalId=2629655,11004.0,11004.0
2653332,"Diversion of Forest Land for construction of link road from Soratary Village from Singtam to Rangrang Village via under Daramdin Sub Division in West  Sikkim 3.87 Km. by Road  and  Bridge Department, Government of Sikkim.",New,FP/SK/OTHERS/415424/2023,2023-01-21T08:47:28.457+00:00,,DELISTED_BY_SYSTEM,0.3497,219.839,"ROADS & BRIDGES DEPARTMENT, GOVERNMENT OF SIKKIM",,Forest clearance form,,,,"Diversion of forest land of 0.3497 Ha for construction of link road  for Soratay Village from Singtam to Rangrang Village via Soratay under Daramdin Sub-Division in West Sikkim  by Roads & Bridges Department , Government of Sikkim.",SIKKIM,Soreng,Aroobotey,,,,Linear,0.0,0.3497,0.3497,0.0,0.0,0.0,0.0,0.0,0,0,0,NO,NA,NO,NO,NO,2023-01-24T12:28:35.985+00:00,,,Degraded Forest Land,true,"Nirman Bhawan
Roads & Bridges Department 
Govt of Sikkim
Gangtok",Gangtok,11,State Government (Department/Autonomous body),Divisional Engineer,Soreng,11,West District,,https://parivesh.nic.in/dms/okm/downloadDocument?docTypemappingId=40829&refId=2653024&refType=caf&uuid=a86b843b-6f72-47d7-a32b-8410e0232565&version=1.0;https://parivesh.nic.in/dms/okm/downloadDocument?docTypemappingId=58989&refId=2653024&refType=FC&uuid=4f7f752d-c56e-4df2-bcdf-865e8f2e778a&version=1.1,261075,https://parivesh.nic.in/newupgrade/#/report/ec?proposalId=2653332,100.0,100.0
2742178,"Jorethang is a major town in Namchi district, Sikkim which lies along the river Rangeet. One of the most famous cultural festivals of Sikkim, Maghey Sankranti mela is celebrated with extreme grandeur at the picturesque hamlet of Jorethang every year. Countless tourists from different parts of India gather at this festival to be part of its endless array of events which includes various cultural programs, food shows and sports competition like archery, para-gliding, trekking, hot air ballooning and river rafting. It has been proposed to construct Samuhik Bhawan at Jorethang. This infrastructure is needed for the community as different community can make use of it. It is having a room for lodging and community hall for hoisting the different activities. The land measuring 0.0905 ha. has been identified which has been demarcated by Revenue Officer Jorethang. In general, the construction of Samuhik Bhawan will be boon for the people living in this area.",New,FP/SK/OTHERS/416043/2023,2023-01-27T08:48:54.717+00:00,,Rejected,0.0905,870.78,SUJAN PRADHAN,,Forest clearance form,,,,"Construction of Samuhik Bhawan at Jorethang, South Sikkim",SIKKIM,Namchi,Salghari,,,Plot no. 3,Non - Linear,0.0,0.0905,0.0905,0.0,0.0,0.0,0.0,0.0,0,0,0,Not applicable as the project or activity is site specific,,NO,NO,NO,2023-01-27T10:16:18.507+00:00,,,Degraded Forest Land,true,"S/O Deepak Pradhan, Tarku, Upper Tanak, Near Manjhushree School, Tarku, Tarku, South Sikkim, Tarku, Sikkim",Tarku,11,Individual,Junior Engineer,Namchi,11,South District,Plot no. 3,https://parivesh.nic.in/dms/okm/downloadDocument?docTypemappingId=40829&refId=2741233&refType=caf&uuid=52e7459c-5649-4a97-8c1d-c82f40d46246&version=1.1;https://parivesh.nic.in/dms/okm/downloadDocument?docTypemappingId=58989&refId=2741233&refType=FC&uuid=413e31ae-b3b7-494b-b617-ea44069095d2&version=1.5,0,https://parivesh.nic.in/newupgrade/#/report/ec?proposalId=2742178,99522.0,0.0
2767168,"Construction of High Altitude Hill Roads to Indo-China Border from 20r Link pt. to Zanak, L=10.40 km under phase-II in the State of Sikkim",New,WL/SK/DEF/416232/2023,2023-01-29T09:57:59.450+00:00,,,21.0248,20939.0,ITBP GANGTOK,,Wildlife clearance form,,,,"Construction of High Altitude Hill Roads to Indo-China Border from 20r Link pt. to Zanak, L=10.40 km under phase-II in the State of Sikkim",SIKKIM,Chungthang,Lachen Forest Block,,,23,Linear,0.0,21.0248,21.0248,0.0,0.0,0.0,0.0,0.0,0,0,0,Not applicable as the project or activity is site specific,,NO,NO,NO,2023-01-30T13:35:06.722+00:00,,,,,,,,,,,,Mangan,23,https://parivesh.nic.in/dms/okm/downloadDocument?docTypemappingId=40829&refId=1453767&refType=caf&uuid=86a2c71d-5909-497a-9aa5-fb49a8a870f7&version=1.0;https://parivesh.nic.in/dms/okm/downloadDocument?docTypemappingId=59109&refId=2767167&refType=caf&uuid=f1796da0-f01e-446f-b948-92e5edcbc48d&version=1.0,260930,https://parivesh.nic.in/newupgrade/#/report/ec?proposalId=2767168,45200.0,21900.0
2829641,"The Indian Government has set an ambitious target of installing 150 GW of solar energy by the  end of 2022. Sikkim has been given a target of installation of 5O MW of grid connected solar energy by 2022. Only 5 MW has been installed in the state as on June 2022. Sikkim Power department buys more than 50% of the energy required by the state from thermal power plant. Burning of coal release harmful gases which cause global warming.
The land proposed would be used for setting up of 5 MW grid connected Solar Photovoltaic Power plant which would produce about 6 million units of clean energy every year.
As the proposed site is above tree line, No trees will have to be cut while the solar modules will be installed above the shrubs and bushes present in the vicinity. Hence minimum flora and fauna would be effected
The proposed site lies on a naturally south facing hill which receives good solar radiation. The proposed site has a road and an electrical transmission line passing through it.",New,FP/SK/OTHERS/416682/2023,2023-02-01T10:51:07.868+00:00,2025-12-29T10:02:30.600+00:00,Final Diversion Order Issued,10.1,2500.0,ABHINAY BHANDARI,,Forest clearance form,,,,"Diversion of 10.1 Ha of forest land for Setting up of 5 MW grid connected Solar Photovoltaic Power Plant near Hangu Lake, Gangtok, Sikkim by M/s REACH",SIKKIM,Gangtok,Kyongnosla Forest Block,,,,Hybrid,0.0,10.1,10.1,0.0,0.0,0.0,0.0,0.0,0,0,0,Not applicable as the project or activity is site specific,,NO,NO,NO,2023-02-28T18:30:00.000+00:00,,https://parivesh.nic.in/dms/okm/downloadDocument?docTypemappingId=59020&refId=2829640&refType=fc&uuid=b060e019-0c06-4e4b-b0df-881b513cd5ab&version=1.0,Degraded Forest Land,true,"Renewable Energy Application and Consultation in Himalayas (REACH)
Below Sub Power Station, 5th Mile, Tadong
Gangtok, 737102",Fifth Mile Tadong  Gangtok Sikkim,11,Individual,Proprietor,,11,East District,,https://parivesh.nic.in/dms/okm/downloadDocument?docTypemappingId=40829&refId=2828749&refType=caf&uuid=43161705-df16-42cc-b491-07a7e778d0e9&version=1.1;https://parivesh.nic.in/dms/okm/downloadDocument?docTypemappingId=58989&refId=2828749&refType=FC&uuid=c639cd3b-45da-4473-8d99-0d9f0fe13c49&version=1.2,261318,https://parivesh.nic.in/newupgrade/#/report/ec?proposalId=2829641,5760.0,3830.0
2937899,Diversion of Forest Land 1.00 Ha for construction/improvement  of operational track Sesa Mor to Tiger Hill in Nathu La Sub Sect  inside Pangolakha Wild Life Sanctuary Forest Land after carrying out extensive recce/joint svy along with Forest and Army Officials.,New,WL/SK/DEF/417394/2023,2023-02-08T05:08:04.689+00:00,,,1.0,18.26,MINISTRY OF DEFENCE,,Wildlife clearance form,,,,Diversion of Forest Land  of 1.00 Ha from Sesa Mor to Tiger Hill for construction/improvement  of operational track inside Pangolakha Wild Life Sanctuary,SIKKIM,Gangtok,Gnathang Forest Block,,,,Linear,0.0,1.0,1.0,0.0,0.0,0.0,0.0,0.0,0,0,0,Not applicable as the project or activity is site specific,,NO,NO,NO,2023-02-08T05:28:22.132+00:00,,,,,,,,,,,,East District,,https://parivesh.nic.in/dms/okm/downloadDocument?docTypemappingId=40829&refId=2937642&refType=caf&uuid=52775def-8ff3-4285-8809-9eadb7bfbff9&version=1.1;https://parivesh.nic.in/dms/okm/downloadDocument?docTypemappingId=59109&refId=2937898&refType=caf&uuid=25f98770-3343-4a57-a003-e3544799ed9b&version=1.0,261319,https://parivesh.nic.in/newupgrade/#/report/ec?proposalId=2937899,0.0,0.0
2986606,"The current proposal is for vertical expansion of 3 floors above the 4G+7 Integrated Commercial cum MLCP complex “WEST POINT” at Old West Point School Area, Near M.G. Marg, Gangtok, East Sikkim. Environmental Clearance vide File No. : 214/E &SC and EC Identification no. EC22B038SK115854 dated 25.02.2022 and Consent to Establish vide Ref. No. 1142/SPCB dated 24.02.2022, has already been obtained for construction of the 4G+7 Integrated Commercial cum MLCP complex, the construction of which is in progress.",Expansion,IA/SK/INFRA2/417703/2023,2023-02-10T06:59:04.399+00:00,2023-08-23T04:51:00.262+00:00,EC Granted,0.5665,29820.0,WEST POINT INFRASTRUCTURE PRIVATE LIMITED,Envirotech East Pvt. Ltd.,Environment clearance form,TOR,B2,Building / Construction,Proposed Vertical Expansion by 3 Floors of “WEST POINT” - Integrated Commercial cum MLCP Complex by  Mesaso Infrastructure Pvt. Ltd.,SIKKIM,Gangtok,Namok,21/1/2023-IA.III,,,Hybrid,0.5665,0.0,0.5665,0.0,0.0,0.0,24820.0,5000.0,0,0,0,Not applicable as the project or activity is site specific,,NO,NO,NO,2023-04-25T08:48:07.597+00:00,,,,,,,,,,,,East District,,https://parivesh.nic.in/dms/okm/downloadDocument?docTypemappingId=40829&refId=2985445&refType=caf&uuid=57062f51-b1e4-4cb1-bce3-a84a6a94b13b&version=1.1,261312,https://parivesh.nic.in/newupgrade/#/report/ec?proposalId=2986606,56100.0,548000.0
3278299,"Resource Recovery Centre to be set up for the service of Municipal wastes generated from Namchi Municipal Council. Here the Municipal wastes generated are collected and brought in for treatment of the wastes. The wastes are either reused/ reduced/ recycled as far as possible, eventually minimizing the wastes generated to its minimum.",New,FP/SK/OTHERS/419719/2023,2023-02-24T06:59:50.003+00:00,,Final Diversion Order Issued,0.2358,5070.0,NAMCHI MUNICIPAL COUNCIL,,Forest clearance form,,,,Resource Recovery Centre for Namchi Municipal Council,SIKKIM,Namchi,Assangthang,,,"Dorongpani, Assangthang GPU, Namchi Division",Non - Linear,0.0,0.2358,0.2358,0.0,0.0,0.0,0.0,0.0,0,0,0,Not applicable as the project or activity is site specific,,NO,NO,NO,2023-07-11T18:30:00.000+00:00,,,Degraded Forest Land,true,"Namchi Municipal Council,
Saheed Sanjok Chettri Marg",Twelfth Mile Dorongpani,11,State Government (Department/Autonomous body),Municipal Executive Officer,Namchi,11,South District,"Dorongpani, Assangthang GPU, Namchi Division",https://parivesh.nic.in/dms/okm/downloadDocument?docTypemappingId=40829&refId=3271933&refType=caf&uuid=acde97ab-367e-40ec-adee-02c2a89a5ebf&version=1.0;https://parivesh.nic.in/dms/okm/downloadDocument?docTypemappingId=58989&refId=3271933&refType=FC&uuid=c2311201-0bb5-41b9-a50b-ce92dd37dcf3&version=1.0,261128,https://parivesh.nic.in/newupgrade/#/report/ec?proposalId=3278299,0.0,200.0
4046102,"The project for Pollution abatement of river Teesta at Chungthang, Sikkim has been approved and sanctioned under National River Conservation Directorate (NRCD) as   proposed by the State Government through the department, by National River  Conservation Directorate (NRCD), Ministry of Jal Shakti, Government of India. Since Chungthang town does not have sewerage facility, the black water generated normally finds their way to drains which ultimately flow into the Tista River, befouling and deteriorating the condition of river. This scheme is envisaged for pollution abatement of river Tista through proper management and treatment of black water being generated in Chungthang town.",New,FP/SK/OTHERS/422617/2023,2023-03-18T09:52:12.367+00:00,,Final Diversion Order Issued,0.134,1557.4,Public Health Engineering Department,,Forest clearance form,,,,"Diversion of 0.1340 ha of forest land for const of Sewerage Treatment Plant at Chungthang T Range, Mangan District, Sikkim by PHE Deptt, GoS",SIKKIM,Chungthang,Chungthang,,,591,Non - Linear,0.0,0.134,0.134,0.0,0.0,0.0,0.0,0.0,0,0,0,Not applicable as the project or activity is site specific,,NO,NO,NO,2023-03-19T18:30:00.000+00:00,,,Degraded Forest Land,true,"District Administrative Center, Pentok, Mangan",Chungthang Mangan Sikkim,11,State Government (Department/Autonomous body),Assistant Engineer,Mangan,11,North  District,591,https://parivesh.nic.in/dms/okm/downloadDocument?docTypemappingId=40829&refId=4045029&refType=caf&uuid=c5a33086-82b5-4b70-9fd3-ec62fb51c8a7&version=1.0;https://parivesh.nic.in/dms/okm/downloadDocument?docTypemappingId=58989&refId=4045029&refType=FC&uuid=1c882e83-812b-46cf-94e8-8882652035ec&version=1.1,260927,https://parivesh.nic.in/newupgrade/#/report/ec?proposalId=4046102,500.0,500.0
4282007,Proposal of Laying of OFC Cable along the uphill Side(RoW)  of the road  from Chungthang to Munchithang along Chungthang-Lachen road over a stretch of 9 Km passes through forest area of Territorial Division Mangan,New,FP/SK/OFC/424001/2023,2023-03-29T12:13:37.597+00:00,,DELISTED_BY_SYSTEM,0.0101,9.0,RELIANCE JIO INFOCOMM LIMITED,,Forest clearance form,,,,"Proposal for Granting Permission for laying OFC Cable through Overhead Methodology from Chungthang to Lachen under North Division, Sikkim.",SIKKIM,Chungthang,Lachen Forest Block,,,,Linear,0.0,0.0101,0.0101,0.0,0.0,0.0,0.0,0.0,0,0,0,Not applicable as the project or activity is site specific,,NO,NO,NO,2023-03-29T12:28:47.182+00:00,,,Degraded Forest Land,true,"3B, 4TH FLOOR, ECOSPACE, RAJARHAT NEWTOWN, KOLKATA",SALTLAKE,19,Private Limited,ROW LEAD,SALTLAKE,19,North  District,,https://parivesh.nic.in/dms/okm/downloadDocument?docTypemappingId=40829&refId=4281855&refType=caf&uuid=c0822120-cdee-4055-9048-88d20b48ea79&version=1.0;https://parivesh.nic.in/dms/okm/downloadDocument?docTypemappingId=58989&refId=4281855&refType=FC&uuid=f0e80976-28c8-4259-918f-5501629172be&version=1.0,260930,https://parivesh.nic.in/newupgrade/#/report/ec?proposalId=4282007,120.0,24.0
4355156,Diversion of Forest land 0.3287 Ha for construction of road from Pelling Dentam road to Sardung Upper Lungjik in Gyalshing District of Sikkim by Roads & Bridges Department.,New,FP/SK/ROAD/424460/2023,2023-04-01T10:55:50.253+00:00,,Pending on UA for Compensatory Levies Payment,0.3287,42.38496,Public Works Department,,Forest clearance form,,,,Diversion of Forest land of 0.3287 Ha for construction of road from Pelling Dentam road to Sardung Upper Lungjik  in Gyalshing District of Sikkim by Roads & Bridges Department.,SIKKIM,Gyalshing,Bangten,,,,Linear,0.0,0.3287,0.3287,0.0,0.0,0.0,0.0,0.0,0,0,0,Not applicable as the project or activity is site specific,,NO,NO,NO,2023-04-04T10:32:05.354+00:00,,,Degraded Forest Land,true,"Road and Bridge Department, PWD, Zero Point, NH 31A, Gangtok, Sikkim",Sardung Lungjik,11,State Government (Department/Autonomous body),PCE-cum-Secretary,,11,West District,,https://parivesh.nic.in/dms/okm/downloadDocument?docTypemappingId=40829&refId=4353833&refType=caf&uuid=62403af8-ae75-4c58-8a6b-99f46f6097ca&version=1.1;https://parivesh.nic.in/dms/okm/downloadDocument?docTypemappingId=58989&refId=4353833&refType=FC&uuid=2825d3d1-3065-4cb2-b434-8d47d46f5b4b&version=1.0,261023,https://parivesh.nic.in/newupgrade/#/report/ec?proposalId=4355156,100.0,100.0
4522701,"Diversion of 2.64 ha of forest land for const of road form Bojey Tar to Upper Sumin km 0 to 4 in Pakyong District, Sikkim by R&B, Deptt, GoS",New,FP/SK/ROAD/425515/2023,2023-04-10T07:35:19.413+00:00,,Pending at UA for Compliance Report,3.165,521.16,Public Works Department,,Forest clearance form,,,,"Diversion of 2.64 ha of forest land for const of road form Bojey Tar to Upper Sumin km 0 to 4 in Pakyong District, Sikkim by R&B, Deptt, GoS",SIKKIM,Pakyong,Kartok,,,00,Linear,0.525,2.64,3.165,0.0,0.0,0.0,0.0,0.0,0,0,0,NO,NA,NO,NO,NO,2023-04-10T09:00:54.688+00:00,,,Degraded Forest Land,true,Pakyong District Sikkim,Pakyong,11,State Government (Department/Autonomous body),Divisional Engineer,Pakyong,11,East District,00,https://parivesh.nic.in/dms/okm/downloadDocument?docTypemappingId=40829&refId=4521644&refType=caf&uuid=89b0b4ef-9d55-4ba9-b09c-a736d0b58c4c&version=1.0;https://parivesh.nic.in/dms/okm/downloadDocument?docTypemappingId=58989&refId=4521644&refType=FC&uuid=512f6571-78b2-4ba1-b09f-e1a29edf3ded&version=1.0,261338,https://parivesh.nic.in/newupgrade/#/report/ec?proposalId=4522701,0.0,120.0
4535439,Proposal of Laying of OFC Cable along the uphill Side(RoW)  of the road  from Chungthang to Lachen over a stretch of 19 Km passes through forest area of Sikkim North Division,New,FP/SK/OFC/425583/2023,2023-04-10T12:53:11.964+00:00,,DELISTED_BY_SYSTEM,0.76,57.0,RELIANCE JIO INFOCOMM LIMITED,,Forest clearance form,,,,"Proposal for Granting Permission for laying OFC Cable from Chungthang to Lachen under North Division, Sikkim through Overhead Methodology",SIKKIM,Chungthang,Chungthang,,,,Linear,0.0,0.76,0.76,0.0,0.0,0.0,0.0,0.0,0,0,0,Not applicable as the project or activity is site specific,,NO,NO,NO,2023-04-10T12:59:29.962+00:00,,,Degraded Forest Land,true,"3B, 4TH FLOOR, ECOSPACE, RAJARHAT NEWTOWN, KOLKATA",Saltlake,19,Private Limited,ROW LEAD,Saltlake,19,North  District,,https://parivesh.nic.in/dms/okm/downloadDocument?docTypemappingId=40829&refId=4535300&refType=caf&uuid=effc2478-c808-455c-a482-86d63583f51e&version=1.0;https://parivesh.nic.in/dms/okm/downloadDocument?docTypemappingId=58989&refId=4535300&refType=FC&uuid=507919c9-f9b6-4e81-84a4-2440acb74187&version=1.0,260927,https://parivesh.nic.in/newupgrade/#/report/ec?proposalId=4535439,540.0,540.0
4547113,"Proposal of laying of ofc cable along the uphill side(row)  of the road  from kitam to jorethang market over a stretch of 17.5 km passes through forest areas of majhitar forest block, namchi range, south division, Sikkim",New,FP/SK/OFC/425663/2023,2023-04-11T07:56:07.360+00:00,,DELISTED_BY_SYSTEM,0.7,51.0,RELIANCE JIO INFOCOMM LIMITED,,Forest clearance form,,,,"Proposal for Granting Permission for laying OFC Cable from KITAM TO JORETHANG MARKET THROUGH FOREST AREAS OF MAJHITAR FOREST BLOCK, NAMCHI RANGE, SOUTH DIVISION, SIKKIM through Overhead Methodology",SIKKIM,Namchi,Kitam,,,,Linear,0.0,0.7,0.7,0.0,0.0,0.0,0.0,0.0,0,0,0,Not applicable as the project or activity is site specific,,NO,NO,NO,2023-04-11T08:00:57.887+00:00,,,Degraded Forest Land,true,"3B, 4TH FLOOR, ECOSPACE, RAJARHAT NEWTOWN, KOLKATA",Saltlake,19,Private Limited,ROW LEAD,SaltLake,19,South District,,https://parivesh.nic.in/dms/okm/downloadDocument?docTypemappingId=40829&refId=4546775&refType=caf&uuid=f53c249b-7fd4-4aec-98a2-31525a8c4127&version=1.0;https://parivesh.nic.in/dms/okm/downloadDocument?docTypemappingId=58989&refId=4546775&refType=FC&uuid=a0af8ad8-fcc9-43e7-9004-62bb8b99b0ff&version=1.0,261132,https://parivesh.nic.in/newupgrade/#/report/ec?proposalId=4547113,360.0,360.0
4634700,"Being congested Chungthang town existing roads are having intermediate lane (5.5m width) and very dense roadside establishment exist there. The road is also going through very sharp curve in horizontal alignment. Hence, widening and improvement in alignment is not possible without affecting existing development/road side establishment along the stretch in Chungthang town.",New,FP/SK/ROAD/426178/2023,2023-04-14T12:10:40.972+00:00,,Pending on UA for Compensatory Levies Payment,3.21,9659.0,BRO/758 BRTF,,Forest clearance form,,,,CONSTRUCTION OF BYPASS IN (NH 310A) TO NHDL SPECIFICATION WITH PAVED SHOULDER FROM CHUNGTHANG OF DESIGN KM 0+000 TO CHUNGTHANG OF DESIGN KM 1+335 IN THE STATE OF SIKKIM UNDER PROJECT SWASTIK OF BRO,SIKKIM,Chungthang,Chungthang,,,203,Linear,2.1451,1.0649,3.21,0.0,0.0,0.0,0.0,0.0,0,0,0,YES,,NO,NO,NO,2023-07-12T18:30:00.000+00:00,,,Degraded Forest Land,true,"HQ 758 BRTF (GREF) 
C/o 99 APO
Near Forest check Post
Chandmari",Gangtok,11,Central Government (Department/Autonomous body),COMMANDER,Gangtok,11,North  District,203,https://parivesh.nic.in/dms/okm/downloadDocument?docTypemappingId=40829&refId=4634314&refType=caf&uuid=1726afab-6871-40d3-b748-b3d8c914f7b6&version=1.1;https://parivesh.nic.in/dms/okm/downloadDocument?docTypemappingId=40828&refId=4634314&refType=caf&uuid=48624799-9496-4f40-9189-b8fb71fbdfe8&version=1.2;https://parivesh.nic.in/dms/okm/downloadDocument?docTypemappingId=40828&refId=4634314&refType=caf&uuid=f1653bed-b7a1-4821-8f09-cc812b2deded&version=1.2;https://parivesh.nic.in/dms/okm/downloadDocument?docTypemappingId=58989&refId=4634314&refType=FC&uuid=668cece0-3f37-417e-8a1a-b193d40761a6&version=1.2,260927,https://parivesh.nic.in/newupgrade/#/report/ec?proposalId=4634700,167107.0,0.0
4871963,Diversion of 0.4542 Ha Forest Land for Underground Pressures Shaft for 115 MW Rongni Chu Hydro-Electric Project due to Change in Layout of Pressure Shaft as a result of poor geology not feasible to construct stable anchor blocks for the surface penstock,New,FP/SK/HYD/IRRIG/427274/2023,2023-04-26T08:05:29.704+00:00,,REMOVED,0.4542,1.62073,MADHYA BHARAT POWER CORPORATION LIMITED,,Forest clearance form,,,,Rongnichu Hydroelectric Project by M/S Madhya Bharat Power Corporation Limited in the East District of Sikkim,SIKKIM,Pakyong,Pakyong Forest Block,,,Site RF,Linear,0.0,0.4542,0.4542,0.0,0.0,0.0,0.0,0.0,0,0,0,Not applicable as the project or activity is site specific,,NO,NO,YES,2023-09-22T18:30:00.000+00:00,,,,false,"1st Floor Vanijya Bhawan, Sai Nagar, Devendra Nagar Road, Raipur",Delhi,22,Private Limited,DIRECTOR,,22,East District,Site RF,https://parivesh.nic.in/dms/okm/downloadDocument?docTypemappingId=40829&refId=4595775&refType=caf&uuid=5c5f6497-32fd-4599-85d1-00b1f51fed8b&version=1.2;https://parivesh.nic.in/dms/okm/downloadDocument?docTypemappingId=58989&refId=4595775&refType=FC&uuid=0ff034d5-a012-42e0-be58-0a231b495b6f&version=1.5,261355,https://parivesh.nic.in/newupgrade/#/report/ec?proposalId=4871963,67000.0,16550.0
5012440,Diversion of  Forest land of  0.4762 Ha for the Construction of Working Standard Lab and Food Godown by Food and Civil Supplies Department at Mazigoan Jorethang.,New,FP/SK/OTHERS/427759/2023,2023-05-02T05:37:04.308+00:00,2025-09-26T06:20:52.946+00:00,Final Diversion Order Issued,0.4762,50.0,Food and Civil Supplies Department,,Forest clearance form,,,,"CONSTRUCTION OF WORKING STANDARD LAB AND FOOD GODOWN BY FOOD AND CIVIL SUPPLIES DEPARTMENT AT MAZI GOAN JORETHANG UNDER MELLI (T) RANGE, NAMCHI DISTRICT SOUTH SIKKIM",SIKKIM,Soreng,Samsing,,,,Non - Linear,0.0,0.4762,0.4762,0.0,0.0,0.0,0.0,0.0,0,0,0,Not applicable as the project or activity is site specific,,NO,NO,NO,2023-05-20T08:15:05.923+00:00,,,Degraded Forest Land,true,"Legal Metrology Unit and Consumer Protection Cell, Food and Civil Supplies Department, Government of Sikkim, P. S. Road, Gangtok",,11,State Government (Department/Autonomous body),Additional Controller,,11,West District,,https://parivesh.nic.in/dms/okm/downloadDocument?docTypemappingId=40829&refId=4810397&refType=caf&uuid=9b32d8b1-3200-4b39-b4ea-3f93297c5f01&version=1.1;https://parivesh.nic.in/dms/okm/downloadDocument?docTypemappingId=58989&refId=4810397&refType=FC&uuid=61effd43-edaa-44b5-b4ac-b22ab6e447a0&version=1.0,261071,https://parivesh.nic.in/newupgrade/#/report/ec?proposalId=5012440,16217.0,0.0
5203912,"PROPOSAL OF LAYING OFC OF JORT-9001 CONNECTING THROUGH FOREST AREAS OF NAMCHI FOREST BLOCK, WEST SIKKIM DIST FOR A LENGTH OF 500 MTRS. OVERHEAD METHODOLOGY WOULD BE FOLLOWED ALONG UP HILL SIDE OF THE ROAD.",New,FP/SK/OFC/428590/2023,2023-05-08T16:03:08.562+00:00,,DELISTED_BY_SYSTEM,0.02,2.0,RELIANCE JIO INFOCOMM LIMITED,,Forest clearance form,,,,"PROPOSAL OF LAYING OPTICAL FIBER CABLE OF JORT-ENB-9001 CONNECTING THROUGH FOREST AREAS OF NAMCHI FOREST BLOCK, SOUTH SIKKIM DIST",SIKKIM,Soreng,Soreng Forest Block,,,,Linear,0.0,0.02,0.02,0.0,0.0,0.0,0.0,0.0,0,0,0,Not applicable as the project or activity is site specific,,NO,NO,NO,2023-05-25T13:31:18.988+00:00,,,Non-forest Land,true,"3B, 4TH FLOOR, ECOSPACE, RAJARHAT NEWTOWN, KOLKATA",SECTOR V,19,Private Limited,ROW LEAD,SECTOR V,19,West District,,https://parivesh.nic.in/dms/okm/downloadDocument?docTypemappingId=40829&refId=5203704&refType=caf&uuid=58233ba4-bf19-4fad-842b-efe8be8b32be&version=1.2;https://parivesh.nic.in/dms/okm/downloadDocument?docTypemappingId=58989&refId=5203704&refType=FC&uuid=e28cab71-6eb4-4aa6-9588-7aa77f4f759b&version=1.3,261102,https://parivesh.nic.in/newupgrade/#/report/ec?proposalId=5203912,90.0,60.0
5204446,"PROPOSAL OF LAYING OFC FROM SINGTAM TO BOMTAR THROUGH FOREST AREAS OF TEMI FOREST BLOCK, SOUTH SIKKIM DIST, NAMCHI FOREST DIVISION FOR A LENGTH OF 41.5 KM IN TOTAL FOR A DIVERSION OF 1.66 Ha",New,FP/SK/OFC/428592/2023,2023-05-08T16:44:39.303+00:00,,DELISTED_BY_SYSTEM,1.66,17.0,RELIANCE JIO INFOCOMM LIMITED,,Forest clearance form,,,,"PROPOSAL OF LAYING OFC FROM SINGTAM TO BOMTAR THROUGH FOREST AREAS OF TEMI FOREST BLOCK, SOUTH SIKKIM DIST, NAMCHI FOREST DIVISION",SIKKIM,Namchi,Temi,,,,Linear,0.0,1.66,1.66,0.0,0.0,0.0,0.0,0.0,0,0,0,Not applicable as the project or activity is site specific,,NO,NO,NO,2023-10-30T18:30:00.000+00:00,,,Degraded Forest Land,true,"3B, 4TH FLOOR, ECOSPACE, RAJARHAT NEWTOWN, KOLKATA",SALTLAKE,19,Private Limited,ROW LEAD,SALTLAKE,19,South District,,https://parivesh.nic.in/dms/okm/downloadDocument?docTypemappingId=40829&refId=5204345&refType=caf&uuid=e16c9356-fe46-4d33-b0dd-673f89623d01&version=1.0;https://parivesh.nic.in/dms/okm/downloadDocument?docTypemappingId=58989&refId=5204345&refType=FC&uuid=afcfd0df-8119-4543-a67a-047f9f5d247d&version=1.0,261183,https://parivesh.nic.in/newupgrade/#/report/ec?proposalId=5204446,390.0,390.0
5204837,"PROPOSAL  OF LAYING OFC OF ZOOM CONNECTING FROM ZOOM TO NAYABAZAR OF FOREST AREA OF SORENG DIVISION FOR A TOTAL LENGTH OF THE PROPOSED ROUTE IS 3.5 KM.
TOTAL LENGTH OF PROPOSED ROUTE – 3500 X 0.40 = 0.14 Hectare",New,FP/SK/OFC/428595/2023,2023-05-08T17:19:08.232+00:00,,DELISTED_BY_SYSTEM,0.14,7.0,RELIANCE JIO INFOCOMM LIMITED,,Forest clearance form,,,,"PROPOSAL  FOR LAYING OFC OF ZOOM CONNECTING THROUGH FOREST AREAS OF ZOOM RESERVE FOREST BLOCK,WEST SIKKIM DIST",SIKKIM,Soreng,Zoom,,,,Linear,0.0,0.14,0.14,0.0,0.0,0.0,0.0,0.0,0,0,0,Not applicable as the project or activity is site specific,,NO,NO,NO,2023-12-17T18:30:00.000+00:00,,,Degraded Forest Land,true,"3B, 4TH FLOOR, ECOSPACE, RAJARHAT NEWTOWN, KOLKATA",SALTLAKE,19,Private Limited,ROW LEAD,SALTLAKE,19,West District,,https://parivesh.nic.in/dms/okm/downloadDocument?docTypemappingId=40829&refId=5204808&refType=caf&uuid=694d945c-66a5-461e-b172-b941316f33fa&version=1.0;https://parivesh.nic.in/dms/okm/downloadDocument?docTypemappingId=58989&refId=5204808&refType=FC&uuid=af87031e-231a-4638-8c76-022986b506dc&version=1.1,261099,https://parivesh.nic.in/newupgrade/#/report/ec?proposalId=5204837,285.0,285.0
5247116,4G site  project funded by USOF to provide 4G coverage in the uncovered area at Kyongnosla village,New,FP/SK/CommPost/428843/2023,2023-05-10T11:06:31.988+00:00,,Pending at UA for Compensatory Levies Payment and Compliance Report,0.0084,75.0,MAHESH NAIR,,Forest clearance form,,,,4G Saturation,SIKKIM,Gangtok,Kyongnosla Forest Block,,,,Hybrid,0.0,0.0084,0.0084,0.0,0.0,0.0,0.0,0.0,0,0,0,Not applicable as the project or activity is site specific,,NO,NO,NO,2023-06-20T02:25:43.297+00:00,,,,false,"General Manager Telecom, BSNL Bhavan, Thiruvalla",Kyongnosla,32,"Central PSU (eg. NHAI, AAI, NTP, CIL, SAIL)","AGM (CM & IT), Gangtok",Kyongnosla village,32,East District,,https://parivesh.nic.in/dms/okm/downloadDocument?docTypemappingId=40829&refId=2090872&refType=caf&uuid=f4e8b81b-5f5f-4334-a44e-ef67aa7e4c69&version=1.0;https://parivesh.nic.in/dms/okm/downloadDocument?docTypemappingId=58989&refId=2090872&refType=FC&uuid=cbb7fa66-cb22-4cdf-93b0-65d8c00b7c95&version=1.1,261318,https://parivesh.nic.in/newupgrade/#/report/ec?proposalId=5247116,800.0,2325.0
5293292,"The Following components (works) has to be initiated as per requirements and demands in the area :
1.	Construction of cafeteria					: 0.0111 Ha
2.	Construction of Police Outpost				: 0.0055 Ha
3.	Construction of Souvenir shops.				: 0.0037 Ha
4.	Construction of stalls						: 0.0102 Ha
5.	Construction of parking				 	: 0.133Ha
6.	Landscaping, beautification and external water supply 	: 0.0229 Ha",New,FP/SK/OTHERS/429046/2023,2023-05-12T07:17:13.573+00:00,,REJECTED,0.2782,595.98,Tourism and Civil Aviation Department,,Forest clearance form,,,,Development of Tourist Amenities at Khechoperi Lake in West Sikkim,SIKKIM,Gyalshing,Arithang,,,,Non - Linear,0.0,0.2782,0.2782,0.0,0.0,0.0,0.0,0.0,0,0,0,Not applicable as the project or activity is site specific,,NO,NO,NO,2024-06-02T18:30:00.000+00:00,,,Degraded Forest Land,true,"Paryatan Bhawan, Metro Point Gangtok",,11,State Government (Department/Autonomous body),Divisional Engineer,,11,West District,,https://parivesh.nic.in/dms/okm/downloadDocument?docTypemappingId=40829&refId=5288947&refType=caf&uuid=8113bf8a-4aea-4951-ab18-2daf7dbd95ea&version=1.0;https://parivesh.nic.in/dms/okm/downloadDocument?docTypemappingId=58989&refId=5288947&refType=FC&uuid=632998f6-6556-4108-a0af-ab553421c29c&version=1.1,261005,https://parivesh.nic.in/newupgrade/#/report/ec?proposalId=5293292,254630.0,3045.0
5301704,"Area  0.6894 ha applied for development of Rabindranath Park and Cultural Centre at Megi Dara, Rinchenpong, West Sikkim by Tourism and Civil Aviation Department Govt. of Sikkim for construction of Rabindranath Tagore's Statue, Construction of viewing deck, Construction of interpretation center, Landscape, plantation and beautification.",New,FP/SK/OTHERS/429087/2023,2023-05-12T10:33:42.228+00:00,,REJECTED,0.9685,4093.0,Tourism and Civil Aviation Department,,Forest clearance form,,,,"Development of Rabindranath Tagore Park and Cultural Centre at Megi Dara, Rinchenpong, West Sikkim",SIKKIM,Soreng,Sangadorji,,,00,Non - Linear,0.2791,0.6894,0.9685,0.0,0.0,0.0,0.0,0.0,0,0,0,Not applicable as the project or activity is site specific,,NO,NO,NO,2024-06-28T18:30:00.000+00:00,,,Degraded Forest Land,true,"Paryatan Bhawan, Metro Point Gangtok",,11,State Government (Department/Autonomous body),Divisional Engineer,,11,West District,00,https://parivesh.nic.in/dms/okm/downloadDocument?docTypemappingId=40829&refId=5269902&refType=caf&uuid=910f475f-d6b1-4708-a39b-4003bb83acf8&version=1.0;https://parivesh.nic.in/dms/okm/downloadDocument?docTypemappingId=58989&refId=5269902&refType=FC&uuid=e16d131a-c06a-449e-88f2-70381c73595c&version=1.1,0,https://parivesh.nic.in/newupgrade/#/report/ec?proposalId=5301704,239154.0,2200.0
5354274,Diversion of Forest Land 0.2775Ha for construction of operational track Bheem Base to Bheem Top in Doka La Sect inside Pangolakha Wild Life Sanctuary Forest Land after carrying out extensive recce/joint survey along with Forest and Army Officials.,New,WL/SK/DEF/429347/2023,2023-05-15T15:21:32.208+00:00,,,0.2775,12.1,MINISTRY OF DEFENCE,,Wildlife clearance form,,,,Diversion of Forest Land  of 0.2775Ha from Bheem Base to Bheem Top for construction  of operational track inside Pangolakha Wild Life Sanctuary.,SIKKIM,Gangtok,Kyongnosla Forest Block,,,,Linear,0.0,0.2775,0.2775,0.0,0.0,0.0,0.0,0.0,0,0,0,Not applicable as the project or activity is site specific,,NO,NO,NO,2023-05-15T15:44:10.413+00:00,,,,,,,,,,,,East District,,https://parivesh.nic.in/dms/okm/downloadDocument?docTypemappingId=40829&refId=5354255&refType=caf&uuid=464b7f29-6d4d-42a9-8fc8-aacece88a456&version=1.0,261318,https://parivesh.nic.in/newupgrade/#/report/ec?proposalId=5354274,0.0,0.0
5563229,"As a part of Digital India Initiative, We Jio Digital Fibre Private Limited is planned to connect every corner of India with High Speed Internet Connectivity. To fulfil this aspiration we are planning to lay optical fibre cable  of GARN-9038 connecting through forest areas of Geyzing forest block, west Sikkim Dist for a length of 1.5 km",New,FP/SK/OFC/430453/2023,2023-05-23T10:49:33.739+00:00,,DELISTED_BY_SYSTEM,0.06,1.5,RELIANCE JIO INFOCOMM LIMITED,,Forest clearance form,,,,"Proposal for diversion of forest land for laying of ofc cable of GARN-9038 connecting through forest areas of Geyzing forest block, west Sikkim Dist for a length of 1.5 km",SIKKIM,Gyalshing,Gyalshing Forest Block,,,,Linear,0.0,0.06,0.06,0.0,0.0,0.0,0.0,0.0,0,0,0,Not applicable as the project or activity is site specific,,NO,NO,NO,2023-05-23T11:04:00.477+00:00,,,Degraded Forest Land,true,"3B, 4TH FLOOR, ECOSPACE, RAJARHAT NEWTOWN, KOLKATA",Saltlake,19,Private Limited,ROW LEAD,SALKLAKE,19,West District,,https://parivesh.nic.in/dms/okm/downloadDocument?docTypemappingId=40829&refId=5562226&refType=caf&uuid=2a1f0c0a-c776-425c-9fc2-95627a93f12e&version=1.0;https://parivesh.nic.in/dms/okm/downloadDocument?docTypemappingId=58989&refId=5562226&refType=FC&uuid=a7605860-b6c4-478a-9720-0da571ef1642&version=1.0,261048,https://parivesh.nic.in/newupgrade/#/report/ec?proposalId=5563229,49.0,24.0
5589155,"Diversion of 0.0192 Ha of forest land for const of approach road from SPWD road, Burtuk to the construction site of Educational centre-cum-Kingdom Hall of Jehovah's Withness Upper Burtuk (below Degree College)Gangtok  Sikkim by the Congregation of Jehovah's Witnesses.",New,FP/SK/ROAD/430607/2023,2023-05-24T10:26:39.091+00:00,,DELISTED_BY_SYSTEM,0.0192,1.0,EDUCATIONAL CENTER CUM KINGDOM HALL OF JEHOVAHS WITNESSES,,Forest clearance form,,,,"Diversion of 0.0192 Ha of forest land for const of road from SPWD road, Burtuk to the construction site of Educational centre-cum-Kingdom Hall of Jehovah's Withness Upper Burtuk Gangtok Sikkim by the Gangtok Congregation of Jehovah's Witnesses",SIKKIM,Gangtok,Burtuk,,,983/GIS/WP23/FED,Linear,0.0,0.0192,0.0192,0.0,0.0,0.0,0.0,0.0,0,0,0,Not applicable as the project or activity is site specific,,NO,NO,NO,2023-05-24T10:30:17.956+00:00,,,Degraded Forest Land,true,"UPPER SYARI, GANGTOK, EAST SIKKIM, INDIA
TADONG P.O. 737102",Burtuk Gangtok Sikkim,11,Others,po,Burtuk Gangtok Sikkim,11,East District,983/GIS/WP23/FED,https://parivesh.nic.in/dms/okm/downloadDocument?docTypemappingId=40829&refId=5588514&refType=caf&uuid=c0d3f078-2530-442f-8bf7-82b52eb5e7a3&version=1.0;https://parivesh.nic.in/dms/okm/downloadDocument?docTypemappingId=58989&refId=5588514&refType=FC&uuid=48a90ede-e3b0-4cbf-a4ec-d800a4b664d5&version=1.0,943198,https://parivesh.nic.in/newupgrade/#/report/ec?proposalId=5589155,500.0,0.0
5822755,Project road starts from km 0.000 near just after Chungthang town. Chungthang is marked 0.000 km at Kilometer stone 97/0 and terminate at km 28.0 near Lachen town for Package-III. This section of the package road starts from Chungthang at km 0+000 to km 09+400. This section is around 09.400 km in length.,New,FP/SK/ROAD/431936/2023,2023-06-02T06:35:23.099+00:00,,REMOVED,21.286,25100.0,BRO/758 BRTF,,Forest clearance form,,,,CONSTRUCTION/IMPROVEMENT ON EPC MODE OF EXISTING ROAD TO NHDL SPECIFICATION WITH SHOULDER FROM EXISTING KM 0.000 (CHUNGTHANG) TO KM 30.000 (ZEEMA) OF TOTAL DESIGN LENGTH 31.599 KM UNDER CHUNGTHANG FOREST SUB-DIVISION ON ROAD CHUNGTHANG-LACHEN-ZEEMA (PART OF NH 310AG) IN THE STATE OF SIKKIM UNDER PROJECT SWASTIK OF BRO,SIKKIM,Chungthang,Chungthang,,,75,Linear,3.1961,18.0899,21.286,0.0,0.0,0.0,0.0,0.0,0,0,0,Not applicable as the project or activity is site specific,,NO,NO,NO,2023-06-02T12:44:19.027+00:00,,https://parivesh.nic.in/dms/okm/downloadDocument?docTypemappingId=59020&refId=5822754&refType=fc&uuid=3bcda66c-4049-42d0-adf3-139838932cf5&version=1.0,Degraded Forest Land,true,"HQ 758 BRTF (GREF) 
C/o 99 APO
Near Forest check Post
Chandmari",Gangtok,11,Central Government (Department/Autonomous body),COMMANDER,Gangtok,11,North  District,75,https://parivesh.nic.in/dms/okm/downloadDocument?docTypemappingId=40829&refId=5813246&refType=caf&uuid=4e49b0d2-e58c-4383-812c-5a31b8f85c7e&version=1.0;https://parivesh.nic.in/dms/okm/downloadDocument?docTypemappingId=58989&refId=5813246&refType=FC&uuid=9d2533ec-5321-4f35-9480-507de25d4f00&version=1.3,260927,https://parivesh.nic.in/newupgrade/#/report/ec?proposalId=5822755,637478.0,3317895.0
6177284,"Diversion of additional 0.4542 Ha. Forest Land for construction of underground penstock for 115 MW Rongnichu Hydro Electric Project by Madhya Bharat Power Corporation Ltd., due to a change in the layout of the pressure shaft as a result of poor geology not feasible to construct stable anchor blocks for the surface penstock.",New,FP/SK/HYD/IRRIG/433727/2023,2023-06-17T08:01:05.375+00:00,,DELISTED_BY_SYSTEM,0.4542,1.6123,MADHYA BHARAT POWER CORPORATION LIMITED,,Forest clearance form,,,,"Diversion of Additional 0.4542 Ha. Forest Land in Site RF, Pakyong Forest Division, Sikkim for our Rongnichu Hydro Electric Project",SIKKIM,Pakyong,Pakyong Forest Block,,,Sitey RF,Linear,0.0,0.4542,0.4542,0.0,0.0,0.0,0.0,0.0,0,0,0,Not applicable as the project or activity is site specific,,NO,NO,YES,2024-05-06T18:30:00.000+00:00,,,,false,"1st Floor Vanijya Bhawan, Sai Nagar, Devendra Nagar Road, Raipur",Delhi,22,Private Limited,DIRECTOR,Raipur,22,East District,Sitey RF,https://parivesh.nic.in/dms/okm/downloadDocument?docTypemappingId=40829&refId=6176247&refType=caf&uuid=256693b0-be26-4b52-b0cc-737a7abd5263&version=1.0;https://parivesh.nic.in/dms/okm/downloadDocument?docTypemappingId=58989&refId=6176247&refType=FC&uuid=6f9d2df3-75cd-480a-bac7-8cf69e819386&version=1.0,261355,https://parivesh.nic.in/newupgrade/#/report/ec?proposalId=6177284,67000.0,577550.0
6293728,"As a part of Digital India Initiative, We Jio Digital Fibre Private Limited is planned to connect every corner of India with High Speed Internet Connectivity. To fulfil this aspiration we are planning to lay optical fibre cable in GAOK-ENB-0025 connecting through forest areas of Gangtok, East Sikkim district for a total length of 0.105 KM.",New,FP/SK/OFC/434345/2023,2023-06-22T12:05:52.635+00:00,,DELISTED_BY_SYSTEM,0.0042,1.0,RELIANCE JIO INFOCOMM LIMITED,,Forest clearance form,,,,"Proposal for diversion of forest land for laying of ofc cable of GAOK-ENB-0025 connecting through forest areas of Gangtok, East Sikkim district for a total length of 0.105 KM",SIKKIM,Pakyong,Aho,,,,Linear,0.0,0.0042,0.0042,0.0,0.0,0.0,0.0,0.0,0,0,0,Not applicable as the project or activity is site specific,,NO,NO,NO,2023-06-22T12:16:15.159+00:00,,,Degraded Forest Land,true,"3B, 4TH FLOOR, ECOSPACE, RAJARHAT NEWTOWN, KOLKATA",Sector V Saltlake,19,Private Limited,ROW LEAD,Sector V Saltlake,19,East District,,https://parivesh.nic.in/dms/okm/downloadDocument?docTypemappingId=40829&refId=6293181&refType=caf&uuid=750f91b6-7b70-476c-abf2-2c03b5f5da32&version=1.0;https://parivesh.nic.in/dms/okm/downloadDocument?docTypemappingId=58989&refId=6293181&refType=FC&uuid=4060a177-40e9-450e-8713-1379f351acaf&version=1.0,261330,https://parivesh.nic.in/newupgrade/#/report/ec?proposalId=6293728,10.0,24.0
6322094,"As a part of Digital India Initiative, We Jio Digital Fibre Private Limited is planned to connect every corner of India with High Speed Internet Connectivity. To fulfil this aspiration we are planning to lay optical fibre cable in of KABI-ENB-9006 through forest areas of Mangan forest block, North Sikkim Dist for a total length of 1.27 KM. From NSH(Gumpa Phatak) (27.4268 88.61) to Phensang Gumpa Area (27.4221 88.611)  UNDER Phodong (T) RANGE, Mangan Territorial Division, Mangan District.",New,FP/SK/OFC/434484/2023,2023-06-24T04:08:01.037+00:00,,DELISTED_BY_SYSTEM,0.0013,1.0,RELIANCE JIO INFOCOMM LIMITED,,Forest clearance form,,,,"Proposal for diversion of forest land for laying of ofc cable of KABI-ENB-9006 through forest areas of Mangan forest block, North Sikkim Dist for a total length of 1.2 KM",SIKKIM,Mangan,Kabi,,,,Linear,0.0,0.0013,0.0013,0.0,0.0,0.0,0.0,0.0,0,0,0,Not applicable as the project or activity is site specific,,NO,NO,NO,2024-04-04T18:30:00.000+00:00,,,Degraded Forest Land,true,"3B, 4TH FLOOR, ECOSPACE, RAJARHAT NEWTOWN, KOLKATA",Sector V College More,19,Private Limited,ROW LEAD,Kolkata,19,North  District,,https://parivesh.nic.in/dms/okm/downloadDocument?docTypemappingId=40829&refId=6306415&refType=caf&uuid=236b3100-368e-4da2-9578-d7376ee47f6a&version=1.5;https://parivesh.nic.in/dms/okm/downloadDocument?docTypemappingId=58989&refId=6306415&refType=FC&uuid=1dd6d16d-9fc6-49d7-9067-4dd68f57e49e&version=1.5,260972,https://parivesh.nic.in/newupgrade/#/report/ec?proposalId=6322094,55.0,24.0
6372629,"As a part of Digital India Initiative, We Jio Digital Fibre Private Limited is planned to connect every corner of India with High Speed Internet Connectivity. To fulfil this aspiration we are planning to lay optical fibre cable in of NMHI-ENB-9034 through forest areas of Namchi forest block, South Sikkim dist for a total length of 4.0 KM",New,FP/SK/OFC/434739/2023,2023-06-27T06:05:05.052+00:00,,DELISTED_BY_SYSTEM,0.16,1.0,RELIANCE JIO INFOCOMM LIMITED,,Forest clearance form,,,,"Proposal for diversion of forest land for laying of ofc cable of NMHI-ENB-9034 through forest areas of Namchi forest block, South Sikkim dist for a total length of 4.0 KM",SIKKIM,Namchi,Aifaltar,,,,Linear,0.0,0.16,0.16,0.0,0.0,0.0,0.0,0.0,0,0,0,Not applicable as the project or activity is site specific,,NO,NO,NO,2023-06-27T06:18:36.988+00:00,,,Degraded Forest Land,true,"3B, 4TH FLOOR, ECOSPACE, RAJARHAT NEWTOWN, KOLKATA",Kolkata,19,Private Limited,ROW LEAD,Kolkata,19,South District,,https://parivesh.nic.in/dms/okm/downloadDocument?docTypemappingId=40829&refId=6372253&refType=caf&uuid=f37a2501-f69b-4a6b-a39e-6b7de1e792a8&version=1.0;https://parivesh.nic.in/dms/okm/downloadDocument?docTypemappingId=58989&refId=6372253&refType=FC&uuid=916cdc47-0c6c-4e03-85af-c1eb4703faf8&version=1.2,261181,https://parivesh.nic.in/newupgrade/#/report/ec?proposalId=6372629,10.0,24.0
6411225,"As a part of Digital India Initiative, We Jio Digital Fibre Private Limited is planned to connect every corner of India with High Speed Internet Connectivity. To fulfil this aspiration we are planning to lay optical fibre cable in of Nayabazar to Bum through forest areas of Sisney reserve forest block, Soreng Range, West Sikkim dist for a total length of 41.8 KM",New,FP/SK/OFC/434940/2023,2023-06-28T09:32:09.759+00:00,,DELISTED_BY_SYSTEM,1.672,1.0,RELIANCE JIO INFOCOMM LIMITED,,Forest clearance form,,,,"Proposal for diversion of forest land for laying of ofc cable of Nayabazar to Bum through forest areas of Sisney reserve forest block, Soreng Range West Sikkim dist for a total length of 41.8 KM",SIKKIM,Soreng,Soreng Forest Block,,,,Linear,0.0,1.672,1.672,0.0,0.0,0.0,0.0,0.0,0,0,0,Not applicable as the project or activity is site specific,,NO,NO,NO,2023-06-29T06:18:28.591+00:00,,,Degraded Forest Land,true,"3B, 4TH FLOOR, ECOSPACE, RAJARHAT NEWTOWN, KOLKATA",Kolkata,19,Private Limited,ROW LEAD,Kolkata,19,West District,,https://parivesh.nic.in/dms/okm/downloadDocument?docTypemappingId=40829&refId=6410479&refType=caf&uuid=1a53d227-e618-498b-aed2-9be69de26256&version=1.1;https://parivesh.nic.in/dms/okm/downloadDocument?docTypemappingId=58989&refId=6410479&refType=FC&uuid=0a7e88dd-04bd-4b27-96b4-70abca61f9e9&version=1.4,261102,https://parivesh.nic.in/newupgrade/#/report/ec?proposalId=6411225,10.0,24.0
6475012,"As a part of Digital India Initiative, We Jio Digital Fibre Private Limited is planned to connect every corner of India with High Speed Internet Connectivity. To fulfil this aspiration we are planning to lay optical fibre cable in of Mangan to Lingza passing through forest areas of Dzongu forest block, Upper dzongu forest block, North Sikkim dist for a total length of 14 km.",New,FP/SK/OFC/435296/2023,2023-07-01T06:49:56.777+00:00,,DELISTED_BY_SYSTEM,0.56,1.0,RELIANCE JIO INFOCOMM LIMITED,,Forest clearance form,,,,"Proposal for diversion of forest land for laying of ofc cable of Mangan to Lingza passing through forest areas of Dzongu forest block, Upper dzongu forest block, North Sikkim dist for a total length of 14 km",SIKKIM,Mangan,Lingzah-Tolung,,,,Linear,0.0,0.56,0.56,0.0,0.0,0.0,0.0,0.0,0,0,0,Not applicable as the project or activity is site specific,,NO,NO,NO,2023-07-01T06:56:07.970+00:00,,,Degraded Forest Land,true,"3B, 4TH FLOOR, ECOSPACE, RAJARHAT NEWTOWN, KOLKATA",Kolkata,19,Private Limited,ROW LEAD,Kolkata,19,North  District,,https://parivesh.nic.in/dms/okm/downloadDocument?docTypemappingId=40829&refId=6474498&refType=caf&uuid=a83610d4-d1e4-4c59-aaf5-9c45b17abd50&version=1.0;https://parivesh.nic.in/dms/okm/downloadDocument?docTypemappingId=58989&refId=6474498&refType=FC&uuid=78d62df2-a3ff-4030-b933-22a5b1e563d5&version=1.0,0,https://parivesh.nic.in/newupgrade/#/report/ec?proposalId=6475012,10.0,24.0
6476410,"As a part of Digital India Initiative, We Jio Digital Fibre Private Limited is planned to connect every corner of India with High Speed Internet Connectivity. To fulfil this aspiration we are planning to lay optical fibre cable ZOOM 2 CONNECTING FROM NAYABAZAR TO GELLING (GYANDIL DHAM) OF FOREST AREA OF SORENG DIVISION FOR A TOTAL LENGTH OF 13.6 KM
TOTAL LENGTH OF PROPOSED ROUTE – 13600 X 0.40 = 0.544 Hectare",New,FP/SK/OFC/435306/2023,2023-07-01T07:22:48.158+00:00,,DELISTED_BY_SYSTEM,0.544,5.0,RELIANCE JIO INFOCOMM LIMITED,,Forest clearance form,,,,"Proposal for diversion of forest land for laying of ofc cable of ZOOM 2 connecting through forest areas of Ravang reserve forest block, West Sikkim dist for a total length of 11 km",SIKKIM,Soreng,Gelling,,,,Linear,0.0,0.544,0.544,0.0,0.0,0.0,0.0,0.0,0,0,0,Not applicable as the project or activity is site specific,,NO,NO,NO,2023-12-17T18:30:00.000+00:00,,,Degraded Forest Land,true,"3B, 4TH FLOOR, ECOSPACE, RAJARHAT NEWTOWN, KOLKATA",Kolkata,19,Private Limited,ROW LEAD,Kolkata,19,West District,,https://parivesh.nic.in/dms/okm/downloadDocument?docTypemappingId=40829&refId=6476177&refType=caf&uuid=f10d4b94-b846-4ebe-8f58-850f1fae1686&version=1.1;https://parivesh.nic.in/dms/okm/downloadDocument?docTypemappingId=58989&refId=6476177&refType=FC&uuid=d42c9d22-4d75-4d6f-ae57-7ea20f2abc12&version=1.0,261072,https://parivesh.nic.in/newupgrade/#/report/ec?proposalId=6476410,10.0,24.0
6552642,"Diversion of forest land of 0.0271 ha for construction of development of community culture park near Atal Setu at Rangpo under Pakyong District of Sikkim, by Culture Department , Govt. of Sikkim.",New,FP/SK/OTHERS/435651/2023,2023-07-05T05:52:55.175+00:00,,DELISTED_BY_SYSTEM,0.0271,250.0,Culture Department,,Forest clearance form,,,,"Diversion of forest land of 0.0271 ha for construction of development of community culture park near Atal Setu at Rangpo in Pakyong District of Sikkim by Culture Department, Government of Sikkim.",SIKKIM,Pakyong,East Pendam,,,00,Non - Linear,0.0,0.0271,0.0271,0.0,0.0,0.0,0.0,0.0,0,0,0,NO,NA,NO,NO,NO,2023-07-12T05:49:12.809+00:00,,,Degraded Forest Land,true,"Culture Department, Manan Kendra, Gangtok, Development Area",Gangtok,11,State Government (Department/Autonomous body),Assistant Engineer,Gangtok,11,East District,00,https://parivesh.nic.in/dms/okm/downloadDocument?docTypemappingId=40829&refId=6551584&refType=caf&uuid=a5afbe88-a456-4663-8a3d-c5af01c11776&version=1.0;https://parivesh.nic.in/dms/okm/downloadDocument?docTypemappingId=58989&refId=6551584&refType=FC&uuid=39c6a7c3-33bc-4233-8275-53e620ce3cf6&version=1.0,261336,https://parivesh.nic.in/newupgrade/#/report/ec?proposalId=6552642,3041.0,0.0
6644229,"The Power House Complex of Teesta-VI HE Project (500 MW) is being constructed at Thalthaley, Pamphok Block by Lanco Teesta Hydro Power Limited (A wholly owned subsidiary of NHPC Limited) which involves a lot of underground excavation works. It is expected that due to underground excavations, muck would be generated. For dumping of excavated muck, there is no Private or Govt. Land available near the Power House area. Hence, a suitable area has been identified on the right bank of river Teesta about 500 m downstream of Adit-IV Portal which can be used for dumping of muck. This is the only available land in the Power House area and is very much suitable for muck dumping as it falls within 1.5 km from the sites of all activities. The land falls under Namthang Territorial Range, Namchi Territorial Division, District Namchi, Sikkim.",New,FP/SK/OTHERS/436073/2023,2023-07-08T10:56:36.379+00:00,2025-06-17T03:02:41.461+00:00,Final Diversion Order Issued,1.8115,563.0,LANCO TEESTA HYDRO POWER LIMITED,,Forest clearance form,,,,"Diversion of 1.8115 ha of Forest Land for Muck Dumping at Thalthaley, Pamphok for Teesta-VI HE Project (500 MW)",SIKKIM,Namchi,Pamphok,,,"78A/8/5, 78A/12/2",Non - Linear,0.0,1.8115,1.8115,0.0,0.0,0.0,0.0,0.0,0,0,0,Not applicable as the project or activity is site specific,,NO,NO,NO,2024-01-01T18:30:00.000+00:00,,,Degraded Forest Land,true,"Teesta-VI HE Project, Balutar, P.O. Singtam East Sikkim",Balutar,11,"Central PSU (eg. NHAI, AAI, NTP, CIL, SAIL)",Chief Executive Officer,Balutar,11,South District,"78A/8/5, 78A/12/2",https://parivesh.nic.in/dms/okm/downloadDocument?docTypemappingId=40829&refId=6642687&refType=caf&uuid=c163b7a1-b7b1-4c3c-af8b-77519419266b&version=1.0;https://parivesh.nic.in/dms/okm/downloadDocument?docTypemappingId=58989&refId=6642687&refType=FC&uuid=35792fd3-a798-47f1-83bf-21936c309eda&version=1.2,261193,https://parivesh.nic.in/newupgrade/#/report/ec?proposalId=6644229,0.0,0.0
6796246,"Bojeytar is a small village located at an altitude of 1500m, surrounded by lush green pine trees making it one of the favourite place for the people of Pakyong in terms of Tourism & Sports. It is located nearly 4kms away from Pakyong, Greenfield Airport under Pakyong District. It has always been an ideal place to celebrate or organize various sports activities.  Every year round, the people of the District and the State gathers around to compete in the Sports activities hosted by the Local Sporting club/committee. However, due to lack of proper size, shape and gradient of existing playfield and other facilities in the existing playfield, it has become really difficult to host and cater, ever increasing sports person/enthusiast. The available play field has become congested and not been able to cater the sport events in spacious/gracious manner. The area falls in the Reserve Forest zone and do not have private/Govt. land for construction of ground in its close proximity.",New,FP/SK/OTHERS/436730/2023,2023-07-14T10:09:34.081+00:00,,DELISTED_BY_SYSTEM,0.96,570.76,SPORTS AND YOUTH AFFAIRS DEPARTMENT  GOVERNMENT OF SIKKIM,,Forest clearance form,,,,"Diversion of 0.96 ha of forest land for construction of play ground with basic facilities & amenities at Bojeytar, Upper Namcheybong, Pakyong District by Sports & Youth Affairs Deptt. Govt. of Sikkim",SIKKIM,Pakyong,Kartok,,,0,Non - Linear,0.0,0.96,0.96,0.0,0.0,0.0,0.0,0.0,0,0,0,Not applicable as the project or activity is site specific,,NO,NO,NO,2023-07-14T10:56:15.165+00:00,,,Degraded Forest Land,true,"Sports and Youth Affairs Department, White Hall, Government of Sikkim, Gangtok.",Gangtok,11,State Government (Department/Autonomous body),Chief Engineer,Gangtok,11,East District,0,https://parivesh.nic.in/dms/okm/downloadDocument?docTypemappingId=40829&refId=6794651&refType=caf&uuid=059604da-d33a-4b57-b739-9a4e580b4994&version=1.0;https://parivesh.nic.in/dms/okm/downloadDocument?docTypemappingId=58989&refId=6794651&refType=FC&uuid=15326314-f97d-4e20-92b4-5b7bdae568b1&version=1.4,261338,https://parivesh.nic.in/newupgrade/#/report/ec?proposalId=6796246,0.0,100.0
6877674,"The Project Multi Village Water Supply scheme at Budang-Kamarey, Central Pendam and West Pendam GPUs under Jal Jeevan Mission under Pakyong BAC, Rural Development Department and is being sourced from the Tsomgp Lake run off via Latuk, Tokchi, Pakyong and Budang.",New,FP/SK/WATER/437084/2023,2023-07-17T17:53:35.805+00:00,,Pending on UA for Compensatory Levies Payment,1.2798,13171.24,Rural Development,,Forest clearance form,,,,Multi Village Water Supply Scheme under Jal Jeevan Mission,SIKKIM,Gangtok,Kyongnosla Forest Block,,,78A/11/6 78/A/11/5,Non - Linear,0.0,1.2798,1.2798,0.0,0.0,0.0,0.0,0.0,0,0,0,Not applicable as the project or activity is site specific,,NO,NO,NO,2023-07-17T18:30:00.000+00:00,,,Degraded Forest Land,true,"PAKYONG , RDD OFFICE",,11,State Government (Department/Autonomous body),Junior Engineer,,11,East District,78A/11/6 78/A/11/5,https://parivesh.nic.in/dms/okm/downloadDocument?docTypemappingId=40829&refId=6877575&refType=caf&uuid=bc551d8d-750c-4984-ac32-8ed7d21d146c&version=1.0;https://parivesh.nic.in/dms/okm/downloadDocument?docTypemappingId=58989&refId=6877575&refType=FC&uuid=309dffdc-93f2-434f-94a1-7136773fe26c&version=1.0,261318,https://parivesh.nic.in/newupgrade/#/report/ec?proposalId=6877674,0.0,500.0
7233437,"Diversion of 0.9851 ha of a 66/11KV, 3x5 MVA sub station for supply to Netaji Subash Chandra Bose University of Excellence at Chakung by Power Deptt. GoS",New,FP/SK/SubStation/438690/2023,2023-07-31T09:15:42.897+00:00,,DELISTED_BY_SYSTEM,0.9851,3861.0328,Education Department,,Forest clearance form,,,,"Diversion of 0.9851 ha of a 66/11KV, 3x5 MVA sub station for supply to Netaji Subash Chandra Bose University of Excellence at Chakung by Power Deptt. GoS",SIKKIM,Soreng,Chakung,,,0,Linear,0.0,0.9851,0.9851,0.0,0.0,0.0,0.0,0.0,0,0,0,Not applicable as the project or activity is site specific,,NO,NO,NO,2023-07-31T09:34:12.284+00:00,,,Degraded Forest Land,true,"Assistant Engineer, Education Department, Govt of Sikkim, Gangtok",Gangtok,11,State Government (Department/Autonomous body),Executive Engineer,Soreng,11,West District,0,https://parivesh.nic.in/dms/okm/downloadDocument?docTypemappingId=40829&refId=7232568&refType=caf&uuid=04734ebf-1fcd-4f2c-8e74-15719be46a30&version=1.0;https://parivesh.nic.in/dms/okm/downloadDocument?docTypemappingId=58989&refId=7232568&refType=FC&uuid=9e49ea88-8876-4420-a894-30628b896d47&version=1.3,261097,https://parivesh.nic.in/newupgrade/#/report/ec?proposalId=7233437,21600.0,0.0
7279137,Proposal of Laying of OFC Cable along the uphill Side(RoW)  of the road  from Chungthang to Munchithang along Chungthang-Lachen road over a stretch of 9 Km passes through forest area of Territorial Division Mangan,New,FP/SK/OFC/438861/2023,2023-08-01T12:34:36.569+00:00,,DELISTED_BY_SYSTEM,0.0101,9.0,RELIANCE JIO INFOCOMM LIMITED,,Forest clearance form,,,,"Proposal for Granting Permission for laying OFC Cable through Overhead Methodology from Chungthang to Lachen under North Division, Sikkim.",SIKKIM,Chungthang,Lachen Forest Block,,,,Linear,0.0,0.0101,0.0101,0.0,0.0,0.0,0.0,0.0,0,0,0,Not applicable as the project or activity is site specific,,NO,NO,NO,2023-08-01T18:30:00.000+00:00,,,Degraded Forest Land,true,"3B, 4TH FLOOR, ECOSPACE, RAJARHAT NEWTOWN, KOLKATA",SALTLAKE,19,Private Limited,ROW LEAD,SALTLAKE,19,North  District,,https://parivesh.nic.in/dms/okm/downloadDocument?docTypemappingId=40829&refId=4281855&refType=caf&uuid=c0822120-cdee-4055-9048-88d20b48ea79&version=1.0;https://parivesh.nic.in/dms/okm/downloadDocument?docTypemappingId=58989&refId=4281855&refType=FC&uuid=6427fa8b-da2c-4e8f-ab3d-8035ee0a9b25&version=1.0,260930,https://parivesh.nic.in/newupgrade/#/report/ec?proposalId=7279137,120.0,24.0
8822102,Permission of laying of water pipeline and construction of water tank having 60000 ltrs capacity at forest land,New,FP/SK/Pipeline/442350/2023,2023-08-29T10:26:15.427+00:00,2026-07-20T14:03:59.802+00:00,Final Diversion Order Issued,0.0312,82.7426,Public Health Engineering Department,,Forest clearance form,,,,"Diversion of 0.03128 ha of forest land for Augmentation of water supply system from Bulbuley to Dechiling, Gangtok by PHE Deptt. Govt of Sikkim",SIKKIM,Gangtok,Chandmari,,,00,Linear,0.0,0.0312,0.0312,0.0,0.0,0.0,0.0,0.0,0,0,0,Not applicable as the project or activity is site specific,,NO,NO,NO,2023-08-29T10:35:39.192+00:00,,,Degraded Forest Land,true,"Nirman Bhawan, Zero Point Gangtok",Zero point Gangtok,11,State Government (Department/Autonomous body),Junior Engineer,Zero point Gangtok,11,East District,00,https://parivesh.nic.in/dms/okm/downloadDocument?docTypemappingId=40829&refId=8781178&refType=caf&uuid=a43d30fd-4d08-4c79-9832-43e0723ebb02&version=1.4;https://parivesh.nic.in/dms/okm/downloadDocument?docTypemappingId=58989&refId=8781178&refType=FC&uuid=9e942275-c736-4520-85e1-c02a5b023037&version=1.1,943196,https://parivesh.nic.in/newupgrade/#/report/ec?proposalId=8822102,0.0,30.0
9048739,"The Project Multi Village Water Supply Scheme to Budang Kamarey GPU, Central Pendam GPU and West Pendam GPU from Changu Lake in Pakyong District, Sikkim Under JAL JEVAN MISSION (JJM) under Pakyong BAC, Rural Development Department and is being sourced from the Tsomgo Lake.",New,FP/SK/WATER/443262/2023,2023-09-06T06:38:33.859+00:00,,Pending on UA for Compensatory Levies Payment,2.5939,13171.24,Rural Development,,Forest clearance form,,,,"Multi Village Water Supply Scheme to Budang Kamarey GPU, Central Pendam GPU and West Pendam GPU from Changu Lake in Pakyong District, Sikkim Under JAL JEVAN MISSION (JJM).",SIKKIM,,,,,,Non - Linear,0.0,2.5939,2.5939,0.0,0.0,0.0,0.0,0.0,0,0,0,Not applicable as the project or activity is site specific,,NO,NO,NO,2023-09-06T07:26:53.155+00:00,,,Degraded Forest Land,true,"PAKYONG , RDD OFFICE",,11,State Government (Department/Autonomous body),JUNIOR ENGINEER,,11,,,https://parivesh.nic.in/dms/okm/downloadDocument?docTypemappingId=58989&refId=9021314&refType=FC&uuid=f52169c5-2852-4f47-972a-3cdb6b57e7d5&version=1.0,,https://parivesh.nic.in/newupgrade/#/report/ec?proposalId=9048739,0.0,100000.0
10362449,"The construction of this New 66KV Double Circuit Transmission Line from LLHP to Tadong 66/11KV Substation caters load to Gangtok city as well as North Sikkim. The principle benefit that can be expected out of this project will be stable, safe and adequate capacity transmission system, which is vital for the Capital.",New,FP/SK/PWR_TRANS/444610/2023,2023-09-16T06:23:33.893+00:00,,Pending on UA for Compensatory Levies Payment,2.4763,2503.4087,Power Department,,Forest clearance form,,,,"Diversion of 1.9763 Ha of forest land for ""Drawing of New 66KV D/C Transmission line from LLHP to Tadong 66/11KV Substation"" under Gangtok Division by Power Department, Government of Sikkim",SIKKIM,Gangtok,Nandok,,,"721, 719,727",Linear,0.5,1.9763,2.4763,0.0,0.0,0.0,0.0,0.0,0,0,0,Not applicable as the project or activity is site specific,,NO,NO,NO,2023-09-15T18:30:00.000+00:00,,,Degraded Forest Land,true,"Power Department, Kazi Road, Gangtok",Kazi road Gangtok,11,State Government (Department/Autonomous body),Executive Engineer,Kazi road,11,East District,"721, 719,727",https://parivesh.nic.in/dms/okm/downloadDocument?docTypemappingId=40829&refId=10127448&refType=caf&uuid=c4d3b6c8-8172-417b-84b3-e6ec3640f712&version=1.0;https://parivesh.nic.in/dms/okm/downloadDocument?docTypemappingId=58989&refId=10127448&refType=FC&uuid=b806284d-15ee-4a01-a1cb-e92cf16083a9&version=1.0,261310,https://parivesh.nic.in/newupgrade/#/report/ec?proposalId=10362449,0.0,30.0
11034524,"Construction of road from lower Sumin to Sangay Tar  under Rangpoo T Range, Pakyong Division by R&B Deptt, GoS",New,FP/SK/ROAD/444930/2023,2023-09-19T07:07:47.594+00:00,2025-12-29T09:53:45.542+00:00,Final Diversion Order Issued,0.78,118.2,Public Works Department,,Forest clearance form,,,,"Diversion of 0.1308 ha of forest land for construction of road from lower Sumin to Sangay Tar  under Rangpoo T Range, Pakyong Division by R&B Deptt, GoS",SIKKIM,Pakyong,Pakyong Forest Block,,,"Lower Sumin, Sangay Tar, Pakyong District",Linear,0.6492,0.1308,0.78,0.0,0.0,0.0,0.0,0.0,0,0,0,Not applicable as the project or activity is site specific,,NO,NO,NO,2023-09-18T18:30:00.000+00:00,,,Degraded Forest Land,true,Pakyong District Sikkim,Pakyong,11,State Government (Department/Autonomous body),Divisional Engineer,Pakyong,11,East District,"Lower Sumin, Sangay Tar, Pakyong District",https://parivesh.nic.in/dms/okm/downloadDocument?docTypemappingId=40829&refId=8943432&refType=caf&uuid=57415cdb-0337-4448-9ef6-4d5e83216b42&version=1.0;https://parivesh.nic.in/dms/okm/downloadDocument?docTypemappingId=58989&refId=8943432&refType=FC&uuid=f214e68f-ef88-4ed6-abe8-be8b0ee3f673&version=1.0,261355,https://parivesh.nic.in/newupgrade/#/report/ec?proposalId=11034524,0.0,60.0
11318580,Project (Chungthang-Lachen-Zeema) starts from Chainage 09+400 to 26+289 and from 27+400 to 32+710 with a proposed length of 22.1990 km. It is a widening project along the existing road to improve the category of road to National Highway Double Laning standard (NHDL).,New,FP/SK/ROAD/445109/2023,2023-09-20T10:34:28.109+00:00,,REMOVED,62.6863,59296.4,Ministry of Defense,,Forest clearance form,,,,CONSTRUCTION/IMPROVEMENT ON EPC MODE OF EXISTING ROAD TO NHDL SPECIFICATION WITH SHOULDER FROM EXISTING KM 0.000 (CHUNGTHANG) TO KM 30.000 (ZEEMA) OF TOTAL DESIGN LENGTH 31.599 KM UNDER LACHEN FOREST SUB-DIVISION ON ROAD CHUNGTHANG-LACHEN-ZEEMA (PART OF NH 310AG) IN THE STATE OF SIKKIM UNDER PROJECT SWASTIK OF BRO,SIKKIM,Chungthang,Lachen Forest Block,,,1386,Linear,16.3156,46.3707,62.6863,0.0,0.0,0.0,0.0,0.0,0,0,0,NO,Strategic Road of Govt. of India involving National Security importance and widening of existing road.,NO,NO,NO,2023-09-20T13:16:38.313+00:00,,https://parivesh.nic.in/dms/okm/downloadDocument?docTypemappingId=59020&refId=11318579&refType=fc&uuid=a08e831a-6180-4bdd-b2bb-fbc6bef630fc&version=1.0,Degraded Forest Land,true,"HQ DGBR, SEEMA SADAK BHAWAN, RING ROAD, DELHI CANTT, NEW DELHI-10",Delhi,7,Central Government (Department/Autonomous body),COMMANDER,Gangtok,7,North  District,1386,https://parivesh.nic.in/dms/okm/downloadDocument?docTypemappingId=40829&refId=11309685&refType=caf&uuid=ac48fca0-9068-43b7-bec7-9d21f765a486&version=1.0;https://parivesh.nic.in/dms/okm/downloadDocument?docTypemappingId=58989&refId=11309685&refType=FC&uuid=899b5b59-fe0b-4095-8a31-37cb3eb08733&version=1.2,260930,https://parivesh.nic.in/newupgrade/#/report/ec?proposalId=11318580,3955373.0,263691.0
14552719,"Proposal of laying of ofc cable along the uphill side(row)  of the road  from kitam to jorethang market over a stretch of 17.5 km passes through forest areas of majhitar forest block, namchi range, south division, Sikkim",New,WL/SK/OFC/446883/2023,2023-10-04T07:54:31.725+00:00,,,0.7,51.0,RELIANCE JIO INFOCOMM LIMITED,,Wildlife clearance form,,,,"Proposal for Granting Permission for laying OFC Cable from KITAM TO JORETHANG MARKET THROUGH FOREST AREAS OF MAJHITAR FOREST BLOCK, NAMCHI RANGE, SOUTH DIVISION, SIKKIM through Overhead Methodology",SIKKIM,Namchi,Kitam,,,,Linear,0.0,0.7,0.7,0.0,0.0,0.0,0.0,0.0,0,0,0,Not applicable as the project or activity is site specific,,NO,NO,NO,2023-10-04T08:42:25.842+00:00,,,,,,,,,,,,South District,,https://parivesh.nic.in/dms/okm/downloadDocument?docTypemappingId=40829&refId=4546775&refType=caf&uuid=f53c249b-7fd4-4aec-98a2-31525a8c4127&version=1.0,261132,https://parivesh.nic.in/newupgrade/#/report/ec?proposalId=14552719,360.0,360.0
15991813,Diversion of Forest Land 1.686  Ha for construction/improvement  of operational track Doka La – LBR - UBR  in Nathu La Sub Sect  inside Pangolakha Wild Life Sanctuary Forest Land after carrying out extensive recce/joint svy along with Forest and Army Officials.,New,WL/SK/DEF/447934/2023,2023-10-06T12:42:33.204+00:00,,,1.686,78.85,17   Mountain Division,,Wildlife clearance form,,,,Diversion of Forest Land  of 1.686Ha from Doka La – LBR - UBR  inside Pangolakha Wild Life Sanctuary,Sikkim,Gangtok,NA,,,,Linear,0.0,1.686,1.686,0.0,0.0,0.0,0.0,0.0,0,0,0,Not applicable as the project or activity is site specific,,NO,NO,NO,2024-02-06T13:47:55.743+00:00,,,,,,,,,,,,Gangtok,,https://parivesh.nic.in/dms/okm/downloadDocument?docTypemappingId=40829&refId=15062446&refType=caf&uuid=c03d3615-befc-4ad6-8da2-a5199724905e&version=1.0,"",https://parivesh.nic.in/newupgrade/#/report/ec?proposalId=15991813,0.0,0.0
15991809,Diversion of Forest Land 1.386 Ha for construction/improvement  of operational track TOB to Ledge  in Nathu La Sub Sect  inside Pangolakha Wild Life Sanctuary Forest Land after carrying out extensive recce/joint svy along with Forest and Army Officials,New,WL/SK/DEF/447932/2023,2023-10-06T12:42:33.204+00:00,,,1.386,154.64,17   Mountain Division,,Wildlife clearance form,,,,Diversion of Forest Land  of 1.386 Ha from TOB to Ledge  inside Pangolakha Wild Life Sanctuary,Sikkim,Gangtok,NA,,,,Linear,0.0,1.386,1.386,0.0,0.0,0.0,0.0,0.0,0,0,0,Not applicable as the project or activity is site specific,,NO,NO,NO,2024-02-06T13:14:48.947+00:00,,,,,,,,,,,,Gangtok,,https://parivesh.nic.in/dms/okm/downloadDocument?docTypemappingId=40829&refId=15062444&refType=caf&uuid=7f840713-16f9-437a-8ffd-f024de732d25&version=1.0,"",https://parivesh.nic.in/newupgrade/#/report/ec?proposalId=15991809,0.0,0.0
15991815,Short Narrative Diversion of Forest Land 0.52 Ha for construction/improvement  of operational track Ghora Gap to Pt 4531in Nathu La Sub Sect  inside Pangolakha Wild Life Sanctuary Forest Land after carrying out extensive recce/joint svy along with Forest and Army Officials,New,WL/SK/DEF/447935/2023,2023-10-06T12:42:33.204+00:00,,,1.0,3.72,17   Mountain Division,,Wildlife clearance form,,,,Diversion of Forest Land  of 0.52  Ha from Ghora Gap to Pt 4531 inside Pangolakha Wild Life Sanctuary,Sikkim,Gangtok,NA,,,,Linear,0.0,1.0,1.0,0.0,0.0,0.0,0.0,0.0,0,0,0,Not applicable as the project or activity is site specific,,NO,NO,NO,2024-02-06T06:36:01.362+00:00,,,,,,,,,,,,Gangtok,,https://parivesh.nic.in/dms/okm/downloadDocument?docTypemappingId=40829&refId=15062440&refType=caf&uuid=9a2a686a-108d-4616-813c-34573bbd77c6&version=1.1,"",https://parivesh.nic.in/newupgrade/#/report/ec?proposalId=15991815,660.0,630.0
15991983,Diversion of Forest Land 1.25 Ha for construction of operational Track from Track Junction(kupup Dokala Rd) to Dongchui La in Kupup Sub Sect  inside Pangolakha Wild Life Sanctuary Forest Land after carrying out extensive recce/joint svy along with Forest and Army Officials,New,WL/SK/DEF/448019/2023,2023-10-06T12:42:33.204+00:00,,,1.25,15.0,17   Mountain Division,,Wildlife clearance form,,,,Diversion of Forest Land of 1.25 Ha from Track Junction to Dongchui La inside Pangolakha Wild Life Sanctuary,Sikkim,Gangtok,Gangtok Forest Block,,,1452/GIS/WP20/FED,Linear,0.0,1.25,1.25,0.0,0.0,0.0,0.0,0.0,0,0,0,Not applicable as the project or activity is site specific,,NO,NO,NO,2024-01-19T14:44:04.669+00:00,,,,,,,,,,,,East District,1452/GIS/WP20/FED,https://parivesh.nic.in/dms/okm/downloadDocument?docTypemappingId=40829&refId=15062479&refType=caf&uuid=159481c9-01f7-4bc2-a9b2-c7b027796863&version=1.0,261321,https://parivesh.nic.in/newupgrade/#/report/ec?proposalId=15991983,620.0,30.0
15991803,Diversion of Forest Land 0.961Ha for construction/improvement  of operational track Saragarhi(Asha Post) to Jelep Cho in Nathu La Sub Sect  inside Pangolakha Wild Life Sanctuary Forest Land after carrying out extensive recce/joint svy along with Forest and Army Officials.,New,WL/SK/DEF/447929/2023,2023-10-06T12:42:33.204+00:00,,,0.961,15.37,17   Mountain Division,,Wildlife clearance form,,,,Diversion of Forest Land  of 0.961Ha from Saragarhi(Asha Post) to Jelep Cho inside Pangolakha Wild Life Sanctuary,Sikkim,Gangtok,Gnathang Forest Block,,,,Linear,0.0,0.961,0.961,0.0,0.0,0.0,0.0,0.0,0,0,0,Not applicable as the project or activity is site specific,,NO,NO,NO,2024-02-06T08:11:09.801+00:00,,,,,,,,,,,,East District,,https://parivesh.nic.in/dms/okm/downloadDocument?docTypemappingId=40829&refId=15062443&refType=caf&uuid=c524b8e3-5060-4cbb-9ade-e9a021a3337c&version=1.0,261319,https://parivesh.nic.in/newupgrade/#/report/ec?proposalId=15991803,0.0,0.0
15991807,Diversion of Forest Land 1.0814  Ha for construction/improvement  of operational track UBR(Doka La) to Gyemochen  in Nathu La Sub Sect  inside Pangolakha Wild Life Sanctuary Forest Land after carrying out extensive recce/joint svy along with Forest and Army Officials.,New,WL/SK/DEF/447931/2023,2023-10-06T12:42:33.204+00:00,,,1.0814,12.9768,17   Mountain Division,,Wildlife clearance form,,,,Diversion of Forest Land  of 1.0814 Ha from UBR(Doka La) to Gyemochen  inside Pangolakha Wild Life Sanctuary,Sikkim,Gangtok,NA,,,,Linear,0.0,1.0814,1.0814,0.0,0.0,0.0,0.0,0.0,0,0,0,Not applicable as the project or activity is site specific,,NO,NO,NO,2024-02-06T07:34:40.116+00:00,,,,,,,,,,,,Gangtok,,https://parivesh.nic.in/dms/okm/downloadDocument?docTypemappingId=40829&refId=15062442&refType=caf&uuid=5e9fc5fe-c971-4777-9afd-ef57958b0247&version=1.0,"",https://parivesh.nic.in/newupgrade/#/report/ec?proposalId=15991807,0.0,0.0
15991811,Diversion of Forest Land 0.45  Ha for construction/improvement  of operational track Flag Hill (below Denchuk La) to OP Hill in Nathu La Sub Sect  inside Pangolakha Wild Life Sanctuary Forest Land after carrying out extensive recce/joint svy along with Forest and Army Officials.,New,WL/SK/DEF/447933/2023,2023-10-06T12:42:33.204+00:00,,,0.2,22.3,17   Mountain Division,,Wildlife clearance form,,,,Diversion of Forest Land  of 0.45  Ha from Flag Hill (below Denchuk La) to OP Hill  inside Pangolakha Wild Life Sanctuary,Sikkim,Gangtok,Gnathang Forest Block,,,,Linear,0.0,0.2,0.2,0.0,0.0,0.0,0.0,0.0,0,0,0,Not applicable as the project or activity is site specific,,NO,NO,NO,2024-02-06T14:09:35.736+00:00,,,,,,,,,,,,East District,,https://parivesh.nic.in/dms/okm/downloadDocument?docTypemappingId=40829&refId=15062448&refType=caf&uuid=cc848c86-0ac6-4caf-b3f1-df280b478e9b&version=1.0,261319,https://parivesh.nic.in/newupgrade/#/report/ec?proposalId=15991811,0.0,0.0
15992315,Diversion of Forest Land 1.25 Ha for construction/improvement of operational track Doka La to Gurmail Hill  in Kupup Sub Sect  inside Pangolakha Wild Life Sanctuary Forest Land after carrying out extensive recce/joint svy along with Forest and Army Officials.,New,WL/SK/DEF/448185/2023,2023-10-06T12:42:33.204+00:00,,,1.25,95.0,17   Mountain Division,,Wildlife clearance form,,,,Diversion of Forest Land  of 1.25 Ha from Doka La to Gurmail Hill  inside Pangolakha Wild Life Sanctuary,Sikkim,Gangtok,NA,,,,Linear,0.0,1.25,1.25,0.0,0.0,0.0,0.0,0.0,0,0,0,Not applicable as the project or activity is site specific,,NO,NO,NO,2024-02-07T12:41:13.831+00:00,,,,,,,,,,,,Gangtok,,https://parivesh.nic.in/dms/okm/downloadDocument?docTypemappingId=40829&refId=15062476&refType=caf&uuid=5cd1c99a-1ac1-4f60-b3dc-0f6f1b41a9ee&version=1.0,"",https://parivesh.nic.in/newupgrade/#/report/ec?proposalId=15992315,0.0,0.0
15991805,Diversion of Forest Land 2.558  Ha for construction/improvement  of operational track UBR to Pan Slope – Pt 3777  in Nathu La Sub Sect  inside Pangolakha Wild Life Sanctuary Forest Land after carrying out extensive recce/joint svy along with Forest and Army Officials.,New,WL/SK/DEF/447930/2023,2023-10-06T12:42:33.204+00:00,,,2.558,30.696,17   Mountain Division,,Wildlife clearance form,,,,Diversion of Forest Land  of 2.558 Ha from UBR to Pan Slope – Pt 3777  inside Pangolakha Wild Life Sanctuary,Sikkim,Gangtok,NA,,,,Linear,0.0,2.558,2.558,0.0,0.0,0.0,0.0,0.0,0,0,0,Not applicable as the project or activity is site specific,,NO,NO,NO,2024-02-06T07:07:26.857+00:00,,,,,,,,,,,,Gangtok,,https://parivesh.nic.in/dms/okm/downloadDocument?docTypemappingId=40829&refId=15062441&refType=caf&uuid=dfb9f3da-0abd-46ab-bd50-e9f8d68545ef&version=1.0,"",https://parivesh.nic.in/newupgrade/#/report/ec?proposalId=15991805,0.0,0.0
15991985,Diversion of Forest Land 0.2  Ha for construction/improvement  of operational track Gurmail Hill to Sanghar in Kupup Sub Sect  inside Pangolakha Wild Life Sanctuary Forest Land after carrying out extensive recce/joint svy along with Forest and Army Officials,New,WL/SK/DEF/448020/2023,2023-10-06T12:42:33.204+00:00,,,0.2,1.0,17   Mountain Division,,Wildlife clearance form,,,,Diversion of Forest Land  of 0.2  Ha from Gurmail Hill to Saragri inside Pangolakha Wild Life Sanctuary,Sikkim,Gangtok,NA,,,,Linear,0.0,0.2,0.2,0.0,0.0,0.0,0.0,0.0,0,0,0,Not applicable as the project or activity is site specific,,NO,NO,NO,2024-02-06T14:45:09.438+00:00,,,,,,,,,,,,Gangtok,,https://parivesh.nic.in/dms/okm/downloadDocument?docTypemappingId=40829&refId=15062475&refType=caf&uuid=cf33c5b8-10f7-404b-a6ab-4bfc133cefa2&version=1.0,"",https://parivesh.nic.in/newupgrade/#/report/ec?proposalId=15991985,0.0,0.0
16475954,Re-construction of Access Road from Teesta-V Helipad to Teesta-VI Barrage Right Bank,New,FP/SK/ROAD/448628/2023,2023-10-12T12:20:38.647+00:00,,DELISTED_BY_SYSTEM,2.1,50.0,LANCO TEESTA HYDRO POWER LIMITED,,Forest clearance form,,,,Re-construction of Access Road from Teesta-V Helipad to Teesta-VI Barrage Right Bank,SIKKIM,Namchi,Aifaltar,,,,Linear,0.0,2.1,2.1,0.0,0.0,0.0,0.0,0.0,0,0,0,Not applicable as the project or activity is site specific,,NO,NO,NO,2023-10-12T12:57:16.881+00:00,,,Degraded Forest Land,true,"Teesta-VI HE Project, Balutar, P.O. Singtam East Sikkim",Balutar,11,"Central PSU (eg. NHAI, AAI, NTP, CIL, SAIL)",Chief Executive Officer,Balutar,11,South District,,https://parivesh.nic.in/dms/okm/downloadDocument?docTypemappingId=40829&refId=16465715&refType=caf&uuid=11028090-f28f-4977-b704-5c6673e3ac86&version=1.0;https://parivesh.nic.in/dms/okm/downloadDocument?docTypemappingId=58989&refId=16465715&refType=FC&uuid=6b834f79-8a12-415f-91c8-a86e931ae6cb&version=1.0,261181,https://parivesh.nic.in/newupgrade/#/report/ec?proposalId=16475954,100.0,0.0
20012321,"1.2	JAL POWER, NHPC SUBSIDIARY,GOVT. OF INDIA ENTERPRISE” (A wholly owned Subsidiary of NHPC Ltd.) is entrusted to construct a power transmission for their ongoing Hydro generation project for 120 MW Rangit- IV project where construction of 220 KV D/C (Single Moose) Transmission Line from 120 MW JPCL Rangit-IV HEP to New Melli pooling station along with associated GIS bays at POWERGRID New Melli GIS Substation associated with transmission system associated with Rangit-IV HEP(120MW) under consultancy services to JPCL for evacuation of Power by Powergrid Corporation of India Limited.",New,FP/SK/TRANS/450413/2023,2023-10-27T09:02:34.966+00:00,,Final Diversion Order Issued,11.1685,676.0,JALPOWER CORPORATION LIMITED,,Forest clearance form,,,,Diversion of 4.4203 Ha of Forest land for laying of 220kV Single Moose D/C Rangit-IV to New Melli Transmission Line,SIKKIM,Namchi,Denchung,,,78A/8/1,Linear,6.7482,4.4203,11.1685,0.0,0.0,0.0,0.0,0.0,0,0,0,Not applicable as the project or activity is site specific,,NO,NO,NO,2023-10-26T18:30:00.000+00:00,,,Degraded Forest Land,true,"RANGIT IV HE PROJECT, SIKKIP, SORENG DISTRICT, SIKKIM",SIKKIP,11,"Central PSU (eg. NHAI, AAI, NTP, CIL, SAIL)",GROUP GENERAL MANAGER,,11,South District,78A/8/1,https://parivesh.nic.in/dms/okm/downloadDocument?docTypemappingId=40829&refId=20011063&refType=caf&uuid=d09f1cb4-ff5d-4a6f-b4bb-6bd8f9df790d&version=1.0;https://parivesh.nic.in/dms/okm/downloadDocument?docTypemappingId=58989&refId=20011063&refType=FC&uuid=614d398e-520c-48a3-8f1b-e6bfd180ee4d&version=1.0,261117,https://parivesh.nic.in/newupgrade/#/report/ec?proposalId=20012321,22393.0,937.0
20014859,"Proposal for grant of Permission for forest land for Proposed 12"" Ø (Carbon steel) Natural Gas Pipeline along with OFC Conduit in Pakyong District Sikkim.",New,FP/SK/Pipeline/450423/2023,2023-10-27T09:41:56.770+00:00,,DELISTED_BY_SYSTEM,1.3461,17229.0,INDRADHANUSH GAS GRID LIMITED,,Forest clearance form,,,,"Laying of Proposed Siliguri - Gangtok Pipeline of 12” Dia Carbon steel Along with OFC Conduit in the Pakyong District, Sikkim.",SIKKIM,Pakyong,Pakyong Forest Block,,,"RISHI R F, TARPIN R F, Dhanuke Rf,Khasmal Gaucharan Jhora, River Reserve Forest",Linear,1.1607,0.1854,1.3461,0.0,0.0,0.0,0.0,0.0,0,0,0,NO,"Pipeline route proposed is most economical, Lowest Forest Land Diversion and No any Diversion of Wild life Sanctuary",NO,NO,NO,2023-11-15T18:30:00.000+00:00,,,Degraded Forest Land,true,"5th Floor, Central Mall, Christian Basti, G. S. Road, Guwahati",Guwahati,18,"Central PSU (eg. NHAI, AAI, NTP, CIL, SAIL)",Chief Project Manager,Guwahati,18,East District,"RISHI R F, TARPIN R F, Dhanuke Rf,Khasmal Gaucharan Jhora, River Reserve Forest",https://parivesh.nic.in/dms/okm/downloadDocument?docTypemappingId=40829&refId=20011307&refType=caf&uuid=16d47928-1bfd-477e-b6d1-e745e542f864&version=1.0;https://parivesh.nic.in/dms/okm/downloadDocument?docTypemappingId=58989&refId=20011307&refType=FC&uuid=36fed78e-d3a8-41be-a15a-63a7a9d082ab&version=1.7,261355,https://parivesh.nic.in/newupgrade/#/report/ec?proposalId=20014859,32850.0,328500.0
20347917,"Proposal for grant of Permission for forest land for Proposed 12"" Ø (Carbon steel) Natural Gas Pipeline along with OFC Conduit in Pakyong District Sikkim.",New,FP/SK/REDIV/450509/2023,2023-10-28T06:38:07.533+00:00,,DELISTED_BY_SYSTEM,1.3461,17229.0,INDRADHANUSH GAS GRID LIMITED,,Form-E: Re-Diversion i) Land Use Change ii) Laying of Overhead/ Under Ground OFC/ drinking water pipeline/ slurry pipeline/ electric cable/ CNG/PNG within RoW,,,,"Laying of Proposed Siliguri - Gangtok Pipeline of 12” Dia Carbon steel Along with OFC Conduit in the Pakyong District, Sikkim.",SIKKIM,Pakyong,Pakyong Forest Block,,,"RISHI R F, TARPIN R F, Dhanuke Rf,Khasmal Gaucharan Jhora, River Reserve Forest",Linear,1.1607,0.1854,1.3461,0.0,0.0,0.0,0.0,0.0,0,0,0,NO,"Pipeline route proposed is most economical, Lowest Forest Land Diversion and No any Diversion of Wild life Sanctuary",NO,NO,NO,2023-11-15T18:30:00.000+00:00,,,,,"5th Floor, Central Mall, Christian Basti, G. S. Road, Guwahati",Guwahati,18,"Central PSU (eg. NHAI, AAI, NTP, CIL, SAIL)",Chief Project Manager,Guwahati,18,East District,"RISHI R F, TARPIN R F, Dhanuke Rf,Khasmal Gaucharan Jhora, River Reserve Forest",https://parivesh.nic.in/dms/okm/downloadDocument?docTypemappingId=40829&refId=20011307&refType=caf&uuid=16d47928-1bfd-477e-b6d1-e745e542f864&version=1.0,261355,https://parivesh.nic.in/newupgrade/#/report/ec?proposalId=20347917,32850.0,328500.0
21043296,"Diversion of forest land of 0.5616 ha for construction of road from Pupung to Tokal at Denchung block under Namchi District of Sikkim by Road and Bridges Department, Government of Sikkim.",New,FP/SK/ROAD/450767/2023,2023-10-31T07:56:50.318+00:00,,Pending at PP due to EDS by Nodal Officer,0.5616,91.55,Public Works Department,,Forest clearance form,,,,"Diversion of Forest Land of 0.5616 Ha for construction of road from Pupung to Tokal at Denchung Block under Namchi District by Road and Bridges Department, Govt. Of Sikkim",SIKKIM,Namchi,Denchung,,,78A/8/1,Linear,0.0,0.5616,0.5616,0.0,0.0,0.0,0.0,0.0,0,0,0,Not applicable as the project or activity is site specific,,NO,NO,NO,2023-10-31T08:10:08.792+00:00,,,Degraded Forest Land,true,"Road and Bridges Department, PWD, Namchi , Sikkim",Tokal,11,State Government (Department/Autonomous body),Divisional Engineer,Namchi,11,South District,78A/8/1,https://parivesh.nic.in/dms/okm/downloadDocument?docTypemappingId=40829&refId=21043176&refType=caf&uuid=1185c1a5-c0a1-4fb0-a7eb-fcd720bd8848&version=1.0;https://parivesh.nic.in/dms/okm/downloadDocument?docTypemappingId=58989&refId=21043176&refType=FC&uuid=401d0ff6-7d29-4809-b30d-c10a4ede8c44&version=1.0,261117,https://parivesh.nic.in/newupgrade/#/report/ec?proposalId=21043296,5000.0,0.0
26870480,"The Meyong Chu water is the Tributary of Teesta River, would be diverted by a diversion weir and conveyed through penstock pipeline.
Penstock Pipe connected to a surface Power House to generate 06 MW Electric Power, the power generated will be evacuated interface with switchyard of Lower Meyong chu HEP 06 MW by transmission line connecting from our switchyard by constructing     11/66 kv line LILO connection at Meyongchu Power House (2×3 MW), located 400 m upstream from proposed Lower Meyong chu Power House.
The villagers near Project Area falls in remote area and the people are very poor, at present non- renewable resources like kerosene, diesel and forest wood are being used as domestic fuel, availability of reliable and qualitative electricity would help in saving these precious and natural energy resources. Also, the scheme shall activate the industrial development in the area apart from improving living conditions of the people.",New,FP/SK/HYD/IRRIG/453374/2023,2023-11-25T11:17:37.435+00:00,,REMOVED,2.5149,6401.0,Power Department,,Forest clearance form,,,,Diversion of 2.5149 ha of forest land for construction of HEP (2x3=6 MW) on Meyong Chu Stream at Lower Meyong Chu River at Mangan District by Power Deptt. Govt. of Sikkim,SIKKIM,Mangan,Meyong,,,53 & 28,Linear,0.0,2.5149,2.5149,0.0,0.0,0.0,0.0,0.0,0,0,0,Not applicable as the project or activity is site specific,,NO,NO,NO,2023-11-25T12:29:24.798+00:00,,,Degraded Forest Land,true,Power Department Kazi Road Government of Sikkim,Meyong Chu Mangan District,11,State Government (Department/Autonomous body),Secretary,Mangan,11,North  District,53 & 28,https://parivesh.nic.in/dms/okm/downloadDocument?docTypemappingId=40829&refId=26870077&refType=caf&uuid=515989ee-d632-497a-88db-3c464696b740&version=1.2;https://parivesh.nic.in/dms/okm/downloadDocument?docTypemappingId=58989&refId=26870077&refType=FC&uuid=f1ad6ede-2d54-4228-b8d6-258432410153&version=1.3,260935,https://parivesh.nic.in/newupgrade/#/report/ec?proposalId=26870480,0.0,1200.0
28393422,"Government Junior High School, Nayabazar, under Baiguney BAC, Soreng District, Sikkim was established as a Primary School in the year 1941, which was run by the Committee formed by the locals. The Committee though faced many problems managed to get the school going until the then Chogyal took initiative in helping the school. Teachers were appointed by the Government and funds were provided to build a proper infrastructure, to cater accommodation for 350 plus students from the locality. The school have students from a large periphery including Nayabazar, Jorethang, Zoom, Sisney, Karfectar and neighboring state West Bengal also.  Ther was no schools nearby till the early 70s.
         The school was upgraded to a Junior high School in the year 1995. Looking into the large enrolment, we have been demanding our school to be upgraded to a Secondary school but unfortunately since the school is located in a Reserve Forest of Zoom Block.",New,FP/SK/SCH/453952/2023,2023-12-01T06:23:38.102+00:00,,Pending on UA for Levies Payment,0.81,154.0,Education Department,,Forest clearance form,,,,"Diversion of 0.81 ha of forest land for regularization of Nayabazar Junior High School by Education Department, Govt. of Sikkim",SIKKIM,Soreng,Nayabazar Forest Block,,,0,Non - Linear,0.0,0.81,0.81,0.0,0.0,0.0,0.0,0.0,0,0,0,Not applicable as the project or activity is site specific,,NO,NO,NO,2024-09-01T18:30:00.000+00:00,,,Degraded Forest Land,true,"Head Master, Naya Bazar Junior HIgh School, Soreng District",Nayabazar,11,State Government (Department/Autonomous body),Headmaster,Nayabazar Soreng,11,West District,0,https://parivesh.nic.in/dms/okm/downloadDocument?docTypemappingId=40829&refId=28391904&refType=caf&uuid=ac77e569-9174-4665-9248-60eefcc9bae4&version=1.0;https://parivesh.nic.in/dms/okm/downloadDocument?docTypemappingId=58989&refId=28391904&refType=FC&uuid=e7a25eb8-bd92-4232-bbed-894b7ea84edc&version=1.0,261104,https://parivesh.nic.in/newupgrade/#/report/ec?proposalId=28393422,0.0,1000.0
29981112,"Diversion of forest land of 0.900 ha for construction of road form chuba main road to Thumki Gumpa in Namchi District of Sikkim by Roads and Bridges Department, Government of Sikkim.",New,FP/SK/ROAD/454669/2023,2023-12-07T10:20:01.172+00:00,,Pending at DFO for Compensatory Levies,0.9,139.64,Public Works Department,,Forest clearance form,,,,"Diversion of forest land of 0.900 ha for construction of road form chuba main road to Thumki Gumpa in Namchi District of Sikkim by Roads and Bridges Department, Government of Sikkim.",SIKKIM,Namchi,Chuba,,,00,Linear,0.0,0.9,0.9,0.0,0.0,0.0,0.0,0.0,0,0,0,NO,Not Available,NO,NO,NO,2024-05-05T18:30:00.000+00:00,,,Degraded Forest Land,true,"Road and Bridges Department, PWD, Namchi , Sikkim",Chuba,11,State Government (Department/Autonomous body),Divisional Engineer,Namchi,11,South District,00,https://parivesh.nic.in/dms/okm/downloadDocument?docTypemappingId=40829&refId=29980134&refType=caf&uuid=36238ce9-3559-4db7-9d44-cca8c78e1580&version=1.0;https://parivesh.nic.in/dms/okm/downloadDocument?docTypemappingId=58989&refId=29980134&refType=FC&uuid=3bb8cb1c-6990-4d56-9186-5e6e2fac359a&version=1.0,261171,https://parivesh.nic.in/newupgrade/#/report/ec?proposalId=29981112,500.0,0.0
29993662,"this project entails setting up of a Solid Waste Treatment Plant comprising processing facilities and regional sanitary landfill. The proposed project is planned in accordance with the solid waste management rules(SWM), 2016 and it consist of waste collection, segregation, waste processing and a sanitary landfill with leachate facility, this will help to generate employment.",New,SIA/SK/INFRA2/454716/2023,2023-12-07T15:16:17.056+00:00,2024-03-21T08:24:38.816+00:00,ToR Granted,2.0,15.99,UDD GOVT OF SIKKIM,Atmos Sustainable Solutions Pvt Ltd,Environment clearance form,TOR,B1,Common Municipal Solid Waste Management Facility (CMSWMF),"Regional sanitary landfill facility at Mangan, North Sikkim",SIKKIM,Mangan,Kazor,,214(I)E&SC/SEIAA/SEAC,78A/10,Non - Linear,0.0,2.0,2.0,0.0,0.0,0.0,0.0,0.0,0,0,0,NO,Not applicable as project or activity is site specific,NO,NO,NO,2023-12-19T05:35:12.330+00:00,,,,,,,,,,,,North  District,78A/10,https://parivesh.nic.in/dms/okm/downloadDocument?docTypemappingId=40829&refId=29993241&refType=caf&uuid=25a46658-c1a9-4e46-b282-f2be1b3bb84a&version=1.0,260938,https://parivesh.nic.in/newupgrade/#/report/ec?proposalId=29993662,17860.0,18907.0
32852657,"LAYING OFC FROM BAIGUNEY TO KALUK PASSING THROGH SISNEY RESERVE FOREST AREA OF SORENG DIVISION FOR A TOTAL LENGTH OF 38.0 KM

 (TOTAL LENGTH OF PROPOSED ROUTE – 38000 X 0.40 = 1.52 Hectare)",New,FP/SK/OFC/456262/2023,2023-12-21T07:55:03.828+00:00,,DELISTED_BY_SYSTEM,1.52,38.0,RELIANCE JIO INFOCOMM LIMITED,,Forest clearance form,,,,LAYING OFC FROM BAIGUNEY TO KALUK PASSING THROGH SISNEY RESERVE FOREST AREA OF SORENG DIVISION FOR A TOTAL LENGTH OF 38.0 KM   (TOTAL LENGTH OF PROPOSED ROUTE – 38000 X 0.40 = 1.52 Hectare),SIKKIM,Soreng,Takuthang,,,,Linear,0.0,1.52,1.52,0.0,0.0,0.0,0.0,0.0,0,0,0,Not applicable as the project or activity is site specific,,NO,NO,NO,2023-12-21T08:04:58.745+00:00,,,Degraded Forest Land,true,"3B, 4TH FLOOR, ECOSPACE, RAJARHAT NEWTOWN, KOLKATA",KOLKATA,19,Private Limited,ROW LEAD,KOLKATA,19,West District,,https://parivesh.nic.in/dms/okm/downloadDocument?docTypemappingId=40829&refId=32848395&refType=caf&uuid=4d4213e3-8b9a-4a82-bcd6-73612b8ccc06&version=1.0;https://parivesh.nic.in/dms/okm/downloadDocument?docTypemappingId=58989&refId=32848395&refType=FC&uuid=df7a84c7-fa90-476d-a3ed-8b5982665fb0&version=1.0,0,https://parivesh.nic.in/newupgrade/#/report/ec?proposalId=32852657,460.0,100.0
36270289,The flood damage restoration works to provide sustained connectivity between Naga Village (KM 80.800) to Toong village (KM 84.600) on Gangtok-Chungthang road under “OP TEESTA” under 107 RCC/758 BRTF under project in Sikkim state. The diversion of forest land required for realignment between KM 80.800 to KM 84.600 on Mangan–Chungthang road under 107 RCC (GREF) in Sikkim State under Mangan (T) range in Mangan District of Sikkim. The total forest land involve in the construction of said realignment is 3.2616 Ha. All efforts shall be implemented to curtail damage to forest as well as private property.,New,FP/SK/ROAD/457613/2024,2024-01-03T13:51:46.052+00:00,,DELISTED_BY_SYSTEM,21.4016,4595.0755,Ministry of Defense,,Forest clearance form,,,,Diversion of forest land required for realignment between KM 80.800 to KM 84.600 (Now Km 0.00 to Km 8.00 new realignment) on Mangan–Chungthang road under 107 RCC (GREF) in Sikkim State under Mangan (T) range in Mangan District of Sikkim. The total forest land involve in the construction of said realignment is 3.2616 Ha.,SIKKIM,Chungthang,Naga-Namgor,,,,Linear,18.14,3.2616,21.4016,0.0,0.0,0.0,0.0,0.0,0,0,0,Not applicable as the project or activity is site specific,,NO,NO,NO,2024-01-03T18:30:00.000+00:00,,,Degraded Forest Land,true,"105 RCC (GREF) PIN 930105, C/o 99 APO",MANGAN,11,Central Government (Department/Autonomous body),COMMANDER,MANGAN,11,North  District,,https://parivesh.nic.in/dms/okm/downloadDocument?docTypemappingId=40829&refId=36269823&refType=caf&uuid=8e32fe09-5f45-4c18-8a3d-b9e8bd913df5&version=1.0;https://parivesh.nic.in/dms/okm/downloadDocument?docTypemappingId=58989&refId=36269823&refType=FC&uuid=85865ee6-ee52-40cd-8ec0-055399e680f7&version=1.0,260934,https://parivesh.nic.in/newupgrade/#/report/ec?proposalId=36270289,200.0,200.0
36520214,"The Meyong Chu water is the Tributary of Teesta River, would be diverted by a diversion weir and conveyed through penstock pipeline. Penstock Pipe connected to a surface Power House to generate 06 MW Electric Power, the power generated will be evacuated interface with switchyard of Lower Meyong chu HEP 06 MW by transmission line connecting from our switchyard by constructing 11/66 kv line LILO connection at Meyongchu Power House (2×3 MW), located 400 m upstream from proposed Lower Meyong chu Power House. The villagers near Project Area falls in remote area and the people are very poor, at present non- renewable resources like kerosene, diesel and forest wood are being used as domestic fuel, availability of reliable and qualitative electricity would help in saving these precious and natural energy resources. Also, the scheme shall activate the industrial development in the area apart from improving living conditions of the people.",New,FP/SK/HYD/IRRIG/457684/2024,2024-01-04T09:34:15.071+00:00,,Final Diversion Order Issued,2.5149,6401.0,Power Department,,Forest clearance form,,,,Diversion of 2.5149 ha of forest land for construction of HEP (2x3=6 MW) on Meyong Chu Stream at Lower Meyong Chu River at Mangan District by Power Deptt. Govt. of Sikkim.,SIKKIM,Mangan,Naga Forest Block,,,53 & 28,Linear,0.0,2.5149,2.5149,0.0,0.0,0.0,0.0,0.0,0,0,0,Not applicable as the project or activity is site specific,,NO,NO,NO,2024-01-30T18:30:00.000+00:00,,,Degraded Forest Land,true,"Power Department, Kazi Road Gangtok Sikkim",Mangan,11,State Government (Department/Autonomous body),PCE,Gangtok,11,North  District,53 & 28,https://parivesh.nic.in/dms/okm/downloadDocument?docTypemappingId=40829&refId=36517801&refType=caf&uuid=15fe4a50-76e8-487a-9c93-b1504a50d45f&version=1.1;https://parivesh.nic.in/dms/okm/downloadDocument?docTypemappingId=58989&refId=36517801&refType=FC&uuid=9baaa419-68b2-45c1-984f-a2f5829f2eb0&version=1.2,260976,https://parivesh.nic.in/newupgrade/#/report/ec?proposalId=36520214,0.0,1200.0
37340741,"From Chungthung alignment again traverses towards north east on the left hill of the Lachung Chhu (Lachung River). It passes through the small settlements in the hill like Bop, Maltin, Beechu, Lanchung on same side of the valley. After crossing Lachung (RL 8695 ft.), alignment enter Yumthang Valley Natural Reserve at approx. Km 53. Hot springs are at the Chha  chhu location near the river. The Zero point Yume-Samdang Border (RL 15900
ft.), i.e. the end of the alignment is within the perimeter of the Natural Reserve. The road further traverses 4.3 km more to reach the end at Zero Point Mile stone. The design length for this stretch is 31.352 km.  This stretch follows with the proposed road under Pkg-VI(A) & VI(B) which are applied vide proposal no. FP/SK/ROAD/428164/2023 and FP/SK/ROAD/457730/2024 simultaneously.",New,FP/SK/ROAD/458037/2024,2024-01-08T12:29:30.591+00:00,2025-12-10T11:46:38.960+00:00,Final Diversion Order Issued,116.1,38911.0,Ministry of Defense,,Forest clearance form,,,,Diversion of 116.1 ha forest land for widening/upgradation of existing road (NH 310A) to NHDL specification with paved shoulder from Yumthang of Design km 52+808 to Yume Samdang Border (Zero point) of design 84.160 kmby BRO in Sikkim,SIKKIM,Chungthang,Lachung Forest Block,,,PRoW,Linear,0.0,116.1,116.1,0.0,0.0,0.0,0.0,0.0,0,0,0,Not applicable as the project or activity is site specific,,NO,NO,NO,2024-01-07T18:30:00.000+00:00,,https://parivesh.nic.in/dms/okm/downloadDocument?docTypemappingId=59020&refId=37340740&refType=fc&uuid=97732672-4e0f-4694-946f-0be9c08a6d5b&version=1.0,Degraded Forest Land,true,"105 RCC (GREF) PIN 930105, C/o 99 APO",Gangtok,11,Central Government (Department/Autonomous body),COMMANDER,Gangtok,11,Mangan,PRoW,https://parivesh.nic.in/dms/okm/downloadDocument?docTypemappingId=40829&refId=37334949&refType=caf&uuid=2f85275e-616a-4af1-9d45-909b8aae1d12&version=1.0;https://parivesh.nic.in/dms/okm/downloadDocument?docTypemappingId=58989&refId=37334949&refType=FC&uuid=bbf7e5f9-3a81-4e2c-a1b7-ca5e25524aad&version=1.0,260932,https://parivesh.nic.in/newupgrade/#/report/ec?proposalId=37340741,628552.0,0.0
41035529,"Diversion of forest land for development of Solid Waste Management & other urban amenities at Surya Goan, Gangtok by UDD, GoS",New,FP/SK/OTHERS/459719/2024,2024-01-24T08:18:46.621+00:00,2026-04-28T04:09:39.623+00:00,Final Diversion Order Issued,0.9833,100.0,Urban Development Department,,Forest clearance form,,,,"Diversion of 0.9833 Ha of forest land for development of Solid Waste Management & other urban amenities at Surya Goan, Gangtok by UDD, GoS",SIKKIM,Gangtok,Gnathang Forest Block,,,0,Non - Linear,0.0,0.9833,0.9833,0.0,0.0,0.0,0.0,0.0,0,0,0,Not applicable as the project or activity is site specific,,NO,NO,NO,2024-02-05T18:30:00.000+00:00,,,Degraded Forest Land,true,Urban Development Department. Govt. of Sikkim,Gangtok,11,State Government (Department/Autonomous body),Town Planner,Gangtok,11,East District,0,https://parivesh.nic.in/dms/okm/downloadDocument?docTypemappingId=40829&refId=41033603&refType=caf&uuid=0e9066c7-4493-45e7-8ecb-6a0ee964ebca&version=1.0;https://parivesh.nic.in/dms/okm/downloadDocument?docTypemappingId=58989&refId=41033603&refType=FC&uuid=26483b3d-637b-49d5-baf4-459e218392e4&version=1.0,261319,https://parivesh.nic.in/newupgrade/#/report/ec?proposalId=41035529,0.0,30.0
43422972,"The forest land is required for the construction of Rabom chu HEP (10 MW) on Rabom Chu at 21-GPU, Lachen, North                Sikkim. The Project Component Comprises of Head Race Tunnel, Adit, Muck Dumping Area, Surge Tank and Penstock etc.
The water Tributary of Rabom Chu River would be diverted by a diversion weir and conveyed through Head Race Tunnel and penstock pipeline.
Penstock Pipe to a surface Power House to generate 10 MW Electric Power, the power generated will be evacuated interface with switchyard of Rabomchu HEP 10 MW by transmission line connecting from our switchyard by constructing 66 kv line LILO connection at Rabom Chu HEP Power House (2x5), located 100mt (approx.)  from proposed Rabom Chu Power House.",New,FP/SK/HYD/IRRIG/460765/2024,2024-02-02T10:03:01.754+00:00,,Final Diversion Order Issued,0.5252,2895.41,Power Department,,Forest clearance form,,,,"Diversion of 0.5252 ha of forest land for part construction of Rabom Chu HEP (10 MW) at Lachen, Mangan Division by Power Deptt. Govt. of Sikkim",SIKKIM,Chungthang,Lachen Forest Block,,,000,Linear,0.0,0.5252,0.5252,0.0,0.5252,0.5252,1494.0,1401.41,0,0,0,Not applicable as the project or activity is site specific,,NO,NO,NO,2024-02-01T18:30:00.000+00:00,,,Degraded Forest Land,true,"Power Department, Kazi Road Gangtok Sikkim",Lachen,11,State Government (Department/Autonomous body),PCE,Mangan,11,Mangan,000,https://parivesh.nic.in/dms/okm/downloadDocument?docTypemappingId=40829&refId=43422369&refType=caf&uuid=3f8771e3-2407-4730-b60e-aa727cc2d7a3&version=1.0;https://parivesh.nic.in/dms/okm/downloadDocument?docTypemappingId=58989&refId=43422369&refType=FC&uuid=17710afb-df70-4a89-a56c-b9228f0e68e7&version=1.0,260930,https://parivesh.nic.in/newupgrade/#/report/ec?proposalId=43422972,3000.0,3000.0
46377093,Construction of New District & Session Court at Soreng by Home Deptt. Govt. of Sikkim,New,FP/SK/OTHERS/462673/2024,2024-02-13T08:58:15.984+00:00,,Final Diversion Order Issued,0.2787,2000.0,Home Department,,Forest clearance form,,,,Diversion of 0.2787 ha of forest land for construction of New District & Session Court at Soreng by Home Deptt. Govt. of Sikkim,SIKKIM,Soreng,Soreng Forest Block,,,00,Non - Linear,0.0,0.2787,0.2787,0.0,0.0,0.0,0.0,0.0,0,0,0,Not applicable as the project or activity is site specific,,NO,NO,NO,2024-05-21T18:30:00.000+00:00,,,Degraded Forest Land,true,Home Department Govt. of Sikkim,Gangtok,11,State Government (Department/Autonomous body),Joint Secretary,Gangtok,11,West District,00,https://parivesh.nic.in/dms/okm/downloadDocument?docTypemappingId=40829&refId=46374890&refType=caf&uuid=291ac883-df33-4eef-a354-5b9b134e1104&version=1.0;https://parivesh.nic.in/dms/okm/downloadDocument?docTypemappingId=58989&refId=46374890&refType=FC&uuid=641b16b1-8acb-48fc-ac5c-ad01bcbfe3b5&version=1.0,261102,https://parivesh.nic.in/newupgrade/#/report/ec?proposalId=46377093,0.0,300.0
47596942,"Diversion of forest land of 0.0814 Ha for construction of 11KV HT line at Radang, Gangtok District of Sikkim by LLHP, Power Department, Government of Sikkim.",New,FP/SK/TRANS/463192/2024,2024-02-17T07:37:51.561+00:00,,Pending on UA for Compensatory Levies Payment,0.0814,15.422,Power Department,,Forest clearance form,,,,"Diversion of forest land of 0.0814 Ha for construction of 11KV HT line at Radang, Gangtok District of  Sikkim by LLHP, Power Department, Government of Sikkim.",SIKKIM,Gangtok,Tumlabung,,,0.00,Linear,0.0,0.0814,0.0814,0.0,0.0,0.0,0.0,0.0,0,0,0,NO,NA,NO,NO,NO,2024-02-17T07:54:37.393+00:00,,,Degraded Forest Land,true,"Jalipool Power Department, LLHPRanipool",Radang,11,State Government (Department/Autonomous body),Divisional Engineer,Radang,11,East District,0.00,https://parivesh.nic.in/dms/okm/downloadDocument?docTypemappingId=40829&refId=47592641&refType=caf&uuid=09539e5c-a5c7-4d0c-8385-46cbee00ab76&version=1.1;https://parivesh.nic.in/dms/okm/downloadDocument?docTypemappingId=58989&refId=47592641&refType=FC&uuid=7560a833-63e8-46a9-b83e-c5f628671422&version=1.0,261288,https://parivesh.nic.in/newupgrade/#/report/ec?proposalId=47596942,150.0,0.0
47615617,"Construction of approach road to Sewerage treatment plant for the project ""pollution abatement in river rangit in Gyalshing town by PHE Deptt. GoS",New,FP/SK/ROAD/463226/2024,2024-02-17T11:17:24.339+00:00,,Pending on UA for Compensatory Levies Payment,3.0,88.7999,Public Health Engineering Department,,Forest clearance form,,,,"Diversion of 1.44 Ha of forest land for const of approach road to Sewerage treatment plant for the project ""pollution abatement in river rangit in Gyalshing town by PHE Deptt. GoS",SIKKIM,Gyalshing,Gyalshing Forest Block,,,00,Linear,1.56,1.44,3.0,0.0,0.0,0.0,0.0,0.0,0,0,0,Not applicable as the project or activity is site specific,,NO,NO,NO,2024-02-17T11:30:26.182+00:00,,,Degraded Forest Land,true,"PHE Division Office, Geylshing",Gyalshing,11,State Government (Department/Autonomous body),AE,Gyalshing,11,West District,00,https://parivesh.nic.in/dms/okm/downloadDocument?docTypemappingId=40829&refId=47614988&refType=caf&uuid=f2904422-83f2-417e-81e6-8b276de98cff&version=1.0;https://parivesh.nic.in/dms/okm/downloadDocument?docTypemappingId=58989&refId=47614988&refType=FC&uuid=c8782944-b6fe-4a44-b920-f23f022b6f9f&version=1.0,261048,https://parivesh.nic.in/newupgrade/#/report/ec?proposalId=47615617,0.0,15900.0
48747011,DIVERSION OF FOREST LAND FOR IMPROVEMENT OF MANGAN- SANKLANG ROAD FROM CL-9 TO NHDL SPECIFICATION BETWEEN KM 0.00 TO KM 6.240 (Total 6.240 Km) WITH ROAD GEOMETRICS UNDER 107 RCC/758 BRTF (P) SWASTIK IN MANGAN DISTRICT OF SIKKIM STATE. THE TOTAL FOREST LAND REQUIRED FOR THIS PROPOSAL IS 0.8280 Ha,Expansion,FP/SK/ROAD/463594/2024,2024-02-21T08:41:47.164+00:00,,Stage-II Accorded,8.852,5116.6468,Ministry of Defense,,Forest clearance form,,,,DIVERSION OF FOREST LAND FOR IMPROVEMENT OF MANGAN-SANKLANG ROAD FROM CL-9 TO NHDL SPECIFICATION BETWEEN KM 0.000 TO 0.6240 (TOTAL 6.240 KM) WITH ROAD GEOMETRICS UNDER 107 RCC/758 BRTF (P) SWASTIK IN MANGAN DISTRICT OF SIKKIM STATE. THE TOTAL FOREST LAND REQUIREDFOR THIS PROPOSAL IS 0.8280 Ha,SIKKIM,Mangan,Kazor,,,PLOT NO-373/0.280 Ha,Linear,8.024,0.828,8.852,0.0,0.0,0.0,233.71,4882.9368,0,0,0,NO,NO REQUIREMENT,NO,NO,NO,2024-02-27T18:30:00.000+00:00,,,Degraded Forest Land,true,"105 RCC (GREF) PIN 930105, C/o 99 APO",MANGAN,11,Central Government (Department/Autonomous body),COMMANDER,MANGAN,11,North  District,PLOT NO-373/0.280 Ha,https://parivesh.nic.in/dms/okm/downloadDocument?docTypemappingId=40829&refId=48742832&refType=caf&uuid=8fd8848d-e682-4899-8708-13b690d29cb3&version=1.1;https://parivesh.nic.in/dms/okm/downloadDocument?docTypemappingId=58989&refId=48742832&refType=FC&uuid=6fa72668-7b23-4cdb-9b5b-ac98e0583991&version=1.3,260938,https://parivesh.nic.in/newupgrade/#/report/ec?proposalId=48747011,200.0,0.0
50216272,"proposed Re- alignment / Change in alignment of Forest land area of 2.790 ha ( 2.790 ha proposed + Used Old  diverted  land alignment  0.105 ha = 2.895 ha) for construction of New Meyong Chu HEP (2X5=MW) by Power Department GOS as USER AGENCY  in Ritchu Khola Stream passes  through  Khasmal & Phodong  RF Land at Toong Naga , 14 GPU ,  under Mangan (T) Range , Mangan District, North Sikkim and part alignment of old FCA  approval Number 1789/FCA/F & ED/ 5 Dated 3rd  July 2023

The catchment area of Ritchu Khola stream above diversion structure comprises forest land, the above said proposed project for hydro electricity generation. The natural design of the stream/khad is not disturbed. The water after generation of electricity would be released back to the khad on the run of the river principle.
Due to the Cloud burst induced massive flash flood in the Teesta River North Sikkim on the intervening night of 3rd & 4th October 2023 caused large scale landslides and submerged the proposed pow",New,FP/SK/REDIV/464325/2024,2024-02-28T07:10:10.370+00:00,,Final Diversion Order Issued,2.79,9141.0,Power Department,,Form-E: Re-Diversion i) Land Use Change ii) Laying of Overhead/ Under Ground OFC/ drinking water pipeline/ slurry pipeline/ electric cable/ CNG/PNG within RoW,,,,"Re-alignment of 2.79 ha of forest land for const of 10 MW New Meyong Chu HEP at Ritchu Khola Stream, Toong Naga GPU Mangan Sikkim by Power Deptt Govt of Sikkim",SIKKIM,Mangan,Meyong,,,"04,06,07,08,21,95,99&RF",Linear,0.0,2.79,2.79,0.0,0.0,0.0,0.0,0.0,0,0,0,Not applicable as the project or activity is site specific,,NO,NO,NO,2024-02-27T18:30:00.000+00:00,,,,,"Power Department, Kazi Road Gangtok Sikkim",Gangtok,11,State Government (Department/Autonomous body),PCE,Gangtok,11,North  District,"04,06,07,08,21,95,99&RF",https://parivesh.nic.in/dms/okm/downloadDocument?docTypemappingId=40829&refId=49963994&refType=caf&uuid=e03e1638-32e3-486c-85c1-2f12a0924d5a&version=1.0,260935,https://parivesh.nic.in/newupgrade/#/report/ec?proposalId=50216272,0.0,4000.0
50228912,"Diversion of 3.102 Ha of forest land for rehabilitation site for flashflood or GLOF victims of 14 Toong Naga GPU, Mangan District by DC Mangan GoS",New,FP/SK/OTHERS/464359/2024,2024-02-28T09:44:19.235+00:00,,REJECTED,3.102,1500.0,Land Revenue & Disaster Management Department,,Forest clearance form,,,,"Diversion of 3.102 Ha of forest land for rehabilitation site for flashflood or GLOF victims of 14 Toong Naga GPU, Mangan District by DC Mangan GoS",SIKKIM,Chungthang,Tung,,,00,Non - Linear,0.0,3.102,3.102,0.0,0.0,0.0,0.0,0.0,0,0,0,Not applicable as the project or activity is site specific,,NO,NO,NO,2024-02-27T18:30:00.000+00:00,,,Degraded Forest Land,true,"Land Revenue & Disaster Management Department, DC office Mangan",Mangan,11,State Government (Department/Autonomous body),Deputy Director,Toong Mangan,11,North  District,00,https://parivesh.nic.in/dms/okm/downloadDocument?docTypemappingId=40829&refId=49338390&refType=caf&uuid=062b05d0-e4d9-4dbd-b719-6a6807f9efa3&version=1.0;https://parivesh.nic.in/dms/okm/downloadDocument?docTypemappingId=58989&refId=49338390&refType=FC&uuid=6efbe6d8-4ac6-4848-9698-97dacd1787f2&version=1.0,260929,https://parivesh.nic.in/newupgrade/#/report/ec?proposalId=50228912,0.0,0.0
54058497,"Rehabilitation site for flashflood or GLOF victims of 14 Toong Naga GPU at Thulo Bojoghari, Naga RF, Mangan District by DC Mangan GoS.",New,FP/SK/ROAD/466189/2024,2024-03-16T07:37:40.793+00:00,,REJECTED,3.058,1500.0,Land Revenue & Disaster Management Department,,Forest clearance form,,,,"Diversion of 3.058 Ha of forest land for rehabilitation site for flashflood or GLOF victims of 14 Toong Naga GPU at Thulo Bojoghari, Naga RF, Mangan District by DC Mangan GoS.",SIKKIM,Mangan,Naga Forest Block,,,0,Linear,0.0,3.058,3.058,0.0,0.0,0.0,0.0,0.0,0,0,0,Not applicable as the project or activity is site specific,,NO,NO,NO,2024-03-15T18:30:00.000+00:00,,,Degraded Forest Land,true,"Land Revenue & Disaster Management Department, DC office Mangan",Mangan,11,State Government (Department/Autonomous body),Deputy Director,Toong Naga Mangan,11,North  District,0,https://parivesh.nic.in/dms/okm/downloadDocument?docTypemappingId=40829&refId=54056828&refType=caf&uuid=8e5b3475-2c91-4e82-90d8-a01e0df3387b&version=1.0;https://parivesh.nic.in/dms/okm/downloadDocument?docTypemappingId=58989&refId=54056828&refType=FC&uuid=66abb345-70e6-4268-8f76-70084ad7529b&version=1.0,260976,https://parivesh.nic.in/newupgrade/#/report/ec?proposalId=54058497,0.0,0.0
56393769,"Laying OFC cables of SAJONG (RUMTEK) (27.33171 88.55802) TO SIBIK BRIDGE (REY) (27.31079 88.56836) UNDER RANIPOOL (T) RANGE, GANGTOK DISTRICT, EAST GNAGTOK DIVISION. TOTAL LENGTH OF THE ROAD IS 5.5 KM

TOTAL STEEL POLE WILL BE INSTALL 159 NOs & FOREST LAND REQUIRED (0.6096 M X 0.6096 M X 159 POLE = 59.08633 SQM = 0.0059 HA)",New,FP/SK/OFC/467403/2024,2024-03-27T07:12:15.039+00:00,,DELISTED_BY_SYSTEM,0.0059,15.5,RELIANCE JIO INFOCOMM LIMITED,,Forest clearance form,,,,Laying of Optical Fibre Cable from SAJONG (RUMTEK) (27.33171 88.55802) TO SIBIK BRIDGE (REY) (27.31079 88.56836),SIKKIM,Gangtok,Rey,,,,Linear,0.0,0.0059,0.0059,0.0,0.0,0.0,0.0,0.0,0,0,0,Not applicable as the project or activity is site specific,,NO,NO,NO,2024-03-27T07:28:05.141+00:00,,,Degraded Forest Land,true,"3B, 4TH FLOOR, ECOSPACE, RAJARHAT NEWTOWN, KOLKATA",Saltlake,19,Private Limited,ROW LEAD,Saltlake,19,East District,,https://parivesh.nic.in/dms/okm/downloadDocument?docTypemappingId=40829&refId=56391268&refType=caf&uuid=a754893e-6449-44c6-92f6-8892a64af9fc&version=1.0;https://parivesh.nic.in/dms/okm/downloadDocument?docTypemappingId=58989&refId=56391268&refType=FC&uuid=3706eaa3-b737-46fc-931e-18a4739979bd&version=1.0,261298,https://parivesh.nic.in/newupgrade/#/report/ec?proposalId=56393769,270.0,24.0
56649814,"LAYING OF OFC (AREA-0.0007 HA) FOR PROVIDING (RELIANCE JIO) INTERNET CONNECTIVY FROM New Alternative Highway (27.2828 88.589) to Glenmark Company (27.2852 88.5901) UNDER RANIPOOL (T) RANGE, GANGTOK DISTRICT, EAST GNAGTOK DIVISION
TOTAL STEEL POLE WILL BE INSTALL 20 NOs & FOREST LAND REQUIRED (0.6096 M X 0.6096 M X 20 POLE = 7.43 SQM = 0.0007 HA)",New,FP/SK/OFC/467520/2024,2024-03-28T06:57:12.996+00:00,,DELISTED_BY_SYSTEM,0.0007,1.0,RELIANCE JIO INFOCOMM LIMITED,,Forest clearance form,,,,Proposal for OFC laying work from New Alternative Highway to Glenmark Company,SIKKIM,Gangtok,Ranipool Forest Block,,,,Linear,0.0,0.0007,0.0007,0.0,0.0,0.0,0.0,0.0,0,0,0,Not applicable as the project or activity is site specific,,NO,NO,NO,2024-03-28T07:13:47.439+00:00,,,Degraded Forest Land,true,"3B, 4TH FLOOR, ECOSPACE, RAJARHAT NEWTOWN, KOLKATA",Saltlake,19,Private Limited,ROW LEAD,SALTLAKE,19,East District,,https://parivesh.nic.in/dms/okm/downloadDocument?docTypemappingId=40829&refId=56648926&refType=caf&uuid=10452110-1b68-4e16-8baf-a9c2a6567349&version=1.0;https://parivesh.nic.in/dms/okm/downloadDocument?docTypemappingId=58989&refId=56648926&refType=FC&uuid=6cf164eb-db32-4441-b54e-a7fe4c603013&version=1.0,261322,https://parivesh.nic.in/newupgrade/#/report/ec?proposalId=56649814,120.0,24.0
58916781,"LAYING OF OFC (AREA-0.0013 Ha) FOR PROVIDING (RELIANCE JIO) INTERNET CONNECTIVY from Sayem (Highway) (27.4203 88.5291) to Deythang Area (27.4226 88.5352)  UNDER Mangan (T) RANGE, Mangan Territorial Division, Mangan District.

Length of the Span: 3000 Mtrs

TOTAL STEEL POLE WILL BE INSTALL 90 NOs & FOREST LAND REQUIRED (0.6096 M X 0.6096 M X 90 POLE = 33 SQM = 0.0033 HA)",New,FP/SK/OFC/468498/2024,2024-04-05T10:30:56.310+00:00,,DELISTED_BY_SYSTEM,0.0033,3.0,RELIANCE JIO INFOCOMM LIMITED,,Forest clearance form,,,,"Proposal for diversion of forest land for laying of ofc cable of KABI-ENB-9005 through forest areas of Mangan forest block, North Sikkim Dist for a total length of 3 Km",SIKKIM,Mangan,Sheyam,,,,Linear,0.0,0.0033,0.0033,0.0,0.0,0.0,0.0,0.0,0,0,0,Not applicable as the project or activity is site specific,,NO,NO,NO,2024-04-05T10:42:09.549+00:00,,,Degraded Forest Land,true,"3B, 4TH FLOOR, ECOSPACE, RAJARHAT NEWTOWN, KOLKATA",Saltlake Sector V,19,Private Limited,ROW LEAD,Saltlake Sector V,19,North  District,,https://parivesh.nic.in/dms/okm/downloadDocument?docTypemappingId=40829&refId=58915564&refType=caf&uuid=d92097a6-ce40-4eb7-b8ce-70361d34cc2b&version=1.0;https://parivesh.nic.in/dms/okm/downloadDocument?docTypemappingId=58989&refId=58915564&refType=FC&uuid=5e2311a1-8602-4c28-a7b2-c483e327e469&version=1.0,0,https://parivesh.nic.in/newupgrade/#/report/ec?proposalId=58916781,120.0,24.0
59679397,"As a part of Digital India Initiative, We Jio Digital Fibre Private Limited is planned to connect every corner of India with High Speed Internet Connectivity. To fulfil this aspiration we are planning to lay optical fibre cable ZOOM 2 CONNECTING FROM NAYABAZAR TO GELLING (GYANDIL DHAM) OF FOREST AREA OF SORENG DIVISION FOR A TOTAL LENGTH OF 13.6 KM TOTAL LENGTH OF PROPOSED ROUTE – 13600 X 0.40 = 0.544 Hectare",New,FP/SK/REDIV/468713/2024,2024-04-08T09:00:22.757+00:00,,DELISTED_BY_SYSTEM,0.544,5.0,RELIANCE JIO INFOCOMM LIMITED,,Form-E: Re-Diversion i) Land Use Change ii) Laying of Overhead/ Under Ground OFC/ drinking water pipeline/ slurry pipeline/ electric cable/ CNG/PNG within RoW,,,,"Proposal for diversion of 0.544 ha of forest land for laying of ofc cable of ZOOM 2 connecting through forest areas of Ravang reserve forest block, West Sikkim dist for a total length of 11 km",SIKKIM,Soreng,Nayabazar Forest Block,,,0,Linear,0.0,0.544,0.544,0.0,0.0,0.0,0.0,0.0,0,0,0,Not applicable as the project or activity is site specific,,NO,NO,NO,2024-04-08T09:20:07.581+00:00,,,,,"3B, 4TH FLOOR, ECOSPACE, RAJARHAT NEWTOWN, KOLKATA",Soreng,11,Private Limited,ROW LEAD,Soreng,11,West District,0,https://parivesh.nic.in/dms/okm/downloadDocument?docTypemappingId=40829&refId=59678115&refType=caf&uuid=13044c40-f4e2-44bd-b05b-044cbd0402c2&version=1.0,261104,https://parivesh.nic.in/newupgrade/#/report/ec?proposalId=59679397,10.0,24.0
62449465,"LAYING OF OFC (AREA-0.0022 Ha) FOR PROVIDING (RELIANCE JIO/GAOK 9103) INTERNET CONNECTIVY from Tintek Road (27.36183, 88.50019) to Tumin PWD Road to Upper Kambal PMGSY Road (27.36777, 88.50619)  UNDER Gangtok(T) RANGE, Gangtok Territorial Division, Gangtok District.
Length of the Span: 1800 Mtrs

TOTAL STEEL POLE WILL BE INSTALL 59 NOs & FOREST LAND REQUIRED ( 0.6096 M X 0.6096 M X 59 POLE = 21.92 or say 22 SQM = 0.0022 HA)",New,FP/SK/OFC/470225/2024,2024-04-22T09:52:34.620+00:00,,DELISTED_BY_SYSTEM,0.0022,30.0,RELIANCE JIO INFOCOMM LIMITED,,Forest clearance form,,,,"LAYING OF OFC from Tintek Road to Tumin PWD Road to Upper Kambal PMGSY Road UNDER Gangtok(T) RANGE, Gangtok Territorial Division, Gangtok District.",SIKKIM,Gangtok,Kambal,,,,Linear,0.0,0.0022,0.0022,0.0,0.0,0.0,0.0,0.0,0,0,0,Not applicable as the project or activity is site specific,,NO,NO,NO,2024-04-22T10:20:53.017+00:00,,,Degraded Forest Land,true,"3B, 4TH FLOOR, ECOSPACE, RAJARHAT NEWTOWN, KOLKATA",KOLKATA,19,Private Limited,ROW LEAD,KOLKATA,19,East District,,https://parivesh.nic.in/dms/okm/downloadDocument?docTypemappingId=40829&refId=62448689&refType=caf&uuid=c16d3d7f-bb10-44e2-a15c-c82c131c8035&version=1.0;https://parivesh.nic.in/dms/okm/downloadDocument?docTypemappingId=58989&refId=62448689&refType=FC&uuid=86e0c174-98d4-4e22-9ac4-fc3bc0c35788&version=1.3,261255,https://parivesh.nic.in/newupgrade/#/report/ec?proposalId=62449465,1020.0,1020.0
67763084,"It is a widening project of existing road passing through the Shingba Wildlife Sanctuary with minimum effect to the Forest land and Wildlife in comparison to the other alternative stidied. Out of total 21.062 km , 16.333 km is inside the Wildlife Sanctuary.",New,WL/SK/ROAD/472734/2024,2024-05-13T11:29:14.069+00:00,,,38.1435,38480.5,Ministry of Defense,,Wildlife clearance form,,,,WIDENING OF EXISTING ROAD (NH 310A) TO NHDL SPECIFICATION WITH PAVED SHOULDER FROM SHINGBA RHODODENDRON WILDLIFE SANCTUARY TO YUMTHANG IN THE STATE OF SIKKIM UNDER PROJECT SWASTIK OF BRO,SIKKIM,Chungthang,Lachung,,,PA,Linear,0.0,38.1435,38.1435,0.0,0.0,0.0,0.0,0.0,0,0,0,YES,,NO,NO,NO,2024-05-13T12:56:16.490+00:00,,,,,,,,,,,,North District,PA,https://parivesh.nic.in/dms/okm/downloadDocument?docTypemappingId=40829&refId=67752187&refType=caf&uuid=c343d87a-a35f-46ae-904e-e0f0fa63b4f5&version=1.0,260926,https://parivesh.nic.in/newupgrade/#/report/ec?proposalId=67763084,204467.0,0.0
67774662,"this project entails setting up of a Solid Waste Treatment Plant comprising processing facilities and regional sanitary landfill. The proposed project is planned in accordance with the solid waste management rules(SWM), 2016 and it consist of waste collection, segregation, waste processing and a sanitary landfill with leachate facility, this will help to generate employment.",New,SIA/SK/INFRA2/472756/2024,2024-05-13T13:06:28.603+00:00,2024-08-19T10:00:37.381+00:00,EC Granted,2.0,15.99,UDD GOVT OF SIKKIM,,Environment clearance form,EC,B1,,"Regional sanitary landfill facility at Mangan, North Sikkim",SIKKIM,Mangan,Kazor,,214(I)E&SC/SEIAA/SEAC,78A/10,Non - Linear,0.0,2.0,2.0,0.0,0.0,0.0,0.0,0.0,0,0,0,NO,Not applicable as project or activity is site specific,NO,NO,NO,2024-05-14T08:21:08.079+00:00,,,,,,,,,,,,North  District,78A/10,https://parivesh.nic.in/dms/okm/downloadDocument?docTypemappingId=40829&refId=29993241&refType=caf&uuid=25a46658-c1a9-4e46-b282-f2be1b3bb84a&version=1.0,260938,https://parivesh.nic.in/newupgrade/#/report/ec?proposalId=67774662,17860.0,18907.0
71681227,"LAYING OF OFC from Tintek Road to Tumin PWD Road to Upper Kambal PMGSY Road UNDER Gangtok(T) RANGE, Gangtok Territorial Division, Gangtok District.",New,FP/SK/REDIV/476692/2024,2024-05-28T10:15:08.916+00:00,,DELISTED_BY_SYSTEM,0.0022,30.0,RELIANCE JIO INFOCOMM LIMITED,,Form-E: Re-Diversion i) Land Use Change ii) Laying of Overhead/ Under Ground OFC/ drinking water pipeline/ slurry pipeline/ electric cable/ CNG/PNG within RoW,,,,"LAYING OF OFC from Tintek Road to Tumin PWD Road to Upper Kambal PMGSY Road UNDER Gangtok(T) RANGE, Gangtok Territorial Division, Gangtok District.",SIKKIM,Gangtok,Tumen,,,00,Linear,0.0,0.0022,0.0022,0.0,0.0,0.0,0.0,0.0,0,0,0,Not applicable as the project or activity is site specific,,NO,NO,NO,2024-10-28T18:30:00.000+00:00,,,,,"3B, 4TH FLOOR, ECOSPACE, RAJARHAT NEWTOWN, KOLKATA",Tumin,11,Private Limited,ROW LEAD,Tumin,11,East District,00,https://parivesh.nic.in/dms/okm/downloadDocument?docTypemappingId=40829&refId=71678080&refType=caf&uuid=a76152d1-dd8b-43bd-8b88-ab459ab992e5&version=1.0,0,https://parivesh.nic.in/newupgrade/#/report/ec?proposalId=71681227,1020.0,1020.0
72057279,"Diversion of  forest land measuring 0.0750 Hectares for the construction of Border Intelligence post (BIP) at Rumtek, Chinzey revenue Block, East Sikkim, under ranipool (T) Range.",New,FP/SK/CommPost/476951/2024,2024-05-29T06:49:19.179+00:00,2025-07-29T04:09:08.589+00:00,Final Diversion Order Issued,0.075,400.0,SUBSIDIARY INTELLIGENCE BUREAU GANGTOK,,Forest clearance form,,,,Rumtek diversion process,SIKKIM,Gangtok,Rawate-Rumtek,,,,Linear,0.0,0.075,0.075,0.0,0.0,0.0,0.0,0.0,0,0,0,Not applicable as the project or activity is site specific,,NO,NO,NO,2024-09-20T18:30:00.000+00:00,,,Degraded Forest Land,true,"SIB Office Baluwakhani, Gangtok",Gangtok,11,Central Government (Department/Autonomous body),Joint Deputy Director,Gangtok,11,East District,,https://parivesh.nic.in/dms/okm/downloadDocument?docTypemappingId=40829&refId=53998311&refType=caf&uuid=4707939f-0253-4436-8999-920b0d85305c&version=1.0;https://parivesh.nic.in/dms/okm/downloadDocument?docTypemappingId=58989&refId=53998311&refType=FC&uuid=a810911c-4023-4f69-b84a-c408da47d04f&version=1.3,261292,https://parivesh.nic.in/newupgrade/#/report/ec?proposalId=72057279,500.0,500.0
72114217,Construction of Office cum Residential Complex of Subsidiary Intelligence Bureau (SIB) at Chjachen Gorucharan under Rongli (T) Range.,New,FP/SK/CommPost/477114/2024,2024-05-29T11:21:11.681+00:00,2025-07-29T04:16:14.728+00:00,Final Diversion Order Issued,0.09,400.0,SUBSIDIARY INTELLIGENCE BUREAU GANGTOK,,Forest clearance form,,,,Diversion process of Forest Land measuring 0.09 Ha for the construction of Office cum Residential Complex at Chujachen gorucharan under Rongli (T) Range.,SIKKIM,Rongli,Chujachen,,,plot No.547,Linear,0.0,0.09,0.09,0.0,0.0,0.0,0.0,0.0,0,0,0,Not applicable as the project or activity is site specific,,NO,NO,NO,2024-05-28T18:30:00.000+00:00,,,Degraded Forest Land,true,"SIB Office Baluwakhani, Gangtok",Gangtok,11,Central Government (Department/Autonomous body),Joint Deputy Director,Gangtok,11,East District,plot No.547,https://parivesh.nic.in/dms/okm/downloadDocument?docTypemappingId=40829&refId=72111922&refType=caf&uuid=b2f9d565-a1ec-49f4-bc43-5ceff5749ed1&version=1.0;https://parivesh.nic.in/dms/okm/downloadDocument?docTypemappingId=58989&refId=72111922&refType=FC&uuid=303a896e-9074-4d6a-be58-5965d675e524&version=1.0,261367,https://parivesh.nic.in/newupgrade/#/report/ec?proposalId=72114217,500.0,500.0
75640902,"LAYING OFC FROM BAIGUNEY TO KALUK PASSING THROGH SISNEY RESERVE FOREST AREA OF SORENG DIVISION FOR A TOTAL LENGTH OF 38.0 KM

 (TOTAL LENGTH OF PROPOSED ROUTE – 38000 X 0.40 = 1.52 Hectare)",New,FP/SK/REDIV/480471/2024,2024-06-11T07:55:02.335+00:00,,Stage-II Accorded,1.52,38.0,RELIANCE JIO INFOCOMM LIMITED,,Form-E: Re-Diversion i) Land Use Change ii) Laying of Overhead/ Under Ground OFC/ drinking water pipeline/ slurry pipeline/ electric cable/ CNG/PNG within RoW,,,,LAYING OFC FROM BAIGUNEY TO KALUK PASSING THROGH SISNEY RESERVE FOREST AREA OF SORENG DIVISION FOR A TOTAL LENGTH OF 38.0 KM   (TOTAL LENGTH OF PROPOSED ROUTE – 38000 X 0.40 = 1.52 Hectare),SIKKIM,Soreng,Takuthang,,,,Linear,0.0,1.52,1.52,0.0,0.0,0.0,0.0,0.0,0,0,0,Not applicable as the project or activity is site specific,,NO,NO,NO,2024-10-14T18:30:00.000+00:00,,,,,"3B, 4TH FLOOR, ECOSPACE, RAJARHAT NEWTOWN, KOLKATA",KOLKATA,19,Private Limited,ROW LEAD,KOLKATA,19,West District,,https://parivesh.nic.in/dms/okm/downloadDocument?docTypemappingId=40829&refId=32848395&refType=caf&uuid=4d4213e3-8b9a-4a82-bcd6-73612b8ccc06&version=1.0,0,https://parivesh.nic.in/newupgrade/#/report/ec?proposalId=75640902,460.0,100.0
79180216,"Rural Development Department, Govt. of Sikkim, Near Secretariate, Tashiling, Gangtok",New,FP/SK/OTHERS/484235/2024,2024-06-27T07:44:01.805+00:00,,Pending on UA for Levies Payment,56.67,0.0,"RURAL DEVELOPMENT DEPARTMENT, GOVT OF SIKKIM",,Forest clearance form,,,,"Diversion of 63.73 Ha of forest land for regularization (8.0 ha in Gangtok District, 39.84 ha in Namchi District and 15.89 ha in Pakyong District) pre- 1980 settlements in Forest Land-Conversion of Forest Village into Revenue Village in the State of Sikkim by RDD, GoS",SIKKIM,Gangtok,Kyongnosla Forest Block,,,8.0,Non - Linear,0.0,56.67,56.67,0.0,0.0,0.0,0.0,0.0,0,0,0,Not applicable as the project or activity is site specific,,NO,NO,NO,2024-07-17T18:30:00.000+00:00,,,Degraded Forest Land,true,"Rural Development Department
Tashiling,Secreteriate",Gangtok,11,State Government (Department/Autonomous body),Pr Secretary,Gangtok,11,East District,8.0,https://parivesh.nic.in/dms/okm/downloadDocument?docTypemappingId=40829&refId=79173549&refType=caf&uuid=20c4b006-4477-4155-82e4-486013a9ff00&version=1.2;https://parivesh.nic.in/dms/okm/downloadDocument?docTypemappingId=58989&refId=79173549&refType=FC&uuid=918c78f0-aea6-4fce-9294-2a097788fe6a&version=1.2;https://parivesh.nic.in/dms/okm/downloadDocument?docTypemappingId=58989&refId=79173549&refType=FC&uuid=20af49eb-e5a2-4cf3-91a8-dfc789ea4624&version=1.1;https://parivesh.nic.in/dms/okm/downloadDocument?docTypemappingId=58989&refId=79173549&refType=FC&uuid=ae6bdc99-dc7e-4e3a-91af-86d556315598&version=1.1,261318,https://parivesh.nic.in/newupgrade/#/report/ec?proposalId=79180216,0.0,0.0
87429498,Establishment of BOP Pangola under 69 Bn SSB Pakyong,New,WL/SK/SRY/489622/2024,2024-07-25T07:48:49.442+00:00,,,0.99,170.0,69TH BN SSB RHENOCK,,Wildlife clearance form,,,,Diversion of 0.99 Hectare forest land for establishment of Border Out Post at Pangola under Pangolakha Wild life survey North range in r/o 69 Bn SSB Pakyong (Sikkim),SIKKIM,Gangtok,NA,,,,Non - Linear,0.0,0.99,0.99,0.0,0.0,0.0,0.0,0.0,0,0,0,NO,sufficient,NO,NO,NO,2024-07-25T08:00:18.298+00:00,,,,,,,,,,,,Gangtok,,https://parivesh.nic.in/dms/okm/downloadDocument?docTypemappingId=40829&refId=80670790&refType=caf&uuid=134c14e5-3d81-4acb-934e-6b5d61195535&version=1.0,0,https://parivesh.nic.in/newupgrade/#/report/ec?proposalId=87429498,30.0,45.0
88039480,For installation of 65mm water pipeline for withdrawal of surface water from Pabong Khola to Company,New,FP/SK/WATER/489940/2024,2024-07-27T07:20:03.402+00:00,,Pending at UA for Compliance Report,0.0019,26.0,Mankind pharma limited,,Forest clearance form,,,,Diversion of 280 meters of land under Khasmahal comprising of 2755sq. ft. and 0.0255ha for the 65mm water pipeline has to be lay down from Pabong Khola to Mankind Pharma Limited Company Namchi District South Sikkim Sikkim for the use of Industrial and Domestic purpose as per guidelines issued by the Honorable High Court of SIKKIM,SIKKIM,Namchi,Barnyak,,,,Linear,0.0,0.0019,0.0019,0.0,0.0,0.0,0.0,0.0,0,0,0,Not applicable as the project or activity is site specific,,NO,NO,NO,2024-11-13T18:30:00.000+00:00,,,Degraded Forest Land,true,"Khatiyan No 05, Daring Block, Bermiok Elaka, NH-10,
Amaley South Sikkim",Amaley,11,Private Limited,Assistant General Manager,Amaley,11,South District,,https://parivesh.nic.in/dms/okm/downloadDocument?docTypemappingId=40829&refId=77493860&refType=caf&uuid=a84bbfc3-4824-436b-aa22-be643add1fa4&version=1.3;https://parivesh.nic.in/dms/okm/downloadDocument?docTypemappingId=58989&refId=77493860&refType=FC&uuid=5ea62ae4-907c-44fd-bd15-9f6e0db81381&version=1.0,261176,https://parivesh.nic.in/newupgrade/#/report/ec?proposalId=88039480,66.0,3650.0
88041188,For installation of 65mm water pipeline for withdrawal of surface water from Pabong Khola to Company,New,FP/SK/WATER/489946/2024,2024-07-27T07:39:30.082+00:00,,DELISTED_BY_SYSTEM,0.0019,26.0,Mankind pharma limited,,Forest clearance form,,,,Diversion of 280 meters of land under Khasmahal comprising of 2755sq. ft. and 0.0255ha for the 65mm water pipeline has to be lay down from Pabong Khola to Mankind Pharma Limited Company Namchi District South Sikkim Sikkim for the use of Industrial and Domestic purpose as per guidelines issued by the Honorable High Court of SIKKIM,SIKKIM,Gangtok,Namgeythang,,,,Linear,0.0,0.0019,0.0019,0.0,0.0,0.0,0.0,0.0,0,0,0,Not applicable as the project or activity is site specific,,NO,NO,NO,2024-08-17T08:01:13.790+00:00,,,,false,"Khatiyan No 05, Daring Block, Bermiok Elaka, NH-10,
Amaley South Sikkim",Amaley,11,Private Limited,Assistant General Manager,Amaley,11,East District,,https://parivesh.nic.in/dms/okm/downloadDocument?docTypemappingId=40829&refId=77493860&refType=caf&uuid=a84bbfc3-4824-436b-aa22-be643add1fa4&version=1.3;https://parivesh.nic.in/dms/okm/downloadDocument?docTypemappingId=58989&refId=77493860&refType=FC&uuid=8cdda8a5-c4ef-4ba6-8cb1-4a8d1ac50e2f&version=1.0,261274,https://parivesh.nic.in/newupgrade/#/report/ec?proposalId=88041188,66.0,3650.0
88889385,Re-diversion of 0.4542 ha forest land due to technical realignment of underground steel lined pressure shaft as a result of poor Geology not feasible to construct stable anchor blocks for the surface pressure shaft of Rongnichu Hydro Electric Project by surrendering 1.5158 ha of already diverted 1.97 ha forest land by Madhya Bharat Power Co. Ltd,New,FP/SK/REDIV/490390/2024,2024-07-30T08:46:09.202+00:00,2025-08-07T12:32:27.591+00:00,Final Diversion Order Issued,0.4542,1.6123,MADHYA BHARAT POWER CORPORATION LIMITED,,Form-E: Re-Diversion i) Land Use Change ii) Laying of Overhead/ Under Ground OFC/ drinking water pipeline/ slurry pipeline/ electric cable/ CNG/PNG within RoW,,,,Re-diversion of 0.4542 ha forest land due to technical realignment of underground steel lined pressure shaft of Rongnichu Hydro Electric Project by surrendering 1.5158 ha of already diverted forest land by Madhya Bharat Power Co. Ltd,SIKKIM,Pakyong,Pakyong Forest Block,,,SITE RF,Linear,0.0,0.4542,0.4542,0.0,0.4542,0.4542,0.0,0.0,0,0,0,Not applicable as the project or activity is site specific,,NO,NO,YES,2024-07-31T11:54:54.679+00:00,,,,,"1st Floor Vanijya Bhawan, Sai Nagar, Devendra Nagar Road, Raipur",Delhi,22,Private Limited,DIRECTOR,Raipur,22,East District,SITE RF,https://parivesh.nic.in/dms/okm/downloadDocument?docTypemappingId=40829&refId=88881076&refType=caf&uuid=801f3f07-b474-4f52-bfda-e90d591a99cc&version=1.0,261355,https://parivesh.nic.in/newupgrade/#/report/ec?proposalId=88889385,67000.0,577550.0
89200293,The project is to develop the existing Heritage site at Legship in South Sikkim including riverfront development.,New,FP/SK/OTHERS/490580/2024,2024-07-31T08:47:16.661+00:00,,DELISTED_BY_SYSTEM,1.34,7267.54,Tourism and Civil Aviation Department,,Forest clearance form,,,,Riverfront Development and Heritage Site at Legship in West Sikkim.,SIKKIM,Ravong,Bakkhim,,,,Non - Linear,0.0,1.34,1.34,0.0,0.0,0.0,0.0,0.0,0,0,0,Not applicable as the project or activity is site specific,,NO,NO,NO,2024-07-31T10:33:15.053+00:00,,,Degraded Forest Land,true,"Paryatan Bhawan, Metro Point Gangtok",,11,State Government (Department/Autonomous body),Divisional Engineer,,11,South District,,https://parivesh.nic.in/dms/okm/downloadDocument?docTypemappingId=40829&refId=89194481&refType=caf&uuid=55e59c58-49b5-43d4-aa9d-5dd4aca97e29&version=1.0;https://parivesh.nic.in/dms/okm/downloadDocument?docTypemappingId=58989&refId=89194481&refType=FC&uuid=fc4e8702-082d-4444-93c2-9667332c1fe7&version=1.0,261214,https://parivesh.nic.in/newupgrade/#/report/ec?proposalId=89200293,5775.0,1860.0
89495232,"The project sanctioned from Jal Jeevan Mission funding is a ongoing project. This project has been framed to provide potable water to most of the dry regions situated within salghari GPU, Tinik chisopani GPU, Poklok Denchung GPU and assangthang GPU. These regions do not have any local perennial sources and there is no, other option then to supply water, by using Mechanical pumps, the pumping stations at three stages including the intake pumps The proposal is thus for diversion of forest land the nature of project is linear, most of the land is required for laying of water supply trunk line of 150mm dia. API pipes which falls approximately for 1000m with width of 1.21m. The intake area situated at GPS location 27.1829992 , 88.318551 along the River Rangit, also shall be constructed in the forest premises and would require approximately 225 sqm area. The project is very necessary for the people of the above-mentioned region where there is acute shortage of drinking water supply.",New,FP/SK/WATER/490744/2024,2024-08-01T06:24:33.039+00:00,,Pending on UA for Compensatory Levies Payment,0.0887,3183.01,Amit Rai,,Forest clearance form,,,,"Multi Village Water Supply from River Rangit, under JJM for Salghari, Tinik-Chisopani and Poklok-Denchung GPU",SIKKIM,Namchi,Assangthang,,,78/8/2,Linear,0.0,0.0887,0.0887,0.0,0.0,0.0,0.0,0.0,0,0,0,Not applicable as the project or activity is site specific,,NO,NO,NO,2024-08-15T18:30:00.000+00:00,,,,false,"Block administration Centre, Poklok nandugaon",,11,Individual,Assistant Engineer,,11,South District,78/8/2,https://parivesh.nic.in/dms/okm/downloadDocument?docTypemappingId=40829&refId=88570783&refType=caf&uuid=bd7fddb0-c631-4279-8a24-88ecd19e9f91&version=1.0;https://parivesh.nic.in/dms/okm/downloadDocument?docTypemappingId=58989&refId=88570783&refType=FC&uuid=80769a26-f83c-4e59-92c8-a0595282f642&version=1.2,261128,https://parivesh.nic.in/newupgrade/#/report/ec?proposalId=89495232,247977.0,21900.0
89824641,"Diversion of forest land of 0.1469 ha for augmentation of water supply of Manbir Colony, Gangtok by PHE Department, Government of Sikkim.",New,FP/SK/WATER/490955/2024,2024-08-02T07:47:50.710+00:00,,Stage-II Accorded,0.1469,382.9845,Public Health Engineering Department,,Forest clearance form,,,,"Diversion of forest land of 0.1469 ha for augmentation of water supply of Manbir Colony, Gangtok by PHE department, Government of Sikkim.",SIKKIM,Gangtok,Upper Burtuk,,,00,Linear,0.0,0.1469,0.1469,0.0,0.0,0.0,0.0,0.0,0,0,0,NO,NA,NO,NO,NO,2024-08-02T08:25:50.230+00:00,,,Degraded Forest Land,true,"Nirman Bhawan, Gangtok",Gangtok,11,State Government (Department/Autonomous body),JE,Gangtok,11,East District,00,https://parivesh.nic.in/dms/okm/downloadDocument?docTypemappingId=40829&refId=89823179&refType=caf&uuid=7ab2a08a-6f98-4275-8c34-9ab3eca580aa&version=1.0;https://parivesh.nic.in/dms/okm/downloadDocument?docTypemappingId=58989&refId=89823179&refType=FC&uuid=90e0b8c4-7b50-4024-be7e-eb0f6137b03a&version=1.0,943194,https://parivesh.nic.in/newupgrade/#/report/ec?proposalId=89824641,10.0,0.0
90647096,construction of helipad at Dokala and IDL at Bheem Base in forest land 0.96 Ha(2.371 acres),New,WL/SK/DEF/491219/2024,2024-08-05T04:32:59.509+00:00,,,0.96,735.31,MINISTRY OF DEFENCE,,Wildlife clearance form,,,,CONSTRUCTION OF  HELIPAD AT DOKALA AND IDL AT BHEEM BASE IN FOREST LAND 0.96 HA (2.371 ACRES),SIKKIM,Gangtok,Gnathang,,,"Pangolakha wild life Sanctuary ,North rangee",Hybrid,0.0,0.96,0.96,0.0,0.0,0.0,0.0,0.0,0,0,0,Not applicable as the project or activity is site specific,,NO,NO,NO,2024-08-08T03:26:51.107+00:00,,,,,,,,,,,,Gangtok,"Pangolakha wild life Sanctuary ,North rangee",https://parivesh.nic.in/dms/okm/downloadDocument?docTypemappingId=40829&refId=89501826&refType=caf&uuid=b24a4b6b-bb37-4504-a8b3-5b5974bb4760&version=1.0,261315,https://parivesh.nic.in/newupgrade/#/report/ec?proposalId=90647096,0.0,0.0
90998434,"The Fish Farm at Kabi, Mangan District was established three decades back with the main objective of Carp seed producing farm and as a demonstration unit. However the land under fish farm was acquired by health department for establishing Health infrastructure as per the public demand and as such the fish farm was to be relocated at a suitable site. The alternate plot was found to be RF land and hence owing to the importance of the fish farm the department proposes to acquire the same for setting up the Fish Farm cum Demonstration Unit at Gaikhana, Kabi, Mangan District.",New,FP/SK/OTHERS/491468/2024,2024-08-06T10:40:49.443+00:00,,DELISTED_BY_SYSTEM,0.92,250.0,Department of Fisheries,,Forest clearance form,,,,"Diversion of 0.92 Ha of forest land for relocation of fish farm at Gaikhana by Fisheries Department,  GoS",SIKKIM,Mangan,Phodong Forest Block,,,00,Non - Linear,0.0,0.92,0.92,0.0,0.0,0.0,0.0,0.0,0,0,0,Not applicable as the project or activity is site specific,,NO,NO,NO,2024-08-05T18:30:00.000+00:00,,,Degraded Forest Land,true,"Department of Fisheries, Mangan District",Mangan,11,State Government (Department/Autonomous body),Assistant Director,Mangan,11,North  District,00,https://parivesh.nic.in/dms/okm/downloadDocument?docTypemappingId=40829&refId=90996495&refType=caf&uuid=f4f4eea7-ed9b-42d5-a65b-130920d9c300&version=1.0;https://parivesh.nic.in/dms/okm/downloadDocument?docTypemappingId=58989&refId=90996495&refType=FC&uuid=d19d894e-9deb-46f6-b810-7f303f3cd52c&version=1.0,0,https://parivesh.nic.in/newupgrade/#/report/ec?proposalId=90998434,0.0,600.0
91565793,DIVERSION OF 0.9 HA FOREST LAND AT PANGOLAKHA WILD LIFE SANCTUARY FOR CONSTRUCTION OF OPERATIONAL TRACKS AT ARJUN TO HARI GAP (TR JN TO ARJUN GAP) FOR DEFENCE PURPOSE.,New,WL/SK/DEF/491766/2024,2024-08-08T04:10:50.888+00:00,,,0.9,14.4,MINISTRY OF DEFENCE,,Wildlife clearance form,,,,DIVERSION OF 0.9 HA FOREST LAND AT PANGOLAKHA LIFE LIFE SANCTUARY FOR CONSTRUCTION OF OPERATIONAL TRACK FROM ARJUN TO HARI GAP (TR JN TO ARJUN GAP) FOR DEFENCE OPERATIONAL PUROPSE,SIKKIM,Gangtok,Gnathang Forest Block,,,,Linear,0.0,0.9,0.9,0.0,0.0,0.0,0.0,0.0,0,0,0,Not applicable as the project or activity is site specific,,NO,NO,NO,2024-08-08T04:22:43.110+00:00,,,,,,,,,,,,East District,,https://parivesh.nic.in/dms/okm/downloadDocument?docTypemappingId=40829&refId=91267919&refType=caf&uuid=28b7adcf-d947-47a0-84c4-421ec8d982e1&version=1.0,261319,https://parivesh.nic.in/newupgrade/#/report/ec?proposalId=91565793,0.0,0.0
91567092,OPERATIONAL TRACKS FOR DEFENCE  AT ARJUN FWD -JELEP CHO TO SANGE PP,New,WL/SK/DEF/491770/2024,2024-08-08T04:25:21.508+00:00,,,1.6,25.6,MINISTRY OF DEFENCE,,Wildlife clearance form,,,,DIVERSION OF 1.6 HA FOREST LAND AT ARJUN FWD -JELEP CHO TO SANGAE PP (SANGAE PP TO ARJUN BASE)  FOR CONSTRUCTION OF OPERATIONAL TRACKS FOR DEFENCE,SIKKIM,Gangtok,Gnathang Forest Block,,,,Linear,0.0,1.6,1.6,0.0,0.0,0.0,0.0,0.0,0,0,0,Not applicable as the project or activity is site specific,,NO,NO,NO,2024-08-08T04:34:21.755+00:00,,,,,,,,,,,,East District,,https://parivesh.nic.in/dms/okm/downloadDocument?docTypemappingId=40829&refId=91284714&refType=caf&uuid=1fd0c1cd-c2a3-410d-ad3d-f7d198735512&version=1.0,261319,https://parivesh.nic.in/newupgrade/#/report/ec?proposalId=91567092,0.0,0.0
92203377,"Change of Name of User Agency from Lanco Energy Pvt. Limited to Lanco Teesta Hydro Power Limited (A wholly owned subsidiary of NHPC Limited) for 0.0960 Ha Diverted Forest Land for laying of water supply pipe line at Chalamthang (Badamtham) RF, Mangreng Rf and Pamphok RF, Namchi District, Sikkim.",New,FP/SK/Pipeline/492280/2024,2024-08-10T11:49:44.769+00:00,,DELISTED_BY_SYSTEM,0.096,0.0,LANCO TEESTA HYDRO POWER LIMITED,,Form-F: Application for Transfer of Lease/Change in User Agency Name,,,,Change of Name of User Agency from Lanco Energy Pvt. Limited to Lanco Teesta Hydro Power Limited (A wholly owned subsidiary of NHPC Limited) for 0.0960 Ha Diverted Forest Land.,SIKKIM,Namchi,Maneydara,,,,Linear,0.0,0.096,0.096,0.0,0.0,0.0,0.0,0.0,0,0,0,Not applicable as the project or activity is site specific,,NO,NO,NO,2024-08-10T11:58:32.418+00:00,,,,,"Teesta-VI HE Project, Balutar, P.O. Singtam East Sikkim",Balutar,11,"Central PSU (eg. NHAI, AAI, NTP, CIL, SAIL)",Chief Executive Officer,Balutar,11,South District,,https://parivesh.nic.in/dms/okm/downloadDocument?docTypemappingId=40829&refId=91605047&refType=caf&uuid=f983bb6c-31d4-4980-bbaa-1fa4650753a3&version=1.0,261167,https://parivesh.nic.in/newupgrade/#/report/ec?proposalId=92203377,0.0,0.0
93349902,"On October 4, 2023, Sikkim experienced a devastation glacier lake outburst flood (GLOF) that caused significant damage, including the destruction of the road to the Resource Recovery Center at Chungthang GPU, This has led to random disposal of solid waste by house hold, polluting both land and river, to address this, a proposal for Plastic Waste Management Unit at Chungthang GPU under Chungthang Block near Toong check post has been considered . The Swachh Bharat Mission Grameen, under the Rural Development Department, Government of Sikkim, has sanctioned and funded this project",New,FP/SK/OTHERS/492795/2024,2024-08-14T09:32:59.292+00:00,,Pending on UA for Compensatory Levies Payment,0.016,16.0,"RURAL DEVELOPMENT DEPARTMENT, GOVT OF SIKKIM",,Forest clearance form,,,,"Diversion of forest land of 0.016 ha for construction of Plastic Waste Management Unit in Chungthang,  Mangan District of Sikkim by Rural Development Department, Government of Sikkim.",SIKKIM,Chungthang,Chungthang,,,00,Non - Linear,0.0,0.016,0.016,0.0,0.0,0.0,0.0,0.0,0,0,0,Not applicable as the project or activity is site specific,,NO,NO,NO,2024-12-10T18:30:00.000+00:00,,,Degraded Forest Land,true,"Rural Development Department
Tashiling,Secreteriate",Chungthang,11,State Government (Department/Autonomous body),Pr Secretary,Gangtok,11,North  District,00,https://parivesh.nic.in/dms/okm/downloadDocument?docTypemappingId=40829&refId=93341037&refType=caf&uuid=60053511-42b2-4f07-a2e4-11b391755a9c&version=1.0;https://parivesh.nic.in/dms/okm/downloadDocument?docTypemappingId=58989&refId=93341037&refType=FC&uuid=85879e35-9d44-41e2-b329-89faabda43be&version=1.0,260927,https://parivesh.nic.in/newupgrade/#/report/ec?proposalId=93349902,18.0,184.0
93893569,"Proposal for construction of Transit hub and Community Complex of 0.2953 ha in Soreng. The proposed multilevel car parking along with the allied structures shall be constructed near District Court along Soreng Jorethang Road (27°10'23""N 88°12'03""E) and aims to have a parking space for taxis, vehicles from West Bengal and other districts of Sikkim. This proposed parking space will play a vital role in winding up the traffic congestion at the newly formed district headquarter. The complex will comprise of gender-responsive community skills development centers, commercial areas, taxi stands, bus bays and private vehicle garages while adopting green building designs and IOT enabled smart parking solutions in Soreng.",New,FP/SK/OTHERS/492969/2024,2024-08-16T07:24:54.598+00:00,,Pending at Nodal Officer due to EDS by State Secretary,0.2953,8342.0,Urban Development Department,,Forest clearance form,,,,Sikkim Integrated Urban Development Project,SIKKIM,Soreng,Soreng,,,N/A,Non - Linear,0.0,0.2953,0.2953,0.0,0.0,0.0,0.0,0.0,0,3,3,YES,,NO,NO,NO,2025-01-28T18:30:00.000+00:00,,,Degraded Forest Land,true,"Level-5, Kisan Bazar, Lal Market road, Gangtok, Sikkim",,11,State Government (Department/Autonomous body),Urban Planner Expert,,11,West District,N/A,https://parivesh.nic.in/dms/okm/downloadDocument?docTypemappingId=40829&refId=93080964&refType=caf&uuid=c16b00db-0564-4005-bcb9-718c2f5b2c1e&version=1.0;https://parivesh.nic.in/dms/okm/downloadDocument?docTypemappingId=40828&refId=93080964&refType=caf&uuid=9d88542b-32a6-4daa-a42d-000f993686d3&version=1.0;https://parivesh.nic.in/dms/okm/downloadDocument?docTypemappingId=40828&refId=93080964&refType=caf&uuid=bb4f1a6e-3cb6-4881-b10b-063cfc0524cd&version=1.0;https://parivesh.nic.in/dms/okm/downloadDocument?docTypemappingId=58989&refId=93080964&refType=FC&uuid=3ebb729a-34f8-4e3c-aab0-d66c36c87b11&version=1.0,261094,https://parivesh.nic.in/newupgrade/#/report/ec?proposalId=93893569,17885.0,15460.0
95594654,Run of the River Hydro Electric Power Generation Project utilizing head difference in two sub-basins viz Rimbi Khola and Kalej Khola of Rangit River Basin. Generation Capacity 66 MW (2x33 MW) in Gyalshing District of Sikkim State.,New,IA/SK/RIV/493596/2024,2024-08-22T05:14:55.739+00:00,2024-10-21T03:47:24.698+00:00,ToR Granted,33.294,49644.0,SIKKIM HYDRO POWER VENTURES LIMITED,R. S. Envirolinks Technologies Pvt. Ltd.,Environment clearance form,TOR,A,River Valley/Irrigation projects,Rangit-II Hydro Electric Project,SIKKIM,Gyalshing,Bangten,J-12011/6/2009-IA.I(R),,,Non - Linear,27.98,5.314,33.294,0.0,0.0,0.0,0.0,0.0,6,0,104,Not applicable as the project or activity is site specific,,NO,NO,NO,2024-08-27T11:05:05.733+00:00,,,,,,,,,,,,West District,,https://parivesh.nic.in/dms/okm/downloadDocument?docTypemappingId=40829&refId=95291177&refType=caf&uuid=45a7bf40-5fa2-4e92-8283-e58af5ef02b7&version=1.0,261023,https://parivesh.nic.in/newupgrade/#/report/ec?proposalId=95594654,306600.0,1213725.0
97870387,PROPOSAL FOR DIVERSION OF 191.621 ACRES FOREST LAND BETWEEN MILESTONE-4 TO MILESTONE-13,New,FP/SK/OTHERS/494547/2024,2024-08-29T07:21:58.734+00:00,,DELISTED_BY_SYSTEM,77.538,50.0,MINISTRY OF DEFENCE,,Forest clearance form,,,,PROPOSAL FOR DIVERSION OF 191.621 ACRES FOREST LAND BETWEEN MILESTONE-4 TO MILESTONE-13,SIKKIM,Gangtok,Barbing,,,,Hybrid,0.0,77.538,77.538,0.0,0.0,0.0,0.0,0.0,0,0,0,Not applicable as the project or activity is site specific,,NO,NO,NO,2024-08-29T08:05:44.704+00:00,,,,false,"17 Mountain Division
PIN - 908417",,11,Central Government (Department/Autonomous body),Staff Officer Land,,11,East District,,https://parivesh.nic.in/dms/okm/downloadDocument?docTypemappingId=40829&refId=97868512&refType=caf&uuid=4dc35e46-1390-4f47-820c-d8287a2eb167&version=1.0;https://parivesh.nic.in/dms/okm/downloadDocument?docTypemappingId=58989&refId=97868512&refType=FC&uuid=71bd2772-3e6b-45a5-bd12-f291cf1773e2&version=1.0,261296,https://parivesh.nic.in/newupgrade/#/report/ec?proposalId=97870387,0.0,0.0
98225021,"There is no good Internet Connectivity in the Soreng District, especially in the remote Blocks and GPUs. Soreng District is the new District of Sikkim and as such there are new schemes and programme to be implemented in near future. Hence, good Internet Connectivity is of utmost importance in this digital era. The proposal related to providing connectivity to the village administrative centres under the newly created Soreng District for facilitating e-Governance & onilne services to the public. Further, having a good Internet Connectivity shall also boost the implementation of various IT related projects under the Digital India programme.",New,FP/SK/REDIV/494730/2024,2024-08-30T08:39:12.537+00:00,,Pending at UA for Compensatory Levies Payment and Compliance Report,5.451,6000.0,"Department of Information and Technology,Sikkim",,Form-E: Re-Diversion i) Land Use Change ii) Laying of Overhead/ Under Ground OFC/ drinking water pipeline/ slurry pipeline/ electric cable/ CNG/PNG within RoW,,,,"Laying of Optical Fibre Cable Network in Soreng District, Sikkim.",SIKKIM,Soreng,Soreng Forest Block,,,"5.451 Hactares, Road reserve, Soreng Territorial Division",Linear,0.0,5.451,5.451,0.0,0.0,0.0,0.0,0.0,0,0,0,Not applicable as the project or activity is site specific,,NO,NO,NO,2024-08-30T10:18:40.634+00:00,,,,,"IT Deptt. Kazi Road, Govt. of Sikkim",Gangtok,11,State Government (Department/Autonomous body),Programmer,Gangtok,11,West District,"5.451 Hactares, Road reserve, Soreng Territorial Division",https://parivesh.nic.in/dms/okm/downloadDocument?docTypemappingId=40829&refId=98222618&refType=caf&uuid=ed4ebee4-bdbb-4903-947d-5cf51d46b0df&version=1.0,261102,https://parivesh.nic.in/newupgrade/#/report/ec?proposalId=98225021,29930.0,58400.0
98262423,"The proposed building project “National Institute of Technology (NIT) Sikkim Campus” is a Educational Institution Building in at village Dung Dung, Khamdong near Gangtok, District East Sikkim. The total plot area of the project is 100 acres to be developed by NIT Sikkim. The site is allotted by the Sikkim Govt. for development of educational institution. Plot area of the project is 4,04,685 sqm and built-up area of the project is 92305 sqm.",New,SIA/SK/INFRA2/494796/2024,2024-08-30T12:19:58.463+00:00,2025-04-08T11:22:33.816+00:00,EC Granted,40.4685,68576.0,NBCC (INDIA) LIMITED,Ind Tech House Consult,Environment clearance form,TOR,B2,Building / Construction,"NIT Sikkim Campus at Dung Dung, Khamdong near Gangtok, District East Sikkim",SIKKIM,Gangtok,Sakyong,,482/ENV&SC (CIRCLE),,Non - Linear,40.4685,0.0,40.4685,0.0,0.0,0.0,0.0,0.0,0,0,0,Not applicable as the project or activity is site specific,,NO,NO,NO,2024-08-30T13:46:30.133+00:00,,,,,,,,,,,,East District,,https://parivesh.nic.in/dms/okm/downloadDocument?docTypemappingId=40829&refId=98258536&refType=caf&uuid=c909a4ed-00c4-49a7-8be5-13c9bfe278af&version=1.0,261270,https://parivesh.nic.in/newupgrade/#/report/ec?proposalId=98262423,16000.0,18750.0
101452702,An area of land 0.997 is proposed for diversion of SSB under 36 Bn.SSB Geyzing Sikkim,New,WL/SK/DEF/496112/2024,2024-09-10T13:01:53.267+00:00,,,0.997,66.0,36 BN SSB GEYZING,,Wildlife clearance form,,,,"Border Out Post of 36 Bn SSB Geyzing at Chittarey (West Sikkim), Sikkim",SIKKIM,Gyalshing,Gyaten,,,,Non - Linear,0.0,0.997,0.997,0.0,0.0,0.0,0.0,0.0,0,0,0,Not applicable as the project or activity is site specific,,NO,NO,NO,2024-09-10T14:14:42.289+00:00,,,,,,,,,,,,West District,,https://parivesh.nic.in/dms/okm/downloadDocument?docTypemappingId=40829&refId=101421398&refType=caf&uuid=95823128-6195-4dbd-991a-c5a146c76283&version=1.0,261026,https://parivesh.nic.in/newupgrade/#/report/ec?proposalId=101452702,1110.0,1110.0
101701141,OBJECTIVE OF ESTABLISHMENT OF BORDER OUT POST ON INDO NEPAL BORDER TO PREVENT TRANS BORDER CRIMES INCLUDING UNAUTHORISED ENTRY /EXIT FROM TO THE NEPAL TERRITORY AND PREVENT SUMGGLING AND OTHER ILLEGAL ACTIVITIES .,New,WL/SK/DEF/496134/2024,2024-09-11T04:56:25.086+00:00,,,0.434,66.0,36 BN SSB GEYZING,,Wildlife clearance form,,,,"BORDER OUT POST OF 36TH BN SSB (MHA) AT CHEWABHANJANG (WEST SIKKIM ) ,SIKKIM",SIKKIM,Gyalshing,Maneybung,,,,Non - Linear,0.0,0.434,0.434,0.0,0.0,0.0,0.0,0.0,0,0,0,Not applicable as the project or activity is site specific,,NO,NO,NO,2024-09-11T05:23:19.694+00:00,,,,,,,,,,,,West District,,https://parivesh.nic.in/dms/okm/downloadDocument?docTypemappingId=40829&refId=101700099&refType=caf&uuid=bdd6b8b0-23f0-40db-b14f-130b11e489c1&version=1.0,261029,https://parivesh.nic.in/newupgrade/#/report/ec?proposalId=101701141,1110.0,1110.0
101704836,OBJECTIVE OF ESTABLISHMENT OF BORDER OUT POST ON INDO NEPAL BORDER TO PREVENT TRANS BORDER CRIMES INCLUDING UNAUTHORISED ENTRY /EXIT FROM TO THE NEPAL TERRITORY AND PREVENT SUMGGLING AND OTHER ILLEGAL ACTIVITIES .,New,WL/SK/DEF/496141/2024,2024-09-11T05:57:32.787+00:00,,,0.48,66.0,36 BN SSB GEYZING,,Wildlife clearance form,,,,BORDER OUT POST OF 36TH BN SSB (MHA) AT SINGALILA MAIDAN (WEST SIKKIM ),SIKKIM,Gyalshing,Maneybung,,,,Non - Linear,0.0,0.48,0.48,0.0,0.0,0.0,0.0,0.0,0,0,0,Not applicable as the project or activity is site specific,,NO,NO,NO,2024-09-11T06:20:33.719+00:00,,,,,,,,,,,,West District,,https://parivesh.nic.in/dms/okm/downloadDocument?docTypemappingId=40829&refId=101703829&refType=caf&uuid=089ce29c-dbbf-4eb4-8a90-558c595909f7&version=1.0,261029,https://parivesh.nic.in/newupgrade/#/report/ec?proposalId=101704836,1110.0,1110.0
101708130,OBJECTIVE OF ESTABLISHMENT OF BORDER OUT POST ON INDO NEPAL BORDER TO PREVENT TRANS BORDER CRIMES INCLUDING UNAUTHORISED ENTRY /EXIT FROM TO THE NEPAL TERRITORY AND PREVENT SUMGGLING AND OTHER ILLEGAL ACTIVITIES .,New,WL/SK/DEF/496154/2024,2024-09-11T06:43:58.495+00:00,,,0.24,66.0,36 BN SSB GEYZING,,Wildlife clearance form,,,,BORDER OUT POST OF 36TH BN SSB (MHA) AT KALIZHAR,SIKKIM,Gyalshing,Maneybung,,,,Non - Linear,0.0,0.24,0.24,0.0,0.0,0.0,0.0,0.0,0,0,0,Not applicable as the project or activity is site specific,,NO,NO,NO,2024-09-11T07:07:39.998+00:00,,,,,,,,,,,,West District,,https://parivesh.nic.in/dms/okm/downloadDocument?docTypemappingId=40829&refId=101707513&refType=caf&uuid=1ee9d439-ef7b-4cc9-96c4-d6ab179ff76f&version=1.0,261029,https://parivesh.nic.in/newupgrade/#/report/ec?proposalId=101708130,1110.0,1110.0
102007084,OBJECTIVE OF ESTABLISHMENT OF BORDER OUT POST ON INDO NEPAL BORDER TO PREVENT TRANS BORDER CRIMES INCLUDING UNAUTHORISED ENTRY /EXIT FROM TO THE NEPAL TERRITORY AND PREVENT SUMGGLING AND OTHER ILLEGAL ACTIVITIES .,New,WL/SK/DEF/496301/2024,2024-09-12T05:53:32.121+00:00,,,0.45,66.0,36 BN SSB GEYZING,,Wildlife clearance form,,,,BORDER OUT POST OF 36TH BN SSB (MHA) AT TORRIFULLEY,SIKKIM,Gyalshing,NA,,,,Non - Linear,0.0,0.45,0.45,0.0,0.0,0.0,0.0,0.0,0,0,0,Not applicable as the project or activity is site specific,,NO,NO,NO,2024-09-12T06:28:19.980+00:00,,,,,,,,,,,,Gyalshing,,https://parivesh.nic.in/dms/okm/downloadDocument?docTypemappingId=40829&refId=102001818&refType=caf&uuid=1229e528-aad3-468a-85b1-62c367a12c28&version=1.0,"",https://parivesh.nic.in/newupgrade/#/report/ec?proposalId=102007084,1110.0,1110.0
103116678,"Payong, Namchi, South Sikkim",New,FP/SK/Canal/496814/2024,2024-09-16T05:37:45.934+00:00,,Pending on UA for Compensatory Levies Payment,0.1795,301.27,Water Resources Department,,Forest clearance form,,,,"Const of Minor Irrigation Channel (MIC) from  Purey khola to Chauri Dara, Darakharka and Mauwa Dara busty upper Payong, Namchi, South Sikkim by Water Resources Department, GoS",SIKKIM,Ravong,Rabongla Forest Block,,,"Payong, Ravangla, Namchi District, Sikkim",Linear,0.0,0.1795,0.1795,0.0,0.0,0.0,0.0,0.0,0,0,0,Not applicable as the project or activity is site specific,,NO,NO,NO,2024-09-16T06:33:08.047+00:00,,,Degraded Forest Land,true,Hospital Road Ravangla,Ravangla,11,State Government (Department/Autonomous body),JE,Ravangla,11,South District,"Payong, Ravangla, Namchi District, Sikkim",https://parivesh.nic.in/dms/okm/downloadDocument?docTypemappingId=40829&refId=103115513&refType=caf&uuid=31615140-023f-4fec-9cfa-65a2517e0995&version=1.0;https://parivesh.nic.in/dms/okm/downloadDocument?docTypemappingId=58989&refId=103115513&refType=FC&uuid=c973f9e5-837a-4137-9fa1-aa1c23e9b5f8&version=1.0,261251,https://parivesh.nic.in/newupgrade/#/report/ec?proposalId=103116678,0.0,500.0
103127844,"The Nathula Pass, located at 14,140 feet on the India-China border, is a significant tourist and military site with historical and geopolitical importance. It attracts visitors for its scenic beauty, cultural heritage, and the opportunity to witness a functional international border. However, the increasing number of tourists and military presence has led to infrastructure challenges, particularly in parking. Currently, inadequate parking facilities result in congestion and traffic issues, hampering the overall visitor experience. Improving parking and related infrastructure is essential to enhance the tourism potential and ensure smoother operations at this iconic location.Hence, the proposal is to have “Parking Yard and other allied facilities”, in the Gangtok District under the project name “Development of Tourist Infrastructure at Nathula, Gangtok District, Sikkim”.",New,FP/SK/OTHERS/496866/2024,2024-09-16T08:52:31.234+00:00,,REJECTED,0.8489,7000.0,Tourism and Civil Aviation Department,,Forest clearance form,,,,"Development of Tourist Infrastructure at Latui RF, Nathula, Kyongnosla T Range under Gangtok District by Tourism & Civil Aviation Department, GoS",SIKKIM,Gangtok,Kyongnosla Forest Block,,,"Nathula, Latui RF, Kyongnosla T Range, Gangtok Division",Non - Linear,0.0,0.8489,0.8489,0.0,0.0,0.0,0.0,0.0,0,0,0,Not applicable as the project or activity is site specific,,NO,NO,NO,2024-09-15T18:30:00.000+00:00,,,Degraded Forest Land,true,"Paryatan Bhawan, Metro Point Gangtok",Gangtok,11,State Government (Department/Autonomous body),Divisional Engineer,Gangtok,11,Gangtok,"Nathula, Latui RF, Kyongnosla T Range, Gangtok Division",https://parivesh.nic.in/dms/okm/downloadDocument?docTypemappingId=40829&refId=103127268&refType=caf&uuid=22f9e530-1967-4dbe-9ebe-6623539d719a&version=1.0;https://parivesh.nic.in/dms/okm/downloadDocument?docTypemappingId=58989&refId=103127268&refType=FC&uuid=bf87509c-087d-4889-afe8-e5b7803de2cf&version=1.0,261318,https://parivesh.nic.in/newupgrade/#/report/ec?proposalId=103127844,0.0,1445857.0
103131791,"The Development of Tourist Infrastructure at Gangtok Viewpoint, Bulbuley under Gangtok District, Sikkim is proposed as a key initiative to develop a world-class tourist attraction, elevating Sikkim's status as a global destination for eco-tourism and adventure travel. The site offers an unparalleled vantage point, providing sweeping views of Gangtok, its lush surroundings, and the majestic Mt. Kanchenjunga. The addition of this viewpoint is expected to significantly boost both domestic and international tourism, further enhancing Sikkim's growing reputation as a premier travel destination.
The primary aim of the Gangtok Viewpoint is to promote sustainable tourism. This aligns with the State’s vision of responsible travel, where natural beauty and ecological balance are preserved while enhancing visitor engagement. The development will incorporate eco-friendly facilities and sustainable construction practices, ensuring minimal impact on the local ecosystem.",New,FP/SK/OTHERS/496884/2024,2024-09-16T10:01:22.115+00:00,,REJECTED,0.9566,6000.0,Tourism and Civil Aviation Department,,Forest clearance form,,,,"Development of Tourist Infrastructure at Bulbuley, Gangtok T Range under Gangtok District by Tourism & Civil Aviation Department, GoS",SIKKIM,Gangtok,Gangtok,,,"Bulbuley, Gangtok T Range",Non - Linear,0.0,0.9566,0.9566,0.0,0.0,0.0,0.0,0.0,0,0,0,Not applicable as the project or activity is site specific,,NO,NO,NO,2024-09-15T18:30:00.000+00:00,,,Degraded Forest Land,true,"Paryatan Bhawan, Metro Point Gangtok",Gangtok,11,State Government (Department/Autonomous body),Divisional Engineer,Gangtok,11,East District,"Bulbuley, Gangtok T Range",https://parivesh.nic.in/dms/okm/downloadDocument?docTypemappingId=40829&refId=103129439&refType=caf&uuid=452c3d8e-f35b-4e27-903f-ad1fe7f1a4ac&version=1.0;https://parivesh.nic.in/dms/okm/downloadDocument?docTypemappingId=58989&refId=103129439&refType=FC&uuid=bbce0c2c-23c4-4ba7-af8e-9fdba31c02bb&version=1.0,943191,https://parivesh.nic.in/newupgrade/#/report/ec?proposalId=103131791,0.0,237500.0
104321651,"The Project is Construction of 500 Bedded District Hospital at Namchi, Sikkim by Building & Housing Department, Government of Sikkim. The plot area of the project is 16677 sq.m. and built-up area is 50949 sq.m. Main use of the building is as Hospital building. Construction work of the project is completed and only finishing work is underway.",New,SIA/SK/INFRA2/497482/2024,2024-09-20T10:38:03.890+00:00,,DELISTED_BY_SYSTEM,1.6677,75191.0,"Building && Housing Department, Government of Sikkim",Ind Tech House Consult,Environment clearance form,TOR,B1,Building / Construction,"Construction of 500 Bedded District Hospital at Namchi, Sikkim by Building & Housing Department, Government of Sikkim",SIKKIM,Namchi,Bomtar,,,"Namchi-Manpur Rd, Namchi, Sikkim 737126",Non - Linear,1.6677,0.0,1.6677,0.0,0.0,0.0,0.0,0.0,0,0,0,Not applicable as the project or activity is site specific,,NO,NO,YES,2024-09-20T13:09:59.781+00:00,,,,,,,,,,,,South District,"Namchi-Manpur Rd, Namchi, Sikkim 737126",https://parivesh.nic.in/dms/okm/downloadDocument?docTypemappingId=40829&refId=104306387&refType=caf&uuid=5c162553-66e1-4c2e-809d-f0c7273a50c1&version=1.0,0,https://parivesh.nic.in/newupgrade/#/report/ec?proposalId=104321651,360090.0,49305.0
105533511,"The primary objective of the project is to establish a state-of-the art Rainbow Trout Brood bank to ensure a continuous supply of high-quality brooder stock and seeds. This will support the sustainable development of trout farming and promote aquaculture growth in Sikkim. The project will also enhance facilities to support the rearing, breeding and seed production of trout.",New,FP/SK/OTHERS/498270/2024,2024-09-25T09:46:52.924+00:00,,Pending at Nodal Officer due to EDS by State Secretary,2.38,500.0,Fisheries Department,,Forest clearance form,,,,"Diversion of forest land of 2.38 ha for construction of Rainbow Trout Brood Bank at Menmoitso, in Gangtok District of Sikkim by Fisheries Department, Government of Sikkim.",SIKKIM,Gangtok,Kyongnosla Forest Block,,,00,Non - Linear,0.0,2.38,2.38,0.0,0.0,0.0,0.0,0.0,0,0,0,NO,NA,NO,NO,NO,2024-09-24T18:30:00.000+00:00,,,Degraded Forest Land,true,"Near Palzor Stadium, PS Road Gangtok",Gangtok,11,State Government (Department/Autonomous body),Assistant Director,Gangtok,11,East District,00,https://parivesh.nic.in/dms/okm/downloadDocument?docTypemappingId=40829&refId=105531241&refType=caf&uuid=ec61a0b9-46f6-4799-b09d-2e986a56f16a&version=1.0;https://parivesh.nic.in/dms/okm/downloadDocument?docTypemappingId=58989&refId=105531241&refType=FC&uuid=84f80c4a-360c-49f6-bbde-36e34a15f87b&version=1.0,261318,https://parivesh.nic.in/newupgrade/#/report/ec?proposalId=105533511,29200.0,0.0
105837998,"The current proposal is for obtaining environmental clearance for swimming pool at the roof level of 4G+10 Integrated Commercial cum MLCP complex at Old West Point School Area, Near M.G. Marg, Gangtok, East Sikkim.",Expansion,SIA/SK/INFRA2/498459/2024,2024-09-26T11:37:19.544+00:00,2025-05-06T10:51:46.250+00:00,EC Granted,0.5665,29820.0,MESASO INFRASTRUCTURE PVT. LTD.,Envirotech East Pvt. Ltd.,Environment clearance form,TOR,B2,Building / Construction,Proposed roof-top Swimming Pool of “WEST POINT” - Integrated Commercial cum MLCP Complex,SIKKIM,Gangtok,Gnathang,,416/E&SC/PART-I,,Hybrid,0.5665,0.0,0.5665,0.0,0.0,0.0,29500.0,320.0,0,0,0,Not applicable as the project or activity is site specific,,NO,NO,NO,2024-10-24T06:49:19.402+00:00,,,,,,,,,,,,East District,,https://parivesh.nic.in/dms/okm/downloadDocument?docTypemappingId=40829&refId=105830366&refType=caf&uuid=917fde73-4149-45b5-92f9-5c5be50968f7&version=1.0,261315,https://parivesh.nic.in/newupgrade/#/report/ec?proposalId=105837998,109500.0,722700.0
106976624,"This proposal is for the work “Construction of Single Tube Bi-Directional Highway Tunnel of 1.100 km length with approach roads on Jorethang-Chirberay section of Manpur Nayabazar State Highway in the State of Sikkim”
The main reason for the Construction of this tunnel is to bypass the perpetual landslide area at 16th mile. On every monsoon the road is blocked for days together due to frequent landslides/rock falls. To have an all-weather road connectivity to Jorethang and beyond, the Government has approved the proposal to construct this tunnel.",New,FP/SK/OTHERS/499033/2024,2024-09-30T09:09:29.711+00:00,,Pending at DFO due to EDS by Nodal Officer,3.758,26556.0,"Highway Tunnels, Roads & Bridges Department, Government Of Sikkim",,Forest clearance form,,,,Construction of Single Tube Bi Directional Highway Tunnel of 1.100 km length with approach roads on Jorethang Chirberay section of Manpur Naya bazar State Highway in the State of Sikkim,SIKKIM,Namchi,Manpur,,,,Linear,0.0,3.758,3.758,0.0,0.0,0.0,0.0,0.0,0,0,0,Not applicable as the project or activity is site specific,,NO,NO,NO,2024-10-03T18:30:00.000+00:00,,,Degraded Forest Land,true,"Office of Highway Tunnel, Roads & Bridges Department, Govt. Of Sikkim, Deorali.",Deorli,11,State Government (Department/Autonomous body),Junior Engineer,Deorali,11,South District,,https://parivesh.nic.in/dms/okm/downloadDocument?docTypemappingId=40829&refId=105221415&refType=caf&uuid=ea5bddfb-ea3b-4db3-99a7-264a3e0995e0&version=1.2;https://parivesh.nic.in/dms/okm/downloadDocument?docTypemappingId=58989&refId=105221415&refType=FC&uuid=6b1db14e-134c-48aa-b244-11c5a68a0a44&version=1.0,261131,https://parivesh.nic.in/newupgrade/#/report/ec?proposalId=106976624,73000.0,51100.0
106976915,"Development of Rabindranath Park and Cultural Centre at Megi Dara,is proposed as a key initiative to develop a world class tourist attraction where a Copper Statue of Rabindranat Tagor of the height 36 feet along with allied facilities such as viewing deck ,sitout and eco friendly walkway is proposed to be constructed.",New,FP/SK/OTHERS/499035/2024,2024-09-30T09:13:10.565+00:00,,DELISTED_BY_SYSTEM,0.1,2340.7,Tourism and Civil Aviation Department,,Forest clearance form,,,,"Development of Rabindranath Park and Cultural centre at Megi Dara, Rinchenpong,West Sikkim",SIKKIM,Gyalshing,Rinchenpong,,,"Rinchenpong, Soreng T Range",Non - Linear,0.0,0.1,0.1,0.0,0.0,0.0,0.0,0.0,0,0,0,Not applicable as the project or activity is site specific,,NO,NO,NO,2024-10-01T10:01:02.985+00:00,,,Degraded Forest Land,true,"Paryatan Bhawan, Metro Point Gangtok",Gangtok,11,State Government (Department/Autonomous body),Divisional Engineer,,11,West District,"Rinchenpong, Soreng T Range",https://parivesh.nic.in/dms/okm/downloadDocument?docTypemappingId=40829&refId=105538559&refType=caf&uuid=8ebba029-9a71-444a-a335-2ada6d8eb720&version=1.2;https://parivesh.nic.in/dms/okm/downloadDocument?docTypemappingId=58989&refId=105538559&refType=FC&uuid=2ce8b6bb-2421-49ff-9324-80d629c2afaf&version=1.12,261054,https://parivesh.nic.in/newupgrade/#/report/ec?proposalId=106976915,136754.0,0.0
106980286,"The Teesta Hydroelectric Project (1200 MW) envisages construction of a concrete face rock fill dam of 60 m height across Teesta river at about 400 m downstream of confluence of river Lachen chu and Lachung chu near village Chungthang and the underground power house at 800 m upstream of confluence of the river Teesta and Talung chu near Sanklan, North Sikkim district, Sikkim.",Amendment,IA/SK/RIV/499039/2024,2024-09-30T09:28:17.119+00:00,2025-03-15T05:13:31.518+00:00,EC Granted,196.967,5705.55,SIKKIM URJA LIMITED,,Application for Amendment in EC- Form-4,OTHER,A,,Teesta Hydroelectric Project Stage-III (1200 MW),SIKKIM,Chungthang,Lachung Forest Block,J-12011/26/2006-IA.I,,,Non - Linear,116.679,80.288,196.967,0.0,0.0,0.0,0.0,0.0,9,0,156,Not applicable as the project or activity is site specific,,NO,NO,NO,2024-11-16T10:27:54.882+00:00,,,,,,,,,,,,North  District,,https://parivesh.nic.in/dms/okm/downloadDocument?docTypemappingId=40829&refId=54778618&refType=caf&uuid=2418dd50-ef5d-4e7c-bc67-ec5bf852a5e1&version=1.0;https://parivesh.nic.in/dms/okm/downloadDocument?docTypemappingId=40829&refId=54778618&refType=caf&uuid=ebb4490e-4d12-42ac-b414-f1a2469b39d0&version=1.0;https://parivesh.nic.in/dms/okm/downloadDocument?docTypemappingId=40829&refId=105510360&refType=caf&uuid=f416c98e-4527-43f1-bd4b-67c0c098d9a7&version=1.0,260932,https://parivesh.nic.in/newupgrade/#/report/ec?proposalId=106980286,45.0,30.0
109575424,"The Teesta-III Hydro Electric Project (1200 MW) is a run-of-the-river scheme with diurnal storage to generate a power of 1200 MW by utilizing the discharge of River Teesta with a gross head of 817.00m between EL.1585.0 m and EL.768.0 m. The project envisages generation of 5214 million units (annually) in the 90% dependable year. The project has been developed by Sikkim Urja Limited (SUL) earlier known as Teesta Urja Limited, a Government of Sikkim Enterprise and commissioned in February 2017.",Expansion,IA/SK/RIV/500864/2024,2024-10-14T05:49:37.173+00:00,2024-10-14T11:48:52.489+00:00,Withdrawal Request Accepted,213.8831,4.18951,SIKKIM URJA LIMITED,,Application for Transfer of EC- Form-7,OTHER,A,,Teesta Hydroelectric Project Stage-III (1200 MW),SIKKIM,Mangan,Barfok,J-12011/26/2006-IA.I,,,Non - Linear,130.8426,83.0405,213.8831,0.0,0.0,0.0,418951.0,0.0,0,0,0,Not applicable as the project or activity is site specific,,NO,NO,NO,2024-10-14T07:43:50.418+00:00,,,,,"B2/1A Safdarjung Enclave, Africa avenue",,7,"State PSU (eg. State Forest Corp., TANGEDCO, Mineral development Corp)",ED Incharge and President,,7,North  District,,https://parivesh.nic.in/dms/okm/downloadDocument?docTypemappingId=40829&refId=54778618&refType=caf&uuid=ebb4490e-4d12-42ac-b414-f1a2469b39d0&version=1.0;https://parivesh.nic.in/dms/okm/downloadDocument?docTypemappingId=40829&refId=54778618&refType=caf&uuid=2418dd50-ef5d-4e7c-bc67-ec5bf852a5e1&version=1.0;https://parivesh.nic.in/dms/okm/downloadDocument?docTypemappingId=40829&refId=105510360&refType=caf&uuid=f416c98e-4527-43f1-bd4b-67c0c098d9a7&version=1.0,260951,https://parivesh.nic.in/newupgrade/#/report/ec?proposalId=109575424,9636000.0,292050.0
109616592,"The Teesta Hydroelectric Project (1200 MW) envisages construction of a concrete face rock fill dam of 60 m height across Teesta river at about 400 m downstream of confluence of river Lachen chu and Lachung chu near village Chungthang and the underground power house at 800 m upstream of confluence of the river Teesta and Talung chu near Sanklan, North Sikkim district, Sikkim.",Amendment,IA/SK/RIV/500977/2024,2024-10-14T11:56:30.502+00:00,2024-11-16T07:27:01.959+00:00,Granted,196.967,5705.55,SIKKIM URJA LIMITED,,Application for Transfer of EC- Form-7,OTHER,A,,Teesta Hydroelectric Project Stage-III (1200 MW),SIKKIM,Mangan,Tingbong,J-12011/26/2006-IA.I,,,Non - Linear,116.679,80.288,196.967,0.0,0.0,0.0,0.0,0.0,9,0,156,Not applicable as the project or activity is site specific,,NO,NO,NO,2024-10-14T13:19:36.623+00:00,,,,,"B2/1A Safdarjung Enclave, Africa avenue",,7,"State PSU (eg. State Forest Corp., TANGEDCO, Mineral development Corp)",ED Incharge and President,,7,North  District,,https://parivesh.nic.in/dms/okm/downloadDocument?docTypemappingId=40829&refId=54778618&refType=caf&uuid=2418dd50-ef5d-4e7c-bc67-ec5bf852a5e1&version=1.0;https://parivesh.nic.in/dms/okm/downloadDocument?docTypemappingId=40829&refId=54778618&refType=caf&uuid=ebb4490e-4d12-42ac-b414-f1a2469b39d0&version=1.0;https://parivesh.nic.in/dms/okm/downloadDocument?docTypemappingId=40829&refId=105510360&refType=caf&uuid=f416c98e-4527-43f1-bd4b-67c0c098d9a7&version=1.0,260943,https://parivesh.nic.in/newupgrade/#/report/ec?proposalId=109616592,45.0,30.0
109739108,"Laying OFC cables of SAJONG (RUMTEK) (27.33171 88.55802) TO SIBIK BRIDGE (REY) (27.31079 88.56836) UNDER RANIPOOL (T) RANGE, GANGTOK DISTRICT, EAST GNAGTOK DIVISION. TOTAL LENGTH OF THE ROAD IS 5.5 KM

TOTAL STEEL POLE WILL BE INSTALL 159 NOs & FOREST LAND REQUIRED (0.6096 M X 0.6096 M X 159 POLE = 59.08633 SQM = 0.0059 HA)",New,FP/SK/REDIV/501309/2024,2024-10-16T10:12:04.250+00:00,,Pending at UA for Compensatory Levies Payment and Compliance Report,0.0059,15.5,RELIANCE JIO INFOCOMM LIMITED,,Form-E: Re-Diversion i) Land Use Change ii) Laying of Overhead/ Under Ground OFC/ drinking water pipeline/ slurry pipeline/ electric cable/ CNG/PNG within RoW,,,,Laying of Optical Fibre Cable from SAJONG (RUMTEK) (27.33171 88.55802) TO SIBIK BRIDGE (REY) (27.31079 88.56836),SIKKIM,Gangtok,Rey,,,,Linear,0.0,0.0059,0.0059,0.0,0.0,0.0,0.0,0.0,0,0,0,Not applicable as the project or activity is site specific,,NO,NO,NO,2024-10-15T18:30:00.000+00:00,,,,,"3B, 4TH FLOOR, ECOSPACE, RAJARHAT NEWTOWN, KOLKATA",Saltlake,19,Private Limited,ROW LEAD,Saltlake,19,East District,,https://parivesh.nic.in/dms/okm/downloadDocument?docTypemappingId=40829&refId=56391268&refType=caf&uuid=a754893e-6449-44c6-92f6-8892a64af9fc&version=1.0,261298,https://parivesh.nic.in/newupgrade/#/report/ec?proposalId=109739108,270.0,24.0
110741244,"As a part of Digital India Initiative, We Jio Digital Fibre Private Limited is planned to connect every corner of India with High Speed Internet Connectivity. To fulfil this aspiration we are planning to lay optical fibre cable in of KABI-ENB-9006 through forest areas of Mangan forest block, North Sikkim Dist for a total length of 1.27 KM. From NSH(Gumpa Phatak) (27.4268 88.61) to Phensang Gumpa Area (27.4221 88.611)  UNDER Phodong (T) RANGE, Mangan Territorial Division, Mangan District.",New,FP/SK/REDIV/503865/2024,2024-11-04T10:42:41.630+00:00,,DELISTED_BY_SYSTEM,0.0013,1.0,RELIANCE JIO INFOCOMM LIMITED,,Form-E: Re-Diversion i) Land Use Change ii) Laying of Overhead/ Under Ground OFC/ drinking water pipeline/ slurry pipeline/ electric cable/ CNG/PNG within RoW,,,,"Proposal for diversion of forest land for laying of ofc cable of KABI-ENB-9006 through forest areas of Mangan forest block, North Sikkim Dist for a total length of 1.2 KM",SIKKIM,Mangan,Kabi,,,,Linear,0.0,0.0013,0.0013,0.0,0.0,0.0,0.0,0.0,0,0,0,Not applicable as the project or activity is site specific,,NO,NO,NO,2025-02-25T18:30:00.000+00:00,,,,,"3B, 4TH FLOOR, ECOSPACE, RAJARHAT NEWTOWN, KOLKATA",Sector V College More,19,Private Limited,ROW LEAD,Kolkata,19,North  District,,https://parivesh.nic.in/dms/okm/downloadDocument?docTypemappingId=40829&refId=6306415&refType=caf&uuid=236b3100-368e-4da2-9578-d7376ee47f6a&version=1.5,260972,https://parivesh.nic.in/newupgrade/#/report/ec?proposalId=110741244,55.0,24.0
110745123,"The Project is Construction of 300 Bedded District Hospital at Singtam (Topakhani), East
Sikkim. The plot area of the project is 43220 sq.m. and built-up area is 42146 sq.m. Main use
of the building is as Hospital building. Construction work of the project is completed and only
finishing work remains.",New,SIA/SK/INFRA2/503873/2024,2024-11-04T11:06:14.631+00:00,,DELISTED_BY_SYSTEM,4.322,60043.0,"Social Welfare Department, Government of Sikkim",Ind Tech House Consult,Environment clearance form,TOR,B1,Building / Construction,"Construction of 300 Bedded District Hospital at Singtam (Topakhani), East Sikkim.",SIKKIM,Gangtok,Gangtok,,,"Topakhani, Singtam,",Non - Linear,4.322,0.0,4.322,0.0,0.0,0.0,0.0,0.0,0,0,0,Not applicable as the project or activity is site specific,,NO,NO,YES,2024-11-06T13:26:45.564+00:00,,,,,,,,,,,,East District,"Topakhani, Singtam,",https://parivesh.nic.in/dms/okm/downloadDocument?docTypemappingId=40829&refId=110736356&refType=caf&uuid=6c33a693-9c91-4afc-8a81-cd8739c8a88f&version=1.0,943191,https://parivesh.nic.in/newupgrade/#/report/ec?proposalId=110745123,15240.0,154445.0
110746715,"LAYING OF OFC (AREA-0.0013 Ha) FOR PROVIDING (RELIANCE JIO) INTERNET CONNECTIVY from Sayem (Highway) (27.4203 88.5291) to Deythang Area (27.4226 88.5352)  UNDER Mangan (T) RANGE, Mangan Territorial Division, Mangan District.

Length of the Span: 3000 Mtrs

TOTAL STEEL POLE WILL BE INSTALL 90 NOs & FOREST LAND REQUIRED (0.6096 M X 0.6096 M X 90 POLE = 33 SQM = 0.0033 HA)",New,FP/SK/REDIV/503879/2024,2024-11-04T11:18:44.729+00:00,,DELISTED_BY_SYSTEM,0.0033,3.0,RELIANCE JIO INFOCOMM LIMITED,,Form-E: Re-Diversion i) Land Use Change ii) Laying of Overhead/ Under Ground OFC/ drinking water pipeline/ slurry pipeline/ electric cable/ CNG/PNG within RoW,,,,"Proposal for diversion of forest land for laying of ofc cable of KABI-ENB-9005 through forest areas of Mangan forest block, North Sikkim Dist for a total length of 3 Km",SIKKIM,Mangan,Sheyam,,,,Linear,0.0,0.0033,0.0033,0.0,0.0,0.0,0.0,0.0,0,0,0,Not applicable as the project or activity is site specific,,NO,NO,NO,2025-02-19T18:30:00.000+00:00,,,,,"3B, 4TH FLOOR, ECOSPACE, RAJARHAT NEWTOWN, KOLKATA",Saltlake Sector V,19,Private Limited,ROW LEAD,Saltlake Sector V,19,North  District,,https://parivesh.nic.in/dms/okm/downloadDocument?docTypemappingId=40829&refId=58915564&refType=caf&uuid=d92097a6-ce40-4eb7-b8ce-70361d34cc2b&version=1.0,0,https://parivesh.nic.in/newupgrade/#/report/ec?proposalId=110746715,120.0,24.0
111678751,"The Chief Engineer, Project Swastik, Border Roads Organization (The ""Authority"") is encrusted with the development of Border Roads the State of Sikkim and as part of this endeavor, the Authority has decided to undertake development of the project stretch from km 53.000 to km 70.000 of Rishi - Rongli - Kupup Road NHDL Specification. Under 130RCC, 764 BRTF Area under Project Swastik in the state Sikkim.
The project road under the AOR of 764 BRTF area starts from km 53.000 (Design Chainage 55.440) from Zuluk Village (27°15'2.60""N Latitude & 88°46'34.79""E Longitude) and ends at Km 70.000 Kupup Village (Design chainage 74.575)  (27°16'11.98""N Latitude & 88°47'49.13""E Longitude) length as AOR is 17.00 km and Length as per Topographic survey is 17 km in district East. Overall, the project terrain from Km 53.000 to Km 70.000 (Design Chainage Km 55.440 to Km 74.575) is Steep terrain.",New,WL/SK/SRY/506213/2024,2024-11-16T14:40:35.896+00:00,,,51.341,300.0,BORDER ROADS ORGANISATION,,Wildlife clearance form,,,,Construction/Improvement Of Road Rishi-Rongli-Kupup From Km 53.00 To Km 70.00 From Cl-9 To Nhdl Specification Under 130 RCC/764 BRTF Of Project Swastika in East Sikkim.,SIKKIM,Rongli,Phadamchen Forest Block,,,,Linear,0.0,51.341,51.341,0.0,0.0,0.0,0.0,0.0,0,0,0,Not applicable as the project or activity is site specific,,NO,NO,NO,2024-11-16T14:43:07.211+00:00,,,,,,,,,,,,East District,,https://parivesh.nic.in/dms/okm/downloadDocument?docTypemappingId=40829&refId=111675830&refType=caf&uuid=95bb534f-ba93-418d-9932-6b44d0e0455c&version=1.0,261373,https://parivesh.nic.in/newupgrade/#/report/ec?proposalId=111678751,54750.0,44600.0
112399778,CONSTRUCTION /IMPROVEMENT OF OP TR CHOR II -  SHERATHANG FROM ITS EXISTING CLASSIFICATION TO NHSL SPECIFICATION (PS) FROM KM 8.50 TO 13.80 KM  INCLUDING FC/WLC UNDER 130 RCC/764 BRTF PROJECT SWASTIK IN THE STATE OF SIKKIM.,New,WL/SK/SRY/508065/2024,2024-11-25T11:27:20.539+00:00,,,12.84,4591.78,Ministry of Defense,,Wildlife clearance form,,,,CONSTRUCTION /IMPROVEMENT OF OP TR CHOR II -  SHERATHANG FROM ITS EXISTING CLASSIFICATION TO NHSL SPECIFICATION (PS) FROM KM 8.50 TO 13.80 KM  INCLUDING FC/WLC UNDER 130 RCC/764 BRTF PROJECT SWASTIK IN THE STATE OF SIKKIM.,SIKKIM,Gangtok,Gnathang Forest Block,,,,Linear,0.0,12.84,12.84,0.0,0.0,0.0,0.0,0.0,0,0,0,Not applicable as the project or activity is site specific,,NO,NO,NO,2024-11-25T11:31:20.449+00:00,,,,,,,,,,,,East District,,https://parivesh.nic.in/dms/okm/downloadDocument?docTypemappingId=40829&refId=112391957&refType=caf&uuid=6e3355c7-1ab0-4c5b-a922-8d9f6b5498be&version=1.0,261319,https://parivesh.nic.in/newupgrade/#/report/ec?proposalId=112399778,9052.0,9052.0
113527266,"Laying under ground electrical cable from Hatticheray to Mulkharka SSB Camp under Panglokha Wildlife Sanctuary, Pakyong District by Power Deparatment, Government of Sikkim",New,WL/SK/SRY/511580/2024,2024-12-02T10:00:41.429+00:00,,,0.0742,1.2732,Power Department,,Wildlife clearance form,,,,"Laying under ground electrical cable from Hatticheray to Mulkharka SSB Camp under Panglokha Wildlife Sanctuary, Pakyong District",SIKKIM,Pakyong,Pakyong Forest Block,,,0,Linear,0.0,0.0742,0.0742,0.0,0.0,0.0,0.0,0.0,0,0,0,Not applicable as the project or activity is site specific,,NO,NO,NO,2024-12-02T10:33:04.411+00:00,,,,,,,,,,,,East District,0,https://parivesh.nic.in/dms/okm/downloadDocument?docTypemappingId=40829&refId=113513496&refType=caf&uuid=f0198eac-3a86-4945-9e2d-29db6a38ad42&version=1.0,261355,https://parivesh.nic.in/newupgrade/#/report/ec?proposalId=113527266,0.0,100.0
114171420,"The construction of Sevok-Rangpo New Broad Gauge Railway Project by Ministry of Railways, Government of India, is under fast progress with the aim of completing the Project by the end of December 2025.  The IRCON on behalf of Ministry of Railways, is constructing their own sub-station in Khanikhola, Majhitar having a total capacity of 20MVA. In this regard, the DGM, IRCON have submitted a letter to Power Department, Government of Sikkim, regarding requirement of 132kV D/C Power supply to their 132kV sub-station. The requirement of the power supply to the Railway switchyard at Khanikhola can be meet up only by constructing a new 132kV D/C Transmission Line from Samardong (Chalamthang) along with the construction of two numbers of new Gas Insulated Sub-station (GIS) outgoing bays.",New,FP/SK/PWR_TRANS/513785/2024,2024-12-07T06:51:36.047+00:00,,DELISTED_BY_SYSTEM,17.3068,2653.0,tshering pintso bhutia,,Forest clearance form,,,,"Construction of 132kV D/C Transmission Line from Samardong (Chalamthang) to Railway Station Yard at Khanikhola, Majhitar along with 132kV GIS Bay Extension (Part-I: Construction of 132kV D/C Transmission Line)",SIKKIM,Namchi,Mamring Forest Block,,,229/P,Linear,4.7685,12.5383,17.3068,0.0,0.0,0.0,0.0,0.0,0,0,0,Not applicable as the project or activity is site specific,,NO,NO,NO,2024-12-07T09:13:03.106+00:00,,https://parivesh.nic.in/dms/okm/downloadDocument?docTypemappingId=59020&refId=114171213&refType=fc&uuid=7f4142f7-de2d-496a-ab47-eabece7d2fe1&version=1.0,Degraded Forest Land,true,"Power Department,
Namchi South Sikkim,
Pin-737126",Gangtok,11,Individual,Junior Engineer,,11,South District,229/P,https://parivesh.nic.in/dms/okm/downloadDocument?docTypemappingId=40829&refId=114165592&refType=caf&uuid=ef76a10a-40fa-4d67-a217-41ad827f61e2&version=1.0;https://parivesh.nic.in/dms/okm/downloadDocument?docTypemappingId=58989&refId=114165592&refType=FC&uuid=1dda050b-cbec-490c-b956-cceb036bc5e0&version=1.0;https://parivesh.nic.in/dms/okm/downloadDocument?docTypemappingId=58989&refId=114165592&refType=FC&uuid=74422b1f-89a7-4b72-a212-8a49ab4c7763&version=1.0,261202,https://parivesh.nic.in/newupgrade/#/report/ec?proposalId=114171420,103506.0,6205.0
114394880,CONSTRUCTION /IMPROVEMENT OF OP TR CHOR II - SARAGRAHI FROM ITS EXISTING CLASSIFICATION TO NHSL SPECIFICATION (PS) FROM KM 8.50 TO 13.80 KM INCLUDING FC/WLC UNDER 130 RCC/764 BRTF PROJECT SWASTIK IN THE STATE OF SIKKIM.,New,WL/SK/DEF/514100/2024,2024-12-10T08:32:53.278+00:00,,,6.576,4000.0,Ministry of Defense,,Wildlife clearance form,,,,CONSTRUCTION /IMPROVEMENT OF OP TR CHOR II - SARAGRAHI FROM ITS EXISTING CLASSIFICATION TO NHSL SPECIFICATION (PS) FROM KM 8.50 TO 13.80 KM INCLUDING FC/WLC UNDER 130 RCC/764 BRTF PROJECT SWASTIK IN THE STATE OF SIKKIM.,SIKKIM,Gangtok,Gnathang Forest Block,,,,Linear,0.0,6.576,6.576,0.0,0.0,0.0,0.0,0.0,0,0,0,Not applicable as the project or activity is site specific,,NO,NO,NO,2024-12-11T05:51:46.697+00:00,,,,,,,,,,,,East District,,https://parivesh.nic.in/dms/okm/downloadDocument?docTypemappingId=40829&refId=114348486&refType=caf&uuid=a97b1ca1-e652-40f6-ae08-d1a26034c479&version=1.0,261319,https://parivesh.nic.in/newupgrade/#/report/ec?proposalId=114394880,75000.0,25000.0
114545229,OPERATION OF DEPARTMENTAL HOT MIX PLANT 20/30 ΤΡΗ ΑΤ KM 1.50 ON TRI JN BHEEM BASE DOKALA ROAD WITHIN RESERVE LAND OF BRO UNDER 130 RCC/764 BRTF PROJECT SWASTIK IN THE STATE OF SIKKIM.,New,WL/SK/DEF/514287/2024,2024-12-11T14:57:17.504+00:00,,,0.29,0.0,Ministry of Defense,,Wildlife clearance form,,,,OPERATION OF DEPARTMENTAL HOT MIX PLANT 20/30 ΤΡΗ ΑΤ KM 1.50 ON TRI JN BHEEM BASE DOKALA ROAD WITHIN RESERVE LAND OF BRO UNDER 130 RCC/764 BRTF PROJECT SWASTIK IN THE STATE OF SIKKIM.,SIKKIM,Gangtok,Gnathang,,,,Linear,0.0,0.29,0.29,0.0,0.0,0.0,0.0,0.0,0,0,0,Not applicable as the project or activity is site specific,,NO,NO,NO,2024-12-12T10:42:32.266+00:00,,,,,,,,,,,,East District,,https://parivesh.nic.in/dms/okm/downloadDocument?docTypemappingId=40829&refId=114491427&refType=caf&uuid=d60aa396-ac34-4c57-878a-935f7a31c143&version=1.0,261315,https://parivesh.nic.in/newupgrade/#/report/ec?proposalId=114545229,100.0,4760.0
114777920,CONSTRUCTION / IMPROVEMENT OF ROAD RISHI – RONGLI – KUPUP FROM KM 53.00 TO KM 70.00 FROM CL - 9 TO NHDL SPECIFICATION UNDER 130 RCC / 764 BRTF OF PROJECT SWASTIK IN EAST SIKKIM,New,WL/SK/DEF/514612/2024,2024-12-14T06:03:45.505+00:00,,,20.422,35165.6742754,Ministry of Defense,,Wildlife clearance form,,,,CONSTRUCTION / IMPROVEMENT OF ROAD RISHI – RONGLI – KUPUP FROM KM 53.00 TO KM 70.00 FROM CL - 9 TO NHDL SPECIFICATION UNDER 130 RCC / 764 BRTF OF PROJECT SWASTIK IN EAST SIKKIM,SIKKIM,Gangtok,Gnathang,,,,Linear,0.0,20.422,20.422,0.0,0.0,0.0,0.0,0.0,0,0,0,Not applicable as the project or activity is site specific,,NO,NO,NO,2024-12-14T08:05:52.759+00:00,,,,,,,,,,,,East District,,https://parivesh.nic.in/dms/okm/downloadDocument?docTypemappingId=40829&refId=114775424&refType=caf&uuid=f376d8a1-18ce-4932-91a6-7989220b0846&version=1.0,261315,https://parivesh.nic.in/newupgrade/#/report/ec?proposalId=114777920,157000.0,8955.0
114957858,"The Forest land is required for construction of Common Biomedical Waste Treatment Facility (CBWTF). The State does not have common facility for treatment and disposal of Bio-medical Waste generated by the Health Care Facilities. As on standing Hon’ble National Green Tribunal order, CBWTF is to be established within certain timeframe. The Bio-Medical Waste generated by the Health Care Facilities of the State are infectious waste, the CBWTF cannot be constructed in a place where there are inhabitants so private land meeting the criteria for CBWTF is not available in the State. The Forest land identified at Payong, Melli under Namchi District does not have inhabitants within the surrounding area and is centrally located and accessible from all the Districts. Hence, the land indentified is suitable for construction of Common Biomedical Waste Treatment Facility (CBWTF) in the State.",New,FP/SK/OTHERS/514965/2024,2024-12-17T07:31:32.735+00:00,,Pending at PP due to EDS by DFO,2.4281,500.0,Health & Family Welfare Department,,Forest clearance form,,,,"Diversion of forest land for construction of Common Biomedical Waste Treatment Facility at Payong, Melli, Namchi District by Health & Family Welfare Deptt. GoS",SIKKIM,Namchi,Paiyong (Kerabari),,,00,Non - Linear,0.0,2.4281,2.4281,0.0,0.0,0.0,0.0,0.0,0,0,0,Not applicable as the project or activity is site specific,,NO,NO,NO,2024-12-16T18:30:00.000+00:00,,,Degraded Forest Land,true,"Secretariate Tashilling, Gangtok, Sikkim",Gangtok,11,State Government (Department/Autonomous body),Additional Director,Gangtok,11,South District,00,https://parivesh.nic.in/dms/okm/downloadDocument?docTypemappingId=40829&refId=114953883&refType=caf&uuid=de9f11b9-6d17-443c-b524-856c3d6d6f8d&version=1.0;https://parivesh.nic.in/dms/okm/downloadDocument?docTypemappingId=58989&refId=114953883&refType=FC&uuid=88b956b0-3d49-453a-93af-587e0e009257&version=1.0,0,https://parivesh.nic.in/newupgrade/#/report/ec?proposalId=114957858,0.0,1000.0
118027809,"Diversion of forest land for Transmission line of Rellichu 12MW HEP from Kongri (Labdang) to RHEP power house under Gyalshing District by Power Department, Gangtok Govt. of Sikkim, double circuit AAAC zebra conductor transmission line from Labdang to  Generating units 4.631 Km. detail survey has done total 23 nos of Tower identified among which 6 nos of Towers are in forest land and 17 nos of Tower in Revenue land 10x10 meter land to be acquired for construction of tower. Further 4.631km x 18M corridor   for transmission line ie 9 meter from centre line to be considered. Overall cost of the Project line 61 Lacs per km ie 2.75 Cr  for evacuation of entire energy Generated. Three alternatives have been explored and one covering minimum tree is finally selected, keeping in view other factor such as cost. Effectiveness, ecological disturbances and stability of strata to market best use of eater available for the power generation.",New,FP/SK/PWR_TRANS/519537/2025,2025-01-21T07:13:23.055+00:00,2026-03-26T08:51:30.850+00:00,Final Diversion Order Issued,8.3358,283.0,Power Department,,Forest clearance form,,,,"Diversion of forest land for Transmission line of Rellichu 12MW HEP from Kongri (Labdang) to RHEP power House under Gyalshing District by Power Department, Gangtok Govt. of Sikkim",SIKKIM,Gyalshing,Labdang,,,107,Linear,5.643,2.6928,8.3358,0.0,0.0,0.0,0.0,0.0,0,0,0,Not applicable as the project or activity is site specific,,NO,NO,NO,2025-01-21T07:54:17.044+00:00,,,Degraded Forest Land,true,"Power Department, Kazi Road, Gangtok",Gyalshing,11,State Government (Department/Autonomous body),Divisional Engineer,Gangtok,11,West District,107,https://parivesh.nic.in/dms/okm/downloadDocument?docTypemappingId=40829&refId=118025274&refType=caf&uuid=e6647afb-fa62-4b44-aa0b-93da1cb94dca&version=1.0;https://parivesh.nic.in/dms/okm/downloadDocument?docTypemappingId=58989&refId=118025274&refType=FC&uuid=cc1f3e34-1a2a-4e6a-8311-66390895431d&version=1.0,0,https://parivesh.nic.in/newupgrade/#/report/ec?proposalId=118027809,0.0,730.0
118364919,"The catchments area of Relli Chu & Rungdung Chu/ Stream above diversion structure comprises of forest land, the above said proposed project for hydro electricity generation. The natural design of the Rellichu stream/khad is not disturbed. The water after generation of electricity would be released back to the khad on run of the river principle.
No other viable alternative is available for the project so it has to be such located in the forest land, the project component like Trench Weir-1 & 2, Intake Structure, Feeder Channel, D-tank 1& 2, Head Race Tunnel, Head Race Pipe, Forebay Tank, Spillway Pipeline, Penstock Line, Power House, Muck Dumping etc. Lies under West Territorial Division, West Sikkim. Three alternatives have been explored and one covering minimum tree is finally selected, keeping in view other factor such as cost. Effectiveness, ecological disturbances and stability of strata to market best use of eater available for the power generation.",Expansion,FP/SK/HYD/IRRIG/520052/2025,2025-01-24T09:09:41.693+00:00,2025-09-26T12:37:04.239+00:00,Final Diversion Order Issued,3.025,6855.0,Power Department,,Forest clearance form,,,,"Diversion of additional forest land for construction of 12MW Rellichu HEP at Karjee, Tashiding, Geylshing District, by Power Deptt. GoS",SIKKIM,Gyalshing,Gyalshing Forest Block,,,0.0,Hybrid,0.0,3.025,3.025,0.0,1.9656,1.9656,6505.0,350.0,0,0,0,Not applicable as the project or activity is site specific,,NO,NO,NO,2025-03-25T18:30:00.000+00:00,,,Degraded Forest Land,true,"Power Department, Kazi Road, Gangtok",Gangtok,11,State Government (Department/Autonomous body),Divisional Engineer,Gangtok,11,West District,0.0,https://parivesh.nic.in/dms/okm/downloadDocument?docTypemappingId=40829&refId=118363531&refType=caf&uuid=4f2db4e2-2bc0-447a-8b9f-1f7be5837ed6&version=1.0;https://parivesh.nic.in/dms/okm/downloadDocument?docTypemappingId=58989&refId=118363531&refType=FC&uuid=4a48ad02-0aa2-4b86-9702-2e16098af59d&version=1.0,261048,https://parivesh.nic.in/newupgrade/#/report/ec?proposalId=118364919,730.0,9125.0
118528535,"Diversion of Forest Land of 0.99 ha for construction of Primary Health Center (PHC) at Melli in Namchi District of Sikkim by Health & Family Welfare Department, Government of Sikkim.",New,FP/SK/DISP/520623/2025,2025-01-27T07:16:33.581+00:00,2025-11-26T10:05:11.671+00:00,Final Diversion Order Issued,0.99,2368.24,"Construction of PRIMARY HEALTH CENTRE at Melli, Namchi District",,Forest clearance form,,,,"Diversion of Forest Land of 0.99 ha for construction of Primary Health Center (PHC) at Melli in Namchi District of Sikkim by Health & Family Welfare Department, Government of Sikkim.",SIKKIM,Namchi,Melli,,,00,Non - Linear,0.0,0.99,0.99,0.0,0.0,0.0,0.0,0.0,0,0,0,NO,NA,NO,NO,NO,2025-01-31T07:23:50.073+00:00,,,Degraded Forest Land,true,"Tashiling Secretariate, Block -B",Gangtok,11,State Government (Department/Autonomous body),SE,Gangtok,11,South District,00,https://parivesh.nic.in/dms/okm/downloadDocument?docTypemappingId=40829&refId=118524625&refType=caf&uuid=2693dcb2-6b16-43a5-85da-d82c1816f62f&version=1.0;https://parivesh.nic.in/dms/okm/downloadDocument?docTypemappingId=58989&refId=118524625&refType=FC&uuid=52d04445-9285-4142-897d-264dbf046d29&version=1.0,261151,https://parivesh.nic.in/newupgrade/#/report/ec?proposalId=118528535,7382.0,29210.0
119560454,The project aims to connect electricity to five BOPs of 36th and 72nd Battalion SSB in Indo-Nepal Border areas.,New,WL/SK/SRY/523017/2025,2025-02-07T11:20:50.414+00:00,,,3.472,1854.0,"DRAWING OF 11KV LINE AND INSTALLATION OF DISTRIBUTION SUB-STATION AT BOPs OF 36TH & 72ND BN.SSB UNDER DENTAM DIVISION, WEST SIKKIM.",,Wildlife clearance form,,,,"Drawing of 11 Kv Transmission line and installation of distribution sub-station at BoPs of 36th & 72nd Bn SSB under Dentam Range, Geylshing Division by Power Department, Govt. of Sikkim",SIKKIM,Gyalshing,Sopakha,,,00,Linear,0.0,3.472,3.472,0.0,0.0,0.0,0.0,0.0,0,0,0,Not applicable as the project or activity is site specific,,NO,NO,NO,2025-02-07T11:22:12.459+00:00,,,,,,,,,,,,West District,00,https://parivesh.nic.in/dms/okm/downloadDocument?docTypemappingId=40829&refId=119288252&refType=caf&uuid=e57ddf5d-0cc9-4311-b51a-4a084cc14db3&version=1.0,0,https://parivesh.nic.in/newupgrade/#/report/ec?proposalId=119560454,0.0,500.0
120014162,"The Nathula pass located on the India China border and is situated at an altitude of 14,140 feet in the eastern Himalayas. It is one of the most important border posts. It was a part of the ancient silk route facilitating trade between India and Tibet. Visiting Nathula provides tourist with a rare opportunity to see a functional international border and experience the unique geopolitical dynamics between the two major Asian countries. It provides an opportunity for the tourist to witness the Indo China fence, meet the Indian army personnel stationed there and view the bunkers and fortification.",New,FP/SK/OTHERS/524001/2025,2025-02-13T11:10:57.299+00:00,,Pending on UA for Compensatory Levies Payment,0.8487,6819.0,Tourism and Civil Aviation Department,,Forest clearance form,,,,"Development of Nature Interpretation Centre at Nathula by Tourism & Civil Aviation Department, Govt. of Sikkim",SIKKIM,Gangtok,Kyongnosla Forest Block,,,00,Non - Linear,0.0,0.8487,0.8487,0.0,0.0,0.0,0.0,0.0,0,0,0,Not applicable as the project or activity is site specific,,NO,NO,NO,2025-02-12T18:30:00.000+00:00,,,Degraded Forest Land,true,"Paryatan Bhawan, Metro Point Gangtok",Gangtok,11,State Government (Department/Autonomous body),Divisional Engineer,Gangtok,11,Gangtok,00,https://parivesh.nic.in/dms/okm/downloadDocument?docTypemappingId=40829&refId=120010684&refType=caf&uuid=29ff91a5-c89d-4bb2-bd27-72f63f07d7af&version=1.0;https://parivesh.nic.in/dms/okm/downloadDocument?docTypemappingId=58989&refId=120010684&refType=FC&uuid=15fe4cb1-7ded-4b99-8ca4-75099ea49a6f&version=1.0,261318,https://parivesh.nic.in/newupgrade/#/report/ec?proposalId=120014162,0.0,68200.0
120021677,"The selection of Bulbuley for this project is strategic due to its popularity as a tourist zone, given its proximity to the Himalayan Zoological Park and nearby attractions. By leveraging existing tourism infrastructure, the project “Development of public amenities in existing view point, Bulbuley in Gangtok District, Sikkim” enhances visitor experience while minimizing environmental impact.
The location is well-connected by road, easily accessible year-round, and benefits from consistent water and power supply, making it ideal for sustainable development with minimal strain on local resources.",New,FP/SK/OTHERS/524014/2025,2025-02-13T11:46:10.738+00:00,,REMOVED,0.9568,10041.0,Tourism and Civil Aviation Department,,Forest clearance form,,,,"Development of public amenities in existing view point at Bulbuley, Gangtok, Sikkim",SIKKIM,Gangtok,Gangtok Forest Block,,,0.0,Non - Linear,0.0,0.9568,0.9568,0.0,0.0,0.0,0.0,0.0,0,0,0,Not applicable as the project or activity is site specific,,NO,NO,NO,2025-02-12T18:30:00.000+00:00,,,Degraded Forest Land,true,"Paryatan Bhawan, Metro Point Gangtok",Gangtok,11,State Government (Department/Autonomous body),Divisional Engineer,Gangtok,11,East District,0.0,https://parivesh.nic.in/dms/okm/downloadDocument?docTypemappingId=40829&refId=120019185&refType=caf&uuid=2a12b762-f7c4-4042-a085-360132f5cb0c&version=1.0;https://parivesh.nic.in/dms/okm/downloadDocument?docTypemappingId=58989&refId=120019185&refType=FC&uuid=0b154f81-46ea-4360-9a2f-68c1ae8ba2d6&version=1.0,261321,https://parivesh.nic.in/newupgrade/#/report/ec?proposalId=120021677,0.0,237500.0
120102231,"G.B. Pant National Institute of Himalayan Environment (NIHE) is an autonomous Institute of the Ministry of Environment & Forest and Climate Change (MoEF&CC), Government of India. The Sikkim Regional Centre (SRC) of the Institute is located at Pangthang, East Sikkim in the vicinity of FambongLho Wildlife Sanctuary. The Institute campus at Pangthang is entirely dependent on water source from FambongLho Wildlife Sanctuary. Based on the permission from Forest Environment and Wildlife Management Department, Govt. of Sikkim (on dated 26.04.2001), GI pipeline was laid down along the foot trail and road side from the water source inside the Sanctuary upto the Institute Campus. The part of the existing pipeline was damaged due to road developmental activities by FEWM Dept., landslides and erosion within the Sanctuary. Thus, the damaged pipeline (approx. 150 m) needs to be repaired for continuous and smooth water supply to the Institute campus. This would not only help uninterrupted water supply",New,FP/SK/WATER/524145/2025,2025-02-14T08:58:56.568+00:00,,Pending at DFO due to EDS by Nodal Officer,0.19,5.5,GOVIND BALLABH PANT HIMALAYA PARYAVARAN EVAM VIKAS SANSTHAN,,Forest clearance form,,,,"Water supply scheme for G B Pant National Institute of Himalayan Environment at Pangthang, East Sikkim",SIKKIM,Gangtok,Namphong,,,0,Linear,0.0,0.19,0.19,0.0,0.0,0.0,0.0,0.0,0,0,0,Not applicable as the project or activity is site specific,,NO,NO,NO,2025-10-09T18:30:00.000+00:00,,,Degraded Forest Land,true,"Sikkim Regional Centre, G.B. Pant National Institute of Himalayan Environment , Pangthang, Post Box: 24,",Pangthang,11,Central Government (Department/Autonomous body),Regional Head,Pangthang,11,East District,0,https://parivesh.nic.in/dms/okm/downloadDocument?docTypemappingId=40829&refId=110955590&refType=caf&uuid=2c6c7ba1-9a3c-41f9-a7a7-2b8437d58538&version=1.0;https://parivesh.nic.in/dms/okm/downloadDocument?docTypemappingId=58989&refId=110955590&refType=FC&uuid=91fe33ca-e1a5-422c-92e3-620b1449a43b&version=1.0,943204,https://parivesh.nic.in/newupgrade/#/report/ec?proposalId=120102231,0.0,100.0
120828739,The link road from Convey Ground connects Phewa Busty which ends into a dead end. This causes all vehicles from Phewa Busty to enter into the Convey Ground Junction regardless of where thier destination maybe. Thus a link road from Phewa Busty to Indira Byepass will connect the dead end of Phewa Busty to Indira Byepass.,New,FP/SK/ROAD/525462/2025,2025-02-24T07:01:18.797+00:00,,Pending at Nodal Officer due to EDS by State Secretary,0.9439,1177.0,GANGTOK SMART CITY DEVELOPMENT LIMITED,,Forest clearance form,,,,"CONSTRUCTION OF NEW ROAD FROM PHEWA BUSTY TO INDIRA BYE PASS IN GANGTOK, SIKKIM",SIKKIM,Pakyong,Aho,,,,Linear,0.849,0.0949,0.9439,0.0,0.0,0.0,0.0,0.0,0,0,0,Not applicable as the project or activity is site specific,,NO,NO,NO,2026-04-23T18:30:00.000+00:00,,,,false,"Level-5, Kisan Bazaar Building, Lal Market Road, Gangtok Sikkim 737101",,11,"State PSU (eg. State Forest Corp., TANGEDCO, Mineral development Corp)",Assistant Engineer,,11,East District,,https://parivesh.nic.in/dms/okm/downloadDocument?docTypemappingId=40829&refId=120077530&refType=caf&uuid=bce58844-f309-4e0f-ad38-fb8b52b142f3&version=1.0;https://parivesh.nic.in/dms/okm/downloadDocument?docTypemappingId=58989&refId=120077530&refType=FC&uuid=cd4a189f-298c-4898-a89e-3ba2b30536b2&version=1.1,261330,https://parivesh.nic.in/newupgrade/#/report/ec?proposalId=120828739,21900.0,3650.0
120975321,"The Sikkim Integrated Urban Development Project includes development of sewerage system and septage management in Pakyong town. The project, financed by the Asian Development Bank (ADB), covers Pakyong which currently lacks a proper sewerage system. Most of the houses have adopted the practice of onsite disposal by constructing septic tank/soak pits with effluent discharging into open surface drains. Absence of a proper wastewater collection and treatment system has resulted in effluents from septic tanks and sullage disposal of untreated wastewater into the open storm water drains ultimately discharging into the farm land / water bodies. The project includes 248 sewer house connections for the base year 2025, 8,910 meters of sewerage pipes (200-400mm Dia.), 545 manholes, and one sewage pumping stations (SPS) with pumps of 5 HP. The sewage treatment plants (STP) will have capacities of 1.5 MLD, with septage co-treatment units of 10 KLD.",New,FP/SK/OTHERS/525651/2025,2025-02-25T08:40:27.224+00:00,,Pending on UA for Compensatory Levies Payment,0.33,3510.27,Urban Development Department,,Forest clearance form,,,,Sikkim Integrated Urban Development Project,SIKKIM,Pakyong,Taza,,,N/A,Non - Linear,0.0,0.33,0.33,0.0,0.0,0.0,0.0,0.0,0,0,0,NO,"The site has been carefully selected after a detailed assessment of topography, environmental sensitivities, construction feasibility, and the requirement to minimize community disturbance. The proposed location was identified as the most appropriate and least-impact option; therefore, no alternative site was considered further.",NO,NO,NO,2025-08-02T18:30:00.000+00:00,,,Degraded Forest Land,true,"Level-5, Kisan Bazar, Lal Market road, Gangtok, Sikkim",,11,State Government (Department/Autonomous body),Urban Planner Expert,,11,East District,N/A,https://parivesh.nic.in/dms/okm/downloadDocument?docTypemappingId=40829&refId=120960047&refType=caf&uuid=5eeef1f8-9b5c-43f7-96ad-cf17cf4d9311&version=1.0;https://parivesh.nic.in/dms/okm/downloadDocument?docTypemappingId=58989&refId=120960047&refType=FC&uuid=8b952d11-292a-4413-a4c1-c5120aa8006e&version=1.0,261343,https://parivesh.nic.in/newupgrade/#/report/ec?proposalId=120975321,3665.0,9000.0
121058056,"Proposal for diversion of forest land of 0.4392 ha for construction of road form Lower Chumlok to Upper Wak via Namphing in Namchi District of Sikkim by Roads and Bridges Department, Government of Sikkim.",New,FP/SK/ROAD/525920/2025,2025-02-26T09:20:29.598+00:00,,Pending at DFO for Compensatory Levies,2.4,180.0,Public Works Department,,Forest clearance form,,,,"Proposal for diversion of forest land of 0.4392 ha for construction of road form Lower Chumlok to Upper Wak via Namphing in Namchi District of Sikkim by Roads and Bridges Department, Government of Sikkim.",SIKKIM,Namchi,Chumlok,,,00,Linear,1.9608,0.4392,2.4,0.0,0.0,0.0,0.0,0.0,0,0,0,NO,NA,NO,NO,NO,2025-03-10T07:22:29.973+00:00,,,Degraded Forest Land,true,"Road and Bridges Department, PWD, Namchi , Sikkim",Gangtok,11,State Government (Department/Autonomous body),Divisional Engineer,Namchi,11,South District,00,https://parivesh.nic.in/dms/okm/downloadDocument?docTypemappingId=40829&refId=121056785&refType=caf&uuid=a31af858-bbde-4b68-a37e-4c81394b09c4&version=1.0;https://parivesh.nic.in/dms/okm/downloadDocument?docTypemappingId=58989&refId=121056785&refType=FC&uuid=952c7cfb-b735-40d5-8666-7328d1634a46&version=1.1,261106,https://parivesh.nic.in/newupgrade/#/report/ec?proposalId=121058056,14000.0,1000.0
121059976,"LAYING OFC FROM GYALSHING TO LASO PASSING THROUGH FOREST AREAS OF GYALSHING TERRITORIAL DIVISION, WEST DIST,SIKKIM WITHIN THE ROW OF GYALSHING LASO ROAD .
(TOTAL LENGTH OF PROPOSED ROUTE – 54300 X 0.30 = 1.629 Hectare)",New,FP/SK/REDIV/525934/2025,2025-02-26T09:44:28.498+00:00,,DELISTED_BY_SYSTEM,1.629,55.0,RELIANCE JIO INFOCOMM LIMITED,,Form-E: Re-Diversion i) Land Use Change ii) Laying of Overhead/ Under Ground OFC/ drinking water pipeline/ slurry pipeline/ electric cable/ CNG/PNG within RoW,,,,"LAYING OFC FROM GYALSHING TO LASO PASSING THROUGH FOREST AREAS OF GYALSHING TERRITORIAL DIVISION, WEST DIST,SIKKIM WITHIN THE ROW OF GYALSHING LASO ROAD .",SIKKIM,Gyalshing,Gyalshing Forest Block,,,,Linear,0.0,1.629,1.629,0.0,0.0,0.0,0.0,0.0,0,0,0,Not applicable as the project or activity is site specific,,NO,NO,NO,2025-03-05T18:30:00.000+00:00,,,,,"3B, 4TH FLOOR, ECOSPACE, RAJARHAT NEWTOWN, KOLKATA",Sector V College More,19,Private Limited,ROW LEAD,Kolkata,19,West District,,https://parivesh.nic.in/dms/okm/downloadDocument?docTypemappingId=40829&refId=121059149&refType=caf&uuid=8efd8709-b467-4fce-80a3-b73c05f24193&version=1.0,261048,https://parivesh.nic.in/newupgrade/#/report/ec?proposalId=121059976,520.0,360.0
121228683,"Since Two Stretch of Totaling 2021 MTR in the scheme of laying OFC cables UNDER BIKMAT & NAGI REVENUE BLOCK UNDER NAMTHANG RANGE OF SOUTH TERRITORIAL DIVISION, DISTRICT, NAMCHI for a total length of 2021 MTR(A STRETCH OF 2 SEGMENTS 532 MTR & 1489 MTR = 2021 MTR) falls inside the forest area & this is such that cannot be given up & compromise for providing connectivity to the existing 2 nos of mobile towers for efficient transmission of network.
Considering the topography of the terrain laying of ofc cable need to be executed  Following Overhead Methodology UNDER BIKMAT & NAGI REVENUE BLOCK UNDER NAMTHANG RANGE OF SOUTH TERRITORIAL DIVISION, DISTRICT, NAMCHI for a total length of 2021 MTR(A STRETCH OF 2 SEGMENTS 532 MTR & 1489 MTR = 2021 MTR) on the valley side of the Road for providing connectivity to the existing 2 nos of mobile towers for efficient transmission of network.",New,FP/SK/REDIV/526440/2025,2025-02-28T09:14:40.972+00:00,,DELISTED_BY_SYSTEM,0.0233,5.0,RELIANCE JIO INFOCOMM LIMITED,,Form-E: Re-Diversion i) Land Use Change ii) Laying of Overhead/ Under Ground OFC/ drinking water pipeline/ slurry pipeline/ electric cable/ CNG/PNG within RoW,,,,"LAYING OFC AT 2 LOCATIONS UNDER BIKMAT & NAGI REVENUE BLOCK UNDER NAMTHANG RANGE OF SOUTH TERRITORIAL DIVISION, DISTRICT, NAMCHI FOR CONNECTING THE EXISTING 2 NOS TOWERS IN NMHI-6003, NMHI-9070",SIKKIM,Namchi,Bikmat,,,,Linear,0.0,0.0233,0.0233,0.0,0.0,0.0,0.0,0.0,0,0,0,Not applicable as the project or activity is site specific,,NO,NO,NO,2025-06-16T18:30:00.000+00:00,,,,,"3B, 4TH FLOOR, ECOSPACE, RAJARHAT NEWTOWN, KOLKATA",KOLKATA,19,Private Limited,ROW LEAD,KOLKATA,19,South District,,https://parivesh.nic.in/dms/okm/downloadDocument?docTypemappingId=40829&refId=121216719&refType=caf&uuid=a152e2dd-6035-455f-a736-d2bf3025eb6e&version=1.0,261160,https://parivesh.nic.in/newupgrade/#/report/ec?proposalId=121228683,520.0,360.0
121424631,"Chakung Chu Hydroelectric Project (82.5 MW) is a medium scale hydroelectric project, being developed in Chakung Chu nallah and Ri Chu (New Meyong Chu) nallah in Mangan (North) ( district in Sikkim, some 2 Km upstream of its confluence with the Teesta River near Tung bridge. The proposed Chakung Chu Hydropower Project is a run-of-the- river (RoR) project. The head works site of the project is located downstream of the confluence of Chakung Chu with Glong Chu, whereas the powerhouse site of the project is located near Tung bridge just downstream confluence of Chakung Chu with Teesta River.",New,IA/SK/RIV/527111/2025,2025-03-03T05:28:40.825+00:00,2025-04-15T12:55:07.912+00:00,ToR Granted,42.24,69509.0,KUNDAN HYDRO (GANGTOK)  PRIVATE LIMITED,R. S. Envirolinks Technologies Pvt. Ltd.,Environment clearance form,TOR,A,River Valley/Irrigation projects,Chakung Chu HEP,SIKKIM,Chungthang,Chungthang,J-12011/10/2025-IA.I (R),,,Hybrid,16.13,26.11,42.24,0.0,0.0,0.0,0.0,0.0,0,0,0,YES,,NO,NO,NO,2025-03-03T07:23:27.766+00:00,,,,,,,,,,,,North  District,,https://parivesh.nic.in/dms/okm/downloadDocument?docTypemappingId=40828&refId=121423385&refType=caf&uuid=0c5a145e-2596-46e3-a43d-5f1e574d1047&version=1.0;https://parivesh.nic.in/dms/okm/downloadDocument?docTypemappingId=40828&refId=121423385&refType=caf&uuid=83ff9597-c503-4d91-855e-a9a2bbb2f687&version=1.0;https://parivesh.nic.in/dms/okm/downloadDocument?docTypemappingId=40829&refId=121423385&refType=caf&uuid=6b7aede3-6c6d-4421-9c3a-7fb222bdc57b&version=1.0,,https://parivesh.nic.in/newupgrade/#/report/ec?proposalId=121424631,730000.0,803000.0
121649111,"The land currently available for construction is insufficient to accommodate the various facilities required for the project, such as the large convention hall, banquet hall, exhibition spaces, and parking etc. The proposed forest land is directly adjacent to existing government-owned land, providing a natural extension to the available construction area. This contiguity allows for seamless integration of the project facilities. This approach provides a balanced solution to the constraints of land availability and ensures that the project can meet its goals as a world-class Convention Centre.",New,FP/SK/OTHERS/527688/2025,2025-03-05T08:15:56.372+00:00,,DELISTED_BY_SYSTEM,6.7926,1.09327,Buildings and Housing Department,,Forest clearance form,,,,"Diversion of forest land for the construction of Kanchendzonga State-of-the-art convention centre at Namli, Gangtok by Buildings and Housing Department, Govt. of Sikkim.",SIKKIM,Gangtok,Namli,,,00,Non - Linear,4.6705,2.1221,6.7926,0.0,0.0,0.0,0.0,0.0,0,0,0,Not applicable as the project or activity is site specific,,NO,NO,NO,2025-03-05T08:24:38.428+00:00,,,Degraded Forest Land,true,"Zero Point, Nirman Bhawan, Gangtok, Sikkim",Gangtok,11,State Government (Department/Autonomous body),Assistant Engineer,Gangtok,11,East District,00,https://parivesh.nic.in/dms/okm/downloadDocument?docTypemappingId=40829&refId=121647554&refType=caf&uuid=acf56ea0-f622-4513-b59a-7a1c8a1a0925&version=1.0;https://parivesh.nic.in/dms/okm/downloadDocument?docTypemappingId=58989&refId=121647554&refType=FC&uuid=d0404c53-3a14-4f63-bb49-9d53ad00834c&version=1.0,261287,https://parivesh.nic.in/newupgrade/#/report/ec?proposalId=121649111,0.0,1500000.0
122625485,"Establishment of Retired Armed Police Sanstha Bhawan at Selep Tanki, Bulbuley, Gangtok District by Retired Sikkim Armed Police Welfare Association",New,FP/SK/OTHERS/529966/2025,2025-03-18T06:59:42.002+00:00,,REJECTED,0.0221,0.0,SUK BIR TAMANG,,Forest clearance form,,,,"Diversion of forest land for establishment of Retired Armed Police Sanstha Bhawan at Selep Tanki, Bulbuley, Gangtok District by Retired Sikkim Armed Police Welfare Association",SIKKIM,Gangtok,Gangtok Forest Block,,,00,Non - Linear,0.0,0.0221,0.0221,0.0,0.0,0.0,0.0,0.0,0,0,0,Not applicable as the project or activity is site specific,,NO,NO,NO,2025-03-18T07:18:01.208+00:00,,,Degraded Forest Land,true,"Bojo Ghari, Gangtok",Gangtok,11,Individual,President,Gangtok,11,East District,00,https://parivesh.nic.in/dms/okm/downloadDocument?docTypemappingId=40829&refId=122623331&refType=caf&uuid=4e31c1d5-fa85-41a8-8463-69b315542c39&version=1.0;https://parivesh.nic.in/dms/okm/downloadDocument?docTypemappingId=58989&refId=122623331&refType=FC&uuid=13059553-5e69-4943-938f-44af156959b9&version=1.0,261321,https://parivesh.nic.in/newupgrade/#/report/ec?proposalId=122625485,0.0,8.0
122637357,"Proposal for diversion of Forest land of 0.45 ha for construction of link road form BO office to Pradhan Goan in Dentam, Gyalshing District of Sikkim by Roads and Bridges department, Government of Sikkim.",New,FP/SK/ROAD/529998/2025,2025-03-18T08:31:41.608+00:00,,Pending at Nodal Officer due to EDS by State Secretary,2.137,91.42,Public Works Department,,Forest clearance form,,,,"Proposal for diversion of Forest land of 0.45 ha for construction of link road form BO office to Pradhan Goan in Dentam, Gyalshing District of Sikkim by Roads and Bridges department, Government of Sikkim.",SIKKIM,Gyalshing,Dentam,,,0.45 Ha,Linear,1.687,0.45,2.137,0.0,0.0,0.0,0.0,0.0,0,0,0,NO,NA,NO,NO,NO,2025-08-21T18:30:00.000+00:00,,,Degraded Forest Land,true,"Road and Bridge Department, PWD, Zero Point, NH 31A, Gangtok, Sikkim",Dentam,11,State Government (Department/Autonomous body),Secretary,Gangtok,11,West District,0.45 Ha,https://parivesh.nic.in/dms/okm/downloadDocument?docTypemappingId=40829&refId=122635165&refType=caf&uuid=607cad2e-a675-4238-8179-0016bf758f60&version=1.0;https://parivesh.nic.in/dms/okm/downloadDocument?docTypemappingId=58989&refId=122635165&refType=FC&uuid=7b509ce5-3184-45ed-8ea1-74cb4093a303&version=1.0,0,https://parivesh.nic.in/newupgrade/#/report/ec?proposalId=122637357,5861.0,0.0
122645904,"Construction of Christian Burial land at Namli under Ranipool T Range, Gangtok District by Culture Department, Govt. of Sikkim",New,FP/SK/OTHERS/530021/2025,2025-03-18T09:29:56.992+00:00,,REJECTED,2.0234,91.0,"Culture Department,  Govt. of Sikkim",,Forest clearance form,,,,"Diversion of forest land for construction of Christian Burial land at Namli under Ranipool T Range, Gangtok District by Culture Department, Govt. of Sikkim",SIKKIM,Gangtok,Namli,,,0.0,Non - Linear,0.0,2.0234,2.0234,0.0,0.0,0.0,0.0,0.0,0,0,0,Not applicable as the project or activity is site specific,,NO,NO,NO,2025-03-18T09:40:24.111+00:00,,,Degraded Forest Land,true,Culture Department Govt of Sikkim,Gangtok,11,State Government (Department/Autonomous body),Assistant Engineer,Gangtok,11,East District,0.0,https://parivesh.nic.in/dms/okm/downloadDocument?docTypemappingId=40829&refId=122642883&refType=caf&uuid=7e8c73ce-b34a-4a7d-98d0-f36b45839527&version=1.0;https://parivesh.nic.in/dms/okm/downloadDocument?docTypemappingId=58989&refId=122642883&refType=FC&uuid=e5094ef1-a15a-4339-8277-a84f7ba530dd&version=1.0,261287,https://parivesh.nic.in/newupgrade/#/report/ec?proposalId=122645904,0.0,6125.0
123616099,"Proposal for diversion of Forest Land of 0.65 ha for construction of Public Amenities and Beautification with Medicinal and Local Flora at Rolu, Namchi District of Sikkim by Tourism and Civil Aviation Department, Government of Sikkim.",New,FP/SK/OTHERS/531530/2025,2025-03-27T07:22:48.157+00:00,,Pending on UA for Compensatory Levies Payment,0.65,4960.64,Tourism and Civil Aviation Department,,Forest clearance form,,,,"Proposal for diversion of Forest Land of 0.65 ha for construction of Public Amenities and Beautification with Medicinal and Local Flora at Rolu, Namchi District of Sikkim by Tourism and Civil Aviation Department, Government of Sikkim",SIKKIM,Namchi,Kamarey,,,0.00,Non - Linear,0.0,0.65,0.65,0.0,0.0,0.0,0.0,0.0,0,0,0,NO,NA,NO,NO,NO,2025-04-01T18:30:00.000+00:00,,,Degraded Forest Land,true,"Paryatan Bhawan, Metro Point Gangtok",Rolu,11,State Government (Department/Autonomous body),Divisional Engineer,Gangtok,11,South District,0.00,https://parivesh.nic.in/dms/okm/downloadDocument?docTypemappingId=40829&refId=123607399&refType=caf&uuid=73583d23-0e07-40af-a48a-dae8c42ab5ec&version=1.0;https://parivesh.nic.in/dms/okm/downloadDocument?docTypemappingId=58989&refId=123607399&refType=FC&uuid=947929f3-4468-48f0-9f94-dc3d729f6b0b&version=1.0,261146,https://parivesh.nic.in/newupgrade/#/report/ec?proposalId=123616099,182574.0,10.0
123636694,"1. Already a very popular resting area for travelers travelling from Melli to South and West Sikkim however due to lack of any proper convenience the area is getting degraded by unplanned and haphazard development promoting open defecation and filth in the area.
2. This location is at the fringes of the Reserve Forest area which will not disturb the forest habitat, rather form and effective buffer zone to the Reserve Forest area.
3. The project will provide employment to the local populous and generate revenue to the government by providing cleanliness and organized system as part of Swachh Bharat Mission.
4. Since there is no private land in the area or any other alternative in the vicinity to provide such facility the department has no other alternative but to propose the construction of such facility in the proposed location.
5. The project has major component whereby local flora will be planted and propagated which will add to the aesthetics of the place.",New,FP/SK/REDIV/531557/2025,2025-03-27T08:54:42.417+00:00,,REMOVED,0.3,4960.64,Tourism and Civil Aviation Department,,Form-E: Re-Diversion i) Land Use Change ii) Laying of Overhead/ Under Ground OFC/ drinking water pipeline/ slurry pipeline/ electric cable/ CNG/PNG within RoW,,,,"Proposal for Re-Diversion of 0.30 ha of already diverted Forest Land for construction of Public Amenities and Beautification with Medicinal and Local Flora at Rolu, Namchi District of Sikkim by Tourism and Civil Aviation Deptt., Govt. of Sikkim.",SIKKIM,Namchi,Kamarey,,,0.00,Non - Linear,0.0,0.3,0.3,0.0,0.0,0.0,0.0,0.0,0,0,0,NO,NA,NO,NO,NO,2025-03-27T09:07:03.501+00:00,,,,,"Paryatan Bhawan, Metro Point Gangtok",Rolu,11,State Government (Department/Autonomous body),Divisional Engineer,Gangtok,11,South District,0.00,https://parivesh.nic.in/dms/okm/downloadDocument?docTypemappingId=40829&refId=123633126&refType=caf&uuid=5b3c7a86-5435-4ac2-ab58-c47aed4ee01f&version=1.0,261146,https://parivesh.nic.in/newupgrade/#/report/ec?proposalId=123636694,1000.0,3.0
123651057,"Proposal for diversion of forest land of 1.20 ha for construction of road from Lower Pachgharey  PMGSY road to Rolu Mander, Melli in Namchi District of Sikkim by Roads and Bridges Department, Government of Sikkim.",New,FP/SK/ROAD/531580/2025,2025-03-27T10:02:00.904+00:00,,Pending on UA for Compensatory Levies Payment,1.2,197.39,Public Works Department,,Forest clearance form,,,,"Proposal for diversion of forest land of 1.20 ha for construction of road from Lower Pachgharey  PMGSY road to Rolu Mander, Melli in Namchi District of Sikkim by Roads and Bridges Department, Government of Sikkim.",SIKKIM,Namchi,Kamarey,,,0.00,Linear,0.0,1.2,1.2,0.0,0.0,0.0,0.0,0.0,0,0,0,NO,NA,NO,NO,NO,2025-04-15T18:30:00.000+00:00,,,Degraded Forest Land,true,"Road and Bridges Department, PWD, Namchi , Sikkim",Pachgharey,11,State Government (Department/Autonomous body),Divisional Engineeer,Gangtok,11,South District,0.00,https://parivesh.nic.in/dms/okm/downloadDocument?docTypemappingId=40829&refId=123645835&refType=caf&uuid=71d573d1-bce4-4e47-b7b4-d0198c265de7&version=1.0;https://parivesh.nic.in/dms/okm/downloadDocument?docTypemappingId=58989&refId=123645835&refType=FC&uuid=c55c3a33-6439-402d-a030-48ab7ee3211d&version=1.0,261146,https://parivesh.nic.in/newupgrade/#/report/ec?proposalId=123651057,5500.0,0.0
123664516,"Proposal for diversion of forest land of 0.4644 ha for construction of road from Sumbuk 3rd mile PWD road to Arjuney , Namchi District of Sikkim by Roads and Bridges Department, Government of Sikkim.",New,FP/SK/ROAD/531593/2025,2025-03-27T11:01:57.350+00:00,,Pending on UA for Compensatory Levies Payment,0.4644,81.48,Public Works Department,,Forest clearance form,,,,"Proposal for diversion of forest land of 0.4644 ha for construction of road from Sumbuk 3rd mile PWD road to Arjuney , Namchi District of Sikkim by Roads and Bridges Department, Government of Sikkim.",SIKKIM,Namchi,Sumbuk,,,,Linear,0.0,0.4644,0.4644,0.0,0.0,0.0,0.0,0.0,0,0,0,NO,NA,NO,NO,NO,2025-03-27T11:13:19.060+00:00,,,Degraded Forest Land,true,"Road and Bridges Department, PWD, Namchi , Sikkim",Sumbuk,11,State Government (Department/Autonomous body),Divisional Engineer,Gangtok,11,South District,,https://parivesh.nic.in/dms/okm/downloadDocument?docTypemappingId=40829&refId=123661832&refType=caf&uuid=8bd5a03e-3dcb-46f1-9f53-9790960f74af&version=1.0;https://parivesh.nic.in/dms/okm/downloadDocument?docTypemappingId=58989&refId=123661832&refType=FC&uuid=1dbafa9c-cd36-4d72-a67b-1f6923576d24&version=1.0,261134,https://parivesh.nic.in/newupgrade/#/report/ec?proposalId=123664516,3400.0,0.0
123951174,"LAYING OFC FROM LASO TO GYALSHING FOREST BLOCK THROUGH FOREST AREAS ALONG THE EXISTING ROAD OF NAMCHI (T) DIVISION (2 KM) AND GYALSHING (T) DIVISION (13.77 KM) WEST & SOUTH DISTRICT OF SIKKIM. TOTAL LENGTH OF THE PROPOSED ROUTE IS 15.77 KM
TOTAL AREA REQUIRED FOR REDIVERSION –

1.NAMCHI (T) DIVISION (LAT-27.33274 LONG-88.29039 TO LAT-27.32727 LONG-88.28759) 2.0 X 0.3 = 0.0600 Ha
2.GYALSHING (T) DIVISION (LAT-27.32727 LONG-88.28759 TO LAT-27.28805 LONG-88.28511) 13.77 X 0.3 = 0.4131 Ha

TOTAL LENGTH OF PROPOSED ROUTE (STARTING LAT-27.33274 LONG-88.29039 ENDING TO LAT-27.28805 LONG-88.28511) 15.77 X 0.3 = 0.4731 Hectare",New,FP/SK/REDIV/532160/2025,2025-03-31T10:11:13.898+00:00,,DELISTED_BY_SYSTEM,0.4731,15.0,RELIANCE JIO INFOCOMM LIMITED,,Form-E: Re-Diversion i) Land Use Change ii) Laying of Overhead/ Under Ground OFC/ drinking water pipeline/ slurry pipeline/ electric cable/ CNG/PNG within RoW,,,,LAYING OFC FROM LASO TO GYALSHING FOREST BLOCK THROUGH FOREST AREAS ALONG THE EXISTING ROAD OF NAMCHI (T) DIVISION (2 KM) AND GYALSHING (T) DIVISION (13.77 KM) WEST & SOUTH DISTRICT OF SIKKIM. TOTAL LENGTH OF THE PROPOSED ROUTE IS 15.77 KM,SIKKIM,Gyalshing,Laso,,,,Linear,0.0,0.4731,0.4731,0.0,0.0,0.0,0.0,0.0,0,0,0,Not applicable as the project or activity is site specific,,NO,NO,NO,2025-04-16T18:30:00.000+00:00,,,,,"3B, 4TH FLOOR, ECOSPACE, RAJARHAT NEWTOWN, KOLKATA",KOLKATA,19,Private Limited,ROW LEAD,Kolkata,19,West District,,https://parivesh.nic.in/dms/okm/downloadDocument?docTypemappingId=40829&refId=123950302&refType=caf&uuid=5ab1b9e2-b04a-4960-9559-c88e8aac109e&version=1.0,261012,https://parivesh.nic.in/newupgrade/#/report/ec?proposalId=123951174,536.0,536.0
124005117,"1. Already a very popular resting area for travelers travelling from Melli to South and West Sikkim however due to lack of any proper convenience the area is getting degraded by unplanned and haphazard development promoting open defecation and filth in the area.
2. This location is at the fringes of the Reserve Forest area which will not disturb the forest habitat, rather form and effective buffer zone to the Reserve Forest area.
3. The project will provide employment to the local populous and generate revenue to the government by providing cleanliness and organized system as part of Swachh Bharat Mission.
4. Since there is no private land in the area or any other alternative in the vicinity to provide such facility the department has no other alternative but to propose the construction of such facility in the proposed location.
5. The project has major component whereby local flora will be planted and propagated which will add to the aesthetics of the place .",New,FP/SK/REDIV/532309/2025,2025-04-01T09:48:40.867+00:00,,Pending at UA for Compliance Report,0.3,4960.64,Tourism and Civil Aviation Department,,Form-E: Re-Diversion i) Land Use Change ii) Laying of Overhead/ Under Ground OFC/ drinking water pipeline/ slurry pipeline/ electric cable/ CNG/PNG within RoW,,,,"Proposal for Re-Diversion of 0.30 ha of already diverted Forest Land for construction of Public Amenities and Beautification with Medicinal and Local Flora at Rolu, Namchi District of Sikkim by Tourism and Civil Aviation Deptt., Govt. of Sikkim.",SIKKIM,Namchi,Kamarey,,,,Non - Linear,0.0,0.3,0.3,0.0,0.0,0.0,0.0,0.0,0,0,0,NO,NA,NO,NO,NO,2025-04-01T18:30:00.000+00:00,,,,,"Paryatan Bhawan, Metro Point Gangtok",Rolu,11,State Government (Department/Autonomous body),Divisional Engineer,Gangtok,11,South District,,https://parivesh.nic.in/dms/okm/downloadDocument?docTypemappingId=40829&refId=124004044&refType=caf&uuid=df11a604-6a29-4d52-9400-ef3faead213b&version=1.0,261146,https://parivesh.nic.in/newupgrade/#/report/ec?proposalId=124005117,1000.0,3.0
124050748,"Construction of link road from Bakhutar to Bajani (1km).
As per the public demand there is a need to construct a link road from Bakhutar to Bajani (1km). The total length of the road is 1 km, the entire village depends on the agricultural production to run their livelihood. The construction of road will help in development of the area.",New,FP/SK/ROAD/532420/2025,2025-04-02T05:52:53.026+00:00,,Pending at DIGF - RO,1.65,90.18,Public Works Department,,Forest clearance form,,,,"Diversion of 0.7755 Ha of forest land for the construction of link road from Bakhutar to Bajani (1km) in Pakyong Distict by the Roads & Bridges Department, Government of Sikkim.",SIKKIM,Rongli,Rongli Forest Block,,,0,Linear,0.8745,0.7755,1.65,0.0,0.0,0.0,0.0,0.0,0,0,0,Not applicable as the project or activity is site specific,,NO,NO,NO,2025-04-02T06:12:40.689+00:00,,,Degraded Forest Land,true,Pakyong District Sikkim,Bakhutar Bajani Rongli Pakyong,11,State Government (Department/Autonomous body),Divisional Engineer,,11,East District,0,https://parivesh.nic.in/dms/okm/downloadDocument?docTypemappingId=40829&refId=124047634&refType=caf&uuid=a575da22-1ce4-4638-9bfe-8783f43e45d0&version=1.0;https://parivesh.nic.in/dms/okm/downloadDocument?docTypemappingId=58989&refId=124047634&refType=FC&uuid=4a8eef6b-ab65-49c8-8a21-32d07507fd22&version=1.0,261374,https://parivesh.nic.in/newupgrade/#/report/ec?proposalId=124050748,45.0,45.0
124060696,"LAYING OFC FROM GANGTOK-SHYAGYONG TO RUMTEK ALONG THE EXISTING ROAD PASSING THROUGH FOREST AREAS OF GANGTOK TERRITORIAL DIVISION (GANGTOK RANGE & RANIPOOL RANGE) OF EAST SIKKIM DISTRICT

TOTAL LENGTH OF THE PROPOSED ROUTE IS 13.44 KM PASSING THROUGH THE FOREST AREA

TOTAL AREA REQUIRED FOR RE-DIVERSION - 13.44 X 0.3 = 0.4032 Hectare(STARTING LAT-27.36459 LONG-88.62066 ENDING TO LAT-27.33132 LONG-88.56662)",New,FP/SK/REDIV/532444/2025,2025-04-02T07:05:44.566+00:00,,DELISTED_BY_SYSTEM,0.4032,10.0,RELIANCE JIO INFOCOMM LIMITED,,Form-E: Re-Diversion i) Land Use Change ii) Laying of Overhead/ Under Ground OFC/ drinking water pipeline/ slurry pipeline/ electric cable/ CNG/PNG within RoW,,,,LAYING OFC FROM GANGTOK-SHYAGYONG TO RUMTEK ALONG THE EXISTING ROAD PASSING THROUGH FOREST AREAS OF GANGTOK TERRITORIAL DIVISION (GANGTOK RANGE & RANIPOOL RANGE) OF EAST SIKKIM DISTRICT  TOTAL LENGTH OF THE PROPOSED ROUTE IS 13.44 KM PASSING THROUGH THE FOREST AREA,SIKKIM,Gangtok,Rumtek Forest Block,,,,Linear,0.0,0.4032,0.4032,0.0,0.0,0.0,0.0,0.0,0,0,0,Not applicable as the project or activity is site specific,,NO,NO,NO,2025-04-02T07:14:12.171+00:00,,,,,"3B, 4TH FLOOR, ECOSPACE, RAJARHAT NEWTOWN, KOLKATA",KOLKATA,19,Private Limited,ROW LEAD,KOLKATA,19,East District,,https://parivesh.nic.in/dms/okm/downloadDocument?docTypemappingId=40829&refId=124056346&refType=caf&uuid=5f84f29d-0f81-4d69-b525-eb172171fb85&version=1.0,261323,https://parivesh.nic.in/newupgrade/#/report/ec?proposalId=124060696,536.0,536.0
124514337,LAYING OFC FROM MELLI TO MAJHITAR ALONG THE EXISTING ROAD PASSING THROUGH FOREST AREAS OF SOUTH(T) DIVISION NAMCHI OF SOUTH SIKKIM DISTRICT. TOTAL LENGTH OF THE PROPOSED ROUTE IS 62.06 KM . TOTAL AREA REQUIRED FOR DIVERSION - 62.06 X 0.3 = 1.8618 Hectare (STARTING LAT-27.09515 LONG-88.45730 ENDING TO LAT-27.16721 LONG-88.35802).,New,FP/SK/REDIV/533377/2025,2025-04-09T06:53:56.998+00:00,,DELISTED_BY_SYSTEM,1.8618,10.0,RELIANCE JIO INFOCOMM LIMITED,,Form-E: Re-Diversion i) Land Use Change ii) Laying of Overhead/ Under Ground OFC/ drinking water pipeline/ slurry pipeline/ electric cable/ CNG/PNG within RoW,,,,LAYING OFC FROM MELLI TO MAJHITAR ALONG THE EXISTING ROAD PASSING THROUGH FOREST AREAS OF SOUTH(T) DIVISION NAMCHI OF SOUTH SIKKIM DISTRICT. TOTAL LENGTH OF THE PROPOSED ROUTE IS 62.06 KM,SIKKIM,Namchi,Majhitar Forest Block,,,,Non - Linear,0.0,1.8618,1.8618,0.0,0.0,0.0,0.0,0.0,0,0,0,Not applicable as the project or activity is site specific,,NO,NO,NO,2025-06-25T18:30:00.000+00:00,,,,,"3B, 4TH FLOOR, ECOSPACE, RAJARHAT NEWTOWN, KOLKATA",KOLKATA,19,Private Limited,ROW LEAD,Saltlake,19,South District,,https://parivesh.nic.in/dms/okm/downloadDocument?docTypemappingId=40829&refId=124512473&refType=caf&uuid=5fff972b-5320-4540-9ccb-4fc88713da61&version=1.0,261198,https://parivesh.nic.in/newupgrade/#/report/ec?proposalId=124514337,896.0,896.0
124539970,"AS much emphasis is being laid by the populous government on infrastructure development in the state especially in the tourism sector, the new road is essential for the future development of the adjoining rural areas, the forest area required for the project happens to fall within the 2nd kilometer of the new road and since there is no alternative alignment because of gradient constraints, the forest area cannot be avoided.",New,FP/SK/ROAD/533414/2025,2025-04-09T09:33:34.045+00:00,,Pending on UA for Compensatory Levies Payment,1.74,179.72,Public Works Department,,Forest clearance form,,,,"Diversion of forest land of 1.74 ha for construction of road from Lower Gom to Bhadikhola IPCA Pvt. Ltd by Roads and Bridges Department, Government of Sikkim.",SIKKIM,Namchi,Gom,,,00,Linear,0.0,1.74,1.74,0.0,0.0,0.0,0.0,0.0,0,0,0,NO,NA,NO,NO,NO,2025-04-09T10:06:11.999+00:00,,,Degraded Forest Land,true,"Road and Bridges Department, PWD, Namchi , Sikkim",Gangtok,11,State Government (Department/Autonomous body),Divisional Engineer,Namchi,11,South District,00,https://parivesh.nic.in/dms/okm/downloadDocument?docTypemappingId=40829&refId=124537751&refType=caf&uuid=e7769327-043b-4daa-bd14-00f0278e4f85&version=1.0;https://parivesh.nic.in/dms/okm/downloadDocument?docTypemappingId=58989&refId=124537751&refType=FC&uuid=4238407c-c370-4f92-8efc-b0580607d422&version=1.0,261124,https://parivesh.nic.in/newupgrade/#/report/ec?proposalId=124539970,14000.0,0.0
124616245,"The justification for the construction of road from Bermiok to Jaubari PMGSY road to Ugen Pema Choeling Gumpa road passing through the Goucharan in Gyalshing District, Sikkim is required to be drawn on the surface for linking Bermiok Jaubari PMGSY road to Ugen Wishel Pema Choeling Gumpa. The Roads & Bridges Department had conducted intensive studies to draw different route alignments to ensure minimum environmental and social impact for construction of the road to avoid the use of Forest land. The proposed route alignment is finalized having least environmental and social impact using bare minimum forest land. The Department had also avoided densely wooded forest areas to reduce risk and threat to forest, wildlife ecology & human population due to fragmentation of habitats for the construction of road.",New,FP/SK/ROAD/533561/2025,2025-04-10T08:51:11.794+00:00,,Pending at DFO for Compensatory Levies,0.354,94.32,Public Works Department,,Forest clearance form,,,,"Proposal for diversion of 0.354 Ha forest land for construction of road from Bermiok to Jaubari PMGSY road to Ugen Wishel Pema Choeling Gumpa in Sikkim by Roads and Bridges Department, Government of Sikkim.",SIKKIM,Soreng,Bara-Samdong,,,,Linear,0.0,0.354,0.354,0.0,0.0,0.0,0.0,0.0,0,0,0,NO,The proposed road is to connect to the local monastery and the aligment was selected with minimum involvement of forest land.,NO,NO,NO,2025-04-10T09:20:18.109+00:00,,,Degraded Forest Land,true,"Road and Bridge Department, PWD, Zero Point, NH 31A, Gangtok, Sikkim",Bermiok,11,State Government (Department/Autonomous body),Secretary,Gangtok,11,West District,,https://parivesh.nic.in/dms/okm/downloadDocument?docTypemappingId=40829&refId=124610017&refType=caf&uuid=a9bb63c2-2d34-4824-953c-dab19e1f1272&version=1.0;https://parivesh.nic.in/dms/okm/downloadDocument?docTypemappingId=58989&refId=124610017&refType=FC&uuid=e4988b5e-6cf2-4ee9-9731-dac94fae5fb6&version=1.0,261060,https://parivesh.nic.in/newupgrade/#/report/ec?proposalId=124616245,150.0,0.0
124677141,"LAYING OFC AT 5 LOCATIONS UNDER SINGITHING, BOOMTAR, GUMPA GHURPSE, MANIRAM AND TEMI REVENUE BLOCK UNDER NAMTHANG RANGE OF SOUTH TERRITORIAL DIVISION, DISTRICT, NAMCHI FOR CONNECTING THE EXISTING 5 NOS TOWERS.",New,FP/SK/REDIV/533675/2025,2025-04-11T07:00:18.821+00:00,,DELISTED_BY_SYSTEM,0.0651,10.0,RELIANCE JIO INFOCOMM LIMITED,,Form-E: Re-Diversion i) Land Use Change ii) Laying of Overhead/ Under Ground OFC/ drinking water pipeline/ slurry pipeline/ electric cable/ CNG/PNG within RoW,,,,"LAYING OFC AT 5 LOCATIONS UNDER SINGITHING, BOOMTAR, GUMPA GHURPSE, MANIRAM AND TEMI REVENUE BLOCK UNDER NAMTHANG RANGE OF SOUTH TERRITORIAL DIVISION, DISTRICT, NAMCHI FOR CONNECTING THE EXISTING 5 NOS TOWERS.",SIKKIM,Namchi,Bomtar,,,,Linear,0.0,0.0651,0.0651,0.0,0.0,0.0,0.0,0.0,0,0,0,Not applicable as the project or activity is site specific,,NO,NO,NO,2025-06-23T18:30:00.000+00:00,,,,,"3B, 4TH FLOOR, ECOSPACE, RAJARHAT NEWTOWN, KOLKATA",KOLKATA,19,Private Limited,ROW LEAD,Saltlake,19,South District,,https://parivesh.nic.in/dms/okm/downloadDocument?docTypemappingId=40829&refId=124675280&refType=caf&uuid=1bde2a0d-f347-412e-b416-b9dcf5810943&version=1.0,261140,https://parivesh.nic.in/newupgrade/#/report/ec?proposalId=124677141,896.0,896.0
125005995,"The project ""Construction of road from Lingay to Chewabhanjyang under Dentarn Sub-Division in Sikkim"" intends to. strengthen the connectivity (Lingay to Chewabhanjyang).The project focuses to improve the socio-economic conditions of people residing in and around Lingay and also serves as an alternative connectivity route to SSB based at Chewa and nearby areas.",New,FP/SK/ROAD/534203/2025,2025-04-17T05:31:21.128+00:00,,Pending on UA for Compensatory Levies Payment,3.6138,117.493,Public Works Department,,Forest clearance form,,,,"Construction of Road from Lingay to Chiwabhangyang, Dentam, Geylshing Division by Roads and Bridges Department, Government of Sikkim",SIKKIM,Gyalshing,Dentam,,,0,Linear,1.388,2.2258,3.6138,0.0,0.0,0.0,0.0,0.0,0,0,0,Not applicable as the project or activity is site specific,,NO,NO,NO,2025-04-17T05:57:58.330+00:00,,,Degraded Forest Land,true,"Road and Bridge Department, PWD, Zero Point, NH 31A, Gangtok, Sikkim",Gangtok,11,State Government (Department/Autonomous body),Secretary,Gangtok,11,West District,0,https://parivesh.nic.in/dms/okm/downloadDocument?docTypemappingId=40829&refId=124856188&refType=caf&uuid=47abc769-c7c5-4cdf-884f-f3eafb53b7f5&version=1.0;https://parivesh.nic.in/dms/okm/downloadDocument?docTypemappingId=58989&refId=124856188&refType=FC&uuid=6c16f105-d069-4df4-9d8f-d9392644e7f0&version=1.0,261032,https://parivesh.nic.in/newupgrade/#/report/ec?proposalId=125005995,0.0,2280.0
125829892,"The selection of Upper Dhapper, Yangang, Namchi District for this project is strategic due to its proximity to existing project i.e Passenger Ropeway from Dhapper to Bhaleydhunga and ongoing Skywalk Project at Bhaleydhunga.

Yangang is being developed as one of the prominent Tourist attractions to explore natural beauty of Sikkim. The already operational Passenger Ropeway and upcoming Skywalk project shall lift Yangang into the major tourism destination in the world tourism map. Hence, to manage the growing traffic, parking must be upgraded and the same area shall provide a platform for showcasing the local Culture and Tradition and shall boost Rural Population by means of providing employment and selling of local products.",New,FP/SK/OTHERS/535765/2025,2025-04-29T10:11:47.724+00:00,,REMOVED,2.5,7000.0,TOURISM AND CIVIL AVIATION DEPARTMENT GOVERNMENT OF SIKKIM,,Forest clearance form,,,,"Diversion of Forest land at Upper Dhapper Yangang for the project “Development of Parking and Community Service Area at Upper Dhapper, Yangang under Namchi District” by Tourism & Civil Aviation Department, Govt. of Sikkim",SIKKIM,Ravong,Yangyang,,,2.5,Non - Linear,0.0,2.5,2.5,0.0,0.0,0.0,0.0,0.0,0,0,0,Not applicable as the project or activity is site specific,,NO,NO,NO,2025-04-29T10:28:35.553+00:00,,,Degraded Forest Land,true,"Namchi Municipal Office Building Namchi Sub-Division
Tourism and Civil Aviation Department",Namchi,11,State Government (Department/Autonomous body),Secretary,Tadong Gangtok,11,South District,2.5,https://parivesh.nic.in/dms/okm/downloadDocument?docTypemappingId=40829&refId=125820952&refType=caf&uuid=8d21fd03-be1b-4833-ae6f-956de2577c60&version=1.0;https://parivesh.nic.in/dms/okm/downloadDocument?docTypemappingId=58989&refId=125820952&refType=FC&uuid=71869da7-423d-48e3-bb00-3e6552dac4fd&version=1.0,261243,https://parivesh.nic.in/newupgrade/#/report/ec?proposalId=125829892,0.0,548230.0
126099800,"The construction of Sevok-Rangpo New Broad Gauge Railway Project by Ministry of Railways, Government of India, is under fast
progress with the aim of completing the Project by the end of December 2025. The IRCON on behalf of Ministry of Railyays, is constructing their own sub-station in Khanikhola, Majhitar having a total capacity of 20MVA. In this regard, the DGM, IRCON have
submitted a letter to Power Department, Government of sikkim, regarding requirement of 132kV D/C Power supply to their 132kV
sub-station. The requirement of the power supply to the Railway switchyard at Khanikhola can be meet up only by constructing a
new 132kV D/C Transmission Line from Samardong (Chalamthang) along with the construction of two numbers of new Gas Insulated Sub-station (GIS) outgoing bays",New,FP/SK/PWR_TRANS/536168/2025,2025-05-02T07:47:17.059+00:00,,Pending at DFO For Compliance Review,10.1844,1836.0,Power Department,,Forest clearance form,,,,"Diversion of Forest Land for the work “Construction of 132kv D/C Transmission Line from Samardong (Chalamthang) to Railway Station Yard at Khanikhola, Majitar along with 132 kv GIS Bay Extension, (Package I: Construction of 132kv D/C Transmission Line)’’ is Proposed on priority having a surveyed Length of 3.772 Km under Pakyong District by Power Department, Govt. of Sikkim",SIKKIM,Pakyong,Pakyong Forest Block,,,0,Linear,0.5535,9.6309,10.1844,0.0,0.0,0.0,0.0,0.0,0,0,0,Not applicable as the project or activity is site specific,,NO,NO,NO,2025-05-02T08:14:39.592+00:00,,https://parivesh.nic.in/dms/okm/downloadDocument?docTypemappingId=59020&refId=126099799&refType=fc&uuid=9d38eaef-bc83-4ed9-bb4d-7f14c026ce5d&version=1.0,Degraded Forest Land,true,"Power Department, Kazi Road, Gangtok",Gangtok,11,State Government (Department/Autonomous body),Executive Engineer,Gangtok,11,East District,0,https://parivesh.nic.in/dms/okm/downloadDocument?docTypemappingId=40829&refId=126097069&refType=caf&uuid=4969f535-0f6f-4206-b845-633370e807f3&version=1.3;https://parivesh.nic.in/dms/okm/downloadDocument?docTypemappingId=58989&refId=126097069&refType=FC&uuid=9cf702eb-113a-4b8a-a0bb-0fc22d1d178e&version=1.1,261355,https://parivesh.nic.in/newupgrade/#/report/ec?proposalId=126099800,71631.0,71631.0
126896217,"The Sikkim Integrated Urban Development Project includes development of Water Supply System in Rangpo. One of the subcomponents of the project includes construction of one Water Treatment Plant with the capacity of 6 MLD at Mining (27°11ʹ05ʺ N 88°30ʹ50ʺE). The existing water supply infrastructure scheme is not sufficient for catering the water supply requirement. At present, the residents of Rangpo are dependent on various small surface water source, most of which dry during non-monsoon period. During dry period the residents are dependent on perennial sources, resulting into water being supplied for 2 to 3 hours in a rotation period varying from a week to 15 days period.",New,FP/SK/OTHERS/537548/2025,2025-05-14T06:38:59.743+00:00,,DELISTED_BY_SYSTEM,0.4,452.0,Urban Development Department,,Forest clearance form,,,,Sikkim Integrated Urban Development Project,SIKKIM,Pakyong,Pakyong Forest Block,,,,Non - Linear,0.0,0.4,0.4,0.0,0.0,0.0,0.0,0.0,0,0,0,NO,"The proposed site has been carefully selected after evaluating land availability, topography and accessibility.  The proposed site is also in close proximity to Rangpo's urban area where water demand is consistently high.",NO,NO,NO,2025-08-02T18:30:00.000+00:00,,,Degraded Forest Land,true,"Level-5, Kisan Bazar, Lal Market road, Gangtok, Sikkim",,11,State Government (Department/Autonomous body),Urban Planner Expert,,11,East District,,https://parivesh.nic.in/dms/okm/downloadDocument?docTypemappingId=40829&refId=126887047&refType=caf&uuid=4aa006ca-4406-4e52-a654-b0f3cc8a87af&version=1.0;https://parivesh.nic.in/dms/okm/downloadDocument?docTypemappingId=58989&refId=126887047&refType=FC&uuid=f6a883c8-bcb0-472b-818d-ccb3c2c072db&version=1.0,261355,https://parivesh.nic.in/newupgrade/#/report/ec?proposalId=126896217,7330.0,9000.0
127392613,"The Sikkim Integrated Urban Development Project includes development of Sewage Treatment Plant in Singtam. The project includes 458 sewer house connections for the base year 2025, 7.6 km sewerage pipes (200-400mm Dia.), 456 manholes, and one sewage pumping stations (SPS) with pumps of 20 HP. The sewage treatment plant (STP) of 2.5 MLD with fecal sludge co-treatment plant of 1.0 KLD is proposed to be constructed in Singtam (27°13'44.94''N 88°29'33.72""E).",New,FP/SK/OTHERS/538316/2025,2025-05-20T06:45:27.567+00:00,,Pending on UA for Compensatory Levies Payment,0.21,687.0,Urban Development Department,,Forest clearance form,,,,Sikkim Integrated Urban Development Project,SIKKIM,Pakyong,Pakyong Forest Block,,,N/A,Non - Linear,0.0,0.21,0.21,0.0,0.0,0.0,0.0,0.0,0,0,0,NO,"The selected site offers optimal natural slope enabling gravitational flow of sewage thereby making the process more cost-effective and energy-efficient .Proximity to the river ensures that treated wastewater is returned to the ecosystem in a controlled manner, reducing the risk of pollution and protects aquatic life. Incorporating sewage treatment plants near river aligns with urban infrastructure planning, as it allows for centralized treatment of wastewater from surrounding communities.",NO,NO,NO,2025-08-02T18:30:00.000+00:00,,,Degraded Forest Land,false,"Level-5, Kisan Bazar, Lal Market road, Gangtok, Sikkim",,11,State Government (Department/Autonomous body),Urban Planner Expert,,11,East District,N/A,https://parivesh.nic.in/dms/okm/downloadDocument?docTypemappingId=40829&refId=127385572&refType=caf&uuid=034cfb6b-aaf3-4a3d-8cf0-39e4b7dbd80a&version=1.0;https://parivesh.nic.in/dms/okm/downloadDocument?docTypemappingId=58989&refId=127385572&refType=FC&uuid=65a0568c-44eb-418e-87c2-ca978d5334a6&version=1.0,261355,https://parivesh.nic.in/newupgrade/#/report/ec?proposalId=127392613,2930.0,9000.0
127442500,"Construction of new road from Ben Issithang to Lakhim by Roads and Bridges Department Government of Sikkim under Rabong Territorial Range, Namchi Division",New,FP/SK/ROAD/538398/2025,2025-05-20T11:10:55.399+00:00,,Pending at DFO for Compensatory Levies,1.2,179.115,Public Works Department,,Forest clearance form,,,,"Diversion of forest land for construction of new road from Ben Issithang to Lakhim by R&B Deptt. Gos under Rabong Range, Namchi Division",SIKKIM,Namchi,Ben,,,0,Linear,0.222,0.978,1.2,0.0,0.0,0.0,0.0,0.0,0,0,0,Not applicable as the project or activity is site specific,,NO,NO,NO,2025-07-24T18:30:00.000+00:00,,,Degraded Forest Land,true,"Road and Bridges Department, PWD, Namchi , Sikkim",Namchi,11,State Government (Department/Autonomous body),Divisional Engineer,Namchi,11,South District,0,https://parivesh.nic.in/dms/okm/downloadDocument?docTypemappingId=40829&refId=127438912&refType=caf&uuid=2f6cb8b4-98ae-415d-b38b-c6933c2a5939&version=1.0;https://parivesh.nic.in/dms/okm/downloadDocument?docTypemappingId=58989&refId=127438912&refType=FC&uuid=60031a57-3561-4c47-af58-6d0691b13bc2&version=1.2,261246,https://parivesh.nic.in/newupgrade/#/report/ec?proposalId=127442500,0.0,1000.0
127974447,"Diversion of forest land of 0.0392 ha for laying of pipeline and construction of water tank from Seti Khola to Agricultural Engineering College in Ranipool, Gangtok District of Sikkim by College of Agricultural Engineering  and Post Harvest Technology, Government  of India.",New,FP/SK/WATER/539081/2025,2025-05-26T07:46:38.948+00:00,,DELISTED_BY_SYSTEM,0.0392,11.14,Department of Agriculture & Farmers Welfare,,Forest clearance form,,,,"Diversion of forest land of 0.0392 ha for laying of pipeline and construction of water tank from Seti Khola to Agricultural Engineering College in Ranipool, Gangtok District of Sikkim by College of Agricultural Engineering  and Post Harvest Technology, Government  of India.",SIKKIM,Gangtok,Naitam,,,0..00,Linear,0.0,0.0392,0.0392,0.0,0.0,0.0,0.0,0.0,0,0,0,NO,NA,NO,NO,NO,2025-05-26T08:36:39.347+00:00,,,Degraded Forest Land,true,"Ranipool, Gangok  Sikkim",Ranipool,11,Central Government (Department/Autonomous body),Junior Engineer,Ranipool,11,East District,0..00,https://parivesh.nic.in/dms/okm/downloadDocument?docTypemappingId=40829&refId=127968918&refType=caf&uuid=52d84b52-cbd6-43c8-89fd-7194e223056c&version=1.0;https://parivesh.nic.in/dms/okm/downloadDocument?docTypemappingId=58989&refId=127968918&refType=FC&uuid=c7c7ec94-011e-4152-ac55-b905e31a35af&version=1.0,261311,https://parivesh.nic.in/newupgrade/#/report/ec?proposalId=127974447,14.0,1.0
128101089,"Diversion of Forest land of 0.0929 ha for construction of Food Godown at Gangyap, Lachen under Mangan District of Sikkim by Food and Civil Supplies  Department, Government of Sikkim.",New,FP/SK/OTHERS/539220/2025,2025-05-27T06:40:00.261+00:00,2025-12-18T09:54:08.153+00:00,Final Diversion Order Issued,0.0929,136.5,Food & Civil Supplies Department,,Forest clearance form,,,,"Diversion of Forest land of 0.0929 ha for construction of Food Godown at Gangyap, Lachen under Mangan District of Sikkim by Food and Civil Supplies  Department, Government of Sikkim.",SIKKIM,Chungthang,Lachen,,,0.00,Non - Linear,0.0,0.0929,0.0929,0.0,0.0,0.0,0.0,0.0,0,0,0,NO,NA,NO,NO,NO,2025-05-28T09:43:20.784+00:00,,,Degraded Forest Land,true,Mangan Sikkim,Lachen,11,State Government (Department/Autonomous body),DCSO,Lachen,11,North  District,0.00,https://parivesh.nic.in/dms/okm/downloadDocument?docTypemappingId=40829&refId=128094452&refType=caf&uuid=f88d3c22-7d3a-402a-aa47-85fd3083bd50&version=1.0;https://parivesh.nic.in/dms/okm/downloadDocument?docTypemappingId=58989&refId=128094452&refType=FC&uuid=4aef30d9-5caa-4e3b-94c7-cbe3aba7e269&version=1.0,260925,https://parivesh.nic.in/newupgrade/#/report/ec?proposalId=128101089,200.0,0.0
129347017,Establishment of BOP Pangola under 69 Bn. SSB. Pakyong (Sikkim),New,WL/SK/DEF/540512/2025,2025-06-06T06:52:11.071+00:00,,,0.99,170.0,69TH BN SSB RHENOCK,,Wildlife clearance form,,,,Diversion of 0.99 Hectare forest land for establishment of Border Out Post at Pangola under Pangolakha Wild Life Sanctuary North Range in r/o 69 BN. SSB. Pakyong (Sikkim).,SIKKIM,Gangtok,NA,,,,Non - Linear,0.0,0.99,0.99,0.0,0.0,0.0,0.0,0.0,0,0,0,NO,Sufficient,NO,NO,NO,2025-06-06T07:11:59.187+00:00,,,,,,,,,,,,Gangtok,,https://parivesh.nic.in/dms/okm/downloadDocument?docTypemappingId=40829&refId=129062920&refType=caf&uuid=7c8d1706-8f65-4e4b-9cd8-9ba18f36277d&version=1.0,"",https://parivesh.nic.in/newupgrade/#/report/ec?proposalId=129347017,30.0,45.0
129793332,"Construction of 132 Kv D/C Transmission line from Samardong (Chalamthang) to Railway Stattion yard at Khani khola, Mazitar along with 132 Kv GIS Bay Extension (Package I: Construction of 132 Kv D/C Transmission line) is proposed on priority having a surveyed length of 2.528 Km under Namchi District by Power Department, Govt. of Sikkim",New,FP/SK/PWR_TRANS/541135/2025,2025-06-12T07:00:23.117+00:00,,Pending at PP due to EDS by DFO,6.8256,6868.0,Power Department,,Forest clearance form,,,,"Diversion of forest land for construction of 132 Kv D/C Transmission line from Samardong (Chalamthang) to Railway Stattion yard at Khani khola, Mazitar along with 132 Kv GIS Bay Extension (Package I: Construction of 132 Kv D/C Transmission line) is proposed on priority having a surveyed length of 2.528 Km under Namchi District by Power Department, Govt. of Sikkim",SIKKIM,Namchi,Namthang Forest Block,,,229/P,Linear,4.0608,2.7648,6.8256,0.0,0.0,0.0,0.0,0.0,0,0,0,Not applicable as the project or activity is site specific,,NO,NO,NO,2025-06-12T07:52:10.925+00:00,,,Degraded Forest Land,true,"Power Department, Kazi Road, Gangtok",Gangtok,11,State Government (Department/Autonomous body),Executive Engineer,Gangtok,11,South District,229/P,https://parivesh.nic.in/dms/okm/downloadDocument?docTypemappingId=40829&refId=129785308&refType=caf&uuid=10950afd-d091-4ca9-8fc6-7f79b3faa26e&version=1.0;https://parivesh.nic.in/dms/okm/downloadDocument?docTypemappingId=58989&refId=129785308&refType=FC&uuid=a7b7ccec-e914-4736-879a-e5b61970c177&version=1.0,261201,https://parivesh.nic.in/newupgrade/#/report/ec?proposalId=129793332,0.0,32616.0
129816516,"Hydroelectric Project on River Teesta with the barrage located at Sirwani, Dist.:Gangtok and the power house at village Thalthaley, Pamphok, Dist.: Namchi in the State of Sikkim",New,IA/SK/RIV/541174/2025,2025-06-12T09:52:54.389+00:00,2025-10-27T11:27:11.051+00:00,Granted,166.4803,5.74804,NHPC LIMITED,,Application for Transfer of EC- Form-7,OTHER,A,,Teesta - VI HE Project,SIKKIM,Namchi,Aifaltar,J-  12011/55/2006-IA.I,,,Non - Linear,44.2608,122.2195,166.4803,0.0,0.0,0.0,0.0,0.0,11,0,111,YES,,NO,NO,NO,2025-06-12T10:39:03.135+00:00,,,,,"NHPC OFFICE COMPLEX, SECTOR - 33","",6,"Central PSU (eg. NHAI, AAI, NTP, CIL, SAIL)",General Manager (Env.),"",6,South District,,https://parivesh.nic.in/dms/okm/downloadDocument?docTypemappingId=40828&refId=129084761&refType=caf&uuid=a8637553-a7fa-4160-98bd-8192c075b583&version=1.0;https://parivesh.nic.in/dms/okm/downloadDocument?docTypemappingId=40829&refId=129084761&refType=caf&uuid=17f3d4ae-e38e-4670-aacb-a13ed3bdf991&version=1.0;https://parivesh.nic.in/dms/okm/downloadDocument?docTypemappingId=40828&refId=129084761&refType=caf&uuid=2156aa60-60fc-44a9-a9ba-ef868316b207&version=1.0;https://parivesh.nic.in/dms/okm/downloadDocument?docTypemappingId=40828&refId=129084761&refType=caf&uuid=e5af58b8-b949-4fb6-9fa4-27f5f7b3f20e&version=1.0;https://parivesh.nic.in/dms/okm/downloadDocument?docTypemappingId=40828&refId=129084761&refType=caf&uuid=2a5f2fca-de06-4970-a280-f99fb8ba4fca&version=1.0;https://parivesh.nic.in/dms/okm/downloadDocument?docTypemappingId=40828&refId=129084761&refType=caf&uuid=d756cfe6-f9fe-418a-818a-424e01de7766&version=1.0;https://parivesh.nic.in/dms/okm/downloadDocument?docTypemappingId=40828&refId=129084761&refType=caf&uuid=c75ffaad-3813-4975-acd1-004cd58257e8&version=1.0,,https://parivesh.nic.in/newupgrade/#/report/ec?proposalId=129816516,251758.0,2730000.0
130127138,"Construction of forest land for laying of pipeline for Kangchendzonga State University at Tarku, Namchi Division by Education Department, Govt. of Sikkim.",New,FP/SK/Pipeline/541742/2025,2025-06-17T09:50:57.577+00:00,,DELISTED_BY_SYSTEM,0.2207,201.798,"Education Department, Government of Sikkim",,Forest clearance form,,,,"Diversion of forest land for laying of pipeline for Kangchendzonga State University at Tarku, Namchi Division by Education Department, Govt. of Sikkim.",SIKKIM,Namchi,Tarku,,,0,Linear,0.0,0.2207,0.2207,0.0,0.0,0.0,0.0,0.0,0,0,0,Not applicable as the project or activity is site specific,,NO,NO,NO,2025-08-18T18:30:00.000+00:00,,,Degraded Forest Land,true,"Tashiling Secretariat, Secretariat Road, Gangtok Sikkim",Gangtok,11,State Government (Department/Autonomous body),Assistant Engineer,Gangtok,11,South District,0,https://parivesh.nic.in/dms/okm/downloadDocument?docTypemappingId=40829&refId=130124581&refType=caf&uuid=6bf66332-d899-4182-9809-3673265be71a&version=1.0;https://parivesh.nic.in/dms/okm/downloadDocument?docTypemappingId=58989&refId=130124581&refType=FC&uuid=3117ec6f-60eb-4f88-8c05-a2df0d5ec0f3&version=1.0,261184,https://parivesh.nic.in/newupgrade/#/report/ec?proposalId=130127138,0.0,47.0
130217851,"Laying under ground electrical cable from Hatticheray to Mulkharka SSB Camp under Panglokha Wildlife Sanctuary, Pakyong District",New,WL/SK/Others/541931/2025,2025-06-18T10:53:59.463+00:00,,,0.0742,127.32,Power Department,,Wildlife clearance form,,,,"Diversion of forest land (WL) for Laying under ground electrical cable from Hatticheray to Mulkharka SSB Camp under Panglokha Wildlife Sanctuary, Pakyong District",SIKKIM,Rongli,Aritar,,,0,Linear,0.0,0.0742,0.0742,0.0,0.0,0.0,0.0,0.0,0,0,0,Not applicable as the project or activity is site specific,,NO,NO,NO,2025-06-18T11:08:17.062+00:00,,,,,,,,,,,,East District,0,https://parivesh.nic.in/dms/okm/downloadDocument?docTypemappingId=40829&refId=130214019&refType=caf&uuid=d8716e7e-84d1-4ace-a712-0a7738ab9687&version=1.0,261372,https://parivesh.nic.in/newupgrade/#/report/ec?proposalId=130217851,0.0,10.0
130295434,"Construction of 11 Kv Transmission line and installation of distribution sub-station at BoPs of 36th & 72nd Bn SSB under Dentam Range, Geylshing Division by Power Department, Govt. of Sikkim",New,WL/SK/Others/542053/2025,2025-06-19T08:37:21.678+00:00,,,3.472,1854.0,"DRAWING OF 11KV LINE AND INSTALLATION OF DISTRIBUTION SUB-STATION AT BOPs OF 36TH & 72ND BN.SSB UNDER DENTAM DIVISION, WEST SIKKIM.",,Wildlife clearance form,,,,"Diversion of forest land for construction of 11 Kv Transmission line and installation of distribution sub-station at BoPs of 36th & 72nd Bn SSB under Dentam Range, Geylshing Division by Power Department, Govt. of Sikkim",SIKKIM,Gyalshing,Sopakha,,,0,Linear,0.0,3.472,3.472,0.0,0.0,0.0,0.0,0.0,0,0,0,Not applicable as the project or activity is site specific,,NO,NO,NO,2025-06-19T09:43:09.425+00:00,,,,,,,,,,,,West District,0,https://parivesh.nic.in/dms/okm/downloadDocument?docTypemappingId=40829&refId=130288810&refType=caf&uuid=49be1065-25e0-4907-9f3c-1699f72f89ac&version=1.1,0,https://parivesh.nic.in/newupgrade/#/report/ec?proposalId=130295434,0.0,500.0
130403848,"The proposed project aims to develop an eco-friendly, community-based Green Arcade near the Passenger Ropeway and Skywalk Project at Bhaleydhunga, Yangang under Namchi District. With the completion of these landmark tourism initiatives, Yangang is poised to emerge as a significant destination on the global tourism map. This rise in footfall opens up vast opportunities for sustainable rural entrepreneurship, local employment generation, Nature and cultural promotion.

The Green Arcade is envisioned as a dedicated space where local artisans, Self Help Groups (SHGs), farmers, and small-scale entrepreneurs can showcase and market their products — including traditional handicrafts, souvenirs, organic produce, handloom items, and local cuisines. The initiative also emphasizes environmental awareness, with specially designed huts that interpret and exhibit the flora and fauna of the Meanam Wildlife Sanctuary.",New,FP/SK/OTHERS/542198/2025,2025-06-20T08:43:04.759+00:00,,REJECTED,2.5,7000.0,TOURISM AND CIVIL AVIATION DEPARTMENT GOVERNMENT OF SIKKIM,,Forest clearance form,,,,"Diversion of forest land for development of Eco-friendly Rural Livelihood Green Arcade at Upper Dhapper, Yangang under Namchi Division by Tourism and Civil Aviation Department, Govt. of Sikkim",SIKKIM,Namchi,Namchi Forest Block,,,00,Non - Linear,0.0,2.5,2.5,0.0,0.0,0.0,0.0,0.0,0,0,0,Not applicable as the project or activity is site specific,,NO,NO,NO,2025-06-20T08:48:59.277+00:00,,,Degraded Forest Land,true,"Namchi Municipal Office Building Namchi Sub-Division
Tourism and Civil Aviation Department",Namchi,11,State Government (Department/Autonomous body),Secretary,Gangtok,11,South District,00,https://parivesh.nic.in/dms/okm/downloadDocument?docTypemappingId=40829&refId=130402957&refType=caf&uuid=e0dfbed3-67d9-48ed-9bb5-a8a2d9f10c9e&version=1.2;https://parivesh.nic.in/dms/okm/downloadDocument?docTypemappingId=58989&refId=130402957&refType=FC&uuid=e17b782e-775c-48be-a818-f429f14a359d&version=1.0,261197,https://parivesh.nic.in/newupgrade/#/report/ec?proposalId=130403848,0.0,546211.0
131260025,"Hydroelectric Project on River Teesta with the barrage located at Sirwani, Dist.:Gangtok and the power house at village Thalthaley, Pamphok, Dist.: Namchi in the State of Sikkim",New,FP/SK/HYD/IRRIG/543387/2025,2025-07-02T04:38:03.811+00:00,,DELISTED_BY_SYSTEM,166.4803,5.74804,NHPC LIMITED,,Form-F: Application for Transfer of Lease/Change in User Agency Name,,,,Teesta - VI HE Project,SIKKIM,Namchi,Aifaltar,,,,Non - Linear,44.2608,122.2195,166.4803,0.0,0.0,0.0,0.0,0.0,11,0,111,YES,,NO,NO,NO,2025-08-31T18:30:00.000+00:00,,,,,"NHPC OFFICE COMPLEX, SECTOR - 33","",6,"Central PSU (eg. NHAI, AAI, NTP, CIL, SAIL)",General Manager (Env.),"",6,South District,,https://parivesh.nic.in/dms/okm/downloadDocument?docTypemappingId=40828&refId=129084761&refType=caf&uuid=a8637553-a7fa-4160-98bd-8192c075b583&version=1.0;https://parivesh.nic.in/dms/okm/downloadDocument?docTypemappingId=40829&refId=129084761&refType=caf&uuid=17f3d4ae-e38e-4670-aacb-a13ed3bdf991&version=1.0;https://parivesh.nic.in/dms/okm/downloadDocument?docTypemappingId=40828&refId=129084761&refType=caf&uuid=2156aa60-60fc-44a9-a9ba-ef868316b207&version=1.0;https://parivesh.nic.in/dms/okm/downloadDocument?docTypemappingId=40828&refId=129084761&refType=caf&uuid=e5af58b8-b949-4fb6-9fa4-27f5f7b3f20e&version=1.0;https://parivesh.nic.in/dms/okm/downloadDocument?docTypemappingId=40828&refId=129084761&refType=caf&uuid=2a5f2fca-de06-4970-a280-f99fb8ba4fca&version=1.0;https://parivesh.nic.in/dms/okm/downloadDocument?docTypemappingId=40828&refId=129084761&refType=caf&uuid=d756cfe6-f9fe-418a-818a-424e01de7766&version=1.0;https://parivesh.nic.in/dms/okm/downloadDocument?docTypemappingId=40828&refId=129084761&refType=caf&uuid=c75ffaad-3813-4975-acd1-004cd58257e8&version=1.0,,https://parivesh.nic.in/newupgrade/#/report/ec?proposalId=131260025,251758.0,2730000.0
131266086,"Hydroelectric Project on River Teesta with the barrage located at Sirwani, Dist.:Gangtok and the power house at village Thalthaley, Pamphok, Dist.: Namchi in the State of Sikkim",New,FP/SK/HYD/IRRIG/543402/2025,2025-07-02T05:46:45.265+00:00,,DELISTED_BY_SYSTEM,166.4803,5.74804,NHPC LIMITED,,Form-F: Application for Transfer of Lease/Change in User Agency Name,,,,Teesta - VI HE Project,SIKKIM,Gangtok,Byang,,,,Non - Linear,44.2608,122.2195,166.4803,0.0,0.0,0.0,0.0,0.0,11,0,111,YES,,NO,NO,NO,2025-07-02T05:48:49.630+00:00,,,,,"NHPC OFFICE COMPLEX, SECTOR - 33","",6,"Central PSU (eg. NHAI, AAI, NTP, CIL, SAIL)",General Manager (Env.),"",6,East District,,https://parivesh.nic.in/dms/okm/downloadDocument?docTypemappingId=40828&refId=129084761&refType=caf&uuid=a8637553-a7fa-4160-98bd-8192c075b583&version=1.0;https://parivesh.nic.in/dms/okm/downloadDocument?docTypemappingId=40829&refId=129084761&refType=caf&uuid=17f3d4ae-e38e-4670-aacb-a13ed3bdf991&version=1.0;https://parivesh.nic.in/dms/okm/downloadDocument?docTypemappingId=40828&refId=129084761&refType=caf&uuid=2156aa60-60fc-44a9-a9ba-ef868316b207&version=1.0;https://parivesh.nic.in/dms/okm/downloadDocument?docTypemappingId=40828&refId=129084761&refType=caf&uuid=e5af58b8-b949-4fb6-9fa4-27f5f7b3f20e&version=1.0;https://parivesh.nic.in/dms/okm/downloadDocument?docTypemappingId=40828&refId=129084761&refType=caf&uuid=2a5f2fca-de06-4970-a280-f99fb8ba4fca&version=1.0;https://parivesh.nic.in/dms/okm/downloadDocument?docTypemappingId=40828&refId=129084761&refType=caf&uuid=d756cfe6-f9fe-418a-818a-424e01de7766&version=1.0;https://parivesh.nic.in/dms/okm/downloadDocument?docTypemappingId=40828&refId=129084761&refType=caf&uuid=c75ffaad-3813-4975-acd1-004cd58257e8&version=1.0,,https://parivesh.nic.in/newupgrade/#/report/ec?proposalId=131266086,251758.0,2730000.0
131369459,"At present, villagers of Temi Block are using dump pits to collect the plastic waste or are simply burning the waste. The dry waste and wet waste are carried by recovery vehicle on timely basis from collection point where people directly bring their waste. This is transported to landfill Sipshu near Jorethang, Sikkim. The wet waste can be easily composted and as such there are suitable areas within the village for composting. However, the plastic and other dry waste have become a burden even when delivered at landfill. Hence, under the flagship scheme of Government of India, this proposal envisages to manage the plastic and other dry waste within the block/village as a primary step in waste management. Such materials will be identified, segregated and forwarded to various other units as per the material generated. The proposed structure is a single storey RC structure with GCI roof of size 794SFT(34.52'x23') BUA and a toilet of 54(9'x6') SFT BUA.",New,FP/SK/OTHERS/543560/2025,2025-07-03T06:26:27.852+00:00,,DELISTED_BY_SYSTEM,0.0278,16.0,ROSHAN RAI,,Forest clearance form,,,,Construction of plastic waste management unit under Temi block district Namchi Sikkim,SIKKIM,Namchi,Doring,,,0000,Linear,0.0,0.0278,0.0278,0.0,0.0,0.0,0.0,0.0,0,0,0,NO,The alternative site was not available because of problem in acquiring land and non - availability of approach road to the site.,NO,NO,NO,2025-09-09T18:30:00.000+00:00,,,Degraded Forest Land,true,"BAC, TEMI TARKU",Temi,11,Individual,Block Development Officer,Temi,11,South District,0000,https://parivesh.nic.in/dms/okm/downloadDocument?docTypemappingId=40829&refId=130029379&refType=caf&uuid=fdacac1d-46d5-44f7-a8fd-ab7f9cd6f4b0&version=1.2;https://parivesh.nic.in/dms/okm/downloadDocument?docTypemappingId=58989&refId=130029379&refType=FC&uuid=d4afb69f-f69d-46bd-8e01-c6334b1f275c&version=1.0,261187,https://parivesh.nic.in/newupgrade/#/report/ec?proposalId=131369459,516.0,1855.0
131537948,"The proposed Relli Chu–II Hydro Electric Project (HEP) is located along the Relli Chu–II stream, whose catchment area upstream of the diversion structure predominantly consists of forest land. The project is based on a run-of-the-river principle, ensuring that the natural course of the stream is preserved and that water is returned to the khad after power generation without affecting its ecological balance.
Due to the topographical, geological, and hydrological characteristics of the region, no other technically or economically viable alternative location outside forest land exists for the development of this project. Accordingly, essential project components such as the Trench Weir, Intake Structure, Feeder Channel, Collection Chamber with Spillway, Head Race Pipe, Aqueduct, D-Tank, Head Race Tunnel, Surge Shaft, Penstock Line, Power House, Tail Race Channel (TRC), and Muck Dumping Sites are located within forest land under the administrative jurisdiction of the West (T) Div., West SK",New,FP/SK/HYD/IRRIG/543856/2025,2025-07-05T09:34:04.033+00:00,2026-03-30T04:11:34.251+00:00,Final Diversion Order Issued,9.5828,22554.0,KUNDAN HYDRO (GANGTOK)  PRIVATE LIMITED,,Forest clearance form,,,,Rellichu-II HEP,SIKKIM,Gyalshing,Kongri,,,8.8026,Hybrid,0.7802,8.8026,9.5828,0.0,0.0,0.0,0.0,0.0,0,0,0,Not applicable as the project or activity is site specific,,NO,NO,NO,2025-08-12T18:30:00.000+00:00,,,Degraded Forest Land,true,"LOWER LAGYAP, POWER HOUSE HEP NEAR JALIPOOL",,11,Private Limited,DIRECTOR,,11,West District,8.8026,https://parivesh.nic.in/dms/okm/downloadDocument?docTypemappingId=40829&refId=131522489&refType=caf&uuid=221f7f33-6942-48e9-89d7-62c77f5aa6c3&version=1.0;https://parivesh.nic.in/dms/okm/downloadDocument?docTypemappingId=58989&refId=131522489&refType=FC&uuid=4ed06956-c22b-449a-aa17-df0c2bcabc8f&version=1.0,0,https://parivesh.nic.in/newupgrade/#/report/ec?proposalId=131537948,730.0,9125.0
132400242,"Dentam has unique shape of the valley, which resembles the outline of India, this area to be refreshing escape from the hustle and bustle of city life. The area in around village has all kind of tourist facilities including the hotels and home stay ranging from the low budget tourist guest to middle, high standard resort including Sikkim's food, verity shops landscape etc.
Therefore, in order to facilitates the tourist, the state Government is desired to have a wayside amenity along Kaluk-Dentam Road, from where the visitors can enjoy views of Dentam Valley and its surrounding. This place is located in Gurashey Dara lies in between Kaluk and Dentam Road.",New,FP/SK/OTHERS/545391/2025,2025-07-19T09:06:56.904+00:00,,Pending at DFO for Compensatory Levies,0.0464,16746.0,Tourism and Civil Aviation Department,,Forest clearance form,,,,"Construction of wayside amenity at Gurashey Dara, Kaluk Dentam Road, Gyalshing District, Sikkim",SIKKIM,Gyalshing,Sangkhu,,,,Linear,0.0,0.0464,0.0464,0.0,0.0,0.0,0.0,0.0,0,0,0,Not applicable as the project or activity is site specific,,NO,NO,NO,2025-07-22T07:42:50.625+00:00,,,Degraded Forest Land,true,"Paryatan Bhawan, Metro Point Gangtok",,11,State Government (Department/Autonomous body),Divisional Engineer,,11,West District,,https://parivesh.nic.in/dms/okm/downloadDocument?docTypemappingId=40829&refId=132185753&refType=caf&uuid=637d512d-c6d3-46a8-859d-1cffb7cf84d8&version=1.0;https://parivesh.nic.in/dms/okm/downloadDocument?docTypemappingId=58989&refId=132185753&refType=FC&uuid=064cc5f8-c472-48a7-9c5d-81e7a8477c64&version=1.0,261033,https://parivesh.nic.in/newupgrade/#/report/ec?proposalId=132400242,10836.0,2.0
132872612,Water supply scheme to Government college situated at Rhenock.,New,WL/SK/DRKWATER/546136/2025,2025-07-26T15:20:46.676+00:00,,,1.1793,21.00423,PUBLIC HEALTH ENGINEERING DEPARTMENT,,Wildlife clearance form,,,,Repair and extension of water supply to Rhenock Government College at Pakyong District.,SIKKIM,Rongli,Changeylakha,,,,Hybrid,0.905,0.2743,1.1793,0.0,0.0,0.0,0.0,0.0,0,0,0,Not applicable as the project or activity is site specific,,NO,NO,NO,2025-07-29T10:22:34.810+00:00,,,,,,,,,,,,East District,,https://parivesh.nic.in/dms/okm/downloadDocument?docTypemappingId=40829&refId=132375342&refType=caf&uuid=214b6c4f-ba97-4d88-a4bc-24a2e42f7849&version=1.0,261366,https://parivesh.nic.in/newupgrade/#/report/ec?proposalId=132872612,1080.0,3650.0
132999225,Water supply scheme to Government college situated at Rhenock.,New,WL/SK/DRKWATER/546399/2025,2025-07-29T08:58:39.927+00:00,,,1.1793,21.00423,PUBLIC HEALTH ENGINEERING DEPARTMENT,,Wildlife clearance form,,,,Repair and extension of water supply to Rhenock Government College at Pakyong District.,SIKKIM,Rongli,Changeylakha,,,,Hybrid,0.905,0.2743,1.1793,0.0,0.0,0.0,0.0,0.0,0,0,0,Not applicable as the project or activity is site specific,,NO,NO,NO,2026-03-05T06:12:45.710+00:00,,,,,,,,,,,,East District,,https://parivesh.nic.in/dms/okm/downloadDocument?docTypemappingId=40829&refId=132375342&refType=caf&uuid=214b6c4f-ba97-4d88-a4bc-24a2e42f7849&version=1.0,261366,https://parivesh.nic.in/newupgrade/#/report/ec?proposalId=132999225,1080.0,3650.0
133227443,The work named construction of road from Temi-Damthang (NH710) to Gangchung village. The new cutting road falls under forest jurisdiction for the same a joint inspection was conducted with forest department which states 1.7016 hectares of land falls under forest area and required forest clearance from Forest Department above mention project is mainly overhauling of the existing road the people of the area mainly depends upon agricultural and horticultural activities for their livelihood as such the road act as the main role for their activities.,New,FP/SK/ROAD/546795/2025,2025-08-01T10:35:56.550+00:00,,Pending on UA for Compensatory Levies Payment,2.4,178.17,Public Works Department,,Forest clearance form,,,,"Diversion of forest land for construction of Road from Temi Damthang Road (NH710) to Ganghung village under Rabong Sub-Division, Namchi District by R&B Deptt. GoS_",SIKKIM,Namchi,Temi,,,1.7016 Ha Temi Block,Linear,0.6984,1.7016,2.4,0.0,0.0,0.0,0.0,0.0,0,0,0,Not applicable as the project or activity is site specific,,NO,NO,NO,2025-09-03T18:30:00.000+00:00,,,Degraded Forest Land,true,"Road and Bridges Department, PWD, Namchi , Sikkim",Namchi,11,State Government (Department/Autonomous body),Divisional Engineer,Namchi,11,South District,1.7016 Ha Temi Block,https://parivesh.nic.in/dms/okm/downloadDocument?docTypemappingId=40829&refId=133224185&refType=caf&uuid=43663f98-ea90-45a1-9627-04b0bbc0e7b8&version=1.0;https://parivesh.nic.in/dms/okm/downloadDocument?docTypemappingId=58989&refId=133224185&refType=FC&uuid=9b00c45b-e3df-45d7-b96e-2da3d5e4cd7e&version=1.0,261183,https://parivesh.nic.in/newupgrade/#/report/ec?proposalId=133227443,0.0,0.0
133369105,"The Government of india acting through the Regional Office (RO) Gangtok Sikkim, National Highways and Infrastructure Development Corporation Limited (NHIDCI), (The ""Authority"") is engaged in the development of National Highways and Highways of National & Strategic importance to the country. As part of this endeavor, the Authority has decided to undertake preparation of DPR and pre construction activities. The project starts at 52+000 KM at the Rangpo in the State of Sikkim on NH-10 and Ends at the 80+000 KM on NH-10 at Ranipool in the State of Sikkim. The Entire Project lies in Pakyong and Gangtok Districts of the State of Sikkim. The project road follows the NH-10 which connect the State Capital Gangtok to the southern Part of the State as well as West Bengal. NH-10 is a National Highway that passes through the Indian state of Sikkim. It is a critical road that connects the capital city of Gangtok to the rest of the country. The highway starts at the Sikkim-West Bengal border.",Expansion,FP/SK/ROAD/546980/2025,2025-08-04T07:49:35.866+00:00,,Pending at REC,42.719,1.382,NATIONAL HIGHWAYS & INFRASTRUCTURE DEVELOPMENT CORPORATION LIMITED,,Forest clearance form,,,,"Widening of existing carriageway into 2 lanes with paved shoulder configuration and Several Slope Protection works, treatment of vulnerable sliding/ sinking zones, Improvement of Safety and sustainable of NH network by incorporating Bypasses, Viaducts Brides Tunnels etc. along NH-10 from Km 52.00 (Rangpo) to Km. 80.00 (Ranipool) in the State of Sikkim",SIKKIM,Pakyong,Namcheybong,,,,Linear,42.719,0.0,42.719,0.0,10.5634,10.5634,82200.0,56000.0,0,0,0,Not applicable as the project or activity is site specific,,NO,NO,NO,2025-08-07T08:05:18.219+00:00,,https://parivesh.nic.in/dms/okm/downloadDocument?docTypemappingId=59020&refId=133369104&refType=fc&uuid=59dafc86-cd84-4a5f-90d8-40dcb7fd8438&version=1.0,Degraded Forest Land,true,"Tower - A, World Trade Centre, Nauroji Nagar, New Delhi",,7,"Central PSU (eg. NHAI, AAI, NTP, CIL, SAIL)",General Manager (Projects),,11,East District,,https://parivesh.nic.in/dms/okm/downloadDocument?docTypemappingId=40829&refId=133362795&refType=caf&uuid=5a427d73-ea0e-44ab-8257-ca7bdb865e99&version=1.0;https://parivesh.nic.in/dms/okm/downloadDocument?docTypemappingId=58989&refId=133362795&refType=FC&uuid=9ac1645a-ea50-4689-9447-afa9b1159a8f&version=1.0;https://parivesh.nic.in/dms/okm/downloadDocument?docTypemappingId=58989&refId=133362795&refType=FC&uuid=6f6ed27f-880b-4f42-9df1-343fc82d4acc&version=1.0,261333,https://parivesh.nic.in/newupgrade/#/report/ec?proposalId=133369105,133362.0,0.0
134311537,To divert the forest land for the ASCON Ph-IV MW site at Pt-3777(0.023 Ha) which is essential to meet the emergent Operational Communication requirement.,New,WL/SK/DEF/548600/2025,2025-08-19T10:13:29.855+00:00,,,0.023,250.0,MINISTRY OF DEFENCE,,Wildlife clearance form,,,,ASCON PH IV MW SITE PT 3777,SIKKIM,Rongli,Phadamchen,,,,Linear,0.0,0.023,0.023,0.0,0.0,0.0,0.0,0.0,0,0,0,Not applicable as the project or activity is site specific,,NO,NO,NO,2025-09-08T08:37:20.874+00:00,,,,,,,,,,,,East District,,https://parivesh.nic.in/dms/okm/downloadDocument?docTypemappingId=40829&refId=134253415&refType=caf&uuid=81f2e646-a9c6-44d3-a345-b4c94f4b5c09&version=1.0,261360,https://parivesh.nic.in/newupgrade/#/report/ec?proposalId=134311537,3707.0,2567.0
134311805,To divert the forest land for the ASCON Ph-IV MW site at Pt-3777(0.023 Ha) which is essential to meet the emergent Operational Communication requirement.,New,WL/SK/DEF/548601/2025,2025-08-19T10:15:00.643+00:00,,,0.023,250.0,MINISTRY OF DEFENCE,,Wildlife clearance form,,,,ASCON PH IV MW SITE PT 3777,SIKKIM,Rongli,Phadamchen,,,,Linear,0.0,0.023,0.023,0.0,0.0,0.0,0.0,0.0,0,0,0,Not applicable as the project or activity is site specific,,NO,NO,NO,2025-08-19T10:38:52.153+00:00,,,,,,,,,,,,East District,,https://parivesh.nic.in/dms/okm/downloadDocument?docTypemappingId=40829&refId=134253415&refType=caf&uuid=81f2e646-a9c6-44d3-a345-b4c94f4b5c09&version=1.0,261360,https://parivesh.nic.in/newupgrade/#/report/ec?proposalId=134311805,3707.0,2567.0
134403453,"Diversion of forest land 0.2000 hectares for construction of office-cum-residential complex for Subsidiary Intelligence Bureau (SIB), under Soreng (T) Range, Soreng District",New,FP/SK/CommPost/548779/2025,2025-08-20T12:39:17.909+00:00,,"Pending at State Secretary due to EDS by MoEFCC, HQ",0.2,400.0,SUBSIDIARY INTELLIGENCE BUREAU GANGTOK,,Forest clearance form,,,,"Diversion of forest land 0.2000 hectares for construction of office-cum-residential complex for Subsidiary Intelligence Bureau (SIB), under Soreng (T) Range, Soreng district",SIKKIM,Soreng,Soreng Forest Block,,,,Non - Linear,0.0,0.2,0.2,0.0,0.0,0.0,0.0,0.0,0,0,0,Not applicable as the project or activity is site specific,,NO,NO,NO,2025-08-29T09:57:28.882+00:00,,,Degraded Forest Land,true,"SIB Office Baluwakhani, Gangtok",Soreng,11,Central Government (Department/Autonomous body),Joint Deputy Director,Soreng,11,West District,,https://parivesh.nic.in/dms/okm/downloadDocument?docTypemappingId=40829&refId=129750291&refType=caf&uuid=18848bb8-9038-4045-ab9d-f31fb7a0d07d&version=1.0;https://parivesh.nic.in/dms/okm/downloadDocument?docTypemappingId=58989&refId=129750291&refType=FC&uuid=47326370-7e10-4f75-98ca-c972f61c4001&version=1.0,261102,https://parivesh.nic.in/newupgrade/#/report/ec?proposalId=134403453,500.0,500.0
135039015,"Diversion of forest land of 0.0083 ha for Augmentation of RWSS from Paley Source to Kagyud Gumpa Phase2 Kagyud Ward, Rawtey Rumtek G.P.U. Rural Development Department, Government of Sikkim.",New,FP/SK/WATER/549444/2025,2025-08-27T06:53:13.170+00:00,,DELISTED_BY_SYSTEM,0.0083,11.73995,"Augmentation of RWSS from Paley source to Kagyud Gumpa under Kagyud ward Rawtey Rumtek GPU, Gangtok District,Sikkim.",,Forest clearance form,,,,"Augmentation of RWSS from Paley Source to Kagyud Gumpa Phase2 Kagyud Ward, Rawtey Rumtek G.P.U.",SIKKIM,Gangtok,Rumtek Forest Block,,,0.00,Non - Linear,0.0,0.0083,0.0083,0.0,0.0,0.0,0.0,0.0,0,0,0,Not applicable as the project or activity is site specific,,NO,NO,NO,2025-11-27T18:30:00.000+00:00,,,Degraded Forest Land,true,Block Administrative Centre Ranka,Rumtek,11,State Government (Department/Autonomous body),Assistant Engineer,Gangtok,11,East District,0.00,https://parivesh.nic.in/dms/okm/downloadDocument?docTypemappingId=40829&refId=135036250&refType=caf&uuid=7b665042-5a81-46cb-833f-e181b8eb7d7b&version=1.0;https://parivesh.nic.in/dms/okm/downloadDocument?docTypemappingId=58989&refId=135036250&refType=FC&uuid=5e2dc54e-ca9e-4532-8d69-6390de4f8037&version=1.0,261323,https://parivesh.nic.in/newupgrade/#/report/ec?proposalId=135039015,7.0,0.0
135183506,"Diversion of forest land of 0.034 ha for construction of  15.24 meter length and 2.5 meter width  steel bridge (pedestrian bridge) over Rani Khola Dovan in lower Barbing by  Rural Development Department, BAC Ranka, Government of Sikkim.",New,FP/SK/OTHERS/549691/2025,2025-08-29T09:10:59.196+00:00,,DELISTED_BY_SYSTEM,0.034,23.286,"Augmentation of RWSS from Paley source to Kagyud Gumpa under Kagyud ward Rawtey Rumtek GPU, Gangtok District,Sikkim.",,Forest clearance form,,,,"Diversion of forest land of 0.034 ha for construction of  15.24 meter length and 2.5 meter width  steel bridge (pedestrian bridge) over Rani Khola Dovan in lower Barbing by  Rural Development Department, BAC Ranka, Government of Sikkim.",SIKKIM,Gangtok,Barbing,,,,Linear,0.0,0.034,0.034,0.0,0.0,0.0,0.0,0.0,0,0,0,NO,Not avilable,NO,NO,NO,2025-08-29T09:54:26.858+00:00,,,Degraded Forest Land,true,Block Administrative Centre Ranka,Ranka,11,State Government (Department/Autonomous body),Assistant Engineer,Ranka,11,East District,,https://parivesh.nic.in/dms/okm/downloadDocument?docTypemappingId=40829&refId=135180279&refType=caf&uuid=886f559a-7eff-401e-80a5-d4162fe48685&version=1.0;https://parivesh.nic.in/dms/okm/downloadDocument?docTypemappingId=58989&refId=135180279&refType=FC&uuid=c802099c-2f5d-4ef0-98eb-635adaf50dde&version=1.0,261296,https://parivesh.nic.in/newupgrade/#/report/ec?proposalId=135183506,10.0,0.0
136223317,Development of public amenities at Kanchenjunga viewpoint in Gangtok by Tourism & Civil Aviation Deptt. GoS,New,FP/SK/OTHERS/551514/2025,2025-09-13T10:01:42.573+00:00,,REMOVED,2.8738,26000.0,Tourism and Civil Aviation Department,,Forest clearance form,,,,Diversion of forest land for development of public amenities at Kanchenjunga viewpoint in Gangtok by Tourism & Civil Aviation Deptt. GoS,SIKKIM,Gangtok,Gangtok Forest Block,,,"Bulbuley, Gangtok",Hybrid,0.0,2.8738,2.8738,0.0,0.0,0.0,0.0,0.0,0,0,0,Not applicable as the project or activity is site specific,,NO,NO,NO,2025-10-08T18:30:00.000+00:00,,,Degraded Forest Land,true,"Paryatan Bhawan, Metro Point Gangtok",Gangtok,11,State Government (Department/Autonomous body),Divisional Engineer,Gangtok,11,East District,"Bulbuley, Gangtok",https://parivesh.nic.in/dms/okm/downloadDocument?docTypemappingId=40829&refId=136113565&refType=caf&uuid=5a14cc02-c11d-47c7-b3e3-75265ad1336b&version=1.0;https://parivesh.nic.in/dms/okm/downloadDocument?docTypemappingId=58989&refId=136113565&refType=FC&uuid=f6953017-904a-4e51-8e92-4c8845339f0a&version=1.0,261321,https://parivesh.nic.in/newupgrade/#/report/ec?proposalId=136223317,0.0,380000.0
136230466,Akkar to Zoom under Soreng District,New,FP/SK/ROAD/551538/2025,2025-09-13T12:03:37.965+00:00,,Pending at PP due to EDS by DFO,1.488,850.0,"Highway Tunnels, Roads & Bridges Department, Government Of Sikkim",,Forest clearance form,,,,"Diversion of forest land for Strengthening, Carpeting and Drainage work at Akkar to Zoom under Soreng District by R&B Deptt, Gos",SIKKIM,Soreng,Zoom,,,0,Linear,0.0,1.488,1.488,0.0,0.0,0.0,0.0,0.0,0,0,0,Not applicable as the project or activity is site specific,,NO,NO,NO,2025-09-25T18:30:00.000+00:00,,,Degraded Forest Land,true,"Office of Highway Tunnel, Roads & Bridges Department, Govt. Of Sikkim, Deorali.",,11,State Government (Department/Autonomous body),JE,,11,West District,0,https://parivesh.nic.in/dms/okm/downloadDocument?docTypemappingId=40829&refId=136230137&refType=caf&uuid=607b7742-af74-4586-9290-707e452a24bd&version=1.0;https://parivesh.nic.in/dms/okm/downloadDocument?docTypemappingId=58989&refId=136230137&refType=FC&uuid=c42b9bba-ee8d-453f-9d73-758babd8a06b&version=1.0,261099,https://parivesh.nic.in/newupgrade/#/report/ec?proposalId=136230466,0.0,7560.0
136376402,CONSTRUCTION OF UNDER GROUND SIGNAL CENTRE AT KUPUP (0.018Ha) WHICH IS ESSENTIALTO MEET THE EMERGENT OPERATIONAL COMMUNICATION REQUIRNMENT.,New,WL/SK/DEF/551811/2025,2025-09-16T10:24:07.044+00:00,,,0.018,250.0,MINISTRY OF DEFENCE,,Wildlife clearance form,,,,UNDER GROUND SIGNAL CENTRE AT KUPUP,SIKKIM,Pakyong,Pakyong Forest Block,,,Kupup,Linear,0.0,0.018,0.018,0.0,0.0,0.0,0.0,0.0,0,0,0,Not applicable as the project or activity is site specific,,NO,NO,NO,2025-09-16T11:24:53.469+00:00,,,,,,,,,,,,East District,Kupup,https://parivesh.nic.in/dms/okm/downloadDocument?docTypemappingId=40829&refId=134305916&refType=caf&uuid=ba65d696-a7d0-493d-ab39-291bfe525f3a&version=1.0,261355,https://parivesh.nic.in/newupgrade/#/report/ec?proposalId=136376402,11010.0,9155.0
136918665,"Diversion of forest land of 0.8508 ha for construction of road from  Lingkhimtar to Tarkhola N.H.P.C H.E.P including 4 Nos. of steel bridge in Namchi District of Sikkim by Roads and Bridges Department, Government of  Sikkim.",New,FP/SK/ROAD/552972/2025,2025-09-24T10:04:23.011+00:00,,DELISTED_BY_SYSTEM,0.8508,4527.62,Public Works Department,,Forest clearance form,,,,"Diversion of forest land of 0.8508 ha for construction of road from  Lingkhimtar to Tarkhola N.H.P.C H.E.P including 4 Nos. of steel bridge in Namchi District of Sikkim by Roads and Bridges Department, Government of  Sikkim.",SIKKIM,Namchi,Turung,,,0.00,Linear,0.0,0.8508,0.8508,0.0,0.0,0.0,0.0,0.0,0,0,0,NO,NA,NO,NO,NO,2025-09-24T10:25:19.913+00:00,,,Degraded Forest Land,true,"Road and Bridges Department, PWD, Namchi , Sikkim",Gangtok,11,State Government (Department/Autonomous body),Divisional Engineer,Namchi,11,South District,0.00,https://parivesh.nic.in/dms/okm/downloadDocument?docTypemappingId=40829&refId=136912728&refType=caf&uuid=54bdf290-f754-4a48-9527-6f56d4350381&version=1.0;https://parivesh.nic.in/dms/okm/downloadDocument?docTypemappingId=58989&refId=136912728&refType=FC&uuid=85e5a976-ede7-4a32-92ca-b6fe42b0af73&version=1.0,261191,https://parivesh.nic.in/newupgrade/#/report/ec?proposalId=136918665,2400.0,0.0
137602522,"Diversion of 3.24 Ha of forest land for construction of RCR from Laven village to Sakyong village under VVP works, PMGSY by RDD in North Sikkim",New,FP/SK/ROAD/554269/2025,2025-10-07T06:55:17.774+00:00,,Pending at PP due to EDS by DFO,10.945,2326.35,RMDD,,Forest clearance form,,,,RCR from Laven to Sakyong,SIKKIM,Mangan,Barfok,,,,Linear,7.705,3.24,10.945,0.0,0.0,0.0,0.0,0.0,0,0,0,Not applicable as the project or activity is site specific,,NO,NO,NO,2025-10-07T07:15:06.435+00:00,,,Degraded Forest Land,true,"NDZP,Mangan North Sikkim",Mangan,11,State Government (Department/Autonomous body),Secretary,,11,North  District,,https://parivesh.nic.in/dms/okm/downloadDocument?docTypemappingId=40829&refId=135188380&refType=caf&uuid=1dfadb11-7c41-4f84-b843-d5d8bc9c9fde&version=1.0;https://parivesh.nic.in/dms/okm/downloadDocument?docTypemappingId=58989&refId=135188380&refType=FC&uuid=9afc5ae5-16a4-410e-a172-c3fce7c56baa&version=1.0,260951,https://parivesh.nic.in/newupgrade/#/report/ec?proposalId=137602522,17500.0,3650.0
137836438,Surface Strengthening and construction of a steel composite bridge along the Manpur-Jorethang Road (SH-19) by R&B Deptt. Gos,New,WL/SK/ROAD/554709/2025,2025-10-10T07:23:17.409+00:00,,,0.0432,2311.0,"Highway Tunnels, Roads & Bridges Department, Government Of Sikkim",,Wildlife clearance form,,,,Diversion of forest land for Surface Strengthening and construction of a steel composite bridge along the Manpur-Jorethang Road (SH-19) by R&B Deptt. Gos,SIKKIM,Namchi,Gom,,,0.096 Ha (0.0528 Ha in Majitar RF & 0.0432 ha in KBS),Linear,0.0,0.0432,0.0432,0.0,0.0,0.0,0.0,0.0,0,0,0,Not applicable as the project or activity is site specific,,NO,NO,NO,2025-10-10T07:42:19.208+00:00,,,,,,,,,,,,South District,0.096 Ha (0.0528 Ha in Majitar RF & 0.0432 ha in KBS),https://parivesh.nic.in/dms/okm/downloadDocument?docTypemappingId=40829&refId=137833585&refType=caf&uuid=e2862b80-fd03-41fa-a9da-02d05c6254b1&version=1.0,261124,https://parivesh.nic.in/newupgrade/#/report/ec?proposalId=137836438,0.0,5000.0
138229691,"Diversion of 0.15 Hac of forest land for construction of office complex Subsidiary Intelligence Bueau (SIB) under Gyalshing (T) Range,Gyalshing",New,FP/SK/CommPost/555401/2025,2025-10-16T10:52:13.696+00:00,,Pending on UA for Compensatory Levies Payment,0.15,400.0,SUBSIDIARY INTELLIGENCE BUREAU GANGTOK,,Forest clearance form,,,,"Diversion of 0.15 Hac of forest land for construction of office complex or Subsidiary Intelligence Bureau (SIB)under Gyalshing (T) Range, Gyalshing",SIKKIM,Gyalshing,Gyalshing,,,00,Non - Linear,0.0,0.15,0.15,0.0,0.0,0.0,0.0,0.0,0,0,0,Not applicable as the project or activity is site specific,,NO,NO,NO,2026-04-09T18:30:00.000+00:00,,,Degraded Forest Land,true,"SIB Office Baluwakhani, Gangtok",Gyalshing,11,Central Government (Department/Autonomous body),Joint Deputy Director,Gyalshing,11,West District,00,https://parivesh.nic.in/dms/okm/downloadDocument?docTypemappingId=40829&refId=138199617&refType=caf&uuid=7af90987-5214-4e02-9669-dbbb8f45e528&version=1.0;https://parivesh.nic.in/dms/okm/downloadDocument?docTypemappingId=58989&refId=138199617&refType=FC&uuid=d4099113-bd68-4ed9-84cb-ba1a0fe71b32&version=1.0,261015,https://parivesh.nic.in/newupgrade/#/report/ec?proposalId=138229691,500.0,500.0
138267178,"Sibin Ventures Private Limited (SVPL) is a Private Limited Company incorporated on 27th September 2018 having its corporate office at Anand Vihar Colony, Sevoke Road, Siliguri Jalpaiguri West Bengal- 734001 India. SIBIN Ventures Private Limited is a Special Purpose Vehicle (SPV) company incorporated by SIBIN Group to undertake the Khangchendzonga Tourist Center (KTC) project and provide technical & financial support to develop, run and operate KTC at Ranka, Gangtok District, Sikkim via agreement dated 18th March 2022 made for such purpose. The proposed project Khangchendzonga Tourist Centre (KTC) site at Ranka is a magnificent destination located in East Sikkim. Situated nearly 12 kilometres away from Gangtok.",New,SIA/SK/INFRA2/555447/2025,2025-10-17T05:27:00.949+00:00,2025-12-08T11:25:22.201+00:00,EC Granted,5.1921,24065.0,sibin ventures private limited,,Environment clearance form,TOR,B2,Building / Construction,"Khangchendzonga Tourist Centre, (KTC)",SIKKIM,Gangtok,Bhusuk,,GoS/FED/SEIAA/SEAC/526/Env.& SC,,Non - Linear,5.1921,0.0,5.1921,0.0,0.0,0.0,0.0,0.0,0,0,0,NO,This project is expansion and renovation of existing building. Hence no alternative sites is considered.,NO,NO,NO,2025-10-22T07:28:33.494+00:00,,,,,,,,,,,,East District,,https://parivesh.nic.in/dms/okm/downloadDocument?docTypemappingId=40829&refId=138216497&refType=caf&uuid=a80d0330-aeda-41ce-b38e-0ecb34292ed3&version=1.0,261314,https://parivesh.nic.in/newupgrade/#/report/ec?proposalId=138267178,3090.0,45130.0
171337178,"Diversion of Forest land for construction and upgradation of link road from Damthang Pakchey PHE road to Damthang Gumpa in Namchi District of Sikkim by Roads and Bridges Department, Government of Sikkim.",New,FP/SK/ROAD/556736/2025,2025-10-31T10:23:42.373+00:00,,Pending at PP due to EDS by DFO,0.6366,124.92,Public Works Department,,Forest clearance form,,,,"Diversion of Forest land for construction and upgradation of link road from Damthang Pakchey PHE road to Damthang Gumpa in Namchi District of Sikkim by Roads and Bridges Department, Government of Sikkim.",SIKKIM,Namchi,Damthang,,,0.00,Linear,0.0,0.6366,0.6366,0.0,0.0,0.0,0.0,0.0,0,0,0,NO,NA,NO,NO,NO,2025-10-31T10:41:42.019+00:00,,,Degraded Forest Land,true,"Road and Bridges Department, PWD, Namchi , Sikkim",gangtok,11,State Government (Department/Autonomous body),Divisional Engineer,Namchi,11,South District,0.00,https://parivesh.nic.in/dms/okm/downloadDocument?docTypemappingId=40829&refId=170982778&refType=caf&uuid=3a00b9d4-300a-4400-b780-52a29cc163d6&version=1.0;https://parivesh.nic.in/dms/okm/downloadDocument?docTypemappingId=58989&refId=170982778&refType=FC&uuid=b031af9d-64e1-4c4d-b126-a2f6706d797f&version=1.0,261109,https://parivesh.nic.in/newupgrade/#/report/ec?proposalId=171337178,4500.0,0.0
254716378,"Construction of Single lane Link Road from Salghari Zero Point To NH 717 via Dhungeypani & Burathoki Goan (2 Km).
As per the public demand there is a need to construct a link road from Salghari Zero Point To NH 717 via Dhungeypani & Burathoki Goan (2 Km). The total length of the road is 2 km, the entire village depends on the agricultural production to run their livelihood. The construction of road will help in development of the area",New,FP/SK/ROAD/557277/2025,2025-11-06T09:01:23.070+00:00,,DELISTED_BY_SYSTEM,2.364,166.23,Public Works Department,,Forest clearance form,,,,Diversion of 0.3192 ha of forest land for construction of Single lane Link Road from Salghari Zero Point To NH 717 via Dhungeypani & Burathoki Goan (2 Km).,SIKKIM,Rongli,Tarpin,,,0,Linear,2.0448,0.3192,2.364,0.0,0.0,0.0,0.0,0.0,0,0,0,Not applicable as the project or activity is site specific,,NO,NO,NO,2025-11-13T09:37:28.483+00:00,,,Degraded Forest Land,true,Pakyong District Sikkim,,11,State Government (Department/Autonomous body),Divisional Engineer,,11,East District,0,https://parivesh.nic.in/dms/okm/downloadDocument?docTypemappingId=40829&refId=138049416&refType=caf&uuid=7e0e9716-9d38-477d-8c6a-770ab4a2fd28&version=1.0;https://parivesh.nic.in/dms/okm/downloadDocument?docTypemappingId=58989&refId=138049416&refType=FC&uuid=6e6f6785-894f-4dfb-beff-9ed87b45113f&version=1.0,261371,https://parivesh.nic.in/newupgrade/#/report/ec?proposalId=254716378,45.0,45.0
258387978,"Construction of  Kabi Chronical-A journey through unity and heritage at Bakcha, Kabi under Mangan Division, Sikkim by Tourism & Civil Aviation Department, Govt. of Sikkim",New,FP/SK/OTHERS/557306/2025,2025-11-06T10:59:55.987+00:00,,Pending on UA for Compensatory Levies Payment,0.0883,2500.0,Tourism and Civil Aviation Department,,Forest clearance form,,,,"Diversion of forest land for Kabi Chronical-A journey through unity and heritage at Bakcha, Kabi under Mangan Division, Sikkim by Tourism & Civil Aviation Department, Govt. of Sikkim_",SIKKIM,Mangan,Kabi,,,"0.81 Ha, Patches 2",Non - Linear,0.0,0.0883,0.0883,0.0,0.0,0.0,0.0,0.0,0,0,0,Not applicable as the project or activity is site specific,,NO,NO,NO,2025-12-10T18:30:00.000+00:00,,,Degraded Forest Land,true,"Paryatan Bhawan, Metro Point Gangtok",Gangtok,11,State Government (Department/Autonomous body),Divisional Engineer,Gangtok,11,North  District,"0.81 Ha, Patches 2",https://parivesh.nic.in/dms/okm/downloadDocument?docTypemappingId=40829&refId=257675978&refType=caf&uuid=73f58706-ca40-4f8f-84d3-51c2994e9a64&version=1.0;https://parivesh.nic.in/dms/okm/downloadDocument?docTypemappingId=58989&refId=257675978&refType=FC&uuid=84e009e1-9e52-4ae0-bf10-7e9a392891cb&version=1.0,260972,https://parivesh.nic.in/newupgrade/#/report/ec?proposalId=258387978,0.0,380000.0
295498578,construction of sewerage treatment plant along the bank of river Ranikhola at Golitar singtam for singtam bazar and surrounding areas.,New,FP/SK/OTHERS/557589/2025,2025-11-09T05:10:02.733+00:00,,Pending on UA for Compensatory Levies Payment,0.2,3903.0,PUBLIC HEALTH ENGINEERING DEPARTMENT,,Forest clearance form,,,,construction of sewerage treatment plant at Golitar singtam east Sikkim,SIKKIM,Gangtok,West Pendam,,,1`,Hybrid,0.0,0.2,0.2,0.0,0.0,0.0,0.0,0.0,0,0,0,NO,it is the most suitable land as per technical and geographical requirement.,NO,NO,NO,2025-12-11T18:30:00.000+00:00,,,Degraded Forest Land,true,"PHE, SUB-DIV, Pachey Pakyong",pakyong,11,State Government (Department/Autonomous body),DE phed,PAKYONG,11,East District,1`,https://parivesh.nic.in/dms/okm/downloadDocument?docTypemappingId=40829&refId=134030592&refType=caf&uuid=d45d4775-1c0c-423c-8ede-4f380ba7e4e3&version=1.0;https://parivesh.nic.in/dms/okm/downloadDocument?docTypemappingId=58989&refId=134030592&refType=FC&uuid=a99af31b-4d5f-4aa4-8e89-6dc7127977ca&version=1.22,0,https://parivesh.nic.in/newupgrade/#/report/ec?proposalId=295498578,5140.0,5140.0
344042978,"Diversion of forest land 0.0742 ha (WildLife) for laying of under ground electrical cable from Hatticheray to Mulkharka SSB camp under Panglokha Wildlife Sanctuary, Pakyong District of Siklkim by Power Department, Government of Sikkim.",New,FP/SK/OTHERS/557918/2025,2025-11-12T08:12:08.918+00:00,,Pending at Nodal Officer due to EDS by State Secretary,0.0742,127.32,Power Department,,Forest clearance form,,,,"Diversion of forest land 0.0742 ha (Wild Life) for laying of under ground electrical cable from Hatticheray to Mulkharka SSB camp under Panglokha Wildlife Sanctuary, Pakyong District of Siklkim.",SIKKIM,Rongli,Dholepchen,,,00,Linear,0.0,0.0742,0.0742,0.0,0.0,0.0,0.0,0.0,0,0,0,NO,NA,NO,NO,NO,2025-11-14T09:29:06.762+00:00,,,Degraded Forest Land,true,"Power Department Rongli, Pakyong District",Rongli,11,State Government (Department/Autonomous body),Additional Chief Engineer,Rongli,11,East District,00,https://parivesh.nic.in/dms/okm/downloadDocument?docTypemappingId=40829&refId=342600778&refType=caf&uuid=143df821-4aea-48d7-9cbb-678f54e5b2d9&version=1.0;https://parivesh.nic.in/dms/okm/downloadDocument?docTypemappingId=58989&refId=342600778&refType=FC&uuid=0aa2b255-8906-4b65-9a6e-844d9ab552de&version=1.2,0,https://parivesh.nic.in/newupgrade/#/report/ec?proposalId=344042978,1800.0,0.0
581460778,"The LD Kazi Centre for Wellness and Sports Facilities at Chakung, Soreng District, Sikkim, is envisioned as a state-of-the-art hub combining wellness, adventure, sports, cultural heritage, and sustainable development. The Centre is being established in memory of Lhendup Dorji Kazi (LD Kazi), Sikkim’s first Chief Minister and a pioneer of democracy and social progress in the state. The project aims to commemorate the 50th year of Sikkim’s statehood while inspiring the youth through a facility that blends traditional healing, sports development, eco-tourism, and community engagement. 
It includes wellness zones, multi-sport indoor and outdoor facilities, adventure trails, wellness block, meditation halls, landscaping, interpretation centres, and support infrastructure such as, water reuse mechanisms, and sustainable waste management.",New,FP/SK/OTHERS/559530/2025,2025-11-25T09:26:49.126+00:00,,Pending on UA for Compensatory Levies Payment,1.8778,3608.0,"L D KAZI centre for wellness and sports facilities at Chakung,Soreng District,Sikkim",,Forest clearance form,,,,"L.D Kazi centre for wellness and sports facilities at Chakung, Soreng district, Sikkim",SIKKIM,Soreng,Aroobotey,,,,Hybrid,0.9389,0.9389,1.8778,0.0,0.0,0.0,0.0,0.0,0,0,0,Not applicable as the project or activity is site specific,,NO,NO,NO,2025-11-25T10:35:29.054+00:00,,,Degraded Forest Land,true,"DIVISIONAL ENGINEER, CULTURE DEPARTMENT, GOVT. OF SIKKIM, MANAN KENDRA,GANGTOK",,11,State Government (Department/Autonomous body),Divisional Engineer,,11,West District,,https://parivesh.nic.in/dms/okm/downloadDocument?docTypemappingId=40829&refId=510422778&refType=caf&uuid=984df1a2-4af2-46e6-a5b4-35af47f9523b&version=1.0;https://parivesh.nic.in/dms/okm/downloadDocument?docTypemappingId=58989&refId=510422778&refType=FC&uuid=f77474c1-b6ec-48d5-b905-7eb7633ba07a&version=1.0,261075,https://parivesh.nic.in/newupgrade/#/report/ec?proposalId=581460778,9600.0,7800.0
774157978,"Communication to North Sikkim is engineered on Rangrang - Chungthang axis via Mangan, same was washed away during recent GLOF in North Sikkim. The Optical Fiber Cable proposed vide this project will cater for communication requirement of tactical locations of a division size force till Chungthang and further ahead to all forward locations, through an alternative axis via Sanklang bridge. Thereby safeguarding the communication channel during catastrophic failures.",New,FP/SK/REDIV/560303/2025,2025-12-02T07:21:11.769+00:00,,DELISTED_BY_SYSTEM,0.0412,287.0,33 CORPS SIG REGT,,Form-E: Re-Diversion i) Land Use Change ii) Laying of Overhead/ Under Ground OFC/ drinking water pipeline/ slurry pipeline/ electric cable/ CNG/PNG within RoW,,,,Diversion of 0.0412 Ha for forest land for laying of overhead optical fiber cable from Rangang to Chungthang via Sangkalang under Magan T Range in North Sikkim by 33 CORPS SIGNAL REGIMENT.,SIKKIM,Mangan,Meyong,,,,Linear,0.0,0.0412,0.0412,0.0,0.0,0.0,0.0,0.0,0,0,0,Not applicable as the project or activity is site specific,,NO,NO,NO,2025-12-02T13:28:25.780+00:00,,,,,"33 CORPS SIG REGT
PIN - 917533",,19,Central Government (Department/Autonomous body),PROJECT OFFICER,,19,North  District,,https://parivesh.nic.in/dms/okm/downloadDocument?docTypemappingId=40829&refId=333608578&refType=caf&uuid=467e5051-7cd6-4de7-8952-330ca792e494&version=1.0,260935,https://parivesh.nic.in/newupgrade/#/report/ec?proposalId=774157978,0.0,100.0
957902378,Forest land for Surface Strengthening and construction of a steel composite bridge along the Manpur-Jorethang Road (SH-19) by R&B Deptt. Gos,New,FP/SK/ROAD/561420/2025,2025-12-11T09:57:18.516+00:00,,Pending at DFO due to EDS by Nodal Officer,0.096,2311.0,"Highway Tunnels, Roads & Bridges Department, Government Of Sikkim",,Forest clearance form,,,,Diversion of forest land for Surface Strengthening and construction of a steel composite bridge along the Manpur-Jorethang Road (SH-19) by R&B Deptt. Gos,SIKKIM,Namchi,Manpur,,,0.096,Linear,0.0,0.096,0.096,0.0,0.0,0.0,0.0,0.0,0,0,0,Not applicable as the project or activity is site specific,,NO,NO,NO,2025-12-11T10:10:29.994+00:00,,,Degraded Forest Land,true,"Office of Highway Tunnel, Roads & Bridges Department, Govt. Of Sikkim, Deorali.",Namchi,11,State Government (Department/Autonomous body),Junior Engineer,,11,South District,0.096,https://parivesh.nic.in/dms/okm/downloadDocument?docTypemappingId=40829&refId=956697578&refType=caf&uuid=5188e9c4-82c6-46ed-8b19-43bf50b40a33&version=1.0;https://parivesh.nic.in/dms/okm/downloadDocument?docTypemappingId=58989&refId=956697578&refType=FC&uuid=382b26ef-1b75-44bf-aa26-42c3364c6978&version=1.0,261131,https://parivesh.nic.in/newupgrade/#/report/ec?proposalId=957902378,0.0,500.0
1060226978,"Construction of road from Ramitey Ghumti to U Brum via Lampatey Ghari (0.0-1.0 Km) under Lingmoo Range, amchi Division by Roads & Bridges Department, Govt. of Sikkim",New,FP/SK/ROAD/562042/2025,2025-12-17T07:19:08.730+00:00,,Pending at Nodal Officer due to EDS by State Secretary,0.2736,96.64,"Highway Tunnels, Roads & Bridges Department, Government Of Sikkim",,Forest clearance form,,,,"Construction of road from Ramitey Ghumti to Upper Brum via Lampatey Ghari (0.0-1.0 Km) under Lingmoo Range, Namchi Division by Roads & Bridges Department, Govt. of Sikkim",SIKKIM,Ravong,Neh-Brum,,,0.2736 Ha,Linear,0.0,0.2736,0.2736,0.0,0.0,0.0,0.0,0.0,0,0,0,Not applicable as the project or activity is site specific,,NO,NO,NO,2026-03-10T18:30:00.000+00:00,,,Degraded Forest Land,true,"Office of Highway Tunnel, Roads & Bridges Department, Govt. Of Sikkim, Deorali.",Namchi,11,State Government (Department/Autonomous body),Junior Enineer,Gangtok,11,South District,0.2736 Ha,https://parivesh.nic.in/dms/okm/downloadDocument?docTypemappingId=40829&refId=1058735178&refType=caf&uuid=92197571-0af7-4579-acf1-95a1d047c212&version=1.0;https://parivesh.nic.in/dms/okm/downloadDocument?docTypemappingId=58989&refId=1058735178&refType=FC&uuid=99d36322-88b1-4381-b153-438ccf83cbdc&version=1.0,0,https://parivesh.nic.in/newupgrade/#/report/ec?proposalId=1060226978,0.0,0.0
1061115178,"The Establishment of Cavern (Length-15m, Breadth-12m & Height-8m) in general Area Kupup (13,300feet) is justified which will lead to enhance operational, security, force protection and logistics support. cavern provides natural protection against enemy surveillance, artillery and aerial attacks, reducing the risk of casualties and equipment damage. By storing ammunition, fuel & supplies in secure cavern, the risk of accidents sabotage and unauthorised access is minimized. Furthermore, cavern enables troops to conceal their presence, movement and activities enhancing surprise and deception capabilities.",New,WL/SK/DEF/562053/2025,2025-12-17T07:39:50.507+00:00,,,0.05,737.0,suraj singh,,Wildlife clearance form,,,,JOB NO : 2789/25-26 (S & C) : CAVERN,SIKKIM,Gangtok,Gangtok Forest Block,,,,Hybrid,0.0,0.05,0.05,0.0,0.0,0.0,0.0,0.0,0,0,0,Not applicable as the project or activity is site specific,,NO,NO,NO,2025-12-17T08:12:02.259+00:00,,,,,,,,,,,,East District,,https://parivesh.nic.in/dms/okm/downloadDocument?docTypemappingId=40829&refId=921337978&refType=caf&uuid=efd552a3-12bb-4f2f-903e-7f6145fb7994&version=1.0,261321,https://parivesh.nic.in/newupgrade/#/report/ec?proposalId=1061115178,0.0,0.0
1214321703,Reconstruction of Sewerage treatment plant at the existing location of Singtam Bazar,New,FP/SK/OTHERS/564227/2026,2026-01-05T06:46:33.382+00:00,,Pending at DIGF - RO,0.0405,3903.4,PUBLIC HEALTH ENGINEERING DEPARTMENT,,Forest clearance form,,,,Rehabilitation of sewerage system of Singtam town,SIKKIM,Namchi,Aifaltar,,,,Hybrid,0.0,0.0405,0.0405,0.0,0.0,0.0,0.0,0.0,0,0,0,Not applicable as the project or activity is site specific,,NO,NO,NO,2026-01-16T18:30:00.000+00:00,,,,false,"PHE, SUB-DIV, Pachey Pakyong",,11,State Government (Department/Autonomous body),DE Pakyong,,11,South District,,https://parivesh.nic.in/dms/okm/downloadDocument?docTypemappingId=40829&refId=1214116643&refType=caf&uuid=7609ae27-071b-4f8c-87a6-00ea26eb3ccc&version=1.0;https://parivesh.nic.in/dms/okm/downloadDocument?docTypemappingId=58989&refId=1214116643&refType=FC&uuid=3703dde3-a6f7-4568-8ea0-f13512dd4d20&version=1.0,261181,https://parivesh.nic.in/newupgrade/#/report/ec?proposalId=1214321703,14600.0,3650.0
1217657960,"MEA vide OM dated:7th March, 2025 forwarded a proposal for establishing a multi modal corridor/ICP between Sikkim and Eastern Nepal through Chewa Bhanjyang. Accordingly a joint survey was conducted on 2-3 Nov., 2025 with representatives from MEA, DoC, LPAI, CBIC, SSB, Dist. administration, area MLA and state Government Departments including Forest. During the survey, 12 Hectares of land falling under the Barsey Rhododendron sanctuary has been identified for establishment of multi modal corridor/ICP and other trade infrastructure.",New,WL/SK/INFRA/566925/2026,2026-01-27T10:13:30.394+00:00,,,12.0,500.0,"Multi modal corridor/ICP at Chewa Bhanjyang, Sikkim-Nepal Border",,Wildlife clearance form,,,,"Establishment of Multimodal corridor/ICP at Chewa Bhanjyang, Sikkim-Nepal Border",SIKKIM,Gyalshing,Maneybung,,,,Non - Linear,0.0,12.0,12.0,0.0,0.0,0.0,0.0,0.0,0,0,0,Not applicable as the project or activity is site specific,,NO,NO,NO,2026-02-24T05:35:51.072+00:00,,,,,,,,,,,,West District,,https://parivesh.nic.in/dms/okm/downloadDocument?docTypemappingId=40829&refId=1214922528&refType=caf&uuid=27d6e134-839b-443b-a4cd-2ed76ecf70b7&version=1.0,261029,https://parivesh.nic.in/newupgrade/#/report/ec?proposalId=1217657960,36360.0,37000.0
1217856420,"The proposed play ground is conceived to address the increasing demand for sports and recreational facilities, especially for the youth. The existing football stadium in Jorethang has been decided to upgrade to FIFA Standards and to be equipped with synthetic turf, it is primarily designated for high-level matches and official events, and cannot sufficiently accommodate the growing number of sporting events, training programs, and recreational needs of the youth. there is an urgent need for t an alternate playground to decongest the existing facility and promote a healthy, active lifestyle among the population, especially the youth.",New,FP/SK/OTHERS/567217/2026,2026-01-29T11:06:23.194+00:00,,Pending at Nodal Officer for Recommendation,0.48,798.8673,SPORTS AND YOUTH AFFAIRS DEPARTMENT  GOVERNMENT OF SIKKIM,,Forest clearance form,,,,"Diversion of forest land for construction of playground at Jorethang, Namchi District, Sikkim by Sports and Youth Affaires Department, Govt. of Sikkim.",SIKKIM,Namchi,Salghari,,,0,Non - Linear,0.0,0.48,0.48,0.0,0.0,0.0,0.0,0.0,0,0,0,Not applicable as the project or activity is site specific,,NO,NO,NO,2026-01-29T18:30:00.000+00:00,,,Degraded Forest Land,true,"Sports and Youth Affairs Department, White Hall, Government of Sikkim, Gangtok.",Jorethang,11,State Government (Department/Autonomous body),Additional Chief Engineer,Jorethang,11,South District,0,https://parivesh.nic.in/dms/okm/downloadDocument?docTypemappingId=40829&refId=1217850786&refType=caf&uuid=5acaadbe-28b2-4611-9fcf-13ad47eb1949&version=1.0;https://parivesh.nic.in/dms/okm/downloadDocument?docTypemappingId=58989&refId=1217850786&refType=FC&uuid=1bd00d81-9d6c-47ca-9c09-e98ee3fca916&version=1.0,0,https://parivesh.nic.in/newupgrade/#/report/ec?proposalId=1217856420,0.0,0.0
1217884790,Water supply scheme to Government college situated at Rhenock.,New,FP/SK/WATER/567260/2026,2026-01-29T15:58:44.230+00:00,,Pending at Nodal Officer due to EDS by State Secretary,1.1793,21.00423,PUBLIC HEALTH ENGINEERING DEPARTMENT,,Forest clearance form,,,,Repair and extension of water supply to Rhenock Government College at Pakyong District.,SIKKIM,Rongli,Rhenock Forest Block,,,,Hybrid,0.905,0.2743,1.1793,0.0,0.0,0.0,0.0,0.0,0,0,0,Not applicable as the project or activity is site specific,,NO,NO,NO,2026-05-26T18:30:00.000+00:00,,,Degraded Forest Land,true,"PHE, SUB-DIV, Pachey Pakyong",Pachey,11,State Government (Department/Autonomous body),Divisional Engineer,Pachey,11,East District,,https://parivesh.nic.in/dms/okm/downloadDocument?docTypemappingId=40829&refId=132375342&refType=caf&uuid=214b6c4f-ba97-4d88-a4bc-24a2e42f7849&version=1.0;https://parivesh.nic.in/dms/okm/downloadDocument?docTypemappingId=58989&refId=132375342&refType=FC&uuid=0983e985-79d5-495d-bcb6-d929559af664&version=1.0,261375,https://parivesh.nic.in/newupgrade/#/report/ec?proposalId=1217884790,1080.0,3650.0
1218794702,"the matter concerns the diversion of present parking area for heavy vehicles/trucks located at 12th mile jorethang road, namchi south sikkim, a meeting was held on 07/12/2024 at 11 am in the conference hall of District Collector, Namchi , chaired by Hon""ble Minister of UD&HD, Mr Bhoj Raj Rai in presence of various Heads of Line Department concerned. Hon""ble Minister  specifically directed Motor Vehicle Department to put forth the proposal for the diversion of present parking area from Forest Department to Motor Vehicle Department at the earliest",New,FP/SK/OTHERS/568476/2026,2026-02-09T08:00:48.673+00:00,,DELISTED_BY_SYSTEM,0.28,184.34151,transport department,,Forest clearance form,,,,Proposal for Diversion of Parking Area for heavy vehicles from Forest Department to Motor Vehicle Department,SIKKIM,Soreng,Samsing,,,,Non - Linear,0.0,0.28,0.28,0.0,0.0,0.0,0.0,0.0,0,0,0,NO,established as per,NO,NO,NO,2026-03-08T18:30:00.000+00:00,,,Degraded Forest Land,true,Namchi South Sikkim,,11,State Government (Department/Autonomous body),Data Entry Operator,,11,West District,,https://parivesh.nic.in/dms/okm/downloadDocument?docTypemappingId=40829&refId=129393897&refType=caf&uuid=64bbf686-bdc9-4db0-8a6f-d7cb3fbc3b87&version=1.0;https://parivesh.nic.in/dms/okm/downloadDocument?docTypemappingId=58989&refId=129393897&refType=FC&uuid=7ad5e2ea-7b6b-48f0-b736-db2b5a79417b&version=1.1,261071,https://parivesh.nic.in/newupgrade/#/report/ec?proposalId=1218794702,0.0,0.0
1218908865,"Development of Residential Complex at  Khatian No. 149 to 158/194. Plot/Khasra Nos 5/401 & 5/315/443 at JN-Road, Upper Tathangchen near Tamarind Hotel, Gangtok, District - Gangtok, Sikkim PIN– 737101",New,SIA/SK/INFRA2/568612/2026,2026-02-10T09:40:20.915+00:00,,Proposal pulled back (withdrawn),0.9091,6000.0,SM INFRASTRUCTURE PRIVATE LIMITED,Envirocheck,Environment clearance form,TOR,B2,Building / Construction,Development of Residential Complex,SIKKIM,Gangtok,Upper Tathangchen,,,Khatian No. 149 to 158/194. Plot/Khasra Nos 5/401 & 5/315/443,Non - Linear,0.9091,0.0,0.9091,0.0,0.0,0.0,0.0,0.0,0,0,0,Not applicable as the project or activity is site specific,,NO,NO,NO,2026-02-21T10:37:54.548+00:00,,,,,,,,,,,,East District,Khatian No. 149 to 158/194. Plot/Khasra Nos 5/401 & 5/315/443,https://parivesh.nic.in/dms/okm/downloadDocument?docTypemappingId=40829&refId=1218896046&refType=caf&uuid=8480085f-d468-4468-af1f-07955a77225f&version=1.0,943206,https://parivesh.nic.in/newupgrade/#/report/ec?proposalId=1218908865,3690.0,9165.0
1219531889,"MEA vide OM dated:7th March, 2025 forwarded a proposal for establishing a multi modal corridor/ICP between Sikkim and Eastern Nepal through Chewa Bhanjyang. Accordingly a joint survey was conducted on 2-3 Nov., 2025 with representatives from MEA, DoC, LPAI, CBIC, SSB, Dist. administration, area MLA and state Government Departments including Forest. During the survey, 12 Hectares of land falling under the Barsey Rhododendron sanctuary has been identified for establishment of multi modal corridor/ICP and other trade infrastructure.",New,WL/SK/INFRA/569405/2026,2026-02-17T08:10:38.491+00:00,,,12.0,500.0,"Multi modal corridor/ICP at Chewa Bhanjyang, Sikkim-Nepal Border",,Wildlife clearance form,,,,"Establishment of Multimodal corridor/ICP at Chewa Bhanjyang, Sikkim-Nepal Border",SIKKIM,Gyalshing,Maneybung,,,,Non - Linear,0.0,12.0,12.0,0.0,0.0,0.0,0.0,0.0,0,0,0,Not applicable as the project or activity is site specific,,NO,NO,NO,2026-02-17T08:59:48.471+00:00,,,,,,,,,,,,West District,,https://parivesh.nic.in/dms/okm/downloadDocument?docTypemappingId=40829&refId=1214922528&refType=caf&uuid=27d6e134-839b-443b-a4cd-2ed76ecf70b7&version=1.0,261029,https://parivesh.nic.in/newupgrade/#/report/ec?proposalId=1219531889,36360.0,37000.0
1219829074,"•	Under Paras 75 and 76 of the Union Budget, the Ministry of Tourism, Government of India has launched a challenge-based initiative to develop the Top 50 tourist destinations in partnership with States, focusing on land provision, essential infrastructure, sustainability, safety, cleanliness, and enhanced visitor experience.
•	The scheme aims to create Globally Competitive Destinations that leverage India’s natural, cultural, and heritage assets while ensuring environmental responsibility, seamless visitor movement, efficient civic services, and high visitor satisfaction without compromising ecological integrity.
•	In this context, the proposed Nature Interpretation cum Visitor Experience Centre at Bulbulay–Tashi Viewpoint Corridor, Gangtok, has been conceptualised to promote nature interpretation, environmental awareness, visitor orientation, and regulated access. The site’s panoramic view of Mount Kanchenjunga forms the core USP of the project.",New,FP/SK/OTHERS/569778/2026,2026-02-20T04:50:29.665+00:00,,Pending at DFO/CF after acceptance in PSC-I,10.559,28000.0,Tourism and Civil Aviation Department,,Forest clearance form,,,,"Diversion of 10.559 Ha of Forest land at Bulbulay Reserve Forest for ““Development of Nature Interpretation cum Visitor Experience Centre at Bulbulay-Tashi Viewpoint Corridor, Gangtok, Sikkim (Infrastructure components)” by Tourism & Civil Aviation Department, Government of Sikkim.",SIKKIM,Gangtok,Gangtok Forest Block,,,NA,Non - Linear,0.0,10.559,10.559,0.0,0.0,0.0,0.0,0.0,0,0,0,Not applicable as the project or activity is site specific,,NO,NO,NO,2026-06-03T18:30:00.000+00:00,,https://parivesh.nic.in/dms/okm/downloadDocument?docTypemappingId=59020&refId=1219829073&refType=fc&uuid=46a7e4c2-c676-4274-b933-5b94eaa6fa49&version=1.0,Degraded Forest Land,true,"Paryatan Bhawan, Metro Point Gangtok",Gangtok,11,State Government (Department/Autonomous body),Divisional Engineer,Gangtok,11,East District,NA,https://parivesh.nic.in/dms/okm/downloadDocument?docTypemappingId=40829&refId=1219828096&refType=caf&uuid=ffe55811-675b-4cc6-86b5-dece5070d6db&version=1.1;https://parivesh.nic.in/dms/okm/downloadDocument?docTypemappingId=58989&refId=1219828096&refType=FC&uuid=dfba4f81-d371-4aec-b8d1-238fdbe02359&version=1.1,261321,https://parivesh.nic.in/newupgrade/#/report/ec?proposalId=1219829074,0.0,350000.0
1219854848,The project entails the diversion of 0.0186 hectares of Forest land for the installation of mobile tower infrastructure to implement the DBN projects (4G saturation and BOP-BIP) for providing strategic mobile network connectivity in remote and border areas.,New,FP/SK/OTHERS/569817/2026,2026-02-20T07:58:03.008+00:00,,Pending at DFO due to EDS by Nodal Officer,0.0186,75.0,MAHESH NAIR,,Forest clearance form,,,,Diversion of 0.0186 hectares forest land by BSNL for the installation of mobile tower under 4G Saturation project of GoI,SIKKIM,Gangtok,Kyongnosla Forest Block,,,Changu Sipchu,Non - Linear,0.0,0.0186,0.0186,0.0,0.0,0.0,0.0,0.0,0,0,0,Not applicable as the project or activity is site specific,,NO,NO,NO,2026-03-19T18:30:00.000+00:00,,,Degraded Forest Land,true,"General Manager Telecom, BSNL Bhavan, Thiruvalla",Sipchu Chhangu,11,"Central PSU (eg. NHAI, AAI, NTP, CIL, SAIL)",AGM  BSS TLA,Sipchu Chhangu,11,Gangtok,Changu Sipchu,https://parivesh.nic.in/dms/okm/downloadDocument?docTypemappingId=40829&refId=1219772137&refType=caf&uuid=fa239ca8-19ad-4b76-b179-9161874bea39&version=1.0;https://parivesh.nic.in/dms/okm/downloadDocument?docTypemappingId=58989&refId=1219772137&refType=FC&uuid=088ccc28-f1a9-4563-a6ce-517bbaede0a9&version=1.0,261318,https://parivesh.nic.in/newupgrade/#/report/ec?proposalId=1219854848,800.0,2325.0
1220431182,"Ministry  of External Affairs, Government of India vide OM dated:7th March, 2025 forwarded a proposal for establishing a multi modal corridor/ICP between Sikkim and Eastern Nepal through Chewa Bhanjyang. Accordingly a joint survey was conducted on 2-3 Nov., 2025 with representatives from MEA, DoC, LPAI, CBIC, SSB, Dist. administration, area MLA and state Government Departments including Forest. During the survey, 12 Hectares of land falling under the Barsey Rhododendron sanctuary has been identified for establishment of multi modal corridor/ICP and other trade infrastructure.",New,FP/SK/OTHERS/570679/2026,2026-02-27T07:06:25.337+00:00,,REMOVED,12.0,500.0,"Multi modal corridor/ICP at Chewa Bhanjyang, Sikkim-Nepal Border",,Forest clearance form,,,,"Establishment of Multi Modal Corridor at Chewa Bhanjyang, Sikkim-Nepal Border",SIKKIM,Gyalshing,Sopakha,,,,Non - Linear,0.0,12.0,12.0,0.0,0.0,0.0,0.0,0.0,0,0,0,NO,It is a specific component (Border infrastructure),NO,NO,NO,2026-02-27T07:29:20.096+00:00,,,,false,"Udyog Bhawan, Tadong, Gangtok, Sikkim, PIN_ 737102",Tadong Gangtok,11,State Government (Department/Autonomous body),Joint Secretary,Tadong Gangtok,11,West District,,https://parivesh.nic.in/dms/okm/downloadDocument?docTypemappingId=40829&refId=1220427952&refType=caf&uuid=e21a3d36-08ae-48df-ba9d-aa27e71f593d&version=1.0;https://parivesh.nic.in/dms/okm/downloadDocument?docTypemappingId=58989&refId=1220427952&refType=FC&uuid=338cd09d-40e9-4e94-8eaf-499d96d55691&version=1.0,0,https://parivesh.nic.in/newupgrade/#/report/ec?proposalId=1220431182,37000.0,37000.0
1220456728,"Ministry  of External Affairs, Government of India vide OM dated:7th March, 2025 forwarded a proposal for establishing a multi modal corridor/ICP between Sikkim and Eastern Nepal through Chewa Bhanjyang. Accordingly a joint survey was conducted on 2-3 Nov., 2025 with representatives from MEA, DoC, LPAI, CBIC, SSB, Dist. administration, area MLA and state Government Departments including Forest. During the survey, 12 Hectares of land falling under the Barsey Rhododendron sanctuary has been identified for establishment of multi modal corridor/ICP and other trade infrastructure.",New,WL/SK/Police/570739/2026,2026-02-27T10:12:35.692+00:00,,,12.0,500.0,"Multi modal corridor/ICP at Chewa Bhanjyang, Sikkim-Nepal Border",,Wildlife clearance form,,,,"Establishment of Multi Modal Corridor at Chewa Bhanjyang, Sikkim-Nepal Border",SIKKIM,Gyalshing,Sopakha,,,,Non - Linear,0.0,12.0,12.0,0.0,0.0,0.0,0.0,0.0,0,0,0,NO,It is a specific component (Border infrastructure),NO,NO,NO,2026-02-27T10:20:58.025+00:00,,,,,,,,,,,,West District,,https://parivesh.nic.in/dms/okm/downloadDocument?docTypemappingId=40829&refId=1220427952&refType=caf&uuid=e21a3d36-08ae-48df-ba9d-aa27e71f593d&version=1.0,0,https://parivesh.nic.in/newupgrade/#/report/ec?proposalId=1220456728,37000.0,37000.0
1220469167,"The proposed Dikchu Hydroelectric Project falls in the downstream of Ratey Chu and Bakcha Chu and is proposed on the river Dikchu, in East Sikkim & West Sikkim District of Sikkim. The project envisages construction of a 116 m Concrete Gravity Dam from the riverbed level across river Dikchu River (tributary of the Teesta River) to generate of hydropower. The catchment area of the project is 240 sq. km. The total land requirements for the various activities of the proposed project have been estimated as 54.5329 ha.  A total 75 families will be affected due to this project out of which 6 families will be displaced. The river then confluences with Talung Chu on its right bank and Dik Chu on its left bank after a distance of about 20km. None of the project component including submergence area is falling in the WLS and the proposed dam site. The total estimated present-day cost of the project is about Rs. 499.02 Crores.",Expansion,IA/SK/RIV/570770/2026,2026-02-27T11:29:45.320+00:00,,Proposal pulled back (withdrawn),55.5329,74500.0,SNEHA KINETIC POWER PROJECTS PRIVATE LIMITED,,Environment clearance form,EC,A,,Dikchu HEP,SIKKIM,Mangan,Chawang,,,,Non - Linear,46.001,9.5319,55.5329,0.0,0.0,0.0,74500.0,0.0,7,6,75,Not applicable as the project or activity is site specific,,NO,NO,NO,2026-03-02T11:22:12.277+00:00,,,,,,,,,,,,North  District,,https://parivesh.nic.in/dms/okm/downloadDocument?docTypemappingId=40829&refId=1220448554&refType=caf&uuid=968ce50c-4e4e-4a92-bb13-2be82f895abf&version=1.0,260967,https://parivesh.nic.in/newupgrade/#/report/ec?proposalId=1220469167,2100000.0,1460000.0
1220734714,"The proposed Dikchu Hydroelectric Project falls in the downstream of Ratey Chu and Bakcha Chu and is proposed on the river Dikchu, in East Sikkim & West Sikkim District of Sikkim. The project envisages construction of a 116 m Concrete Gravity Dam from the riverbed level across river Dikchu River (tributary of the Teesta River) to generate of hydropower.",Expansion,IA/SK/RIV/571164/2026,2026-03-03T10:44:14.940+00:00,2026-05-04T03:54:08.482+00:00,ToR Granted,55.5329,74500.0,SNEHA KINETIC POWER PROJECTS PRIVATE LIMITED,R. S. Envirolinks Technologies Pvt. Ltd.,Environment clearance form,TOR,A,River Valley/Irrigation projects,Dikchu Hydroelectric Power Project,SIKKIM,Mangan,Kabi Forest Block,J-12011/91/2007-IA.I,,,Non - Linear,46.001,9.5319,55.5329,0.0,0.0,0.0,74500.0,0.0,7,6,75,Not applicable as the project or activity is site specific,,NO,NO,NO,2026-03-16T12:32:07.008+00:00,,,,,,,,,,,,North  District,,https://parivesh.nic.in/dms/okm/downloadDocument?docTypemappingId=40829&refId=1220733307&refType=caf&uuid=097fc205-17ea-40d1-8959-3a216d12d171&version=1.0,260979,https://parivesh.nic.in/newupgrade/#/report/ec?proposalId=1220734714,2100000.0,1460000.0
1221175434,"Diversion of Forest land of 144 Sq. Meter for Installation of Ground based mobile tower at Territorial Division, Gangtok",New,FP/SK/TELE_TRANS/571687/2026,2026-03-09T05:37:24.888+00:00,,DELISTED_BY_SYSTEM,0.0144,16.0,indus towers ltd,,Forest clearance form,,,,"Diversion of Forest land of 144 Sq. Meter for Installation of Ground based mobile tower at Territorial Division, Gangtok",SIKKIM,Mangan,Mangan Forest Block,,,,Non - Linear,0.0,0.0144,0.0144,0.0,0.0,0.0,0.0,0.0,0,0,0,Not applicable as the project or activity is site specific,,NO,NO,NO,2026-03-09T05:47:55.431+00:00,,,,false,"Building no. 10 Tower A, 4th floor, DLF Cybercity Gurugram, 122002",,6,Private Limited,Enterprise Sales Lead,,6,North  District,,https://parivesh.nic.in/dms/okm/downloadDocument?docTypemappingId=40829&refId=1221173714&refType=caf&uuid=bdfd7a71-2b8b-4fa1-92c3-e55d9523d7f6&version=1.0;https://parivesh.nic.in/dms/okm/downloadDocument?docTypemappingId=58989&refId=1221173714&refType=FC&uuid=aaf545f7-8c1f-41d3-9a64-2b5e26f36cd4&version=1.0,260977,https://parivesh.nic.in/newupgrade/#/report/ec?proposalId=1221175434,110.0,7205.0
1224309988,"Construction of approach road to the cremation ground at Majhitar under Central & West Pandam, Pakyong T Division by Culture Department, Govt. of Sikkim",New,FP/SK/OTHERS/575707/2026,2026-04-15T03:03:46.523+00:00,,Pending at State Secretary for Recommendation,0.0615,21.36,Culture Department,,Forest clearance form,,,,"Construction of approach road to the cremation ground at Majhitar under Central & West Pandam, Pakyong T Division by Culture Department, Govt. of Sikkim",SIKKIM,Pakyong,Pakyong Forest Block,,,0,Linear,0.0,0.0615,0.0615,0.0,0.0,0.0,0.0,0.0,0,0,0,Not applicable as the project or activity is site specific,,NO,NO,NO,2026-04-15T03:22:44.477+00:00,,,Degraded Forest Land,true,"CULTURE DEPARTMENT,GOVERNMENT OF SIKKIM,MANAN BHAWAN GANGTOK,SIKKIM",Gangtok,11,State Government (Department/Autonomous body),AE,Gangtok,11,East District,0,https://parivesh.nic.in/dms/okm/downloadDocument?docTypemappingId=40829&refId=1224309868&refType=caf&uuid=c3dbf756-88ac-4eb9-9cf0-733592910291&version=1.0;https://parivesh.nic.in/dms/okm/downloadDocument?docTypemappingId=58989&refId=1224309868&refType=FC&uuid=c5ae0895-6a6e-4d05-bc81-415f23df65cb&version=1.0,261355,https://parivesh.nic.in/newupgrade/#/report/ec?proposalId=1224309988,0.0,300.0
1224401232,"Construction of 60m span bridge over Anderi Kholsa along Manpur fatak to Jorthang road under Melli T Range Namchi Division by Roads & Bridges Department (ADBP), GoS",New,FP/SK/ROAD/575826/2026,2026-04-15T13:44:16.203+00:00,,Pending at DFO for Compensatory Levies,0.072,1924.9984,"Highway Tunnels, Roads & Bridges Department, Government Of Sikkim",,Forest clearance form,,,,"Construction of 60m span bridge over Anderi Kholsa along Manpur fatak to Jorthang road under Melli T Range Namchi Division by Roads & Bridges Department (ADBP), GoS",SIKKIM,Namchi,Manpur,,,0,Linear,0.0,0.072,0.072,0.0,0.0,0.0,0.0,0.0,0,0,0,Not applicable as the project or activity is site specific,,NO,NO,NO,2026-05-18T18:30:00.000+00:00,,,Degraded Forest Land,true,"Office of Highway Tunnel, Roads & Bridges Department, Govt. Of Sikkim, Deorali.",Gangtok,11,State Government (Department/Autonomous body),JE,Gangtok,11,South District,0,https://parivesh.nic.in/dms/okm/downloadDocument?docTypemappingId=40829&refId=1224399520&refType=caf&uuid=12140e1d-a6cc-4fd5-bc13-c26640a344c1&version=1.0;https://parivesh.nic.in/dms/okm/downloadDocument?docTypemappingId=58989&refId=1224399520&refType=FC&uuid=992e9fec-e81d-441f-b845-92fc4931557c&version=1.0,261131,https://parivesh.nic.in/newupgrade/#/report/ec?proposalId=1224401232,0.0,4200.0
1224473027,"The construction of 66/33/11 KV switch yard at Thangu, 33/11 KV substation at Lukrep and at Muguthang along with installation of distribution sub-station shall facilitate the power supply to vital army /ITBP establishments namely Gaigaon, Bunker, Changri Top. Kerang, Dorjila Top, Zanak, 20R, LhaTop & E base located under Lachen along the INDO-CHINA Border. Similarly, the construction of high tension transmission line along with installation of distribution station shall facilitate the power supply to vital army /ITBP establishments namely Gorala, Chhubakha, Chhu Junction &Zadong located under Lachung along the INDO-CHINA Border.

At present these army/ITBP establishment along INDO-CHINA border are deprived of electricity. Hence, the principal objective of this project is to provide quality & reliable power supply to the army/ITBP establishments thereby improving their quality of life & to boost their moral.

The total forest land involved for the construction of the project is:- 0.0921",New,FP/SK/PWR_TRANS/575891/2026,2026-04-16T08:56:26.826+00:00,,Pending at Nodal Officer for Recommendation,0.0921,23554.417,Power Department,,Forest clearance form,,,,"Divrsion of forest land for extension of power supply to broder defence area installation (RDSS) at Lachen & Lachung Range under Mangan T Division, Sikkim by Power Department, Govt. of Sikkim",SIKKIM,Chungthang,Lachung,,,0.0441,Linear,0.0,0.0921,0.0921,0.0,0.0,0.0,0.0,0.0,0,0,0,Not applicable as the project or activity is site specific,,NO,NO,NO,2026-06-21T18:30:00.000+00:00,,,Degraded Forest Land,true,"Power Department, Kazi Road, Gangtok",Gangtok,11,State Government (Department/Autonomous body),Executive Engineer,Gangtok,11,Mangan,0.0441,https://parivesh.nic.in/dms/okm/downloadDocument?docTypemappingId=40829&refId=1224470752&refType=caf&uuid=580523f6-6f3b-4756-aad7-b22bd8648af2&version=1.0;https://parivesh.nic.in/dms/okm/downloadDocument?docTypemappingId=58989&refId=1224470752&refType=FC&uuid=e8fb9e33-d80f-474b-a71b-5b8a1c0be069&version=1.0,260926,https://parivesh.nic.in/newupgrade/#/report/ec?proposalId=1224473027,0.0,20.0
1226474538,Construction of 132kV D/C NTPC Rammam-III to POWERGRID Rangpo Substation Transmission line under Namchi District and Soreng District of SIKKIM.,New,FP/SK/PWR_TRANS/577902/2026,2026-05-04T14:04:49.510+00:00,,Pending at DFO/CF after acceptance in PSC-I,78.7454,6850.0,NTPC LIMITED,,Forest clearance form,,,,Rammam Hydro Power Project,SIKKIM,Namchi,Bikmat,,,,Linear,46.18,32.5654,78.7454,0.0,0.0,0.0,0.0,0.0,0,0,0,YES,,NO,NO,NO,2026-05-04T16:22:19.764+00:00,,https://parivesh.nic.in/dms/okm/downloadDocument?docTypemappingId=59020&refId=1226474537&refType=fc&uuid=be66405f-5917-4b37-b37a-3bb75264fbef&version=1.0,Degraded Forest Land,true,"NTPC Limited, NTPC Bhawan, SCOPE Complex, Institutional Area, Lodhi Road, New Delhi – 110003",,7,"Central PSU (eg. NHAI, AAI, NTP, CIL, SAIL)",Deputy General Manager {Technical Services},,19,South District,,https://parivesh.nic.in/dms/okm/downloadDocument?docTypemappingId=40829&refId=1226472344&refType=caf&uuid=4c0c9aee-3532-4795-8b44-8b96d601f7e4&version=1.0;https://parivesh.nic.in/dms/okm/downloadDocument?docTypemappingId=40828&refId=1226472344&refType=caf&uuid=de6fd9d1-cc14-4f11-a4ea-6f90a41efd29&version=1.0;https://parivesh.nic.in/dms/okm/downloadDocument?docTypemappingId=40828&refId=1226472344&refType=caf&uuid=6ec59f47-ea8e-4369-92f3-dc327436c235&version=1.0;https://parivesh.nic.in/dms/okm/downloadDocument?docTypemappingId=58989&refId=1226472344&refType=FC&uuid=5db34fd5-218d-49b8-9db2-f3c59ed5e475&version=1.0;https://parivesh.nic.in/dms/okm/downloadDocument?docTypemappingId=58989&refId=1226472344&refType=FC&uuid=57284d71-0fdb-488f-ab31-03bd1f001834&version=1.0,261160,https://parivesh.nic.in/newupgrade/#/report/ec?proposalId=1226474538,234114.0,114975.0
1226541976,"Under the Sikkim Integrated Urban Development Project (SIUDP), a comprehensive sewerage system and septage management scheme is proposed for Soreng Town to improve sanitation infrastructure and prevent environmental pollution. At present, Soreng Town lacks a centralized sewerage system and largely depends on individual septic tanks. As a result, untreated or partially treated wastewater is often discharged into natural drains, leading to groundwater contamination and environmental degradation. To address this issue, the proposed project involves development of a decentralized sewerage network with two Sewage Treatment Plants (STPs) at strategic locations
1 MLD STP at Singling (27°10′43.56″ N, 88°12′08.01″ E)
2 MLD STP at Timburbong (27°09′24.08″ N, 88°11′33.18″ E)
The dual-STP system has been planned considering the dispersed settlement pattern and topographical conditions of the town, ensuring efficient wastewater management and improved public health and environmental protection.",New,FP/SK/OTHERS/577963/2026,2026-05-05T08:16:23.003+00:00,,Pending at PP due to EDS by DFO,0.6073,980.0,Urban Development Department,,Forest clearance form,,,,Sikkim Integrated Urban Development Project,SIKKIM,Soreng,Singling,,,,Non - Linear,0.0,0.6073,0.6073,0.0,0.0,0.0,0.0,0.0,0,0,0,NO,"The proposed STP sites have been selected after detailed technical and environmental assessment and are found to be most suitable. The locations are naturally low-lying, enabling efficient gravity-based conveyance of sewage from the catchment, thereby minimizing pumping requirements and energy use. The sites are near a natural stream for safe discharge of treated effluent as per CPCB/SPCB standards, and are adequately distanced from habitations with minimal environmental disturbance.",NO,NO,NO,2026-05-06T07:46:16.382+00:00,,,Degraded Forest Land,true,"Level-5, Kisan Bazar, Lal Market road, Gangtok, Sikkim",,11,State Government (Department/Autonomous body),Urban Planner Expert,,11,West District,,https://parivesh.nic.in/dms/okm/downloadDocument?docTypemappingId=40829&refId=1226419326&refType=caf&uuid=113837ca-c185-4337-bcdb-2014fde51a7d&version=1.0;https://parivesh.nic.in/dms/okm/downloadDocument?docTypemappingId=58989&refId=1226419326&refType=FC&uuid=62c81d39-5fad-45ac-ac00-f2dc1a6ea3de&version=1.0,261077,https://parivesh.nic.in/newupgrade/#/report/ec?proposalId=1226541976,10970.0,18262.0
1227622933,CONSTRUCTION OF THE 11/11KV SWITCHING SUB- STATION AT RANGPO,New,FP/SK/SubStation/578959/2026,2026-05-14T06:50:38.948+00:00,,Pending at Nodal Officer for Recommendation,0.1495,208.0,Power Department,,Forest clearance form,,,,SIKKIM POWER SECTOR DEVELOPMENT PROJECT,SIKKIM,Namchi,Pabong (Gangchung),,,,Hybrid,0.0,0.1495,0.1495,0.0,0.0,0.0,0.0,0.0,0,0,0,NO,No other locations are feasible,NO,NO,NO,2026-06-16T18:30:00.000+00:00,,,Degraded Forest Land,true,"Power Department, Kazi Road, Gangtok",Gangtok,11,State Government (Department/Autonomous body),DIVISIONAL ENGINEER,Gangtok,11,South District,,https://parivesh.nic.in/dms/okm/downloadDocument?docTypemappingId=40829&refId=1227604437&refType=caf&uuid=db57851e-45af-4641-922a-24e7d20066b5&version=1.0;https://parivesh.nic.in/dms/okm/downloadDocument?docTypemappingId=58989&refId=1227604437&refType=FC&uuid=01931748-3c66-46ab-8f65-580998aca932&version=1.9,261186,https://parivesh.nic.in/newupgrade/#/report/ec?proposalId=1227622933,1980.0,23360.0
1228622877,"The Indian Government has set an ambitious target of installing 150 GW of solar energy by the  end of 2022. Sikkim has been given a target of installation of 5O MW of grid connected solar energy by 2022. Only 5 MW has been installed in the state as on June 2022. Sikkim Power department buys more than 50% of the energy required by the state from thermal power plant. Burning of coal release harmful gases which cause global warming.
The land proposed would be used for setting up of 5 MW grid connected Solar Photovoltaic Power plant which would produce about 6 million units of clean energy every year.
As the proposed site is above tree line, No trees will have to be cut while the solar modules will be installed above the shrubs and bushes present in the vicinity. Hence minimum flora and fauna would be effected
The proposed site lies on a naturally south facing hill which receives good solar radiation. The proposed site has a road and an electrical transmission line passing through it.",New,FP/SK/OTHERS/579807/2026,2026-05-21T17:47:50.651+00:00,,DELISTED_BY_SYSTEM,10.1,2500.0,ABHINAY BHANDARI,,Form-F: Application for Transfer of Lease/Change in User Agency Name,,,,"Diversion of 10.1 Ha of forest land for Setting up of 5 MW grid connected Solar Photovoltaic Power Plant near Hangu Lake, Gangtok, Sikkim by M/s REACH",SIKKIM,Gangtok,Kyongnosla Forest Block,,,,Hybrid,0.0,10.1,10.1,0.0,0.0,0.0,0.0,0.0,0,0,0,Not applicable as the project or activity is site specific,,NO,NO,NO,2026-05-22T07:24:46.682+00:00,,,,,"Renewable Energy Application and Consultation in Himalayas (REACH)
Below Sub Power Station, 5th Mile, Tadong
Gangtok, 737102",Fifth Mile Tadong  Gangtok Sikkim,11,Individual,Proprietor,,11,East District,,https://parivesh.nic.in/dms/okm/downloadDocument?docTypemappingId=40829&refId=2828749&refType=caf&uuid=43161705-df16-42cc-b491-07a7e778d0e9&version=1.1,261318,https://parivesh.nic.in/newupgrade/#/report/ec?proposalId=1228622877,5760.0,3830.0
1228819186,"Proposed golden jubelee state of the art convention center, District Gangtok, Sikkim",New,SIA/SK/INFRA2/579936/2026,2026-05-23T06:02:39.364+00:00,2026-08-21T09:22:51.506+00:00,EC Granted,6.3115,108200.0,Buildings and Housing Department,,Environment clearance form,TOR,B2,Building / Construction,"Proposed golden jubelee state of the art convention center, Sikkim",SIKKIM,Gangtok,Namli,,GoS/F&ED/E&SC/540/SEIAA/SEAC,00,Non - Linear,6.3115,0.0,6.3115,0.0,0.0,0.0,0.0,0.0,0,0,0,Not applicable as the project or activity is site specific,,NO,NO,NO,2026-06-06T11:23:41.829+00:00,,,,,,,,,,,,East District,00,https://parivesh.nic.in/dms/okm/downloadDocument?docTypemappingId=40829&refId=1228811902&refType=caf&uuid=2bd4c8d2-7a0d-4f25-8b36-a6d8019e70fd&version=1.0,261287,https://parivesh.nic.in/newupgrade/#/report/ec?proposalId=1228819186,3090.0,45130.0
1229380523,"The proposed Dikchu Hydroelectric Project falls in the downstream of Ratey Chu and Bakcha Chu and is proposed on the river Dikchu, in East Sikkim & West Sikkim District of Sikkim. The project envisages construction of a 116 m Concrete Gravity Dam from the riverbed level across river Dikchu River (tributary of the Teesta River) to generate of hydropower.",Expansion,IA/SK/RIV/580316/2026,2026-05-27T05:48:34.288+00:00,2026-07-15T04:21:16.129+00:00,EC Granted,55.5329,74500.0,SNEHA KINETIC POWER PROJECTS PRIVATE LIMITED,,Environment clearance form,EC,A,,Dikchu Hydroelectric Power Project,SIKKIM,Mangan,L. Mangshila,J-12011/91/2007-IA.I,,,Non - Linear,46.001,9.5319,55.5329,0.0,0.0,0.0,74500.0,0.0,7,6,75,Not applicable as the project or activity is site specific,,NO,NO,NO,2026-06-01T09:11:57.301+00:00,Exemption given by EAC under clause 7(ii),,,,,,,,,,,North  District,,https://parivesh.nic.in/dms/okm/downloadDocument?docTypemappingId=40829&refId=1220733307&refType=caf&uuid=097fc205-17ea-40d1-8959-3a216d12d171&version=1.0,260959,https://parivesh.nic.in/newupgrade/#/report/ec?proposalId=1229380523,2100000.0,1460000.0
1230488000,The project road is an important link to reach Indo-China Border from 20 r Point to Zanak. This road will be used by ITBP and Indian Army.,New,WL/SK/ROAD/580795/2026,2026-06-01T10:46:24.493+00:00,,,46.984,23234.8405,ITBP GANGTOK,,Wildlife clearance form,,,,Diversion of Forest Land for Construction of High Altitude Hill Road to Indo China Border from 20r Link Point to Zanak in the State of Sikkim under Phase-II,SIKKIM,Chungthang,Lachen Forest Block,,,M2-03,Linear,0.0,46.984,46.984,0.0,0.0,0.0,0.0,0.0,0,0,0,Not applicable as the project or activity is site specific,,NO,NO,NO,2026-06-01T13:02:08.223+00:00,,,,,,,,,,,,Mangan,M2-03,https://parivesh.nic.in/dms/okm/downloadDocument?docTypemappingId=40829&refId=433105978&refType=caf&uuid=3452ee68-1e67-4c2e-84ac-690acde934ef&version=1.0,260930,https://parivesh.nic.in/newupgrade/#/report/ec?proposalId=1230488000,200120.0,0.0
1232009076,"Construction and maintenance of two lane with paved shoulder of Rorathang to Rongli road (8.89 km), Pakyong district by Roads and bridges Department, GoS",New,FP/SK/ROAD/582092/2026,2026-06-13T09:40:29.593+00:00,,Pending at DFO due to EDS by Nodal Officer,2.106,11212.78455,"Highway Tunnels, Roads & Bridges Department, Government Of Sikkim",,Forest clearance form,,,,"Construction and maintenance of two lane with paved shoulder of Rorathang to Rongli road (8.89 km), Pakyong district by Roads and bridges Department, GoS",SIKKIM,Pakyong,Pakyong Forest Block,,,NA,Linear,0.0,2.106,2.106,0.0,0.0,0.0,0.0,0.0,0,0,0,Not applicable as the project or activity is site specific,,NO,NO,NO,2026-07-14T18:30:00.000+00:00,,,Degraded Forest Land,true,"Office of Highway Tunnel, Roads & Bridges Department, Govt. Of Sikkim, Deorali.",Gangtok,11,State Government (Department/Autonomous body),JE,Gangtok,11,East District,NA,https://parivesh.nic.in/dms/okm/downloadDocument?docTypemappingId=40829&refId=1232008506&refType=caf&uuid=0f3f788b-c727-41fa-adca-8816302b7f48&version=1.0;https://parivesh.nic.in/dms/okm/downloadDocument?docTypemappingId=58989&refId=1232008506&refType=FC&uuid=35378c08-1006-479c-b25c-e53ddf979091&version=1.0,261355,https://parivesh.nic.in/newupgrade/#/report/ec?proposalId=1232009076,0.0,24464.0
1232699201,Diversion of forest land 0.20 Hac for construction of office complex for Subsidiary Intelligence Bureau (SIB) under Pakyong (T) range Pakyong District,New,FP/SK/CommPost/582680/2026,2026-06-19T10:09:32.174+00:00,,Pending at DFO due to EDS by Nodal Officer,0.2,400.0,SUBSIDIARY INTELLIGENCE BUREAU GANGTOK,,Forest clearance form,,,,Diversion of forest land 0.20 Hac for construction of office complex for Subsidiary Intelligence Bureau (SIB) under Pakyong (T) range Pakyong District,SIKKIM,Pakyong,Pakyong Forest Block,,,,Non - Linear,0.0,0.2,0.2,0.0,0.0,0.0,0.0,0.0,0,0,0,Not applicable as the project or activity is site specific,,NO,NO,NO,2026-07-24T18:30:00.000+00:00,,,Degraded Forest Land,true,"SIB Office Baluwakhani, Gangtok",Pakyong,11,Central Government (Department/Autonomous body),Joint Deputy Director,Pakyong,11,East District,,https://parivesh.nic.in/dms/okm/downloadDocument?docTypemappingId=40829&refId=1232582618&refType=caf&uuid=62be8e37-8047-4b58-a494-166724dfd995&version=1.0;https://parivesh.nic.in/dms/okm/downloadDocument?docTypemappingId=58989&refId=1232582618&refType=FC&uuid=db906295-ac4d-4160-99dc-352d3fad1609&version=1.0,261355,https://parivesh.nic.in/newupgrade/#/report/ec?proposalId=1232699201,500.0,500.0
1233108375,"Diversion of forest land of 0.0392 ha for laying of pipeline and construction of water tank from Seti Khola to Agricultural Engineering College in Ranipool, Gangtok District of Sikkim by College of Agricultural Engineering  and Post Harvest Technology, Government  of India.",New,FP/SK/WATER/583115/2026,2026-06-23T18:46:40.568+00:00,,Pending at Nodal Officer for Recommendation,0.0392,11.14,Department of Agriculture & Farmers Welfare,,Forest clearance form,,,,"Diversion of forest land of 0.0392 ha for laying of pipeline and construction of water tank from Seti Khola to Agricultural Engineering College in Ranipool, Gangtok District of Sikkim by College of Agricultural Engineering  and Post Harvest Technology, Government  of India.",SIKKIM,Gangtok,Naitam,,,0..00,Linear,0.0,0.0392,0.0392,0.0,0.0,0.0,0.0,0.0,0,0,0,NO,NA,NO,NO,NO,2026-07-13T18:30:00.000+00:00,,,Degraded Forest Land,true,"Ranipool, Gangok  Sikkim",Ranipool,11,Central Government (Department/Autonomous body),Junior Engineer,Ranipool,11,East District,0..00,https://parivesh.nic.in/dms/okm/downloadDocument?docTypemappingId=40829&refId=127968918&refType=caf&uuid=52d84b52-cbd6-43c8-89fd-7194e223056c&version=1.0;https://parivesh.nic.in/dms/okm/downloadDocument?docTypemappingId=58989&refId=127968918&refType=FC&uuid=f7a5ff1e-fbcb-4fe0-9d51-e37ee1538d97&version=1.0,261311,https://parivesh.nic.in/newupgrade/#/report/ec?proposalId=1233108375,14.0,1.0
1233188186,"Construction and maintenance of road form Assangthang to Salghari, Namchi District by Roads & Bridges Department, GoS",New,FP/SK/ROAD/583203/2026,2026-06-24T10:42:28.090+00:00,,Pending at Nodal Officer for Recommendation,0.2565,14791.86283,"Highway Tunnels, Roads & Bridges Department, Government Of Sikkim",,Forest clearance form,,,,"Construction and maintenance of road form Assangthang to Salghari, Namchi District by Roads & Bridges Department, GoS",SIKKIM,Namchi,Assangthang,,,NA,Linear,0.0,0.2565,0.2565,0.0,0.0,0.0,0.0,0.0,0,0,0,Not applicable as the project or activity is site specific,,NO,NO,NO,2026-07-26T18:30:00.000+00:00,,,Degraded Forest Land,true,"Office of Highway Tunnel, Roads & Bridges Department, Govt. Of Sikkim, Deorali.",Gangtok,11,State Government (Department/Autonomous body),JE,Gangtok,11,South District,NA,https://parivesh.nic.in/dms/okm/downloadDocument?docTypemappingId=40829&refId=1233186087&refType=caf&uuid=20f992f1-ede7-4910-9755-faa57c4ec736&version=1.0;https://parivesh.nic.in/dms/okm/downloadDocument?docTypemappingId=58989&refId=1233186087&refType=FC&uuid=f7486e28-d4c0-4638-b150-502d153584b4&version=1.0,261128,https://parivesh.nic.in/newupgrade/#/report/ec?proposalId=1233188186,0.0,32276.0
1233607285,"Construction and maintenance of bridge over Ramman khola along Singla Bazar Jorthang Road and strengthening of the existing road under Soreng District, by Roads & Bridges Department, GoS",New,FP/SK/ROAD/583638/2026,2026-06-29T09:28:10.685+00:00,,Pending at Nodal Officer for Recommendation,0.0696,3776.87789,"Highway Tunnels, Roads & Bridges Department, Government Of Sikkim",,Forest clearance form,,,,"Construction and maintenance of bridge over Ramman khola along Singla Bazar Jorthang Road and strengthening of the existing road under Soreng District, by Roads & Bridges Department, GoS",SIKKIM,Soreng,Soreng Forest Block,,,0,Linear,0.0,0.0696,0.0696,0.0,0.0,0.0,0.0,0.0,0,0,0,Not applicable as the project or activity is site specific,,NO,NO,NO,2026-09-10T18:30:00.000+00:00,,,Degraded Forest Land,true,"Office of Highway Tunnel, Roads & Bridges Department, Govt. Of Sikkim, Deorali.",Gangtok,11,State Government (Department/Autonomous body),JE,Gangtok,11,West District,0,https://parivesh.nic.in/dms/okm/downloadDocument?docTypemappingId=40829&refId=1233606370&refType=caf&uuid=9fc9eb3d-c21a-40c8-8d5c-11714bd9c1e2&version=1.0;https://parivesh.nic.in/dms/okm/downloadDocument?docTypemappingId=58989&refId=1233606370&refType=FC&uuid=bd0930d8-4e20-4809-a64f-3d08cb13b348&version=1.0,261102,https://parivesh.nic.in/newupgrade/#/report/ec?proposalId=1233607285,0.0,8240.0
1233756194,The project entails the construction of cavern by 3/11 GR to ensure operational efficiency of armed forces due to its close proximity of Line of Actual Control (LAC) with cavern dimension 15m x 12m with 8m height (0.144 ha) and the area of muck dumping 0.24 ha,New,FP/SK/OTHERS/583781/2026,2026-06-30T09:49:45.115+00:00,,DELISTED_BY_SYSTEM,0.384,700.0,MINISTRY OF DEFENCE,,Forest clearance form,,,,Construction of cavern by 3/11 GR at general area of Rajgarh,SIKKIM,Gangtok,Kyongnosla Forest Block,,,0,Non - Linear,0.0,0.384,0.384,0.0,0.0,0.0,0.0,0.0,0,0,0,NO,Tactical Site,NO,NO,NO,2026-06-30T10:27:08.925+00:00,,,Degraded Forest Land,true,"17 Mountain Division
PIN - 908417",,11,Central Government (Department/Autonomous body),Staff Officer Land,,11,Gangtok,0,https://parivesh.nic.in/dms/okm/downloadDocument?docTypemappingId=40829&refId=1232674835&refType=caf&uuid=76b1b294-1991-4b39-8826-962d551b64d5&version=1.0;https://parivesh.nic.in/dms/okm/downloadDocument?docTypemappingId=58989&refId=1232674835&refType=FC&uuid=9ef163d6-5a4e-495a-b18a-67fa7e41c1b9&version=1.0,261318,https://parivesh.nic.in/newupgrade/#/report/ec?proposalId=1233756194,14875.0,14875.0
1234082408,"Construction and maintenance intermediate with paved shoulder of Khamdong-Lingzey-Tintek Road, Gangtok District by Roads and bridges Department, GoS",New,FP/SK/ROAD/584092/2026,2026-07-03T05:07:08.566+00:00,,Pending at DFO for Scrutiny and Recommendation,,,"Highway Tunnels, Roads & Bridges Department, Government Of Sikkim",,Forest clearance form,,,,"Construction and maintenance intermediate with paved shoulder of Khamdong-Lingzey-Tintek Road, Gangtok District by Roads and bridges Department, GoS",SIKKIM,,,,,,,,,,,,,,,,,,,,,,,2026-09-10T18:30:00.000+00:00,,,Degraded Forest Land,true,"Office of Highway Tunnel, Roads & Bridges Department, Govt. Of Sikkim, Deorali.",Gangtok,11,State Government (Department/Autonomous body),JE,Gangtok,11,,,https://parivesh.nic.in/dms/okm/downloadDocument?docTypemappingId=40829&refId=1234025108&refType=caf&uuid=cec7908a-07c1-4487-bb42-d32b169c39c0&version=1.0;https://parivesh.nic.in/dms/okm/downloadDocument?docTypemappingId=58989&refId=1234025108&refType=FC&uuid=ee52f774-e4c5-4941-a782-b268c255e96c&version=1.0,,https://parivesh.nic.in/newupgrade/#/report/ec?proposalId=1234082408,,
1234756186,"Construction of skill development and bread manufacturing centre for livelihood project at Lachen, Mangan District by RDD, Government of Sikkim.",New,FP/SK/OTHERS/584777/2026,2026-07-09T09:11:36.548+00:00,,Pending at DIGF - RO,0.0032,93.0,"RURAL DEVELOPMENT DEPARTMENT, GOVT OF SIKKIM",,Forest clearance form,,,,"Diversion of 0.00325 Ha of forest land for construction of skill development and bread manufacturing centre for livelihood project at Lachen, Mangan District by RDD, GoS",SIKKIM,Chungthang,Lachen,,,Khasmal Land,Non - Linear,0.0,0.0032,0.0032,0.0,0.0,0.0,0.0,0.0,0,0,0,Not applicable as the project or activity is site specific,,NO,NO,NO,2026-07-09T09:27:29.505+00:00,,,Degraded Forest Land,true,"Rural Development Department
Tashiling,Secreteriate",Gangtok,11,State Government (Department/Autonomous body),Pr Secretary,Gangtok,11,North  District,Khasmal Land,https://parivesh.nic.in/dms/okm/downloadDocument?docTypemappingId=40829&refId=1234754283&refType=caf&uuid=552e8ae4-d836-43a3-9304-42dfe8dc4c89&version=1.0;https://parivesh.nic.in/dms/okm/downloadDocument?docTypemappingId=58989&refId=1234754283&refType=FC&uuid=94bb08c8-db39-4cb8-8a11-7286a80b7a96&version=1.0,260925,https://parivesh.nic.in/newupgrade/#/report/ec?proposalId=1234756186,0.0,13950.0
1234803808,FLS of Melli - Dentam New BG Railway Line in State of West Bengal and Sikkim,New,WL/SK/SRY/584839/2026,2026-07-09T13:20:59.370+00:00,,,0.0,668.40143,NORTH EAST FRONTIER RAILWAY,,Wildlife clearance form,,,,Melli - Dentam New BG Railway Line,SIKKIM,Namchi,Pamphok,,,,Linear,0.0,0.0,0.0,0.0,0.0,0.0,0.0,0.0,0,0,0,NO,One alignment has been fixed by Railway,NO,NO,NO,2026-07-09T13:26:51.781+00:00,,,,,,,,,,,,South District,,https://parivesh.nic.in/dms/okm/downloadDocument?docTypemappingId=40829&refId=1234794382&refType=caf&uuid=78da0262-30c8-4147-ae70-3568717ac64f&version=1.0,261193,https://parivesh.nic.in/newupgrade/#/report/ec?proposalId=1234803808,0.0,1655.0
1234833689,"Diversion of forest land 0.2000 Hac for construction of office cum residential complex at Tingda RF, Kabi block under Phodong(T) range Mangan District.",New,FP/SK/CommPost/584865/2026,2026-07-10T05:01:35.229+00:00,,Pending at DFO due to EDS by Nodal Officer,0.2,400.0,SUBSIDIARY INTELLIGENCE BUREAU GANGTOK,,Forest clearance form,,,,"Diversion of forest land 0.2000 Hac for construction of office cum residential complex at Tingda RF, Kabi block under Phodong(T) range Mangan District",SIKKIM,Mangan,Tingda,,,0,Non - Linear,0.0,0.2,0.2,0.0,0.0,0.0,0.0,0.0,0,0,0,Not applicable as the project or activity is site specific,,NO,NO,NO,2026-07-10T10:29:04.083+00:00,,,Degraded Forest Land,true,"SIB Office Baluwakhani, Gangtok",,11,Central Government (Department/Autonomous body),Joint Deputy Director,,11,North  District,0,https://parivesh.nic.in/dms/okm/downloadDocument?docTypemappingId=40829&refId=1234333945&refType=caf&uuid=d6c1667a-2cd1-4697-bef2-df5ecad70a82&version=1.0;https://parivesh.nic.in/dms/okm/downloadDocument?docTypemappingId=58989&refId=1234333945&refType=FC&uuid=19a188ac-18b8-434d-b52f-ba4a44ddc8d8&version=1.0,0,https://parivesh.nic.in/newupgrade/#/report/ec?proposalId=1234833689,500.0,500.0
1235303578,FLS of Melli - Dentam New Line Project (Aerial Survey),New,WL/SK/SRY/585452/2026,2026-07-15T06:28:31.849+00:00,,,0.0,650.0,NORTH EAST FRONTIER RAILWAY,,Wildlife clearance form,,,,Permission for FLS of Kitam Bird Sanctuary and Wildlife for FLS of Melli - Dentam New Line Project,SIKKIM,Soreng,Aroobotey,,,,Linear,0.0,0.0,0.0,0.0,0.0,0.0,0.0,0.0,0,0,0,NO,Not required,NO,NO,NO,2026-07-15T06:30:22.769+00:00,,,,,,,,,,,,West District,,https://parivesh.nic.in/dms/okm/downloadDocument?docTypemappingId=40829&refId=1235300897&refType=caf&uuid=bb0c83f4-a66d-405a-9656-dee9d66a97bd&version=1.0,261075,https://parivesh.nic.in/newupgrade/#/report/ec?proposalId=1235303578,1810.0,1810.0
1235767188,"The Sikkim Integrated Urban Development Project (SIUDP), financed by the Asian Development Bank (ADB), includes the development of a comprehensive water supply scheme for Pakyong. As part of this scheme, a 250 KL Clear Water Reservoir (CWR) is proposed at Pachey (Latitude: 27.247074; Longitude: 88.611553). The CWR will receive treated water from the Water Treatment Plant (WTP) and serve as a storage facility before distributing it through the water supply network.",New,FP/SK/WATER/585996/2026,2026-07-20T06:56:48.572+00:00,,Pending at UA due to EDS by DFO,0.015,40.0,Urban Development Department,,Forest clearance form,,,,Establishment of Clear Water Reservoir in Pakyong under Sikkim Integrated Urban Development Project,SIKKIM,Pakyong,Pachey,,,,Non - Linear,0.0,0.015,0.015,0.0,0.0,0.0,0.0,0.0,0,0,0,NO,"No alternative site was examined, as the selected location is the most technically suitable and operationally feasible for the proposed 250 KL Clear Water Reservoir. The site has been finalized based on hydraulic design requirements, favorable topography, proximity to the proposed Water Treatment Plant (WTP), and optimal integration with the water distribution network, making it the most appropriate location for the project.",NO,NO,NO,2026-07-22T09:56:17.140+00:00,,,Degraded Forest Land,true,"Level-5, Kisan Bazar, Lal Market road, Gangtok, Sikkim",,11,State Government (Department/Autonomous body),Urban Planner Expert,,11,East District,,https://parivesh.nic.in/dms/okm/downloadDocument?docTypemappingId=40829&refId=1233585010&refType=caf&uuid=e86d79fe-ca34-478c-b575-74208348fb5e&version=1.0;https://parivesh.nic.in/dms/okm/downloadDocument?docTypemappingId=58989&refId=1233585010&refType=FC&uuid=afd98b43-b6c4-4f10-a3f1-5e2cebd17b81&version=1.0,261332,https://parivesh.nic.in/newupgrade/#/report/ec?proposalId=1235767188,88.0,2192.0
1237082035,"The Sikkim Integrated Urban Development Project (SIUDP) includes the development of a comprehensive water supply system for the Tadong area. One of the key subcomponents of the project is the construction of 11 MLD Water Treatment Plant (WTP) at Bhusuk (27°21'4.03""N, 88°39'22.31""E) to provide a reliable and sustainable potable water supply to Tadong Ward, Gangtok. The proposed WTP will draw raw water from three perennial sources—Bhusuk Khola, Namnang Khola, and Kenchu Khola. The project also includes the construction of an approximately 1,025 m long and 4 m wide approach road. Accordingly, the present proposal seeks diversion of 0.92 ha of forest land for the construction of the 11 MLD WTP and associated approach road at Bhusuk under SIUDP.",New,FP/SK/OTHERS/587403/2026,2026-07-31T09:22:55.615+00:00,,Pending at DFO for Scrutiny and Recommendation,0.92,1134.0,Urban Development Department,,Forest clearance form,,,,Construction of 11 MLD Water Treatment Plant (WTP) and Approach Road at Bhusuk under Sikkim Integrated Urban Development Project (SIUDP),SIKKIM,Gangtok,Bhusuk,,,,Hybrid,0.0,0.92,0.92,0.0,0.0,0.0,0.0,0.0,0,0,0,NO,"No alternative site was examined as the selected location is the most technically feasible and hydraulically suitable, being in close proximity to the identified water sources and minimizing engineering and environmental constraints.",NO,NO,NO,2026-07-31T11:04:05.726+00:00,,,Degraded Forest Land,true,"Level-5, Kisan Bazar, Lal Market road, Gangtok, Sikkim",,11,State Government (Department/Autonomous body),Urban Planner Expert,,11,East District,,https://parivesh.nic.in/dms/okm/downloadDocument?docTypemappingId=40829&refId=1237053490&refType=caf&uuid=8abf13c6-0d7e-414f-83ab-e34c905a6963&version=1.0;https://parivesh.nic.in/dms/okm/downloadDocument?docTypemappingId=58989&refId=1237053490&refType=FC&uuid=8029dcf0-241c-47a4-9f9a-91a55a325dba&version=1.0,261314,https://parivesh.nic.in/newupgrade/#/report/ec?proposalId=1237082035,10810.0,9010.0
1238725086,"The Integrated Sports Complex & Cultural Centre at Rey, Ranka, Sikkim is envisioned as a landmark destination for sports excellence, cultural activities, tourism, and community engagement in the State of Sikkim. The project aims to establish an international-standard multi-sports and cultural campus that will nurture sporting talent, host national and international events, promote cultural heritage, and contribute significantly to the socio-economic development of the region.
The proposed development is planned on a 70.30-acre site owned by the Government of Sikkim at Rey, Ranka, strategically located at Latitude 27.32° N and Longitude 88.55° E. The campus will have a total Built-up Area (BUA) of approximately 150,000 sq.m., comprising world-class sports infrastructure, cultural facilities, athlete accommodation, administrative buildings, public spaces, and supporting utilities.",New,SIA/SK/INFRA2/589423/2026,2026-08-18T14:56:19.695+00:00,2026-08-24T09:09:13.666+00:00,EC Granted,28.4,3850.13,Buildings and Housing Department,,Environment clearance form,TOR,B2,Building / Construction,Golden Jubilee Integrated Cultural and Sports Village,SIKKIM,Gangtok,Namin,,510/GoS/F&ED/SEIAA/SEAC,,Non - Linear,28.4,0.0,28.4,0.0,0.0,0.0,0.0,0.0,0,0,0,NO,NA,NO,NO,NO,2026-08-18T19:07:58.871+00:00,,,,,,,,,,,,East District,,https://parivesh.nic.in/dms/okm/downloadDocument?docTypemappingId=40829&refId=1238620677&refType=caf&uuid=8859cc1b-b487-4836-974b-67af1b4bc310&version=1.0,261289,https://parivesh.nic.in/newupgrade/#/report/ec?proposalId=1238725086,1200.0,156770.0
1239519977,Forest land diversion at Dentam to Tourism and Civil Aviation Dept.,New,FP/SK/OTHERS/590453/2026,2026-08-27T11:11:51.280+00:00,,Pending at UA for DFO EDS Reply,0.182,15.0,Tourism and Civil Aviation Department,,Forest clearance form,,,,"Forest land diversion at Sub- TIC Dentam, Gyalshing Dist. West Sikkim",SIKKIM,Gyalshing,Bangten,,,,Linear,0.0,0.182,0.182,0.0,0.0,0.0,0.0,0.0,0,0,0,Not applicable as the project or activity is site specific,,NO,NO,NO,2026-09-01T07:53:09.630+00:00,,,,false,"Paryatan Bhawan, Metro Point Gangtok",,11,State Government (Department/Autonomous body),Divisional Engg.,,11,West District,,https://parivesh.nic.in/dms/okm/downloadDocument?docTypemappingId=40829&refId=1239511650&refType=caf&uuid=4988cb0b-4f04-4a51-a98e-b7da6a6a8bf9&version=1.0;https://parivesh.nic.in/dms/okm/downloadDocument?docTypemappingId=58989&refId=1239511650&refType=FC&uuid=ee034524-789a-4558-87ee-ae784627f241&version=1.1,261023,https://parivesh.nic.in/newupgrade/#/report/ec?proposalId=1239519977,290.0,280.0
1240004214,"Construction of car plaza, byepass road at Namthang Bazzar under Namchi District by UDD, Govt. of Sikkim",New,FP/SK/OTHERS/590994/2026,2026-09-02T12:08:37.548+00:00,,Pending at DFO for Scrutiny and Recommendation,0.2358,2669.74,URBAN DEVELOPMENT AND HOUSING DEPARTMENT,,Forest clearance form,,,,"Diversion of 0.12 ha of forest land for construction of car plaza, byepass road at Namthang Bazzar, Namchi Disrict by UDD, Govt. of Sikkim",SIKKIM,Namchi,Namthang Forest Block,,,0.12 Ha proposed area,Non - Linear,0.1158,0.12,0.2358,0.0,0.0,0.0,0.0,0.0,0,0,0,Not applicable as the project or activity is site specific,,NO,NO,NO,2026-09-02T12:24:44.918+00:00,,,Degraded Forest Land,true,"UDD, GoS, South, Jorthang UDD, GoS, South, Jorthang",Namchi,11,State Government (Department/Autonomous body),SE,Namchi,11,South District,0.12 Ha proposed area,https://parivesh.nic.in/dms/okm/downloadDocument?docTypemappingId=40829&refId=1240001509&refType=caf&uuid=22bc8834-7e4e-4eaf-8cd1-d729f5d56443&version=1.0;https://parivesh.nic.in/dms/okm/downloadDocument?docTypemappingId=58989&refId=1240001509&refType=FC&uuid=41bb07cd-6320-4973-9056-07243ba37623&version=1.0,261201,https://parivesh.nic.in/newupgrade/#/report/ec?proposalId=1240004214,0.0,109286.0
1240422605,Limkhimtar has been selected as the venue for the upcoming North East Biker Rider Meet a major event expected to attract motorcycle riders and enthusiasts from different parts of the country. The event is anticipated to significantly boost tourism and promote the region as a adventure tourism destination.In view of expected increase in vehicular movement and visitor footfall the improvement and strengthening of the road is considered essential to ensure safe reliable and all weather connectivity. The proposed upgradation and carpeting of the road will not only facilitiate the successful conduct of the event but also will provide long-term benefits by enhancing accessibility promoting tourism and supporting the socio economic development of the area.,New,FP/SK/ROAD/591512/2026,2026-09-08T06:56:33.144+00:00,,Pending at DFO for Scrutiny and Recommendation,1.4604,1011.0579,Public Works Department,,Forest clearance form,,,,Upgradation and carpeting of road from Donok to Limkhimtar Picnic Spot under Namchi District In Sikkim.,SIKKIM,Namchi,Mamring,,,57,Linear,0.0,1.4604,1.4604,0.0,0.0,0.0,0.0,0.0,0,0,0,Not applicable as the project or activity is site specific,,NO,NO,NO,2026-09-08T08:12:39.680+00:00,,,Degraded Forest Land,true,"Road and Bridges Department, PWD, Namchi , Sikkim",Namchi,11,State Government (Department/Autonomous body),Divisional Engineer,Namchi,11,South District,57,https://parivesh.nic.in/dms/okm/downloadDocument?docTypemappingId=40829&refId=1240416151&refType=caf&uuid=6fb95f3b-94d9-4f31-a765-998542663281&version=1.0;https://parivesh.nic.in/dms/okm/downloadDocument?docTypemappingId=58989&refId=1240416151&refType=FC&uuid=d9806d2b-4fc3-489d-975c-77c5d86b898d&version=1.0,261195,https://parivesh.nic.in/newupgrade/#/report/ec?proposalId=1240422605,3678.0,3678.0
1241242576,"The Indian Government has set an ambitious target of installing 150 GW of solar energy by the  end of 2022. Sikkim has been given a target of installation of 5O MW of grid connected solar energy by 2022. Only 5 MW has been installed in the state as on June 2022. Sikkim Power department buys more than 50% of the energy required by the state from thermal power plant. Burning of coal release harmful gases which cause global warming.
The land proposed would be used for setting up of 5 MW grid connected Solar Photovoltaic Power plant which would produce about 6 million units of clean energy every year.
As the proposed site is above tree line, No trees will have to be cut while the solar modules will be installed above the shrubs and bushes present in the vicinity. Hence minimum flora and fauna would be effected
The proposed site lies on a naturally south facing hill which receives good solar radiation. The proposed site has a road and an electrical transmission line passing through it.",New,FP/SK/OTHERS/592530/2026,2026-09-18T06:38:08.408+00:00,,Pending at DFO for Scrutiny and Recommendation,10.1,2500.0,ABHINAY BHANDARI,,Form-F: Application for Transfer of Lease/Change in User Agency Name,,,,"Diversion of 10.1 Ha of forest land for Setting up of 5 MW grid connected Solar Photovoltaic Power Plant near Hangu Lake, Gangtok, Sikkim by M/s REACH",SIKKIM,Gangtok,Kyongnosla Forest Block,,,,Hybrid,0.0,10.1,10.1,0.0,0.0,0.0,0.0,0.0,0,0,0,Not applicable as the project or activity is site specific,,NO,NO,NO,2026-09-18T06:47:58.589+00:00,,,,,"Renewable Energy Application and Consultation in Himalayas (REACH)
Below Sub Power Station, 5th Mile, Tadong
Gangtok, 737102",Fifth Mile Tadong  Gangtok Sikkim,11,Individual,Proprietor,,11,East District,,https://parivesh.nic.in/dms/okm/downloadDocument?docTypemappingId=40829&refId=2828749&refType=caf&uuid=43161705-df16-42cc-b491-07a7e778d0e9&version=1.1,261318,https://parivesh.nic.in/newupgrade/#/report/ec?proposalId=1241242576,5760.0,3830.0
1241417792,"Water Supply scheme i/c Last mile tap water Connectivity to 1855 household of Nayabazaar and Bagar Line area under Jorethang Nagar Panchayat,South Sikkim.",New,FP/SK/WATER/592736/2026,2026-09-20T13:06:28.598+00:00,,Pending at UA for DFO EDS Reply,0.1849,1891674.0,Public Health Engineering Department,,Forest clearance form,,,,"Diversion of 0.1849 ha forest land for the construction of filter house above Naya Bazar School Tank, by PHE Department, GoS under Soreng T Division",SIKKIM,Soreng,Nayabazar Forest Block,,,0.1849,Non - Linear,0.0,0.1849,0.1849,0.0,0.0,0.0,0.0,0.0,0,0,0,Not applicable as the project or activity is site specific,,NO,NO,NO,2026-09-20T13:38:35.002+00:00,,,Degraded Forest Land,true,"Nirman Bhawan, Gangtok",Gangtok,11,State Government (Department/Autonomous body),Junior Engineer,Gangtok,11,West District,0.1849,https://parivesh.nic.in/dms/okm/downloadDocument?docTypemappingId=40829&refId=1241417538&refType=caf&uuid=4d345e1e-e5b9-4580-ae20-b1c215531dc7&version=1.0;https://parivesh.nic.in/dms/okm/downloadDocument?docTypemappingId=58989&refId=1241417538&refType=FC&uuid=35c96b0b-23d7-4031-b07a-be7770926fc0&version=1.0,261104,https://parivesh.nic.in/newupgrade/#/report/ec?proposalId=1241417792,0.0,55500.0
1241467717,"Establishment of a Modern Yak Milk Processing and Value Addition Unit for Production and Marketing of Organic Yak Milk Products at Kupup, Gnathang GPU, Gangtok District, Sikkim",New,FP/SK/OTHERS/592778/2026,2026-09-21T07:22:13.782+00:00,,Pending at DFO for Scrutiny and Recommendation,0.0929,222.8078,Animal Husbandry and Veterinary Services,,Forest clearance form,,,,"Establishment of a Modern Yak Milk Processing and Value Addition Unit for Production and Marketing of Organic Yak Milk Products at Kupup, Gangtok District, Sikkim",SIKKIM,Gangtok,Kyongnosla Forest Block,,,0,Non - Linear,0.0,0.0929,0.0929,0.0,0.0,0.0,0.0,0.0,0,0,0,Not applicable as the project or activity is site specific,,NO,NO,NO,2026-09-21T07:33:33.654+00:00,,,Degraded Forest Land,true,Krishi Bhawan Tadong Gangtok Sikkim,Tadong,11,State Government (Department/Autonomous body),Secretary Cum Principal Director,Tdong Gangtok,11,East District,0,https://parivesh.nic.in/dms/okm/downloadDocument?docTypemappingId=40829&refId=1241080563&refType=caf&uuid=65932faf-8589-43d1-a60d-0c57d8111c6c&version=1.0;https://parivesh.nic.in/dms/okm/downloadDocument?docTypemappingId=58989&refId=1241080563&refType=FC&uuid=21060d27-0ddc-49e6-a5b5-1a5c67cc3e64&version=1.0,261318,https://parivesh.nic.in/newupgrade/#/report/ec?proposalId=1241467717,0.0,150000.0
1241567604,"The name of the project is Diversion of 5.3864 hectare of forest land for Construction of new road from Beer factory Fatak to Kerabari Shanti chowk in Namchi District. The proposed road will serve as a very important connectivity route and is expected to become the lifeline for the people residing in the surrounding villages. The road, having a total length of 6.51 km, will provide connectivity to villages such as Kubinday, Kerabari and Mellidara. The local population is largely dependent on agriculture and poultry farming for their livelihood, and improved road connectivity will facilitate the transportation and marketing of agricultural and poultry produce, thereby contributing significantly to the socio-economic development of the area.
There is no road connectivity for these villages and hence the Government has decided to connect these villages by constructing a rural connectivity road funded by PMGSY IV and has been sanctioned by the concern Ministry.",New,FP/SK/ROAD/592901/2026,2026-09-22T07:23:43.852+00:00,,Pending at MS for Acceptance in PSC-I,7.8124,1346.638,"RURAL DEVELOPMENT DEPARTMENT, GOVT OF SIKKIM",,Forest clearance form,,,,Construction of RCR from Beer Factory Fatak to Kerabari Shanti Chowk,SIKKIM,Pakyong,Aho,,,,Linear,2.426,5.3864,7.8124,0.0,0.0,0.0,0.0,0.0,0,0,0,Not applicable as the project or activity is site specific,,NO,NO,NO,2026-09-22T09:21:56.895+00:00,,,Degraded Forest Land,true,jorethang,Melli,11,State Government (Department/Autonomous body),Junior Engineer,Jorethang,11,East District,,https://parivesh.nic.in/dms/okm/downloadDocument?docTypemappingId=40829&refId=1241466930&refType=caf&uuid=b71bf50c-bab1-457d-96d3-3d53a5e084ee&version=1.0;https://parivesh.nic.in/dms/okm/downloadDocument?docTypemappingId=58989&refId=1241466930&refType=FC&uuid=9e4c4302-0ed4-41dd-a8fd-e86bd5b007ba&version=1.0,261330,https://parivesh.nic.in/newupgrade/#/report/ec?proposalId=1241567604,114377.0,114377.0
