ID,Project Description,Proposal Type,Proposal Number,Application Date,Grant Date,Last Visible Status,Project Land Requirement (Hectares),Total Cost (Lakhs),Organization Name,EC Consultant,Description,Category,Project Category (Code),Project Category,Project Name,State,Sub District,Village,MoEFCC File,State File,Plot Nos,Shape of Project,Existing Non-Forest Land,Existing Forest Land,Existing Total Land,Additional Non-Forest Land,Additional Forest Land,Additional Total Land,Existing Cost,Expansion Cost,Villages Affected,Project Displaced Families,Project Affected Families,Alternative Site Examined,Alternative Site Description,Government Restriction,Litigation Pending,Violation Involved,Last Submission Date,Project Exemption Reason,Cost Benefit Report PDF,Compensatory Afforestation Type,Is Applicable Compensatory Afforestation,Organization Street,Organization City,Organization State,Organization Legal Status,Applicant Designation,Applicant City,Applicant State,District,Plot Number,KML URLs,Village Code,proposal_url,Employment (Construction),Employment (Operational)
866597,Diversion of 0.0485 Hectare Protected Forest land for laying 160 mm dia MDPE pipeline parallel & across to Road side strip plantation declared as Protected Forest for Surangi village & Surrounding Area of Dadra and Nagar Haveli (U/T).,New,FP/DN/Pipeline/401154/2022,2022-09-23T07:29:55.527+00:00,,REMOVED,0.0485,3.64,GUJARAT GAS LIMITED,,Forest clearance form,,,,Gas Distribution Network in DNH GA (Raj Rayon Industry Connectivity),THE DADRA AND NAGAR HAVELI AND DAMAN AND DIU,Dadra & Nagar Haveli,SURANGI,,,Parallel & across to Road side strip,Linear,0.0,0.0485,0.0485,0.0,0.0,0.0,0.0,0.0,0,0,0,Not applicable as the project or activity is site specific,,NO,NO,NO,2023-07-11T18:30:00.000+00:00,,,,false,"301-304 
3rd Floor
IT Tower-1
Infocity
Gandhinagar",,24,"State PSU (eg. State Forest Corp., TANGEDCO, Mineral development Corp)",Dy. Manager (ROU),Ahmedabad,24,DADRA & NAGAR HAVELI,Parallel & across to Road side strip,https://parivesh.nic.in/dms/okm/downloadDocument?docTypemappingId=40829&refId=864206&refType=caf&uuid=550f370d-18cc-41ab-8ed7-cbec95e26117&version=1.1;https://parivesh.nic.in/dms/okm/downloadDocument?docTypemappingId=58989&refId=864206&refType=caf&uuid=d6bbd5e3-0289-4d14-b9ec-86df26403dbe&version=1.2,,https://parivesh.nic.in/newupgrade/#/report/ec?proposalId=866597,0.0,0.0
955272,"RIL is a leading manufacturer of polyester and proposes to expand the polyester manufacturing capacity at Silvassa. On production of the polymer, different grades of polyester will be produced/ finished and will be ready for further production of fabrics.

RIL SMD also proposes to produce recycled PET so as to sustainably contribute to production of raw material for food and other grades of PET.",Expansion,IA/DN/IND2/401672/2022,2022-09-28T11:56:23.616+00:00,2022-11-16T18:04:13.563+00:00,TOR GRANTED,62.32,11.60236,RELIANCE INDUSTRIES LIMITED,,Environment clearance form,TOR,A,Manmade fibers manufacturing,Expansion of Polyester manufacturing capacity and establishing r-PET unit,THE DADRA AND NAGAR HAVELI AND DAMAN AND DIU,Dadra & Nagar Haveli,Naroli (CT),IA-J-11011/448/2022-IA-II(I),IA-J-11011/448/2022-IA-II(I),,Hybrid,62.32,0.0,62.32,23.2,0.0,23.2,410236.0,750000.0,0,0,0,NO,"The proposal is for expansion of existing facility. Necessary infrastructure, logistics and administrative support is available at site. Thus, no alternatives considered.",NO,NO,NO,2022-11-03T07:26:31.139+00:00,,,,,,,,,,,,DADRA AND NAGAR HAVELI,,https://parivesh.nic.in/dms/okm/downloadDocument?docTypemappingId=40829&refId=953357&refType=caf&uuid=abe7161a-9795-42ee-89fa-f8873d784e17&version=1.3,,https://parivesh.nic.in/newupgrade/#/report/ec?proposalId=955272,2208250.0,1796895.0
1135831,Widening of Existing Road from SSR College to Canal Junction,New,FP/DN/ROAD/403082/2022,2022-10-14T06:51:16.182+00:00,2024-11-18T16:40:55.198+00:00,Final Diversion Order Issued,0.75,2100.0,EXECUTIVE ENGINEER ROAD DIVISION,,Forest clearance form,,,,Widening of Existing road from SSR College (Ch4/0 to Canal Junction 5/5 Km.),THE DADRA AND NAGAR HAVELI AND DAMAN AND DIU,Dadra & Nagar Haveli,SAILI,,,,Linear,0.0,0.75,0.75,0.0,0.75,0.75,2100.0,0.0,0,0,0,Not applicable as the project or activity is site specific,,NO,NO,NO,2022-10-30T18:30:00.000+00:00,,,Degraded Forest Land,true,"Office of the Executive Engineer (Road Division), Near Government Housing Complex, Silvassa",SILVASSA,38,Central Government (Department/Autonomous body),Executive Engineer,Silvassa,38,Dadra & Nagar Haveli,,https://parivesh.nic.in/dms/okm/downloadDocument?docTypemappingId=40829&refId=1120136&refType=caf&uuid=9847ad8f-67cb-403d-ac39-3b0094551992&version=1.1;https://parivesh.nic.in/dms/okm/downloadDocument?docTypemappingId=58989&refId=1120136&refType=FC&uuid=51b453a6-10bc-4a38-89c4-63f1386ce3e5&version=1.0,524949,https://parivesh.nic.in/newupgrade/#/report/ec?proposalId=1135831,11000.0,12350.0
1142870,Residential building having 266 sq. mt built-up area (G+1),New,IA/DN/CRZ/403141/2022,2022-10-14T10:41:53.703+00:00,,,0.0266,18.0,SUJAL PATEL,,CRZ clearance form,CRZ,,,Residential Unit,THE DADRA AND NAGAR HAVELI AND DAMAN AND DIU,Daman,Devka,,,97/1,Non - Linear,0.0266,0.0,0.0266,0.0,0.0,0.0,0.0,0.0,0,0,0,Not applicable as the project or activity is site specific,,NO,NO,NO,2022-10-14T11:30:21.801+00:00,,,,,,,,,,,,DAMAN,97/1,https://parivesh.nic.in/dms/okm/downloadDocument?docTypemappingId=40829&refId=1126266&refType=caf&uuid=cd90cf40-656e-4aff-a543-006e7a725ae8&version=1.2,,https://parivesh.nic.in/newupgrade/#/report/ec?proposalId=1142870,500.0,0.0
1199577,Upgradation and Strengthening of exisiting immediate land for Kauncha Bridge to Jamalpada Road (Ch. 0/0 to 3/041) of towards Forest Land (Ch. 0/0 to 0/314),New,FP/DN/ROAD/403678/2022,2022-10-18T12:41:49.402+00:00,2026-08-11T12:14:09.359+00:00,Final Diversion Order Issued,2.012,510.0,EXECUTIVE ENGINEER ROAD DIVISION,,Forest clearance form,,,,Diversion of the Forest Land for the Upgradation and Strengthening of exisiting immediate land for Kauncha Bridge to Jamalpada Road (Ch. 0/0 to 3/041) of towards Forest Land (Ch. 0/0 to 0/314),THE DADRA AND NAGAR HAVELI AND DAMAN AND DIU,Dadra & Nagar Haveli,JAMALPADA,,,56,Linear,1.4587,0.5533,2.012,0.0,0.0,0.0,0.0,0.0,0,0,0,Not applicable as the project or activity is site specific,,NO,NO,NO,2023-06-01T18:30:00.000+00:00,,,Degraded Forest Land,true,"Office of the Executive Engineer (Road Division), Near Government Housing Complex, Silvassa",Silvassa,38,Central Government (Department/Autonomous body),Executive Engineer,,38,Dadra & Nagar Haveli,56,https://parivesh.nic.in/dms/okm/downloadDocument?docTypemappingId=40829&refId=1198303&refType=caf&uuid=992ff8e2-4c91-4251-a445-a92385b06fc1&version=1.0;https://parivesh.nic.in/dms/okm/downloadDocument?docTypemappingId=58989&refId=1198303&refType=FC&uuid=9cdc3097-d8d6-4a6a-8fe4-37382aefb05e&version=1.2;https://parivesh.nic.in/dms/okm/downloadDocument?docTypemappingId=58989&refId=1198303&refType=FC&uuid=d80c29f5-2ad6-4a98-83e3-c04742ed4f56&version=1.2,524972,https://parivesh.nic.in/newupgrade/#/report/ec?proposalId=1199577,5250.0,4680.0
1390178,"Gas Distribution Network in DNH GA (Hindalco Industry Connectivity, Raj Rayon Industry Connectivity & Beekaylon Industry Connectivity-I & II): Diversion of 0.1538 Hectare Protected Forest land for laying 6” dia Steel/160 mm dia MDPE pipeline parallel & across to Road side strip plantation declared as Protected Forest for Surangi – Rudana village & Surrounding Area of Dadra and Nagar Haveli (U/T).",New,FP/DN/Pipeline/405253/2022,2022-11-03T13:17:02.552+00:00,2023-12-12T09:46:46.881+00:00,Final Diversion Order Issued,0.1538,35.81,GUJARAT GAS LIMITED,,Forest clearance form,,,,"Gas Distribution Network in DNH GA (Hindalco Industry Connectivity, Raj Rayon Industry Connectivity & Beekaylon Industry Connectivity-I & II)",THE DADRA AND NAGAR HAVELI AND DAMAN AND DIU,03949,Rudana,,,The pipeline has been proposed along & within ROW of Road,Linear,0.0,0.1538,0.1538,0.0,0.0,0.0,0.0,0.0,0,0,0,Not applicable as the project or activity is site specific,,NO,NO,NO,2023-01-12T18:30:00.000+00:00,,,,false,"301-304 
3rd Floor
IT Tower-1
Infocity
Gandhinagar",Ahmedabad,24,"State PSU (eg. State Forest Corp., TANGEDCO, Mineral development Corp)",Dy. Manager (ROU),Ahmedabad,24,496,The pipeline has been proposed along & within ROW of Road,https://parivesh.nic.in/dms/okm/downloadDocument?docTypemappingId=40829&refId=1370586&refType=caf&uuid=ffea3c3a-34e8-4f70-abe9-2576c7030e36&version=1.3;https://parivesh.nic.in/dms/okm/downloadDocument?docTypemappingId=58989&refId=1370586&refType=caf&uuid=3eb219fa-5d56-476b-adf2-4bcf27300dab&version=1.0,,https://parivesh.nic.in/newupgrade/#/report/ec?proposalId=1390178,0.0,0.0
1438554,Shahrevar A. Damania (Hotel Project),New,IA/DN/CRZ/405717/2022,2022-11-07T12:37:52.353+00:00,,,0.4114,252.95,SHAHREVAR DAMANIA,,CRZ clearance form,CRZ,,,Jampore Resort,THE DADRA AND NAGAR HAVELI AND DAMAN AND DIU,Daman,Pariari,,,65/1,Non - Linear,0.4114,0.0,0.4114,0.0,0.0,0.0,0.0,0.0,0,0,0,Not applicable as the project or activity is site specific,,NO,NO,NO,2023-01-17T09:25:15.259+00:00,,,,,,,,,,,,Daman,65/1,https://parivesh.nic.in/dms/okm/downloadDocument?docTypemappingId=40829&refId=727003&refType=caf&uuid=74ac14dc-c376-43a2-848d-5d1183f449a7&version=1.0,524921,https://parivesh.nic.in/newupgrade/#/report/ec?proposalId=1438554,2000.0,7665.0
1457574,400 kV D/c Magarwada-Kala,New,FP/DN/TRANS/405851/2022,2022-11-09T07:37:59.236+00:00,2024-06-11T07:10:46.699+00:00,Final Diversion Order Issued,31.8155,27900.0,POWER GRID CORPORATION OF INDIA LTD,,Forest clearance form,,,,400 kV D/c Magarwada-Kala,THE DADRA AND NAGAR HAVELI AND DAMAN AND DIU,Daman,AMBAWADI,,,,Linear,25.1574,6.6581,31.8155,0.0,0.0,0.0,0.0,0.0,0,0,0,YES,,NO,NO,NO,2023-11-22T18:30:00.000+00:00,,https://parivesh.nic.in/dms/okm/downloadDocument?docTypemappingId=59020&refId=1457573&refType=fc&uuid=f801c4f3-697d-4537-9880-4b6b9736b522&version=1.0,Degraded Forest Land,true,POWERGRID SECTOR 29 GURGAON,,6,"Central PSU (eg. NHAI, AAI, NTP, CIL, SAIL)",Chief Manager,,24,Daman,,https://parivesh.nic.in/dms/okm/downloadDocument?docTypemappingId=40828&refId=1419039&refType=caf&uuid=cc0f0132-df3c-498c-9d2c-220571b96131&version=1.3;https://parivesh.nic.in/dms/okm/downloadDocument?docTypemappingId=40828&refId=1419039&refType=caf&uuid=ea47ec5d-13a9-4f5e-b8cf-b0fa04251cda&version=1.3;https://parivesh.nic.in/dms/okm/downloadDocument?docTypemappingId=40829&refId=1419039&refType=caf&uuid=594879bb-1050-4bb4-b9ba-40e06e085a10&version=1.1;https://parivesh.nic.in/dms/okm/downloadDocument?docTypemappingId=40828&refId=1419039&refType=caf&uuid=ea47ec5d-13a9-4f5e-b8cf-b0fa04251cda&version=1.4;https://parivesh.nic.in/dms/okm/downloadDocument?docTypemappingId=58989&refId=1419039&refType=FC&uuid=b23a32f1-9e10-4303-8275-45d4fbab8674&version=1.0,,https://parivesh.nic.in/newupgrade/#/report/ec?proposalId=1457574,68075.0,58415.0
1581746,BEACH RESORT HOTEL,New,IA/DN/CRZ/406847/2022,2022-11-17T08:09:07.415+00:00,,,5300.0,1500.0,JAYANTI D TANDEL,,CRZ clearance form,CRZ,,,THE WAVES,THE DADRA AND NAGAR HAVELI AND DAMAN AND DIU,0,KATHIRIA,,,12/1,Linear,5300.0,0.0,5300.0,0.0,0.0,0.0,0.0,0.0,0,0,0,Not applicable as the project or activity is site specific,,NO,NO,NO,2022-11-18T13:00:23.659+00:00,,,,,,,,,,,,Daman,12/1,https://parivesh.nic.in/dms/okm/downloadDocument?docTypemappingId=40829&refId=1482753&refType=caf&uuid=58a259ea-e098-4b98-b195-79503d7d83dd&version=1.0,923609,https://parivesh.nic.in/newupgrade/#/report/ec?proposalId=1581746,18000.0,45625.0
1710271,Upgradation and Strengthening of Road from Ghodbari Bridge to Gujarat Border.,New,FP/DN/ROAD/407916/2022,2022-11-24T14:56:11.637+00:00,,DELISTED_BY_SYSTEM,5.8816,492.21,EXECUTIVE ENGINEER ROAD DIVISION,,Forest clearance form,,,,Diversion of Forest Land (PF & RF) for the Upgradation of 1 1⁄2 (1.5) Lane road from Ghodbari Bridge to Gujarat Border,THE DADRA AND NAGAR HAVELI AND DAMAN AND DIU,Dadra & Nagar Haveli,GUNSA,,,37,Linear,4.5404,1.3412,5.8816,0.0,0.0,0.0,0.0,0.0,0,0,0,Not applicable as the project or activity is site specific,,NO,NO,NO,2024-05-02T18:30:00.000+00:00,,,Degraded Forest Land,true,"Office of the Executive Engineer (Road Division), Near Government Housing Complex, Silvassa",Silvassa,38,Central Government (Department/Autonomous body),Executive Engineer,"",38,Dadra & Nagar Haveli,37,https://parivesh.nic.in/dms/okm/downloadDocument?docTypemappingId=40829&refId=1709526&refType=caf&uuid=bae3735c-9445-48a0-bc98-c50e74d994a5&version=1.0;https://parivesh.nic.in/dms/okm/downloadDocument?docTypemappingId=58989&refId=1709526&refType=FC&uuid=ff53f2b5-65c4-42e3-8756-eccf1035dc0d&version=1.0,524975,https://parivesh.nic.in/newupgrade/#/report/ec?proposalId=1710271,15100.0,6250.0
1711008,Widening and Strengthening of road Stretch for NH 848A.,New,FP/DN/OTHERS/407925/2022,2022-11-24T16:35:11.393+00:00,,DELISTED_BY_SYSTEM,68.8275,19806.13,EXECUTIVE ENGINEER ROAD DIVISION,,Forest clearance form,,,,"Diversion of Reserve/Protected Forest for Widening & Strengthening of road stretch at Khadoli Satmalia (Ch. 25/2 to 26/6) , Surangi (Ch 28/0 to 28/2 & 29/6 to 29/8) under NH 848A and Dapda Khadoli (Ch 23/7 to 25/4).",THE DADRA AND NAGAR HAVELI AND DAMAN AND DIU,Dadra & Nagar Haveli,SURANGI,,,303,Linear,63.0497,5.7778,68.8275,0.0,0.0,0.0,0.0,0.0,0,0,0,Not applicable as the project or activity is site specific,,NO,NO,NO,2023-12-19T18:30:00.000+00:00,,,Degraded Forest Land,true,"Office of the Executive Engineer (Road Division), Near Government Housing Complex, Silvassa",Dadra and Nagar Haveli,38,Central Government (Department/Autonomous body),Executive Engineer,,38,Dadra & Nagar Haveli,303,https://parivesh.nic.in/dms/okm/downloadDocument?docTypemappingId=40829&refId=1710956&refType=caf&uuid=1bcfbba7-f6d8-4887-a1bd-20ab8bd12223&version=1.0;https://parivesh.nic.in/dms/okm/downloadDocument?docTypemappingId=58989&refId=1710956&refType=FC&uuid=27b09e56-9b5d-42bd-b2c8-5ae7ce034f91&version=1.1;https://parivesh.nic.in/dms/okm/downloadDocument?docTypemappingId=58989&refId=1710956&refType=caf&uuid=a79c4616-2677-44a5-a653-5e41ef605a0a&version=1.1,524959,https://parivesh.nic.in/newupgrade/#/report/ec?proposalId=1711008,93700.0,9460.0
2186540,4G Saturation USOF project by GoI to provide 4G coverage at no network rural area,New,FP/DN/OTHERS/411935/2022,2022-12-24T04:05:42.931+00:00,2023-08-10T11:40:07.180+00:00,Final Diversion Order Issued,0.095,665.0,MAHESH NAIR,,Forest clearance form,,,,Dadra Nagar Havelli 4G Sat USO,THE DADRA AND NAGAR HAVELI AND DAMAN AND DIU,Dadra & Nagar Haveli,KARCHOND,7-5/3-FD/671,,,Non - Linear,0.0,0.095,0.095,0.0,0.0,0.0,0.0,0.0,0,0,0,Not applicable as the project or activity is site specific,,NO,NO,NO,2022-12-23T18:30:00.000+00:00,,,Degraded Forest Land,true,"General Manager Telecom, BSNL Bhavan, Thiruvalla",,32,"Central PSU (eg. NHAI, AAI, NTP, CIL, SAIL)",Satish Singh SDE CMTS Valsad,,32,Dadra & Nagar Haveli,,https://parivesh.nic.in/dms/okm/downloadDocument?docTypemappingId=40829&refId=2186489&refType=caf&uuid=66e3cafc-2f22-49d6-84bb-a6cfcc84ee41&version=1.1;https://parivesh.nic.in/dms/okm/downloadDocument?docTypemappingId=58989&refId=2186489&refType=FC&uuid=13870e37-d1b8-4442-857d-a15a330fbdff&version=1.0,524978,https://parivesh.nic.in/newupgrade/#/report/ec?proposalId=2186540,900.0,0.0
2202319,4G Saturation USOF project by GoI to provide 4G coverage at no network rural area,New,FP/DN/OTHERS/412073/2022,2022-12-26T04:47:28.882+00:00,,REMOVED,0.04,266.0,BHARAT SANCHAR NIGAM LIMITED,,Forest clearance form,,,,Dadra Nagar Havelli 4G Sat Wildlife,THE DADRA AND NAGAR HAVELI AND DAMAN AND DIU,Dadra & Nagar Haveli,LOHARI,,,,Non - Linear,0.0,0.04,0.04,0.0,0.0,0.0,0.0,0.0,0,0,0,Not applicable as the project or activity is site specific,,NO,NO,NO,2022-12-26T04:54:13.549+00:00,,,,false,"General Manager Telecom, BSNL Bhavan, Thiruvalla",,38,"Central PSU (eg. NHAI, AAI, NTP, CIL, SAIL)",Satish Singh SDE CMTS Valsad,,38,Dadra & Nagar Haveli,,https://parivesh.nic.in/dms/okm/downloadDocument?docTypemappingId=40829&refId=2193948&refType=caf&uuid=4a4880e9-bebe-4ab5-b643-2064a37736dd&version=1.0;https://parivesh.nic.in/dms/okm/downloadDocument?docTypemappingId=58989&refId=2193948&refType=FC&uuid=fa1ff269-8a2b-413f-9983-3bca7f4faa0d&version=1.0,524954,https://parivesh.nic.in/newupgrade/#/report/ec?proposalId=2202319,900.0,0.0
2202458,4G Saturation USOF project by GoI to provide 4G coverage at no network rural area,New,WL/DN/Others/412074/2022,2022-12-26T04:56:45.997+00:00,,,0.04,266.0,BHARAT SANCHAR NIGAM LIMITED,,Wildlife clearance form,,,,Dadra Nagar Havelli 4G Sat Wildlife,THE DADRA AND NAGAR HAVELI AND DAMAN AND DIU,Dadra & Nagar Haveli,LOHARI,,,,Non - Linear,0.0,0.04,0.04,0.0,0.0,0.0,0.0,0.0,0,0,0,Not applicable as the project or activity is site specific,,NO,NO,NO,,,,,,,,,,,,,Dadra & Nagar Haveli,,https://parivesh.nic.in/dms/okm/downloadDocument?docTypemappingId=40829&refId=2193948&refType=caf&uuid=4a4880e9-bebe-4ab5-b643-2064a37736dd&version=1.0;https://parivesh.nic.in/dms/okm/downloadDocument?docTypemappingId=59109&refId=2202456&refType=caf&uuid=64a30f93-62db-451d-bbe0-4d5621c76c3d&version=1.1,524954,https://parivesh.nic.in/newupgrade/#/report/ec?proposalId=2202458,900.0,0.0
2458466,"Laying of Underground 11 KV Electric HDD Cable from 66/11 KV Waghdara Sub Station to Infiiloom Textiles Pvt Ltd, Dadra",New,FP/DN/TRANS/413969/2023,2023-01-10T09:31:29.687+00:00,,REJECTED,0.0735,242.0,INFIILOOM TEXTILES PRIVATE LIMITED,,Forest clearance form,,,,"Diversion of Protected Forest land for the laying of 11 KV underground electric cable from 66/11 KV Waghdhara Substation to Infiiloom Textiles Pvt Ltd, Dadra",THE DADRA AND NAGAR HAVELI AND DAMAN AND DIU,Dadra & Nagar Haveli,DADRA,,,Sr. No. 1077 Plot No. 11,Linear,0.069,0.0045,0.0735,0.0,0.0,0.0,0.0,0.0,0,0,0,Not applicable as the project or activity is site specific,,NO,NO,NO,2023-01-10T13:11:36.135+00:00,,,Degraded Forest Land,true,"DAN UDYOG INDUSTRIAL ESTATE , PLOT NO. 56- A, PIPARIYA, SILVASSA, DADRA AND NAGAR HAVELI - 396230",Dadra,38,Private Limited,Project Manager,Dadra,38,Dadra & Nagar Haveli,Sr. No. 1077 Plot No. 11,https://parivesh.nic.in/dms/okm/downloadDocument?docTypemappingId=40829&refId=2382744&refType=caf&uuid=d9b9c682-7159-4745-83e0-0fd26a1f5b3c&version=1.1;https://parivesh.nic.in/dms/okm/downloadDocument?docTypemappingId=58989&refId=2382744&refType=FC&uuid=3a83fbd3-37f5-4a4a-a6f2-052c4c4bae7d&version=1.0,524997,https://parivesh.nic.in/newupgrade/#/report/ec?proposalId=2458466,15550.0,365700.0
2795288,Construction of an approach road from Ambabari Main Road Near Bhusarpada in Kauncha Panchayat.,New,FP/DN/OTHERS/416466/2023,2023-01-31T07:07:38.018+00:00,,REJECTED,0.081,20.0,EXECUTIVE ENGINEER PWD III IRRIGATION DISTRICT PANCHAYAT DADRA AND NAGAR HAVELI,,Forest clearance form,,,,Diversion of Reserve Forest land for the Construction of an approach road from Ambabari Main Road Near Bhusarpada in Kauncha Panchayat,THE DADRA AND NAGAR HAVELI AND DAMAN AND DIU,Dadra & Nagar Haveli,AMBABARI,,,59,Linear,0.0,0.081,0.081,0.0,0.0,0.0,0.0,0.0,0,0,0,Not applicable as the project or activity is site specific,,NO,NO,NO,2023-01-30T18:30:00.000+00:00,,,Degraded Forest Land,true,"Office of The Executive Engineer, PWD-III (IRRIGATION),
Near Government Housing Complex, Silvassa",Silvassa,38,Central Government (Department/Autonomous body),Executive Engineer,Silvassa,38,Dadra & Nagar Haveli,59,https://parivesh.nic.in/dms/okm/downloadDocument?docTypemappingId=40829&refId=2794450&refType=caf&uuid=e78fddcf-04a9-4a31-ac68-26cfd16dc760&version=1.0;https://parivesh.nic.in/dms/okm/downloadDocument?docTypemappingId=58989&refId=2794450&refType=FC&uuid=12ff5aec-6fdd-4d0d-b90c-f577a8e27dba&version=1.2,524971,https://parivesh.nic.in/newupgrade/#/report/ec?proposalId=2795288,2100.0,12450.0
3215980,4G Saturation USOF project by Government of India to provide 4G coverage at no network rural area.,New,FP/DN/CommPost/419313/2023,2023-02-22T04:56:43.346+00:00,,REMOVED,0.095,665.0,BHARAT SANCHAR NIGAM LIMITED,,Forest clearance form,,,,Dadra Nagar Havelli 4G Sat USOF,THE DADRA AND NAGAR HAVELI AND DAMAN AND DIU,Dadra & Nagar Haveli,KARCHOND,,,285,Non - Linear,0.0,0.095,0.095,0.0,0.0,0.0,0.0,0.0,0,0,0,Not applicable as the project or activity is site specific,,NO,NO,NO,2023-02-22T05:16:12.991+00:00,,,Degraded Forest Land,true,"General Manager Telecom, BSNL Bhavan, Thiruvalla",,38,"Central PSU (eg. NHAI, AAI, NTP, CIL, SAIL)",Satish Singh SDE CMTS Valsad,,38,Dadra & Nagar Haveli,285,https://parivesh.nic.in/dms/okm/downloadDocument?docTypemappingId=40829&refId=3196767&refType=caf&uuid=034bd2cd-b150-4a85-b65f-4b5d4f6b2323&version=1.0;https://parivesh.nic.in/dms/okm/downloadDocument?docTypemappingId=58989&refId=3196767&refType=FC&uuid=5b2d3baa-f617-405f-b950-a6a662998ceb&version=1.1,524978,https://parivesh.nic.in/newupgrade/#/report/ec?proposalId=3215980,900.0,0.0
3278372,4G Saturation USOF project funded by Goverment of India to provide 4G coverage at no network rural area.,New,FP/DN/CommPost/419720/2023,2023-02-24T07:01:27.940+00:00,,REMOVED,0.02,133.0,MAHESH NAIR,,Forest clearance form,,,,Dadra Nagar Havelli 4G Sat USOF 2,THE DADRA AND NAGAR HAVELI AND DAMAN AND DIU,Dadra & Nagar Haveli,Kilavani,,,63,Non - Linear,0.0,0.02,0.02,0.0,0.0,0.0,0.0,0.0,0,0,0,Not applicable as the project or activity is site specific,,NO,NO,NO,2023-02-23T18:30:00.000+00:00,,,Degraded Forest Land,true,"General Manager Telecom, BSNL Bhavan, Thiruvalla",,32,"Central PSU (eg. NHAI, AAI, NTP, CIL, SAIL)",Satish Singh SDE CMTS Valsad,,32,Dadra & Nagar Haveli,63,https://parivesh.nic.in/dms/okm/downloadDocument?docTypemappingId=40829&refId=3278254&refType=caf&uuid=35a6906d-27ed-494a-a4ff-abecb57652ca&version=1.0;https://parivesh.nic.in/dms/okm/downloadDocument?docTypemappingId=58989&refId=3278254&refType=FC&uuid=ee7189f4-f3d1-49e3-a3b9-f4b75fda563f&version=1.0,524940,https://parivesh.nic.in/newupgrade/#/report/ec?proposalId=3278372,900.0,0.0
3942741,Underground cable laying in the shoulder of road in place of existing overhead 11 kV lines.,New,FP/DN/REDIV/422078/2023,2023-03-14T10:47:50.104+00:00,,DELISTED_BY_SYSTEM,1.0,60.0,DADRA AND NAGAR HAVELI AND DAMAN AND DIU POWER DISTRIBUTION CORPORATION LIM,,Form-E: Re-Diversion i) Land Use Change ii) Laying of Overhead/ Under Ground OFC/ drinking water pipeline/ slurry pipeline/ electric cable/ CNG/PNG within RoW,,,,Umarkui Over Head to Under Ground Electrical Line,THE DADRA AND NAGAR HAVELI AND DAMAN AND DIU,Dadra & Nagar Haveli,UMARKUI,,,0000,Linear,0.912,0.088,1.0,0.0,0.0,0.0,0.0,0.0,0,0,0,Not applicable as the project or activity is site specific,,NO,NO,NO,2023-03-23T06:21:58.624+00:00,,,,,"1st and 2nd floor, Vidyutbhavan, Next to Secretariat BLDG, 66 kV Road Silvassa, D&NH 396230",,38,Joint Venture (Govt. + Pvt.),Jr.Engineer,,38,Dadra & Nagar Haveli,0000,https://parivesh.nic.in/dms/okm/downloadDocument?docTypemappingId=40829&refId=3931827&refType=caf&uuid=737a29b7-d6d9-426e-8f03-07ed4c3d403d&version=1.2,921574,https://parivesh.nic.in/newupgrade/#/report/ec?proposalId=3942741,80.0,0.0
4046157,4G Saturation USOF project funded by Goverment of India to provide 4G coverage at no network rural area,New,FP/DN/OTHERS/422618/2023,2023-03-18T09:52:29.233+00:00,,Pending on UA for Levies Payment,0.02,133.0,BHARAT SANCHAR NIGAM LIMITED,,Forest clearance form,,,,Dadra Nagar Havelli 4G Sat USO 2 Others,THE DADRA AND NAGAR HAVELI AND DAMAN AND DIU,Dadra & Nagar Haveli,Kilavani,7-5/3-FD/676,,63,Non - Linear,0.0,0.02,0.02,0.0,0.0,0.0,0.0,0.0,0,0,0,Not applicable as the project or activity is site specific,,NO,NO,NO,2023-03-17T18:30:00.000+00:00,,,Degraded Forest Land,true,"General Manager Telecom, BSNL Bhavan, Thiruvalla",,38,"Central PSU (eg. NHAI, AAI, NTP, CIL, SAIL)",Satish Singh SDE CMTS Valsad,,38,Dadra & Nagar Haveli,63,https://parivesh.nic.in/dms/okm/downloadDocument?docTypemappingId=40829&refId=4045844&refType=caf&uuid=f65c3190-efe9-4697-84f8-1b9f036a3510&version=1.0;https://parivesh.nic.in/dms/okm/downloadDocument?docTypemappingId=58989&refId=4045844&refType=FC&uuid=9673f00c-fa3e-43a0-84ec-7ccaef1753c2&version=1.0,524940,https://parivesh.nic.in/newupgrade/#/report/ec?proposalId=4046157,900.0,0.0
4122267,Gas Distribution Network in DNH GA (Shivam Proteco Industry Connectivity): Diversion of 0.0460 Hectare Protected Forest land for laying 160 mm dia MDPE pipeline parallel & across to Road side strip plantation declared as Protected Forest for Surangi village & Surrounding Area of Dadra and Nagar Haveli (U/T).,New,FP/DN/Pipeline/423065/2023,2023-03-22T09:46:36.912+00:00,2023-12-06T06:35:07.034+00:00,Final Diversion Order Issued,0.046,3.68,GUJARAT GAS LIMITED,,Forest clearance form,,,,Gas Distribution Network in DNH GA (Shivam Proteco Industry Connectivity),THE DADRA AND NAGAR HAVELI AND DAMAN AND DIU,Dadra & Nagar Haveli,Surangi,,,Road side strip,Linear,0.0,0.046,0.046,0.0,0.0,0.0,0.0,0.0,0,0,0,Not applicable as the project or activity is site specific,,NO,NO,NO,2023-03-22T11:27:22.619+00:00,,,,false,"301-304 
3rd Floor
IT Tower-1
Infocity
Gandhinagar",Ahmedabad,24,"State PSU (eg. State Forest Corp., TANGEDCO, Mineral development Corp)",Dy. Manager (ROU),Ahmedabad,24,Dadra & Nagar Haveli,Road side strip,https://parivesh.nic.in/dms/okm/downloadDocument?docTypemappingId=40829&refId=4121758&refType=caf&uuid=3c98c9bf-e49d-46ab-9a2a-56ffb02a24b3&version=1.0;https://parivesh.nic.in/dms/okm/downloadDocument?docTypemappingId=58989&refId=4121758&refType=FC&uuid=453df163-19f0-4047-8368-10865ebc7934&version=1.6,524959,https://parivesh.nic.in/newupgrade/#/report/ec?proposalId=4122267,0.0,0.0
4164745,Gas Distribution Network in Dadra & Nagar Haveli Area (Nani Tambadi to Waghchippa (DNH Looping) Connectivity): Diversion of 0.0175 Hectare Protected Forest land for laying 90/125/160 mm dia MDPE pipeline parallel & across to Road side strip plantation declared as Protected Forest for Vaghchhipa village & Surrounding Area of Dadra and Nagar Haveli (U/T).,New,FP/DN/Pipeline/423293/2023,2023-03-24T09:18:55.653+00:00,2023-12-12T06:32:11.137+00:00,Final Diversion Order Issued,0.0175,1.4,GUJARAT GAS LIMITED,,Forest clearance form,,,,Gas Distribution Network in Dadra & Nagar Haveli Area (Nani Tambadi to Waghchippa (DNH Looping) Connectivity),THE DADRA AND NAGAR HAVELI AND DAMAN AND DIU,Dadra & Nagar Haveli,Vaghchhipa,,,Road side strip,Linear,0.0,0.0175,0.0175,0.0,0.0,0.0,0.0,0.0,0,0,0,Not applicable as the project or activity is site specific,,NO,NO,NO,2023-03-24T09:55:13.426+00:00,,,,false,"301-304 
3rd Floor
IT Tower-1
Infocity
Gandhinagar",Ahmedabad,24,"State PSU (eg. State Forest Corp., TANGEDCO, Mineral development Corp)",Dy. Manager (ROU),Ahmedabad,24,Dadra & Nagar Haveli,Road side strip,https://parivesh.nic.in/dms/okm/downloadDocument?docTypemappingId=40829&refId=4158457&refType=caf&uuid=917f0ab3-3e20-47ed-a114-43fd9d419365&version=1.2;https://parivesh.nic.in/dms/okm/downloadDocument?docTypemappingId=58989&refId=4158457&refType=FC&uuid=b9c62f44-d26e-4b69-a263-c48c10598cfc&version=1.2,524934,https://parivesh.nic.in/newupgrade/#/report/ec?proposalId=4164745,0.0,0.0
4251874,Construction of Tribal Boys Hostel,New,FP/DN/SCH/423818/2023,2023-03-28T11:47:56.140+00:00,,DELISTED_BY_SYSTEM,0.305,470.0,DIRECTOR OF EDUCATION,,Forest clearance form,,,,Construction of Tribal Boys Hostel,THE DADRA AND NAGAR HAVELI AND DAMAN AND DIU,Dadra & Nagar Haveli,MANDAVANI,,,Survey No. 164,Non - Linear,0.0,0.305,0.305,0.0,0.0,0.0,0.0,0.0,0,0,0,Not applicable as the project or activity is site specific,,NO,NO,NO,2023-03-28T11:58:57.344+00:00,,,Degraded Forest Land,true,"Secretarait Building, 2nd Floor, Amli, Silvassa",Silvassa,38,Central Government (Department/Autonomous body),District Education Officer,Silvassa,38,Dadra & Nagar Haveli,Survey No. 164,https://parivesh.nic.in/dms/okm/downloadDocument?docTypemappingId=40829&refId=4250718&refType=caf&uuid=bf126741-e384-4a0d-a61a-2e057df4fdf4&version=1.0;https://parivesh.nic.in/dms/okm/downloadDocument?docTypemappingId=58989&refId=4250718&refType=FC&uuid=5040fe1f-cea1-4ff6-8a53-e694d83b30d3&version=1.0,524991,https://parivesh.nic.in/newupgrade/#/report/ec?proposalId=4251874,3700.0,3700.0
4614542,Power Cable Laying,New,FP/DN/TRANS/426021/2023,2023-04-13T12:28:06.715+00:00,,DELISTED_BY_SYSTEM,0.189,1.0,P.D. CONSTRUCTION,,Forest clearance form,,,,Torrent Power,THE DADRA AND NAGAR HAVELI AND DAMAN AND DIU,Dadra & Nagar Haveli,SILVASSA,,,,Linear,0.0,0.189,0.189,0.0,0.0,0.0,0.0,0.0,0,0,0,Not applicable as the project or activity is site specific,,NO,NO,NO,2023-04-13T13:06:15.067+00:00,,,,false,"301,Kalpvruksh,Tithal rd,Valsad",,24,Others,Partner,,24,Dadra & Nagar Haveli,,https://parivesh.nic.in/dms/okm/downloadDocument?docTypemappingId=40829&refId=4603709&refType=caf&uuid=b6155e44-51d7-408b-aa82-b2ffe382c97b&version=1.1;https://parivesh.nic.in/dms/okm/downloadDocument?docTypemappingId=58989&refId=4603709&refType=FC&uuid=bb37516b-10ab-4c13-b9b6-7a3e9b72d412&version=1.0,802639,https://parivesh.nic.in/newupgrade/#/report/ec?proposalId=4614542,35.0,35.0
4736128,"Laying of Underground 11 KV Electric HDD Feeder Line from M/s Silvassa Bottling Company, Dapada to Khadoli Substation.",New,FP/DN/TRANS/426719/2023,2023-04-19T17:37:41.973+00:00,,REMOVED,0.115,100.0,SILVASSA BOTTLING CO,,Forest clearance form,,,,"Diversion of Forest Land for the laying of Underground 11 KV Electric Feeder Line from M/s Silvassa Bottling Company,Dapada to Khadoli Substation.",THE DADRA AND NAGAR HAVELI AND DAMAN AND DIU,Dadra & Nagar Haveli,DAPADA,,,"154,122",Linear,0.0,0.115,0.115,0.0,0.0,0.0,0.0,0.0,0,0,0,NO,There is no alternative Route,NO,NO,NO,2023-04-22T11:09:16.666+00:00,,,Degraded Forest Land,true,"SURVEY NO.131/1, KHANVEL MAIN ROAD, NEAR HEALTH CARE DAPADA SILVASSA",,38,Others,Accounts Head,Dapada,38,Dadra & Nagar Haveli,"154,122",https://parivesh.nic.in/dms/okm/downloadDocument?docTypemappingId=40829&refId=4727185&refType=caf&uuid=b483d88b-3a0c-43b0-8f07-d3fcfd4fa89f&version=1.0;https://parivesh.nic.in/dms/okm/downloadDocument?docTypemappingId=58989&refId=4727185&refType=FC&uuid=048503d9-2855-4e73-922a-2c9faaa100b7&version=1.1;https://parivesh.nic.in/dms/okm/downloadDocument?docTypemappingId=58989&refId=4727185&refType=FC&uuid=6cd7e440-9c24-4686-bca6-c5e3bdec3871&version=1.0,524956,https://parivesh.nic.in/newupgrade/#/report/ec?proposalId=4736128,3500.0,2025.0
4813677,Laying of 11KV Underground HDD Electric Cables from Silli Substation to APJ Abdul Kalam College,New,FP/DN/TRANS/427011/2023,2023-04-24T09:29:37.476+00:00,2024-10-05T09:45:23.940+00:00,Final Diversion Order Issued,0.0971,50.0,DADRA AND NAGAR HAVELI AND DAMAN AND DIU POWER DISTRIBUTION CORPORATION LIM,,Forest clearance form,,,,Diversion of Forest Land for the Laying of Underground 11KV Underground HDD Electric Cables from Sill Substation to APJ Abdul Kalam College,THE DADRA AND NAGAR HAVELI AND DAMAN AND DIU,Dadra & Nagar Haveli,SILVASSA,,,,Linear,0.0,0.0971,0.0971,0.0,0.0,0.0,0.0,0.0,0,0,0,NO,There is no alternative Route,NO,NO,NO,2023-04-28T07:26:54.603+00:00,,,Degraded Forest Land,true,"1st and 2nd floor, Vidyutbhavan, Next to Secretariat BLDG, 66 kV Road Silvassa, D&NH 396230",Silvassa,38,Joint Venture (Govt. + Pvt.),Junior Engineer,Silvassa,38,Dadra & Nagar Haveli,,https://parivesh.nic.in/dms/okm/downloadDocument?docTypemappingId=40829&refId=4797952&refType=caf&uuid=b01bf93d-2e6e-493f-86df-6e8ff8af8822&version=1.7;https://parivesh.nic.in/dms/okm/downloadDocument?docTypemappingId=58989&refId=4797952&refType=FC&uuid=49723f5a-0d68-4610-baed-67837c5a3a2f&version=1.0,0,https://parivesh.nic.in/newupgrade/#/report/ec?proposalId=4813677,690.0,5725.0
4928430,Laying of 11KV Underground HDD Electric Cable from Vaghchippa Substation to APJ Abdul Kalam College.,New,FP/DN/TRANS/427484/2023,2023-04-28T08:02:07.759+00:00,2025-02-19T11:13:06.555+00:00,Final Diversion Order Issued,0.0387,50.0,DADRA AND NAGAR HAVELI AND DAMAN AND DIU POWER DISTRIBUTION CORPORATION LIM,,Forest clearance form,,,,Diversion of Protected Forest land for the Laying of 11KV Underground HDD Electric Cable from Vaghchippa Substation to APJ Abdul Kalam College.,THE DADRA AND NAGAR HAVELI AND DAMAN AND DIU,Dadra & Nagar Haveli,SILVASSA,,,,Linear,0.0,0.0387,0.0387,0.0,0.0,0.0,0.0,0.0,0,0,0,NO,There is no alternative Route,NO,NO,NO,2023-04-28T11:12:46.342+00:00,,,Degraded Forest Land,true,"1st and 2nd floor, Vidyutbhavan, Next to Secretariat BLDG, 66 kV Road Silvassa, D&NH 396230",,38,Joint Venture (Govt. + Pvt.),Junior Engineer,Silvassa,38,Dadra & Nagar Haveli,,https://parivesh.nic.in/dms/okm/downloadDocument?docTypemappingId=40829&refId=4927924&refType=caf&uuid=64f02064-2106-44d8-8242-ce4cb9eb9104&version=1.0;https://parivesh.nic.in/dms/okm/downloadDocument?docTypemappingId=58989&refId=4927924&refType=FC&uuid=97f02c7c-67fd-4998-acc2-d5ecca85ef33&version=1.0,0,https://parivesh.nic.in/newupgrade/#/report/ec?proposalId=4928430,600.0,6965.0
5053807,Laying of 11KV HDD Electrical Cables from Silli Substation to SMS School via Falandi Patelpada.,New,FP/DN/TRANS/427916/2023,2023-05-03T10:16:13.260+00:00,2024-09-12T07:11:05.209+00:00,Final Diversion Order Issued,0.1369,90.0,DADRA AND NAGAR HAVELI AND DAMAN AND DIU POWER DISTRIBUTION CORPORATION LIM,,Forest clearance form,,,,Diversion of Forest Land for the Laying of 11KV HDD Electrical Cables from Silli Substation to SMS School via Falandi Patelpada,THE DADRA AND NAGAR HAVELI AND DAMAN AND DIU,Dadra & Nagar Haveli,Athola,,,,Linear,0.0,0.1369,0.1369,0.0,0.0,0.0,0.0,0.0,0,0,0,NO,There is no alternative Route,NO,NO,NO,2023-05-03T12:45:33.598+00:00,,,Degraded Forest Land,true,"1st and 2nd floor, Vidyutbhavan, Next to Secretariat BLDG, 66 kV Road Silvassa, D&NH 396230",Silvassa,38,Joint Venture (Govt. + Pvt.),Junior Engineer,,38,Dadra & Nagar Haveli,,https://parivesh.nic.in/dms/okm/downloadDocument?docTypemappingId=40829&refId=5053209&refType=caf&uuid=2b6d277b-350d-49bf-bf7d-55ec720de330&version=1.0;https://parivesh.nic.in/dms/okm/downloadDocument?docTypemappingId=58989&refId=5053209&refType=FC&uuid=efa09274-e1d4-419a-8522-70fb12d8840a&version=1.0,524942,https://parivesh.nic.in/newupgrade/#/report/ec?proposalId=5053807,200.0,780.0
5057888,Construction of Road from Kauncha Patelpada to Loharpada in Kauncha Village.,New,FP/DN/ROAD/427938/2023,2023-05-03T11:15:38.659+00:00,2026-08-27T11:39:25.105+00:00,Final Diversion Order Issued,0.0294,90.0,EXECUTIVE ENGINEER PWD III IRRIGATION DISTRICT PANCHAYAT DADRA AND NAGAR HAVELI,,Forest clearance form,,,,Diversion of Reserve Forest Land for the Construction of Road from Kauncha Patelpada to Loharpada in Kauncha Village.,THE DADRA AND NAGAR HAVELI AND DAMAN AND DIU,Dadra & Nagar Haveli,KAUNCHA,,,46,Linear,0.0,0.0294,0.0294,0.0,0.0,0.0,0.0,0.0,0,0,0,Not applicable as the project or activity is site specific,,NO,NO,NO,2023-05-05T07:20:40.954+00:00,,,Degraded Forest Land,true,"Office of The Executive Engineer, PWD-III (IRRIGATION),
Near Government Housing Complex, Silvassa",Silvassa,38,Central Government (Department/Autonomous body),Executive Engineer,Silvassa,38,Dadra & Nagar Haveli,46,https://parivesh.nic.in/dms/okm/downloadDocument?docTypemappingId=40829&refId=5057595&refType=caf&uuid=df393ff1-e0a5-43d8-baf5-c52ae6735a9b&version=1.0;https://parivesh.nic.in/dms/okm/downloadDocument?docTypemappingId=58989&refId=5057595&refType=FC&uuid=d2c3df57-cffc-4f5e-b161-79c5af9e1770&version=1.0,524973,https://parivesh.nic.in/newupgrade/#/report/ec?proposalId=5057888,200.0,780.0
5541462,Laying of 11KV Underground HDD Electrical Cables from Silli Substation to Kilvani via Galonda,New,FP/DN/TRANS/430332/2023,2023-05-22T15:17:35.807+00:00,,REMOVED,0.2116,140.0,DADRA AND NAGAR HAVELI AND DAMAN AND DIU POWER DISTRIBUTION CORPORATION LIM,,Forest clearance form,,,,Diversion of Forest Land for the laying of 11KV Underground HDD Electrical Cables from Silli Substation to Kilvani via Galonda,THE DADRA AND NAGAR HAVELI AND DAMAN AND DIU,Dadra & Nagar Haveli,Athola,,,,Linear,0.0,0.2116,0.2116,0.0,0.0,0.0,0.0,0.0,0,0,0,NO,There is no alternate route,NO,NO,NO,2023-05-23T06:28:24.122+00:00,,,Degraded Forest Land,true,"1st and 2nd floor, Vidyutbhavan, Next to Secretariat BLDG, 66 kV Road Silvassa, D&NH 396230",Silvassa,38,Joint Venture (Govt. + Pvt.),Junior Engineer,Silvassa,38,Dadra & Nagar Haveli,,https://parivesh.nic.in/dms/okm/downloadDocument?docTypemappingId=40829&refId=5541050&refType=caf&uuid=d3c595b1-c987-4f1e-bab8-66ceab4bbb45&version=1.0;https://parivesh.nic.in/dms/okm/downloadDocument?docTypemappingId=58989&refId=5541050&refType=FC&uuid=46199e3a-83f7-4efb-8052-3f2deafb8df9&version=1.0,524942,https://parivesh.nic.in/newupgrade/#/report/ec?proposalId=5541462,770.0,415.0
6070661,OH LINE REMOVAL FROM FOREST LAND,New,FP/DN/REDIV/433224/2023,2023-06-13T08:54:49.911+00:00,,REMOVED,0.04,7.5,DADRA AND NAGAR HAVELI AND DAMAN AND DIU POWER DISTRIBUTION CORPORATION LIM,,Form-E: Re-Diversion i) Land Use Change ii) Laying of Overhead/ Under Ground OFC/ drinking water pipeline/ slurry pipeline/ electric cable/ CNG/PNG within RoW,,,,LAYING OF 11KV UNDERGROUND CABLE THROUGH FOREST LAND FROM SURANGI TO CHIKHLI VILLAGE,THE DADRA AND NAGAR HAVELI AND DAMAN AND DIU,Dadra & Nagar Haveli,CHIKHLI,,,,Linear,0.0,0.04,0.04,0.0,0.0,0.0,0.0,0.0,0,0,0,Not applicable as the project or activity is site specific,,NO,NO,NO,2023-07-10T18:30:00.000+00:00,,,,,"1st and 2nd floor, Vidyutbhavan, Next to Secretariat BLDG, 66 kV Road Silvassa, D&NH 396230",SILVASSA,38,Joint Venture (Govt. + Pvt.),JUNIOR ENGINEER,SILVASSA,38,Dadra & Nagar Haveli,,https://parivesh.nic.in/dms/okm/downloadDocument?docTypemappingId=40829&refId=6069596&refType=caf&uuid=4b86fc01-555f-4ac3-84b2-28bd5e4d6b73&version=1.0,524955,https://parivesh.nic.in/newupgrade/#/report/ec?proposalId=6070661,0.0,0.0
6106195,Laying of 11KV HDD Underground Electric Cable from Silli Substation to Kilvani via Galonda,New,FP/DN/TRANS/433359/2023,2023-06-14T08:58:47.565+00:00,,REMOVED,0.2121,150.0,DADRA AND NAGAR HAVELI AND DAMAN AND DIU POWER DISTRIBUTION CORPORATION LIM,,Forest clearance form,,,,Laying of 11KV HDD Underground Electric Cables from Silli Substation to Kilvani via Galonda.,THE DADRA AND NAGAR HAVELI AND DAMAN AND DIU,Dadra & Nagar Haveli,Athola,,,,Linear,0.0,0.2121,0.2121,0.0,0.0,0.0,0.0,0.0,0,0,0,NO,There is no alternative Route,NO,NO,NO,2023-08-17T18:30:00.000+00:00,,,Degraded Forest Land,true,"1st and 2nd floor, Vidyutbhavan, Next to Secretariat BLDG, 66 kV Road Silvassa, D&NH 396230",,38,Joint Venture (Govt. + Pvt.),Junior Engineer,,38,Dadra & Nagar Haveli,,https://parivesh.nic.in/dms/okm/downloadDocument?docTypemappingId=40829&refId=6105882&refType=caf&uuid=ae89ac17-5529-40af-8c4d-19e1cdbfa80e&version=1.0;https://parivesh.nic.in/dms/okm/downloadDocument?docTypemappingId=58989&refId=6105882&refType=FC&uuid=d839bd5a-c805-48fa-8c92-a7e27d0233b1&version=1.0,524942,https://parivesh.nic.in/newupgrade/#/report/ec?proposalId=6106195,810.0,415.0
6226985,OH LINE REMOVAL FROM FOREST LAND,New,FP/DN/TRANS/434012/2023,2023-06-20T09:06:45.022+00:00,,DELISTED_BY_SYSTEM,0.04,7.5,DADRA AND NAGAR HAVELI AND DAMAN AND DIU POWER DISTRIBUTION CORPORATION LIM,,Forest clearance form,,,,LAYING OF 11KV UNDERGROUND CABLE THROUGH FOREST LAND FROM SURANGI TO CHIKHLI VILLAGE,THE DADRA AND NAGAR HAVELI AND DAMAN AND DIU,Dadra & Nagar Haveli,CHIKHLI,,,,Linear,0.0,0.04,0.04,0.0,0.0,0.0,0.0,0.0,0,0,0,NO,OVERHEAD LINE REMOVAL FROM FOREST LAND,NO,NO,NO,2023-06-21T05:50:37.191+00:00,,,,false,"1st and 2nd floor, Vidyutbhavan, Next to Secretariat BLDG, 66 kV Road Silvassa, D&NH 396230",SILVASSA,38,Joint Venture (Govt. + Pvt.),JUNIOR ENGINEER,SILVASSA,38,Dadra & Nagar Haveli,,https://parivesh.nic.in/dms/okm/downloadDocument?docTypemappingId=40829&refId=6225819&refType=caf&uuid=4799a105-cf65-4573-8591-09fcf3975bc5&version=1.0;https://parivesh.nic.in/dms/okm/downloadDocument?docTypemappingId=58989&refId=6225819&refType=FC&uuid=882cbd8c-73cc-4b58-af94-22a113ec8772&version=1.0,524955,https://parivesh.nic.in/newupgrade/#/report/ec?proposalId=6226985,0.0,0.0
6653760,"Laying of Underground 11KV Electric Feeder Line from M/s Silvassa Bottling Company, Dapada to Khadoli Substation.",New,FP/DN/TRANS/436120/2023,2023-07-09T11:26:25.662+00:00,,DELISTED_BY_SYSTEM,0.1148,99.0,SILVASSA BOTTLING CO,,Forest clearance form,,,,"Diversion of Forest Land  for the Laying of Underground 11KV Electric Feeder Line from M/s Silvassa Bottling Company, Dapada to Khadoli Substation.",THE DADRA AND NAGAR HAVELI AND DAMAN AND DIU,Dadra & Nagar Haveli,DAPADA,,,,Linear,0.0,0.1148,0.1148,0.0,0.0,0.0,0.0,0.0,0,0,0,NO,There is no alternative Route,NO,NO,NO,2023-08-09T18:30:00.000+00:00,,,Degraded Forest Land,true,"SURVEY NO.131/1, KHANVEL MAIN ROAD, NEAR HEALTH CARE DAPADA SILVASSA",Dapada,38,Others,Accounts Head,Dapada,38,Dadra & Nagar Haveli,,https://parivesh.nic.in/dms/okm/downloadDocument?docTypemappingId=40829&refId=6653722&refType=caf&uuid=f0ac11af-342b-42fb-a299-64b18f758e62&version=1.0;https://parivesh.nic.in/dms/okm/downloadDocument?docTypemappingId=58989&refId=6653722&refType=FC&uuid=92684c89-a15d-471e-b207-382405610223&version=1.0,524956,https://parivesh.nic.in/newupgrade/#/report/ec?proposalId=6653760,3500.0,2025.0
6747712,Laying of 11KV Underground HDD Electric Cable along Dapada-Surangi Road.,New,FP/DN/TRANS/436508/2023,2023-07-12T13:53:26.140+00:00,,DELISTED_BY_SYSTEM,0.006,90.0,DADRA AND NAGAR HAVELI AND DAMAN AND DIU POWER DISTRIBUTION CORPORATION LIM,,Forest clearance form,,,,Diversion of Protected Forest Land for the laying of 11KV Underground HDD Electric Cable along Dapada- Surangi Road,THE DADRA AND NAGAR HAVELI AND DAMAN AND DIU,Dadra & Nagar Haveli,CHIKHLI,,,,Linear,0.0,0.006,0.006,0.0,0.0,0.0,0.0,0.0,0,0,0,NO,There is no alternate Route,NO,NO,NO,2023-07-18T04:11:31.065+00:00,,,Degraded Forest Land,true,"1st and 2nd floor, Vidyutbhavan, Next to Secretariat BLDG, 66 kV Road Silvassa, D&NH 396230",Silvassa,38,Joint Venture (Govt. + Pvt.),Junior Engineer,Silvassa,38,Dadra & Nagar Haveli,,https://parivesh.nic.in/dms/okm/downloadDocument?docTypemappingId=40829&refId=6567211&refType=caf&uuid=bc8eaa5d-2153-417c-957c-dd516c8978df&version=1.2;https://parivesh.nic.in/dms/okm/downloadDocument?docTypemappingId=58989&refId=6567211&refType=FC&uuid=b4591360-33b9-433e-9ac2-c498fe62d739&version=1.1,524955,https://parivesh.nic.in/newupgrade/#/report/ec?proposalId=6747712,880.0,565.0
7415315,Upgradation and strengthening of existing Intermediate Lane from Dudhani Junction to Dudhani Jetty (MDR-I),New,FP/DN/OTHERS/439431/2023,2023-08-06T10:06:56.903+00:00,,DELISTED_BY_SYSTEM,0.7106,50.0,EXECUTIVE ENGINEER ROAD DIVISION,,Forest clearance form,,,,Diversion of Reserved Forest land for Upgradation and Strengthening of existing Intermediate Lane from Dudhani Junction to Dudhani Jetty (MDR - I),THE DADRA AND NAGAR HAVELI AND DAMAN AND DIU,Dadra & Nagar Haveli,DUDHNI,,,47 and 25,Linear,0.0,0.7106,0.7106,0.0,0.0,0.0,0.0,0.0,0,0,0,NO,There is no alternate route.,NO,NO,NO,2023-08-14T05:16:42.984+00:00,,,Degraded Forest Land,true,"Office of the Executive Engineer (Road Division), Near Government Housing Complex, Silvassa",Silvassa,38,Central Government (Department/Autonomous body),Executive Engineer,,38,Dadra & Nagar Haveli,47 and 25,https://parivesh.nic.in/dms/okm/downloadDocument?docTypemappingId=40829&refId=7415212&refType=caf&uuid=58ef7f01-101d-48cf-9881-6d4a95cba151&version=1.1;https://parivesh.nic.in/dms/okm/downloadDocument?docTypemappingId=58989&refId=7415212&refType=FC&uuid=88f72142-11a3-48cc-9659-820e4bb0e7e2&version=1.0,524974,https://parivesh.nic.in/newupgrade/#/report/ec?proposalId=7415315,440.0,4780.0
7417000,Upgradation and strengthening of existing Intermediate Lane from Khedpa main Road to Kayri-Daberi  (ODR-14),New,FP/DN/OTHERS/439438/2023,2023-08-06T13:30:58.625+00:00,,DELISTED_BY_SYSTEM,0.116,20.0,EXECUTIVE ENGINEER ROAD DIVISION,,Forest clearance form,,,,Diversion of  Reserved  forest  land for Upgradation and Strengthening of existing Intermediate Lane from Khedpa main Road to Kayri-Daberi  (ODR-14),THE DADRA AND NAGAR HAVELI AND DAMAN AND DIU,Dadra & Nagar Haveli,KHERPA,,,68,Linear,0.0,0.116,0.116,0.0,0.0,0.0,0.0,0.0,0,0,0,NO,There is no alternate Route,NO,NO,NO,2023-08-14T05:24:21.802+00:00,,,Degraded Forest Land,true,"Office of the Executive Engineer (Road Division), Near Government Housing Complex, Silvassa",Silvassa,38,Central Government (Department/Autonomous body),Executive Engineer,Silvassa,38,Dadra & Nagar Haveli,68,https://parivesh.nic.in/dms/okm/downloadDocument?docTypemappingId=40829&refId=7416956&refType=caf&uuid=59c035c8-95eb-4e52-869d-0a8ada3649bc&version=1.0;https://parivesh.nic.in/dms/okm/downloadDocument?docTypemappingId=58989&refId=7416956&refType=FC&uuid=ad91df63-0081-4db8-82bd-90e850c74922&version=1.0,524996,https://parivesh.nic.in/newupgrade/#/report/ec?proposalId=7417000,350.0,4630.0
7944601,Upgradation and strengthening of existing Intermediate Lane from Karchond Junction to Vasda. (ODR-13),New,FP/DN/ROAD/440333/2023,2023-08-14T05:42:08.108+00:00,,DELISTED_BY_SYSTEM,1.1203,70.0,EXECUTIVE ENGINEER ROAD DIVISION,,Forest clearance form,,,,Diversion of Reserved Forest land for the Upgradation and Strengthening of existing Intermediate Lane from Karchond Junction to Vasda. (ODR-13),THE DADRA AND NAGAR HAVELI AND DAMAN AND DIU,Dadra & Nagar Haveli,VANSDA,,,71,Linear,0.0,1.1203,1.1203,0.0,0.0,0.0,0.0,0.0,0,0,0,NO,There is no alternative Route,NO,NO,NO,2023-08-15T06:37:21.288+00:00,,,Degraded Forest Land,true,"Office of the Executive Engineer (Road Division), Near Government Housing Complex, Silvassa",Silvassa,38,Central Government (Department/Autonomous body),Executive Engineer,Silvassa,38,Dadra & Nagar Haveli,71,https://parivesh.nic.in/dms/okm/downloadDocument?docTypemappingId=40829&refId=7944305&refType=caf&uuid=66651cc9-da52-41fe-966c-4ce071b6a482&version=1.0;https://parivesh.nic.in/dms/okm/downloadDocument?docTypemappingId=58989&refId=7944305&refType=FC&uuid=21f6411b-415c-407b-a1ae-918b8cd3d090&version=1.0,524992,https://parivesh.nic.in/newupgrade/#/report/ec?proposalId=7944601,464.0,5510.0
7949920,Upgradation and strengthening of existing Intermediate Lane from Dudhani Junction to Ghodbari upto Gujarat Border. (MDR-II),New,FP/DN/ROAD/440355/2023,2023-08-14T07:14:59.559+00:00,,Pending at UA due to EDS by MS after PSC-I,7.4852,700.0,EXECUTIVE ENGINEER ROAD DIVISION,,Forest clearance form,,,,Diversion of Reserved Forest land for the Upgradation and Strengthening of existing Intermediate Lane from Dudhani Junction to Ghodbari upto Gujarat Border. (MDR-II),THE DADRA AND NAGAR HAVELI AND DAMAN AND DIU,Dadra & Nagar Haveli,DUDHNI,,,"37,47",Linear,0.0,7.4852,7.4852,0.0,0.0,0.0,0.0,0.0,0,0,0,NO,There is no alternative Route,NO,NO,NO,2023-08-15T06:45:26.705+00:00,,,Degraded Forest Land,true,"Office of the Executive Engineer (Road Division), Near Government Housing Complex, Silvassa",Silvassa,38,Central Government (Department/Autonomous body),Executive Engineer,Silvassa,38,Dadra & Nagar Haveli,"37,47",https://parivesh.nic.in/dms/okm/downloadDocument?docTypemappingId=40829&refId=7949069&refType=caf&uuid=a2399b82-c530-480f-8892-7405ced4f9dc&version=1.0;https://parivesh.nic.in/dms/okm/downloadDocument?docTypemappingId=58989&refId=7949069&refType=FC&uuid=8d0eaef9-3b3b-473f-ba72-38c030561725&version=1.0,524974,https://parivesh.nic.in/newupgrade/#/report/ec?proposalId=7949920,640.0,5510.0
8222262,Laying of 11KV Underground HDD Electric Cables from Silli Substation to Kilvani via Galonda.,New,FP/DN/TRANS/441454/2023,2023-08-23T07:25:38.943+00:00,2024-11-18T16:39:21.605+00:00,Final Diversion Order Issued,0.2059,135.0,DADRA AND NAGAR HAVELI AND DAMAN AND DIU POWER DISTRIBUTION CORPORATION LIM,,Forest clearance form,,,,Diversion of Forest land (PF/RF) for the Laying of 11KV Underground HDD Electric Cables from Silli Substation to Kilvani via Galonda.,THE DADRA AND NAGAR HAVELI AND DAMAN AND DIU,Dadra & Nagar Haveli,Athola,,,,Linear,0.0,0.2059,0.2059,0.0,0.0,0.0,0.0,0.0,0,0,0,NO,There is no alternate route,NO,NO,NO,2023-08-24T05:55:27.448+00:00,,,Degraded Forest Land,true,"1st and 2nd floor, Vidyutbhavan, Next to Secretariat BLDG, 66 kV Road Silvassa, D&NH 396230",Silvassa,38,Joint Venture (Govt. + Pvt.),Junior Engineer,Silvassa,38,Dadra & Nagar Haveli,,https://parivesh.nic.in/dms/okm/downloadDocument?docTypemappingId=40829&refId=8220852&refType=caf&uuid=718dfafe-fb60-4790-a31c-76729f659527&version=1.0;https://parivesh.nic.in/dms/okm/downloadDocument?docTypemappingId=58989&refId=8220852&refType=FC&uuid=1772f2be-b5b4-4833-a166-3b8ddbf0589e&version=1.0,524942,https://parivesh.nic.in/newupgrade/#/report/ec?proposalId=8222262,800.0,405.0
11323822,The subject transmission scheme involves implementation of Navsari (New) (South Gujarat) (GIS) - Padghe (GIS) 765 kV D/c transmission line in Gujarat under regulated tariff mechanism (RTM) and connectivity to national / State Grid,New,FP/DN/TRANS/445128/2023,2023-09-20T11:53:19.056+00:00,2024-10-15T05:34:32.702+00:00,Final Diversion Order Issued,31.301,89500.0,POWER GRID CORPORATION OF INDIA LTD,,Forest clearance form,,,,765 kV D/c Navsari-Padge Transmission line,THE DADRA AND NAGAR HAVELI AND DAMAN AND DIU,Dadra & Nagar Haveli,SILVASSA,,,,Linear,30.901,0.4,31.301,0.0,0.0,0.0,0.0,0.0,0,0,0,NO,minimum involvement of forest and minimum tree cutting,NO,NO,NO,2024-02-05T18:30:00.000+00:00,,,Degraded Forest Land,true,POWERGRID SECTOR 29 GURGAON,NA,6,"Central PSU (eg. NHAI, AAI, NTP, CIL, SAIL)",DGM,,24,Dadra & Nagar Haveli,,https://parivesh.nic.in/dms/okm/downloadDocument?docTypemappingId=40829&refId=11321933&refType=caf&uuid=2eb5c24d-1515-40e3-be95-58d07e6b56aa&version=1.1;https://parivesh.nic.in/dms/okm/downloadDocument?docTypemappingId=58989&refId=11321933&refType=FC&uuid=92954faf-df41-4b5f-823f-3ee83a9178c3&version=1.0,802639,https://parivesh.nic.in/newupgrade/#/report/ec?proposalId=11323822,68075.0,324975.0
15991749,"Widening and Strengthening of Road Stretch at Dapada and Khadoli Satmalia(Ch. 23/7 to 25/4) , Surangi (Ch. 28/0 to 28/2) under NH 848A",New,WL/DN/ROAD/447902/2023,2023-10-06T12:42:30.404+00:00,,,3.7941,4500.0,Mayank Rana,,Wildlife clearance form,,,,"Diversion of Forest Land (WLS) for Widening and Strengthening of Road Stretch at Dapada and Khadoli Satmalia(Ch. 23/7 to 25/4) , Surangi (Ch. 28/0 to 28/2) under NH 848A",Dadar & Nagar Haveli,Dadra & Nagar Haveli,KHADOLI,,,"154,122,113",Linear,0.0,3.7941,3.7941,0.0,0.0,0.0,0.0,0.0,0,0,0,Not applicable as the project or activity is site specific,,NO,NO,NO,2024-05-20T10:24:18.434+00:00,,,,,,,,,,,,Dadra & Nagar Haveli,"154,122,113",https://parivesh.nic.in/dms/okm/downloadDocument?docTypemappingId=40829&refId=15062729&refType=caf&uuid=1f8b92dd-bfb2-45d9-a9e0-e48cdeab2a2a&version=1.0,524958,https://parivesh.nic.in/newupgrade/#/report/ec?proposalId=15991749,1950.0,880.0
15280609,"Development of Riverfront at Khanvel , Dadra and Nagar Haveli",New,FP/DN/OTHERS/447378/2023,2023-10-07T08:34:40.986+00:00,,DELISTED_BY_SYSTEM,5.0452,6500.0,DADRA AND NAGAR HAVELI PLANNING & DEVELOPMENT AUTHORITY,,Forest clearance form,,,,"Diversion of Reserved Forest land for the Development of Riverfront at Khanvel, D& NH.",THE DADRA AND NAGAR HAVELI AND DAMAN AND DIU,Dadra & Nagar Haveli,KHANVEL,,,34,Non - Linear,0.0,5.0452,5.0452,0.0,0.0,0.0,0.0,0.0,0,0,0,Not applicable as the project or activity is site specific,,NO,NO,NO,2023-10-08T05:28:59.716+00:00,,,Degraded Forest Land,true,"A Wing, 2nd Floor, District Secretariat, Silvassa",Silvassa,38,Central Government (Department/Autonomous body),Executive Engineer,Silvassa,38,Dadra & Nagar Haveli,34,https://parivesh.nic.in/dms/okm/downloadDocument?docTypemappingId=40829&refId=15279613&refType=caf&uuid=5c297ce2-5409-4729-8f0b-2873c343e81d&version=1.0;https://parivesh.nic.in/dms/okm/downloadDocument?docTypemappingId=58989&refId=15279613&refType=FC&uuid=c55a2f47-289e-4ffc-89bd-02e2e6f1c4ad&version=1.0,524965,https://parivesh.nic.in/newupgrade/#/report/ec?proposalId=15280609,36500.0,7800.0
18365213,Approach Road from Khanvel- Manodni Main Road to my Land Bearing Survey No. 88/1p1,New,FP/DN/ROAD/449739/2023,2023-10-20T16:23:42.746+00:00,,DELISTED_BY_SYSTEM,0.0189,18.0,MARZBAN IRANI,,Forest clearance form,,,,Diversion of Reserved Forest Land for the Approach Road from Khanvel- Mandoni Main Road to my Land Bearing Sr.No. 88/1p1,THE DADRA AND NAGAR HAVELI AND DAMAN AND DIU,Dadra & Nagar Haveli,RUDANA,,,86,Linear,0.0,0.0189,0.0189,0.0,0.0,0.0,0.0,0.0,0,0,0,Not applicable as the project or activity is site specific,,NO,NO,NO,2023-10-22T05:23:55.602+00:00,,,Degraded Forest Land,true,"Gover Villa, Kati Road,
Near Arian Motors,
Dahanu Road, West, Malyan,
Thane 
Maharasthra - 401602",,27,Individual,Owner,,27,Dadra & Nagar Haveli,86,https://parivesh.nic.in/dms/okm/downloadDocument?docTypemappingId=40829&refId=18365163&refType=caf&uuid=512c8482-eacd-4ed2-b5db-2a16dd8170d3&version=1.0;https://parivesh.nic.in/dms/okm/downloadDocument?docTypemappingId=58989&refId=18365163&refType=FC&uuid=ca65b3a7-77e6-4994-a5cf-b99ad192af56&version=1.0,524989,https://parivesh.nic.in/newupgrade/#/report/ec?proposalId=18365213,90.0,365.0
21832659,"Gas Distribution Network in DNH GA (M/s T & D Galiakot Containers Pvt. Ltd. Connectivity, Prakash Steelage Connectivity (Kherdi), Singhal Commodities Connectivity, Indus Tower Connectivity (Kherdi) & Ebullient Packaging Connectivity (Naroli)): Diversion of 0.0858 Hectare Protected Forest land for laying 32/63/90 mm dia MDPE pipeline parallel & across to Road side strip plantation declared as Protected Forest for Kala - Kherdi - Naroli village & Surrounding Area of Dadra and Nagar Haveli (U/T).",New,FP/DN/Pipeline/451378/2023,2023-11-04T12:12:34.900+00:00,2024-07-11T05:48:14.052+00:00,Final Diversion Order Issued,0.0858,6.86,GUJARAT GAS LIMITED,,Forest clearance form,,,,"Gas Distribution Network in DNH GA (M/s T & D Galiakot Containers Pvt. Ltd. Connectivity, Prakash Steelage Connectivity (Kherdi), Singhal Commodities Connectivity, Indus Tower Connectivity (Kherdi) & Ebullient Packaging Connectivity (Naroli)).",THE DADRA AND NAGAR HAVELI AND DAMAN AND DIU,Dadra & Nagar Haveli,KALA,,,Road side strip,Linear,0.0,0.0858,0.0858,0.0,0.0,0.0,0.0,0.0,0,0,0,Not applicable as the project or activity is site specific,,NO,NO,NO,2023-11-06T08:59:01.950+00:00,,,,false,"301-304 
3rd Floor
IT Tower-1
Infocity
Gandhinagar",Ahmedabad,24,"State PSU (eg. State Forest Corp., TANGEDCO, Mineral development Corp)",Dy. Manager (ROU),Ahmedabad,24,Dadra & Nagar Haveli,Road side strip,https://parivesh.nic.in/dms/okm/downloadDocument?docTypemappingId=40829&refId=21829661&refType=caf&uuid=53bad7de-418f-4189-9f2a-a01d6dbe98de&version=1.0;https://parivesh.nic.in/dms/okm/downloadDocument?docTypemappingId=58989&refId=21829661&refType=FC&uuid=566b0ec8-d5ff-480c-a085-7eb857c6c11e&version=1.7,524983,https://parivesh.nic.in/newupgrade/#/report/ec?proposalId=21832659,0.0,0.0
22781162,Applied for Transfer the existing EC letter in the name of M/s. JBF Industries Limited. to M/s. Madelin Enterprises Pvt. Ltd.,New,IA/DN/IND2/451751/2023,2023-11-08T08:21:37.541+00:00,2024-02-09T05:10:44.962+00:00,Granted,10.12,24120.0,MADELIN ENTERPRISES PRIVATE LIMITED,,Application for Transfer of EC- Form-7,OTHER,A,,M/s. Madelin Enterprises Pvt. Ltd.,THE DADRA AND NAGAR HAVELI AND DAMAN AND DIU,Dadra & Nagar Haveli,SAILI,J-11011/142/2009-IA-II (I),,"Survey No. 156/2, Saily Rakholi Road, Village Saily, Silvassa, U.T. of Dadra & Nagar Haveli and Daman & Diu",Hybrid,10.12,0.0,10.12,0.0,0.0,0.0,0.0,0.0,0,0,0,NO,Available area is sufficient and other infrastructure facilities is resourced from near by.,NO,NO,NO,2023-12-02T09:48:36.369+00:00,,,,,"Survey  no. 156/2, Saily-Rakholi Road, Village - Saily, Silvassa-396230,  U.T of Dadra & Nagar Haveli  and daman & Diu.",Saily,38,Private Limited,Director,Saily,38,Dadra & Nagar Haveli,"Survey No. 156/2, Saily Rakholi Road, Village Saily, Silvassa, U.T. of Dadra & Nagar Haveli and Daman & Diu",https://parivesh.nic.in/dms/okm/downloadDocument?docTypemappingId=40829&refId=22768744&refType=caf&uuid=2e195dcd-5b87-4004-8220-41c5e205ac92&version=1.1,524949,https://parivesh.nic.in/newupgrade/#/report/ec?proposalId=22781162,0.0,1587.0
27595084,"Laying of 11 KV Underground HDD Electric Cable for the Netaji Subhas Chandra Bose Military Academy, Randha.",New,FP/DN/TRANS/453597/2023,2023-11-28T09:43:47.226+00:00,2024-10-07T11:14:56.651+00:00,Final Diversion Order Issued,0.0289,65.0,DADRA AND NAGAR HAVELI AND DAMAN AND DIU POWER DISTRIBUTION CORPORATION LIM,,Forest clearance form,,,,"Diversion of Forest Land for the laying of 11 KV HDD Underground Electric Cable for the Netaji Subhas Chandra Bose Military Academy, Randha.",THE DADRA AND NAGAR HAVELI AND DAMAN AND DIU,Dadra & Nagar Haveli,Mota Randha,,,,Linear,0.0,0.0289,0.0289,0.0,0.0,0.0,0.0,0.0,0,0,0,Not applicable as the project or activity is site specific,,NO,NO,NO,2023-11-29T09:17:46.107+00:00,,,Degraded Forest Land,true,"1st and 2nd floor, Vidyutbhavan, Next to Secretariat BLDG, 66 kV Road Silvassa, D&NH 396230",Silvassa,38,Joint Venture (Govt. + Pvt.),Junior Engineer,Silvassa,38,Dadra & Nagar Haveli,,https://parivesh.nic.in/dms/okm/downloadDocument?docTypemappingId=40829&refId=27594041&refType=caf&uuid=e4807527-c13f-4f7c-bfb2-87eecf153f1a&version=1.1;https://parivesh.nic.in/dms/okm/downloadDocument?docTypemappingId=58989&refId=27594041&refType=FC&uuid=0ebf4810-9518-4c99-984b-579ad7d139ab&version=1.3,524938,https://parivesh.nic.in/newupgrade/#/report/ec?proposalId=27595084,105.0,1660.0
28689349,The Proposed Expansion Project To Manufacture Enhanced Capacity of Polyester Partially Oriented Yarn (POY) (From Pet Granules and Through Continuous Polymerization),Expansion,SIA/DN/IND2/454137/2024,2023-12-02T10:00:08.123+00:00,,DELISTED_BY_SYSTEM,8.33,35139.0,UNIFY TEXTURISERS PRIVATE LIMITED,Unistar Environment & Research Labs Pvt. Ltd.,Environment clearance form,TOR,B1,Manmade fibers manufacturing,M/s. Unify Texturisers Pvt. Ltd.,THE DADRA AND NAGAR HAVELI AND DAMAN AND DIU,Dadra & Nagar Haveli,KARAD,,,Survey No.139 & 140,Hybrid,8.33,0.0,8.33,0.0,0.0,0.0,3734.0,31405.0,0,0,0,NO,--,NO,NO,NO,2024-01-23T08:27:28.649+00:00,,,,,,,,,,,,Dadra & Nagar Haveli,Survey No.139 & 140,https://parivesh.nic.in/dms/okm/downloadDocument?docTypemappingId=40829&refId=27853785&refType=caf&uuid=8371370d-6683-405e-bf65-244af188c195&version=1.1,524951,https://parivesh.nic.in/newupgrade/#/report/ec?proposalId=28689349,0.0,800.0
29473190,Laying of 11KV Underground HDD Electric Cable along Dapada Surangi Road,New,FP/DN/TRANS/454488/2023,2023-12-05T16:21:45.221+00:00,,REMOVED,0.021,70.0,DADRA AND NAGAR HAVELI AND DAMAN AND DIU POWER DISTRIBUTION CORPORATION LIM,,Forest clearance form,,,,Diversion of Forest Land for the Laying of 11KV Underground HDD Electric Cable along Dapada- Surangi Road in Dadra and Nagar Haveli.,THE DADRA AND NAGAR HAVELI AND DAMAN AND DIU,Dadra & Nagar Haveli,CHIKHLI,,,,Linear,0.0,0.021,0.021,0.0,0.0,0.0,0.0,0.0,0,0,0,Not applicable as the project or activity is site specific,,NO,NO,NO,2023-12-10T16:52:29.827+00:00,,,Degraded Forest Land,true,"1st and 2nd floor, Vidyutbhavan, Next to Secretariat BLDG, 66 kV Road Silvassa, D&NH 396230",Silvassa,38,Joint Venture (Govt. + Pvt.),Junior Engineer,Silvassa,38,Dadra & Nagar Haveli,,https://parivesh.nic.in/dms/okm/downloadDocument?docTypemappingId=40829&refId=29473128&refType=caf&uuid=a3fe7e8f-3ac4-4cfc-9734-4bbb3d8c8819&version=1.0;https://parivesh.nic.in/dms/okm/downloadDocument?docTypemappingId=58989&refId=29473128&refType=FC&uuid=a88ca0eb-a0f2-4212-bbe9-cf37bd4140b1&version=1.0,524955,https://parivesh.nic.in/newupgrade/#/report/ec?proposalId=29473190,190.0,1680.0
31482392,Mandoni - Sindoni Drinking Water Supply Scheme,New,FP/DN/WATER/455348/2023,2023-12-13T05:02:30.322+00:00,,DELISTED_BY_SYSTEM,0.2192,150.0,EXECUTIVE ENGINEER PWD III IRRIGATION DISTRICT PANCHAYAT DADRA AND NAGAR HAVELI,,Forest clearance form,,,,"Diversion of Reserved Forest Land for the Construction of UGSRs, ESRs and BPT for the Augmentation of Mandoni- Sindoni Drinking Water Supply Scheme.",THE DADRA AND NAGAR HAVELI AND DAMAN AND DIU,Dadra & Nagar Haveli,BERPA,,,"227,247,263",Non - Linear,0.0,0.2192,0.2192,0.0,0.0,0.0,0.0,0.0,0,0,0,Not applicable as the project or activity is site specific,,NO,NO,NO,2023-12-17T07:09:45.707+00:00,,,Degraded Forest Land,true,"Office of The Executive Engineer, PWD-III (IRRIGATION),
Near Government Housing Complex, Silvassa",Silvassa,38,Central Government (Department/Autonomous body),Executive Engineer,Silvasssa,38,Dadra & Nagar Haveli,"227,247,263",https://parivesh.nic.in/dms/okm/downloadDocument?docTypemappingId=40829&refId=31228705&refType=caf&uuid=d834fafd-ac83-49c6-90be-cc8aa0e40a2d&version=1.0;https://parivesh.nic.in/dms/okm/downloadDocument?docTypemappingId=58989&refId=31228705&refType=FC&uuid=9ad0117e-211e-4ec2-8eaf-3a907087c511&version=1.2,524994,https://parivesh.nic.in/newupgrade/#/report/ec?proposalId=31482392,2200.0,2095.0
32601223,THE PROPOSED EXPANSION PROJECT FOR MANUFACTURING OF “SYNTHETIC ORGANIC CHEMICALS”,Expansion,IA/DN/IND3/456157/2023,2023-12-20T11:08:57.657+00:00,2023-12-28T03:26:54.363+00:00,Standard ToR Granted,0.2098,1185.12,BHARAT RESINS PRIVATE LIMITED,Unistar Environment & Research Labs Pvt. Ltd.,Environment clearance form,TOR,B1,Synthetic organic chemicals industry,M/s. Bharat Resins Pvt. Ltd.,THE DADRA AND NAGAR HAVELI AND DAMAN AND DIU,Daman,DABHEL,IA-J-11011/446/2023-IA-II(I),,"Plot No. 43, 44, 45,46, 47, 58 and 59,  Dabhel Industrial Co. Op. Soc. Ltd.,  Village Dabhel, Daman – 396210,  U.T. of Dadra & Nagar Haveli and Daman & Diu.",Hybrid,0.2098,0.0,0.2098,0.5849,0.0,0.5849,460.21,724.91,0,0,0,NO,--,NO,NO,NO,2023-12-21T09:51:02.099+00:00,,,,,,,,,,,,Daman,"Plot No. 43, 44, 45,46, 47, 58 and 59,  Dabhel Industrial Co. Op. Soc. Ltd.,  Village Dabhel, Daman – 396210,  U.T. of Dadra & Nagar Haveli and Daman & Diu.",https://parivesh.nic.in/dms/okm/downloadDocument?docTypemappingId=40829&refId=23036642&refType=caf&uuid=86075180-52c9-4c7f-8965-4ad9d728a563&version=1.4,524930,https://parivesh.nic.in/newupgrade/#/report/ec?proposalId=32601223,0.0,93.0
37319655,"REGULARIZATION OF THE EXISTING UNIT at Unit-III, Survey. No. 127/1/2, Umerkui Road, 
Village - Athola, Silvassa-396 240, U.T. of D&NH and D&D,  INVOLVED IN MANUFACTURING OF ""Aluminium/alloy wires and rods, Aluminium Conductors (ACSR conductors/AAAC/ACAR/AACSR), all aluminium conductors (without steel core), GSW/guy wire, earth wire/stay wire and all types of aluminium and aluminium conductors (with steel core/other core or without steel/other core)"" M/s. Apar Industries Ltd., Athola unit",New,SIA/DN/IND1/457988/2024,2024-01-08T07:01:38.579+00:00,,DELISTED_BY_SYSTEM,3.075,4613.9,APAR INDUSTRIES LIMITED,Unistar Environment & Research Labs Pvt. Ltd.,Environment clearance form,TOR,B1,Metallurgical Industries (ferrous and non ferrous),M/s. Apar Industries Ltd. (Conductor Division),THE DADRA AND NAGAR HAVELI AND DAMAN AND DIU,Dadra & Nagar Haveli,SILVASSA,,,"Unit-III, Survey. No. 127/1/2, Umerkui Road,  Village - Athola, Silvassa-396 240, U.T. of D&NH and D&D.",Hybrid,3.075,0.0,3.075,0.0,0.0,0.0,0.0,0.0,0,0,0,NO,--,NO,NO,NO,2024-01-08T12:42:33.506+00:00,,,,,,,,,,,,Dadra & Nagar Haveli,"Unit-III, Survey. No. 127/1/2, Umerkui Road,  Village - Athola, Silvassa-396 240, U.T. of D&NH and D&D.",https://parivesh.nic.in/dms/okm/downloadDocument?docTypemappingId=40829&refId=37041217&refType=caf&uuid=0ae03c8c-a293-4576-b3b6-21dc1ea3a68a&version=1.0,802639,https://parivesh.nic.in/newupgrade/#/report/ec?proposalId=37319655,0.0,95.0
41040678,To Manufacture Enhanced Capacity of Polyester Partially Oriented Yarn (POY) (From Pet Granules and Through Continuous Polymerization) “Manmade Fibers Manufacturing” (Other than Rayon),Expansion,SIA/DN/IND2/459738/2024,2024-01-24T09:40:34.332+00:00,2025-09-13T11:27:23.198+00:00,EC Granted,8.33,35091.0,UNIFY TEXTURISERS PRIVATE LIMITED,,Environment clearance form,EC,B1,,M/s. Unify Texturisers Pvt. Ltd.,THE DADRA AND NAGAR HAVELI AND DAMAN AND DIU,Dadra & Nagar Haveli,KARAD,,CF/UTEAC/DNH-DD/2024/04,"Survey No.139 & 140, Madhuban Dam Road, Village. Karad-396230, Silvassa, U.T. of Dadra & Nagar Haveli and Daman &Diu.",Hybrid,8.33,0.0,8.33,0.0,0.0,0.0,3734.0,31357.0,0,0,0,NO,Available area is sufficient for proposed expansion.,NO,NO,NO,2024-01-24T13:33:43.371+00:00,Located within industrial estates,,,,,,,,,,,Dadra & Nagar Haveli,"Survey No.139 & 140, Madhuban Dam Road, Village. Karad-396230, Silvassa, U.T. of Dadra & Nagar Haveli and Daman &Diu.",https://parivesh.nic.in/dms/okm/downloadDocument?docTypemappingId=40829&refId=41023278&refType=caf&uuid=a6007335-f84a-4b45-b79d-e678f47f3c4d&version=1.0,524951,https://parivesh.nic.in/newupgrade/#/report/ec?proposalId=41040678,0.0,800.0
41799038,The total builtup area of the project is 148002.48 sqmt and site area is 37105.00 sqmt. The project comprises of 826 Nos. of apartment units and a clubhouse.,New,SIA/DN/INFRA2/459995/2024,2024-01-27T06:23:17.472+00:00,2025-04-29T07:11:08.819+00:00,Proposal Withdrawal Request Accepted,3.7105,1282.0,CHETANKUMAR SHAH,Precitech Laboratories Private Limited (formerly known as Precitech Laboratories),Environment clearance form,TOR,B2,Building / Construction,Abhinandan Mountreea,THE DADRA AND NAGAR HAVELI AND DAMAN AND DIU,Dadra & Nagar Haveli,ATHAL,,,"Survey no. 318, 320, 335",Non - Linear,3.7105,0.0,3.7105,0.0,0.0,0.0,0.0,0.0,0,0,0,NO,NA,NO,NO,NO,2024-02-08T13:49:41.892+00:00,,,,,,,,,,,,Dadra & Nagar Haveli,"Survey no. 318, 320, 335",https://parivesh.nic.in/dms/okm/downloadDocument?docTypemappingId=40829&refId=41585337&refType=caf&uuid=ae7d3acc-5078-4a06-aed6-167bd3433638&version=1.0,524946,https://parivesh.nic.in/newupgrade/#/report/ec?proposalId=41799038,7725.0,734.0
42337606,The subject transmission scheme involves implementation of Navsari (New) (South Gujarat) (GIS) - Padghe (GIS) 765 kV D/c transmission line in Gujarat under regulated tariff mechanism (RTM) and connectivity to national / State Grid,New,IA/DN/CRZ/460231/2024,2024-01-29T13:10:53.569+00:00,,Under Examination with SCZMA,31.301,89500.0,POWER GRID CORPORATION OF INDIA LTD,,CRZ clearance form,CRZ,,,765 kV D/c Navsari-Padge Transmission line,THE DADRA AND NAGAR HAVELI AND DAMAN AND DIU,Dadra & Nagar Haveli,SILVASSA,,,,Linear,30.901,0.4,31.301,0.0,0.0,0.0,0.0,0.0,0,0,0,NO,minimum involvement of forest and minimum tree cutting,NO,NO,NO,2024-01-29T14:01:29.753+00:00,,,,,,,,,,,,Dadra & Nagar Haveli,,https://parivesh.nic.in/dms/okm/downloadDocument?docTypemappingId=40829&refId=11321933&refType=caf&uuid=2eb5c24d-1515-40e3-be95-58d07e6b56aa&version=1.1,802639,https://parivesh.nic.in/newupgrade/#/report/ec?proposalId=42337606,68075.0,324975.0
43686470,"This project is Residential cum commercial project. The total built-up area of the project is 83584.05 sq. mt. and site area is 16875.00 sq. mt. The project comprises of 590 Nos. of apartment units- 481, shops- 108 and clubhouse- 1.",New,SIA/DN/INFRA2/460848/2024,2024-02-03T06:09:16.001+00:00,2025-02-17T11:38:05.433+00:00,Proposal Withdrawal Request Accepted,1.6875,8036.23,DIGVIJAYSINH PARMAR,Precitech Laboratories Private Limited (formerly known as Precitech Laboratories),Environment clearance form,TOR,B2,Building / Construction,Palladium High Street,THE DADRA AND NAGAR HAVELI AND DAMAN AND DIU,Dadra & Nagar Haveli,SILVASSA,,,"Plot no. 52/1/1/2/2, 52/1/1/2/1/1",Non - Linear,1.6875,0.0,1.6875,0.0,0.0,0.0,0.0,0.0,0,0,0,NO,NA,NO,NO,NO,2024-02-22T05:42:18.419+00:00,,,,,,,,,,,,Dadra & Nagar Haveli,"Plot no. 52/1/1/2/2, 52/1/1/2/1/1",https://parivesh.nic.in/dms/okm/downloadDocument?docTypemappingId=40829&refId=43473201&refType=caf&uuid=01d2428a-53cd-4ee8-b1b8-d70f864510f3&version=1.0,802639,https://parivesh.nic.in/newupgrade/#/report/ec?proposalId=43686470,2240.0,732.0
46739277,Kharadpada,New,FP/DN/TRANS/462797/2024,2024-02-14T07:45:06.089+00:00,,REMOVED,0.0308,70.0,DADRA AND NAGAR HAVELI AND DAMAN AND DIU POWER DISTRIBUTION CORPORATION LIM,,Forest clearance form,,,,Diversion of Protected Forest Land for the laying of 11KV underground Electric Cable along the Athal Kharadpada Crossing - Luhari Road.,THE DADRA AND NAGAR HAVELI AND DAMAN AND DIU,Dadra & Nagar Haveli,KHARADPADA,,,,Linear,0.0,0.0308,0.0308,0.0,0.0,0.0,0.0,0.0,0,0,0,Not applicable as the project or activity is site specific,,NO,NO,NO,2024-05-21T18:30:00.000+00:00,,,Degraded Forest Land,true,"1st and 2nd floor, Vidyutbhavan, Next to Secretariat BLDG, 66 kV Road Silvassa, D&NH 396230",Silvassa,38,Joint Venture (Govt. + Pvt.),Junior Engineer,Silvassa,38,Dadra & Nagar Haveli,,https://parivesh.nic.in/dms/okm/downloadDocument?docTypemappingId=40829&refId=46736079&refType=caf&uuid=cd3a04c9-c78b-4430-91a3-65cdb9608a3c&version=1.0;https://parivesh.nic.in/dms/okm/downloadDocument?docTypemappingId=58989&refId=46736079&refType=FC&uuid=906d45b1-daa0-424e-99f3-2514a51613f3&version=1.0,524945,https://parivesh.nic.in/newupgrade/#/report/ec?proposalId=46739277,125.0,2025.0
46740351,"Application for transfer of EC from M/s Shubhalakshmi Polyesters Limited to M/s. Reliance Polyester Limited., granted for Man-Made fibre (Partially Oriented Yarn, Fully Drawn Yarn, Nylon Yarn & Mother Yarn).",Expansion,IA/DN/IND2/462801/2024,2024-02-14T07:58:58.746+00:00,2024-05-03T12:12:36.120+00:00,Granted,3.75,9273.0,RELIANCE POLYESTER LIMITED,,Application for Transfer of EC- Form-7,OTHER,B1,,"M/s. Reliance Polyester Limited. - Application for transfer of EC from M/s Shubhalakshmi Polyesters Limited to M/s. Reliance Polyester Limited., granted for Man-Made fibre (Partially Oriented Yarn, Fully Drawn Yarn, Nylon Yarn & Mother Yarn).",THE DADRA AND NAGAR HAVELI AND DAMAN AND DIU,Dadra & Nagar Haveli,Sili,J-11011/174/2014-IA II(I),,Survey no. 179/1/2 & 179/1/4,Non - Linear,3.75,0.0,3.75,0.0,0.0,0.0,0.0,9273.0,0,0,0,NO,The current application is only for the transfer of EC. The earlier EC was for expansion in existing site.,NO,NO,NO,2024-02-26T10:00:24.388+00:00,,,,,"2nd Floor, Maker Chambers IV, 222 Nariman Point, Mumbai, Mumbai City, Maharashtra, India. Pincode no.-400021.",Mumbai City,27,Private Limited,Director,Mumbai City,27,Dadra & Nagar Haveli,Survey no. 179/1/2 & 179/1/4,https://parivesh.nic.in/dms/okm/downloadDocument?docTypemappingId=40829&refId=46732110&refType=caf&uuid=d2ecf25a-aa68-45c2-aeb8-0c2cdddab15b&version=1.0,524935,https://parivesh.nic.in/newupgrade/#/report/ec?proposalId=46740351,0.0,167040.0
47071282,Improvement of the Geometrical Curve on existing Road Stretches in Shelti Goratpada and Vaghchauda and DNH.,New,FP/DN/ROAD/463027/2024,2024-02-16T04:21:47.866+00:00,,Stage-II Accorded,0.81,175.0,EXECUTIVE ENGINEER ROAD DIVISION,,Forest clearance form,,,,Diversion of Reserved Forest Land for the Improvement of the Geometrical Curve on existing Road Stretches in Shelti Goratpada and Vaghchauda in DNH.,THE DADRA AND NAGAR HAVELI AND DAMAN AND DIU,Dadra & Nagar Haveli,VAGHCHAUDA,,,9,Linear,0.0,0.81,0.81,0.0,0.0,0.0,0.0,0.0,0,0,0,Not applicable as the project or activity is site specific,,NO,NO,NO,2024-02-16T18:30:00.000+00:00,,,Degraded Forest Land,true,"Office of the Executive Engineer (Road Division), Near Government Housing Complex, Silvassa",Silvassa,38,Central Government (Department/Autonomous body),Executive Engineer,,38,Dadra & Nagar Haveli,9,https://parivesh.nic.in/dms/okm/downloadDocument?docTypemappingId=40829&refId=47043650&refType=caf&uuid=e205e36c-ed43-406e-afd3-2eafbbd919a9&version=1.0;https://parivesh.nic.in/dms/okm/downloadDocument?docTypemappingId=58989&refId=47043650&refType=FC&uuid=0c1c7c06-ceea-4fab-8860-6dcf4b883ddb&version=1.1,524968,https://parivesh.nic.in/newupgrade/#/report/ec?proposalId=47071282,550.0,2025.0
50519748,Shivanta – Residential Cum Commercial Building Construction Project by M/s Royal Enterprise having residential flats 616 and 13 shops,New,SIA/DN/INFRA2/464550/2024,2024-02-29T14:08:36.341+00:00,,DELISTED_BY_SYSTEM,2.0108,9172.0,ROYAL ENTERPRISE,,Environment clearance form,TOR,B2,Building / Construction,Shivanta – Residential Cum Commercial Building Construction Project by M/s Royal Enterprise,THE DADRA AND NAGAR HAVELI AND DAMAN AND DIU,Dadra & Nagar Haveli,Samarvarni (CT),,CF/UTEAC/DNH-DD/2024/03,,Hybrid,2.0108,0.0,2.0108,0.0,0.0,0.0,0.0,0.0,0,0,0,NO,Not Applicable,NO,NO,NO,2024-02-29T15:14:13.783+00:00,,,,,,,,,,,,Dadra & Nagar Haveli,,https://parivesh.nic.in/dms/okm/downloadDocument?docTypemappingId=40829&refId=50519500&refType=caf&uuid=a8cc416f-2e82-4267-8813-a64f7b91ef33&version=1.0,524999,https://parivesh.nic.in/newupgrade/#/report/ec?proposalId=50519748,6950.0,2820.0
52719744,Laying of 11KV Underground HDD Electric Cable along Khadoli- Silvassa Khanvel Road to Chikhali Village Road in Dadra and Nagar Haveli.,New,FP/DN/TRANS/465589/2024,2024-03-10T14:28:29.200+00:00,,DELISTED_BY_SYSTEM,0.0169,60.0,DADRA AND NAGAR HAVELI AND DAMAN AND DIU POWER DISTRIBUTION CORPORATION LIM,,Forest clearance form,,,,Diversion of Protected Forest Land for the Laying of 11KV Underground HDD Electric Cable along Khadoli- Silvassa -Khanvel Road to Chikhali Village Road in Dadra and Nagar Haveli.,THE DADRA AND NAGAR HAVELI AND DAMAN AND DIU,Dadra & Nagar Haveli,CHIKHLI,,,,Linear,0.0,0.0169,0.0169,0.0,0.0,0.0,0.0,0.0,0,0,0,Not applicable as the project or activity is site specific,,NO,NO,NO,2024-03-12T04:00:16.600+00:00,,,Degraded Forest Land,true,"1st and 2nd floor, Vidyutbhavan, Next to Secretariat BLDG, 66 kV Road Silvassa, D&NH 396230",Silvassa,38,Joint Venture (Govt. + Pvt.),Junior Engineer,Silvassa,38,Dadra & Nagar Haveli,,https://parivesh.nic.in/dms/okm/downloadDocument?docTypemappingId=40829&refId=52719723&refType=caf&uuid=ff56e8b6-8eea-49e8-be63-aafa365c445d&version=1.1;https://parivesh.nic.in/dms/okm/downloadDocument?docTypemappingId=58989&refId=52719723&refType=FC&uuid=afb7a33c-e6fc-4f87-990f-a89c77a03522&version=1.1,524955,https://parivesh.nic.in/newupgrade/#/report/ec?proposalId=52719744,160.0,1295.0
54532112,Laying of Underground Drinking Water Pipeline from Madhuban Road to Karad Varlipada.,New,FP/DN/WATER/466298/2024,2024-03-17T09:34:30.875+00:00,,REMOVED,0.0376,5.0,EXECUTIVE ENGINEER PWD III IRRIGATION DISTRICT PANCHAYAT DADRA AND NAGAR HAVELI,,Forest clearance form,,,,Diversion of Forest land for the Laying of Underground Drinking Water Pipeline from Madhuban Road to Karad Varlipada.,THE DADRA AND NAGAR HAVELI AND DAMAN AND DIU,Dadra & Nagar Haveli,KARAD,,,72,Linear,0.0016,0.036,0.0376,0.0,0.0,0.0,0.0,0.0,0,0,0,Not applicable as the project or activity is site specific,,NO,NO,NO,2024-03-17T10:21:01.397+00:00,,,Degraded Forest Land,true,"Office of The Executive Engineer, PWD-III (IRRIGATION),
Near Government Housing Complex, Silvassa",Silvassa,38,Central Government (Department/Autonomous body),Executive Engineer,Silvassa,38,Dadra & Nagar Haveli,72,https://parivesh.nic.in/dms/okm/downloadDocument?docTypemappingId=40829&refId=53721084&refType=caf&uuid=09524ca8-d3f2-4278-926d-4bf6bac16bdc&version=1.0;https://parivesh.nic.in/dms/okm/downloadDocument?docTypemappingId=58989&refId=53721084&refType=FC&uuid=cd6e2d39-2944-42fd-b292-b9451dd780c7&version=1.2,524951,https://parivesh.nic.in/newupgrade/#/report/ec?proposalId=54532112,125.0,780.0
54532431,Laying of Underground Drinking Water Pipeline from Madhuban Road to Karad Varlipada.,New,WL/DN/DRKWATER/466300/2024,2024-03-17T10:25:27.988+00:00,,,0.0376,5.0,EXECUTIVE ENGINEER PWD III IRRIGATION DISTRICT PANCHAYAT DADRA AND NAGAR HAVELI,,Wildlife clearance form,,,,Diversion of Forest land for the Laying of Underground Drinking Water Pipeline from Madhuban Road to Karad Varlipada.,THE DADRA AND NAGAR HAVELI AND DAMAN AND DIU,Dadra & Nagar Haveli,KARAD,,,72,Linear,0.0016,0.036,0.0376,0.0,0.0,0.0,0.0,0.0,0,0,0,Not applicable as the project or activity is site specific,,NO,NO,NO,2024-03-18T06:11:35.765+00:00,,,,,,,,,,,,Dadra & Nagar Haveli,72,https://parivesh.nic.in/dms/okm/downloadDocument?docTypemappingId=40829&refId=53721084&refType=caf&uuid=09524ca8-d3f2-4278-926d-4bf6bac16bdc&version=1.0,524951,https://parivesh.nic.in/newupgrade/#/report/ec?proposalId=54532431,125.0,780.0
55000176,Improvement of the Geometrical Curve at Dudhani Junction (Ch. 34 to 35),New,FP/DN/ROAD/466800/2024,2024-03-21T08:59:10.180+00:00,,DELISTED_BY_SYSTEM,0.38,75.0,EXECUTIVE ENGINEER ROAD DIVISION,,Forest clearance form,,,,Diversion of  Reserved  forest  land for the Improvement of the Geometrical Curve at Dudhani Junction (Ch. 34 to 35),THE DADRA AND NAGAR HAVELI AND DAMAN AND DIU,Dadra & Nagar Haveli,DUDHNI,,,"37,209",Linear,0.0,0.38,0.38,0.0,0.0,0.0,0.0,0.0,0,0,0,Not applicable as the project or activity is site specific,,NO,NO,NO,2024-03-21T10:53:48.312+00:00,,,Degraded Forest Land,true,"Office of the Executive Engineer (Road Division), Near Government Housing Complex, Silvassa",Silvassa,38,Central Government (Department/Autonomous body),Executive Engineer,Silvassa,38,Dadra & Nagar Haveli,"37,209",https://parivesh.nic.in/dms/okm/downloadDocument?docTypemappingId=40829&refId=54999448&refType=caf&uuid=4d66efbb-b4b3-4eeb-b215-1d1171a185d6&version=1.0;https://parivesh.nic.in/dms/okm/downloadDocument?docTypemappingId=58989&refId=54999448&refType=FC&uuid=0c4f4d87-7fad-4b18-a759-c32bce0b9367&version=1.0,524974,https://parivesh.nic.in/newupgrade/#/report/ec?proposalId=55000176,700.0,930.0
60350554,"Laying of Underground 11KV Electric Feeder Line from M/s Silvassa Bottling Company, Dapada to Khadoli Substation within the RoW.",New,FP/DN/TRANS/469189/2024,2024-04-12T15:56:48.134+00:00,,DELISTED_BY_SYSTEM,0.1148,99.0,SILVASSA BOTTLING CO,,Forest clearance form,,,,"Diversion of Protected Forest Land  for the Laying of Underground 11KV Electric Feeder Line from M/s Silvassa Bottling Company, Dapada to Khadoli Substation.",THE DADRA AND NAGAR HAVELI AND DAMAN AND DIU,Dadra & Nagar Haveli,DAPADA,,,,Linear,0.0,0.1148,0.1148,0.0,0.0,0.0,0.0,0.0,0,0,0,Not applicable as the project or activity is site specific,,NO,NO,NO,2024-04-16T04:23:30.364+00:00,,,Degraded Forest Land,true,"SURVEY NO.131/1, KHANVEL MAIN ROAD, NEAR HEALTH CARE DAPADA SILVASSA",Dapada,38,Others,Accounts Head,Dapada,38,Dadra & Nagar Haveli,,https://parivesh.nic.in/dms/okm/downloadDocument?docTypemappingId=40829&refId=60350496&refType=caf&uuid=37a3dcda-1fe4-45f3-b447-ce866d7e70f5&version=1.0;https://parivesh.nic.in/dms/okm/downloadDocument?docTypemappingId=58989&refId=60350496&refType=FC&uuid=4a5f7920-48fd-4b9c-af22-2157d245cd7d&version=1.1,524956,https://parivesh.nic.in/newupgrade/#/report/ec?proposalId=60350554,615.0,2025.0
68701901,Construction of Retaining Wall for Riverside Protection on Sakartod River at Khanvel.,New,FP/DN/OTHERS/473232/2024,2024-05-17T03:53:31.494+00:00,,REMOVED,3.1464,55.0,DADRA AND NAGAR HAVELI PLANNING & DEVELOPMENT AUTHORITY,,Forest clearance form,,,,Diversion of  Forest Land (PF & RF) for the Construction of  Retaining Wall for Riverside Protection on Sakartod River at Khanvel.,THE DADRA AND NAGAR HAVELI AND DAMAN AND DIU,Dadra & Nagar Haveli,Bindrabin,,,,Linear,0.0,3.1464,3.1464,0.0,0.0,0.0,0.0,0.0,0,0,0,Not applicable as the project or activity is site specific,,NO,NO,NO,2024-05-17T04:38:28.485+00:00,,,Degraded Forest Land,true,"A Wing, 2nd Floor, District Secretariat, Silvassa",Silvassa,38,Central Government (Department/Autonomous body),Executive Engineer,,38,Dadra & Nagar Haveli,,https://parivesh.nic.in/dms/okm/downloadDocument?docTypemappingId=40829&refId=66590355&refType=caf&uuid=9a7ec6bd-afcd-45ae-b59a-aa239f632af7&version=1.4;https://parivesh.nic.in/dms/okm/downloadDocument?docTypemappingId=58989&refId=66590355&refType=FC&uuid=2adcfff6-fd22-4613-968b-d67129428b72&version=1.0,524963,https://parivesh.nic.in/newupgrade/#/report/ec?proposalId=68701901,24800.0,1370.0
70148206,Widening of Road from Khanvel Chowk to Kherdi Border.,New,WL/DN/ROAD/474581/2024,2024-05-22T11:19:55.887+00:00,,,0.9387,2500.0,EXECUTIVE ENGINEER ROAD DIVISION,,Wildlife clearance form,,,,Diversion of Forest Land (Wildlife) for the Widening of Road from Khanvel Chowk to Kherdi Border.,THE DADRA AND NAGAR HAVELI AND DAMAN AND DIU,Dadra & Nagar Haveli,CHAWDA,,,"13,21",Linear,0.0,0.9387,0.9387,0.0,0.0,0.0,0.0,0.0,0,0,0,Not applicable as the project or activity is site specific,,NO,NO,NO,2024-05-22T12:37:18.809+00:00,,,,,,,,,,,,Dadra & Nagar Haveli,"13,21",https://parivesh.nic.in/dms/okm/downloadDocument?docTypemappingId=40829&refId=70133968&refType=caf&uuid=546b8c69-9589-44d4-8ced-e1762ea43779&version=1.0,524982,https://parivesh.nic.in/newupgrade/#/report/ec?proposalId=70148206,330.0,830.0
77044454,"Diversion of 0.3445 Ha. of Protected Forest land for laying 125/90 mm dia Gas Distribution Network in DNH GA 1 Alpla India Pvt Ltd, Silvassa. Connectivity, 2 SSR College Dabur Industry Connectivity 3 Hightech Plast, Silvassa.Connectivity, 4 Nico Extrusion Industry Connectivity ,5 Rossari Biotech & Veer Plastic Industry, Connectivity 6. Savita OIL & Alpa Industry connectivity 7. TCPL Packaging Conncetivity Surrounding Area of Dadra and Nagar Haveli",New,FP/DN/Pipeline/481937/2024,2024-06-17T11:03:36.611+00:00,,DELISTED_BY_SYSTEM,0.3445,400.0,GUJARAT GAS LIMITED,,Forest clearance form,,,,"125/90 mm dia Gas Distribution Network in DNH GA 1 Alpla India Pvt Ltd, Silvassa. Connectivity, 2 SSR College Dabur Industry Connectivity 3 Hightech Plast, Silvassa.Connectivity, 4 Nico Extrusion Industry Connectivity ,5 Rossari Biotech & Veer Plastic Industry, Connectivity 6. Savita OIL & Alpa Industry connectivity 7. TCPL Packaging Conncetivity Surrounding Area of Dadra and Nagar Haveli",THE DADRA AND NAGAR HAVELI AND DAMAN AND DIU,Dadra & Nagar Haveli,ATHAL,,,0,Linear,0.0,0.3445,0.3445,0.0,0.0,0.0,0.0,0.0,0,0,0,Not applicable as the project or activity is site specific,,NO,NO,NO,2024-06-17T11:38:20.530+00:00,,,,false,"301-304 
3rd Floor
IT Tower-1
Infocity
Gandhinagar",Ahmedabad,24,"State PSU (eg. State Forest Corp., TANGEDCO, Mineral development Corp)",Sr. Officer (ROU),Ahmedabad,24,Dadra & Nagar Haveli,0,https://parivesh.nic.in/dms/okm/downloadDocument?docTypemappingId=40829&refId=77041887&refType=caf&uuid=fd0dee80-e594-410f-9303-ce67da7f33e2&version=1.0;https://parivesh.nic.in/dms/okm/downloadDocument?docTypemappingId=58989&refId=77041887&refType=FC&uuid=baea716b-6d74-4c19-8005-9162f2efb4d1&version=1.0,524946,https://parivesh.nic.in/newupgrade/#/report/ec?proposalId=77044454,200.0,200.0
79839902,"At present, the average fish handling capacity at the existing jetty area is only 450 TPA. Day by day, fish catch activities are increasing, and due to this, there is an increase in traffic at the existing jetty area and a shortage of parking space for gillnetters. Keeping this in view, the Public Works Department in Daman intends to provide a supporting facility to local people for fishing activities by extending the existing jetty area, which also includes a facility for gillnetters parking.
Total Port Area: 12048.00 m2
Total Fish Handling Capacity @ Samudra Narayan Jetty will be 850 TPA.
Parking Area for Boat: 4083.00 m2",New,IA/DN/CRZ/484933/2024,2024-06-29T12:34:41.969+00:00,,Accepted and Referred to SCZMA,12048.0,9071.0,EXECUTIVE ENGINEER  PUBLIC WORKS DEPARTMENT WD I DAMAN,,CRZ clearance form,CRZ,,,"Extension of Samudra Narayan Jetty up to pedestrian Bridge & Development of Boat Parking at Nani Daman, U.T. of DNH and Daman & Diu. Applicant: Fisheries Department, Daman",THE DADRA AND NAGAR HAVELI AND DAMAN AND DIU,Daman,MOTI DAMAN,,IA/DN/CRZ/484933/2024,,Linear,12048.0,0.0,12048.0,0.0,0.0,0.0,0.0,0.0,0,0,0,NO,"Proximity to existing infrastructure and existing Samudra Narayan Jetty, proximity to nearby town area",NO,NO,NO,2025-09-22T12:57:11.911+00:00,,,,,,,,,,,,Daman,,https://parivesh.nic.in/dms/okm/downloadDocument?docTypemappingId=40829&refId=79824371&refType=caf&uuid=8f7d90ba-ceae-4235-bc0c-987b9099ea50&version=1.0,802638,https://parivesh.nic.in/newupgrade/#/report/ec?proposalId=79839902,13500.0,2190.0
80091582,"WRSS-XIX & NERSS-IX is System Strengthening Project of Western and Northeastern Grid for the states of Gujarat, Maharashtra, Assam & Arunachal Pradesh on built own operate and maintain basis through tariff based competitive bidding. This prestigious project is a part of National Grid and a vital link for bulk power transfer in the states of Gujarat, Maharashtra, Assam & Arunachal Pradesh by creating strong transmission links with adjoining states. Vapi- II – Sayali Transmission Line passes through the reserve and social forest area under Territorial & Wildlife Division of the State of Dadra and Nagar Haveli.",New,FP/DN/PWR_TRANS/485023/2024,2024-06-30T07:39:14.104+00:00,,DELISTED_BY_SYSTEM,6.1559,141.0,VAPI II-NORTH LAKHIMPUR TRANSMISSION LIMITED,,Forest clearance form,,,,Construction of 220 kV D/C Vapi-II – Sayali Transmission Line,THE DADRA AND NAGAR HAVELI AND DAMAN AND DIU,Dadra & Nagar Haveli,SAILI,,,,Linear,1.708,4.4479,6.1559,0.0,0.0,0.0,0.0,0.0,0,0,0,YES,,NO,NO,NO,2025-09-12T18:30:00.000+00:00,,,Degraded Forest Land,true,"F-1, Mira Corporate Suites, Mathura Road, Ishwar Nagar, New Delhi",,38,Private Limited,Manager,,38,Dadra & Nagar Haveli,,https://parivesh.nic.in/dms/okm/downloadDocument?docTypemappingId=40828&refId=80089672&refType=caf&uuid=05dd1671-6db5-422f-b42f-0d859d4a4092&version=1.0;https://parivesh.nic.in/dms/okm/downloadDocument?docTypemappingId=40828&refId=80089672&refType=caf&uuid=967203d4-f867-4b9a-b13e-6005fe4eb614&version=1.0;https://parivesh.nic.in/dms/okm/downloadDocument?docTypemappingId=40829&refId=80089672&refType=caf&uuid=372e2c10-2af3-404b-9541-6a6142e878fe&version=1.0;https://parivesh.nic.in/dms/okm/downloadDocument?docTypemappingId=58989&refId=80089672&refType=FC&uuid=d8cd60ef-0fb1-4ec1-8f35-3c9181996c99&version=1.0;https://parivesh.nic.in/dms/okm/downloadDocument?docTypemappingId=58989&refId=80089672&refType=FC&uuid=0439874f-73bb-4d1b-87f9-5b7c2f30139d&version=1.0,,https://parivesh.nic.in/newupgrade/#/report/ec?proposalId=80091582,2700.0,68250.0
81273050,"WRSS-XIX & NERSS-IX is System Strengthening Project of Western and Northeastern Grid for the states of Gujarat, Maharashtra, Assam & Arunachal Pradesh on built own operate and maintain basis through tariff based competitive bidding. This prestigious project is a part of National Grid and a vital link for bulk power transfer in the states of Gujarat, Maharashtra, Assam & Arunachal Pradesh by creating strong transmission links with adjoining states. Vapi- II – Sayali Transmission Line passes through the reserve and social forest area under Territorial & Wildlife Division of the State of Dadra and Nagar Haveli.",New,WL/DN/TRANS/485760/2024,2024-07-04T06:07:53.278+00:00,,,6.1559,141.0,VAPI II-NORTH LAKHIMPUR TRANSMISSION LIMITED,,Wildlife clearance form,,,,Construction of 220 kV D/C Vapi-II – Sayali Transmission Line,THE DADRA AND NAGAR HAVELI AND DAMAN AND DIU,Dadra & Nagar Haveli,SAILI,,,,Linear,1.708,4.4479,6.1559,0.0,0.0,0.0,0.0,0.0,0,0,0,YES,,NO,NO,NO,2024-07-04T07:24:31.727+00:00,,,,,,,,,,,,Dadra & Nagar Haveli,,https://parivesh.nic.in/dms/okm/downloadDocument?docTypemappingId=40828&refId=80089672&refType=caf&uuid=05dd1671-6db5-422f-b42f-0d859d4a4092&version=1.0;https://parivesh.nic.in/dms/okm/downloadDocument?docTypemappingId=40828&refId=80089672&refType=caf&uuid=967203d4-f867-4b9a-b13e-6005fe4eb614&version=1.0;https://parivesh.nic.in/dms/okm/downloadDocument?docTypemappingId=40829&refId=80089672&refType=caf&uuid=372e2c10-2af3-404b-9541-6a6142e878fe&version=1.0,,https://parivesh.nic.in/newupgrade/#/report/ec?proposalId=81273050,2700.0,68250.0
83689213,"PROPOSED NEW PROJECT FOR MANUFACTURING OF “MANMADE FIBRES 
(OTHERS THAN RAYON)”",New,IA/DN/IND2/487505/2024,2024-07-12T10:43:29.220+00:00,,DELISTED_BY_SYSTEM,11.4,72000.0,BHUMI TEX INDUSTRIES PRIVATE LIMITED,Unistar Environment & Research Labs Pvt. Ltd.,Environment clearance form,TOR,A,Manmade fibers manufacturing,M/s. Bhumi Tex Industries Pvt. Ltd.,THE DADRA AND NAGAR HAVELI AND DAMAN AND DIU,Dadra & Nagar Haveli,KALA,IA-J-11011/322/2024-IA-II(I),,"Survey No. 41/2/4/P1, Village - Kala,  Silvassa-396 230, U.T. of D&NH and D&D.",Hybrid,11.4,0.0,11.4,0.0,0.0,0.0,0.0,0.0,0,0,0,NO,"The proposed unit is located in U.T. of D&NH and D&D having proper infrastructure facilities e.g. water, electricity, transportation, availability of raw material and drainage system as well as availability of local human resources. Hence, alternate site consideration is not envisaged.",NO,NO,NO,2024-07-15T10:43:27.398+00:00,,,,,,,,,,,,Dadra & Nagar Haveli,"Survey No. 41/2/4/P1, Village - Kala,  Silvassa-396 230, U.T. of D&NH and D&D.",https://parivesh.nic.in/dms/okm/downloadDocument?docTypemappingId=40829&refId=83388089&refType=caf&uuid=15cb7365-6049-474f-80c1-236751cd029b&version=1.0,524983,https://parivesh.nic.in/newupgrade/#/report/ec?proposalId=83689213,25.0,516.0
84756299,Laying of 11KV Underground Electric Cable from Silli Substation to Gujarat Border.,New,FP/DN/PWR_TRANS/488048/2024,2024-07-16T04:59:38.334+00:00,2026-04-16T12:49:06.403+00:00,Final Diversion Order Issued,0.1373,18.0,DADRA AND NAGAR HAVELI AND DAMAN AND DIU POWER DISTRIBUTION CORPORATION LIM,,Forest clearance form,,,,Diversion of Forest Land (PF) for the laying of 11KV Underground Electric Cable from Silli Substation to Gujarat Border.,THE DADRA AND NAGAR HAVELI AND DAMAN AND DIU,Dadra & Nagar Haveli,Sili,,,,Linear,0.0,0.1373,0.1373,0.0,0.0,0.0,0.0,0.0,0,0,0,Not applicable as the project or activity is site specific,,NO,NO,NO,2025-03-24T18:30:00.000+00:00,,,Degraded Forest Land,true,"1st and 2nd floor, Vidyutbhavan, Next to Secretariat BLDG, 66 kV Road Silvassa, D&NH 396230",Silvassa,38,Joint Venture (Govt. + Pvt.),Junior Engineer,Silvassa,38,Dadra & Nagar Haveli,,https://parivesh.nic.in/dms/okm/downloadDocument?docTypemappingId=40829&refId=84755840&refType=caf&uuid=bee600ad-e1fd-476c-9f0a-f53242b6ffdb&version=1.0;https://parivesh.nic.in/dms/okm/downloadDocument?docTypemappingId=58989&refId=84755840&refType=FC&uuid=bd553b22-1d2f-4d54-9d6a-2c93567d5e77&version=1.0,524935,https://parivesh.nic.in/newupgrade/#/report/ec?proposalId=84756299,565.0,450.0
87791281,"Laying of Underground Drinking Water Pipeline and the Construction of UGSRs, ESRs and BPTs in Dudhani, Karchond, Vasda and Besda villages.",New,FP/DN/WATER/489891/2024,2024-07-26T17:07:30.063+00:00,,Pending at PP due to EDS by DFO,2.652,1976.0,EXECUTIVE ENGINEER PWD III IRRIGATION DISTRICT PANCHAYAT DADRA AND NAGAR HAVELI,,Forest clearance form,,,,"Diversion of Reserved Forest/Protected Forest Land for the Laying of Underground Drinking Water Pipeline and the Construction of UGSRs, ESRs and BPTs in Dudhani, Karchond, Vasda and Besda villages.",THE DADRA AND NAGAR HAVELI AND DAMAN AND DIU,Dadra & Nagar Haveli,Karchond,,,,Hybrid,0.0,2.652,2.652,0.0,0.0,0.0,0.0,0.0,0,0,0,Not applicable as the project or activity is site specific,,NO,NO,NO,2026-04-19T18:30:00.000+00:00,,,Degraded Forest Land,true,"Office of The Executive Engineer, PWD-III (IRRIGATION),
Near Government Housing Complex, Silvassa",Silvassa,38,Central Government (Department/Autonomous body),Executive Engineer,Silvassa,38,Dadra & Nagar Haveli,,https://parivesh.nic.in/dms/okm/downloadDocument?docTypemappingId=40829&refId=87791214&refType=caf&uuid=b8405c05-64ae-4a13-8e5a-6895730733dd&version=1.0;https://parivesh.nic.in/dms/okm/downloadDocument?docTypemappingId=58989&refId=87791214&refType=FC&uuid=31511a3b-3ce6-4f2c-bdcf-08e4ca04182f&version=1.0,524978,https://parivesh.nic.in/newupgrade/#/report/ec?proposalId=87791281,5350.0,11850.0
89188674,"Laying of Underground Drinking Water Pipeline and the Construction of UGSRs, ESRs and BPTs in Bedpa, Sindoni and Khedpa Village",New,FP/DN/WATER/490559/2024,2024-07-31T07:24:36.547+00:00,,Pending on UA for Compensatory Levies Payment,1.1134,1482.0,EXECUTIVE ENGINEER PWD III IRRIGATION DISTRICT PANCHAYAT DADRA AND NAGAR HAVELI,,Forest clearance form,,,,"Diversion of Reserved Forest/Protected Forest Land for the Laying of Underground Drinking Water Pipeline and the Construction of UGSRs, ESRs and BPTs in Bedpa, Sindoni and Khedpa Village",THE DADRA AND NAGAR HAVELI AND DAMAN AND DIU,Dadra & Nagar Haveli,Bedpa,,,,Hybrid,0.0,1.1134,1.1134,0.0,0.0,0.0,0.0,0.0,0,0,0,Not applicable as the project or activity is site specific,,NO,NO,NO,2026-04-19T18:30:00.000+00:00,,,Degraded Forest Land,true,"Office of The Executive Engineer, PWD-III (IRRIGATION),
Near Government Housing Complex, Silvassa",Silvassa,38,Central Government (Department/Autonomous body),Executive Engineer,Silvassa,38,Dadra & Nagar Haveli,,https://parivesh.nic.in/dms/okm/downloadDocument?docTypemappingId=40829&refId=89187163&refType=caf&uuid=c1e829d4-7633-4414-840c-10871e40493e&version=1.0;https://parivesh.nic.in/dms/okm/downloadDocument?docTypemappingId=58989&refId=89187163&refType=FC&uuid=5b529818-d762-4a53-b841-2db7a3817c68&version=1.0,524994,https://parivesh.nic.in/newupgrade/#/report/ec?proposalId=89188674,3280.0,8365.0
89231116,"Laying of Underground Drinking Water Pipeline and the Construction of  ESRs, UGSRs and BPTs in Mandoni and Chisda Village.",New,FP/DN/WATER/490655/2024,2024-07-31T12:11:27.564+00:00,,Pending at PP due to EDS by DFO,0.9363,988.0,EXECUTIVE ENGINEER PWD III IRRIGATION DISTRICT PANCHAYAT DADRA AND NAGAR HAVELI,,Forest clearance form,,,,"Diversion of Reserved Forest/Protected Forest Land for the Laying of Underground Drinking Water Pipeline and the Construction of ESRs, UGSRs and BPT in Mandoni and Chisda Village.",THE DADRA AND NAGAR HAVELI AND DAMAN AND DIU,Dadra & Nagar Haveli,Mandoni,,,,Hybrid,0.0,0.9363,0.9363,0.0,0.0,0.0,0.0,0.0,0,0,0,Not applicable as the project or activity is site specific,,NO,NO,NO,2026-04-19T18:30:00.000+00:00,,,Degraded Forest Land,true,"Office of The Executive Engineer, PWD-III (IRRIGATION),
Near Government Housing Complex, Silvassa",Silvassa,38,Central Government (Department/Autonomous body),Executive Engineer,Silvassa,38,Dadra & Nagar Haveli,,https://parivesh.nic.in/dms/okm/downloadDocument?docTypemappingId=40829&refId=89230506&refType=caf&uuid=cbff9667-97b2-4b1f-b62a-3140a01795be&version=1.0;https://parivesh.nic.in/dms/okm/downloadDocument?docTypemappingId=58989&refId=89230506&refType=FC&uuid=ef87e5ee-6ab7-48ab-bc01-7158bd79af40&version=1.0,524991,https://parivesh.nic.in/newupgrade/#/report/ec?proposalId=89231116,3050.0,6720.0
95286092,Gas Distribution Network in DNH GA (Vasona Char Rasta to Khanvel Petrol Pump (HP RO) Spurline): Diversion of 0.7617 Hectare Protected Forest land for laying 8”/6” dia Steel pipeline parallel & across to Road side strip plantation declared as Protected Forest for Vasona – Surangi - Khanvel village & Surrounding Area of Dadra and Nagar Haveli (U/T).,New,FP/DN/Pipeline/493459/2024,2024-08-21T05:59:57.541+00:00,,Pending on UA for Compensatory Levies Payment,0.7617,1173.0,GUJARAT GAS LIMITED,,Forest clearance form,,,,Gas Distribution Network in DNH GA (Vasona Char Rasta to Khanvel Petrol Pump (HP RO) Spurline),THE DADRA AND NAGAR HAVELI AND DAMAN AND DIU,Dadra & Nagar Haveli,CHIKHLI,,,Road side strip,Linear,0.0,0.7617,0.7617,0.0,0.0,0.0,0.0,0.0,0,0,0,Not applicable as the project or activity is site specific,,NO,NO,NO,2024-12-26T18:30:00.000+00:00,,,,false,"301-304 
3rd Floor
IT Tower-1
Infocity
Gandhinagar",Gandhinagar,24,"State PSU (eg. State Forest Corp., TANGEDCO, Mineral development Corp)",Dy. Manager (ROU),Gandhinagar,24,Dadra & Nagar Haveli,Road side strip,https://parivesh.nic.in/dms/okm/downloadDocument?docTypemappingId=40829&refId=93911912&refType=caf&uuid=324e01a0-727b-408c-99ef-cf44cbc77fe7&version=1.0;https://parivesh.nic.in/dms/okm/downloadDocument?docTypemappingId=58989&refId=93911912&refType=FC&uuid=80220c51-223a-4f0f-868c-eb734bf84603&version=1.0,524955,https://parivesh.nic.in/newupgrade/#/report/ec?proposalId=95286092,0.0,0.0
97917896,"Gas Distribution Network in DNH GA (Sili Fatak to Randhe Road Umarkui Connectivity, IMP Power, Sayli & Siddhant Ispat, Umarkui Connectivity & Jackson Industry, Athola Connectivity): Diversion of 0.9152 Hectare Protected Forest land for laying 125/90 mm dia MDPE pipeline parallel & across to Road side strip plantation declared as Protected Forest for Amli - Kilvani – Athola - Umarkui - Sayli village & Surrounding Area of Dadra and Nagar Haveli (U/T).",New,FP/DN/Pipeline/494608/2024,2024-08-29T11:43:56.502+00:00,,Pending at UA for Compliance Report,0.9152,700.0,GUJARAT GAS LIMITED,,Forest clearance form,,,,"Sili Fatak to Randhe Road Umarkui Connectivity, IMP Power, Sayli & Siddhant Ispat, Umarkui Connectivity & Jackson Industry, Athola Connectivity",THE DADRA AND NAGAR HAVELI AND DAMAN AND DIU,Dadra & Nagar Haveli,UMBARKUI,,,Road Side Strip,Linear,0.0,0.9152,0.9152,0.0,0.0,0.0,0.0,0.0,0,0,0,Not applicable as the project or activity is site specific,,NO,NO,NO,2024-12-26T18:30:00.000+00:00,,,,false,"301-304 
3rd Floor
IT Tower-1
Infocity
Gandhinagar",Gandhinagar,24,"State PSU (eg. State Forest Corp., TANGEDCO, Mineral development Corp)",Dy. Manager (ROU),Gandhinagar,24,Dadra & Nagar Haveli,Road Side Strip,https://parivesh.nic.in/dms/okm/downloadDocument?docTypemappingId=40829&refId=97913815&refType=caf&uuid=acc1b361-c2f7-4264-89be-4b1ad91fee19&version=1.0;https://parivesh.nic.in/dms/okm/downloadDocument?docTypemappingId=58989&refId=97913815&refType=FC&uuid=bd2a7e0a-422b-4639-97f0-3521170cc919&version=1.0,524948,https://parivesh.nic.in/newupgrade/#/report/ec?proposalId=97917896,1080.0,1080.0
97935016,Gas Distribution Network in DNH GA (Jhaveri Flexo India Ltd. Connectivity): Diversion of 0.2278 Hectare Protected Forest land for laying 6”dia Steel/125/90 mm dia MDPE pipeline parallel & across to Road/Canal side strip plantation declared as Protected Forest for Kharadpada – Luhari village & Surrounding Area of Dadra and Nagar Haveli (U/T).,New,FP/DN/Pipeline/494625/2024,2024-08-29T13:12:35.459+00:00,,Pending on UA for Compensatory Levies Payment,0.2278,415.0,GUJARAT GAS LIMITED,,Forest clearance form,,,,Gas Distribution Network in DNH GA (Jhaveri Flexo India Ltd. Connectivity),THE DADRA AND NAGAR HAVELI AND DAMAN AND DIU,Dadra & Nagar Haveli,ATHAL,,,Road side strip,Linear,0.0,0.2278,0.2278,0.0,0.0,0.0,0.0,0.0,0,0,0,Not applicable as the project or activity is site specific,,NO,NO,NO,2024-12-26T18:30:00.000+00:00,,,,false,"301-304 
3rd Floor
IT Tower-1
Infocity
Gandhinagar",Gandhinagar,24,"State PSU (eg. State Forest Corp., TANGEDCO, Mineral development Corp)",Dy. Manager (ROU),Gandhinagar,24,Dadra & Nagar Haveli,Road side strip,https://parivesh.nic.in/dms/okm/downloadDocument?docTypemappingId=40829&refId=97933718&refType=caf&uuid=c40f4b65-386a-4b87-a7df-a94150f88dc2&version=1.0;https://parivesh.nic.in/dms/okm/downloadDocument?docTypemappingId=58989&refId=97933718&refType=FC&uuid=ee9da521-d9ae-4a06-ac33-279ab7523734&version=1.0,524946,https://parivesh.nic.in/newupgrade/#/report/ec?proposalId=97935016,0.0,0.0
102054942,Construction Project Ekdant Sanskriti by Kalpshree Homes,Expansion,SIA/DN/INFRA2/496438/2024,2024-09-12T15:11:13.865+00:00,2025-09-16T11:52:57.568+00:00,EC Granted,0.97,3815.0,KALPSHREE HOMES,,Environment clearance form,TOR,B2,Building / Construction,Construction Project Ekdant Sanskriti by Kalpshree Homes,THE DADRA AND NAGAR HAVELI AND DAMAN AND DIU,Dadra & Nagar Haveli,AMLI,,CF/UTEAC/DNH-DD/2024/02,,Non - Linear,0.97,0.0,0.97,0.25,0.0,0.25,1800.0,2015.0,0,0,0,NO,Not Applicable,NO,NO,NO,2025-01-16T11:29:20.976+00:00,,,,,,,,,,,,Dadra & Nagar Haveli,,https://parivesh.nic.in/dms/okm/downloadDocument?docTypemappingId=40829&refId=102054626&refType=caf&uuid=e35f37fc-df4c-44fd-9014-17dca502b7ca&version=1.0,524934,https://parivesh.nic.in/newupgrade/#/report/ec?proposalId=102054942,6950.0,2820.0
108511146,"Our project is mining of basalt from lease mine  allotted near  village Khadoli  ,area of lease mine is 2.00 Ha .",New,SIA/DN/MIN/499954/2024,2024-10-06T01:51:08.801+00:00,,DELISTED_BY_SYSTEM,2.0,191.0,AVDHESH CHECHANI,,Environment clearance form,TOR,B2,Mining of minerals,Himalaya Infra,THE DADRA AND NAGAR HAVELI AND DAMAN AND DIU,Dadra & Nagar Haveli,KHADOLI,,CF/UTEAC/DNH-DD/2025/11,122/5P1,Non - Linear,2.0,0.0,2.0,0.0,0.0,0.0,0.0,0.0,0,0,0,Not applicable as the project or activity is site specific,,NO,NO,NO,2024-10-06T03:47:56.379+00:00,,,,,,,,,,,,Dadra & Nagar Haveli,122/5P1,https://parivesh.nic.in/dms/okm/downloadDocument?docTypemappingId=40829&refId=108511032&refType=caf&uuid=43afe9e5-dd31-4a35-98f2-cb39a0bc0082&version=1.0,524958,https://parivesh.nic.in/newupgrade/#/report/ec?proposalId=108511146,390.0,7410.0
108765285,"Project about mining of Basalt/Blacktrap from 2 Ha government lease at S.NO: 122/5P1 Village Khadoli Taluka,: Amboli Patelad Sub-District: Khanvel, UT of Dadar and Nagar Haveli and Daman and Diu",New,SIA/DN/MIN/499999/2024,2024-10-07T00:48:44.249+00:00,,DELISTED_BY_SYSTEM,2.0,1873.0,shri shyam infrasolutions private limited,,Environment clearance form,TOR,B2,Mining of minerals,Shri Shyam Infrasolutions Pvt. Ltd.,THE DADRA AND NAGAR HAVELI AND DAMAN AND DIU,Dadra & Nagar Haveli,KHADOLI,,CF/UTEAC/DNH-DD/2025/10,122/5P1,Non - Linear,0.0,2.0,2.0,0.0,0.0,0.0,0.0,0.0,0,0,0,Not applicable as the project or activity is site specific,,NO,NO,NO,2024-10-07T02:42:19.070+00:00,,,,,,,,,,,,Dadra & Nagar Haveli,122/5P1,https://parivesh.nic.in/dms/okm/downloadDocument?docTypemappingId=40829&refId=108765257&refType=caf&uuid=d60b6393-cc2b-486f-b7f7-0a37991356bc&version=1.0,524958,https://parivesh.nic.in/newupgrade/#/report/ec?proposalId=108765285,390.0,7410.0
109023835,"Project is about mining of black trap from 2 Ha Government lease located at Mouje Khadoli S.No 122/5P1, UT Dadra And Nagar Haveli and Daman and Diu",New,SIA/DN/MIN/500036/2024,2024-10-07T07:33:54.400+00:00,,DELISTED_BY_SYSTEM,2.0,1760.0,laxmi infrasolutions private limited,,Environment clearance form,TOR,B2,Mining of minerals,Laxmi Infrasolutions Private Limited,THE DADRA AND NAGAR HAVELI AND DAMAN AND DIU,,,,CF/UTEAC/DNH-DD/2025/09,,Non - Linear,2.0,0.0,2.0,0.0,0.0,0.0,0.0,0.0,0,0,0,Not applicable as the project or activity is site specific,,NO,NO,NO,2024-10-07T10:50:25.118+00:00,,,,,,,,,,,,,,,,https://parivesh.nic.in/newupgrade/#/report/ec?proposalId=109023835,390.0,6630.0
109347238,Project is about mining of Black Trap from government Lease,New,IA/DN/MIN/500248/2024,2024-10-08T10:45:45.690+00:00,,DELISTED_BY_SYSTEM,2.0,1760.0,laxmi infrasolutions private limited,,Environment clearance form,TOR,B2,Mining of minerals,Laxmi Infrasolutions Pvt. Ltd.,THE DADRA AND NAGAR HAVELI AND DAMAN AND DIU,Dadra & Nagar Haveli,KHADOLI,,,122/5P1,Linear,2.0,0.0,2.0,0.0,0.0,0.0,0.0,0.0,0,0,0,Not applicable as the project or activity is site specific,,NO,NO,NO,2024-10-08T11:53:06.041+00:00,,,,,,,,,,,,Dadra & Nagar Haveli,122/5P1,https://parivesh.nic.in/dms/okm/downloadDocument?docTypemappingId=40829&refId=109344603&refType=caf&uuid=c6bd2735-ece6-4e90-9466-13c2fb660d13&version=1.0,524958,https://parivesh.nic.in/newupgrade/#/report/ec?proposalId=109347238,390.0,7410.0
109364695,Mining of Black Trap from the government Lease,New,IA/DN/MIN/500289/2024,2024-10-08T12:45:22.614+00:00,,DELISTED_BY_SYSTEM,2.0,1905.0,AVDHESH CHECHANI,,Environment clearance form,TOR,B2,Mining of minerals,Himalaya Infra,THE DADRA AND NAGAR HAVELI AND DAMAN AND DIU,Dadra & Nagar Haveli,KHADOLI,,,122/5P1,Linear,2.0,0.0,2.0,0.0,0.0,0.0,0.0,0.0,0,0,0,Not applicable as the project or activity is site specific,,NO,NO,NO,2024-10-08T14:04:40.752+00:00,,,,,,,,,,,,Dadra & Nagar Haveli,122/5P1,https://parivesh.nic.in/dms/okm/downloadDocument?docTypemappingId=40829&refId=109363828&refType=caf&uuid=7fdd23cb-64ca-447f-8c46-2f979b6e53a6&version=1.0,524958,https://parivesh.nic.in/newupgrade/#/report/ec?proposalId=109364695,390.0,7410.0
109370665,Mining of Black Trap from government lease area,New,IA/DN/MIN/500307/2024,2024-10-08T16:20:15.584+00:00,,DELISTED_BY_SYSTEM,2.0,1873.0,shri shyam infrasolutions private limited,,Environment clearance form,TOR,B2,Mining of minerals,Shri Shyam Infrasolutions Pvt. Ltd.,THE DADRA AND NAGAR HAVELI AND DAMAN AND DIU,Dadra & Nagar Haveli,KHADOLI,,,122/5P1,Linear,2.0,0.0,2.0,0.0,0.0,0.0,0.0,0.0,0,0,0,Not applicable as the project or activity is site specific,,NO,NO,NO,2024-10-08T17:32:55.493+00:00,,,,,,,,,,,,Dadra & Nagar Haveli,122/5P1,https://parivesh.nic.in/dms/okm/downloadDocument?docTypemappingId=40829&refId=109370244&refType=caf&uuid=21bc2195-e037-4da2-9304-1a43fe151393&version=1.0,524958,https://parivesh.nic.in/newupgrade/#/report/ec?proposalId=109370665,390.0,7410.0
109435360,"Diversion of 0.3478 Hect. land of Dadra and Nagar Haveli Wildlife Sanctuary for laying of 200, 150 mm dia Steel & 125 mm dia MDPE natural gas pipeline from our existing pipelines to connect various industrial/Domestic customers situated in (U/T) of Dadra & Nagar Haveli : Request for issuing NOC under Wild Life (Protection) Act,1972",New,WL/DN/Pipeline/500455/2024,2024-10-09T11:54:45.723+00:00,,,0.3478,1300.0,GUJARAT GAS LIMITED,,Wildlife clearance form,,,,Set up Gas Distribution Network in Dadra and Nagar Haveli Geographical Area (GA),THE DADRA AND NAGAR HAVELI AND DAMAN AND DIU,Dadra & Nagar Haveli,ATHAL,,,Road side strip,Linear,0.0,0.3478,0.3478,0.0,0.0,0.0,0.0,0.0,0,0,0,Not applicable as the project or activity is site specific,,NO,NO,NO,2024-10-09T12:18:05.047+00:00,,,,,,,,,,,,Dadra & Nagar Haveli,Road side strip,https://parivesh.nic.in/dms/okm/downloadDocument?docTypemappingId=40829&refId=109434101&refType=caf&uuid=531c8cc3-567c-4115-9a3c-2554584f685d&version=1.0,524946,https://parivesh.nic.in/newupgrade/#/report/ec?proposalId=109435360,0.0,0.0
109523574,Environmental Clearance for  Laying of Natural Gas Distribution pipeline passes through Dadara & Nagar Haveli Wild life sanctuary for 6.956km of length having 6”/8” Diameter for steel & 125mm Diameter for PE pipeline out of total pipeline Length 40.495Km with allied facilities,New,IA/DN/IND2/500703/2024,2024-10-11T08:31:11.765+00:00,2024-12-19T04:07:35.330+00:00,ToR Granted,0.3478,1300.0,GUJARAT GAS LIMITED,,Environment clearance form,TOR,A,Pipelines,Set up of Natural Gas Distribution pipeline Networks with associated facilities by M/s. Gujarat Gas Limited at Union Territory Dadara & Nagar Haveli,THE DADRA AND NAGAR HAVELI AND DAMAN AND DIU,Dadra & Nagar Haveli,UMBARKUI,IA-J-11011/419/2024-IA-II(I),,,Linear,0.0,0.3478,0.3478,0.0,0.0,0.0,0.0,0.0,0,0,0,Not applicable as the project or activity is site specific,,NO,NO,NO,2024-10-14T13:18:48.982+00:00,,,,,,,,,,,,Dadra & Nagar Haveli,,https://parivesh.nic.in/dms/okm/downloadDocument?docTypemappingId=40829&refId=109521547&refType=caf&uuid=75d2d564-de39-4734-956f-38b6da6887ec&version=1.0,524948,https://parivesh.nic.in/newupgrade/#/report/ec?proposalId=109523574,40.0,0.0
109530228,Diversion of 0.150 Hectare Protected Forest land for laying 125/90 mm dia PE pipeline parallel & across to Road side strip plantation declared as Protected Forest for Silvass-SSR Collage -Saily Road Surrounding Area of Dadra and Nagar Haveli.,New,FP/DN/Pipeline/500735/2024,2024-10-11T10:30:51.475+00:00,,Pending at DFO for Compensatory Levies,0.15,165.0,GUJARAT GAS LIMITED,,Forest clearance form,,,,125/90 mm dia PE pipeline parallel & across to Road side strip plantation declared as Protected Forest for Silvass-SSR Collage -Saily Road Surrounding Area of Dadra and Nagar Haveli.,THE DADRA AND NAGAR HAVELI AND DAMAN AND DIU,Dadra & Nagar Haveli,SAILI,,,0,Linear,0.0,0.15,0.15,0.0,0.0,0.0,0.0,0.0,0,0,0,Not applicable as the project or activity is site specific,,NO,NO,NO,2025-08-18T18:30:00.000+00:00,,,,false,"301-304 
3rd Floor
IT Tower-1
Infocity
Gandhinagar",Ahmedabad,24,"State PSU (eg. State Forest Corp., TANGEDCO, Mineral development Corp)",Sr. Officer (ROU),Ahmedabad,24,Dadra & Nagar Haveli,0,https://parivesh.nic.in/dms/okm/downloadDocument?docTypemappingId=40829&refId=109529714&refType=caf&uuid=a688074a-9a24-46c2-a653-56df138d45e3&version=1.0;https://parivesh.nic.in/dms/okm/downloadDocument?docTypemappingId=58989&refId=109529714&refType=FC&uuid=3cb5a517-19ac-4a3f-9db5-3696fcc8f3eb&version=1.0,524949,https://parivesh.nic.in/newupgrade/#/report/ec?proposalId=109530228,120.0,120.0
109533873,"Diversion of 0.0683 Hectare Protected Forest land for laying 125/90 mm dia PE pipeline parallel & across to Road side strip plantation declared as Protected Forest for Silvassa, Naroli Internal Road, Silvassha - Khanval Road ,Dapada Internal Road & Surrounding Area of Dadra and Nagar Haveli.",New,FP/DN/Pipeline/500744/2024,2024-10-11T11:19:12.613+00:00,2026-08-04T11:56:02.224+00:00,Final Diversion Order Issued,0.0683,75.0,GUJARAT GAS LIMITED,,Forest clearance form,,,,"125/90 mm dia PE pipeline parallel & across to Road side strip plantation declared as Protected Forest for Silvassa, Naroli Internal Road, Silvassha - Khanval Road ,Dapada Internal Road & Surrounding Area of Dadra and Nagar Haveli.",THE DADRA AND NAGAR HAVELI AND DAMAN AND DIU,Umbergaon,Bhilad,,,0,Linear,0.0,0.0683,0.0683,0.0,0.0,0.0,0.0,0.0,0,0,0,Not applicable as the project or activity is site specific,,NO,NO,NO,2025-08-18T18:30:00.000+00:00,,,,false,"301-304 
3rd Floor
IT Tower-1
Infocity
Gandhinagar",Ahmedabad,24,"State PSU (eg. State Forest Corp., TANGEDCO, Mineral development Corp)",Sr. Officer (ROU),Ahmedabad,24,Valsad,0,https://parivesh.nic.in/dms/okm/downloadDocument?docTypemappingId=40829&refId=109532879&refType=caf&uuid=f5d660c4-3ddf-45c0-9057-578964c1a294&version=1.0;https://parivesh.nic.in/dms/okm/downloadDocument?docTypemappingId=58989&refId=109532879&refType=FC&uuid=bdbd96f2-c3fc-4030-af52-d1e06fe560f9&version=1.0,523680,https://parivesh.nic.in/newupgrade/#/report/ec?proposalId=109533873,50.0,50.0
109548504,Laying of Bharti Airtel Underground Optical Fiber Cable (OFC) along the Amli- Sayli- Gujarat Border Road in Dadra and Nagar Haveli. The OFC Cable will be underground and within the Right of Way of Road.,New,FP/DN/OFC/500779/2024,2024-10-12T08:57:44.421+00:00,,DELISTED_BY_SYSTEM,0.3396,35.0,MOHAMMAD IRFAN SHAIKH,,Forest clearance form,,,,Diversion of Forest Land (PF) for the laying of Bharti Airtel Underground Optical Fiber Cable (OFC) along the Amli- Sayli- Gujarat Border Road in Dadra and Nagar Haveli,THE DADRA AND NAGAR HAVELI AND DAMAN AND DIU,Dadra & Nagar Haveli,SAILI,,,,Linear,0.0,0.3396,0.3396,0.0,0.0,0.0,0.0,0.0,0,0,0,Not applicable as the project or activity is site specific,,NO,NO,NO,2025-01-01T18:30:00.000+00:00,,,,false,"5992, shahpur, Nr Shahpur Adda, Danapith, Shahpur",,24,Individual,"ROW Coordinator, Ahemdabad, Bharti Airtel Limted.",,24,Dadra & Nagar Haveli,,https://parivesh.nic.in/dms/okm/downloadDocument?docTypemappingId=40829&refId=109548441&refType=caf&uuid=8825a28f-4392-4a16-a83b-fe1f8f744951&version=1.0;https://parivesh.nic.in/dms/okm/downloadDocument?docTypemappingId=58989&refId=109548441&refType=FC&uuid=c71f7810-1e27-4320-b585-6215425ca719&version=1.0,524949,https://parivesh.nic.in/newupgrade/#/report/ec?proposalId=109548504,50.0,385.0
111847641,"M/s. Polycab India Limited Located at Sr. No. 377/2, At Village: Kachigam Dist. Daman U.T. of Dadra & Nagar Haveli, Daman & Diu. Unit will be willing to manufacture Aluminum Road-EC Grade & Aluminum Conductor. Total production capacity will be 23,100 MT/Month.",New,IA/DN/IND1/506591/2025,2024-11-19T10:05:21.698+00:00,2025-01-06T07:21:41.653+00:00,Standard ToR Granted,8.319,32435.9,POLYCAB INDIA LIMITED,"Jyoti Om Chemical Research Centre Pvt Ltd, Bharuch",Environment clearance form,TOR,B1,Metallurgical Industries (ferrous and non ferrous),POLYCAB INDIA LIMITED,THE DADRA AND NAGAR HAVELI AND DAMAN AND DIU,Daman,KACHGAM,IA-J-11011/6/2025-IA-II(IND-I),,,Hybrid,8.319,0.0,8.319,0.0,0.0,0.0,0.0,0.0,0,0,0,Not applicable as the project or activity is site specific,,NO,NO,NO,2025-01-01T07:06:20.105+00:00,,,,,,,,,,,,Daman,,https://parivesh.nic.in/dms/okm/downloadDocument?docTypemappingId=40829&refId=111835357&refType=caf&uuid=2e951db4-52e6-49ca-b538-e8e06dee483c&version=1.0,524931,https://parivesh.nic.in/newupgrade/#/report/ec?proposalId=111847641,12050.0,219050.0
113143552,Construction of Retaining Wall for Riverside Protection on Sakartod River at Khanvel.,New,FP/DN/OTHERS/509970/2024,2024-11-30T07:16:02.208+00:00,,DELISTED_BY_SYSTEM,2.8638,49.0,DADRA AND NAGAR HAVELI PLANNING & DEVELOPMENT AUTHORITY,,Forest clearance form,,,,Diversion of Forest Land (PF & RF) for the Construction of Retaining Wall for Riverside Protection on Sakartod River at Khanvel.,THE DADRA AND NAGAR HAVELI AND DAMAN AND DIU,Dadra & Nagar Haveli,KHANVEL,,,,Linear,0.0,2.8638,2.8638,0.0,0.0,0.0,0.0,0.0,0,0,0,Not applicable as the project or activity is site specific,,NO,NO,NO,2024-12-02T04:39:29.244+00:00,,,Degraded Forest Land,true,"A Wing, 2nd Floor, District Secretariat, Silvassa",Silvassa,38,Central Government (Department/Autonomous body),Executive Engineer,Silvassa,38,Dadra & Nagar Haveli,,https://parivesh.nic.in/dms/okm/downloadDocument?docTypemappingId=40829&refId=113140611&refType=caf&uuid=f46b2bb4-fbc4-4b47-900a-9701e2bdcfda&version=1.0;https://parivesh.nic.in/dms/okm/downloadDocument?docTypemappingId=58989&refId=113140611&refType=FC&uuid=7e87ff6f-7f5f-4b29-a87b-bac5c3b588fc&version=1.0,524965,https://parivesh.nic.in/newupgrade/#/report/ec?proposalId=113143552,22000.0,5655.0
114876849,Construction of 765 kV D/c South Olpad (GIS) – Boisar-II (GIS) Transmission Line in the UT of Dadra & Nagar Haveli,New,FP/DN/PWR_TRANS/514817/2024,2024-12-16T09:58:15.097+00:00,2026-04-15T03:45:28.594+00:00,Final Diversion Order Issued,14.338,1367.0,Khavda IV C Power Transmission Limited,,Forest clearance form,,,,Construction of 765 kV D/c South Olpad (GIS) – Boisar-II (GIS) Transmission Line in the UT of Dadra & Nagar Haveli,THE DADRA AND NAGAR HAVELI AND DAMAN AND DIU,Valsad,Vankal,,,,Linear,5.849,8.489,14.338,0.0,0.0,0.0,0.0,0.0,0,0,0,YES,,NO,NO,NO,2025-03-09T18:30:00.000+00:00,,,Degraded Forest Land,true,"DLF Cyber Park, Tower- B, 9th Floor, Udyog Vihar, Phase-III, Sector-20","",6,Private Limited,Assistant Vice President,,6,Valsad,,https://parivesh.nic.in/dms/okm/downloadDocument?docTypemappingId=40829&refId=114871184&refType=caf&uuid=a419bb72-624a-4d03-8412-d7b2027ec4c1&version=1.0;https://parivesh.nic.in/dms/okm/downloadDocument?docTypemappingId=40828&refId=114871184&refType=caf&uuid=3aa1982b-1795-4f75-83aa-f53ae423f5da&version=1.0;https://parivesh.nic.in/dms/okm/downloadDocument?docTypemappingId=40828&refId=114871184&refType=caf&uuid=afb5d416-9fc3-4608-a66f-cb38b1a411ea&version=1.0;https://parivesh.nic.in/dms/okm/downloadDocument?docTypemappingId=40828&refId=114871184&refType=caf&uuid=1f26c046-f54d-441d-b0be-4c232f11925d&version=1.0;https://parivesh.nic.in/dms/okm/downloadDocument?docTypemappingId=40828&refId=114871184&refType=caf&uuid=2ef7c97c-d7be-40dd-b94d-e1dce769afc0&version=1.0;https://parivesh.nic.in/dms/okm/downloadDocument?docTypemappingId=58989&refId=114871184&refType=FC&uuid=202c7b6b-28c0-430b-95c3-ccccb7e12db7&version=1.0,523305,https://parivesh.nic.in/newupgrade/#/report/ec?proposalId=114876849,39420.0,89425.0
116751523,Road widdening for Existing Village Road at Dhinsa dagachi Due to Widdening of road upto 7.50 mt. Forest land wil be Taken Over,New,FP/DN/ROAD/517348/2025,2025-01-05T09:51:52.068+00:00,,REMOVED,0.5742,7456.3766,EXECUTIVE ENGINEER PUBLIC WORKS DEPARTMENT DIU,,Forest clearance form,,,,RoW Project for widdening of Village road Dagachi Diu,THE DADRA AND NAGAR HAVELI AND DAMAN AND DIU,Diu,BUCHURWADA,,,180/0,Non - Linear,0.3842,0.19,0.5742,0.0,0.0,0.0,0.0,0.0,0,0,0,Not applicable as the project or activity is site specific,,NO,NO,NO,2025-01-05T12:35:18.174+00:00,,,,false,FORT ROAD PWD OFFICE DIU,,38,Central Government (Department/Autonomous body),exucative engineer,,38,Diu,180/0,https://parivesh.nic.in/dms/okm/downloadDocument?docTypemappingId=40829&refId=97170733&refType=caf&uuid=fa1b9a3b-6f2f-4b7c-90cc-20bfb3da9433&version=1.0;https://parivesh.nic.in/dms/okm/downloadDocument?docTypemappingId=58989&refId=97170733&refType=FC&uuid=f09ebeba-1813-46f1-92e9-778c68d680fb&version=1.0,524908,https://parivesh.nic.in/newupgrade/#/report/ec?proposalId=116751523,210.0,57.0
116809142,Building Construction Project Marina Bay proposed by Marina Bay Procon LLP located at Daman,New,SIA/DN/INFRA2/517425/2025,2025-01-06T09:22:40.370+00:00,,DELISTED_BY_SYSTEM,0.742,3000.0,marina bay procon llp,,Environment clearance form,TOR,B2,Building / Construction,Marina Bay proposed by Marina Bay Procon LLP,THE DADRA AND NAGAR HAVELI AND DAMAN AND DIU,Daman,Magarwada,,CF/UTEAC/DNH-DD/2025/06,,Non - Linear,0.742,0.0,0.742,0.0,0.0,0.0,0.0,0.0,0,0,0,NO,Not Applicable,NO,NO,NO,2025-01-16T11:45:51.929+00:00,,,,,,,,,,,,Daman,,https://parivesh.nic.in/dms/okm/downloadDocument?docTypemappingId=40829&refId=116806370&refType=caf&uuid=c8722fdc-02c2-4f46-9571-46468f91a304&version=1.0,524915,https://parivesh.nic.in/newupgrade/#/report/ec?proposalId=116809142,6950.0,2820.0
118313729,Building Construction Project,New,SIA/DN/INFRA2/519956/2025,2025-01-23T12:17:37.432+00:00,2025-09-11T12:01:56.944+00:00,EC Granted,9.432,22000.0,SILVERBILL PROPERTIES LLP,Unistar Environment & Research Labs Pvt. Ltd.,Environment clearance form,TOR,B2,Building / Construction,"""Eden Court""",THE DADRA AND NAGAR HAVELI AND DAMAN AND DIU,Dadra & Nagar Haveli,Saily,,CF/UTEAC/DNH-DD/2025/08,"Survey No. 2207 (Old No. 491/2), 2200 (Old No. 491/1/1), 2229 (Old No. 497/3) & 2231 (Old No. 498/1/1)",Non - Linear,9.432,0.0,9.432,0.0,0.0,0.0,0.0,0.0,0,0,0,Not applicable as the project or activity is site specific,,NO,NO,NO,2025-03-30T18:32:22.334+00:00,,,,,,,,,,,,Dadra & Nagar Haveli,"Survey No. 2207 (Old No. 491/2), 2200 (Old No. 491/1/1), 2229 (Old No. 497/3) & 2231 (Old No. 498/1/1)",https://parivesh.nic.in/dms/okm/downloadDocument?docTypemappingId=40829&refId=118293258&refType=caf&uuid=337d61e1-e66c-48c6-8585-b3d8f7ac199d&version=1.0,524949,https://parivesh.nic.in/newupgrade/#/report/ec?proposalId=118313729,5625.0,1835.0
119634042,"The subject transmission scheme involves the implementation of the Jani Vankad line and Varkund-Magarwada 400 kV M/c transmission line by Powergrid Corporation of India Limited in Daman region, a part of Navsari (New) (South Gujarat) (GIS) - Magarwada (GIS) transmission line under the Regulated Tariff Mechanism (RTM) and connectivity to the National/State Grid.",New,IA/DN/CRZ/523159/2025,2025-02-08T12:50:20.397+00:00,,Accepted and Referred to SCZMA,22.6504,6845.0,POWER GRID CORPORATION OF INDIA LTD,,CRZ clearance form,CRZ,,,400 kV M/c Navsari-Magarwada Transmission Line,THE DADRA AND NAGAR HAVELI AND DAMAN AND DIU,Daman,AMBAWADI,,IA/DN/CRZ/523159/2025,,Linear,22.6504,0.0,22.6504,0.0,0.0,0.0,0.0,0.0,0,0,0,YES,,NO,NO,NO,2025-02-26T13:27:18.199+00:00,,,,,,,,,,,,Daman,,https://parivesh.nic.in/dms/okm/downloadDocument?docTypemappingId=40829&refId=119623852&refType=caf&uuid=79872b8c-f053-4116-bda8-c4a917c4d117&version=1.0,524915,https://parivesh.nic.in/newupgrade/#/report/ec?proposalId=119634042,3750.0,127755.0
119815753,Road widdening for Existing Village Road at Dhinsa dagachi Due to Widdening of road upto 7.50 mt. Forest land wil be Taken Over,New,FP/DN/ROAD/523614/2025,2025-02-11T12:10:45.886+00:00,,REMOVED,0.5742,7456.3766,EXECUTIVE ENGINEER PUBLIC WORKS DEPARTMENT DIU,,Forest clearance form,,,,RoW Project for widdening of Village road Dagachi Diu,THE DADRA AND NAGAR HAVELI AND DAMAN AND DIU,Diu,BUCHURWADA,,,180/0,Non - Linear,0.3842,0.19,0.5742,0.0,0.0,0.0,0.0,0.0,0,0,0,Not applicable as the project or activity is site specific,,NO,NO,NO,2025-02-08T18:30:00.000+00:00,,,,false,FORT ROAD PWD OFFICE DIU,,38,Central Government (Department/Autonomous body),exucative engineer,,38,Diu,180/0,https://parivesh.nic.in/dms/okm/downloadDocument?docTypemappingId=40829&refId=97170733&refType=caf&uuid=fa1b9a3b-6f2f-4b7c-90cc-20bfb3da9433&version=1.0;https://parivesh.nic.in/dms/okm/downloadDocument?docTypemappingId=58989&refId=97170733&refType=FC&uuid=39c94211-5bc0-4f5f-95c3-65d071096069&version=1.0,524908,https://parivesh.nic.in/newupgrade/#/report/ec?proposalId=119815753,210.0,57.0
121146964,Diversion of Protected Forest land for Strengthening and Widening of NH-251 from Km 11.000 to Km 22.770 in Diu. (Ch. 20+458 to Ch. 20+500).,New,FP/DN/ROAD/526207/2025,2025-02-27T11:28:28.933+00:00,,REMOVED,0.0185,9505.6,EXECUTIVE ENGINEER PUBLIC WORKS DEPARTMENT DIU,,Forest clearance form,,,,RoW Project for Strengthening and Widening of NH 251 from Km 11.000 to Km 22.770 in Diu.,THE DADRA AND NAGAR HAVELI AND DAMAN AND DIU,Diu,Zolawadi,,,,Linear,0.0,0.0185,0.0185,0.0,0.0,0.0,0.0,0.0,0,0,0,Not applicable as the project or activity is site specific,,NO,NO,NO,2025-02-24T18:30:00.000+00:00,,,,false,FORT ROAD PWD OFFICE DIU,,38,Central Government (Department/Autonomous body),Executive Engineer,,38,Diu,,https://parivesh.nic.in/dms/okm/downloadDocument?docTypemappingId=40829&refId=121138117&refType=caf&uuid=0d91c37a-d4b1-4c42-ae6b-570a39a012c6&version=1.0;https://parivesh.nic.in/dms/okm/downloadDocument?docTypemappingId=58989&refId=121138117&refType=FC&uuid=457f8f75-8805-4d3e-b368-0a9ad94b4a6c&version=1.0,524908,https://parivesh.nic.in/newupgrade/#/report/ec?proposalId=121146964,36.0,18.0
121975875,"The project is an expansion project. This project is Residential cum commercial project. 

Existing: Total built-up area of 4867.18 Plot area is 10600 sq. mt. The existing project 2 Nos of apartment units- 56 and shops-10, 

Proposed: Total built-up area of 70034.59 sq. mt. Total Plot area 15860.00 sq. mt. The proposed project 10 Nos. of apartment units- 736, shops- 26, Office-2 and Hall- 1.",Expansion,SIA/DN/INFRA2/528373/2025,2025-03-08T10:07:57.877+00:00,2025-05-05T11:36:19.084+00:00,Withdrawal Request Accepted,1.06,6681.68,Jay jalaram developers,,Environment clearance form,TOR,B2,Building / Construction,Krishna Tower,THE DADRA AND NAGAR HAVELI AND DAMAN AND DIU,Dadra & Nagar Haveli,SILVASSA,,,427/1/2/1,Non - Linear,1.06,0.0,1.06,0.526,0.0,0.526,200.0,6481.68,0,0,0,NO,Not Applicable,NO,NO,NO,2025-03-15T09:57:32.311+00:00,,,,,,,,,,,,Dadra & Nagar Haveli,427/1/2/1,https://parivesh.nic.in/dms/okm/downloadDocument?docTypemappingId=40829&refId=121923019&refType=caf&uuid=e7528424-2f10-48a6-a5fc-389d860606c1&version=1.0,802639,https://parivesh.nic.in/newupgrade/#/report/ec?proposalId=121975875,26190.0,10950.0
124556607,"The project aims to improve fish handling and preservation with dedicated areas for landing, sorting, grading and facilities like ice plants, chilling rooms, auction halls and packing. These upgrades will enhance fish quality, reduce post-harvest losses and extend shelf life, increasing market value. It also focuses on improving vessel operations with better docking, refueling, and loading/unloading facilities to reduce delays and costs. Additionally, support services such as vessel repairs and net mending will be provided. The project will handle a fishing capacity of 28,000 TPA.",Expansion,IA/DN/CRZ/533444/2025,2025-04-09T11:10:16.994+00:00,,Under Examination with SCZMA,28.74,12936.0,HITESHKUMAR DHIRAJLAL DHUKA,,CRZ clearance form,CRZ,,,"Development of Modern Fishing Harbour at Vanakbara, Diu",THE DADRA AND NAGAR HAVELI AND DAMAN AND DIU,Diu,BRANCAWARA,,,,Non - Linear,28.74,0.0,28.74,2.25,0.0,2.25,50.0,12886.0,0,0,0,Not applicable as the project or activity is site specific,,NO,NO,NO,2025-04-09T12:54:12.990+00:00,,,,,,,,,,,,Diu,,https://parivesh.nic.in/dms/okm/downloadDocument?docTypemappingId=40829&refId=124538380&refType=caf&uuid=ee08f702-a6de-48a7-8aad-b28216d26a51&version=1.0,524907,https://parivesh.nic.in/newupgrade/#/report/ec?proposalId=124556607,3055.0,1205.0
125265339,"The project is for development of coastal promenade and construction of diaphragm wall of 0.80 m width near Jalandhar Circuit House & near Gangeshwar Mahadev Temple and at coastal line area to protect against shore line sand erosion. Total length of diaphragm wall will be around 2355 m (1500 m at fort road area + 600 m at Gangeshwar Mahadev Temple + 255 m at Jalandhar area).
There will be construction of Cable Car Terminal (Ropeways) between Diu to Ghoghla above the Sea to attract tourist. The entire area is owned by the U.T. administration of DNH, & and Diu.
●	Total project area: 1,46,749.43 m2
●	Total Built-up Area: 10,905.29 m2",New,IA/DN/CRZ/534778/2025,2025-04-21T10:56:20.969+00:00,,Accepted and Referred to SCZMA,14.67,4947.0,HITESHKUMAR DHIRAJLAL DHUKA,,CRZ clearance form,CRZ,,,"Construction of Diaphragm Wall from Ghoghla Bridge to Diu Fort, Jalandhar and Gangeshwar Area to Control Erosion and Development of Coastal Promenade from Ghoghla Bridge to Diu Fort and Development of Public Amenities including Cable Car Terminal (Ropeways) from Diu to Ghoghla",THE DADRA AND NAGAR HAVELI AND DAMAN AND DIU,Diu,BUCHURWADA,,IA/DN/CRZ/534778/2025,,Non - Linear,14.67,0.0,14.67,0.0,0.0,0.0,0.0,0.0,0,0,0,Not applicable as the project or activity is site specific,,NO,NO,NO,2025-04-21T12:46:30.812+00:00,,,,,,,,,,,,Diu,,https://parivesh.nic.in/dms/okm/downloadDocument?docTypemappingId=40829&refId=125252464&refType=caf&uuid=bc67984e-34d2-4ca5-bb71-48a6e04996dd&version=1.0,524908,https://parivesh.nic.in/newupgrade/#/report/ec?proposalId=125265339,29200.0,7300.0
125476234,Horizon Greens – Residential Building Construction Project by Magic Retreat having 490 residential flats,Expansion,SIA/DN/INFRA2/535075/2025,2025-04-23T12:51:11.801+00:00,2025-09-22T09:09:00.381+00:00,EC Granted,0.3618,3681.31,MAGIC RETREAT,,Environment clearance form,TOR,B2,Building / Construction,Horizon Green by Magic Retreat,THE DADRA AND NAGAR HAVELI AND DAMAN AND DIU,Dadra & Nagar Haveli,DHAPSA,,CF/UTEAC/DNH-DD/2025/15,Survey No. 258 (Old No. 22/5),Non - Linear,0.3618,0.0,0.3618,1.3729,0.0,1.3729,368.131,3313.179,0,0,0,NO,Not Applicable,NO,NO,NO,2025-06-25T06:29:06.293+00:00,,,,,,,,,,,,Dadra & Nagar Haveli,Survey No. 258 (Old No. 22/5),https://parivesh.nic.in/dms/okm/downloadDocument?docTypemappingId=40829&refId=125461140&refType=caf&uuid=91db91bb-f36c-4884-9046-1d1914dd9bd2&version=1.0,524943,https://parivesh.nic.in/newupgrade/#/report/ec?proposalId=125476234,6950.0,2820.0
126471325,"LT Electric Connection to USO 4G BSNL Tower sites in Goratpada, Mandoni and Ghodbari in RF area under GOI Saturation Project in Dadra & Nagar Haveli.",New,FP/DN/PWR_TRANS/536803/2025,2025-05-07T15:01:38.123+00:00,2026-07-03T18:13:01.713+00:00,Final Diversion Order Issued,0.0403,1.0,MAHESH NAIR,,Forest clearance form,,,,"Diversion of Reserved Forest Land for LT Electric Connection to USO 4G BSNL Tower sites in Goratpada, Mandoni and Ghodbari in RF area under GOI Saturation Project in Dadra & Nagar Haveli.",THE DADRA AND NAGAR HAVELI AND DAMAN AND DIU,Dadra & Nagar Haveli,Goratpada,,,,Linear,0.0,0.0403,0.0403,0.0,0.0,0.0,0.0,0.0,0,0,0,Not applicable as the project or activity is site specific,,NO,NO,NO,2025-06-08T18:30:00.000+00:00,,,Degraded Forest Land,true,"General Manager Telecom, BSNL Bhavan, Thiruvalla",Silvassa,38,"Central PSU (eg. NHAI, AAI, NTP, CIL, SAIL)","Nandkumar Kamble, AGM, Rural - 2, BSNL Vapi.",Silvassa,38,Dadra & Nagar Haveli,,https://parivesh.nic.in/dms/okm/downloadDocument?docTypemappingId=40829&refId=126471113&refType=caf&uuid=2a0704fa-a7b8-47bd-a13a-3325e4776cbd&version=1.0;https://parivesh.nic.in/dms/okm/downloadDocument?docTypemappingId=58989&refId=126471113&refType=FC&uuid=ee3e9e1f-54e6-438e-a308-2b47b7559844&version=1.0,524967,https://parivesh.nic.in/newupgrade/#/report/ec?proposalId=126471325,26.0,750.0
129766987,Upgradation and widening of existing road from Kaucha Patelpada to Ranpada up to Gujarat Border and for Construction of an approach road from Kauncha WTP to Smashan.,New,FP/DN/ROAD/541097/2025,2025-06-11T15:57:36.205+00:00,,DELISTED_BY_SYSTEM,1.9277,537.0,EXECUTIVE ENGINEER PWD III IRRIGATION DISTRICT PANCHAYAT DADRA AND NAGAR HAVELI,,Forest clearance form,,,,Diversion of RF/PF land for Upgradation and Widening of existing road from Kaucha Patelpada to Ranpada up to Gujarat Border and for Construction of an approach road from Kauncha WTP to Smashan.,THE DADRA AND NAGAR HAVELI AND DAMAN AND DIU,Dadra & Nagar Haveli,KAUNCHA,,,,Linear,0.0,1.9277,1.9277,0.0,0.0,0.0,0.0,0.0,0,0,0,Not applicable as the project or activity is site specific,,NO,NO,NO,2026-01-05T18:30:00.000+00:00,,,Degraded Forest Land,true,"Office of The Executive Engineer, PWD-III (IRRIGATION),
Near Government Housing Complex, Silvassa",Silvassa,38,Central Government (Department/Autonomous body),Executive Engineer,Silvassa,38,Dadra & Nagar Haveli,,https://parivesh.nic.in/dms/okm/downloadDocument?docTypemappingId=40829&refId=129766783&refType=caf&uuid=8f41cd16-ff40-4ebb-a60e-c2b60343f08c&version=1.0;https://parivesh.nic.in/dms/okm/downloadDocument?docTypemappingId=58989&refId=129766783&refType=FC&uuid=1dd38b43-564d-4831-8195-8132fb8d354d&version=1.0,524973,https://parivesh.nic.in/newupgrade/#/report/ec?proposalId=129766987,1550.0,465.0
130061461,"M/s. Polycab India Limited Located at Sr. No. 377/2, At Village: Kachigam Dist. Daman U.T. of Dadra & Nagar Haveli, Daman & Diu. Unit will be willing to manufacture Aluminum Road-EC Grade & Aluminum Conductor. Total production capacity will be 23,100 MT/Month.",New,SIA/DN/IND1/541591/2025,2025-06-16T11:46:29.302+00:00,2025-09-10T14:00:47.760+00:00,EC Rejected,8.319,32435.9,POLYCAB INDIA LIMITED,,Environment clearance form,EC,B1,,POLYCAB INDIA LIMITED,THE DADRA AND NAGAR HAVELI AND DAMAN AND DIU,Daman,KACHGAM,,CF/UTEAC/DNH-DD/2025/14,,Hybrid,8.319,0.0,8.319,0.0,0.0,0.0,0.0,0.0,0,0,0,Not applicable as the project or activity is site specific,,NO,NO,NO,2025-06-21T06:11:02.117+00:00,,,,,,,,,,,,Daman,,https://parivesh.nic.in/dms/okm/downloadDocument?docTypemappingId=40829&refId=111835357&refType=caf&uuid=2e951db4-52e6-49ca-b538-e8e06dee483c&version=1.0,524931,https://parivesh.nic.in/newupgrade/#/report/ec?proposalId=130061461,12050.0,219050.0
130229732,Proposed Residential cum Commercial Building Construction Project by Royal Enterprise having residential flats 616 and 13 shops,New,SIA/DN/INFRA2/541962/2025,2025-06-18T11:56:05.883+00:00,,Proposal pulled back (withdrawn),2.0108,9638.0,ROYAL ENTERPRISE,,Environment clearance form,TOR,B2,Building / Construction,Proposed Residential cum Commercial Building Construction Project by Royal Enterprise,THE DADRA AND NAGAR HAVELI AND DAMAN AND DIU,Dadra & Nagar Haveli,SILVASSA,,,,Hybrid,2.0108,0.0,2.0108,0.0,0.0,0.0,0.0,0.0,0,0,0,NO,Not Applicable,NO,NO,NO,2025-06-18T12:45:08.621+00:00,,,,,,,,,,,,Dadra & Nagar Haveli,,https://parivesh.nic.in/dms/okm/downloadDocument?docTypemappingId=40829&refId=130227805&refType=caf&uuid=041c45ef-0642-4a4b-919a-a22550ac7339&version=1.0,802639,https://parivesh.nic.in/newupgrade/#/report/ec?proposalId=130229732,6950.0,2820.0
130267912,Proposed Residential cum Commercial Building Construction Project by Royal Enterprise having residential flats 616 and 13 shops,Expansion,SIA/DN/INFRA2/542017/2025,2025-06-19T06:20:17.261+00:00,2025-09-13T12:10:45.858+00:00,EC Granted,2.0108,9638.0,ROYAL ENTERPRISE,,Environment clearance form,TOR,B2,Building / Construction,Proposed Residential cum Commercial Building Construction Project by Royal Enterprise,THE DADRA AND NAGAR HAVELI AND DAMAN AND DIU,Dadra & Nagar Haveli,SILVASSA,,CF/UTEAC/DNH-DD/2025/13,,Hybrid,2.0108,0.0,2.0108,0.0,0.0,0.0,9172.0,466.0,0,0,0,NO,Not Applicable,NO,NO,NO,2025-06-19T07:00:36.370+00:00,,,,,,,,,,,,Dadra & Nagar Haveli,,https://parivesh.nic.in/dms/okm/downloadDocument?docTypemappingId=40829&refId=130266585&refType=caf&uuid=649a9497-8e24-4bb3-8789-5c0257cbed67&version=1.0,802639,https://parivesh.nic.in/newupgrade/#/report/ec?proposalId=130267912,6950.0,2820.0
131140902,"Proposed Factory building construction project having built-up area:
Existing: 15525.492 sq.m.
Proposed Built-up area for expansion: 35224.09 sq.m.
Project land area : 33361 Sq. m.",New,SIA/DN/INFRA2/543227/2025,2025-06-30T12:14:17.143+00:00,2026-02-20T13:21:32.126+00:00,EC Granted,3.3361,22519.0,bLUE sTAR lIMITED,Ramans Enviro Services Pvt. Ltd.,Environment clearance form,TOR,B2,Building / Construction,Expansion of Factory Building by Blue Star Limited.,THE DADRA AND NAGAR HAVELI AND DAMAN AND DIU,Dadra & Nagar Haveli,Dadra (CT),,CF/UTEAC/DNH-DD/2025/16,Survey no. 265/2 (new survey no. 1106),Non - Linear,3.3361,0.0,3.3361,0.0,0.0,0.0,0.0,0.0,0,0,0,Not applicable as the project or activity is site specific,,NO,NO,NO,2025-07-05T11:54:33.768+00:00,,,,,,,,,,,,Dadra & Nagar Haveli,Survey no. 265/2 (new survey no. 1106),https://parivesh.nic.in/dms/okm/downloadDocument?docTypemappingId=40829&refId=131136878&refType=caf&uuid=41414724-0f41-48a5-8539-0eae7c56b83c&version=1.0,524997,https://parivesh.nic.in/newupgrade/#/report/ec?proposalId=131140902,108000.0,6022500.0
131330214,Horizon City – Residential cum Commercial Building Construction Project by JN Infra having 404 residential flats and 60 Shops,Expansion,SIA/DN/INFRA2/543528/2025,2025-07-02T13:24:19.250+00:00,2026-02-19T11:46:09.333+00:00,EC Granted,0.882,7384.4,JN INFRA,,Environment clearance form,TOR,B2,Building / Construction,Proposed Residential cum Commercial Project Horizon City by JN Infra,THE DADRA AND NAGAR HAVELI AND DAMAN AND DIU,Dadra & Nagar Haveli,SILVASSA,,CF/UTEAC/DNH-DD/2025/17,,Non - Linear,0.882,0.0,0.882,0.0,0.0,0.0,738.4,6646.0,0,0,0,NO,Not Applicable,NO,NO,NO,2025-07-03T06:25:28.491+00:00,,,,,,,,,,,,Dadra & Nagar Haveli,,https://parivesh.nic.in/dms/okm/downloadDocument?docTypemappingId=40829&refId=131320336&refType=caf&uuid=31b49750-a3b1-4137-8d58-946c85d3bfb9&version=1.0,802639,https://parivesh.nic.in/newupgrade/#/report/ec?proposalId=131330214,6950.0,0.0
131362779,"The new proposed  Building and Construction Projects of Industrial Purpose in Category- 8(a) OF 
“M/s. R.R. Kabel Limited, (Unit-3)”",New,SIA/DN/INFRA2/543553/2025,2025-07-03T05:54:04.639+00:00,2026-04-08T14:02:06.741+00:00,EC Granted,3.5542,27067.0,r r  kabel limited,Unistar Environment & Research Labs Pvt. Ltd.,Environment clearance form,TOR,B2,Building / Construction,"M/s. R. R. Kabel Limited, (Unit-3)",THE DADRA AND NAGAR HAVELI AND DAMAN AND DIU,Dadra & Nagar Haveli,SAILI,,CF/UTEAC/DNH-DD/2025/20,"Survey No. 78/2, 78/3 & 78/1/2, Village - Karad, Rakholi",Hybrid,3.5542,0.0,3.5542,0.0,0.0,0.0,0.0,0.0,0,0,0,Not applicable as the project or activity is site specific,,NO,NO,NO,2025-07-03T13:02:58.165+00:00,,,,,,,,,,,,Dadra & Nagar Haveli,"Survey No. 78/2, 78/3 & 78/1/2, Village - Karad, Rakholi",https://parivesh.nic.in/dms/okm/downloadDocument?docTypemappingId=40829&refId=131212894&refType=caf&uuid=61e03bb2-b5ef-4f1f-8adc-e264bb0add8d&version=1.0;https://parivesh.nic.in/dms/okm/downloadDocument?docTypemappingId=40829&refId=131320792&refType=caf&uuid=788b9fee-2ff1-4f17-881b-d504713c40fb&version=1.0,524949,https://parivesh.nic.in/newupgrade/#/report/ec?proposalId=131362779,62150.0,124350.0
132336409,Construction Residential cum Commercial Project by M&P Developers,Expansion,SIA/DN/INFRA2/545263/2025,2025-07-18T09:19:19.405+00:00,2026-02-19T12:03:44.887+00:00,EC Granted,0.4113,5989.0,M & P Developers,Precitech Laboratories Private Limited (formerly known as Precitech Laboratories),Environment clearance form,TOR,B2,Building / Construction,M & P Developers,THE DADRA AND NAGAR HAVELI AND DAMAN AND DIU,Dadra & Nagar Haveli,SILVASSA,,CF/UTEAC/DNH-DD/2025/19,,Non - Linear,0.4113,0.0,0.4113,1.0575,0.0,1.0575,1286.0,4703.0,0,0,0,NO,Not Applicable,NO,NO,NO,2025-07-26T08:03:50.987+00:00,,,,,,,,,,,,Dadra & Nagar Haveli,,https://parivesh.nic.in/dms/okm/downloadDocument?docTypemappingId=40829&refId=132128779&refType=caf&uuid=e2bb9256-f9a0-4049-acbb-f60bb5a52719&version=1.0,802639,https://parivesh.nic.in/newupgrade/#/report/ec?proposalId=132336409,2270.0,10950.0
132424150,"Widening of Village Road in Dagachi, Diu. (Ch. 0+330 to Ch. 0+850)",New,FP/DN/ROAD/545437/2025,2025-07-20T07:03:18.616+00:00,2026-09-10T04:58:29.195+00:00,Final Diversion Order Issued,0.2175,7456.0,EXECUTIVE ENGINEER PUBLIC WORKS DEPARTMENT DIU,,Forest clearance form,,,,"Diversion of PRF Land for Widening of Village Road in Dagachi, Diu. (Ch. 0+330 to Ch. 0+850)",THE DADRA AND NAGAR HAVELI AND DAMAN AND DIU,Diu,BUCHURWADA,,,,Linear,0.0,0.2175,0.2175,0.0,0.0,0.0,0.0,0.0,0,0,0,Not applicable as the project or activity is site specific,,NO,NO,NO,2025-07-30T04:48:47.739+00:00,,,Degraded Forest Land,true,FORT ROAD PWD OFFICE DIU,,38,Central Government (Department/Autonomous body),Executive Engineer,,38,Diu,,https://parivesh.nic.in/dms/okm/downloadDocument?docTypemappingId=40829&refId=132423694&refType=caf&uuid=415df80a-04f4-4253-bff0-1c6d098cafa0&version=1.0;https://parivesh.nic.in/dms/okm/downloadDocument?docTypemappingId=58989&refId=132423694&refType=FC&uuid=adceb2f3-d8ed-4287-be41-9f0db97a4c4a&version=1.0,524908,https://parivesh.nic.in/newupgrade/#/report/ec?proposalId=132424150,210.0,780.0
132424595,Strengthening and widening of NH-251 from 11.000 to Km. 22.770 in Diu (Ch. 20+458 to Ch.20+500),New,FP/DN/ROAD/545439/2025,2025-07-20T07:34:26.484+00:00,2026-09-08T02:27:27.766+00:00,Final Diversion Order Issued,0.0185,9505.0,EXECUTIVE ENGINEER PUBLIC WORKS DEPARTMENT DIU,,Forest clearance form,,,,Diversion of PRF Land for Strengthening and Widening of NH-251 from 11.000 to Km. 22.770 in Diu (Ch. 20+458 to Ch.20+500),THE DADRA AND NAGAR HAVELI AND DAMAN AND DIU,Diu,Zolawadi,,,,Linear,0.0,0.0185,0.0185,0.0,0.0,0.0,0.0,0.0,0,0,0,Not applicable as the project or activity is site specific,,NO,NO,NO,2025-07-30T04:39:52.159+00:00,,,Degraded Forest Land,true,FORT ROAD PWD OFFICE DIU,,38,Central Government (Department/Autonomous body),Executive Engineer,,38,Diu,,https://parivesh.nic.in/dms/okm/downloadDocument?docTypemappingId=40829&refId=132424521&refType=caf&uuid=d9f1fa4e-4be4-4e54-ab2d-5bfda283bef1&version=1.0;https://parivesh.nic.in/dms/okm/downloadDocument?docTypemappingId=58989&refId=132424521&refType=FC&uuid=e4d28b0c-8932-43b1-8fcd-5c66fa3d1415&version=1.0,524908,https://parivesh.nic.in/newupgrade/#/report/ec?proposalId=132424595,70.0,780.0
132715950,Proposed Residential cum Commercial Project Fortune World 2 by M/s. Fortune Dream Con Pvt. Ltd. having 248 residential flats and 20 shops,New,SIA/DN/INFRA2/545838/2025,2025-07-24T10:10:30.490+00:00,2026-04-09T12:42:58.487+00:00,EC Granted,1.0275,9231.0,FORTUNE DREAM-CON PRIVATE LIMITED,,Environment clearance form,TOR,B2,Building / Construction,Proposed Residential cum Commercial Project Fortune World 2 by M/s. Fortune Dream Con Pvt. Ltd.,THE DADRA AND NAGAR HAVELI AND DAMAN AND DIU,Daman,KATHRA,,CF/UTEAC/DNH-DD/2025/18,,Non - Linear,1.0275,0.0,1.0275,0.0,0.0,0.0,0.0,0.0,0,0,0,NO,Not applicable,NO,NO,NO,2025-07-24T10:44:58.026+00:00,,,,,,,,,,,,Daman,,https://parivesh.nic.in/dms/okm/downloadDocument?docTypemappingId=40829&refId=132715452&refType=caf&uuid=e21c05f0-844c-4441-8488-a194f13d4a93&version=1.0,0,https://parivesh.nic.in/newupgrade/#/report/ec?proposalId=132715950,6950.0,2820.0
134540927,"Silver Dream Enterprises LLP.” with concept of Industrial building project. The project is Located at Survey No. 353 & 381, Umerkoi Road, Village- Falandi, Silvassa, Dadra and Nagar Haveli. -396 230, Dist.: U.T. of DNH & DD.
The conceptual plan is submitted as part of application for our proposed Ware House Building B & Building D Ground Floor, First Floor & Second Floor and Second Floor of Existing Building C with Demolish of existing some part of existing Building C, Building D and full demolition of Building B Shed. There is Existing Building A which have no change. This is covered under scheduled category of EIA notification -2006 as Item – 8(a) Building and construction projects, categories – B2 of Schedule I of the said notification as time to time amended.",Expansion,SIA/DN/INFRA2/548999/2025,2025-08-22T10:44:45.865+00:00,,Proposal returned in present form,33975.0,8700.0,Silverdream enterprises llp,Unistar Environment & Research Labs Pvt. Ltd.,Environment clearance form,TOR,B2,Building / Construction,Silver Dream Enterprises LLP,THE DADRA AND NAGAR HAVELI AND DAMAN AND DIU,Dadra & Nagar Haveli,SILVASSA,,CF/UTEAC/DNH-DD/2025/22,Survey No. 353 & 381,Hybrid,33975.0,0.0,33975.0,0.0,0.0,0.0,5000.0,3700.0,0,0,0,Not applicable as the project or activity is site specific,,NO,NO,NO,2025-08-22T13:25:36.631+00:00,,,,,,,,,,,,Dadra & Nagar Haveli,Survey No. 353 & 381,https://parivesh.nic.in/dms/okm/downloadDocument?docTypemappingId=40829&refId=134526689&refType=caf&uuid=f3e33398-7f15-465b-a967-54171cca9f32&version=1.0,802639,https://parivesh.nic.in/newupgrade/#/report/ec?proposalId=134540927,990.0,101150.0
135497838,Environmental Clearance for  Laying of Natural Gas Distribution pipeline passes through Dadara & Nagar Haveli Wild life sanctuary for 6.956km of length having 6”/8” Diameter for steel & 125mm Diameter for PE pipeline out of total pipeline Length 40.495Km with allied facilities,New,IA/DN/IND2/550109/2025,2025-09-02T08:03:50.712+00:00,,DELISTED_BY_SYSTEM,0.3478,1300.0,GUJARAT GAS LIMITED,,Environment clearance form,EC,A,,Set up of Natural Gas Distribution pipeline Networks with associated facilities by M/s. Gujarat Gas Limited at Union Territory Dadara & Nagar Haveli,THE DADRA AND NAGAR HAVELI AND DAMAN AND DIU,Dadra & Nagar Haveli,UMBARKUI,IA-J-11011/419/2024-IA-II(I),,,Linear,0.0,0.3478,0.3478,0.0,0.0,0.0,0.0,0.0,0,0,0,Not applicable as the project or activity is site specific,,NO,NO,NO,2025-10-27T10:13:20.995+00:00,,,,,,,,,,,,Dadra & Nagar Haveli,,https://parivesh.nic.in/dms/okm/downloadDocument?docTypemappingId=40829&refId=109521547&refType=caf&uuid=75d2d564-de39-4734-956f-38b6da6887ec&version=1.0,524948,https://parivesh.nic.in/newupgrade/#/report/ec?proposalId=135497838,40.0,0.0
135779910,"Construction Residential cum Commercial Project ""KRISHNA TOWER"" by Rajshree Infra",New,SIA/DN/INFRA2/550685/2025,2025-09-06T10:01:09.389+00:00,2026-02-20T07:55:09.828+00:00,EC Granted,1.586,8278.0,prabhat p rajpurohiT,Precitech Laboratories Private Limited (formerly known as Precitech Laboratories),Environment clearance form,TOR,B2,Building / Construction,Krishna Tower,THE DADRA AND NAGAR HAVELI AND DAMAN AND DIU,Dadra & Nagar Haveli,SILVASSA,,CF/UTEAC/DNH-DD/2025/21,Survey No. 427/1/2/1,Non - Linear,1.586,0.0,1.586,0.0,0.0,0.0,0.0,0.0,0,0,0,NO,Not Applicable,NO,NO,NO,2025-09-08T20:36:36.764+00:00,,,,,,,,,,,,Dadra & Nagar Haveli,Survey No. 427/1/2/1,https://parivesh.nic.in/dms/okm/downloadDocument?docTypemappingId=40829&refId=135776909&refType=caf&uuid=4168de09-17bf-48a1-a23d-a8d8a353925b&version=1.0,802639,https://parivesh.nic.in/newupgrade/#/report/ec?proposalId=135779910,2290.0,14600.0
136095407,"M/s. Polycab India Limited Located at Sr. No. 377/2, At Village: Kachigam Dist. Daman U.T. of Dadra & Nagar Haveli, Daman & Diu. Unit will be willing to manufacture Aluminum Road-EC Grade & Aluminum Conductor. Total production capacity will be 23,100 MT/Month.",New,IA/DN/IND1/551214/2025,2025-09-11T09:43:06.228+00:00,2025-11-24T12:11:50.132+00:00,EC Granted,8.319,32435.9,POLYCAB INDIA LIMITED,,Environment clearance form,EC,B1,,POLYCAB INDIA LIMITED,THE DADRA AND NAGAR HAVELI AND DAMAN AND DIU,Daman,KACHGAM,IA-J-11011/6/2025-IA-II(IND-I),,,Hybrid,8.319,0.0,8.319,0.0,0.0,0.0,0.0,0.0,0,0,0,Not applicable as the project or activity is site specific,,NO,NO,NO,2025-10-03T06:28:52.305+00:00,,,,,,,,,,,,Daman,,https://parivesh.nic.in/dms/okm/downloadDocument?docTypemappingId=40829&refId=111835357&refType=caf&uuid=2e951db4-52e6-49ca-b538-e8e06dee483c&version=1.0,524931,https://parivesh.nic.in/newupgrade/#/report/ec?proposalId=136095407,12050.0,219050.0
136118684,"Construction Residential cum Commercial Project ""Palladium High Street"" by SEVEN – 9 DEVCON LLP",New,SIA/DN/INFRA2/551275/2025,2025-09-11T12:24:05.610+00:00,2026-02-19T08:01:47.273+00:00,EC Granted,0.73,4727.0,SEVEN-9 DEVCON LLP,Precitech Laboratories Private Limited (formerly known as Precitech Laboratories),Environment clearance form,TOR,B2,Building / Construction,Palladium Highstreet,THE DADRA AND NAGAR HAVELI AND DAMAN AND DIU,Dadra & Nagar Haveli,SILVASSA,,CF/UTEAC/DNH-DD/2025/23,52/1/1/2/2/2 & 52/1/1/2/2/4,Non - Linear,0.73,0.0,0.73,0.0,0.0,0.0,0.0,0.0,0,0,0,NO,Not Applicable,NO,NO,NO,2025-09-12T03:48:53.625+00:00,,,,,,,,,,,,Dadra & Nagar Haveli,52/1/1/2/2/2 & 52/1/1/2/2/4,https://parivesh.nic.in/dms/okm/downloadDocument?docTypemappingId=40829&refId=135861801&refType=caf&uuid=58b8fc2d-d869-4b83-a284-1a504f2a963c&version=1.0,802639,https://parivesh.nic.in/newupgrade/#/report/ec?proposalId=136118684,31200.0,36500.0
136858624,Proposed expansion of Residential Project Yogi Woods by Shiv Builders having 442 residential flats,Expansion,SIA/DN/INFRA2/552858/2025,2025-09-23T13:15:52.045+00:00,,Proposal pulled back (withdrawn),2.31,15100.0,SHIV BUILDERS,,Environment clearance form,TOR,B2,Building / Construction,Proposed expansion of Residential Project Yogi Woods by Shiv Builders,THE DADRA AND NAGAR HAVELI AND DAMAN AND DIU,Dadra & Nagar Haveli,SILVASSA,,,,Non - Linear,2.31,0.0,2.31,0.2,0.0,0.2,8944.0,6156.0,0,0,0,NO,Not Applicable,NO,NO,NO,2025-09-23T14:29:31.003+00:00,,,,,,,,,,,,Dadra & Nagar Haveli,,https://parivesh.nic.in/dms/okm/downloadDocument?docTypemappingId=40829&refId=136857821&refType=caf&uuid=b159a861-675d-499e-a901-adaa475edd55&version=1.0,802639,https://parivesh.nic.in/newupgrade/#/report/ec?proposalId=136858624,6950.0,730.0
136963993,Proposed expansion of Residential Project Yogi Woods by Shiv Builders having 442 residential flats,Expansion,SIA/DN/INFRA2/553050/2025,2025-09-25T05:39:31.689+00:00,2026-05-30T11:49:35.660+00:00,EC Granted,2.31,15100.0,SHIV BUILDERS,,Environment clearance form,TOR,B2,Building / Construction,Proposed expansion of Residential Project Yogi Woods by Shiv Builders,THE DADRA AND NAGAR HAVELI AND DAMAN AND DIU,Dadra & Nagar Haveli,SILVASSA,,CF/UTEAC/DNH-DD/2025/24,,Non - Linear,2.31,0.0,2.31,0.2,0.0,0.2,8944.0,6156.0,0,0,0,NO,Not Applicable,NO,NO,NO,2025-09-25T06:29:27.355+00:00,,,,,,,,,,,,Dadra & Nagar Haveli,,https://parivesh.nic.in/dms/okm/downloadDocument?docTypemappingId=40829&refId=136962524&refType=caf&uuid=45810317-426e-48ff-ae80-54eff1ff6aba&version=1.0,802639,https://parivesh.nic.in/newupgrade/#/report/ec?proposalId=136963993,6950.0,2820.0
137085787,"Proposed building construction project Marina Bay by Marina Bay Procon LLP having 351 rooms, 19 residential flats",New,SIA/DN/INFRA2/553251/2025,2025-09-26T10:18:38.193+00:00,2026-04-09T13:06:40.604+00:00,EC Granted,0.692,3011.0,marina bay procon llp,,Environment clearance form,TOR,B2,Building / Construction,Proposed building construction project Marina Bay by Marina Bay Procon LLP,THE DADRA AND NAGAR HAVELI AND DAMAN AND DIU,Daman,Magarwada,,CF/UTEAC/DNH-DD/2025/25,,Non - Linear,0.692,0.0,0.692,0.0,0.0,0.0,0.0,0.0,0,0,0,NO,Not Applicable,NO,NO,NO,2025-09-27T13:52:08.278+00:00,,,,,,,,,,,,Daman,,https://parivesh.nic.in/dms/okm/downloadDocument?docTypemappingId=40829&refId=137079899&refType=caf&uuid=9dbb986e-c94b-43a4-bdc1-6a25fd851bda&version=1.0,524915,https://parivesh.nic.in/newupgrade/#/report/ec?proposalId=137085787,6950.0,2820.0
137406877,"Overhead transmission and distribution Conductors of Al and Al Alloys ACSR/AAC/ ACAR/AAAC/AACSR/AL59/ HTLS & Hard Drawn Grooved Copper Contact Wire. PVC insulated aluminium, aluminium alloys cables, Aerial bunch cables, Aluminium and aluminium alloy wire rods",New,SIA/DN/INFRA2/553914/2025,2025-10-03T07:09:39.736+00:00,2026-05-08T11:34:12.814+00:00,EC Granted,,,transrail lighting limited,Ramans Enviro Services Pvt. Ltd.,Environment clearance form,TOR,B2,Building / Construction,Expansion of Factory Building by Transrail Lighting Ltd.,THE DADRA AND NAGAR HAVELI AND DAMAN AND DIU,,,,CF/UTEAC/DNH-DD/2025/30,,,,,,,,,,,,,,,,,,,2025-10-14T10:30:29.647+00:00,,,,,,,,,,,,,,https://parivesh.nic.in/dms/okm/downloadDocument?docTypemappingId=40829&refId=136728668&refType=caf&uuid=0c800ffa-dfdb-4c42-969d-1e0d823ac1e9&version=1.0,,https://parivesh.nic.in/newupgrade/#/report/ec?proposalId=137406877,,
137628115,"The Proposed Project Industrial in existing unit will be have Building No. 5 consists having built up area 2956.50 Sq. m., Building No. A consists having built up area 1050.81 Sq. m., Building No. C consists having built up area 14818.86 Sq. m., Building No. D consists having built up area 897.00 Sq.m., Building No. 1-A consists having built up area 324.35 Sq.m., Building No. 2A and 3A consists having built up area 427.53 Sq.m. and Building No. 4-A consists having built up area 2725.80 Sq.m. The Total Built-up area of the project is 23200.85 Sq.m. and the total plot area of the project is 71051.00 Sq.m.",Expansion,SIA/DN/INFRA2/554329/2025,2025-10-07T11:20:31.676+00:00,,DELISTED_BY_SYSTEM,7.1051,3151.0,prince pipes and fittings limited,Unistar Environment & Research Labs Pvt. Ltd.,Environment clearance form,TOR,B2,Building / Construction,The Expansion of  Building Construction Projects of  Industrial Building in Existing Unit of PRINCE PIPES AND FITTINGS LTD.,THE DADRA AND NAGAR HAVELI AND DAMAN AND DIU,Dadra & Nagar Haveli,DADRA,,CF/UTEAC/DNH-DD/2025/26,"New Survey No. 200, 205, 207, 209, 211, 212, 243, 245, 291, 296, 297, 298, 299, 300, 302, 303, 305 and 306 (Old Survey No. 53, 55/2, 56/1, 56/3, 57/1, 68, 85, 89, 90, 91, 92/1, 92/2 And 93/p)",Hybrid,7.1051,0.0,7.1051,0.0,0.0,0.0,699.0,2452.0,0,0,0,NO,NA,NO,NO,NO,2025-10-08T10:35:14.151+00:00,,,,,,,,,,,,Dadra & Nagar Haveli,"New Survey No. 200, 205, 207, 209, 211, 212, 243, 245, 291, 296, 297, 298, 299, 300, 302, 303, 305 and 306 (Old Survey No. 53, 55/2, 56/1, 56/3, 57/1, 68, 85, 89, 90, 91, 92/1, 92/2 And 93/p)",https://parivesh.nic.in/dms/okm/downloadDocument?docTypemappingId=40829&refId=137598498&refType=caf&uuid=81af0a23-3cf5-4a56-9d69-bc579b321dda&version=1.0,524997,https://parivesh.nic.in/newupgrade/#/report/ec?proposalId=137628115,100.0,69140.0
138747063,"“KLJ Polymers And Chemicals Ltd.” with concept of proposed Industrial building project in existing unit. The project is Located at New Survey No. 837 (Old Survey No. 177), Jamalpada road, Village: - Silli, Silvassa - 396 230, U.T of Dadra & Nagar Haveli and Daman & Diu.
The Proposed Project Industrial in existing unit will be have Weighing Bridge Cabin No. 16 consists having built up area 6.00 Sq. m., Weighing Bridge Cabin No. 18 consists having built up area 6.90 Sq. m., Security Building No. 15 consists having built up area 65.65 Sq. m., Security Cabin No. 17 consists having built up area 137.40 Sq.m., Building No. 13 consists having built up area 708.06 Sq.m., Building No. 19  consist having built up area 11067.83 Sq.m. and Raw Material Godown No. 14 consists having built up area 1771.12 Sq.m. The Total Built-up area of the project will be 13762.96 Sq.m. & total plot area of the project is 115307.00 Sq.m.",Expansion,SIA/DN/INFRA2/556273/2025,2025-10-28T07:26:42.833+00:00,,Proposal returned in present form,115307.0,2029.48,KLJ Polymers and chemicals Limited,Unistar Environment & Research Labs Pvt. Ltd.,Environment clearance form,TOR,B2,Building / Construction,The Expansion of  Building Construction Projects of  Industrial Building in Existing Unit in Category- 8(a) of  “KLJ Polymers and Chemicals Ltd.”,THE DADRA AND NAGAR HAVELI AND DAMAN AND DIU,Dadra & Nagar Haveli,SILVASSA,,CF/UTEAC/DNH-DD/2025/31,New Survey No. 837 (Old Survey No. 177),Hybrid,115307.0,0.0,115307.0,0.0,0.0,0.0,0.0,2029.48,0,0,0,NO,NA,NO,NO,NO,2025-10-31T11:01:19.641+00:00,,,,,,,,,,,,Dadra & Nagar Haveli,New Survey No. 837 (Old Survey No. 177),https://parivesh.nic.in/dms/okm/downloadDocument?docTypemappingId=40829&refId=138705287&refType=caf&uuid=219ee3e6-fb7b-4c59-a2cf-ad803f0bc9e5&version=1.0,802639,https://parivesh.nic.in/newupgrade/#/report/ec?proposalId=138747063,150.0,210000.0
174571578,Expansion of existing factory built-up area for additional warehousing facility.,New,SIA/DN/INFRA2/556761/2026,2025-10-31T12:22:07.938+00:00,,ADS Raised,9.58,2186.0,TRANSRAIL LIGHTING  LIMITED,Ramans Enviro Services Pvt. Ltd.,Environment clearance form,TOR,B2,Building / Construction,Transrail Lighting Limited (Pole Division),THE DADRA AND NAGAR HAVELI AND DAMAN AND DIU,Dadra & Nagar Haveli,KARACHGAM,,CF/UTEAC/DNH-DD/2025/42,"Survey No. 227/1/1/1/1/1, 228/2, 228/3, 228/4 & 228/5",Hybrid,9.58,0.0,9.58,0.0,0.0,0.0,0.0,0.0,0,0,0,Not applicable as the project or activity is site specific,,NO,NO,NO,2026-03-12T10:59:02.629+00:00,,,,,,,,,,,,Dadra & Nagar Haveli,"Survey No. 227/1/1/1/1/1, 228/2, 228/3, 228/4 & 228/5",https://parivesh.nic.in/dms/okm/downloadDocument?docTypemappingId=40829&refId=154679378&refType=caf&uuid=a8187ec0-8aac-4bd8-a8ec-0f721649183d&version=1.0,524984,https://parivesh.nic.in/newupgrade/#/report/ec?proposalId=174571578,4500.0,298500.0
185210578,"M/s. Jiwarajka Textile Industries is an existing company located at Survey No. 172/1/2, 172/4, 173/1, Mori Faliya, Kanadi Fatak, Village Naroli, Silvassa – 396230, U.T. of Dadra & Nagar Haveli and Daman & Diu. The unit has been engaged in Manmade Fibres manufacturing since 1985. The existing operations include the manufacture of Polyester Texturised Yarn (PTY) – 71000 MT/Year, which does not attract Environmental Clearance (EC), and Synthetic Fibers using polymer granules/chips as raw material [i.e. Partially Oriented Yarn (POY)/Polyester Filament Yarn (PFY)] – 71000 MT/Year, for which has been Environmental Clearance (EC) obtained. Now, the company proposes to expand its manufacturing capacity and add new products, namely Synthetic Fibers using polymer granules/chips as raw material [ i.e. Fully Drawn Yarn (FDY), Polyester Mother Yarn (PMY), and Industrial Yarn (IDY)], while enhancing overall production within the existing premises from 71000 MT/Annum to 101000 MT/Annum. which falls",Expansion,SIA/DN/IND2/556796/2025,2025-11-01T06:27:32.946+00:00,,Referred to SEIAA,2.06,22393.18,JIWARAJKA TEXTILE INDUSTRIES,Unistar Environment & Research Labs Pvt. Ltd.,Environment clearance form,TOR,B2,Building / Construction,M/s. Jiwarajka Textile Industries,THE DADRA AND NAGAR HAVELI AND DAMAN AND DIU,Dadra & Nagar Haveli,NAROLI,,CF/UTEAC/DNH-DD/2025/28,"Survey No. 172/1/2,172/4,173/1, Mori Faliya, Kanadi Fatak, Village – Naroli, Silvassa – 396230, U.T. of D&NH and D&D.",Hybrid,2.06,0.0,2.06,0.0,0.0,0.0,16393.18,6000.0,0,0,0,NO,Existing unit is located in Notified Industrial Zone,NO,NO,NO,2025-11-01T12:06:44.070+00:00,,,,,,,,,,,,Dadra & Nagar Haveli,"Survey No. 172/1/2,172/4,173/1, Mori Faliya, Kanadi Fatak, Village – Naroli, Silvassa – 396230, U.T. of D&NH and D&D.",https://parivesh.nic.in/dms/okm/downloadDocument?docTypemappingId=40829&refId=151377378&refType=caf&uuid=9374e48b-fba1-4020-8c17-8a4d2dec6af0&version=1.0,524998,https://parivesh.nic.in/newupgrade/#/report/ec?proposalId=185210578,25.0,210.0
191628778,"Hindalco Industries Limited” with concept of proposed Industrial building project in existing unit. The project is Located at Survey No. 111/1/1, 111/1/2, and 111/1/3, Village- Khutli, PO-Khanvel, Silvassa - 396 230, U.T of Dadra & Nagar Haveli and Daman & Diu.
The conceptual plan is submitted as part of application for our proposed Industrial Building of Fabrication Shed, Chemical Storage Shed, Die Cleaning Area Shed, First Floor on existing ETP-1 Lab and Factory Shed. This is covered under scheduled category of EIA notification -2006 as Item – 8(a) Building and construction projects, categories – B2 of Schedule I of the said notification as time to time amended.
The Total Built-up area of the project is 38216.37 Sq.m.",Expansion,SIA/DN/INFRA2/556854/2025,2025-11-01T12:43:36.780+00:00,2026-04-09T14:14:23.760+00:00,EC Granted,37.951,86750.0,HINDALCO INDUSTRIES LIMITED,Unistar Environment & Research Labs Pvt. Ltd.,Environment clearance form,TOR,B2,Building / Construction,Hindalco Industries Limited,THE DADRA AND NAGAR HAVELI AND DAMAN AND DIU,Dadra & Nagar Haveli,KHUNTLI,,CF/UTEAC/DNH-DD/2025/29,"Survey No. 111/1/1, 111/1/2, and 111/1/3",Hybrid,37.951,0.0,37.951,0.0,0.0,0.0,84300.0,2450.0,0,0,0,NO,NA,NO,NO,NO,2025-11-03T09:01:08.695+00:00,,,,,,,,,,,,Dadra & Nagar Haveli,"Survey No. 111/1/1, 111/1/2, and 111/1/3",https://parivesh.nic.in/dms/okm/downloadDocument?docTypemappingId=40829&refId=136484699&refType=caf&uuid=d1a51078-98b9-4874-a7ba-8519bb3a72a8&version=1.0,524981,https://parivesh.nic.in/newupgrade/#/report/ec?proposalId=191628778,150.0,175300.0
202769978,Proposed building construction project Sahaj Infinity by Aditya Reality having 448 flats and 2 offices,New,SIA/DN/INFRA2/556916/2025,2025-11-03T07:43:03.341+00:00,2026-04-08T14:40:13.847+00:00,EC Granted,0.7368,9219.0,ADITYA REALITY,,Environment clearance form,TOR,B2,Building / Construction,Proposed building construction project Sahaj Infinity by Aditya Reality,THE DADRA AND NAGAR HAVELI AND DAMAN AND DIU,Dadra & Nagar Haveli,NAROLI,,CF/UTEAC/DNH-DD/2025/32,,Non - Linear,0.7368,0.0,0.7368,0.0,0.0,0.0,0.0,0.0,0,0,0,NO,Not Applicable,NO,NO,NO,2025-11-03T13:36:45.590+00:00,,,,,,,,,,,,Dadra & Nagar Haveli,,https://parivesh.nic.in/dms/okm/downloadDocument?docTypemappingId=40829&refId=202362778&refType=caf&uuid=d7630fe5-2839-4fbb-8b10-438ffb5e7ad0&version=1.0,524998,https://parivesh.nic.in/newupgrade/#/report/ec?proposalId=202769978,6950.0,2820.0
235585978,Residential Project,New,SIA/DN/INFRA2/557119/2025,2025-11-05T06:20:35.344+00:00,2026-04-09T11:52:17.857+00:00,EC Granted,1.59,14574.0,SHREE ASSOCIATES,,Environment clearance form,TOR,B2,Building / Construction,SAHAJ SHANGRILA,THE DADRA AND NAGAR HAVELI AND DAMAN AND DIU,Dadra & Nagar Haveli,SILVASSA,,CF/UTEAC/DNH-DD/2025/33,,Hybrid,1.59,0.0,1.59,0.0,0.0,0.0,0.0,0.0,0,0,0,Not applicable as the project or activity is site specific,,NO,NO,NO,2025-11-05T14:03:14.253+00:00,,,,,,,,,,,,Dadra & Nagar Haveli,,https://parivesh.nic.in/dms/okm/downloadDocument?docTypemappingId=40829&refId=234580178&refType=caf&uuid=3d663cbd-c9ed-4ca1-af9b-0cc0c2bf5a2d&version=1.0,802639,https://parivesh.nic.in/newupgrade/#/report/ec?proposalId=235585978,35050.0,35700.0
287410178,"M/s Faze Three Limited is a public limited company engaged in the design, development, and manufacturing of high-quality home textile products, including bathmats, rugs, pillows, throws, and decorative home furnishings. Now, the project entails the expansion of the existing manufacturing capacity and the proposed built-up area is approx. 66598.22 Sq. m. so, the project falls under Category 8(a), B2 as per EIA notification, 2006 and its amendments.",New,SIA/DN/INFRA2/557508/2025,2025-11-08T06:45:57.678+00:00,2026-04-16T11:45:02.524+00:00,EC Granted,3.35,3768.0,FAZE THREE LIMITED,,Environment clearance form,TOR,B2,Building / Construction,"Bathmat & Rug Manufacturing Facility located at Survey No. 1551, Village Dadra, Silvassa, UT of Dadra & Nagar Haveli by M/s Faze Three Limited",THE DADRA AND NAGAR HAVELI AND DAMAN AND DIU,Dadra & Nagar Haveli,DADRA,,CF/UTEAC/DNH-DD/2025/34,Survey No. 1551,Hybrid,3.35,0.0,3.35,0.0,0.0,0.0,0.0,0.0,0,0,0,Not applicable as the project or activity is site specific,,NO,NO,NO,2025-11-08T11:30:19.995+00:00,,,,,,,,,,,,Dadra & Nagar Haveli,Survey No. 1551,https://parivesh.nic.in/dms/okm/downloadDocument?docTypemappingId=40829&refId=286838778&refType=caf&uuid=1d65419d-da86-4485-900c-967b6cf327e2&version=1.0,524997,https://parivesh.nic.in/newupgrade/#/report/ec?proposalId=287410178,10950.0,490020.0
295773578,Proposed building construction project Pramukh Nakshtra-2 by Pramukh Realty having 1088 flats and 14 shops,New,SIA/DN/INFRA2/557594/2025,2025-11-09T07:16:23.636+00:00,2026-04-10T07:06:05.906+00:00,EC Granted,2.6298,12791.0,Pramukh Realty,,Environment clearance form,TOR,B2,Building / Construction,Proposed building construction project Pramukh Nakshtra-2 by Pramukh Realty,THE DADRA AND NAGAR HAVELI AND DAMAN AND DIU,Dadra & Nagar Haveli,SILVASSA,,CF/UTEAC/DNH-DD/2025/27,,Non - Linear,2.6298,0.0,2.6298,0.0,0.0,0.0,0.0,0.0,0,0,0,NO,Not Applicable,NO,NO,NO,2025-11-09T07:51:18.219+00:00,,,,,,,,,,,,Dadra & Nagar Haveli,,https://parivesh.nic.in/dms/okm/downloadDocument?docTypemappingId=40829&refId=295760578&refType=caf&uuid=61d956ac-b03f-4139-9b22-5db7e0ee644e&version=1.0,802639,https://parivesh.nic.in/newupgrade/#/report/ec?proposalId=295773578,6950.0,2820.0
535769578,THE PROPOSED NEW PROJECT FOR CONSTRUCTION OF INDUSTRIAL BUILDING SHED,New,SIA/DN/INFRA2/559239/2025,2025-11-22T12:06:03.883+00:00,,Proposal returned in present form,50504.0,4000.0,SHREE NARAYANI INFRA,,Environment clearance form,TOR,B2,Building / Construction,M/s. Shree Narayani Infra,THE DADRA AND NAGAR HAVELI AND DAMAN AND DIU,Dadra & Nagar Haveli,SILVASSA,,CF/UTEAC/DNH-DD/2025/38,"Survey No. 655 (Old Survey No. 214/1),",Hybrid,50504.0,0.0,50504.0,0.0,0.0,0.0,0.0,0.0,0,0,0,NO,-,NO,NO,NO,2025-11-24T12:41:43.456+00:00,,,,,,,,,,,,Dadra & Nagar Haveli,"Survey No. 655 (Old Survey No. 214/1),",https://parivesh.nic.in/dms/okm/downloadDocument?docTypemappingId=40829&refId=534237378&refType=caf&uuid=be823e0e-0b21-4214-959d-18269ed24db7&version=1.0,802639,https://parivesh.nic.in/newupgrade/#/report/ec?proposalId=535769578,30.0,30.0
995696378,"Construction Residential cum Commercial Project ""MANGALAM RIVERSIDE"" by
MANGALAM ENTERPRISE",New,SIA/DN/INFRA2/561661/2025,2025-12-13T09:23:46.103+00:00,2026-05-28T13:45:43.568+00:00,EC Granted,0.57,4167.0,MANGALAM ENTERPRISE,Precitech Laboratories Private Limited (formerly known as Precitech Laboratories),Environment clearance form,TOR,B2,Building / Construction,Mangalam Riverside,THE DADRA AND NAGAR HAVELI AND DAMAN AND DIU,Dadra & Nagar Haveli,SILVASSA,,CF/UTEAC/DNH-DD/2025/37,Survey No.285/1/1,Non - Linear,0.57,0.0,0.57,0.0,0.0,0.0,0.0,0.0,0,0,0,NO,Not applicable,NO,NO,NO,2025-12-13T13:45:34.183+00:00,,,,,,,,,,,,Dadra & Nagar Haveli,Survey No.285/1/1,https://parivesh.nic.in/dms/okm/downloadDocument?docTypemappingId=40829&refId=970254578&refType=caf&uuid=ebc48f25-337b-4164-9b5b-3dba9e8feabf&version=1.0,802639,https://parivesh.nic.in/newupgrade/#/report/ec?proposalId=995696378,1030.0,14600.0
1022639178,"Construction Residential Project ""KALPATARU SKYLINE"" by J.N.R BUILDERS",New,SIA/DN/INFRA2/561811/2025,2025-12-15T11:28:03.564+00:00,2026-05-28T11:12:22.020+00:00,EC Granted,0.64,5416.0,JNR BUILDERS,Precitech Laboratories Private Limited (formerly known as Precitech Laboratories),Environment clearance form,TOR,B2,Building / Construction,Kalpataru Skyline,THE DADRA AND NAGAR HAVELI AND DAMAN AND DIU,Dadra & Nagar Haveli,SILVASSA,,CF/UTEAC/DNH-DD/2025/36,166/2,Non - Linear,0.64,0.0,0.64,0.0,0.0,0.0,0.0,0.0,0,0,0,NO,Not applicable,NO,NO,NO,2025-12-17T15:24:46.195+00:00,,,,,,,,,,,,Dadra & Nagar Haveli,166/2,https://parivesh.nic.in/dms/okm/downloadDocument?docTypemappingId=40829&refId=1020134978&refType=caf&uuid=dd2d688a-3ec7-4527-8f21-9d70e4f317b6&version=1.0,802639,https://parivesh.nic.in/newupgrade/#/report/ec?proposalId=1022639178,655.0,14600.0
1071204178,"Construction Residential cum Commercial Project ""MANGALAM HEIGHTS"" by
MANGALAM DEVELOPERS",Expansion,SIA/DN/INFRA2/562142/2025,2025-12-17T12:23:01.971+00:00,2026-05-28T08:45:06.683+00:00,EC Granted,0.3,5418.0,MANGALAM DEVELOPERS,Precitech Laboratories Private Limited (formerly known as Precitech Laboratories),Environment clearance form,TOR,B2,Building / Construction,MANGALAM HEIGHTS,THE DADRA AND NAGAR HAVELI AND DAMAN AND DIU,Dadra & Nagar Haveli,SILVASSA,,CF/UTEAC/DNH-DD/2025/35,70/3/1/1,Non - Linear,0.3,0.0,0.3,0.6,0.0,0.6,1680.0,3738.0,0,0,0,NO,Expansion of existing project,NO,NO,NO,2025-12-17T15:09:52.924+00:00,,,,,,,,,,,,Dadra & Nagar Haveli,70/3/1/1,https://parivesh.nic.in/dms/okm/downloadDocument?docTypemappingId=40829&refId=1068992978&refType=caf&uuid=9c6a8400-c23d-4c66-962d-aaf89a07cd4f&version=1.0,802639,https://parivesh.nic.in/newupgrade/#/report/ec?proposalId=1071204178,36580.0,0.0
1209694808,"Construction of Approach Road, Laying of Underground Drinking Water Pipeline and Electric line to the Survey No.73/1 (Old Survey No : 20/1/2/1/1)",New,FP/DN/ROAD/563256/2025,2025-12-26T12:07:02.237+00:00,,DELISTED_BY_SYSTEM,0.1428,25.0,AMI SUNILKUMAR DARU,,Forest clearance form,,,,"Diversion of Reserved Forest Land for the Construction of Approach Road, Laying of Underground Drinking Water Pipeline and Electric line to the Survey No.73/1 (Old Survey No : 20/1/2/1/1)",THE DADRA AND NAGAR HAVELI AND DAMAN AND DIU,Dadra & Nagar Haveli,Sindoni,,,,Linear,0.0,0.1428,0.1428,0.0,0.0,0.0,0.0,0.0,0,0,0,Not applicable as the project or activity is site specific,,NO,NO,NO,2026-05-26T18:30:00.000+00:00,,,Degraded Forest Land,true,"29, Shree Rang Darshan, Besides Collector Bunglow, Naroli Road, Silvassa.",,38,Individual,Owner,,38,Dadra & Nagar Haveli,,https://parivesh.nic.in/dms/okm/downloadDocument?docTypemappingId=40829&refId=1209686078&refType=caf&uuid=7b43c0ca-a6c3-4fb4-818f-3692336b067b&version=1.0;https://parivesh.nic.in/dms/okm/downloadDocument?docTypemappingId=58989&refId=1209686078&refType=FC&uuid=d1fee11e-fb9c-450a-b820-dfb63eb0f078&version=1.0,524995,https://parivesh.nic.in/newupgrade/#/report/ec?proposalId=1209694808,62.0,125.0
1215602473,Up-gradation and Widening of Vansda- Chothapada Road.,New,FP/DN/ROAD/564592/2026,2026-01-07T09:14:14.489+00:00,,Pending at PP due to EDS by DFO,0.4567,661.0,EXECUTIVE ENGINEER PWD III IRRIGATION DISTRICT PANCHAYAT DADRA AND NAGAR HAVELI,,Forest clearance form,,,,Diversion of Reserved Forest Land for the Up-gradation and Widening of Vansda- Chothapada Road.,THE DADRA AND NAGAR HAVELI AND DAMAN AND DIU,Dadra & Nagar Haveli,VANSDA,,,,Linear,0.0,0.4567,0.4567,0.0,0.0,0.0,0.0,0.0,0,0,0,Not applicable as the project or activity is site specific,,NO,NO,NO,2026-01-07T10:45:52.092+00:00,,,Degraded Forest Land,true,"Office of The Executive Engineer, PWD-III (IRRIGATION),
Near Government Housing Complex, Silvassa",,38,Central Government (Department/Autonomous body),Executive Engineer,,38,Dadra & Nagar Haveli,,https://parivesh.nic.in/dms/okm/downloadDocument?docTypemappingId=40829&refId=1215593488&refType=caf&uuid=fa8cd404-383e-4907-aca3-b1cf57562bcf&version=1.0;https://parivesh.nic.in/dms/okm/downloadDocument?docTypemappingId=58989&refId=1215593488&refType=FC&uuid=8f0f5098-275e-4397-b7f4-070fe9671bc7&version=1.0,524992,https://parivesh.nic.in/newupgrade/#/report/ec?proposalId=1215602473,500.0,415.0
1215750263,Up-gradation and Widening of Ghodbari Uplapada Road.,New,FP/DN/ROAD/564640/2026,2026-01-07T11:51:46.412+00:00,,Pending at PP due to EDS by DFO,0.3066,248.0,EXECUTIVE ENGINEER PWD III IRRIGATION DISTRICT PANCHAYAT DADRA AND NAGAR HAVELI,,Forest clearance form,,,,Diversion of Reserved Forest Land for Up-gradation and Widening of Ghodbari Uplapada Road.,THE DADRA AND NAGAR HAVELI AND DAMAN AND DIU,Dadra & Nagar Haveli,Ghodbari,,,,Linear,0.0,0.3066,0.3066,0.0,0.0,0.0,0.0,0.0,0,0,0,Not applicable as the project or activity is site specific,,NO,NO,NO,2026-01-07T12:33:13.159+00:00,,,Degraded Forest Land,true,"Office of The Executive Engineer, PWD-III (IRRIGATION),
Near Government Housing Complex, Silvassa",,38,Central Government (Department/Autonomous body),Executive Engineer,,38,Dadra & Nagar Haveli,,https://parivesh.nic.in/dms/okm/downloadDocument?docTypemappingId=40829&refId=1215623673&refType=caf&uuid=5d911279-8dec-46bf-937a-2d918c0a9e0e&version=1.0;https://parivesh.nic.in/dms/okm/downloadDocument?docTypemappingId=58989&refId=1215623673&refType=FC&uuid=7df6dc58-2c41-4cb8-9916-c18f9765f9d1&version=1.0,524977,https://parivesh.nic.in/newupgrade/#/report/ec?proposalId=1215750263,240.0,395.0
1216429891,"Development of Convention Centre & Business Hub  at Namopath Seafront, Nani Daman at Survey no. 6, Kathiria, Nani Daman (Government land).",New,FP/DN/OTHERS/565020/2026,2026-01-09T14:01:44.631+00:00,,Pending at MS for Acceptance in PSC-I,12.762,21814.0,Joint Director of Tourism DNH,,Forest clearance form,,,,"Convention Centre & Business Hub, Daman",THE DADRA AND NAGAR HAVELI AND DAMAN AND DIU,Daman,KATHRA,,,6,Non - Linear,0.0,12.762,12.762,0.0,0.0,0.0,0.0,0.0,0,0,0,Not applicable as the project or activity is site specific,,NO,NO,NO,2026-01-09T14:12:45.682+00:00,,,,false,"Dept of Tourism, Ground Floor, Block II, New Kala Kendra, Silvassa",Kathiria Nani Daman,38,Central Government (Department/Autonomous body),District Tourism Officer,Kachigam Daman,38,Daman,6,https://parivesh.nic.in/dms/okm/downloadDocument?docTypemappingId=40829&refId=1216419818&refType=caf&uuid=62e67a48-8ea6-4052-86a0-9a0b4d1d6bdf&version=1.0;https://parivesh.nic.in/dms/okm/downloadDocument?docTypemappingId=58989&refId=1216419818&refType=FC&uuid=81114dd9-0ecc-4cf0-a4da-36d33823ac34&version=1.0,0,https://parivesh.nic.in/newupgrade/#/report/ec?proposalId=1216429891,109550.0,292000.0
1216841893,"M/s. Polycab India Limited Located at Sr. No. 377/2, At Village: Kachigam Dist. Daman U.T. of Dadra & Nagar Haveli, Daman & Diu. Unit will be willing to manufacture Aluminum Road-EC Grade & Aluminum Conductor. Total production capacity will be 23,100 MT/Month.",New,IA/DN/IND1/565640/2026,2026-01-15T09:37:32.959+00:00,2026-02-22T14:23:17.702+00:00,EC Granted,8.319,32435.9,POLYCAB INDIA LIMITED,,Application for Corrigendum Form-13,OTHER,,,POLYCAB INDIA LIMITED,THE DADRA AND NAGAR HAVELI AND DAMAN AND DIU,Daman,KACHGAM,IA-J-11011/6/2025-IA-II(IND-I),,,Hybrid,8.319,0.0,8.319,0.0,0.0,0.0,0.0,0.0,0,0,0,Not applicable as the project or activity is site specific,,NO,NO,NO,2026-01-15T11:18:36.445+00:00,,,,,"Survey No. 30,31,34, 42/1,25/2/1/P1, 25/2/2, 25/2/3, 25/2/6, 29/1, 29/2, 29/3/P1, 35/1,36/1/P1/P1, Village: Panelav 
Survey no. 55/1, 55/2, 55/3, 55/3, 55/4, 55/5, 57/P2, 65/1, 65/2, 66, Village:Baska, Tal: Halol, Dist. Panchmahal-398350",Kachigam,38,Private Limited,Senior GM legal,,24,Daman,,https://parivesh.nic.in/dms/okm/downloadDocument?docTypemappingId=40829&refId=111835357&refType=caf&uuid=2e951db4-52e6-49ca-b538-e8e06dee483c&version=1.0,524931,https://parivesh.nic.in/newupgrade/#/report/ec?proposalId=1216841893,12050.0,219050.0
1217687529,"Development of Convention Centre at Namopath Seafront, Nani Daman",New,FP/DN/OTHERS/566971/2026,2026-01-27T13:37:00.265+00:00,,DELISTED_BY_SYSTEM,1.7545,26344.0228971,JOINT DIRECTOR OF TOURISM DNH,,Forest clearance form,,,,"Development of Convention Centre at Namopath Seafront, Nani Daman",THE DADRA AND NAGAR HAVELI AND DAMAN AND DIU,Daman,KATHRA,,,6/1P and 6/2P,Non - Linear,0.0,1.7545,1.7545,0.0,0.0,0.0,0.0,0.0,0,0,0,Not applicable as the project or activity is site specific,,NO,NO,NO,2026-02-12T18:30:00.000+00:00,,,Degraded Forest Land,true,"Dept of Tourism, Ground Floor, Block II, New Kala Kendra, Silvassa",Daman,38,Central Government (Department/Autonomous body),"Director  cum Joint Secretary, Tourism, DNH&DD",Daman,38,Daman,6/1P and 6/2P,https://parivesh.nic.in/dms/okm/downloadDocument?docTypemappingId=40829&refId=1217687015&refType=caf&uuid=fb32128a-f429-4dd9-b4e6-f0b7434b6258&version=1.0;https://parivesh.nic.in/dms/okm/downloadDocument?docTypemappingId=58989&refId=1217687015&refType=FC&uuid=305e77dc-b9f3-4574-8efe-dcf32dbfe7b0&version=1.0,0,https://parivesh.nic.in/newupgrade/#/report/ec?proposalId=1217687529,109550.0,228250.0
1217782467,Up-gradation and Widening of the Karchond -Vaghchauda Road.,New,FP/DN/ROAD/567111/2026,2026-01-28T15:06:02.058+00:00,2026-08-27T08:54:38.115+00:00,Final Diversion Order Issued,0.8204,827.0,EXECUTIVE ENGINEER PWD III IRRIGATION DISTRICT PANCHAYAT DADRA AND NAGAR HAVELI,,Forest clearance form,,,,Diversion of Reserved Forest Land for the Up-gradation and Widening of the Karchond -Vaghchauda Road.,THE DADRA AND NAGAR HAVELI AND DAMAN AND DIU,Dadra & Nagar Haveli,AMBABARI,,,,Linear,0.0,0.8204,0.8204,0.0,0.0,0.0,0.0,0.0,0,0,0,Not applicable as the project or activity is site specific,,NO,NO,NO,2026-01-29T04:57:54.397+00:00,,,Degraded Forest Land,true,"Office of The Executive Engineer, PWD-III (IRRIGATION),
Near Government Housing Complex, Silvassa",,38,Central Government (Department/Autonomous body),Executive Engineer,,38,Dadra & Nagar Haveli,,https://parivesh.nic.in/dms/okm/downloadDocument?docTypemappingId=40829&refId=1217781964&refType=caf&uuid=04aa0557-4081-47fd-840b-832f5f6215ce&version=1.0;https://parivesh.nic.in/dms/okm/downloadDocument?docTypemappingId=58989&refId=1217781964&refType=FC&uuid=a97db910-17bb-48ab-8cb3-95d5e07280bc&version=1.0,524971,https://parivesh.nic.in/newupgrade/#/report/ec?proposalId=1217782467,1200.0,830.0
1218615475,Education Institution,New,SIA/DN/INFRA2/568235/2026,2026-02-06T10:19:13.224+00:00,,DELISTED_BY_SYSTEM,0.0739,150.0,VIDYA BHARTI GUJARAT PRADESH,,Environment clearance form,TOR,B2,Building / Construction,Netaji Subhaschandra Bose Military Academy,THE DADRA AND NAGAR HAVELI AND DAMAN AND DIU,Dadra & Nagar Haveli,SILVASSA,,CF/UTEAC/DNH-DD/2025/46,"1) Survey No. 208/3/1/1, (2) Survey No. 208/3/1/2 and (3) Survey No. 165/1P Plot No.2",Non - Linear,0.0739,0.0,0.0739,0.0,0.0,0.0,0.0,0.0,0,0,0,Not applicable as the project or activity is site specific,,NO,NO,NO,2026-04-14T11:33:43.901+00:00,,,,,,,,,,,,Dadra & Nagar Haveli,"1) Survey No. 208/3/1/1, (2) Survey No. 208/3/1/2 and (3) Survey No. 165/1P Plot No.2",https://parivesh.nic.in/dms/okm/downloadDocument?docTypemappingId=40829&refId=1217350095&refType=caf&uuid=c7cd466e-5d00-4119-b0f2-bb4756dac296&version=1.0,802639,https://parivesh.nic.in/newupgrade/#/report/ec?proposalId=1218615475,22860.0,20090.0
1218632076,"The project consist  of various Adventure Activities like Free Fall, Adrenaline Ride, Climbing & Rappelling wall, Adrenaline Ride for Specially Abled Kids,Families & Kids play area, Road, Entrance Gate, Children Play area, Seating area, Water Body, Recreational area Ecreational wall, Multi Tower,  Cable Operated Kite, Catwalk,  Boarding, Toilet Block, cafeteria, Ticket counter, Compound wall etc",New,FP/DN/OTHERS/568273/2026,2026-02-06T11:57:19.898+00:00,,Pending at MS for Acceptance in PSC-I,35236.0,400.0,EXECUTIVE ENGINEER  PUBLIC WORKS DEPARTMENT WD I DAMAN,,Forest clearance form,,,,"Design Construction Operation and Maintenance of Sports Activities Adventure Park at Jumprime, Moti Daman",THE DADRA AND NAGAR HAVELI AND DAMAN AND DIU,Daman,MOTI DAMAN,,,,Non - Linear,0.0,35236.0,35236.0,0.0,0.0,0.0,0.0,0.0,0,0,0,NO,NON AVAILABILITY OF LAND,NO,NO,NO,2026-02-10T10:27:42.043+00:00,,,,false,"Office of the Executive Engineer, PWD WD - I , Fort Area , Moti Daman.",Daman,38,Central Government (Department/Autonomous body),ExecutiveEngineer,DAMAN,38,Daman,,https://parivesh.nic.in/dms/okm/downloadDocument?docTypemappingId=40829&refId=132579329&refType=caf&uuid=4f3396f2-8d3b-4858-8e03-eaa8d8927399&version=1.0;https://parivesh.nic.in/dms/okm/downloadDocument?docTypemappingId=58989&refId=132579329&refType=FC&uuid=0041d635-84b2-4df4-a434-e200f60c3708&version=1.0,802638,https://parivesh.nic.in/newupgrade/#/report/ec?proposalId=1218632076,920.0,3655.0
1218842640,Gas Distribution Network in DNH GA (Jhaveri Flexo India Ltd. Connectivity): Diversion of 0.2278 Hectare Protected Forest land for laying 6”dia Steel/125/90 mm dia MDPE pipeline parallel & across to Road/Canal side strip plantation declared as Protected Forest for Kharadpada – Luhari village & Surrounding Area of Dadra and Nagar Haveli (U/T).,New,FP/DN/Pipeline/568543/2026,2026-02-09T13:50:17.784+00:00,,Pending at AIGF - RO,0.2278,415.0,GUJARAT GAS LIMITED,,Forest clearance form,,,,"Diversion of 0.2278 hectare Protected Forest land for laying 6"" dia. Steel/125/90 mm dia. MDPE pipeline parallel & across to Road/Canal side strip plantation declared as Protected Forest for Kharadpada - Luhari village & Surrounding area of Dadra and Nagar Haveli (U/T) (Jhaveri Flexo India Ltd. Connectivity) of Silvassa (Dadra and Nagar Haveli) GA",THE DADRA AND NAGAR HAVELI AND DAMAN AND DIU,Dadra & Nagar Haveli,ATHAL,,,Road side strip,Linear,0.0,0.2278,0.2278,0.0,0.0,0.0,0.0,0.0,0,0,0,Not applicable as the project or activity is site specific,,NO,NO,NO,2026-02-10T07:25:05.135+00:00,,,,false,"Shanti Sadan Soc.,Opp. Parimal Garden, Nr. Ellis Bridge",Gandhinagar,24,"State PSU (eg. State Forest Corp., TANGEDCO, Mineral development Corp)",Dy. Manager  (ROU),Gandhinagar,24,Dadra & Nagar Haveli,Road side strip,https://parivesh.nic.in/dms/okm/downloadDocument?docTypemappingId=40829&refId=1218841902&refType=caf&uuid=f9b894c3-f82c-4c65-a078-00ae0a2d190e&version=1.2;https://parivesh.nic.in/dms/okm/downloadDocument?docTypemappingId=58989&refId=1218841902&refType=FC&uuid=862f8f05-9e6a-4c46-8a0d-54a3087861a2&version=1.0,524946,https://parivesh.nic.in/newupgrade/#/report/ec?proposalId=1218842640,0.0,0.0
1219346143,Proposed expansion project for construction of industrial shed/Building at Silvassa by M/s. TCPL Packaging Limited.,Expansion,SIA/DN/INFRA2/569146/2026,2026-02-14T09:06:31.419+00:00,2026-05-28T12:09:35.087+00:00,EC Granted,1.0287,25751.0,TCPL PACKAGING LIMITED,Precitech Laboratories Private Limited (formerly known as Precitech Laboratories),Environment clearance form,TOR,B2,Building / Construction,M/s. TCPL Packaging Limited,THE DADRA AND NAGAR HAVELI AND DAMAN AND DIU,Dadra & Nagar Haveli,Masat (CT),,CF/UTEAC/DNH-DD/2025/39,"Exiating: Plot No. 17/18/22, 21A, 19A, 21B, 23 + Proposed Additional: Plot No. 16 & 24",Non - Linear,1.0287,0.0,1.0287,0.8082,0.0,0.8082,17144.0,8607.0,0,0,0,Not applicable as the project or activity is site specific,,NO,NO,NO,2026-02-14T14:31:51.302+00:00,,,,,,,,,,,,Dadra & Nagar Haveli,"Exiating: Plot No. 17/18/22, 21A, 19A, 21B, 23 + Proposed Additional: Plot No. 16 & 24",https://parivesh.nic.in/dms/okm/downloadDocument?docTypemappingId=40829&refId=1219250019&refType=caf&uuid=5f2fcb27-3909-4d14-94fb-93b1d4a81a4a&version=1.0,525000,https://parivesh.nic.in/newupgrade/#/report/ec?proposalId=1219346143,21900.0,226005.0
1219874566,Amanded Bharatnet project Phase-III Underground OFC laying DFO DNH,New,FP/DN/REDIV/569859/2026,2026-02-20T10:21:19.828+00:00,,DELISTED_BY_SYSTEM,7.683,126.0,MAHESH NAIR,,Form-E: Re-Diversion i) Land Use Change ii) Laying of Overhead/ Under Ground OFC/ drinking water pipeline/ slurry pipeline/ electric cable/ CNG/PNG within RoW,,,,Amanded Bharatnet project Phase-III Underground OFC laying,THE DADRA AND NAGAR HAVELI AND DAMAN AND DIU,Kaprada,Hedalbari,,,,Linear,7.02,0.663,7.683,0.0,0.0,0.0,0.0,0.0,0,0,0,Not applicable as the project or activity is site specific,,NO,NO,NO,2026-02-20T10:37:33.811+00:00,,,,,"General Manager Telecom, BSNL Bhavan, Thiruvalla",,32,"Central PSU (eg. NHAI, AAI, NTP, CIL, SAIL)",AGM  BSS TLA,,24,Valsad,,https://parivesh.nic.in/dms/okm/downloadDocument?docTypemappingId=40829&refId=1219870159&refType=caf&uuid=499c4879-3a9e-4a26-b0ec-d5cd21cb50b5&version=1.0,523568,https://parivesh.nic.in/newupgrade/#/report/ec?proposalId=1219874566,484.0,732.0
1219886872,Amended Bharatnet project Phase-III Underground OFC laying in DFO Daman,New,FP/DN/REDIV/569886/2026,2026-02-20T11:36:31.756+00:00,,DELISTED_BY_SYSTEM,15.2,273.0,MAHESH NAIR,,Form-E: Re-Diversion i) Land Use Change ii) Laying of Overhead/ Under Ground OFC/ drinking water pipeline/ slurry pipeline/ electric cable/ CNG/PNG within RoW,,,,Amended Bharatnet project Phase-III Underground OFC laying in DFO Daman,THE DADRA AND NAGAR HAVELI AND DAMAN AND DIU,Daman,DABHEL,,,,Linear,14.966,0.234,15.2,0.0,0.0,0.0,0.0,0.0,0,0,0,Not applicable as the project or activity is site specific,,NO,NO,NO,2026-02-20T12:25:49.380+00:00,,,,,"General Manager Telecom, BSNL Bhavan, Thiruvalla",,32,"Central PSU (eg. NHAI, AAI, NTP, CIL, SAIL)",AGM  BSS TLA,,32,Daman,,https://parivesh.nic.in/dms/okm/downloadDocument?docTypemappingId=40829&refId=1219885686&refType=caf&uuid=7f2b99f1-8b3a-44b9-9b5c-47d39a428282&version=1.0,524930,https://parivesh.nic.in/newupgrade/#/report/ec?proposalId=1219886872,690.0,734.0
1219898304,Amended Bharatnet Project Phase-III Laying of OFC DFO DIU,New,FP/DN/REDIV/569900/2026,2026-02-20T13:06:14.208+00:00,,DELISTED_BY_SYSTEM,10.237,184.0,MAHESH NAIR,,Form-E: Re-Diversion i) Land Use Change ii) Laying of Overhead/ Under Ground OFC/ drinking water pipeline/ slurry pipeline/ electric cable/ CNG/PNG within RoW,,,,Amended Bharatnet Project Phase-III Laying of OFC DFO DIU,THE DADRA AND NAGAR HAVELI AND DAMAN AND DIU,Diu,BRANCAWARA,,,,Linear,9.826,0.411,10.237,0.0,0.0,0.0,0.0,0.0,0,0,0,Not applicable as the project or activity is site specific,,NO,NO,NO,2026-02-20T13:17:19.110+00:00,,,,,"General Manager Telecom, BSNL Bhavan, Thiruvalla",,32,"Central PSU (eg. NHAI, AAI, NTP, CIL, SAIL)",AGM  BSS TLA,,32,Diu,,https://parivesh.nic.in/dms/okm/downloadDocument?docTypemappingId=40829&refId=1219897883&refType=caf&uuid=72cb7208-80de-4f5c-8487-fb7d24915e1d&version=1.0,524907,https://parivesh.nic.in/newupgrade/#/report/ec?proposalId=1219898304,690.0,734.0
1220339846,"“Silver Dream Enterprises LLP.” with concept of Ware House building project. The project is Located at Survey No. 353 & 381, Umerkoi Road, Village - Falandi, Silvassa, Dadra and Nagar Haveli. -396 230, Dist.: U.T. of DNH & DD. The conceptual plan is submitted as part of application for our proposed Ware House Building B & Building D Ground Floor, First Floor & Second Floor and Second Floor of Existing Building C with Demolish of existing some part of existing Building C, Building D and full demolition of Building B Shed. There is Existing Building A which have no change. This is covered under scheduled category of EIA notification -2006 as Item – 8(a) Building and construction projects, categories – B2 of Schedule I of the said notification as time to time amended. The Proposed Ware House Project building B consists having 20487.48 Sq. m. construction area, building D consists having 1857.52 Sq. m and Existing Building C consists having 5738.28 Sq. m. construction area with Demolish of",New,SIA/DN/INFRA2/570524/2026,2026-02-26T08:28:16.865+00:00,2026-07-10T13:16:51.763+00:00,EC Granted,3.3975,3700.0,Silverdream enterprises llp,Unistar Environment & Research Labs Pvt. Ltd.,Environment clearance form,TOR,B2,Building / Construction,The Proposed  Building Construction Projects of  Ware House Building in Existing Building,THE DADRA AND NAGAR HAVELI AND DAMAN AND DIU,Dadra & Nagar Haveli,SILVASSA,,CF/UTEAC/DD-DNH/2025/44,Survey No. 353 & 381,Hybrid,3.3975,0.0,3.3975,0.0,0.0,0.0,0.0,0.0,0,0,0,NO,NA,NO,NO,NO,2026-04-15T05:53:38.644+00:00,,,,,,,,,,,,Dadra & Nagar Haveli,Survey No. 353 & 381,https://parivesh.nic.in/dms/okm/downloadDocument?docTypemappingId=40829&refId=1220325970&refType=caf&uuid=cbb632c2-baaf-4c6e-aed3-5a309231b1d9&version=1.0,802639,https://parivesh.nic.in/newupgrade/#/report/ec?proposalId=1220339846,540.0,7300.0
1220534377,Construction project for Residential cum commercial building  Pramukh Meadows  2 by Tough Builders and Constructions LLP having land area of 10375 sq. m.,New,SIA/DN/INFRA2/570893/2026,2026-02-28T09:41:12.600+00:00,2026-05-28T14:14:45.984+00:00,EC Granted,1.0375,9000.0,TOUGH BUILDERS AND CONSTRUCTIONS LLP,Precitech Laboratories Private Limited (formerly known as Precitech Laboratories),Environment clearance form,TOR,B2,Building / Construction,Pramukh Meadows 2,THE DADRA AND NAGAR HAVELI AND DAMAN AND DIU,Dadra & Nagar Haveli,SILVASSA,,CF/UTEAC/DNH-DD/2025/40,"Survey No. 91/2/1/3/1, 112/2/5,92/1p,112/4,112/5 & 112/6",Non - Linear,1.0375,0.0,1.0375,0.0,0.0,0.0,0.0,0.0,0,0,0,Not applicable as the project or activity is site specific,,NO,NO,NO,2026-02-28T15:03:12.311+00:00,,,,,,,,,,,,Dadra & Nagar Haveli,"Survey No. 91/2/1/3/1, 112/2/5,92/1p,112/4,112/5 & 112/6",https://parivesh.nic.in/dms/okm/downloadDocument?docTypemappingId=40829&refId=1220519040&refType=caf&uuid=a5d6cc32-d9fd-4afc-8596-ac1d7d752ad9&version=1.0,802639,https://parivesh.nic.in/newupgrade/#/report/ec?proposalId=1220534377,52560.0,7300.0
1220643642,Proposed New Construction project for Residential cum commercial building Pramukh Swagat 2 by M/s. Pramukh Realty having land area of 5324 sq. m.,New,SIA/DN/INFRA2/571033/2026,2026-03-02T08:01:02.536+00:00,2026-05-28T14:26:13.287+00:00,EC Granted,0.5324,4025.0,Pramukh Realty,Precitech Laboratories Private Limited (formerly known as Precitech Laboratories),Environment clearance form,TOR,B2,Building / Construction,Pramukh Swagat 2,THE DADRA AND NAGAR HAVELI AND DAMAN AND DIU,Dadra & Nagar Haveli,SILVASSA,,CF/UTEAC/DNH-DD/2025/41,Survey No. 855/6,Non - Linear,0.5324,0.0,0.5324,0.0,0.0,0.0,0.0,0.0,0,0,0,Not applicable as the project or activity is site specific,,NO,NO,NO,2026-03-02T18:05:57.692+00:00,,,,,,,,,,,,Dadra & Nagar Haveli,Survey No. 855/6,https://parivesh.nic.in/dms/okm/downloadDocument?docTypemappingId=40829&refId=1220467964&refType=caf&uuid=c7416c94-a08f-41e8-845e-f0d1bcda0a0b&version=1.0,802639,https://parivesh.nic.in/newupgrade/#/report/ec?proposalId=1220643642,22630.0,7300.0
1220831318,"The project is a Proposed Construction of Signature Bridge Connecting Jampore Sea Front Road Near Light House to Devka Sea Front Road at. Parkota Sheri at. Nani Daman, At. Jampore, Daman. The total length of the bridge will be 658.11 meters, which includes length of Daman Ganga River Bridge with approaches as 213.79 meters. Entire works falls in CRZ area. As per CRZ Classification, Project site is fall under CRZ-IB, CRZ-II and CRZ-IVB. 

The Public Works Department shall be responsible for planning, tendering, construction supervision, quality control, and statutory compliance during the construction phase.
Upon completion of construction and commissioning of the bridge, the project shall be formally handed over to the Daman Municipal Corporation for operation, maintenance, and upkeep.",New,IA/DN/CRZ/571290/2026,2026-03-05T07:29:57.062+00:00,,Accepted and Referred to SCZMA,658.11,35915.0,EXECUTIVE ENGINEER  PUBLIC WORKS DEPARTMENT WD I DAMAN,,CRZ clearance form,CRZ,,,"Construction of Signature Bridge Connecting Jampore Sea Front Road Near Light House to Devka Sea Front Road at. Parkota Sheri at. Nani Daman, at. Jampore, Daman",THE DADRA AND NAGAR HAVELI AND DAMAN AND DIU,Daman,MOTI DAMAN,,IA/DN/CRZ/571290/2026,,Linear,658.11,0.0,658.11,0.0,0.0,0.0,0.0,0.0,0,0,0,Not applicable as the project or activity is site specific,,NO,NO,NO,2026-03-05T11:53:41.466+00:00,,,,,,,,,,,,Daman,,https://parivesh.nic.in/dms/okm/downloadDocument?docTypemappingId=40829&refId=1220827564&refType=caf&uuid=f67b1782-1718-4481-970f-4309750a85fd&version=1.1,802638,https://parivesh.nic.in/newupgrade/#/report/ec?proposalId=1220831318,81000.0,1825.0
1221093743,"It is proposed to take up the road with conversion of existing 2 Lane Road (9.50 mt) to 3 Lane Road (13.50 mt), with standard crust design of road along with precast storm water drain of 1.0m x 1.0m size either side with cycle track on one side and walkway at other side, electric decorative poles along the road.",New,FP/DN/ROAD/571566/2026,2026-03-07T08:00:53.681+00:00,,DELISTED_BY_SYSTEM,8.4,494.25,EXECUTIVE ENGINEER  PUBLIC WORKS DEPARTMENT WD I DAMAN,,Forest clearance form,,,,Widening & Strengthening of road from Tin Batti to Devka Beach upto Hotel Princess Park at Nani Daman (Ch. 0+000 to Ch. 4+200).,THE DADRA AND NAGAR HAVELI AND DAMAN AND DIU,Daman,MARWAD,,,Sr. No. 2/1 & Sr. No. 1-A,Non - Linear,8.3466,0.0534,8.4,0.0,0.0,0.0,0.0,0.0,0,0,0,Not applicable as the project or activity is site specific,,NO,NO,NO,2026-03-07T09:18:54.099+00:00,,,Non-forest Land,true,"Office of the Executive Engineer, PWD WD - I , Fort Area , Moti Daman.",Moti Daman,38,Central Government (Department/Autonomous body),ExecutiveEngineer,Moti Daman,38,Daman,Sr. No. 2/1 & Sr. No. 1-A,https://parivesh.nic.in/dms/okm/downloadDocument?docTypemappingId=40829&refId=1221092098&refType=caf&uuid=5c270df9-1e80-479e-8fb3-00400f3a446b&version=1.0;https://parivesh.nic.in/dms/okm/downloadDocument?docTypemappingId=58989&refId=1221092098&refType=FC&uuid=ad509355-24dc-4c5d-a9be-920ba3969e26&version=1.0,524926,https://parivesh.nic.in/newupgrade/#/report/ec?proposalId=1221093743,50.0,50.0
1223140749,Proposed Expansion Project for Construction of Industrial shed/building by M/s. Vedanta Limited. The total built up area is 35587.03 sq m.,Expansion,SIA/DN/INFRA2/574351/2026,2026-04-01T13:11:13.139+00:00,2026-07-21T09:06:13.059+00:00,EC Granted,5.3707,4254.89,VEDANTA LIMITED,Precitech Laboratories Private Limited (formerly known as Precitech Laboratories),Environment clearance form,TOR,B2,Building / Construction,Proposed Expansion Project for Construction of Industrial Shed/building by M/s. Vedanta Limited,THE DADRA AND NAGAR HAVELI AND DAMAN AND DIU,Dadra & Nagar Haveli,CHINCHPADA,,CF/UTEAC/DNH-DD/2025/45,Survey No. 16/1,Non - Linear,5.3707,0.0,5.3707,0.0,0.0,0.0,2771.94,1482.95,0,0,0,NO,Not applicable as the project is site specific,NO,NO,NO,2026-04-11T06:54:16.691+00:00,,,,,,,,,,,,Dadra & Nagar Haveli,Survey No. 16/1,https://parivesh.nic.in/dms/okm/downloadDocument?docTypemappingId=40829&refId=1222236250&refType=caf&uuid=482beb12-bbc2-4440-bf81-6de455286bc4&version=1.0,524953,https://parivesh.nic.in/newupgrade/#/report/ec?proposalId=1223140749,200.0,193190.0
1224617010,Black Trap,New,SIA/DN/MIN/576059/2026,2026-04-17T09:34:26.389+00:00,,ADS Raised,2.0,98.0,MANROOP SINGH,,Environment clearance form,TOR,B2,Mining of minerals,Shri Shyam Infrsolutions Pvt. Ltd.,THE DADRA AND NAGAR HAVELI AND DAMAN AND DIU,Dadra & Nagar Haveli,KHADOLI,,CF/UTEAC/DNH-DD/2025/48,,Linear,2.0,0.0,2.0,0.0,0.0,0.0,0.0,0.0,0,0,0,Not applicable as the project or activity is site specific,,NO,NO,NO,2026-04-18T05:46:20.420+00:00,,,,,,,,,,,,Dadra & Nagar Haveli,,https://parivesh.nic.in/dms/okm/downloadDocument?docTypemappingId=40829&refId=1224611864&refType=caf&uuid=4305cd18-6035-4071-8874-4aa9a6ca02b0&version=1.0,524958,https://parivesh.nic.in/newupgrade/#/report/ec?proposalId=1224617010,0.0,1806.0
1224735873,Black Trap,New,SIA/DN/MIN/576198/2026,2026-04-18T07:50:46.148+00:00,,ADS Raised,2.0,96.0,GOPAL LAL CHECHANI,,Environment clearance form,TOR,B2,Mining of minerals,M/s. Himalaya Infra,THE DADRA AND NAGAR HAVELI AND DAMAN AND DIU,Dadra & Nagar Haveli,KHADOLI,,CF/UTEAC/DNH-DD/2025/47,,Linear,2.0,0.0,2.0,0.0,0.0,0.0,0.0,0.0,0,0,0,Not applicable as the project or activity is site specific,,NO,NO,NO,2026-04-18T08:45:34.452+00:00,,,,,,,,,,,,Dadra & Nagar Haveli,,https://parivesh.nic.in/dms/okm/downloadDocument?docTypemappingId=40829&refId=1224726928&refType=caf&uuid=0ade4adc-10ed-4f38-91cd-063a5febf71a&version=1.0,524958,https://parivesh.nic.in/newupgrade/#/report/ec?proposalId=1224735873,0.0,1806.0
1225705752,Proposed residential cum commercial construction project Jas Luxuria proposed by Shree Ashvinsinh M Paramr having 560 flats and 303 shop,New,SIA/DN/INFRA2/577151/2026,2026-04-27T12:21:00.963+00:00,,ADS Raised,4.956,11598.0,Ashwinsinh Mohansinh Parmar,,Environment clearance form,TOR,B2,Building / Construction,Proposed residential cum commercial construction project Jas Luxuria proposed by Shree Ashvinsinh M Paramr,THE DADRA AND NAGAR HAVELI AND DAMAN AND DIU,Dadra & Nagar Haveli,SILVASSA,,CF/UTEAC/DNH-DD/2025/43,,Non - Linear,4.956,0.0,4.956,0.0,0.0,0.0,0.0,0.0,0,0,0,NO,Not Applicable,NO,NO,NO,2026-04-27T13:19:58.612+00:00,,,,,,,,,,,,Dadra & Nagar Haveli,,https://parivesh.nic.in/dms/okm/downloadDocument?docTypemappingId=40829&refId=1225693580&refType=caf&uuid=ad3a9d79-e562-4287-8652-3ec0382ce536&version=1.0,802639,https://parivesh.nic.in/newupgrade/#/report/ec?proposalId=1225705752,6950.0,2820.0
1226087011,Construction of Village Road in Silli Kuwapada of Kilvani Panchayat.,New,FP/DN/ROAD/577568/2026,2026-04-30T15:47:13.441+00:00,,DELISTED_BY_SYSTEM,0.608,243.0,EXECUTIVE ENGINEER PWD III IRRIGATION DISTRICT PANCHAYAT DADRA AND NAGAR HAVELI,,Forest clearance form,,,,Diversion of Reserved Forest Land for Construction of Village Road in Silli Kuwapada of Kilvani Panchayat.,THE DADRA AND NAGAR HAVELI AND DAMAN AND DIU,Dadra & Nagar Haveli,Sili,,,,Non - Linear,0.0,0.608,0.608,0.0,0.0,0.0,0.0,0.0,0,0,0,Not applicable as the project or activity is site specific,,NO,NO,NO,2026-05-02T05:27:41.065+00:00,,,Degraded Forest Land,true,"Office of The Executive Engineer, PWD-III (IRRIGATION),
Near Government Housing Complex, Silvassa","",38,Central Government (Department/Autonomous body),Executive Engineer,,38,Dadra & Nagar Haveli,,https://parivesh.nic.in/dms/okm/downloadDocument?docTypemappingId=40829&refId=1226086476&refType=caf&uuid=48f5c609-0dff-487a-ac76-6479fd07dddf&version=1.0;https://parivesh.nic.in/dms/okm/downloadDocument?docTypemappingId=58989&refId=1226086476&refType=FC&uuid=351b0800-6e1f-453f-970a-cf42a22c1432&version=1.0,524935,https://parivesh.nic.in/newupgrade/#/report/ec?proposalId=1226087011,340.0,60.0
1229472129,Expansion of the existing factory-built-up area for additional industrial warehouse and godown,Expansion,SIA/DN/INFRA2/580371/2026,2026-05-27T10:28:24.103+00:00,,ADS Raised,2.9573,22678.44,ram ratna wires limited,,Environment clearance form,TOR,B2,Building / Construction,Ram Ratna Wires Limited,THE DADRA AND NAGAR HAVELI AND DAMAN AND DIU,Dadra & Nagar Haveli,SAILI,,CF/UTEAC/DNH-DD/2025/49,,Linear,2.9573,0.0,2.9573,0.0,0.0,0.0,18678.44,4000.0,0,0,0,Not applicable as the project or activity is site specific,,NO,NO,NO,2026-05-30T09:40:02.679+00:00,,,,,,,,,,,,Dadra & Nagar Haveli,,https://parivesh.nic.in/dms/okm/downloadDocument?docTypemappingId=40829&refId=1229448641&refType=caf&uuid=6fe8f849-460b-4c48-831e-0bde60e94c8b&version=1.6,524949,https://parivesh.nic.in/newupgrade/#/report/ec?proposalId=1229472129,3230.0,60155.0
1233786167,Proposed residential building construction project proposed by Shree Shaileshkumar H Tandel having 392 flats,New,SIA/DN/INFRA2/583804/2026,2026-06-30T11:58:00.944+00:00,,Proposal returned in present form,0.64,4370.0,Tandel Shaileshkumar H,,Environment clearance form,TOR,B2,Building / Construction,Proposed residential building construction project proposed by Shree Shaileshkumar H Tandel,THE DADRA AND NAGAR HAVELI AND DAMAN AND DIU,Daman,RINGANWADA,,CF/UTEAC/DNH-DD/2025/51,,Non - Linear,0.64,0.0,0.64,0.0,0.0,0.0,0.0,0.0,0,0,0,NO,Not Applicable,NO,NO,NO,2026-06-30T12:31:55.018+00:00,,,,,,,,,,,,Daman,,https://parivesh.nic.in/dms/okm/downloadDocument?docTypemappingId=40829&refId=1233778789&refType=caf&uuid=41a72f4f-f509-469a-8d76-10cfb539af65&version=1.0,524914,https://parivesh.nic.in/newupgrade/#/report/ec?proposalId=1233786167,6950.0,2820.0
1234856452,"The project consist of various Adventure Activities like Free fall, Adrenaline ride, climbing & rappelling wall, Adrenaline Ride for Specially abled kids families & kids play area , seating area, water body, recreational area, multi tower, cable operated kite, catwalk, boarding, toilet block, cafeteria, ticket counter, compound wall etc",New,FP/DN/OTHERS/584907/2026,2026-07-10T07:05:55.129+00:00,,DELISTED_BY_SYSTEM,3.5236,200.0,EXECUTIVE ENGINEER  PUBLIC WORKS DEPARTMENT WD I DAMAN,,Forest clearance form,,,,"DESIGN CONSTRUCTION OPERATION AND Maintenance of Sports Activities Adventure Park at Jumprime, Moti Daman",THE DADRA AND NAGAR HAVELI AND DAMAN AND DIU,Daman,MOTI DAMAN,,,,Non - Linear,0.0,3.5236,3.5236,0.0,0.0,0.0,0.0,0.0,0,0,0,NO,NON AVAILABILITY OF LAND,NO,NO,NO,2026-07-10T07:41:43.270+00:00,,,,false,"Office of the Executive Engineer, PWD WD - I , Fort Area , Moti Daman.",Daman,38,Central Government (Department/Autonomous body),ExecutiveEngineer,Moti Daman,38,Daman,,https://parivesh.nic.in/dms/okm/downloadDocument?docTypemappingId=40829&refId=1234851937&refType=caf&uuid=701c2b9c-2049-4b25-aec6-ac6a5a0ccdde&version=1.0;https://parivesh.nic.in/dms/okm/downloadDocument?docTypemappingId=58989&refId=1234851937&refType=FC&uuid=13785b5a-4504-4252-ae46-962ca13148eb&version=1.0,802638,https://parivesh.nic.in/newupgrade/#/report/ec?proposalId=1234856452,920.0,3655.0
1235193309,Amended Bharat Net/BSNL Linear UG OFC laying Project in DNH Block,New,FP/DN/REDIV/585347/2026,2026-07-14T06:37:50.111+00:00,,DELISTED_BY_SYSTEM,3.98,71.64,Bharat Sanchar nigam limited,,Form-E: Re-Diversion i) Land Use Change ii) Laying of Overhead/ Under Ground OFC/ drinking water pipeline/ slurry pipeline/ electric cable/ CNG/PNG within RoW,,,,Amended Bharat Net/BSNL Linear UG OFC laying Project in DNH Block,THE DADRA AND NAGAR HAVELI AND DAMAN AND DIU,Umbergaon,Borigam,,,,Linear,0.0,3.98,3.98,0.0,0.0,0.0,0.0,0.0,0,0,0,Not applicable as the project or activity is site specific,,NO,NO,NO,2026-07-14T07:03:54.863+00:00,,,,,9B Saket Nagar,,23,"Central PSU (eg. NHAI, AAI, NTP, CIL, SAIL)",Manager,,38,Valsad,,https://parivesh.nic.in/dms/okm/downloadDocument?docTypemappingId=40829&refId=1235187686&refType=caf&uuid=9d9be42b-78b9-4b6e-bf19-b11c3038fbaa&version=1.0,523655,https://parivesh.nic.in/newupgrade/#/report/ec?proposalId=1235193309,690.0,734.0
1235318191,Proposed Expansion Project for Construction of Industrial Shed/ Building by Gulf Oil Lubricants India Limited. The Total Built Up area of the project is  27719.79 sq. m.,Expansion,SIA/DN/INFRA2/585472/2026,2026-07-15T07:49:45.014+00:00,,Referred to SEIAA,4.0579,17732.85,GULF OIL LUBRICANTS INDIA LIMITED,Precitech Laboratories Private Limited (formerly known as Precitech Laboratories),Environment clearance form,TOR,B2,Building / Construction,Gulf Oil Lubricants India Limited,THE DADRA AND NAGAR HAVELI AND DAMAN AND DIU,Dadra & Nagar Haveli,MASAT,,CF/UTEAC/DNH-DD/2025/50,183,Non - Linear,4.0579,0.0,4.0579,0.0,0.0,0.0,14146.11,3586.74,0,0,0,Not applicable as the project or activity is site specific,,NO,NO,NO,2026-07-15T13:34:59.767+00:00,,,,,,,,,,,,Dadra & Nagar Haveli,183,https://parivesh.nic.in/dms/okm/downloadDocument?docTypemappingId=40829&refId=1235307634&refType=caf&uuid=c9ff68ac-a88a-4f24-9190-18c6a8c415c4&version=1.0,525000,https://parivesh.nic.in/newupgrade/#/report/ec?proposalId=1235318191,9000.0,292000.0
1235564180,Proposed residential cum commercial construction project Skylet Vista proposed by Swaraj Reality having 494 flats and 18 commercial units,New,SIA/DN/INFRA2/585797/2026,2026-07-17T10:43:30.806+00:00,,ADS Raised,2.0963,8428.0,Swaraj Reality,,Environment clearance form,TOR,B2,Building / Construction,Proposed residential cum commercial construction project Skylet Vista proposed by Swaraj Reality,THE DADRA AND NAGAR HAVELI AND DAMAN AND DIU,Dadra & Nagar Haveli,ATHAL,,CF/UTEAC/DNH-DD/2025/52,,Non - Linear,2.0963,0.0,2.0963,0.0,0.0,0.0,0.0,0.0,0,0,0,NO,Not Applicable,NO,NO,NO,2026-07-18T12:14:10.461+00:00,,,,,,,,,,,,Dadra & Nagar Haveli,,https://parivesh.nic.in/dms/okm/downloadDocument?docTypemappingId=40829&refId=1235563328&refType=caf&uuid=e5534fcc-fd70-45c9-bae3-f5248dfdd11e&version=1.0,524946,https://parivesh.nic.in/newupgrade/#/report/ec?proposalId=1235564180,6950.0,2820.0
1236576114,Proposed Expansion Project for Construction of Industrial Shed/ Building (Total Built-up Area: 28444.40 m2),Expansion,SIA/DN/INFRA2/586912/2026,2026-07-27T12:20:20.599+00:00,,Proposal returned in present form,1.456,19046.0,M/S. BHILOSA INDUSTRIES PVT. LTD.,Precitech Laboratories Private Limited (formerly known as Precitech Laboratories),Environment clearance form,TOR,B2,Building / Construction,M/s. Bhilosa Industries Private Limited,THE DADRA AND NAGAR HAVELI AND DAMAN AND DIU,Dadra & Nagar Haveli,RAKHOLI,,CF/UTEAC/DNH-DD/2025/53,85,Non - Linear,1.456,0.0,1.456,0.0,0.0,0.0,17350.0,1696.0,0,0,0,Not applicable as the project or activity is site specific,,NO,NO,NO,2026-07-28T06:16:40.820+00:00,,,,,,,,,,,,Dadra & Nagar Haveli,85,https://parivesh.nic.in/dms/okm/downloadDocument?docTypemappingId=40829&refId=1236571191&refType=caf&uuid=53c5c46f-67dc-4b90-8c4a-d5461ff0270b&version=1.0,525001,https://parivesh.nic.in/newupgrade/#/report/ec?proposalId=1236576114,9000.0,0.0
1237529885,"The Project Consist of various Adventure Activities like Free fall, Adernaline Ride, Climebing & Rappelling wall, Adernaline ride for specially abled kids, families and kids play area, road, Entrance Gate,  Seating area, Water Body, Recreational area Ecreational wall Multi Tower, cable oprated kite, catwalk, Boarding, Toilet Block, Cafeteria, Ticket Counter Compound wall etc Procurement  and Installation.",New,FP/DN/OTHERS/587934/2026,2026-08-05T07:37:12.658+00:00,,Pending at DFO for Scrutiny and Recommendation,3.5236,200.0,EXECUTIVE ENGINEER  PUBLIC WORKS DEPARTMENT WD I DAMAN,,Forest clearance form,,,,"Procurement Material and Installation of Sports Activity at Adventure Park at Jumprime, Moti Daman",THE DADRA AND NAGAR HAVELI AND DAMAN AND DIU,Daman,MOTI DAMAN,,,,Hybrid,0.0,3.5236,3.5236,0.0,0.0,0.0,0.0,0.0,0,0,0,NO,non availability of suitable land for the development of the project,NO,NO,NO,2026-09-28T18:30:00.000+00:00,,,Degraded Forest Land,true,"Office of the Executive Engineer, PWD WD - I , Fort Area , Moti Daman.",,38,Central Government (Department/Autonomous body),ExecutiveEngineer,,38,Daman,,https://parivesh.nic.in/dms/okm/downloadDocument?docTypemappingId=40829&refId=1237521768&refType=caf&uuid=a3503e72-16d6-41c0-a471-97a738c2fe54&version=1.0;https://parivesh.nic.in/dms/okm/downloadDocument?docTypemappingId=58989&refId=1237521768&refType=FC&uuid=9d14d32b-9eea-4ff4-a6d7-6692a8445962&version=1.0,802638,https://parivesh.nic.in/newupgrade/#/report/ec?proposalId=1237529885,920.0,3655.0
1238256411,Amended Bharat Net/BSNL Linear UG OFC laying Project in DNH BLOCK,New,FP/DN/TELE_TRANS/588868/2026,2026-08-12T13:41:34.535+00:00,,Pending at State Secretary for Recommendation after PSC-II,14.4735,73.1574,MAHESH NAIR,,Forest clearance form,,,,Amended Bharat Net/BSNL Linear UG OFC laying Project in DNH BLOCK,THE DADRA AND NAGAR HAVELI AND DAMAN AND DIU,Kaprada,NA,,,,Linear,2.861,11.6125,14.4735,0.0,0.0,0.0,0.0,0.0,0,0,0,YES,,NO,NO,NO,2026-09-22T18:30:00.000+00:00,,https://parivesh.nic.in/dms/okm/downloadDocument?docTypemappingId=59020&refId=1238256410&refType=fc&uuid=6f9636b3-5e61-4a73-adf6-0a881346682c&version=1.0,Degraded Forest Land,true,"General Manager Telecom, BSNL Bhavan, Thiruvalla",DADRA AND NAGAR HAVELI,38,"Central PSU (eg. NHAI, AAI, NTP, CIL, SAIL)",AGM  BSS TLA,"",38,Valsad,,https://parivesh.nic.in/dms/okm/downloadDocument?docTypemappingId=40829&refId=1238214197&refType=caf&uuid=bcb0fcf3-9a10-4203-a43f-b91820baeca7&version=1.0;https://parivesh.nic.in/dms/okm/downloadDocument?docTypemappingId=40828&refId=1238214197&refType=caf&uuid=21865034-783b-4ae8-b7f6-c7738488e7fc&version=1.0;https://parivesh.nic.in/dms/okm/downloadDocument?docTypemappingId=58989&refId=1238214197&refType=FC&uuid=cf1d4b18-f03a-478b-9010-1f19cb9b6508&version=1.0,"",https://parivesh.nic.in/newupgrade/#/report/ec?proposalId=1238256411,560.0,440.0
1238312844,Amended Bharat Net/BSNL Linear UG OFC laying Project in DNH BLOCK,New,WL/DN/OFC/588927/2026,2026-08-13T08:02:41.370+00:00,,,0.3063,5.5143,MAHESH NAIR,,Wildlife clearance form,,,,Amended Bharat Net/BSNL Linear UG OFC laying Project in DNH BLOCK,THE DADRA AND NAGAR HAVELI AND DAMAN AND DIU,Dadra & Nagar Haveli,KHUNTLI,,,,Linear,0.0,0.3063,0.3063,0.0,0.0,0.0,0.0,0.0,0,0,0,Not applicable as the project or activity is site specific,,NO,NO,NO,2026-08-13T09:09:55.520+00:00,,,,,,,,,,,,Dadra & Nagar Haveli,,https://parivesh.nic.in/dms/okm/downloadDocument?docTypemappingId=40829&refId=1238311100&refType=caf&uuid=712bb978-e26f-4e22-aa26-3196e9707811&version=1.0,524981,https://parivesh.nic.in/newupgrade/#/report/ec?proposalId=1238312844,520.0,184.0
1239087844,"Existing unit is involved in manufacturing pharmaceutical formulations at the S. No. PCC/DDD/O-1090/WA/AA/PR/03-04/1741269/with due consent from the PCC Authority.
Unit is intending to expand its existing factory built-up area with addition of new built -up area of 11691.77sq.m. 
The proposed expansion of the existing factory built-up area will result in an ultimate total built-up area of 57232.40 sq.m., comprising 45,540.63 sq.m. of existing built-up area (consented area) and  11691.77 sq.m. of proposed additional built-up area, which includes PARA Expansion (G+1) of 1280.39 sq.m., ASRS (Automated Storage and Retrieval System) Warehouse (G+3) of 10011.15 sq.m., and Pump Room of 400.23 sq.m. 
The total plot area of the unit is 1,00,400 sq.m. No additional land area acquisition is proposed in the project.",New,SIA/DN/INFRA2/589915/2026,2026-08-22T09:17:03.108+00:00,,Under Verification,10.04,168.19,Bhavesh Indravadan Trivedi,Ramans Enviro Services Pvt. Ltd.,Environment clearance form,TOR,B2,Building / Construction,Expansion of the Existing Factory Building by IPCA Laboratories Limited.,THE DADRA AND NAGAR HAVELI AND DAMAN AND DIU,Dadra & Nagar Haveli,ATHAL,,CF/UTEAC/DNH-DD/2026/58,,Hybrid,10.04,0.0,10.04,0.0,0.0,0.0,0.0,0.0,0,0,0,Not applicable as the project or activity is site specific,,NO,NO,NO,2026-08-26T12:57:58.786+00:00,,,,,,,,,,,,Dadra & Nagar Haveli,,https://parivesh.nic.in/dms/okm/downloadDocument?docTypemappingId=40829&refId=1238591053&refType=caf&uuid=faa37bf0-6639-4e69-ad47-fe04f9d496ef&version=1.0,524946,https://parivesh.nic.in/newupgrade/#/report/ec?proposalId=1239087844,37485.0,10710.0
1239440739,"“VISTARA” is designed by M/s. Mundra Housing Projects LLP in line with concept of Residential cum Commercial building with Club House project. The project is Located at Survey No. 225/1P1, 227/2P/68/1/2, Village Silvassa, Opp. Ring Road, Ultan Faliya, Dadra and Nagar Haveli and Daman & Diu - 396 230.
The conceptual plan is submitted as part of application for our “Residential cum Commercial building with Club house” which is covered under scheduled category of EIA notification -2006 as Item – 8(a) Building and construction projects, categories – B2 of Schedule I of the said notification as time to time amended.
The proposed project comprises a residential building with 428 flats, including 1 BHK and 2 BHK units, along with amenities such as a clubhouse having an area of 133.06 sq. m. The net plot area of the project is 11,676.00 sq. m.",New,SIA/DN/INFRA2/590348/2026,2026-08-26T12:43:25.491+00:00,,ADS Raised,12150.0,9400.0,MUNDRA HOUSING PROJECTS LLP,Unistar Environment & Research Labs Pvt. Ltd.,Environment clearance form,TOR,B2,Building / Construction,The new proposed  Building and Construction Projects of  Residential cum Commercial Building with Club House,THE DADRA AND NAGAR HAVELI AND DAMAN AND DIU,Dadra & Nagar Haveli,SILVASSA,,CF/UTEAC/DNH-DD/2026/55,"Survey No. 225/1P1, 227/2P/68/1/2,  Opp. Ring Road, Ultan Faliya, Village – Silvassa - 396 230,  Dist.: U.T. of DNH & DD.",Hybrid,12150.0,0.0,12150.0,0.0,0.0,0.0,0.0,0.0,0,0,0,NO,NA,NO,NO,NO,2026-08-27T12:41:11.800+00:00,,,,,,,,,,,,Dadra & Nagar Haveli,"Survey No. 225/1P1, 227/2P/68/1/2,  Opp. Ring Road, Ultan Faliya, Village – Silvassa - 396 230,  Dist.: U.T. of DNH & DD.",https://parivesh.nic.in/dms/okm/downloadDocument?docTypemappingId=40829&refId=1239408001&refType=caf&uuid=4d810a7f-9c9b-4121-8443-751f3430dcea&version=1.0,802639,https://parivesh.nic.in/newupgrade/#/report/ec?proposalId=1239440739,100.0,3018.0
1239632314,We are proposing Residential cum commercial units with total plot area 4000.00 m2 and total built up area 25937.95 m2.,New,SIA/DN/INFRA2/590555/2026,2026-08-29T07:07:30.470+00:00,,ADS Raised,0.4,35.43,Mahendrasinh Thakorsinh Rathod,Envicraft Environmental Services,Environment clearance form,TOR,B2,Building / Construction,Cape Town Heights,THE DADRA AND NAGAR HAVELI AND DAMAN AND DIU,Dadra & Nagar Haveli,SILVASSA,,SIA/DN/INFRA2/590555/2026,,Linear,0.4,0.0,0.4,0.0,0.0,0.0,0.0,0.0,0,0,0,NO,Not applicable as the project or activity is site specific,NO,NO,NO,2026-08-29T12:19:06.740+00:00,,,,,,,,,,,,Dadra & Nagar Haveli,,https://parivesh.nic.in/dms/okm/downloadDocument?docTypemappingId=40829&refId=1239628236&refType=caf&uuid=5843f067-1008-4601-af81-e05cea168596&version=1.0,802639,https://parivesh.nic.in/newupgrade/#/report/ec?proposalId=1239632314,150.0,0.0
1240005385,"Application for change of name of the Project Proponent from M/s. Dodhia Synthetics Ltd. to M/s. Dodhia Industries Ltd. in the existing Environmental Clearance (EC) granted vide EC Letter No. J-11011/146/2016-IA-II (I) dated 28.01.2019, for the unit located at Survey No. 337 (Old Survey Nos. 196, 206, 207/1 & 208/1-2), Industrial Zone, Village Velugam, Silvassa, Dadra and Nagar Haveli (UT).",Expansion,IA/DN/IND2/591000/2026,2026-09-02T12:13:24.241+00:00,,EDS Raised,3.622,244.97,dodhia industries limited,,Application for Transfer of EC- Form-7,OTHER,B1,,M/s. Dodhia Synthetics Ltd.,THE DADRA AND NAGAR HAVELI AND DAMAN AND DIU,Dadra & Nagar Haveli,VELUGAM,J-11011/146/2016-IA II (I),,Survey No. 337,Hybrid,3.622,0.0,3.622,0.0,0.0,0.0,244.97,0.0,0,0,0,NO,-,NO,NO,NO,2026-09-09T08:58:53.096+00:00,,,,,"Survey No. 337, Village: Velugam, Silvassa - 396230. UT of D&NH.",Velugam,38,Private Limited,Director,Velugam,38,Dadra & Nagar Haveli,Survey No. 337,https://parivesh.nic.in/dms/okm/downloadDocument?docTypemappingId=40829&refId=1239960900&refType=caf&uuid=7cffe3ec-46e8-490f-bf48-24e7fe52715b&version=1.0,524961,https://parivesh.nic.in/newupgrade/#/report/ec?proposalId=1240005385,200.0,0.0
1240418432,"We are proposing residential units with a total plot area of 6,400.00 m² and a total built-up area of 35,271.15 m².",New,SIA/DN/INFRA2/591500/2026,2026-09-08T06:22:27.200+00:00,,Under Verification,0.64,43.7,Shree Daan Infra,Envicraft Environmental Services,Environment clearance form,TOR,B2,Building / Construction,Shree Daan Infra,THE DADRA AND NAGAR HAVELI AND DAMAN AND DIU,Daman,RINGANWADA,,CF/UTEAC/DNH-DD/2026/54,,Linear,0.64,0.0,0.64,0.0,0.0,0.0,0.0,0.0,0,0,0,Not applicable as the project or activity is site specific,,NO,NO,NO,2026-09-10T06:46:52.238+00:00,,,,,,,,,,,,Daman,,https://parivesh.nic.in/dms/okm/downloadDocument?docTypemappingId=40829&refId=1240414528&refType=caf&uuid=3de496c1-0a76-412c-a6aa-48f31a503082&version=1.0,524914,https://parivesh.nic.in/newupgrade/#/report/ec?proposalId=1240418432,150.0,0.0
1240974415,"Proposed Expansion Project for Building Construction 
(Total Built-up Area: 31981.77 m2)",Expansion,SIA/DN/INFRA2/592177/2026,2026-09-15T07:18:11.166+00:00,,Proposal Accepted and Referred to SEAC,0.81,4770.0,WISDOM REALTY,Precitech Laboratories Private Limited (formerly known as Precitech Laboratories),Environment clearance form,TOR,B2,Building / Construction,Rajeshree Heights by Wisdom Realty,THE DADRA AND NAGAR HAVELI AND DAMAN AND DIU,Dadra & Nagar Haveli,SILVASSA,,CF/UTEAC/DNH-DD/2026/59,95/1,Non - Linear,0.81,0.0,0.81,0.0,0.0,0.0,130000000.0,347000000.0,0,0,0,Not applicable as the project or activity is site specific,,NO,NO,NO,2026-09-21T11:18:48.594+00:00,,,,,,,,,,,,Dadra & Nagar Haveli,95/1,https://parivesh.nic.in/dms/okm/downloadDocument?docTypemappingId=40829&refId=1240962027&refType=caf&uuid=f0083cfe-bfb0-440e-a5e3-07dc50b505f7&version=1.0,802639,https://parivesh.nic.in/newupgrade/#/report/ec?proposalId=1240974415,25550.0,365.0
1241068704,"Total Built-up area of the project is 33147.17 Sq. m. which have existing 31471.17 Sq. m. and proposed 1676.00 Sq. m., and the total plot area of the project is 21234.87 Sq. m.",New,SIA/DN/INFRA2/592315/2026,2026-09-16T07:47:24.945+00:00,,Under Verification,2.1234,3000.0,GULNAR PLASTICS PRIVATE LIMITED,,Environment clearance form,TOR,B2,Building / Construction,The New  Industrial Building Construction Projects of Gulnar Plastics Private Limited,THE DADRA AND NAGAR HAVELI AND DAMAN AND DIU,Dadra & Nagar Haveli,SILVASSA,,CF/UTEAC/DNH-DD/2026/57,Survey No. 1592 & 1601,Hybrid,2.1234,0.0,2.1234,0.0,0.0,0.0,0.0,0.0,0,0,0,Not applicable as the project or activity is site specific,,NO,NO,NO,2026-09-16T12:40:30.657+00:00,,,,,,,,,,,,Dadra & Nagar Haveli,Survey No. 1592 & 1601,https://parivesh.nic.in/dms/okm/downloadDocument?docTypemappingId=40829&refId=1241053595&refType=caf&uuid=ee8546b3-a59d-4192-b263-1e674e198c05&version=1.0,802639,https://parivesh.nic.in/newupgrade/#/report/ec?proposalId=1241068704,150.0,202940.0
1241414663,New Construction Residential project by Shri Chhatrasinh Mohansinh Chauhan,New,SIA/DN/INFRA2/592729/2026,2026-09-20T10:14:58.011+00:00,,Proposal Accepted and Referred to SEAC,6.0652,7410.0,CHHATRASINH MOHANSINH CHAUHAN,Precitech Laboratories Private Limited (formerly known as Precitech Laboratories),Environment clearance form,TOR,B2,Building / Construction,Shri Chhatrasinh Mohansinh Chauhan (Residential Project),THE DADRA AND NAGAR HAVELI AND DAMAN AND DIU,Dadra & Nagar Haveli,AMLI,,CF/UTEAC/DNH-DD/2026/60,129/2,Non - Linear,6.0652,0.0,6.0652,0.0,0.0,0.0,0.0,0.0,0,0,0,NO,Not applicable,NO,NO,NO,2026-09-21T11:18:47.837+00:00,,,,,,,,,,,,Dadra & Nagar Haveli,129/2,https://parivesh.nic.in/dms/okm/downloadDocument?docTypemappingId=40829&refId=1241413401&refType=caf&uuid=2ab14bb7-0b40-4b77-87fa-f58551073271&version=1.0,524934,https://parivesh.nic.in/newupgrade/#/report/ec?proposalId=1241414663,985.0,14600.0
1243426612,"M/s. Ronch Polymers Pvt. Ltd. is located at Survey No. 182, Panchal Udyog Nagar, Village Bhimpore, Nani Daman, Daman, having a total plot area of 22,650 sq. m.
Approximately 12,000 sq. m. of the plot has been leased to M/s. Zobele India Pvt. Ltd., while the remaining 10,650 sq. m. is retained by M/s. Ronch Polymers Pvt. Ltd.
Both units are engaged in manufacturing activities that independently do not attract Environmental Clearance (EC).
The existing total built-up area within Survey No. 182 is 17,655.78 sq. m., which is below the EC applicability threshold of 20,000 sq. m.
The project now proposes an additional built-up area of 16,753.22 sq. m. as part of the proposed expansion.
After expansion, the built-up area of M/s. Ronch Polymers Pvt. Ltd. will be 17,194.35 sq. m.
The built-up area of M/s. Zobele India Pvt. Ltd. will be 17,214.65 sq. m.
Accordingly, the total built-up area within Survey No. 182 will increase to 34,409.00 sq. m.
Therefore, the proposed development requires EC.",New,SIA/DN/INFRA2/593451/2026,2026-09-26T09:09:57.633+00:00,,Under Verification,2.265,4713.0,ronch polymers private limited,"Jyoti Om Chemical Research Centre Pvt Ltd, Bharuch",Environment clearance form,TOR,B2,Building / Construction,M/s RONCH POLYMERS PRIVATE LIMITED,THE DADRA AND NAGAR HAVELI AND DAMAN AND DIU,Daman,BHIMPORE,,,,Hybrid,2.265,0.0,2.265,0.0,0.0,0.0,0.0,0.0,0,0,0,Not applicable as the project or activity is site specific,,NO,NO,NO,2026-09-30T12:01:41.601+00:00,,,,,,,,,,,,Daman,,https://parivesh.nic.in/dms/okm/downloadDocument?docTypemappingId=40829&refId=1243424626&refType=caf&uuid=2c0db5b6-ae73-4c34-aa9c-55b8ec9eeef8&version=1.0,524928,https://parivesh.nic.in/newupgrade/#/report/ec?proposalId=1243426612,3080.0,36800.0
1243869682,"Proposed Expansion (Existing built-up area was less than 20,000 sq. m. and does not attract EC under the EIA Notification and amendment thereof) of Residential Cum Commercial Buildings Construction Project “Advait Skyline” at Survey No. 2643 (Old Survey No. 685), Village.: Naroli, Ta: Naroli Patelad, Dist.: Dadra and Nagar Haveli, Silvassa – 396235, Union Territory of Dadra and Nagar Haveli and Daman and Diu, India by M/s. Dhanasvi Infra.",New,SIA/DN/INFRA2/594045/2026,2026-10-01T14:52:58.984+00:00,,Under Verification,1.1801,6560.0,DHANASVI INFRA,ECOgreen ENVIRO SERVICES,Environment clearance form,TOR,B2,Building / Construction,"Proposed Expansion of Residential Cum Commercial Buildings Construction Project “Advait Skyline” at Survey No. 2643 (Old Survey No. 685), Village.: Naroli, Ta: Naroli Patelad, Dist.: Dadra and Nagar Haveli, Silvassa – 396235, Union Territory of Dadra and Nagar Haveli and Daman and Diu, India by M/s. Dhanasvi Infra.",THE DADRA AND NAGAR HAVELI AND DAMAN AND DIU,Dadra & Nagar Haveli,NAROLI,,,,Linear,1.1801,0.0,1.1801,0.24,0.0,0.24,416500000.0,239500000.0,0,0,0,Not applicable as the project or activity is site specific,,NO,NO,NO,2026-10-07T07:37:02.031+00:00,,,,,,,,,,,,Dadra & Nagar Haveli,,https://parivesh.nic.in/dms/okm/downloadDocument?docTypemappingId=40829&refId=1243856244&refType=caf&uuid=0eaef071-1e3a-495a-b120-02702b3e4f95&version=1.0,524998,https://parivesh.nic.in/newupgrade/#/report/ec?proposalId=1243869682,60.0,62096.0
