ID,Project Description,Proposal Type,Proposal Number,Application Date,Grant Date,Last Visible Status,Project Land Requirement (Hectares),Total Cost (Lakhs),Organization Name,EC Consultant,Description,Category,Project Category (Code),Project Category,Project Name,State,Sub District,Village,MoEFCC File,State File,Plot Nos,Shape of Project,Existing Non-Forest Land,Existing Forest Land,Existing Total Land,Additional Non-Forest Land,Additional Forest Land,Additional Total Land,Existing Cost,Expansion Cost,Villages Affected,Project Displaced Families,Project Affected Families,Alternative Site Examined,Alternative Site Description,Government Restriction,Litigation Pending,Violation Involved,Last Submission Date,Compensatory Afforestation Type,Is Applicable Compensatory Afforestation,Organization Street,Organization City,Organization State,Organization Legal Status,Applicant Designation,Applicant City,Applicant State,Forest Clearance Present Owners,District,Plot Number,KML URLs,Village Code,proposal_url,Employment (Construction),Employment (Operational)
945137,The Site of the Project Highway comprises the Kargil to Zanskar section from km 0+000 to km 234+000 of National Highway-301 in the UT of Ladakh. The proposed length is 230.022 Km which starts at Km0.000 and ends at Km 230.022.,New,FP/LA/ROAD/401595/2022,2022-09-28T05:10:40.002+00:00,2024-11-04T13:30:26.883+00:00,Final Diversion Order Issued,36.0895,1.143,NATIONAL HIGHWAYS & INFRASTRUCTURE DEVELOPMENT CORPORATION LIMITED,,Forest clearance form,,,,Diversion of forest land for Widening/UP- gradation to 2 lane/Intermediate lane of NH-301 (Kargil-Zanskar Road) in the UT of Ladakh.,LADAKH,Zanskar,Abran,,,,Linear,35.1755,0.914,36.0895,0.0,0.0,0.0,0.0,0.0,0,0,0,Not applicable as the project or activity is site specific,,NO,NO,NO,2022-11-13T18:30:00.000+00:00,Non-forest Land,true,"3rd Floor, PTI Building, 4- Parliyament Street",,7,"Central PSU (eg. NHAI, AAI, NTP, CIL, SAIL)",General Manager (P),,37,,Kargil,,https://parivesh.nic.in/dms/okm/downloadDocument?docTypemappingId=40829&refId=944440&refType=caf&uuid=256b3b6b-fe4b-4fc9-96d6-aec36813fc44&version=1.0;https://parivesh.nic.in/dms/okm/downloadDocument?docTypemappingId=58989&refId=944440&refType=FC&uuid=6eef6f42-b4ec-4262-a9ac-3cfdc2bea381&version=1.1,001065,https://parivesh.nic.in/newupgrade/#/report/ec?proposalId=945137,12514.0,18406.0
2387675,KARZOK TO NURBU SUMDO IS A NHSL ROAD OF TOTAL KM OF 38.765KMS,New,WL/LA/ROAD/413476/2023,2023-01-06T08:53:18.245+00:00,,,28.87,16454.13,BORDER ROADS ORGANISATION/PROJET HIMANK/753BRTF,,Wildlife clearance form,,,,Karzok-Nurbo-Sumdo,LADAKH,Leh,Karzok,,,,Linear,0.0,28.87,28.87,0.0,0.0,0.0,0.0,0.0,0,0,0,NO,not required,NO,NO,NO,2023-02-22T05:19:26.042+00:00,,,,,,,,,,,Leh,,https://parivesh.nic.in/dms/okm/downloadDocument?docTypemappingId=40829&refId=2329283&refType=caf&uuid=9cc074bc-21bf-45da-8dc7-aea60178ce8e&version=1.6,000899,https://parivesh.nic.in/newupgrade/#/report/ec?proposalId=2387675,17682.0,15230.0
2459348,The road Leh Chalunka passes over Ladakh range connecting the Indus valley with shayok valley this is the only means of motorized means of road communication over the Ladakh range essential for the movement of operation and administrative vehicle for the armed forces and also for the civil population.,New,WL/LA/DEF/413973/2023,2023-01-10T10:05:09.213+00:00,,,4.55,9055.0,Ministry of Defense,,Wildlife clearance form,,,,Upgradation of Leh Chalunka Road km 85 to km 95,LADAKH,Nubra,Khalsar,,,,Linear,0.0,4.55,4.55,0.0,0.0,0.0,0.0,0.0,0,0,0,NO,-,NO,NO,NO,2023-02-04T09:04:29.370+00:00,,,,,,,,,,,Leh,,https://parivesh.nic.in/dms/okm/downloadDocument?docTypemappingId=40829&refId=2170888&refType=caf&uuid=45fde299-7b8c-48c8-9480-b143fd8a88b8&version=1.0;https://parivesh.nic.in/dms/okm/downloadDocument?docTypemappingId=59109&refId=2459347&refType=caf&uuid=e905c5ba-d186-4b4e-8665-ee2846e621f6&version=1.14,000934,https://parivesh.nic.in/newupgrade/#/report/ec?proposalId=2459348,146020.0,14620.0
2913045,KARZOK TO NURBU SUMDO IS A NHSL ROAD OF TOTAL KM OF 38.765KMS,New,WL/LA/INFRA/417251/2023,2023-02-06T11:48:23.867+00:00,,,28.87,16454.13,BORDER ROADS ORGANISATION/PROJET HIMANK/753BRTF,,Wildlife clearance form,,,,Karzok-Nurbo-Sumdo,LADAKH,Leh,Karzok,,,,Linear,0.0,28.87,28.87,0.0,0.0,0.0,0.0,0.0,0,0,0,NO,not required,NO,NO,NO,2023-02-07T07:45:44.952+00:00,,,,,,,,,,,Leh,,https://parivesh.nic.in/dms/okm/downloadDocument?docTypemappingId=40829&refId=2329283&refType=caf&uuid=9cc074bc-21bf-45da-8dc7-aea60178ce8e&version=1.6;https://parivesh.nic.in/dms/okm/downloadDocument?docTypemappingId=59109&refId=2913044&refType=caf&uuid=b185f26d-6d4a-4d6d-889a-4d3b95abd78d&version=1.4,000899,https://parivesh.nic.in/newupgrade/#/report/ec?proposalId=2913045,17682.0,15230.0
3031129,Universal Service Obligation Fund (USOF) under Department of Telecom (DOT) is implementing the '354 Uncovered Villages Scheme' for uncovered areas of J&K and Ladakh. This project is being implemented by Reliance Jio Infocomm Ltd to bring into fold distant areas under mobile communication including areas falling under jurisdiction of wildlife department in UT of Ladakh. This proposal is submitted for those towers who find their location tagged in Ladakh Wildlife zones.,New,WL/LA/CommPost/418050/2023,2023-02-13T07:27:37.854+00:00,,,0.0334,100.0,RELIANCE JIO INFOCOMM KASHMIR CIRCLE,,Wildlife clearance form,,,,USOF '354 Uncovered Villages Scheme'  for Priority and Border Areas in JK and Ladakh,LADAKH,Nubra,Chamshan Charasa,,,,Non - Linear,0.0334,0.0,0.0334,0.0,0.0,0.0,0.0,0.0,0,0,0,Not applicable as the project or activity is site specific,,NO,NO,NO,2023-02-14T11:23:01.348+00:00,,,,,,,,,,,Leh,,https://parivesh.nic.in/dms/okm/downloadDocument?docTypemappingId=40829&refId=2962862&refType=caf&uuid=6692ac2d-4176-4924-99b4-c8f747f530ef&version=1.1;https://parivesh.nic.in/dms/okm/downloadDocument?docTypemappingId=59109&refId=3031128&refType=caf&uuid=d79700b9-3196-4a7b-ba0d-fe56e2f91006&version=1.2,000930,https://parivesh.nic.in/newupgrade/#/report/ec?proposalId=3031129,188.0,734.0
3086381,220kV Underground Cable between Minamarg and Zojila top sections of Alusteng Drass 220kV S/C transmission Line under transmission System Strengthening of Srinagar Leh Transmission System.,New,FP/LA/TRANS/418464/2023,2023-02-15T10:38:45.965+00:00,,DELISTED_BY_SYSTEM,0.9413,14472.56,POWER GRID CORPORATION OF INDIA LTD,,Forest clearance form,,,,220 kV U/G Cable between Minamarg-Zojila of 220 kV S/c Alusteng-Drass Line,LADAKH,Kangan,0,,,,Linear,0.0,0.9413,0.9413,0.0,0.0,0.0,0.0,0.0,0,0,0,NO,All Surrounding Area  is inaccessible as it is highly mountaneous.,NO,NO,NO,2023-03-02T05:32:45.796+00:00,,false,POWERGRID SECTOR 29 GURGAON,,6,"Central PSU (eg. NHAI, AAI, NTP, CIL, SAIL)",Sr DGM SLTS,,6,,Ganderbal,,https://parivesh.nic.in/dms/okm/downloadDocument?docTypemappingId=40829&refId=3076407&refType=caf&uuid=95aefb51-d36b-4d8a-8ecb-ff2e01466279&version=1.1;https://parivesh.nic.in/dms/okm/downloadDocument?docTypemappingId=58989&refId=3076407&refType=FC&uuid=24c77cab-e89a-45b4-b6cc-256cf7c56f6b&version=1.5,"",https://parivesh.nic.in/newupgrade/#/report/ec?proposalId=3086381,4250.0,2522.0
3112732,"Erection of Mobile Communications Tower under USOF grant regarding '354 Uncovered Villages Scheme' for Priority and Border Areas in  Ladakh at Khemi, Leh.",New,WL/LA/CommPost/418627/2023,2023-02-16T09:51:29.395+00:00,,,0.0334,100.0,RELIANCE JIO INFOCOMM KASHMIR CIRCLE,,Wildlife clearance form,,,,USOF '354 Uncovered Villages Scheme' for Priority and Border Areas in JK and Ladakh,LADAKH,Nubra,Khemi,,,,Non - Linear,0.0334,0.0,0.0334,0.0,0.0,0.0,0.0,0.0,0,0,0,Not applicable as the project or activity is site specific,,NO,NO,NO,2023-02-16T12:02:42.586+00:00,,,,,,,,,,,Leh,,https://parivesh.nic.in/dms/okm/downloadDocument?docTypemappingId=40829&refId=3102619&refType=caf&uuid=e90f6bef-4894-44fa-9ea5-40163db0f643&version=1.0;https://parivesh.nic.in/dms/okm/downloadDocument?docTypemappingId=59109&refId=3112730&refType=caf&uuid=af08cd30-e18a-4f11-8601-1c1f161064d8&version=1.0,000917,https://parivesh.nic.in/newupgrade/#/report/ec?proposalId=3112732,74.0,366.0
3132704,The road Leh Chalunka passes over Ladakh range connecting the Indus valley with shayok valley this is the only means of motorized means of road communication over the Ladakh range essential for the movement of operation and administrative vehicle for the armed forces and also for the civil population.,New,WL/LA/DEF/418768/2023,2023-02-17T06:57:15.660+00:00,,,4.135,5695.0,Ministry of Defense,,Wildlife clearance form,,,,"UPGRADATION OF ROAD LEH-CHALUNKA BETWEEN KM 108.00 TO KM 118.00 FROM CL-9 TO NHDL SPECIFICATION UNDER 54 RCC/16 BRTF PROJECT VIJAYAK IN LEH, LADAKH (UT)",LADAKH,Nubra,Diskit,,,,Linear,0.0,4.135,4.135,0.0,0.0,0.0,0.0,0.0,0,0,0,NO,-,NO,NO,NO,2023-02-17T12:12:06.650+00:00,,,,,,,,,,,Leh,,https://parivesh.nic.in/dms/okm/downloadDocument?docTypemappingId=40829&refId=3075088&refType=caf&uuid=9721e194-6cb3-4ebc-b68e-60627fb22d14&version=1.0;https://parivesh.nic.in/dms/okm/downloadDocument?docTypemappingId=59109&refId=3132703&refType=caf&uuid=88eb1b63-5194-4810-9933-b89ac2569e62&version=1.12,000929,https://parivesh.nic.in/newupgrade/#/report/ec?proposalId=3132704,146020.0,14620.0
4354790,Installation of ATM at lukung maan pangong,New,WL/LA/Others/424456/2023,2023-04-01T10:44:15.339+00:00,,,0.0075,10.0,THE JAMMU AND KASHMIR    BANK LIMITED,,Wildlife clearance form,,,,Installation of ATM,LADAKH,"",NA,,,,Non - Linear,0.0,0.0075,0.0075,0.0,0.0,0.0,0.0,0.0,0,0,0,Not applicable as the project or activity is site specific,,NO,NO,NO,2023-04-08T08:06:39.675+00:00,,,,,,,,,,,Leh,,https://parivesh.nic.in/dms/okm/downloadDocument?docTypemappingId=40829&refId=4270930&refType=caf&uuid=6e5fa38a-eae6-4e61-82bd-e620df5dae1e&version=1.0,0,https://parivesh.nic.in/newupgrade/#/report/ec?proposalId=4354790,12.0,366.0
4378818,Installation of ATM at lukung maan pangong,New,WL/LA/Others/424604/2023,2023-04-03T07:04:31.132+00:00,,,0.0075,10.0,THE JAMMU AND KASHMIR    BANK LIMITED,,Wildlife clearance form,,,,Installation of ATM,LADAKH,"",NA,,,,Non - Linear,0.0,0.0075,0.0075,0.0,0.0,0.0,0.0,0.0,0,0,0,Not applicable as the project or activity is site specific,,NO,NO,NO,2023-04-10T19:43:21.745+00:00,,,,,,,,,,,Leh,,https://parivesh.nic.in/dms/okm/downloadDocument?docTypemappingId=40829&refId=4270930&refType=caf&uuid=6e5fa38a-eae6-4e61-82bd-e620df5dae1e&version=1.0;https://parivesh.nic.in/dms/okm/downloadDocument?docTypemappingId=59109&refId=4378817&refType=caf&uuid=f1d2fd73-d1a6-4a3f-86b4-db1bd7ef2a7f&version=1.1,0,https://parivesh.nic.in/newupgrade/#/report/ec?proposalId=4378818,12.0,366.0
4622823,"Minor Mineral Block Nallah Boulder Muck an area of 1.25 ha; targeted Production capacity- 11,636 TPA (ROM), Minor Mineral Block Nallah Boulder Muck at Village- Upper Khubathang, District – Kargil, Ladakh (U.T)",New,SIA/LA/MIN/426083/2023,2023-04-14T07:01:52.891+00:00,,Proposal pulled back (withdrawn),1.25,12.49,MOHAMMAD HAIDARY,Cognizance Research India Pvt. Ltd.,Environment clearance form,TOR,B2,Mining of minerals,"Minor Mineral Block Nallah Boulder Muck an area of 1.25 ha; targeted Production capacity- 11,636 TPA (ROM), Minor Mineral Block Nallah Boulder Muck at Village- Upper Khubathang, District – Kargil, Ladakh (U.T)",LADAKH,Sanku,Chosker Suru,,,,Non - Linear,0.0,1.25,1.25,0.0,0.0,0.0,0.0,0.0,0,0,0,NO,NA,NO,NO,NO,2023-07-31T11:33:54.854+00:00,,,,,,,,,,,Kargil,,https://parivesh.nic.in/dms/okm/downloadDocument?docTypemappingId=40829&refId=4622553&refType=caf&uuid=f5e18ee0-89e8-4830-873e-65cdc78ebc6f&version=1.0,001056,https://parivesh.nic.in/newupgrade/#/report/ec?proposalId=4622823,0.0,6400.0
4841220,"The project MRL01 - Tsokstok to Tsaking via lamdon school Diskit is sanctioned under PMGSY III. Entire stretch of this road passes through wildlife sanctuary area. this road takes off from main road at Tsokstot  to Tsaking diskit. This road also connects the industrial area as well as to degree college. Moreover, the road is expected to provide significant benefits to the local community, including improved access to healthcare, education, and markets. it is also expected to boost economic development in the area by facilitating the movement of goods and services.",Expansion,WL/LA/ROAD/427143/2023,2023-04-25T08:05:59.586+00:00,,,1.026,554.21,SUPERINTENDING ENGINEER PMGSY CIRCLE LADAKH,,Wildlife clearance form,,,,MRL01 - Tsokstot to Tsaking Via Lamdon School Disket,LADAKH,Nubra,Diskit,,,,Linear,1.026,0.0,1.026,0.0,0.0,0.0,554.21,0.0,0,0,0,Not applicable as the project or activity is site specific,,NO,NO,NO,2023-12-30T06:47:33.952+00:00,,,,,,,,,,,Leh,,https://parivesh.nic.in/dms/okm/downloadDocument?docTypemappingId=40829&refId=4748478&refType=caf&uuid=7a973ffd-ab40-4b05-8cf4-1dc9a2b6a4a4&version=1.0,000929,https://parivesh.nic.in/newupgrade/#/report/ec?proposalId=4841220,21930.0,12795.0
4914110,Construction of proposed 4G Mobile Tower at village Burma Skargyam,New,WL/LA/CommPost/427430/2023,2023-04-27T13:56:24.209+00:00,,,0.02,231.545,BHARAT SANCHAR NIGAM LIMITED,,Wildlife clearance form,,,,4G Saturation Project Chungo dob dob,LADAKH,Leh,NA,,,,Non - Linear,0.0,0.02,0.02,0.0,0.0,0.0,0.0,0.0,0,0,0,Not applicable as the project or activity is site specific,,NO,NO,NO,2023-05-09T11:33:01.510+00:00,,,,,,,,,,,Leh,,https://parivesh.nic.in/dms/okm/downloadDocument?docTypemappingId=40829&refId=4912298&refType=caf&uuid=e89ef124-01d6-447e-8ac2-0b00617b2dd2&version=1.0,"",https://parivesh.nic.in/newupgrade/#/report/ec?proposalId=4914110,365.0,365.0
4916665,Construction of Proposed 4G Mobile Tower at Village Chibra Kargyam,New,WL/LA/CommPost/427437/2023,2023-04-27T18:33:45.651+00:00,,,0.02,231.545,MAHESH NAIR,,Wildlife clearance form,,,,4G Saturation Project Chibra,LADAKH,Leh,NA,,,,Non - Linear,0.0,0.02,0.02,0.0,0.0,0.0,0.0,0.0,0,0,0,Not applicable as the project or activity is site specific,,NO,NO,NO,2023-04-28T08:10:45.697+00:00,,,,,,,,,,,Leh,,https://parivesh.nic.in/dms/okm/downloadDocument?docTypemappingId=40829&refId=4916605&refType=caf&uuid=22f0b63a-e472-419a-8508-c2be45ad2ce4&version=1.0,"",https://parivesh.nic.in/newupgrade/#/report/ec?proposalId=4916665,365.0,365.0
4997286,Construction and Upgradation of road Lukung-Chartse from existing road to NHSL specification from Km 0.00 to Km 37.398 under 51 RCC/50BRTF/ Project Himank in Leh-Ladakh (UT).,New,WL/LA/DEF/427716/2023,2023-05-01T10:08:16.614+00:00,,,27.86,1.5847579,51 RCC,,Wildlife clearance form,,,,Construction and upgradation of road Lukung-Chartse,LADAKH,"",NA,,,,Linear,27.86,0.0,27.86,0.0,0.0,0.0,0.0,0.0,0,0,0,Not applicable as the project or activity is site specific,,NO,NO,NO,2023-05-06T08:15:41.415+00:00,,,,,,,,,,,Leh,,https://parivesh.nic.in/dms/okm/downloadDocument?docTypemappingId=40829&refId=4955958&refType=caf&uuid=5261f6b1-3c73-4efd-b9dc-4575cb01167d&version=1.3,0,https://parivesh.nic.in/newupgrade/#/report/ec?proposalId=4997286,82175.0,82175.0
5007141,"Construction of proposed 4G Mobile Tower of Chilam village   BTS ID UVJKLEH00017, Address Zomta Top",New,WL/LA/CommPost/427749/2023,2023-05-01T18:27:37.503+00:00,,,0.02,231.545,BHARAT SANCHAR NIGAM LIMITED,,Wildlife clearance form,,,,4G saturation Project Zomta Top,LADAKH,Leh,Shachokol,,,,Non - Linear,0.0,0.02,0.02,0.0,0.0,0.0,0.0,0.0,0,0,0,Not applicable as the project or activity is site specific,,NO,NO,NO,2023-05-02T07:14:33.729+00:00,,,,,,,,,,,Leh,,https://parivesh.nic.in/dms/okm/downloadDocument?docTypemappingId=40829&refId=5007030&refType=caf&uuid=a4caa443-cb7a-4ffd-94dd-a5418e9a4ac1&version=1.0,000875,https://parivesh.nic.in/newupgrade/#/report/ec?proposalId=5007141,365.0,365.0
5024157,Construction/Improvement of sub Sector Mahay-Nidder-Rhongo (Total length-60.54 Km) of road Mahay-Nidder-Rhongo to NHSL specification Under 93 RCC/753 BRTF (P) Himank in union Territory of Ladakh.,New,WL/LA/DEF/427804/2023,2023-05-02T10:34:53.033+00:00,,,45.1,25000.0,BORDER ROADS ORGANISATION/PROJET HIMANK/753BRTF,,Wildlife clearance form,,,,Construction of Mahay-Nidder-Rhongo Road from Km 0.000 to Km 60.54,LADAKH,Leh,Mood,,,,Linear,0.0,45.1,45.1,0.0,0.0,0.0,0.0,0.0,0,0,0,Not applicable as the project or activity is site specific,,NO,NO,NO,2023-05-04T11:59:54.956+00:00,,,,,,,,,,,Leh,,https://parivesh.nic.in/dms/okm/downloadDocument?docTypemappingId=40829&refId=4992442&refType=caf&uuid=d84664f2-7756-484a-81b8-9a1472d4e0e5&version=1.0,000902,https://parivesh.nic.in/newupgrade/#/report/ec?proposalId=5024157,116900.0,36580.0
5029057,"CONSTRUCTION OF PROPOSED 4G MOBILE TOWER  AT VILLAGE KARGYAM  VILLAGE ID-UVJKLEH00218 ADDRESS KHERA PULU GANG, DISTT. LEH, SUB DISTT. DURBUK",New,WL/LA/CommPost/427820/2023,2023-05-02T12:24:02.644+00:00,,,0.02,231.545,BHARAT SANCHAR NIGAM LIMITED,,Wildlife clearance form,,,,4G Saturation Project Khera Pulu Gang,LADAKH,Leh,NA,,,,Non - Linear,0.0,0.02,0.02,0.0,0.0,0.0,0.0,0.0,0,0,0,Not applicable as the project or activity is site specific,,NO,NO,NO,2023-05-08T11:14:33.116+00:00,,,,,,,,,,,Leh,,https://parivesh.nic.in/dms/okm/downloadDocument?docTypemappingId=40829&refId=5028798&refType=caf&uuid=2add85c0-984c-4cba-ac31-011aa7a67a0c&version=1.0,"",https://parivesh.nic.in/newupgrade/#/report/ec?proposalId=5029057,365.0,365.0
5030897,"CONSTRUCTION OF PROPOSED 4G MOBILE TOWER  AT VILLAGE PHILASALSAL DORBUK  VILLAGE ID-UVJKLEH00285 ADDRESS ARMY HILL, DISTT. LEH, SUB DISTT. DURBUK",New,WL/LA/CommPost/427828/2023,2023-05-02T13:26:41.266+00:00,,,0.02,231.545,BHARAT SANCHAR NIGAM LIMITED,,Wildlife clearance form,,,,4G Saturation Project Army Hill,LADAKH,Leh,NA,,,,Non - Linear,0.0,0.02,0.02,0.0,0.0,0.0,0.0,0.0,0,0,0,Not applicable as the project or activity is site specific,,NO,NO,NO,2023-05-08T11:21:50.016+00:00,,,,,,,,,,,Leh,,https://parivesh.nic.in/dms/okm/downloadDocument?docTypemappingId=40829&refId=5030759&refType=caf&uuid=3d0397d5-59d6-4ce4-a4b6-0626352f2d06&version=1.1,"",https://parivesh.nic.in/newupgrade/#/report/ec?proposalId=5030897,365.0,365.0
5118345,Construction /improvement of sub sector Chumathang-Chushul ( Total length 45.843 km ) of Road Chumathang-chushul to NHSL specification under 124 RCC /753 BRTF (P) Himank in union Terriotry of Ladakh,New,WL/LA/DEF/428207/2023,2023-05-05T10:21:47.391+00:00,,,34.15,19500.0,BORDER ROADS ORGANISATION/PROJET HIMANK/753BRTF,,Wildlife clearance form,,,,Construction of Chumathang-Chushul Road from 0.000 to 45.843 km,LADAKH,Leh,Chumathang,,,,Linear,0.0,34.15,34.15,0.0,0.0,0.0,0.0,0.0,0,0,0,Not applicable as the project or activity is site specific,,NO,NO,NO,2023-05-05T14:41:24.437+00:00,,,,,,,,,,,Leh,,https://parivesh.nic.in/dms/okm/downloadDocument?docTypemappingId=40829&refId=5091754&refType=caf&uuid=39d9be32-019f-4260-b7aa-a0ec0a05e5f3&version=1.0,000900,https://parivesh.nic.in/newupgrade/#/report/ec?proposalId=5118345,186150.0,154125.0
5149689,Construction/Improvement of Road Hanle-Zursar-ImisLa (Total Length-47.479Km)  from Existing to NHSL specification under 93RCC/753 BRTF (P) Himank in Union Territory  of Ladakh.,New,WL/LA/DEF/428360/2023,2023-05-06T10:32:24.141+00:00,,,35.37,18000.0,BORDER ROADS ORGANISATION/PROJET HIMANK/753BRTF,,Wildlife clearance form,,,,Construction Of Hanle-Zursar-Imis La From Km 0.00 To Km 47.479,LADAKH,Leh,Koyul,,,,Linear,0.0,35.37,35.37,0.0,0.0,0.0,0.0,0.0,0,0,0,Not applicable as the project or activity is site specific,,NO,NO,NO,2023-05-06T11:58:23.081+00:00,,,,,,,,,,,Leh,,https://parivesh.nic.in/dms/okm/downloadDocument?docTypemappingId=40829&refId=5088839&refType=caf&uuid=6b4cf76d-35f8-45d2-ae90-2ef175b1e6c6&version=1.1,000904,https://parivesh.nic.in/newupgrade/#/report/ec?proposalId=5149689,94550.0,6550.0
5196878,"CONSTRUCTION OF PROPOSED 4G MOBILE TOWER  AT VILLAGE PHILASALSAL DORBUK  VILLAGE ID-UVJKLEH00285 ADDRESS ARMY HILL, DISTT. LEH, SUB DISTT. DURBUK",New,WL/LA/CommPost/428551/2023,2023-05-08T11:37:56.949+00:00,,,0.02,231.545,BHARAT SANCHAR NIGAM LIMITED,,Wildlife clearance form,,,,4G Saturation Project Army Hill,LADAKH,Leh,NA,,,,Non - Linear,0.0,0.02,0.02,0.0,0.0,0.0,0.0,0.0,0,0,0,Not applicable as the project or activity is site specific,,NO,NO,NO,2023-05-08T12:01:36.847+00:00,,,,,,,,,,,Leh,,https://parivesh.nic.in/dms/okm/downloadDocument?docTypemappingId=40829&refId=5196466&refType=caf&uuid=89cec292-8230-4f99-add2-c218713fc198&version=1.0,"",https://parivesh.nic.in/newupgrade/#/report/ec?proposalId=5196878,365.0,365.0
5199948,"CONSTRUCTION OF PROPOSED 4G MOBILE TOWER  AT VILLAGE PHOBRANG  
VILLAGE ID-UVJKLEH00254 ADDRESS BALDAN GANG, DISTT. LEH, SUB DISTT. DURBUK",New,WL/LA/CommPost/428563/2023,2023-05-08T12:38:37.919+00:00,,,0.02,231.545,BHARAT SANCHAR NIGAM LIMITED,,Wildlife clearance form,,,,4G Saturation Project Baldan Gang,LADAKH,Leh,NA,,,,Non - Linear,0.0,0.02,0.02,0.0,0.0,0.0,0.0,0.0,0,0,0,Not applicable as the project or activity is site specific,,NO,NO,NO,2023-05-08T12:51:51.829+00:00,,,,,,,,,,,Leh,,https://parivesh.nic.in/dms/okm/downloadDocument?docTypemappingId=40829&refId=5199551&refType=caf&uuid=794f4cda-9166-4fb2-88c3-b34cff846830&version=1.1,0,https://parivesh.nic.in/newupgrade/#/report/ec?proposalId=5199948,365.0,365.0
5201198,"CONSTRUCTION OF PROPOSED 4G MOBILE TOWER  AT VILLAGE PHONGLAY HORONG  
VILLAGE ID-UVJKLEH00018 ADDRESS PHOLONG LAY, DISTT. LEH, SUB DISTT. DURBUK",New,WL/LA/CommPost/428571/2023,2023-05-08T13:13:25.645+00:00,,,0.02,231.545,BHARAT SANCHAR NIGAM LIMITED,,Wildlife clearance form,,,,4G Saturation Project Pholong Lay,LADAKH,Leh,Phey,,,,Non - Linear,0.0,0.02,0.02,0.0,0.0,0.0,0.0,0.0,0,0,0,Not applicable as the project or activity is site specific,,NO,NO,NO,2023-05-08T13:24:19.455+00:00,,,,,,,,,,,Leh,,https://parivesh.nic.in/dms/okm/downloadDocument?docTypemappingId=40829&refId=5200783&refType=caf&uuid=87ea7734-0f46-425a-abce-9d2558ac52dd&version=1.0,854,https://parivesh.nic.in/newupgrade/#/report/ec?proposalId=5201198,365.0,365.0
5202646,"CONSTRUCTION OF PROPOSED 4G MOBILE TOWER  AT VILLAGE PHULAKS (651529)  
VILLAGE ID-UVJKLEH00016 ADDRESS HORONG, DISTT. LEH, SUB DISTT. DURBUK",New,WL/LA/CommPost/428579/2023,2023-05-08T13:53:12.048+00:00,,,0.02,231.545,BHARAT SANCHAR NIGAM LIMITED,,Wildlife clearance form,,,,4G Saturation Project Horong,LADAKH,Leh,NA,,,,Non - Linear,0.0,0.02,0.02,0.0,0.0,0.0,0.0,0.0,0,0,0,Not applicable as the project or activity is site specific,,NO,NO,NO,2023-05-08T14:12:27.057+00:00,,,,,,,,,,,Leh,,https://parivesh.nic.in/dms/okm/downloadDocument?docTypemappingId=40829&refId=5202030&refType=caf&uuid=939933f6-6add-422d-abfb-3bbe3c836d7a&version=1.0,"",https://parivesh.nic.in/newupgrade/#/report/ec?proposalId=5202646,365.0,365.0
5206019,"CONSTRUCTION OF PROPOSED 4G MOBILE TOWER  AT VILLAGE REZANGLE WAR MEMORIAL  
VILLAGE ID-UVJKLEH00395 ADDRESS REZANGLE WAR MEMORIAL, DISTT. LEH, SUB DISTT. DURBUK",New,WL/LA/CommPost/428605/2023,2023-05-09T03:40:13.748+00:00,,,0.02,231.545,BHARAT SANCHAR NIGAM LIMITED,,Wildlife clearance form,,,,4G Saturation Project Rezangle War Memorial,LADAKH,Leh,NA,,,,Non - Linear,0.0,0.02,0.02,0.0,0.0,0.0,0.0,0.0,0,0,0,Not applicable as the project or activity is site specific,,NO,NO,NO,2023-05-09T03:50:17.584+00:00,,,,,,,,,,,Leh,,https://parivesh.nic.in/dms/okm/downloadDocument?docTypemappingId=40829&refId=5205974&refType=caf&uuid=edd7e9df-a8ad-4dcd-ab85-2c0390bf044b&version=1.0,0,https://parivesh.nic.in/newupgrade/#/report/ec?proposalId=5206019,365.0,365.0
5206445,"CONSTRUCTION OF PROPOSED 4G MOBILE TOWER  AT VILLAGE ROHIT OP ITBP  
VILLAGE ID-UVJKLEH00360 ADDRESS ROHIT POST, DISTT. LEH, SUB DISTT. DURBUK",New,WL/LA/CommPost/428607/2023,2023-05-09T04:00:52.058+00:00,,,0.02,231.545,BHARAT SANCHAR NIGAM LIMITED,,Wildlife clearance form,,,,4G Saturation Project Rohit Post,LADAKH,Leh,Chushul,,,,Non - Linear,0.0,0.02,0.02,0.0,0.0,0.0,0.0,0.0,0,0,0,Not applicable as the project or activity is site specific,,NO,NO,NO,2023-05-09T04:14:44.662+00:00,,,,,,,,,,,Leh,,https://parivesh.nic.in/dms/okm/downloadDocument?docTypemappingId=40829&refId=5206320&refType=caf&uuid=144a914d-6323-4a54-8f4a-061decdc9135&version=1.0,000908,https://parivesh.nic.in/newupgrade/#/report/ec?proposalId=5206445,365.0,365.0
5207040,"CONSTRUCTION OF PROPOSED 4G MOBILE TOWER  AT VILLAGE YERATH  
VILLAGE ID-UVJKLEH00019 ADDRESS NEAR SOLAR POWER STATION, DISTT. LEH, SUB DISTT. DURBUK",New,WL/LA/CommPost/428611/2023,2023-05-09T04:37:52.574+00:00,,,0.02,231.545,BHARAT SANCHAR NIGAM LIMITED,,Wildlife clearance form,,,,4G Saturation Project Near Solar Power Station,LADAKH,Leh,NA,,,,Non - Linear,0.0,0.02,0.02,0.0,0.0,0.0,0.0,0.0,0,0,0,Not applicable as the project or activity is site specific,,NO,NO,NO,2023-05-09T05:39:20.573+00:00,,,,,,,,,,,Leh,,https://parivesh.nic.in/dms/okm/downloadDocument?docTypemappingId=40829&refId=5206972&refType=caf&uuid=01ea4e85-65e6-4b5a-9a84-60f9e7fda2f6&version=1.0,"",https://parivesh.nic.in/newupgrade/#/report/ec?proposalId=5207040,365.0,365.0
5209150,"CONSTRUCTION OF PROPOSED 4G MOBILE TOWER  AT VILLAGE YURGO PANGONG  
VILLAGE ID-UVJKLEH00273 ADDRESS ZAA RAGPA GANG, DISTT. LEH, SUB DISTT. DURBUK",New,WL/LA/CommPost/428623/2023,2023-05-09T05:49:29.889+00:00,,,0.02,231.545,BHARAT SANCHAR NIGAM LIMITED,,Wildlife clearance form,,,,4G Saturation Project Zaa Ragpa Gang,LADAKH,"",NA,,,,Non - Linear,0.0,0.02,0.02,0.0,0.0,0.0,0.0,0.0,0,0,0,Not applicable as the project or activity is site specific,,NO,NO,NO,2023-05-09T06:13:50.123+00:00,,,,,,,,,,,Leh,,https://parivesh.nic.in/dms/okm/downloadDocument?docTypemappingId=40829&refId=5209020&refType=caf&uuid=affc3b34-2371-4629-a656-f2f0ed4c5f21&version=1.0,"",https://parivesh.nic.in/newupgrade/#/report/ec?proposalId=5209150,365.0,365.0
5211229,"CONSTRUCTION OF PROPOSED 4G MOBILE TOWER  AT VILLAGE ANGKUNG  
VILLAGE ID-UVJKLEH00035 ADDRESS NEAR VILLAGE BRIDGE ANGKUNG, DISTT. LEH, SUB DISTT. NYOMA",New,WL/LA/CommPost/428631/2023,2023-05-09T06:27:29.810+00:00,,,0.02,231.545,BHARAT SANCHAR NIGAM LIMITED,,Wildlife clearance form,,,,4G Saturation Project Near Village Bridge Angkung,LADAKH,Leh,NA,,,,Non - Linear,0.0,0.02,0.02,0.0,0.0,0.0,0.0,0.0,0,0,0,Not applicable as the project or activity is site specific,,NO,NO,NO,2023-05-09T06:36:55.912+00:00,,,,,,,,,,,Leh,,https://parivesh.nic.in/dms/okm/downloadDocument?docTypemappingId=40829&refId=5211090&refType=caf&uuid=648ee153-9abb-4fa6-ba8c-501782cf8df5&version=1.0,0,https://parivesh.nic.in/newupgrade/#/report/ec?proposalId=5211229,365.0,365.0
5212113,"CONSTRUCTION OF PROPOSED 4G MOBILE TOWER  AT VILLAGE KORZOK YUL  
VILLAGE ID-UVJKLEH00299 ADDRESS NEAR GOMPA KORZOK, DISTT. LEH, SUB DISTT. NYOMA",New,WL/LA/CommPost/428641/2023,2023-05-09T06:46:54.933+00:00,,,0.02,231.545,BHARAT SANCHAR NIGAM LIMITED,,Wildlife clearance form,,,,4G Saturation Project Near Gompa Korzok,LADAKH,Leh,Karzok,,,,Non - Linear,0.0,0.02,0.02,0.0,0.0,0.0,0.0,0.0,0,0,0,Not applicable as the project or activity is site specific,,NO,NO,NO,2023-05-09T07:03:29.050+00:00,,,,,,,,,,,Leh,,https://parivesh.nic.in/dms/okm/downloadDocument?docTypemappingId=40829&refId=5211994&refType=caf&uuid=0c99ff49-6fec-4b07-8b5f-b0fab3fef80b&version=1.0,000899,https://parivesh.nic.in/newupgrade/#/report/ec?proposalId=5212113,365.0,365.0
5214748,"CONSTRUCTION OF PROPOSED 4G MOBILE TOWER  AT VILLAGE KOTSA  
VILLAGE ID-UVJKLEH00298 ADDRESS NEAR GOMPA GATE, DISTT. LEH, SUB DISTT. NYOMA",New,WL/LA/CommPost/428656/2023,2023-05-09T07:49:12.891+00:00,,,0.02,231.545,BHARAT SANCHAR NIGAM LIMITED,,Wildlife clearance form,,,,4G Saturation Project Near Gompa Gate,LADAKH,Leh,NA,,,,Non - Linear,0.0,0.02,0.02,0.0,0.0,0.0,0.0,0.0,0,0,0,Not applicable as the project or activity is site specific,,NO,NO,NO,2023-05-09T08:02:45.668+00:00,,,,,,,,,,,Leh,,https://parivesh.nic.in/dms/okm/downloadDocument?docTypemappingId=40829&refId=5214279&refType=caf&uuid=7abe2c53-a459-4210-8c5c-ac1b1bbcee66&version=1.1,"",https://parivesh.nic.in/newupgrade/#/report/ec?proposalId=5214748,365.0,365.0
5215856,"CONSTRUCTION OF PROPOSED 4G MOBILE TOWER  AT VILLAGE MUDH  
VILLAGE ID-UVJKLEH00297 ADDRESS MUDH, DISTT. LEH, SUB DISTT. NYOMA",New,WL/LA/CommPost/428661/2023,2023-05-09T08:20:46.255+00:00,,,0.02,231.545,BHARAT SANCHAR NIGAM LIMITED,,Wildlife clearance form,,,,4G Saturation Project Mudh,LADAKH,Leh,Mood,,,,Non - Linear,0.0,0.02,0.02,0.0,0.0,0.0,0.0,0.0,0,0,0,Not applicable as the project or activity is site specific,,NO,NO,NO,2023-05-09T08:28:08.544+00:00,,,,,,,,,,,Leh,,https://parivesh.nic.in/dms/okm/downloadDocument?docTypemappingId=40829&refId=5215773&refType=caf&uuid=07daef2e-0076-4fc7-a81f-484cd9db0900&version=1.0,000902,https://parivesh.nic.in/newupgrade/#/report/ec?proposalId=5215856,365.0,365.0
5216685,"CONSTRUCTION OF PROPOSED 4G MOBILE TOWER  AT VILLAGE NYOMA 
VILLAGE ID-UVJKLEH00199 ADDRESS BEHIND ZEO OFFICE, DISTT. LEH, SUB DISTT. NYOMA",New,WL/LA/CommPost/428672/2023,2023-05-09T08:44:10.206+00:00,,,0.02,231.454,BHARAT SANCHAR NIGAM LIMITED,,Wildlife clearance form,,,,4G Saturation Project Behind ZEO Office,LADAKH,Leh,Nyoma,,,,Non - Linear,0.0,0.02,0.02,0.0,0.0,0.0,0.0,0.0,0,0,0,Not applicable as the project or activity is site specific,,NO,NO,NO,2023-05-09T08:51:22.113+00:00,,,,,,,,,,,Leh,,https://parivesh.nic.in/dms/okm/downloadDocument?docTypemappingId=40829&refId=5216601&refType=caf&uuid=0af29d58-7d88-4cbe-9e60-c9432569d26f&version=1.0,000901,https://parivesh.nic.in/newupgrade/#/report/ec?proposalId=5216685,365.0,365.0
5220257,"CONSTRUCTION OF PROPOSED 4G MOBILE TOWER  AT VILLAGE SAMAD ROKCHAN 
VILLAGE ID-UVJKLEH00034 ADDRESS NEAR COMMUNITY HALL SAMAD ROCKCHAN, DISTT. LEH, SUB DISTT. NYOMA",New,WL/LA/CommPost/428693/2023,2023-05-09T10:08:48.223+00:00,,,0.02,231.545,BHARAT SANCHAR NIGAM LIMITED,,Wildlife clearance form,,,,4G Saturation Project Near Community Hall Samad Rockchan,LADAKH,Leh,Kerey,,,,Non - Linear,0.0,0.02,0.02,0.0,0.0,0.0,0.0,0.0,0,0,0,Not applicable as the project or activity is site specific,,NO,NO,NO,2023-05-09T10:20:42.395+00:00,,,,,,,,,,,Leh,,https://parivesh.nic.in/dms/okm/downloadDocument?docTypemappingId=40829&refId=5220026&refType=caf&uuid=c94a3d0d-3e45-4765-bdf9-78e8255dd9dd&version=1.0,000896,https://parivesh.nic.in/newupgrade/#/report/ec?proposalId=5220257,365.0,365.0
5221438,"CONSTRUCTION OF PROPOSED 4G MOBILE TOWER  AT VILLAGE SUNMDHO
VILLAGE ID-UVJKLEH00037 ADDRESS TR SUMDHO YOKMA SA NAKPOO, DISTT. LEH, SUB DISTT. NYOMA",New,WL/LA/CommPost/428701/2023,2023-05-09T10:29:43.182+00:00,,,0.02,231.545,BHARAT SANCHAR NIGAM LIMITED,,Wildlife clearance form,,,,4G Saturation project Tr Sumsho Yokma sa Nakpoo,LADAKH,Leh,NA,,,,Non - Linear,0.0,0.02,0.02,0.0,0.0,0.0,0.0,0.0,0,0,0,Not applicable as the project or activity is site specific,,NO,NO,NO,2023-05-09T10:39:38.716+00:00,,,,,,,,,,,Leh,,https://parivesh.nic.in/dms/okm/downloadDocument?docTypemappingId=40829&refId=5221281&refType=caf&uuid=aa782e18-9d59-4c24-be10-7beabe66b546&version=1.0,"",https://parivesh.nic.in/newupgrade/#/report/ec?proposalId=5221438,365.0,365.0
5223333,"CONSTRUCTION OF PROPOSED 4G MOBILE TOWER  AT VILLAGE SPANGMIK  
VILLAGE ID-UVJKLEH00520 ADDRESS KAWA GANG, DISTT. LEH, SUB DISTT. DURBUK",New,WL/LA/CommPost/428711/2023,2023-05-09T11:01:42.621+00:00,,,0.02,231.545,BHARAT SANCHAR NIGAM LIMITED,,Wildlife clearance form,,,,4G Saturation Project Kawa Gang,LADAKH,Leh,NA,,,,Non - Linear,0.0,0.02,0.02,0.0,0.0,0.0,0.0,0.0,0,0,0,Not applicable as the project or activity is site specific,,NO,NO,NO,2023-05-09T11:17:23.771+00:00,,,,,,,,,,,Leh,,https://parivesh.nic.in/dms/okm/downloadDocument?docTypemappingId=40829&refId=5223047&refType=caf&uuid=6763aaf6-2fdb-426a-a467-426b0ed8b01f&version=1.1,0,https://parivesh.nic.in/newupgrade/#/report/ec?proposalId=5223333,365.0,365.0
5284038,"CONSTRUCTION OF PROPOSED 4G MOBILE TOWER  AT VILLAGE CHOKDO  
VILLAGE ID-UVJKLEH00141 ADDRESS BEHIND KORFON HOUSE CHOKDO, DISTT. LEH, SUB DISTT. KHARU",New,WL/LA/CommPost/428999/2023,2023-05-11T17:52:55.088+00:00,,,0.02,231.545,BHARAT SANCHAR NIGAM LIMITED,,Wildlife clearance form,,,,4G Saturation Project Behind Korfon House Chokdo,LADAKH,Leh,Nang,,,,Non - Linear,0.0,0.02,0.02,0.0,0.0,0.0,0.0,0.0,0,0,0,Not applicable as the project or activity is site specific,,NO,NO,NO,2023-05-11T18:34:11.869+00:00,,,,,,,,,,,Leh,,https://parivesh.nic.in/dms/okm/downloadDocument?docTypemappingId=40829&refId=5283930&refType=caf&uuid=793f2671-83db-45a5-811f-79a365142f07&version=1.1,857,https://parivesh.nic.in/newupgrade/#/report/ec?proposalId=5284038,365.0,365.0
5305125,"CONSTRUCTION OF PROPOSED 4G MOBILE TOWER  AT VILLAGE SHANG  
VILLAGE ID-UVJKLEH00333 ADDRESS NEAR GOMPA SHANG, DISTT. LEH, SUB DISTT. KHARU",New,WL/LA/CommPost/429101/2023,2023-05-12T11:41:37.730+00:00,,,0.02,231.545,BHARAT SANCHAR NIGAM LIMITED,,Wildlife clearance form,,,,4G Saturation ProjectNear Gompa Shang,LADAKH,Leh,Shang,,,,Non - Linear,0.0,0.02,0.02,0.0,0.0,0.0,0.0,0.0,0,0,0,Not applicable as the project or activity is site specific,,NO,NO,NO,2023-05-12T11:56:31.894+00:00,,,,,,,,,,,Leh,,https://parivesh.nic.in/dms/okm/downloadDocument?docTypemappingId=40829&refId=5305001&refType=caf&uuid=54c2c531-437d-4b1d-8b23-5dc0174ebd2a&version=1.0,000891,https://parivesh.nic.in/newupgrade/#/report/ec?proposalId=5305125,365.0,365.0
5307552,"CONSTRUCTION OF PROPOSED 4G MOBILE TOWER  AT VILLAGE HANKER
VILLAGE ID-UVJKLEH00090 ADDRESS HANKAR YOKMA NEAR PRIMARY SCHOOL HANKAR , DISTT. LEH, SUB DISTT. LIKIR",New,WL/LA/CommPost/429114/2023,2023-05-12T12:47:12.506+00:00,,,0.02,231.545,BHARAT SANCHAR NIGAM LIMITED,,Wildlife clearance form,,,,4G Saturation Project Hankar Yokma Near Primary School Hankar,LADAKH,Leh,NA,,,,Non - Linear,0.0,0.02,0.02,0.0,0.0,0.0,0.0,0.0,0,0,0,Not applicable as the project or activity is site specific,,NO,NO,NO,2023-05-12T13:09:01.422+00:00,,,,,,,,,,,Leh,,https://parivesh.nic.in/dms/okm/downloadDocument?docTypemappingId=40829&refId=5307396&refType=caf&uuid=de2f51d1-d237-41d6-95a4-5a27a87fe210&version=1.0,"",https://parivesh.nic.in/newupgrade/#/report/ec?proposalId=5307552,365.0,365.0
5308777,"CONSTRUCTION OF PROPOSED 4G MOBILE TOWER  AT VILLAGE JINGCHAN
VILLAGE ID-UVJKLEH00031 ADDRESS NEAR OLD FOREST BUNGLOW ABOVE ROAD. JINCHAN VILLAGE, DISTT. LEH, SUB DISTT. LIKIR",New,WL/LA/CommPost/429119/2023,2023-05-12T13:28:44.306+00:00,,,0.02,231.545,BHARAT SANCHAR NIGAM LIMITED,,Wildlife clearance form,,,,4G Saturation Project Near Old Forest Bunglow Above Road,LADAKH,Leh,Phey,,,"",Non - Linear,0.0,0.02,0.02,0.0,0.0,0.0,0.0,0.0,0,0,0,Not applicable as the project or activity is site specific,,NO,NO,NO,2023-05-12T13:46:11.823+00:00,,,,,,,,,,,Leh,"",https://parivesh.nic.in/dms/okm/downloadDocument?docTypemappingId=40829&refId=5308730&refType=caf&uuid=d3e50dbd-1414-4cf4-b389-0557acc16306&version=1.0,000854,https://parivesh.nic.in/newupgrade/#/report/ec?proposalId=5308777,365.0,365.0
5310832,"CONSTRUCTION OF PROPOSED 4G MOBILE TOWER  AT VILLAGE KAYA
VILLAGE ID-UVJKLEH00115 ADDRESS LATO MARPO GANG KAYA CHALAK, DISTT. LEH, SUB DISTT. LIKIR",New,WL/LA/CommPost/429128/2023,2023-05-12T17:10:17.110+00:00,,,0.02,231.545,BHARAT SANCHAR NIGAM LIMITED,,Wildlife clearance form,,,,4G Saturation Project Lato Marpo Gang Kaya Chalak,LADAKH,Leh,NA,,,,Non - Linear,0.0,0.02,0.02,0.0,0.0,0.0,0.0,0.0,0,0,0,Not applicable as the project or activity is site specific,,NO,NO,NO,2023-05-12T17:39:07.048+00:00,,,,,,,,,,,Leh,,https://parivesh.nic.in/dms/okm/downloadDocument?docTypemappingId=40829&refId=5310788&refType=caf&uuid=3c05ea71-72d6-4fa7-90e5-4fb7231eea49&version=1.0,"",https://parivesh.nic.in/newupgrade/#/report/ec?proposalId=5310832,365.0,365.0
5311259,"CONSTRUCTION OF PROPOSED 4G MOBILE TOWER  AT VILLAGE MARKHA VILLAGE ID-UVJKLEH00091 ADDRESS PATSA DI LOONG THANG, NEAR TUNIK GOMGMA MARKHA, DISTT. LEH, SUB DISTT. LIKIR",New,WL/LA/CommPost/429130/2023,2023-05-12T17:56:13.659+00:00,,,0.2,231.545,BHARAT SANCHAR NIGAM LIMITED,,Wildlife clearance form,,,,4G Saturation Project Patsa Di Loong Thang Near Tunik Gomgma Markha,LADAKH,Leh,NA,,,,Non - Linear,0.0,0.2,0.2,0.0,0.0,0.0,0.0,0.0,0,0,0,Not applicable as the project or activity is site specific,,NO,NO,NO,2023-05-12T18:16:56.944+00:00,,,,,,,,,,,Leh,,https://parivesh.nic.in/dms/okm/downloadDocument?docTypemappingId=40829&refId=5311240&refType=caf&uuid=836f5e63-001e-4d7b-b6c1-7de28dd4723a&version=1.0,"",https://parivesh.nic.in/newupgrade/#/report/ec?proposalId=5311259,365.0,365.0
5311625,"CONSTRUCTION OF PROPOSED 4G MOBILE TOWER  AT VILLAGE RUMBAK
VILLAGE ID-UVJKLEH00030 ADDRESS NEAR PEE GUU RUMBAK VILLAGE, DISTT. LEH, SUB DISTT. LIKIR",New,WL/LA/CommPost/429132/2023,2023-05-12T18:38:06.500+00:00,,,0.02,231.545,BHARAT SANCHAR NIGAM LIMITED,,Wildlife clearance form,,,,4G Saturation Project Near Pee Guu Rumbak Village,LADAKH,Leh,Rumbak,,,,Non - Linear,0.0,0.02,0.02,0.0,0.0,0.0,0.0,0.0,0,0,0,Not applicable as the project or activity is site specific,,NO,NO,NO,2023-05-13T10:27:24.101+00:00,,,,,,,,,,,Leh,,https://parivesh.nic.in/dms/okm/downloadDocument?docTypemappingId=40829&refId=5311597&refType=caf&uuid=7dfa0db4-1f33-4bff-9095-2cedd16c25e4&version=1.0,861,https://parivesh.nic.in/newupgrade/#/report/ec?proposalId=5311625,365.0,365.0
5323401,"CONSTRUCTION OF PROPOSED 4G MOBILE TOWER  AT VILLAGE RUMCHUNG VILLAGE ID-UVJKLEH00029 ADDRESS ZURSUM CHENMAY PHARKA RUMCHUNG VILLAGE, DISTT. LEH, SUB DISTT. LIKIR",New,WL/LA/CommPost/429210/2023,2023-05-13T10:39:21.520+00:00,,,0.02,231.545,BHARAT SANCHAR NIGAM LIMITED,,Wildlife clearance form,,,,4G Saturation Project Zursum Chenmay Pharka Rumchung Village,LADAKH,Leh,NA,,,,Non - Linear,0.0,0.02,0.02,0.0,0.0,0.0,0.0,0.0,0,0,0,Not applicable as the project or activity is site specific,,NO,NO,NO,2023-05-13T10:46:55.004+00:00,,,,,,,,,,,Leh,,https://parivesh.nic.in/dms/okm/downloadDocument?docTypemappingId=40829&refId=5323257&refType=caf&uuid=ad68c7ca-458c-48c8-add1-74c9ec359a35&version=1.0,"",https://parivesh.nic.in/newupgrade/#/report/ec?proposalId=5323401,365.0,365.0
5324201,"CONSTRUCTION OF PROPOSED 4G MOBILE TOWER  AT VILLAGE SHINGO VILLAGE ID-UVJKLEH00326 ADDRESS KHANGKOR SHINGO, DISTT. LEH, SUB DISTT. LIKIR",New,WL/LA/CommPost/429212/2023,2023-05-13T11:00:50.667+00:00,,,0.2,231.545,BHARAT SANCHAR NIGAM LIMITED,,Wildlife clearance form,,,,4G Saturation Project Khangkor Shingo,LADAKH,Leh,NA,,,,Non - Linear,0.0,0.2,0.2,0.0,0.0,0.0,0.0,0.0,0,0,0,Not applicable as the project or activity is site specific,,NO,NO,NO,2023-05-13T11:11:59.829+00:00,,,,,,,,,,,Leh,,https://parivesh.nic.in/dms/okm/downloadDocument?docTypemappingId=40829&refId=5324124&refType=caf&uuid=722cbc7d-43ff-4804-95c1-fd661e990813&version=1.0,0,https://parivesh.nic.in/newupgrade/#/report/ec?proposalId=5324201,365.0,365.0
5328079,"CONSTRUCTION OF PROPOSED 4G MOBILE TOWER  AT VILLAGE MAN PANGONG  VILLAGE ID-UVJKLEH00225 ADDRESS BAO DUNG, DISTT. LEH, SUB DISTT. DURBUK",New,WL/LA/CommPost/429230/2023,2023-05-13T13:08:17.365+00:00,,,0.02,231.545,BHARAT SANCHAR NIGAM LIMITED,,Wildlife clearance form,,,,4G Saturation Project Bao Dung,LADAKH,Leh,NA,,,,Non - Linear,0.0,0.02,0.02,0.0,0.0,0.0,0.0,0.0,0,0,0,Not applicable as the project or activity is site specific,,NO,NO,NO,2023-05-13T13:46:53.215+00:00,,,,,,,,,,,Leh,,https://parivesh.nic.in/dms/okm/downloadDocument?docTypemappingId=40829&refId=5327982&refType=caf&uuid=0dc22bb2-9c6e-4063-bd93-f21d362e5f26&version=1.0,"",https://parivesh.nic.in/newupgrade/#/report/ec?proposalId=5328079,365.0,365.0
5328640,"CONSTRUCTION OF PROPOSED 4G MOBILE TOWER  AT VILLAGE BUK SHADAY ANLAY  
VILLAGE ID-UVJKLEH00288 ADDRESS NEAR GREEN HOUSE, DISTT. LEH, SUB DISTT. NYOMA",New,WL/LA/CommPost/429235/2023,2023-05-13T13:59:53.432+00:00,,,0.02,231.545,BHARAT SANCHAR NIGAM LIMITED,,Wildlife clearance form,,,,4G Saturation Project Near Green House,LADAKH,Leh,NA,,,,Non - Linear,0.0,0.02,0.02,0.0,0.0,0.0,0.0,0.0,0,0,0,Not applicable as the project or activity is site specific,,NO,NO,NO,2023-05-13T14:08:33.427+00:00,,,,,,,,,,,Leh,,https://parivesh.nic.in/dms/okm/downloadDocument?docTypemappingId=40829&refId=5328577&refType=caf&uuid=c458486c-4d55-4a00-9d57-a47b0f8cfdaa&version=1.1,"",https://parivesh.nic.in/newupgrade/#/report/ec?proposalId=5328640,365.0,365.0
5406101,CONSTRUCTION/IMPROVEMENT OF ROAD BELTITYU-ANELA TO NHSL SPECIFICATIONS FROM KM 0.000 TO KM 9.620 (NET LENGTH 9.620 KMS) UNDER 51RCC/50BRTF/PROJECT HIMANK IN UNION TERRITORY OF LADAKH.,New,WL/LA/DEF/429567/2023,2023-05-17T10:25:50.640+00:00,,,14.43,7289.56,51 RCC,,Wildlife clearance form,,,,DETAILED PROJECT REPORT FOR  CONSTRUCTION/IMPROVEMENT OF ROAD BELTITYU-ANELA TO NHSL SPECIFICATIONS FROM KM 0.000 TO KM 9.620 (NET LENGTH 9.620 KMS) UNDER 51RCC/50BRTF/PROJECT HIMANK IN UNION TERRITORY OF LADAKH.,LADAKH,Leh,0,,,,Linear,0.0,14.43,14.43,0.0,0.0,0.0,0.0,0.0,0,0,0,Not applicable as the project or activity is site specific,,NO,NO,NO,2023-05-18T06:28:51.289+00:00,,,,,,,,,,,Leh,,https://parivesh.nic.in/dms/okm/downloadDocument?docTypemappingId=40829&refId=1886083&refType=caf&uuid=bc2abc18-e1f7-4da4-bfae-18f1ff144f18&version=1.0,"",https://parivesh.nic.in/newupgrade/#/report/ec?proposalId=5406101,36515.0,36515.0
5428147,"National Large Solar telescope is a 2 m class large sized solar telescope project. Once, it is established near the Pangong Tso near Merak village in Leh, Ladakh, it will be the largest solar telescope in Asia. The 2-m class telescope can able to resolve 50 km sized magnetic features on the Sun. This will help the solar astronomers to understand the origin, evolution and submergence of the solar large scale magnetic fields. 

The support facility for the National Large Solar Telescope project need to be build about 1 km away from the main telescope land. There, the optics laboratory, mechanical and electronic laboratory is planned to be built. One astronomy museum will be made and it will be open for the public.  For this purpose, the Indian Institute of Astrophysics requires 5 Acres of land near the village to establish support facilities.",New,WL/LA/Others/429679/2023,2023-05-18T08:05:09.839+00:00,,,2.0234,458.0,INDIAN INSTITUTE OF ASTROPHYSICS,,Wildlife clearance form,,,,National Large Solar Telescope (Merak),LADAKH,Leh,NA,,,,Non - Linear,2.0234,0.0,2.0234,0.0,0.0,0.0,0.0,0.0,0,0,0,NO,We  have the NOC's for the land from the Merak village Lambardar and their Councilor (Ladakh Autonomous Hill Development Council(LAHDC)) Mr.Konchok Stanzin (Chushul).,NO,NO,NO,2023-11-10T05:00:49.736+00:00,,,,,,,,,,,Leh,,https://parivesh.nic.in/dms/okm/downloadDocument?docTypemappingId=40829&refId=5293073&refType=caf&uuid=b1442fe1-90d2-4ee5-a6a8-3cb2ccd38fd8&version=1.3,"",https://parivesh.nic.in/newupgrade/#/report/ec?proposalId=5428147,2010.0,43808.0
5478759,"CONSTRUCTION OF PROPOSED 4G MOBILE TOWER  AT VILLAGE CHUMUR  
VILLAGE ID-UVJKLEH00036 ADDRESS NEAR GOMPA CHUMUR, DISTT. LEH, SUB DISTT. NYOMA",New,WL/LA/CommPost/429913/2023,2023-05-19T12:40:00.938+00:00,,,0.02,231.545,BHARAT SANCHAR NIGAM LIMITED,,Wildlife clearance form,,,,4G Saturation Project Near Gompa Ghumur,LADAKH,Leh,NA,,,,Non - Linear,0.0,0.02,0.02,0.0,0.0,0.0,0.0,0.0,0,0,0,Not applicable as the project or activity is site specific,,NO,NO,NO,2023-05-19T12:49:33.299+00:00,,,,,,,,,,,Leh,,https://parivesh.nic.in/dms/okm/downloadDocument?docTypemappingId=40829&refId=5476271&refType=caf&uuid=bebc8ad0-c5c0-43ce-91e8-82db05c32abb&version=1.0,0,https://parivesh.nic.in/newupgrade/#/report/ec?proposalId=5478759,365.0,365.0
5480370,"CONSTRUCTION OF PROPOSED 4G MOBILE TOWER  AT VILLAGE KATLAY  
VILLAGE ID-UVJKLEH00039 ADDRESS TARGAN RONG KATLAY, DISTT. LEH, SUB DISTT. NYOMA",New,WL/LA/CommPost/429918/2023,2023-05-19T13:20:32.681+00:00,,,0.02,231.545,BHARAT SANCHAR NIGAM LIMITED,,Wildlife clearance form,,,,4G Saturation Project Targan Rong Katlay,LADAKH,Leh,NA,,,,Non - Linear,0.0,0.02,0.02,0.0,0.0,0.0,0.0,0.0,0,0,0,Not applicable as the project or activity is site specific,,NO,NO,NO,2023-05-19T13:28:50.762+00:00,,,,,,,,,,,Leh,,https://parivesh.nic.in/dms/okm/downloadDocument?docTypemappingId=40829&refId=5480238&refType=caf&uuid=017caa75-1424-4ef7-96f8-dc1574ca815f&version=1.0,0,https://parivesh.nic.in/newupgrade/#/report/ec?proposalId=5480370,365.0,365.0
5480894,"CONSTRUCTION OF PROPOSED 4G MOBILE TOWER  AT VILLAGE KOYUL  
VILLAGE ID-UVJKLEH00303 ADDRESS NEAR PANCHAYAT BHAWAN, KOYUL, DISTT. LEH, SUB DISTT. NYOMA",New,WL/LA/CommPost/429919/2023,2023-05-19T13:35:10.898+00:00,,,0.02,231.545,BHARAT SANCHAR NIGAM LIMITED,,Wildlife clearance form,,,,"4G Saturation Project Near Panchayat Bhawan, Koyul",LADAKH,Leh,NA,,,,Non - Linear,0.0,0.02,0.02,0.0,0.0,0.0,0.0,0.0,0,0,0,Not applicable as the project or activity is site specific,,NO,NO,NO,2023-05-19T13:45:00.133+00:00,,,,,,,,,,,Leh,,https://parivesh.nic.in/dms/okm/downloadDocument?docTypemappingId=40829&refId=5480793&refType=caf&uuid=2b6734ed-50c6-4090-9fad-fe90cb67e049&version=1.0,0,https://parivesh.nic.in/newupgrade/#/report/ec?proposalId=5480894,365.0,365.0
5481848,"CONSTRUCTION OF PROPOSED 4G MOBILE TOWER  AT VILLAGE PHUNGUK ANLAY 
VILLAGE ID-UVJKLEH00283 ADDRESS PHUNGUK ANLAY, DISTT. LEH, SUB DISTT. NYOMA",New,WL/LA/CommPost/429925/2023,2023-05-19T14:16:08.789+00:00,,,0.02,231.545,BHARAT SANCHAR NIGAM LIMITED,,Wildlife clearance form,,,,4G Saturation Project Phunguk Anlay,LADAKH,Leh,NA,,,,Non - Linear,0.0,0.02,0.02,0.0,0.0,0.0,0.0,0.0,0,0,0,Not applicable as the project or activity is site specific,,NO,NO,NO,2023-05-19T14:25:27.557+00:00,,,,,,,,,,,Leh,,https://parivesh.nic.in/dms/okm/downloadDocument?docTypemappingId=40829&refId=5481378&refType=caf&uuid=4a3ee48d-86c0-4c3f-8806-0358328e7f9a&version=1.0,0,https://parivesh.nic.in/newupgrade/#/report/ec?proposalId=5481848,365.0,365.0
5483652,"CONSTRUCTION OF PROPOSED 4G MOBILE TOWER  AT VILLAGE RONGO 
VILLAGE ID-UVJKLEH00038 ADDRESS NEAR COOPERATIVE SHOPS RONGO, DISTT. LEH, SUB DISTT. NYOMA",New,WL/LA/CommPost/429936/2023,2023-05-19T17:43:18.255+00:00,,,0.02,231.545,BHARAT SANCHAR NIGAM LIMITED,,Wildlife clearance form,,,,4G Saturation Project Near Cooperative Shops Rongo,LADAKH,Leh,NA,,,,Non - Linear,0.0,0.02,0.02,0.0,0.0,0.0,0.0,0.0,0,0,0,Not applicable as the project or activity is site specific,,NO,NO,NO,2023-05-19T17:55:00.603+00:00,,,,,,,,,,,Leh,,https://parivesh.nic.in/dms/okm/downloadDocument?docTypemappingId=40829&refId=5483601&refType=caf&uuid=8e483616-e09d-456d-9cc3-9230c447306c&version=1.0,"",https://parivesh.nic.in/newupgrade/#/report/ec?proposalId=5483652,365.0,365.0
5483966,"CONSTRUCTION OF PROPOSED 4G MOBILE TOWER  AT VILLAGE TSAGA
VILLAGE ID-UVJKLEH00014 ADDRESS NEAR COMMUNITY HALL TSAGA, DISTT. LEH, SUB DISTT. NYOMA",New,WL/LA/CommPost/429939/2023,2023-05-19T18:04:17.409+00:00,,,0.02,231.545,BHARAT SANCHAR NIGAM LIMITED,,Wildlife clearance form,,,,4G Saturation Project Near Community Hall Tsaga,LADAKH,Leh,NA,,,,Non - Linear,0.0,0.02,0.02,0.0,0.0,0.0,0.0,0.0,0,0,0,Not applicable as the project or activity is site specific,,NO,NO,NO,2023-05-19T18:13:38.536+00:00,,,,,,,,,,,Leh,,https://parivesh.nic.in/dms/okm/downloadDocument?docTypemappingId=40829&refId=5483939&refType=caf&uuid=ec33d099-fa77-4e71-a003-185703234034&version=1.0,"",https://parivesh.nic.in/newupgrade/#/report/ec?proposalId=5483966,365.0,365.0
5484120,"CONSTRUCTION OF PROPOSED 4G MOBILE TOWER  AT VILLAGE AGYAM VILLAGE ID-UVJKLEH00025 ADDRESS LHATO- DUNGGO, DISTT. LEH, SUB DISTT. NUBRA",New,WL/LA/CommPost/429941/2023,2023-05-19T18:27:13.117+00:00,,,0.02,231.545,BHARAT SANCHAR NIGAM LIMITED,,Wildlife clearance form,,,,4G Saturation Project Lhato- Dunggo,LADAKH,Nubra,Digger,,,,Non - Linear,0.0,0.02,0.02,0.0,0.0,0.0,0.0,0.0,0,0,0,Not applicable as the project or activity is site specific,,NO,NO,NO,2023-05-20T09:57:01.765+00:00,,,,,,,,,,,Leh,,https://parivesh.nic.in/dms/okm/downloadDocument?docTypemappingId=40829&refId=5484091&refType=caf&uuid=e1c8d666-f1ff-440d-ad96-4790a2b16ed8&version=1.0,000936,https://parivesh.nic.in/newupgrade/#/report/ec?proposalId=5484120,365.0,365.0
5484379,"CONSTRUCTION OF PROPOSED 4G MOBILE TOWER  AT VILLAGE CHAMSHEN VILLAGE ID-UVJKLEH00257 ADDRESS MAYTOW FANGSA, DISTT. LEH, SUB DISTT. NUBRA",New,WL/LA/CommPost/429943/2023,2023-05-20T00:00:24.759+00:00,,,0.02,231.454,BHARAT SANCHAR NIGAM LIMITED,,Wildlife clearance form,,,,4G Saturation Project Maytow Fangsa,LADAKH,Nubra,Chamshan Charasa,,,,Non - Linear,0.0,0.02,0.02,0.0,0.0,0.0,0.0,0.0,0,0,0,Not applicable as the project or activity is site specific,,NO,NO,NO,2023-05-20T00:11:25.886+00:00,,,,,,,,,,,Leh,,https://parivesh.nic.in/dms/okm/downloadDocument?docTypemappingId=40829&refId=5484368&refType=caf&uuid=bc9b397b-753f-41a5-bf1e-9c0b9db0b8d4&version=1.0,000930,https://parivesh.nic.in/newupgrade/#/report/ec?proposalId=5484379,365.0,365.0
5484475,"CONSTRUCTION OF PROPOSED 4G MOBILE TOWER  AT VILLAGE DIGGER VILLAGE ID-UVJKLEH00046 ADDRESS DIGGER VILLLAGE, DISTT. LEH, SUB DISTT. NUBRA",New,WL/LA/CommPost/429944/2023,2023-05-20T00:17:18.645+00:00,,,0.02,231.545,BHARAT SANCHAR NIGAM LIMITED,,Wildlife clearance form,,,,4G Saturation Project Digger Villlage,LADAKH,Nubra,Digger,,,,Non - Linear,0.0,0.02,0.02,0.0,0.0,0.0,0.0,0.0,0,0,0,Not applicable as the project or activity is site specific,,NO,NO,NO,2023-05-20T00:26:08.436+00:00,,,,,,,,,,,Leh,,https://parivesh.nic.in/dms/okm/downloadDocument?docTypemappingId=40829&refId=5484464&refType=caf&uuid=9c934904-6004-4f8d-9c6a-a0c174a28512&version=1.0,000936,https://parivesh.nic.in/newupgrade/#/report/ec?proposalId=5484475,365.0,365.0
5484582,"CONSTRUCTION OF PROPOSED 4G MOBILE TOWER  AT VILLAGE FASTAN VILLAGE ID-UVJKLEH00040 ADDRESS PACHATHANG (FASTAN), DISTT. LEH, SUB DISTT. NUBRA",New,WL/LA/CommPost/429945/2023,2023-05-20T00:33:34.710+00:00,,,0.02,231.545,BHARAT SANCHAR NIGAM LIMITED,,Wildlife clearance form,,,,4G Saturation Project Pachathang (Fastan),LADAKH,Nubra,NA,,,,Non - Linear,0.0,0.02,0.02,0.0,0.0,0.0,0.0,0.0,0,0,0,Not applicable as the project or activity is site specific,,NO,NO,NO,2023-05-20T00:42:33.204+00:00,,,,,,,,,,,Leh,,https://parivesh.nic.in/dms/okm/downloadDocument?docTypemappingId=40829&refId=5484564&refType=caf&uuid=ed19d85e-9de1-4a84-a317-a3690becf6fd&version=1.1,"",https://parivesh.nic.in/newupgrade/#/report/ec?proposalId=5484582,365.0,365.0
5484720,"CONSTRUCTION OF PROPOSED 4G MOBILE TOWER  AT VILLAGE GONBO VILLAGE ID-UVJKLEH00045 ADDRESS SANGYAR GONBO, DISTT. LEH, SUB DISTT. NUBRA",New,WL/LA/CommPost/429946/2023,2023-05-20T01:14:09.298+00:00,,,0.02,231.545,BHARAT SANCHAR NIGAM LIMITED,,Wildlife clearance form,,,,4G Saturation Project Sangyar Gonbo,LADAKH,Nubra,Khemi,,,,Non - Linear,0.0,0.02,0.02,0.0,0.0,0.0,0.0,0.0,0,0,0,Not applicable as the project or activity is site specific,,NO,NO,NO,2023-05-20T01:28:34.576+00:00,,,,,,,,,,,Leh,,https://parivesh.nic.in/dms/okm/downloadDocument?docTypemappingId=40829&refId=5484708&refType=caf&uuid=fdbdb564-3061-40d3-bbf8-a1e7f8e1f967&version=1.0,000917,https://parivesh.nic.in/newupgrade/#/report/ec?proposalId=5484720,365.0,365.0
5484858,"CONSTRUCTION OF PROPOSED 4G MOBILE TOWER  AT VILLAGE HUNDER DOK VILLAGE ID-UVJKLEH00043 ADDRESS NYUNG-JNG, DISTT. LEH, SUB DISTT. NUBRA",New,WL/LA/CommPost/429947/2023,2023-05-20T01:39:33.775+00:00,,,0.02,231.545,BHARAT SANCHAR NIGAM LIMITED,,Wildlife clearance form,,,,4G Saturation Project Nyung-Jng,LADAKH,Nubra,Hundar Dok,,,,Non - Linear,0.0,0.02,0.02,0.0,0.0,0.0,0.0,0.0,0,0,0,Not applicable as the project or activity is site specific,,NO,NO,NO,2023-05-20T01:46:52.051+00:00,,,,,,,,,,,Leh,,https://parivesh.nic.in/dms/okm/downloadDocument?docTypemappingId=40829&refId=5484847&refType=caf&uuid=5c275ca3-cb86-4958-9c57-83163ad1c78e&version=1.0,000927,https://parivesh.nic.in/newupgrade/#/report/ec?proposalId=5484858,365.0,365.0
5484981,"CONSTRUCTION OF PROPOSED 4G MOBILE TOWER  AT VILLAGE HUNDRI VILLAGE ID-UVJKLEH00223 ADDRESS HUNDERI VILLAG, DISTT. LEH, SUB DISTT. NUBRA",New,WL/LA/CommPost/429948/2023,2023-05-20T01:54:21.225+00:00,,,0.02,231.545,BHARAT SANCHAR NIGAM LIMITED,,Wildlife clearance form,,,,4G Saturation Project Hunderi Villag,LADAKH,Nubra,Hundri,,,,Non - Linear,0.0,0.02,0.02,0.0,0.0,0.0,0.0,0.0,0,0,0,Not applicable as the project or activity is site specific,,NO,NO,NO,2023-05-20T02:04:32.967+00:00,,,,,,,,,,,Leh,,https://parivesh.nic.in/dms/okm/downloadDocument?docTypemappingId=40829&refId=5484956&refType=caf&uuid=f0e33502-e756-4ec2-9004-b37dec068282&version=1.0,000920,https://parivesh.nic.in/newupgrade/#/report/ec?proposalId=5484981,365.0,365.0
5485112,"CONSTRUCTION OF PROPOSED 4G MOBILE TOWER  AT VILLAGE KHALSAR VILLAGE ID-UVJKLEH00220 ADDRESS EXISTING MAKESHIFT GBT SITE., DISTT. LEH, SUB DISTT. NUBRA",New,WL/LA/CommPost/429949/2023,2023-05-20T02:18:34.980+00:00,,,0.02,231.545,BHARAT SANCHAR NIGAM LIMITED,,Wildlife clearance form,,,,4G Saturation Project Existing Makeshift GBT Site,LADAKH,Nubra,Khalsar,,,,Non - Linear,0.0,0.02,0.02,0.0,0.0,0.0,0.0,0.0,0,0,0,Not applicable as the project or activity is site specific,,NO,NO,NO,2023-05-20T02:31:08.172+00:00,,,,,,,,,,,Leh,,https://parivesh.nic.in/dms/okm/downloadDocument?docTypemappingId=40829&refId=5485101&refType=caf&uuid=d69345af-315e-4091-82a0-1193519a991f&version=1.0,000934,https://parivesh.nic.in/newupgrade/#/report/ec?proposalId=5485112,365.0,365.0
5485332,"CONSTRUCTION OF PROPOSED 4G MOBILE TOWER  AT VILLAGE KHARDONG VILLAGE ID-UVJKLEH00370 ADDRESS SKAMGO, DISTT. LEH, SUB DISTT. NUBRA",New,WL/LA/CommPost/429950/2023,2023-05-20T02:45:36.591+00:00,,,0.02,231.545,BHARAT SANCHAR NIGAM LIMITED,,Wildlife clearance form,,,,4G Saturation Project Skamgo,LADAKH,Nubra,Khardong,,,,Non - Linear,0.0,0.02,0.02,0.0,0.0,0.0,0.0,0.0,0,0,0,Not applicable as the project or activity is site specific,,NO,NO,NO,2023-05-20T02:54:15.465+00:00,,,,,,,,,,,Leh,,https://parivesh.nic.in/dms/okm/downloadDocument?docTypemappingId=40829&refId=5485317&refType=caf&uuid=9448ef24-9931-406f-a313-56b6780978bb&version=1.0,000935,https://parivesh.nic.in/newupgrade/#/report/ec?proposalId=5485332,365.0,365.0
5485470,"CONSTRUCTION OF PROPOSED 4G MOBILE TOWER  AT VILLAGE KHARDONG FARKA/RASERMO VILLAGE ID-UVJKLEH00267 ADDRESS YULCHUNG, DISTT. LEH, SUB DISTT. NUBRA",New,WL/LA/CommPost/429951/2023,2023-05-20T03:04:44.509+00:00,,,0.02,231.545,BHARAT SANCHAR NIGAM LIMITED,,Wildlife clearance form,,,,4G Saturation Project Yulchung,LADAKH,Nubra,Khardong,,,,Non - Linear,0.0,0.02,0.02,0.0,0.0,0.0,0.0,0.0,0,0,0,Not applicable as the project or activity is site specific,,NO,NO,NO,2023-05-20T03:20:14.736+00:00,,,,,,,,,,,Leh,,https://parivesh.nic.in/dms/okm/downloadDocument?docTypemappingId=40829&refId=5485446&refType=caf&uuid=4514c92d-aa51-445e-a676-413b031c8357&version=1.0,000935,https://parivesh.nic.in/newupgrade/#/report/ec?proposalId=5485470,365.0,365.0
5485635,"CONSTRUCTION OF PROPOSED 4G MOBILE TOWER  AT VILLAGE KHEMA VILLAGE ID-UVJKLEH00092 ADDRESS KHEMA VILLAGE, DISTT. LEH, SUB DISTT. NUBRA",New,WL/LA/CommPost/429953/2023,2023-05-20T03:37:33.612+00:00,,,0.02,231.545,BHARAT SANCHAR NIGAM LIMITED,,Wildlife clearance form,,,,4G Saturation Project Khema Village,LADAKH,Nubra,Khemakhungiu,,,,Non - Linear,0.0,0.02,0.02,0.0,0.0,0.0,0.0,0.0,0,0,0,Not applicable as the project or activity is site specific,,NO,NO,NO,2023-05-20T03:47:02.320+00:00,,,,,,,,,,,Leh,,https://parivesh.nic.in/dms/okm/downloadDocument?docTypemappingId=40829&refId=5485621&refType=caf&uuid=7830d6b6-01ec-44d7-98f8-862ba1221f03&version=1.0,937,https://parivesh.nic.in/newupgrade/#/report/ec?proposalId=5485635,365.0,365.0
5498868,"CONSTRUCTION OF PROPOSED 4G MOBILE TOWER  AT VILLAGE KHUNGRU VILLAGE ID-UVJKLEH00044 ADDRESS SPANGCHEMO (KHUNGRU), DISTT. LEH, SUB DISTT. NUBRA",New,WL/LA/CommPost/430038/2023,2023-05-20T10:18:43.538+00:00,,,0.02,231.545,BHARAT SANCHAR NIGAM LIMITED,,Wildlife clearance form,,,,4G Saturation Project Spangchemo (Khungru),LADAKH,Nubra,Khemakhungiu,,,,Non - Linear,0.0,0.02,0.02,0.0,0.0,0.0,0.0,0.0,0,0,0,Not applicable as the project or activity is site specific,,NO,NO,NO,2023-05-20T10:46:45.489+00:00,,,,,,,,,,,Leh,,https://parivesh.nic.in/dms/okm/downloadDocument?docTypemappingId=40829&refId=5498564&refType=caf&uuid=ed53416c-a57a-418b-bdcc-715d5cb600bb&version=1.2,000937,https://parivesh.nic.in/newupgrade/#/report/ec?proposalId=5498868,365.0,365.0
5500893,"CONSTRUCTION OF PROPOSED 4G MOBILE TOWER  AT VILLAGE KUBED VILLAGE ID-UVJKLEH00219 ADDRESS MANEY NAKPO THANG, DISTT. LEH, SUB DISTT. NUBRA",New,WL/LA/CommPost/430052/2023,2023-05-20T11:00:33.916+00:00,,,0.02,231.545,BHARAT SANCHAR NIGAM LIMITED,,Wildlife clearance form,,,,4G Saturation Project Maney Nakpo Thang,LADAKH,Nubra,Kubed,,,,Non - Linear,0.0,0.02,0.02,0.0,0.0,0.0,0.0,0.0,0,0,0,Not applicable as the project or activity is site specific,,NO,NO,NO,2023-05-20T11:16:02.695+00:00,,,,,,,,,,,Leh,,https://parivesh.nic.in/dms/okm/downloadDocument?docTypemappingId=40829&refId=5500594&refType=caf&uuid=f3be5f1b-1f67-4ace-8594-12cf17862fba&version=1.0,919,https://parivesh.nic.in/newupgrade/#/report/ec?proposalId=5500893,365.0,365.0
5506319,"CONSTRUCTION OF PROPOSED 4G MOBILE TOWER  AT VILLAGE LARGYAB GONGMA VILLAGE ID-UVJKLEH00042 ADDRESS GOMPA SGANG, DISTT. LEH, SUB DISTT. NUBRA",New,WL/LA/CommPost/430080/2023,2023-05-20T13:07:24.151+00:00,,,0.02,231.545,BHARAT SANCHAR NIGAM LIMITED,,Wildlife clearance form,,,,4G Saturation Project Gompa Sgang,LADAKH,Nubra,Largiab,,,,Non - Linear,0.0,0.02,0.02,0.0,0.0,0.0,0.0,0.0,0,0,0,Not applicable as the project or activity is site specific,,NO,NO,NO,2023-05-20T13:14:22.933+00:00,,,,,,,,,,,Leh,,https://parivesh.nic.in/dms/okm/downloadDocument?docTypemappingId=40829&refId=5506220&refType=caf&uuid=4864f0d4-776b-4e78-beef-f22f8ca6c5cb&version=1.0,924,https://parivesh.nic.in/newupgrade/#/report/ec?proposalId=5506319,365.0,365.0
5507144,"CONSTRUCTION OF PROPOSED 4G MOBILE TOWER  AT VILLAGE LARGYAB PACHATHANG VILLAGE ID-UVJKLEH00022 ADDRESS NEW PACHATHANG, DISTT. LEH, SUB DISTT. NUBRA",New,WL/LA/CommPost/430087/2023,2023-05-20T13:42:50.606+00:00,,,0.02,231.545,BHARAT SANCHAR NIGAM LIMITED,,Wildlife clearance form,,,,4G Saturation Project New Pachathang,LADAKH,Nubra,Largiab,,,,Non - Linear,0.0,0.02,0.02,0.0,0.0,0.0,0.0,0.0,0,0,0,Not applicable as the project or activity is site specific,,NO,NO,NO,2023-05-20T14:27:53.944+00:00,,,,,,,,,,,Leh,,https://parivesh.nic.in/dms/okm/downloadDocument?docTypemappingId=40829&refId=5507070&refType=caf&uuid=4faa5d76-8cba-4949-890b-77e924edcddc&version=1.0,924,https://parivesh.nic.in/newupgrade/#/report/ec?proposalId=5507144,365.0,365.0
5508586,"CONSTRUCTION OF PROPOSED 4G MOBILE TOWER  AT VILLAGE PANAMIK VILLAGE ID-UVJKLEH00222 ADDRESS NEAR GOVT MIDDLE SCHOOL PANAMIK, DISTT. LEH, SUB DISTT. NUBRA",New,WL/LA/CommPost/430099/2023,2023-05-20T15:43:08.670+00:00,,,0.02,231.545,BHARAT SANCHAR NIGAM LIMITED,,Wildlife clearance form,,,,4G Saturation Project Near Govt Middle School Panamik,LADAKH,Nubra,Panamic,,,,Non - Linear,0.0,0.02,0.02,0.0,0.0,0.0,0.0,0.0,0,0,0,Not applicable as the project or activity is site specific,,NO,NO,NO,2023-05-20T16:05:15.092+00:00,,,,,,,,,,,Leh,,https://parivesh.nic.in/dms/okm/downloadDocument?docTypemappingId=40829&refId=5508247&refType=caf&uuid=d491bdde-70d5-4f18-8ae4-e824e8c4c772&version=1.0,000918,https://parivesh.nic.in/newupgrade/#/report/ec?proposalId=5508586,365.0,365.0
5509137,"CONSTRUCTION OF PROPOSED 4G MOBILE TOWER  AT VILLAGE RONGDO VILLAGE ID-UVJKLEH00023 ADDRESS MANEY- RONGDO, DISTT. LEH, SUB DISTT. NUBRA",New,WL/LA/CommPost/430103/2023,2023-05-20T18:05:52.699+00:00,,,0.02,231.545,BHARAT SANCHAR NIGAM LIMITED,,Wildlife clearance form,,,,4G Saturation Project Maney- Rongdo,LADAKH,Nubra,NA,,,,Non - Linear,0.0,0.02,0.02,0.0,0.0,0.0,0.0,0.0,0,0,0,Not applicable as the project or activity is site specific,,NO,NO,NO,2023-05-21T11:25:39.958+00:00,,,,,,,,,,,Leh,,https://parivesh.nic.in/dms/okm/downloadDocument?docTypemappingId=40829&refId=5509107&refType=caf&uuid=7d9ace3f-7f51-488a-b0d7-ed04290842a2&version=1.0,"",https://parivesh.nic.in/newupgrade/#/report/ec?proposalId=5509137,365.0,365.0
5515710,"CONSTRUCTION OF PROPOSED 4G MOBILE TOWER  AT VILLAGE RONGJUK  VILLAGE ID-UVJKLEH00024 ADDRESS SHALETHANG, DISTT. LEH, SUB DISTT. NUBRA",New,WL/LA/CommPost/430173/2023,2023-05-21T16:35:56.398+00:00,,,0.02,231.545,BHARAT SANCHAR NIGAM LIMITED,,Wildlife clearance form,,,,4G Saturation Project Shalethang,LADAKH,Nubra,Khalsar,,,,Non - Linear,0.0,0.02,0.02,0.0,0.0,0.0,0.0,0.0,0,0,0,Not applicable as the project or activity is site specific,,NO,NO,NO,2023-05-21T17:03:28.328+00:00,,,,,,,,,,,Leh,,https://parivesh.nic.in/dms/okm/downloadDocument?docTypemappingId=40829&refId=5515673&refType=caf&uuid=b7196c24-6161-44c9-a312-d1079de0cd9c&version=1.0,000934,https://parivesh.nic.in/newupgrade/#/report/ec?proposalId=5515710,365.0,365.0
5515851,"CONSTRUCTION OF PROPOSED 4G MOBILE TOWER  AT VILLAGE SASOMA VILLAGE ID-UVJKLEH00307 ADDRESS SASEY THANG, NEAR OLD SCHOOL BUILDING, DISTT. LEH, SUB DISTT. NUBRA",New,WL/LA/CommPost/430174/2023,2023-05-21T17:11:13.196+00:00,,,0.02,231.545,BHARAT SANCHAR NIGAM LIMITED,,Wildlife clearance form,,,,"4G Saturation Project Sasey Thang, Near Old School Building",LADAKH,Nubra,Thanga Chathang,,,,Non - Linear,0.0,0.02,0.02,0.0,0.0,0.0,0.0,0.0,0,0,0,Not applicable as the project or activity is site specific,,NO,NO,NO,2023-05-21T17:19:18.556+00:00,,,,,,,,,,,Leh,,https://parivesh.nic.in/dms/okm/downloadDocument?docTypemappingId=40829&refId=5515836&refType=caf&uuid=a17096f4-1df9-4f31-b871-8b26483a4730&version=1.0,911,https://parivesh.nic.in/newupgrade/#/report/ec?proposalId=5515851,365.0,365.0
5515994,"CONSTRUCTION OF PROPOSED 4G MOBILE TOWER  AT VILLAGE SKURU VILLAGE ID-UVJKLEH00221 ADDRESS THANGNAK (BELOW SKURU MONASTERY), DISTT. LEH, SUB DISTT. NUBRA",New,WL/LA/CommPost/430176/2023,2023-05-21T17:25:02.645+00:00,,,0.02,231.545,BHARAT SANCHAR NIGAM LIMITED,,Wildlife clearance form,,,,4G Saturation Project Thangnak (Below Skuru Monastery),LADAKH,Nubra,Skuru,,,,Non - Linear,0.0,0.02,0.02,0.0,0.0,0.0,0.0,0.0,0,0,0,Not applicable as the project or activity is site specific,,NO,NO,NO,2023-05-21T17:33:10.177+00:00,,,,,,,,,,,Leh,,https://parivesh.nic.in/dms/okm/downloadDocument?docTypemappingId=40829&refId=5515975&refType=caf&uuid=2b88420f-d85f-48f9-ba2a-3162d99f3631&version=1.0,000923,https://parivesh.nic.in/newupgrade/#/report/ec?proposalId=5515994,365.0,365.0
5516118,"CONSTRUCTION OF PROPOSED 4G MOBILE TOWER  AT VILLAGE SUNUDO VILLAGE ID-UVJKLEH00041 ADDRESS SUNUDO, DISTT. LEH, SUB DISTT. NUBRA",New,WL/LA/CommPost/430177/2023,2023-05-21T17:39:53.886+00:00,,,0.02,231.545,BHARAT SANCHAR NIGAM LIMITED,,Wildlife clearance form,,,,4G Saturation Project Sunudo,LADAKH,Nubra,NA,,,,Non - Linear,0.0,0.02,0.02,0.0,0.0,0.0,0.0,0.0,0,0,0,Not applicable as the project or activity is site specific,,NO,NO,NO,2023-05-21T17:46:54.905+00:00,,,,,,,,,,,Leh,,https://parivesh.nic.in/dms/okm/downloadDocument?docTypemappingId=40829&refId=5516103&refType=caf&uuid=d270c873-26b8-4a26-af5e-2f6ae737eccb&version=1.0,"",https://parivesh.nic.in/newupgrade/#/report/ec?proposalId=5516118,365.0,365.0
5516270,"CONSTRUCTION OF PROPOSED 4G MOBILE TOWER  AT VILLAGE TAKSHA VILLAGE ID-UVJKLEH00308 ADDRESS BSNL BTS SITE, DISTT. LEH, SUB DISTT. NUBRA",New,WL/LA/CommPost/430180/2023,2023-05-21T17:52:41.816+00:00,,,0.02,231.545,BHARAT SANCHAR NIGAM LIMITED,,Wildlife clearance form,,,,4G Saturation Project Bsnl Bts Site,LADAKH,Nubra,Taksi,,,,Non - Linear,0.0,0.02,0.02,0.0,0.0,0.0,0.0,0.0,0,0,0,Not applicable as the project or activity is site specific,,NO,NO,NO,2023-05-21T18:01:45.905+00:00,,,,,,,,,,,Leh,,https://parivesh.nic.in/dms/okm/downloadDocument?docTypemappingId=40829&refId=5516246&refType=caf&uuid=36cd0dea-48d8-4870-8c54-003f22480582&version=1.0,912,https://parivesh.nic.in/newupgrade/#/report/ec?proposalId=5516270,365.0,365.0
5516574,"CONSTRUCTION OF PROPOSED 4G MOBILE TOWER  AT VILLAGE TAKSI VILLAGE ID-UVJKLEH00216 ADDRESS POLO RTSEY RTSA (PACHATHANG TYKSHI), DISTT. LEH, SUB DISTT. NUBRA",New,WL/LA/CommPost/430182/2023,2023-05-21T18:13:19.339+00:00,,,0.02,231.545,BHARAT SANCHAR NIGAM LIMITED,,Wildlife clearance form,,,,4G Saturation Project Polo Rtsey Rtsa (Pachathang Tykshi),LADAKH,Nubra,Taksi,,,,Non - Linear,0.0,0.02,0.02,0.0,0.0,0.0,0.0,0.0,0,0,0,Not applicable as the project or activity is site specific,,NO,NO,NO,2023-05-21T18:24:45.275+00:00,,,,,,,,,,,Leh,,https://parivesh.nic.in/dms/okm/downloadDocument?docTypemappingId=40829&refId=5516523&refType=caf&uuid=aa4f06e0-84fb-45d4-9e6b-d96c2a91920c&version=1.0,000912,https://parivesh.nic.in/newupgrade/#/report/ec?proposalId=5516574,365.0,365.0
5516759,"CONSTRUCTION OF PROPOSED 4G MOBILE TOWER  AT VILLAGE TONGSTED VILLAGE ID-UVJKLEH00255 ADDRESS THANG RGYAP, NEAR OLD SCHOOL BUILDING, DISTT. LEH, SUB DISTT. NUBRA",New,WL/LA/CommPost/430185/2023,2023-05-21T18:33:15.633+00:00,,,0.02,231.545,BHARAT SANCHAR NIGAM LIMITED,,Wildlife clearance form,,,,4G Saturation Project Thang Rgyap,LADAKH,Nubra,Tangyar,,,,Non - Linear,0.0,0.02,0.02,0.0,0.0,0.0,0.0,0.0,0,0,0,Not applicable as the project or activity is site specific,,NO,NO,NO,2023-05-21T18:41:26.325+00:00,,,,,,,,,,,Leh,,https://parivesh.nic.in/dms/okm/downloadDocument?docTypemappingId=40829&refId=5516726&refType=caf&uuid=1a886d17-0986-45ee-8bbf-7e87b314e66b&version=1.1,938,https://parivesh.nic.in/newupgrade/#/report/ec?proposalId=5516759,365.0,365.0
5516973,"CONSTRUCTION OF PROPOSED 4G MOBILE TOWER  AT VILLAGE TURTAK VILLAGE ID-UVJKLEH00402 ADDRESS CHABRAK HILLTOP, DISTT. LEH, SUB DISTT. NUBRA",New,WL/LA/CommPost/430186/2023,2023-05-21T18:48:12.493+00:00,,,0.02,231.545,BHARAT SANCHAR NIGAM LIMITED,,Wildlife clearance form,,,,4G Saturation Project Chabrak Hilltop,LADAKH,Nubra,Turtok,,,,Non - Linear,0.0,0.02,0.02,0.0,0.0,0.0,0.0,0.0,0,0,0,Not applicable as the project or activity is site specific,,NO,NO,NO,2023-05-21T18:55:08.075+00:00,,,,,,,,,,,Leh,,https://parivesh.nic.in/dms/okm/downloadDocument?docTypemappingId=40829&refId=5516935&refType=caf&uuid=644db2bf-3390-4338-a9b1-f8c95d716ae1&version=1.0,000913,https://parivesh.nic.in/newupgrade/#/report/ec?proposalId=5516973,365.0,365.0
5517068,"CONSTRUCTION OF PROPOSED 4G MOBILE TOWER  AT VILLAGE TURTUK FAROL (651530) VILLAGE ID-UVJKLEH00020 ADDRESS CHHUTHANG, DISTT. LEH, SUB DISTT. NUBRA",New,WL/LA/CommPost/430187/2023,2023-05-21T19:01:35.067+00:00,,,0.02,231.545,BHARAT SANCHAR NIGAM LIMITED,,Wildlife clearance form,,,,4G Saturation Project Chhuthang,LADAKH,Nubra,Turtok,,,,Non - Linear,0.0,0.02,0.02,0.0,0.0,0.0,0.0,0.0,0,0,0,Not applicable as the project or activity is site specific,,NO,NO,NO,2023-05-21T19:09:16.110+00:00,,,,,,,,,,,Leh,,https://parivesh.nic.in/dms/okm/downloadDocument?docTypemappingId=40829&refId=5517057&refType=caf&uuid=a9232138-23b0-4bf6-932c-18fa0ad8c864&version=1.0,000913,https://parivesh.nic.in/newupgrade/#/report/ec?proposalId=5517068,365.0,365.0
5517164,"CONSTRUCTION OF PROPOSED 4G MOBILE TOWER  AT VILLAGE UDMARU VILLAGE ID-UVJKLEH00359 ADDRESS NEAR CFC BUILDING ROOF, SHAKTHANG, DISTT. LEH, SUB DISTT. NUBRA",New,WL/LA/CommPost/430188/2023,2023-05-21T19:19:21.815+00:00,,,0.02,231.545,BHARAT SANCHAR NIGAM LIMITED,,Wildlife clearance form,,,,"4G Saturation Project Near Cfc Building Roof, Shakthang",LADAKH,Nubra,Udmaru,,,,Non - Linear,0.0,0.02,0.02,0.0,0.0,0.0,0.0,0.0,0,0,0,Not applicable as the project or activity is site specific,,NO,NO,NO,2023-05-21T19:25:50.414+00:00,,,,,,,,,,,Leh,,https://parivesh.nic.in/dms/okm/downloadDocument?docTypemappingId=40829&refId=5517153&refType=caf&uuid=1da0c110-e867-47ab-bde2-891612abb5ac&version=1.0,000921,https://parivesh.nic.in/newupgrade/#/report/ec?proposalId=5517164,365.0,365.0
5517259,"CONSTRUCTION OF PROPOSED 4G MOBILE TOWER  AT VILLAGE WARISHI VILLAGE ID-UVJKLEH00021 ADDRESS WARISHI, DISTT. LEH, SUB DISTT. NUBRA",New,WL/LA/CommPost/430189/2023,2023-05-21T19:31:53.877+00:00,,,0.02,231.545,BHARAT SANCHAR NIGAM LIMITED,,Wildlife clearance form,,,,4G Saturation Project Warishi,LADAKH,Nubra,Warisfistan,,,,Non - Linear,0.0,0.02,0.02,0.0,0.0,0.0,0.0,0.0,0,0,0,Not applicable as the project or activity is site specific,,NO,NO,NO,2023-05-21T19:38:46.201+00:00,,,,,,,,,,,Leh,,https://parivesh.nic.in/dms/okm/downloadDocument?docTypemappingId=40829&refId=5517248&refType=caf&uuid=8276636c-f09e-42c0-956a-f18ee13d2069&version=1.0,000916,https://parivesh.nic.in/newupgrade/#/report/ec?proposalId=5517259,365.0,365.0
5558237,"CONSTRUCTION OF PROPOSED 4G MOBILE TOWER  AT VILLAGE CHIBRA KARGYAM   VILLAGE ID-UVJKLEH00274 ADDRESS CHIBRA, DISTT. LEH, SUB DISTT. DURBUK",New,WL/LA/CommPost/430420/2023,2023-05-23T09:24:34.498+00:00,,,0.02,231.545,BHARAT SANCHAR NIGAM LIMITED,,Wildlife clearance form,,,,4G Saturation Project Chibra,LADAKH,Leh,NA,,,,Non - Linear,0.0,0.02,0.02,0.0,0.0,0.0,0.0,0.0,0,0,0,Not applicable as the project or activity is site specific,,NO,NO,NO,2023-05-23T09:38:54.645+00:00,,,,,,,,,,,Leh,,https://parivesh.nic.in/dms/okm/downloadDocument?docTypemappingId=40829&refId=5557481&refType=caf&uuid=593930f8-35a1-420c-97c1-79d39092f50b&version=1.2,"",https://parivesh.nic.in/newupgrade/#/report/ec?proposalId=5558237,365.0,365.0
6034165,"The project MRL05 -Udmaroo to Hundri is sanctioned under PMGSY III vide order no: P - 17024/30(01)/2021-RC(FMS-377948), Dated: 21.03.2023.Entire stretch of this road passes through wildlife sanctuary area. this road takes off from Udmaroo village to Hundri village  via Shukur village in Deskit Block. The road is beneficial for tourist as well as pligrims heading towards Sham-E- Gomboo (Religious PLace)  moreover it is expected to provide significant benefits to the local community, including improved access to healthcare, education, and markets. it is also expected to boost economic development in the area by facilitating the movement of goods and services.",Expansion,WL/LA/ROAD/433010/2023,2023-06-12T06:36:54.043+00:00,,,2.854,1411.74,SUPERINTENDING ENGINEER PMGSY CIRCLE LADAKH,,Wildlife clearance form,,,,MRL05 - Udmaroo to Hundri,LADAKH,Nubra,Hundri,,,,Linear,2.854,0.0,2.854,0.0,0.0,0.0,1411.74,0.0,0,0,0,Not applicable as the project or activity is site specific,,NO,NO,NO,2024-01-01T09:52:00.391+00:00,,,,,,,,,,,Leh,,https://parivesh.nic.in/dms/okm/downloadDocument?docTypemappingId=40829&refId=4811447&refType=caf&uuid=a4efc1f0-51a4-4b7d-8d7a-6e9ba993726e&version=1.0,000920,https://parivesh.nic.in/newupgrade/#/report/ec?proposalId=6034165,33090.0,9165.0
6035493,"The project MRL06 - Tsati to Rongdo is sanctioned under PMGSY III vide order no: P - 17024/30(01)/2021-RC(FMS-377948), Dated: 21.03.2023.Entire stretch of this road passes through wildlife sanctuary area. this road takes off from Tsati village  to Rongdo village in diskit block. The road is expected to provide significant benefits to the local community, including improved access to healthcare, education, and markets. it is also expected to boost economic development in the area by facilitating the movement of goods and services.",Expansion,WL/LA/ROAD/433024/2023,2023-06-12T07:07:42.293+00:00,,,4.92,1090.88,SUPERINTENDING ENGINEER PMGSY CIRCLE LADAKH,,Wildlife clearance form,,,,MRL06 - Tsati to Rongdo,LADAKH,Nubra,Khalsar,,,,Linear,4.92,0.0,4.92,0.0,0.0,0.0,1090.88,0.0,0,0,0,Not applicable as the project or activity is site specific,,NO,NO,NO,2024-01-01T09:20:18.395+00:00,,,,,,,,,,,Leh,,https://parivesh.nic.in/dms/okm/downloadDocument?docTypemappingId=40829&refId=4810644&refType=caf&uuid=bd4ca782-f2e7-4825-921c-a73b2b35be7d&version=1.1,000934,https://parivesh.nic.in/newupgrade/#/report/ec?proposalId=6035493,33100.0,9165.0
6035871,"The project MRL03 - Khemru to Kheema is sanctioned under PMGSY III vide order no: P - 17024/30(01)/2021-RC(FMS-377948), Dated: 21.03.2023.Entire stretch of this road passes through wildlife sanctuary area. this road takes off from konto to Degar link road to Kheema village in Deskit Block. The road is expected to provide significant benefits to the local community, including improved access to healthcare, education, and markets. it is also expected to boost economic development in the area by facilitating the movement of goods and services.",Expansion,WL/LA/ROAD/433027/2023,2023-06-12T07:17:08.125+00:00,,,1.686,937.55,SUPERINTENDING ENGINEER PMGSY CIRCLE LADAKH,,Wildlife clearance form,,,,MRL03 - Khemru to Kheema,LADAKH,Nubra,Digger,,,,Linear,1.686,0.0,1.686,0.0,0.0,0.0,937.55,0.0,0,0,0,Not applicable as the project or activity is site specific,,NO,NO,NO,2024-12-17T06:58:53.105+00:00,,,,,,,,,,,Leh,,https://parivesh.nic.in/dms/okm/downloadDocument?docTypemappingId=40829&refId=4810835&refType=caf&uuid=f97b441b-5612-46d8-914e-ee3177dfb5db&version=1.0,000936,https://parivesh.nic.in/newupgrade/#/report/ec?proposalId=6035871,22090.0,7340.0
6038156,"The project MRL04 -T04 to Hunder Dok is sanctioned under PMGSY III vide order no: P - 17024/30(01)/2021-RC(FMS-377948), Dated: 21.03.2023.Entire stretch of this road passes through wildlife sanctuary area. this road takes off from BRO Road Hunder to Hunder Dok village in Deskit Block. The road is expected to provide significant benefits to the local community, including improved access to healthcare, education, and markets. it is also expected to boost economic development in the area by facilitating the movement of goods and services.",Expansion,WL/LA/ROAD/433041/2023,2023-06-12T08:16:46.113+00:00,,,5.16,1747.62,SUPERINTENDING ENGINEER PMGSY CIRCLE LADAKH,,Wildlife clearance form,,,,MRL04 - T04 to Hunder Dok,LADAKH,Nubra,Hundar Dok,,,,Linear,5.16,0.0,5.16,0.0,0.0,0.0,1747.62,0.0,0,0,0,Not applicable as the project or activity is site specific,,NO,NO,NO,2024-01-01T09:38:07.965+00:00,,,,,,,,,,,Leh,,https://parivesh.nic.in/dms/okm/downloadDocument?docTypemappingId=40829&refId=4811053&refType=caf&uuid=ffde6c27-a262-45b7-9e61-0ca23ac5feab&version=1.0,000927,https://parivesh.nic.in/newupgrade/#/report/ec?proposalId=6038156,43920.0,9175.0
7287388,"Tower erection at Khemi, Tehsil Nubra of District Leh in UT of Ladakh, for providing network connectivity in this uncovered area.",New,WL/LA/CommPost/438905/2023,2023-08-02T06:05:08.009+00:00,,,0.0334,10.0,RELIANCE JIO INFOCOMM KASHMIR CIRCLE,,Wildlife clearance form,,,,USOF '354 Uncovered Villages Scheme' for mobile communication at Village Khemi,LADAKH,Nubra,Khemi,,,,Non - Linear,0.0334,0.0,0.0334,0.0,0.0,0.0,0.0,0.0,0,0,0,Not applicable as the project or activity is site specific,,NO,NO,NO,2023-10-12T06:31:10.810+00:00,,,,,,,,,,,Leh,,https://parivesh.nic.in/dms/okm/downloadDocument?docTypemappingId=40829&refId=7286646&refType=caf&uuid=3ee3457a-1c8a-45bb-bfee-04638337c778&version=1.0,000917,https://parivesh.nic.in/newupgrade/#/report/ec?proposalId=7287388,36.0,366.0
12962932,THIS PROJECT IS ONE OF THE MOST IMPORTANT AND HIGHLY BENEFICIAL FOR THE LEH TOWN WHICH INVOLVES  LAYING OF THE  OUTLET PIPE OF 300 MM DIA NP-3 RCC PIPE TO BE EXTENDED FROM AGLING JUNCTION UPTO RIVER INDUS WHICH PASSES FROM FOREST LAND  FOR A LENGTH OF 135 METRE BEHIND HOTEL DEWACHAN TO DISPOSE OFF THE SEWAGE TREATED WATER FOR DILUTION IN THE MAIN WATER BODY. THE PIPE LINE SHALL BE LAID 1.5 METRE BELOW GROUND LEVEL AND THE FOREST LAND SUPPOSED TO BE INVOLVED WILL BE 0.027 HA WITH ABOUT 30 NO OF POPLAR/WILLOW TREE TO BE FELL DOWN TO PAVE THE WAY FOR LAYING OF RCC NP-3 PIPE. THE IDEA OF THE PIPE LINE TO BE PASSED FROM THE FOREST LAND IS TO DISPOSE OFF THE SURPLUS SEWAGE TREATED WATER DURING WINTER AND WHEN THE SEASON IS OFF FOR REUSE OF THE SEWAGE TREATED WATER FOR PLANTATION AND AGRICULTURAL PURPOSES IN THE TOWN AREA AND TO AVOID DAMAGE TO PROPERTIES DUE TO FREEZING OF THE SURFACE WATER. BEING THE LIFELINE IN RESPECT OF SEWERAGE SYSTEM OF LEH TOWN.,New,FP/LA/REDIV/446100/2023,2023-09-27T10:28:06.157+00:00,,DELISTED_BY_SYSTEM,0.117,113.65,Department of Irrigation,,Form-E: Re-Diversion i) Land Use Change ii) Laying of Overhead/ Under Ground OFC/ drinking water pipeline/ slurry pipeline/ electric cable/ CNG/PNG within RoW,,,,EXTENSION OF STP OUTLET PIPE UPTO DEWACHAN HOTEL AGLING,LADAKH,Leh,Chuglamsar (CT),,,,Linear,0.09,0.027,0.117,0.0,0.0,0.0,0.0,0.0,0,0,0,Not applicable as the project or activity is site specific,,NO,NO,NO,2023-10-09T14:09:52.246+00:00,,,EXECUTIVE ENGINEER IGO PHEY DIVISION LEH HOUSING COLONY,LEH CITY,37,State Government (Department/Autonomous body),EXECUTIVE ENGINEER,LEH,37,,Leh,,https://parivesh.nic.in/dms/okm/downloadDocument?docTypemappingId=40829&refId=12952956&refType=caf&uuid=fc9b268f-3f1a-4dcf-a7ef-368961b51232&version=1.0,000910,https://parivesh.nic.in/newupgrade/#/report/ec?proposalId=12962932,252.0,2196.0
16463318,USOF Tower erection at remote Charasa Village in Karokoram Wildlife Sanctuary for connecting Nubra Valley and Defence out posts.,New,WL/LA/CommPost/448574/2023,2023-10-12T08:55:32.023+00:00,,,0.0334,50.0,RELIANCE JIO INFOCOMM KASHMIR CIRCLE,,Wildlife clearance form,,,,USOF 354 uncovered villages scheme for mobile communication at Village Charasa,LADAKH,Nubra,Chamshan Charasa,,,,Non - Linear,0.0334,0.0,0.0334,0.0,0.0,0.0,0.0,0.0,0,0,0,Not applicable as the project or activity is site specific,,NO,NO,NO,2023-11-22T07:46:10.156+00:00,,,,,,,,,,,Leh,,https://parivesh.nic.in/dms/okm/downloadDocument?docTypemappingId=40829&refId=16458513&refType=caf&uuid=3c9adb3e-695d-46c2-8921-c92afd2eeed4&version=1.0,930,https://parivesh.nic.in/newupgrade/#/report/ec?proposalId=16463318,64.0,365.0
17850049,Construction of Likaru Mig La-Fukche Road (Total length - 64 km) to NHSL specification Under 93RCC/755 BRTF (P) Himank in Union Territory of Ladakh.,New,WL/LA/DEF/449296/2023,2023-10-18T07:40:06.361+00:00,,,47.68,47791.254,Ministry of Defense,,Wildlife clearance form,,,,Construction of Likaru Mig La-Fukche Road from km 0.000 to km 64.000,LADAKH,Leh,Anlay,,,,Linear,0.0,47.68,47.68,0.0,0.0,0.0,0.0,0.0,0,0,0,Not applicable as the project or activity is site specific,,NO,NO,NO,2023-11-10T05:49:57.678+00:00,,,,,,,,,,,Leh,,https://parivesh.nic.in/dms/okm/downloadDocument?docTypemappingId=40829&refId=17630512&refType=caf&uuid=1025dbe8-9a20-43df-b2f2-7fea688ca9dd&version=1.3,000903,https://parivesh.nic.in/newupgrade/#/report/ec?proposalId=17850049,93105.0,27435.0
18089902,Construction of Road Nidder- Kyun Tso(Total Length 38.931 km) to NHSL specification under 93 RCC/755 BRTF (P) Himank in Union Terriotory of Ladakh,New,WL/LA/DEF/449483/2023,2023-10-19T06:27:35.639+00:00,,,29.0,22758.463,Ministry of Defense,,Wildlife clearance form,,,,Construction of Road Nidder- Kyun Tso From km 0.000 to km 38.931,LADAKH,Leh,Nyoma,,,,Linear,0.0,29.0,29.0,0.0,0.0,0.0,0.0,0.0,0,0,0,Not applicable as the project or activity is site specific,,NO,NO,NO,2023-11-10T05:47:24.294+00:00,,,,,,,,,,,Leh,,https://parivesh.nic.in/dms/okm/downloadDocument?docTypemappingId=40829&refId=18088620&refType=caf&uuid=6fbef5ce-9185-4722-a2b6-1703d3024b32&version=1.0,000901,https://parivesh.nic.in/newupgrade/#/report/ec?proposalId=18089902,76680.0,24685.0
18582950,Construction of Mudh Tsaga road from km 0.000 to km 54.000 (Total length 54km ) to NHSL specification Under 112 RCC/755 BRTF (P) Himank in Union Territoryof Ladakh.,New,WL/LA/DEF/449800/2023,2023-10-21T08:36:45.751+00:00,,,40.23,30993.1871,Ministry of Defense,,Wildlife clearance form,,,,Construction of MUDH-TSAGA Road from km 0.000 to km 54.000,LADAKH,Leh,Nyoma,,,,Linear,0.0,40.23,40.23,0.0,0.0,0.0,0.0,0.0,0,0,0,Not applicable as the project or activity is site specific,,NO,NO,NO,2023-11-10T05:57:54.542+00:00,,,,,,,,,,,Leh,,https://parivesh.nic.in/dms/okm/downloadDocument?docTypemappingId=40829&refId=17619055&refType=caf&uuid=3c17e5b5-ef1c-44a6-8379-c5c73790352b&version=1.3,0,https://parivesh.nic.in/newupgrade/#/report/ec?proposalId=18582950,204400.0,204600.0
21323740,"CONSTRUCTION OF PROPOSED 4G MOBILE TOWER  AT VILLAGE NAME TERCHEY  
BTS ID - UVJKLEH00585 SUB DISTT. NUBRA, DISTT. LEH, & AREA OF WILDLIFE LAND REQUIRED UNDER 4G SATURATION PROJECT, BSNL LEH",New,WL/LA/CommPost/451032/2023,2023-11-02T07:37:47.872+00:00,,,0.0186,24.0,BHARAT SANCHAR NIGAM LIMITED,,Wildlife clearance form,,,,4G Saturation Project Terchey,LADAKH,Nubra,Terchey,,,,Non - Linear,0.0,0.0186,0.0186,0.0,0.0,0.0,0.0,0.0,0,0,0,Not applicable as the project or activity is site specific,,NO,NO,NO,2023-11-02T08:01:43.575+00:00,,,,,,,,,,,Leh,,https://parivesh.nic.in/dms/okm/downloadDocument?docTypemappingId=40829&refId=21323075&refType=caf&uuid=5d26b1b1-5fc9-495b-be6c-0641ce8539ae&version=1.0,922,https://parivesh.nic.in/newupgrade/#/report/ec?proposalId=21323740,365.0,365.0
21329021,"CONSTRUCTION OF PROPOSED 4G MOBILE TOWER  AT VILLAGE NAME SKANPUK  BTS ID - UVJKLEH00524 SUB DISTT. NUBRA, DISTT. LEH, & AREA OF WILDLIFE LAND REQUIRED UNDER 4G SATURATION PROJECT, BSNL LEH",New,WL/LA/CommPost/451049/2023,2023-11-02T09:03:08.268+00:00,,,0.0186,24.0,BHARAT SANCHAR NIGAM LIMITED,,Wildlife clearance form,,,,4G Saturation Project Skanpuk,LADAKH,Nubra,Skanpuk,,,,Non - Linear,0.0,0.0186,0.0186,0.0,0.0,0.0,0.0,0.0,0,0,0,Not applicable as the project or activity is site specific,,NO,NO,NO,2023-11-02T09:31:58.453+00:00,,,,,,,,,,,Leh,,https://parivesh.nic.in/dms/okm/downloadDocument?docTypemappingId=40829&refId=21327767&refType=caf&uuid=75f284a2-e174-4ba6-a216-fe75ff8e22a2&version=1.0,000925,https://parivesh.nic.in/newupgrade/#/report/ec?proposalId=21329021,365.0,365.0
21332116,"CONSTRUCTION OF PROPOSED 4G MOBILE TOWER  AT VILLAGE NAME PARTAP PORE  BTS ID - UVJKLEH00551 SUB DISTT. NUBRA, DISTT. LEH, & AREA OF WILDLIFE LAND REQUIRED UNDER 4G SATURATION PROJECT, BSNL LEH",New,WL/LA/CommPost/451065/2023,2023-11-02T09:59:23.462+00:00,,,0.0186,24.0,BHARAT SANCHAR NIGAM LIMITED,,Wildlife clearance form,,,,4G Saturation Project Partap Pore,LADAKH,Nubra,Partap Pore,,,,Non - Linear,0.0,0.0186,0.0186,0.0,0.0,0.0,0.0,0.0,0,0,0,Not applicable as the project or activity is site specific,,NO,NO,NO,2023-11-02T10:18:29.609+00:00,,,,,,,,,,,Leh,,https://parivesh.nic.in/dms/okm/downloadDocument?docTypemappingId=40829&refId=21331936&refType=caf&uuid=fb66b983-014a-46a4-abeb-18db5e43b81c&version=1.0,000926,https://parivesh.nic.in/newupgrade/#/report/ec?proposalId=21332116,365.0,365.0
21341159,BSNL Mobile tower under 4G Saturation Project on Dunera to Atal setu road km 5-6 R/side at village Dukhneyali  Khasra No. 858 & 860 area closed under section 4 of PLPA 1900  Tehsil   Dhar Kalan Forest Division and District Pathankot.,New,WL/LA/CommPost/451100/2023,2023-11-02T11:52:22.360+00:00,,,0.0109,30.0,BHARAT SANCHAR NIGAM LIMITED,,Wildlife clearance form,,,,4G Saturation project Tsongkhakharu,LADAKH,Dhar Kalan,Dukhan Iyali (407),,,858 860,Non - Linear,0.0,0.0109,0.0109,0.0,0.0,0.0,0.0,0.0,0,0,0,Not applicable as the project or activity is site specific,,NO,NO,NO,2023-11-02T12:02:04.738+00:00,,,,,,,,,,,Pathankot,858 860,https://parivesh.nic.in/dms/okm/downloadDocument?docTypemappingId=40829&refId=21339773&refType=caf&uuid=d4d6e7b8-6147-4d41-bfe2-bbe452217926&version=1.1;https://parivesh.nic.in/dms/okm/downloadDocument?docTypemappingId=40829&refId=21339594&refType=caf&uuid=2e88cf5e-199f-4ceb-8407-2bb053343eb3&version=1.0,27377,https://parivesh.nic.in/newupgrade/#/report/ec?proposalId=21341159,732.0,367.0
21343104,"CONSTRUCTION OF PROPOSED 4G MOBILE TOWER  AT VILLAGE NAME HUNDAR (EXISTING BSNL 2G/3G SITE)  BTS ID - UVJKLEH00550 SUB DISTT. NUBRA, DISTT. LEH, & AREA OF WILDLIFE LAND REQUIRED UNDER 4G SATURATION PROJECT, BSNL LEH",New,WL/LA/CommPost/451109/2023,2023-11-02T12:15:56.100+00:00,,,0.0186,24.0,BHARAT SANCHAR NIGAM LIMITED,,Wildlife clearance form,,,,4G Saturation Project Hundar,LADAKH,Nubra,Hundar,,,,Non - Linear,0.0,0.0186,0.0186,0.0,0.0,0.0,0.0,0.0,0,0,0,Not applicable as the project or activity is site specific,,NO,NO,NO,2023-11-02T12:24:20.337+00:00,,,,,,,,,,,Leh,,https://parivesh.nic.in/dms/okm/downloadDocument?docTypemappingId=40829&refId=21342937&refType=caf&uuid=23a64253-497e-44bd-b9a1-54744c8e1c15&version=1.0,000928,https://parivesh.nic.in/newupgrade/#/report/ec?proposalId=21343104,365.0,365.0
21344598,"CONSTRUCTION OF PROPOSED 4G MOBILE TOWER  AT VILLAGE NAME KURI (NEAR GONPA)  BTS 
ID - UVJKLEH00583 SUB DISTT. NUBRA, DISTT. LEH, & AREA OF WILDLIFE LAND REQUIRED UNDER 4G SATURATION PROJECT, BSNL LEH",New,WL/LA/CommPost/451118/2023,2023-11-02T12:39:45.876+00:00,,,0.0186,24.0,BHARAT SANCHAR NIGAM LIMITED,,Wildlife clearance form,,,,4G Saturation Project Kuri,LADAKH,Nubra,Chamshan Charasa,,,,Non - Linear,0.0,0.0186,0.0186,0.0,0.0,0.0,0.0,0.0,0,0,0,Not applicable as the project or activity is site specific,,NO,NO,NO,2023-11-02T12:48:34.075+00:00,,,,,,,,,,,Leh,,https://parivesh.nic.in/dms/okm/downloadDocument?docTypemappingId=40829&refId=21344340&refType=caf&uuid=f2f9058c-e813-4a22-a2dc-51ba39fb0736&version=1.0,930,https://parivesh.nic.in/newupgrade/#/report/ec?proposalId=21344598,365.0,365.0
21347816,"CONSTRUCTION OF PROPOSED 4G MOBILE TOWER  AT VILLAGE NAME DISKIT(TSAKING)  BTS ID - UVJKLEH00549 SUB DISTT. NUBRA, DISTT. LEH, & AREA OF WILDLIFE LAND REQUIRED UNDER 4G SATURATION PROJECT, BSNL LEH",New,WL/LA/CommPost/451130/2023,2023-11-02T15:19:41.054+00:00,,,0.0186,24.0,BHARAT SANCHAR NIGAM LIMITED,,Wildlife clearance form,,,,4G Saturation Project Diskit,LADAKH,Nubra,Diskit,,,,Non - Linear,0.0,0.0186,0.0186,0.0,0.0,0.0,0.0,0.0,0,0,0,Not applicable as the project or activity is site specific,,NO,NO,NO,2023-11-03T12:42:54.111+00:00,,,,,,,,,,,Leh,,https://parivesh.nic.in/dms/okm/downloadDocument?docTypemappingId=40829&refId=21347752&refType=caf&uuid=fa0f4d9c-8299-4756-b712-26c15da52ce2&version=1.0,000929,https://parivesh.nic.in/newupgrade/#/report/ec?proposalId=21347816,365.0,365.0
21348485,"CONSTRUCTION OF PROPOSED 4G MOBILE TOWER  AT VILLAGE NAME BOGDANG (SKILKHORE)  
BTS ID - UVJKLEH00588 SUB DISTT. NOBRA, DISTT. LEH, WILDLIFE LAND REQUIRED UNDER 4G SATURATION PROJECT, 
BSNL LEH",New,WL/LA/CommPost/451132/2023,2023-11-02T16:13:14.523+00:00,,,0.0186,12.0,MAHESH NAIR,,Wildlife clearance form,,,,4G Saturation Project Bogdang,LADAKH,Nubra,Bogdang,,,,Non - Linear,0.0,0.0186,0.0186,0.0,0.0,0.0,0.0,0.0,0,0,0,Not applicable as the project or activity is site specific,,NO,NO,NO,2023-11-03T12:38:24.303+00:00,,,,,,,,,,,Leh,,https://parivesh.nic.in/dms/okm/downloadDocument?docTypemappingId=40829&refId=21348398&refType=caf&uuid=af98a22e-9897-4ae9-89b7-d653727dffe5&version=1.1,000915,https://parivesh.nic.in/newupgrade/#/report/ec?proposalId=21348485,365.0,365.0
21575018,"CONSTRUCTION OF PROPOSED 4G MOBILE TOWER  AT VILLAGE NAME CHALUNKHA (CHUTHA)  BTS 
ID - UVJKLEH00582 SUB DISTT. NUBRA, DISTT. LEH, & AREA OF WILDLIFE LAND REQUIRED UNDER 4G SATURATION PROJECT, BSNL LEH",New,WL/LA/CommPost/451190/2023,2023-11-03T08:29:40.635+00:00,,,0.0186,24.0,BHARAT SANCHAR NIGAM LIMITED,,Wildlife clearance form,,,,4G Saturation Project Chalunkha,LADAKH,Nubra,Chulungkha,,,,Non - Linear,0.0,0.0186,0.0186,0.0,0.0,0.0,0.0,0.0,0,0,0,Not applicable as the project or activity is site specific,,NO,NO,NO,2023-11-03T12:33:24.684+00:00,,,,,,,,,,,Leh,,https://parivesh.nic.in/dms/okm/downloadDocument?docTypemappingId=40829&refId=21574513&refType=caf&uuid=fd086151-7639-43a0-ad51-4e66f8cf7159&version=1.0,000914,https://parivesh.nic.in/newupgrade/#/report/ec?proposalId=21575018,365.0,365.0
21576370,"CONSTRUCTION OF PROPOSED 4G MOBILE TOWER  AT VILLAGE NAME KAKSET (MANEY GANG)  BTS ID - UVJKLEH00544 SUB DISTT. DURBUK, DISTT. LEH, & AREA OF WILDLIFE LAND REQUIRED UNDER 4G SATURATION PROJECT, BSNL LEH",New,WL/LA/CommPost/451198/2023,2023-11-03T08:57:08.822+00:00,,,0.0186,24.0,BHARAT SANCHAR NIGAM LIMITED,,Wildlife clearance form,,,,4G Saturation Project Kakset,LADAKH,Leh,NA,,,,Non - Linear,0.0,0.0186,0.0186,0.0,0.0,0.0,0.0,0.0,0,0,0,Not applicable as the project or activity is site specific,,NO,NO,NO,2023-11-03T12:07:59.595+00:00,,,,,,,,,,,Leh,,https://parivesh.nic.in/dms/okm/downloadDocument?docTypemappingId=40829&refId=21575753&refType=caf&uuid=10d5efc8-60aa-4ced-a091-bb9e6a16e413&version=1.2,0,https://parivesh.nic.in/newupgrade/#/report/ec?proposalId=21576370,365.0,365.0
21579574,"CONSTRUCTION OF PROPOSED 4G MOBILE TOWER  AT VILLAGE NAME MERAK  BTS ID - UVJKLEH00543 SUB DISTT. DURBUK, DISTT. LEH, & AREA OF WILDLIFE LAND REQUIRED UNDER 4G SATURATION PROJECT, BSNL LEH",New,WL/LA/CommPost/451206/2023,2023-11-03T09:29:34.050+00:00,,,0.0186,24.0,BHARAT SANCHAR NIGAM LIMITED,,Wildlife clearance form,,,,4G Saturation Project Merak,LADAKH,Leh,NA,,,,Non - Linear,0.0,0.0186,0.0186,0.0,0.0,0.0,0.0,0.0,0,0,0,Not applicable as the project or activity is site specific,,NO,NO,NO,2023-11-03T12:04:31.162+00:00,,,,,,,,,,,Leh,,https://parivesh.nic.in/dms/okm/downloadDocument?docTypemappingId=40829&refId=21579327&refType=caf&uuid=594ad468-34ab-4fb2-bbb1-22b94de1bc80&version=1.0,"",https://parivesh.nic.in/newupgrade/#/report/ec?proposalId=21579574,365.0,365.0
21582801,"CONSTRUCTION OF PROPOSED 4G MOBILE TOWER  AT VILLAGE NAME RAKURU  BTS ID - UVJKLEH00584 SUB DISTT. NUBRA, DISTT. LEH, & AREA OF WILDLIFE LAND REQUIRED UNDER 4G SATURATION PROJECT, 
BSNL LEH",New,WL/LA/CommPost/451218/2023,2023-11-03T10:09:34.987+00:00,,,0.0186,24.0,BHARAT SANCHAR NIGAM LIMITED,,Wildlife clearance form,,,,4G Saturation Project Rakuru,LADAKH,Nubra,Skuru,,,,Non - Linear,0.0,0.0186,0.0186,0.0,0.0,0.0,0.0,0.0,0,0,0,Not applicable as the project or activity is site specific,,NO,NO,NO,2023-11-03T11:54:04.662+00:00,,,,,,,,,,,Leh,,https://parivesh.nic.in/dms/okm/downloadDocument?docTypemappingId=40829&refId=21582452&refType=caf&uuid=7de451fb-7b5b-454d-b18c-8a366458f848&version=1.0,923,https://parivesh.nic.in/newupgrade/#/report/ec?proposalId=21582801,365.0,365.0
21589935,"CONSTRUCTION OF PROPOSED 4G MOBILE TOWER  AT VILLAGE NAME TANGYAR  BTS ID - UVJKLEH00525 SUB DISTT. NUBRA, DISTT. LEH, & AREA OF WILDLIFE LAND REQUIRED UNDER 4G SATURATION PROJECT, BSNL LEH",New,WL/LA/CommPost/451238/2023,2023-11-03T11:36:21.912+00:00,,,0.0186,24.0,BHARAT SANCHAR NIGAM LIMITED,,Wildlife clearance form,,,,4G Saturation Project Tangyar,LADAKH,Nubra,Tangyar,,,,Non - Linear,0.0,0.0186,0.0186,0.0,0.0,0.0,0.0,0.0,0,0,0,Not applicable as the project or activity is site specific,,NO,NO,NO,2023-11-03T11:44:28.823+00:00,,,,,,,,,,,Leh,,https://parivesh.nic.in/dms/okm/downloadDocument?docTypemappingId=40829&refId=21589417&refType=caf&uuid=51ee683a-e1c4-452e-9012-ae2cc5c9f9cb&version=1.0,000938,https://parivesh.nic.in/newupgrade/#/report/ec?proposalId=21589935,365.0,365.0
21814490,"CONSTRUCTION OF PROPOSED 4G MOBILE TOWER  AT VILLAGE NAME TIRITH (SHAM KANGLOK) BTS ID - UVJKLEH00461 SUB DISTT. NUBRA, DISTT. LEH, & AREA OF WILDLIFE LAND REQUIRED UNDER 4G SATURATION PROJECT, BSNL LEH",New,WL/LA/CommPost/451304/2023,2023-11-04T06:09:26.522+00:00,,,0.0186,24.0,BHARAT SANCHAR NIGAM LIMITED,,Wildlife clearance form,,,,4G Saturation Project Tirith,LADAKH,Nubra,Turtok,,,,Non - Linear,0.0,0.0186,0.0186,0.0,0.0,0.0,0.0,0.0,0,0,0,Not applicable as the project or activity is site specific,,NO,NO,NO,2023-11-04T06:18:33.544+00:00,,,,,,,,,,,Leh,,https://parivesh.nic.in/dms/okm/downloadDocument?docTypemappingId=40829&refId=21813924&refType=caf&uuid=197ddfd0-73a0-4860-9993-dcf37e4a3361&version=1.0,913,https://parivesh.nic.in/newupgrade/#/report/ec?proposalId=21814490,365.0,365.0
21816228,"CONSTRUCTION OF PROPOSED 4G MOBILE TOWER  AT VILLAGE NAME THANGA CHATHANG (THANG)   BTS ID - UVJKLEH00589 SUB DISTT. NUBRA, DISTT. LEH, & AREA OF WILDLIFE LAND REQUIRED UNDER 4G SATURATION PROJECT, BSNL LEH",New,WL/LA/CommPost/451312/2023,2023-11-04T06:40:51.260+00:00,,,0.0186,24.0,BHARAT SANCHAR NIGAM LIMITED,,Wildlife clearance form,,,,4G Saturation Project Thanga Chathang,LADAKH,Nubra,Thanga Chathang,,,,Non - Linear,0.0,0.0186,0.0186,0.0,0.0,0.0,0.0,0.0,0,0,0,Not applicable as the project or activity is site specific,,NO,NO,NO,2023-11-04T06:48:16.122+00:00,,,,,,,,,,,Leh,,https://parivesh.nic.in/dms/okm/downloadDocument?docTypemappingId=40829&refId=21815831&refType=caf&uuid=0d094d2a-3423-4cac-a05e-ce295932bf51&version=1.0,000911,https://parivesh.nic.in/newupgrade/#/report/ec?proposalId=21816228,365.0,365.0
21817147,"CONSTRUCTION OF PROPOSED 4G MOBILE TOWER  AT VILLAGE NAME WARISFISTAN (WARIS)  BTS ID - UVJKLEH00578 SUB DISTT. NUBRA, DISTT. LEH, & AREA OF WILDLIFE LAND REQUIRED UNDER 4G SATURATION PROJECT, BSNL LEH",New,WL/LA/CommPost/451318/2023,2023-11-04T07:01:14.600+00:00,,,0.0186,24.0,BHARAT SANCHAR NIGAM LIMITED,,Wildlife clearance form,,,,4G Saturation Project Warisfistan (Waris),LADAKH,Nubra,Warisfistan,,,,Non - Linear,0.0,0.0186,0.0186,0.0,0.0,0.0,0.0,0.0,0,0,0,Not applicable as the project or activity is site specific,,NO,NO,NO,2023-11-04T07:08:43.552+00:00,,,,,,,,,,,Leh,,https://parivesh.nic.in/dms/okm/downloadDocument?docTypemappingId=40829&refId=21817019&refType=caf&uuid=b5048b55-64c5-4493-b80c-d1f30c437ad4&version=1.0,916,https://parivesh.nic.in/newupgrade/#/report/ec?proposalId=21817147,365.0,365.0
21833399,"CONSTRUCTION OF PROPOSED 4G MOBILE TOWER  AT VILLAGE NAME PANGONG SHOOTING POINT(PANGONG VALLEY)  BTS ID - UVJKLEH00545 SUB DISTT. DURBUK, DISTT. LEH, & AREA OF WILDLIFE LAND REQUIRED UNDER 4G SATURATION PROJECT, BSNL LEH",New,WL/LA/CommPost/451381/2023,2023-11-04T12:37:56.867+00:00,,,0.0186,24.0,BHARAT SANCHAR NIGAM LIMITED,,Wildlife clearance form,,,,4G Saturation Project Pangong  Valley,LADAKH,Leh,NA,,,,Non - Linear,0.0,0.0186,0.0186,0.0,0.0,0.0,0.0,0.0,0,0,0,Not applicable as the project or activity is site specific,,NO,NO,NO,2023-11-04T13:25:35.818+00:00,,,,,,,,,,,Leh,,https://parivesh.nic.in/dms/okm/downloadDocument?docTypemappingId=40829&refId=21833056&refType=caf&uuid=e64165be-bf33-4e10-ad10-2038113cf97e&version=1.0,0,https://parivesh.nic.in/newupgrade/#/report/ec?proposalId=21833399,365.0,365.0
23022242,"CONSTRUCTION OF PROPOSED 4G MOBILE TOWER  AT VILLAGE NAME BOGDANG (SKILKHORE)  BTS ID - UVJKLEH00588 SUB DISTT. NUBRA, DISTT. LEH, WILDLIFE LAND REQUIRED UNDER 4G SATURATION PROJECT, BSNL LEH",New,WL/LA/CommPost/451850/2023,2023-11-09T06:40:55.470+00:00,,,0.0186,24.0,BHARAT SANCHAR NIGAM LIMITED,,Wildlife clearance form,,,,4G Saturation Project BOGDANG (SKILKHORE),LADAKH,Nubra,Bogdang,,,,Non - Linear,0.0,0.0186,0.0186,0.0,0.0,0.0,0.0,0.0,0,0,0,Not applicable as the project or activity is site specific,,NO,NO,NO,2023-11-09T07:00:50.786+00:00,,,,,,,,,,,Leh,,https://parivesh.nic.in/dms/okm/downloadDocument?docTypemappingId=40829&refId=23021935&refType=caf&uuid=fe57bb80-79e3-4313-8545-bf276c9b5789&version=1.0,000915,https://parivesh.nic.in/newupgrade/#/report/ec?proposalId=23022242,365.0,365.0
24896232,"Mobile Communication Tower construction proposed at Thang, to connect these backward areas and connect them to digital mainstream.",New,WL/LA/CommPost/452547/2023,2023-11-17T10:26:13.499+00:00,,,0.0334,20.0,RELIANCE JIO INFOCOMM KASHMIR CIRCLE,,Wildlife clearance form,,,,"Erection of Mobile Communications Tower at Thang, District Leh, UT of Ladakh",LADAKH,Nubra,Turtok,,,,Non - Linear,0.0334,0.0,0.0334,0.0,0.0,0.0,0.0,0.0,0,0,0,Not applicable as the project or activity is site specific,,NO,NO,NO,2023-11-18T05:12:44.070+00:00,,,,,,,,,,,Leh,,https://parivesh.nic.in/dms/okm/downloadDocument?docTypemappingId=40829&refId=24632882&refType=caf&uuid=e4c44e4f-25e6-49bd-9130-d59ed2a20c2e&version=1.5,913,https://parivesh.nic.in/newupgrade/#/report/ec?proposalId=24896232,32.0,365.0
25844510,"Mobile Communication Tower erection activity proposed at Tibra, a remote place which sans basic network connectivity.",New,WL/LA/CommPost/452854/2023,2023-11-21T07:09:15.783+00:00,,,0.0334,25.0,RELIANCE JIO INFOCOMM KASHMIR CIRCLE,,Wildlife clearance form,,,,Erection of Mobile Communication Tower at Tibra Tegazong in UT of Ladakh,LADAKH,Leh,NA,,,,Non - Linear,0.0334,0.0,0.0334,0.0,0.0,0.0,0.0,0.0,0,0,0,Not applicable as the project or activity is site specific,,NO,NO,NO,2023-11-21T07:41:07.653+00:00,,,,,,,,,,,Leh,,https://parivesh.nic.in/dms/okm/downloadDocument?docTypemappingId=40829&refId=25591107&refType=caf&uuid=5bf5dcc9-29b9-48ea-beac-3ef118819969&version=1.2,"",https://parivesh.nic.in/newupgrade/#/report/ec?proposalId=25844510,40.0,365.0
42063026,THIS PROJECT IS ONE OF THE MOST IMPORTANT AND HIGHLY BENEFICIAL FOR THE LEH TOWN WHICH INVOLVES  LAYING OF THE  OUTLET PIPE OF 300 MM DIA NP-3 RCC PIPE TO BE EXTENDED FROM AGLING JUNCTION UPTO RIVER INDUS WHICH PASSES FROM FOREST LAND  FOR A LENGTH OF 135 METRE BEHIND HOTEL DEWACHAN TO DISPOSE OFF THE SEWAGE TREATED WATER FOR DILUTION IN THE MAIN WATER BODY. THE PIPE LINE SHALL BE LAID 1.5 METRE BELOW GROUND LEVEL AND THE FOREST LAND SUPPOSED TO BE INVOLVED WILL BE 0.027 HA WITH ABOUT 30 NO OF POPLAR/WILLOW TREE TO BE FELL DOWN TO PAVE THE WAY FOR LAYING OF RCC NP-3 PIPE. THE IDEA OF THE PIPE LINE TO BE PASSED FROM THE FOREST LAND IS TO DISPOSE OFF THE SURPLUS SEWAGE TREATED WATER DURING WINTER AND WHEN THE SEASON IS OFF FOR REUSE OF THE SEWAGE TREATED WATER FOR PLANTATION AND AGRICULTURAL PURPOSES IN THE TOWN AREA AND TO AVOID DAMAGE TO PROPERTIES DUE TO FREEZING OF THE SURFACE WATER. BEING THE LIFELINE IN RESPECT OF SEWERAGE SYSTEM OF LEH TOWN.,New,FP/LA/Pipeline/460138/2024,2024-01-28T12:26:31.324+00:00,2024-11-25T05:01:07.370+00:00,Final Diversion Order Issued,0.117,113.65,Department of Irrigation,,Forest clearance form,,,,EXTENSION OF STP OUTLET PIPE UPTO DEWACHAN HOTEL AGLING,LADAKH,Leh,Chuglamsar (CT),,,,Linear,0.09,0.027,0.117,0.0,0.0,0.0,0.0,0.0,0,0,0,Not applicable as the project or activity is site specific,,NO,NO,NO,2024-05-03T18:30:00.000+00:00,Degraded Forest Land,true,EXECUTIVE ENGINEER IGO PHEY DIVISION LEH HOUSING COLONY,LEH CITY,37,State Government (Department/Autonomous body),EXECUTIVE ENGINEER,LEH,37,,Leh,,https://parivesh.nic.in/dms/okm/downloadDocument?docTypemappingId=40829&refId=12952956&refType=caf&uuid=fc9b268f-3f1a-4dcf-a7ef-368961b51232&version=1.0;https://parivesh.nic.in/dms/okm/downloadDocument?docTypemappingId=58989&refId=12952956&refType=FC&uuid=3c505ab7-e2a5-4e4a-bbad-54f3a81db772&version=1.2,000910,https://parivesh.nic.in/newupgrade/#/report/ec?proposalId=42063026,252.0,2196.0
47367994,construction of DBO-Karakoram pass from KM0.00 to KM 14.00 (total length 14 Km),New,WL/LA/DEF/463163/2024,2024-02-17T05:09:23.190+00:00,,,16.3,7910.35,Ministry of Defense,,Wildlife clearance form,,,,Karakoram pass - 14Km,LADAKH,Leh,NA,,,,Linear,0.0,16.3,16.3,0.0,0.0,0.0,0.0,0.0,0,0,0,Not applicable as the project or activity is site specific,,NO,NO,NO,2024-02-21T13:27:02.272+00:00,,,,,,,,,,,Leh,,https://parivesh.nic.in/dms/okm/downloadDocument?docTypemappingId=40829&refId=47319186&refType=caf&uuid=2de22f1a-4e44-4094-b2bc-420fe5e67c8a&version=1.1,"",https://parivesh.nic.in/newupgrade/#/report/ec?proposalId=47367994,19693.0,19693.0
47875715,Construction and Upgradation of ICBR-III Link road from Chusul - Lukung to Thakung Post (Taking off from Km 12.500 from road Chusul to Lukung ) including LA/FC/WLC from Km 0.000 to Km 5.842 (Net Length 5.842 Km) to NHSL (SBA) specification in AoR of 51 RCC/50 BRTF under Project Himank in UT of Ladakh.,New,WL/LA/DEF/463268/2024,2024-02-18T07:38:32.050+00:00,,,4.38,2964.3,Ministry of Defense,,Wildlife clearance form,,,,Chusul - Lukung to Thakung Road - 5.842Km,LADAKH,Leh,NA,,,,Linear,0.0,4.38,4.38,0.0,0.0,0.0,0.0,0.0,0,0,0,Not applicable as the project or activity is site specific,,NO,NO,NO,2024-02-19T07:41:07.042+00:00,,,,,,,,,,,Leh,,https://parivesh.nic.in/dms/okm/downloadDocument?docTypemappingId=40829&refId=47661124&refType=caf&uuid=216bde0b-7b62-4955-a5de-ad3787a4cddd&version=1.0,"",https://parivesh.nic.in/newupgrade/#/report/ec?proposalId=47875715,14615.0,14615.0
49060093,"Construction of Durbuk- Shyok- Daulat Beg Oldie to Saser-Brangsa- Gapshan Link Road from KM 0.00 to KM 7.750 ( Total -7.750 km ) to NHSL specification under 78 RCC/50 BRFT, Himank in Union Territory of Ladakh",New,WL/LA/DEF/463771/2024,2024-02-22T12:19:16.303+00:00,,,7.75,6238.2,Ministry of Defense,,Wildlife clearance form,,,,D-S-DBO to S-B-G Link road- 7.750km,LADAKH,Nubra,NA,,,,Linear,0.0,7.75,7.75,0.0,0.0,0.0,0.0,0.0,0,0,0,Not applicable as the project or activity is site specific,,NO,NO,NO,2024-02-23T10:30:19.726+00:00,,,,,,,,,,,Leh,,https://parivesh.nic.in/dms/okm/downloadDocument?docTypemappingId=40829&refId=48217674&refType=caf&uuid=d17e86bc-e4af-4bc1-b92c-f478311b325e&version=1.0,"",https://parivesh.nic.in/newupgrade/#/report/ec?proposalId=49060093,86189.0,2991.0
49377073,Establishment of 124 RCC(GREF) at Nyoma in total area of 9.41 hectare,New,WL/LA/DEF/464001/2024,2024-02-24T10:37:46.241+00:00,,,9.41,1000.0,Ministry of Defense,,Wildlife clearance form,,,,"Establishment of 124 RCC at Nyoma""",LADAKH,Leh,Nyoma,,,,Non - Linear,0.0,9.41,9.41,0.0,0.0,0.0,0.0,0.0,0,0,0,Not applicable as the project or activity is site specific,,NO,NO,NO,2024-02-24T11:40:52.941+00:00,,,,,,,,,,,Leh,,https://parivesh.nic.in/dms/okm/downloadDocument?docTypemappingId=40829&refId=48814157&refType=caf&uuid=ca93fa66-5578-4330-9b8b-a791ff3595d1&version=1.1,000901,https://parivesh.nic.in/newupgrade/#/report/ec?proposalId=49377073,50400.0,1968000.0
49904912,"CONSTRUCTION OF DURBUK-SHYOK-DAULAT BEG OLDIE TO TRACK JN ROAD FROM KM 0.000 TO KM 13.700 (TOTAL -13.7 KM) TO NHSL SPECIFICATION UNDER 78 RCC / 50BRTF, HIMANK IN UNION TERRITORY OF LADAKH",New,WL/LA/DEF/464112/2024,2024-02-26T09:25:11.922+00:00,,,20.55,11799.22,Ministry of Defense,,Wildlife clearance form,,,,D-S-DBO to Track JN - 13.700 km,LADAKH,Nubra,NA,,,,Linear,0.0,20.55,20.55,0.0,0.0,0.0,0.0,0.0,0,0,0,Not applicable as the project or activity is site specific,,NO,NO,NO,2024-03-11T07:47:47.298+00:00,,,,,,,,,,,Leh,,https://parivesh.nic.in/dms/okm/downloadDocument?docTypemappingId=40829&refId=49668616&refType=caf&uuid=a4b516c0-fbee-48c2-99b5-2b25a993e6f6&version=1.0,"",https://parivesh.nic.in/newupgrade/#/report/ec?proposalId=49904912,249526.0,5417.0
52467124,The Total land area is 659.47 Kanal (33.36 Ha.) and the Developing Processing facilities & Sanitary Landfill Area: - 541 Kanal 15 Marla (274180 SQM /27.418 Ha.). The Environment Clearance is required for SWM project for a targeted Production of 30 TPD of Solid Waste. This is Violation Case as construction of Sanitary landfill area has been done on the site.,New,IA/LA/INFRA2/465537/2024,2024-03-09T10:49:34.676+00:00,,Proposal returned in present form,33.36,1094.0,Ministry of Housing and Urban Affairs,Natureanalytica Envirocare Solutions Pvt Ltd.,Environment clearance form,TOR,A,Common Municipal Solid Waste Management Facility (CMSWMF),"Integrated Municipal Solid Waste Management Facility Project at Skampari, Leh",LADAKH,Leh,Saboo,21-378/2024-IA.III,,"10901, 10902, 10903 & 10904",Non - Linear,33.36,0.0,33.36,0.0,0.0,0.0,0.0,0.0,0,0,0,NO,As construction of Sanitary landfill area has been done on the site,NO,NO,YES,2024-05-04T10:03:53.907+00:00,,,,,,,,,,,Leh,"10901, 10902, 10903 & 10904",https://parivesh.nic.in/dms/okm/downloadDocument?docTypemappingId=40829&refId=52232320&refType=caf&uuid=7983c2fc-aa12-4cc8-9338-04c545106ee3&version=1.0,856,https://parivesh.nic.in/newupgrade/#/report/ec?proposalId=52467124,15012.0,60020.0
53115249,"1 JAK RIF has veen entrusted  for Construction and Installation of Waste Disposal and Processing Plant at Hanle village (UT of Ladakh). Waste management is an essential step towards a neat and clean environment and also reduces pollution. Hanle is an approved military station in Eastern Ladakh. a total eight major units and nine minor units are permanently located at Hanle Military Station. Presently there is no provision of waste disposal in Hanle for civilians residing in Hanle and nearby tourism season, an average of 500-1000 tourist visit at Hanle every day which result inn accumulation of sizeable amount of garbge and waste. This leads to pullulation and health hazards to the inhabitants of the area. In addition, Hanle village is located Changthang wild life sanctuary where littering of garbage and waste products will adversely effect the environment, water bodies and grass lands. Therefore, a suitable method of garbage and waste disposal system is required",New,WL/LA/DEF/465822/2024,2024-03-13T07:21:29.221+00:00,,,0.0151,79.94859,Ministry of Defense,,Wildlife clearance form,,,,CONSTRUCTION AND INSTALLATION OF WASTE DISPOSAL AND PROCESSING PLANT AT HANLE VILLAGE (UT OF LADAKH),LADAKH,Leh,NA,,,,Non - Linear,0.0151,0.0,0.0151,0.0,0.0,0.0,0.0,0.0,0,0,0,Not applicable as the project or activity is site specific,,NO,NO,NO,2024-03-13T08:25:34.435+00:00,,,,,,,,,,,Leh,,https://parivesh.nic.in/dms/okm/downloadDocument?docTypemappingId=40829&refId=51042953&refType=caf&uuid=61b22d4e-edfb-4e72-afe4-bacdceb7119f&version=1.3,0,https://parivesh.nic.in/newupgrade/#/report/ec?proposalId=53115249,1810.0,1835.0
58597571,"The said land is being held/ occupied to house troops and operational boats of an Army. The occupied area has 08 x Living Shelter, 10 x Boat & Store Shelter, 01 x Cook House cum Dining Hall Shelter and 02 x Laterine cum Bathroom Cubile.",New,WL/LA/SRY/468300/2024,2024-04-03T15:13:34.529+00:00,,,4.47,467.70254,Ministry of Defense,,Wildlife clearance form,,,,BOAT SHED AREA AT LUKUNG,LADAKH,Leh,NA,,,,Non - Linear,4.47,0.0,4.47,0.0,0.0,0.0,0.0,0.0,0,0,0,Not applicable as the project or activity is site specific,,NO,NO,NO,2024-04-03T15:19:26.380+00:00,,,,,,,,,,,Leh,,https://parivesh.nic.in/dms/okm/downloadDocument?docTypemappingId=40829&refId=46769766&refType=caf&uuid=ef1f4292-8cd9-44a8-838b-b1176e820377&version=1.4,0,https://parivesh.nic.in/newupgrade/#/report/ec?proposalId=58597571,1500.0,37230.0
58865546,"The said land being held/ occupied for operation of Boats, offices, housing of troops and living shelters for operational and administrative works.",New,WL/LA/SRY/468400/2024,2024-04-04T13:12:56.393+00:00,,,7.1,706.06046,Ministry of Defense,,Wildlife clearance form,,,,INLAND WATER TRANSPORT PLATOON AT LUKUNG,LADAKH,"",NA,,,,Non - Linear,7.1,0.0,7.1,0.0,0.0,0.0,0.0,0.0,0,0,0,Not applicable as the project or activity is site specific,,NO,NO,NO,2024-04-04T14:18:26.605+00:00,,,,,,,,,,,Leh,,https://parivesh.nic.in/dms/okm/downloadDocument?docTypemappingId=40829&refId=58846210&refType=caf&uuid=4b37074f-e465-4f2b-9d0c-d77f84789e99&version=1.0,"",https://parivesh.nic.in/newupgrade/#/report/ec?proposalId=58865546,2250.0,51100.0
58867515,"The land is required for housing troops of an Infantry Battalion, which compose of officers, JCO's and Other Ranks of the battalion. The land will held for housing offices for command and control of operational activities, living shelters for troops, store shelters for storing equipments, arms and ammunitions and vehicles. The land will be required to be held for a long period of time.",New,WL/LA/SRY/468406/2024,2024-04-04T15:05:13.569+00:00,,,23.8,102.5,Ministry of Defense,,Wildlife clearance form,,,,INFANTRY BATTALION CAMP AT ERATH II,LADAKH,Leh,NA,,,,Non - Linear,23.8,0.0,23.8,0.0,0.0,0.0,0.0,0.0,0,0,0,Not applicable as the project or activity is site specific,,NO,NO,NO,2024-04-04T15:08:18.685+00:00,,,,,,,,,,,Leh,,https://parivesh.nic.in/dms/okm/downloadDocument?docTypemappingId=40829&refId=58867169&refType=caf&uuid=2020f0fd-fe17-4cdb-87c9-905d3b8a7af5&version=1.0,"",https://parivesh.nic.in/newupgrade/#/report/ec?proposalId=58867515,1500.0,37230.0
59164451,The land is held for establishment of communication network for Indian Army. The land is occupied by a Signals Mobile Telecommunication Tower as part of communication network (ASCON Node) to facilitate and provide communication to Army during War and Peace.,New,WL/LA/SRY/468583/2024,2024-04-06T07:23:04.141+00:00,,,0.24,25.0,Ministry of Defense,,Wildlife clearance form,,,,ARMY SIGNALS MOBILE TELECOMMUNICATION TOWER (ASCON NODE) AT LUKUNG,LADAKH,"",NA,,,,Non - Linear,0.24,0.0,0.24,0.0,0.0,0.0,0.0,0.0,0,0,0,Not applicable as the project or activity is site specific,,NO,NO,NO,2024-04-06T07:28:34.490+00:00,,,,,,,,,,,Leh,,https://parivesh.nic.in/dms/okm/downloadDocument?docTypemappingId=40829&refId=58867644&refType=caf&uuid=376b83f8-bc74-4f1a-b900-de02d6a75ed0&version=1.0,"",https://parivesh.nic.in/newupgrade/#/report/ec?proposalId=59164451,40.0,3650.0
69742559,The road Leh Chalunka passes over Ladakh range connecting the Indus valley with shayok valley this is the only means of motorized means of road communication over the Ladakh range essential for the movement of operation and administrative vehicle for the armed forces and also for the civil population.,New,WL/LA/DEF/474155/2024,2024-05-21T08:36:30.394+00:00,,,4.98,6392.3,Border Roads Organisation,,Wildlife clearance form,,,,Upgradation of Leh Chalunka Road from CL-9 to NHDL Specification from 95.00 km to 108.00 km,LADAKH,Nubra,Khalsar,,,,Linear,0.0,4.98,4.98,0.0,0.0,0.0,0.0,0.0,0,0,0,Not applicable as the project or activity is site specific,,NO,NO,NO,2024-05-21T08:48:20.421+00:00,,,,,,,,,,,Leh,,https://parivesh.nic.in/dms/okm/downloadDocument?docTypemappingId=40829&refId=69741886&refType=caf&uuid=041ca9a4-1293-41ca-a027-f18cf9c602d5&version=1.1,000934,https://parivesh.nic.in/newupgrade/#/report/ec?proposalId=69742559,14620.0,14620.0
70425385,"Approximately 40.468 Hectares to Officers, Junior Commissioned Officers, Non-Commissioned Officers and other ranks of Air Defence Regiment. The location will encompass living shelters for above mentioned troops, office shelters for command & control of operational activities, administration and conduct of training. Store Shelters for storing administrative stores to include ration and FOL and lubricants, for storing arms, ammunition and operational equipment's. Space and shelters for for parking Boats and armaments. Shelters for rest and re-coup of troops, recreation entertainment and general need facilities.  Open spaces for conduct of physical training , honing arms and ammunition skills and conduct of battle drills and procedures and as per housing colonies norms.",New,WL/LA/SRY/474778/2024,2024-05-23T06:39:41.194+00:00,,,40.468,2283.50654,Ministry of Defense,,Wildlife clearance form,,,,Nidder,LADAKH,,,,,,Linear,40.468,0.0,40.468,0.0,0.0,0.0,0.0,0.0,0,0,0,Not applicable as the project or activity is site specific,,NO,NO,NO,2024-05-23T06:49:24.298+00:00,,,,,,,,,,,,,https://parivesh.nic.in/dms/okm/downloadDocument?docTypemappingId=40829&refId=70418902&refType=caf&uuid=7a1c5806-2af2-4f2d-92c0-a41fe4329503&version=1.0,,https://parivesh.nic.in/newupgrade/#/report/ec?proposalId=70425385,18100.0,292100.0
70431821,WLC,New,WL/LA/DEF/474801/2024,2024-05-23T07:23:03.207+00:00,,,7.1,723.71197,Ministry of Defense,,Wildlife clearance form,,,,INLAND WATER TRANSPORT PLATOON AT LUKUNG,LADAKH,"",NA,,,1602,Non - Linear,0.0,7.1,7.1,0.0,0.0,0.0,0.0,0.0,0,0,0,Not applicable as the project or activity is site specific,,NO,NO,NO,2024-05-31T14:30:48.977+00:00,,,,,,,,,,,Leh,1602,https://parivesh.nic.in/dms/okm/downloadDocument?docTypemappingId=40829&refId=70416089&refType=caf&uuid=ee2e1b80-5a70-4cad-a3a3-debe4e86e56a&version=1.2,0,https://parivesh.nic.in/newupgrade/#/report/ec?proposalId=70431821,9130.0,9125.0
73187042,WLC,New,WL/LA/DEF/478450/2024,2024-06-02T16:17:07.376+00:00,,,4.47,479.3951,Ministry of Defense,,Wildlife clearance form,,,,BOAT SHED AREA AT LUKUNG,LADAKH,"",NA,,,1650,Non - Linear,0.0,4.47,4.47,0.0,0.0,0.0,0.0,0.0,0,0,0,Not applicable as the project or activity is site specific,,NO,NO,NO,2024-06-03T08:19:28.588+00:00,,,,,,,,,,,Leh,1650,https://parivesh.nic.in/dms/okm/downloadDocument?docTypemappingId=40829&refId=73186747&refType=caf&uuid=66836384-6510-460a-9d94-12b8ba489082&version=1.1,"",https://parivesh.nic.in/newupgrade/#/report/ec?proposalId=73187042,9130.0,18250.0
73193069,WLC,New,WL/LA/DEF/478470/2024,2024-06-03T04:51:16.867+00:00,,,23.8,11.02793,Ministry of Defense,,Wildlife clearance form,,,,INFANTRY BATTALION CAMP AT ERATH II,LADAKH,Leh,NA,,,2605,Non - Linear,0.0,23.8,23.8,0.0,0.0,0.0,0.0,0.0,0,0,0,Not applicable as the project or activity is site specific,,NO,NO,NO,2024-06-03T09:00:43.806+00:00,,,,,,,,,,,Leh,2605,https://parivesh.nic.in/dms/okm/downloadDocument?docTypemappingId=40829&refId=73191675&refType=caf&uuid=accc5250-7268-4599-a4e2-f887ae957f9b&version=1.0,"",https://parivesh.nic.in/newupgrade/#/report/ec?proposalId=73193069,9135.0,4510.0
73602558,WLC,New,WL/LA/DEF/478834/2024,2024-06-04T09:14:53.760+00:00,,,0.92,14.69465,Ministry of Defense,,Wildlife clearance form,,,,TRAFFIC CONTROL POST NO 01,LADAKH,Leh,NA,,,1440,Non - Linear,0.0,0.92,0.92,0.0,0.0,0.0,0.0,0.0,0,0,0,Not applicable as the project or activity is site specific,,NO,NO,NO,2024-06-08T04:32:07.155+00:00,,,,,,,,,,,Leh,1440,https://parivesh.nic.in/dms/okm/downloadDocument?docTypemappingId=40829&refId=73598287&refType=caf&uuid=7ca5ba24-9d5a-4abf-b64f-1188d3cea679&version=1.0,"",https://parivesh.nic.in/newupgrade/#/report/ec?proposalId=73602558,5475.0,450.0
73621605,WLC,New,WL/LA/DEF/478876/2024,2024-06-04T10:24:41.787+00:00,,,3.1,15054.0,Ministry of Defense,,Wildlife clearance form,,,,TRAFFIC CONTROL POST NO 02 AT PARMA,LADAKH,Leh,NA,,,1441,Non - Linear,0.0,3.1,3.1,0.0,0.0,0.0,0.0,0.0,0,0,0,Not applicable as the project or activity is site specific,,NO,NO,NO,2024-06-08T04:22:47.337+00:00,,,,,,,,,,,Leh,1441,https://parivesh.nic.in/dms/okm/downloadDocument?docTypemappingId=40829&refId=73620760&refType=caf&uuid=69c199da-0ea6-4edc-80af-4e1dda10a1f0&version=1.1,"",https://parivesh.nic.in/newupgrade/#/report/ec?proposalId=73621605,5475.0,11680.0
73955647,WLC,New,WL/LA/DEF/479047/2024,2024-06-05T07:13:17.373+00:00,,,3.71,2050.0,Ministry of Defense,,Wildlife clearance form,,,,POST OF INFANTRY BATTALION (IGLOO) AT PARMA,LADAKH,Leh,NA,,,NOT HELD,Non - Linear,0.0,3.71,3.71,0.0,0.0,0.0,0.0,0.0,0,0,0,Not applicable as the project or activity is site specific,,NO,NO,NO,2024-06-08T04:08:50.779+00:00,,,,,,,,,,,Leh,NOT HELD,https://parivesh.nic.in/dms/okm/downloadDocument?docTypemappingId=40829&refId=73952808&refType=caf&uuid=532d7043-fe69-4bbc-a065-4b9c19293fa0&version=1.0,"",https://parivesh.nic.in/newupgrade/#/report/ec?proposalId=73955647,3660.0,7300.0
73961608,WLC,New,WL/LA/DEF/479063/2024,2024-06-05T07:51:20.837+00:00,,,5.76,7.02154,Ministry of Defense,,Wildlife clearance form,,,,POST OF ARTILLERY REGIMENT (FASF),LADAKH,Leh,NA,,,NOT HELD,Non - Linear,0.0,5.76,5.76,0.0,0.0,0.0,0.0,0.0,0,0,0,Not applicable as the project or activity is site specific,,NO,NO,NO,2024-06-08T03:57:09.062+00:00,,,,,,,,,,,Leh,NOT HELD,https://parivesh.nic.in/dms/okm/downloadDocument?docTypemappingId=40829&refId=73960827&refType=caf&uuid=d1a103a2-3671-4530-bb8b-7a5c3205e28d&version=1.0,"",https://parivesh.nic.in/newupgrade/#/report/ec?proposalId=73961608,3660.0,11680.0
73968647,WLC,New,WL/LA/DEF/479091/2024,2024-06-05T08:50:14.702+00:00,,,0.023,25.0,Ministry of Defense,,Wildlife clearance form,,,,ARMY SIGNALS MOBILE TELE COMMUNICATION TOWER (ASCON NODE) AT LUKUNG,LADAKH,"",NA,,,1602,Non - Linear,0.0,0.023,0.023,0.0,0.0,0.0,0.0,0.0,0,0,0,Not applicable as the project or activity is site specific,,NO,NO,NO,2024-06-08T08:17:39.637+00:00,,,,,,,,,,,Leh,1602,https://parivesh.nic.in/dms/okm/downloadDocument?docTypemappingId=40829&refId=73196068&refType=caf&uuid=18e6d551-c24b-4af3-b157-eb2d3232d318&version=1.0,"",https://parivesh.nic.in/newupgrade/#/report/ec?proposalId=73968647,1825.0,730.0
74042371,The road Leh Chalunka passes over Ladakh range connecting the Indus valley with shayok valley this is the only means of motorized means of road communication over the Ladakh range essential for the movement of operation and administrative vehicle for the armed forces and also for the civil population.,New,WL/LA/DEF/479290/2024,2024-06-05T16:44:52.566+00:00,,,4.98,6392.3,Border Roads Organisation,,Wildlife clearance form,,,,Upgradation of Leh Chalunka Road from CL-9 to NHDL Specification from 95.00 km to 108.00 km,LADAKH,Nubra,Khalsar,,,,Linear,0.0,4.98,4.98,0.0,0.0,0.0,0.0,0.0,0,0,0,Not applicable as the project or activity is site specific,,NO,NO,NO,2024-06-05T17:33:51.266+00:00,,,,,,,,,,,Leh,,https://parivesh.nic.in/dms/okm/downloadDocument?docTypemappingId=40829&refId=74041844&refType=caf&uuid=0123ca65-b2ac-4fe1-8915-aa6e34b9bd82&version=1.0,000934,https://parivesh.nic.in/newupgrade/#/report/ec?proposalId=74042371,14620.0,14620.0
77651504,CONSTRUCTION/UPGRADATION OF DBO TO BPM HUT ROAD FROM KM 0.000 TO KM 10.260 (NET LENGTH 10.260 KMS) TO NHSL SPECIFICATION IN AOR OF 78 RCC/50BRTF UNDER PROJECT HIMANK IN LADAKH UNION TERRITORY.,New,WL/LA/DEF/483146/2024,2024-06-22T09:08:03.064+00:00,,,24.624,10488.52,Ministry of Defense,,Wildlife clearance form,,,,CONSTRUCTION/UPGRADATION OF DBO TO BPM HUT ROAD (NET LENGTH 10.260 KMS) TO NHSL SPECIFICATION IN LADAKH UNION TERRITORY,LADAKH,"",NA,,,,Linear,0.0,24.624,24.624,0.0,0.0,0.0,0.0,0.0,0,0,0,Not applicable as the project or activity is site specific,,NO,NO,NO,2024-06-22T10:44:53.097+00:00,,,,,,,,,,,Leh,,https://parivesh.nic.in/dms/okm/downloadDocument?docTypemappingId=40829&refId=77596357&refType=caf&uuid=20f47a52-7b56-4983-a675-6844e58df3a6&version=1.2,"",https://parivesh.nic.in/newupgrade/#/report/ec?proposalId=77651504,246800.0,5880.0
83407033,Approx 33.47 Hectares for housing troops of an Artillery Regiment and Field Hospital. Land required for safe guarding national frontiers against external aggression and also for emergency medical care of patients.,New,WL/LA/DEF/487332/2024,2024-07-11T14:12:15.484+00:00,,,33.47,1441.58,Ministry of Defense,,Wildlife clearance form,,,,ARTILLERY REGIMENT ROCKFALL & FIELD HOSPITAL AT BOGDANG,LADAKH,Nubra,Bogdang,,,1392,Non - Linear,0.0,33.47,33.47,0.0,0.0,0.0,0.0,0.0,0,0,0,Not applicable as the project or activity is site specific,,NO,NO,NO,2024-07-11T14:58:16.189+00:00,,,,,,,,,,,Leh,1392,https://parivesh.nic.in/dms/okm/downloadDocument?docTypemappingId=40829&refId=83405289&refType=caf&uuid=4fbcd3b2-34cf-491d-851e-1c4c2bc294f1&version=1.0,915,https://parivesh.nic.in/newupgrade/#/report/ec?proposalId=83407033,7300.0,76650.0
83663192,"Approx 21.28 Hectares to house troops of Artillery Regiment to include living shelters, store shelters, administrative offices and related infrastructure.",New,WL/LA/DEF/487427/2024,2024-07-12T07:27:09.725+00:00,,,21.28,756.24,Ministry of Defense,,Wildlife clearance form,,,,ARTILLERY REGIMENT AT SKAMPUK,LADAKH,Nubra,Skanpuk,,,"712, 714/698",Hybrid,0.0,21.28,21.28,0.0,0.0,0.0,0.0,0.0,0,0,0,Not applicable as the project or activity is site specific,,NO,NO,NO,2024-07-12T08:14:07.684+00:00,,,,,,,,,,,Leh,"712, 714/698",https://parivesh.nic.in/dms/okm/downloadDocument?docTypemappingId=40829&refId=83661484&refType=caf&uuid=9e805b7a-5768-4ef8-a8ba-4dbb52d6577f&version=1.0,000925,https://parivesh.nic.in/newupgrade/#/report/ec?proposalId=83663192,7300.0,149650.0
83710582,"Approx 15.36 Hectares to house personnel and research facilities of DIHAR to include living shelters, store shelters, administrative offices, and related infrastructure.",New,WL/LA/DEF/487551/2024,2024-07-12T13:25:21.578+00:00,,,15.36,450.0,Ministry of Defense,,Wildlife clearance form,,,,DIHAR AT SKAMPUK,LADAKH,Nubra,Skanpuk,,,"766, 755",Non - Linear,0.0,15.36,15.36,0.0,0.0,0.0,0.0,0.0,0,0,0,Not applicable as the project or activity is site specific,,NO,NO,NO,2024-07-12T13:42:20.454+00:00,,,,,,,,,,,Leh,"766, 755",https://parivesh.nic.in/dms/okm/downloadDocument?docTypemappingId=40829&refId=83659914&refType=caf&uuid=00d4c7eb-3ea7-43cd-bad4-df465a79195c&version=1.0,000925,https://parivesh.nic.in/newupgrade/#/report/ec?proposalId=83710582,10950.0,10950.0
83711998,"Approx 0.649 Hectares to house troops of Infantry Battalion to include living shelters, store shelters, administrative offices and related infrastructure.",New,WL/LA/DEF/487555/2024,2024-07-12T13:57:11.466+00:00,,,0.649,1391.83,Ministry of Defense,,Wildlife clearance form,,,,INFANTRY BATTALION AT THANG B,LADAKH,Nubra,Taksi,,,310/301,Non - Linear,0.0,0.649,0.649,0.0,0.0,0.0,0.0,0.0,0,0,0,Not applicable as the project or activity is site specific,,NO,NO,NO,2024-07-12T14:14:09.356+00:00,,,,,,,,,,,Leh,310/301,https://parivesh.nic.in/dms/okm/downloadDocument?docTypemappingId=40829&refId=83657290&refType=caf&uuid=70dce64e-8e2c-4bd1-9702-289696486f3b&version=1.2,000912,https://parivesh.nic.in/newupgrade/#/report/ec?proposalId=83711998,113150.0,113150.0
83712644,"Approx 4.60 Hectares for housing troops of an Engineer Regiment housing living shelters, Administrative offices, Stores and Bridging Equipment and associated infrastructure.",New,WL/LA/DEF/487557/2024,2024-07-12T14:20:36.572+00:00,,,4.6,522.44,Ministry of Defense,,Wildlife clearance form,,,,ENGINEER REGIMENT AT SKAMPUK,LADAKH,Nubra,Skanpuk,,,757,Non - Linear,0.0,4.6,4.6,0.0,0.0,0.0,0.0,0.0,0,0,0,Not applicable as the project or activity is site specific,,NO,NO,NO,2024-07-12T14:33:49.695+00:00,,,,,,,,,,,Leh,757,https://parivesh.nic.in/dms/okm/downloadDocument?docTypemappingId=40829&refId=83656407&refType=caf&uuid=1e7b09f3-540f-4852-96e9-5ce4baba7d4a&version=1.1,000925,https://parivesh.nic.in/newupgrade/#/report/ec?proposalId=83712644,25550.0,25550.0
84782552,"The diversion of land is required for construction of Formation Ammunition Storage Facility (FASF) at Photi La near Koyul village. Units of Indian Army require storage of ammunition during active operations. The construction of Formation Ammunition Storage Facility in Photi La is essential to facilitate adequate storage, supervision and smooth drawl of ammunition by the units. It will also facilitate lesser reaction time for drawl of ammunition resulting in quick operational deployment of the units. In order to construct FASF, 40.5 Hectare (100 Acre) of Changthang Cold Desert Wildlife Sanctuary land is required for diversion. Approximate cost of the Project is Rs 9146.67 Lakhs.",New,WL/LA/SRY/488125/2024,2024-07-16T08:49:12.115+00:00,,,40.5,9146.67,Ministry of Defense,,Wildlife clearance form,,,,FORMATION AMMUNI STORAGE FACILITY PHOTI LA,LADAKH,Leh,NA,,,,Non - Linear,0.0,40.5,40.5,0.0,0.0,0.0,0.0,0.0,0,0,0,Not applicable as the project or activity is site specific,,NO,NO,NO,2024-07-16T09:26:50.621+00:00,,,,,,,,,,,Leh,,https://parivesh.nic.in/dms/okm/downloadDocument?docTypemappingId=40829&refId=84776240&refType=caf&uuid=887cf0cc-ca22-4a31-b3e4-8809c9c087fb&version=1.3,"",https://parivesh.nic.in/newupgrade/#/report/ec?proposalId=84782552,950.0,0.0
85069643,The road Leh Chalunka passes over Ladakh range connecting the Indus valley with Shyok valley this is the only means of motorized means of road communications over the Ladakh range essential for the movement  for the armed forces and also for the civil populations.,New,WL/LA/DEF/488259/2024,2024-07-17T04:57:22.798+00:00,,,5.91,6392.3,Border Roads Organisation,,Wildlife clearance form,,,,Upgradation of Leh Chalunka Road from CL-9 to NHDL Specifications from 95.00km to 108.00km,LADAKH,Nubra,Khalsar,,,,Linear,0.0,5.91,5.91,0.0,0.0,0.0,0.0,0.0,0,0,0,Not applicable as the project or activity is site specific,,NO,NO,NO,2024-07-20T07:30:25.698+00:00,,,,,,,,,,,Leh,,https://parivesh.nic.in/dms/okm/downloadDocument?docTypemappingId=40829&refId=82453102&refType=caf&uuid=55426d8f-98b8-4d40-aa90-fb40defb455a&version=1.0,000934,https://parivesh.nic.in/newupgrade/#/report/ec?proposalId=85069643,14620.0,14620.0
86494676,"Approx 7.931 Hectares to house troops of Reconnaisance and Observation flight to include living shelters, store shelters, administrative offices, helicopter hangers and related infrastructure.",New,WL/LA/DEF/489096/2024,2024-07-22T05:01:45.228+00:00,,,7.931,676.14,Ministry of Defense,,Wildlife clearance form,,,,RECONNAISSANCE AND OBSERVATION FLIGHT AT PARTAPUR,LADAKH,Nubra,Partap Pore,,,376/294-295 & 377/715/698,Non - Linear,0.0,7.931,7.931,0.0,0.0,0.0,0.0,0.0,0,0,0,Not applicable as the project or activity is site specific,,NO,NO,NO,2024-07-22T05:24:50.344+00:00,,,,,,,,,,,Leh,376/294-295 & 377/715/698,https://parivesh.nic.in/dms/okm/downloadDocument?docTypemappingId=40829&refId=83652720&refType=caf&uuid=317176cf-45c9-492e-b8b3-7df4df52fc3f&version=1.1,000926,https://parivesh.nic.in/newupgrade/#/report/ec?proposalId=86494676,36500.0,21900.0
86499681,"Approx 0.63 Hectares of land for creation of infrastructure for training of troops, trial of equipment, conduct of battle drills and honing of military skills.",New,WL/LA/DEF/489109/2024,2024-07-22T05:59:10.630+00:00,,,0.63,100.0,Ministry of Defense,,Wildlife clearance form,,,,INFANTRY BATTALION AT TURTUK ZANGPAL,LADAKH,Nubra,Turtok,,,2754,Non - Linear,0.0,0.63,0.63,0.0,0.0,0.0,0.0,0.0,0,0,0,Not applicable as the project or activity is site specific,,NO,NO,NO,2024-07-22T06:18:04.967+00:00,,,,,,,,,,,Leh,2754,https://parivesh.nic.in/dms/okm/downloadDocument?docTypemappingId=40829&refId=86496910&refType=caf&uuid=c0d268b1-59f9-4fb1-b238-f91e2af718f1&version=1.0,913,https://parivesh.nic.in/newupgrade/#/report/ec?proposalId=86499681,5475.0,5475.0
86522730,Wildlife Clearance,New,WL/LA/DEF/489200/2024,2024-07-22T09:04:36.944+00:00,,,1.96,86.849,Ministry of Defense,,Wildlife clearance form,,,,"100M HUME PIPE CULVERT, NYOMA",LADAKH,Leh,Nyoma,,,NA,Linear,0.0,1.96,1.96,0.0,0.0,0.0,0.0,0.0,0,0,0,Not applicable as the project or activity is site specific,,NO,NO,NO,2024-07-27T08:48:27.726+00:00,,,,,,,,,,,Leh,NA,https://parivesh.nic.in/dms/okm/downloadDocument?docTypemappingId=40829&refId=86520711&refType=caf&uuid=bdef4158-b3d8-402c-96f8-614c57c281f0&version=1.0,000901,https://parivesh.nic.in/newupgrade/#/report/ec?proposalId=86522730,72.0,0.0
86864288,Construction of Welcome Gate for Indus River at Koyul Village,New,WL/LA/SRY/489426/2024,2024-07-23T15:12:55.932+00:00,,,0.0004,12.0,Ministry of Defense,,Wildlife clearance form,,,,Construction of Welcome Gate for Indus River at Koyul Village,LADAKH,Leh,NA,,,,Non - Linear,0.0,0.0004,0.0004,0.0,0.0,0.0,0.0,0.0,0,0,0,Not applicable as the project or activity is site specific,,NO,NO,NO,2024-07-26T16:31:25.820+00:00,,,,,,,,,,,Leh,,https://parivesh.nic.in/dms/okm/downloadDocument?docTypemappingId=40829&refId=85651979&refType=caf&uuid=0ed3cceb-51ad-4fbf-b98b-c3f6b005e99f&version=1.0,"",https://parivesh.nic.in/newupgrade/#/report/ec?proposalId=86864288,1800.0,0.0
87127055,CONSTRUCTION OF TRADITIONAL ENTRY GATE FOR DEMCHOK VILLAGE,New,WL/LA/SRY/489471/2024,2024-07-24T09:08:35.864+00:00,,,0.0004,20.0,Ministry of Defense,,Wildlife clearance form,,,,construction of traditional entry gate for Demchok village,LADAKH,Leh,NA,,,,Non - Linear,0.0,0.0004,0.0004,0.0,0.0,0.0,0.0,0.0,0,0,0,Not applicable as the project or activity is site specific,,NO,NO,NO,2024-07-24T09:10:15.234+00:00,,,,,,,,,,,Leh,,https://parivesh.nic.in/dms/okm/downloadDocument?docTypemappingId=40829&refId=85064148&refType=caf&uuid=0284219f-2443-42aa-ab12-1b27aa6bc729&version=1.0,"",https://parivesh.nic.in/newupgrade/#/report/ec?proposalId=87127055,2250.0,0.0
87164397,Construction of Welcome Gate for Indus River at Koyul Village,New,IA/LA/CRZ/489555/2024,2024-07-24T15:28:41.488+00:00,,,0.0004,12.0,Ministry of Defense,,CRZ clearance form,CRZ,,,Construction of Welcome Gate for Indus River at Koyul Village,LADAKH,Leh,NA,,,,Non - Linear,0.0,0.0004,0.0004,0.0,0.0,0.0,0.0,0.0,0,0,0,Not applicable as the project or activity is site specific,,NO,NO,NO,2024-08-16T08:13:39.274+00:00,,,,,,,,,,,Leh,,https://parivesh.nic.in/dms/okm/downloadDocument?docTypemappingId=40829&refId=85651979&refType=caf&uuid=0ed3cceb-51ad-4fbf-b98b-c3f6b005e99f&version=1.0,"",https://parivesh.nic.in/newupgrade/#/report/ec?proposalId=87164397,1800.0,0.0
87772174,"Construction of Office-cum-Residence of ITBF at Korzok village. The village is located at strategically important route towards  LAC.  Threre is a need for vigilance along the border, particularly LAC and hence, the construction of Check Post/CP of ITBF in strategically important location will help to maintain a close watch from security angle along the LAC.",New,WL/LA/INFRA/489844/2024,2024-07-26T11:17:51.892+00:00,,,0.13,163.6185781,"Intelligence Bureau,MHA,Government of India",,Wildlife clearance form,,,,Pre-Fab Structure at Korzok village.,LADAKH,Leh,Karzok,,,,Hybrid,0.0,0.13,0.13,0.0,0.0,0.0,0.0,0.0,0,0,0,NO,The site for construction of OCR of ITBF has been acquired from Korzok village,NO,NO,NO,2024-09-10T12:27:17.535+00:00,,,,,,,,,,,Leh,,https://parivesh.nic.in/dms/okm/downloadDocument?docTypemappingId=40829&refId=79178186&refType=caf&uuid=0383bd8c-26c2-4c92-8be9-a3e792620852&version=1.0,000899,https://parivesh.nic.in/newupgrade/#/report/ec?proposalId=87772174,21903.0,363.0
89496073,"For the construction of the 66 KV double circuit transmission line, we are constructing 121 towers extending from the Drass 220/66 KV substation to the 66/11 KV Zojila East Portal substation. Out of these, 35 towers will be situated on private land, for which we require approximately 0.701 hectares of land. Additionally, 7 towers will be located on forest land, necessitating the acquisition of 2.681 hectares of forest land. The remaining 79 towers will be situated on state land.

The right of way (ROW) for the transmission line in forest area is set at 18 meters, ensuring adequate space for the infrastructure. The total length of the transmission line in forest area will be 1526.28 meters.",New,FP/LA/TRANS/490746/2024,2024-08-01T06:31:58.699+00:00,,DELISTED_BY_SYSTEM,37.941,19500.0,NATIONAL HIGHWAYS & INFRASTRUCTURE DEVELOPMENT CORPORATION LIMITED,,Forest clearance form,,,,Construction of 66KV Double Circuit Transmission line from 220/66 KV Substation Drass to 66/11 KV Zojila East Portal Substation.,LADAKH,Sanku,Goshan,,,,Linear,35.26,2.681,37.941,0.0,0.0,0.0,0.0,0.0,0,0,0,Not applicable as the project or activity is site specific,,NO,NO,NO,2024-08-06T13:23:35.762+00:00,Non-forest Land,true,"3rd Floor, PTI Building, 4- Parliyament Street",,7,"Central PSU (eg. NHAI, AAI, NTP, CIL, SAIL)",General Manager (P),Hotel Jazeera Hangout Balti Bazar Circular Road,37,,Kargil,,https://parivesh.nic.in/dms/okm/downloadDocument?docTypemappingId=40829&refId=83377283&refType=caf&uuid=4ffb74a9-9210-4895-861e-0c9b14793b91&version=1.1;https://parivesh.nic.in/dms/okm/downloadDocument?docTypemappingId=58989&refId=83377283&refType=FC&uuid=9f06eb30-ac9c-466c-98c6-c5c83bc69e55&version=1.0,001003,https://parivesh.nic.in/newupgrade/#/report/ec?proposalId=89496073,278100.0,37800.0
90714700,UG CAVERN AT LOMA,New,WL/LA/SRY/491347/2024,2024-08-05T19:16:57.528+00:00,,,0.35,773.0,Ministry of Defense,,Wildlife clearance form,,,,UG CAVERN AT LOMA,LADAKH,Leh,NA,,,,Linear,0.0,0.35,0.35,0.0,0.0,0.0,0.0,0.0,0,0,0,Not applicable as the project or activity is site specific,,NO,NO,NO,2024-08-05T19:32:42.230+00:00,,,,,,,,,,,Leh,,https://parivesh.nic.in/dms/okm/downloadDocument?docTypemappingId=40829&refId=90714679&refType=caf&uuid=bfa4425d-b288-4ea7-a81b-58073183ba6e&version=1.0,"",https://parivesh.nic.in/newupgrade/#/report/ec?proposalId=90714700,360.0,20.0
93375314,WLC,New,WL/LA/DEF/492851/2024,2024-08-14T12:23:36.531+00:00,,,40.5,9146.67,Ministry of Defense,,Wildlife clearance form,,,,FORMATION AMMUNITION STORAGE FACILITY (FASF) AT PHOTI LA,LADAKH,Leh,Stakna,,,NA,Non - Linear,0.0,40.5,40.5,0.0,0.0,0.0,0.0,0.0,0,0,0,Not applicable as the project or activity is site specific,,NO,NO,NO,2024-08-14T13:20:26.346+00:00,,,,,,,,,,,Leh,NA,https://parivesh.nic.in/dms/okm/downloadDocument?docTypemappingId=40829&refId=93373316&refType=caf&uuid=12c530ab-bb97-45b1-9db5-c6ebea21e417&version=1.0,879,https://parivesh.nic.in/newupgrade/#/report/ec?proposalId=93375314,920.0,3650.0
93631941,WLC,New,WL/LA/DEF/492910/2024,2024-08-15T12:27:31.259+00:00,,,40.468,2283.50654,Ministry of Defense,,Wildlife clearance form,,,,ARMY REGIMENT AT NIDDER,LADAKH,Leh,Mood,,,2033,Non - Linear,0.0,40.468,40.468,0.0,0.0,0.0,0.0,0.0,0,0,0,Not applicable as the project or activity is site specific,,NO,NO,NO,2024-08-16T08:05:47.881+00:00,,,,,,,,,,,Leh,2033,https://parivesh.nic.in/dms/okm/downloadDocument?docTypemappingId=40829&refId=93631365&refType=caf&uuid=99b8b1cb-d478-4ac4-bd84-85df0d0042ab&version=1.0,000902,https://parivesh.nic.in/newupgrade/#/report/ec?proposalId=93631941,2715.0,3650.0
94190626,Construction of Welcome Gate for Indus River at Koyul Village,New,FP/LA/SRY/493108/2024,2024-08-17T07:05:45.634+00:00,,DELISTED_BY_SYSTEM,0.0004,12.0,Ministry of Defense,,Form-C: For seeking prior approval for Exploration & Survey,,,,Construction of Welcome Gate for Indus River at Koyul Village,LADAKH,Leh,NA,,,,Non - Linear,0.0,0.0004,0.0004,0.0,0.0,0.0,0.0,0.0,0,0,0,Not applicable as the project or activity is site specific,,NO,NO,NO,2024-09-12T18:30:00.000+00:00,,,59 RASHTRIYA RIFLES BATTALION (ASSAM),Koyul Village,37,Central Government (Department/Autonomous body),2IC,Koyul Fukche Leh  Ladakh,37,,Leh,,https://parivesh.nic.in/dms/okm/downloadDocument?docTypemappingId=40829&refId=85651979&refType=caf&uuid=0ed3cceb-51ad-4fbf-b98b-c3f6b005e99f&version=1.0,"",https://parivesh.nic.in/newupgrade/#/report/ec?proposalId=94190626,1800.0,0.0
97134968,WLC,New,WL/LA/DEF/494233/2024,2024-08-27T08:18:06.603+00:00,,,7.1,723.71197,Ministry of Defense,,Wildlife clearance form,,,,INLAND WATER TRANSPORT PLATOON AT LUKUNG,LADAKH,Leh,NA,,,1602,Non - Linear,0.0,7.1,7.1,0.0,0.0,0.0,0.0,0.0,0,0,0,Not applicable as the project or activity is site specific,,NO,NO,NO,2024-08-27T08:37:24.590+00:00,,,,,,,,,,,Leh,1602,https://parivesh.nic.in/dms/okm/downloadDocument?docTypemappingId=40829&refId=97132052&refType=caf&uuid=ded716e8-c035-4162-ab80-dbdc6d9fa760&version=1.0,0,https://parivesh.nic.in/newupgrade/#/report/ec?proposalId=97134968,9130.0,9125.0
97887568,The road Leh Chalunka passes over Ladakh range connecting the Indus valley with Shyok valley this is the only means of motorized means of road communication over Ladakh range essential for the movement of operation and administrative vehicle for the armed forces and also for the civil population.,New,WL/LA/DEF/494571/2024,2024-08-29T09:39:49.418+00:00,,,5.91,6392.3,Border Roads Organisation,,Wildlife clearance form,,,,Upgradation of Leh- Chalunka Road from CL-9 to NHDL Specifications from  Km 95.00 to Km 108.00,LADAKH,Nubra,Khalsar,,,,Linear,0.0,5.91,5.91,0.0,0.0,0.0,0.0,0.0,0,0,0,Not applicable as the project or activity is site specific,,NO,NO,NO,2024-08-29T10:37:39.655+00:00,,,,,,,,,,,Leh,,https://parivesh.nic.in/dms/okm/downloadDocument?docTypemappingId=40829&refId=97869880&refType=caf&uuid=4d8954a9-2b2a-4369-ae46-1843bf36ef77&version=1.0,000934,https://parivesh.nic.in/newupgrade/#/report/ec?proposalId=97887568,14620.0,14620.0
99111350,Established fuel station at Khasra no - 2096/12 in Hunder Village at Leh district.,New,WL/LA/PetrolPump/495045/2024,2024-09-02T07:20:43.372+00:00,,,0.09,110.0,INDIAN OIL CORPORATION LIMITED,,Wildlife clearance form,,,,Diversion of 0.09 Ha. Karakuram Shayok Wildlife Sanctuary Land for established a fuel Station in Hunder Village under khasra number 2096/12 having an area of 23 kanal since 1976.,LADAKH,Nubra,Hundar,,,,Non - Linear,0.09,0.0,0.09,0.0,0.0,0.0,0.0,0.0,0,0,0,Not applicable as the project or activity is site specific,,NO,NO,NO,2024-09-02T09:34:03.286+00:00,,,,,,,,,,,Leh,,https://parivesh.nic.in/dms/okm/downloadDocument?docTypemappingId=40829&refId=98209356&refType=caf&uuid=587188f3-4f6d-4181-9e03-0dd56e1494e2&version=1.0,000928,https://parivesh.nic.in/newupgrade/#/report/ec?proposalId=99111350,1095.0,29200.0
99128025,Established Fuel Station at Turtuk Village in Leh District.,New,WL/LA/PetrolPump/495092/2024,2024-09-02T10:07:54.677+00:00,,,0.0735,100.0,INDIAN OIL CORPORATION LIMITED,,Wildlife clearance form,,,,Diversion of 0.0735 Ha Karakuram Shayok Wildlife Sanctuary land for established a fuel station in Turtuk land.,LADAKH,Nubra,Turtok,,,,Non - Linear,0.0735,0.0,0.0735,0.0,0.0,0.0,0.0,0.0,0,0,0,Not applicable as the project or activity is site specific,,NO,NO,NO,2024-09-02T10:23:47.459+00:00,,,,,,,,,,,Leh,,https://parivesh.nic.in/dms/okm/downloadDocument?docTypemappingId=40829&refId=97852228&refType=caf&uuid=299dbba9-43e2-4c2c-ba68-02973f1d75d0&version=1.0,000913,https://parivesh.nic.in/newupgrade/#/report/ec?proposalId=99128025,1095.0,29200.0
99135259,"66 kV Transmission Line Kharu - Phobrang is to be establisehed in Leh District of UT Ladakh under Revamped Distribution Sector Scheme (RDSS) in Transmission Line Package 1. The said Transmission Line is of utmost importance for grid connectivity of Changthang region and its habitation, Army, ITBP and border outposts.",New,WL/LA/TRANS/495110/2024,2024-09-02T11:03:16.343+00:00,,,160.04,10358.0,ENERGY POWER DEPARTMENT,,Wildlife clearance form,,,,66 kV Transmission Line Kharu - Phobrang under RDSS,LADAKH,Leh,Shachokol,,,,Linear,147.06,12.98,160.04,0.0,0.0,0.0,0.0,0.0,0,0,0,Not applicable as the project or activity is site specific,,NO,NO,NO,2024-09-06T08:31:04.992+00:00,,,,,,,,,,,Leh,,https://parivesh.nic.in/dms/okm/downloadDocument?docTypemappingId=40829&refId=96245183&refType=caf&uuid=8f2d05fc-e13a-4fd4-8e65-145e6242a366&version=1.0,000875,https://parivesh.nic.in/newupgrade/#/report/ec?proposalId=99135259,40.0,0.0
99762076,"India Oil Corporation Limited (IOCL) has proposed the new Retail at Outlet “Proposal for Setting up and Operating Retail Outlet Proposed by Indian Oil Corporation Ltd. Leh Ladakh Divisional Office in Turtuk village, within the Karakuram Shayok Wildlife Sanctuary, District – Leh",New,WL/LA/PetrolPump/495415/2024,2024-09-04T15:22:03.386+00:00,,,0.0735,100.0,INDIAN OIL CORPORATION LIMITED,,Wildlife clearance form,,,,Diversion of 0.0735 Ha Karakuram Shayok Wildlife Sanctuary land for established a fuel station in Turtuk land.,LADAKH,Nubra,Turtok,,,,Non - Linear,0.0,0.0735,0.0735,0.0,0.0,0.0,0.0,0.0,0,0,0,Not applicable as the project or activity is site specific,,NO,NO,NO,2024-09-04T15:47:07.046+00:00,,,,,,,,,,,Leh,,https://parivesh.nic.in/dms/okm/downloadDocument?docTypemappingId=40829&refId=99753484&refType=caf&uuid=4632215c-e8c2-4cc9-9811-e3b8c531c01d&version=1.0,000913,https://parivesh.nic.in/newupgrade/#/report/ec?proposalId=99762076,1095.0,29200.0
100047530,Diversion of 0.0225 HA. of Wildlife Land for construction of Mobile Tower for Provision of Mobile network services at Rango under Changthang Cold Desert Wildlife Sanctuary.,New,WL/LA/CommPost/495534/2024,2024-09-05T11:03:57.474+00:00,,,0.0225,99.0,Indus Towers Limited,,Wildlife clearance form,,,,Diversion of 0.0225 HA. of Wildlife Land for construction of Mobile Tower for Provision of Mobile network services at Rango,LADAKH,Leh,NA,,,,Non - Linear,0.0,0.0225,0.0225,0.0,0.0,0.0,0.0,0.0,0,0,0,Not applicable as the project or activity is site specific,,NO,NO,NO,2024-09-05T18:16:12.202+00:00,,,,,,,,,,,Leh,,https://parivesh.nic.in/dms/okm/downloadDocument?docTypemappingId=40829&refId=100013776&refType=caf&uuid=3dbf22ea-c0f0-40ac-a4af-cda90feca247&version=1.0,"",https://parivesh.nic.in/newupgrade/#/report/ec?proposalId=100047530,36.0,36.0
100068263,Diversion of 0.0225 HA. of Wildlife Land for construction of Telecom Tower for Provision of Mobile network services at Phunguk under Changthang Cold Desert WL Sanctuary,New,WL/LA/CommPost/495583/2024,2024-09-05T19:21:08.846+00:00,,,0.0225,25.0,Indus Towers Limited,,Wildlife clearance form,,,,Diversion of 0.0225 HA. of Wildlife Land for construction of Telecom Tower for Provision of Mobile network services at Phunguk,LADAKH,Leh,NA,,,,Non - Linear,0.0,0.0225,0.0225,0.0,0.0,0.0,0.0,0.0,0,0,0,Not applicable as the project or activity is site specific,,NO,NO,NO,2024-09-06T12:37:25.450+00:00,,,,,,,,,,,Leh,,https://parivesh.nic.in/dms/okm/downloadDocument?docTypemappingId=40829&refId=100068018&refType=caf&uuid=ad8a1ef0-ebe9-47ef-88f6-c7c65f6e8aa8&version=1.0,"",https://parivesh.nic.in/newupgrade/#/report/ec?proposalId=100068263,36.0,36.0
100873396,Diversion of 0.0225 HA.of Wildlife Land for construction of Telecom Tower for Provision of Mobile network services at Hanle,New,WL/LA/CommPost/495875/2024,2024-09-08T16:58:15.359+00:00,,,0.0225,25.0,Indus Towers Limited,,Wildlife clearance form,,,,Diversion of 0.0225 HA. of Wildlife Land for construction of Telecom Tower for Provision of Mobile network services at Hanle,LADAKH,Leh,Ney,,,,Non - Linear,0.0,0.0225,0.0225,0.0,0.0,0.0,0.0,0.0,0,0,0,Not applicable as the project or activity is site specific,,NO,NO,NO,2024-09-08T17:43:57.961+00:00,,,,,,,,,,,Leh,,https://parivesh.nic.in/dms/okm/downloadDocument?docTypemappingId=40829&refId=100873352&refType=caf&uuid=f57b5df5-48cd-4b2c-ac05-fcc455aaa227&version=1.0,849,https://parivesh.nic.in/newupgrade/#/report/ec?proposalId=100873396,36.0,36.0
103141629,"The road Leh Chalunka passes over Ladakh range connecting indus valley, shyok valley and futher to Turtuk , this is the only means of motorized means of road communication over the Ladakh range essential for the movement of operation and administrative vehicle for armed forces and alson for the civil populations.",New,WL/LA/DEF/496930/2024,2024-09-16T12:35:32.182+00:00,,,4.35,4260.54,Border Roads Organisation,,Wildlife clearance form,,,,Upgradation of Leh Chalunka road from CL-9 to NHDL specifications from Km 150.00 to Km 160.00,LADAKH,Nubra,Skuru,,,,Linear,0.0,4.35,4.35,0.0,0.0,0.0,0.0,0.0,0,0,0,Not applicable as the project or activity is site specific,,NO,NO,NO,2024-09-17T07:25:14.325+00:00,,,,,,,,,,,Leh,,https://parivesh.nic.in/dms/okm/downloadDocument?docTypemappingId=40829&refId=103140237&refType=caf&uuid=82b59971-2304-439a-80fd-120d4af09e6d&version=1.1,000923,https://parivesh.nic.in/newupgrade/#/report/ec?proposalId=103141629,14620.0,14620.0
104277538,"The Road Leh Chalunka passes over Ladakh range connecting indus valley, shyok valley and further to Turtuk, this is the only means of motorized means of road communication over the Ladakh range essential for the movement of operation and administrative vehicle for armed forces and also for the civil populations.",New,WL/LA/DEF/497379/2024,2024-09-20T04:37:59.298+00:00,,,4.67,5600.2,Border Roads Organisation,,Wildlife clearance form,,,,Upgradation of Leh-Chalunka road from CL-9 to NHDL specifications from Km 160.00 to Km 171.00,LADAKH,Nubra,Dah,,,,Linear,0.0,4.67,4.67,0.0,0.0,0.0,0.0,0.0,0,0,0,Not applicable as the project or activity is site specific,,NO,NO,NO,2024-09-20T14:21:05.159+00:00,,,,,,,,,,,Leh,,https://parivesh.nic.in/dms/okm/downloadDocument?docTypemappingId=40829&refId=104275008&refType=caf&uuid=0fbdc047-e9ac-40c6-8749-6cdac0a9cf73&version=1.0,000939,https://parivesh.nic.in/newupgrade/#/report/ec?proposalId=104277538,17780.0,14620.0
104623450,Diversion of 0.0225 HA. of Wildlife Land for construction of Telecom Tower for Provision of Mobile network services at Merak,New,WL/LA/CommPost/497706/2024,2024-09-21T16:00:55.027+00:00,,,0.0225,25.0,Indus Towers Limited,,Wildlife clearance form,,,,Diversion of 0.0225 HA. of Wildlife Land for construction of Telecom Tower for Provision of Mobile network services at Merak,LADAKH,Leh,NA,,,,Non - Linear,0.0,0.0225,0.0225,0.0,0.0,0.0,0.0,0.0,0,0,0,Not applicable as the project or activity is site specific,,NO,NO,NO,2024-09-22T12:52:10.336+00:00,,,,,,,,,,,Leh,,https://parivesh.nic.in/dms/okm/downloadDocument?docTypemappingId=40829&refId=104343326&refType=caf&uuid=3998f008-7c3f-48e1-b7ec-32c1e0aa13b0&version=1.0,"",https://parivesh.nic.in/newupgrade/#/report/ec?proposalId=104623450,30.0,60.0
108157797,Approx 8 Hectares of land for housing troops of Reconnaissance and Observation flight and holding of helicopters. An important requirement for deployment of Reconnaissance and Observation flight for carrying out extensive flying operations in Siachen Glacier.,New,WL/LA/DEF/499546/2024,2024-10-04T05:15:29.138+00:00,,,8.0,676.14,Ministry of Defense,,Wildlife clearance form,,,,RECONNAISSANCE AND OBSERVATION FLIGHT AT PARTAPUR,LADAKH,Nubra,Partap Pore,,,376/294-295 and 377/715/698,Non - Linear,0.0,8.0,8.0,0.0,0.0,0.0,0.0,0.0,0,0,0,Not applicable as the project or activity is site specific,,NO,NO,NO,2024-10-04T05:46:07.930+00:00,,,,,,,,,,,Leh,376/294-295 and 377/715/698,https://parivesh.nic.in/dms/okm/downloadDocument?docTypemappingId=40829&refId=107905784&refType=caf&uuid=d3d34d20-711a-4cfa-8f63-d885c38abd15&version=1.0,000926,https://parivesh.nic.in/newupgrade/#/report/ec?proposalId=108157797,73000.0,21900.0
108207460,Approx 21.2 Hectares of land for housing troops of an Artillery Regiment. This is an important requirement for deployment of an Artillery Regiment for guarding our national frontiers from external aggression.,New,WL/LA/DEF/499789/2024,2024-10-04T16:08:14.497+00:00,,,21.2,756.24,Ministry of Defense,,Wildlife clearance form,,,,ARTILLERY REGIMENT AT SKAMPUK,LADAKH,Nubra,Skanpuk,,,712 and 714/698,Non - Linear,0.0,21.2,21.2,0.0,0.0,0.0,0.0,0.0,0,0,0,Not applicable as the project or activity is site specific,,NO,NO,NO,2024-10-04T16:24:46.629+00:00,,,,,,,,,,,Leh,712 and 714/698,https://parivesh.nic.in/dms/okm/downloadDocument?docTypemappingId=40829&refId=108207099&refType=caf&uuid=5b3407a7-d4a4-46ae-b554-409b1d55646b&version=1.0,000925,https://parivesh.nic.in/newupgrade/#/report/ec?proposalId=108207460,116800.0,113150.0
108209152,"Approx 4.6 Hectares for housing troops of an Engineer Regiment. An important requirement for deployment of an Engineer Regiment for construction of shelters, bridges, maintenance of roads and airfields for troops movement.",New,WL/LA/DEF/499792/2024,2024-10-04T16:42:23.789+00:00,,,4.6,522.44,Ministry of Defense,,Wildlife clearance form,,,,ENGINEER REGIMENT AT SKAMPUK,LADAKH,Nubra,Skanpuk,,,757,Non - Linear,0.0,4.6,4.6,0.0,0.0,0.0,0.0,0.0,0,0,0,Not applicable as the project or activity is site specific,,NO,NO,NO,2024-10-04T16:53:16.915+00:00,,,,,,,,,,,Leh,757,https://parivesh.nic.in/dms/okm/downloadDocument?docTypemappingId=40829&refId=108209079&refType=caf&uuid=2f12f961-60b5-4bfd-88a5-c3a503bf2f1a&version=1.0,000925,https://parivesh.nic.in/newupgrade/#/report/ec?proposalId=108209152,25550.0,21900.0
108489366,Approx 33.4 Hectares of land for housing troops of an Artillery Regiment and Field Hospital. This is an important requirement for deployment of Artillery Regiment for safeguarding national frontiers & Field Hospital for providing emergency medical care.,New,WL/LA/DEF/499886/2024,2024-10-05T09:50:59.565+00:00,,,33.4,1441.58,Ministry of Defense,,Wildlife clearance form,,,,ARTILLERY REGIMENT ROCKFALL AND FIELD HOSPITAL AT BOGDANG,LADAKH,Nubra,Bogdang,,,1392,Non - Linear,0.0,33.4,33.4,0.0,0.0,0.0,0.0,0.0,0,0,0,Not applicable as the project or activity is site specific,,NO,NO,NO,2024-10-05T10:02:05.772+00:00,,,,,,,,,,,Leh,1392,https://parivesh.nic.in/dms/okm/downloadDocument?docTypemappingId=40829&refId=108488662&refType=caf&uuid=c8adbd1c-454a-4ca2-975b-a9ceaea55263&version=1.0,000915,https://parivesh.nic.in/newupgrade/#/report/ec?proposalId=108489366,80300.0,76650.0
108492216,Approx 0.65 Hectares of land for housing troops of an Infantry Battalion. An important requirement for deployment of an Infantry Battalion for guarding our national frontiers from external aggression.,New,WL/LA/DEF/499893/2024,2024-10-05T10:19:33.514+00:00,,,0.65,1391.83,Ministry of Defense,,Wildlife clearance form,,,,INFANTRY BATTALION AT THANG B,LADAKH,Nubra,Taksi,,,310/301,Non - Linear,0.0,0.65,0.65,0.0,0.0,0.0,0.0,0.0,0,0,0,Not applicable as the project or activity is site specific,,NO,NO,NO,2024-10-05T10:31:43.702+00:00,,,,,,,,,,,Leh,310/301,https://parivesh.nic.in/dms/okm/downloadDocument?docTypemappingId=40829&refId=108491419&refType=caf&uuid=7e328295-7a27-451d-87db-61545b90a1d8&version=1.0,000912,https://parivesh.nic.in/newupgrade/#/report/ec?proposalId=108492216,21900.0,20075.0
108762920,Approx 15.3 Hectares of land for housing personnel and research facilities of DIHAR. This is an important requirement for deployment of DIHAR for research and high altitude testing.,New,WL/LA/DEF/499998/2024,2024-10-06T15:50:10.112+00:00,,,15.3,450.0,Ministry of Defense,,Wildlife clearance form,,,,DIHAR AT SKAMPUK,LADAKH,Nubra,Skanpuk,,,766 and 755,Non - Linear,0.0,15.3,15.3,0.0,0.0,0.0,0.0,0.0,0,0,0,Not applicable as the project or activity is site specific,,NO,NO,NO,2024-10-06T16:09:55.495+00:00,,,,,,,,,,,Leh,766 and 755,https://parivesh.nic.in/dms/okm/downloadDocument?docTypemappingId=40829&refId=108762661&refType=caf&uuid=1a9d14b8-da8b-4d7a-bc61-6fc7090c810d&version=1.0,000925,https://parivesh.nic.in/newupgrade/#/report/ec?proposalId=108762920,21900.0,21900.0
109574657,"THE DIVERSION OF LAND IS REQUIRED FOR CONSTRUCTION OF FORMATION AMMUNITION STORAGE FACILITY (FASF) AT HANLE. UNITS OF INDIAN ARMY REQUIRE STORAGE OF AMMUNITION DURING ACTIVE OPERATION. THE CONSTRUCTION OF FORMATION AMMUNITION STORAGE FACILITY IN HANLE IS ESSENTIAL TO FACILITATE ADEQUATE STORAGE, SUPERVISION AND SMOOTH DRAWL OF AMMUNITION RESULTING IN QUICK OPERATIONAL DEPLOYMENT OF THE UNITS.",New,WL/LA/SRY/500862/2024,2024-10-14T05:40:32.459+00:00,,,12.1,11920.57,Ministry of Defense,,Wildlife clearance form,,,,FORMATION AMMUNITION STORAGE FACILITY (FASF) AT HANLE,LADAKH,Leh,Koyul,,,,Non - Linear,0.0,12.1,12.1,0.0,0.0,0.0,0.0,0.0,0,0,0,Not applicable as the project or activity is site specific,,NO,NO,NO,2024-10-14T05:53:59.436+00:00,,,,,,,,,,,Leh,,https://parivesh.nic.in/dms/okm/downloadDocument?docTypemappingId=40829&refId=109572507&refType=caf&uuid=6f4192da-88ab-42a3-8afb-87fe9782feea&version=1.0,000904,https://parivesh.nic.in/newupgrade/#/report/ec?proposalId=109574657,920.0,7300.0
110685022,CONSTRUCTION OF TEMPORARY LIVING ACCOMODATIONS WITH PREFAB SHELTERS INCLUDING LAND ACQUISITION FOR ESTABLISHMENT OF HQ 93 RCC ALONGWITH ITS ALLIED PLATOONS AT HANLE UNDER 755 BRTF UNDER PROJECT HIMANK IN LADAKH UNION TERRITORY.,New,WL/LA/DEF/503728/2024,2024-11-02T12:01:11.967+00:00,,,4.0,499.0,Ministry of Defense,,Wildlife clearance form,,,,CONSTRUCTION OF TEMPORARY LIVING ACCOMODATIONS WITH PREFAB SHELTERS INCLUDING LAND ACQUISITION FOR ESTABLISHMENT OF HQ 93 RCC ALONGWITH ITS ALLIED PLATOONS AT HANLE UNDER 753 BRTF UNDER PROJECT HIMANK IN LADAKH UNION TERRITORY.,LADAKH,Leh,Koyul,,,,Non - Linear,0.0,4.0,4.0,0.0,0.0,0.0,0.0,0.0,0,0,0,Not applicable as the project or activity is site specific,,NO,NO,NO,2025-04-16T05:35:12.869+00:00,,,,,,,,,,,Leh,,https://parivesh.nic.in/dms/okm/downloadDocument?docTypemappingId=40829&refId=109889362&refType=caf&uuid=40d83b2d-0e08-4d5c-8a41-41736c3296ef&version=1.0,000904,https://parivesh.nic.in/newupgrade/#/report/ec?proposalId=110685022,52000.0,1850000.0
113952897,"The project MRL01 - Tsokstok to Tsaking via lamdon school Diskit is sanctioned under PMGSY III. Entire stretch of this road passes through wildlife sanctuary area. this road takes off from main road at Tsokstot to Tsaking diskit. This road also connects the industrial area as well as to degree college. Moreover, the road is expected to provide significant benefits to the local community, including improved access to healthcare, education, and markets. it is also expected to boost economic development in the area by facilitating the movement of goods and services.",Expansion,WL/LA/ROAD/513324/2024,2024-12-05T06:38:35.557+00:00,,,0.6,554.21,SUPERINTENDING ENGINEER PMGSY CIRCLE LADAKH,,Wildlife clearance form,,,,MRL01 - Tsokstot to Tsaking Via Lamdon School Disket,LADAKH,Nubra,Diskit,,,,Linear,0.0,0.6,0.6,0.0,0.0,0.0,554.21,0.0,0,0,0,Not applicable as the project or activity is site specific,,NO,NO,NO,2024-12-17T06:55:52.688+00:00,,,,,,,,,,,Leh,,https://parivesh.nic.in/dms/okm/downloadDocument?docTypemappingId=40829&refId=113944174&refType=caf&uuid=6a79a0ec-8fdd-469c-b3e6-a8bc6b7428c2&version=1.0,000929,https://parivesh.nic.in/newupgrade/#/report/ec?proposalId=113952897,7330.0,1830.0
113977398,"The project MRL06 - Tsati to Rongdo is sanctioned under PMGSY III vide order no: P - 17024/30(01)/2021-RC(FMS-377948), Dated: 21.03.2023.Entire stretch of this road passes through wildlife sanctuary area. this road takes off from Tsati village to Rongdo village in diskit block. The road is expected to provide significant benefits to the local community, including improved access to healthcare, education, and markets. it is also expected to boost economic development in the area by facilitating the movement of goods and services",Expansion,WL/LA/ROAD/513374/2024,2024-12-05T08:43:57.812+00:00,,,4.92,1090.88,SUPERINTENDING ENGINEER PMGSY CIRCLE LADAKH,,Wildlife clearance form,,,,MRL06 - Tsati to Rongdo,LADAKH,Nubra,Khalsar,,,,Linear,0.0,4.92,4.92,0.0,0.0,0.0,1090.88,0.0,0,0,0,Not applicable as the project or activity is site specific,,NO,NO,NO,2024-12-17T06:51:51.207+00:00,,,,,,,,,,,Leh,,https://parivesh.nic.in/dms/okm/downloadDocument?docTypemappingId=40829&refId=113973260&refType=caf&uuid=8f4dfddd-dce8-48eb-bca9-1824f519f854&version=1.0,000934,https://parivesh.nic.in/newupgrade/#/report/ec?proposalId=113977398,7325.0,7325.0
113984245,"The project MRL04 -T04 to Hunder Dok is sanctioned under PMGSY III vide order no: P - 17024/30(01)/2021-RC(FMS-377948), Dated: 21.03.2023.Entire stretch of this road passes through wildlife sanctuary area. this road takes off from BRO Road Hunder to Hunder Dok village in Deskit Block. The road is expected to provide significant benefits to the local community, including improved access to healthcare, education, and markets. it is also expected to boost economic development in the area by facilitating the movement of goods and services.",Expansion,WL/LA/ROAD/513395/2024,2024-12-05T09:24:24.706+00:00,,,9.6,1747.62,SUPERINTENDING ENGINEER PMGSY CIRCLE LADAKH,,Wildlife clearance form,,,,MRL04 - T04 to Hunder Dok,LADAKH,Nubra,Hundar,,,,Linear,0.0,9.6,9.6,0.0,0.0,0.0,1747.62,0.0,0,0,0,Not applicable as the project or activity is site specific,,NO,NO,NO,2024-12-17T06:44:34.419+00:00,,,,,,,,,,,Leh,,https://parivesh.nic.in/dms/okm/downloadDocument?docTypemappingId=40829&refId=113982263&refType=caf&uuid=027cce4e-ad43-4375-9f62-12de5d9233ac&version=1.0,000928,https://parivesh.nic.in/newupgrade/#/report/ec?proposalId=113984245,8240.0,2745.0
113990156,"The project MRL05 -Udmaroo to Hundri is sanctioned under PMGSY III vide order no: P - 17024/30(01)/2021-RC(FMS-377948), Dated: 21.03.2023.Entire stretch of this road passes through wildlife sanctuary area. this road takes off from Udmaroo village to Hundri village via Shukur village in Deskit Block. The road is beneficial for tourist as well as pligrims heading towards Sham-E- Gomboo (Religious PLace) moreover it is expected to provide significant benefits to the local community, including improved access to healthcare, education, and markets. it is also expected to boost economic development in the area by facilitating the movement of goods and services.",Expansion,WL/LA/ROAD/513415/2024,2024-12-05T09:52:14.903+00:00,,,4.62,1411.74,SUPERINTENDING ENGINEER PMGSY CIRCLE LADAKH,,Wildlife clearance form,,,,MRL05 - Udmaroo to Hundri,LADAKH,Nubra,Hundri,,,,Linear,0.0,4.62,4.62,0.0,0.0,0.0,1411.74,0.0,0,0,0,Not applicable as the project or activity is site specific,,NO,NO,NO,2024-12-17T06:48:51.190+00:00,,,,,,,,,,,Leh,,https://parivesh.nic.in/dms/okm/downloadDocument?docTypemappingId=40829&refId=113988733&refType=caf&uuid=2f6e0c65-69d5-408d-8703-ccf92dd52759&version=1.0,000920,https://parivesh.nic.in/newupgrade/#/report/ec?proposalId=113990156,7325.0,1830.0
114956549,"Minor Mineral Block Rock Debris Mining Project area of 0.75 ha at Village- Ashana Lanchi, Tehsil – Trespa, District – Kargil, Ladakh (U.T) in favor of Mr. Haji Mohd Hassan Haidary S/O Mr. Haji Ghulam Hussain",New,SIA/LA/MIN/514961/2024,2024-12-17T07:24:01.041+00:00,,Proposal pulled back (withdrawn),0.75,11.1,MOHAMMAD HAIDARY,,Application for EC for Mining of Minor Minerals of Mine Lease (0-5 HA) - Form-2,EC,B2,,"Minor Mineral Block Rock Debris Mining Project area of 0.75 ha at Village- Ashana Lanchi, Tehsil – Trespa, District – Kargil, Ladakh (U.T) in favor of Mr. Haji Mohd Hassan Haidary S/O Mr. Haji Ghulam Hussain",LADAKH,Sanku,Batambis,,,,Non - Linear,0.75,0.0,0.75,0.0,0.0,0.0,0.0,0.0,0,0,0,Not applicable as the project or activity is site specific,,NO,NO,NO,2024-12-19T09:02:37.678+00:00,,,"Groung, Baroo, Baroo, Kargil, Jammu Kashmir-194105",,37,Individual,lessee,,37,,Kargil,,https://parivesh.nic.in/dms/okm/downloadDocument?docTypemappingId=40829&refId=114858963&refType=caf&uuid=bda65b28-cd9a-4c87-9a70-27857bed6b7b&version=1.0,001014,https://parivesh.nic.in/newupgrade/#/report/ec?proposalId=114956549,0.0,6400.0
115200368,"Minor Mineral Block Nallah Boulder Mining Project an area of 0.5674 ha at Village-Skilmarchey Khachan, Tehsil – Sankoo District – Kargil, Ladakh (U.T) in favor of Mr. Haji Mohd Hassan Haidary S/O Mr. Haji Ghulam Hussain",New,SIA/LA/MIN/515291/2024,2024-12-19T09:36:40.126+00:00,,Proposal pulled back (withdrawn),0.5674,13.17,MOHAMMAD HAIDARY,,Application for EC for Mining of Minor Minerals of Mine Lease (0-5 HA) - Form-2,EC,B2,,"Minor Mineral Block Nallah Boulder Mining Project an area of 0.5674 ha at Village-Skilmarchey Khachan, Tehsil – Sankoo District – Kargil, Ladakh (U.T) in favor of Mr. Haji Mohd Hassan Haidary S/O Mr. Haji Ghulam Hussain",LADAKH,Sanku,Farona,,,,Non - Linear,0.5674,0.0,0.5674,0.0,0.0,0.0,0.0,0.0,0,0,0,Not applicable as the project or activity is site specific,,NO,NO,NO,2024-12-19T10:39:22.096+00:00,,,"Groung, Baroo, Baroo, Kargil, Jammu Kashmir-194105",,37,Individual,lessee,,37,,Kargil,,https://parivesh.nic.in/dms/okm/downloadDocument?docTypemappingId=40829&refId=115199647&refType=caf&uuid=f17acca1-fb30-4d00-bb18-67b0a54f9e0c&version=1.0,001034,https://parivesh.nic.in/newupgrade/#/report/ec?proposalId=115200368,0.0,6400.0
115264256,"For the construction of the 66 KV double circuit transmission line, we are constructing 121 towers extending from the Drass 220/66 KV substation to the 66/11 KV Zojila East Portal substation. Out of these, 35 towers will be situated on private land, for which we require approximately 0.701 hectares of land. Additionally, 7 towers will be located on forest land, necessitating the acquisition of 2.681 hectares of forest land. The remaining 79 towers will be situated on state land.

The right of way (ROW) for the transmission line in forest area is set at 18 meters, ensuring adequate space for the infrastructure. The total length of the transmission line in forest area will be 1526.28 meters.",New,FP/LA/PWR_TRANS/515369/2024,2024-12-19T16:30:49.614+00:00,2026-06-08T16:15:50.217+00:00,Final Diversion Order Issued,37.941,19500.0,NATIONAL HIGHWAYS & INFRASTRUCTURE DEVELOPMENT CORPORATION LIMITED,,Forest clearance form,,,,Construction of 66KV Double Circuit Transmission line from 220/66 KV Substation Drass to 66/11 KV Zojila East Portal Substation.,LADAKH,Sanku,Goshan,,,,Linear,35.26,2.681,37.941,0.0,0.0,0.0,0.0,0.0,0,0,0,Not applicable as the project or activity is site specific,,NO,NO,NO,2025-01-22T18:30:00.000+00:00,Non-forest Land,true,"3rd Floor, PTI Building, 4- Parliyament Street",,7,"Central PSU (eg. NHAI, AAI, NTP, CIL, SAIL)",General Manager (P),Hotel Jazeera Hangout Balti Bazar Circular Road,37,,Kargil,,https://parivesh.nic.in/dms/okm/downloadDocument?docTypemappingId=40829&refId=83377283&refType=caf&uuid=4ffb74a9-9210-4895-861e-0c9b14793b91&version=1.1;https://parivesh.nic.in/dms/okm/downloadDocument?docTypemappingId=58989&refId=83377283&refType=FC&uuid=72741912-655d-4899-99af-b1cde0cc32b9&version=1.0,001003,https://parivesh.nic.in/newupgrade/#/report/ec?proposalId=115264256,278100.0,37800.0
115306908,"Minor Mineral Block Nallah Boulder Mining Project area of 1.25 ha at Village- Upper Khubathang, District – Kargil, Ladakh (U.T) in favor of Mr. Haji Mohd Hassan Haidary S/O Mr. Haji Ghulam Hussain",New,SIA/LA/MIN/515426/2024,2024-12-20T07:21:03.025+00:00,,Proposal pulled back (withdrawn),1.25,14.33,MOHAMMAD HAIDARY,,Application for EC for Mining of Minor Minerals of Mine Lease (0-5 HA) - Form-2,EC,B2,,"Minor Mineral Block Nallah Boulder Mining Project area of 1.25 ha at Village- Upper Khubathang, District – Kargil, Ladakh (U.T) in favor of Mr. Haji Mohd Hassan Haidary S/O Mr. Haji Ghulam Hussain",LADAKH,Sanku,Darkiat,,,,Non - Linear,1.25,0.0,1.25,0.0,0.0,0.0,0.0,0.0,0,0,0,Not applicable as the project or activity is site specific,,NO,NO,NO,2024-12-20T07:57:39.760+00:00,,,"Groung, Baroo, Baroo, Kargil, Jammu Kashmir-194105",,37,Individual,lessee,,37,,Kargil,,https://parivesh.nic.in/dms/okm/downloadDocument?docTypemappingId=40829&refId=115306095&refType=caf&uuid=2625e261-f078-48a2-a557-c60621f33ad3&version=1.0,000991,https://parivesh.nic.in/newupgrade/#/report/ec?proposalId=115306908,0.0,6400.0
115430067,"Minor Mineral Block Nallah Boulder Mining Project an area of 0.5028 ha at Village-Yokma Kharbo, Tehsil – Shakar District – Kargil, Ladakh (U.T) in favor of Mr. Haji Mohd Hassan Haidary S/O Mr. Haji Ghulam Hussain",New,SIA/LA/MIN/515557/2024,2024-12-21T07:38:26.476+00:00,,Proposal pulled back (withdrawn),0.5028,13.49,MOHAMMAD HAIDARY,,Application for EC for Mining of Minor Minerals of Mine Lease (0-5 HA) - Form-2,EC,B2,,"Minor Mineral Block Nallah Boulder Mining Project an area of 0.5028 ha at Village-Yokma Kharbo, Tehsil – Shakar District – Kargil, Ladakh (U.T) in favor of Mr. Haji Mohd Hassan Haidary S/O Mr. Haji Ghulam Hussain",LADAKH,Sanku,Chiktan,,,,Non - Linear,0.5028,0.0,0.5028,0.0,0.0,0.0,0.0,0.0,0,0,0,Not applicable as the project or activity is site specific,,NO,NO,NO,2024-12-21T08:46:02.989+00:00,,,"Groung, Baroo, Baroo, Kargil, Jammu Kashmir-194105",,37,Individual,lessee,,37,,Kargil,,https://parivesh.nic.in/dms/okm/downloadDocument?docTypemappingId=40829&refId=115429717&refType=caf&uuid=2a983d1f-353a-47fd-95ef-f9e27266b144&version=1.0,000986,https://parivesh.nic.in/newupgrade/#/report/ec?proposalId=115430067,0.0,6400.0
116799996,"The diversion of land is required for construction of Formation Ammunition Storage Facility (FASF) at Hanle. Units of Indian Army require storage of Ammunition during active operation. The construction of Formation Ammunition Storage Facility in Hanle is essential to facilitate adequate storage, supervision and smooth drawl of ammunition resulting in quick operational deployment of the units.",New,WL/LA/DEF/517402/2025,2025-01-06T07:17:27.913+00:00,,,12.1,11920.57,Ministry of Defense,,Wildlife clearance form,,,,FORMATION AMMUNITION STORAGE FACILITY (FASF) AT HANLE,LADAKH,Leh,Koyul,,,,Non - Linear,0.0,12.1,12.1,0.0,0.0,0.0,0.0,0.0,0,0,0,Not applicable as the project or activity is site specific,,NO,NO,NO,2025-01-06T12:00:20.850+00:00,,,,,,,,,,,Leh,,https://parivesh.nic.in/dms/okm/downloadDocument?docTypemappingId=40829&refId=116787771&refType=caf&uuid=3e8bfc1b-4ace-4d37-98cc-77ae526db642&version=1.0,000904,https://parivesh.nic.in/newupgrade/#/report/ec?proposalId=116799996,920.0,7300.0
116851875,WLC,New,WL/LA/DEF/517498/2025,2025-01-06T15:46:05.980+00:00,,,47.6,48000.0,Ministry of Defense,,Wildlife clearance form,,,,FORWARD AVIATION BASE (FAB) AT SHYOK,LADAKH,Nubra,NA,,,,Non - Linear,0.0,47.6,47.6,0.0,0.0,0.0,0.0,0.0,0,0,0,Not applicable as the project or activity is site specific,,NO,NO,NO,2025-01-06T16:31:11.367+00:00,,,,,,,,,,,Leh,,https://parivesh.nic.in/dms/okm/downloadDocument?docTypemappingId=40829&refId=116851241&refType=caf&uuid=a4eae66a-a120-4e8e-9a38-970ffe54516f&version=1.0,"",https://parivesh.nic.in/newupgrade/#/report/ec?proposalId=116851875,3660.0,7300.0
116852586,WILDLIFE CLEARANCE,New,WL/LA/DEF/517501/2025,2025-01-06T16:10:51.520+00:00,,,0.79,86.849,Ministry of Defense,,Wildlife clearance form,,,,"HUME PIPE CULVERT, NYOMA",LADAKH,Leh,Nyoma,,,,Linear,0.0,0.79,0.79,0.0,0.0,0.0,0.0,0.0,0,0,0,Not applicable as the project or activity is site specific,,NO,NO,NO,2025-01-06T16:27:58.910+00:00,,,,,,,,,,,Leh,,https://parivesh.nic.in/dms/okm/downloadDocument?docTypemappingId=40829&refId=116852215&refType=caf&uuid=e76a84f3-190d-43c0-a9a7-62b8ec6510b7&version=1.0,000901,https://parivesh.nic.in/newupgrade/#/report/ec?proposalId=116852586,72.0,0.0
116902198,WLC,New,WL/LA/DEF/517592/2025,2025-01-07T09:16:53.447+00:00,,,31.0,9320.03,Ministry of Defense,,Wildlife clearance form,,,,FORMATION AMMUNITION STORAGE FACILITY (FASF) AT GAPSHAN,LADAKH,"",NA,,,,Non - Linear,0.0,31.0,31.0,0.0,0.0,0.0,0.0,0.0,0,0,0,Not applicable as the project or activity is site specific,,NO,NO,NO,2025-01-07T09:37:06.011+00:00,,,,,,,,,,,Leh,,https://parivesh.nic.in/dms/okm/downloadDocument?docTypemappingId=40829&refId=116897814&refType=caf&uuid=f59e7b0c-969d-47d5-9a7a-f6d40e5b1478&version=1.0,"",https://parivesh.nic.in/newupgrade/#/report/ec?proposalId=116902198,3660.0,7300.0
117626546,WLC,New,WL/LA/DEF/518700/2025,2025-01-16T06:00:21.919+00:00,,,25.1,1100.0,Ministry of Defense,,Wildlife clearance form,,,,SHORT RANGE SURFACE TO AIR MISSILE (SRSAM) UNIT AT KM-23,LADAKH,Nubra,NA,,,,Non - Linear,0.0,25.1,25.1,0.0,0.0,0.0,0.0,0.0,0,0,0,Not applicable as the project or activity is site specific,,NO,NO,NO,2025-01-16T06:41:09.559+00:00,,,,,,,,,,,Leh,,https://parivesh.nic.in/dms/okm/downloadDocument?docTypemappingId=40829&refId=117624549&refType=caf&uuid=cece466a-9db2-422d-ba84-6df5a6d71d5d&version=1.0,"",https://parivesh.nic.in/newupgrade/#/report/ec?proposalId=117626546,3660.0,7300.0
117941487,WLC,New,WL/LA/DEF/519306/2025,2025-01-20T07:44:11.395+00:00,,,31.0,9320.03,Ministry of Defense,,Wildlife clearance form,,,,FORMATION AMMUNITION STORAGE FACILITY AT GAPSHAN,LADAKH,Nubra,NA,,,NA,Non - Linear,0.0,31.0,31.0,0.0,0.0,0.0,0.0,0.0,0,0,0,Not applicable as the project or activity is site specific,,NO,NO,NO,2025-01-20T08:13:30.907+00:00,,,,,,,,,,,Leh,NA,https://parivesh.nic.in/dms/okm/downloadDocument?docTypemappingId=40829&refId=117937424&refType=caf&uuid=3cda91a5-d75c-455b-893e-bad3e0aa63f3&version=1.0,0,https://parivesh.nic.in/newupgrade/#/report/ec?proposalId=117941487,3660.0,7300.0
117989342,WLC,New,WL/LA/DEF/519430/2025,2025-01-20T14:44:48.898+00:00,,,47.6,48000.0,Ministry of Defense,,Wildlife clearance form,,,,FORWARD AVIATION BASE AT SHYOK,LADAKH,Nubra,NA,,,,Non - Linear,0.0,47.6,47.6,0.0,0.0,0.0,0.0,0.0,0,0,0,Not applicable as the project or activity is site specific,,NO,NO,NO,2025-01-20T15:12:21.857+00:00,,,,,,,,,,,Leh,,https://parivesh.nic.in/dms/okm/downloadDocument?docTypemappingId=40829&refId=117989111&refType=caf&uuid=e62c3553-ad93-4f0c-847a-a5aaf547c77f&version=1.0,"",https://parivesh.nic.in/newupgrade/#/report/ec?proposalId=117989342,3660.0,7300.0
121077571,Approx 1.76 Hectares of land for housing of troops and shelters for animals of 16 MFVH. The 16 MFVH provides medical care for military animals.,New,WL/LA/DEF/526006/2025,2025-02-26T12:38:08.579+00:00,,,1.76,78.8,Ministry of Defense,,Wildlife clearance form,,,,16 MFVH at Skamphuk,LADAKH,Nubra,Skanpuk,,,810/694,Non - Linear,0.0,1.76,1.76,0.0,0.0,0.0,0.0,0.0,0,0,0,Not applicable as the project or activity is site specific,,NO,NO,NO,2025-02-26T12:54:06.310+00:00,,,,,,,,,,,Leh,810/694,https://parivesh.nic.in/dms/okm/downloadDocument?docTypemappingId=40829&refId=121076437&refType=caf&uuid=cc66a2a0-4447-4da1-a864-dd57b439b495&version=1.0,000925,https://parivesh.nic.in/newupgrade/#/report/ec?proposalId=121077571,29200.0,18250.0
121081093,Approx 3.57 Hectares of land required for housing of troops and shelters for animals of 16 MFVH which provides medical care for Army animals.,New,WL/LA/DEF/526027/2025,2025-02-26T14:05:09.399+00:00,,,3.57,80.19,Ministry of Defense,,Wildlife clearance form,,,,16 MFVH AT SKAMPHUK,LADAKH,Nubra,Skanpuk,,,833/834/561/518,Non - Linear,0.0,3.57,3.57,0.0,0.0,0.0,0.0,0.0,0,0,0,Not applicable as the project or activity is site specific,,NO,NO,NO,2025-02-26T14:18:00.239+00:00,,,,,,,,,,,Leh,833/834/561/518,https://parivesh.nic.in/dms/okm/downloadDocument?docTypemappingId=40829&refId=121080986&refType=caf&uuid=b67f0903-9bc3-4fe4-b162-554628e0bc8b&version=1.0,000925,https://parivesh.nic.in/newupgrade/#/report/ec?proposalId=121081093,29200.0,18250.0
121084492,Approx 1.21 Hectares of land for family quarters of certain troops deployed in Partapur,New,WL/LA/DEF/526042/2025,2025-02-26T16:47:18.985+00:00,,,1.21,55.16,Ministry of Defense,,Wildlife clearance form,,,,FAMILY QUARTERS AT SKAMPUK,LADAKH,Nubra,Skanpuk,,,852,Non - Linear,0.0,1.21,1.21,0.0,0.0,0.0,0.0,0.0,0,0,0,Not applicable as the project or activity is site specific,,NO,NO,NO,2025-02-26T16:57:26.076+00:00,,,,,,,,,,,Leh,852,https://parivesh.nic.in/dms/okm/downloadDocument?docTypemappingId=40829&refId=121084405&refType=caf&uuid=6d04f9da-d7dc-4373-bd45-d8426d3f17b5&version=1.0,000925,https://parivesh.nic.in/newupgrade/#/report/ec?proposalId=121084492,7300.0,7300.0
121085001,Approx 0.59 Hectares of land for messing and residence of Junior Commissioned Officers of Reconnaisance and Observation Flight.,New,WL/LA/DEF/526048/2025,2025-02-26T17:10:50.351+00:00,,,0.59,19.57,Ministry of Defense,,Wildlife clearance form,,,,JCO MESS AT SKAMPUK,LADAKH,Nubra,Skanpuk,,,378/308,Non - Linear,0.0,0.59,0.59,0.0,0.0,0.0,0.0,0.0,0,0,0,Not applicable as the project or activity is site specific,,NO,NO,NO,2025-02-26T17:20:25.230+00:00,,,,,,,,,,,Leh,378/308,https://parivesh.nic.in/dms/okm/downloadDocument?docTypemappingId=40829&refId=121084877&refType=caf&uuid=9c0e8e5d-77c3-4387-9e53-97560698aa21&version=1.0,000925,https://parivesh.nic.in/newupgrade/#/report/ec?proposalId=121085001,7300.0,7300.0
121099311,"The Road Leh- Chalunka  passes over Ladakh range connecting Indus valley, shyok valley and further to Turtuk, this is the only means of motorized means of road communication over the Ladakh range essential for the movement of operation and administrative vehicle for armed forces and also for civil populations.",New,WL/LA/DEF/526080/2025,2025-02-27T05:51:42.845+00:00,,,4.27,7149.92,Border Roads Organisation,,Wildlife clearance form,,,,Upgradation of Leh- Chalunka  Rd from CL-9 to NHDL specifications from Km 171.00 to Km 180.600,LADAKH,Nubra,Bogdang,,,,Linear,0.0,4.27,4.27,0.0,0.0,0.0,0.0,0.0,0,0,0,Not applicable as the project or activity is site specific,,NO,NO,NO,2025-03-06T06:54:21.103+00:00,,,,,,,,,,,Leh,,https://parivesh.nic.in/dms/okm/downloadDocument?docTypemappingId=40829&refId=121092727&refType=caf&uuid=5434979b-7346-4197-9456-e21377f1006d&version=1.0,000915,https://parivesh.nic.in/newupgrade/#/report/ec?proposalId=121099311,17900.0,14620.0
121164652,"Approx 2.21 Hectares of land for stores of Ladakh Scouts Battalion at Partapur for storing supplies, equipment and other resources essential for their operations.",New,WL/LA/DEF/526263/2025,2025-02-27T14:00:02.130+00:00,,,2.21,79.15,Ministry of Defense,,Wildlife clearance form,,,,LS BN STORE AT PARTAPUR,LADAKH,Nubra,Partap Pore,,,,Non - Linear,0.0,2.21,2.21,0.0,0.0,0.0,0.0,0.0,0,0,0,Not applicable as the project or activity is site specific,,NO,NO,NO,2025-02-27T14:10:02.386+00:00,,,,,,,,,,,Leh,,https://parivesh.nic.in/dms/okm/downloadDocument?docTypemappingId=40829&refId=121164379&refType=caf&uuid=28c14cd5-b04e-4790-b89d-f084224e46af&version=1.0,000926,https://parivesh.nic.in/newupgrade/#/report/ec?proposalId=121164652,14600.0,10950.0
121166685,"Approx 1.38 Hectares for Mandir, Masjid and Gonpa for at Partapur for religious and spiritual requirements of troops.",New,WL/LA/DEF/526272/2025,2025-02-27T15:13:55.610+00:00,,,1.38,99.85,Ministry of Defense,,Wildlife clearance form,,,,MANDIR MASJID GONPA AT PARTAPUR,LADAKH,Nubra,Partap Pore,,,391/252,Non - Linear,0.0,1.38,1.38,0.0,0.0,0.0,0.0,0.0,0,0,0,Not applicable as the project or activity is site specific,,NO,NO,NO,2025-02-27T15:23:35.244+00:00,,,,,,,,,,,Leh,391/252,https://parivesh.nic.in/dms/okm/downloadDocument?docTypemappingId=40829&refId=121166612&refType=caf&uuid=2bb71772-13b0-44da-afdc-605a380709b8&version=1.0,000926,https://parivesh.nic.in/newupgrade/#/report/ec?proposalId=121166685,7300.0,4380.0
121167117,"Approx 0.68 Hectares of land for physical training, sports activities and various organised central events",New,WL/LA/DEF/526275/2025,2025-02-27T15:35:55.647+00:00,,,0.68,11.1,Ministry of Defense,,Wildlife clearance form,,,,MOTUP STADIUM AT PARTAPUR,LADAKH,Nubra,Partap Pore,,,850,Non - Linear,0.0,0.68,0.68,0.0,0.0,0.0,0.0,0.0,0,0,0,Not applicable as the project or activity is site specific,,NO,NO,NO,2025-02-27T15:44:18.495+00:00,,,,,,,,,,,Leh,850,https://parivesh.nic.in/dms/okm/downloadDocument?docTypemappingId=40829&refId=121167010&refType=caf&uuid=de591b92-cdae-4b72-b861-e2028e7a7929&version=1.0,000926,https://parivesh.nic.in/newupgrade/#/report/ec?proposalId=121167117,7300.0,5475.0
121167678,"Approx 41.3 Hectares for housing troops of an Infantry Brigade. It will encompass offices, living shelters, stores and open spaces for training.",New,WL/LA/DEF/526280/2025,2025-02-27T15:58:47.133+00:00,,,41.3,2158.14,Ministry of Defense,,Wildlife clearance form,,,,NEW BRIGADE AT PARTAPUR,LADAKH,Nubra,Partap Pore,,,842 & 791,Non - Linear,0.0,41.3,41.3,0.0,0.0,0.0,0.0,0.0,0,0,0,Not applicable as the project or activity is site specific,,NO,NO,NO,2025-02-27T16:07:35.720+00:00,,,,,,,,,,,Leh,842 & 791,https://parivesh.nic.in/dms/okm/downloadDocument?docTypemappingId=40829&refId=121167538&refType=caf&uuid=af6b53e5-46ce-4c11-ab30-fb51bf5f1ec0&version=1.0,000926,https://parivesh.nic.in/newupgrade/#/report/ec?proposalId=121167678,80300.0,80300.0
121169284,Approx 0.99 Hectares of land for messing and residence of officers.,New,WL/LA/DEF/526287/2025,2025-02-27T17:07:45.962+00:00,,,0.99,92.18,Ministry of Defense,,Wildlife clearance form,,,,OFFICER MESS RESIDENCE AT PARTAPUR,LADAKH,Nubra,Partap Pore,,,792,Non - Linear,0.0,0.99,0.99,0.0,0.0,0.0,0.0,0.0,0,0,0,Not applicable as the project or activity is site specific,,NO,NO,NO,2025-02-27T17:15:33.233+00:00,,,,,,,,,,,Leh,792,https://parivesh.nic.in/dms/okm/downloadDocument?docTypemappingId=40829&refId=121169161&refType=caf&uuid=cd0f43fa-dc5d-49a8-8c03-1ec2198c69e7&version=1.0,000926,https://parivesh.nic.in/newupgrade/#/report/ec?proposalId=121169284,7300.0,5475.0
121169780,"Approx 3 Hectares of land for training of troops, trial of equipment conduct of battle drills and honing of military skills.",New,WL/LA/DEF/526289/2025,2025-02-27T17:29:20.584+00:00,,,3.0,10.0,Ministry of Defense,,Wildlife clearance form,,,,TRAINING AREA AT PARTAPUR,LADAKH,Nubra,Partap Pore,,,848/809/694,Non - Linear,0.0,3.0,3.0,0.0,0.0,0.0,0.0,0.0,0,0,0,Not applicable as the project or activity is site specific,,NO,NO,NO,2025-02-27T17:39:40.796+00:00,,,,,,,,,,,Leh,848/809/694,https://parivesh.nic.in/dms/okm/downloadDocument?docTypemappingId=40829&refId=121169691&refType=caf&uuid=72cc98f6-4fb4-451b-aee6-d656f015ed3d&version=1.0,000926,https://parivesh.nic.in/newupgrade/#/report/ec?proposalId=121169780,7300.0,5475.0
121286341,Approx 0.49 Hectares of land for messing and residence of officers of Workshop at Skampuk.,New,WL/LA/DEF/526646/2025,2025-02-28T16:01:32.741+00:00,,,0.49,184.23,Ministry of Defense,,Wildlife clearance form,,,,WKSP OFFICER MESS SKAMPUK,LADAKH,Nubra,Skanpuk,,,811/694,Non - Linear,0.0,0.49,0.49,0.0,0.0,0.0,0.0,0.0,0,0,0,Not applicable as the project or activity is site specific,,NO,NO,NO,2025-02-28T16:13:04.110+00:00,,,,,,,,,,,Leh,811/694,https://parivesh.nic.in/dms/okm/downloadDocument?docTypemappingId=40829&refId=121285889&refType=caf&uuid=3e5ef42d-d3b1-48ff-99c8-ba372161f66b&version=1.1,000925,https://parivesh.nic.in/newupgrade/#/report/ec?proposalId=121286341,7300.0,5475.0
121287901,Approx 0.1 Hectares of land for housing troops of Corps of Military Police for managing the movement of military vehicles and personnel.,New,WL/LA/DEF/526657/2025,2025-02-28T16:25:33.703+00:00,,,0.1,12.55,Ministry of Defense,,Wildlife clearance form,,,,TCP AT PARTAPUR,LADAKH,Nubra,Partap Pore,,,394/294,Non - Linear,0.0,0.1,0.1,0.0,0.0,0.0,0.0,0.0,0,0,0,Not applicable as the project or activity is site specific,,NO,NO,NO,2025-02-28T16:36:52.647+00:00,,,,,,,,,,,Leh,394/294,https://parivesh.nic.in/dms/okm/downloadDocument?docTypemappingId=40829&refId=121287627&refType=caf&uuid=11b74c86-4348-4eef-a97a-1e8be6232fd4&version=1.0,000926,https://parivesh.nic.in/newupgrade/#/report/ec?proposalId=121287901,5475.0,3650.0
121290085,Approx 24.20 Hectares of land for troops and medical facilities of a field hospital at Hunder. Will be used for medical emergencies and treatment of troops in the area.,New,WL/LA/DEF/526664/2025,2025-02-28T17:07:35.729+00:00,,,24.2,528.48,Ministry of Defense,,Wildlife clearance form,,,,403 FIELD HOSPITAL HUNDER,LADAKH,Nubra,Hundar,,,1983,Non - Linear,0.0,24.2,24.2,0.0,0.0,0.0,0.0,0.0,0,0,0,Not applicable as the project or activity is site specific,,NO,NO,NO,2025-02-28T17:16:15.946+00:00,,,,,,,,,,,Leh,1983,https://parivesh.nic.in/dms/okm/downloadDocument?docTypemappingId=40829&refId=121289887&refType=caf&uuid=8ee234f8-35fa-438d-a549-9ef7ccc8de41&version=1.0,000928,https://parivesh.nic.in/newupgrade/#/report/ec?proposalId=121290085,25550.0,21900.0
121371822,"Approx 14.4 Hectares of land for housing of troops, living shelters, offices and store shelters of Supply company at Khalsar.",New,WL/LA/DEF/526952/2025,2025-03-01T16:45:38.712+00:00,,,14.4,457.32,Ministry of Defense,,Wildlife clearance form,,,,SUPPLY KHALSAR,LADAKH,Nubra,Khalsar,,,106,Non - Linear,0.0,14.4,14.4,0.0,0.0,0.0,0.0,0.0,0,0,0,Not applicable as the project or activity is site specific,,NO,NO,NO,2025-03-01T16:56:01.406+00:00,,,,,,,,,,,Leh,106,https://parivesh.nic.in/dms/okm/downloadDocument?docTypemappingId=40829&refId=121371741&refType=caf&uuid=a40a221d-21be-4d3a-ab69-928413e81af8&version=1.1,000934,https://parivesh.nic.in/newupgrade/#/report/ec?proposalId=121371822,25550.0,21900.0
121372185,Approx 2.1 Hectares of land for messing and residence of officers of OMP Khalsar.,New,WL/LA/DEF/526955/2025,2025-03-01T17:06:49.610+00:00,,,2.1,131.76,Ministry of Defense,,Wildlife clearance form,,,,OFFICER MESS OMP KHALSAR,LADAKH,Nubra,Khalsar,,,503,Non - Linear,0.0,2.1,2.1,0.0,0.0,0.0,0.0,0.0,0,0,0,Not applicable as the project or activity is site specific,,NO,NO,NO,2025-03-01T17:16:13.046+00:00,,,,,,,,,,,Leh,503,https://parivesh.nic.in/dms/okm/downloadDocument?docTypemappingId=40829&refId=121372117&refType=caf&uuid=63b70220-99ae-4d6d-81fe-3341eb0609e6&version=1.0,000934,https://parivesh.nic.in/newupgrade/#/report/ec?proposalId=121372185,7300.0,5475.0
121380773,"Approx 1.72 Hectares of land for housing troops, offices and store shelters of OMP at Khalsar.",New,WL/LA/DEF/526979/2025,2025-03-02T06:25:35.421+00:00,,,1.72,101.25,Ministry of Defense,,Wildlife clearance form,,,,OMP KHALSAR,LADAKH,Nubra,Khalsar,,,,Non - Linear,0.0,1.72,1.72,0.0,0.0,0.0,0.0,0.0,0,0,0,Not applicable as the project or activity is site specific,,NO,NO,NO,2025-03-02T06:33:13.490+00:00,,,,,,,,,,,Leh,,https://parivesh.nic.in/dms/okm/downloadDocument?docTypemappingId=40829&refId=121380561&refType=caf&uuid=7824bfe3-e05e-4920-b3af-996ba298591e&version=1.0,000934,https://parivesh.nic.in/newupgrade/#/report/ec?proposalId=121380773,25550.0,25550.0
121381380,"Approx 70 Hectares of land for housing troops, shelters, stores and ammunition storage of OMP at Khalsar.",New,WL/LA/DEF/526983/2025,2025-03-02T06:41:56.247+00:00,,,70.0,1776.67,Ministry of Defense,,Wildlife clearance form,,,,OMP KHALSAR,LADAKH,Nubra,Khalsar,,,509,Non - Linear,0.0,70.0,70.0,0.0,0.0,0.0,0.0,0.0,0,0,0,Not applicable as the project or activity is site specific,,NO,NO,NO,2025-03-02T06:50:49.133+00:00,,,,,,,,,,,Leh,509,https://parivesh.nic.in/dms/okm/downloadDocument?docTypemappingId=40829&refId=121381294&refType=caf&uuid=44a5375c-12e8-46da-9864-1b51922ed7f2&version=1.0,000934,https://parivesh.nic.in/newupgrade/#/report/ec?proposalId=121381380,25550.0,25550.0
121382006,"Approx 34.2 Hectares of land for housing troops, store shelters, ammunition storage and labs of OMP at Khalsar.",New,WL/LA/DEF/526986/2025,2025-03-02T06:59:55.460+00:00,,,34.2,1523.64,Ministry of Defense,,Wildlife clearance form,,,,OMP KHALSAR,LADAKH,Nubra,Khalsar,,,505,Non - Linear,0.0,34.2,34.2,0.0,0.0,0.0,0.0,0.0,0,0,0,Not applicable as the project or activity is site specific,,NO,NO,NO,2025-03-02T07:06:54.994+00:00,,,,,,,,,,,Leh,505,https://parivesh.nic.in/dms/okm/downloadDocument?docTypemappingId=40829&refId=121381894&refType=caf&uuid=d4638227-aba5-441c-a39f-250a4fbc20b9&version=1.0,000934,https://parivesh.nic.in/newupgrade/#/report/ec?proposalId=121382006,25550.0,25550.0
121441745,In order to promote culture tourism local pilgrims. This project has been framed by the tourism department to provide basic facilities like parking courtyard community kitchen and other landscape etc.,New,FP/LA/OTHERS/527158/2025,2025-03-03T07:20:17.284+00:00,2026-09-11T12:03:34.210+00:00,Final Diversion Order Issued,0.15,6584.49,Department of Tourism,,Forest clearance form,,,,Diversion of Forest Land for development of Chowkhang Vihara Leh,LADAKH,Leh,Chuglamsar (CT),,,,Non - Linear,0.0,0.15,0.15,0.0,0.0,0.0,0.0,0.0,0,0,0,NO,NO Need to shift village,NO,NO,NO,2025-06-03T18:30:00.000+00:00,Non-forest Land,true,"CEO, LDA, Leh",Skampari Leh,37,State Government (Department/Autonomous body),Chief Executive Officer,skampari leh,37,,Leh,,https://parivesh.nic.in/dms/okm/downloadDocument?docTypemappingId=40829&refId=120720869&refType=caf&uuid=632efcff-e59f-4620-9a9a-779efedef3bf&version=1.0;https://parivesh.nic.in/dms/okm/downloadDocument?docTypemappingId=58989&refId=120720869&refType=FC&uuid=7db5f0e0-d6b8-4af7-b19b-a0c5ca6c6458&version=1.0,910,https://parivesh.nic.in/newupgrade/#/report/ec?proposalId=121441745,7205.0,1355.0
121674454,Wildlife Clearance,New,WL/LA/DEF/527758/2025,2025-03-05T10:55:27.019+00:00,,,0.35,773.0,Ministry of Defense,,Wildlife clearance form,,,,UNDERGROUND CAVERN AT LOMA,LADAKH,Leh,NA,,,,Linear,0.0,0.35,0.35,0.0,0.0,0.0,0.0,0.0,0,0,0,Not applicable as the project or activity is site specific,,NO,NO,NO,2025-03-05T12:27:10.351+00:00,,,,,,,,,,,Leh,,https://parivesh.nic.in/dms/okm/downloadDocument?docTypemappingId=40829&refId=121667883&refType=caf&uuid=5ba6ff79-48c4-4bb7-af9c-757c25392232&version=1.0,0,https://parivesh.nic.in/newupgrade/#/report/ec?proposalId=121674454,360.0,0.0
122790234,WILD LIFE CLEARANCE,New,WL/LA/DEF/530301/2025,2025-03-19T13:18:01.833+00:00,,,46.3,857.0,Ministry of Defense,,Wildlife clearance form,,,,BRIGADE HQADQUARTERS LOCATION AT CHUSHUL,LADAKH,Leh,Chushul,,,,Non - Linear,0.0,46.3,46.3,0.0,0.0,0.0,0.0,0.0,0,0,0,Not applicable as the project or activity is site specific,,NO,NO,NO,2025-03-19T13:48:20.264+00:00,,,,,,,,,,,Leh,,https://parivesh.nic.in/dms/okm/downloadDocument?docTypemappingId=40829&refId=121942745&refType=caf&uuid=f90e3ed1-ea7f-4758-b490-83dae4d816ea&version=1.0,000908,https://parivesh.nic.in/newupgrade/#/report/ec?proposalId=122790234,3660.0,7300.0
123266008,WILD LIFE CLEARANCE,New,WL/LA/DEF/531149/2025,2025-03-24T16:12:49.509+00:00,,,47.1,8380.4,Ministry of Defense,,Wildlife clearance form,,,,FORMATION AMMUNITION STORAGE FACILITY (FASF) AT KM-47,LADAKH,"",NA,,,,Non - Linear,0.0,47.1,47.1,0.0,0.0,0.0,0.0,0.0,0,0,0,Not applicable as the project or activity is site specific,,NO,NO,NO,2025-03-25T16:54:33.188+00:00,,,,,,,,,,,Leh,,https://parivesh.nic.in/dms/okm/downloadDocument?docTypemappingId=40829&refId=123257232&refType=caf&uuid=71c8514e-682b-4900-92e3-ff20eabfd399&version=1.0,0,https://parivesh.nic.in/newupgrade/#/report/ec?proposalId=123266008,3660.0,7300.0
123439763,"Formation Ammunition Storage Facility (FASF) at TSogtsalu will be utilised by Indian Army for storage of material, equipment and ammunition.",New,WL/LA/DEF/531298/2025,2025-03-25T15:10:21.869+00:00,,,24.2,6964.53,Ministry of Defense,,Wildlife clearance form,,,,FORMATION AMMUNITION STORAGE FACILITY (FASF) AT TSOGTSALU,LADAKH,"",NA,,,NA,Non - Linear,0.0,24.2,24.2,0.0,0.0,0.0,0.0,0.0,0,0,0,Not applicable as the project or activity is site specific,,NO,NO,NO,2025-03-25T15:39:23.103+00:00,,,,,,,,,,,Leh,NA,https://parivesh.nic.in/dms/okm/downloadDocument?docTypemappingId=40829&refId=121949832&refType=caf&uuid=c8b0f6e9-ad48-488c-9a11-447b26111c2f&version=1.0,0,https://parivesh.nic.in/newupgrade/#/report/ec?proposalId=123439763,3660.0,7300.0
123822756,WILD LIFE  CLEARANCE,New,WL/LA/DEF/531898/2025,2025-03-28T15:28:31.003+00:00,,,8.16,565.8,Ministry of Defense,,Wildlife clearance form,,,,ARMY CAMP (KM - 120),LADAKH,Nubra,NA,,,,Non - Linear,0.0,8.16,8.16,0.0,0.0,0.0,0.0,0.0,0,0,0,Not applicable as the project or activity is site specific,,NO,NO,NO,2025-03-28T16:00:05.036+00:00,,,,,,,,,,,Leh,,https://parivesh.nic.in/dms/okm/downloadDocument?docTypemappingId=40829&refId=123822291&refType=caf&uuid=b618cf1f-d4e7-4e3d-b0f1-50626fabe875&version=1.0,"",https://parivesh.nic.in/newupgrade/#/report/ec?proposalId=123822756,3660.0,7310.0
123893894,WILD LIFE CLEARANCE,New,WL/LA/DEF/532040/2025,2025-03-29T16:50:50.948+00:00,,,0.1,28.4,Ministry of Defense,,Wildlife clearance form,,,,TRANSIT DETACHMENT(KM -80),LADAKH,Nubra,NA,,,,Non - Linear,0.0,0.1,0.1,0.0,0.0,0.0,0.0,0.0,0,0,0,Not applicable as the project or activity is site specific,,NO,NO,NO,2025-03-29T17:29:36.979+00:00,,,,,,,,,,,Leh,,https://parivesh.nic.in/dms/okm/downloadDocument?docTypemappingId=40829&refId=123893212&refType=caf&uuid=258cdbdc-0db2-4921-b0a9-73c53b8513c4&version=1.0,"",https://parivesh.nic.in/newupgrade/#/report/ec?proposalId=123893894,3660.0,7310.0
123995485,WILDLIFE CLEARANCE,New,WL/LA/DEF/532284/2025,2025-04-01T08:17:54.328+00:00,,,0.1,28.4,Ministry of Defense,,Wildlife clearance form,,,,TRANSIT DETACHMENT (KM -80),LADAKH,Nubra,NA,,,,Non - Linear,0.0,0.1,0.1,0.0,0.0,0.0,0.0,0.0,0,0,0,Not applicable as the project or activity is site specific,,NO,NO,NO,2025-04-01T12:22:05.650+00:00,,,,,,,,,,,Leh,,https://parivesh.nic.in/dms/okm/downloadDocument?docTypemappingId=40829&refId=123991009&refType=caf&uuid=b596208f-1a79-4776-ac81-9b8d23c67dad&version=1.0,0,https://parivesh.nic.in/newupgrade/#/report/ec?proposalId=123995485,3660.0,7310.0
124184176,WILDLIFE CLEARENCE,New,WL/LA/DEF/532741/2025,2025-04-03T17:25:19.016+00:00,,,39.3,905.4,Ministry of Defense,,Wildlife clearance form,,,,ARMY CAMP ( KM- 56),LADAKH,"",NA,,,0,Non - Linear,0.0,39.3,39.3,0.0,0.0,0.0,0.0,0.0,0,0,0,Not applicable as the project or activity is site specific,,NO,NO,NO,2025-04-03T17:48:54.678+00:00,,,,,,,,,,,Leh,0,https://parivesh.nic.in/dms/okm/downloadDocument?docTypemappingId=40829&refId=124182204&refType=caf&uuid=21bb938c-8c19-47de-81ce-f9595d30fd74&version=1.0,"",https://parivesh.nic.in/newupgrade/#/report/ec?proposalId=124184176,3660.0,7310.0
124274501,WILDLIFE CLEARANCE,New,WL/LA/DEF/532909/2025,2025-04-04T15:11:22.454+00:00,,,3.46,504.0,Ministry of Defense,,Wildlife clearance form,,,,GALWAN WAR MEMORIAL( KM -120),LADAKH,Nubra,NA,,,,Non - Linear,0.0,3.46,3.46,0.0,0.0,0.0,0.0,0.0,0,0,0,Not applicable as the project or activity is site specific,,NO,NO,NO,2025-04-04T15:53:37.734+00:00,,,,,,,,,,,Leh,,https://parivesh.nic.in/dms/okm/downloadDocument?docTypemappingId=40829&refId=124274377&refType=caf&uuid=0250178e-4498-44c8-906c-0358e72335d9&version=1.0,"",https://parivesh.nic.in/newupgrade/#/report/ec?proposalId=124274501,3660.0,7310.0
124410148,Diversion of 0.0225 HA of Wildlife land for Installation of Mobile Tower at Rango under Changthang Cold Desert Wildlife Sanctuary Leh Ladakh,New,WL/LA/CommPost/533198/2025,2025-04-07T16:05:59.935+00:00,,,0.0225,25.0,indus towers ltd,,Wildlife clearance form,,,,Installation of Mobile Tower at Rangoo Leh Ladakh,LADAKH,Leh,NA,,,,Non - Linear,0.0,0.0225,0.0225,0.0,0.0,0.0,0.0,0.0,0,0,0,Not applicable as the project or activity is site specific,,NO,NO,NO,2025-04-07T16:17:26.823+00:00,,,,,,,,,,,Leh,,https://parivesh.nic.in/dms/okm/downloadDocument?docTypemappingId=40829&refId=124409981&refType=caf&uuid=4dec0cd5-98c4-4e1b-94a7-78b843af4e36&version=1.0,"",https://parivesh.nic.in/newupgrade/#/report/ec?proposalId=124410148,60.0,240.0
125121832,WILDLIFE CLEARANCE,New,WL/LA/DEF/534536/2025,2025-04-18T16:40:00.990+00:00,,,4.4,829.49,Ministry of Defense,,Wildlife clearance form,,,,BRIGADE HEADQUARTER (KM-120),LADAKH,Nubra,NA,,,NA,Non - Linear,0.0,4.4,4.4,0.0,0.0,0.0,0.0,0.0,0,0,0,Not applicable as the project or activity is site specific,,NO,NO,NO,2025-04-18T16:55:00.919+00:00,,,,,,,,,,,Leh,NA,https://parivesh.nic.in/dms/okm/downloadDocument?docTypemappingId=40829&refId=125121765&refType=caf&uuid=2afce6ec-e1ac-4459-bd22-b2e8b270ae4f&version=1.0,"",https://parivesh.nic.in/newupgrade/#/report/ec?proposalId=125121832,3660.0,7310.0
125122248,WILDLIFE CLEARANCE,New,WL/LA/DEF/534538/2025,2025-04-18T17:06:10.313+00:00,,,0.45,40.0,Ministry of Defense,,Wildlife clearance form,,,,HELIPAD (KM-120),LADAKH,Nubra,NA,,,NA,Non - Linear,0.0,0.45,0.45,0.0,0.0,0.0,0.0,0.0,0,0,0,Not applicable as the project or activity is site specific,,NO,NO,NO,2025-04-18T17:20:46.212+00:00,,,,,,,,,,,Leh,NA,https://parivesh.nic.in/dms/okm/downloadDocument?docTypemappingId=40829&refId=125122200&refType=caf&uuid=cba60ec8-20c1-414a-a022-97883736f622&version=1.0,"",https://parivesh.nic.in/newupgrade/#/report/ec?proposalId=125122248,3660.0,7310.0
125123096,WILDLIFE CLEARANCE,New,WL/LA/DEF/534540/2025,2025-04-18T17:30:05.433+00:00,,,6.73,1393.0,Ministry of Defense,,Wildlife clearance form,,,,ARMY CAMP (KM-120) AT GALWAN,LADAKH,Nubra,NA,,,NA,Non - Linear,0.0,6.73,6.73,0.0,0.0,0.0,0.0,0.0,0,0,0,Not applicable as the project or activity is site specific,,NO,NO,NO,2025-04-18T17:43:37.244+00:00,,,,,,,,,,,Leh,NA,https://parivesh.nic.in/dms/okm/downloadDocument?docTypemappingId=40829&refId=125123039&refType=caf&uuid=c7ffa6f4-0d55-497b-abbf-d4519c415924&version=1.0,"",https://parivesh.nic.in/newupgrade/#/report/ec?proposalId=125123096,3660.0,7310.0
125790882,WILDLIFE CLEARANCE,New,WL/LA/DEF/535682/2025,2025-04-28T15:34:25.671+00:00,,,9.46,1238.56,Ministry of Defense,,Wildlife clearance form,,,,ARTILLERY BATTERY ( KM- 148 ),LADAKH,Nubra,NA,,,NA,Non - Linear,0.0,9.46,9.46,0.0,0.0,0.0,0.0,0.0,0,0,0,Not applicable as the project or activity is site specific,,NO,NO,NO,2025-04-28T16:12:08.892+00:00,,,,,,,,,,,Leh,NA,https://parivesh.nic.in/dms/okm/downloadDocument?docTypemappingId=40829&refId=125790779&refType=caf&uuid=ff8508ed-bfd2-41cc-a08e-4922608156a4&version=1.0,"",https://parivesh.nic.in/newupgrade/#/report/ec?proposalId=125790882,3660.0,7310.0
126543815,WILDLIFE CLEARANCE,New,WL/LA/DEF/536928/2025,2025-05-08T13:34:40.069+00:00,,,20.3,2190.0,Ministry of Defense,,Wildlife clearance form,,,,ARMY CAMP (ARMY WORKSHOPAT KM 134,LADAKH,"",NA,,,,Non - Linear,0.0,20.3,20.3,0.0,0.0,0.0,0.0,0.0,0,0,0,Not applicable as the project or activity is site specific,,NO,NO,NO,2025-05-08T15:02:20.503+00:00,,,,,,,,,,,Leh,,https://parivesh.nic.in/dms/okm/downloadDocument?docTypemappingId=40829&refId=126540689&refType=caf&uuid=b0badd20-169c-4d0f-98a0-3168bbf4e912&version=1.0,"",https://parivesh.nic.in/newupgrade/#/report/ec?proposalId=126543815,3660.0,7310.0
126927008,WILDLIFE CLEARANCE (TO ENHANCE DEFENCE POTENTIAL AND ENSURE SAFE CROSSING OF VEHS AND TPS ON INDUS RIVER),New,WL/LA/DEF/537609/2025,2025-05-14T10:19:17.003+00:00,,,0.51,137.1829,Ministry of Defense,,Wildlife clearance form,,,,HUME PIPE CULVERT AT MUDH,LADAKH,Leh,Mood,,,,Linear,0.0,0.51,0.51,0.0,0.0,0.0,0.0,0.0,0,0,0,Not applicable as the project or activity is site specific,,NO,NO,NO,2025-05-14T11:18:36.207+00:00,,,,,,,,,,,Leh,,https://parivesh.nic.in/dms/okm/downloadDocument?docTypemappingId=40829&refId=126872322&refType=caf&uuid=94f58f13-d618-41d7-90d5-45df8e76857f&version=1.0,000902,https://parivesh.nic.in/newupgrade/#/report/ec?proposalId=126927008,72.0,0.0
127429069,"Solar Power Project at Tebla Thang, Nubra , Leh Ladakh",New,WL/LA/Solarpower/538375/2025,2025-05-20T10:15:19.809+00:00,,,49.9,6600.0,"Electric Project Division, PDC ,choglamsar leh",,Wildlife clearance form,,,,"Solar Power project Tebla thang, tirith Nubra",LADAKH,Nubra,Diskit,,,,Hybrid,49.9,0.0,49.9,0.0,0.0,0.0,0.0,0.0,0,0,0,Not applicable as the project or activity is site specific,,NO,NO,NO,2025-06-16T09:40:20.962+00:00,,,,,,,,,,,Leh,,https://parivesh.nic.in/dms/okm/downloadDocument?docTypemappingId=40829&refId=127177931&refType=caf&uuid=e0d0a0ce-fe53-4343-a208-cfa97cf71c66&version=1.0,000929,https://parivesh.nic.in/newupgrade/#/report/ec?proposalId=127429069,93120.0,26800.0
127670543,WILDLIFE CLEARANCE,New,WL/LA/DEF/538688/2025,2025-05-22T13:32:21.270+00:00,,,15.4,434.0,Ministry of Defense,,Wildlife clearance form,,,,BRIGADE HEADQUARTER CAMP (KM 144),LADAKH,Nubra,NA,,,,Non - Linear,0.0,15.4,15.4,0.0,0.0,0.0,0.0,0.0,0,0,0,Not applicable as the project or activity is site specific,,NO,NO,NO,2025-05-22T14:59:09.865+00:00,,,,,,,,,,,Leh,,https://parivesh.nic.in/dms/okm/downloadDocument?docTypemappingId=40829&refId=127666458&refType=caf&uuid=f1a9c115-3b57-498e-a817-4c6e75a78be0&version=1.0,"",https://parivesh.nic.in/newupgrade/#/report/ec?proposalId=127670543,3660.0,7310.0
127840783,Diversion of wildlife land for establishment of ITBP BOP at Bopsang Lungpa,New,WL/LA/DEF/538864/2025,2025-05-23T13:20:43.047+00:00,,,1.62,1591.0,NW FTR ITBP LEH,,Wildlife clearance form,,,,BOP Bopsang Lungpa,LADAKH,Leh,NA,,,,Non - Linear,1.62,0.0,1.62,0.0,0.0,0.0,0.0,0.0,0,0,0,NO,No other suitable sites are available nearby,NO,NO,NO,2025-05-23T13:50:17.618+00:00,,,,,,,,,,,Leh,,https://parivesh.nic.in/dms/okm/downloadDocument?docTypemappingId=40829&refId=127831720&refType=caf&uuid=f09761a1-a1f2-4561-985b-683117c0c4f2&version=1.0,"",https://parivesh.nic.in/newupgrade/#/report/ec?proposalId=127840783,5000.0,14235.0
131209709,"Minor Mineral Block Rock Debris Mining Project, proposal for obtaining Environmental Clearance of the area for Minor Mineral Block Rock Debris an area of 0.75 ha; targeted Production capacity- 6419 TPA (ROM), Minor Mineral Block Rock Debris at Village-Ashana Lanchi, Tehsil – Trespa, District – Kargil, Ladakh (U.T) in favor of Mr. Haji Mohd Hassan Haidary",New,SIA/LA/MIN/543303/2025,2025-07-01T09:38:40.828+00:00,,DELISTED_BY_SYSTEM,0.75,18.0,MOHAMMAD HAIDARY,,Application for EC for Mining of Minor Minerals of Mine Lease (0-5 HA) - Form-2,EC,B2,,Minor Mineral Block Rock Debris Mining Project (Area-0.75 ha.),LADAKH,Sanku,Batambis,,,,Non - Linear,0.75,0.0,0.75,0.0,0.0,0.0,0.0,0.0,0,0,0,Not applicable as the project or activity is site specific,,NO,NO,NO,2025-07-21T08:26:35.196+00:00,,,"Groung, Baroo, Baroo, Kargil, Jammu Kashmir-194105",,37,Individual,lessee,,37,,Kargil,,https://parivesh.nic.in/dms/okm/downloadDocument?docTypemappingId=40829&refId=131203381&refType=caf&uuid=8030a697-0965-4bcb-85e6-773a9e33e7c5&version=1.0,001014,https://parivesh.nic.in/newupgrade/#/report/ec?proposalId=131209709,0.0,6400.0
131225965,"This is a proposed Minor Mineral Block Nallah Boulder Mining Project, proposal for obtaining Environmental Clearance of the area for Minor Mineral Block Nallah Boulder an area of 0.5674 ha; targeted Production capacity- 4460 TPA (ROM), Minor Mineral Block Nallah Boulder at Village-Skilmarchey Khachan, Tehsil – Sankoo District – Kargil, Ladakh (U.T)",New,SIA/LA/MIN/543334/2025,2025-07-01T11:28:46.635+00:00,,DELISTED_BY_SYSTEM,0.5674,20.0,MOHAMMAD HAIDARY,,Application for EC for Mining of Minor Minerals of Mine Lease (0-5 HA) - Form-2,EC,B2,,"Minor Mineral Block Nallah Boulder at Village-Skilmarchey Khachan, Tehsil – Sankoo District – Kargil, Ladakh (U.T) in favor of Mr. Haji Mohd Hassan Haidary (Area-0.5674 ha.))",LADAKH,Sanku,Farona,,,,Non - Linear,0.5674,0.0,0.5674,0.0,0.0,0.0,0.0,0.0,0,0,0,Not applicable as the project or activity is site specific,,NO,NO,NO,2025-08-12T08:33:23.538+00:00,,,"Groung, Baroo, Baroo, Kargil, Jammu Kashmir-194105",,37,Individual,lessee,,37,,Kargil,,https://parivesh.nic.in/dms/okm/downloadDocument?docTypemappingId=40829&refId=131224707&refType=caf&uuid=a8e22c9a-0232-46f5-a3d6-c0e892f2967a&version=1.0,001034,https://parivesh.nic.in/newupgrade/#/report/ec?proposalId=131225965,0.0,6400.0
131237744,Diversion of wildlife Land for establishment of ITBP BOP at KM-156,New,WL/LA/DEF/543362/2025,2025-07-01T12:58:03.337+00:00,,,1.62,1591.0,NW FTR ITBP LEH,,Wildlife clearance form,,,,BOP at KM - 156,LADAKH,Nubra,NA,,,,Non - Linear,1.62,0.0,1.62,0.0,0.0,0.0,0.0,0.0,0,0,0,NO,No other suitable sites are available nearby,NO,NO,NO,2025-07-01T13:44:10.429+00:00,,,,,,,,,,,Leh,,https://parivesh.nic.in/dms/okm/downloadDocument?docTypemappingId=40829&refId=131233555&refType=caf&uuid=eddfc6ba-482e-4309-8fde-d1f0906c2c13&version=1.0,"",https://parivesh.nic.in/newupgrade/#/report/ec?proposalId=131237744,19235.0,19235.0
131269668,"proposed Minor Mineral Block Nallah Boulder Mining Project, proposal for obtaining Environmental Clearance of the area for Minor Mineral Block Nallah Boulder an area of 1.25 ha; targeted Production capacity- 11,636 TPA (ROM), Minor Mineral Block Nallah Boulder at Village- Upper Khubathang, District – Kargil, Ladakh (U.T) in favor of Mr. Haji Mohd Hassan Haidary",New,SIA/LA/MIN/543406/2025,2025-07-02T06:10:09.703+00:00,,DELISTED_BY_SYSTEM,1.25,20.0,MOHAMMAD HAIDARY,,Application for EC for Mining of Minor Minerals of Mine Lease (0-5 HA) - Form-2,EC,B2,,"Minor Mineral Block Nallah Boulder an area of 1.25 ha. at Village- Upper Khubathang, District – Kargil, Ladakh (U.T) in favor of Mr. Haji Mohd Hassan Haidary",LADAKH,Sanku,Chosker Suru,,,,Non - Linear,1.25,0.0,1.25,0.0,0.0,0.0,0.0,0.0,0,0,0,Not applicable as the project or activity is site specific,,NO,NO,NO,2025-07-21T09:19:01.479+00:00,,,"Groung, Baroo, Baroo, Kargil, Jammu Kashmir-194105",,37,Individual,lessee,,37,,Kargil,,https://parivesh.nic.in/dms/okm/downloadDocument?docTypemappingId=40829&refId=131266428&refType=caf&uuid=88bd803a-36ed-4142-aa9c-4909ce3500ed&version=1.0,001056,https://parivesh.nic.in/newupgrade/#/report/ec?proposalId=131269668,0.0,6400.0
131298609,"proposed Minor Mineral Block Nallah Boulder Mining Project, proposal for obtaining Environmental Clearance of the area for Minor Mineral Block Nallah Boulder an area of 0.5028 ha; targeted Production capacity- 3,918 TPA (ROM), Minor Mineral Block Nallah Boulder at Village-Yokma Kharboo, Tehsil – Shakar District – Kargil, Ladakh (U.T)",New,SIA/LA/MIN/543462/2025,2025-07-02T09:33:54.889+00:00,,DELISTED_BY_SYSTEM,0.5028,18.0,MOHAMMAD HAIDARY,,Application for EC for Mining of Minor Minerals of Mine Lease (0-5 HA) - Form-2,EC,B2,,"Minor Mineral Block Nallah Boulder Mining Project  (area of 0.5028 ha.),  at Village-Yokma Kharboo, Tehsil – Shakar District – Kargil, Ladakh (U.T) in favor of Mr. Haji Mohd Hassan Haidary",LADAKH,Sanku,Chiktan,,,,Linear,0.5028,0.0,0.5028,0.0,0.0,0.0,0.0,0.0,0,0,0,Not applicable as the project or activity is site specific,,NO,NO,NO,2025-07-24T05:03:36.209+00:00,,,"Groung, Baroo, Baroo, Kargil, Jammu Kashmir-194105",,37,Individual,lessee,,37,,Kargil,,https://parivesh.nic.in/dms/okm/downloadDocument?docTypemappingId=40829&refId=131298099&refType=caf&uuid=73f1e7bf-d317-4937-8953-c4261bc33d38&version=1.0,000986,https://parivesh.nic.in/newupgrade/#/report/ec?proposalId=131298609,0.0,6400.0
131301352,Diversion of wildlife land for establishment of ITBP BOP at Quazi Langer,New,WL/LA/DEF/543471/2025,2025-07-02T09:54:28.372+00:00,,,1.62,1593.0,NW FTR ITBP LEH,,Wildlife clearance form,,,,BOP Quazi Langer,LADAKH,"",NA,,,,Non - Linear,1.62,0.0,1.62,0.0,0.0,0.0,0.0,0.0,0,0,0,NO,No other suitable sites are available,NO,NO,NO,2025-07-02T10:21:57.997+00:00,,,,,,,,,,,Leh,,https://parivesh.nic.in/dms/okm/downloadDocument?docTypemappingId=40829&refId=131287326&refType=caf&uuid=c80c2d34-2cd3-42fb-ba26-def9cee97d80&version=1.0,"",https://parivesh.nic.in/newupgrade/#/report/ec?proposalId=131301352,19235.0,14415.0
131392488,"proposed Minor Mineral Block Nallah Boulder Mining Project, proposal for obtaining Environmental Clearance of the area for Minor Mineral Block Nallah Boulder an area of 0.91 ha; targeted Production capacity- 8,190 TPA (ROM), Minor Mineral Block Nallah Boulder at Village- Stok, Tehsil & Distt-Leh, Ladakh (U.T) in favor of Shri Thinley Anchuk",New,SIA/LA/MIN/543597/2025,2025-07-03T09:11:41.889+00:00,,DELISTED_BY_SYSTEM,0.91,22.0,THENLAY ANGCHOK,,Application for EC for Mining of Minor Minerals of Mine Lease (0-5 HA) - Form-2,EC,B2,,"Minor Mineral Block Nallah Boulder an area of 0.91 ha., at Village- Stok, Tehsil & Distt-Leh, Ladakh (U.T), in favor of Shri Thinley Anchuk",LADAKH,Leh,Chuglamsar (CT),,SIA/LA/MIN/543597/2025,,Non - Linear,0.91,0.0,0.91,0.0,0.0,0.0,0.0,0.0,0,0,0,Not applicable as the project or activity is site specific,,NO,NO,NO,2025-07-10T10:26:53.883+00:00,,,"Gonjong Durbuk, Laga, Laga durbuk, Laga, Durbok, Leh, Jammu and Kashmir-194101",,37,Individual,project proponrent,,37,,Leh,,https://parivesh.nic.in/dms/okm/downloadDocument?docTypemappingId=40829&refId=131390339&refType=caf&uuid=a3cb90aa-1486-43c8-a63d-a685ab574094&version=1.0,000910,https://parivesh.nic.in/newupgrade/#/report/ec?proposalId=131392488,0.0,6400.0
131400312,"wildlife clearance in lieu of construction of 66/11kV Koyoul, Chushool, Nidder, Hanley Substation under  Loss reduction works in Changthang Region",New,WL/LA/SubStation/543612/2025,2025-07-03T10:09:19.796+00:00,,,2.7,1885.0,ENERGY POWER DEPARTMENT,,Wildlife clearance form,,,,"Construction of 66/11kV Koyoul, Chushool, Nidder, Hanley Substation under  Loss reduction works in Changthang Region",LADAKH,Leh,Chushul,,,,Non - Linear,0.0,2.7,2.7,0.0,0.0,0.0,0.0,0.0,0,0,0,NO,Not applicable as the project or activity is site specific,NO,NO,NO,2025-08-07T11:02:15.279+00:00,,,,,,,,,,,Leh,,https://parivesh.nic.in/dms/okm/downloadDocument?docTypemappingId=40829&refId=131035536&refType=caf&uuid=3ec76940-d7d2-4b49-a41e-d68217d52637&version=1.0,000908,https://parivesh.nic.in/newupgrade/#/report/ec?proposalId=131400312,27025.0,27025.0
131647234,Measures like digging of Trenches and re-alignment of road to prevent  off-roading for protecting the Tibetan Gazelle habitat at kalaktartar.,New,WL/LA/Others/544037/2025,2025-07-07T10:56:10.923+00:00,,,3413.0,100.0,Department of Wildlife Protection,,Wildlife clearance form,,,,Trenches to prevent off-roading at Kalaktartar,LADAKH,Leh,Demjok,,,,Non - Linear,0.0,3413.0,3413.0,0.0,0.0,0.0,0.0,0.0,0,0,0,Not applicable as the project or activity is site specific,,NO,NO,NO,2025-07-07T11:12:02.706+00:00,,,,,,,,,,,Leh,,https://parivesh.nic.in/dms/okm/downloadDocument?docTypemappingId=40829&refId=131640113&refType=caf&uuid=0296db09-4ca6-4bf8-a2e6-e5ef7d3abb23&version=1.2,000906,https://parivesh.nic.in/newupgrade/#/report/ec?proposalId=131647234,10.0,10.0
131939202,"Minor Mineral Block Nallah Boulder at Village- Stok, Tehsil, Distt-Leh, Ladakh (U.T)",New,SIA/LA/MIN/544471/2025,2025-07-11T10:47:08.858+00:00,,DELISTED_BY_SYSTEM,1.99,22.0,STANZIN GAYWANG,,Application for EC for Mining of Minor Minerals of Mine Lease (0-5 HA) - Form-2,EC,B2,,Minor Mineral Block Nallah Boulder Mining (Area-1.99 ha.),LADAKH,Leh,Stok,,SIA/LA/MIN/544471/2025,,Non - Linear,1.99,0.0,1.99,0.0,0.0,0.0,0.0,0.0,0,0,0,Not applicable as the project or activity is site specific,,NO,NO,NO,2025-07-11T12:02:23.563+00:00,,,"Saspol, Leh",,37,Individual,lessee,,37,,Leh,,https://parivesh.nic.in/dms/okm/downloadDocument?docTypemappingId=40829&refId=131937206&refType=caf&uuid=6db6df86-ec8c-43a7-b835-1b1f1b9d5201&version=1.0,000862,https://parivesh.nic.in/newupgrade/#/report/ec?proposalId=131939202,0.0,0.0
132571784,"The project proposes the rationalisation of boundary of Karakoram (Nubra–Shyok) Wildlife Sanctuaries in UT Ladakh to correct inconsistencies in the original notified area. It aims to exclude habitated areas and community lands while retaining ecologically important zones. This will reduce conflicts, support legitimate land use, and strengthen conservation efforts.",New,WL/LA/Others/545645/2025,2025-07-22T12:26:54.522+00:00,,,1655000.0,0.0,Department of Wildlife Protection,,Wildlife clearance form,,,,"Rationalisation of Boundary of Karakoram (Nubra-Shayok) Wildlife Sanctuary , UT Ladakh.",LADAKH,Nubra,NA,,,,Non - Linear,0.0,1655000.0,1655000.0,0.0,0.0,0.0,0.0,0.0,0,0,0,Not applicable as the project or activity is site specific,,NO,NO,NO,2025-07-22T14:18:11.471+00:00,,,,,,,,,,,Leh,,https://parivesh.nic.in/dms/okm/downloadDocument?docTypemappingId=40829&refId=132565650&refType=caf&uuid=e9eafa3e-09db-43a1-a988-ba375248f84b&version=1.0,"",https://parivesh.nic.in/newupgrade/#/report/ec?proposalId=132571784,0.0,0.0
132632408,"The project proposes the rationalisation of boundary of  High Altitude Cold Desert (Changthang) Wildlife Sanctuary in UT Ladakh to correct inconsistencies in the original notified area. It aims to exclude habitated areas and community lands while retaining ecologically important zones. This will reduce conflicts, support legitimate land use, and strengthen conservation efforts.",New,WL/LA/Others/545732/2025,2025-07-23T10:37:41.426+00:00,,,969600.0,0.0,Department of Wildlife Protection,,Wildlife clearance form,,,,"Rationalisation of Boundary of High Altitude Cold Desert (Changthang) Wildlife Sanctuary , UT Ladakh.",LADAKH,Leh,NA,,,,Non - Linear,0.0,969600.0,969600.0,0.0,0.0,0.0,0.0,0.0,0,0,0,Not applicable as the project or activity is site specific,,NO,NO,NO,2025-07-23T11:06:09.734+00:00,,,,,,,,,,,Leh,,https://parivesh.nic.in/dms/okm/downloadDocument?docTypemappingId=40829&refId=132630813&refType=caf&uuid=779e1b77-ad4c-4757-bdf7-b84f57c1c1f1&version=1.0,"",https://parivesh.nic.in/newupgrade/#/report/ec?proposalId=132632408,0.0,0.0
133115206,The present route from Gore-PP –Girdhar Post is a foot track of length 5 km and there is no existing connectivity from Gore-PP to Girdhar Post which makes it difficult for army to maintain these high altitude posts during harsh winters also it is a time consuming process during summers which significantly affects the operational capability of troops deployed there. Gore -PP-Girdhar-Chotak road listed in LTRoWP srl No.257.  The proposed NHSL which has been approved as per AWP target 2025-26 will drastically cut down the travelling time and improve the operational and logistical support to these high altitude locations thereby significantly enhancing the operational capability. The road Gore-PP Girdhar Post is strategically and operationally very important for army hence it was proposed to construct this road to NHSL specifications.,New,WL/LA/DEF/546608/2025,2025-07-31T04:32:37.826+00:00,,,15.47,12662.63,Border Roads Organisation,,Wildlife clearance form,,,,CONSTRUCTION OF GORE-PP TO GIRDHAR POST (KM 0.000 TO KM 18.878) TO NHSL SPECIFICATION INCLUDING CONSTRUCTION OF 50 MTR MAJOR PERMANENT BRIDGE UNDER PROJECT VIJAYAK IN LADAKH (UT).,LADAKH,Nubra,Turtok,,,,Linear,0.0,15.47,15.47,0.0,0.0,0.0,0.0,0.0,0,0,0,Not applicable as the project or activity is site specific,,NO,NO,NO,2025-07-31T05:22:16.730+00:00,,,,,,,,,,,Leh,,https://parivesh.nic.in/dms/okm/downloadDocument?docTypemappingId=40829&refId=133051597&refType=caf&uuid=ad4fcbc3-e3b2-420c-920a-65dd5bd22ddc&version=1.0,000913,https://parivesh.nic.in/newupgrade/#/report/ec?proposalId=133115206,37100.0,21930.0
133316488,WILDLIFE CLEARANCE,New,WL/LA/DEF/546913/2025,2025-08-02T13:23:47.865+00:00,,,20.3,2190.0,Ministry of Defense,,Wildlife clearance form,,,,ARMY CAMP (ARMY WORKSHOP AT 134 KM),LADAKH,Nubra,NA,,,,Non - Linear,0.0,20.3,20.3,0.0,0.0,0.0,0.0,0.0,0,0,0,Not applicable as the project or activity is site specific,,NO,NO,NO,2025-08-02T13:56:51.790+00:00,,,,,,,,,,,Leh,,https://parivesh.nic.in/dms/okm/downloadDocument?docTypemappingId=40829&refId=133315674&refType=caf&uuid=dd096212-25ec-4603-ac5c-042b9dd68385&version=1.0,0,https://parivesh.nic.in/newupgrade/#/report/ec?proposalId=133316488,3660.0,7310.0
133755710,11 kV TRANSMISSION LINE ERECTION FROM PHOBRANG TO DHAN SINGH POST UNDER ADDITIONAL RDSS WORKS IN LADAKH BORDER AREAS PKG-02,New,WL/LA/TRANS/547608/2025,2025-08-09T08:09:00.470+00:00,,,36.4,897.0,ENERGY POWER DEPARTMENT,,Wildlife clearance form,,,,WILDLIFE CLEARANCE IN LIEU OF 11 kV TRANSMISSION LINE ERECTION FROM PHOBRANG TO DHAN SINGH POST UNDER ADDITIONAL RDSS WORKS IN LADAKH BORDER AREAS PKG-02,LADAKH,"",NA,,,,Linear,0.0,36.4,36.4,0.0,0.0,0.0,0.0,0.0,0,0,0,Not applicable as the project or activity is site specific,,NO,NO,NO,2025-08-09T08:53:06.037+00:00,,,,,,,,,,,Leh,,https://parivesh.nic.in/dms/okm/downloadDocument?docTypemappingId=40829&refId=133625818&refType=caf&uuid=d8c98a5b-30f5-4972-9d69-b66aa2de48df&version=1.0,0,https://parivesh.nic.in/newupgrade/#/report/ec?proposalId=133755710,40.0,0.0
133994933,"proposed Minor Mineral Bajri & Boulder Mining Project, proposal for obtaining Environmental Clearance of the area for Minor Mineral Block an area of 2.52 ha; targeted Production capacity- 20580 TPA (ROM), Minor Mineral Block at Village- Spituk Pharka, Tehsil & Distt-Leh, Ladakh (U.T) in favor of Shri Phunchok Angchok",New,SIA/LA/MIN/547982/2025,2025-08-13T07:07:54.531+00:00,,DELISTED_BY_SYSTEM,2.52,15.0,PUNCHOK ANGCHOK,,Application for EC for Mining of Minor Minerals of Mine Lease (0-5 HA) - Form-2,EC,B2,,Minor Mineral Bajri & Boulder Mining Project (area of 2.52 ha.),LADAKH,Leh,Spituk (CT),,,,Non - Linear,2.52,0.0,2.52,0.0,0.0,0.0,0.0,0.0,0,0,0,Not applicable as the project or activity is site specific,,NO,NO,NO,2025-08-13T07:34:56.536+00:00,,,"LEH, LADAKH",,37,Individual,Project proponent,,37,,Leh,,https://parivesh.nic.in/dms/okm/downloadDocument?docTypemappingId=40829&refId=133993505&refType=caf&uuid=19c09f2f-c10f-4c1c-950c-7d6702dfe0da&version=1.0,000909,https://parivesh.nic.in/newupgrade/#/report/ec?proposalId=133994933,0.0,1600.0
134312315,"11 kV TRANSMISSION LINE ERECTION FROM CHUSHUL TO TARA, CHUSHUL TO THAKUNG AND CHUSHUL TO CHUSHUL VILLAGE UNDER ADDITIONAL RDSS WORKS IN LADAKH BORDER AREAS PKG-02",New,WL/LA/TRANS/548602/2025,2025-08-19T10:19:03.605+00:00,,,47.9,1140.7,ENERGY POWER DEPARTMENT,,Wildlife clearance form,,,,"WILDLIFE CLEARANCE IN LIEU OF 11 kV TRANSMISSION LINE ERECTION FROM CHUSHUL TO TARA, CHUSHUL TO THAKUNG AND CHUSHUL TO CHUSHUL VILLAGE UNDER ADDITIONAL RDSS WORKS IN LADAKH BORDER AREAS PKG-02",LADAKH,Leh,Chushul,,,,Linear,0.0,47.9,47.9,0.0,0.0,0.0,0.0,0.0,0,0,0,Not applicable as the project or activity is site specific,,NO,NO,NO,2025-08-19T11:06:23.498+00:00,,,,,,,,,,,Leh,,https://parivesh.nic.in/dms/okm/downloadDocument?docTypemappingId=40829&refId=133759793&refType=caf&uuid=e0253169-8669-4f97-b2f1-10ec69bf7a6e&version=1.0,000908,https://parivesh.nic.in/newupgrade/#/report/ec?proposalId=134312315,40.0,0.0
134461074,"11 kV TRANSMISSION LINE ERECTION FROM KOYUL TO CHUSUMLA, DEMCHOK AND FUKCHE UNDER ADDITIONAL RDSS WORKS IN LADAKH BORDER AREAS PKG-02",New,WL/LA/TRANS/548874/2025,2025-08-21T10:35:10.837+00:00,,,30.02,715.15,ENERGY POWER DEPARTMENT,,Wildlife clearance form,,,,"WILDLIFE CLEARANCE IN LIEU OF 11 kV TRANSMISSION LINE ERECTION FROM KOYUL TO CHUSUMLA, DEMCHOK AND FUKCHE UNDER ADDITIONAL RDSS WORKS IN LADAKH BORDER AREAS PKG-02",LADAKH,Leh,Anlay,,,,Linear,0.0,30.02,30.02,0.0,0.0,0.0,0.0,0.0,0,0,0,Not applicable as the project or activity is site specific,,NO,NO,NO,2025-08-22T05:13:10.290+00:00,,,,,,,,,,,Leh,,https://parivesh.nic.in/dms/okm/downloadDocument?docTypemappingId=40829&refId=134458589&refType=caf&uuid=cf3be910-623e-4b7f-b2b9-907bc992ee7f&version=1.0,000903,https://parivesh.nic.in/newupgrade/#/report/ec?proposalId=134461074,60.0,0.0
134580422,"11 kV TRANSMISSION LINE ERECTION FROM HANLE TO ANLEY-ITBP/ARMY, HANLE-ITBP/ARMY, ZARSAR-ITBP/ARMY UNDER ADDITIONAL RDSS WORKS IN LADAKH BORDER AREAS PKG-02",New,WL/LA/TRANS/549052/2025,2025-08-23T05:35:33.023+00:00,,,47.29,1126.23,ENERGY POWER DEPARTMENT,,Wildlife clearance form,,,,"REVISED PROPOSAL-WILDLIFE CLEARANCE IN LIEU OF 11 kV TRANSMISSION LINE ERECTION FROM HANLE TO ANLEY-ITBP/ARMY, HANLE-ITBP/ARMY, ZARSAR-ITBP/ARMY UNDER ADDITIONAL RDSS WORKS IN LADAKH BORDER AREAS PKG-02",LADAKH,Leh,Anlay,,,,Linear,17.2,30.09,47.29,0.0,0.0,0.0,0.0,0.0,0,0,0,Not applicable as the project or activity is site specific,,NO,NO,NO,2025-08-23T05:52:27.722+00:00,,,,,,,,,,,Leh,,https://parivesh.nic.in/dms/okm/downloadDocument?docTypemappingId=40829&refId=134578964&refType=caf&uuid=1af16b9f-f897-496c-a371-43b6482d8cbd&version=1.0,000903,https://parivesh.nic.in/newupgrade/#/report/ec?proposalId=134580422,3660.0,3660.0
135530458,WILDLIFE CLEARANCE,New,WL/LA/DEF/550187/2025,2025-09-02T16:15:36.993+00:00,,,14.2,8089.7,Ministry of Defense,,Wildlife clearance form,,,,Formation Ammunition Storage Facility at Parma,LADAKH,Leh,NA,,,,Non - Linear,0.0,14.2,14.2,0.0,0.0,0.0,0.0,0.0,0,0,0,Not applicable as the project or activity is site specific,,NO,NO,NO,2025-09-02T17:15:11.633+00:00,,,,,,,,,,,Leh,,https://parivesh.nic.in/dms/okm/downloadDocument?docTypemappingId=40829&refId=135530403&refType=caf&uuid=39f848f0-4e9c-4897-b9eb-a038c0b85e23&version=1.0,"",https://parivesh.nic.in/newupgrade/#/report/ec?proposalId=135530458,3660.0,7310.0
135691772,WILDLIFE CLEARANCE,New,WL/LA/DEF/550507/2025,2025-09-04T15:47:37.497+00:00,,,3.7,316.17,Ministry of Defense,,Wildlife clearance form,,,,315 Field Workshop Company at Chushul,LADAKH,Leh,Chushul,,,NA,Non - Linear,0.0,3.7,3.7,0.0,0.0,0.0,0.0,0.0,0,0,0,Not applicable as the project or activity is site specific,,NO,NO,NO,2025-09-04T16:25:00.028+00:00,,,,,,,,,,,Leh,NA,https://parivesh.nic.in/dms/okm/downloadDocument?docTypemappingId=40829&refId=135691667&refType=caf&uuid=346d6b18-c949-490b-8747-677718c52034&version=1.0,000908,https://parivesh.nic.in/newupgrade/#/report/ec?proposalId=135691772,3660.0,7310.0
135976349,WILDLIFE CLEARANCE,New,WL/LA/DEF/551005/2025,2025-09-09T14:13:42.124+00:00,,,4.15,1724.0,Ministry of Defense,,Wildlife clearance form,,,,PROVN OF 1660 KL CAPACITY FOL SCATTERED FOL TANKAGE AT CHONGTASH,LADAKH,Nubra,NA,,,NA,Non - Linear,0.0,4.15,4.15,0.0,0.0,0.0,0.0,0.0,0,0,0,Not applicable as the project or activity is site specific,,NO,NO,NO,2025-09-09T14:51:56.366+00:00,,,,,,,,,,,Leh,NA,https://parivesh.nic.in/dms/okm/downloadDocument?docTypemappingId=40829&refId=135976033&refType=caf&uuid=1febeb49-25b3-437e-a39a-6258a0a1c9f6&version=1.0,0,https://parivesh.nic.in/newupgrade/#/report/ec?proposalId=135976349,3660.0,7310.0
135978107,WILDLIFE CLEARANCE,New,WL/LA/DEF/551009/2025,2025-09-09T15:29:44.131+00:00,,,0.61,292.0,Ministry of Defense,,Wildlife clearance form,,,,CONSTRUCTION OF UG FOL STORAGE (200 KL) FOR INF BDE AT CHONGTASH THROUGH CCS ROUTE,LADAKH,Nubra,NA,,,NA,Non - Linear,0.0,0.61,0.61,0.0,0.0,0.0,0.0,0.0,0,0,0,Not applicable as the project or activity is site specific,,NO,NO,NO,2025-09-09T15:45:40.724+00:00,,,,,,,,,,,Leh,NA,https://parivesh.nic.in/dms/okm/downloadDocument?docTypemappingId=40829&refId=135977797&refType=caf&uuid=b10b1b90-da80-48fa-be35-36fe448c652c&version=1.0,"",https://parivesh.nic.in/newupgrade/#/report/ec?proposalId=135978107,3660.0,7310.0
136087302,WILDLIFE CLEARANCE,New,WL/LA/DEF/551191/2025,2025-09-11T08:26:20.951+00:00,,,44.74,5776.48,Ministry of Defense,,Wildlife clearance form,,,,FASF AND ADM AREA,LADAKH,Nubra,NA,,,NA,Non - Linear,0.0,44.74,44.74,0.0,0.0,0.0,0.0,0.0,0,0,0,Not applicable as the project or activity is site specific,,NO,NO,NO,2025-09-11T08:39:44.189+00:00,,,,,,,,,,,Leh,NA,https://parivesh.nic.in/dms/okm/downloadDocument?docTypemappingId=40829&refId=136081653&refType=caf&uuid=e2e5394e-8a10-4c80-8a04-8ae287d81da0&version=1.0,"",https://parivesh.nic.in/newupgrade/#/report/ec?proposalId=136087302,3660.0,7310.0
136276051,WILDLIFE CLEARANCE,New,WL/LA/DEF/551599/2025,2025-09-15T06:45:57.992+00:00,,,48.6,85.075,Ministry of Defense,,Wildlife clearance form,,,,TRAINING NODE AREA AT TARA,LADAKH,Leh,Mood,,,NA,Non - Linear,0.0,48.6,48.6,0.0,0.0,0.0,0.0,0.0,0,0,0,Not applicable as the project or activity is site specific,,NO,NO,NO,2025-09-15T07:05:58.612+00:00,,,,,,,,,,,Leh,NA,https://parivesh.nic.in/dms/okm/downloadDocument?docTypemappingId=40829&refId=136272011&refType=caf&uuid=d55e89a8-9e67-4d16-b6a7-24dda03c9cf4&version=1.0,0,https://parivesh.nic.in/newupgrade/#/report/ec?proposalId=136276051,3660.0,7310.0
136351252,WILDLIFE CLEARANCE,New,WL/LA/DEF/551756/2025,2025-09-16T06:40:48.669+00:00,,,15.76,263.425,Ministry of Defense,,Wildlife clearance form,,,,REZANGLA WAR MEMORIAL,LADAKH,Leh,Chushul,,,NA,Non - Linear,0.0,15.76,15.76,0.0,0.0,0.0,0.0,0.0,0,0,0,Not applicable as the project or activity is site specific,,NO,NO,NO,2025-09-16T07:21:47.850+00:00,,,,,,,,,,,Leh,NA,https://parivesh.nic.in/dms/okm/downloadDocument?docTypemappingId=40829&refId=136348007&refType=caf&uuid=ef5f713e-baf3-4816-be55-4df6713606c8&version=1.0,000908,https://parivesh.nic.in/newupgrade/#/report/ec?proposalId=136351252,3660.0,7310.0
136361281,"66 kV Transmission Line Tangtse - Chushul  is to be established in Leh District of UT Ladakh under Revamped Distribution Sector Scheme (RDSS) in Transmission Line Package 1. The said Transmission Line is of utmost importance for grid connectivity of Changthang region and its habitation, Army, ITBP and border outposts.",New,WL/LA/TRANS/551784/2025,2025-09-16T08:19:17.516+00:00,,,128.01,7197.0,ENERGY POWER DEPARTMENT,,Wildlife clearance form,,,,Construction of 66 kV Transmission Line Tangtse-Chushul under RDSS,LADAKH,Leh,Chushul,,,,Linear,12.34,115.67,128.01,0.0,0.0,0.0,0.0,0.0,0,0,0,Not applicable as the project or activity is site specific,,NO,NO,NO,2025-09-16T08:52:47.718+00:00,,,,,,,,,,,Leh,,https://parivesh.nic.in/dms/okm/downloadDocument?docTypemappingId=40829&refId=136357667&refType=caf&uuid=b9e04daf-df76-4ec8-9933-77be19d0df33&version=1.0,000908,https://parivesh.nic.in/newupgrade/#/report/ec?proposalId=136361281,3100.0,3030.0
136650768,"The project road Sasoma- Saserla –Murgo falls in north-west of the state the Union Territory of Ladakh. The Sasoma–Sasser La Road or the Sasoma–Saser Pass Road is a road reportedly being built in Ladakh between Nubra and Daulat Beg Oldi (DBO). Being constructed at a height of 17,800 feet (5,400 m) by the Border Roads Organization under Project Vijayak, despite the glaciated mountain tops that it has to pass through. It is expected to provide an alternative access to DBO, other than the Darbuk–Shyok–DBO Road. It is of strategic importance Being a border state, which has been in dispute with China, the Union Territory of Ladakh and therefore the road, are very important strategically. The terrain and climatic conditions of the region make this state very peculiar",New,WL/LA/DEF/552361/2025,2025-09-20T07:13:36.777+00:00,,,149.1432,5.0,Border Roads Organisation,,Wildlife clearance form,,,,Construction of Highway Tunnel including approaches across Saser La on Sasoma-Saserla-Brangsa Road,LADAKH,Nubra,NA,,,,Linear,0.0,149.1432,149.1432,0.0,0.0,0.0,0.0,0.0,0,0,0,Not applicable as the project or activity is site specific,,NO,NO,NO,2025-10-03T16:44:38.517+00:00,,,,,,,,,,,Leh,,https://parivesh.nic.in/dms/okm/downloadDocument?docTypemappingId=40829&refId=136646413&refType=caf&uuid=29ed709a-14c8-4235-9822-45778c264a64&version=1.0,0,https://parivesh.nic.in/newupgrade/#/report/ec?proposalId=136650768,792000.0,300000.0
137331538,11 kV TRANSMISSION LINE ERECTION FROM PHOBRANG TO DHAN SINGH POST UNDER ADDITIONAL RDSS WORKS IN LADAKH BORDER AREAS PKG-02,New,WL/LA/TRANS/553773/2025,2025-10-01T07:56:56.784+00:00,,,37.67,897.0,ENERGY POWER DEPARTMENT,,Wildlife clearance form,,,,REVISED PROPOSAL-WILDLIFE CLEARANCE IN LIEU OF 11 kV TRANSMISSION LINE ERECTION FROM PHOBRANG TO DHAN SINGH POST UNDER ADDITIONAL RDSS WORKS IN LADAKH BORDER AREAS PKG-02,LADAKH,"",NA,,,,Linear,0.0,37.67,37.67,0.0,0.0,0.0,0.0,0.0,0,0,0,Not applicable as the project or activity is site specific,,NO,NO,NO,2025-10-01T08:47:31.788+00:00,,,,,,,,,,,Leh,,https://parivesh.nic.in/dms/okm/downloadDocument?docTypemappingId=40829&refId=137322621&refType=caf&uuid=e7cab117-09d8-44cb-9023-d6a0ce4b9232&version=1.0,"",https://parivesh.nic.in/newupgrade/#/report/ec?proposalId=137331538,1640.0,1640.0
137357272,"11 kV TRANSMISSION LINE ERECTION FROM HANLE TO ANLEY-ITBP/ARMY, HANLE-ITBP/ARMY, ZARSAR-ITBP/ARMY UNDER ADDITIONAL RDSS WORKS IN LADAKH BORDER AREAS PKG-02",New,WL/LA/TRANS/553824/2025,2025-10-01T12:41:11.632+00:00,,,47.29,1126.23,ENERGY POWER DEPARTMENT,,Wildlife clearance form,,,,"RE- REVISED WILDLIFE CLEARANCE IN LIEU OF 11 kV TRANSMISSION LINE ERECTION FROM HANLE TO ANLEY-ITBP/ARMY, HANLE-ITBP/ARMY, ZARSAR-ITBP/ARMY UNDER ADDITIONAL RDSS WORKS IN LADAKH BORDER AREAS PKG-02",LADAKH,Leh,Demjok,,,,Linear,17.2,30.09,47.29,0.0,0.0,0.0,0.0,0.0,0,0,0,Not applicable as the project or activity is site specific,,NO,NO,NO,2025-10-01T13:30:43.193+00:00,,,,,,,,,,,Leh,,https://parivesh.nic.in/dms/okm/downloadDocument?docTypemappingId=40829&refId=137356590&refType=caf&uuid=a63f5832-045d-4d32-bb78-68ea4a217043&version=1.0,000906,https://parivesh.nic.in/newupgrade/#/report/ec?proposalId=137357272,3660.0,3660.0
137358840,"11 kV TRANSMISSION LINE ERECTION FROM KOYUL TO CHUSUMLA, DEMCHOK AND FUKCHE UNDER ADDITIONAL RDSS WORKS IN LADAKH BORDER AREAS PKG-02",New,WL/LA/TRANS/553835/2025,2025-10-01T13:52:01.371+00:00,,,48.44,715.15,ENERGY POWER DEPARTMENT,,Wildlife clearance form,,,,"REVISED WILDLIFE CLEARANCE IN LIEU OF 11 kV TRANSMISSION LINE ERECTION FROM KOYUL TO CHUSUMLA, DEMCHOK AND FUKCHE UNDER ADDITIONAL RDSS WORKS IN LADAKH BORDER AREAS PKG-02",LADAKH,Leh,NA,,,,Linear,18.41,30.03,48.44,0.0,0.0,0.0,0.0,0.0,0,0,0,Not applicable as the project or activity is site specific,,NO,NO,NO,2025-10-01T14:09:07.645+00:00,,,,,,,,,,,Leh,,https://parivesh.nic.in/dms/okm/downloadDocument?docTypemappingId=40829&refId=137358570&refType=caf&uuid=6fa8450f-9541-4888-b2a8-12e239e5f2de&version=1.0,"",https://parivesh.nic.in/newupgrade/#/report/ec?proposalId=137358840,3660.0,3660.0
137445596,Very important and mergent nature of Bidge project namely Construction of of 5 x 60 Mtr Span 02 lane Motorable Bridge with Pedestrian on both sides over river Suru at Baroo (DC office road to Ando0 Kurbathang).,New,FP/LA/ROAD/554008/2025,2025-10-03T15:11:09.874+00:00,,DELISTED_BY_SYSTEM,0.74,7610.0,ALI SHAIR KHAN,,Forest clearance form,,,,Construction of of 5 x 60 Mtr Span 02 lane Motorable Bridge with Pedestrian on both sides over river Suru at Baroo (DC office road to Ando0 Kurbathang).,LADAKH,Sanku,Minji,,,,Linear,0.6,0.14,0.74,0.0,0.0,0.0,0.0,0.0,0,0,0,Not applicable as the project or activity is site specific,,NO,NO,NO,2025-10-14T18:30:00.000+00:00,,false,R&B Division Kargil,Suru Baroo Kargil,37,State Government (Department/Autonomous body),Executive Engineer,Kargil,37,,Kargil,,https://parivesh.nic.in/dms/okm/downloadDocument?docTypemappingId=40829&refId=137405425&refType=caf&uuid=98a52a52-10c1-4526-a963-c1d631b5902a&version=1.0;https://parivesh.nic.in/dms/okm/downloadDocument?docTypemappingId=58989&refId=137405425&refType=FC&uuid=d55982af-cdba-4c25-998f-7025779ee511&version=1.0,000995,https://parivesh.nic.in/newupgrade/#/report/ec?proposalId=137445596,7325.0,402.0
137464550,"11 kV TRANSMISSION LINE ERECTION FROM NIDDER(NYOMA)- BRIGADE ARMY, NIDDR(NYOMA)-HEENA ITBP/ARMY, NIDDER(NYOMA)TO NIDDER ARMY UNDER ADDITIONAL RDSS WORKS IN LADAKH BORDER AREAS PKG-02",New,WL/LA/TRANS/554040/2025,2025-10-04T06:53:36.496+00:00,,,15.22,362.4,ENERGY POWER DEPARTMENT,,Wildlife clearance form,,,,"11 kV TRANSMISSION LINE ERECTION FROM NIDDER(NYOMA)- BRIGADE ARMY, NIDDR(NYOMA)-HEENA ITBP/ARMY, NIDDER(NYOMA)TO NIDDER ARMY UNDER ADDITIONAL RDSS WORKS IN LADAKH BORDER AREAS PKG-02",LADAKH,Leh,Mood,,,,Linear,0.0,15.22,15.22,0.0,0.0,0.0,0.0,0.0,0,0,0,Not applicable as the project or activity is site specific,,NO,NO,NO,2025-10-04T07:51:27.345+00:00,,,,,,,,,,,Leh,,https://parivesh.nic.in/dms/okm/downloadDocument?docTypemappingId=40829&refId=137462887&refType=caf&uuid=2d9c80ac-b502-45e0-9175-ddb8f7efb048&version=1.0,000902,https://parivesh.nic.in/newupgrade/#/report/ec?proposalId=137464550,3660.0,3660.0
137475372,11 kV TRANSMISSION LINE ERECTION FROM NIDDER(NYOMA)- DUNGTI ARMY/ITBP UNDER ADDITIONAL RDSS WORKS IN LADAKH BORDER AREAS PKG-02,New,WL/LA/TRANS/554064/2025,2025-10-04T09:15:52.246+00:00,,,43.6,1038.37,ENERGY POWER DEPARTMENT,,Wildlife clearance form,,,,11 kV TRANSMISSION LINE ERECTION FROM NIDDER(NYOMA)- DUNGTI ARMY/ITBP UNDER ADDITIONAL RDSS WORKS IN LADAKH BORDER AREAS PKG-02,LADAKH,Leh,Mood,,,,Linear,0.0,43.6,43.6,0.0,0.0,0.0,0.0,0.0,0,0,0,Not applicable as the project or activity is site specific,,NO,NO,NO,2025-10-04T09:32:59.906+00:00,,,,,,,,,,,Leh,,https://parivesh.nic.in/dms/okm/downloadDocument?docTypemappingId=40829&refId=137473052&refType=caf&uuid=b88c2b3a-d10b-46e8-95ca-4b6c9cf123a2&version=1.0,000902,https://parivesh.nic.in/newupgrade/#/report/ec?proposalId=137475372,3660.0,3660.0
137598131,"11 kV TRANSMISSION LINE ERECTION FROM KOYUL TO CHUSUMLA, DEMCHOK AND FUKCHE UNDER ADDITIONAL RDSS WORKS IN LADAKH BORDER AREAS PKG-02",New,WL/LA/TRANS/554261/2025,2025-10-07T06:17:54.785+00:00,,,48.44,715.15,ENERGY POWER DEPARTMENT,,Wildlife clearance form,,,,"(Final) WILDLIFE CLEARANCE IN LIEU OF 11 kV TRANSMISSION LINE ERECTION FROM KOYUL TO CHUSUMLA, DEMCHOK AND FUKCHE UNDER ADDITIONAL RDSS WORKS IN LADAKH BORDER AREAS PKG-02",LADAKH,Leh,NA,,,,Linear,18.41,30.03,48.44,0.0,0.0,0.0,0.0,0.0,0,0,0,Not applicable as the project or activity is site specific,,NO,NO,NO,2025-10-07T06:45:04.160+00:00,,,,,,,,,,,Leh,,https://parivesh.nic.in/dms/okm/downloadDocument?docTypemappingId=40829&refId=137595890&refType=caf&uuid=81a640ba-41f3-4bcc-9191-19718c055114&version=1.0,"",https://parivesh.nic.in/newupgrade/#/report/ec?proposalId=137598131,3660.0,30.0
137605050,"66 kV Transmission Line Tangtse - Chushul is to be established in Leh District of UT Ladakh under Revamped Distribution Sector Scheme (RDSS) in Transmission Line Package 1. The said Transmission Line is of utmost importance for grid connectivity of Changthang region and its habitation, Army, ITBP and border outposts.",New,WL/LA/TRANS/554270/2025,2025-10-07T07:12:38.675+00:00,,,128.01,7197.0,ENERGY POWER DEPARTMENT,,Wildlife clearance form,,,,(FINAL) Construction of 66 kV Transmission Line Tangtse-Chushul under RDSS,LADAKH,Leh,Man Pangong,,,,Linear,12.34,115.67,128.01,0.0,0.0,0.0,0.0,0.0,0,0,0,Not applicable as the project or activity is site specific,,NO,NO,NO,2025-10-07T07:40:12.586+00:00,,,,,,,,,,,Leh,,https://parivesh.nic.in/dms/okm/downloadDocument?docTypemappingId=40829&refId=137603251&refType=caf&uuid=0b6921f1-6587-4aaa-ab00-274ee3d6a841&version=1.0,000876,https://parivesh.nic.in/newupgrade/#/report/ec?proposalId=137605050,930.0,930.0
137609003,"11 kV TRANSMISSION LINE ERECTION FROM HANLE TO ANLEY-ITBP/ARMY, HANLE-ITBP/ARMY, ZARSAR-ITBP/ARMY UNDER ADDITIONAL RDSS WORKS IN LADAKH BORDER AREAS PKG-02",New,WL/LA/TRANS/554280/2025,2025-10-07T07:51:11.717+00:00,,,47.29,1126.23,ENERGY POWER DEPARTMENT,,Wildlife clearance form,,,,"(Final) WILDLIFE CLEARANCE IN LIEU OF 11 kV TRANSMISSION LINE ERECTION FROM HANLE TO ANLEY-ITBP/ARMY, HANLE-ITBP/ARMY, ZARSAR-ITBP/ARMY UNDER ADDITIONAL RDSS WORKS IN LADAKH BORDER AREAS PKG-02",LADAKH,Leh,NA,,,,Linear,17.2,30.09,47.29,0.0,0.0,0.0,0.0,0.0,0,0,0,Not applicable as the project or activity is site specific,,NO,NO,NO,2025-10-07T13:23:33.238+00:00,,,,,,,,,,,Leh,,https://parivesh.nic.in/dms/okm/downloadDocument?docTypemappingId=40829&refId=137606764&refType=caf&uuid=f7eb878d-53d5-435a-8040-bae8f8ad5912&version=1.0,"",https://parivesh.nic.in/newupgrade/#/report/ec?proposalId=137609003,930.0,30.0
137641193,Wildlife clearance in lieu of Construction of 66 kV Transmission Line Nyoma (Nidder)- Hanle under RDSS. Project is of utmost National importance for electrification in border areas of ladakh.,New,WL/LA/TRANS/554371/2025,2025-10-07T14:31:05.170+00:00,,,123.0,7657.0,ENERGY POWER DEPARTMENT,,Wildlife clearance form,,,,Wildlife clearance in lieu of  Construction of 66 kV Transmission Line Nyoma(Nidder)- Hanle under RDSS,LADAKH,Leh,Koyul,,,,Linear,0.0,123.0,123.0,0.0,0.0,0.0,0.0,0.0,0,0,0,Not applicable as the project or activity is site specific,,NO,NO,NO,2025-10-07T14:53:12.775+00:00,,,,,,,,,,,Leh,,https://parivesh.nic.in/dms/okm/downloadDocument?docTypemappingId=40829&refId=137640684&refType=caf&uuid=cea8a434-c1c5-4a40-a419-60b7028bcdbc&version=1.0,000904,https://parivesh.nic.in/newupgrade/#/report/ec?proposalId=137641193,930.0,930.0
137641625,Very important and mergent nature of Bidge project namely Construction of of 5 x 60 Mtr Span 02 lane Motorable Bridge with Pedestrian on both sides over river Suru at Baroo (DC office road to Ando0 Kurbathang).,New,FP/LA/ROAD/554373/2025,2025-10-07T14:55:33.861+00:00,,DELISTED_BY_SYSTEM,0.74,7610.0,ALI SHAIR KHAN,,Forest clearance form,,,,Construction of of 5 x 60 Mtr Span 02 lane Motorable Bridge with Pedestrian on both sides over river Suru at Baroo (DC office road to Ando0 Kurbathang).,LADAKH,Sanku,Minji,,,,Linear,0.6,0.14,0.74,0.0,0.0,0.0,0.0,0.0,0,0,0,Not applicable as the project or activity is site specific,,NO,NO,NO,2025-10-07T15:23:29.531+00:00,,false,R&B Division Kargil,Suru Baroo Kargil,37,State Government (Department/Autonomous body),Executive Engineer,Kargil,37,,Kargil,,https://parivesh.nic.in/dms/okm/downloadDocument?docTypemappingId=40829&refId=137405425&refType=caf&uuid=98a52a52-10c1-4526-a963-c1d631b5902a&version=1.0;https://parivesh.nic.in/dms/okm/downloadDocument?docTypemappingId=58989&refId=137405425&refType=FC&uuid=642d50d6-34de-4e7b-b78a-f0b2278614d4&version=1.0,000995,https://parivesh.nic.in/newupgrade/#/report/ec?proposalId=137641625,7325.0,402.0
137642106,"Wild life clearance in lieu of  Construction of 66 kV Transmission Line Mahe Bridge-Nyoma(nidder) under RDSS. This project is of utmost importance for grid connectivity of changthang region and its habitation,army,ITBP and border outpost.",New,WL/LA/TRANS/554375/2025,2025-10-07T15:27:59.665+00:00,,,40.266,2505.0,ENERGY POWER DEPARTMENT,,Wildlife clearance form,,,,Wild life clearance in lieu of  Construction of 66 kV Transmission Line Mahe Bridge-Nyoma(nidder) under RDSS,LADAKH,Leh,Mood,,,,Linear,0.0,40.266,40.266,0.0,0.0,0.0,0.0,0.0,0,0,0,Not applicable as the project or activity is site specific,,NO,NO,NO,2025-10-07T15:53:19.590+00:00,,,,,,,,,,,Leh,,https://parivesh.nic.in/dms/okm/downloadDocument?docTypemappingId=40829&refId=137641889&refType=caf&uuid=f1450bd0-5451-43aa-ac2a-d72f6ae2f91f&version=1.0,000902,https://parivesh.nic.in/newupgrade/#/report/ec?proposalId=137642106,930.0,930.0
137643061,"66 kV Transmission Line Hanle - Koyul is to be established in Leh District of UT Ladakh under Revamped Distribution Sector Scheme (RDSS) in Transmission Line Package 1. The said Transmission Line is of utmost importance for grid connectivity of Changthang region and its habitation, Army, ITBP and border outposts.",New,WL/LA/TRANS/554378/2025,2025-10-07T16:14:17.958+00:00,,,54.39,3384.0,ENERGY POWER DEPARTMENT,,Wildlife clearance form,,,,Wildlife clearance for construction of 66 kV Transmission Line Hanle-Koyul under RDSS,LADAKH,Leh,Koyul,,,,Linear,0.0,54.39,54.39,0.0,0.0,0.0,0.0,0.0,0,0,0,Not applicable as the project or activity is site specific,,NO,NO,NO,2025-10-07T16:24:32.666+00:00,,,,,,,,,,,Leh,,https://parivesh.nic.in/dms/okm/downloadDocument?docTypemappingId=40829&refId=137642866&refType=caf&uuid=80bd1f0b-3c03-4c56-9ed2-95d0ad76dfe0&version=1.0,000904,https://parivesh.nic.in/newupgrade/#/report/ec?proposalId=137643061,930.0,930.0
137643525,"66 kV transmission line Chumathang-Karzok is to be established in Leh District of UT Ladakh under the Revamped Distribution Sector Scheme (RDSS) in Transmission Line Package 1. The said Transmission Line is of utmost importance for grid connectivity of Changthang region and its habitation, Army, ITBP and border outposts.",New,WL/LA/TRANS/554379/2025,2025-10-07T16:50:13.292+00:00,,,112.25,6979.0,ENERGY POWER DEPARTMENT,,Wildlife clearance form,,,,Wildlife clearance for construction of 66 kV Transmission Line Chumathang-Karzok under RDSS,LADAKH,Leh,Chumathang,,,,Linear,31.35,80.9,112.25,0.0,0.0,0.0,0.0,0.0,0,0,0,Not applicable as the project or activity is site specific,,NO,NO,NO,2025-10-07T17:01:45.450+00:00,,,,,,,,,,,Leh,,https://parivesh.nic.in/dms/okm/downloadDocument?docTypemappingId=40829&refId=137643351&refType=caf&uuid=6c3eadde-3fd1-4776-8253-feec8314ed5b&version=1.0,000900,https://parivesh.nic.in/newupgrade/#/report/ec?proposalId=137643525,930.0,930.0
137700148,"The bridge is a major connectivity and iconic project, and no other alternative proposal for connectivity is available.",New,FP/LA/ROAD/554464/2025,2025-10-08T10:22:16.929+00:00,,DELISTED_BY_SYSTEM,0.74,7610.0,ALI SHAIR KHAN,,Forest clearance form,,,,Construction of of 5 x 60 Mtr Span 02 lane Motorable Bridge with Pedestrian on both sides over river Suru at Baroo (DC office road to Ando0 Kurbathang).,LADAKH,Sanku,Minji,,,,Linear,0.6,0.14,0.74,0.0,0.0,0.0,0.0,0.0,0,0,0,Not applicable as the project or activity is site specific,,NO,NO,NO,2025-10-08T10:28:15.671+00:00,,false,R&B Division Kargil,Suru Baroo Kargil,37,State Government (Department/Autonomous body),Executive Engineer,Kargil,37,,Kargil,,https://parivesh.nic.in/dms/okm/downloadDocument?docTypemappingId=40829&refId=137697430&refType=caf&uuid=0a5829b8-cd37-4758-8030-ec941b8553fa&version=1.0;https://parivesh.nic.in/dms/okm/downloadDocument?docTypemappingId=58989&refId=137697430&refType=FC&uuid=8850e067-aaf8-49bc-a4e5-d426e01b8e86&version=1.0,000995,https://parivesh.nic.in/newupgrade/#/report/ec?proposalId=137700148,7320.0,502.0
138414673,"66 kV transmission line KHARU- TANGTSE is to be established in Leh District of UT Ladakh under the Revamped Distribution Sector Scheme (RDSS) in Transmission Line Package 1. The said Transmission Line is of utmost importance for grid connectivity of Changthang region and its habitation, Army, ITBP and border outposts.",New,FP/LA/PWR_TRANS/555724/2025,2025-10-21T10:02:33.397+00:00,,DELISTED_BY_SYSTEM,0.102,6.356,ENERGY POWER DEPARTMENT,,Forest clearance form,,,,FOREST CLEARANCE FOR TOWER LOCATION AP 33 (CHEMDAY SAHIB BAGH) IN LIEU OF CONSTRUCTION OF KHARU TANGTSE(THAROOK) LINE,LADAKH,Leh,Changa,,,,Non - Linear,0.0,0.102,0.102,0.0,0.0,0.0,0.0,0.0,0,0,0,Not applicable as the project or activity is site specific,,NO,NO,NO,2026-07-29T18:30:00.000+00:00,Non-forest Land,true,OFFICE COMPLEX SKAMPARI NEAR DC OFFICE,leh,37,State Government (Department/Autonomous body),EXECUTIVE ENGINEER,LEH LADAKH,37,,Leh,,https://parivesh.nic.in/dms/okm/downloadDocument?docTypemappingId=40829&refId=138154054&refType=caf&uuid=21eee785-e6d2-407b-b6e9-bba44fbac21f&version=1.0;https://parivesh.nic.in/dms/okm/downloadDocument?docTypemappingId=58989&refId=138154054&refType=FC&uuid=946fd752-b570-43f5-a740-6dbf9ffc9dc0&version=1.0,000880,https://parivesh.nic.in/newupgrade/#/report/ec?proposalId=138414673,30.0,30.0
138818937,"11 kV TRANSMISSION LINE ERECTION FROM PHOBRONG TO TSO ARMY /ITBP (TSOGTSALU AREA) UNDER ADDITIONAL RDSS WORKS IN LADAKH BORDER AREAS PKG-02 FOR RURAL , ARMY,ITBP ELECTRIFICATION WORKS IN BORDER AREAS.",New,WL/LA/TRANS/556418/2025,2025-10-29T07:01:28.432+00:00,,,48.363,963.526,ENERGY POWER DEPARTMENT,,Wildlife clearance form,,,,WILDLIFE CLEARANCE IN LIEU OF 11 kV TRANSMISSION LINE ERECTION FROM PHOBRONG TO TSO ARMY /ITBP (TSOGTSALU AREA) UNDER ADDITIONAL RDSS WORKS IN LADAKH BORDER AREAS PKG-02,LADAKH,"",NA,,,,Linear,7.903,40.46,48.363,0.0,0.0,0.0,0.0,0.0,0,0,0,Not applicable as the project or activity is site specific,,NO,NO,NO,2025-10-29T07:18:50.931+00:00,,,,,,,,,,,Leh,,https://parivesh.nic.in/dms/okm/downloadDocument?docTypemappingId=40829&refId=138817206&refType=caf&uuid=72b7921b-e62b-44a4-b7c3-64d4290de475&version=1.0,"",https://parivesh.nic.in/newupgrade/#/report/ec?proposalId=138818937,930.0,930.0
488085778,"Ground-based gamma-ray astronomy using Imaging Atmospheric Cherenkov Telescopes(IACTs) has advanced over the last three decades, establishing VHE gamma-ray studies as a vital branch of multi-messenger astronomy.The Major Atmospheric Cherenkov Experiment (MACE) at Hanle has contributed significantly as a single telescope, but it faces limitations in background rejection and in angular and energy resolution. These challenges can be overcome by stereoscopic observations, where two or more IACTs observe the same air shower. The proposed Stereo MACE System (SMS) with two identical telescopes, will enhance sensitivity, lower energy threshold, and provide superior reconstruction accuracy. The project will lead to socio economic development of the region and inspire students nationwide. International teams are seeking collaborations with MACE. SMS will boost AtmaNirbhar Bharat by developing indigenous optics and camera electronics,positioning India at the forefront of high-energy astrophysics.",New,WL/LA/Others/558889/2025,2025-11-20T07:30:22.181+00:00,,,24.62,42822.0,Department of Atomic Energy,,Wildlife clearance form,,,,STEREO MACE SYSTEM,LADAKH,Leh,NA,,,,Non - Linear,24.62,0.0,24.62,0.0,0.0,0.0,0.0,0.0,0,0,0,Not applicable as the project or activity is site specific,,NO,NO,NO,2025-12-05T12:02:29.001+00:00,,,,,,,,,,,Leh,,https://parivesh.nic.in/dms/okm/downloadDocument?docTypemappingId=40829&refId=135855838&refType=caf&uuid=655f458e-82d1-4ec8-adea-c547fdc7645c&version=1.0,"",https://parivesh.nic.in/newupgrade/#/report/ec?proposalId=488085778,40560.0,56160.0
1158375178,"The project proposes the rationalisation of boundary of High Altitude Cold Desert (Changthang) Wildlife Sanctuary in UT Ladakh to correct inconsistencies in the original notified area. It aims to exclude habitated areas and community lands while retaining ecologically important zones. This will reduce conflicts, support legitimate land use, and strengthen conservation efforts.",New,WL/LA/Others/562657/2025,2025-12-22T10:20:34.350+00:00,,,969600.0,0.0,Department of Wildlife Protection,,Wildlife clearance form,,,,Rationalisation of Boundary of High Altitude Cold Desert (Changthang) Wildlife Sanctuary in the Union Territory of Ladakh.,LADAKH,Leh,Chushul,,,,Non - Linear,969600.0,0.0,969600.0,0.0,0.0,0.0,0.0,0.0,0,0,0,Not applicable as the project or activity is site specific,,NO,NO,NO,2025-12-22T11:45:28.452+00:00,,,,,,,,,,,Leh,,https://parivesh.nic.in/dms/okm/downloadDocument?docTypemappingId=40829&refId=1157429978&refType=caf&uuid=8acce387-aee8-4231-8b5d-bfa800bb6767&version=1.0,000908,https://parivesh.nic.in/newupgrade/#/report/ec?proposalId=1158375178,0.0,0.0
1158615778,"The project proposes the rationalisation of boundary of Karakoram (Nubra–Shyok) Wildlife Sanctuaries in UT Ladakh to correct inconsistencies in the original notified area. It aims to exclude habitated areas and community lands while retaining ecologically important zones. This will reduce conflicts, support legitimate land use, and strengthen conservation efforts",New,WL/LA/Others/562659/2025,2025-12-22T10:25:27.834+00:00,,,1655000.0,0.0,Department of Wildlife Protection,,Wildlife clearance form,,,,Rationalisation of Boundary of Karakoram (Nubra-Shyok) Wildlife Sanctuary in the Union Territory of Ladakh.,LADAKH,Nubra,NA,,,,Non - Linear,1655000.0,0.0,1655000.0,0.0,0.0,0.0,0.0,0.0,0,0,0,Not applicable as the project or activity is site specific,,NO,NO,NO,2025-12-22T11:46:40.011+00:00,,,,,,,,,,,Leh,,https://parivesh.nic.in/dms/okm/downloadDocument?docTypemappingId=40829&refId=1157434978&refType=caf&uuid=7e0f6ac3-2da7-457b-92f6-9a144271ccdd&version=1.0,"",https://parivesh.nic.in/newupgrade/#/report/ec?proposalId=1158615778,0.0,0.0
1216514659,"Establishment of Sindhu Central University (SCU), at village Khaltsi, Tehsil Gothang District Leh, UT of Ladakh, developed by M/s Bureau of Central University, Deptt of Higher Education (DHE), Ministry of Education (MoE), Govt. of India.”",New,IA/LA/INFRA2/565175/2026,2026-01-12T01:58:54.898+00:00,,Proposal returned in present form,54.34,95287.0,SINDHU CENTRAL UNIVERSITY,Skilled Enviro Services,Environment clearance form,TOR,B2,Building / Construction,"Establishment of Sindhu Central University (SCU), at village Khaltsi, Tehsil Gothang District Leh, UT of Ladakh, developed by M/s Bureau of Central University, Deptt of Higher Education (DHE), Ministry of Education (MoE), Govt. of India.”",LADAKH,Khalsi,NA,21/11/2026-IA.III,FDL/SEAC/EC/25-26/01,,Hybrid,54.34,0.0,54.34,0.0,0.0,0.0,0.0,0.0,0,0,0,NO,The project is planned by the  Central Govt. and the Land is allotted by the Government,NO,NO,NO,2026-03-16T18:39:42.339+00:00,,,,,,,,,,,Leh,,https://parivesh.nic.in/dms/okm/downloadDocument?docTypemappingId=40829&refId=1216514400&refType=caf&uuid=83a258e5-7d5e-48ab-ae1a-559c7f18046a&version=1.0,"",https://parivesh.nic.in/newupgrade/#/report/ec?proposalId=1216514659,9225.0,365500.0
1218667090,11 kV TRANSMISSION LINE ERECTION FROM Nidder to Nyoma UNDER ADDITIONAL RDSS WORKS IN LADAKH BORDER AREAS PKG-02,New,WL/LA/TRANS/568320/2026,2026-02-07T06:03:02.723+00:00,,,5.6,106.5,ENERGY POWER DEPARTMENT,,Wildlife clearance form,,,,WILDLIFE CLEARANCE IN LIEU OF 11 kV TRANSMISSION LINE ERECTION FROM Nidder to Nyoma UNDER ADDITIONAL RDSS WORKS IN LADAKH BORDER AREAS PKG-02,LADAKH,Leh,Mood,,,,Linear,0.0,5.6,5.6,0.0,0.0,0.0,0.0,0.0,0,0,0,Not applicable as the project or activity is site specific,,NO,NO,NO,2026-02-07T06:21:35.036+00:00,,,,,,,,,,,Leh,,https://parivesh.nic.in/dms/okm/downloadDocument?docTypemappingId=40829&refId=1218665076&refType=caf&uuid=41913c3c-d58d-41af-8380-8fd32984b879&version=1.0,000902,https://parivesh.nic.in/newupgrade/#/report/ec?proposalId=1218667090,1830.0,1830.0
1219024932,CONSTRUCTION OF TEMPORARY LIVING ACCOMODATION WITH PREFEB SHELTERS INCLUDING LAND ACQUISITION (4.00 Ha) FOR ESTABLISHMENT OF HQ 93 RCC (GREF) ALLONGWITH ITS ALLIED PLATOONS AT HANLE UNDER 755 BRTF UNDER PROJECT HIMANK IN LADAKH UT.,New,WL/LA/DEF/568758/2026,2026-02-11T10:14:29.117+00:00,,,4.0,499.32,Ministry of Defense,,Wildlife clearance form,,,,CONSTRUCTION OF TEMPORARY LIVING ACCOMODATION WITH PREFEB SHELTERS INCLUDING LAND ACQUISITION (4.00 Ha) FOR ESTABLISHMENT OF HQ 93 RCC (GREF) ALLONGWITH ITS ALLIED PLATOONS AT HANLE UNDER 753 BRTF UNDER PROJECT HIMANK IN LADAKH UT.,LADAKH,Leh,Koyul,,,,Non - Linear,4.0,0.0,4.0,0.0,0.0,0.0,0.0,0.0,0,0,0,Not applicable as the project or activity is site specific,,NO,NO,NO,2026-02-27T07:41:27.869+00:00,,,,,,,,,,,Leh,,https://parivesh.nic.in/dms/okm/downloadDocument?docTypemappingId=40829&refId=1219018716&refType=caf&uuid=abc85953-45b1-40fc-b789-97de775032e3&version=1.0,000904,https://parivesh.nic.in/newupgrade/#/report/ec?proposalId=1219024932,52000.0,1850000.0
1219902011,"Construction of Single Lane Highway Handenbroke-Zingpal between (5.0 Km from Handenbroke end) and (5.0 Km from Zingpal end) by Project Vijayak, BRO in UT of Ladakh",New,WL/LA/DEF/569905/2026,2026-02-20T14:51:57.922+00:00,,,106.5012,22952.37,ankur bora,,Wildlife clearance form,,,,"Construction of Single Lane Highway Handenbroke-Zingpal between (5.0 Km from Handenbroke end) and (5.0 Km from Zingpal end) by Project Vijayak, BRO in UT of Ladakh",LADAKH,Khalsi,NA,,,NA,Linear,61.4474,45.0538,106.5012,0.0,0.0,0.0,0.0,0.0,0,0,0,NO,The project site is situated in close proximity to the Line of Actual Control (LAC) and holds significant national strategic importance.,NO,NO,NO,2026-02-20T15:44:39.694+00:00,,,,,,,,,,,Leh,NA,https://parivesh.nic.in/dms/okm/downloadDocument?docTypemappingId=40829&refId=1219691076&refType=caf&uuid=192ea572-d996-4a7e-ba53-2d5c055cb6fe&version=1.0,"",https://parivesh.nic.in/newupgrade/#/report/ec?proposalId=1219902011,402960.0,153300.0
1220148211,Office-Cum-Residence at Maan,New,WL/LA/SRY/570232/2026,2026-02-24T07:27:18.596+00:00,,,0.24,160.0,"Intelligence Bureau,MHA,Government of India",,Wildlife clearance form,,,,Office-Cum-Residence at Maan,LADAKH,Leh,NA,,,,Non - Linear,0.0,0.24,0.24,0.0,0.0,0.0,0.0,0.0,0,0,0,Not applicable as the project or activity is site specific,,NO,NO,NO,2026-02-24T07:33:21.680+00:00,,,,,,,,,,,Leh,,https://parivesh.nic.in/dms/okm/downloadDocument?docTypemappingId=40829&refId=1219519403&refType=caf&uuid=5aa8efb4-d3d7-4a5f-883a-24006812fc21&version=1.0,"",https://parivesh.nic.in/newupgrade/#/report/ec?proposalId=1220148211,4390.0,5485.0
1220255153,11 kV TRANSMISSION LINE ERECTION FROM Nidder to Nyoma UNDER ADDITIONAL RDSS WORKS IN LADAKH BORDER AREAS PKG-02,New,WL/LA/TRANS/570371/2026,2026-02-25T08:26:13.685+00:00,,,5.6,106.5,ENERGY POWER DEPARTMENT,,Wildlife clearance form,,,,WILDLIFE CLEARANCE IN LIEU OF 11 kV TRANSMISSION LINE ERECTION FROM Nidder to Nyoma UNDER ADDITIONAL RDSS WORKS IN LADAKH BORDER AREAS PKG-02,LADAKH,Leh,Mood,,,,Linear,5.6,0.0,5.6,0.0,0.0,0.0,0.0,0.0,0,0,0,Not applicable as the project or activity is site specific,,NO,NO,NO,2026-02-25T08:41:46.280+00:00,,,,,,,,,,,Leh,,https://parivesh.nic.in/dms/okm/downloadDocument?docTypemappingId=40829&refId=1220252619&refType=caf&uuid=64dfdc5b-38ea-4d3a-ac11-3fa123d27c51&version=1.0,000902,https://parivesh.nic.in/newupgrade/#/report/ec?proposalId=1220255153,1830.0,1830.0
1220287144,construction of 33 kV Transmission Line Henachi-Siachen base camp under RDSS Border area Package-01,New,WL/LA/TRANS/570439/2026,2026-02-25T12:14:21.324+00:00,,,48.0,1234.816,ENERGY POWER DEPARTMENT,,Wildlife clearance form,,,,Wildlife clearance for construction of 33 kV Transmission Line Henachi-Siachen base camp under RDSS Border area Package-01,LADAKH,Nubra,Khemi,,,,Linear,48.0,0.0,48.0,0.0,0.0,0.0,0.0,0.0,0,0,0,Not applicable as the project or activity is site specific,,NO,NO,NO,2026-02-25T12:24:49.989+00:00,,,,,,,,,,,Leh,,https://parivesh.nic.in/dms/okm/downloadDocument?docTypemappingId=40829&refId=1220284539&refType=caf&uuid=8bf1993b-e9ec-41b9-a7e0-88679ce63830&version=1.0,000917,https://parivesh.nic.in/newupgrade/#/report/ec?proposalId=1220287144,1830.0,1830.0
1220295164,wildlife clearance in lieu of Construction of 33/11kV Siachen base camp Substation under Loss reduction works in Border aera Package-01,New,WL/LA/SubStation/570454/2026,2026-02-25T12:57:26.300+00:00,,,0.49,614.0,ENERGY POWER DEPARTMENT,,Wildlife clearance form,,,,Construction of 33/11kV Siachen base camp Substation under Loss reduction works in Border aera Package-01,LADAKH,"",NA,,,,Linear,0.49,0.0,0.49,0.0,0.0,0.0,0.0,0.0,0,0,0,Not applicable as the project or activity is site specific,,NO,NO,NO,2026-02-25T13:09:29.249+00:00,,,,,,,,,,,Leh,,https://parivesh.nic.in/dms/okm/downloadDocument?docTypemappingId=40829&refId=1220292793&refType=caf&uuid=7ae0e0f6-550e-4b7a-ab6a-c94366b5518a&version=1.0,"",https://parivesh.nic.in/newupgrade/#/report/ec?proposalId=1220295164,1830.0,930.0
1220430236,Upgradation of Police Memorial at Hotspring Leh,New,WL/LA/SRY/570674/2026,2026-02-27T06:57:59.548+00:00,,,0.41,2300.0,"Intelligence Bureau,MHA,Government of India",,Wildlife clearance form,,,,Police Memorial structure at Hotspring,LADAKH,"",NA,,,,Non - Linear,0.0,0.41,0.41,0.0,0.0,0.0,0.0,0.0,0,0,0,Not applicable as the project or activity is site specific,,NO,NO,NO,2026-02-27T07:03:52.695+00:00,,,,,,,,,,,Leh,,https://parivesh.nic.in/dms/okm/downloadDocument?docTypemappingId=40829&refId=1220425989&refType=caf&uuid=690e037b-ae4b-405f-b0bb-7c9f715064b1&version=1.0,"",https://parivesh.nic.in/newupgrade/#/report/ec?proposalId=1220430236,4450.0,10100.0
1221376129,Wildlife Clearance,New,WL/LA/SRY/571835/2026,2026-03-10T07:37:21.232+00:00,,,39.6,17112.0,Ministry of Defense,,Wildlife clearance form,,,,STORAGE FACILITIES AT PUNGUK,LADAKH,Leh,NA,,,,Linear,0.0,39.6,39.6,0.0,0.0,0.0,0.0,0.0,0,0,0,Not applicable as the project or activity is site specific,,NO,NO,NO,2026-03-10T07:54:25.395+00:00,,,,,,,,,,,Leh,,https://parivesh.nic.in/dms/okm/downloadDocument?docTypemappingId=40829&refId=1221372640&refType=caf&uuid=ca41590c-7567-4d64-af6c-156abc00c286&version=1.0,0,https://parivesh.nic.in/newupgrade/#/report/ec?proposalId=1221376129,920.0,3650.0
1221545282,Wildlife clearance for construction of 11 kV feeder Siachen base camp to Base camp under RDSS Border area Package-01,New,WL/LA/TRANS/572093/2026,2026-03-12T06:41:43.900+00:00,,,4.86,86.45,ENERGY POWER DEPARTMENT,,Wildlife clearance form,,,,Wildlife clearance for construction of 11 kV Transmission Line Siachen base camp to Base camp under RDSS Border area Package-01,LADAKH,Nubra,NA,,,,Linear,4.86,0.0,4.86,0.0,0.0,0.0,0.0,0.0,0,0,0,Not applicable as the project or activity is site specific,,NO,NO,NO,2026-03-12T07:09:10.462+00:00,,,,,,,,,,,Leh,,https://parivesh.nic.in/dms/okm/downloadDocument?docTypemappingId=40829&refId=1220328188&refType=caf&uuid=10a79c17-9aa1-4203-b991-39d6bde6a359&version=1.0,"",https://parivesh.nic.in/newupgrade/#/report/ec?proposalId=1221545282,7320.0,7320.0
1221555205,Wildlife clearance in lieu of Construction of 33/11kV Partapur Substation under Loss reduction works in Border aera Package-01,New,WL/LA/SubStation/572115/2026,2026-03-12T07:47:30.497+00:00,,,0.24,614.0,ENERGY POWER DEPARTMENT,,Wildlife clearance form,,,,Construction of 33/11kV Partapur Substation under Loss reduction works in Border aera Package-01,LADAKH,Nubra,Hundar,,,,Non - Linear,0.24,0.0,0.24,0.0,0.0,0.0,0.0,0.0,0,0,0,Not applicable as the project or activity is site specific,,NO,NO,NO,2026-03-12T07:59:26.439+00:00,,,,,,,,,,,Leh,,https://parivesh.nic.in/dms/okm/downloadDocument?docTypemappingId=40829&refId=1221553266&refType=caf&uuid=52beed44-0f67-4589-bdc9-360b6d44bf18&version=1.0,000928,https://parivesh.nic.in/newupgrade/#/report/ec?proposalId=1221555205,7320.0,7320.0
1221562666,"Wildlife clearance for construction of 11 kV Transmission Line Partapur substation to partapur, Partapur substation to Transit camp,Partapur substation to  Hunder under RDSS Border area Package-01",New,WL/LA/TRANS/572126/2026,2026-03-12T09:11:41.513+00:00,,,6.21,110.57,ENERGY POWER DEPARTMENT,,Wildlife clearance form,,,,"Wildlife clearance for construction of 11 kV Transmission Line Partapur substation to partapur, Partapur substation to Transit camp,Partapur substation to  Hunder under RDSS Border area Package-01",LADAKH,Nubra,Skanpuk,,,,Linear,6.21,0.0,6.21,0.0,0.0,0.0,0.0,0.0,0,0,0,Not applicable as the project or activity is site specific,,NO,NO,NO,2026-03-12T09:25:24.772+00:00,,,,,,,,,,,Leh,,https://parivesh.nic.in/dms/okm/downloadDocument?docTypemappingId=40829&refId=1221561162&refType=caf&uuid=13183810-785c-4914-80f3-d0d8fdc42162&version=1.0,000925,https://parivesh.nic.in/newupgrade/#/report/ec?proposalId=1221562666,7320.0,7320.0
1221573023,Construction of 11 kV Transmission Line from Chalunkha- Turtuk and Chalunkha- Rockfall under RDSS Border area Package-01,New,WL/LA/TRANS/572147/2026,2026-03-12T10:34:47.603+00:00,,,23.1,410.85,ENERGY POWER DEPARTMENT,,Wildlife clearance form,,,,Wildlife clearance for construction of 11 kV Transmission Line from Chalunkha- Turtuk and Chalunkha- Rockfall under RDSS Border area Package-01,LADAKH,Nubra,Bogdang,,,,Linear,23.1,0.0,23.1,0.0,0.0,0.0,0.0,0.0,0,0,0,Not applicable as the project or activity is site specific,,NO,NO,NO,2026-03-12T11:18:33.747+00:00,,,,,,,,,,,Leh,,https://parivesh.nic.in/dms/okm/downloadDocument?docTypemappingId=40829&refId=1221568009&refType=caf&uuid=2a94164e-ec15-45ac-8f61-53bd14d4c67a&version=1.0,000915,https://parivesh.nic.in/newupgrade/#/report/ec?proposalId=1221573023,7320.0,7320.0
1221588354,Construction of 11 kV Transmission Line between Henachi to Sasoma under RDSS Border area Package-01 .,New,WL/LA/TRANS/572178/2026,2026-03-12T12:26:59.506+00:00,,,3.32,59.175,ENERGY POWER DEPARTMENT,,Wildlife clearance form,,,,Wildlife clearance in lieu of  Construction of 11 kV Transmission Line between Henachi to Sasoma under RDSS Border area Package-01,LADAKH,Nubra,Khemi,,,,Linear,3.32,0.0,3.32,0.0,0.0,0.0,0.0,0.0,0,0,0,Not applicable as the project or activity is site specific,,NO,NO,NO,2026-03-12T12:45:44.460+00:00,,,,,,,,,,,Leh,,https://parivesh.nic.in/dms/okm/downloadDocument?docTypemappingId=40829&refId=1221586489&refType=caf&uuid=7ab24062-f6b6-4391-bf7b-7ecb46fd8b1f&version=1.0,000917,https://parivesh.nic.in/newupgrade/#/report/ec?proposalId=1221588354,7320.0,7320.0
1221824855,"Construction of 11 kV Transmission Line Partapur to partapur Feeder 11kV , Partapur  to Transit camp 11kV Feeder, Hunder 11kV Feeder under RDSS Border area Package-01",New,WL/LA/TRANS/572510/2026,2026-03-16T07:43:54.801+00:00,,,6.21,110.57,ENERGY POWER DEPARTMENT,,Wildlife clearance form,,,,"Wildlife clearance for construction of 11 kV Transmission Line Partapur to partapur Feeder 11kV , Partapur  to Transit camp 11kV Feeder, Hunder 11kV Feeder under RDSS Border area Package-01",LADAKH,Nubra,Chamshan Charasa,,,,Linear,6.21,0.0,6.21,0.0,0.0,0.0,0.0,0.0,0,0,0,Not applicable as the project or activity is site specific,,NO,NO,NO,2026-03-16T08:04:11.358+00:00,,,,,,,,,,,Leh,,https://parivesh.nic.in/dms/okm/downloadDocument?docTypemappingId=40829&refId=1221823123&refType=caf&uuid=699e8628-fa33-4e14-9753-ce5780563c30&version=1.0,000930,https://parivesh.nic.in/newupgrade/#/report/ec?proposalId=1221824855,7320.0,7320.0
1222468297,Construction of 11 kV Transmission Line from Diskit to Khalsar under RDSS Border area Package-01 .,New,WL/LA/TRANS/573384/2026,2026-03-24T05:50:47.876+00:00,,,11.2,199.2,ENERGY POWER DEPARTMENT,,Wildlife clearance form,,,,Wildlife clearance in lieu of  Construction of 11 kV Transmission Line from Diskit to Khalsar under RDSS Border area Package-01,LADAKH,Nubra,Diskit,,,,Linear,11.2,0.0,11.2,0.0,0.0,0.0,0.0,0.0,0,0,0,Not applicable as the project or activity is site specific,,NO,NO,NO,2026-03-24T06:47:49.358+00:00,,,,,,,,,,,Leh,,https://parivesh.nic.in/dms/okm/downloadDocument?docTypemappingId=40829&refId=1221580144&refType=caf&uuid=930ed978-ebe0-4cfb-ad6d-5cbca31f0fdb&version=1.0,000929,https://parivesh.nic.in/newupgrade/#/report/ec?proposalId=1222468297,7320.0,7320.0
1222983817,UPGRADATION OF ROAD KHALSAR-SASOMA FROM CL-09 TO NHDL SPECIFICATIONS BETWEEN KM 0.00 TO KM 9.80 UNDER AOR OF 104 RCC /16 BRTF/PROJECT VIJAYAK IN LADAKH (UT),New,WL/LA/DEF/574125/2026,2026-03-30T13:17:50.186+00:00,,,12.0,4945.0,Border Roads Organisation,,Wildlife clearance form,,,,UPGRADATION OF ROAD KHALSAR-SASOMA FROM CL-09 TO NHDL SPECIFICATIONS BETWEEN KM 0.00 TO KM 9.80 UNDER AOR OF 104 RCC /16 BRTF/PROJECT VIJAYAK IN LADAKH (UT),LADAKH,Nubra,Diskit,,,,Non - Linear,0.0,12.0,12.0,0.0,0.0,0.0,0.0,0.0,0,0,0,Not applicable as the project or activity is site specific,,NO,NO,NO,2026-06-03T05:13:47.182+00:00,,,,,,,,,,,Leh,,https://parivesh.nic.in/dms/okm/downloadDocument?docTypemappingId=40829&refId=1222945334&refType=caf&uuid=da1ce0ab-dc6b-4d86-8593-78a63bdb2703&version=1.0,000929,https://parivesh.nic.in/newupgrade/#/report/ec?proposalId=1222983817,37100.0,21930.0
1223299549,"The Road Leh-Chalunka passes over the Ladakh range, connecting the Indus Valley with the Shyok Valley. This is the only motorised road communication over the Ladakh range, essential for the maintenance of troops and the civilian population in Nubra Valley. This road was taken over by BRO from J&K State PWD in 1974 for further construction/improvement and maintenance.Road Leh-Chalunka (Length 192.600 Kms) in the Ladakh (UT) region was included in the BRDB programme for construction and improvement to Class-9 specifications, and responsibility for its construction and maintenance under Scale-I has been entrusted to Border Roads Organisation vide Army HQ (MO-4) letter No. 62606/BR/MO-4 dated 22 Jan 1973. Improvement and Upgradation of road Leh-Chalunka from Cl-9 to NHDL has been included under the BRDB program vide HQ DGBR letter No  21831/Rev LTRoWP/DGBR/62/ TP (Plg) dated 20 Aug 2018.",New,WL/LA/DEF/574583/2026,2026-04-03T12:25:55.174+00:00,,,15.47,4998.99,Border Roads Organisation,,Wildlife clearance form,,,,"Upgradation of Road Leh-Chalunka from CL-9 to NHDL specifications from Km 118.00 to Km 130.00 under project Vijayak, in Ladakh (UT)",LADAKH,Nubra,Diskit,,,,Linear,0.0,15.47,15.47,0.0,0.0,0.0,0.0,0.0,0,0,0,Not applicable as the project or activity is site specific,,NO,NO,NO,2026-04-03T13:24:45.033+00:00,,,,,,,,,,,Leh,,https://parivesh.nic.in/dms/okm/downloadDocument?docTypemappingId=40829&refId=1223287504&refType=caf&uuid=ea1a85ea-b727-48f0-849f-1fe74ab95ae1&version=1.5,000929,https://parivesh.nic.in/newupgrade/#/report/ec?proposalId=1223299549,37100.0,21930.0
1223300537,"The Road Leh-Chalunka passes over the Ladakh range, connecting the Indus Valley with the Shyok Valley. This is the only motorised road communication over the Ladakh range, essential for the maintenance of troops and the civilian population in Nubra Valley. This road was taken over by BRO from J&K State PWD in 1974 for further construction/improvement and maintenance.Road Leh-Chalunka (Length 192.600 Kms) in the Ladakh (UT) region was included in the BRDB programme for construction and improvement to Class-9 specifications, and responsibility for its construction and maintenance under Scale-I has been entrusted to Border Roads Organisation vide Army HQ (MO-4) letter No. 62606/BR/MO-4 dated 22 Jan 1973. Improvement and Upgradation of road Leh-Chalunka from Cl-9 to NHDL has been included under the BRDB program vide HQ DGBR letter No  21831/Rev LTRoWP/DGBR/62/ TP (Plg) dated 20 Aug 2018.",New,WL/LA/DEF/574584/2026,2026-04-03T12:39:43.292+00:00,,,15.47,4998.99,Border Roads Organisation,,Wildlife clearance form,,,,"Upgradation of Road Leh-Chalunka from CL-9 to NHDL specifications from Km 118.00 to Km 130.00 under project Vijayak, in Ladakh (UT)",LADAKH,Nubra,Diskit,,,,Linear,0.0,15.47,15.47,0.0,0.0,0.0,0.0,0.0,0,0,0,Not applicable as the project or activity is site specific,,NO,NO,NO,2026-04-04T06:25:59.974+00:00,,,,,,,,,,,Leh,,https://parivesh.nic.in/dms/okm/downloadDocument?docTypemappingId=40829&refId=1223287504&refType=caf&uuid=ea1a85ea-b727-48f0-849f-1fe74ab95ae1&version=1.5,000929,https://parivesh.nic.in/newupgrade/#/report/ec?proposalId=1223300537,37100.0,21930.0
1224037299,The setup of an Indian army settlement within the Karakoram (Nubra Shayok) wildlife sanctuary revealed the intention to establish a Army settlement spanning (35.4 Ha). This Move aim to enhance the operational efficiency and convenience for defense personnel stationed at Border Outpost in remote region Hereby bolstering National security reasons.,New,WL/LA/DEF/575399/2026,2026-04-11T04:43:29.727+00:00,,,0.0,114.186,Ministry of Defense,,Wildlife clearance form,,,,Def Land 3,LADAKH,"",NA,,,,Non - Linear,0.0,0.0,0.0,0.0,0.0,0.0,0.0,0.0,0,0,0,Not applicable as the project or activity is site specific,,NO,NO,NO,2026-04-11T05:53:36.463+00:00,,,,,,,,,,,Leh,,https://parivesh.nic.in/dms/okm/downloadDocument?docTypemappingId=40829&refId=1224036728&refType=caf&uuid=37a93f30-ee7e-4a4d-ac5e-4f2f8e240c30&version=1.0,"",https://parivesh.nic.in/newupgrade/#/report/ec?proposalId=1224037299,21900.0,21900.0
1224049565,The setup of an Indian army settlement within the Karakoram (Nubra Shayok) wildlife sanctuary revealed the intention to establish a Army settlement spanning (30.2 Ha). This Move aim to enhance the operational efficiency and convenience for defense personnel stationed at Border Outpost in remote region Hereby bolstering National security reasons.,New,WL/LA/DEF/575416/2026,2026-04-11T07:11:47.851+00:00,,,30.2,97.41,Ministry of Defense,,Wildlife clearance form,,,,DEF LAND - 1,LADAKH,Nubra,NA,,,848/809/694,Non - Linear,0.0,30.2,30.2,0.0,0.0,0.0,0.0,0.0,0,0,0,Not applicable as the project or activity is site specific,,NO,NO,NO,2026-04-11T07:45:22.016+00:00,,,,,,,,,,,Leh,848/809/694,https://parivesh.nic.in/dms/okm/downloadDocument?docTypemappingId=40829&refId=1224046046&refType=caf&uuid=97f1d160-fda1-4e8d-b930-83153f27b288&version=1.0,"",https://parivesh.nic.in/newupgrade/#/report/ec?proposalId=1224049565,23725.0,23725.0
1224083175,The setup of an Indian army settlement within the Karakoram (Nubra Shayok) wildlife sanctuary revealed the intention to establish a Army settlement spanning (43.8 Ha). This Move aim to enhance the operational efficiency and convenience for defense personnel stationed at Border Outpost in remote region Hereby bolstering National security reasons.,New,WL/LA/DEF/575465/2026,2026-04-11T14:58:53.396+00:00,,,43.8,141.285,Ministry of Defense,,Wildlife clearance form,,,,Def Land 2,LADAKH,Nubra,NA,,,848/809/694,Non - Linear,0.0,43.8,43.8,0.0,0.0,0.0,0.0,0.0,0,0,0,Not applicable as the project or activity is site specific,,NO,NO,NO,2026-04-11T15:30:30.128+00:00,,,,,,,,,,,Leh,848/809/694,https://parivesh.nic.in/dms/okm/downloadDocument?docTypemappingId=40829&refId=1224082998&refType=caf&uuid=950dc1da-4e1e-4d4c-8a94-02dbb59739cc&version=1.0,0,https://parivesh.nic.in/newupgrade/#/report/ec?proposalId=1224083175,25550.0,25550.0
1224116820,The setup of an Indian army settlement within the Karakoram (Nubra Shayok) wildlife sanctuary revealed the intention to establish a Army settlement spanning (4.53 Ha). This Move aim to enhance the operational efficiency and convenience for defense personnel stationed at Border Outpost in remote region Hereby bolstering National security reasons.,New,WL/LA/DEF/575481/2026,2026-04-12T11:51:34.933+00:00,,,4.53,0.99,Ministry of Defense,,Wildlife clearance form,,,,OP BABA AT SIACHEN,LADAKH,"",NA,,,1121,Non - Linear,0.0,4.53,4.53,0.0,0.0,0.0,0.0,0.0,0,0,0,Not applicable as the project or activity is site specific,,NO,NO,NO,2026-04-12T12:04:47.558+00:00,,,,,,,,,,,Leh,1121,https://parivesh.nic.in/dms/okm/downloadDocument?docTypemappingId=40829&refId=1224116462&refType=caf&uuid=53141409-bd2a-453a-88c1-b08dafaf84f4&version=1.0,0,https://parivesh.nic.in/newupgrade/#/report/ec?proposalId=1224116820,23725.0,23725.0
1224117593,The setup of an Indian army settlement within the Karakoram (Nubra Shayok) wildlife sanctuary revealed the intention to establish a Army settlement spanning (0.75 Ha). This Move aim to enhance the operational efficiency and convenience for defense personnel stationed at Border Outpost in remote region Hereby bolstering National security reasons.,New,WL/LA/DEF/575483/2026,2026-04-12T12:24:49.786+00:00,,,0.75,28.149,Ministry of Defense,,Wildlife clearance form,,,,WAR MEMORIAL,LADAKH,"",NA,,,1082,Non - Linear,0.0,0.75,0.75,0.0,0.0,0.0,0.0,0.0,0,0,0,Not applicable as the project or activity is site specific,,NO,NO,NO,2026-04-12T12:36:00.061+00:00,,,,,,,,,,,Leh,1082,https://parivesh.nic.in/dms/okm/downloadDocument?docTypemappingId=40829&refId=1224117447&refType=caf&uuid=951c07e1-1a78-42ce-8d07-4a5ae36599db&version=1.0,"",https://parivesh.nic.in/newupgrade/#/report/ec?proposalId=1224117593,21900.0,21900.0
1224118301,The setup of an Indian army settlement within the Karakoram (Nubra Shayok) wildlife sanctuary revealed the intention to establish a Army settlement spanning (31.0 Ha). This Move aim to enhance the operational efficiency and convenience for defense personnel stationed at Border Outpost in remote region Hereby bolstering National security reasons.,New,WL/LA/DEF/575484/2026,2026-04-12T12:54:04.606+00:00,,,31.0,222.809,Ministry of Defense,,Wildlife clearance form,,,,FIELD CAMP 1,LADAKH,Nubra,NA,,,1077,Non - Linear,0.0,31.0,31.0,0.0,0.0,0.0,0.0,0.0,0,0,0,Not applicable as the project or activity is site specific,,NO,NO,NO,2026-04-12T13:02:45.112+00:00,,,,,,,,,,,Leh,1077,https://parivesh.nic.in/dms/okm/downloadDocument?docTypemappingId=40829&refId=1224118175&refType=caf&uuid=05d65d4b-767c-4d66-b611-ea6003c3ede7&version=1.0,"",https://parivesh.nic.in/newupgrade/#/report/ec?proposalId=1224118301,54775.0,54775.0
1224118953,The setup of an Indian army settlement within the Karakoram (Nubra Shayok) wildlife sanctuary revealed the intention to establish a Army settlement spanning (41.9 Ha). This Move aim to enhance the operational efficiency and convenience for defense personnel stationed at Border Outpost in remote region Hereby bolstering National security reasons.,New,WL/LA/DEF/575485/2026,2026-04-12T13:28:15.716+00:00,,,41.9,301.142,Ministry of Defense,,Wildlife clearance form,,,,FIELD CAMP - II,LADAKH,"",NA,,,1077,Non - Linear,0.0,41.9,41.9,0.0,0.0,0.0,0.0,0.0,0,0,0,Not applicable as the project or activity is site specific,,NO,NO,NO,2026-04-12T13:38:56.095+00:00,,,,,,,,,,,Leh,1077,https://parivesh.nic.in/dms/okm/downloadDocument?docTypemappingId=40829&refId=1224118792&refType=caf&uuid=e160b51e-98e9-4860-a567-661df85c3da7&version=1.0,"",https://parivesh.nic.in/newupgrade/#/report/ec?proposalId=1224118953,51125.0,51125.0
1224220182,The setup of an Indian army settlement within the Karakoram (Nubra Shayok) wildlife sanctuary revealed the intention to establish a Army settlement spanning (33.5 Ha). This Move aim to enhance the operational efficiency and convenience for defense personnel stationed at Border Outpost in remote region Hereby bolstering National security reasons.,New,WL/LA/DEF/575596/2026,2026-04-13T13:52:29.281+00:00,,,33.5,1192.021,Ministry of Defense,,Wildlife clearance form,,,,NORTHERN HEIGHTS,LADAKH,Nubra,NA,,,1078,Non - Linear,0.0,33.5,33.5,0.0,0.0,0.0,0.0,0.0,0,0,0,Not applicable as the project or activity is site specific,,NO,NO,NO,2026-04-13T14:12:30.104+00:00,,,,,,,,,,,Leh,1078,https://parivesh.nic.in/dms/okm/downloadDocument?docTypemappingId=40829&refId=1224218699&refType=caf&uuid=317877c1-b8b4-487d-a366-5a60549a677c&version=1.0,"",https://parivesh.nic.in/newupgrade/#/report/ec?proposalId=1224220182,32875.0,32875.0
1224221932,The setup of an Indian army settlement within the Karakoram (Nubra Shayok) wildlife sanctuary revealed the intention to establish a Army settlement spanning (1.38 Ha). This Move aim to enhance the operational efficiency and convenience for defense personnel stationed at Border Outpost in remote region Hereby bolstering National security reasons.,New,WL/LA/DEF/575601/2026,2026-04-13T14:29:35.547+00:00,,,1.38,49.104,Ministry of Defense,,Wildlife clearance form,,,,JAWALA,LADAKH,Nubra,NA,,,1083,Non - Linear,0.0,1.38,1.38,0.0,0.0,0.0,0.0,0.0,0,0,0,Not applicable as the project or activity is site specific,,NO,NO,NO,2026-04-13T14:43:50.963+00:00,,,,,,,,,,,Leh,1083,https://parivesh.nic.in/dms/okm/downloadDocument?docTypemappingId=40829&refId=1224221679&refType=caf&uuid=07a17930-e355-44f9-bb5a-365082283a3b&version=1.0,"",https://parivesh.nic.in/newupgrade/#/report/ec?proposalId=1224221932,29225.0,29225.0
1224262487,WILDLIFE CLEARANCE,New,WL/LA/DEF/575638/2026,2026-04-14T08:06:06.175+00:00,,,7.43,9670.2,Ministry of Defense,,Wildlife clearance form,,,,STORAGE FACILITY AT KM-148,LADAKH,Nubra,NA,,,,Non - Linear,0.0,7.43,7.43,0.0,0.0,0.0,0.0,0.0,0,0,0,Not applicable as the project or activity is site specific,,NO,NO,NO,2026-04-14T08:37:03.611+00:00,,,,,,,,,,,Leh,,https://parivesh.nic.in/dms/okm/downloadDocument?docTypemappingId=40829&refId=1224260225&refType=caf&uuid=86f2d6ea-ac30-4fb7-ba06-3d15ceea84ec&version=1.0,"",https://parivesh.nic.in/newupgrade/#/report/ec?proposalId=1224262487,5485.0,3660.0
1224395604,The setup of an Indian army settlement within the Karakoram (Nubra Shayok) wildlife sanctuary revealed the intention to establish a Army settlement spanning (0.1 Ha). This Move aims to enhance the operational efficiency and convenience for defense personnel stationed at Border Outpost in remote region thereby bolstering National Security reasons.,New,WL/LA/DEF/575814/2026,2026-04-15T12:37:29.419+00:00,,,0.1,0.0,Ministry of Defense,,Wildlife clearance form,,,,DHARAM STHAL,LADAKH,Nubra,NA,,,1576,Non - Linear,0.0,0.1,0.1,0.0,0.0,0.0,0.0,0.0,0,0,0,Not applicable as the project or activity is site specific,,NO,NO,NO,2026-04-15T12:47:05.802+00:00,,,,,,,,,,,Leh,1576,https://parivesh.nic.in/dms/okm/downloadDocument?docTypemappingId=40829&refId=1224394012&refType=caf&uuid=ae7362e1-99f1-4cc2-ba2c-1fd654b36510&version=1.0,"",https://parivesh.nic.in/newupgrade/#/report/ec?proposalId=1224395604,20075.0,20075.0
1224999385,Very important and emergent  Bridge project namely Construction of of 5 x 60 Mtr Span 02 lane Motorable Bridge with Pedestrian on both sides over river Suru at Baroo (DC office road to Ando0 Kurbathang).,New,FP/LA/ROAD/576445/2026,2026-04-21T06:36:12.316+00:00,,Pending at State Secretary for Compliance Review,0.72,7610.0,PW(R&B) Division Kargil,,Forest clearance form,,,,Construction of 5 x 60 Mtr Span 02 lane Motorable Bridge with Pedestrain on both sides over river Suru at Baroo (DC office road to Andoo Kurbathang),LADAKH,Sanku,Minji,,,,Linear,0.6,0.12,0.72,0.0,0.0,0.0,0.0,0.0,0,0,0,Not applicable as the project or activity is site specific,,NO,NO,NO,2026-05-10T18:30:00.000+00:00,Non-forest Land,true,R&B Division Kargil,Baroo,37,State Government (Department/Autonomous body),Executive Engineer,,37,UT LADAKH,Kargil,,https://parivesh.nic.in/dms/okm/downloadDocument?docTypemappingId=40829&refId=1224988828&refType=caf&uuid=9942255b-91da-4fb8-ac75-0c7138009ba1&version=1.0;https://parivesh.nic.in/dms/okm/downloadDocument?docTypemappingId=59061&refId=1224988828&refType=FC&uuid=bd41e2a8-be25-45d3-98c2-9324e0d75195&version=1.0;https://parivesh.nic.in/dms/okm/downloadDocument?docTypemappingId=58989&refId=1224988828&refType=FC&uuid=1fcabf62-f101-49d3-8f61-c119a08b70e4&version=1.2,000995,https://parivesh.nic.in/newupgrade/#/report/ec?proposalId=1224999385,11700.0,430.0
1225250291,"The setup of an Indian army settlement within the Karakoram (Nubra Shayok) wildlife sanctuary revealed the intention to establish a Army settlement(India Camp, Kilo - Top) spanning (0.90 Ha). This Move aim to enhance the operational efficiency and convenience for defense personnel stationed at Border Outpost in remote region Hereby bolstering National security reasons.",New,WL/LA/DEF/576702/2026,2026-04-23T06:35:43.279+00:00,,,0.9,10.572,Ministry of Defense,,Wildlife clearance form,,,,"INDIA CAMP, KILO TOP AT KHARDONGLA",LADAKH,Leh,NA,,,1634,Non - Linear,0.0,0.9,0.9,0.0,0.0,0.0,0.0,0.0,0,0,0,Not applicable as the project or activity is site specific,,NO,NO,NO,2026-04-23T07:10:35.578+00:00,,,,,,,,,,,Leh,1634,https://parivesh.nic.in/dms/okm/downloadDocument?docTypemappingId=40829&refId=1225246500&refType=caf&uuid=7524fb54-257c-4d81-bd67-04cc5d2fa6f4&version=1.0,"",https://parivesh.nic.in/newupgrade/#/report/ec?proposalId=1225250291,21900.0,21900.0
1225325840,"The setup of an Indian army settlement within the Karakoram (Nubra Shayok) wildlife sanctuary revealed the intention to establish a Army settlement (Oscar Block, North Pulu)  spanning (0.53 Ha). This Move aim to enhance the operational efficiency and convenience for defense personnel stationed at Border Outpost in remote region Hereby bolstering National security reasons.",New,WL/LA/DEF/576784/2026,2026-04-23T13:03:27.119+00:00,,,0.53,42.11,Ministry of Defense,,Wildlife clearance form,,,,"OSCAR BLOCK, NORTH PULU",LADAKH,Nubra,NA,,,1577,Non - Linear,0.0,0.53,0.53,0.0,0.0,0.0,0.0,0.0,0,0,0,Not applicable as the project or activity is site specific,,NO,NO,NO,2026-04-23T13:20:26.936+00:00,,,,,,,,,,,Leh,1577,https://parivesh.nic.in/dms/okm/downloadDocument?docTypemappingId=40829&refId=1225324760&refType=caf&uuid=9924e7e0-ecef-46ec-a506-8332db9df531&version=1.0,"",https://parivesh.nic.in/newupgrade/#/report/ec?proposalId=1225325840,27375.0,27375.0
1225446235,WILDLIFE CLEARANCE IN LIEU OF CONSTRUCTION OF DISKIT TO PARTAPUR 33kV LINE UNDER ADDITIONAL RDSS WORKS IN LADAKH BORDER AREA ASSOCIATED WITH ADDITIONAL SCOPE OF ELECTRICITY DISTRIBUTION OF INFRA WORKS AT BORDER AREA OF LADAKH RDSS PROJECT (PACKAGE-01),New,WL/LA/TRANS/576894/2026,2026-04-24T11:52:38.482+00:00,,,22.5,578.82,ENERGY POWER DEPARTMENT,,Wildlife clearance form,,,,CONSTRUCTION OF DISKIT TO PARTAPUR 33kV LINE UNDER ADDITIONAL RDSS WORKS IN LADAKH BORDER AREA ASSOCIATED WITH ADDITIONAL SCOPE OF ELECTRICITY DISTRIBUTION OF INFRA WORKS AT BORDER AREA OF LADAKH RDSS PROJECT (PACKAGE-01),LADAKH,Nubra,Diskit,,,,Linear,22.5,0.0,22.5,0.0,0.0,0.0,0.0,0.0,0,0,0,Not applicable as the project or activity is site specific,,NO,NO,NO,2026-04-24T12:27:09.012+00:00,,,,,,,,,,,Leh,,https://parivesh.nic.in/dms/okm/downloadDocument?docTypemappingId=40829&refId=1225444282&refType=caf&uuid=8053a50d-6d2c-432f-913c-ebeee25eddc5&version=1.0,000929,https://parivesh.nic.in/newupgrade/#/report/ec?proposalId=1225446235,21960.0,21960.0
1225970108,The setup of an Indian army settlement within the Karakoram (Nubra Shayok) wildlife sanctuary revealed the intention to establish a Army settlement spanning (4.53 Ha). This Move aim to enhance the operational efficiency and convenience for defense personnel stationed at Border Outpost in remote region Hereby bolstering National security reasons.,New,WL/LA/DEF/577447/2026,2026-04-29T15:08:34.044+00:00,,,4.53,0.99,Ministry of Defense,,Wildlife clearance form,,,,OP BABA AT SIACHEN,LADAKH,Nubra,NA,,,1121,Non - Linear,4.53,0.0,4.53,0.0,0.0,0.0,0.0,0.0,0,0,0,Not applicable as the project or activity is site specific,,NO,NO,NO,2026-04-29T15:36:16.208+00:00,,,,,,,,,,,Leh,1121,https://parivesh.nic.in/dms/okm/downloadDocument?docTypemappingId=40829&refId=1225969683&refType=caf&uuid=d393736c-9405-428f-af25-720a57e0dcd5&version=1.0,"",https://parivesh.nic.in/newupgrade/#/report/ec?proposalId=1225970108,25550.0,25550.0
1226233694,The setup of an Indian army settlement within the Karakoram (Nubra Shayok) wildlife sanctuary revealed the intention to establish a Army settlement spanning (30.2 Ha). This Move aim to enhance the operational efficiency and convenience for defense personnel stationed at Border Outpost in remote region Hereby bolstering National security reasons.,New,WL/LA/DEF/577694/2026,2026-05-02T05:15:28.195+00:00,,,30.2,97.41,Ministry of Defense,,Wildlife clearance form,,,,DEF LAND - 1,LADAKH,Nubra,NA,,,848/809/694,Non - Linear,30.2,0.0,30.2,0.0,0.0,0.0,0.0,0.0,0,0,0,Not applicable as the project or activity is site specific,,NO,NO,NO,2026-05-02T06:00:25.827+00:00,,,,,,,,,,,Leh,848/809/694,https://parivesh.nic.in/dms/okm/downloadDocument?docTypemappingId=40829&refId=1226231136&refType=caf&uuid=82a37e3a-ccfb-4c62-941f-ffcbcde92561&version=1.0,"",https://parivesh.nic.in/newupgrade/#/report/ec?proposalId=1226233694,21900.0,21900.0
1226254916,The setup of an Indian army settlement within the Karakoram (Nubra Shayok) wildlife sanctuary revealed the intention to establish a Army settlement spanning (43.8 Ha). This Move aim to enhance the operational efficiency and convenience for defense personnel stationed at Border Outpost in remote region Hereby bolstering National security reasons.,New,WL/LA/DEF/577715/2026,2026-05-02T07:30:23.424+00:00,,,43.8,141.285,Ministry of Defense,,Wildlife clearance form,,,,DEF LAND - 2,LADAKH,Nubra,NA,,,848/809/694,Non - Linear,43.8,0.0,43.8,0.0,0.0,0.0,0.0,0.0,0,0,0,Not applicable as the project or activity is site specific,,NO,NO,NO,2026-05-02T08:12:32.114+00:00,,,,,,,,,,,Leh,848/809/694,https://parivesh.nic.in/dms/okm/downloadDocument?docTypemappingId=40829&refId=1226253711&refType=caf&uuid=70683d41-d8f1-4249-b7b0-19de9c27c847&version=1.0,"",https://parivesh.nic.in/newupgrade/#/report/ec?proposalId=1226254916,21900.0,21900.0
1226301072,The setup of an Indian army settlement within the Karakoram (Nubra Shayok) wildlife sanctuary revealed the intention to establish a Army settlement spanning (35.4 Ha). This Move aim to enhance the operational efficiency and convenience for defense personnel stationed at Border Outpost in remote region Hereby bolstering National security reasons.,New,WL/LA/DEF/577764/2026,2026-05-02T13:02:21.097+00:00,,,35.4,114.186,Ministry of Defense,,Wildlife clearance form,,,,DEF LAND - 3,LADAKH,Nubra,NA,,,848/809/694,Non - Linear,35.4,0.0,35.4,0.0,0.0,0.0,0.0,0.0,0,0,0,Not applicable as the project or activity is site specific,,NO,NO,NO,2026-05-02T13:24:22.827+00:00,,,,,,,,,,,Leh,848/809/694,https://parivesh.nic.in/dms/okm/downloadDocument?docTypemappingId=40829&refId=1226299865&refType=caf&uuid=34335c6e-82bc-43be-ba31-e90243686d8a&version=1.0,"",https://parivesh.nic.in/newupgrade/#/report/ec?proposalId=1226301072,5475.0,21900.0
1226304181,The setup of an Indian army settlement within the Karakoram (Nubra Shayok) wildlife sanctuary revealed the intention to establish a Army settlement spanning (0.1 Ha). This Move aim to enhance the operational efficiency and convenience for defense personnel stationed at Border Outpost in remote region thereby bolstering National security reasons.,New,WL/LA/DEF/577766/2026,2026-05-02T14:14:09.686+00:00,,,0.1,0.0,Ministry of Defense,,Wildlife clearance form,,,,DHARAM STHAL,LADAKH,Nubra,NA,,,1576,Non - Linear,0.1,0.0,0.1,0.0,0.0,0.0,0.0,0.0,0,0,0,Not applicable as the project or activity is site specific,,NO,NO,NO,2026-05-02T14:52:09.333+00:00,,,,,,,,,,,Leh,1576,https://parivesh.nic.in/dms/okm/downloadDocument?docTypemappingId=40829&refId=1226303868&refType=caf&uuid=03242ccd-1cc5-4c1a-987a-fdb69d9b7e84&version=1.0,"",https://parivesh.nic.in/newupgrade/#/report/ec?proposalId=1226304181,21900.0,21900.0
1226348101,The setup of an Indian army settlement within the Karakoram (Nubra Shayok) wildlife sanctuary revealed the intention to establish a Army settlement spanning (31.0 Ha). This Move aim to enhance the operational efficiency and convenience for defense personnel stationed at Border Outpost in remote region Hereby bolstering National security reasons.,New,WL/LA/DEF/577792/2026,2026-05-03T13:52:36.638+00:00,,,31.0,222.809,Ministry of Defense,,Wildlife clearance form,,,,FIELD CAMP - 1,LADAKH,Nubra,NA,,,1077,Non - Linear,31.0,0.0,31.0,0.0,0.0,0.0,0.0,0.0,0,0,0,Not applicable as the project or activity is site specific,,NO,NO,NO,2026-05-03T14:29:35.113+00:00,,,,,,,,,,,Leh,1077,https://parivesh.nic.in/dms/okm/downloadDocument?docTypemappingId=40829&refId=1226347561&refType=caf&uuid=b234205e-405a-4254-a218-4d2dad776992&version=1.0,"",https://parivesh.nic.in/newupgrade/#/report/ec?proposalId=1226348101,23725.0,23725.0
1226349669,The setup of an Indian army settlement within the Karakoram (Nubra Shayok) wildlife sanctuary revealed the intention to establish a Army settlement spanning (41.90 Ha). This Move aim to enhance the operational efficiency and convenience for defense personnel stationed at Border Outpost in remote region Hereby bolstering National security reasons.,New,WL/LA/DEF/577794/2026,2026-05-03T15:06:56.317+00:00,,,41.9,301.142,Ministry of Defense,,Wildlife clearance form,,,,FIELD CAMP - 2,LADAKH,Nubra,NA,,,1077,Non - Linear,41.9,0.0,41.9,0.0,0.0,0.0,0.0,0.0,0,0,0,Not applicable as the project or activity is site specific,,NO,NO,NO,2026-05-04T03:15:16.126+00:00,,,,,,,,,,,Leh,1077,https://parivesh.nic.in/dms/okm/downloadDocument?docTypemappingId=40829&refId=1226349331&refType=caf&uuid=965d0f0e-c033-4100-a315-b71f11300902&version=1.0,"",https://parivesh.nic.in/newupgrade/#/report/ec?proposalId=1226349669,27375.0,27375.0
1226370173,The setup of an Indian army settlement within the Karakoram (Nubra Shayok) wildlife sanctuary revealed the intention to establish a Army settlement spanning (0.75 Ha). This Move aim to enhance the operational efficiency and convenience for defense personnel stationed at Border Outpost in remote region Hereby bolstering National security reasons.,New,WL/LA/DEF/577805/2026,2026-05-04T03:44:06.215+00:00,,,0.75,28.149,Ministry of Defense,,Wildlife clearance form,,,,WAR MEMORIAL,LADAKH,Nubra,NA,,,1082,Non - Linear,0.75,0.0,0.75,0.0,0.0,0.0,0.0,0.0,0,0,0,Not applicable as the project or activity is site specific,,NO,NO,NO,2026-05-04T04:56:59.518+00:00,,,,,,,,,,,Leh,1082,https://parivesh.nic.in/dms/okm/downloadDocument?docTypemappingId=40829&refId=1226369525&refType=caf&uuid=17283f86-90f0-474e-9585-6f193f0aea0a&version=1.0,"",https://parivesh.nic.in/newupgrade/#/report/ec?proposalId=1226370173,23725.0,23725.0
1226388348,The setup of an Indian army settlement within the Karakoram (Nubra Shayok) wildlife sanctuary revealed the intention to establish a Army settlement spanning (1.38 Ha). This Move aim to enhance the operational efficiency and convenience for defense personnel stationed at Border Outpost in remote region Hereby bolstering National security reasons.,New,WL/LA/DEF/577819/2026,2026-05-04T06:32:34.883+00:00,,,1.38,49.104,Ministry of Defense,,Wildlife clearance form,,,,JAWALA,LADAKH,Nubra,NA,,,1083,Non - Linear,1.38,0.0,1.38,0.0,0.0,0.0,0.0,0.0,0,0,0,Not applicable as the project or activity is site specific,,NO,NO,NO,2026-05-04T06:54:24.648+00:00,,,,,,,,,,,Leh,1083,https://parivesh.nic.in/dms/okm/downloadDocument?docTypemappingId=40829&refId=1226385072&refType=caf&uuid=2fa7606f-4e4d-414d-9677-9f610f8ccb97&version=1.0,"",https://parivesh.nic.in/newupgrade/#/report/ec?proposalId=1226388348,23725.0,23725.0
1226473714,The setup of an Indian army settlement within the Karakoram (Nubra Shayok) wildlife sanctuary revealed the intention to establish a Army settlement spanning (33.5 Ha). This Move aim to enhance the operational efficiency and convenience for defense personnel stationed at Border Outpost in remote region Hereby bolstering National security reasons.,New,WL/LA/DEF/577901/2026,2026-05-04T13:56:30.126+00:00,,,33.5,1192.021,Ministry of Defense,,Wildlife clearance form,,,,NORTHERN HEIGHTS,LADAKH,Nubra,NA,,,1078,Non - Linear,33.5,0.0,33.5,0.0,0.0,0.0,0.0,0.0,0,0,0,Not applicable as the project or activity is site specific,,NO,NO,NO,2026-05-04T14:20:35.340+00:00,,,,,,,,,,,Leh,1078,https://parivesh.nic.in/dms/okm/downloadDocument?docTypemappingId=40829&refId=1226410856&refType=caf&uuid=7a90004f-d077-463d-b512-8de22677d397&version=1.0,"",https://parivesh.nic.in/newupgrade/#/report/ec?proposalId=1226473714,38325.0,38325.0
1226745478,"The setup of an Indian army settlement within the Karakoram (Nubra Shayok) wildlife sanctuary revealed the intention to establish a Army settlement (Oscar Block, North Pulu) spanning (0.53 Ha). This Move aim to enhance the operational efficiency and convenience for defense personnel stationed at Border Outpost in remote region Hereby bolstering National security reasons.",New,WL/LA/DEF/578141/2026,2026-05-06T12:55:33.167+00:00,,,0.53,42.11,Ministry of Defense,,Wildlife clearance form,,,,"OSCAR BLOCK, NORTH PULU",LADAKH,Nubra,Khardong,,,1577,Non - Linear,0.53,0.0,0.53,0.0,0.0,0.0,0.0,0.0,0,0,0,Not applicable as the project or activity is site specific,,NO,NO,NO,2026-05-06T14:41:13.791+00:00,,,,,,,,,,,Leh,1577,https://parivesh.nic.in/dms/okm/downloadDocument?docTypemappingId=40829&refId=1226743306&refType=caf&uuid=22f9f333-01de-427b-9c4f-371a79c687ae&version=1.0,000935,https://parivesh.nic.in/newupgrade/#/report/ec?proposalId=1226745478,31025.0,31025.0
1226779933,"The setup of an Indian army settlement within the Karakoram (Nubra Shayok) wildlife sanctuary revealed the intention to establish a Army settlement(India Camp, Kilo-Top) spanning (0.90 Ha). This Move aim to enhance the operational efficiency and convenience for defense personnel stationed at Border Outpost in remote region Hereby bolstering National security reasons.",New,WL/LA/DEF/578164/2026,2026-05-07T03:53:03.960+00:00,,,0.9,10.572,Ministry of Defense,,Wildlife clearance form,,,,"INDIA CAMP, KILO-TOP",LADAKH,Leh,NA,,,1634,Non - Linear,0.9,0.0,0.9,0.0,0.0,0.0,0.0,0.0,0,0,0,Not applicable as the project or activity is site specific,,NO,NO,NO,2026-05-07T06:58:34.466+00:00,,,,,,,,,,,Leh,1634,https://parivesh.nic.in/dms/okm/downloadDocument?docTypemappingId=40829&refId=1226778867&refType=caf&uuid=084ed1f8-fa0e-4f42-9c32-56980f4ddf2e&version=1.0,"",https://parivesh.nic.in/newupgrade/#/report/ec?proposalId=1226779933,21900.0,21900.0
1231831952,"PROPOSED 4G MOBILE TOWER  AT VILLAGE NAME 3.8 KM FM AIRTEL TOWER TOWARDS 
LOMA (LOMA 3.8 KM)  BTS ID - UVJKLEH00679, SUB DISTT. NYOMA, DISTT. LEH,",New,WL/LA/SRY/581935/2026,2026-06-11T14:33:21.277+00:00,,,0.0185,24.0,MAHESH NAIR,,Wildlife clearance form,,,,4G Saturation Project 3.8 KM FM Airtel Tower Towards Loma (Loma 3.8 KM),LADAKH,Leh,Nimo,,,,Non - Linear,0.0,0.0185,0.0185,0.0,0.0,0.0,0.0,0.0,0,0,0,Not applicable as the project or activity is site specific,,NO,NO,NO,2026-06-12T05:20:21.679+00:00,,,,,,,,,,,Leh,,https://parivesh.nic.in/dms/okm/downloadDocument?docTypemappingId=40829&refId=1231829344&refType=caf&uuid=4b9aa1e0-4c01-4389-bad7-4a52761c8080&version=1.0,852,https://parivesh.nic.in/newupgrade/#/report/ec?proposalId=1231831952,365.0,365.0
1232559233,"CONSTRUCTION OF PROPOSED 4G MOBILE TOWER  AT VILLAGE NAME 3.8 KM FM AIRTEL TOWER TOWARDS 
LOMA (LOMA 3.8 KM)  BTS ID - UVJKLEH00679, SUB DISTT. NYOMA, DISTT. LEH, & AREA OF WILDLIFE LAND REQUIRED 
UNDER 4G SATURATION PROJECT, BSNL LEH",New,WL/LA/CommPost/582555/2026,2026-06-18T08:06:18.922+00:00,,,0.0185,24.82,MAHESH NAIR,,Wildlife clearance form,,,,4G Saturation Project 3.8 KM FM Airtel Tower Towards Loma -2,LADAKH,Leh,NA,,,,Non - Linear,0.0185,0.0,0.0185,0.0,0.0,0.0,0.0,0.0,0,0,0,Not applicable as the project or activity is site specific,,NO,NO,NO,2026-06-18T08:36:01.318+00:00,,,,,,,,,,,Leh,,https://parivesh.nic.in/dms/okm/downloadDocument?docTypemappingId=40829&refId=1232549824&refType=caf&uuid=abb2b573-ad14-484a-9a7c-ba89ba279e1e&version=1.0,"",https://parivesh.nic.in/newupgrade/#/report/ec?proposalId=1232559233,365.0,365.0
1233398335,The Infrastructure Plan of the proposed central university is developed based on the physical resource requirements of the students and the human resources at the campus. Based on the academic plan it has been estimated that minimum land area of about 973 Kanals (49.22 ha say 492199 sqm) shall be required for development of the proposed campus along with playground. The built-up area of the project is 68664.44 sq.m,New,SIA/LA/INFRA2/583422/2026,2026-06-26T07:43:01.754+00:00,,Under Examination,49.22,95287.0,SINDHU CENTRAL UNIVERSITY,Skilled Enviro Services,Environment clearance form,TOR,B2,Building / Construction,"Establishment of Sindhu Central University (SCU), at village Khaltsi, Tehsil Gothang District Leh, UT of Ladakh, developed by M/s Bureau of Central University, Deptt of Higher Education (DHE), Ministry of Education (MoE), Govt. of India",LADAKH,Khalsi,NA,,,1870,Hybrid,49.22,0.0,49.22,0.0,0.0,0.0,0.0,0.0,0,0,0,NO,The land is allotted by govt. for developing a medical college,NO,NO,NO,2026-06-27T13:56:31.062+00:00,,,,,,,,,,,Leh,1870,https://parivesh.nic.in/dms/okm/downloadDocument?docTypemappingId=40829&refId=1233390315&refType=caf&uuid=0960a488-ac89-4ae1-b07f-ee0edb5a1057&version=1.0,"",https://parivesh.nic.in/newupgrade/#/report/ec?proposalId=1233398335,1000.0,164275.0
1233460335,"CONSTRUCTION OF PROPOSED 4G MOBILE TOWER  AT VILLAGE NAME 3.8 KM FM AIRTEL TOWER TOWARDS 
LOMA (LOMA 3.8 KM)  BTS ID - UVJKLEH00679, SUB DISTT. NYOMA, DISTT. LEH, & AREA OF WILDLIFE LAND REQUIRED 
UNDER 4G SATURATION PROJECT, BSNL LEH",New,WL/LA/CommPost/583495/2026,2026-06-27T04:56:54.931+00:00,,,0.0185,24.82,MAHESH NAIR,,Wildlife clearance form,,,,4G Saturation Project 3.8 KM FM Airtel Tower Towards Loma-3,LADAKH,Leh,NA,,,,Non - Linear,0.0,0.0185,0.0185,0.0,0.0,0.0,0.0,0.0,0,0,0,Not applicable as the project or activity is site specific,,NO,NO,NO,2026-06-27T05:18:12.029+00:00,,,,,,,,,,,Leh,,https://parivesh.nic.in/dms/okm/downloadDocument?docTypemappingId=40829&refId=1233459013&refType=caf&uuid=224d487a-2ad7-4634-b0bd-532b560b4884&version=1.0,"",https://parivesh.nic.in/newupgrade/#/report/ec?proposalId=1233460335,365.0,365.0
1233921545,"CONSTRUCTION OF PROPOSED 4G MOBILE TOWER  AT VILLAGE NAME 3.8 KM FM AIRTEL TOWER TOWARDS 
LOMA (LOMA 3.8 KM)  BTS ID - UVJKLEH00679, SUB DISTT. NYOMA, DISTT. LEH, & AREA OF WILDLIFE LAND REQUIRED 
UNDER 4G SATURATION PROJECT, BSNL LEH",New,WL/LA/CommPost/583950/2026,2026-07-01T16:47:42.378+00:00,,,0.0185,24.82,MAHESH NAIR,,Wildlife clearance form,,,,4G Saturation Project 3.8 KM FM Airtel Tower Towards Loma-4,LADAKH,Leh,NA,,,,Non - Linear,0.0,0.0185,0.0185,0.0,0.0,0.0,0.0,0.0,0,0,0,Not applicable as the project or activity is site specific,,NO,NO,NO,2026-07-01T17:14:46.713+00:00,,,,,,,,,,,Leh,,https://parivesh.nic.in/dms/okm/downloadDocument?docTypemappingId=40829&refId=1233921150&refType=caf&uuid=0e6144a4-130d-4da8-9fc7-30b3de1da9e4&version=1.0,"",https://parivesh.nic.in/newupgrade/#/report/ec?proposalId=1233921545,365.0,365.0
1234417311,"CONSTRUCTION OF PROPOSED 4G MOBILE TOWER  AT VILLAGE NAME PUNGUK TOWARS CHUMAR 
BTS ID - UVJKLEH00680, SUB DISTT. NYOMA, DISTT. LEH, & AREA OF WILDLIFE LAND REQUIRED 
UNDER 4G SATURATION PROJECT, BSNL LEH",New,WL/LA/CommPost/584448/2026,2026-07-06T12:24:07.628+00:00,,,0.0185,24.82,MAHESH NAIR,,Wildlife clearance form,,,,4G Saturation Project at Punguk Towars Chumar,LADAKH,Leh,NA,,,,Non - Linear,0.0,0.0185,0.0185,0.0,0.0,0.0,0.0,0.0,0,0,0,Not applicable as the project or activity is site specific,,NO,NO,NO,2026-07-06T12:47:27.530+00:00,,,,,,,,,,,Leh,,https://parivesh.nic.in/dms/okm/downloadDocument?docTypemappingId=40829&refId=1234414705&refType=caf&uuid=a29ade53-d341-47d0-9ca4-ee658723cec2&version=1.0,"",https://parivesh.nic.in/newupgrade/#/report/ec?proposalId=1234417311,365.0,365.0
1234422301,"CONSTRUCTION OF PROPOSED 4G MOBILE TOWER  AT VILLAGE 3.8 KM FM FUKCHE AIRTEL TOWER 
BTS ID - UVJKLEH00681, SUB DISTT. NYOMA, DISTT. LEH, & AREA OF WILDLIFE LAND REQUIRED 
UNDER 4G SATURATION PROJECT, BSNL LEH",New,WL/LA/CommPost/584455/2026,2026-07-06T13:02:18.499+00:00,,,0.0185,24.82,MAHESH NAIR,,Wildlife clearance form,,,,4G Saturation Project at Village 3.8 KM FM Fukche Airtel Tower,LADAKH,Leh,NA,,,,Non - Linear,0.0,0.0185,0.0185,0.0,0.0,0.0,0.0,0.0,0,0,0,Not applicable as the project or activity is site specific,,NO,NO,NO,2026-07-06T13:23:15.351+00:00,,,,,,,,,,,Leh,,https://parivesh.nic.in/dms/okm/downloadDocument?docTypemappingId=40829&refId=1234421859&refType=caf&uuid=ba96faef-b78e-4c32-902b-a44d84035fe0&version=1.0,0,https://parivesh.nic.in/newupgrade/#/report/ec?proposalId=1234422301,365.0,365.0
1234705912,"CONSTRUCTION OF PROPOSED 4G MOBILE TOWER  AT VILLAGE 5 KM TASIGANG TOWARDS PHOTILA 
BTS ID - UVJKLEH00682, SUB DISTT. NYOMA, DISTT. LEH, & AREA OF WILDLIFE LAND REQUIRED 
UNDER 4G SATURATION PROJECT, BSNL LEH",New,WL/LA/CommPost/584725/2026,2026-07-09T02:44:42.232+00:00,,,0.0185,24.82,MAHESH NAIR,,Wildlife clearance form,,,,4G Saturation Project at Village 5 KM Tasigang Towards Photila,LADAKH,Leh,NA,,,,Non - Linear,0.0,0.0185,0.0185,0.0,0.0,0.0,0.0,0.0,0,0,0,Not applicable as the project or activity is site specific,,NO,NO,NO,2026-07-09T03:01:26.234+00:00,,,,,,,,,,,Leh,,https://parivesh.nic.in/dms/okm/downloadDocument?docTypemappingId=40829&refId=1234705381&refType=caf&uuid=b41e8331-5c1e-4701-adf5-5f58287e1b85&version=1.0,0,https://parivesh.nic.in/newupgrade/#/report/ec?proposalId=1234705912,365.0,365.0
1234706898,"CONSTRUCTION OF PROPOSED 4G MOBILE TOWER  AT VILLAGE TASIGANG TOWARDS NURBULA TOP 
BTS ID - UVJKLEH00687, SUB DISTT. NYOMA, DISTT. LEH, & AREA OF WILDLIFE LAND REQUIRED 
UNDER 4G SATURATION PROJECT, BSNL LEH",New,WL/LA/CommPost/584727/2026,2026-07-09T03:21:21.958+00:00,,,0.0185,24.82,MAHESH NAIR,,Wildlife clearance form,,,,4G Saturation Project at Village  Tasigana Towards Nurbula Top,LADAKH,Leh,Koyul,,,,Non - Linear,0.0,0.0185,0.0185,0.0,0.0,0.0,0.0,0.0,0,0,0,Not applicable as the project or activity is site specific,,NO,NO,NO,2026-07-09T03:38:46.307+00:00,,,,,,,,,,,Leh,,https://parivesh.nic.in/dms/okm/downloadDocument?docTypemappingId=40829&refId=1234706719&refType=caf&uuid=acb0de80-34e1-49eb-8d8d-41a5efa23522&version=1.0,0,https://parivesh.nic.in/newupgrade/#/report/ec?proposalId=1234706898,365.0,365.0
1234709820,"CONSTRUCTION OF PROPOSED 4G MOBILE TOWER  AT VILLAGE 122 RCC ITBP 
BTS ID - UVJKLEH00685, SUB DISTT. NYOMA, DISTT. LEH, & AREA OF WILDLIFE LAND REQUIRED 
UNDER 4G SATURATION PROJECT, BSNL LEH",New,WL/LA/CommPost/584729/2026,2026-07-09T03:48:39.222+00:00,,,0.185,24.82,MAHESH NAIR,,Wildlife clearance form,,,,4G Saturation Project at Village 122 RCC ITBP,LADAKH,Leh,NA,,,,Non - Linear,0.0,0.185,0.185,0.0,0.0,0.0,0.0,0.0,0,0,0,Not applicable as the project or activity is site specific,,NO,NO,NO,2026-07-09T04:03:15.620+00:00,,,,,,,,,,,Leh,,https://parivesh.nic.in/dms/okm/downloadDocument?docTypemappingId=40829&refId=1234709483&refType=caf&uuid=d8af5cec-a15d-41ee-a1b8-b8417e92b8c4&version=1.0,0,https://parivesh.nic.in/newupgrade/#/report/ec?proposalId=1234709820,365.0,365.0
1234770266,"CONSTRUCTION OF PROPOSED 4G MOBILE TOWER  AT VILLAGE 7KM FM FUCKCHE AIRTEL TOWER
BTS ID - UVJKLEH00686, SUB DISTT. NYOMA, DISTT. LEH, & AREA OF WILDLIFE LAND REQUIRED 
UNDER 4G SATURATION PROJECT, BSNL LEH",New,WL/LA/CommPost/584794/2026,2026-07-09T10:21:45.581+00:00,,,0.0185,24.82,MAHESH NAIR,,Wildlife clearance form,,,,4G Saturation Project at 7 KM FM Fuckche Airtel Tower,LADAKH,Leh,NA,,,,Non - Linear,0.0,0.0185,0.0185,0.0,0.0,0.0,0.0,0.0,0,0,0,Not applicable as the project or activity is site specific,,NO,NO,NO,2026-07-09T10:41:41.323+00:00,,,,,,,,,,,Leh,,https://parivesh.nic.in/dms/okm/downloadDocument?docTypemappingId=40829&refId=1234767166&refType=caf&uuid=eb2288a9-a54c-46ef-b36f-347eee8762d6&version=1.0,0,https://parivesh.nic.in/newupgrade/#/report/ec?proposalId=1234770266,365.0,365.0
1234773242,WILDLIFE CLEARANCE,New,WL/LA/DEF/584799/2026,2026-07-09T10:35:57.407+00:00,,,39.6,17112.0,Ministry of Defense,,Wildlife clearance form,,,,STORAGE FACILITIES AT PUNGUK,LADAKH,Leh,NA,,,,Linear,0.0,39.6,39.6,0.0,0.0,0.0,0.0,0.0,0,0,0,Not applicable as the project or activity is site specific,,NO,NO,NO,2026-07-09T11:53:29.371+00:00,,,,,,,,,,,Leh,,https://parivesh.nic.in/dms/okm/downloadDocument?docTypemappingId=40829&refId=1234767533&refType=caf&uuid=f7022baf-6e96-4e0f-a483-784c9af80c40&version=1.1,"",https://parivesh.nic.in/newupgrade/#/report/ec?proposalId=1234773242,920.0,3660.0
1234777577,"CONSTRUCTION OF PROPOSED 4G MOBILE TOWER  AT VILLAGE TASIGANG TOWARDS NURBULA TOP
BTS ID - UVJKLEH00684, SUB DISTT. NYOMA, DISTT. LEH, & AREA OF WILDLIFE LAND REQUIRED 
UNDER 4G SATURATION PROJECT, BSNL LEH",New,WL/LA/CommPost/584803/2026,2026-07-09T10:55:23.268+00:00,,,0.0185,24.82,MAHESH NAIR,,Wildlife clearance form,,,,4G Saturation Project at Tasigang Towards Nurbula Top,LADAKH,Leh,NA,,,,Non - Linear,0.0,0.0185,0.0185,0.0,0.0,0.0,0.0,0.0,0,0,0,Not applicable as the project or activity is site specific,,NO,NO,NO,2026-07-09T11:19:11.962+00:00,,,,,,,,,,,Leh,,https://parivesh.nic.in/dms/okm/downloadDocument?docTypemappingId=40829&refId=1234775160&refType=caf&uuid=535bf15d-13db-48e7-83bc-c7cd82b7d6cc&version=1.0,"",https://parivesh.nic.in/newupgrade/#/report/ec?proposalId=1234777577,365.0,365.0
1234801958,"CONSTRUCTION OF PROPOSED 4G MOBILE TOWER  AT VILLAGE 66 MED REGT TOWARDS ZURSAR
BTS ID - UVJKLEH00688, SUB DISTT. NYOMA, DISTT. LEH, & AREA OF WILDLIFE LAND REQUIRED 
UNDER 4G SATURATION PROJECT, BSNL LEH",New,WL/LA/CommPost/584836/2026,2026-07-09T13:02:11.333+00:00,,,0.0185,24.82,MAHESH NAIR,,Wildlife clearance form,,,,4G Saturation Project 66 Med Regt Towards Zursar,LADAKH,Leh,NA,,,,Non - Linear,0.0,0.0185,0.0185,0.0,0.0,0.0,0.0,0.0,0,0,0,Not applicable as the project or activity is site specific,,NO,NO,NO,2026-07-09T13:23:36.772+00:00,,,,,,,,,,,Leh,,https://parivesh.nic.in/dms/okm/downloadDocument?docTypemappingId=40829&refId=1234801460&refType=caf&uuid=d3800cce-3f23-4499-828a-62c1d5759a48&version=1.0,"",https://parivesh.nic.in/newupgrade/#/report/ec?proposalId=1234801958,365.0,365.0
1234804716,"CONSTRUCTION OF PROPOSED 4G MOBILE TOWER  AT VILLAGE KACCHA HOUSE
BTS ID - UVJKLEH00689, SUB DISTT. NYOMA, DISTT. LEH, & AREA OF WILDLIFE LAND REQUIRED 
UNDER 4G SATURATION PROJECT, BSNL LEH",New,WL/LA/CommPost/584841/2026,2026-07-09T13:39:50.672+00:00,,,0.0185,24.82,MAHESH NAIR,,Wildlife clearance form,,,,4G Saturation Project Kaccha House,LADAKH,Leh,NA,,,,Non - Linear,0.0185,0.0,0.0185,0.0,0.0,0.0,0.0,0.0,0,0,0,Not applicable as the project or activity is site specific,,NO,NO,NO,2026-07-09T14:03:08.083+00:00,,,,,,,,,,,Leh,,https://parivesh.nic.in/dms/okm/downloadDocument?docTypemappingId=40829&refId=1234804218&refType=caf&uuid=6e8c29c4-02e3-4005-909e-cb19922e3f05&version=1.0,"",https://parivesh.nic.in/newupgrade/#/report/ec?proposalId=1234804716,365.0,365.0
1234807051,"CONSTRUCTION OF PROPOSED 4G MOBILE TOWER  AT VILLAGE ZURSAR ARMY 54
BTS ID - UVJKLEH00705, SUB DISTT. NYOMA, DISTT. LEH, & AREA OF WILDLIFE LAND REQUIRED 
UNDER 4G SATURATION PROJECT, BSNL LEH",New,WL/LA/CommPost/584846/2026,2026-07-09T14:37:16.454+00:00,,,0.0185,24.82,MAHESH NAIR,,Wildlife clearance form,,,,4G Saturation Project at Zursar Army 54,LADAKH,Leh,NA,,,,Non - Linear,0.0,0.0185,0.0185,0.0,0.0,0.0,0.0,0.0,0,0,0,Not applicable as the project or activity is site specific,,NO,NO,NO,2026-07-09T14:54:01.673+00:00,,,,,,,,,,,Leh,,https://parivesh.nic.in/dms/okm/downloadDocument?docTypemappingId=40829&refId=1234806792&refType=caf&uuid=29fab79e-0ca4-4dfa-abbe-08d613610d23&version=1.0,"",https://parivesh.nic.in/newupgrade/#/report/ec?proposalId=1234807051,365.0,365.0
1235640791,WILDLIFE CLEARANCE,New,WL/LA/DEF/585884/2026,2026-07-18T08:09:23.631+00:00,,,0.68,2000.75,Ministry of Defense,,Wildlife clearance form,,,,STORAGE FACILITY AT KM-148 (II),LADAKH,Nubra,NA,,,,Linear,0.0,0.68,0.68,0.0,0.0,0.0,0.0,0.0,0,0,0,Not applicable as the project or activity is site specific,,NO,NO,NO,2026-07-18T08:41:11.344+00:00,,,,,,,,,,,Leh,,https://parivesh.nic.in/dms/okm/downloadDocument?docTypemappingId=40829&refId=1235638332&refType=caf&uuid=6307a541-e98f-4a72-8924-76ace37e00d4&version=1.0,0,https://parivesh.nic.in/newupgrade/#/report/ec?proposalId=1235640791,3660.0,3660.0
1236386646,"CONSTRUCTION OF PROPOSED 4G MOBILE TOWER  AT VILLAGE BOGDANG, 
BTS ID - UVJKLEH00599, SUB DISTT. NUBRA, DISTT. LEH, & AREA OF WILDLIFE LAND REQUIRED 
UNDER 4G SATURATION PROJECT, BSNL LEH",New,WL/LA/CommPost/586641/2026,2026-07-25T05:37:39.875+00:00,,,0.0185,24.82,MAHESH NAIR,,Wildlife clearance form,,,,4G Saturation Project at Village Dogdang,LADAKH,Nubra,Bogdang,,,,Non - Linear,0.0,0.0185,0.0185,0.0,0.0,0.0,0.0,0.0,0,0,0,Not applicable as the project or activity is site specific,,NO,NO,NO,2026-07-25T06:16:31.249+00:00,,,,,,,,,,,Leh,,https://parivesh.nic.in/dms/okm/downloadDocument?docTypemappingId=40829&refId=1236386217&refType=caf&uuid=8fde5856-7af8-4687-be0d-af52df2e541e&version=1.0,000915,https://parivesh.nic.in/newupgrade/#/report/ec?proposalId=1236386646,365.0,365.0
1236392069,"CONSTRUCTION OF PROPOSED 4G MOBILE TOWER  AT VILLAGE YUKTI 
BTS ID - UVJKLEH00610, SUB DISTT. NYOMA, DISTT. LEH, & AREA OF WILDLIFE LAND REQUIRED 
UNDER 4G SATURATION PROJECT, BSNL LEH",New,WL/LA/CommPost/586648/2026,2026-07-25T06:30:09.782+00:00,,,0.0185,24.82,MAHESH NAIR,,Wildlife clearance form,,,,4G Saturation Project at Yukti,LADAKH,Leh,NA,,,,Non - Linear,0.0,0.0185,0.0185,0.0,0.0,0.0,0.0,0.0,0,0,0,Not applicable as the project or activity is site specific,,NO,NO,NO,2026-07-25T06:44:46.718+00:00,,,,,,,,,,,Leh,,https://parivesh.nic.in/dms/okm/downloadDocument?docTypemappingId=40829&refId=1236391114&refType=caf&uuid=21d6ec48-9bc4-495d-a79a-fea0cda94ef0&version=1.0,0,https://parivesh.nic.in/newupgrade/#/report/ec?proposalId=1236392069,365.0,365.0
1236394735,"CONSTRUCTION OF PROPOSED 4G MOBILE TOWER  AT VILLAGE MAHEY 
BTS ID - UVJKLEH00629, SUB DISTT. NYOMA, DISTT. LEH, & AREA OF WILDLIFE LAND REQUIRED 
UNDER 4G SATURATION PROJECT, BSNL LEH",New,WL/LA/CommPost/586653/2026,2026-07-25T06:56:23.851+00:00,,,0.0185,24.82,MAHESH NAIR,,Wildlife clearance form,,,,4G Saturation Project at Mahey,LADAKH,Leh,NA,,,,Non - Linear,0.0,0.0185,0.0185,0.0,0.0,0.0,0.0,0.0,0,0,0,Not applicable as the project or activity is site specific,,NO,NO,NO,2026-07-25T07:11:43.596+00:00,,,,,,,,,,,Leh,,https://parivesh.nic.in/dms/okm/downloadDocument?docTypemappingId=40829&refId=1236394305&refType=caf&uuid=a30ab909-b351-4c5a-98d7-1d280e4568a4&version=1.0,0,https://parivesh.nic.in/newupgrade/#/report/ec?proposalId=1236394735,365.0,365.0
1236399482,"CONSTRUCTION OF PROPOSED 4G MOBILE TOWER  AT VILLAGE KM-234, 
BTS ID - UVJKLEH00655, SUB DISTT. DURBUK, DISTT. LEH, & AREA OF WILDLIFE LAND REQUIRED 
UNDER 4G SATURATION PROJECT, BSNL LEH",New,WL/LA/CommPost/586667/2026,2026-07-25T07:36:54.247+00:00,,,0.0185,11.0,MAHESH NAIR,,Wildlife clearance form,,,,4G Saturation Project at KM-234,LADAKH,"",NA,,,,Non - Linear,0.0,0.0185,0.0185,0.0,0.0,0.0,0.0,0.0,0,0,0,Not applicable as the project or activity is site specific,,NO,NO,NO,2026-07-25T07:53:04.010+00:00,,,,,,,,,,,Leh,,https://parivesh.nic.in/dms/okm/downloadDocument?docTypemappingId=40829&refId=1236398455&refType=caf&uuid=db533503-3d02-4452-ae84-b3c0eaed39cb&version=1.0,"",https://parivesh.nic.in/newupgrade/#/report/ec?proposalId=1236399482,365.0,365.0
1236403949,"CONSTRUCTION OF PROPOSED 4G MOBILE TOWER  AT VILLAGE NORTH PULLU TO KHARDUNG LA, 
BTS ID - UVJKLEH00659, SUB DISTT. NOBRA, DISTT. LEH, & AREA OF WILDLIFE LAND REQUIRED 
UNDER 4G SATURATION PROJECT, BSNL LEH",New,WL/LA/CommPost/586682/2026,2026-07-25T08:38:02.836+00:00,,,0.0185,24.82,MAHESH NAIR,,Wildlife clearance form,,,,4G Saturation Project at North Pullu to Khardung La,LADAKH,Nubra,Khardong,,,,Non - Linear,0.0,0.0185,0.0185,0.0,0.0,0.0,0.0,0.0,0,0,0,Not applicable as the project or activity is site specific,,NO,NO,NO,2026-07-25T08:53:15.990+00:00,,,,,,,,,,,Leh,,https://parivesh.nic.in/dms/okm/downloadDocument?docTypemappingId=40829&refId=1236403460&refType=caf&uuid=2b459b87-c127-4dd6-8564-11a18487a683&version=1.0,935,https://parivesh.nic.in/newupgrade/#/report/ec?proposalId=1236403949,365.0,365.0
1236406748,"CONSTRUCTION OF PROPOSED 4G MOBILE TOWER  AT VILLAGE YAGULONG, 
BTS ID - UVJKLEH00661, SUB DISTT. NOBRA, DISTT. LEH, & AREA OF WILDLIFE LAND REQUIRED 
UNDER 4G SATURATION PROJECT, BSNL LEH",New,WL/LA/CommPost/586691/2026,2026-07-25T09:14:24.269+00:00,,,0.0185,24.82,MAHESH NAIR,,Wildlife clearance form,,,,4G Saturation Project at Yagulong,LADAKH,Nubra,NA,,,,Non - Linear,0.0,0.0185,0.0185,0.0,0.0,0.0,0.0,0.0,0,0,0,Not applicable as the project or activity is site specific,,NO,NO,NO,2026-07-25T09:32:15.546+00:00,,,,,,,,,,,Leh,,https://parivesh.nic.in/dms/okm/downloadDocument?docTypemappingId=40829&refId=1236406243&refType=caf&uuid=a528737c-1933-4262-9d20-cf21700b8b44&version=1.0,0,https://parivesh.nic.in/newupgrade/#/report/ec?proposalId=1236406748,365.0,365.0
1236409703,"CONSTRUCTION OF PROPOSED 4G MOBILE TOWER  AT VILLAGE KM 80, 
BTS ID - UVJKLEH00667, SUB DISTT. DURBUK, DISTT. LEH, & AREA OF WILDLIFE LAND REQUIRED 
UNDER 4G SATURATION PROJECT, BSNL LEH",New,WL/LA/CommPost/586696/2026,2026-07-25T09:43:28.738+00:00,,,0.0185,24.82,MAHESH NAIR,,Wildlife clearance form,,,,4G Saturation Project at Km 80,LADAKH,Nubra,NA,,,,Non - Linear,0.0,0.0185,0.0185,0.0,0.0,0.0,0.0,0.0,0,0,0,Not applicable as the project or activity is site specific,,NO,NO,NO,2026-07-25T09:57:06.904+00:00,,,,,,,,,,,Leh,,https://parivesh.nic.in/dms/okm/downloadDocument?docTypemappingId=40829&refId=1236409275&refType=caf&uuid=f19363a7-4c16-41f7-bf85-12f0207ff17f&version=1.0,0,https://parivesh.nic.in/newupgrade/#/report/ec?proposalId=1236409703,365.0,365.0
1236413178,"CONSTRUCTION OF PROPOSED 4G MOBILE TOWER  AT VILLAGE KM 245, 
BTS ID - UVJKLEH00668, SUB DISTT. DURBUK, DISTT. LEH, & AREA OF WILDLIFE LAND REQUIRED 
UNDER 4G SATURATION PROJECT, BSNL LEH",New,WL/LA/CommPost/586706/2026,2026-07-25T10:16:59.877+00:00,,,0.0185,24.82,MAHESH NAIR,,Wildlife clearance form,,,,4G Saturation Project at KM 245,LADAKH,"",NA,,,,Non - Linear,0.0,0.0185,0.0185,0.0,0.0,0.0,0.0,0.0,0,0,0,Not applicable as the project or activity is site specific,,NO,NO,NO,2026-07-25T10:31:45.923+00:00,,,,,,,,,,,Leh,,https://parivesh.nic.in/dms/okm/downloadDocument?docTypemappingId=40829&refId=1236412607&refType=caf&uuid=2ba3f13e-69d5-441d-9006-9732893340f7&version=1.0,"",https://parivesh.nic.in/newupgrade/#/report/ec?proposalId=1236413178,365.0,365.0
1236415604,"CONSTRUCTION OF PROPOSED 4G MOBILE TOWER  AT VILLAGE BETWEEN KM 23 TO KM 56, 
BTS ID - UVJKLEH00672, SUB DISTT. DURBUK, DISTT. LEH, & AREA OF WILDLIFE LAND REQUIRED 
UNDER 4G SATURATION PROJECT, BSNL LEH",New,WL/LA/CommPost/586710/2026,2026-07-25T10:43:28.834+00:00,,,0.0185,24.82,MAHESH NAIR,,Wildlife clearance form,,,,4G Saturation Project at Between KM 23 to KM 56,LADAKH,"",NA,,,,Non - Linear,0.0,0.0185,0.0185,0.0,0.0,0.0,0.0,0.0,0,0,0,Not applicable as the project or activity is site specific,,NO,NO,NO,2026-07-25T10:56:31.135+00:00,,,,,,,,,,,Leh,,https://parivesh.nic.in/dms/okm/downloadDocument?docTypemappingId=40829&refId=1236415029&refType=caf&uuid=7ea125e9-ebd7-45ed-96d7-9958c576691d&version=1.0,"",https://parivesh.nic.in/newupgrade/#/report/ec?proposalId=1236415604,365.0,365.0
1236418534,"CONSTRUCTION OF PROPOSED 4G MOBILE TOWER  AT VILLAGE BETWEEN KM 56 TO KM 80, 
BTS ID - UVJKLEH00673, SUB DISTT. DURBUK, DISTT. LEH, & AREA OF WILDLIFE LAND REQUIRED 
UNDER 4G SATURATION PROJECT, BSNL LEH",New,WL/LA/CommPost/586716/2026,2026-07-25T11:06:59.801+00:00,,,0.0185,24.82,MAHESH NAIR,,Wildlife clearance form,,,,4G Saturation Project at Between KM 56 to KM 80,LADAKH,"",NA,,,,Non - Linear,0.0,0.0185,0.0185,0.0,0.0,0.0,0.0,0.0,0,0,0,Not applicable as the project or activity is site specific,,NO,NO,NO,2026-07-25T11:20:42.360+00:00,,,,,,,,,,,Leh,,https://parivesh.nic.in/dms/okm/downloadDocument?docTypemappingId=40829&refId=1236418049&refType=caf&uuid=52f6586a-a602-48e8-a12b-dbd511a35ccb&version=1.0,"",https://parivesh.nic.in/newupgrade/#/report/ec?proposalId=1236418534,365.0,365.0
1236420334,"CONSTRUCTION OF PROPOSED 4G MOBILE TOWER  AT VILLAGE BETWEEN PHOBRANG TO MARSHIMIK LA, BTS ID - UVJKLEH00674, SUB DISTT. DURBUK, DISTT. LEH, & AREA OF WILDLIFE LAND REQUIRED UNDER 4G SATURATION PROJECT, BSNL LEH",New,WL/LA/CommPost/586721/2026,2026-07-25T11:26:54.223+00:00,,,0.0185,24.82,MAHESH NAIR,,Wildlife clearance form,,,,4G Saturation Project at Between Phobrang to Marshimik La,LADAKH,"",NA,,,,Non - Linear,0.0,0.0185,0.0185,0.0,0.0,0.0,0.0,0.0,0,0,0,Not applicable as the project or activity is site specific,,NO,NO,NO,2026-07-25T11:41:45.256+00:00,,,,,,,,,,,Leh,,https://parivesh.nic.in/dms/okm/downloadDocument?docTypemappingId=40829&refId=1236420040&refType=caf&uuid=303733a4-4b43-4799-ba78-0d1b2b10869d&version=1.0,"",https://parivesh.nic.in/newupgrade/#/report/ec?proposalId=1236420334,365.0,365.0
1236464891,"CONSTRUCTION OF PROPOSED 4G MOBILE TOWER AT VILLAGE BETWEEN MARSHIMIK LA TO BAO NALA, BTS ID - UVJKLEH00675, SUB DISTT. DURBUK, DISTT. LEH, & AREA OF WILDLIFE LAND REQUIRED UNDER 4G SATURATION PROJECT, BSNL LEH",New,WL/LA/CommPost/586785/2026,2026-07-26T16:24:17.546+00:00,,,0.0185,24.82,MAHESH NAIR,,Wildlife clearance form,,,,4G Saturation Project at Between Marshimik La to Bao Nala,LADAKH,"",NA,,,,Non - Linear,0.0,0.0185,0.0185,0.0,0.0,0.0,0.0,0.0,0,0,0,Not applicable as the project or activity is site specific,,NO,NO,NO,2026-07-26T16:56:05.572+00:00,,,,,,,,,,,Leh,,https://parivesh.nic.in/dms/okm/downloadDocument?docTypemappingId=40829&refId=1236464803&refType=caf&uuid=3919cb15-0e20-4068-ac76-d19ef736c781&version=1.0,"",https://parivesh.nic.in/newupgrade/#/report/ec?proposalId=1236464891,365.0,365.0
1236465318,"CONSTRUCTION OF PROPOSED 4G MOBILE TOWER AT VILLAGE KAILASH, BTS ID - UVJKLEH00677, SUB DISTT. NYOMA, DISTT. LEH, & AREA OF WILDLIFE LAND REQUIRED UNDER 4G SATURATION PROJECT, BSNL LEH",New,WL/LA/CommPost/586786/2026,2026-07-26T17:07:37.052+00:00,,,0.0185,24.82,MAHESH NAIR,,Wildlife clearance form,,,,4G Saturation Project at Kailash,LADAKH,Leh,NA,,,,Non - Linear,0.0,0.0185,0.0185,0.0,0.0,0.0,0.0,0.0,0,0,0,Not applicable as the project or activity is site specific,,NO,NO,NO,2026-07-26T17:23:26.828+00:00,,,,,,,,,,,Leh,,https://parivesh.nic.in/dms/okm/downloadDocument?docTypemappingId=40829&refId=1236465204&refType=caf&uuid=a7b08af5-1c24-41aa-bf09-683ee25b259f&version=1.0,"",https://parivesh.nic.in/newupgrade/#/report/ec?proposalId=1236465318,365.0,365.0
1236674205,PROPOSAL FOR DIVERSION OF 41.462 HA OF WLC LAND FOR CONSTRUCTION OF ROAD  CHUSHUL TO CHUSHUL HEIGHT FROM KM 0.000 TO KM 22.768 (NET LENGTH 22.768 KM) NEW ROAD IN NHSL SPECIFICATION UNDER  112 RCC/755 BRTF UNDER PROJECT HIMANK IN UNION TERRITORY OF LADAKH.,New,WL/LA/SRY/586994/2026,2026-07-28T09:44:37.771+00:00,,,41.462,14635.62,Ministry of Defense,,Wildlife clearance form,,,,PROPOSAL FOR DIVERSION OF 41.462 HA OF WLC LAND FOR CONSTRUCTION OF ROAD  CHUSHUL TO CHUSHUL HEIGHT FROM KM 0.000 TO KM 22.768 (NET LENGTH 22.768 KM) NEW ROAD IN NHSL SPECIFICATION UNDER  112 RCC/755 BRTF UNDER PROJECT HIMANK IN UNION TERRITORY OF LADAKH.,LADAKH,Leh,Chushul,,,,Linear,41.462,0.0,41.462,0.0,0.0,0.0,0.0,0.0,0,0,0,NO,There is no alternate site,NO,NO,NO,2026-07-28T09:51:16.603+00:00,,,,,,,,,,,Leh,,https://parivesh.nic.in/dms/okm/downloadDocument?docTypemappingId=40829&refId=1236665811&refType=caf&uuid=1724440e-4693-4b78-aaf9-923507c5cc71&version=1.0,000908,https://parivesh.nic.in/newupgrade/#/report/ec?proposalId=1236674205,298935.0,298935.0
1236777826,"CONSTRUCTION OF PROPOSED 4G MOBILE TOWER  AT VILLAGE ANLEY, 
BTS ID - UVJKLEH00683, SUB DISTT. NYOMA, DISTT. LEH, & AREA OF WILDLIFE LAND REQUIRED 
UNDER 4G SATURATION PROJECT, BSNL LEH",New,WL/LA/CommPost/587085/2026,2026-07-29T07:04:35.400+00:00,,,0.0185,24.82,MAHESH NAIR,,Wildlife clearance form,,,,4G Saturation Project at Anley,LADAKH,Leh,NA,,,,Non - Linear,0.0,0.0185,0.0185,0.0,0.0,0.0,0.0,0.0,0,0,0,Not applicable as the project or activity is site specific,,NO,NO,NO,2026-07-29T07:23:32.392+00:00,,,,,,,,,,,Leh,,https://parivesh.nic.in/dms/okm/downloadDocument?docTypemappingId=40829&refId=1236775605&refType=caf&uuid=93ae3aa7-9c27-4e3c-9ec1-22ae67e60773&version=1.0,"",https://parivesh.nic.in/newupgrade/#/report/ec?proposalId=1236777826,365.0,365.0
1236785918,"CONSTRUCTION OF PROPOSED 4G MOBILE TOWER  AT VILLAGE BETWEEN KHALSAR AND PARTAPUR, 
BTS ID - UVJKLEH00699, SUB DISTT. NOBRA, DISTT. LEH, & AREA OF WILDLIFE LAND REQUIRED 
UNDER 4G SATURATION PROJECT, BSNL LEH",New,WL/LA/CommPost/587098/2026,2026-07-29T07:35:40.036+00:00,,,0.0185,24.82,MAHESH NAIR,,Wildlife clearance form,,,,4G Saturation Project at Between Khalsar and Partapur,LADAKH,Nubra,Diskit,,,,Non - Linear,0.0,0.0185,0.0185,0.0,0.0,0.0,0.0,0.0,0,0,0,Not applicable as the project or activity is site specific,,NO,NO,NO,2026-07-29T08:08:53.613+00:00,,,,,,,,,,,Leh,,https://parivesh.nic.in/dms/okm/downloadDocument?docTypemappingId=40829&refId=1236783797&refType=caf&uuid=3235e215-fab1-4749-a44d-e072ec13dbb8&version=1.0,929,https://parivesh.nic.in/newupgrade/#/report/ec?proposalId=1236785918,365.0,365.0
1236793270,"CONSTRUCTION OF PROPOSED 4G MOBILE TOWER  AT VILLAGE MURGO ARMY 54, 
BTS ID - UVJKLEH00703, SUB DISTT. DURBUK, DISTT. LEH, & AREA OF WILDLIFE LAND REQUIRED 
UNDER 4G SATURATION PROJECT, BSNL LEH",New,WL/LA/CommPost/587111/2026,2026-07-29T08:22:24.547+00:00,,,0.0185,24.82,MAHESH NAIR,,Wildlife clearance form,,,,4G Saturation Project at Murgo Army 54,LADAKH,Nubra,NA,,,,Non - Linear,0.0,0.0185,0.0185,0.0,0.0,0.0,0.0,0.0,0,0,0,Not applicable as the project or activity is site specific,,NO,NO,NO,2026-07-29T08:40:22.814+00:00,,,,,,,,,,,Leh,,https://parivesh.nic.in/dms/okm/downloadDocument?docTypemappingId=40829&refId=1236792427&refType=caf&uuid=215260f1-78fb-4e54-afac-16a6be6ffd28&version=1.0,0,https://parivesh.nic.in/newupgrade/#/report/ec?proposalId=1236793270,365.0,365.0
1236797168,"CONSTRUCTION OF PROPOSED 4G MOBILE TOWER  AT VILLAGE MAHE BRIDGE, BTS ID - UVJKLEH00731, SUB DISTT. NYOMA, DISTT. LEH, & AREA OF WILDLIFE LAND REQUIRED 
UNDER 4G SATURATION PROJECT, BSNL LEH",New,WL/LA/CommPost/587115/2026,2026-07-29T08:49:59.271+00:00,,,0.0185,24.82,MAHESH NAIR,,Wildlife clearance form,,,,4G Saturation Project at Mahe Bridge,LADAKH,Leh,Chuchat Yakma,,,,Non - Linear,0.0,0.0185,0.0185,0.0,0.0,0.0,0.0,0.0,0,0,0,Not applicable as the project or activity is site specific,,NO,NO,NO,2026-07-29T09:04:33.047+00:00,,,,,,,,,,,Leh,,https://parivesh.nic.in/dms/okm/downloadDocument?docTypemappingId=40829&refId=1236796227&refType=caf&uuid=edfb0515-a109-49b7-8c18-8711feeb4295&version=1.0,863,https://parivesh.nic.in/newupgrade/#/report/ec?proposalId=1236797168,365.0,365.0
1236804395,"CONSTRUCTION OF PROPOSED 4G MOBILE TOWER  AT VILLAGE PUGA, 
BTS ID - UVJKLEH00732, SUB DISTT. NYOMA, DISTT. LEH, & AREA OF WILDLIFE LAND REQUIRED 
UNDER 4G SATURATION PROJECT, BSNL LEH",New,WL/LA/CommPost/587122/2026,2026-07-29T09:28:17.491+00:00,,,0.0185,24.82,MAHESH NAIR,,Wildlife clearance form,,,,4G Saturation Project at Puga,LADAKH,Leh,NA,,,,Non - Linear,0.0,0.0185,0.0185,0.0,0.0,0.0,0.0,0.0,0,0,0,Not applicable as the project or activity is site specific,,NO,NO,NO,2026-07-29T09:47:28.059+00:00,,,,,,,,,,,Leh,,https://parivesh.nic.in/dms/okm/downloadDocument?docTypemappingId=40829&refId=1236802945&refType=caf&uuid=323381df-2a43-4b2e-980c-a7e0067b9772&version=1.0,"",https://parivesh.nic.in/newupgrade/#/report/ec?proposalId=1236804395,365.0,365.0
1236810105,"CONSTRUCTION OF PROPOSED 4G MOBILE TOWER  AT VILLAGE SUMDO
BTS ID - UVJKLEH00734, SUB DISTT. NYOMA, DISTT. LEH, & AREA OF WILDLIFE LAND REQUIRED 
UNDER 4G SATURATION PROJECT, BSNL LEH",New,WL/LA/CommPost/587126/2026,2026-07-29T09:53:25.757+00:00,,,0.0185,24.82,MAHESH NAIR,,Wildlife clearance form,,,,4G Saturation Project at Sumdo,LADAKH,Leh,NA,,,,Non - Linear,0.0,0.0185,0.0185,0.0,0.0,0.0,0.0,0.0,0,0,0,Not applicable as the project or activity is site specific,,NO,NO,NO,2026-07-29T10:53:15.329+00:00,,,,,,,,,,,Leh,,https://parivesh.nic.in/dms/okm/downloadDocument?docTypemappingId=40829&refId=1236809253&refType=caf&uuid=c9867e76-2211-49b0-98b0-c691ebdc3d9c&version=1.0,0,https://parivesh.nic.in/newupgrade/#/report/ec?proposalId=1236810105,365.0,365.0
1237272729,"The existing Leh–Chalunka Road from Km 180.00 to Km 192.600 is presently built to CL-9 specifications, which are inadequate for the movement of heavy military vehicles and increasing traffic. This strategic road connects the Indus Valley, Shyok Valley, and forward areas towards Turtuk and serves as a vital route for operational, administrative, and civilian movement.

The proposed project under 54 RCC / HQ 16 BRTF / Project Vijayak aims to upgrade this stretch to NHDL specifications, improving pavement strength, carriageway width, and overall road safety. The upgradation will ensure faster and safer movement of defence forces, enhance logistical support to forward areas, and provide improved connectivity for the local population.",New,WL/LA/DEF/587613/2026,2026-08-03T04:24:31.416+00:00,,,5.346,6918.9784,Border Roads Organisation,,Wildlife clearance form,,,,UPGRADATION OF ROAD LEH-CHALUNKA FROM CL-9 TO NHDL SPECIFICATIONS FROM KM 180.00 TO KM 192.600 UNDER  54RCC/ HQ 16 BRTF /PROJECT VIJAYAK.,LADAKH,Nubra,Bogdang,,,,Linear,5.346,0.0,5.346,0.0,0.0,0.0,0.0,0.0,0,0,0,Not applicable as the project or activity is site specific,,NO,NO,NO,2026-08-08T06:15:19.609+00:00,,,,,,,,,,,Leh,,https://parivesh.nic.in/dms/okm/downloadDocument?docTypemappingId=40829&refId=1234951581&refType=caf&uuid=1a0c52f0-1c01-4156-b13f-8bdaa8d12e50&version=1.0,000915,https://parivesh.nic.in/newupgrade/#/report/ec?proposalId=1237272729,14620.0,14620.0
1238882218,"Design and Construction of Uni-Directional Twin Tunnels including approach roads at Khardung-La pass of Alignment Length 5.51km (Approximate length) including Civil and Electrical/Mechanical work along with approaches connecting Khardung La to NHDL specification in U.T of Ladakh to provide an all-weather, two-lane motorable connection across Khardung La Pass to ensure uninterrupted year-round military, strategic, tourist, and civilian mobility between Leh and Nubra Valley.",New,WL/LA/DEF/589636/2026,2026-08-20T07:41:15.245+00:00,,,57.4956,1413.04,Border Roads Organisation,,Wildlife clearance form,,,,Design and Construction of Uni-Directional Twin Tunnels including approach roads at Khardung-La pass of Alignment Length 5.51km (Approximate length) including Civil and Electrical/Mechanical work along with approaches connecting Khardung La to NHDL specification in U.T of Ladakh.,LADAKH,Leh,NA,,,"Ganglas village-11325, 11326,11327",Linear,15.45,42.0456,57.4956,0.0,0.0,0.0,0.0,0.0,0,0,0,YES,,NO,NO,NO,2026-09-16T12:36:56.849+00:00,,,,,,,,,,,Leh,"Ganglas village-11325, 11326,11327",https://parivesh.nic.in/dms/okm/downloadDocument?docTypemappingId=40829&refId=1238867496&refType=caf&uuid=896a1233-3131-4f20-afaf-4171192e999b&version=1.0;https://parivesh.nic.in/dms/okm/downloadDocument?docTypemappingId=40828&refId=1238867496&refType=caf&uuid=fe771437-ee1a-489a-b748-9a1fbe7bfad6&version=1.0,"",https://parivesh.nic.in/newupgrade/#/report/ec?proposalId=1238882218,273750.0,27375.0
1239769519,Construction of Link Road Fm Chusul ' Lukung to Thakung in the UT of Ladakh.,New,WL/LA/ROAD/590725/2026,2026-08-31T10:38:55.256+00:00,,,14.02,2951.56135,Central Public Works Department,,Wildlife clearance form,,,,Construction of 26 strategic roads under ICBR-lll Project along lndo-China Border.,LADAKH,Leh,NA,,,,Linear,0.0,14.02,14.02,0.0,0.0,0.0,0.0,0.0,0,0,0,Not applicable as the project or activity is site specific,,NO,NO,NO,2026-09-03T07:39:35.683+00:00,,,,,,,,,,,Leh,,https://parivesh.nic.in/dms/okm/downloadDocument?docTypemappingId=40829&refId=1238921283&refType=caf&uuid=51cbb6b2-93ed-49f7-8f4f-481b13ebbd61&version=1.0,"",https://parivesh.nic.in/newupgrade/#/report/ec?proposalId=1239769519,8760.0,21900.0
1239827542,CONSTRUCTION/IMPROVEMENT OF ROAD LOMA-HANLE FROM CL-9 TO NH DOUBLE LANE SPECIFICATION (10.00 MTR FORMATION WIDTH) BETWEEN KM 0.00 TO 49.81  (DESIGN LENGTH 48.00 KMS) UNDER 93 RCC/755 BRTF/PROJECT HIMANK IN UNION TERRITORY OF LADAKH,New,WL/LA/SRY/590773/2026,2026-09-01T05:27:52.161+00:00,,,114.914,53300.0,Ministry of Defense,,Wildlife clearance form,,,,CONSTRUCTION/IMPROVEMENT OF ROAD LOMA-HANLE FROM CL-9 TO NH DOUBLE LANE SPECIFICATION (10.00 MTR FORMATION WIDTH) BETWEEN KM 0.00 TO 49.81  (DESIGN LENGTH 48.00 KMS) UNDER 93 RCC/755 BRTF/PROJECT HIMANK IN UNION TERRITORY OF LADAKH,LADAKH,Leh,Koyul,,,,Linear,114.914,0.0,114.914,0.0,0.0,0.0,0.0,0.0,0,0,0,NO,There is no alternate site,NO,NO,NO,2026-09-01T12:18:02.215+00:00,,,,,,,,,,,Leh,,https://parivesh.nic.in/dms/okm/downloadDocument?docTypemappingId=40829&refId=1239754780&refType=caf&uuid=95e654c5-6d8b-4ca2-b9c9-d1cdeafb2196&version=1.0,000904,https://parivesh.nic.in/newupgrade/#/report/ec?proposalId=1239827542,675615.0,675615.0
1240631852,"Name of Road: D.S -DBO Road-Track Jn. in the UT of Ladakh
Length: 13.7 Km",New,WL/LA/ROAD/591763/2026,2026-09-10T07:43:13.013+00:00,,,32.88,1296364506.0,Central Public Works Department,,Wildlife clearance form,,,,"Construction of 26 strategic roads under ICBR-lll Project along lndo-China Border to BRO (10 roads), CPWD (05 roads) and NHIDCL (10 roads).",LADAKH,"",NA,,,,Linear,0.0,32.88,32.88,0.0,0.0,0.0,0.0,0.0,0,0,0,Not applicable as the project or activity is site specific,,NO,NO,NO,2026-09-10T09:29:29.765+00:00,,,,,,,,,,,Leh,,https://parivesh.nic.in/dms/okm/downloadDocument?docTypemappingId=40829&refId=1235635188&refType=caf&uuid=b4c0132e-2c7c-4cc0-8015-7a13f10b76cf&version=1.0,"",https://parivesh.nic.in/newupgrade/#/report/ec?proposalId=1240631852,3657.0,9132.0
1241053359,"Construction of Road From ""Phobrang Chartse Pt 4433 to Patrol Base Finger - III in the UT Of Ladakh.",New,WL/LA/ROAD/592284/2026,2026-09-16T06:16:21.781+00:00,,,2.718,1130.56048,Central Public Works Department,,Wildlife clearance form,,,,Construction of 26 Strategic roads under ICBR-III Project along Indo-China Border.,LADAKH,Leh,NA,,,,Linear,0.0,2.718,2.718,0.0,0.0,0.0,0.0,0.0,0,0,0,Not applicable as the project or activity is site specific,,NO,NO,NO,2026-09-16T06:42:28.555+00:00,,,,,,,,,,,Leh,,https://parivesh.nic.in/dms/okm/downloadDocument?docTypemappingId=40829&refId=1240464759&refType=caf&uuid=f20fb6bd-81e0-4a4e-816c-3e7821555436&version=1.0,"",https://parivesh.nic.in/newupgrade/#/report/ec?proposalId=1241053359,3657.0,21900.0
