ID,Project Description,Proposal Type,Proposal Number,Application Date,Grant Date,Last Visible Status,Project Land Requirement (Hectares),Total Cost (Lakhs),Organization Name,EC Consultant,Description,Category,Project Category (Code),Project Category,Project Name,State,Sub District,Village,MoEFCC File,State File,Plot Nos,Shape of Project,Existing Non-Forest Land,Existing Forest Land,Existing Total Land,Additional Non-Forest Land,Additional Forest Land,Additional Total Land,Existing Cost,Expansion Cost,Villages Affected,Project Displaced Families,Project Affected Families,Alternative Site Examined,Alternative Site Description,Government Restriction,Litigation Pending,Violation Involved,Last Submission Date,Project Exemption Reason,Cost Benefit Report PDF,Compensatory Afforestation Type,Is Applicable Compensatory Afforestation,Mining Date of Issue,Mining Date of Validity,Mining Lease Period,Mining Date of Expiry,Mining Lease Area,Mining Production Capacity,Mining Other Info,Mining Status of Approval,Mining Estimated Reserve Names,Mining Estimated Reserve FL,Mining Estimated Reserve NFL,Mining Proved Reserves,Mining Indicated Reserves,Mining Inferred Reserves,Mining Mineable Reserves,Mining Approved Life of Mine,Mining Approving Authority Name,Mining Life of Mine Other Info,Mining Type of Mining,Mining Method of Mining,Mining Type of Mining Other Info,Mining Blasting Other Info,Mining External Dumping Remarks,Mining Internal Dumping Remarks,Mining Topsoil Dumping Remarks,Mining Total Quarry Area,Mining Quarry Other Info,Mining Transportation Mode From Pithead,Mining Transportation Mode From Loading,Mining Transportation Mode Other Info,Mining Plantation Area,Mining Water Body,Mining Public Use,Mining Other Use,Organization Street,Organization City,Organization State,Organization Legal Status,Applicant Designation,Applicant City,Applicant State,Forest Clearance Present Owners,District,Plot Number,KML URLs,Village Code,proposal_url,Employment (Construction),Employment (Operational)
1149763,Limestone Mining Project,New,SIA/ML/MIN/403199/2022,2022-10-14T16:24:48.769+00:00,2023-03-22T13:01:19.010+00:00,EC Granted,4.8,24.5,HEILEEN DIENGDOH,,Environment clearance form,TOR,B2,Mining of minerals,Phudkroh Limestone Mine,MEGHALAYA,Ranikor,Mawlongbah,ML/SEIAA/MIN/SWKH/P-315/2022,ML/SEIAA/MIN/SWKH/P-315/2022,N/A,Non - Linear,4.8,0.0,4.8,0.0,0.0,0.0,0.0,0.0,0,0,0,Not applicable as the project or activity is site specific,,NO,NO,NO,2022-10-16T14:17:28.408+00:00,,,,,,,,,,,,,,,,,,,,,,,,,,,,,,,,,,,,,,,,,,,,,,,South West Khasi Hills,N/A,,,https://parivesh.nic.in/newupgrade/#/report/ec?proposalId=1149763,0.0,18000.0
1308976,"The Urban Affairs Department, Government of Meghalaya intends to develop an 
Integrated Solid Waste Management Facilities including a sanitary landfill site in 
District West Jaintia Hills, Meghalaya. The implementation of this project will improve the scientific treatment and disposal of the solid waste generated from Jowai and villages of the District in compliance with the Solid Waste Management Rules, 2016.",New,SIA/ML/INFRA2/404627/2022,2022-10-29T09:13:11.555+00:00,,TOR GRANTED,24.28,5.868,Housing & Urban Development Corporation Limited,Enviro Infra Solutions Pvt. Ltd.,Environment clearance form,TOR,B1,Common Municipal Solid Waste Management Facility (CMSWMF),"Proposed Integrated  Solid  Waste  Management   Facilities  including  a  new  sanitary  landfill site for   Jowai at Village Rakabah, District West Jaintia Hills,   Meghalaya.",MEGHALAYA,Thadlaskein,Kdiap,ML/SEIAA/INFRA/WJH/P-361/2023,ML/SEIAA/INFRA/WJH/P-361/2023,,Hybrid,24.28,0.0,24.28,0.0,0.0,0.0,0.0,0.0,0,0,0,NO,NA,NO,NO,NO,2023-09-18T12:17:48.560+00:00,,,,,,,,,,,,,,,,,,,,,,,,,,,,,,,,,,,,,,,,,,,,,,,West Jaintia Hills,,https://parivesh.nic.in/dms/okm/downloadDocument?docTypemappingId=40829&refId=1307000&refType=caf&uuid=7c27704d-842a-4013-8fb4-e28b8025f15d&version=1.0,279101,https://parivesh.nic.in/newupgrade/#/report/ec?proposalId=1308976,23040.0,8640.0
1450118,"Construction of 54.00m Bridge Over River Khynriem between Saibual & Moulasei ,East Jaintia Hils District,Khliehriat.",New,FP/ML/ROAD/405814/2022,2022-11-08T10:24:37.483+00:00,,DELISTED_BY_SYSTEM,0.04,477.34,Rural Development,,Forest clearance form,,,,Construction of 54.00m Bridge Over River Khynriem between Saibual & Moulasei .,MEGHALAYA,Saipung,Artan,,,,Linear,0.02,0.02,0.04,0.0,0.0,0.0,0.0,0.0,0,0,0,Not applicable as the project or activity is site specific,,NO,NO,NO,2022-11-21T18:30:00.000+00:00,,,Only Compensatory Trees,true,,,,,,,,,,,,,,,,,,,,,,,,,,,,,,,,,,,"Office of the Deputy Commissioner, East Jaintia Hills District ,Khliehriat.",Village,17,State Government (Department/Autonomous body),"Project Director,DRDA,EJHD,Khliehriat.",Village,17,,East Jaintia Hills,,https://parivesh.nic.in/dms/okm/downloadDocument?docTypemappingId=40829&refId=1207387&refType=caf&uuid=f5cfc345-4bc0-4bb4-bdff-5717b6f90c0c&version=1.1;https://parivesh.nic.in/dms/okm/downloadDocument?docTypemappingId=58989&refId=1207387&refType=caf&uuid=3855da93-27d0-4b36-8bef-282ebf6b4ea9&version=1.6,,https://parivesh.nic.in/newupgrade/#/report/ec?proposalId=1450118,0.0,0.0
1469755,Boulderstone Mine,New,SIA/ML/MIN/405958/2022,2022-11-10T07:05:17.595+00:00,2023-03-22T12:59:29.157+00:00,EC Granted,4.69,22.0,JAN KYNDIAH,,Environment clearance form,TOR,B2,Mining of minerals,Mawlyngad Boulderstone Mine,MEGHALAYA,Mawryngkneng,Mawlyngngad,ML/SEIAA/MIN/EKH/P-317/2022,ML/SEIAA/MIN/EKH/P-317/2022,Khap Kyndongbasa,Non - Linear,4.69,0.0,4.69,0.0,0.0,0.0,0.0,0.0,0,0,0,Not applicable as the project or activity is site specific,,NO,NO,NO,2022-11-11T07:55:21.084+00:00,,,,,,,,,,,,,,,,,,,,,,,,,,,,,,,,,,,,,,,,,,,,,,,East Khasi Hills,Khap Kyndongbasa,https://parivesh.nic.in/dms/okm/downloadDocument?docTypemappingId=40829&refId=1468655&refType=caf&uuid=e3195608-8dbc-4273-9b4b-ace5384f6db3&version=1.0,278376,https://parivesh.nic.in/newupgrade/#/report/ec?proposalId=1469755,0.0,10950.0
1519991,The project is a Minor Mineral Quarry Permit for extraction of Sand & Gravel,New,SIA/ML/MIN/406341/2022,2022-11-13T17:00:39.442+00:00,2023-12-05T15:39:51.803+00:00,EC Granted,1.6,0.16,WILME MARAK,,Environment clearance form,TOR,B2,Mining of minerals,Kusimkolgre Sand & Gravel Permit,MEGHALAYA,Samanda,Adugre (Nengsrang Adugre),ML/SEIAA/MIN/EGH/P-319/2022,ML/SEIAA/MIN/EGH/P-319/2022,Kusimkolgre,Non - Linear,1.6,0.0,1.6,0.0,0.0,0.0,0.0,0.0,0,0,0,Not applicable as the project or activity is site specific,,NO,NO,NO,2022-11-14T18:19:46.072+00:00,,,,,,,,,,,,,,,,,,,,,,,,,,,,,,,,,,,,,,,,,,,,,,,East Garo Hills,Kusimkolgre,https://parivesh.nic.in/dms/okm/downloadDocument?docTypemappingId=40829&refId=1519802&refType=caf&uuid=2aaadd38-1f68-4fe4-b181-f66248a5419c&version=1.0,275508,https://parivesh.nic.in/newupgrade/#/report/ec?proposalId=1519991,0.0,3650.0
1559565,The Myntdu Leshka HEP Stage-II located in West and East Jaintia Hills District of Meghalaya State is planned as a Run-of-the-river for hydropower development of the river Myntdu. The project envisages utilization of the available head between El. 270 m (FRL) and El. 13 m (TWL). The river water is proposed to be diverted by building a 46 m high concrete gravity dam on Myntdu River wherein the diverted water is planned to be passed through a 6.175 km long headrace tunnel of 6.0 m dia. terminating in a surge shaft. A surface powerhouse housing 3 Francis Turbines of 70 MW each with an operating rated head of 239.17 m is proposed on the right bank of the river. Tailwater from the powerhouse will be discharged back into the Myntdu river. The project would annually generate about 593.04 MU energy in a 90% dependable year.,New,FP/ML/HYD/IRRIG/406655/2022,2022-11-16T07:25:01.115+00:00,,Pending at UA due to EDS by MS after PSC-II,85.229,3.59515,MEGHALAYA POWER GENERATION CORPORATION LIMITED,,Forest clearance form,,,,Myntdu Leshka Hydro Electric Project Stage-II (3X70)MW,MEGHALAYA,Amlarem,Amlako,,,,Non - Linear,73.88,11.349,85.229,0.0,0.0,0.0,0.0,0.0,5,0,122,YES,,NO,NO,NO,2024-10-24T18:30:00.000+00:00,,https://parivesh.nic.in/dms/okm/downloadDocument?docTypemappingId=59020&refId=1559564&refType=fc&uuid=293998da-c473-4a87-9198-3b72e8210998&version=1.0,Non-forest Land,true,,,,,,,,,,,,,,,,,,,,,,,,,,,,,,,,,,,"Meghalaya Power Generation Corporation Limited
Lumjingshai Short Round Road
Shillong - 793001
Meghalaya, India",Shillong,17,"State PSU (eg. State Forest Corp., TANGEDCO, Mineral development Corp)","Chief Engineer (Civil), Hp&HC",Shillong,17,"Shri Sailen Nongrum,Shri Sailen Nongrum",West Jaintia Hills,,https://parivesh.nic.in/dms/okm/downloadDocument?docTypemappingId=40828&refId=1471905&refType=caf&uuid=5dbd6625-7a3d-4e3b-af68-4b2eae1f4644&version=1.0;https://parivesh.nic.in/dms/okm/downloadDocument?docTypemappingId=40828&refId=1471905&refType=caf&uuid=aeb9e683-aff8-462b-8312-3f519ee114a4&version=1.0;https://parivesh.nic.in/dms/okm/downloadDocument?docTypemappingId=40828&refId=1471905&refType=caf&uuid=2d679793-0d9a-403a-9bd9-345c02cf1518&version=1.0;https://parivesh.nic.in/dms/okm/downloadDocument?docTypemappingId=40828&refId=1471905&refType=caf&uuid=12ce0e23-0fad-4fd4-8e37-f79a1f483dc0&version=1.0;https://parivesh.nic.in/dms/okm/downloadDocument?docTypemappingId=40829&refId=1471905&refType=caf&uuid=e9738f92-2b99-492f-bf51-849917ecd5c1&version=1.0;https://parivesh.nic.in/dms/okm/downloadDocument?docTypemappingId=59061&refId=1471905&refType=FC&uuid=1a93ea3f-54af-4d04-b0d7-3b9518f4789e&version=1.0;https://parivesh.nic.in/dms/okm/downloadDocument?docTypemappingId=58989&refId=1471905&refType=FC&uuid=375c7bef-c36d-45a0-b3fc-ef0a01055f86&version=1.8,,https://parivesh.nic.in/newupgrade/#/report/ec?proposalId=1559565,1915500.0,2555000.0
1611137,"The Government of Meghalaya has issued a Letter of Intent (on dated 22/03/2022 vide letter No. KH/8/ML/Limestone/68/6113) for granting of mining lease under Rule 10 of Meghalaya Minor Mineral Concession Rule, 2016 for mining of limestone over an area of 1.80 ha located at Marih, Elaka Mustoh, East Khasi Hills District, Meghalaya in favour of Shri. Alestar Syiemlieh.
The average proposed rate of production is 53616 TPA of Limestone (low grade). Targeted Peak production in 5 years plan period is 53638 TPA. The applied area comprises of Private Land. The estimated project cost is Rs. 24.4 Lakhs. The expected life of mine is 10 years.",New,SIA/ML/MIN/407070/2022,2022-11-18T12:04:27.089+00:00,,TOR GRANTED,1.8,24.4,ALESTAR SYIEMLIEH,"Chaitanya Projects Consultancy Private Limited, Noida",Environment clearance form,TOR,B1,Mining of minerals,MARIH LIMESTONE MINE,MEGHALAYA,0,Mustoh,ML/SEIAA/MIN/EKH/P-325/2023,ML/SEIAA/MIN/EKH/P-325/2023,Na,Non - Linear,1.8,0.0,1.8,0.0,0.0,0.0,0.0,0.0,0,0,0,Not applicable as the project or activity is site specific,,NO,NO,NO,2022-11-19T13:44:33.427+00:00,,,,,,,,,,,,,,,,,,,,,,,,,,,,,,,,,,,,,,,,,,,,,,,East Khasi Hills,Na,https://parivesh.nic.in/dms/okm/downloadDocument?docTypemappingId=40829&refId=1608701&refType=caf&uuid=d5b05668-3070-41c3-a767-7a6536c2c2e0&version=1.2,278834,https://parivesh.nic.in/newupgrade/#/report/ec?proposalId=1611137,0.0,10500.0
1630436,The Minor Mineral Mining Lease of Ordinary Clay will be a captive Mining Lease for supply of Ordinary Clay to the company's cement plant.,New,SIA/ML/MIN/407232/2022,2022-11-20T07:11:49.598+00:00,2023-08-30T11:43:09.997+00:00,EC Granted,3.52,16.5,GREEN VALLIEY INDUSTRIES LIMITED,,Environment clearance form,TOR,B2,Mining of minerals,GVIL Ordinary Clay Mine,MEGHALAYA,Khliehriat,Nongsning,ML/SEIAA/MIN/EJH/P-321/2022,ML/SEIAA/MIN/EJH/P-321/2022,,Non - Linear,3.52,0.0,3.52,0.0,0.0,0.0,0.0,0.0,0,0,0,Not applicable as the project or activity is site specific,,NO,NO,NO,2022-11-27T05:59:49.301+00:00,,,,,,,,,,,,,,,,,,,,,,,,,,,,,,,,,,,,,,,,,,,,,,,East Jaintia Hills,,https://parivesh.nic.in/dms/okm/downloadDocument?docTypemappingId=40829&refId=1621712&refType=caf&uuid=d2bdb666-d732-4422-a33a-f2bb5b1bb0ef&version=1.0,279447,https://parivesh.nic.in/newupgrade/#/report/ec?proposalId=1630436,0.0,6570.0
1633021,The project is a Minor Mineral Mining Lease for Limestone.,New,SIA/ML/MIN/407261/2022,2022-11-20T13:18:38.898+00:00,2023-06-26T12:16:44.533+00:00,EC Granted,1.8,21.5,RICHANMITRE CHALLAM,,Environment clearance form,TOR,B2,Mining of minerals,Mynkoi Limestone Mine,MEGHALAYA,Khliehriat,Wahiajer,ML/SEIAA/MIN/EJH/P-320/2022,ML/SEIAA/MIN/EJH/P-320/2022,Mynkoi,Non - Linear,1.8,0.0,1.8,0.0,0.0,0.0,0.0,0.0,0,0,0,Not applicable as the project or activity is site specific,,NO,NO,NO,2022-11-21T18:40:07.090+00:00,,,,,,,,,,,,,,,,,,,,,,,,,,,,,,,,,,,,,,,,,,,,,,,East Jaintia Hills,Mynkoi,https://parivesh.nic.in/dms/okm/downloadDocument?docTypemappingId=40829&refId=1632098&refType=caf&uuid=5e39b650-96b8-4b92-9a86-24d3f4c008b3&version=1.0,279463,https://parivesh.nic.in/newupgrade/#/report/ec?proposalId=1633021,0.0,9855.0
1854928,"Boulder Stone Mine at Manggapara is for mining of Boulder Stone mineral by semi-mechanized opencast method with drilling and blasting. The applicant and owner of the Boulder Stone Mine at Manggapara is Shri Koberth Ch. Marak who is also the authorized signatory. The Government of Meghalaya has issued the Letter of Intent for mining lease of Boulder Stone (minor mineral) mining in favour of Shri Koberth Ch. Marak vide memo no. B/16/VII/3084-87, dated - 16th August, 2019. Shri Marak has applied for the Environment Clearance after obtaining the necessary approval of the Mining Plan and Progressive Mine Closure Plan from the Mining Engineer, Directorate of Mineral Resources, Meghalaya, vide letter no. DMR/MM/201/2018/2128, dated - 15th March, 2019.",New,SIA/ML/MIN/409198/2022,2022-12-03T11:13:20.730+00:00,2023-06-26T12:14:20.790+00:00,EC Granted,0.937,29.4,KOBERTH MARAK,"Chaitanya Projects Consultancy Private Limited, Noida",Environment clearance form,TOR,B2,Mining of minerals,Manggapara Stone Quarry,MEGHALAYA,Selsella,Manggapara,ML/SEIAA/MIN/WGH/P-323/2022,ML/SEIAA/MIN/WGH/P-323/2022,NA,Non - Linear,0.937,0.0,0.937,0.0,0.0,0.0,0.0,0.0,0,0,0,Not applicable as the project or activity is site specific,,NO,NO,NO,2023-11-16T07:45:34.215+00:00,,,,,,,,,,,,,,,,,,,,,,,,,,,,,,,,,,,,,,,,,,,,,,,West Garo Hills,NA,https://parivesh.nic.in/dms/okm/downloadDocument?docTypemappingId=40829&refId=1848162&refType=caf&uuid=db62b9be-fe1e-42a2-acf3-a577cef43bee&version=1.0;https://parivesh.nic.in/dms/okm/downloadDocument?docTypemappingId=40829&refId=1848274&refType=caf&uuid=6591e8ed-4a4a-436c-a883-487e93ea65e1&version=1.1,273059,https://parivesh.nic.in/newupgrade/#/report/ec?proposalId=1854928,0.0,7500.0
1861056,The project is a proposed Minor Mineral Boulderstone Mining Lease,New,SIA/ML/MIN/409264/2022,2022-12-04T11:51:34.857+00:00,,TOR GRANTED,1.37,18.5,RINALDI RYNGKSAI,Gaurang Environmental Solutions Pvt. Ltd.,Environment clearance form,TOR,B1,Mining of minerals,Boulderstone Mine,MEGHALAYA,Umling,Umduba,ML/SEIAA/MIN/RB/P-326/2023,ML/SEIAA/MIN/RB/P-326/2023,"",Non - Linear,1.37,0.0,1.37,0.0,0.0,0.0,0.0,0.0,0,0,0,Not applicable as the project or activity is site specific,,NO,NO,NO,2023-11-23T06:02:00.687+00:00,,,,,,,,,,,,,,,,,,,,,,,,,,,,,,,,,,,,,,,,,,,,,,,Ribhoi,"",https://parivesh.nic.in/dms/okm/downloadDocument?docTypemappingId=40829&refId=1860864&refType=caf&uuid=0f0c348e-f15c-4a0b-94cc-a63d16316a09&version=1.0,277474,https://parivesh.nic.in/newupgrade/#/report/ec?proposalId=1861056,0.0,13505.0
1976713,"Boulder Stone Mine at Dura Viza is for mining of Boulder Stone mineral by semi-mechanized opencast method with drilling and blasting. The applicant and owner of the Boulder Stone Mine at Dura Viza is Shri Jonjeng Marak who is also the authorized signatory. The Government of Meghalaya has issued the Letter of Intent (LoI) for mining lease of Boulder Stone (minor mineral) mining in favour of Shri Jonjeng Marak vide memo no. B/16/VII/2634, dated - 19th July, 2019. Shri Jonjeng Marak has applied for the Environment Clearance after obtaining the necessary approval of the Mining Plan and Progressive Mine Closure Plan from the Divisional Mining Officer, East Garo Hills, Williamnagar, Meghalaya, vide letter no. DMO-W/MP/26/2019/80, dated - 14th August, 2019.",New,SIA/ML/MIN/410270/2022,2022-12-12T10:05:35.295+00:00,2023-07-21T13:38:05.430+00:00,EC Granted,1.0,12.0,JONJENG MARAK,"Chaitanya Projects Consultancy Private Limited, Noida",Environment clearance form,TOR,B2,Mining of minerals,Boulder Stone Mine at Dura Viza,MEGHALAYA,Selsella,Ramdenggagre,ML/SEIAA/MIN/WGH/P-327/2023,ML/SEIAA/MIN/WGH/P-327/2023,,Non - Linear,1.0,0.0,1.0,0.0,0.0,0.0,0.0,0.0,0,0,0,Not applicable as the project or activity is site specific,,NO,NO,NO,2023-11-16T08:41:33.413+00:00,,,,,,,,,,,,,,,,,,,,,,,,,,,,,,,,,,,,,,,,,,,,,,,West Garo Hills,,https://parivesh.nic.in/dms/okm/downloadDocument?docTypemappingId=40829&refId=1920169&refType=caf&uuid=f347768a-4b38-438c-8e63-00d4665c5bae&version=1.1,273030,https://parivesh.nic.in/newupgrade/#/report/ec?proposalId=1976713,0.0,9600.0
2039355,"Department of Telecommunication, Government of India has recently partnered with Airtel to install telecommunication towers in the rural area of Meghalaya under its project USOF (Universal Service Obligation Fund)",New,FP/ML/OTHERS/410853/2022,2022-12-15T11:48:18.825+00:00,,REMOVED,0.0225,50.0,BHARTI AIRTEL ASSAM,,Forest clearance form,,,,Diversion of 0.0225 Hectare of Forest land for construction of Mobile tower under Universal Service Obligation Fund for Provision of Mobile Services at Dona Umbluh Village,MEGHALAYA,Khliehriat,Dona Umbluh,,,,Non - Linear,0.0,0.0225,0.0225,0.0,0.0,0.0,0.0,0.0,0,0,0,YES,,NO,NO,NO,2023-01-31T18:30:00.000+00:00,,,,false,,,,,,,,,,,,,,,,,,,,,,,,,,,,,,,,,,,"Bharti House, 6th mile",Guwahati,18,Private Limited,Manager,Guwahati,18,,East Jaintia Hills,,https://parivesh.nic.in/dms/okm/downloadDocument?docTypemappingId=40828&refId=1678799&refType=caf&uuid=8df594c5-8a3a-444e-82c2-ca2e170ad394&version=1.0;https://parivesh.nic.in/dms/okm/downloadDocument?docTypemappingId=40828&refId=1678799&refType=caf&uuid=a154f898-534a-482a-8d73-cda8f2e2c435&version=1.0;https://parivesh.nic.in/dms/okm/downloadDocument?docTypemappingId=40829&refId=1678799&refType=caf&uuid=81cf3532-0bc1-46f8-aadb-7c91f7b97cab&version=1.3;https://parivesh.nic.in/dms/okm/downloadDocument?docTypemappingId=58989&refId=1678799&refType=FC&uuid=e6cbfe23-ef71-48e7-892b-ce9ea40ae5d3&version=1.5,,https://parivesh.nic.in/newupgrade/#/report/ec?proposalId=2039355,30.0,0.0
2064787,“Diversion of 2.548 Ha of Balpakram National Park Land for up-gradation to 2- lane of state Highway(SH-04) stretch from Maheshkhola to Kanai (from Existing km 59.270 to 85.970) (Design Length within BNP=1.520km) under SARDP-NE Phase “A” in the State of Meghalaya.”,New,FP/ML/OTHERS/411073/2022,2022-12-17T06:05:59.954+00:00,,Final Diversion Order Issued,59.438,26021.0,NATIONAL HIGHWAYS & INFRASTRUCTURE DEVELOPMENT CORPORATION LTD.,,Forest clearance form,,,,“Diversion of 2.548 Ha of Balpakram National Park Land for up-gradation to 2- lane of state Highway(SH-04) stretch from Maheshkhola to Kanai (from Existing km 59.270 to 85.970) (Design Length within BNP=1.520km) under SARDP-NE Phase “A” in the State of Meghalaya.”,MEGHALAYA,Rongara,New Rongara,,,,Linear,56.89,2.548,59.438,0.0,0.0,0.0,0.0,0.0,0,0,0,Not applicable as the project or activity is site specific,,NO,NO,NO,2023-03-12T18:30:00.000+00:00,,https://parivesh.nic.in/dms/okm/downloadDocument?docTypemappingId=59020&refId=2064786&refType=fc&uuid=0a116658-6159-48d9-8ba5-9a5be5c24260&version=1.0,Degraded Forest Land,true,,,,,,,,,,,,,,,,,,,,,,,,,,,,,,,,,,,"3RD FLOOR HOUSE NO 206 NEAR SPRING FIELD SCHOOL
PROFESSOR COLONY
KHARMALKI SHILLONG",,17,"Central PSU (eg. NHAI, AAI, NTP, CIL, SAIL)",GENERAL MANAGER (P),,17,,South Garo Hills,,https://parivesh.nic.in/dms/okm/downloadDocument?docTypemappingId=40829&refId=2057437&refType=caf&uuid=a4f4ea4b-2c73-46c3-af2b-6c1b9f6b45d4&version=1.0;https://parivesh.nic.in/dms/okm/downloadDocument?docTypemappingId=58989&refId=2057437&refType=FC&uuid=a1ec715b-80eb-46be-9ddc-55d5adc0f8ec&version=1.1,276262,https://parivesh.nic.in/newupgrade/#/report/ec?proposalId=2064787,273800.0,282875.0
2067236,“Diversion of 2.548 Ha of Balpakram National Park Land for up-gradation to 2- lane of state Highway(SH-04) stretch from Maheshkhola to Kanai (from Existing km 59.270 to 85.970) (Design Length within BNP=1.520km) under SARDP-NE Phase “A” in the State of Meghalaya.”,New,WL/ML/Others/411092/2022,2022-12-17T07:31:56.555+00:00,,,59.438,26021.0,NATIONAL HIGHWAYS & INFRASTRUCTURE DEVELOPMENT CORPORATION LTD.,,Wildlife clearance form,,,,“Diversion of 2.548 Ha of Balpakram National Park Land for up-gradation to 2- lane of state Highway(SH-04) stretch from Maheshkhola to Kanai (from Existing km 59.270 to 85.970) (Design Length within BNP=1.520km) under SARDP-NE Phase “A” in the State of Meghalaya.”,MEGHALAYA,Rongara,New Rongara,,,,Linear,56.89,2.548,59.438,0.0,0.0,0.0,0.0,0.0,0,0,0,Not applicable as the project or activity is site specific,,NO,NO,NO,2023-05-31T11:10:51.126+00:00,,,,,,,,,,,,,,,,,,,,,,,,,,,,,,,,,,,,,,,,,,,,,,,South Garo Hills,,https://parivesh.nic.in/dms/okm/downloadDocument?docTypemappingId=40829&refId=2057437&refType=caf&uuid=a4f4ea4b-2c73-46c3-af2b-6c1b9f6b45d4&version=1.0;https://parivesh.nic.in/dms/okm/downloadDocument?docTypemappingId=59109&refId=2067235&refType=caf&uuid=716b59bf-96d7-4013-830c-53270a855321&version=1.1,276262,https://parivesh.nic.in/newupgrade/#/report/ec?proposalId=2067236,273800.0,282875.0
2100758,Diversion of 18.7294 Ha. of Reserved Forest Land & Deemed Forest Land for Improvement and Widening of National Highway No. 217 (Dainadubi - Darugiri Section) to two lane with paved shoulder from design Km 0+000 to Km 40+840 (= 40.840 Km) (existing Km 8+600 to Km 53+000 of Old NH-62) under Bharatmala Pariyojana (Lot-1) Pkg-1B on EPC mode in the state of Meghalaya.,Expansion,FP/ML/ROAD/411354/2022,2022-12-19T13:44:15.346+00:00,,Pending at UA due to EDS by MS after PSC-I,164.53,61558.0,NATIONAL HIGHWAYS & INFRASTRUCTURE DEVELOPMENT CORPORATION LTD.,,Forest clearance form,,,,Improvement and Widening of National Highway No. 217 (Dainadubi - Darugiri Section) to two lane with paved shoulder from design Km 0+000 to Km 40+840 (= 40.840 Km) (existing Km 8+600 to Km 53+000 of Old NH-62) under Bharatmala Pariyojana (Lot-1) Pkg-1B on EPC mode in the state of Meghalaya.,MEGHALAYA,Kharkutta,Chima Apal,,,1,Linear,154.0186,10.5114,164.53,7.7706,18.7294,26.5,0.0,61558.0,0,0,0,NO,Upgradation of existing road with geometric improvement,NO,NO,NO,2023-04-04T18:30:00.000+00:00,,https://parivesh.nic.in/dms/okm/downloadDocument?docTypemappingId=59020&refId=2100757&refType=fc&uuid=bb2439bc-3cb4-489f-9988-3149abd9d406&version=1.0,Degraded Forest Land,true,,,,,,,,,,,,,,,,,,,,,,,,,,,,,,,,,,,"3RD FLOOR HOUSE NO 206 NEAR SPRING FIELD SCHOOL
PROFESSOR COLONY
KHARMALKI SHILLONG",,17,"Central PSU (eg. NHAI, AAI, NTP, CIL, SAIL)",GENERAL MANAGER (P),,17,,North Garo Hills,1,https://parivesh.nic.in/dms/okm/downloadDocument?docTypemappingId=40829&refId=1957641&refType=caf&uuid=d45db57c-e41f-447c-b583-dc7ac5d27e92&version=1.2,274944,https://parivesh.nic.in/newupgrade/#/report/ec?proposalId=2100758,100500.0,60400.0
2157156,"Jeepable CC Pavement Road between Matchu Sko, Rongre Bisik and Ta'kingittim",New,FP/ML/ROAD/411757/2022,2022-12-22T11:43:03.746+00:00,,DELISTED_BY_SYSTEM,0.32,47.33,MARKON MARAK,,Forest clearance form,,,,"Jeepable CC Pavement Road between Matchu Sko, Rongre Bisik and Ta'kingittim",MEGHALAYA,Rongram,Agilanggre,,,Chitoktakgre,Linear,0.0,0.32,0.32,0.0,0.0,0.0,0.0,0.0,0,0,0,Not applicable as the project or activity is site specific,,NO,NO,NO,2022-12-22T12:04:44.397+00:00,,,Degraded Forest Land,true,,,,,,,,,,,,,,,,,,,,,,,,,,,,,,,,,,,"Ta.kingittim, West Garo Hills,Tura",,17,Individual,Individual,,17,,West Garo Hills,Chitoktakgre,https://parivesh.nic.in/dms/okm/downloadDocument?docTypemappingId=40829&refId=1078892&refType=caf&uuid=46f14a69-2c48-43a5-b160-cf98738e015b&version=1.0;https://parivesh.nic.in/dms/okm/downloadDocument?docTypemappingId=58989&refId=1078892&refType=FC&uuid=7c9390b9-bc33-414d-8951-2efd8f84a914&version=1.2,273612,https://parivesh.nic.in/newupgrade/#/report/ec?proposalId=2157156,5000.0,5000.0
2616044,Water Supply to New Chidekgre village has been approved under JJM in November 2021. The scheme needs Forest Clearance urgently for implementation of the project as it is located within the premises of the Rongrenggre Forest Reserve under East Garo Hills District of Meghalaya.,New,FP/ML/WATER/415130/2023,2023-01-19T11:00:59.504+00:00,,DELISTED_BY_SYSTEM,0.036,112.4,TENGCHRANG MOMIN,,Forest clearance form,,,,Forest clearance for New Chidekgre WSS (JJM),MEGHALAYA,Samanda,Chisobibra,,,0.036,Non - Linear,0.0,0.036,0.036,0.0,0.0,0.0,0.0,0.0,0,0,0,Not applicable as the project or activity is site specific,,NO,NO,NO,2023-01-23T06:16:29.228+00:00,,,Degraded Forest Land,true,,,,,,,,,,,,,,,,,,,,,,,,,,,,,,,,,,,"Office of the SDO, PHE
Simsanggre Sub Division, Williamnagar",Williamnagar,17,Individual,SDO PHE Simsanggre Sub Divisio,Williamnagar,17,,East Garo Hills,0.036,https://parivesh.nic.in/dms/okm/downloadDocument?docTypemappingId=40829&refId=2008611&refType=caf&uuid=f13176b9-563b-4c61-8088-c4188d9578b0&version=1.0;https://parivesh.nic.in/dms/okm/downloadDocument?docTypemappingId=40829&refId=2008739&refType=caf&uuid=3350d7f5-25e2-4407-81d1-aa84fab92bb6&version=1.1,275442,https://parivesh.nic.in/newupgrade/#/report/ec?proposalId=2616044,150.0,11.0
2712678,Diversion of 25.3831 Ha of Reserved Forest Land and Deemed Forest Land for the Improvement and Widening of National Highway No. 127B (Darugiri - Songsak - Williamnagar Junction Section) to two lane with paved shoulder from design Km 0+000 to Km 36+638 (= 36.638 Km) (existing Km 112+000 to Km 151+060) under Bharatmala Pariyojana (Lot-1) Pkg-1B on EPC mode in the state of Meghalaya.,Expansion,FP/ML/ROAD/415835/2023,2023-01-25T07:36:32.934+00:00,,Pending at UA due to EDS by MS after PSC-I,71.8,80107.0,NATIONAL HIGHWAYS & INFRASTRUCTURE DEVELOPMENT CORPORATION LTD.,,Forest clearance form,,,,Improvement and Widening of National Highway No. 127B (Darugiri - Songsak - Williamnagar Junction Section) to two lane with paved shoulder from design Km 0+000 to Km 36+638 (= 36.638 Km) (existing Km 112+000 to Km 151+060) under Bharatmala Pariyojana (Lot-1) Pkg-1B on EPC mode in the state of Meghalaya.,MEGHALAYA,Songsak,Norek Megapgre,,,,Linear,52.6348,19.1652,71.8,48.5188,25.3831,73.9019,0.0,80107.0,0,0,0,NO,Upgradation of Existing Road with Geometric Improvements,NO,NO,NO,2023-04-04T18:30:00.000+00:00,,https://parivesh.nic.in/dms/okm/downloadDocument?docTypemappingId=59020&refId=2712676&refType=fc&uuid=1b72828c-877c-4b09-8a9f-2d604f3a774a&version=1.0,Degraded Forest Land,true,,,,,,,,,,,,,,,,,,,,,,,,,,,,,,,,,,,"3RD FLOOR HOUSE NO 206 NEAR SPRING FIELD SCHOOL
PROFESSOR COLONY
KHARMALKI SHILLONG",Shillong,17,"Central PSU (eg. NHAI, AAI, NTP, CIL, SAIL)",GENERAL MANAGER (P),Shillong,17,,East Garo Hills,,https://parivesh.nic.in/dms/okm/downloadDocument?docTypemappingId=40829&refId=2704370&refType=caf&uuid=e5de8902-5905-4ff5-9faa-a91ea894ce22&version=1.0,275335,https://parivesh.nic.in/newupgrade/#/report/ec?proposalId=2712678,100500.0,60400.0
2810656,"The proposed project is for mining of boulder stone at Dura Bija Bisik Stone Mine, located at village – Dura Bija Bisik, P.O.- Dhanua, P.S. – Garobadha, Dist. – West Garo Hills, State – Meghalaya, over an area of 2.00 Hectares (4.94 Acres.).",New,SIA/ML/MIN/416574/2023,2023-01-31T14:56:18.029+00:00,2023-08-30T11:49:04.743+00:00,EC Granted,2.0,83.44,DURA BIJA BISIK STONE MINE,,Environment clearance form,EC,B1,,Dura Bija Bisik Stone Mine,MEGHALAYA,Selsella,Ramdenggagre,ML/SEIAA/MIN/WGH/P-333/2023,ML/SEIAA/MIN/WGH/P-333/2023,,Non - Linear,2.0,0.0,2.0,0.0,0.0,0.0,0.0,0.0,0,0,0,NO,NA,NO,NO,NO,2023-01-31T15:49:31.046+00:00,,,,,,,,,,,,,,,,,,,,,,,,,,,,,,,,,,,,,,,,,,,,,,,West Garo Hills,,https://parivesh.nic.in/dms/okm/downloadDocument?docTypemappingId=40829&refId=2803034&refType=caf&uuid=58f97eef-5776-47f4-aa94-6b66d4636476&version=1.1,273030,https://parivesh.nic.in/newupgrade/#/report/ec?proposalId=2810656,0.0,6900.0
112361604,"The proposed project is for mining of boulder stone at Dura Bija Bisik Stone Mine, located at village – Dura Bija Bisik, P.O.- Dhanua, P.S. – Garobadha, Dist. – West Garo Hills, State – Meghalaya, over an area of 2.00 Hectares (4.94 Acres.).",Amendment,SIA/ML/MIN/507962/2024,2023-01-31T14:56:18.029+00:00,2025-02-07T07:09:25.289+00:00,EC Granted,2.0,83.44,DURA BIJA BISIK STONE MINE,,Application for Amendment in EC- Form-4,OTHER,B1,,Dura Bija Bisik Stone Mine,MEGHALAYA,Selsella,Nawalgre,ML/SEIAA/MIN/WGH/P-333/2023,ML/SEAC/SEIAA/PP/WGH/91/2024,,Non - Linear,2.0,0.0,2.0,0.0,0.0,0.0,0.0,0.0,0,0,0,NO,NA,NO,NO,NO,2024-12-04T08:27:49.833+00:00,,,,,,,,,,,,,,,,,,,,,,,,,,,,,,,,,,,,,,,,,,,,,,,West Garo Hills,,https://parivesh.nic.in/dms/okm/downloadDocument?docTypemappingId=40829&refId=2803034&refType=caf&uuid=58f97eef-5776-47f4-aa94-6b66d4636476&version=1.1,273050,https://parivesh.nic.in/newupgrade/#/report/ec?proposalId=112361604,0.0,6900.0
2820624,Construction of Permanent Fire Station.,New,FP/ML/OTHERS/416629/2023,2023-02-01T07:02:37.511+00:00,,Pending at UA due to EDS by DFO,0.1372,800.0,SUPERINTENDENT OF POLICE (FIRE & EMERGENCY SERVICE),,Forest clearance form,,,,"Diversion of Forest land for construction of Fire Station at Upper Shillong Protected Forest, Upper Shillong.",MEGHALAYA,Mylliem,5th Mile,,,5th Mile Upper Shillong,Non - Linear,0.0,0.1372,0.1372,0.0,0.0,0.0,0.0,0.0,0,0,0,Not applicable as the project or activity is site specific,,NO,NO,NO,2023-04-02T18:30:00.000+00:00,,,Degraded Forest Land,true,,,,,,,,,,,,,,,,,,,,,,,,,,,,,,,,,,,Nongthymmai Shillong 793014 opposite Laitumkhrah Mosque.,Shillong,17,State Government (Department/Autonomous body),Station Officer (Reserve Officer),Shillong,17,,East Khasi Hills,5th Mile Upper Shillong,https://parivesh.nic.in/dms/okm/downloadDocument?docTypemappingId=40829&refId=2818480&refType=caf&uuid=37ab1914-1a3c-47c6-b979-b0105018fc7e&version=1.1;https://parivesh.nic.in/dms/okm/downloadDocument?docTypemappingId=58989&refId=2818480&refType=FC&uuid=a9a44af9-8e24-49ec-b357-cce6cd79a30e&version=1.1,278299,https://parivesh.nic.in/newupgrade/#/report/ec?proposalId=2820624,10965.0,6220.0
2823545,It is a minor mineral Boulderstone Mining Project,New,SIA/ML/MIN/416645/2023,2023-02-01T08:16:42.251+00:00,2023-07-21T13:43:20.483+00:00,EC Granted,4.9,24.5,GEORGE S MARAK,,Environment clearance form,TOR,B2,Mining of minerals,Jongmegre Boulderstone Mine,MEGHALAYA,Samanda,Jongmegre,ML/SEIAA/MIN/EGH/P-332/2023,ML/SEIAA/MIN/EGH/P-332/2023,,Non - Linear,4.9,0.0,4.9,0.0,0.0,0.0,0.0,0.0,0,0,0,Not applicable as the project or activity is site specific,,NO,NO,NO,2023-02-05T12:54:13.530+00:00,,,,,,,,,,,,,,,,,,,,,,,,,,,,,,,,,,,,,,,,,,,,,,,East Garo Hills,,https://parivesh.nic.in/dms/okm/downloadDocument?docTypemappingId=40829&refId=2822955&refType=caf&uuid=eea8facb-fe5d-4f04-8526-d5cbcb62b8ee&version=1.0,275440,https://parivesh.nic.in/newupgrade/#/report/ec?proposalId=2823545,9.0,32850.0
2887512,It is a minor mineral Brick Earth Mining Project,New,SIA/ML/MIN/417061/2024,2023-02-04T09:45:31.919+00:00,,DELISTED_BY_SYSTEM,0.54,5.75,ANUP PAUL,,Environment clearance form,TOR,B2,Mining of minerals,Brick Earth Mine,MEGHALAYA,Selsella,Kharigaon,,ML/SEAC/SEIAA/WGH/10/2024,,Non - Linear,0.54,0.0,0.54,0.0,0.0,0.0,0.0,0.0,0,0,0,NO,"",NO,NO,NO,2024-02-25T14:49:15.503+00:00,,,,,,,,,,,,,,,,,,,,,,,,,,,,,,,,,,,,,,,,,,,,,,,West Garo Hills,,https://parivesh.nic.in/dms/okm/downloadDocument?docTypemappingId=40829&refId=2885704&refType=caf&uuid=d65e37b0-17c5-4513-9f98-a8754b3e052c&version=1.0,272901,https://parivesh.nic.in/newupgrade/#/report/ec?proposalId=2887512,0.0,4380.0
3013813,"Gorband, Borobilla, West Garo Hills, Meghalaya.",New,SIA/ML/MIN/417883/2024,2023-02-11T10:22:54.466+00:00,,DELISTED_BY_SYSTEM,0.64,5.75,TAIAB AHMED,,Environment clearance form,TOR,B2,Mining of minerals,Brick Earth Mine,MEGHALAYA,Selsella,Hallidayganj,,,,Non - Linear,0.64,0.0,0.64,0.0,0.0,0.0,0.0,0.0,0,0,0,NO,"",NO,NO,NO,2024-02-26T06:23:27.153+00:00,,,,,,,,,,,,,,,,,,,,,,,,,,,,,,,,,,,,,,,,,,,,,,,West Garo Hills,,https://parivesh.nic.in/dms/okm/downloadDocument?docTypemappingId=40829&refId=3012659&refType=caf&uuid=21825439-56a0-485b-ac87-fbe651f9f222&version=1.1,272935,https://parivesh.nic.in/newupgrade/#/report/ec?proposalId=3013813,0.0,4380.0
3231516,The Shillong Ropeway project  is going to be the first cable car project in the state. It  will have its Upper Terminal point at Shillong Viewpoint and its Lower Terminal point at the Forest Nursery Riat Laban. The project is mainly for promoting the tourism sector in the State of Meghalaya.,New,FP/ML/OTHERS/419426/2023,2023-02-22T10:28:24.406+00:00,,Final Diversion Order Issued,2.3257,16000.0,"DIRECTORATE OF TOURISM, GOVERNMENT OF MEGHALAYA",,Forest clearance form,,,,Shillong Peak Ropeway Project,MEGHALAYA,Mylliem,Lawsohtun (CT),,,,Hybrid,0.0,2.3257,2.3257,0.0,0.0,0.0,0.0,0.0,0,0,0,Not applicable as the project or activity is site specific,,NO,NO,NO,2023-10-04T18:30:00.000+00:00,,,Non-forest Land,true,,,,,,,,,,,,,,,,,,,,,,,,,,,,,,,,,,,"3rd Secretariat Nokrek Building, Lower Lachumiere, Shillong",Shillong,17,State Government (Department/Autonomous body),Executive Engineer,Shillong,17,State Forest Department,East Khasi Hills,,https://parivesh.nic.in/dms/okm/downloadDocument?docTypemappingId=40829&refId=3230035&refType=caf&uuid=4df02e43-f630-4a93-a2f9-6ae52f8a0f93&version=1.0;https://parivesh.nic.in/dms/okm/downloadDocument?docTypemappingId=59061&refId=3230035&refType=FC&uuid=30fdeac3-0d6e-4b49-9bcd-b12bcfc4b554&version=1.3;https://parivesh.nic.in/dms/okm/downloadDocument?docTypemappingId=58989&refId=3230035&refType=FC&uuid=9b455ede-ae05-4f70-b5a0-5312a71c3f67&version=1.0,278362,https://parivesh.nic.in/newupgrade/#/report/ec?proposalId=3231516,58450.0,18615.0
3600712,It is a minor mineral Boulder Stone Mining Project,New,SIA/ML/MIN/420945/2023,2023-03-04T09:36:27.819+00:00,2023-12-01T12:38:08.430+00:00,EC Granted,1.45,4.55,PLEASUREFUL AHNAM,,Environment clearance form,TOR,B2,Mining of minerals,Mookasnor Boulder Stone Mine,MEGHALAYA,Thadlaskein,Wahiajer,ML/SEIAA/MIN/WJH/P-357/2023,ML/SEIAA/MIN/WJH/P-357/2023,,Non - Linear,1.45,0.0,1.45,0.0,0.0,0.0,0.0,0.0,0,0,0,Not applicable as the project or activity is site specific,,NO,NO,NO,2023-08-01T12:50:44.866+00:00,,,,,,,,,,,,,,,,,,,,,,,,,,,,,,,,,,,,,,,,,,,,,,,West Jaintia Hills,,https://parivesh.nic.in/dms/okm/downloadDocument?docTypemappingId=40829&refId=3598392&refType=caf&uuid=d675416d-e274-4d40-9ff3-0ab993d42c77&version=1.0,279155,https://parivesh.nic.in/newupgrade/#/report/ec?proposalId=3600712,18.0,6570.0
3833725,"Bijang Dare, Rongsak, East Garo Hills, Meghalaya.",New,SIA/ML/MIN/421574/2023,2023-03-10T06:08:34.651+00:00,2023-08-30T11:51:33.460+00:00,EC Granted,1.98,24.5,SHIRLEY SANGMA,,Environment clearance form,TOR,B2,Mining of minerals,Bijang Dare Boulderstone Mine,MEGHALAYA,Samanda,Rongsak Bazar,ML/SEIAA/MIN/EGH/P-337/2023,ML/SEIAA/MIN/EGH/P-337/2023,,Non - Linear,1.98,0.0,1.98,0.0,0.0,0.0,0.0,0.0,0,0,0,NO,"",NO,NO,NO,2023-04-04T09:59:53.999+00:00,,,,,,,,,,,,,,,,,,,,,,,,,,,,,,,,,,,,,,,,,,,,,,,East Garo Hills,,https://parivesh.nic.in/dms/okm/downloadDocument?docTypemappingId=40829&refId=3814588&refType=caf&uuid=e5c6b56a-7eef-47d3-8a52-58021fb22f98&version=1.0,275398,https://parivesh.nic.in/newupgrade/#/report/ec?proposalId=3833725,0.0,12775.0
4068467,water supply scheme under Jal Jeevan Mission,New,FP/ML/WATER/422748/2023,2023-03-20T07:45:45.372+00:00,,REMOVED,0.1,61.697,SYNSHARLIN SNAITANG,,Forest clearance form,,,,MEATHA WATER SUPPLY SCHEME,MEGHALAYA,Rongara,Meata,,,MEATHA WSS,Linear,0.0,0.1,0.1,0.0,0.0,0.0,0.0,0.0,0,0,0,Not applicable as the project or activity is site specific,,NO,NO,NO,2023-03-22T12:02:53.609+00:00,,,,false,,,,,,,,,,,,,,,,,,,,,,,,,,,,,,,,,,,phe baghmara,Baghmara,17,State Government (Department/Autonomous body),Executive Engineer,Baghmara,17,,South Garo Hills,MEATHA WSS,https://parivesh.nic.in/dms/okm/downloadDocument?docTypemappingId=40829&refId=962668&refType=caf&uuid=5fc19112-795a-4186-9a03-2688b50c06ea&version=1.0;https://parivesh.nic.in/dms/okm/downloadDocument?docTypemappingId=58989&refId=962668&refType=FC&uuid=e3aa37ed-f34c-4f84-8056-c6c05fe63bf4&version=1.2,276249,https://parivesh.nic.in/newupgrade/#/report/ec?proposalId=4068467,47.0,47.0
4273513,The project envisages 319218.1 cubic meters (861888.9 MT) of stone production from Mudhapara Stone Mine during the planned period. Maximum production per year from the Mine will be 68321.2 cum/ 184467.3 Tons per year (max).,New,SIA/ML/MIN/423953/2023,2023-03-29T09:33:54.020+00:00,2023-10-04T13:32:27.747+00:00,EC Granted,1.92,11.36535,MILLENG MARAK,Sathi Planners Private Limited,Environment clearance form,TOR,B2,Mining of minerals,MUDHAPARA STONE MINE,MEGHALAYA,Selsella,Abagre,ML/SEIAA/MIN/WGH/P-341/2023,ML/SEIAA/MIN/WGH/P-341/2023,,Non - Linear,1.92,0.0,1.92,0.0,0.0,0.0,0.0,0.0,0,0,0,NO,Stone mine project is site specific.,NO,NO,NO,2023-05-09T13:20:18.474+00:00,,,,,,,,,,,,,,,,,,,,,,,,,,,,,,,,,,,,,,,,,,,,,,,West Garo Hills,,https://parivesh.nic.in/dms/okm/downloadDocument?docTypemappingId=40829&refId=4272737&refType=caf&uuid=6a25ee1a-fd26-44e0-a868-e56b82352831&version=1.0,273035,https://parivesh.nic.in/newupgrade/#/report/ec?proposalId=4273513,57000.0,57000.0
4296527,Drilling of bore well and construction of Pump house,New,FP/ML/OTHERS/424075/2023,2023-03-30T08:20:56.249+00:00,,Final Diversion Order Issued,0.0007,5.0,Thangkhiew Borewell,,Forest clearance form,,,,Diversion of forest land for drilling of Borewell and construction of Pump house at 3rd mile Upper Shillong.,MEGHALAYA,Mylliem,3 1/2 Mile,,,,Non - Linear,0.0,0.0007,0.0007,0.0,0.0,0.0,0.0,0.0,0,0,0,Not applicable as the project or activity is site specific,,NO,NO,NO,2023-03-29T18:30:00.000+00:00,,,Degraded Forest Land,true,,,,,,,,,,,,,,,,,,,,,,,,,,,,,,,,,,,"Nongkseh, Block 6",Shillong,17,Others,Headman,Shillong,17,,East Khasi Hills,,https://parivesh.nic.in/dms/okm/downloadDocument?docTypemappingId=40829&refId=4296445&refType=caf&uuid=2ac815a7-d649-4d03-a45d-67f66c49481d&version=1.0;https://parivesh.nic.in/dms/okm/downloadDocument?docTypemappingId=58989&refId=4296445&refType=FC&uuid=6ebbe7e3-49fc-404c-93c8-0b444922ef9a&version=1.0,278296,https://parivesh.nic.in/newupgrade/#/report/ec?proposalId=4296527,31.0,31.0
4312947,The project envisages 236480.3 cubic meters (638496.7 MT) of stone production from Manggapara Stone Mine during the planned period. Maximum production per year from the Mine will be 49944.8 CUM / 134851 Tons per year (max).,New,SIA/ML/MIN/424191/2023,2023-03-31T04:12:47.368+00:00,2023-08-30T11:44:38.563+00:00,EC Granted,1.96,113.6535,SALSENG MARAK,Sathi Planners Private Limited,Environment clearance form,TOR,B2,Mining of minerals,MANGGAPARA STONE MINE,MEGHALAYA,Betasing,Golagre,ML/SEIAA/MIN/WGH/P-343/2023,ML/SEIAA/MIN/WGH/P-343/2023,,Non - Linear,1.96,0.0,1.96,0.0,0.0,0.0,0.0,0.0,0,0,0,Not applicable as the project or activity is site specific,,NO,NO,NO,2023-06-02T10:10:09.493+00:00,,,,,,,,,,,,,,,,,,,,,,,,,,,,,,,,,,,,,,,,,,,,,,,South West Garo Hills,,https://parivesh.nic.in/dms/okm/downloadDocument?docTypemappingId=40829&refId=4312785&refType=caf&uuid=e0cb0903-ca5c-483e-8ad6-c69ce2936e5c&version=1.0,272931,https://parivesh.nic.in/newupgrade/#/report/ec?proposalId=4312947,9000.0,9000.0
4349542,The project envisages 1165600.2 cubic meters (3147120.6 Tons) of stone production from Wakrugre Stone Mine during the planned period. Maximum production per year from the Mine will be 240837.6 cum/ 650261.5 Tons per year (max).,New,SIA/ML/MIN/424419/2023,2023-04-01T07:44:32.462+00:00,2024-07-11T12:58:59.027+00:00,TOR Granted,7.13,197.45,JENGNA MARAK,P and M Solutions,Environment clearance form,TOR,B1,Mining of minerals,WAKRUGRE STONE MINE,MEGHALAYA,Selsella,Ujenggre,ML/SEIAA/MIN/WGH/P-365/2023,ML/SEIAA/MIN/WGH/P-365/2023,III(13),Non - Linear,7.13,0.0,7.13,0.0,0.0,0.0,0.0,0.0,0,0,0,Not applicable as the project or activity is site specific,,NO,NO,NO,2023-10-01T14:11:43.067+00:00,,,,,,,,,,,,,,,,,,,,,,,,,,,,,,,,,,,,,,,,,,,,,,,West Garo Hills,III(13),https://parivesh.nic.in/dms/okm/downloadDocument?docTypemappingId=40829&refId=4348531&refType=caf&uuid=d0589a32-3ec4-42ce-87cd-0292d9a09ba1&version=1.1,273045,https://parivesh.nic.in/newupgrade/#/report/ec?proposalId=4349542,0.0,21000.0
4648437,"proposed Lumshnong Limestone Mine situated at Lumshnng, Elaka Narpuh, District – East Jaintia Hills, Meghalaya. over an area 1.07 ha.",New,SIA/ML/MIN/426264/2023,2023-04-15T09:54:37.326+00:00,2023-08-04T17:22:47.850+00:00,EC Granted,1.07,19.0,TESON DKHAR,,Environment clearance form,EC,B1,,Lumshnong Limestone Mine,MEGHALAYA,Khliehriat,Lum Shnong,ML/SEIAA/MIN/EJH/P-338/2023,ML/SEIAA/MIN/EJH/P-338/2023,,Non - Linear,0.0,1.07,1.07,0.0,0.0,0.0,0.0,0.0,0,0,0,Not applicable as the project or activity is site specific,,NO,NO,NO,2023-04-17T09:53:10.445+00:00,,,,,,,,,,,,,,,,,,,,,,,,,,,,,,,,,,,,,,,,,,,,,,,East Jaintia Hills,,https://parivesh.nic.in/dms/okm/downloadDocument?docTypemappingId=40829&refId=4507612&refType=caf&uuid=f3f288ce-f564-49ac-8585-f4d6279afbdb&version=1.1,279465,https://parivesh.nic.in/newupgrade/#/report/ec?proposalId=4648437,0.0,8400.0
4707909,It is a Brick Earth Minor Mineral Mining Project,New,SIA/ML/MIN/426580/2023,2023-04-18T11:19:55.093+00:00,2023-12-11T16:18:14.067+00:00,EC Granted,0.8,5.75,ABSTAINBIRTH SHIRA,,Environment clearance form,TOR,B2,Mining of minerals,Brick Earth Mine,MEGHALAYA,Samanda,Rongregre,ML/SEIAA/MIN/EGH/P-348/2023,ML/SEIAA/MIN/EGH/P-348/2023,,Non - Linear,0.8,0.0,0.8,0.0,0.0,0.0,0.0,0.0,0,0,0,Not applicable as the project or activity is site specific,,NO,NO,NO,2023-08-20T12:23:46.346+00:00,,,,,,,,,,,,,,,,,,,,,,,,,,,,,,,,,,,,,,,,,,,,,,,East Garo Hills,,https://parivesh.nic.in/dms/okm/downloadDocument?docTypemappingId=40829&refId=4696456&refType=caf&uuid=0704b5cd-d3b3-4d4f-a549-a1f51112b485&version=1.0,275503,https://parivesh.nic.in/newupgrade/#/report/ec?proposalId=4707909,4380.0,4380.0
4756205,"proposed Chetah, Lashi Limestone Mine situated at Chetah, Lashi, Lumshnong, District- East Jaintia Hills, (Meghalaya) over an area 2.97 ha.",New,SIA/ML/MIN/426805/2023,2023-04-20T11:51:05.070+00:00,2023-08-04T17:21:01.070+00:00,EC Granted,2.97,20.0,LAMSHWA KYNDOH,,Environment clearance form,EC,B1,,CHETAH LASHI LIMESTONE MINE,MEGHALAYA,Khliehriat,Lum Shnong,ML/SEIAA/MIN/EJH/P-340/2023,ML/SEIAA/MIN/EJH/P-340/2023,,Non - Linear,2.97,0.0,2.97,0.0,0.0,0.0,0.0,0.0,0,0,0,NO,Not applicable as the project or activity is site specific,NO,NO,NO,2023-04-21T07:17:49.173+00:00,,,,,,,,,,,,,,,,,,,,,,,,,,,,,,,,,,,,,,,,,,,,,,,East Jaintia Hills,,https://parivesh.nic.in/dms/okm/downloadDocument?docTypemappingId=40829&refId=4683871&refType=caf&uuid=93b0e63c-2e6f-4f6e-9109-82db6e468770&version=1.4,279465,https://parivesh.nic.in/newupgrade/#/report/ec?proposalId=4756205,0.0,11400.0
5316534,It is a minor mineral Brick Earth Mining Project,New,SIA/ML/MIN/429167/2024,2023-05-13T07:31:04.153+00:00,,DELISTED_BY_SYSTEM,0.82,5.75,SHAHANAZ PARVIN,,Environment clearance form,TOR,B2,Mining of minerals,Brick Earth Mine,MEGHALAYA,Selsella,Haripur,,ML/SEAC/SEIAA/PP/WGH/11/2024,,Non - Linear,0.82,0.0,0.82,0.0,0.0,0.0,0.0,0.0,0,0,0,Not applicable as the project or activity is site specific,,NO,NO,NO,2024-02-26T03:52:33.554+00:00,,,,,,,,,,,,,,,,,,,,,,,,,,,,,,,,,,,,,,,,,,,,,,,West Garo Hills,,https://parivesh.nic.in/dms/okm/downloadDocument?docTypemappingId=40829&refId=5315205&refType=caf&uuid=b1e8c108-2f83-4fe3-9ff5-6b948e20d751&version=1.0,272849,https://parivesh.nic.in/newupgrade/#/report/ec?proposalId=5316534,0.0,4416.0
5319893,It is a minor mineral Brick Earth Mining Project,New,SIA/ML/MIN/429188/2024,2023-05-13T09:15:22.558+00:00,,DELISTED_BY_SYSTEM,0.83,5.75,MD ALI,,Environment clearance form,TOR,B2,Mining of minerals,Brick Earth Mine,MEGHALAYA,Selsella,Garodubi,,ML/SEAC/SEIAA/PP/WGH/9/2024,,Non - Linear,0.83,0.0,0.83,0.0,0.0,0.0,0.0,0.0,0,0,0,Not applicable as the project or activity is site specific,,NO,NO,NO,2024-02-26T04:24:51.614+00:00,,,,,,,,,,,,,,,,,,,,,,,,,,,,,,,,,,,,,,,,,,,,,,,West Garo Hills,,https://parivesh.nic.in/dms/okm/downloadDocument?docTypemappingId=40829&refId=5319424&refType=caf&uuid=d09e63a8-c175-4aba-8043-238645362d4a&version=1.0,272846,https://parivesh.nic.in/newupgrade/#/report/ec?proposalId=5319893,0.0,4380.0
5438907,"The Government of Meghalaya has issued a Letter of Intent (on dated 27/June/2022 vide
letter No. JH/Y.P/ML/L.S/2022-23/4.20h/B/493-94) for granting of mining lease under Rule 10 of Meghalaya Minor Mineral Concession Rule, 2016 for mining of limestone over an area of 4.20 ha located at Lumshnong Village, East Jaintia Hills District, Meghalaya in respect of Jaintia Mining Enterprises (Smt. Yookani Passah).
The average proposed rate of production is 3,08,434 TPA of Limestone (low grade). Targeted Peak production in 5 years plan period is 4,27,064 TPA. The applied area comprises of Private Land. The estimated project cost is Rs. 24.5 Lakhs. The expected life of mine is 14 years.",New,SIA/ML/MIN/429731/2023,2023-05-18T11:17:50.447+00:00,2023-09-28T13:32:07.237+00:00,TOR Granted,4.2,24.5,YOOKANI PASSAH,Novomine India Private Limited,Environment clearance form,TOR,B1,Mining of minerals,Jaintia Stone Mine,MEGHALAYA,Khliehriat,Lum Shnong,ML/SEIAA/MIN/EJH/P-336/2023,ML/SEIAA/MIN/EJH/P-336/2023,NA,Non - Linear,4.2,0.0,4.2,0.0,0.0,0.0,0.0,0.0,0,0,0,Not applicable as the project or activity is site specific,,NO,NO,NO,2023-05-19T10:53:18.665+00:00,,,,,,,,,,,,,,,,,,,,,,,,,,,,,,,,,,,,,,,,,,,,,,,East Jaintia Hills,NA,https://parivesh.nic.in/dms/okm/downloadDocument?docTypemappingId=40829&refId=5438012&refType=caf&uuid=daaae3e9-ffcf-44a1-9c98-2eadbd1b2e29&version=1.0,279465,https://parivesh.nic.in/newupgrade/#/report/ec?proposalId=5438907,0.0,21000.0
5646726,"The NERPSIP scheme is a Govt. of India and World Bank funded project on a 50:50 basis. It is a project to address the poor power scenario in the region by capacity enhancement of interstate power transmission and infrastructure facilities by construction of new sub-stations, transmission lines and augmentation of old sub-stations. The project once completed will be handed over to the concern state utilities.
At present the people living in the areas like Tikrikilla, Raksamgre, Photamati, etc. where the project is being implemented are deprived of modern living facilities and conditions and cannot even start a small or medium level industries due to frequent power cut and very low voltage profile in the areas. After the completion of this new 33 KV line from Phulbari to Tikrikilla, the areas under 44-Raksamgre ST Constituencies and 45-Tikrikilla ST Constituencies will have better and more reliable power supply thereby solving the long plaguing issues of the region.",New,FP/ML/TRANS/430941/2023,2023-05-26T09:03:29.656+00:00,,DELISTED_BY_SYSTEM,11.268,484.0,MEGHALAYA POWER DISTRIBUTION CORPORATION LIMITED,,Forest clearance form,,,,Construction of New 33 kV Phulbari-Tikrikilla Line under North Eastern Region Power System Improvement Project (NERPSIP),MEGHALAYA,Tikrikilla,Bagularbitha A+B II,,,,Linear,8.864,2.404,11.268,0.0,0.0,0.0,0.0,0.0,0,0,0,Not applicable as the project or activity is site specific,,NO,NO,NO,2023-05-26T09:34:31.565+00:00,,,,false,,,,,,,,,,,,,,,,,,,,,,,,,,,,,,,,,,,"Office of the Executive Engineer, R.E. Construction DiVision. MePDCL Tura. West Garo Hills, Meghalaya",Tura,17,"State PSU (eg. State Forest Corp., TANGEDCO, Mineral development Corp)",Executive Engineer,Tura,17,,West Garo Hills,,https://parivesh.nic.in/dms/okm/downloadDocument?docTypemappingId=40829&refId=5426312&refType=caf&uuid=d5e85172-e8a9-42d1-830e-b0e28e3e9ee0&version=1.1;https://parivesh.nic.in/dms/okm/downloadDocument?docTypemappingId=58989&refId=5426312&refType=FC&uuid=dc0467d7-7ac7-4a63-9516-5e0162b28db4&version=1.0,273238,https://parivesh.nic.in/newupgrade/#/report/ec?proposalId=5646726,294.0,14600.0
5996295,"The NERPSIP scheme is a Govt. of India and World Bank funded project on a 50:50 basis. It is a project to address the poor power scenario in the region by capacity enhancement of interstate power transmission and infrastructure facilities by construction of new sub-stations, transmission lines and augmentation of old sub-stations. The project once completed will be handed over to the concern state utilities. At present the people living in the areas like Tikrikilla, Raksamgre, Photamati, etc. where the project is being implemented are deprived of modern living facilities and conditions and cannot even start a small or medium level industries due to frequent power cut and very low voltage profile in the areas. After the completion of this new 33 KV line from Phulbari to Tikrikilla, the areas under 44-Raksamgre ST Constituencies and 45-Tikrikilla ST Constituencies will have better and more reliable power supply thereby solving the long plaguing issues of the region.",New,FP/ML/TRANS/432803/2023,2023-06-09T08:20:12.548+00:00,,Final Diversion Order Issued,9.133,356.0,MEGHALAYA POWER DISTRIBUTION CORPORATION LIMITED,,Forest clearance form,,,,Construction of New 33 kV Phulbari Line under North Eastern Region Power System Improvement Project (NERPSIP),MEGHALAYA,Tikrikilla,Hollaidanga,,,,Linear,8.171,0.962,9.133,0.0,0.0,0.0,0.0,0.0,0,0,0,Not applicable as the project or activity is site specific,,NO,NO,NO,2023-06-08T18:30:00.000+00:00,,,,false,,,,,,,,,,,,,,,,,,,,,,,,,,,,,,,,,,,"Office of the Executive Engineer, R.E. Construction DiVision. MePDCL Tura. West Garo Hills, Meghalaya",Tura,17,"State PSU (eg. State Forest Corp., TANGEDCO, Mineral development Corp)",Executive Engineer,Tura,17,,West Garo Hills,,https://parivesh.nic.in/dms/okm/downloadDocument?docTypemappingId=40829&refId=5994455&refType=caf&uuid=937e739a-b9b7-48ba-beb8-c61870c2fb08&version=1.0;https://parivesh.nic.in/dms/okm/downloadDocument?docTypemappingId=58989&refId=5994455&refType=FC&uuid=d4d91930-4895-4d48-abcb-6f7114cb74ff&version=1.1,273105,https://parivesh.nic.in/newupgrade/#/report/ec?proposalId=5996295,147.0,18250.0
5999220,"The NERPSIP scheme is a Govt. of India and World Bank funded project on a 50:50 basis. It is a project to address the poor power scenario in the region by capacity enhancement of interstate power transmission and infrastructure facilities by construction of new sub-stations, transmission lines and augmentation of old sub-stations. The project once completed will be handed over to the concern state utilities. At present the people living in the areas like Tikrikilla, Raksamgre, Photamati, etc. where the project is being implemented are deprived of modern living facilities and conditions and cannot even start a small or medium level industries due to frequent power cut and very low voltage profile in the areas. After the completion of this new 33 KV Tikrikilla line, the areas under 44-Raksamgre ST Constituencies and 45-Tikrikilla ST Constituencies will have better and more reliable power supply thereby solving the long plaguing issues of the region.",New,FP/ML/TRANS/432818/2023,2023-06-09T09:31:03.272+00:00,,Final Diversion Order Issued,3.476,121.0,MEGHALAYA POWER DISTRIBUTION CORPORATION LIMITED,,Forest clearance form,,,,Construction of New 33 kV Tikrikilla Line under North Eastern Region Power System Improvement Project (NERPSIP),MEGHALAYA,Tikrikilla,Hollaidanga,,,,Linear,2.526,0.95,3.476,0.0,0.0,0.0,0.0,0.0,0,0,0,Not applicable as the project or activity is site specific,,NO,NO,NO,2023-06-08T18:30:00.000+00:00,,,,false,,,,,,,,,,,,,,,,,,,,,,,,,,,,,,,,,,,"Office of the Executive Engineer, R.E. Construction DiVision. MePDCL Tura. West Garo Hills, Meghalaya",Tura,17,"State PSU (eg. State Forest Corp., TANGEDCO, Mineral development Corp)",Executive Engineer,Tura,17,,West Garo Hills,,https://parivesh.nic.in/dms/okm/downloadDocument?docTypemappingId=40829&refId=5998896&refType=caf&uuid=25b7af03-b4af-4371-9fd8-1b25a884482d&version=1.0;https://parivesh.nic.in/dms/okm/downloadDocument?docTypemappingId=58989&refId=5998896&refType=FC&uuid=83980cdf-7684-455a-a59f-d30b49f6ce43&version=1.0,273105,https://parivesh.nic.in/newupgrade/#/report/ec?proposalId=5999220,147.0,9125.0
6045381,It is a minor mineral Boulder Stone Mine,New,SIA/ML/MIN/433075/2023,2023-06-12T10:16:16.816+00:00,2024-01-19T15:46:08.500+00:00,EC Granted,1.15,19.0,BULLSTARWELL MARBANIANG,,Environment clearance form,TOR,B2,Mining of minerals,Mawtynrong Boulder Stone,MEGHALAYA,Nongstoin,Rambrai,ML/SEIAA/MIN/WKH/P-370/2023,ML/SEIAA/MIN/WKH/P-370/2023,,Non - Linear,1.15,0.0,1.15,0.0,0.0,0.0,0.0,0.0,0,0,0,Not applicable as the project or activity is site specific,,NO,NO,NO,2023-11-08T05:22:08.178+00:00,,,,,,,,,,,,,,,,,,,,,,,,,,,,,,,,,,,,,,,,,,,,,,,West Khasi Hills,,https://parivesh.nic.in/dms/okm/downloadDocument?docTypemappingId=40829&refId=6038880&refType=caf&uuid=079a1ebd-1c96-417b-8909-495f01c87855&version=1.0,276718,https://parivesh.nic.in/newupgrade/#/report/ec?proposalId=6045381,0.0,10220.0
6117648,Mining Project,New,SIA/ML/MIN/433412/2023,2023-06-14T12:41:49.487+00:00,2023-08-04T17:19:28.730+00:00,EC Granted,4.44,14.0,AIBANDALIN NONGBRI,,Environment clearance form,TOR,B2,Mining of minerals,LANGJEM MAWPIAH STONE MINE,MEGHALAYA,Mairang,Patharlyndan,ML/SEIAA/MIN/EWKH/P-347/2023,ML/SEIAA/MIN/EWKH/P-347/2023,,Linear,4.44,0.0,4.44,0.0,0.0,0.0,0.0,0.0,0,0,0,Not applicable as the project or activity is site specific,,NO,NO,NO,2023-06-14T14:14:46.679+00:00,,,,,,,,,,,,,,,,,,,,,,,,,,,,,,,,,,,,,,,,,,,,,,,Eastern West Khasi Hills,,https://parivesh.nic.in/dms/okm/downloadDocument?docTypemappingId=40829&refId=6116269&refType=caf&uuid=3068bec8-c262-4b42-aa3c-f08bfb79402d&version=1.0,277006,https://parivesh.nic.in/newupgrade/#/report/ec?proposalId=6117648,7200.0,7200.0
6121304,"The proposal is for Umtyra Limestone and Clay Deposit over an area of 6.7892 ha of M/s Goldstone Cements Ltd. located at Umtyra, in Village: Chiehruphi, District- East Jaintia Hills Meghalaya State at the latitude 25°12'0.02""N to 25°12'12.46""N, and longitude 92°21'21.39""E to 92°21'35.72""E. The lease area falls in the Survey of India Toposheet No. 83C/8 (Restricted). The proposed peak ROM quantity is 358369.01 MT/annum max in any one year and proposed Maximum Annual production of Clay is 1,21,908.59 MT /Annum. The limestone produced from the 6.7892 ha Umtyra Limestone and Clay Deposit shall be used captively by the clinker/cement manufacturing plant of the Lessee M/s. Goldstone Cements Limited at Village: Musiang Lamare (Old), Distt. East Jaintia Hills, Meghalaya",New,SIA/ML/MIN/433428/2023,2023-06-14T17:41:17.097+00:00,2024-01-08T14:34:05.960+00:00,TOR Granted,6.7892,804.5,GOLDSTONE CEMENTS LTD,Gaurang Environmental Solutions Pvt. Ltd.,Environment clearance form,TOR,B1,Mining of minerals,Umtyra Limestone and Clay Deposit,MEGHALAYA,Khliehriat,Chieh Ruphi,ML/SEIAA/MIN/EJH/P-349/2023,ML/SEIAA/MIN/EJH/P-349/2023,,Non - Linear,6.7892,0.0,6.7892,0.0,0.0,0.0,0.0,0.0,0,0,0,NO,The proposed project is site specific.,NO,NO,NO,2023-06-20T10:45:03.736+00:00,,,,,,,,,,,,,,,,,,,,,,,,,,,,,,,,,,,,,,,,,,,,,,,East Jaintia Hills,,https://parivesh.nic.in/dms/okm/downloadDocument?docTypemappingId=40829&refId=6121213&refType=caf&uuid=c7f79eab-592e-43e5-b394-a705c809fb3c&version=1.0,279454,https://parivesh.nic.in/newupgrade/#/report/ec?proposalId=6121304,0.0,12000.0
6149931,Mining Project,New,SIA/ML/MIN/433571/2023,2023-06-16T06:24:41.175+00:00,2023-10-04T13:30:20.670+00:00,EC Granted,1.71,20.0,BANLUMLANG THANGKHIEW,,Environment clearance form,TOR,B2,Mining of minerals,BANLUM STONE MINE,MEGHALAYA,Thadlaskein,Sohmynting,ML/SEIAA/MIN/WJH/P-344/2023,ML/SEIAA/MIN/WJH/P-344/2023,,Linear,1.71,0.0,1.71,0.0,0.0,0.0,0.0,0.0,0,0,0,Not applicable as the project or activity is site specific,,NO,NO,NO,2023-06-16T09:46:54.698+00:00,,,,,,,,,,,,,,,,,,,,,,,,,,,,,,,,,,,,,,,,,,,,,,,West Jaintia Hills,,https://parivesh.nic.in/dms/okm/downloadDocument?docTypemappingId=40829&refId=6149043&refType=caf&uuid=dc7c442e-c88f-49fb-8cca-1d438c030b13&version=1.2,279183,https://parivesh.nic.in/newupgrade/#/report/ec?proposalId=6149931,3900.0,3900.0
6395482,"(Genggandi) Manggapara Stone Mine is located at Village- (Genggandi) Manggapara, P.O.- Zekabari, District- West Garo Hills, State- Meghalaya, over an area of 4.74 Acres (1.92ha.). The project envisages 118579.4 cubic meters (320164.5 MT) of stone production from (Genggandi) Manggapara Stone Mine during the planned period. Maximum production per year from the Mine will be 25338.7 Cum / 68414.4 Tons per year (max).",New,SIA/ML/MIN/434854/2023,2023-06-27T14:55:20.322+00:00,2023-08-30T11:46:43.333+00:00,EC Granted,1.92,90.64,AMANIA ENTERPRISE,Sathi Planners Private Limited,Environment clearance form,TOR,B2,Mining of minerals,(GENGGANDI)  MANGGAPARA STONE MINE,MEGHALAYA,Selsella,Benabazar,ML/SEIAA/MIN/WGH/P-352/2023,ML/SEIAA/MIN/WGH/P-352/2023,III-25(13),Non - Linear,1.92,0.0,1.92,0.0,0.0,0.0,0.0,0.0,0,0,0,Not applicable as the project or activity is site specific,,NO,NO,NO,2023-06-27T17:26:06.767+00:00,,,,,,,,,,,,,,,,,,,,,,,,,,,,,,,,,,,,,,,,,,,,,,,West Garo Hills,III-25(13),https://parivesh.nic.in/dms/okm/downloadDocument?docTypemappingId=40829&refId=6395197&refType=caf&uuid=98b07d0f-c53a-4b1b-9cf8-e3752a95ce91&version=1.0,273056,https://parivesh.nic.in/newupgrade/#/report/ec?proposalId=6395482,0.0,9000.0
6511129,"The Government of Meghalaya has issued a Letter of Intent (on dated Shillong 23rd October, vide letter No. KH/8/ML/Limestone/68/3509) for granting of mining lease under Rule 10 of Meghalaya Minor Mineral Concession Rule, 2016 for mining of limestone over an area of 1.00 ha located at Duba, Nongjri, Elaka Nongjri Sirdarship, East Khasi Hills District, Meghalaya in favour of Shri. Werlingstar Laso.
The average proposed rate of production is 130783 TPA of Limestone (low grade). Targeted Peak production in 3 years plan period is 130820 TPA. The applied area comprises of Private Land. The estimated project cost is Rs. 24 Lakhs. The expected life of mine is 3 years.",New,SIA/ML/MIN/435487/2023,2023-07-03T11:06:20.331+00:00,2026-03-29T05:45:43.348+00:00,EC Granted,1.0,24.0,WERLINGSTAR LASO,Novomine India Private Limited,Environment clearance form,TOR,B2,Mining of minerals,Duba Limestone Mine,MEGHALAYA,Pynursla,Nongjri,,ML/SEAC/SEIAA/PP/EKH/13/2024,,Non - Linear,1.0,0.0,1.0,0.0,0.0,0.0,0.0,0.0,0,0,0,Not applicable as the project or activity is site specific,,NO,NO,NO,2024-02-07T10:53:55.440+00:00,,,,,,,,,,,,,,,,,,,,,,,,,,,,,,,,,,,,,,,,,,,,,,,East Khasi Hills,,https://parivesh.nic.in/dms/okm/downloadDocument?docTypemappingId=40829&refId=6507973&refType=caf&uuid=035c913c-3648-4c74-8e88-aca7f901a721&version=1.0,278903,https://parivesh.nic.in/newupgrade/#/report/ec?proposalId=6511129,0.0,9000.0
6558900,"Rochonpara Stone Mine is located at Village– Rochonpara, P.O. –Dhanua, District-West Garo Hills, State – Meghalaya, over an area of 2.72 Acres (1.10Ha). The project envisages 95498.6 cubic meters (257846.2 MT) of stone production from Rochonpara Stone Mine during the planned period. Maximum production per year from the Mine will be 21905.7 Cum. (Max.) / 59145.4 Tons per year (max).",New,SIA/ML/MIN/435674/2023,2023-07-05T08:06:55.520+00:00,2024-07-24T13:13:03.567+00:00,TOR Granted,1.1,77.0,MARSILLA SANGMA,Sathi Planners Private Limited,Environment clearance form,TOR,B1,Mining of minerals,ROCHONPARA STONE MINE,MEGHALAYA,Selsella,Rochonpara,ML/SEIAA/MIN/WGH/P-351/2023,ML/SEIAA/MIN/WGH/P-351/2023,,Non - Linear,1.1,0.0,1.1,0.0,0.0,0.0,0.0,0.0,0,0,0,Not applicable as the project or activity is site specific,,NO,NO,NO,2023-07-05T09:57:07.487+00:00,,,,,,,,,,,,,,,,,,,,,,,,,,,,,,,,,,,,,,,,,,,,,,,West Garo Hills,,https://parivesh.nic.in/dms/okm/downloadDocument?docTypemappingId=40829&refId=6558704&refType=caf&uuid=ca55b7e4-0a11-47c0-af8a-29de92f9cbc8&version=1.0,273042,https://parivesh.nic.in/newupgrade/#/report/ec?proposalId=6558900,0.0,11100.0
6612745,"Chambakpara Stone Mine is located at Village– Chambakpara, P.O. – Chibinang, P.S.- Phulbari, District-West Garo Hills, State – Meghalaya, over an area of 0.74 Acres (0.30Ha). The project envisages 8206.6 cubic meters (22157.9 MT) of stone production from Chambakpara Stone Mine during the planned period. Maximum production per year from the Mine will be 1650.2 Cum. (Max.) / 4455.4 Tons per year (max).",New,SIA/ML/MIN/435914/2023,2023-07-07T06:33:52.679+00:00,2023-10-04T13:28:22.543+00:00,EC Granted,0.3,84.7,BIRATSON SANGMA,Sathi Planners Private Limited,Environment clearance form,TOR,B2,Mining of minerals,CHAMBAKPARA STONE MINE,MEGHALAYA,Dadenggiri,Chambakpara,ML/SEIAA/MIN/WGH/P-353/2023,ML/SEIAA/MIN/WGH/P-353/2023,,Non - Linear,0.3,0.0,0.3,0.0,0.0,0.0,0.0,0.0,0,0,0,Not applicable as the project or activity is site specific,,NO,NO,NO,2023-07-07T07:51:10.528+00:00,,,,,,,,,,,,,,,,,,,,,,,,,,,,,,,,,,,,,,,,,,,,,,,West Garo Hills,,https://parivesh.nic.in/dms/okm/downloadDocument?docTypemappingId=40829&refId=6612469&refType=caf&uuid=c7be7723-7bcd-4b1c-9c00-2374e394607e&version=1.0,0,https://parivesh.nic.in/newupgrade/#/report/ec?proposalId=6612745,0.0,6000.0
6671201,Diversion of Forest land for laying of 100 mm pipelines through Upper Shillong Protected Forest.,New,FP/ML/Pipeline/436193/2023,2023-07-10T10:29:58.963+00:00,,Final Diversion Order Issued,0.1014,20.0,Thangkhiew Borewell,,Forest clearance form,,,,Laying of 100 mm pipelines through Upper Shillong Protected Forest.,MEGHALAYA,Mylliem,3 1/2 Mile,,,,Linear,0.0,0.1014,0.1014,0.0,0.0,0.0,0.0,0.0,0,0,0,Not applicable as the project or activity is site specific,,NO,NO,NO,2023-07-09T18:30:00.000+00:00,,,Degraded Forest Land,true,,,,,,,,,,,,,,,,,,,,,,,,,,,,,,,,,,,"Nongkseh, Block 6",Shillong,17,Others,Dorbar Shnong,,17,,East Khasi Hills,,https://parivesh.nic.in/dms/okm/downloadDocument?docTypemappingId=40829&refId=6307409&refType=caf&uuid=a9828a78-b4d1-4736-b59e-a690a6108100&version=1.0;https://parivesh.nic.in/dms/okm/downloadDocument?docTypemappingId=58989&refId=6307409&refType=FC&uuid=4a083650-44d9-4e48-848b-bd2fdf5daf7b&version=1.0,278296,https://parivesh.nic.in/newupgrade/#/report/ec?proposalId=6671201,731.0,731.0
6737380,"The Government of Meghalaya has issued a Letter of Intent (on dated Jowai, 05/07/2022 vide letter No.JH/DK/ML/LS/2022-23/Pt.-II/935/B/559) for granting of mining lease under Rule 10 of Meghalaya Minor Mineral Concession Rule, 2016 for mining of limestone over an area of 0.35 ha located at Amsyndui, Nongtalang Elaka, West Jaintia Hills District, Meghalaya in favour of Smt. Dolly Khonglah.
The average proposed rate of production is 14150 TPA of Limestone (low grade). Targeted Peak production in 2 years plan period is 14314 TPA. The applied area comprises of Private Land. The estimated project cost is Rs. 16 Lakhs. The expected life after extension of lease of mine is 2 years.",New,SIA/ML/MIN/436477/2023,2023-07-12T10:18:19.071+00:00,2024-04-10T19:09:32.430+00:00,EC Granted,0.35,16.0,DOLLY KHONGLAH,,Environment clearance form,TOR,B2,Mining of minerals,Amsyndui Low Grade Limestone Deposit,MEGHALAYA,Amlarem,Amjajer Roko,ML/SEIAA/MIN/WJH/P-356/2023,ML/SEIAA/MIN/WJH/P-356/2023,NA,Non - Linear,0.35,0.0,0.35,0.0,0.0,0.0,0.0,0.0,0,0,0,Not applicable as the project or activity is site specific,,NO,NO,NO,2023-07-13T05:17:29.310+00:00,,,,,,,,,,,,,,,,,,,,,,,,,,,,,,,,,,,,,,,,,,,,,,,West Jaintia Hills,NA,https://parivesh.nic.in/dms/okm/downloadDocument?docTypemappingId=40829&refId=6675196&refType=caf&uuid=94945b81-e462-4f40-93ee-94f79d0dffe1&version=1.1,279332,https://parivesh.nic.in/newupgrade/#/report/ec?proposalId=6737380,0.0,9600.0
6908199,"Limestone Stone Quarry at Thanghunai is for mining of Limestone mineral by semi mechanized opencast method with drilling and blasting. The applicant and owner of the Limestone Quarry at Thanghunai is Smt. Plenty K. Pyngrope who is also the authorized signatory. The Government of Meghalaya has issued the Letter of Intent for mining lease of limestone (minor mineral) mining in favour of Smt. Plenty K. Pyngrope vide memo no. JH/MMMCR-2016/2016-17/869/B/1107, dated - 1st November, 2017. Smt. Plenty K. Pyngrope has applied for the Environment Clearance after obtaining the necessary approval of the Mining Plan and Progressive Mine Closure Plan from the Divisional Mining Officer, Directorate of Mineral Resources, Meghalaya, vide letter no. DMO-J/78/MM/Mining Plan/2022-23/03, dated - 09th May, 2023.",New,SIA/ML/MIN/437221/2023,2023-07-18T12:28:39.066+00:00,2025-02-20T08:51:59.326+00:00,Withdrawal Request Accepted,3.0,40.0,PLENTY PYNGROPE,,Environment clearance form,TOR,B2,Mining of minerals,Limestone Quarry of Thanghunai,MEGHALAYA,Amlarem,Wahrong,,,,Non - Linear,3.0,0.0,3.0,0.0,0.0,0.0,0.0,0.0,0,0,0,Not applicable as the project or activity is site specific,,NO,NO,NO,2024-02-09T09:06:54.589+00:00,,,,,,,,,,,,,,,,,,,,,,,,,,,,,,,,,,,,,,,,,,,,,,,West Jaintia Hills,,https://parivesh.nic.in/dms/okm/downloadDocument?docTypemappingId=40829&refId=5387350&refType=caf&uuid=70dab663-d56d-41a1-81f4-38cb4ce39ee1&version=1.0,0,https://parivesh.nic.in/newupgrade/#/report/ec?proposalId=6908199,0.0,11100.0
6954898,Diversion of 0.333 ha of Forest Land for Mahadev Khola Temple,New,FP/ML/OTHERS/437449/2023,2023-07-20T06:28:14.709+00:00,,DELISTED_BY_SYSTEM,0.333,10.0,MAHADEV KHOLA WELFARE AND TRUST,,Forest clearance form,,,,Diversion of Forest Land for Mahadev Khola Temple,MEGHALAYA,Mylliem,3 1/2 Mile,,,,Non - Linear,0.0,0.333,0.333,0.0,0.0,0.0,0.0,0.0,0,0,0,Not applicable as the project or activity is site specific,,NO,NO,NO,2023-07-20T06:43:21.527+00:00,,,Degraded Forest Land,true,,,,,,,,,,,,,,,,,,,,,,,,,,,,,,,,,,,"Mahadev Khola Temple, 3rd Mile.",Upper Shillong,17,Others,President,Upper Shillong,17,,East Khasi Hills,,https://parivesh.nic.in/dms/okm/downloadDocument?docTypemappingId=40829&refId=6954593&refType=caf&uuid=ed944ae3-9d1f-4236-b1e4-4f5140391195&version=1.0;https://parivesh.nic.in/dms/okm/downloadDocument?docTypemappingId=58989&refId=6954593&refType=FC&uuid=36c595bd-fa5e-4392-b751-38853fef2d6e&version=1.0,278296,https://parivesh.nic.in/newupgrade/#/report/ec?proposalId=6954898,7310.0,7301.0
6993978,"Dudanggre Stone Mine is located at Village– Dudanggre, P.O. - Chibinnang, P.S.-Phulbari, District-West Garo Hills, State – Meghalaya, over an area of 0.54 HaThe project envisages 16602.2 cubic meters (44825.8 MT) of stone production from Dudanggre Stone Mine during the planned period. Maximum production per year from the Mine will be 3333.2 Cum / 8999.7 Tons per year (max).",New,SIA/ML/MIN/437607/2023,2023-07-21T09:12:57.395+00:00,2024-01-31T17:23:35.563+00:00,EDS raised,0.54,84.7,PARISTAR SANGMA,Sathi Planners Private Limited,Environment clearance form,TOR,B2,Mining of minerals,DUDANGGRE STONE MINE,MEGHALAYA,Dadenggiri,Dodanggre,ML/SEIAA/MIN/WGH/P-362/2023,ML/SEIAA/MIN/WGH/P-362/2023,,Non - Linear,0.54,0.0,0.54,0.0,0.0,0.0,0.0,0.0,0,0,0,Not applicable as the project or activity is site specific,,NO,NO,NO,2023-09-25T08:29:09.961+00:00,,,,,,,,,,,,,,,,,,,,,,,,,,,,,,,,,,,,,,,,,,,,,,,West Garo Hills,,https://parivesh.nic.in/dms/okm/downloadDocument?docTypemappingId=40829&refId=6993633&refType=caf&uuid=40d96d34-3f17-43e3-aeae-31b766997427&version=1.0,273113,https://parivesh.nic.in/newupgrade/#/report/ec?proposalId=6993978,0.0,6000.0
7077182,"Rongsanggre Stone Mine is located at Village – Rongsanggre, P.O. – New Bhaitbari, P.S.-Phulbari, District-West Garo Hills, State – Meghalaya, over an area of 0.81 Ha. The project envisages 64905.6 cubic meters (175245.1 MT) of stone production from Rongsanggre Stone Mine during the planned period. Maximum production per year from the Mine will be 13479.2 Cum / 36393.9 Tons per year (max).",New,SIA/ML/MIN/437975/2023,2023-07-25T09:10:00.821+00:00,,EDS raised,0.81,84.7,TOMEN MARAK,Sathi Planners Private Limited,Environment clearance form,TOR,B2,Mining of minerals,RONGSANGGRE STONE MINE,MEGHALAYA,Selsella,Rongsanggre (Selsella),,,,Non - Linear,0.81,0.0,0.81,0.0,0.0,0.0,0.0,0.0,0,0,0,Not applicable as the project or activity is site specific,,NO,NO,NO,2023-09-05T13:42:40.325+00:00,,,,,,,,,,,,,,,,,,,,,,,,,,,,,,,,,,,,,,,,,,,,,,,West Garo Hills,,https://parivesh.nic.in/dms/okm/downloadDocument?docTypemappingId=40829&refId=7076510&refType=caf&uuid=ee6d0b73-aa82-4ebe-b51c-777250f584b6&version=1.0,273074,https://parivesh.nic.in/newupgrade/#/report/ec?proposalId=7077182,0.0,6000.0
7117843,Construction of Water Reservoir and laying of pipelines through Riatkhwan Reserve Forest.,New,FP/ML/OTHERS/438152/2023,2023-07-26T10:25:50.012+00:00,,DELISTED_BY_SYSTEM,0.011,20.0,MEGHALAYA FIRE AND EMERGENCY SERVICES,,Forest clearance form,,,,Construction of Water reservoir by the Office of Fire and Emergency Service Department Meghalaya Shillong at Compartment 3 under Riatkhwan RF Meghalaya Shillong.,MEGHALAYA,Mylliem,Mawlai (CT),,,,Linear,0.0,0.011,0.011,0.0,0.0,0.0,0.0,0.0,0,0,0,Not applicable as the project or activity is site specific,,NO,NO,NO,2023-07-27T07:46:04.813+00:00,,,Degraded Forest Land,true,,,,,,,,,,,,,,,,,,,,,,,,,,,,,,,,,,,"Nongthymmai, Shillong",Mawiong,17,State Government (Department/Autonomous body),Superintendent of Police,Mawiong,17,,East Khasi Hills,,https://parivesh.nic.in/dms/okm/downloadDocument?docTypemappingId=40829&refId=7086348&refType=caf&uuid=fa60fe95-17e8-4956-b825-904b8c9c27f1&version=1.0;https://parivesh.nic.in/dms/okm/downloadDocument?docTypemappingId=58989&refId=7086348&refType=FC&uuid=4d19b6c0-cbb6-4617-ada1-58866b16f249&version=1.2,278353,https://parivesh.nic.in/newupgrade/#/report/ec?proposalId=7117843,1827.0,366.0
7125996,"Drawal of 33Kv Power Line from Laitmynsaw to the Twin reservoir located at 6½ Mile, Upper Shillong under Greater Shilong Water Supply Scheme - Phase III (AMRUT)",New,FP/ML/TRANS/438193/2023,2023-07-26T12:34:21.309+00:00,,DELISTED_BY_SYSTEM,0.05,19349.72,PUBLIC HEALTH ENGINEERING DEPARTMENT,,Forest clearance form,,,,Drawal of 33 Kv Power Line from Laitmynsaw to the Twin Reservoir Located at 6½ Mile,MEGHALAYA,Mylliem,Laitkor Lumheh,,,,Linear,0.0,0.05,0.05,0.0,0.0,0.0,0.0,0.0,0,0,0,Not applicable as the project or activity is site specific,,NO,NO,NO,2024-05-06T18:30:00.000+00:00,,,,false,,,,,,,,,,,,,,,,,,,,,,,,,,,,,,,,,,,PHE Administrative Building Lower Lachumiere,Shillong,17,State Government (Department/Autonomous body),Superintending Engineer,Shillong,17,,East Khasi Hills,,https://parivesh.nic.in/dms/okm/downloadDocument?docTypemappingId=40829&refId=7123917&refType=caf&uuid=dac8a3ae-a432-41d5-b880-dd39f12c698a&version=1.0;https://parivesh.nic.in/dms/okm/downloadDocument?docTypemappingId=58989&refId=7123917&refType=FC&uuid=9c181185-b9bf-4c2d-aa54-7b5ad851fc47&version=1.2,278329,https://parivesh.nic.in/newupgrade/#/report/ec?proposalId=7125996,10.0,10.0
7178242,Lying of 350mm dia. $ 300mm dia Pipeline for Shifting of PHE Utilities,New,FP/ML/Pipeline/438429/2023,2023-07-28T08:18:39.972+00:00,2024-10-23T07:27:06.631+00:00,Final Diversion Order Issued,0.018,4522.93,"PUBLIC HEALTH ENGINEERING, EXECUTIVE ENGINEER, GSWS DIVISION-1",,Forest clearance form,,,,Laying of 350m dia & 300mm dia. Pipeline for Shifting of PHE Utilities,MEGHALAYA,Mylliem,3 1/2 Mile,,,,Linear,0.0,0.018,0.018,0.0,0.0,0.0,0.0,0.0,0,0,0,Not applicable as the project or activity is site specific,,NO,NO,NO,2023-07-27T18:30:00.000+00:00,,,,false,,,,,,,,,,,,,,,,,,,,,,,,,,,,,,,,,,,Lower Lachumer,Shillong,17,State Government (Department/Autonomous body),Executive Engineer,Shillong,17,,East Khasi Hills,,https://parivesh.nic.in/dms/okm/downloadDocument?docTypemappingId=40829&refId=7177091&refType=caf&uuid=6b286e28-d37d-4d18-80eb-890b136bc7e1&version=1.0;https://parivesh.nic.in/dms/okm/downloadDocument?docTypemappingId=58989&refId=7177091&refType=FC&uuid=37fe7507-3ab5-4eec-b11b-9cd4ef8f89f9&version=1.0,278296,https://parivesh.nic.in/newupgrade/#/report/ec?proposalId=7178242,365.0,0.0
7318190,"It is a boulder stone mine. Allokdia Stone Mine is located at Village – Allokdia, P.O. – Hollaidanga, P.S.-Tikrikilla, District-West Garo Hills, State – Meghalaya, over an area of 1.10 Ha. The project envisages 94821.9 cubic meters (256019.2 MT) of stone production from Allokdia Stone Mine during the planned period. Maximum production per year from the Mine will be 19157.2 Cum. (Max.) / 51724.4 Tons per year (max).",New,SIA/ML/MIN/439047/2023,2023-08-03T05:42:27.685+00:00,2024-01-31T17:11:29.553+00:00,EDS raised,1.1,84.7,TUMEN MARAK,Sathi Planners Private Limited,Environment clearance form,TOR,B2,Mining of minerals,ALLOKDIA STONE MINE,MEGHALAYA,Tikrikilla,Hollaidanga,ML/SEIAA/MIN/WGH/P-366/2023,ML/SEIAA/MIN/WGH/P-366/2023,,Non - Linear,1.1,0.0,1.1,0.0,0.0,0.0,0.0,0.0,0,0,0,Not applicable as the project or activity is site specific,,NO,NO,NO,2023-10-11T06:22:53.682+00:00,,,,,,,,,,,,,,,,,,,,,,,,,,,,,,,,,,,,,,,,,,,,,,,West Garo Hills,,https://parivesh.nic.in/dms/okm/downloadDocument?docTypemappingId=40829&refId=7317845&refType=caf&uuid=b4e13fc5-081a-4714-a4f0-b4647fd91b7d&version=1.0,0,https://parivesh.nic.in/newupgrade/#/report/ec?proposalId=7318190,0.0,6000.0
8071778,It is a minor mineral Boulder Stone project,New,SIA/ML/MIN/440808/2023,2023-08-18T08:35:44.426+00:00,2024-01-31T17:20:26.720+00:00,EC Granted,0.8,7.1,MATHEW CH MOMIN,,Environment clearance form,EC,B1,,Boulder Stone Mine,MEGHALAYA,Selsella,Bollonggre,ML/SEIAA/MIN/WGH/P-363/2023,ML/SEIAA/MIN/WGH/P-363/2023,,Non - Linear,0.8,0.0,0.8,0.0,0.0,0.0,0.0,0.0,0,0,0,NO,"",NO,NO,NO,2023-09-29T18:02:02.859+00:00,,,,,,,,,,,,,,,,,,,,,,,,,,,,,,,,,,,,,,,,,,,,,,,West Garo Hills,,https://parivesh.nic.in/dms/okm/downloadDocument?docTypemappingId=40829&refId=7988989&refType=caf&uuid=fe2b0e33-e4a3-49f8-a4f2-c6f5e5f90e07&version=1.0,272870,https://parivesh.nic.in/newupgrade/#/report/ec?proposalId=8071778,0.0,3660.0
8099855,It is a minor mineral Boulder Stone project,New,SIA/ML/MIN/440937/2023,2023-08-19T06:48:48.783+00:00,2024-07-11T13:19:11.957+00:00,TOR Granted,3.0,24.5,PYNKHRAWLANG KHARKONGOR,Gaurang Environmental Solutions Pvt. Ltd.,Environment clearance form,TOR,B1,Mining of minerals,Boulderstone Mine,MEGHALAYA,Mawryngkneng,Umphyrnai,ML/SEIAA/MIN/EKH/P-369/2023,ML/SEIAA/MIN/EKH/P-369/2023,,Non - Linear,3.0,0.0,3.0,0.0,0.0,0.0,0.0,0.0,0,0,0,NO,"",NO,NO,NO,2023-10-26T05:56:13.870+00:00,,,,,,,,,,,,,,,,,,,,,,,,,,,,,,,,,,,,,,,,,,,,,,,East Khasi Hills,,https://parivesh.nic.in/dms/okm/downloadDocument?docTypemappingId=40829&refId=8098964&refType=caf&uuid=240ddcb5-b486-42aa-b4b9-e2fd1e3ccb44&version=1.0,278375,https://parivesh.nic.in/newupgrade/#/report/ec?proposalId=8099855,0.0,8418.0
8131661,It is a minor mineral Boulder Stone project,New,SIA/ML/MIN/441066/2023,2023-08-21T05:34:12.940+00:00,2024-08-12T09:41:02.167+00:00,EC Granted,1.97,24.5,HERLINGTON SHADAP,,Environment clearance form,TOR,B2,Mining of minerals,Luti Nongkhlieh Boulder Stone,MEGHALAYA,Khliehriat,Narwan,,ML/SEAC/SEIAA/PP/EJH/2024,,Non - Linear,1.97,0.0,1.97,0.0,0.0,0.0,0.0,0.0,0,0,0,NO,"",NO,NO,NO,2024-05-09T05:43:49.905+00:00,,,,,,,,,,,,,,,,,,,,,,,,,,,,,,,,,,,,,,,,,,,,,,,East Jaintia Hills,,https://parivesh.nic.in/dms/okm/downloadDocument?docTypemappingId=40829&refId=8129924&refType=caf&uuid=bc900347-df31-4c69-b304-39a00cfd4b72&version=1.0,279512,https://parivesh.nic.in/newupgrade/#/report/ec?proposalId=8131661,0.0,9516.0
8171360,It is a minor Hill Sand Mine project,New,SIA/ML/MIN/441252/2024,2023-08-22T05:15:17.045+00:00,2024-10-14T07:40:39.597+00:00,EC Granted,1.99,23.5,ROBINA SWER,,Environment clearance form,TOR,B2,Mining of minerals,"""Pam Stiet"" Hill Sand Mine",MEGHALAYA,Thadlaskein,Khliehriat,,ML/SEAC/SEIAA/PP/EJH/60/2024,,Non - Linear,1.99,0.0,1.99,0.0,0.0,0.0,0.0,0.0,0,0,0,NO,"",NO,NO,NO,2024-06-05T11:26:31.380+00:00,,,,,,,,,,,,,,,,,,,,,,,,,,,,,,,,,,,,,,,,,,,,,,,West Jaintia Hills,,https://parivesh.nic.in/dms/okm/downloadDocument?docTypemappingId=40829&refId=8170928&refType=caf&uuid=e7ea6beb-dda0-4516-ad9e-d22ed2efba1c&version=1.0,279119,https://parivesh.nic.in/newupgrade/#/report/ec?proposalId=8171360,0.0,4026.0
8754093,Diversion of 34.8877 Ha of Reserved Forest Land and Deemed Forest Land for the Improvement and Widening of National Highway No. 127B (Darugiri - Songsak - Williamnagar Junction Section) to two lanes with paved shoulder from design Km 0+000 to Km 36+635 (= 36.635 Km) (existing Km 112+000 to Km 151+060) under Bharatmala Pariyojana (Lot-1) Pkg-1B on EPC mode in the state of Meghalaya.,Expansion,FP/ML/ROAD/442040/2023,2023-08-27T09:48:36.567+00:00,,"Pending at State Secretary due to EDS by MoEFCC, HQ for Compliance",62.2954,80107.0,NATIONAL HIGHWAYS & INFRASTRUCTURE DEVELOPMENT CORPORATION LTD.,,Forest clearance form,,,,Improvement and Widening of National Highway No. 127B (Darugiri - Songsak - Williamnagar Junction Section) to two lanes with paved shoulder from design Km 0+000 to Km 36+635 (= 36.635 Km) (existing Km 112+000 to Km 151+060) under Bharatmala Pariyojana (Lot-1) Pkg-1B on EPC mode in the state of Meghalaya.,MEGHALAYA,Dambo Rongjeng,Darugiri Reserve,,,,Linear,52.6348,9.6606,62.2954,48.5188,34.8877,83.4065,0.0,80107.0,0,0,0,Not applicable as the project or activity is site specific,,NO,NO,NO,2024-01-29T18:30:00.000+00:00,,https://parivesh.nic.in/dms/okm/downloadDocument?docTypemappingId=59020&refId=8754092&refType=fc&uuid=56b7c869-ba75-419b-8422-7f562c5f07b3&version=1.0,Non-forest Land,true,,,,,,,,,,,,,,,,,,,,,,,,,,,,,,,,,,,"3RD FLOOR HOUSE NO 206 NEAR SPRING FIELD SCHOOL
PROFESSOR COLONY
KHARMALKI SHILLONG",,17,"Central PSU (eg. NHAI, AAI, NTP, CIL, SAIL)",GENERAL MANAGER (P),,17,,East Garo Hills,,https://parivesh.nic.in/dms/okm/downloadDocument?docTypemappingId=40829&refId=8753793&refType=caf&uuid=29bd1d2b-e734-4cd6-b60f-79aa314020b6&version=1.0;https://parivesh.nic.in/dms/okm/downloadDocument?docTypemappingId=58989&refId=8753793&refType=FC&uuid=83c3cca8-933f-4d16-afd9-a845e67ad2b7&version=1.2,0,https://parivesh.nic.in/newupgrade/#/report/ec?proposalId=8754093,100500.0,60400.0
8858092,TO SUPPLY WATER TO THE PUBLIC UNDER JAL JEEVAN MISSION TO BE COMPLETED BY 2023,New,FP/ML/WATER/442480/2023,2023-08-30T11:48:57.480+00:00,,REMOVED,0.0316,176.0,SYNSHARLIN SNAITANG,,Forest clearance form,,,,RONGKREKGITTIM WSS,MEGHALAYA,Baghmara,Rongrekgittim,,,,Linear,0.0,0.0316,0.0316,0.0,0.0,0.0,0.0,0.0,0,0,0,NO,no as it is for the specific village only,NO,NO,NO,2024-02-14T18:30:00.000+00:00,,,Degraded Forest Land,true,,,,,,,,,,,,,,,,,,,,,,,,,,,,,,,,,,,phe baghmara,Village,17,State Government (Department/Autonomous body),Executive Engineer,village,17,,South Garo Hills,,https://parivesh.nic.in/dms/okm/downloadDocument?docTypemappingId=40829&refId=6360211&refType=caf&uuid=5740b7a7-e610-4dea-9afa-d2b0a1e3d79b&version=1.0;https://parivesh.nic.in/dms/okm/downloadDocument?docTypemappingId=58989&refId=6360211&refType=FC&uuid=83ab17ab-8dc9-478d-8386-06e37fc2cb3f&version=1.0,276224,https://parivesh.nic.in/newupgrade/#/report/ec?proposalId=8858092,20.0,30.0
9122968,Laying and replacing of pipelines umpaitmaw,New,FP/ML/OTHERS/443606/2023,2023-09-08T10:34:41.534+00:00,,Final Diversion Order Issued,0.1014,10.0,STEPHAN LYNGDOH,,Forest clearance form,,,,Laying and replacing of pipe line umpaitmaw Jal Jeevan Mission (JJM),MEGHALAYA,Mylliem,4 1/2 Mile,,,,Linear,0.0,0.1014,0.1014,0.0,0.0,0.0,0.0,0.0,0,0,0,Not applicable as the project or activity is site specific,,NO,NO,NO,2023-09-19T18:30:00.000+00:00,,,Degraded Forest Land,true,,,,,,,,,,,,,,,,,,,,,,,,,,,,,,,,,,,Umlyngka Mission 3mile upper shillong,Umlyngka,17,Individual,Headman umlyngka,Umlyngka,17,,East Khasi Hills,,https://parivesh.nic.in/dms/okm/downloadDocument?docTypemappingId=40829&refId=8852784&refType=caf&uuid=03576215-8428-4651-8572-ea758d4f6e98&version=1.0;https://parivesh.nic.in/dms/okm/downloadDocument?docTypemappingId=58989&refId=8852784&refType=FC&uuid=32c7da13-9801-400b-a094-a8a64ccc566a&version=1.0,278298,https://parivesh.nic.in/newupgrade/#/report/ec?proposalId=9122968,366.0,366.0
9190048,"The current proposal is for Enhancement in Cement Clinker Capacity from 1.75 MTPA to 2.25 MTPA of Clinker Manufacturing Unit without increase in pollution load (as per MoEF&CC notification S.O. 980 (E) dated 02.03.2021).The proposed project involves expansion as outlined in paragraph 7(ii)(b), which entails improving the existing operational efficiency and making minor adjustments to the plant machinery. The plant's capacity is being expanded through debottlenecking, as well as enhancing the storage and blending capacities for raw materials.",Expansion,IA/ML/IND1/443926/2023,2023-09-11T10:52:24.315+00:00,,,75.0,70081.0,STAR CEMENT MEGHALAYA LIMITED,,Application for No Increase in Pollution Load - Form-10,,,,Enhancement in Cement Clinker Capacity from 1.75 MTPA to 2.25 MTPA of Clinker Manufacturing Unit without an increase in pollution load (as per MoEF&CC notification S.O. 980 (E) dated 02.03.2021),MEGHALAYA,Khliehriat,Lum Shnong,,,"LHC No. 31 of 2000, 40 of 2004, 70 of 2003, 42 of 2003, 290 B of 2008, 32 of 2007, 931 of 2007, 15 of 2007, 74 of 2004, 29 of 2003, 30 of 2003, 30 of 2005, 72 of 2011 and Patta No. 15 of 2008-9",Non - Linear,75.0,0.0,75.0,0.0,0.0,0.0,66581.0,3500.0,0,0,0,NO,No alternative site has been examined as the proposed project is for enhancement in production capacity without increase pollution load. No additional land required for this expansion.,NO,NO,NO,2023-09-15T10:32:47.574+00:00,,,,,,,,,,,,,,,,,,,,,,,,,,,,,,,,,,,,,,,,,,,,,,,East Jaintia Hills,"LHC No. 31 of 2000, 40 of 2004, 70 of 2003, 42 of 2003, 290 B of 2008, 32 of 2007, 931 of 2007, 15 of 2007, 74 of 2004, 29 of 2003, 30 of 2003, 30 of 2005, 72 of 2011 and Patta No. 15 of 2008-9",https://parivesh.nic.in/dms/okm/downloadDocument?docTypemappingId=40829&refId=9186507&refType=caf&uuid=04ae5b7d-7961-472a-a654-eb7382d938f1&version=1.0,279465,https://parivesh.nic.in/newupgrade/#/report/ec?proposalId=9190048,0.0,4702500.0
12701753,"Construction of Parking Lot, Small shops and Public Toilet.",New,FP/ML/OTHERS/445872/2023,2023-09-26T06:49:02.481+00:00,,DELISTED_BY_SYSTEM,0.1482,15.0,DONKUPAR NONGDHAR,,Forest clearance form,,,,"Diversion of Forest land for construction of Parking lot and Public Toilet at Pomlum, 7th Mile Upper Shillong.",MEGHALAYA,Mylliem,Baniun,,,,Non - Linear,0.0,0.1482,0.1482,0.0,0.0,0.0,0.0,0.0,0,0,0,Not applicable as the project or activity is site specific,,NO,NO,NO,2023-09-26T07:04:24.090+00:00,,,Degraded Forest Land,true,,,,,,,,,,,,,,,,,,,,,,,,,,,,,,,,,,,"Pomlum, 7th Mile Upper Shillong",Pomlum Seven Mile,17,Individual,President of Ngintreilang Self Help Group,Pomlum,17,,East Khasi Hills,,https://parivesh.nic.in/dms/okm/downloadDocument?docTypemappingId=40829&refId=12701004&refType=caf&uuid=07d213b3-381d-46b0-a9d6-82a6ad204bdf&version=1.1;https://parivesh.nic.in/dms/okm/downloadDocument?docTypemappingId=58989&refId=12701004&refType=FC&uuid=2eac05ba-fae1-4f57-a10e-33c6546cd7c6&version=1.0,278310,https://parivesh.nic.in/newupgrade/#/report/ec?proposalId=12701753,3652.0,3651.0
12973871,It is a minor mineral Limestone project,New,SIA/ML/MIN/446151/2023,2023-09-27T15:31:15.661+00:00,2023-12-11T16:20:14.593+00:00,EC Granted,1.64,19.6,JELIKA KHONGRYMMAI,,Environment clearance form,EC,B1,,Temsuwai Limestone Mine,MEGHALAYA,Shella Bholaganj,Mawthangsohkhyllung,ML/SEIAA/MIN/EKH/P-364/2023,ML/SEIAA/MIN/EKH/P-364/2023,,Non - Linear,1.64,0.0,1.64,0.0,0.0,0.0,0.0,0.0,0,0,0,NO,"",NO,NO,NO,2023-09-30T17:36:40.242+00:00,,,,,,,,,,,,,,,,,,,,,,,,,,,,,,,,,,,,,,,,,,,,,,,East Khasi Hills,,https://parivesh.nic.in/dms/okm/downloadDocument?docTypemappingId=40829&refId=12717409&refType=caf&uuid=b76b9f93-14e7-4727-932d-66ab60f3bfda&version=1.0,278855,https://parivesh.nic.in/newupgrade/#/report/ec?proposalId=12973871,0.0,13908.0
13180494,It is a minor mineral Limestone Project,New,SIA/ML/MIN/446165/2024,2023-09-28T04:57:49.005+00:00,2024-07-12T08:50:47.340+00:00,ToR Granted,1.98,17.0,RUDOLF KYNDIAH,Gaurang Environmental Solutions Pvt. Ltd.,Environment clearance form,TOR,B1,Mining of minerals,Maweitsu Limestone Mine,MEGHALAYA,Shella Bholaganj,Mawlong,,ML/SEAC/SEIAA/PP/EKH/17/2024,,Non - Linear,1.98,0.0,1.98,0.0,0.0,0.0,0.0,0.0,0,0,0,NO,"",NO,NO,NO,2024-02-14T13:27:50.900+00:00,,,,,,,,,,,,,,,,,,,,,,,,,,,,,,,,,,,,,,,,,,,,,,,East Khasi Hills,,https://parivesh.nic.in/dms/okm/downloadDocument?docTypemappingId=40829&refId=12963415&refType=caf&uuid=80eb0aa9-3c19-46a6-b2d1-e0eaa69a3829&version=1.0,278828,https://parivesh.nic.in/newupgrade/#/report/ec?proposalId=13180494,0.0,9125.0
14332727,The proposed rate of production is 2500 TPA of brick earth or 10 Lakhs bricks per year. The applied area comprise of private Land .  the estimated project cost is Rs 6.5 Lakhs. The expected life of mine is 5 years.,New,SIA/ML/MIN/446812/2023,2023-10-03T14:33:39.489+00:00,2024-01-19T15:40:14.510+00:00,EC Granted,1.11,6.5,PROMILLA R MARAK,,Environment clearance form,TOR,B2,Mining of minerals,Ghasuragao Brick Earth Quarry Permit,MEGHALAYA,Betasing,Ampati,ML/SEIAA/MIN/SWGH/P-374/2023,ML/SEIAA/MIN/SWGH/P-374/2023,NA,Non - Linear,1.11,0.0,1.11,0.0,0.0,0.0,0.0,0.0,0,0,0,Not applicable as the project or activity is site specific,,NO,NO,NO,2023-11-16T05:28:27.535+00:00,,,,,,,,,,,,,,,,,,,,,,,,,,,,,,,,,,,,,,,,,,,,,,,South West Garo Hills,NA,https://parivesh.nic.in/dms/okm/downloadDocument?docTypemappingId=40829&refId=14309733&refType=caf&uuid=4082f125-d054-4037-84d1-4daa6bd4168c&version=1.3,0,https://parivesh.nic.in/newupgrade/#/report/ec?proposalId=14332727,9.0,1359.0
15045054,It is a minor mineral Boulder Stone Mine project,New,SIA/ML/MIN/447249/2023,2023-10-06T10:45:31.955+00:00,2024-02-01T22:35:09.217+00:00,TOR Granted,4.96,48.0,URANUS STONE PRODUCTS & CO,Cognizance Research India Pvt. Ltd.,Environment clearance form,TOR,B1,Mining of minerals,Boulder Stone Mine,MEGHALAYA,Umling,Umduba,ML/SEIAA/MIN/RB/P-367/2023,ML/SEIAA/MIN/RB/P-367/2023,,Non - Linear,4.96,0.0,4.96,0.0,0.0,0.0,0.0,0.0,0,0,0,NO,"",NO,NO,NO,2023-10-18T07:26:21.290+00:00,,,,,,,,,,,,,,,,,,,,,,,,,,,,,,,,,,,,,,,,,,,,,,,Ribhoi,,https://parivesh.nic.in/dms/okm/downloadDocument?docTypemappingId=40829&refId=15040751&refType=caf&uuid=772a7a74-ed76-42c4-9b1d-dafa8e60e7e8&version=1.0,277474,https://parivesh.nic.in/newupgrade/#/report/ec?proposalId=15045054,0.0,14100.0
17372951,"Newly proposed Nehlang Lyngdoh Coal Mine of targeted peak capacity 0.15 MTPA and rated capacity 0.10 MTPA, is located over an area of 100 Ha at Lumiakhi, Wahsarang, Khliehriat C&RD Block in the western part of East Jaintia Hills District, Meghalaya. 
The area is covered under Toposheet No. G 4607 (R.F 1:50,000) of Survey of India, & lies between the longitudes 92° 16' 01.63"" E to 92° 16' 46.29"" & latitudes 25° 19' 50.15"" N to 25° 19' 04.79"" N. 
The Block area is accessible from district headquarter Khliehriat town of East Jaintia Hills District, Meghalaya by National Highway (NH-6) at a distance of around 11 km by road in the east direction from the block. The nearest major railway station from the block is the Guwahati Railway Station (around 190 km road distance) which is connected via NH-6. The nearest airport is the Umroi Airport (around 110 km road distance) which is connected via NH-6. 
The expected Life of Mine (LoM) is 7 years.",New,SIA/ML/CMIN/449013/2024,2023-10-16T07:53:48.621+00:00,2024-06-21T10:36:30.571+00:00,ToR Granted,100.0,2500.0,LEBORLANG LYNGDOH,Novomine India Private Limited,Environment clearance form,TOR,B1,Mining of minerals,Nehlang Lyngdoh Coal Block,MEGHALAYA,Khliehriat,Wah Sarang,,ML/SEAC/SEIAA/PP/EJH/21/2024,Coal Block A,Non - Linear,100.0,0.0,100.0,0.0,0.0,0.0,0.0,0.0,0,0,0,Not applicable as the project or activity is site specific,,NO,NO,NO,2024-03-07T10:34:48.004+00:00,,,,,,,,,,,,,,,,,,,,,,,,,,,,,,,,,,,,,,,,,,,,,,,East Jaintia Hills,Coal Block A,https://parivesh.nic.in/dms/okm/downloadDocument?docTypemappingId=40829&refId=11795761&refType=caf&uuid=ce28ee66-9d18-4fcb-b764-4b9b489a7c9e&version=1.1,279427,https://parivesh.nic.in/newupgrade/#/report/ec?proposalId=17372951,4250.0,17500.0
17382878,It is a minor mineral limestone mine project,New,SIA/ML/MIN/449058/2024,2023-10-16T11:04:22.509+00:00,2024-07-15T06:26:42.393+00:00,EC Granted,1.98,24.5,TERSHALIN NONGBRI,,Environment clearance form,TOR,B2,Mining of minerals,Nongkulang Limestone Mine,MEGHALAYA,Ranikor,Nongkulang,,ML/SEAC/SEIAA/PP/SWKH/12/2024,,Non - Linear,1.98,0.0,1.98,0.0,0.0,0.0,0.0,0.0,0,0,0,NO,"",NO,NO,NO,2024-02-18T13:09:43.711+00:00,,,,,,,,,,,,,,,,,,,,,,,,,,,,,,,,,,,,,,,,,,,,,,,South West Khasi Hills,,https://parivesh.nic.in/dms/okm/downloadDocument?docTypemappingId=40829&refId=17380832&refType=caf&uuid=9855a39e-9af0-4765-8236-be4a32e0eeea&version=1.0,277142,https://parivesh.nic.in/newupgrade/#/report/ec?proposalId=17382878,0.0,25550.0
17855021,"-It is an opencast mechanized method with  HEMM deep hole drilling.
-The maximum proposed production of Limestone  will be 2.51 MTPA (ROM).
-The Letter of intent  has been granted to the Star Cement Limited over an area 25.0 ha by State Govt vide letter no. MG.6/2023/277 dated 28.08.2023",New,IA/ML/MIN/449327/2023,2023-10-18T09:11:48.803+00:00,2024-06-13T03:56:37.364+00:00,ToR Granted,25.0,3730.0,STAR CEMENT LIMITED,Perfact Enviro Solutions Pvt. Ltd.,Environment clearance form,TOR,B1,Mining of minerals,"""Daba Saitthad Limestone Deposit"" having mining lease area of 25 Ha by Star Cement Limited.",MEGHALAYA,Khliehriat,Lum Shnong,IA-J-11015/39/2023-IA-II(NCM),,LHC No. 6 of 2021,Non - Linear,25.0,0.0,25.0,0.0,0.0,0.0,0.0,0.0,0,0,0,NO,"The project or activity is site specific, Therefore no site alternatives analysis is required.",NO,NO,NO,2023-10-19T13:16:27.543+00:00,,,,,,,,,,,,,,,,,,,,,,,,,,,,,,,,,,,,,,,,,,,,,,,East Jaintia Hills,LHC No. 6 of 2021,https://parivesh.nic.in/dms/okm/downloadDocument?docTypemappingId=40829&refId=17852898&refType=caf&uuid=745cb707-424a-4830-84d9-b27b5a9fa6fd&version=1.0,279465,https://parivesh.nic.in/newupgrade/#/report/ec?proposalId=17855021,0.0,1485000.0
19477281,"Star Cement Limited proposes expansion of cement plant by installation of new Line-II (Clinker 3.3 MTPA, Cement 2.0 MTPA and WHRPP 15.5 MW) at an existing plant site, taking total capacity to 4.09 MTPA Clinker, 2.99 MTPA Cement, with 20.17 MW Waste Heat Recovery Power Plant. The proposed plant site is located in the state of Meghalaya and is at a distance of 2.65 km in SSE direction from the ESZ boundary of Narpuh Wildlife Sanctuary. Hence general conditions are applicable to our project. The project is considered under category ‘A’ of Schedule 3(b) as per EIA notification 2006 and its subsequent amendments.",Expansion,IA/ML/IND1/450118/2023,2023-10-25T10:22:39.193+00:00,,DELISTED_BY_SYSTEM,35.0,2.22174,STAR CEMENT LIMITED,,Application for Amendment in EC- Form-4,OTHER,A,,"Amendment in Environmental Clearance for project, ""Installation of New Line- II (Clinker- 3.3 MTPA, Cement- 2.0 MTPA and WHRB- 15.5 MW) at existing cement plant site of Star Cement Limited, taking total capacity to 4.09 MTPA clinker, 2.99 MTPA Cement with 20.17 MW of Waste Heat Recovery Power Plant”",MEGHALAYA,Khliehriat,Lum Shnong,IA-J-11011/225/2016-IA-II(IND-I),,,Non - Linear,35.0,0.0,35.0,59.96,0.0,59.96,32174.0,190000.0,0,0,0,NO,"There was no requirement of alternate site selection as- Land is already in possession of Star Cement Ltd., site has well laid access to roads and is in near vicinity to NH-6, easy availability of raw material and market of finished products is available nearby and No Rehabilitation and resettlement requirements.",NO,NO,NO,2024-01-11T08:08:40.027+00:00,,,,,,,,,,,,,,,,,,,,,,,,,,,,,,,,,,,,,,,,,,,,,,,East Jaintia Hills,,https://parivesh.nic.in/dms/okm/downloadDocument?docTypemappingId=40829&refId=15953114&refType=caf&uuid=cf47e6e5-21a7-45c1-8372-8691d23f3181&version=1.0,279465,https://parivesh.nic.in/newupgrade/#/report/ec?proposalId=19477281,1350000.0,1587750.0
22520405,It is a minor mineral boulder stone mine project,New,SIA/ML/MIN/451575/2023,2023-11-07T05:54:25.699+00:00,2024-01-19T15:44:11.910+00:00,EC Granted,1.5,14.0,DAWANRIKYNTI PUWEIN,,Environment clearance form,TOR,B2,Mining of minerals,Shngi Ramshiang Boulder Stone Mine,MEGHALAYA,Mawshynrut,Umsohpieng,ML/SEIAA/MIN/WKH/P-373/2023,ML/SEIAA/MIN/WKH/P-373/2023,,Non - Linear,1.5,0.0,1.5,0.0,0.0,0.0,0.0,0.0,0,0,0,NO,"",NO,NO,NO,2023-11-09T08:11:23.959+00:00,,,,,,,,,,,,,,,,,,,,,,,,,,,,,,,,,,,,,,,,,,,,,,,West Khasi Hills,,https://parivesh.nic.in/dms/okm/downloadDocument?docTypemappingId=40829&refId=16471113&refType=caf&uuid=789d7009-4432-457f-b590-386d82069cea&version=1.0,276387,https://parivesh.nic.in/newupgrade/#/report/ec?proposalId=22520405,0.0,8008.0
22545943,The project is a fresh Mining Lease of Shale. The shale will be supplied to the cement plant of the lessee where it will be used as additive in the cement making.,New,SIA/ML/MIN/451669/2023,2023-11-07T11:51:23.345+00:00,2024-04-10T13:55:32.900+00:00,EC Granted,4.77,21.5,GREEN VALLIEY INDUSTRIES LIMITED,,Environment clearance form,EC,B1,,GVIL Shale Mine,MEGHALAYA,Khliehriat,Bri Shyrnot,,ML/SEAC/SEIAA/PP/EJH/2/2024,Not available,Non - Linear,4.77,0.0,4.77,0.0,0.0,0.0,0.0,0.0,0,0,0,Not applicable as the project or activity is site specific,,NO,NO,NO,2023-12-28T13:38:32.494+00:00,,,,,,,,,,,,,,,,,,,,,,,,,,,,,,,,,,,,,,,,,,,,,,,East Jaintia Hills,Not available,https://parivesh.nic.in/dms/okm/downloadDocument?docTypemappingId=40829&refId=1260685&refType=caf&uuid=2644e8b5-f580-4d9b-95d4-65cfe3d80d77&version=1.0,,https://parivesh.nic.in/newupgrade/#/report/ec?proposalId=22545943,0.0,7500.0
22551136,The proposed project is a Boulder Stone Mine will be done by opencast semi mechanized method.,New,SIA/ML/MIN/451691/2023,2023-11-07T14:54:46.319+00:00,2024-07-11T12:57:47.410+00:00,TOR Granted,1.28,21.0,JENGNA MARAK,P and M Solutions,Environment clearance form,TOR,B1,Mining of minerals,MANGGAPARA STONE MINE,MEGHALAYA,Selsella,Mudapara,ML/SEIAA/MIN/WGH/P-372/2023,ML/SEIAA/MIN/WGH/P-372/2023,N/A,Non - Linear,1.28,0.0,1.28,0.0,0.0,0.0,0.0,0.0,0,0,0,Not applicable as the project or activity is site specific,,NO,NO,NO,2023-11-07T15:49:26.595+00:00,,,,,,,,,,,,,,,,,,,,,,,,,,,,,,,,,,,,,,,,,,,,,,,West Garo Hills,N/A,https://parivesh.nic.in/dms/okm/downloadDocument?docTypemappingId=40829&refId=22551041&refType=caf&uuid=c789e46f-b1d3-4fe7-bccc-acf1299cb0b3&version=1.0,273046,https://parivesh.nic.in/newupgrade/#/report/ec?proposalId=22551136,9030.0,30.0
25852693,"Meghalaya Cements Ltd. (MCL) has an integrated cement plant located in Meghalaya at Village Thangskai, District East Jaintia Hills with a clinkerization capacity of 0.858 MTPA, cement capacity of 0.858 MTPA and 10 MW Captive Power Plant. Now, it is proposing to enhance the capacity of the clinker to 1.485 MTPA, cement to 1.485 MTPA along with 9.5 MW WHRS to ensure 100% uninterrupted power availability for expansion phase.",Expansion,IA/ML/IND1/452889/2023,2023-11-21T09:53:36.641+00:00,2023-11-27T04:19:17.815+00:00,Withdrawal Request Accepted,52.949,23.97095,MEGHALAYA CEMENTS LIMITED,Min Mec Consultancy Private Limited,Environment clearance form,TOR,A,Cement plants,Expansion of Cement & Clinkerization Plant from 2600 TPD (0.858 million TPA) to 4500 TPD (1.485 million TPA) with 10 MW CPP and 9.5 MW WHRS of Meghalaya Cements Ltd.,MEGHALAYA,Khliehriat,Thang Skai,,,"LHC No. 422 of 2008, LHC No. 49 of 2013, LHC No. 418 of 2008, LHC No. 417 of 2008, LHC No. 419 of 2008, LHC No. 415 of 2008, LHC No. 416 of 2008, LHC No. 414 of 2008, LHC No. 49 of 2013, LHC No. 423 of 2008, LHC No. 424 of 2008, LHC No. 425 of 2008, LHC No. 428 of 2008, LHC No. 427 of 2008, LHC No. 429 of 2008, LHC No. 426 of 2008, LHC No. 22 of 2013, LHC No. 87 of 1991, HH No. 702 Cl-1, HH No. 756 Cl-1, HH No. 954 Cl-1, HH No. 268 Cl-1, LHC No. 51 of 2013, LHC No. 26 of 2013, LHC No.47 of 2013, HH No. 952 Cl I, LHC No. 34 of 2013, LHC No. 43 of 2013, HH No. 932 Cl-1, HH No. 393 Cl-1, HH No. 394 Cl-1, HH No. 594 Cl-1, LHC No. 53 of 2013, HH No. 371 Cl-1, LHC No. 47 of 2013, LHC No. 35 of 2013, LHC No. 17 of 2013, LHC No. 48 of 2013, LHC No. 29 of 2013, LHC No. 40 of 2013, LHC No. 42 of 2013, LHC No. 72 of 2005, LHC No. 102 of 2013",Non - Linear,52.949,0.0,52.949,41.251,0.0,41.251,2383495.0,13600.0,0,0,0,YES,,NO,YES,NO,2023-11-25T09:39:59.075+00:00,,,,,,,,,,,,,,,,,,,,,,,,,,,,,,,,,,,,,,,,,,,,,,,East Jaintia Hills,"LHC No. 422 of 2008, LHC No. 49 of 2013, LHC No. 418 of 2008, LHC No. 417 of 2008, LHC No. 419 of 2008, LHC No. 415 of 2008, LHC No. 416 of 2008, LHC No. 414 of 2008, LHC No. 49 of 2013, LHC No. 423 of 2008, LHC No. 424 of 2008, LHC No. 425 of 2008, LHC No. 428 of 2008, LHC No. 427 of 2008, LHC No. 429 of 2008, LHC No. 426 of 2008, LHC No. 22 of 2013, LHC No. 87 of 1991, HH No. 702 Cl-1, HH No. 756 Cl-1, HH No. 954 Cl-1, HH No. 268 Cl-1, LHC No. 51 of 2013, LHC No. 26 of 2013, LHC No.47 of 2013, HH No. 952 Cl I, LHC No. 34 of 2013, LHC No. 43 of 2013, HH No. 932 Cl-1, HH No. 393 Cl-1, HH No. 394 Cl-1, HH No. 594 Cl-1, LHC No. 53 of 2013, HH No. 371 Cl-1, LHC No. 47 of 2013, LHC No. 35 of 2013, LHC No. 17 of 2013, LHC No. 48 of 2013, LHC No. 29 of 2013, LHC No. 40 of 2013, LHC No. 42 of 2013, LHC No. 72 of 2005, LHC No. 102 of 2013",https://parivesh.nic.in/dms/okm/downloadDocument?docTypemappingId=40829&refId=25614833&refType=caf&uuid=84ac82f5-8d18-4537-86dd-7e77d2779c2f&version=1.0,279462,https://parivesh.nic.in/newupgrade/#/report/ec?proposalId=25852693,43800.0,495670.0
25855250,It is a minor mineral limestone mining project requiring reappraisal. The mining project now falls under B1 cluster hence the Form-1 is being applied to obtain Terms of Reference.,New,SIA/ML/MIN/452898/2024,2023-11-21T10:22:57.238+00:00,,DELISTED_BY_SYSTEM,4.8,22.0,KHRIKSHON LYNGKHOI,Gaurang Environmental Solutions Pvt. Ltd.,Environment clearance form,TOR,B1,Mining of minerals,Bagli Limestone Mine,MEGHALAYA,Ranikor,Bagli,,,,Non - Linear,4.8,0.0,4.8,0.0,0.0,0.0,0.0,0.0,0,0,0,NO,"",NO,NO,NO,2024-11-30T14:26:11.199+00:00,,,,,,,,,,,,,,,,,,,,,,,,,,,,,,,,,,,,,,,,,,,,,,,South West Khasi Hills,,https://parivesh.nic.in/dms/okm/downloadDocument?docTypemappingId=40829&refId=25843215&refType=caf&uuid=0903063b-b58c-49a9-9e06-6f5f24067593&version=1.0,277239,https://parivesh.nic.in/newupgrade/#/report/ec?proposalId=25855250,0.0,31390.0
27607674,"Meghalaya Cements Ltd. (MCL) has an integrated cement plant located in Meghalaya at Village Thangskai, District East Jaintia Hills with a clinkerization capacity of 0.858 MTPA, cement capacity of 0.858 MTPA and 10 MW Captive Power Plant. Now, it is proposing to enhance the capacity of the clinker to 1.485 MTPA, cement to 1.485 MTPA along with 9.5 MW WHRS to ensure 100% uninterrupted power availability for expansion phase.",Expansion,IA/ML/IND1/453620/2023,2023-11-28T11:41:25.203+00:00,2024-05-08T09:18:59.484+00:00,EC Granted,52.949,23.97095,MEGHALAYA CEMENTS LIMITED,,Environment clearance form,EC,A,,Expansion of Cement & Clinkerization Plant from 2600 TPD (0.858 million TPA) to 4500 TPD (1.485 million TPA) with 10 MW CPP and 9.5 MW WHRS of Meghalaya Cements Ltd.,MEGHALAYA,Khliehriat,Thang Skai,IA-J-11011/275/2022-IA-II(IND-I),,"LHC No. 422 of 2008, LHC No. 49 of 2013, LHC No. 418 of 2008, LHC No. 417 of 2008, LHC No. 419 of 2008, LHC No. 415 of 2008, LHC No. 416 of 2008, LHC No. 414 of 2008, LHC No. 49 of 2013, LHC No. 423 of 2008, LHC No. 424 of 2008, LHC No. 425 of 2008, LHC No. 428 of 2008, LHC No. 427 of 2008, LHC No. 429 of 2008, LHC No. 426 of 2008, LHC No. 22 of 2013, LHC No. 87 of 1991, HH No. 702 Cl-1, HH No. 756 Cl-1, HH No. 954 Cl-1, HH No. 268 Cl-1, LHC No. 51 of 2013, LHC No. 26 of 2013, LHC No.47 of 2013, HH No. 952 Cl I, LHC No. 34 of 2013, LHC No. 43 of 2013, HH No. 932 Cl-1, HH No. 393 Cl-1, HH No. 394 Cl-1, HH No. 594 Cl-1, LHC No. 53 of 2013, HH No. 371 Cl-1, LHC No. 47 of 2013, LHC No. 35 of 2013, LHC No. 17 of 2013, LHC No. 48 of 2013, LHC No. 29 of 2013, LHC No. 40 of 2013, LHC No. 42 of 2013, LHC No. 72 of 2005, LHC No. 102 of 2013",Non - Linear,52.949,0.0,52.949,41.251,0.0,41.251,2383495.0,13600.0,0,0,0,YES,,NO,YES,NO,2024-01-15T15:00:00.319+00:00,,,,,,,,,,,,,,,,,,,,,,,,,,,,,,,,,,,,,,,,,,,,,,,East Jaintia Hills,"LHC No. 422 of 2008, LHC No. 49 of 2013, LHC No. 418 of 2008, LHC No. 417 of 2008, LHC No. 419 of 2008, LHC No. 415 of 2008, LHC No. 416 of 2008, LHC No. 414 of 2008, LHC No. 49 of 2013, LHC No. 423 of 2008, LHC No. 424 of 2008, LHC No. 425 of 2008, LHC No. 428 of 2008, LHC No. 427 of 2008, LHC No. 429 of 2008, LHC No. 426 of 2008, LHC No. 22 of 2013, LHC No. 87 of 1991, HH No. 702 Cl-1, HH No. 756 Cl-1, HH No. 954 Cl-1, HH No. 268 Cl-1, LHC No. 51 of 2013, LHC No. 26 of 2013, LHC No.47 of 2013, HH No. 952 Cl I, LHC No. 34 of 2013, LHC No. 43 of 2013, HH No. 932 Cl-1, HH No. 393 Cl-1, HH No. 394 Cl-1, HH No. 594 Cl-1, LHC No. 53 of 2013, HH No. 371 Cl-1, LHC No. 47 of 2013, LHC No. 35 of 2013, LHC No. 17 of 2013, LHC No. 48 of 2013, LHC No. 29 of 2013, LHC No. 40 of 2013, LHC No. 42 of 2013, LHC No. 72 of 2005, LHC No. 102 of 2013",https://parivesh.nic.in/dms/okm/downloadDocument?docTypemappingId=40829&refId=25614833&refType=caf&uuid=84ac82f5-8d18-4537-86dd-7e77d2779c2f&version=1.0,279462,https://parivesh.nic.in/newupgrade/#/report/ec?proposalId=27607674,43800.0,495670.0
29165575,It is a minor mineral limestone mine project,New,SIA/ML/MIN/454223/2023,2023-12-04T05:05:01.133+00:00,2024-04-10T13:48:30.338+00:00,EC Granted,1.95,23.0,EFFICIENCY PYRNGAP,,Environment clearance form,TOR,B2,Mining of minerals,Limestone Mine,MEGHALAYA,Saipung,Shnongrim,,ML/SEAC/SEIAA/PP/EJH/4/2024,,Non - Linear,1.95,0.0,1.95,0.0,0.0,0.0,0.0,0.0,0,0,0,NO,"",NO,NO,NO,2024-02-01T11:43:06.368+00:00,,,,,,,,,,,,,,,,,,,,,,,,,,,,,,,,,,,,,,,,,,,,,,,East Jaintia Hills,,https://parivesh.nic.in/dms/okm/downloadDocument?docTypemappingId=40829&refId=29165169&refType=caf&uuid=ea29f5f6-af94-4d32-8b28-922779116670&version=1.0,279526,https://parivesh.nic.in/newupgrade/#/report/ec?proposalId=29165575,0.0,19710.0
31515407,Laying of aerial OFC from Dudhnoi to Rongjeng for 5G network connectivity,New,FP/ML/REDIV/455463/2023,2023-12-13T16:25:08.826+00:00,,DELISTED_BY_SYSTEM,0.21,15.0,Rohit Sharma,,Form-E: Re-Diversion i) Land Use Change ii) Laying of Overhead/ Under Ground OFC/ drinking water pipeline/ slurry pipeline/ electric cable/ CNG/PNG within RoW,,,,Laying of Aerial OFC from Dudhnoi to Rongjeng for 5G network connectivity,MEGHALAYA,Dudhnai,LAKNAKANDI,,,,Linear,0.0,0.21,0.21,0.0,0.0,0.0,0.0,0.0,0,0,0,Not applicable as the project or activity is site specific,,NO,NO,NO,2023-12-13T16:40:56.831+00:00,,,,,,,,,,,,,,,,,,,,,,,,,,,,,,,,,,,,,,,"6th Floor, F-602, Universal Ecogreens Infraworld, Betkuchi, Guwahati",Guwahati,18,Individual,Executive,,18,,Goalpara,,https://parivesh.nic.in/dms/okm/downloadDocument?docTypemappingId=40829&refId=31514387&refType=caf&uuid=4005e9f6-465c-4c20-9480-1d81c4e2727f&version=1.0,282450,https://parivesh.nic.in/newupgrade/#/report/ec?proposalId=31515407,730.0,1830.0
32267982,It is a minor mineral boulderstone mining project,New,SIA/ML/MIN/455783/2024,2023-12-16T10:44:44.443+00:00,,DELISTED_BY_SYSTEM,1.49,14.5,LOMIKALSINGH LYNGDOH,,Environment clearance form,TOR,B2,Mining of minerals,Mawslip Boulder Stone Mine,MEGHALAYA,Mawshynrut,Shinianggri,,ML/SEAC/SEIAA/PP/WKH/38/2024,"Mawslip Village, West Khasi Hills",Non - Linear,1.49,0.0,1.49,0.0,0.0,0.0,0.0,0.0,0,0,0,NO,"",NO,NO,NO,2024-03-18T02:47:58.430+00:00,,,,,,,,,,,,,,,,,,,,,,,,,,,,,,,,,,,,,,,,,,,,,,,West Khasi Hills,"Mawslip Village, West Khasi Hills",https://parivesh.nic.in/dms/okm/downloadDocument?docTypemappingId=40829&refId=30489928&refType=caf&uuid=e278cf2d-6f49-4d0d-a6e3-b1d4f2a68816&version=1.1,276633,https://parivesh.nic.in/newupgrade/#/report/ec?proposalId=32267982,0.0,6935.0
32869092,"M/s Goldstone Cements Limited (GSCL) was granted an EC vide Letter No. J-11011/851/2008-IA II(I) dated 30.09.2010 for setting up of Cement Plant (Clinker 1.65 MTPA, Cement 2.54 MTPA) along with Captive Thermal Power Plant (2X20 MW) at Village Musiang Lamare (Old), P.O. Chiehruphi, District East Jaintia Hills, Meghalaya. Further, amendment in EC was issued by the MOEF&CC vide office order No. J-13015/17/2019-IA.I(T) dated 16.09.2019 and  J-11011/851/2008-IA.II(I) dated 16.10.2020. Till date, out of total sanctioned capacity, the Company has installed 0.561 MTPA Clinker Kiln, 0.88 MTPA Cement Grinding Facility and 10 MW Captive Power Plant (AFBC). Now company is desirous for enhancement in Clinker capacity from 0.561 MTPA to 0.792 MTPA without increase in pollution load under the provision of para 7 (ii) (b) of EIA Notification 2006 as amended on 02.03.2021.",Expansion,IA/ML/IND1/456310/2023,2023-12-21T11:20:29.393+00:00,,,51.41,70324.0,GOLDSTONE CEMENTS LIMITED,,Application for No Increase in Pollution Load - Form-10,,,,"Proposed expansion in clinker production capacity of existing kiln from 0.561 MTPA to 0.792 MTPA in existing cement plant of M/s Goldstone Cements Ltd. at Village Musiang Lamare (Old), P.O. Chiehruphi, District East Jaintia Hills, Meghalaya under Para 7(ii)(b) of EIA Notification 2006 as amended to seek exemption from the requirement of Prior Environmental Clearance due to no increase in pollution load",MEGHALAYA,Khliehriat,Musiang Lamare (Old),,,"Sale Deed No. 47 of 2010, 16 of 2018 & 17 of 2018",Non - Linear,51.41,0.0,51.41,0.0,0.0,0.0,60470.6,9853.4,0,0,0,NO,"This proposal is for enhancement in production capacity of existing clinker kiln from 0.561 MTPA to 0.792 MTPA by undertaking process optimization in the existing kiln, debottlenecking and through minor adjustment in the existing plant and machineries installed at the current site. There is no change envisaged in this proposal in current grinding capacity and captive power plant capacity already installed at the same location. Hence question of alternative site does not arise.",NO,NO,NO,2023-12-30T13:17:46.980+00:00,,,,,,,,,,,,,,,,,,,,,,,,,,,,,,,,,,,,,,,,,,,,,,,East Jaintia Hills,"Sale Deed No. 47 of 2010, 16 of 2018 & 17 of 2018",https://parivesh.nic.in/dms/okm/downloadDocument?docTypemappingId=40829&refId=32608224&refType=caf&uuid=fb73bd1a-520e-4dfd-b40e-dc0e9aa006b7&version=1.0,279456,https://parivesh.nic.in/newupgrade/#/report/ec?proposalId=32869092,8500.0,238710.0
32875590,Stone Mine project with capacity of 133125.6 cubic meters (341467.1 Tonnes) of stone production during the planned period. Maximum production per year from the Mine will be 34043.2 Cum. (Max.) / 87320.7 Tonnes (Max.) per year. Mining lease area is 2.766 Acres (1.12 Ha.).,New,SIA/ML/MIN/456318/2023,2023-12-21T11:48:11.274+00:00,2024-07-09T13:13:52.246+00:00,EC Granted,1.12,90.2,SENGRAK MARAK,Sathi Planners Private Limited,Environment clearance form,TOR,B2,Mining of minerals,DHANUA-MARSALI STONE MINE,MEGHALAYA,Selsella,Jongnapara,,ML/SEAC/SEIAA/PP/WGH/14/2024,,Non - Linear,1.12,0.0,1.12,0.0,0.0,0.0,0.0,0.0,0,0,0,Not applicable as the project or activity is site specific,,NO,NO,NO,2024-02-26T07:36:04.445+00:00,,,,,,,,,,,,,,,,,,,,,,,,,,,,,,,,,,,,,,,,,,,,,,,West Garo Hills,,https://parivesh.nic.in/dms/okm/downloadDocument?docTypemappingId=40829&refId=32859554&refType=caf&uuid=b113518d-55fc-4dd7-824e-98652c09b890&version=1.0,272936,https://parivesh.nic.in/newupgrade/#/report/ec?proposalId=32875590,0.0,9300.0
33390735,The Stone mine project envisages 38878.9 cubic meters (99724.2 Tonnes) of stone production from Building Stone during the planned period. Maximum production per year from the Mine will be 9886.2 Cum. (Max.) / 25358 Tonnes (Max.) per year.,New,SIA/ML/MIN/456532/2023,2023-12-23T09:08:18.851+00:00,2024-07-12T08:52:52.162+00:00,EC Granted,0.95,62.7,SIMCHI MARAK,Sathi Planners Private Limited,Environment clearance form,TOR,B2,Mining of minerals,JONGKIPARA STONE MINE,MEGHALAYA,Selsella,Jongnapara,,ML/SEAC/SEIAA/PP/WGH/15/2024,,Non - Linear,0.95,0.0,0.95,0.0,0.0,0.0,0.0,0.0,0,0,0,Not applicable as the project or activity is site specific,,NO,NO,NO,2024-02-26T07:56:17.589+00:00,,,,,,,,,,,,,,,,,,,,,,,,,,,,,,,,,,,,,,,,,,,,,,,West Garo Hills,,https://parivesh.nic.in/dms/okm/downloadDocument?docTypemappingId=40829&refId=33390559&refType=caf&uuid=c7afdcc9-266c-4805-b856-24374b916c8e&version=1.0,272936,https://parivesh.nic.in/newupgrade/#/report/ec?proposalId=33390735,0.0,7800.0
34406048,"-It is a mining project of limestone & Shale mineral.
-The mining method will be opencast using
HEMM with deep hole drilling & blasting.
-The proposed maximum production will be 3.0 MTPA of Limestone and 0.2 MTPA of Shale.
-Letter of Intent/authorization order has been granted by the state govt. vide letter no. MG.8/2023/376 dated Shillong, 22th September, 2023.",New,IA/ML/MIN/456863/2023,2023-12-27T12:01:52.821+00:00,2024-06-18T09:25:34.987+00:00,ToR Granted,65.0,3396.0,STAR CEMENT MEGHALAYA LIMITED,Perfact Enviro Solutions Pvt. Ltd.,Environment clearance form,TOR,B1,Mining of minerals,"""Brishyrnot Limestone Deposit-II'' with proposed maximum production capacity of 3.2 MTPA (3.0 MTPA limestone & 0.2 MTPA shale) by Star Cement Meghalaya Limited.",MEGHALAYA,Khliehriat,Bri Shyrnot,IA-J-11015/17/2019-IA-II( NCM),,LHC No. 286 of 2008 (Sale Deed No. 87 of 2010),Non - Linear,65.0,0.0,65.0,0.0,0.0,0.0,0.0,0.0,0,0,0,NO,"The project or activity is site specific, Therefore no site alternatives analysis is required",NO,NO,NO,2023-12-30T09:11:29.729+00:00,,,,,,,,,,,,,,,,,,,,,,,,,,,,,,,,,,,,,,,,,,,,,,,East Jaintia Hills,LHC No. 286 of 2008 (Sale Deed No. 87 of 2010),https://parivesh.nic.in/dms/okm/downloadDocument?docTypemappingId=40829&refId=34404254&refType=caf&uuid=6f5b3ad0-1007-44fc-a46d-ed4180c19365&version=1.0,279464,https://parivesh.nic.in/newupgrade/#/report/ec?proposalId=34406048,0.0,1410000.0
36808733,"-It is a mining project of limestone mineral.
-The mining method will be opencast using
HEMM with deep hole drilling & blasting.
-The proposed maximum production will be 654577 TPA of Limestone.
-Letter of Intent/authorization order has been granted by the state govt. vide letter no. 75/2022/220 dated 28th Sep, 2022.",New,IA/ML/MIN/457835/2024,2024-01-05T16:00:24.067+00:00,2025-02-24T15:08:01.937+00:00,ToR Granted,44.58,3013.97,GREEN VALLIEY INDUSTRIES LIMITED,Perfact Enviro Solutions Pvt. Ltd.,Environment clearance form,TOR,B1,Mining of minerals,"""Surve Larung Lumshnong Limestone Deposit (44.58 Ha.)'' with a proposed maximum excavation 1366475.2 TPA (654577 TPA of limestone and 711898.2 TPA of waste including topsoil) by M/s. Green Valliey Industries Limited.",MEGHALAYA,Khliehriat,Lum Shnong,IA-J-11015/25/2024-IA-II(NCM),,,Non - Linear,0.0,44.58,44.58,0.0,0.0,0.0,0.0,0.0,0,0,0,Not applicable as the project or activity is site specific,,NO,NO,NO,2024-04-01T13:32:59.420+00:00,,,,,,,,,,,,,,,,,,,,,,,,,,,,,,,,,,,,,,,,,,,,,,,East Jaintia Hills,,https://parivesh.nic.in/dms/okm/downloadDocument?docTypemappingId=40829&refId=36800631&refType=caf&uuid=594fcd49-4ae0-4d83-a6e5-924baa23abe3&version=1.0,279465,https://parivesh.nic.in/newupgrade/#/report/ec?proposalId=36808733,0.0,958800.0
37608262,"The proposal is for Umtyra Limestone and Clay Deposit over an area of 6.7892 ha of M/s Goldstone Cements Ltd. located at Umtyra, in Village: Chiehruphi, District- East Jaintia Hills Meghalaya State at the latitude 25°12'0.02""N to 25°12'12.46""N, and longitude 92°21'21.39""E to 92°21'35.72""E. The lease area falls in the Survey of India Toposheet No. 83C/8 (Restricted). The proposed peak ROM quantity is 358369.01 MT/annum max in any one year and proposed Maximum Annual production of Clay is 1,21,908.59 MT /Annum. The limestone produced from the 6.7892 ha Umtyra Limestone and Clay Deposit shall be used captively by the clinker/cement manufacturing plant of the Lessee M/s. Goldstone Cements Limited at Village: Musiang Lamare (Old), Distt. East Jaintia Hills, Meghalaya",New,SIA/ML/MIN/458155/2024,2024-01-09T14:21:38.016+00:00,2024-03-01T11:36:41.541+00:00,EC Granted,6.7892,804.5,GOLDSTONE CEMENTS LTD,,Environment clearance form,EC,B1,,Umtyra Limestone and Clay Deposit,MEGHALAYA,Khliehriat,Chieh Ruphi,,ML/SEAC/SEIAA/PP/EJH/3/2024,,Non - Linear,6.7892,0.0,6.7892,0.0,0.0,0.0,0.0,0.0,0,0,0,NO,The proposed project is site specific.,NO,NO,NO,2024-01-10T16:25:47.477+00:00,,,,,,,,,,,,,,,,,,,,,,,,,,,,,,,,,,,,,,,,,,,,,,,East Jaintia Hills,,https://parivesh.nic.in/dms/okm/downloadDocument?docTypemappingId=40829&refId=6121213&refType=caf&uuid=c7f79eab-592e-43e5-b394-a705c809fb3c&version=1.0,279454,https://parivesh.nic.in/newupgrade/#/report/ec?proposalId=37608262,0.0,12000.0
1222985155,"The proposal is for Umtyra Limestone and Clay Deposit over an area of 6.7892 ha of M/s Goldstone Cements Ltd. located at Umtyra, in Village: Chiehruphi, District- East Jaintia Hills Meghalaya State at the latitude 25°12'0.02""N to 25°12'12.46""N, and longitude 92°21'21.39""E to 92°21'35.72""E. The lease area falls in the Survey of India Toposheet No. 83C/8 (Restricted). The proposed peak ROM quantity is 358369.01 MT/annum max in any one year and proposed Maximum Annual production of Clay is 1,21,908.59 MT /Annum. The limestone produced from the 6.7892 ha Umtyra Limestone and Clay Deposit shall be used captively by the clinker/cement manufacturing plant of the Lessee M/s. Goldstone Cements Limited at Village: Musiang Lamare (Old), Distt. East Jaintia Hills, Meghalaya",Amendment,SIA/ML/MIN/574130/2026,2024-01-09T14:21:38.016+00:00,2026-09-17T12:55:41.900+00:00,EC Granted,6.7892,804.5,GOLDSTONE CEMENTS LTD,,Application for Amendment in EC- Form-4,OTHER,B1,,Umtyra Limestone and Clay Deposit,MEGHALAYA,Khliehriat,Chieh Ruphi,"",ML/SEAC/SEIAA/PP/EJH/3/2024,,Non - Linear,6.7892,0.0,6.7892,0.0,0.0,0.0,0.0,0.0,0,0,0,NO,The proposed project is site specific.,NO,NO,NO,2026-04-15T17:57:20.034+00:00,,,,,,,,,,,,,,,,,,,,,,,,,,,,,,,,,,,,,,,,,,,,,,,East Jaintia Hills,,https://parivesh.nic.in/dms/okm/downloadDocument?docTypemappingId=40829&refId=6121213&refType=caf&uuid=c7f79eab-592e-43e5-b394-a705c809fb3c&version=1.0,279454,https://parivesh.nic.in/newupgrade/#/report/ec?proposalId=1222985155,0.0,12000.0
37609694,"Newly proposed Saryngkham A Coal Mine of targeted peak capacity 0.10 MTPA which is also the rated capacity, is located over an area of 148 Ha. at Byndihati Village Saryngkham, Khliehriat C&RD Block, East Jaintia Hills District, Meghalaya. The area is covered under Toposheet No. 83 C/7 (R.F. 1:50,000) of Survey of India, and lies between the longitudes 92° 22' 21.3871"" E to 92° 23' 31.3000"" E & latitudes 25° 20' 07.9000"" N to 25° 19' 20.7000"" N. The block area is accessible from district HQ - Khliehriat Town of East Jaintia Hills District, Meghalaya via National Highway (NH 6) at a distance of around 6 km by road in the western side of the block. The nearest major Railway Station from the block is the Guwahati Railway Station (around 187 km road distance) which is connected via NH 6. The nearest Airport is Umroi Airport (around 101 Km road distance) which is connected via NH 6. The expected Life of Mine (LoM) is 7 years.",New,SIA/ML/CMIN/458161/2024,2024-01-09T19:44:59.535+00:00,2024-06-21T10:46:10.936+00:00,ToR Granted,148.0,2700.0,DAPMAIN SHYLLA,Novomine India Private Limited,Environment clearance form,TOR,B1,Mining of minerals,Saryngkham A Coal Mine,MEGHALAYA,Khliehriat,Byndihati,,ML/SEAC/SEIAA/PP/EJH/19/2024,,Non - Linear,148.0,0.0,148.0,0.0,0.0,0.0,0.0,0.0,0,0,0,Not applicable as the project or activity is site specific,,NO,NO,NO,2024-03-07T11:07:06.804+00:00,,,,,,,,,,,,,,,,,,,,,,,,,,,,,,,,,,,,,,,,,,,,,,,East Jaintia Hills,,https://parivesh.nic.in/dms/okm/downloadDocument?docTypemappingId=40829&refId=37609655&refType=caf&uuid=be18018b-9000-47ff-8152-4a33827905e1&version=1.0,279435,https://parivesh.nic.in/newupgrade/#/report/ec?proposalId=37609694,5000.0,20125.0
37849225,"Newly proposed Pyndengshahlang Coal Block of targeted peak capacity 0.15 MTPA and rated capacity 0.15 MTPA, is located over an area of 100 Ha. at Sdaddkhar village, Nongstoin C&RD Block, West Khasi Hills District, Meghalaya. The area is covered under Toposheet No. 78 O/3 (R.F 1:50000) of Survey of India & lies between the longitudes 91°02'26.714""E to 91°03'07.768""E  and latitudes 25°19'26.568""N to 25°20'09.922""N. The Block area is accessible from district headquarter Nongstoin of West Khasi Hills district by Nonghyllam-Maweit Road at a distance of around 50.3 km in the NE direction. The nearest major Railway Station from the block is Guwahati Railway Station (around 202 km road distance), connected via Riangdo-Boko Road. The nearest airport is the Umroi Airport (around 176 km road distance), connected via NH 106. The expected Life of Mine (LoM) is 12 years.",New,SIA/ML/CMIN/458206/2024,2024-01-10T07:12:59.882+00:00,2024-06-21T10:40:49.773+00:00,ToR Granted,100.0,2700.0,SHAININGSTAR KHARDEWSAW,Novomine India Private Limited,Environment clearance form,TOR,B1,Mining of minerals,Pyndengshahlang Coal Block,MEGHALAYA,Nongstoin,Maweit,,ML/SEAC/SEIAA/PP/WKH/20/2024,,Non - Linear,91.3,8.7,100.0,0.0,0.0,0.0,0.0,0.0,0,0,0,Not applicable as the project or activity is site specific,,NO,NO,NO,2024-03-07T10:48:40.531+00:00,,,,,,,,,,,,,,,,,,,,,,,,,,,,,,,,,,,,,,,,,,,,,,,West Khasi Hills,,https://parivesh.nic.in/dms/okm/downloadDocument?docTypemappingId=40829&refId=37847439&refType=caf&uuid=8d65d1f8-74a6-4503-a128-aadd25917cd8&version=1.1,276817,https://parivesh.nic.in/newupgrade/#/report/ec?proposalId=37849225,4700.0,18375.0
39104037,It is a minor mineral granite mining project,New,SIA/ML/MIN/458778/2024,2024-01-15T06:09:04.907+00:00,2024-03-14T14:32:15.821+00:00,EC Granted,4.91,24.5,KEVIN SHABONG,,Application for EC for Mining of Minor Minerals of Mine Lease (0-5 HA) - Form-2,EC,B2,,Mawkarah Granite Mine,MEGHALAYA,Mairang,Mawkarah mawpni,,ML/SEAC/SEIAA/PP/EWKH/5/2024,,Non - Linear,4.91,0.0,4.91,0.0,0.0,0.0,0.0,0.0,0,0,0,NO,"",NO,NO,NO,2024-01-31T07:07:04.061+00:00,,,,,,,,,,,,,,,,,,,,,,,,,,,,,,,,,,,,,,,"Mawlai Nonglum Block VI, East Khasi Hills, Meghalaya.",Mawlai Nonglum Block VI,17,Individual,Proprietor,Mawlai Nonglum Block VI,17,,Eastern West Khasi Hills,,https://parivesh.nic.in/dms/okm/downloadDocument?docTypemappingId=40829&refId=39102689&refType=caf&uuid=3168bfea-d824-43e4-998f-dff6211aaf5d&version=1.0,277062,https://parivesh.nic.in/newupgrade/#/report/ec?proposalId=39104037,0.0,18250.0
39125255,"Newly proposed Kalagaw Coal Mine of targeted peak capacity 0.15 MTPA and rated capacity 0.15 MTPA, is located over an area of 100 Ha, at Umber village, Kalagaw, Ranikor C & RD Block, South West Khasi Hills District, Meghalaya. The area is covered under Toposheet No. 78O/4 (Restricted), and lies between the longitudes 91°05'57.42""E to 91°06'47.46""E & latitudes 25°12'18.50""N to 25°13'12.59""N. The Block Area is accessible from District Headquarter Mawkyrwat of South West Khasi Hills District by SH 4 at a distance of around 75 Km in the NE direction. The nearest major Railway station from the block is Guwahati railway station (around 244 km road distance), connected via SH 3. The nearest airport Umroi Airport is (around 176 km by road) connected via the Nongrah-Ranikor Road. The expected Life of Mine (LoM) is 10 years.",New,SIA/ML/CMIN/458843/2024,2024-01-15T17:14:15.180+00:00,2024-06-21T10:32:03.618+00:00,ToR Granted,100.0,2500.0,TEILANG PDE,,Environment clearance form,TOR,B1,Mining of minerals,Kalagaw Coal Mine,MEGHALAYA,Ranikor,Umbir,,ML/SEAC/SEIAA/PP/WKH/22/2024,,Non - Linear,100.0,0.0,100.0,0.0,0.0,0.0,0.0,0.0,0,0,0,Not applicable as the project or activity is site specific,,NO,NO,NO,2024-03-01T12:47:05.712+00:00,,,,,,,,,,,,,,,,,,,,,,,,,,,,,,,,,,,,,,,,,,,,,,,South West Khasi Hills,,https://parivesh.nic.in/dms/okm/downloadDocument?docTypemappingId=40829&refId=39124587&refType=caf&uuid=9cac88d8-dc6d-4ffa-8305-3349f95c583c&version=1.0,277291,https://parivesh.nic.in/newupgrade/#/report/ec?proposalId=39125255,5375.0,18375.0
41301526,It is a minor mineral limestone mining project.,New,SIA/ML/MIN/459827/2024,2024-01-25T06:27:11.486+00:00,2024-03-14T14:41:52.552+00:00,ToR Granted,4.1,60.7,THIANGMON POHTAM,Gaurang Environmental Solutions Pvt. Ltd.,Environment clearance form,TOR,B1,Mining of minerals,Amsyndui Limestone Mine,MEGHALAYA,Amlarem,Nongtalang Main,,ML/SEAC/SEIAA/PP/WJH/7/2024,,Non - Linear,4.1,0.0,4.1,0.0,0.0,0.0,0.0,0.0,0,0,0,NO,"",NO,NO,NO,2024-02-07T07:31:44.707+00:00,,,,,,,,,,,,,,,,,,,,,,,,,,,,,,,,,,,,,,,,,,,,,,,West Jaintia Hills,,https://parivesh.nic.in/dms/okm/downloadDocument?docTypemappingId=40829&refId=41299138&refType=caf&uuid=b2567e19-71a1-4d1f-86c3-acc4c8bf20b3&version=1.0,279340,https://parivesh.nic.in/newupgrade/#/report/ec?proposalId=41301526,0.0,21170.0
41799523,It is a minor mineral boulder stone mining project,New,SIA/ML/MIN/459998/2024,2024-01-27T06:34:01.757+00:00,2024-07-15T08:27:06.268+00:00,EC Granted,1.41,14.5,LOMIKALSINGH LYNGDOH,,Application for EC for Mining of Minor Minerals of Mine Lease (0-5 HA) - Form-2,EC,B2,,Mawehrang Boulder Stone Mine,MEGHALAYA,Mawshynrut,Mawehrang,,ML/SEAC/SEIAA/PP/WKH/26/2024,,Non - Linear,1.41,0.0,1.41,0.0,0.0,0.0,0.0,0.0,0,0,0,NO,"",NO,NO,NO,2024-03-17T15:52:53.123+00:00,,,,,,,,,,,,,,,,,,,,,,,,,,,,,,,,,,,,,,,"R/O Mabri Village, Riangdo, West Khasi Hills, Meghalaya",Mabri Village,17,Individual,Proprietor,Mabri Village,17,,West Khasi Hills,,https://parivesh.nic.in/dms/okm/downloadDocument?docTypemappingId=40829&refId=41797576&refType=caf&uuid=599d471a-7d83-4424-b4ff-61be3ed10dbf&version=1.0,276377,https://parivesh.nic.in/newupgrade/#/report/ec?proposalId=41799523,0.0,6935.0
41806271,It is a minor mineral limestone mining project requiring reappraisal. The earlier EC was granted by DEIAA but the EC has now expired hence the project is seeking TOR due to falling in a B1 cluster,New,SIA/ML/MIN/460039/2024,2024-01-27T09:01:08.804+00:00,,DELISTED_BY_SYSTEM,4.99,24.0,KHRIKSHON LYNGKHOI,Gaurang Environmental Solutions Pvt. Ltd.,Environment clearance form,TOR,B1,Mining of minerals,Bagli Limestone Mine (4.99 ha),MEGHALAYA,Ranikor,Bagli,,,,Non - Linear,4.99,0.0,4.99,0.0,0.0,0.0,0.0,0.0,0,0,0,NO,"",NO,NO,NO,2024-11-30T14:11:49.128+00:00,,,,,,,,,,,,,,,,,,,,,,,,,,,,,,,,,,,,,,,,,,,,,,,South West Khasi Hills,,https://parivesh.nic.in/dms/okm/downloadDocument?docTypemappingId=40829&refId=41804787&refType=caf&uuid=1554cb91-531d-4476-b06d-075f37c29d9f&version=1.0,277239,https://parivesh.nic.in/newupgrade/#/report/ec?proposalId=41806271,0.0,29200.0
43431583,It is a minor mineral Boulder Stone Mine project,New,SIA/ML/MIN/460795/2024,2024-02-02T11:38:14.364+00:00,2024-03-04T11:40:25.729+00:00,EC Granted,4.96,48.0,URANUS STONE PRODUCTS & CO,,Environment clearance form,EC,B1,,Boulder Stone Mine,MEGHALAYA,Umling,Umduba,,ML/SEAC/SEIAA/PP/RB/6/2024,,Non - Linear,4.96,0.0,4.96,0.0,0.0,0.0,0.0,0.0,0,0,0,NO,"",NO,NO,NO,2024-02-04T16:54:49.818+00:00,,,,,,,,,,,,,,,,,,,,,,,,,,,,,,,,,,,,,,,,,,,,,,,Ribhoi,,https://parivesh.nic.in/dms/okm/downloadDocument?docTypemappingId=40829&refId=15040751&refType=caf&uuid=772a7a74-ed76-42c4-9b1d-dafa8e60e7e8&version=1.0,277474,https://parivesh.nic.in/newupgrade/#/report/ec?proposalId=43431583,0.0,14100.0
45580261,TO PROVIDE WATER SUPPLY TO THE VILLAGE THROUGH JAL JEEVAN MISSION,New,FP/ML/WATER/462390/2024,2024-02-10T06:22:09.323+00:00,,REMOVED,0.1,61.697,SYNSHARLIN SNAITANG,,Forest clearance form,,,,MEATHA WSS,MEGHALAYA,Rongara,Meata,,,,Linear,0.0,0.1,0.1,0.0,0.0,0.0,0.0,0.0,0,0,0,Not applicable as the project or activity is site specific,,NO,NO,NO,2024-03-19T18:30:00.000+00:00,,,Degraded Forest Land,true,,,,,,,,,,,,,,,,,,,,,,,,,,,,,,,,,,,phe baghmara,MEATHA,17,State Government (Department/Autonomous body),Executive Engineer,BAGHMARA,17,,South Garo Hills,,https://parivesh.nic.in/dms/okm/downloadDocument?docTypemappingId=40829&refId=45579562&refType=caf&uuid=a949ed62-f516-4ef1-bed3-002fdf9d3a93&version=1.0;https://parivesh.nic.in/dms/okm/downloadDocument?docTypemappingId=58989&refId=45579562&refType=FC&uuid=054a3c0e-7a9d-42cd-9afc-87a189e0b04a&version=1.10,276249,https://parivesh.nic.in/newupgrade/#/report/ec?proposalId=45580261,540.0,50.0
45584306,It is a minor mineral boulder stone mining project,New,SIA/ML/MIN/462404/2024,2024-02-10T07:16:39.270+00:00,2024-08-12T10:04:40.847+00:00,EC Granted,4.9,24.5,PLANNING NONGBRI,,Application for EC for Mining of Minor Minerals of Mine Lease (0-5 HA) - Form-2,EC,B2,,MAWTIRANG BOULDER STONE MINE,MEGHALAYA,Mawshynrut,Mawtirang,,ML/SEAC/SEIAA/PP/WKH/45/2024,,Non - Linear,4.9,0.0,4.9,0.0,0.0,0.0,0.0,0.0,0,0,0,NO,"",NO,NO,NO,2024-05-25T09:11:20.472+00:00,,,,,,,,,,,,,,,,,,,,,,,,,,,,,,,,,,,,,,,"Porkrong Village, Riangdo, Nongstoin Syiemship, West Khasi Hills, Meghalaya",Porkrong,17,Individual,Proprietor,Porkrong,17,,West Khasi Hills,,https://parivesh.nic.in/dms/okm/downloadDocument?docTypemappingId=40829&refId=45582139&refType=caf&uuid=20ab8ca0-f922-4560-bd63-5389c39abf51&version=1.0,276466,https://parivesh.nic.in/newupgrade/#/report/ec?proposalId=45584306,0.0,7300.0
46089402,"The applicant Smt. Plenty K. Pyngrope, has been directed to apply for the grant of fresh Environmental Clearance and re-appraisal by SEIAA, vide Letter No. EKJ.20/1/2016/VOL-II/330, for her already operational Limestone Mine in pursuance to Order No. O.O No. 13, dated 20th October, 2023. As per the newly approved Mining Plan, Thanghunai Limestone Quarry has a targeted peak capacity of 148908 TPA, & is located over an area of 3 Ha, at Thanghunai, Nongtalang, West Jaintia Hills District, Meghalaya. It lies between the longitudes  92°04'43.48""E to  92°04'50.27""E and latitudes  25°13'12.18""N to  25°13'03.48""N. The Mine Lease area is accessible from district headquarters Jowai of West Jaintia Hills district by NH206 at a distance of around 40 Km in the NE direction. The nearest major Railway station is Guwahati Railway Station (around 192 Km NW of the block), connected via NH6. The nearest airport is the Umroi Airport (around 106 Km NW of the block) connected via Shillong Bypass Road-NH206",Amendment,SIA/ML/MIN/462544/2024,2024-02-12T08:23:48.458+00:00,2024-07-12T07:58:44.734+00:00,ToR Granted,3.0,25.0,PLENTY PYNGROPE,Novomine India Private Limited,Environment clearance form,TOR,B1,Mining of minerals,Thanghunai Limestone Quarry,MEGHALAYA,Amlarem,Nongtalang Thymmai,,ML/SEAC/SEIAA/PP/WJH/18/2024,,Non - Linear,3.0,0.0,3.0,0.0,0.0,0.0,0.0,0.0,0,0,0,Not applicable as the project or activity is site specific,,NO,NO,NO,2024-02-28T07:07:13.641+00:00,,,,,,,,,,,,,,,,,,,,,,,,,,,,,,,,,,,,,,,,,,,,,,,West Jaintia Hills,,https://parivesh.nic.in/dms/okm/downloadDocument?docTypemappingId=40829&refId=46088032&refType=caf&uuid=e2ab7501-adbd-4f6a-9dbc-e5687ea59feb&version=1.0,279344,https://parivesh.nic.in/newupgrade/#/report/ec?proposalId=46089402,0.0,12600.0
46118262,"The project road is Improvement and Widening of National Highway No. 217 (Dainadubi - Darugiri Section) to two lane with Paved shoulder in the state of Meghalaya, from design Km 0+000 to Km 40+840 (= 40.840 Km) (existing Km 8+600 to Km 53+000 of Old NH-62) under Bharatmala Pariyojana (Lot-1) Pkg-1B on EPC mode in North and East Garo Hills District of Meghalaya.",Expansion,FP/ML/ROAD/462618/2024,2024-02-12T19:36:33.615+00:00,,Final Diversion Order Issued,76.8,72620.0,NATIONAL HIGHWAYS & INFRASTRUCTURE DEVELOPMENT CORPORATION LTD.,,Forest clearance form,,,,Diversion of 53.7825 Ha. of (35.1147 Ha. Reserved Forest Land & 18.6677 Ha. Deemed Forest) Land for Improvement and Widening of National Highway No. 217 (Dainadubi - Darugiri Section) to two lane with paved shoulder from design Km 0+000 to Km 40+840 (= 40.840 Km) (existing Km 8+600 to Km 53+000 of Old NH-62) under Bharatmala Pariyojana (Lot-1) Pkg-1B on EPC mode in the state of Meghalaya.,MEGHALAYA,Dambo Rongjeng,Chibilbang,,,,Linear,76.8,0.0,76.8,59.03,53.7825,112.8125,0.0,72620.0,0,0,0,NO,Project is non site specific,NO,NO,NO,2024-07-10T18:30:00.000+00:00,,https://parivesh.nic.in/dms/okm/downloadDocument?docTypemappingId=59020&refId=46118261&refType=fc&uuid=08f75ac6-33d1-486c-a665-2a7917a31c6b&version=1.0,Non-forest Land,true,,,,,,,,,,,,,,,,,,,,,,,,,,,,,,,,,,,"3RD FLOOR HOUSE NO 206 NEAR SPRING FIELD SCHOOL
PROFESSOR COLONY
KHARMALKI SHILLONG","",17,"Central PSU (eg. NHAI, AAI, NTP, CIL, SAIL)",GENERAL MANAGER (P),"",17,Bomkey R Marak,East Garo Hills,,https://parivesh.nic.in/dms/okm/downloadDocument?docTypemappingId=40829&refId=46117979&refType=caf&uuid=08293bbe-d970-4fd9-b055-2ccb3378a2b9&version=1.0;https://parivesh.nic.in/dms/okm/downloadDocument?docTypemappingId=59061&refId=46117979&refType=FC&uuid=6140da88-f030-41fd-bdf6-d8b289fb0e1f&version=1.0;https://parivesh.nic.in/dms/okm/downloadDocument?docTypemappingId=58989&refId=46117979&refType=FC&uuid=b6ab5087-d501-4879-9d0d-5ae445d2e175&version=1.1,274875,https://parivesh.nic.in/newupgrade/#/report/ec?proposalId=46118262,38100.0,0.0
47096739,"Proposed Moiong Thlushininang Limestone Mine (ML Area – 26.50 ha) with Limestone Production Capacity 1.007 Million TPA at Village Chiehriphi, Taluka – Khliehriat, District- East Jaintia Hills, Meghalaya.",Amendment,SIA/ML/MIN/463049/2024,2024-02-16T07:00:28.548+00:00,2025-02-07T07:16:25.844+00:00,ToR Granted,26.5,1500.0,MEGHALAYA CEMENTS LIMITED,J. M. Environet Pvt. Ltd.,Environment clearance form,TOR,B1,Mining of minerals,"Proposed Moiong Thlushininang Limestone Mine (ML Area – 26.50 ha) with Limestone Production Capacity 1.007 Million TPA at Village Chiehriphi, Taluka – Khliehriat, District- East Jaintia Hills, Meghalaya by M/s. Meghalaya Cements Ltd..",MEGHALAYA,Khliehriat,Chieh Ruphi,,ML/SEAC/SEIAA/PP/EJH/28/2024,,Non - Linear,26.5,0.0,26.5,0.0,0.0,0.0,0.0,0.0,0,0,0,Not applicable as the project or activity is site specific,,NO,NO,NO,2024-04-16T09:23:36.243+00:00,,,,,,,,,,,,,,,,,,,,,,,,,,,,,,,,,,,,,,,,,,,,,,,East Jaintia Hills,,https://parivesh.nic.in/dms/okm/downloadDocument?docTypemappingId=40829&refId=47093474&refType=caf&uuid=ce46a290-81e3-4b86-bd1e-c0df54f2535a&version=1.0,279454,https://parivesh.nic.in/newupgrade/#/report/ec?proposalId=47096739,0.0,41850.0
47902398,Forest diversion proposal for opencast Limestone mining project over an area of 52.38 Ha. { Mining Lease Area (44.58 Ha.) + Approach road to mine (7.8 Ha.)} of deemed private forest land located at Lumshnong village in East Jaintia Hills district of Meghalaya of M/s Green Valliey Industries Limited.,New,FP/ML/MIN/QRY/463287/2024,2024-02-19T04:24:40.369+00:00,,Pending at DFO due to EDS by Nodal Officer,52.38,3013.97,GREEN VALLIEY INDUSTRIES LIMITED,,Forest clearance form,,,,Forest Diversion Proposal of Surve Larung Lumshnong Limestone Deposit over an area of 52.38 Ha. {Mining Lease Area (44.58 Ha.) + Approach Road to Mine ( 7.8 Ha.)} of deemed private forest land by M/s Green Valliey Industries Limited,MEGHALAYA,Khliehriat,Lum Shnong,,,,Non - Linear,0.0,52.38,52.38,0.0,0.0,0.0,0.0,0.0,0,0,0,Not applicable as the project or activity is site specific,,NO,NO,NO,2024-10-25T18:30:00.000+00:00,,https://parivesh.nic.in/dms/okm/downloadDocument?docTypemappingId=59020&refId=47902392&refType=fc&uuid=4046deb1-488d-48bb-a73f-09469247378b&version=1.0,Non-forest Land,true,2022-09-25T00:00:00.000+00:00,50/00,50/00,2072-09-25T00:00:00.000+00:00,44.58,654577.3,"",Approved,Limestone,33.81,0.0,33.81,12.45,1.0,21.36,34/00,Indian Bureau of Mines,"",Opencast,Mechanized,"","",No external dump,Dumps are temporary in nature,Dumps are temporary in nature,44.58,"",14 CM capacity dumpers by using mines road,"14 CM capacity dumpers by using  and mines approach road, National Highway No -6 and Cement Plant approach road.","",44.58,1.0,1.0,1.0,"Green Valliey Industries Limited, Nongsning Village",Nongsning,17,Private Limited,Assistant Vice President,Nongsning,17,Green Valliey Industries Ltd,East Jaintia Hills,,https://parivesh.nic.in/dms/okm/downloadDocument?docTypemappingId=40829&refId=47898038&refType=caf&uuid=81080eed-6176-4767-b49d-1389b67ebc6e&version=1.0;https://parivesh.nic.in/dms/okm/downloadDocument?docTypemappingId=59061&refId=47898038&refType=FC&uuid=ba487d76-22ad-4886-b73e-a42b16fe9546&version=1.0;https://parivesh.nic.in/dms/okm/downloadDocument?docTypemappingId=58989&refId=47898038&refType=FC&uuid=cb00af31-46e4-4101-bfeb-8e9c18c80219&version=1.0,279465,https://parivesh.nic.in/newupgrade/#/report/ec?proposalId=47902398,0.0,958800.0
48170342,JAL JEEVAN MISSION,New,FP/ML/WATER/463357/2024,2024-02-19T10:53:16.750+00:00,,REMOVED,0.1,47.026,SYNSHARLIN SNAITANG,,Forest clearance form,,,,TARAIBARI WSS,MEGHALAYA,Rongara,Taraibari,,,,Linear,0.0,0.1,0.1,0.0,0.0,0.0,0.0,0.0,0,0,0,NO,No as it is for specific village only,NO,NO,NO,2024-03-13T18:30:00.000+00:00,,,Degraded Forest Land,true,,,,,,,,,,,,,,,,,,,,,,,,,,,,,,,,,,,phe baghmara,TARAIBARI,17,State Government (Department/Autonomous body),Executive Engineer,TARAIBARI,17,,South Garo Hills,,https://parivesh.nic.in/dms/okm/downloadDocument?docTypemappingId=40829&refId=48169154&refType=caf&uuid=9d94ef6c-9e7a-4450-bfd9-c78ef5e4f5d8&version=1.0;https://parivesh.nic.in/dms/okm/downloadDocument?docTypemappingId=58989&refId=48169154&refType=FC&uuid=04060b1f-46f6-4a32-950e-219415e6393d&version=1.0,276290,https://parivesh.nic.in/newupgrade/#/report/ec?proposalId=48170342,60.0,315.0
48456672,"ToR has been issued by SEIAA, Meghalaya vide letter no. ML/SEIAA/MIN/EJH/P-244/2022/747 dated 12th July, 2023 for WAHRIANG LIMESTONE MINE, area-1.33 ha., coming up at Wahriang, Khliehshnong, Elaka Rymbai, District East Jaintia Hills (Meghalaya)",New,SIA/ML/MIN/463467/2024,2024-02-20T09:43:23.962+00:00,2024-07-15T06:48:50.319+00:00,EC Granted,1.33,20.0,BIGEN RUPSI,,Environment clearance form,EC,B1,,WAHRIANG LIMESTONE MINE,MEGHALAYA,Khliehriat,Chieh Ruphi,,ML/SEAC/SEIAA/PP/EJH/16/2024,,Non - Linear,1.33,0.0,1.33,0.0,0.0,0.0,0.0,0.0,0,0,0,Not applicable as the project or activity is site specific,,NO,NO,NO,2024-02-25T12:49:02.010+00:00,,,,,,,,,,,,,,,,,,,,,,,,,,,,,,,,,,,,,,,,,,,,,,,East Jaintia Hills,,https://parivesh.nic.in/dms/okm/downloadDocument?docTypemappingId=40829&refId=48182243&refType=caf&uuid=4f018c3d-3438-4653-b16f-d30c8bcbfae2&version=1.0,279454,https://parivesh.nic.in/newupgrade/#/report/ec?proposalId=48456672,0.0,9300.0
48748335,jal jeevan mission,New,FP/ML/WATER/463598/2024,2024-02-21T09:01:30.391+00:00,,REMOVED,0.1,113.21,SYNSHARLIN SNAITANG,,Forest clearance form,,,,RANGASORA WSS,MEGHALAYA,Rongara,Rangasora,,,,Linear,0.0,0.1,0.1,0.0,0.0,0.0,0.0,0.0,0,0,0,Not applicable as the project or activity is site specific,,NO,NO,NO,2024-03-13T18:30:00.000+00:00,,,Degraded Forest Land,true,,,,,,,,,,,,,,,,,,,,,,,,,,,,,,,,,,,phe baghmara,Rangasora,17,State Government (Department/Autonomous body),Executive Engineer,Rangasora,17,,South Garo Hills,,https://parivesh.nic.in/dms/okm/downloadDocument?docTypemappingId=40829&refId=48747986&refType=caf&uuid=720889fd-7efb-429d-98b5-a80975807fbc&version=1.0;https://parivesh.nic.in/dms/okm/downloadDocument?docTypemappingId=58989&refId=48747986&refType=FC&uuid=85177d21-ce43-40b8-8eb1-5a30d8870a57&version=1.1,276252,https://parivesh.nic.in/newupgrade/#/report/ec?proposalId=48748335,60.0,345.0
50244491,"Proposed project is for Establishment of Integrated Cement Plant of capacity 3.3 MTPA clinker, 2.8 MTPA cement and 16 MW Waste Heat Recovery System. The project falls under Category “A” of schedule 3(b) of cement plants as per EIA Notification 14th September 2006 and subsequent amendments as the proposed capacity of the plant will be more than 1.0 MTPA of cement",New,IA/ML/IND1/464398/2024,2024-02-28T12:44:48.084+00:00,2024-08-10T15:18:21.940+00:00,ToR Granted,110.3124,2.45055,MEGHATOP CEMENT PRIVATE LIMITED,Perfact Enviro Solutions Pvt. Ltd.,Environment clearance form,TOR,A,Cement plants,"Integrated Cement Plant of capacity 3.3 MTPA clinker, 2.8 MTPA cement and 16 MW Waste Heat Recovery System",MEGHALAYA,Khliehriat,Wahiajer,IA-J-11011/89/2024-IA-II(Ind-I),,,Non - Linear,110.3124,0.0,110.3124,0.0,0.0,0.0,0.0,0.0,0,0,0,YES,,NO,NO,NO,2024-04-23T10:42:26.051+00:00,,,,,,,,,,,,,,,,,,,,,,,,,,,,,,,,,,,,,,,,,,,,,,,East Jaintia Hills,,https://parivesh.nic.in/dms/okm/downloadDocument?docTypemappingId=40828&refId=50243723&refType=caf&uuid=a291d002-23e4-458b-8658-b64ad9b46885&version=1.0;https://parivesh.nic.in/dms/okm/downloadDocument?docTypemappingId=40828&refId=50243723&refType=caf&uuid=88017a28-e237-433d-9350-fa8c2bedceb4&version=1.2;https://parivesh.nic.in/dms/okm/downloadDocument?docTypemappingId=40828&refId=50243723&refType=caf&uuid=12558892-e63a-44b2-a045-fecf80c2bbbf&version=1.2;https://parivesh.nic.in/dms/okm/downloadDocument?docTypemappingId=40829&refId=50243723&refType=caf&uuid=64070d4d-3f41-491b-bfdc-13871e0a157b&version=1.0,,https://parivesh.nic.in/newupgrade/#/report/ec?proposalId=50244491,1350000.0,5751900.0
50814410,"Bolbokgre Stone Mine is located at Village– Bolbokgre, P.O. + P.S.-Tikrikilla, District – West Garo Hills, State- Meghalaya, over an area of 3.93 Acres (1.59 Ha.).",New,SIA/ML/MIN/464749/2024,2024-03-02T06:10:26.617+00:00,,Under Verification,1.59,62.7,JEFF RUSKIN MARAK,Sathi Planners Private Limited,Environment clearance form,TOR,B2,Mining of minerals,BOLBOKGRE STONE MINE,MEGHALAYA,Dadenggiri,Bolbokgre,,,,Non - Linear,1.59,0.0,1.59,0.0,0.0,0.0,0.0,0.0,0,0,0,Not applicable as the project or activity is site specific,,NO,NO,NO,2024-03-02T15:19:44.758+00:00,,,,,,,,,,,,,,,,,,,,,,,,,,,,,,,,,,,,,,,,,,,,,,,West Garo Hills,,https://parivesh.nic.in/dms/okm/downloadDocument?docTypemappingId=40829&refId=50813461&refType=caf&uuid=b53ad2a5-2abb-45b3-8a82-e8b1b5c50147&version=1.0,0,https://parivesh.nic.in/newupgrade/#/report/ec?proposalId=50814410,0.0,7200.0
51951363,It is a minor mineral Boulder Stone Mine project,New,SIA/ML/MIN/465367/2024,2024-03-07T14:12:18.321+00:00,2024-07-15T06:32:51.154+00:00,EC Granted,4.96,48.0,URANUS STONE PRODUCTS & CO,,Application for Corrigendum Form-13,OTHER,,,Boulder Stone Mine,MEGHALAYA,Umling,Umduba,,ML/SEAC/SEIAA/PP/RB/6/2024,,Non - Linear,4.96,0.0,4.96,0.0,0.0,0.0,0.0,0.0,0,0,0,NO,"",NO,NO,NO,2024-03-11T11:41:52.945+00:00,,,,,,,,,,,,,,,,,,,,,,,,,,,,,,,,,,,,,,,"Killing, Raid Marwet, Ri Bhoi District, Meghalaya",Killing,17,Others,Proprietor,Killing,17,,Ribhoi,,https://parivesh.nic.in/dms/okm/downloadDocument?docTypemappingId=40829&refId=15040751&refType=caf&uuid=772a7a74-ed76-42c4-9b1d-dafa8e60e7e8&version=1.0,277474,https://parivesh.nic.in/newupgrade/#/report/ec?proposalId=51951363,0.0,14100.0
52208586,"Bangalkhata Sand Mine is located at Mouza- Bangalkhata (Kaimbatapara), P.O.- Chibinang, P.S.- Phulbari, District- West Garo Hills, Meghalaya,The project envisaged mining of 2670.12 Cum. (4538 Tons) of river bed sand per year at Ringgi River.",New,SIA/ML/MIN/465471/2024,2024-03-08T14:47:14.041+00:00,2024-07-26T06:00:19.726+00:00,EC Granted,0.3,46.2,HASHANUZ ZAMAN,Sathi Planners Private Limited,Environment clearance form,TOR,B2,Mining of minerals,BANGALKHATA SAND MINE,MEGHALAYA,Selsella,Bangalkata,,ML/SEAC/SEIAA/PP/WGH/23/2024,,Non - Linear,0.3,0.0,0.3,0.0,0.0,0.0,0.0,0.0,0,0,0,Not applicable as the project or activity is site specific,,NO,NO,NO,2024-03-14T14:44:34.908+00:00,,,,,,,,,,,,,,,,,,,,,,,,,,,,,,,,,,,,,,,,,,,,,,,West Garo Hills,,https://parivesh.nic.in/dms/okm/downloadDocument?docTypemappingId=40829&refId=52208481&refType=caf&uuid=6edaedca-85d6-4e68-b88a-8190dc6143a3&version=1.0,0,https://parivesh.nic.in/newupgrade/#/report/ec?proposalId=52208586,0.0,3000.0
54651660,"Matcha-Nokpante Stone Mine is located at Village– Matcha-Nokpante, P.O.-Dhanua, P.S.-Tura, District – West Garo Hills, State- Meghalaya, over an area of 1.68 Acres (0.68 Ha.). The project envisages 47907.7 cubic meters (127434.5 Tonnes) of stone production from Building Stone during the planned period. Maximum production per year from the Mine will be 9638.2 Cum. (Max.) / 25637.7 Tonnes (Max.) per year.",New,SIA/ML/MIN/466510/2024,2024-03-19T06:53:55.740+00:00,2024-07-26T06:05:29.824+00:00,ToR Granted,0.68,62.7,SIMSANG MARAK,Sathi Planners Private Limited,Environment clearance form,TOR,B1,Mining of minerals,MATCHA-NOKPANTE STONE MINE,MEGHALAYA,Selsella,Rochonpara,,ML/SEAC/SEIAA/PP/WGH/27/2024,,Non - Linear,0.68,0.0,0.68,0.0,0.0,0.0,0.0,0.0,0,0,0,Not applicable as the project or activity is site specific,,NO,NO,NO,2024-03-29T11:18:16.574+00:00,,,,,,,,,,,,,,,,,,,,,,,,,,,,,,,,,,,,,,,,,,,,,,,West Garo Hills,,https://parivesh.nic.in/dms/okm/downloadDocument?docTypemappingId=40829&refId=54636459&refType=caf&uuid=39450b03-367a-4c9f-9a3a-17c59571aa7a&version=1.1,273042,https://parivesh.nic.in/newupgrade/#/report/ec?proposalId=54651660,0.0,7800.0
54695305,"The proposed project is a Boulder Stone Mine and will be done by opencast semi mechanized method. Mine area is over 0.70 Ha at Chambil village Manggapara, Distict - West Garo Hills , Meghalaya",New,SIA/ML/MIN/466572/2024,2024-03-20T05:37:19.565+00:00,2024-07-26T06:15:20.611+00:00,EC Granted,,,JANISON MARAK,,Application for EC for Mining of Minor Minerals of Mine Lease (0-5 HA) - Form-2,EC,B2,,Chambil Boulder Stone Mine,MEGHALAYA,,,,ML/SEAC/SEIAA/PP/WGH/34/2024,,,,,,,,,,,,,,,,,,,2024-05-12T18:03:58.692+00:00,,,,,,,,,,,,,,,,,,,,,,,,,,,,,,,,,,,,,,,"C/o:- Moni Sangma,8, Manggapara, Selsella, West Garo Hills, Meghalaya, 794105",,17,Individual,Owner,,17,,,,https://parivesh.nic.in/dms/okm/downloadDocument?docTypemappingId=40829&refId=54661392&refType=caf&uuid=6c7f4da7-f6a6-4dea-b7a4-645cd195a18d&version=1.7,,https://parivesh.nic.in/newupgrade/#/report/ec?proposalId=54695305,,
54707294,"Brick Earth , is an important mineral for the manufacturing of Bricks, are used in construction activity related to housing, commercial , industry, infrastructure development, etc. At present there is a great focus by the government, both State and Central, is on improvement of basic infrastructure, both in rural and urban areas, there is a constant need for ensuring regular supply of Bricks. Also , due to increases in population and desire for better quality of life through pukka house the demand of Bricks has substantially increased.",New,SIA/ML/MIN/466616/2024,2024-03-20T08:14:37.619+00:00,2025-02-05T10:20:06.858+00:00,EC Granted,1.31,6.0,REZAUL KARIM,,Application for EC for Mining of Minor Minerals of Mine Lease (0-5 HA) - Form-2,EC,B2,,SAKMAL BRICK EARTH MINE,MEGHALAYA,Selsella,Sakmal,,ML.SEAC/SEIAA/PP/WGH/64/2024,NA,Non - Linear,1.31,0.0,1.31,0.0,0.0,0.0,0.0,0.0,0,0,0,Not applicable as the project or activity is site specific,,NO,NO,NO,2024-08-18T08:39:39.259+00:00,,,,,,,,,,,,,,,,,,,,,,,,,,,,,,,,,,,,,,,"Village Sakmal P.O Rajabala  District :-West Garo Hills, Meghalaya",,17,Individual,Owner,,17,,West Garo Hills,NA,https://parivesh.nic.in/dms/okm/downloadDocument?docTypemappingId=40829&refId=54655725&refType=caf&uuid=dc60d75e-7e6f-4588-8d6e-2413f8cb1a09&version=1.0,272890,https://parivesh.nic.in/newupgrade/#/report/ec?proposalId=54707294,115.0,115.0
56341758,It is a minor mineral limestone mining project,New,SIA/ML/MIN/467307/2024,2024-03-26T09:06:29.175+00:00,2024-07-15T06:55:27.474+00:00,EC Granted,1.91,18.0,VICTOR SUJA,,Application for EC for Mining of Minor Minerals of Mine Lease (0-5 HA) - Form-2,EC,B2,,Pohkremshrieh Limestone Mine,MEGHALAYA,Saipung,Lamyrsiang,,ML/SEAC/SEIAA/PP/EJH/35/2024,,Non - Linear,1.91,0.0,1.91,0.0,0.0,0.0,0.0,0.0,0,0,0,NO,"",NO,NO,NO,2024-05-10T13:26:24.865+00:00,,,,,,,,,,,,,,,,,,,,,,,,,,,,,,,,,,,,,,,"Lamyrsiang Village, East Jaintia Hills, Meghalaya",Lamyrsiang Village,17,Individual,Proprietor,Lamyrsiang Village,17,,East Jaintia Hills,,https://parivesh.nic.in/dms/okm/downloadDocument?docTypemappingId=40829&refId=56127944&refType=caf&uuid=938a5ebc-011d-4588-90e9-98e5b413a985&version=1.0,279525,https://parivesh.nic.in/newupgrade/#/report/ec?proposalId=56341758,0.0,8760.0
56353510,It is a minor mineral boulder stone mining project,New,SIA/ML/MIN/467342/2024,2024-03-26T11:27:15.096+00:00,2024-07-15T06:59:48.635+00:00,EC Granted,4.95,24.5,HEILEEN DIENGDOH,,Application for EC for Mining of Minor Minerals of Mine Lease (0-5 HA) - Form-2,EC,B2,,Phudkroh Boulderstone Mine,MEGHALAYA,Ranikor,Phodkroh,,ML/SEAC/SEIAA/PP/SWKH/25/2024,,Non - Linear,4.95,0.0,4.95,0.0,0.0,0.0,0.0,0.0,0,0,0,NO,"",NO,NO,NO,2024-04-08T12:49:56.919+00:00,,,,,,,,,,,,,,,,,,,,,,,,,,,,,,,,,,,,,,,"Riatsamthiah, Block 4, Shillong, East Khasi Hills District, Meghalaya",Riatsamthiah,17,Individual,Proprietor,Riatsamthiah,17,,South West Khasi Hills,,https://parivesh.nic.in/dms/okm/downloadDocument?docTypemappingId=40829&refId=56353034&refType=caf&uuid=fd893280-42df-4ccb-a350-39624582965b&version=1.0,277202,https://parivesh.nic.in/newupgrade/#/report/ec?proposalId=56353510,0.0,12775.0
57217327,It is a minor mineral limestone mining project,New,SIA/ML/MIN/467805/2024,2024-03-30T05:19:42.742+00:00,2024-07-15T06:39:44.909+00:00,ToR Granted,1.98,24.0,THYWILL DONG,Gaurang Environmental Solutions Pvt. Ltd.,Environment clearance form,TOR,B1,Mining of minerals,Larung Limestone Mine,MEGHALAYA,Khliehriat,Lum Shnong,,ML/SEAC/SEIAA/PP/EJH/29/2024,,Non - Linear,1.98,0.0,1.98,0.0,0.0,0.0,0.0,0.0,0,0,0,NO,"",NO,NO,NO,2024-04-16T09:01:47.115+00:00,,,,,,,,,,,,,,,,,,,,,,,,,,,,,,,,,,,,,,,,,,,,,,,East Jaintia Hills,,https://parivesh.nic.in/dms/okm/downloadDocument?docTypemappingId=40829&refId=57211216&refType=caf&uuid=c773b13c-90e7-4f01-91e4-e75c63e1c9ae&version=1.0,279465,https://parivesh.nic.in/newupgrade/#/report/ec?proposalId=57217327,0.0,11315.0
61181827,The project envisages 92385 cubic meters (249440 MT) of stone production from Building Stone during the planned period. Maximum production per year from the Mine will be 19011 Cum. (Max.) / 51330 Tons per year (max).,New,SIA/ML/MIN/469442/2024,2024-04-16T07:55:40.633+00:00,2024-07-26T06:22:38.237+00:00,EC Granted,0.555,35.24,WENSILLA MARAK,Sathi Planners Private Limited,Environment clearance form,TOR,B2,Mining of minerals,M/S WENSILLA CH. MARAK STONE QUARRY,MEGHALAYA,Selsella,Benabazar,,ML/SEAC/SEIAA/PP/WGH/24/2024,,Non - Linear,0.555,0.0,0.555,0.0,0.0,0.0,0.0,0.0,0,0,0,Not applicable as the project or activity is site specific,,NO,NO,NO,2024-04-16T10:15:00.489+00:00,,,,,,,,,,,,,,,,,,,,,,,,,,,,,,,,,,,,,,,,,,,,,,,West Garo Hills,,https://parivesh.nic.in/dms/okm/downloadDocument?docTypemappingId=40829&refId=61180737&refType=caf&uuid=3bdcb861-80b1-467f-a56b-ea028a9510f8&version=1.0,0,https://parivesh.nic.in/newupgrade/#/report/ec?proposalId=61181827,0.0,6600.0
61198374,application for reappraisal of EC issued by DEIAA,New,SIA/ML/MIN/469504/2024,2024-04-16T11:05:40.520+00:00,2024-08-12T09:38:52.975+00:00,EC Granted,1.53,25.0,KEDRINA JAHRIN,,Application for EC for Mining of Minor Minerals of Mine Lease (0-5 HA) - Form-2,EC,B2,,Stone Quarry of Umlangpur by Kedrina Jahrin,MEGHALAYA,Umling,Killing,,ML/SEAC/SEIAA/PP/RB/47/2024,,Non - Linear,1.53,0.0,1.53,0.0,0.0,0.0,0.0,0.0,0,0,0,NO,Reappriasal,NO,NO,NO,2024-05-29T11:46:02.707+00:00,,,,,,,,,,,,,,,,,,,,,,,,,,,,,,,,,,,,,,,"Jorbil Raid Marwet , Killing , Ri Bhoi Meghalaya",,17,Individual,owner,,17,,Ribhoi,,https://parivesh.nic.in/dms/okm/downloadDocument?docTypemappingId=40829&refId=60344818&refType=caf&uuid=f7a841c5-31a3-4992-9c28-5ab2a5b35f34&version=1.0,277470,https://parivesh.nic.in/newupgrade/#/report/ec?proposalId=61198374,16.0,16.0
61238188,"The project site covering an area of 1.0 ha is private land. It is located at Bollonggre, P.O. Dhanua, P.S. Tura, Dist. West Garo Hills, Meghalaya. The area lies between Longitude: 89°57'55.00""E to 89°57'59.54""E and Latitude: 25°39'5.60""N to 25°39'9.92""N. According to the approved Mining Plan, the total mineable reserve would be ‭449736 Tonnes. Life of mine is 10 years. Targeted peak production is 45066 TPA.",New,SIA/ML/MIN/469619/2024,2024-04-17T08:04:39.854+00:00,2024-07-25T10:59:08.916+00:00,EC Granted,1.0,24.4,JENILISH MARAK,,Application for EC for Mining of Minor Minerals of Mine Lease (0-5 HA) - Form-2,EC,B2,,Bollonggre Boulderstone Mine,MEGHALAYA,Selsella,Bollonggre,,ML/SEAC/SEIAA/PP/WGH/39/2024,,Non - Linear,1.0,0.0,1.0,0.0,0.0,0.0,0.0,0.0,0,0,0,Not applicable as the project or activity is site specific,,NO,NO,NO,2024-04-17T10:32:59.180+00:00,,,,,,,,,,,,,,,,,,,,,,,,,,,,,,,,,,,,,,,"Dorgapara Village, P.O. Nogorpara, P.S. Mahendraganj",,17,Individual,Lessee,,17,,West Garo Hills,,https://parivesh.nic.in/dms/okm/downloadDocument?docTypemappingId=40829&refId=61234434&refType=caf&uuid=9a0d76e7-c2dc-4d8c-a850-d5a599c1715c&version=1.0,272870,https://parivesh.nic.in/newupgrade/#/report/ec?proposalId=61238188,0.0,6900.0
62490430,It is a minor mineral Boulderstone Mining Lease which had received EC from DEIAA. Now the proposal is being made for re-appraisal from SEIAA/SEAC.,New,SIA/ML/MIN/470344/2024,2024-04-23T08:58:57.614+00:00,,DELISTED_BY_SYSTEM,0.4649,1.25,PANI NARLENG,Gaurang Environmental Solutions Pvt. Ltd.,Environment clearance form,TOR,B1,Mining of minerals,M/s Paniram Narleng,MEGHALAYA,Umling,Baridua,,ML/SEAC/SEIAA/PP/RB/41/2024,,Non - Linear,0.4649,0.0,0.4649,0.0,0.0,0.0,0.0,0.0,0,0,0,NO,"",YES,NO,NO,2024-05-29T10:16:02.209+00:00,,,,,,,,,,,,,,,,,,,,,,,,,,,,,,,,,,,,,,,,,,,,,,,Ribhoi,,https://parivesh.nic.in/dms/okm/downloadDocument?docTypemappingId=40829&refId=62484532&refType=caf&uuid=2e1917b9-2236-4957-b9f1-8f3d163c2c6d&version=1.0,277463,https://parivesh.nic.in/newupgrade/#/report/ec?proposalId=62490430,0.0,6935.0
63039231,"The project site covering an area of 3.39 ha is private land. It is located at Lawladew, Permadan (Mawri-A), Eastern West Khasi Hills District, Meghalaya. The area lies between Longitude: 91°31'30.80""E to 91°31'39.30""E and Latitude: 25°32'21.50""N to 25°32'30.20""N. According to the approved Mining Plan, the total mineable reserve would be ‭3478944 Tonnes. Life of mine is 10 years. Targeted peak production is 347911 TPA during Plan period.",New,SIA/ML/MIN/470538/2024,2024-04-25T06:19:33.054+00:00,2024-10-14T07:26:41.256+00:00,EC Granted,3.39,24.75,WENDERLY MARWEIN,,Application for EC for Mining of Minor Minerals of Mine Lease (0-5 HA) - Form-2,EC,B2,,Marwein Boulderstone Mine,MEGHALAYA,Mawthadraishan,Permadan,,ML/SEAC/SEIAA/PP/EWKH/44/2024,,Non - Linear,3.39,0.0,3.39,0.0,0.0,0.0,0.0,0.0,0,0,0,Not applicable as the project or activity is site specific,,NO,NO,NO,2024-06-13T05:40:53.613+00:00,,,,,,,,,,,,,,,,,,,,,,,,,,,,,,,,,,,,,,,"H No. 160, Kynshi Bangla, Mawria, West Khasi Hills, Meghalaya","",17,Individual,Lessee,,17,,Eastern West Khasi Hills,,https://parivesh.nic.in/dms/okm/downloadDocument?docTypemappingId=40829&refId=63038171&refType=caf&uuid=490c7622-0262-4df9-99ff-cb34ac5f86e3&version=1.0,276947,https://parivesh.nic.in/newupgrade/#/report/ec?proposalId=63039231,0.0,20700.0
63289235,"M/s. Meghalaya Cements Limited is proposing Lum Padiar Shale Mine (Area 21.16 Ha) with Shale Production Capacity: 1,54,890 TPA at Village: Thangskai, P.O. & P.S. Lumshnong, Tehsil: Khliehriat, District:  East Jaintia Hills, State: Meghalaya.",New,SIA/ML/MIN/470648/2024,2024-04-25T13:04:34.996+00:00,2025-03-05T10:47:57.093+00:00,ToR Granted,21.16,520.0,MEGHALAYA CEMENTS LIMITED,J. M. Environet Pvt. Ltd.,Environment clearance form,TOR,B1,Mining of minerals,"Proposed Lum Padiar Shale Mine (Area 21.16 Ha) with Shale Production Capacity: 1,54,890 TPA at Village: Thangskai, P.O. & P.S. Lumshnong, Tehsil: Khliehriat, District:  East Jaintia Hills, State: Meghalaya of M/s. Meghalaya Cements Limited.",MEGHALAYA,Khliehriat,Thang Skai,,ML/SEAC/SEIAA/PP/EJH/42/2024,,Non - Linear,21.16,0.0,21.16,0.0,0.0,0.0,0.0,0.0,0,0,0,Not applicable as the project or activity is site specific,,NO,NO,NO,2024-04-27T12:12:07.039+00:00,,,,,,,,,,,,,,,,,,,,,,,,,,,,,,,,,,,,,,,,,,,,,,,East Jaintia Hills,,https://parivesh.nic.in/dms/okm/downloadDocument?docTypemappingId=40829&refId=63280743&refType=caf&uuid=7b057db5-6cf5-49bd-bdf5-3ec7ed3ab868&version=1.0,279462,https://parivesh.nic.in/newupgrade/#/report/ec?proposalId=63289235,0.0,6600.0
63573131,"The proposed project is a Boulder Stone Mine will be done by opencast semi mechanized method.Mine Area is over 0.80 ha. at Matchokchiring Village (Manggapara), District West Garo Hills, Meghalaya.The need and the importance of this Mine Project is mainly for the construction purpose for development (Private as well as Government projects). Huge demand for nearby towns and in the upcoming development projects.",New,SIA/ML/MIN/470812/2024,2024-04-27T07:56:00.779+00:00,2024-07-26T06:20:13.509+00:00,EC Granted,0.8,13.5,HANSENG A SANGMA,,Application for EC for Mining of Minor Minerals of Mine Lease (0-5 HA) - Form-2,EC,B2,,MATCHOKCHIRING STONE QUARRY,MEGHALAYA,Selsella,Matchinanggre,,ML/SEAC/SEIAA/PP/WGH/32/2024,,Non - Linear,0.8,0.0,0.8,0.0,0.0,0.0,0.0,0.0,0,0,0,Not applicable as the project or activity is site specific,,NO,NO,NO,2024-05-13T03:00:29.326+00:00,,,,,,,,,,,,,,,,,,,,,,,,,,,,,,,,,,,,,,,"C/o : Checkin CH Marak,31,Manggapara, Garobadha, South West Garo Hills, Meghalaya",,17,Individual,Owner,,17,,West Garo Hills,,https://parivesh.nic.in/dms/okm/downloadDocument?docTypemappingId=40829&refId=63572373&refType=caf&uuid=fce983a3-ad4d-459a-ba41-ce502df7d341&version=1.0,272963,https://parivesh.nic.in/newupgrade/#/report/ec?proposalId=63573131,27.0,8100.0
64092522,"The proposed project is a Boulder StoneMine will be done by opencast semimechanizedmethod. Mine Area is over 0.45 ha. at Sabraguri Village , District West Garo Hills, Meghalaya.The need and the importance of this Mine Project is mainly for the construction purpose fordevelopment (Private as well as Government projects). Huge demand for nearby towns and in theupcoming development projects.",New,SIA/ML/MIN/470893/2024,2024-04-28T13:36:56.957+00:00,2024-07-26T06:09:36.548+00:00,EC Granted,0.45,9.5,WASHING MARAK,,Application for EC for Mining of Minor Minerals of Mine Lease (0-5 HA) - Form-2,EC,B2,,SABRAGURI STONE QUARRY,MEGHALAYA,Selsella,Sapalguri,,ML/SEAC/SEIAA/PP/WGH/31/2024,,Non - Linear,0.45,0.0,0.45,0.0,0.0,0.0,0.0,0.0,0,0,0,Not applicable as the project or activity is site specific,,NO,NO,NO,2024-05-13T15:05:10.541+00:00,,,,,,,,,,,,,,,,,,,,,,,,,,,,,,,,,,,,,,,"C/o: Gonseng Sangma, House no 1, Village- Jongkipara, P.O - Garobadha",,17,Individual,Owner,,17,,West Garo Hills,,https://parivesh.nic.in/dms/okm/downloadDocument?docTypemappingId=40829&refId=64092383&refType=caf&uuid=a38d9ef6-a9ea-4088-a6ed-e79cc7e05c78&version=1.0,272879,https://parivesh.nic.in/newupgrade/#/report/ec?proposalId=64092522,23.0,6923.0
64093539,"The proposed project is a Building Stone Mine will be done by opencast semi mechanized method.Mine Area is over 1.99ha. at Bollonggre Village, District West Garo Hills, MeghalayaThe need and the importance of this Mine Project is mainly for the construction purpose for development (Private as well as Government projects). Huge demand for nearby towns and in the upcoming development projects.",New,SIA/ML/MIN/470895/2024,2024-04-28T15:37:58.471+00:00,2024-07-26T06:18:08.279+00:00,EC Granted,1.99,17.5,greballina ch marak,,Application for EC for Mining of Minor Minerals of Mine Lease (0-5 HA) - Form-2,EC,B2,,BOLLONGGRE BUILDING STONE MINE,MEGHALAYA,Selsella,Bolchugre,,ML/SEAC/SEIAA/PP/WGH/33/2024,NA,Non - Linear,1.99,0.0,1.99,0.0,0.0,0.0,0.0,0.0,0,0,0,Not applicable as the project or activity is site specific,,NO,NO,NO,2024-05-12T17:16:45.119+00:00,,,,,,,,,,,,,,,,,,,,,,,,,,,,,,,,,,,,,,,"Bollonggre,dhanua, selsella
west garo hills, meghalaya",,17,Individual,Owner,,17,,West Garo Hills,NA,https://parivesh.nic.in/dms/okm/downloadDocument?docTypemappingId=40829&refId=64093468&refType=caf&uuid=73f851b8-8d66-474a-9959-c444023f6e3e&version=1.0,273043,https://parivesh.nic.in/newupgrade/#/report/ec?proposalId=64093539,0.0,8400.0
64111337,The project is a fresh Mining Lease of Shale. The shale will be supplied to the cement plant of the lessee where it will be used as additive in the cement making.,New,SIA/ML/MIN/470918/2024,2024-04-29T06:30:31.034+00:00,2024-07-15T06:36:54.603+00:00,EC Granted,4.77,21.5,GREEN VALLIEY INDUSTRIES LIMITED,,Application for Corrigendum Form-13,OTHER,,,GVIL Shale Mine,MEGHALAYA,Khliehriat,Bri Shyrnot,,ML/SEAC/SEIAA/PP/EJH/2/2024,Not available,Non - Linear,4.77,0.0,4.77,0.0,0.0,0.0,0.0,0.0,0,0,0,Not applicable as the project or activity is site specific,,NO,NO,NO,2024-05-10T14:20:39.323+00:00,,,,,,,,,,,,,,,,,,,,,,,,,,,,,,,,,,,,,,,"Green Valliey Industries Limited, Nongsning Village",Brichyrnot Village,17,Private Limited,GM-Commercial,Nongsning Village,17,,East Jaintia Hills,Not available,https://parivesh.nic.in/dms/okm/downloadDocument?docTypemappingId=40829&refId=1260685&refType=caf&uuid=2644e8b5-f580-4d9b-95d4-65cfe3d80d77&version=1.0,,https://parivesh.nic.in/newupgrade/#/report/ec?proposalId=64111337,0.0,7500.0
64127241,"It is a minor mineral boulderstone mining project applying for reappraisal. The Mining Lease has not been granted till date. However, the Divisional Forest Officer has renewed the Letter of Intent (attached as annexure)",New,SIA/ML/MIN/470942/2024,2024-04-29T08:38:50.952+00:00,2024-12-05T11:17:40.546+00:00,ToR Granted,4.23,17.1804,KHRIKSHON LYNGKHOI,Gaurang Environmental Solutions Pvt. Ltd.,Environment clearance form,TOR,B1,Mining of minerals,M/S Khrikshon Lyngkhoi Boulder Stone Mine (4.23 Ha),MEGHALAYA,Khatarshnong Laitkroh,Laitkynsew ( Raid Mawlieh),,ML/SEAC/SEIAA/PP/EKH/72/2024,,Non - Linear,4.23,0.0,4.23,0.0,0.0,0.0,0.0,0.0,0,0,0,NO,"",NO,NO,NO,2024-08-20T08:00:28.052+00:00,,,,,,,,,,,,,,,,,,,,,,,,,,,,,,,,,,,,,,,,,,,,,,,East Khasi Hills,,https://parivesh.nic.in/dms/okm/downloadDocument?docTypemappingId=40829&refId=63299818&refType=caf&uuid=aa431714-c651-4f92-994e-edfa2fb2e4ac&version=1.0,278591,https://parivesh.nic.in/newupgrade/#/report/ec?proposalId=64127241,0.0,21900.0
64657252,"Newly proposed Tairos Boulderstone Mine of targeted peak capacity of 29792 TPA, is located over an area of 0.83 Ha. at Domkseh, Nongrangoi Village (Domwahlang), Nongstoin C&RD Block in the southern part of West Khasi Hills district, Meghalaya. The area is covered under Toposheet No. 78 O/6 of Survey of India & lies between the latitudes 25° 30' 21.841"" N to 25° 30' 25.570"" N and longitudes 91° 18' 52.822"" E to 91° 18' 56.700"" E. The block area lies at a distance of 7 km from the district HQ - Nongstoin town of West Khasi Hills district, Meghalaya and is accessible from the HQ via Nongstoin Road that is connected to NH 106. The nearest major railway station from the block is the Guwahati Railway Station (approx. 166 km road distance) which is connected to the proposed project site via NH 106. The nearest airport is the Umroi Airport (approx. 117 km road distance) which is also connected to the proposed project site via NH 106. The expected Life of Mine (LoM) is 10 years.",New,SIA/ML/MIN/471121/2024,2024-04-30T12:09:30.412+00:00,2025-02-07T07:19:07.302+00:00,EC Granted,0.83,20.0,TAIROS MARWEIN,Novomine India Private Limited,Environment clearance form,TOR,B2,Mining of minerals,Tairos Boulderstone Mine,MEGHALAYA,Nongstoin,Domwahlang,,ML/SEAC/SEIAA/PP/WKH/50/2024,,Non - Linear,0.83,0.0,0.83,0.0,0.0,0.0,0.0,0.0,0,0,0,Not applicable as the project or activity is site specific,,NO,NO,NO,2024-06-13T12:08:53.298+00:00,,,,,,,,,,,,,,,,,,,,,,,,,,,,,,,,,,,,,,,,,,,,,,,West Khasi Hills,,https://parivesh.nic.in/dms/okm/downloadDocument?docTypemappingId=40829&refId=63582544&refType=caf&uuid=106ad00e-849f-4a6e-ac2e-17a86ccc9f40&version=1.1,276796,https://parivesh.nic.in/newupgrade/#/report/ec?proposalId=64657252,250.0,7200.0
65371759,"Newly proposed Lynti Dkhar Limestone Quarry of targeted peak capacity of 32481 TPA, is located over an area of 1.24 Ha. at Lynti Dkhar Area, Ru-ing, Sohbar Sirdarship, Shella-Bholaganj C&RD Block in the southern part of East Khasi Hills district, Meghalaya. The area is covered under Toposheet No. 78 O/12 of Survey of India & lies between the latitudes 25°10’58.60” N to 25°10’54.50” N to and longitudes 91°44’54.20” E to 91°44’48.40” E. The block area lies at a distance of 78 km from the district HQ - Shillong of East Khasi Hills district, Meghalaya and is accessible from the HQ via SH5 that is connected to NH 106. The nearest major railway station from the block is the Guwahati Railway Station (approx. 168 km road distance) which is connected to the proposed project site via SH5. The nearest airport is the Shillong Airport (approx. 102 km road distance) which is also connected to the proposed project site via SH5. The expected Life of Mine (LoM) is 13 years.",New,SIA/ML/MIN/471694/2024,2024-05-04T07:25:27.163+00:00,,Under Verification,1.24,25.0,NEBARSON TYMMENNIANG,Novomine India Private Limited,Environment clearance form,TOR,B2,Mining of minerals,Lynti Dkhar Limestone Quarry,MEGHALAYA,Shella Bholaganj,Sohbar,,,,Non - Linear,1.24,0.0,1.24,0.0,0.0,0.0,0.0,0.0,0,0,0,Not applicable as the project or activity is site specific,,NO,NO,NO,2024-05-04T20:12:05.173+00:00,,,,,,,,,,,,,,,,,,,,,,,,,,,,,,,,,,,,,,,,,,,,,,,East Khasi Hills,,https://parivesh.nic.in/dms/okm/downloadDocument?docTypemappingId=40829&refId=65369754&refType=caf&uuid=9e7f2190-2e46-464c-9de0-5f6b0052cb90&version=1.0,278849,https://parivesh.nic.in/newupgrade/#/report/ec?proposalId=65371759,450.0,9300.0
66199852,"Construction of Faculty Apartment for 12 (Twelve) Units at NEHU, Permanent Campus Shillong",New,FP/ML/SCH/471945/2024,2024-05-06T16:36:35.119+00:00,,Final Diversion Order Issued,0.2,1003.0,Ministry of Education,,Forest clearance form,,,,"Faculty Apartment for 12 (Twelve) Units at NEHU, Permanent Campus Shillong",MEGHALAYA,Mylliem,Mawlai (CT),,,78O/14,Non - Linear,0.0,0.2,0.2,0.0,0.0,0.0,0.0,0.0,0,0,0,Not applicable as the project or activity is site specific,,NO,NO,NO,2024-05-20T18:30:00.000+00:00,,,Degraded Forest Land,true,,,,,,,,,,,,,,,,,,,,,,,,,,,,,,,,,,,"C/o Registrar, North-Eastern Hill University, East Khasi Hills, Shillong-793022",Shillong,17,Central Government (Department/Autonomous body),Registrar,Shillong,17,,East Khasi Hills,78O/14,https://parivesh.nic.in/dms/okm/downloadDocument?docTypemappingId=40829&refId=66199775&refType=caf&uuid=340c01ee-51d6-4567-a05c-ba2d337002e8&version=1.0;https://parivesh.nic.in/dms/okm/downloadDocument?docTypemappingId=58989&refId=66199775&refType=FC&uuid=8b743dd2-f019-45c2-97c5-9b860c52ac19&version=1.0,0,https://parivesh.nic.in/newupgrade/#/report/ec?proposalId=66199852,10.0,0.0
66201523,"Cluster of Class Room for Sciences at NEHU, Permanent Campus Shillong",New,FP/ML/SCH/471947/2024,2024-05-06T19:44:52.312+00:00,,Final Diversion Order Issued,0.33,1868.0,Ministry of Education,,Forest clearance form,,,,"Cluster of Class Room for Sciences at NEHU, Permanent Campus Shillong",MEGHALAYA,Mylliem,Mawlai (CT),,,78O/14,Non - Linear,0.0,0.33,0.33,0.0,0.0,0.0,0.0,0.0,0,0,0,Not applicable as the project or activity is site specific,,NO,NO,NO,2024-05-20T18:30:00.000+00:00,,,Degraded Forest Land,true,,,,,,,,,,,,,,,,,,,,,,,,,,,,,,,,,,,"C/o Registrar, North-Eastern Hill University, East Khasi Hills, Shillong-793022",Shillong,17,Central Government (Department/Autonomous body),Registrar,Shillong,17,,East Khasi Hills,78O/14,https://parivesh.nic.in/dms/okm/downloadDocument?docTypemappingId=40829&refId=66201512&refType=caf&uuid=a72913ff-b6d2-4dea-8ce4-4319cdf99fb9&version=1.0;https://parivesh.nic.in/dms/okm/downloadDocument?docTypemappingId=58989&refId=66201512&refType=FC&uuid=df2a7ad1-b7b0-4879-8da5-bcb52aa1cd53&version=1.0,0,https://parivesh.nic.in/newupgrade/#/report/ec?proposalId=66201523,10.0,0.0
66201612,"Cluster of Class Room for Other than Sciences at NEHU, Permanent Campus Shillong",New,FP/ML/SCH/471948/2024,2024-05-06T20:10:36.755+00:00,,Final Diversion Order Issued,0.3,1868.0,Ministry of Education,,Forest clearance form,,,,"Cluster of Class Room for Other than Sciences at NEHU, Permanent Campus Shillong",MEGHALAYA,Mylliem,Mawlai (CT),,,78O/14,Non - Linear,0.0,0.3,0.3,0.0,0.0,0.0,0.0,0.0,0,0,0,Not applicable as the project or activity is site specific,,NO,NO,NO,2024-05-20T18:30:00.000+00:00,,,Degraded Forest Land,true,,,,,,,,,,,,,,,,,,,,,,,,,,,,,,,,,,,"C/o Registrar, North-Eastern Hill University, East Khasi Hills, Shillong-793022",Shillong,17,Central Government (Department/Autonomous body),Registrar,Shillong,17,,East Khasi Hills,78O/14,https://parivesh.nic.in/dms/okm/downloadDocument?docTypemappingId=40829&refId=66201595&refType=caf&uuid=040344e9-07ec-44f6-bbe1-6c991c664734&version=1.0;https://parivesh.nic.in/dms/okm/downloadDocument?docTypemappingId=58989&refId=66201595&refType=FC&uuid=8aa5d453-1153-4eb9-9522-3f85f3857fd3&version=1.0,0,https://parivesh.nic.in/newupgrade/#/report/ec?proposalId=66201612,10.0,0.0
66209928,"96 (Ninety Six) Seated Girls Hostel including Warden's Residence at NEHU, Permanent Campus Shillong",New,FP/ML/SCH/471979/2024,2024-05-07T06:11:23.471+00:00,,Final Diversion Order Issued,0.26,1148.0,Ministry of Education,,Forest clearance form,,,,"96 (Ninety Six) Seated Girls Hostel including Warden's Residence at NEHU, Permanent Campus Shillong",MEGHALAYA,Mylliem,Mawlai (CT),,,78O/14,Non - Linear,0.0,0.26,0.26,0.0,0.0,0.0,0.0,0.0,0,0,0,Not applicable as the project or activity is site specific,,NO,NO,NO,2024-05-20T18:30:00.000+00:00,,,Degraded Forest Land,true,,,,,,,,,,,,,,,,,,,,,,,,,,,,,,,,,,,"C/o Registrar, North-Eastern Hill University, East Khasi Hills, Shillong-793022",Shillong,17,Central Government (Department/Autonomous body),Registrar,Shillong,17,,East Khasi Hills,78O/14,https://parivesh.nic.in/dms/okm/downloadDocument?docTypemappingId=40829&refId=66209483&refType=caf&uuid=248476c3-0b93-44b3-9cbe-e9b35b088390&version=1.0;https://parivesh.nic.in/dms/okm/downloadDocument?docTypemappingId=58989&refId=66209483&refType=FC&uuid=5c3a75ab-6877-42cd-b802-647caf61ff8b&version=1.0,0,https://parivesh.nic.in/newupgrade/#/report/ec?proposalId=66209928,10.0,0.0
66213011,"96 (Ninety Six) Seated Girls Hostel including Warden's Residence at NEHU, Permanent Campus Shillong",New,FP/ML/SCH/471988/2024,2024-05-07T06:48:15.007+00:00,,Final Diversion Order Issued,0.27,1148.0,Ministry of Education,,Forest clearance form,,,,"96 (Ninety Six) Seated Boys Hostel including Warden's Residence at NEHU, Permanent Campus Shillong",MEGHALAYA,Mylliem,Mawlai (CT),,,78O/14,Non - Linear,0.0,0.27,0.27,0.0,0.0,0.0,0.0,0.0,0,0,0,Not applicable as the project or activity is site specific,,NO,NO,NO,2024-05-20T18:30:00.000+00:00,,,Degraded Forest Land,true,,,,,,,,,,,,,,,,,,,,,,,,,,,,,,,,,,,"C/o Registrar, North-Eastern Hill University, East Khasi Hills, Shillong-793022",Shillong,17,Central Government (Department/Autonomous body),Registrar,Shillong,17,,East Khasi Hills,78O/14,https://parivesh.nic.in/dms/okm/downloadDocument?docTypemappingId=40829&refId=66212773&refType=caf&uuid=aacff216-74c8-4ced-92de-d36401a5d901&version=1.0;https://parivesh.nic.in/dms/okm/downloadDocument?docTypemappingId=58989&refId=66212773&refType=FC&uuid=b6e3e3c8-f98d-4c03-8105-e995ad9c7a55&version=1.0,0,https://parivesh.nic.in/newupgrade/#/report/ec?proposalId=66213011,10.0,0.0
66599194,"It is a minor mineral limestone mining project applying for reappraisal. The Mining Lease that was granted in favour of Smti Nondini Syiemlieh was transferred to Smti Siesoh Syiemlieh. Now, Smti Siesoh Syiemlieh is applying for reappraisal of EC.",New,SIA/ML/MIN/472290/2024,2024-05-09T07:03:05.783+00:00,2024-12-05T11:13:04.869+00:00,ToR Granted,3.375,24.8,SEISOH SYIEMLIEH,Gaurang Environmental Solutions Pvt. Ltd.,Environment clearance form,TOR,B1,Mining of minerals,Limestone Mine,MEGHALAYA,Shella Bholaganj,Tharia,,ML/SEAC/SEIAA/PP/EKH/68/2024,,Non - Linear,3.375,0.0,3.375,0.0,0.0,0.0,0.0,0.0,0,0,0,NO,"",NO,NO,NO,2024-08-20T03:31:30.958+00:00,,,,,,,,,,,,,,,,,,,,,,,,,,,,,,,,,,,,,,,,,,,,,,,East Khasi Hills,,https://parivesh.nic.in/dms/okm/downloadDocument?docTypemappingId=40829&refId=66594308&refType=caf&uuid=e1dde542-d697-4d41-8c57-2fc8be351057&version=1.5,278851,https://parivesh.nic.in/newupgrade/#/report/ec?proposalId=66599194,0.0,8395.0
66841418,"The proposal for handling & treatment of Municipal Solid Waste by establishing Integrated Municipal Solid Waste Management Facility is being initiated by Shillong Municipal Board, Government of Meghalaya to treat Municipal Solid Waste",New,SIA/ML/INFRA2/472341/2024,2024-05-09T10:42:20.326+00:00,2024-06-21T10:49:22.790+00:00,ToR Granted,45.3,21738.0,Housing & Urban Development Corporation Limited,Enviro Infra Solutions Pvt. Ltd.,Environment clearance form,TOR,B1,Common Municipal Solid Waste Management Facility (CMSWMF),"Proposed Integrated Solid Waste Management Facilities including a new sanitary landfill site for Shillong in Village: Nonghali, district: East Khasi  Hills, Meghalaya.",MEGHALAYA,Thadlaskein,Bamkamar,,ML/SEAC/SEIAA/PP/EKH/36/2024,,Hybrid,45.3,0.0,45.3,0.0,0.0,0.0,0.0,0.0,0,0,0,Not applicable as the project or activity is site specific,,NO,NO,NO,2024-05-09T13:03:50.705+00:00,,,,,,,,,,,,,,,,,,,,,,,,,,,,,,,,,,,,,,,,,,,,,,,West Jaintia Hills,,https://parivesh.nic.in/dms/okm/downloadDocument?docTypemappingId=40829&refId=66620249&refType=caf&uuid=7aaaa0e4-58a7-4698-890a-d66763aa7925&version=1.0,279110,https://parivesh.nic.in/newupgrade/#/report/ec?proposalId=66841418,17280.0,28800.0
67759235,It is a minor mineral lime stone mining project applying for reappraisal,New,SIA/ML/MIN/472724/2024,2024-05-13T11:01:19.725+00:00,2024-12-05T11:16:24.556+00:00,ToR Granted,2.3125,24.2,KUNTIMAI TANGDHARA,Gaurang Environmental Solutions Pvt. Ltd.,Environment clearance form,TOR,B1,Mining of minerals,RIKALENG LIME STONE,MEGHALAYA,Shella Bholaganj,Sohbar,,ML/SEAC/SEIAA/PP/EKH/2024,,Non - Linear,2.3125,0.0,2.3125,0.0,0.0,0.0,0.0,0.0,0,0,0,NO,"",NO,NO,NO,2024-08-19T17:57:09.476+00:00,,,,,,,,,,,,,,,,,,,,,,,,,,,,,,,,,,,,,,,,,,,,,,,East Khasi Hills,,https://parivesh.nic.in/dms/okm/downloadDocument?docTypemappingId=40829&refId=67749541&refType=caf&uuid=ca985171-182e-42ce-abcb-816800bc13c1&version=1.0,278849,https://parivesh.nic.in/newupgrade/#/report/ec?proposalId=67759235,0.0,9125.0
68086298,"Rongsanggre Stone Mine is located at Village – Rongsanggre, P.O. – New Bhaitbari, P.S.-Phulbari, District-West Garo Hills, State – Meghalaya, over an area of 0.81 Ha. The project envisages 64905.6 cubic meters (175245.1 MT) of stone production from Rongsanggre Stone Mine during the planned period. Maximum production per year from the Mine will be 13479.2 Cum / 36393.9 Tons per year (max).",New,SIA/ML/MIN/472935/2024,2024-05-15T05:39:11.804+00:00,2024-07-26T06:25:16.054+00:00,EC Granted,0.81,84.7,TOMEN MARAK,,Application for EC for Mining of Minor Minerals of Mine Lease (0-5 HA) - Form-2,EC,B2,,RONGSANGGRE STONE MINE,MEGHALAYA,Selsella,Rongsanggre (Selsella),,ML/SEAC/SEIAA/PP/WGH/43/2024,,Non - Linear,0.81,0.0,0.81,0.0,0.0,0.0,0.0,0.0,0,0,0,Not applicable as the project or activity is site specific,,NO,NO,NO,2024-05-15T07:17:47.508+00:00,,,,,,,,,,,,,,,,,,,,,,,,,,,,,,,,,,,,,,,"RONGSANGGRE, BHAITBARI (NEW), WEST GARO HILLS, MEGHALAYA",,17,Individual,owner,,17,,West Garo Hills,,https://parivesh.nic.in/dms/okm/downloadDocument?docTypemappingId=40829&refId=68084748&refType=caf&uuid=0bfb4da6-1298-48da-81c7-161354af3dc9&version=1.0,273074,https://parivesh.nic.in/newupgrade/#/report/ec?proposalId=68086298,0.0,6000.0
68126987,"The Project is a Proposed Mining Lease of Shale  in Tongseng village, The shale will be supplied to the cement plant,  where it will be used as additive in the cement making and positive impact by way of providing employment to the local inhabitants.",New,SIA/ML/MIN/472996/2024,2024-05-15T09:44:19.523+00:00,2024-08-12T10:24:43.000+00:00,EC Granted,4.99,137.0,STAR CEMENT LIMITED,,Environment clearance form,TOR,B2,Mining of minerals,Tongseng Shale Deposit (4.99 Ha),MEGHALAYA,Khliehriat,Bri Shyrnot,,ML/SEAC/SEIAA/PP/EJH/48/2024,Not available,Linear,4.99,0.0,4.99,0.0,0.0,0.0,0.0,0.0,0,0,0,Not applicable as the project or activity is site specific,,NO,NO,NO,2024-06-01T04:40:15.103+00:00,,,,,,,,,,,,,,,,,,,,,,,,,,,,,,,,,,,,,,,,,,,,,,,East Jaintia Hills,Not available,https://parivesh.nic.in/dms/okm/downloadDocument?docTypemappingId=40829&refId=68066672&refType=caf&uuid=de7c73d2-3950-471f-b23c-049d0d87eb00&version=1.0,279464,https://parivesh.nic.in/newupgrade/#/report/ec?proposalId=68126987,0.0,8400.0
70426283,Crematory ground where dead bodies are brought to be burn on pyre. Since  We dont have a permanent crematory ground at Baghmara due to unavaillability of Land under Municipal Area. Therefore the Forest reserve land is propose for the Crematory ground.,New,FP/ML/OTHERS/474780/2024,2024-05-23T06:45:35.449+00:00,,REMOVED,,,SHIVANSH AWASTHI,,Forest clearance form,,,,Creation of Cremation ground at Reserve Gittim under DRDA South Garo Hills Baghmara,MEGHALAYA,,,,,,,,,,,,,,,,,,,,,,,2024-06-12T06:45:34.178+00:00,,,,false,,,,,,,,,,,,,,,,,,,,,,,,,,,,,,,,,,,DRDA SOUTH GARO HILLS BAGHMARA,Baghmara,17,State Government (Department/Autonomous body),Deputy Commissioner,Baghmara,17,,,,https://parivesh.nic.in/dms/okm/downloadDocument?docTypemappingId=40829&refId=70424032&refType=caf&uuid=c3b82eec-52f5-4179-8695-a0bf2aaad58e&version=1.0;https://parivesh.nic.in/dms/okm/downloadDocument?docTypemappingId=58989&refId=70424032&refType=FC&uuid=025251ed-879e-48a5-b4af-a1dbe7eb35a0&version=1.0,,https://parivesh.nic.in/newupgrade/#/report/ec?proposalId=70426283,,
70500494,"The project envisages 458260 cubic meters (412434 Tonnes) of stone production from Building Stone during the planned period. Maximum production per year from the Mine will be 173415 Cum. (Max.) / 468221 Tonnes (Max.) per year.Songma Stone Mine is located at Village– Koks Songma, P.O.-Dagal A. Pal, P.S.-Songsak, District – East Garo Hills, State- Meghalaya, over an area of 4.94 Acres (2.0 Ha.).",New,SIA/ML/MIN/475087/2024,2024-05-24T04:35:00.254+00:00,2024-10-15T06:02:08.705+00:00,EC Granted,2.0,173.585,PREMSONS PROMOTERS PRIVATE LIMITED,,Application for EC for Mining of Minor Minerals of Mine Lease (0-5 HA) - Form-2,EC,B2,,KOKSI SONGMA STONE MINE,MEGHALAYA,Songsak,Koksi Songma,,ML/SEAC/SEIAA/PP/EGH/40/2024,,Non - Linear,2.0,0.0,2.0,0.0,0.0,0.0,0.0,0.0,0,0,0,Not applicable as the project or activity is site specific,,NO,NO,NO,2024-05-24T06:13:05.242+00:00,,,,,,,,,,,,,,,,,,,,,,,,,,,,,,,,,,,,,,,"PREMSONS  PROMOTERS PRIVATE LIMITED
MR. RAJESH 
C/O: RAMPHAL SINGH
AT HOUSE NO. 753, SECTOR-9, JIND (HARIYANA)",,6,Individual,project head,,6,,East Garo Hills,,https://parivesh.nic.in/dms/okm/downloadDocument?docTypemappingId=40829&refId=70499699&refType=caf&uuid=19d3b396-6725-485f-8da6-2a27197c386e&version=1.0,275232,https://parivesh.nic.in/newupgrade/#/report/ec?proposalId=70500494,0.0,14700.0
70549213,"Lumshnong Limestone Mine of  Star Cement Limited for enhancement in production capacity of Limestone from 9 Lakh TPA (ROM) to 25 Lakh TPA (ROM) with 5 Lacs TPA of waste including soil (Total Excavation: 30.0 Lakhs TPA) in the mine lease area of 70ha, located at village Lumshnong, Tehsil Khliehriat, District East Jaintia Hills, Meghalaya",Expansion,IA/ML/MIN/475275/2024,2024-05-24T10:12:25.741+00:00,2024-08-06T07:28:26.547+00:00,EC Granted,70.0,2550.0,STAR CEMENT LIMITED,,Application for Amendment in EC- Form-4,OTHER,B1,,Amendment in Environment Clearance for  for project Lumshnong Limestone Mine of Star Cement Limited for reduction in mining lease area from 70 ha to 66.98 ha and permission for Limestone production from 15 Lakh TPA(ROM) to 25 lakh TPA (ROM) through road transportation with advance mitigation measures.,MEGHALAYA,Khliehriat,Lum Shnong,J-11015/34/2017-IA.II(NCM),,,Non - Linear,65.18,4.82,70.0,0.0,0.0,0.0,665.0,1885.0,0,0,0,Not applicable as the project or activity is site specific,,NO,NO,NO,2024-05-25T10:09:13.256+00:00,,,,,,,,,,,,,,,,,,,,,,,,,,,,,,,,,,,,,,,,,,,,,,,East Jaintia Hills,,https://parivesh.nic.in/dms/okm/downloadDocument?docTypemappingId=40829&refId=70425569&refType=caf&uuid=e188d224-973c-4640-a345-af2ec64fec8f&version=1.1;https://parivesh.nic.in/dms/okm/downloadDocument?docTypemappingId=40829&refId=70434035&refType=caf&uuid=66e517f8-82b7-4033-9305-619b94d62585&version=1.1,279465,https://parivesh.nic.in/newupgrade/#/report/ec?proposalId=70549213,0.0,25200.0
71313288,Construction of 54 m Bailey Bridge to connect Saibual and Moulasei,New,FP/ML/ROAD/476384/2024,2024-05-27T12:09:14.508+00:00,,Pending at DFO for Compensatory Levies,0.04,477.34,dISTRICT rURAL dEVELOPMENT aGENCY,,Forest clearance form,,,,CONSTRUCTION OF 54.00M BAILEY BRIDGE OVER RIVER KHYNRIEM BETWEEN SAIBUAL AND MOULASEI.,MEGHALAYA,Saipung,Moulsei,,,,Linear,0.02,0.02,0.04,0.0,0.0,0.0,0.0,0.0,0,0,0,Not applicable as the project or activity is site specific,,NO,NO,NO,2024-06-20T10:29:57.254+00:00,,,Degraded Forest Land,true,,,,,,,,,,,,,,,,,,,,,,,,,,,,,,,,,,,"Khliehriat, East Jaintia Hills, Meghalaya",Saibual,17,State Government (Department/Autonomous body),Project Director & Additional Deputy Commissioner,Khliehriat,17,,East Jaintia Hills,,https://parivesh.nic.in/dms/okm/downloadDocument?docTypemappingId=40829&refId=71295692&refType=caf&uuid=63bd35da-a8ea-4cef-a1e8-3623be92e028&version=1.0;https://parivesh.nic.in/dms/okm/downloadDocument?docTypemappingId=58989&refId=71295692&refType=FC&uuid=8c7e4db7-85cf-4797-90a2-8083f09423d9&version=1.2,279566,https://parivesh.nic.in/newupgrade/#/report/ec?proposalId=71313288,0.0,0.0
71626077,"The Simsang Dam Project (60 MW) is proposed to be developed as a storage based power project
located in the Simsang River at Rongkhandi near Nangwalbibra Township under East Garo
Hills/ South Garo Hills Districts of Meghalaya. The project Dam site is located at Latitude & Longitude 25o 28’ 29” North and 90o 41’ 39” East.",Amendment,SIA/ML/RIV/476515/2024,2024-05-28T05:28:38.761+00:00,2024-08-12T09:36:31.915+00:00,ToR Granted,368.56,97180.0,BRAHMAPUTRA BOARD SHILLONG,R. S. Envirolinks Technologies Pvt. Ltd.,Application for amendment in ToR (for categories A & B1)/Amendment in EC (for category B2)- Form-3,OTHER,B1,River Valley/Irrigation projects,Simsang Dam Project,MEGHALAYA,Baghmara,Lower patalgittim,,ML/SEAC/SEIAA/PP/EGH/SGH/51/2024,,Non - Linear,10.18,358.38,368.56,0.0,0.0,0.0,0.0,0.0,0,0,0,Not applicable as the project or activity is site specific,,NO,NO,NO,2024-06-03T08:19:26.963+00:00,,,,,,,,,,,,,,,,,,,,,,,,,,,,,,,,,,,,,,,,,,,,,,,South Garo Hills,,https://parivesh.nic.in/dms/okm/downloadDocument?docTypemappingId=40829&refId=70076828&refType=caf&uuid=9b385cd7-869a-43c1-b219-08fe0e012bcf&version=1.1;https://parivesh.nic.in/dms/okm/downloadDocument?docTypemappingId=40829&refId=71623249&refType=caf&uuid=af32cae7-6a13-4c9f-8ef8-ff63ad5122d3&version=1.0,276021,https://parivesh.nic.in/newupgrade/#/report/ec?proposalId=71626077,146000.0,365000.0
71643920,It is a minor mineral limestone mining project requiring reappraisal.,New,SIA/ML/MIN/476560/2024,2024-05-28T06:49:16.279+00:00,2025-02-07T07:17:55.711+00:00,EC Granted,4.55,23.0,SHEMPHANG lAKASHIANG,,Application for EC for Mining of Minor Minerals of Mine Lease (0-5 HA) - Form-2,EC,B2,,M/S Amlari Amkhlew Limestone Mine,MEGHALAYA,Amlarem,Nongtalang Main,,ML/SEAC/SEIAA/PP/WJH/93/2024,,Non - Linear,4.55,0.0,4.55,0.0,0.0,0.0,0.0,0.0,0,0,0,NO,"",NO,NO,NO,2024-12-16T09:46:30.771+00:00,,,,,,,,,,,,,,,,,,,,,,,,,,,,,,,,,,,,,,,"Amjalong Village, West Jaintia Hills, Meghalaya",Amjalong Village,17,Individual,Proprietor,Amjalong Village,17,,West Jaintia Hills,,https://parivesh.nic.in/dms/okm/downloadDocument?docTypemappingId=40829&refId=71620242&refType=caf&uuid=8e12ccd3-1116-407f-834d-63ce3f37a3b6&version=1.0,279340,https://parivesh.nic.in/newupgrade/#/report/ec?proposalId=71643920,0.0,17520.0
74008882,Mining of limestone,New,SIA/ML/MIN/479189/2024,2024-06-05T11:25:02.480+00:00,2024-07-26T06:03:52.211+00:00,EC Granted,1.2,27.5,SMT SYLVA R SANGMA,,Application for Corrigendum Form-13,OTHER,,,SYLVA LIMESTONE MINE,MEGHALAYA,Ranikor,Sooling,,,,Non - Linear,1.2,0.0,1.2,0.0,0.0,0.0,0.0,0.0,0,0,0,Not applicable as the project or activity is site specific,,NO,NO,NO,2024-06-23T14:40:31.701+00:00,,,,,,,,,,,,,,,,,,,,,,,,,,,,,,,,,,,,,,,"Samgonggre, East Garo Hills, District Meghalaya",,17,Private Limited,Owner,Umpling,17,,South West Khasi Hills,,https://parivesh.nic.in/dms/okm/downloadDocument?docTypemappingId=40829&refId=73975771&refType=caf&uuid=cf28d44c-dd06-4a8d-89a2-bc9fb5718208&version=1.0,277135,https://parivesh.nic.in/newupgrade/#/report/ec?proposalId=74008882,6923.0,6923.0
74117192,"Received administrative approval from the Government of Meghalaya to construct an organized  public necessitated, commercial space with a parking facility. The Public necessitated hub will get rid of vehicular roadside parking and hawking along the stretch, facilitating an unhindered flow of vehicular traffic and market operations. The project constitutes a Parking facility (G+1) and a commercial Area of 4 floors, inclusively G+5 structure. 
 
Total FAR Area - 0.454 Ha. 
Forest diversion Area 0.2167 Ha. 

Type of Structure - RCC.
The development includes STP plants, Rain Water Harvesting tanks, Fire & water hydrants, external development with landscaping and MEP works on EPC basis.",New,FP/ML/OTHERS/479485/2024,2024-06-06T11:38:41.219+00:00,,Final Diversion Order Issued,0.2167,4400.0,SHILLONG SMART CITY LIMITED,,Forest clearance form,,,,"Development of Commercial Building on Engineering, Procurement & Construction(EPC) Basis at Polo Market Junction, Near Majestic Hotel, Shillong",MEGHALAYA,Mylliem,Pynthormukhrah (CT),,,780/14,Non - Linear,0.0,0.2167,0.2167,0.0,0.0,0.0,0.0,0.0,0,0,0,Not applicable as the project or activity is site specific,,NO,NO,NO,2024-06-10T18:30:00.000+00:00,,,Degraded Forest Land,true,,,,,,,,,,,,,,,,,,,,,,,,,,,,,,,,,,,"SHILLONG SMART CITY  ( DEPT OF URBAN AFFAIRS) TOP FLOOR
HOUSE NO C/B 037 CENTRE NONGRIMHILLS 
NEAR JJ CABLES
SHILLONG",SHILLONG,17,"State PSU (eg. State Forest Corp., TANGEDCO, Mineral development Corp)",CHIEF EXECUTIVE OFFICER,SHILLONG,17,,East Khasi Hills,780/14,https://parivesh.nic.in/dms/okm/downloadDocument?docTypemappingId=40829&refId=66411635&refType=caf&uuid=3fb06c14-42ce-4fe6-a1fa-dc776934fa17&version=1.2;https://parivesh.nic.in/dms/okm/downloadDocument?docTypemappingId=58989&refId=66411635&refType=FC&uuid=85af85ad-975e-432d-87e8-b406b835ae15&version=1.8,0,https://parivesh.nic.in/newupgrade/#/report/ec?proposalId=74117192,54750.0,49275.0
74734046,It is a minor mineral boulderstone mining project.,New,SIA/ML/MIN/479898/2024,2024-06-08T07:40:54.427+00:00,2024-11-27T11:17:43.251+00:00,EC Granted,1.99,23.7507,KYNTONBOR MAWSOR,,Application for EC for Mining of Minor Minerals of Mine Lease (0-5 HA) - Form-2,EC,B2,,RANGJADAP BOULDERSTONE MINE,MEGHALAYA,Mawshynrut,Chisimpara,,ML/SEAC/SEIAA/PP/WGH/77/2024,,Non - Linear,1.99,0.0,1.99,0.0,0.0,0.0,0.0,0.0,0,0,0,NO,"",NO,NO,NO,2024-09-15T15:11:57.504+00:00,,,,,,,,,,,,,,,,,,,,,,,,,,,,,,,,,,,,,,,"Mawkhlam Nongpyndeng, West Khasi Hills District, Meghalaya",Mawkhlam Nongpyndeng,17,Individual,Proprietor,Mawkhlam Nongpyndeng,17,,West Khasi Hills,,https://parivesh.nic.in/dms/okm/downloadDocument?docTypemappingId=40829&refId=74724016&refType=caf&uuid=b653b6c8-5d9e-4f2a-98dd-e3553fcc0a5e&version=1.0,276359,https://parivesh.nic.in/newupgrade/#/report/ec?proposalId=74734046,0.0,7300.0
75304253,It is a open cast mine with mining of limestone mineral. The proposed maximum production will be 5 MTPA along with maximum 4.769 million tons per annum  of OB and maximum 0.564 million tons per annum of top soil. The maximum excavation will be 5.33 million tons per annum.,New,IA/ML/MIN/480273/2024,2024-06-10T09:56:36.018+00:00,2024-06-30T08:07:40.523+00:00,Withdrawal Request Accepted,130.33,20000.0,MEGHATOP CEMENT PRIVATE LIMITED,Perfact Enviro Solutions Pvt. Ltd.,Environment clearance form,TOR,B1,Mining of minerals,Meghatop Limestone mine with proposed maximum production capcity of 5 MTPA by M/s Meghatop Cement Pvt Limited,MEGHALAYA,Khliehriat,Bri Shyrnot,,,,Non - Linear,130.33,0.0,130.33,0.0,0.0,0.0,0.0,0.0,0,0,0,NO,"The project or activity is site specific, therefore no site alternatives analysis is required.",NO,NO,NO,2024-06-10T13:06:18.712+00:00,,,,,,,,,,,,,,,,,,,,,,,,,,,,,,,,,,,,,,,,,,,,,,,East Jaintia Hills,,https://parivesh.nic.in/dms/okm/downloadDocument?docTypemappingId=40829&refId=75294339&refType=caf&uuid=70e13b7a-ffed-46f1-a573-49b93581d81f&version=1.1,279464,https://parivesh.nic.in/newupgrade/#/report/ec?proposalId=75304253,12000.0,528000.0
75958797,"Newly proposed Lynti Dkhar Limestone Quarry of targeted peak capacity of 32481 TPA, is located over an area of 1.24 Ha. at Lynti Dkhar Area, Ru-ing, Sohbar Sirdarship, Shella-Bholaganj C&RD Block in the southern part of East Khasi Hills district, Meghalaya. The area is covered under Toposheet No. 78 O/12 of Survey of India & lies between the latitudes 25°10’58.60” N to 25°10’54.50” N to and longitudes 91°44’54.20” E to 91°44’48.40” E. The block area lies at a distance of 78 km from the district HQ - Shillong of East Khasi Hills district, Meghalaya and is accessible from the HQ via SH5 that is connected to NH 106. The nearest major railway station from the block is the Guwahati Railway Station (approx. 168 km road distance) which is connected to the proposed project site via SH5. The nearest airport is the Shillong Airport (approx. 102 km road distance) which is also connected to the proposed project site via SH5. The expected Life of Mine (LoM) is 13 years.",New,SIA/ML/MIN/480726/2024,2024-06-12T08:36:24.566+00:00,2024-12-02T09:12:34.037+00:00,ToR Granted,1.24,25.0,NEBARSON TYMMENNIANG,Novomine India Private Limited,Environment clearance form,TOR,B1,Mining of minerals,Lynti Dkhar Limestone Quarry,MEGHALAYA,Shella Bholaganj,Sohbar,,ML/SEAC/SEIAA/PP/EKH/49/2024,,Non - Linear,1.24,0.0,1.24,0.0,0.0,0.0,0.0,0.0,0,0,0,Not applicable as the project or activity is site specific,,NO,NO,NO,2024-06-13T05:00:46.994+00:00,,,,,,,,,,,,,,,,,,,,,,,,,,,,,,,,,,,,,,,,,,,,,,,East Khasi Hills,,https://parivesh.nic.in/dms/okm/downloadDocument?docTypemappingId=40829&refId=65375197&refType=caf&uuid=00f391ee-f42b-4096-a034-32819fa6e67f&version=1.0,278849,https://parivesh.nic.in/newupgrade/#/report/ec?proposalId=75958797,450.0,9300.0
76606097,"Environmental Clearance (EC) for the Umsoo-Mootang limestone mine (Block -III) (ML area-4.90 Ha) at Umsoo-Mootang Area, Thangskai Village, Narpuh Elaka, P.O. Lumshnong in East Jaintia Hills District, Meghalaya, was granted by the State Environment Impact Assessment Authority (SEIAA), Meghalaya vide letter No. SEIAA/2125(E)/PR-10/2015/247/945-969 dated 22.12.2017 and it was transferred from M/s Adhunik Cement Ltd. to Dalmia Cement (Bharat) Ltd. vide letter vide letter no. SEIAA/2125(E)/PR-10/2015/312 dated 28th June 2022.",New,SIA/ML/MIN/481127/2024,2024-06-14T05:29:25.086+00:00,2025-03-10T11:29:50.757+00:00,EC Granted,4.9,347.15,DALMIA CEMENT (BHARAT) LIMITED,,Application for Validity Extension of EC- Form-6,OTHER,,,"Umsoo Mootang Limestone Mine (Block III) ML area 4.90 ha, limestone production 6.88 LakhsTPA at Umsoo Mootang area, Thangskai village, Narpuh Elaka,P.O. Limshong, East Jaintia Hills Dist., Meghalaya",MEGHALAYA,Khliehriat,Thang Skai,,ML/SEAC/SEIAA/PP/EJH/61/2024,Patta No / Sale Deed no is 45 of 20027,Non - Linear,0.0,4.9,4.9,0.0,0.0,0.0,0.0,0.0,0,0,0,Not applicable as the project or activity is site specific,,YES,NO,NO,2024-07-03T09:04:39.421+00:00,,,,,,,,,,,,,,,,,,,,,,,,,,,,,,,,,,,,,,,,,,,,,,,East Jaintia Hills,Patta No / Sale Deed no is 45 of 20027,https://parivesh.nic.in/dms/okm/downloadDocument?docTypemappingId=40829&refId=76321563&refType=caf&uuid=f7226b8c-2892-48b6-a5a5-bf551fc09f07&version=1.0,279462,https://parivesh.nic.in/newupgrade/#/report/ec?proposalId=76606097,0.0,3650.0
76691767,It is a minor mineral limestone mining project applying for reappraisal of EC,New,SIA/ML/MIN/481442/2024,2024-06-15T06:41:34.906+00:00,2024-12-05T11:19:07.066+00:00,ToR Granted,4.3,20.0,DUKANI TARIANG,Gaurang Environmental Solutions Pvt. Ltd.,Environment clearance form,TOR,B1,Mining of minerals,M/S Amsyndui Lime Stone Mine,MEGHALAYA,Amlarem,Nongtalang Main,,ML/SEAC/SEIAA/PP/PP/WJH/70/2024,,Non - Linear,4.3,0.0,4.3,0.0,0.0,0.0,0.0,0.0,0,0,0,NO,"",NO,NO,NO,2024-08-18T12:24:03.898+00:00,,,,,,,,,,,,,,,,,,,,,,,,,,,,,,,,,,,,,,,,,,,,,,,West Jaintia Hills,,https://parivesh.nic.in/dms/okm/downloadDocument?docTypemappingId=40829&refId=75644468&refType=caf&uuid=cff2adba-4072-4b6c-9f28-094afc3afdb9&version=1.0,279340,https://parivesh.nic.in/newupgrade/#/report/ec?proposalId=76691767,0.0,6600.0
77037677,"The proposal is for production of building stone from Rochonpara Stone Mine from lease area of 1.00 Ha. The maximum annual production from the Mine shall be 44,741.8 cubic meters per year (1,20,802.9 Tons/year) and 29,366.5 Cubic meters (maximum) / 25,289.6 Tons per year in the plan period.",New,SIA/ML/MIN/481891/2024,2024-06-17T09:33:56.226+00:00,2024-10-15T06:05:11.910+00:00,EC Granted,1.0,67.3,SANITHA MARAK,,Environment clearance form,EC,B1,,"Rochonpara Stone Mine, located at Village - Rochonpara, P.O.- Dhanua, P.S. – Garobadha, Dist. – West Garo Hills, State – Meghalaya, over an area of 1.00 Hectares.",MEGHALAYA,Selsella,Abagre,,ML/SEAC/SEIAA/PP/WGH/52/2024,,Non - Linear,1.0,0.0,1.0,0.0,0.0,0.0,0.0,0.0,0,0,0,Not applicable as the project or activity is site specific,,NO,NO,NO,2024-06-17T10:45:01.742+00:00,,,,,,,,,,,,,,,,,,,,,,,,,,,,,,,,,,,,,,,,,,,,,,,West Garo Hills,,https://parivesh.nic.in/dms/okm/downloadDocument?docTypemappingId=40829&refId=77024219&refType=caf&uuid=59228381-c563-4252-a0d8-1da90969c354&version=1.0,273035,https://parivesh.nic.in/newupgrade/#/report/ec?proposalId=77037677,0.0,7400.0
77129513,It is a minor mineral limestone mining project,New,SIA/ML/MIN/482259/2024,2024-06-18T12:54:52.188+00:00,2024-11-05T09:48:28.840+00:00,EC Granted,2.681,20.0,IAID BAMON,,Environment clearance form,EC,B1,,KREM SHRIEH LIMESTONE MINE,MEGHALAYA,Khliehriat,Wahiajer,,ML/SEAC/SEIAA/PP/EJH/56/2024,,Non - Linear,2.681,0.0,2.681,0.0,0.0,0.0,0.0,0.0,0,0,0,NO,"",NO,NO,NO,2024-06-23T08:54:57.153+00:00,,,,,,,,,,,,,,,,,,,,,,,,,,,,,,,,,,,,,,,,,,,,,,,East Jaintia Hills,,https://parivesh.nic.in/dms/okm/downloadDocument?docTypemappingId=40829&refId=77098581&refType=caf&uuid=ec0cc95f-90b5-4bc5-be00-e15fc13634f9&version=1.0,279463,https://parivesh.nic.in/newupgrade/#/report/ec?proposalId=77129513,0.0,17155.0
77492117,Construction of Water Reservoir tank and two zonal tank.,New,FP/ML/Pipeline/482619/2024,2024-06-20T06:32:54.817+00:00,,Final Diversion Order Issued,0.0122,20.0,EDWARD LYNSHING,,Forest clearance form,,,,Construction of Water reservoir Tank and two zonal tanks at Sawmer Shiteng Upper Shillong Protected Forest.,MEGHALAYA,Mylliem,4 Th. Mile,,,,Hybrid,0.0,0.0122,0.0122,0.0,0.0,0.0,0.0,0.0,0,0,0,Not applicable as the project or activity is site specific,,NO,NO,NO,2024-09-24T18:30:00.000+00:00,,,Degraded Forest Land,true,,,,,,,,,,,,,,,,,,,,,,,,,,,,,,,,,,,"Sawmer Upper Shillong, 793005",Sawmer Shiteng Shillong,17,Joint Venture (Pvt. + Pvt.),Secretary,Sawmer Shiteng Shillong,17,,East Khasi Hills,,https://parivesh.nic.in/dms/okm/downloadDocument?docTypemappingId=40829&refId=5974640&refType=caf&uuid=6f042626-afb4-4462-a868-22042074a199&version=1.0;https://parivesh.nic.in/dms/okm/downloadDocument?docTypemappingId=58989&refId=5974640&refType=FC&uuid=0f297e08-27a7-43d2-b4fe-d618d5c71d2a&version=1.0,278297,https://parivesh.nic.in/newupgrade/#/report/ec?proposalId=77492117,370.0,367.0
77559460,It is a minor mineral sand and gravel mining project,New,SIA/ML/MIN/482835/2024,2024-06-21T05:10:50.623+00:00,2025-09-19T11:19:51.616+00:00,EC Granted,1.95,16.0,MARKON MARAK,,Application for EC for Mining of Minor Minerals of Mine Lease (0-5 HA) - Form-2,EC,B2,,BOLONGPANG SAND AND GRAVEL MINE,MEGHALAYA,Resubelpara,Bolongpang,,ML/SEAC/SEIAA/PP/NGH/59/2024,,Non - Linear,1.95,0.0,1.95,0.0,0.0,0.0,0.0,0.0,0,0,0,NO,"",NO,NO,NO,2024-07-06T06:32:07.838+00:00,,,,,,,,,,,,,,,,,,,,,,,,,,,,,,,,,,,,,,,"Ta.kingittim, West Garo Hills,Tura",Ta kingittim,17,Individual,Proprietor,"",17,,North Garo Hills,,https://parivesh.nic.in/dms/okm/downloadDocument?docTypemappingId=40829&refId=77558596&refType=caf&uuid=c12d3b1e-4d3f-470f-9f76-e1746ff5165e&version=1.0,0,https://parivesh.nic.in/newupgrade/#/report/ec?proposalId=77559460,0.0,6935.0
77578031,"Present Proposal pertains to obtain the Environmental Clearance (EC) for Mulieh Umlong Limestone Mine of ACL spread over an extent of 7.33 Ha at Umlong Village, Khiehriat Taluka, East Jantia Hills District, Meghalaya. The proposed Limestone Production 0.5 MTPA with Total Excavation 0.671 MTPA (Limestone: 0.5 MTPA +Top Soil: 0.004 MTPA + Overburden: 0.167 MTPA).",New,SIA/ML/MIN/482899/2024,2024-06-21T07:52:15.466+00:00,2025-02-05T10:15:44.138+00:00,EC Granted,7.33,150.0,AMRIT CEMENT LIMITED,,Environment clearance form,EC,B1,,"Proposed Mulieh Umlong Limestone Mine of Amrit Cement Limited (Mine Lease Area: 7.33 Ha,) for Limestone Production of 0.5 MTPA with Total Excavation of 0.671 MTPA (Limestone: 0.5 MTPA +Top Soil: 0.004 MTPA +Overburden: 0.167 MTPA).",MEGHALAYA,Khliehriat,Umlong,,ML/SEAC/SEIAA/PP/EJH/58/2024,"1, 2, 3, 5, 6, 7, 9, 10 & 11",Hybrid,7.33,0.0,7.33,0.0,0.0,0.0,0.0,0.0,0,0,0,Not applicable as the project or activity is site specific,,NO,NO,NO,2024-06-24T06:47:27.435+00:00,,,,,,,,,,,,,,,,,,,,,,,,,,,,,,,,,,,,,,,,,,,,,,,East Jaintia Hills,"1, 2, 3, 5, 6, 7, 9, 10 & 11",https://parivesh.nic.in/dms/okm/downloadDocument?docTypemappingId=40829&refId=77496175&refType=caf&uuid=3fb1cd11-e9d7-487c-af63-0d0f8b41547e&version=1.0,279467,https://parivesh.nic.in/newupgrade/#/report/ec?proposalId=77578031,0.0,21300.0
77639799,It is a minor mineral limestone mining project applying for reappraisal,New,SIA/ML/MIN/483101/2024,2024-06-22T06:56:48.760+00:00,2024-12-06T05:40:46.930+00:00,ToR Granted,3.4,200.0,suprita myrchiang,Gaurang Environmental Solutions Pvt. Ltd.,Environment clearance form,TOR,B1,Mining of minerals,Amkapai Limestone Mine,MEGHALAYA,Amlarem,Nongtalang Main,,ML/SEAC/SEIAA/PP/WJH/67/2024,,Non - Linear,3.4,0.0,3.4,0.0,0.0,0.0,0.0,0.0,0,0,0,NO,"",NO,NO,NO,2024-08-18T15:09:10.431+00:00,,,,,,,,,,,,,,,,,,,,,,,,,,,,,,,,,,,,,,,,,,,,,,,West Jaintia Hills,,https://parivesh.nic.in/dms/okm/downloadDocument?docTypemappingId=40829&refId=77634381&refType=caf&uuid=b5534ec9-2c5e-45a4-ae4e-48f690c202e3&version=1.0,279340,https://parivesh.nic.in/newupgrade/#/report/ec?proposalId=77639799,0.0,8395.0
78230203,It is a minor mineral limestone mining project applying for re-appraisal of EC.,New,SIA/ML/MIN/483420/2024,2024-06-24T09:25:51.582+00:00,2024-12-06T05:43:52.026+00:00,ToR Granted,3.4,56.0,alldrina nonglamin,Gaurang Environmental Solutions Pvt. Ltd.,Environment clearance form,TOR,B1,Mining of minerals,M/s Limestone Mine,MEGHALAYA,Amlarem,Nongtalang Main,,ML/SEAC/SEIAA/PP/WJH/71/2024,,Non - Linear,3.4,0.0,3.4,0.0,0.0,0.0,0.0,0.0,0,0,0,NO,"",NO,NO,NO,2024-08-18T12:58:37.358+00:00,,,,,,,,,,,,,,,,,,,,,,,,,,,,,,,,,,,,,,,,,,,,,,,West Jaintia Hills,,https://parivesh.nic.in/dms/okm/downloadDocument?docTypemappingId=40829&refId=78227924&refType=caf&uuid=4ec340e1-c041-4642-bbc4-ac143b1a101f&version=1.0,279340,https://parivesh.nic.in/newupgrade/#/report/ec?proposalId=78230203,0.0,8030.0
79809656,"Proposed Reketung Limestone Mine coming up at village Reketung, Elaka Nongtalang, District- West Jaintia Hills (Meghalaya) for an area of 1.53 Ha",New,SIA/ML/MIN/484808/2024,2024-06-29T08:40:43.148+00:00,2024-10-14T07:38:30.991+00:00,EC Granted,1.53,23.5,ROBERT DKHAR,,Environment clearance form,EC,B1,,"Proposed Reketung Limestone Mine situated at village Reketung, Elaka Nongtalang, District- West Jaintia Hills (Meghalaya) by Shri Robert Dkhar",MEGHALAYA,Amlarem,Muktapur,,ML/SEAC/SEIAA/PP/WJH/54/2024,,Non - Linear,1.53,0.0,1.53,0.0,0.0,0.0,0.0,0.0,0,0,0,Not applicable as the project or activity is site specific,,NO,NO,NO,2024-06-29T12:46:05.572+00:00,,,,,,,,,,,,,,,,,,,,,,,,,,,,,,,,,,,,,,,,,,,,,,,West Jaintia Hills,,https://parivesh.nic.in/dms/okm/downloadDocument?docTypemappingId=40829&refId=75638800&refType=caf&uuid=e0b82e2d-ec5d-4bdd-99bd-75c8dd9d4b42&version=1.1,279371,https://parivesh.nic.in/newupgrade/#/report/ec?proposalId=79809656,0.0,6950.0
80367188,"Renewal of Lease land of Lumapring Vidyapith School at Lumparing, Laitkor Protected Forest.",New,FP/ML/SCH/485200/2024,2024-07-01T08:06:38.271+00:00,,Pending at DFO for Scrutiny and Recommendation,0.145,0.0,LUMPARING VIDYAPITH SECONDARY SCHOOL,,Form-B (Part-I): Renewal of Lease on Forest Land,,,,Lumparing Vidyapith Secondary and L.P School,MEGHALAYA,Mylliem,Lawsohtun (CT),,,780/14,Non - Linear,0.0,0.145,0.145,0.0,0.0,0.0,0.0,0.0,0,0,0,Not applicable as the project or activity is site specific,,NO,NO,NO,2024-07-17T18:30:00.000+00:00,,,,,,,,,,,,,,,,,,,,,,,,,,,,,,,,,,,,,,,Lumparing New Colony Mynsain,Lumparing,17,Joint Venture (Govt. + Pvt.),General Secretary of Lumparing Welfare Society,Lumapring,17,,East Khasi Hills,780/14,https://parivesh.nic.in/dms/okm/downloadDocument?docTypemappingId=40829&refId=74430458&refType=caf&uuid=3550b442-a3d3-4acf-81ae-f240c5ad8dd7&version=1.0,278362,https://parivesh.nic.in/newupgrade/#/report/ec?proposalId=80367188,0.0,0.0
81035495,"The proposed project is for mining of boulder stone at Manggapara Stone Mine, located at Village – Manggapara, P.O. – Zekabari, P.S.- Garobadha, Dist. – West Garo Hills, State – Meghalaya, over an area of 1.00 Hectares. 
The project envisages 55,158 cubic meters (1,48,927 Tons) of stone production from Manggapara Stone Mine during the planed period. Maximum production per year from the Mine will be 14,353 Cubic meters (maximum) / 38,754 Tons per year (max.).",New,SIA/ML/MIN/485725/2024,2024-07-03T17:46:07.112+00:00,2024-10-15T05:56:01.443+00:00,EC Granted,1.0,51.7,KINGKONG MARAK,,Environment clearance form,EC,B1,,"Manggapara Stone Mine, located at Village – Manggapara, P.O. – Zekabari, P.S.- Garobadha, Dist. – West Garo Hills, State – Meghalaya, over an area of 1.00 Hectares.",MEGHALAYA,Betasing,Andarkona,,ML/SEAC/SEIAA/PP/WGH/57/2024,,Non - Linear,1.0,0.0,1.0,0.0,0.0,0.0,0.0,0.0,0,0,0,Not applicable as the project or activity is site specific,,NO,NO,NO,2024-07-04T06:17:29.400+00:00,,,,,,,,,,,,,,,,,,,,,,,,,,,,,,,,,,,,,,,,,,,,,,,South West Garo Hills,,https://parivesh.nic.in/dms/okm/downloadDocument?docTypemappingId=40829&refId=81033114&refType=caf&uuid=9703ad3a-4183-450c-81b0-9bd31cd8d65e&version=1.0,273093,https://parivesh.nic.in/newupgrade/#/report/ec?proposalId=81035495,0.0,4500.0
82157586,It is a minor mineral limestone mining project,New,SIA/ML/MIN/486418/2024,2024-07-07T08:40:34.647+00:00,2024-10-14T11:29:41.277+00:00,EC Granted,,,KITBOK SYNTIEW,,Environment clearance form,EC,B1,,Sohdoit U Lum Limestone Mine,MEGHALAYA,,,,ML/SEAC/SEIAA/PP/EKH/53/2024,,,,,,,,,,,,,,,,,,,2024-07-09T12:40:27.130+00:00,,,,,,,,,,,,,,,,,,,,,,,,,,,,,,,,,,,,,,,,,,,,,,,,,https://parivesh.nic.in/dms/okm/downloadDocument?docTypemappingId=40829&refId=80680986&refType=caf&uuid=d7577994-112e-456b-a79c-6cf14ef020d2&version=1.0,,https://parivesh.nic.in/newupgrade/#/report/ec?proposalId=82157586,,
82164024,"Sudap Bisik (Chiran Songma) Stone Mine, located at village – Sudap Bisik (Chiran Songma), P.O. – Dhanua, P.S.- Garobadha, Dist. – West Garo Hills, State – Meghalaya, over an area of 2.00 Hectares. 
The project envisages 2,45,214 cubic meters (6,62,078 Tons) of stone production from Sudap Bisik (Chiran Songma) Stone Mine during the planed period. Maximum production per year from the Mine will be 51,129 Cubic meters (maximum) / 1,38,048 Tons per year (max.).
Sudap Bisik (Chiran Songma) Stone Mine, located at village – Sudap Bisik (Chiran Songma), P.O. – Dhanua, P.S.- Garobadha, Dist. – West Garo Hills, State – Meghalaya, over an area of 2.00 Hectares. 
The project envisages 2,45,214 cubic meters (6,62,078 Tons) of stone production from Sudap Bisik (Chiran Songma) Stone Mine during the planed period. Maximum production per year from the Mine will be 51,129 Cubic meters (maximum) / 1,38,048 Tons per year (max.).",New,SIA/ML/MIN/486455/2024,2024-07-07T15:37:51.826+00:00,2024-10-15T05:51:54.038+00:00,EC Granted,2.0,94.94,SHRI BALNEN CH. SANGMA,,Environment clearance form,EC,B1,,"Sudap Bisik (Chiran Songma) Stone Mine, located at village – Sudap Bisik (Chiran Songma), P.O. – Dhanua, P.S.- Garobadha, Dist. – West Garo Hills, State – Meghalaya",MEGHALAYA,Selsella,Abagre,,ML/SEAC/SEIAA/PP/WGH/55/2024,,Non - Linear,2.0,0.0,2.0,0.0,0.0,0.0,0.0,0.0,0,0,0,Not applicable as the project or activity is site specific,,NO,NO,NO,2024-07-07T16:38:10.751+00:00,,,,,,,,,,,,,,,,,,,,,,,,,,,,,,,,,,,,,,,,,,,,,,,West Garo Hills,,https://parivesh.nic.in/dms/okm/downloadDocument?docTypemappingId=40829&refId=82162648&refType=caf&uuid=2e38986b-44ab-4d9a-a67c-90d06e251fca&version=1.0,273035,https://parivesh.nic.in/newupgrade/#/report/ec?proposalId=82164024,0.0,5980.0
82429025,"The project envisaged mining of 3780 Cum. / 6426 Tons of river bed sand per year at Manda River. Dankong Sand Mine is located at Mouza – Dankong Chima (A. King Land), P.O. – Dainadubi, P.S. – Dainadubi, Dist. – North Garo Hills, Meghalaya, over an area of 0.42 Ha.",New,SIA/ML/MIN/486571/2024,2024-07-08T09:39:57.601+00:00,,Proposal returned in present form,0.42,11.0,RODINDHA D SANGMA,,Application for EC for Mining of Minor Minerals of Mine Lease (0-5 HA) - Form-2,EC,B2,,DANKONG SAND MINE,MEGHALAYA,Resubelpara,Dainadubi,,ML/SEAC/SEIAA/PP/NGH/65/2024,,Non - Linear,0.42,0.0,0.42,0.0,0.0,0.0,0.0,0.0,0,0,0,Not applicable as the project or activity is site specific,,NO,NO,NO,2024-07-09T04:31:58.181+00:00,,,,,,,,,,,,,,,,,,,,,,,,,,,,,,,,,,,,,,,"VILLAGE: DEPA GARAT, P.O+P.S. : DAINADUBI, DISTRICT: NORTH GARO HILLS, MEGHALAYA",,17,Individual,Owner,,17,,North Garo Hills,,https://parivesh.nic.in/dms/okm/downloadDocument?docTypemappingId=40829&refId=82427268&refType=caf&uuid=ddf94212-c3b7-45fe-b18a-6d15eb34ee80&version=1.0,274713,https://parivesh.nic.in/newupgrade/#/report/ec?proposalId=82429025,0.0,3200.0
84835168,Laying of 300mm dia. MS Pipe Gravity Main of Greater Nongpoh Water Supply Scheme,New,FP/ML/Pipeline/488253/2024,2024-07-16T18:20:54.702+00:00,,Final Diversion Order Issued,0.042,10371.15,Public Health Engineering Department,,Forest clearance form,,,,Laying of 300mm dia. MS Pipe Gravity Main of Greater Nongpoh Water Supply Scheme,MEGHALAYA,Umling,Umsaw,,,78O13,Linear,0.0,0.042,0.042,0.0,0.0,0.0,0.0,0.0,0,0,0,Not applicable as the project or activity is site specific,,NO,NO,NO,2024-07-16T18:36:55.937+00:00,,,Degraded Forest Land,true,,,,,,,,,,,,,,,,,,,,,,,,,,,,,,,,,,,Nongpoh,Nongpoh,17,State Government (Department/Autonomous body),Executive Engineer,Nongpoh,17,,Ribhoi,78O13,https://parivesh.nic.in/dms/okm/downloadDocument?docTypemappingId=40829&refId=84835031&refType=caf&uuid=ba44f6fa-99ed-4016-9baf-46619939fbb8&version=1.0;https://parivesh.nic.in/dms/okm/downloadDocument?docTypemappingId=58989&refId=84835031&refType=FC&uuid=4f5c35fd-313b-45f7-816a-22b004ae04b4&version=1.0,277827,https://parivesh.nic.in/newupgrade/#/report/ec?proposalId=84835168,50.0,50.0
85374227,Construction of Multipurpose Community Hall,New,FP/ML/OTHERS/488512/2024,2024-07-18T07:47:41.420+00:00,,DELISTED_BY_SYSTEM,0.025,50.0,LUMPARING VIDYAPITH SECONDARY SCHOOL,,Forest clearance form,,,,Construction of Multi purpose Community Hall,MEGHALAYA,Mylliem,Lawsohtun (CT),,,78014,Non - Linear,0.0,0.025,0.025,0.0,0.0,0.0,0.0,0.0,0,0,0,Not applicable as the project or activity is site specific,,NO,NO,NO,2024-07-18T08:16:23.169+00:00,,,Degraded Forest Land,true,,,,,,,,,,,,,,,,,,,,,,,,,,,,,,,,,,,Lumparing New Colony Mynsain,Upper Lumparing,17,Joint Venture (Govt. + Pvt.),General Secretary of Lumparing Welfare Society,Lumparing,17,,East Khasi Hills,78014,https://parivesh.nic.in/dms/okm/downloadDocument?docTypemappingId=40829&refId=85372845&refType=caf&uuid=574f6039-558e-41ff-948f-05613a7736a1&version=1.0;https://parivesh.nic.in/dms/okm/downloadDocument?docTypemappingId=58989&refId=85372845&refType=FC&uuid=27379314-958a-4d9d-8c1e-457505d3eff6&version=1.0,278362,https://parivesh.nic.in/newupgrade/#/report/ec?proposalId=85374227,735.0,731.0
87784857,"The project site covering an area of 0.46 ha is private land . It is situated at Ribah, Ribah area, Nongjri Elaka, Nongjri Sirdarship, Pynursla, East Khasi Hills District, State - Meghalaya. The area lies between Longitude: 91°45'40.00""E to 91°45'43.10""E and Latitude: 25°10'21.00""N to 25°10'23.60""N. The entire project site is covered by Toposheet No. 78O/12 (Restricted). According to the approved Mining Plan, total mineral production would be 120820 Tonnes. Life of mine is 5 years. Targeted peak production is 24310 TPA.",New,SIA/ML/MIN/489872/2024,2024-07-26T12:57:05.202+00:00,2026-03-29T13:43:07.933+00:00,EC Granted,0.46,19.0,WERLINGSTAR LASO,,Application for EC for Mining of Minor Minerals of Mine Lease (0-5 HA) - Form-2,EC,B2,,Ribah Boulderstone Quarry,MEGHALAYA,Pynursla,Hat Nongjri,,ML/SEAC/SEIAA/PP/EKH/66/2024,,Non - Linear,0.46,0.0,0.46,0.0,0.0,0.0,0.0,0.0,0,0,0,Not applicable as the project or activity is site specific,,NO,NO,NO,2024-07-27T05:46:36.270+00:00,,,,,,,,,,,,,,,,,,,,,,,,,,,,,,,,,,,,,,,"122, Nongjri Nongbah, Nongjri Bah",,17,Individual,Lessee,,17,,East Khasi Hills,,https://parivesh.nic.in/dms/okm/downloadDocument?docTypemappingId=40829&refId=87783346&refType=caf&uuid=b2f5d0df-1054-43ed-9e48-bf13e04de9b5&version=1.0,279038,https://parivesh.nic.in/newupgrade/#/report/ec?proposalId=87784857,0.0,7500.0
89216551,It is a minor mineral boulderstone mining project,New,SIA/ML/MIN/490629/2024,2024-07-31T10:53:36.193+00:00,,Proposal returned in present form,4.33,24.0,haney g marak,,Application for EC for Mining of Minor Minerals of Mine Lease (0-5 HA) - Form-2,EC,B2,,Nongchram Boulderstone Mine,MEGHALAYA,Mawshynrut,Nongchram (II),,ML/SEAC/SEIAA/PP/WKH/85/2024,,Non - Linear,4.33,0.0,4.33,0.0,0.0,0.0,0.0,0.0,0,0,0,NO,"",NO,NO,NO,2024-09-27T06:48:47.429+00:00,,,,,,,,,,,,,,,,,,,,,,,,,,,,,,,,,,,,,,,"R/o Dobetkolgre, Williamnagar, East Garo Hills, Meghalaya",Williamnagar,17,Individual,Proprietor,Williamnagar,17,,West Khasi Hills,,https://parivesh.nic.in/dms/okm/downloadDocument?docTypemappingId=40829&refId=89206519&refType=caf&uuid=c2f6cbaf-204f-4825-9f8a-590547957f10&version=1.0,274931,https://parivesh.nic.in/newupgrade/#/report/ec?proposalId=89216551,0.0,10950.0
91004618,It is a minor mineral boulderstone mining project,New,SIA/ML/MIN/491483/2026,2024-08-06T11:30:49.284+00:00,,Referred to SEIAA,1.68,22.0,HANBOR KHONGTANI,Gaurang Environmental Solutions Pvt. Ltd.,Environment clearance form,TOR,B1,Mining of minerals,Mitlor Boulderstone Mine,MEGHALAYA,Khatarshnong Laitkroh,Swer,,ML/SEAC/SEIAA/PP/EKH/156/2026,"Mitlor Swer, Sohra Syiemship",Non - Linear,1.68,0.0,1.68,0.0,0.0,0.0,0.0,0.0,0,0,0,NO,"",NO,NO,NO,2026-04-19T17:34:11.641+00:00,,,,,,,,,,,,,,,,,,,,,,,,,,,,,,,,,,,,,,,,,,,,,,,East Khasi Hills,"Mitlor Swer, Sohra Syiemship",https://parivesh.nic.in/dms/okm/downloadDocument?docTypemappingId=40829&refId=90989413&refType=caf&uuid=a6ce7691-4d85-461d-b74e-237fa2a17836&version=1.0,278525,https://parivesh.nic.in/newupgrade/#/report/ec?proposalId=91004618,0.0,9490.0
93347221,"Depa Garat Combined WSS amounting to Rs 8,47,67,200/- ( Rupees Eight Crores Forty Seven Lakhs Sixty Seven Thousand and Two Hundred) only was sanctioned vide letter No.PHE160/2009/pt-v (B) 208 Dated 11th February 2022 under Jal Jeevan Mission (JJM)to provide functional tap connection (FHTCs). As per the detail project report (DPR) Depa Garat Combined Water Supply Scheme will cater drinking water to 7 (Seven) Villages namely Depa Garat, Depa, Chima Apal, Dangkong Garo, Dangkong Rabha ,Sarangma-A and Sarangma-B with supply level of 55 LPCD from Sarang stream for which Treatment Plant will be constructed at Depa Garat and supply water to the adjacent villages.",New,FP/ML/WATER/492783/2024,2024-08-14T09:03:00.323+00:00,,DELISTED_BY_SYSTEM,0.314,847.672,Public Works Department,,Forest clearance form,,,,Depa Garat Combined Water Supply Scheme,MEGHALAYA,Kharkutta,Depa,,,,Non - Linear,0.0,0.314,0.314,0.0,0.0,0.0,0.0,0.0,0,0,0,Not applicable as the project or activity is site specific,,NO,NO,NO,2024-08-14T12:07:35.042+00:00,,,,false,,,,,,,,,,,,,,,,,,,,,,,,,,,,,,,,,,,"Office of the Executive Engineer, PHE, RWS Division, Resubelpara",Resubelpara,17,State Government (Department/Autonomous body),Sub-Divisional Officer PHED Meghalaya,Resubelpara,17,,North Garo Hills,,https://parivesh.nic.in/dms/okm/downloadDocument?docTypemappingId=40829&refId=49914206&refType=caf&uuid=00c58bfa-408a-4002-a4f0-26ecb7b79c37&version=1.0;https://parivesh.nic.in/dms/okm/downloadDocument?docTypemappingId=58989&refId=49914206&refType=FC&uuid=b6e48297-f2af-4366-b986-fcff018553a7&version=1.0,274947,https://parivesh.nic.in/newupgrade/#/report/ec?proposalId=93347221,10965.0,5500.0
93371712,The project envisages 1165600.2 cubic meters (3147120.6 Tons) of stone production from Wakrugre Stone Mine during the planned period. Maximum production per year from the Mine will be 240837.6 cum/ 650261.5 Tons per year (max).,New,SIA/ML/MIN/492844/2024,2024-08-14T11:55:57.089+00:00,2024-12-03T11:54:28.704+00:00,EC Granted,7.13,197.45,JENGNA MARAK,,Environment clearance form,EC,B1,,WAKRUGRE STONE MINE,MEGHALAYA,Selsella,Ujenggre,,ML/SEAC/SEIAA/PP/WGH/62/2024,III(13),Non - Linear,7.13,0.0,7.13,0.0,0.0,0.0,0.0,0.0,0,0,0,Not applicable as the project or activity is site specific,,NO,NO,NO,2024-08-17T06:19:27.471+00:00,,,,,,,,,,,,,,,,,,,,,,,,,,,,,,,,,,,,,,,,,,,,,,,West Garo Hills,III(13),https://parivesh.nic.in/dms/okm/downloadDocument?docTypemappingId=40829&refId=4348531&refType=caf&uuid=d0589a32-3ec4-42ce-87cd-0292d9a09ba1&version=1.1,273045,https://parivesh.nic.in/newupgrade/#/report/ec?proposalId=93371712,0.0,21000.0
94197867,The proposed project is a Boulder Stone Mine will be done by opencast semi mechanized method.,New,SIA/ML/MIN/493145/2024,2024-08-17T09:17:31.404+00:00,2024-12-03T11:56:08.938+00:00,EC Granted,1.28,21.0,JENGNA MARAK,,Environment clearance form,EC,B1,,MANGGAPARA STONE MINE,MEGHALAYA,Selsella,Mudapara,,ML/SEAC/SEIAA/PP/WGH/63/2024,N/A,Non - Linear,1.28,0.0,1.28,0.0,0.0,0.0,0.0,0.0,0,0,0,Not applicable as the project or activity is site specific,,NO,NO,NO,2024-08-17T10:58:12.462+00:00,,,,,,,,,,,,,,,,,,,,,,,,,,,,,,,,,,,,,,,,,,,,,,,West Garo Hills,N/A,https://parivesh.nic.in/dms/okm/downloadDocument?docTypemappingId=40829&refId=22551041&refType=caf&uuid=c789e46f-b1d3-4fe7-bccc-acf1299cb0b3&version=1.0,273046,https://parivesh.nic.in/newupgrade/#/report/ec?proposalId=94197867,9030.0,30.0
95033023,"The proposal is for Umsangat Limestone Deposit-I over an area of 18.19 ha of M/s Goldstone Cements Limited. located at Umsangat, in Village: Musiang Lamare (Old), District- East Jaintia Hills, Meghalaya State at the latitude N25° 11’ 08.97” to N25° 11’ 35.20”, and longitude E 92° 20’ 24.02” to E 92° 20’42.29”. The lease area falls in the Survey of India Toposheet No. 83C/8 (Restricted). The proposed peak ROM quantity is 1002827 MT/annum max in any one year. The limestone produced from the 18.19 ha Umsangat Limestone Deposit-I shall be used captively by the clinker manufacturing plant of the Lessee M/s. Goldstone Cements Limited at Village: Musiang Lamare (Old), District- East Jaintia Hills, Meghalaya State.",New,SIA/ML/MIN/493425/2024,2024-08-20T13:12:26.681+00:00,2024-12-05T11:11:04.383+00:00,ToR Granted,18.19,1177.6,GOLDSTONE CEMENTS LTD,GLOBAL Environment & Mining Services,Environment clearance form,TOR,B1,Mining of minerals,Umsangat Limestone Deposit - I of M/s. Goldstone Cements Limited.,MEGHALAYA,Khliehriat,Musiang Lamare (Old),,ML/SEAC/SEIAA/PP/EJH/81/2024,,Hybrid,18.19,0.0,18.19,0.0,0.0,0.0,0.0,0.0,0,0,0,Not applicable as the project or activity is site specific,,NO,NO,NO,2024-08-22T08:27:13.818+00:00,,,,,,,,,,,,,,,,,,,,,,,,,,,,,,,,,,,,,,,,,,,,,,,East Jaintia Hills,,https://parivesh.nic.in/dms/okm/downloadDocument?docTypemappingId=40829&refId=95031373&refType=caf&uuid=33a80c07-2b6c-4e15-b612-0ec528f31fd8&version=1.0,279456,https://parivesh.nic.in/newupgrade/#/report/ec?proposalId=95033023,18300.0,18300.0
95908804,"The project envisages 27825 cubic meters (80693 Tonnes) of stone production from Building Stone during the planned period. Maximum production per year from the Mine will be 8435 Cum. (Max.) / 24462 Tonnes (Max.) per year.
Kilmangittim Stone Mine is located at Village – Kilmangittim, P.O. – Zikabari, P.S. – Tura, Dist. - West Garo Hills, Meghalaya, over an area of 0.42 Ha.",New,SIA/ML/MIN/493727/2024,2024-08-23T05:31:54.544+00:00,2024-11-27T11:22:25.208+00:00,EC Granted,0.42,72.05,GOERA MECHENG SANGMA,,Application for EC for Mining of Minor Minerals of Mine Lease (0-5 HA) - Form-2,EC,B2,,Kilmangittim Stone Mine,MEGHALAYA,Selsella,Manggapara,,ML/SEAC/SEIAA/PP/WGH/76/2024,,Non - Linear,0.42,0.0,0.42,0.0,0.0,0.0,0.0,0.0,0,0,0,Not applicable as the project or activity is site specific,,NO,NO,NO,2024-08-23T07:47:52.706+00:00,,,,,,,,,,,,,,,,,,,,,,,,,,,,,,,,,,,,,,,"MONDAL TILLA, VTC-TURA, P.O.-TURA, WEST GARO HILLS, MEGHALAYA",,17,Individual,Proprietor,,17,,West Garo Hills,,https://parivesh.nic.in/dms/okm/downloadDocument?docTypemappingId=40829&refId=95907698&refType=caf&uuid=673ad400-d9a2-49eb-934d-e74306e31593&version=1.0,273059,https://parivesh.nic.in/newupgrade/#/report/ec?proposalId=95908804,0.0,6000.0
95949340,"The proposal is for Umsangat Limestone Deposit-II of M/s Goldstone Cements Ltd., over an extent of 9.16 Ha  located at Umsangat, in Village: Musiang Lamare (Old), District: East Jaintia Hills, Meghalaya State at the latitude 25° 11' 16.59"" N to 25° 11' 31.06"" N and 92° 20' 17.51"" E to 92° 20' 33.34"" E. The lease area falls in the Survey of India Toposheet No. 83C/8 (Restricted). The proposed peak ROM quantity is 1000798 MT/annum max in 5th year of mining plan period.  The limestone produced from the 9.16 ha Umsangat Limestone Deposit-II shall be used captively by the clinker manufacturing plant of the Lessee M/s. Goldstone Cements Limited at Village: Musiang Lamare (Old), Dist. East Jaintia Hills, Meghalaya State.",New,SIA/ML/MIN/493800/2024,2024-08-23T10:37:20.652+00:00,2024-12-06T05:47:28.043+00:00,ToR Granted,9.16,1237.48,GOLDSTONE CEMENTS LTD,GLOBAL Environment & Mining Services,Environment clearance form,TOR,B1,Mining of minerals,Umsangat Limestone Deposit - II of M/s. Goldstone Cements Limited.,MEGHALAYA,Khliehriat,Musiang Lamare (Old),,ML/SEAC/SEIAA/PP/EJH/82/2024,,Hybrid,9.16,0.0,9.16,0.0,0.0,0.0,0.0,0.0,0,0,0,Not applicable as the project or activity is site specific,,NO,NO,NO,2024-08-23T13:24:58.006+00:00,,,,,,,,,,,,,,,,,,,,,,,,,,,,,,,,,,,,,,,,,,,,,,,East Jaintia Hills,,https://parivesh.nic.in/dms/okm/downloadDocument?docTypemappingId=40829&refId=95948112&refType=caf&uuid=f27089b0-aa64-4763-a352-f670100ca3fd&version=1.0,279456,https://parivesh.nic.in/newupgrade/#/report/ec?proposalId=95949340,19800.0,19800.0
96225139,"The project site covers an area of 1.36 ha of private land. It is situated at Ri-U-Siar, Lynti Dkhar Area, Sohbar Sirdarship, East Khasi Hills District, State- Meghalaya. The area lies between Longitude: 91°44'29.03""E to 91°44'33.20""E and Latitude: 25°10'43.83""N to 25°10'49.27""N. The entire project site is covered by Toposheet No. 78O/12 (Restricted). According to the approved Mining Plan, total mineral production for 10 years (life of mine) would be 505197 Tonnes and during the plan period (5 years) would be 252570 Tonnes. The targeted peak production is 50544 TPA (5th year of mining).",New,SIA/ML/MIN/493873/2024,2024-08-24T06:25:13.085+00:00,2024-12-06T05:46:03.012+00:00,ToR Granted,1.36,23.0,idalis ryngnga,Novomine India Private Limited,Environment clearance form,TOR,B1,Mining of minerals,Lynti Dkhar Limestone Mine,MEGHALAYA,Shella Bholaganj,Sohbar,,ML/SEAC/SEIAA/PP/EKH/83/2024,,Non - Linear,1.36,0.0,1.36,0.0,0.0,0.0,0.0,0.0,0,0,0,Not applicable as the project or activity is site specific,,NO,NO,NO,2024-08-31T05:22:14.263+00:00,,,,,,,,,,,,,,,,,,,,,,,,,,,,,,,,,,,,,,,,,,,,,,,East Khasi Hills,,https://parivesh.nic.in/dms/okm/downloadDocument?docTypemappingId=40829&refId=92743616&refType=caf&uuid=ca9e4e08-e5aa-4324-8ca7-90ef25f0e9c0&version=1.0,278849,https://parivesh.nic.in/newupgrade/#/report/ec?proposalId=96225139,0.0,7500.0
96241186,"It is a minor mineral stone quarry mining project requiring reappraisal.
The project falls in a B1 cluster hence Form-1 is being submitted to seek Terms of Reference.",New,SIA/ML/MIN/493926/2024,2024-08-24T09:38:28.820+00:00,2026-03-29T05:14:36.509+00:00,ToR Granted,4.5,62.45,nGAITLANG DHAR,Gaurang Environmental Solutions Pvt. Ltd.,Environment clearance form,TOR,B1,Mining of minerals,UMDUBA KILLING STONE QUARRY,MEGHALAYA,Umling,Umduba,,ML/SEAC/SEIAA/PP/RB/115/2025,,Non - Linear,4.5,0.0,4.5,0.0,0.0,0.0,0.0,0.0,0,0,0,NO,"",YES,NO,NO,2025-06-19T10:28:31.802+00:00,,,,,,,,,,,,,,,,,,,,,,,,,,,,,,,,,,,,,,,,,,,,,,,Ribhoi,,https://parivesh.nic.in/dms/okm/downloadDocument?docTypemappingId=40829&refId=96232729&refType=caf&uuid=2e2349e8-4844-4f1e-8e5d-17b06c5719c5&version=1.0,277474,https://parivesh.nic.in/newupgrade/#/report/ec?proposalId=96241186,0.0,18250.0
99732221,It is a minor mineral boulderstone mining project to supply to Shillong Western bypass,New,SIA/ML/MIN/495354/2024,2024-09-04T09:26:34.216+00:00,2024-11-27T11:05:40.286+00:00,EC Granted,0.65,23.8,NARENDRA SHARMA CONSTRUCTION PRIVATE LIMITED,,Application for EC for Mining of Minor Minerals of Mine Lease (0-5 HA) - Form-2,EC,B2,,MAWLYNDEP BOULDERSTONE MINE,MEGHALAYA,Umsning,Mawlyndep,,ML/SEAC/SEIAA/PP/RB/78/2024,,Non - Linear,0.65,0.0,0.65,0.0,0.0,0.0,0.0,0.0,0,0,0,Not applicable as the project or activity is site specific,,NO,NO,NO,2024-09-27T11:44:37.673+00:00,,,,,,,,,,,,,,,,,,,,,,,,,,,,,,,,,,,,,,,"B-2 Bye Pass Road Mansarovar, Jaipur, Rajasthan",Jaipur,8,Private Limited,Director,Jaipur,8,,Ribhoi,,https://parivesh.nic.in/dms/okm/downloadDocument?docTypemappingId=40829&refId=99727258&refType=caf&uuid=64c4df84-54c0-4c25-a9e7-50e618ccfaad&version=1.0,278048,https://parivesh.nic.in/newupgrade/#/report/ec?proposalId=99732221,0.0,5110.0
99743941,"The project involves the Proposed Construction of Unity Mall and Infrastructure at New Shillong Township, Umsawli, Shillong by New Shillong Township Development Agency (NSTDA) with Commercial Shops, State Shops, District shop etc. The total plot area of the project is 54,632.04 sq.m and Gross built up area of 51,215 sq.m.",New,SIA/ML/INFRA2/495381/2024,2024-09-04T11:07:31.302+00:00,,DELISTED_BY_SYSTEM,5.463,22695.0,NEW SHILLONG TOWNSHIP DEVELOPMENT AGENCY,Gaurang Environmental Solutions Pvt. Ltd.,Environment clearance form,TOR,B2,Building / Construction,"Proposed Construction of Unity Mall and Infrastructure at New Shillong Township, Umsawli, Shillong by New Shillong Township Development Agency (NSTDA).",MEGHALAYA,Mawryngkneng,Mawkynring,,,"New Shillong Township, Umsawli, Shillong, Meghalaya",Hybrid,5.463,0.0,5.463,0.0,0.0,0.0,0.0,0.0,0,0,0,Not applicable as the project or activity is site specific,,NO,NO,NO,2025-01-13T13:57:36.844+00:00,,,,,,,,,,,,,,,,,,,,,,,,,,,,,,,,,,,,,,,,,,,,,,,East Khasi Hills,"New Shillong Township, Umsawli, Shillong, Meghalaya",https://parivesh.nic.in/dms/okm/downloadDocument?docTypemappingId=40829&refId=99726403&refType=caf&uuid=b755c3a8-a201-4138-a1ea-bb5257a3245b&version=1.0,278365,https://parivesh.nic.in/newupgrade/#/report/ec?proposalId=99743941,35010.0,68000.0
100328926,It is a minor mineral limestone mining project.,New,SIA/ML/MIN/495638/2024,2024-09-06T07:44:15.555+00:00,2024-12-03T11:49:37.820+00:00,EC Granted,4.1,60.7,THIANGMON POHTAM,,Environment clearance form,EC,B1,,Amsyndui Limestone Mine,MEGHALAYA,Amlarem,Nongtalang Main,,ML/SEAC/SEIAA/PP/WJH/7/2024,,Non - Linear,4.1,0.0,4.1,0.0,0.0,0.0,0.0,0.0,0,0,0,NO,"",NO,NO,NO,2024-09-11T10:47:05.257+00:00,,,,,,,,,,,,,,,,,,,,,,,,,,,,,,,,,,,,,,,,,,,,,,,West Jaintia Hills,,https://parivesh.nic.in/dms/okm/downloadDocument?docTypemappingId=40829&refId=41299138&refType=caf&uuid=b2567e19-71a1-4d1f-86c3-acc4c8bf20b3&version=1.0,279340,https://parivesh.nic.in/newupgrade/#/report/ec?proposalId=100328926,0.0,21170.0
101151775,"Newly proposed Kalagaw Coal Mine of targeted peak capacity 0.15 MTPA and rated capacity 0.15 MTPA, is located over an area of 100 Ha, at Umber village, Kalagaw, Ranikor C & RD Block, South West Khasi Hills District, Meghalaya. The area is covered under Toposheet No. 78O/4 (Restricted), and lies between the longitudes 91°05'57.42""E to 91°06'47.46""E & latitudes 25°12'18.50""N to 25°13'12.59""N. The Block Area is accessible from District Headquarter Mawkyrwat of South West Khasi Hills District by SH 4 at a distance of around 75 Km in the NE direction. The nearest major Railway station from the block is Guwahati railway station (around 244 km road distance), connected via SH 3. The nearest airport Umroi Airport is (around 176 km by road) connected via the Nongrah-Ranikor Road. The expected Life of Mine (LoM) is 10 years.",New,IA/ML/CMIN/495966/2024,2024-09-09T11:06:18.163+00:00,2024-10-12T10:41:35.657+00:00,Withdrawal Request Accepted,100.0,2500.0,TEILANG PDE,Novomine India Private Limited,Environment clearance form,TOR,A,Mining of minerals,Kalagaw Coal Mine,MEGHALAYA,Ranikor,Umbir,,,,Non - Linear,100.0,0.0,100.0,0.0,0.0,0.0,0.0,0.0,0,0,0,Not applicable as the project or activity is site specific,,NO,NO,NO,2024-09-18T05:12:19.382+00:00,,,,,,,,,,,,,,,,,,,,,,,,,,,,,,,,,,,,,,,,,,,,,,,South West Khasi Hills,,https://parivesh.nic.in/dms/okm/downloadDocument?docTypemappingId=40829&refId=39124587&refType=caf&uuid=9cac88d8-dc6d-4ffa-8305-3349f95c583c&version=1.0,277291,https://parivesh.nic.in/newupgrade/#/report/ec?proposalId=101151775,5375.0,18375.0
101458407,Establishment of PA Sangma International Medical College & Hospital,New,FP/ML/SCH/496126/2024,2024-09-10T17:50:13.172+00:00,,Pending at DFO due to EDS by MS After PSC-II,12.13,3560.0,EDUCATION RESEARCH & DEVELOPMENT FOUNDATION,,Forest clearance form,,,,University of Science & Technology Meghalaya,MEGHALAYA,Umling,Baridua,,,78N16,Non - Linear,0.0,12.13,12.13,0.0,0.0,0.0,0.0,0.0,0,0,0,Not applicable as the project or activity is site specific,,NO,NO,NO,2025-09-03T18:30:00.000+00:00,,https://parivesh.nic.in/dms/okm/downloadDocument?docTypemappingId=59020&refId=101458406&refType=fc&uuid=b1a821f0-439a-4384-b1f8-23b1235bc88b&version=1.0,Non-forest Land,true,,,,,,,,,,,,,,,,,,,,,,,,,,,,,,,,,,,"ERDF Bhawan, Lalmati Road, Bhetapara Charali, Guwahati",,18,Trust/NGO/Partnership,President,,18,Shri Sengbath R. Marak,Ribhoi,78N16,https://parivesh.nic.in/dms/okm/downloadDocument?docTypemappingId=40829&refId=92187931&refType=caf&uuid=240b0fb8-b905-4611-8ae3-b20becdb3b4e&version=1.0;https://parivesh.nic.in/dms/okm/downloadDocument?docTypemappingId=59061&refId=92187931&refType=FC&uuid=3d10ffa3-2fd2-4b36-b67a-75fabf30c796&version=1.0;https://parivesh.nic.in/dms/okm/downloadDocument?docTypemappingId=58989&refId=92187931&refType=FC&uuid=075b65b5-9986-47f3-ad05-6b07cdfc8e2e&version=1.0,0,https://parivesh.nic.in/newupgrade/#/report/ec?proposalId=101458407,18450.0,146020.0
102615062,"Construction of Rehabilitation & Strengthening of a road from Chokpot to Kharukol Via Warima, Kenegre, Paromgre, Nokatgre, Meghalaya under NESIDS (Roads) (Length=46.080 Km) in Meghalaya",New,FP/ML/ROAD/496739/2024,2024-09-14T11:19:43.839+00:00,,Pending at UA due to EDS by DFO,69.12,13114.91,"Executive Engineer, PWD(R), Baghmara Division",,Forest clearance form,,,,"Rehabilitation & Strengthening of a road from Chokpot to Kharukol Via Warima, Kenegre, Paromgre, Nokatgre, Meghalaya under NESIDS (Roads) (Length=46.080 Km) in the state of Meghalaya",MEGHALAYA,Chokpot,Kene Chania,,,,Linear,60.9,8.22,69.12,0.0,0.0,0.0,0.0,0.0,0,0,0,Not applicable as the project or activity is site specific,,NO,NO,NO,2025-04-23T18:30:00.000+00:00,,https://parivesh.nic.in/dms/okm/downloadDocument?docTypemappingId=59020&refId=102615060&refType=fc&uuid=e031cc5a-7a6d-4534-bbcd-e3a17ae1f912&version=1.0,Non-forest Land,true,,,,,,,,,,,,,,,,,,,,,,,,,,,,,,,,,,,"Office of The Executive Engineer, PWD (R), Baghmara Division",Baghmara,17,State Government (Department/Autonomous body),Executive Engineer,,17,Hasan G Momin,South Garo Hills,,https://parivesh.nic.in/dms/okm/downloadDocument?docTypemappingId=40829&refId=102613666&refType=caf&uuid=8c5ac4a1-0952-42e3-acfe-480101b2acae&version=1.0;https://parivesh.nic.in/dms/okm/downloadDocument?docTypemappingId=59061&refId=102613666&refType=FC&uuid=e8438540-f9a2-4a71-bd1e-facc14c86f89&version=1.0;https://parivesh.nic.in/dms/okm/downloadDocument?docTypemappingId=58989&refId=102613666&refType=FC&uuid=ded7224d-ab0b-4445-a3ba-6bbdfdc83659&version=1.0,275711,https://parivesh.nic.in/newupgrade/#/report/ec?proposalId=102615062,36500.0,5475.0
103117592,It is a minor mineral boulderstone mining project,New,SIA/ML/MIN/496820/2024,2024-09-16T06:01:49.932+00:00,2024-12-03T11:47:20.386+00:00,EC Granted,1.98,19.5,NICKYSON DKHAR,,Application for EC for Mining of Minor Minerals of Mine Lease (0-5 HA) - Form-2,EC,B2,,'WAH TANGPO' Boulderstone Mine,MEGHALAYA,Thadlaskein,Madur,,ML/SEAC/SEIAA/PP/WJH/79/2024,,Non - Linear,1.98,0.0,1.98,0.0,0.0,0.0,0.0,0.0,0,0,0,Not applicable as the project or activity is site specific,,NO,NO,NO,2024-09-19T07:48:30.392+00:00,,,,,,,,,,,,,,,,,,,,,,,,,,,,,,,,,,,,,,,"Raliang Village, West Jaintia Hills, Meghalaya",Raliang Village,17,Individual,Proprietor,Raliang Village,17,,West Jaintia Hills,,https://parivesh.nic.in/dms/okm/downloadDocument?docTypemappingId=40829&refId=103117135&refType=caf&uuid=7638bf0e-7373-469d-90db-bd1f345bf9f3&version=1.0,279178,https://parivesh.nic.in/newupgrade/#/report/ec?proposalId=103117592,0.0,6935.0
103690590,"Newly proposed Kalagaw Coal Mine of rated capacity 0.15 MTPA, is located over an area of 100 Ha, at Umber village, Kalagaw, Ranikor C & RD Block, South West Khasi Hills District, Meghalaya. The area is covered under Toposheet No. 78O/4 (Restricted), and lies between the longitudes 91°05'57.612""E to 91°06'47.963""E & latitudes 25°12'18.6""N to 25°13'12.507""N. The Block Area is accessible from District Headquarter Mawkyrwat of South West Khasi Hills District by SH 4 at a distance of around 75 Km in the NE direction. The nearest major Railway station from the block is Guwahati railway station (around 244 km road distance), connected via SH 3. The nearest airport Umroi Airport is (around 176 km by road) connected via the Nongrah-Ranikor Road. The expected Life of Mine (LoM) is 10 years.",New,IA/ML/CMIN/497114/2024,2024-09-18T06:31:01.850+00:00,2025-03-19T03:20:11.843+00:00,ToR Granted,100.0,2500.0,TEILANG PDE,Novomine India Private Limited,Environment clearance form,TOR,A,Mining of minerals,Kalagaw Coal Mine,MEGHALAYA,Ranikor,Umbir,IA-J-11015/3/2025-IA-II(M),,,Non - Linear,100.0,0.0,100.0,0.0,0.0,0.0,0.0,0.0,0,0,0,Not applicable as the project or activity is site specific,,NO,NO,NO,2025-01-03T13:23:41.902+00:00,,,,,,,,,,,,,,,,,,,,,,,,,,,,,,,,,,,,,,,,,,,,,,,South West Khasi Hills,,https://parivesh.nic.in/dms/okm/downloadDocument?docTypemappingId=40829&refId=103688645&refType=caf&uuid=878a3c3c-1cce-44f9-9c73-6552b5c70428&version=1.0,277291,https://parivesh.nic.in/newupgrade/#/report/ec?proposalId=103690590,5375.0,18375.0
103721702,"Chikasin Water Supply Scheme amounting to ₹.1,00,70,900.00 (Rupees One Crore Seventy Thousand and Nine Hundred) was sanctioned under Jal Jeevan Mission for taking up the aforementioned water supply scheme. Chikasin is located at a distance of about 30 kms from Resubelpara, the District Head Quarter of North Garo hills, Meghalaya. The village falls under Resubelpara Development Block and lies by the side of NH-62. The objective of the scheme is to provide Fully Functional Household Tap Connection (FHTC) to every household of Chikasin village with drinking water supply of 55 LPCD confirming to quality set under BIS 10500 in a sustainable and long-term basis with minimum service delivery charges to enhance the holistic development of the village in tune with the vision of Jal Jeevan Mission (JJM).",New,FP/ML/WATER/497196/2024,2024-09-18T11:27:29.752+00:00,,DELISTED_BY_SYSTEM,0.1624,100.709,Public Works Department,,Forest clearance form,,,,Chikasin Water Supply Scheme,MEGHALAYA,Resubelpara,Chisim Apal,,,0.1624,Non - Linear,0.0,0.1624,0.1624,0.0,0.0,0.0,0.0,0.0,0,0,0,Not applicable as the project or activity is site specific,,NO,NO,NO,2024-09-29T18:30:00.000+00:00,,,Degraded Forest Land,true,,,,,,,,,,,,,,,,,,,,,,,,,,,,,,,,,,,"Office of the Executive Engineer, PHE, RWS Division, Resubelpara",Resubelpara,17,State Government (Department/Autonomous body),"Sub Divisional Officer, PHE",Resubelpara,17,,North Garo Hills,0.1624,https://parivesh.nic.in/dms/okm/downloadDocument?docTypemappingId=40829&refId=38628855&refType=caf&uuid=01521667-ef5f-48d7-91ce-fc7fd52f9cc4&version=1.0;https://parivesh.nic.in/dms/okm/downloadDocument?docTypemappingId=58989&refId=38628855&refType=FC&uuid=b98c30cd-c5d4-4de3-8d92-cc37106e596e&version=1.0,274652,https://parivesh.nic.in/newupgrade/#/report/ec?proposalId=103721702,180.0,21960.0
104034187,owner,New,SIA/ML/MIN/497373/2024,2024-09-19T17:56:19.311+00:00,2024-11-27T11:14:09.466+00:00,EC Granted,10.0,65.0,IVAYLE MICKDENOV CH SANGMA,,Environment clearance form,EC,B1,,"Rochonpara Stone Mine Project (Area-10.00 ha.) of Shri. Ivayle Mickdenov Ch Sangma at Village – Rochonpara, P.O. – Dhanua,  Dist- West Garo Hills, State- Meghalaya.",MEGHALAYA,Selsella,Abagre,,ML/SEAC/SEIAA/PP/WGH/75/2024,,Non - Linear,10.0,0.0,10.0,0.0,0.0,0.0,0.0,0.0,0,0,0,Not applicable as the project or activity is site specific,,NO,NO,NO,2024-09-19T18:26:44.164+00:00,,,,,,,,,,,,,,,,,,,,,,,,,,,,,,,,,,,,,,,,,,,,,,,West Garo Hills,,https://parivesh.nic.in/dms/okm/downloadDocument?docTypemappingId=40829&refId=104032650&refType=caf&uuid=2e72f1c0-5511-4665-863b-b8dcb69b5851&version=1.0,273035,https://parivesh.nic.in/newupgrade/#/report/ec?proposalId=104034187,0.0,17100.0
104906580,"Bolbokgre Stone Mine is located at Village– Bolbokgre, P.O. + P.S.-Tikrikilla, District – West Garo Hills, State- Meghalaya, over an area of 3.93 Acres (1.59 Ha.). The project envisages 190108.3 cubic meters (513292.5 Tonnes) of stone production from Building Stone during the planned period. Maximum production per year from the Mine will be 39098.6 Cum / 105566.2 Tonnes (Max.) per year.",New,SIA/ML/MIN/497891/2024,2024-09-23T09:08:59.054+00:00,2024-11-27T11:08:05.237+00:00,EC Granted,1.59,62.7,WIDNALD MARAK,,Application for EC for Mining of Minor Minerals of Mine Lease (0-5 HA) - Form-2,EC,B2,,BOLBOKGRE STONE MINE,MEGHALAYA,Dadenggiri,Bolbokgre,,ML/SEAC/SEIAA/PP/WGH/80/2024,,Non - Linear,1.59,0.0,1.59,0.0,0.0,0.0,0.0,0.0,0,0,0,Not applicable as the project or activity is site specific,,NO,NO,NO,2024-09-23T11:02:26.762+00:00,,,,,,,,,,,,,,,,,,,,,,,,,,,,,,,,,,,,,,,"DANAKGRE, DAKOPGIRI, RONGRAM, WEST GARO HILLS, MEGHALAYA",,17,Individual,Partner,,17,,West Garo Hills,,https://parivesh.nic.in/dms/okm/downloadDocument?docTypemappingId=40829&refId=104905647&refType=caf&uuid=a6bc4c3b-123f-4f9d-88d7-0c5aadc2e846&version=1.0,0,https://parivesh.nic.in/newupgrade/#/report/ec?proposalId=104906580,0.0,7200.0
105515916,"The proposed project is an open cast semi-mechanized method of “Boulder Stone Mine” catering to Shri Khrikshon Lyngkhoi. The mine is situated at Village- Syllai Madan, Laitkynsew, Laitlyngkot Khyrim Syiemship, District- East Khasi Hills, State: Meghalaya. The mining lease area is 4.99 ha. having a production capacity of 4, 97,110 TPA  ROM (Boulder stone: 3, 97,690 TPA & Waste/Subgrade: 99,420 TPA).",New,SIA/ML/MIN/498220/2024,2024-09-25T06:30:04.514+00:00,2024-11-27T11:00:43.150+00:00,EC Granted,4.99,463.6804,KHRIKSHON LYNGKHOI,,Environment clearance form,EC,B1,,"""Boulder Stone Mine""  Mine Area 4.99ha",MEGHALAYA,Khatarshnong Laitkroh,Iewshyllong,,ML/SEAC/SEIAA/PP/EKH/74/2024,,Non - Linear,4.99,0.0,4.99,0.0,0.0,0.0,0.0,0.0,0,0,0,Not applicable as the project or activity is site specific,,NO,NO,NO,2024-09-26T14:42:18.756+00:00,,,,,,,,,,,,,,,,,,,,,,,,,,,,,,,,,,,,,,,,,,,,,,,East Khasi Hills,,https://parivesh.nic.in/dms/okm/downloadDocument?docTypemappingId=40829&refId=104903007&refType=caf&uuid=92ef7e9e-ffda-4138-a26f-e45875258cfb&version=1.0,278581,https://parivesh.nic.in/newupgrade/#/report/ec?proposalId=105515916,610.0,6645.0
105831948,Laying of aerial OFC from Dudhnoi to Rongjeng for 5G network connectivity,New,FP/ML/REDIV/498441/2024,2024-09-26T10:34:57.824+00:00,,DELISTED_BY_SYSTEM,0.21,15.0,Rohit Sharma,,Form-E: Re-Diversion i) Land Use Change ii) Laying of Overhead/ Under Ground OFC/ drinking water pipeline/ slurry pipeline/ electric cable/ CNG/PNG within RoW,,,,Laying of Aerial OFC from Dudhnoi to Rongjeng for 5G network connectivity,MEGHALAYA,Dudhnai,LAKNAKANDI,,,,Linear,0.0,0.21,0.21,0.0,0.0,0.0,0.0,0.0,0,0,0,Not applicable as the project or activity is site specific,,NO,NO,NO,2024-09-26T11:00:38.581+00:00,,,,,,,,,,,,,,,,,,,,,,,,,,,,,,,,,,,,,,,"6th Floor, F-602, Universal Ecogreens Infraworld, Betkuchi, Guwahati",Guwahati,18,Individual,Executive,,18,,Goalpara,,https://parivesh.nic.in/dms/okm/downloadDocument?docTypemappingId=40829&refId=31514387&refType=caf&uuid=4005e9f6-465c-4c20-9480-1d81c4e2727f&version=1.0,282450,https://parivesh.nic.in/newupgrade/#/report/ec?proposalId=105831948,730.0,1830.0
106705683,"To preserve, protect and promote the rich cultural heritage, the ancient wisdom and philosophy of the Khasi of Meghalaya and the unique indigenous religion known as Niam Khasi",New,FP/ML/OTHERS/498923/2024,2024-09-29T14:06:45.630+00:00,,DELISTED_BY_SYSTEM,0.88,6.0,SENG KHASI,,Forest clearance form,,,,PRESERVATION OF MORTAL REMAINS OF DECEASED PERSONS OF THE INDIGENEOUS KHASIS,MEGHALAYA,Mylliem,Mawlai (CT),,,78O/14,Non - Linear,0.0,0.88,0.88,0.0,0.0,0.0,0.0,0.0,0,0,0,Not applicable as the project or activity is site specific,,NO,NO,NO,2024-10-26T18:30:00.000+00:00,,,Non-forest Land,true,,,,,,,,,,,,,,,,,,,,,,,,,,,,,,,,,,,"Mawkhar, Shillong",,17,Trust/NGO/Partnership,General Secretary,,17,,East Khasi Hills,78O/14,https://parivesh.nic.in/dms/okm/downloadDocument?docTypemappingId=40829&refId=106705400&refType=caf&uuid=ebb07132-0d11-4dd7-8460-9089bf40ed79&version=1.0;https://parivesh.nic.in/dms/okm/downloadDocument?docTypemappingId=58989&refId=106705400&refType=FC&uuid=3bcdbe00-7d90-409a-8e4f-33a51f6a0fbc&version=1.0,278353,https://parivesh.nic.in/newupgrade/#/report/ec?proposalId=106705683,370.0,3652.0
107886540,The Myntdu Leshka HEP Stage-II located in West and East Jaintia Hills District of Meghalaya State is planned as a Run-of-the-river for hydropower development of the river Myntdu. The project envisages utilization of the available head between El. 270 m (FRL) and El. 13 m (TWL). The river water is proposed to be diverted by building a 46 m high concrete gravity dam on Myntdu River wherein the diverted water is planned to be passed through a 6.175 km long headrace tunnel of 6.0 m dia. terminating in a surge shaft. A surface powerhouse housing 3 Francis Turbines of 70 MW each with an operating rated head of 239.17 m is proposed on the right bank of the river. Tailwater from the powerhouse will be discharged back into the Myntdu river. The project would annually generate about 593.04 MU energy in a 90% dependable year.,New,IA/ML/RIV/499490/2024,2024-10-03T11:55:39.637+00:00,,DELISTED_BY_SYSTEM,85.229,3.59515,MEGHALAYA POWER GENERATION CORPORATION LIMITED,,Environment clearance form,EC,A,,Myntdu Leshka Hydro Electric Project Stage-II (3X70)MW,MEGHALAYA,Khliehriat,Lum Puthoi,J-12011/13/2018-IA.I(R),,,Non - Linear,73.88,11.349,85.229,0.0,0.0,0.0,0.0,0.0,5,0,122,YES,,NO,NO,NO,2024-11-14T07:40:01.443+00:00,,,,,,,,,,,,,,,,,,,,,,,,,,,,,,,,,,,,,,,,,,,,,,,East Jaintia Hills,,https://parivesh.nic.in/dms/okm/downloadDocument?docTypemappingId=40828&refId=1471905&refType=caf&uuid=5dbd6625-7a3d-4e3b-af68-4b2eae1f4644&version=1.0;https://parivesh.nic.in/dms/okm/downloadDocument?docTypemappingId=40828&refId=1471905&refType=caf&uuid=aeb9e683-aff8-462b-8312-3f519ee114a4&version=1.0;https://parivesh.nic.in/dms/okm/downloadDocument?docTypemappingId=40828&refId=1471905&refType=caf&uuid=2d679793-0d9a-403a-9bd9-345c02cf1518&version=1.0;https://parivesh.nic.in/dms/okm/downloadDocument?docTypemappingId=40828&refId=1471905&refType=caf&uuid=12ce0e23-0fad-4fd4-8e37-f79a1f483dc0&version=1.0;https://parivesh.nic.in/dms/okm/downloadDocument?docTypemappingId=40829&refId=1471905&refType=caf&uuid=e9738f92-2b99-492f-bf51-849917ecd5c1&version=1.0,,https://parivesh.nic.in/newupgrade/#/report/ec?proposalId=107886540,1915500.0,2555000.0
108199466,"Newly proposed Pyndengshahlang Coal Block of targeted peak capacity 0.15 MTPA and rated capacity 0.15 MTPA, is located over an area of 100 Ha. at Sdaddkhar village, Nongstoin C&RD Block, West Khasi Hills District, Meghalaya. The area is covered under Toposheet No. 78 O/3 (R.F 1:50000) of Survey of India & lies between the longitudes 91°02'26.714""E to 91°03'07.768""E  and latitudes 25°19'26.568""N to 25°20'09.922""N. The Block area is accessible from district headquarter Nongstoin of West Khasi Hills district by Nonghyllam-Maweit Road at a distance of around 50.3 km in the NE direction. The nearest major Railway Station from the block is Guwahati Railway Station (around 202 km road distance), connected via Riangdo-Boko Road. The nearest airport is the Umroi Airport (around 176 km road distance), connected via NH 106. The expected Life of Mine (LoM) is 12 years.",New,SIA/ML/CMIN/499756/2024,2024-10-04T12:33:31.298+00:00,2024-12-04T11:02:12.196+00:00,EC Granted,100.0,2700.0,SHAININGSTAR KHARDEWSAW,,Environment clearance form,EC,B1,,Pyndengshahlang Coal Block,MEGHALAYA,Nongstoin,Maweit,,ML/SEAC/SEIAA/PP/WKH/20/2024,,Non - Linear,91.3,8.7,100.0,0.0,0.0,0.0,0.0,0.0,0,0,0,Not applicable as the project or activity is site specific,,NO,NO,NO,2024-11-13T11:00:07.640+00:00,,,,,,,,,,,,,,,,,,,,,,,,,,,,,,,,,,,,,,,,,,,,,,,West Khasi Hills,,https://parivesh.nic.in/dms/okm/downloadDocument?docTypemappingId=40829&refId=37847439&refType=caf&uuid=8d65d1f8-74a6-4503-a128-aadd25917cd8&version=1.1,276817,https://parivesh.nic.in/newupgrade/#/report/ec?proposalId=108199466,4700.0,18375.0
109584377,"-It is an opencast mechanized method with  HEMM deep hole drilling.
-The maximum proposed production of Limestone  will be 2.51 MTPA (ROM).
-The Letter of intent  has been granted to the Star Cement Limited over an area 25.0 ha by State Govt vide letter no. MG.6/2023/277 dated 28.08.2023",New,IA/ML/MIN/500897/2024,2024-10-14T07:29:45.330+00:00,2025-02-08T15:08:46.273+00:00,EC Granted,25.0,3730.0,STAR CEMENT LIMITED,,Environment clearance form,EC,B1,,"""Daba Saitthad Limestone Deposit"" having mining lease area of 25 Ha by Star Cement Limited.",MEGHALAYA,Khliehriat,Lum Shnong,IA-J-11015/39/2023-IA-II(NCM),,LHC No. 6 of 2021,Non - Linear,25.0,0.0,25.0,0.0,0.0,0.0,0.0,0.0,0,0,0,NO,"The project or activity is site specific, Therefore no site alternatives analysis is required.",NO,NO,NO,2024-11-09T10:35:16.616+00:00,,,,,,,,,,,,,,,,,,,,,,,,,,,,,,,,,,,,,,,,,,,,,,,East Jaintia Hills,LHC No. 6 of 2021,https://parivesh.nic.in/dms/okm/downloadDocument?docTypemappingId=40829&refId=17852898&refType=caf&uuid=745cb707-424a-4830-84d9-b27b5a9fa6fd&version=1.0,279465,https://parivesh.nic.in/newupgrade/#/report/ec?proposalId=109584377,0.0,1485000.0
109623438,"Newly proposed Nehlang Lyngdoh Coal Mine of targeted peak capacity 0.15 MTPA and rated capacity 0.10 MTPA, is located over an area of 100 Ha at Lumiakhi, Wahsarang, Khliehriat C&RD Block in the western part of East Jaintia Hills District, Meghalaya. 
The area is covered under Toposheet No. G 4607 (R.F 1:50,000) of Survey of India, & lies between the longitudes 92° 16' 01.63"" E to 92° 16' 46.29"" & latitudes 25° 19' 50.15"" N to 25° 19' 04.79"" N. 
The Block area is accessible from district headquarter Khliehriat town of East Jaintia Hills District, Meghalaya by National Highway (NH-6) at a distance of around 11 km by road in the east direction from the block. The nearest major railway station from the block is the Guwahati Railway Station (around 190 km road distance) which is connected via NH-6. The nearest airport is the Umroi Airport (around 110 km road distance) which is connected via NH-6. 
The expected Life of Mine (LoM) is 7 years.",New,SIA/ML/CMIN/501000/2024,2024-10-14T13:07:02.064+00:00,2024-12-04T10:57:46.885+00:00,EC Granted,100.0,2500.0,LEBORLANG LYNGDOH,,Environment clearance form,EC,B1,,Nehlang Lyngdoh Coal Block,MEGHALAYA,Khliehriat,Wah Sarang,,ML/SEAC/SEIAA/PP/EJH/21/2024,Coal Block A,Non - Linear,100.0,0.0,100.0,0.0,0.0,0.0,0.0,0.0,0,0,0,Not applicable as the project or activity is site specific,,NO,NO,NO,2024-11-13T11:08:15.313+00:00,,,,,,,,,,,,,,,,,,,,,,,,,,,,,,,,,,,,,,,,,,,,,,,East Jaintia Hills,Coal Block A,https://parivesh.nic.in/dms/okm/downloadDocument?docTypemappingId=40829&refId=11795761&refType=caf&uuid=ce28ee66-9d18-4fcb-b764-4b9b489a7c9e&version=1.1,279427,https://parivesh.nic.in/newupgrade/#/report/ec?proposalId=109623438,4250.0,17500.0
109691930,"Newly proposed Saryngkham A Coal Mine of targeted peak capacity 0.10 MTPA which is also the rated capacity, is located over an area of 148 Ha. at Byndihati Village Saryngkham, Khliehriat C&RD Block, East Jaintia Hills District, Meghalaya. The area is covered under Toposheet No. 83 C/7 (R.F. 1:50,000) of Survey of India, and lies between the longitudes 92° 22' 21.3871"" E to 92° 23' 31.3000"" E & latitudes 25° 20' 07.9000"" N to 25° 19' 20.7000"" N. The block area is accessible from district HQ - Khliehriat Town of East Jaintia Hills District, Meghalaya via National Highway (NH 6) at a distance of around 6 km by road in the western side of the block. The nearest major Railway Station from the block is the Guwahati Railway Station (around 187 km road distance) which is connected via NH 6. The nearest Airport is Umroi Airport (around 101 Km road distance) which is connected via NH 6. The expected Life of Mine (LoM) is 7 years.",New,SIA/ML/CMIN/501170/2024,2024-10-15T12:32:14.624+00:00,2024-12-05T09:35:15.397+00:00,EC Granted,148.0,2700.0,DAPMAIN SHYLLA,,Environment clearance form,EC,B1,,Saryngkham A Coal Mine,MEGHALAYA,Khliehriat,Byndihati,,ML/SEAC/SEIAA/PP/EJH/19/2024,,Non - Linear,148.0,0.0,148.0,0.0,0.0,0.0,0.0,0.0,0,0,0,Not applicable as the project or activity is site specific,,NO,NO,NO,2024-11-13T11:12:22.677+00:00,,,,,,,,,,,,,,,,,,,,,,,,,,,,,,,,,,,,,,,,,,,,,,,East Jaintia Hills,,https://parivesh.nic.in/dms/okm/downloadDocument?docTypemappingId=40829&refId=37609655&refType=caf&uuid=be18018b-9000-47ff-8152-4a33827905e1&version=1.0,279435,https://parivesh.nic.in/newupgrade/#/report/ec?proposalId=109691930,5000.0,20125.0
109822759,"-It is a mining project of limestone & Shale mineral.
-The mining method will be opencast using
HEMM with deep hole drilling & blasting.
-The proposed maximum production will be 3.0 MTPA of Limestone and 0.2 MTPA of Shale.
-Letter of Intent/authorization order has been granted by the state govt. vide letter no. MG.8/2023/376 dated Shillong, 22th September, 2023.",New,IA/ML/MIN/501547/2024,2024-10-17T11:11:26.406+00:00,2026-04-01T14:46:13.607+00:00,EC Granted,65.0,3396.0,STAR CEMENT MEGHALAYA LIMITED,,Environment clearance form,EC,B1,,"""Brishyrnot Limestone Deposit-II'' with proposed maximum production capacity of 3.2 MTPA (3.0 MTPA limestone & 0.2 MTPA shale) by Star Cement Meghalaya Limited.",MEGHALAYA,Khliehriat,Bri Shyrnot,J-11015/17/2019-IA-II( NCM),,LHC No. 286 of 2008 (Sale Deed No. 87 of 2010),Non - Linear,65.0,0.0,65.0,0.0,0.0,0.0,0.0,0.0,0,0,0,NO,"The project or activity is site specific, Therefore no site alternatives analysis is required",NO,NO,NO,2024-11-11T08:28:19.483+00:00,,,,,,,,,,,,,,,,,,,,,,,,,,,,,,,,,,,,,,,,,,,,,,,East Jaintia Hills,LHC No. 286 of 2008 (Sale Deed No. 87 of 2010),https://parivesh.nic.in/dms/okm/downloadDocument?docTypemappingId=40829&refId=34404254&refType=caf&uuid=6f5b3ad0-1007-44fc-a46d-ed4180c19365&version=1.0,279464,https://parivesh.nic.in/newupgrade/#/report/ec?proposalId=109822759,0.0,1410000.0
110136549,"Proposed project is for Establishment of Integrated Cement Plant of capacity 3.3 MTPA clinker, 2.8 MTPA cement and 16 MW Waste Heat Recovery System. The project falls under Category “A” of schedule 3(b) of cement plants as per EIA Notification 14th September 2006 and subsequent amendments as the proposed capacity of the plant will be more than 1.0 MTPA of cement",New,IA/ML/IND1/502566/2024,2024-10-23T05:14:50.337+00:00,2025-07-29T08:59:02.526+00:00,EC Granted,110.3124,2.45055,MEGHATOP CEMENT PRIVATE LIMITED,,Environment clearance form,EC,A,,"Integrated Cement Plant of capacity 3.3 MTPA clinker, 2.8 MTPA cement and 16 MW Waste Heat Recovery System",MEGHALAYA,Khliehriat,Wahiajer,IA-J-11011/89/2024-IA-II(Ind-I),,,Non - Linear,110.3124,0.0,110.3124,0.0,0.0,0.0,0.0,0.0,0,0,0,YES,,NO,NO,NO,2024-12-10T06:08:56.254+00:00,,,,,,,,,,,,,,,,,,,,,,,,,,,,,,,,,,,,,,,,,,,,,,,East Jaintia Hills,,https://parivesh.nic.in/dms/okm/downloadDocument?docTypemappingId=40828&refId=50243723&refType=caf&uuid=a291d002-23e4-458b-8658-b64ad9b46885&version=1.0;https://parivesh.nic.in/dms/okm/downloadDocument?docTypemappingId=40828&refId=50243723&refType=caf&uuid=88017a28-e237-433d-9350-fa8c2bedceb4&version=1.2;https://parivesh.nic.in/dms/okm/downloadDocument?docTypemappingId=40828&refId=50243723&refType=caf&uuid=12558892-e63a-44b2-a045-fecf80c2bbbf&version=1.2;https://parivesh.nic.in/dms/okm/downloadDocument?docTypemappingId=40829&refId=50243723&refType=caf&uuid=64070d4d-3f41-491b-bfdc-13871e0a157b&version=1.0,,https://parivesh.nic.in/newupgrade/#/report/ec?proposalId=110136549,1350000.0,5751900.0
110346412,"FOR BORDER OUT POST, CONVERT FROM FOREST LAND TO BSF",New,FP/ML/Police/503085/2024,2024-10-25T14:25:16.595+00:00,,DELISTED_BY_SYSTEM,0.3,20.0,97  BN BSF BORDER SECURITY FORCE,,Forest clearance form,,,,FOREST LAND IS REQUIRED FOR BOP HANGARIA,MEGHALAYA,Khliehriat,Hingaria,,,,Non - Linear,0.0,0.3,0.3,0.0,0.0,0.0,0.0,0.0,0,0,0,Not applicable as the project or activity is site specific,,NO,NO,NO,2024-10-25T15:25:20.944+00:00,,,Degraded Forest Land,true,,,,,,,,,,,,,,,,,,,,,,,,,,,,,,,,,,,"97 BN BSF
MAWPAT, SHILLONG EAST KHASI HILLS
MEGHALAYA",HINGARIA,17,Central Government (Department/Autonomous body),SECOND IN COMMAND,HINGARIA,17,,East Jaintia Hills,,https://parivesh.nic.in/dms/okm/downloadDocument?docTypemappingId=40829&refId=110346161&refType=caf&uuid=9bfb8774-f658-4119-83a1-1b6a47bbee99&version=1.0,279481,https://parivesh.nic.in/newupgrade/#/report/ec?proposalId=110346412,7306.0,2195.0
110566727,"Bangalkhata Sand Mine is located at Mouza- Bangalkhata (Kaimbatapara), P.O.- Chibinang, P.S.- Phulbari, District- West Garo Hills, Meghalaya,The project envisaged mining of 2670.12 Cum. (4538 Tons) of river bed sand per year at Ringgi River.",New,SIA/ML/MIN/503559/2024,2024-10-30T05:47:55.721+00:00,2025-02-05T10:44:13.688+00:00,EC Granted,0.3,46.2,HASHANUZ ZAMAN,,Application for Corrigendum Form-13,OTHER,,,BANGALKHATA SAND MINE,MEGHALAYA,Selsella,Bangalkata,,ML/SEAC/SEIAA/PP/WGH/92/2024,,Non - Linear,0.3,0.0,0.3,0.0,0.0,0.0,0.0,0.0,0,0,0,Not applicable as the project or activity is site specific,,NO,NO,NO,2024-10-30T06:43:54.498+00:00,,,,,,,,,,,,,,,,,,,,,,,,,,,,,,,,,,,,,,,"C/O ALI AKBOR SARKER, HOUSE NO. 118, BHOLARBHITA, WEST GARO HILLS, MEGHALAYA",,17,Individual,woner,,17,,West Garo Hills,,https://parivesh.nic.in/dms/okm/downloadDocument?docTypemappingId=40829&refId=52208481&refType=caf&uuid=6edaedca-85d6-4e68-b88a-8190dc6143a3&version=1.0,0,https://parivesh.nic.in/newupgrade/#/report/ec?proposalId=110566727,0.0,3000.0
111041323,"The project envisages 74368.21 Cum / 208231 (MT) of stone production from Damjonggre Stone Mine during the planned period. Maximum production per year from the Mine will be 15712.14 Cum / 43994 Tons per year (max). 
Damjonggre Stone Mine is located at Village- Damjonggre, P.O.- Garobadha, District- West Garo Hills, State- Meghalaya, over an area of 3.16 Acres (1.28 Ha.).",New,SIA/ML/MIN/504854/2024,2024-11-07T09:29:45.018+00:00,2025-02-07T07:34:50.769+00:00,EC Granted,1.28,70.4,RINGH SANGMA,,Application for EC for Mining of Minor Minerals of Mine Lease (0-5 HA) - Form-2,EC,B2,,DAMJONGGRE STONE MINE,MEGHALAYA,Selsella,Damjonggre,,ML/SEAC/SEIAA/PP/WGH/87/2024,,Non - Linear,1.28,0.0,1.28,0.0,0.0,0.0,0.0,0.0,0,0,0,Not applicable as the project or activity is site specific,,NO,NO,NO,2024-12-16T05:07:48.088+00:00,,,,,,,,,,,,,,,,,,,,,,,,,,,,,,,,,,,,,,,"R/O: HOUSE NO.-21, ILLAGE-BOLGANGRE, P.O.- MUKDANGRA, P.S.-AMPATI, DISTRICT-SOUTH GARO HILLS, STATE-MEGHALAYA",,17,Individual,PROPRIETOR,,17,,West Garo Hills,,https://parivesh.nic.in/dms/okm/downloadDocument?docTypemappingId=40829&refId=111040776&refType=caf&uuid=7aae41e4-b5af-4a53-a7e3-2b291382d1ab&version=1.0,273486,https://parivesh.nic.in/newupgrade/#/report/ec?proposalId=111041323,0.0,9000.0
111305354,"It is a greenfield mining project of limestone mineral.
The mining method will be opencast using HEMM with deep hole drilling & blasting.
The proposed maximum production will be 400602 TPA of Limestone 
The Government of Meghalaya has issued an Order for grant of Mining Lease over an area of 10.71 Ha. Madan Pyrda (Block-2), Village- Chiehruphi, Narpuh Elaka, District –East Jaintia Hills, State - Meghalaya for mineral limestone on 4th January, 2018 vide letter no. MG.86/2012/170.",New,SIA/ML/MIN/505476/2024,2024-11-11T11:48:23.110+00:00,2025-03-03T08:38:17.020+00:00,EC Granted,10.71,270.0,GREEN VALLIEY INDUSTRIES LIMITED,,Environment clearance form,EC,B1,,Madan Pyrda (Block- 2) Limestone Deposit,MEGHALAYA,Khliehriat,Chieh Ruphi,,ML/SEAC/SEIAA/PP/EJH/95/2024,,Non - Linear,0.0,10.71,10.71,0.0,0.0,0.0,0.0,0.0,0,0,0,Not applicable as the project or activity is site specific,,NO,NO,NO,2024-11-29T10:35:34.433+00:00,,,,,,,,,,,,,,,,,,,,,,,,,,,,,,,,,,,,,,,,,,,,,,,East Jaintia Hills,,https://parivesh.nic.in/dms/okm/downloadDocument?docTypemappingId=40829&refId=108194639&refType=caf&uuid=a3db039b-ddaa-429c-867c-5f4727c6bfdf&version=1.0,279454,https://parivesh.nic.in/newupgrade/#/report/ec?proposalId=111305354,0.0,548100.0
111915898,"It is a minor mineral stone quarry project applying for reappraisal. The Environmental Clearance granted by DEIAA has also expired, thus the application is being submitted in Form-2.",New,SIA/ML/MIN/506741/2024,2024-11-20T06:57:23.034+00:00,2025-07-24T11:09:40.833+00:00,EC Granted,2.48,19.0,LUMLANG SHYLLA,,Application for EC for Mining of Minor Minerals of Mine Lease (0-5 HA) - Form-2,EC,B2,,BARAPATHAR STONE QUARRY,MEGHALAYA,Umling,Barapathar,,ML/SEAC/SEIAA/PP/RB/88/2024,,Non - Linear,2.48,0.0,2.48,0.0,0.0,0.0,0.0,0.0,0,0,0,NO,"",YES,NO,NO,2024-11-30T13:17:31.156+00:00,,,,,,,,,,,,,,,,,,,,,,,,,,,,,,,,,,,,,,,"C/O: Jopthiaw Lyngdoh,60, Ummulong Thadlaskein, West Jaintia Hills, Meghalaya, 79150",Ummulong Thadlaskein,17,Individual,Proprietor,Upper Nongrim,17,,Ribhoi,,https://parivesh.nic.in/dms/okm/downloadDocument?docTypemappingId=40829&refId=111799085&refType=caf&uuid=c67023c9-31c5-4218-b4ba-675683eee0e2&version=1.0,277451,https://parivesh.nic.in/newupgrade/#/report/ec?proposalId=111915898,0.0,3650.0
112273596,It is a minor mineral stone quarry mining project requiring reappraisal. The project now falls under B1 cluster hence the Form-1 is being applied to seek Terms of Reference,New,SIA/ML/MIN/507657/2025,2024-11-23T11:55:16.382+00:00,,Referred to SEIAA,4.0,32.605,BANKYRSHAN KSHIAR,Gaurang Environmental Solutions Pvt. Ltd.,Environment clearance form,TOR,B1,Mining of minerals,Mitlor Stone Quarry,MEGHALAYA,Khatarshnong Laitkroh,Mawkdok,,ML/SEAC/SEIAA/PP/EKH/114/2025,,Non - Linear,4.0,0.0,4.0,0.0,0.0,0.0,0.0,0.0,0,0,0,NO,"",NO,NO,NO,2025-07-30T16:14:24.857+00:00,,,,,,,,,,,,,,,,,,,,,,,,,,,,,,,,,,,,,,,,,,,,,,,East Khasi Hills,,https://parivesh.nic.in/dms/okm/downloadDocument?docTypemappingId=40829&refId=112206390&refType=caf&uuid=3aa3292a-d3c3-4008-8c08-f07257a7ae11&version=1.0,278524,https://parivesh.nic.in/newupgrade/#/report/ec?proposalId=112273596,0.0,27375.0
112275566,"It is a minor mineral limestone mining project requiring reappraisal. The project now falls under B1 cluster, hence Form-1 is being submitted to obtain Terms of Reference.",New,SIA/ML/MIN/507667/2024,2024-11-23T12:16:29.093+00:00,,DELISTED_BY_SYSTEM,2.5,20.0,EDINA ROSELINE MAYBELL LYNGDOH,Gaurang Environmental Solutions Pvt. Ltd.,Environment clearance form,TOR,B1,Mining of minerals,Bagli Lime Stone Quarry,MEGHALAYA,Ranikor,Bagli,,,,Non - Linear,2.5,0.0,2.5,0.0,0.0,0.0,0.0,0.0,0,0,0,NO,"",NO,NO,NO,2024-12-02T09:12:58.634+00:00,,,,,,,,,,,,,,,,,,,,,,,,,,,,,,,,,,,,,,,,,,,,,,,South West Khasi Hills,,https://parivesh.nic.in/dms/okm/downloadDocument?docTypemappingId=40829&refId=112174948&refType=caf&uuid=31f401d9-383f-42bb-b5ee-562117054749&version=1.0,277239,https://parivesh.nic.in/newupgrade/#/report/ec?proposalId=112275566,0.0,32850.0
112667722,"The Government of Meghalaya has issued a Letter of Intent (on dated 27/June/2022 vide
letter No. JH/Y.P/ML/L.S/2022-23/4.20h/B/493-94) for granting of mining lease under Rule 10 of Meghalaya Minor Mineral Concession Rule, 2016 for mining of limestone over an area of 4.20 ha located at Lumshnong Village, East Jaintia Hills District, Meghalaya in respect of Jaintia Mining Enterprises (Smt. Yookani Passah).
The average proposed rate of production is 3,08,434 TPA of Limestone (low grade). Targeted Peak production in 5 years plan period is 4,27,064 TPA. The applied area comprises of Private Land. The estimated project cost is Rs. 24.5 Lakhs. The expected life of mine is 14 years.",New,SIA/ML/MIN/508715/2024,2024-11-27T12:06:01.788+00:00,2025-07-24T11:33:58.456+00:00,EC Granted,4.2,24.5,YOOKANI PASSAH,,Environment clearance form,EC,B1,,Jaintia Stone Mine,MEGHALAYA,Khliehriat,Lum Shnong,,ML/SEIAA/MIN/EJH/P-336/2023,NA,Non - Linear,4.2,0.0,4.2,0.0,0.0,0.0,0.0,0.0,0,0,0,Not applicable as the project or activity is site specific,,NO,NO,NO,2025-01-02T07:47:24.283+00:00,,,,,,,,,,,,,,,,,,,,,,,,,,,,,,,,,,,,,,,,,,,,,,,East Jaintia Hills,NA,https://parivesh.nic.in/dms/okm/downloadDocument?docTypemappingId=40829&refId=5438012&refType=caf&uuid=daaae3e9-ffcf-44a1-9c98-2eadbd1b2e29&version=1.0,279465,https://parivesh.nic.in/newupgrade/#/report/ec?proposalId=112667722,0.0,21000.0
112685558,"It is a minor mineral limestone mining Project requiring reappraisal. The project now falls under a B1 cluster, hence Form-1 is being applied to seek Terms of Reference.",New,SIA/ML/MIN/508764/2024,2024-11-27T13:48:46.253+00:00,,DELISTED_BY_SYSTEM,4.0,2.0,RENIKTON LYNGDOH TONGKHAR,Gaurang Environmental Solutions Pvt. Ltd.,Environment clearance form,TOR,B1,Mining of minerals,Khonjoy Limestone mine,MEGHALAYA,Ranikor,Bagli,,,,Non - Linear,4.0,0.0,4.0,0.0,0.0,0.0,0.0,0.0,0,0,0,NO,"",NO,NO,NO,2024-12-02T07:38:35.347+00:00,,,,,,,,,,,,,,,,,,,,,,,,,,,,,,,,,,,,,,,,,,,,,,,South West Khasi Hills,,https://parivesh.nic.in/dms/okm/downloadDocument?docTypemappingId=40829&refId=112587245&refType=caf&uuid=0c9c212a-1bfe-4118-a732-123628eb14e9&version=1.0,277239,https://parivesh.nic.in/newupgrade/#/report/ec?proposalId=112685558,0.0,31025.0
112920164,"This Pre-Feasibility Report (PFR) has been prepared as per the guidelines specified in MoEF&CC’s OM no. J–11013/41/2006–IA.II(I) dated 30th Dec., 2010; as part of the application for obtaining Environmental Clearance of Manggapara Stone Mine.
The project envisages of 14467 cum. (Max.) / 39061 Tons of stone production from Manggapara Stone Mine during the planned period. Maximum production will be 3072 Cum. (Max.) / 8295 Tons per year (max.).
Manggapara Stone Mine Project is located at Village: Village: Manggapara, P.O.-Zekabari, P.S.-Tura, District- West Garo Hills, State-Meghalaya, over an area of 0.40 Ha.",New,SIA/ML/MIN/509368/2024,2024-11-29T06:51:53.094+00:00,2025-02-07T07:45:08.344+00:00,EC Granted,0.4,68.31,willing marak,,Application for EC for Mining of Minor Minerals of Mine Lease (0-5 HA) - Form-2,EC,B2,,MANGGAPARA STONE MINE,MEGHALAYA,Selsella,Manggapara,,ML/SEAC/SEIAA/PP/WGH/86/2024,,Non - Linear,0.4,0.0,0.4,0.0,0.0,0.0,0.0,0.0,0,0,0,Not applicable as the project or activity is site specific,,NO,NO,NO,2024-12-16T07:22:43.867+00:00,,,,,,,,,,,,,,,,,,,,,,,,,,,,,,,,,,,,,,,"26,ganglanggiri,west Garo Hills,",,17,Individual,Proponent,,17,,West Garo Hills,,https://parivesh.nic.in/dms/okm/downloadDocument?docTypemappingId=40829&refId=112913999&refType=caf&uuid=debb907a-4eb9-4971-9b0a-9bc613496cb9&version=1.0,273059,https://parivesh.nic.in/newupgrade/#/report/ec?proposalId=112920164,0.0,4200.0
113064491,It is a minor mineral limestone mining project requiring reappraisal,New,SIA/ML/MIN/509726/2024,2024-11-29T14:49:38.156+00:00,,DELISTED_BY_SYSTEM,3.781,99.47,ROCKY DHAR,Gaurang Environmental Solutions Pvt. Ltd.,Environment clearance form,TOR,B1,Mining of minerals,M/s Limestone Mine,MEGHALAYA,Shella Bholaganj,Bholaganj ( Majai),,,,Non - Linear,3.781,0.0,3.781,0.0,0.0,0.0,0.0,0.0,0,0,0,NO,"",NO,NO,NO,2024-12-02T15:59:23.765+00:00,,,,,,,,,,,,,,,,,,,,,,,,,,,,,,,,,,,,,,,,,,,,,,,East Khasi Hills,,https://parivesh.nic.in/dms/okm/downloadDocument?docTypemappingId=40829&refId=113063751&refType=caf&uuid=59f3994b-43ee-43c4-93c1-9ae90672ee4e&version=1.0,278873,https://parivesh.nic.in/newupgrade/#/report/ec?proposalId=113064491,0.0,38325.0
113162355,"It is a minor mineral boulder stone mining project requiring reappraisal. The EC validity has also expired. Hence, Form-2 is being submitted for reappraisal.",New,SIA/ML/MIN/510033/2024,2024-11-30T08:09:19.371+00:00,2026-03-29T04:58:20.798+00:00,EC Granted,2.95,19.0,LUMLANG SHYLLA,,Application for EC for Mining of Minor Minerals of Mine Lease (0-5 HA) - Form-2,EC,B2,,Maikhuli Stone Quarry,MEGHALAYA,Umling,Maikhuli,,ML/SEAC/SEIAA/PP/RB/89/2024,,Non - Linear,2.95,0.0,2.95,0.0,0.0,0.0,0.0,0.0,0,0,0,NO,"",YES,NO,NO,2024-11-30T12:26:54.771+00:00,,,,,,,,,,,,,,,,,,,,,,,,,,,,,,,,,,,,,,,"C/O: Jopthiaw Lyngdoh,60, Ummulong Thadlaskein, West Jaintia Hills, Meghalaya, 79150",Ummulong Thadlaskein,17,Individual,Proprietor,Upper Nongrim Hills,17,,Ribhoi,,https://parivesh.nic.in/dms/okm/downloadDocument?docTypemappingId=40829&refId=113155564&refType=caf&uuid=dd6f928f-7d43-4391-8cca-0230cc14870e&version=1.0,277457,https://parivesh.nic.in/newupgrade/#/report/ec?proposalId=113162355,0.0,9490.0
113293519,It is a minor mineral boulder stone mining project requiring reappraisal. The EC granted by DEIAA has expired hence the Form-2 is being submitted to obtain Environmental Clearance.,New,SIA/ML/MIN/510417/2024,2024-11-30T14:50:33.101+00:00,2025-09-29T09:32:13.078+00:00,EC Granted,3.0,61.4578,EDARSTAR LYNGDOHNONGBRI,,Application for EC for Mining of Minor Minerals of Mine Lease (0-5 HA) - Form-2,EC,B2,,M/S Laitdiengwah Stone Quarry,MEGHALAYA,Mawkynrew,Laitdiengsai,,ML/SEAC/SEIAA/PP/EKH/94/2024,"",Non - Linear,3.0,0.0,3.0,0.0,0.0,0.0,0.0,0.0,0,0,0,Not applicable as the project or activity is site specific,,NO,NO,NO,2024-12-16T09:32:41.224+00:00,,,,,,,,,,,,,,,,,,,,,,,,,,,,,,,,,,,,,,,"Village Umphyrnai, East Khasi Hills District, Meghalaya",Village Umphyrnai,17,Individual,Proprietor,Village Umphyrnai,17,,East Khasi Hills,"",https://parivesh.nic.in/dms/okm/downloadDocument?docTypemappingId=40829&refId=113289967&refType=caf&uuid=8df86230-d97c-4ff5-9e80-a15716c20918&version=1.0,278440,https://parivesh.nic.in/newupgrade/#/report/ec?proposalId=113293519,0.0,18250.0
113294145,It is a minor mineral stone quarry mining project requiring reappraisal.,New,SIA/ML/MIN/510420/2025,2024-11-30T14:55:13.315+00:00,2025-09-19T11:57:13.400+00:00,EC Granted,1.1,74.191,LAMONLANG MASSAR,,Application for EC for Mining of Minor Minerals of Mine Lease (0-5 HA) - Form-2,EC,B2,,M/S Dymmiew Jathit Stone Quarry,MEGHALAYA,Pynursla,Dymmiew,,ML/SEAC/SEIAA/PP/EKH/119/2025,,Non - Linear,1.1,0.0,1.1,0.0,0.0,0.0,0.0,0.0,0,0,0,NO,"",NO,NO,NO,2025-07-30T05:52:45.903+00:00,,,,,,,,,,,,,,,,,,,,,,,,,,,,,,,,,,,,,,,"Nongtyngur, Raid Lyngkhat, P.S.-Pynursla, East Khasi Hills District, Meghalaya.",Nongtyngur,17,Individual,Proprietor,"",17,,East Khasi Hills,,https://parivesh.nic.in/dms/okm/downloadDocument?docTypemappingId=40829&refId=27583185&refType=caf&uuid=8c31597e-0c8d-4a6a-ab84-9ea065ae0bb0&version=1.0,278912,https://parivesh.nic.in/newupgrade/#/report/ec?proposalId=113294145,0.0,16790.0
113338310,"It is a minor mineral boulderstone mining project that requires reappraisal. The Mining Lease was granted in the name of Shri Jamda Sangma, it was then transferred to Shri Selveston Momin on 4th July 2024. The project now falls in a B1 cluster, hence Form 1 is being submitted to obtain Terms of Reference.
The Approval of First Mining Plan was granted on 25 August 2017
The Approval of Renewal/Review of Mining Plan/Scheme was granted on 5 March 2024",New,SIA/ML/MIN/510636/2024,2024-12-01T07:04:07.669+00:00,2025-07-24T11:30:55.214+00:00,ToR Granted,2.69,19.5,SELVESTON MOMIN,Gaurang Environmental Solutions Pvt. Ltd.,Environment clearance form,TOR,B1,Mining of minerals,Umduba Stone Quarry,MEGHALAYA,Umling,Umduba,,ML/SEAC/SEIAA/PP/RB/103/2024,,Non - Linear,2.69,0.0,2.69,0.0,0.0,0.0,0.0,0.0,0,0,0,Not applicable as the project or activity is site specific,,NO,NO,NO,2025-03-23T12:35:40.464+00:00,,,,,,,,,,,,,,,,,,,,,,,,,,,,,,,,,,,,,,,,,,,,,,,Ribhoi,,https://parivesh.nic.in/dms/okm/downloadDocument?docTypemappingId=40829&refId=113332879&refType=caf&uuid=cbb37072-75f6-4957-a6c0-78c0e54584b7&version=1.0,277474,https://parivesh.nic.in/newupgrade/#/report/ec?proposalId=113338310,0.0,15695.0
113347768,The minor mineral mining lease requires reappraisal of Environmental Clearance. The project falls in a B1 cluster hence Form-1 is being submitted to obtain Terms of Reference.,New,SIA/ML/MIN/510683/2024,2024-12-01T08:10:40.231+00:00,,DELISTED_BY_SYSTEM,4.6,24.225,ROCKY DHAR,Gaurang Environmental Solutions Pvt. Ltd.,Environment clearance form,TOR,B1,Mining of minerals,M/s Limestone Mine of Shri Rocky Dhar,MEGHALAYA,Shella Bholaganj,Bholaganj ( Majai),,,Wahlong,Non - Linear,4.6,0.0,4.6,0.0,0.0,0.0,0.0,0.0,0,0,0,Not applicable as the project or activity is site specific,,NO,NO,NO,2024-12-02T11:57:47.303+00:00,,,,,,,,,,,,,,,,,,,,,,,,,,,,,,,,,,,,,,,,,,,,,,,East Khasi Hills,Wahlong,https://parivesh.nic.in/dms/okm/downloadDocument?docTypemappingId=40829&refId=113345662&refType=caf&uuid=0db4fb4f-99aa-4ef3-99ce-eac3b83e6a95&version=1.0,278873,https://parivesh.nic.in/newupgrade/#/report/ec?proposalId=113347768,0.0,17700.0
113372170,It is a minor mineral limestone mining project requiring reappraisal.,New,SIA/ML/MIN/510812/2024,2024-12-01T11:03:44.386+00:00,,DELISTED_BY_SYSTEM,1.157,49.5,ARENA HYNNIEWTA,,Application for EC for Mining of Minor Minerals of Mine Lease (0-5 HA) - Form-2,EC,B2,,M/s Limestone Mine,MEGHALAYA,Shella Bholaganj,Cherrapunjee (CT),,,,Non - Linear,1.157,0.0,1.157,0.0,0.0,0.0,0.0,0.0,0,0,0,NO,"",NO,NO,NO,2024-12-01T11:26:19.113+00:00,,,,,,,,,,,,,,,,,,,,,,,,,,,,,,,,,,,,,,,"Sohbar, East Khasi Hills, Meghalaya",Sohbar,17,Individual,Proprietor,Sohbar,17,,East Khasi Hills,,https://parivesh.nic.in/dms/okm/downloadDocument?docTypemappingId=40829&refId=113352563&refType=caf&uuid=b04b551c-64f1-4599-9bc5-4e21e528e7c2&version=1.0,278901,https://parivesh.nic.in/newupgrade/#/report/ec?proposalId=113372170,0.0,6935.0
113392489,"Existing 2.50 ha minor mineral (boulder stone) lease at Lum Jathit, Dymmiew, East Khasi Hills, Meghalaya. Originally granted to Smti. Donsinora Massar, with EC accorded to her by DEIAA. On her demise the lease was transferred to the present lessee, Smti. Milphiya Massar.
The DFO then issued Corrigendum NFLC rectifying the geo-coordinates and a Corrigendum LOI , directing her to obtain a corrigendum Mining Plan, corrigendum EC from SEIAA and corrigendum CTE from MSPCB. A fresh Scheme of Mining with PMCP is accordingly approved. This application is for reappraisal and grant of the corrigendum EC in the name of the present lessee.",New,SIA/ML/MIN/510935/2026,2024-12-01T13:39:12.109+00:00,,Pending at MS SEIAA,2.5,42.0,MILPHIYA MASSAR,,Application for EC for Mining of Minor Minerals of Mine Lease (0-5 HA) - Form-2,EC,B2,,M/s Lum Jathit Boulder Stone,MEGHALAYA,Pynursla,Dymmiew,,ML/SEAC/SEIAA/PP/EKH/177/2026,,Non - Linear,2.5,0.0,2.5,0.0,0.0,0.0,0.0,0.0,0,0,0,NO,"",NO,NO,NO,2026-08-28T17:07:11.387+00:00,,,,,,,,,,,,,,,,,,,,,,,,,,,,,,,,,,,,,,,"Ri Massar, Pynursla, East Khasi Hills, Meghalaya",Pynursla,17,Individual,Proprietor,Pynursla,17,,East Khasi Hills,,https://parivesh.nic.in/dms/okm/downloadDocument?docTypemappingId=40829&refId=27842872&refType=caf&uuid=6a7523b8-84b8-443c-ac94-953b5d69e0cc&version=1.0,278912,https://parivesh.nic.in/newupgrade/#/report/ec?proposalId=113392489,0.0,15695.0
113392910,It is a minor mineral boulder stone mining project requiring reappraisal.,New,SIA/ML/MIN/510940/2025,2024-12-01T13:42:11.372+00:00,2025-09-29T09:54:15.624+00:00,EC Granted,1.279,1.7,KHRIKSHON LYNGKHOI,,Application for EC for Mining of Minor Minerals of Mine Lease (0-5 HA) - Form-2,EC,B2,,M/s Khrikshon Lyngkhoi Boulder Stone Mine (1.279 ha),MEGHALAYA,Khatarshnong Laitkroh,Laitkynsew ( Raid Mawlieh),,ML/SEAC/SEIAA/PP/EKH/118/2025,,Non - Linear,1.279,0.0,1.279,0.0,0.0,0.0,0.0,0.0,0,0,0,Not applicable as the project or activity is site specific,,NO,NO,NO,2025-07-29T17:33:53.712+00:00,,,,,,,,,,,,,,,,,,,,,,,,,,,,,,,,,,,,,,,"K.L. Complex, Maccabe Road, Demseiniong, Shillong, Meghalaya.",Demseiniong,17,Private Limited,Proprietor,"",17,,East Khasi Hills,,https://parivesh.nic.in/dms/okm/downloadDocument?docTypemappingId=40829&refId=113388305&refType=caf&uuid=ccd856fb-12e9-4aa7-a5d5-b6f0f7d18fbe&version=1.0,278591,https://parivesh.nic.in/newupgrade/#/report/ec?proposalId=113392910,0.0,20075.0
113428516,It is a minor mineral boulderstone mining lease requiring reappraisal of EC.,New,SIA/ML/MIN/511159/2026,2024-12-02T02:48:10.775+00:00,2026-09-17T12:46:05.981+00:00,Referred to SEIAA,0.3354,1.25,RANJAN KRO,,Application for EC for Mining of Minor Minerals of Mine Lease (0-5 HA) - Form-2,EC,B2,,Ranjan Kro Stone Quarry,MEGHALAYA,Umling,Tamuli Kuchi,,ML/SEAC/SEIAA/PP/RB/174/2026,,Non - Linear,0.3354,0.0,0.3354,0.0,0.0,0.0,0.0,0.0,0,0,0,Not applicable as the project or activity is site specific,,NO,NO,NO,2026-08-06T08:00:36.171+00:00,,,,,,,,,,,,,,,,,,,,,,,,,,,,,,,,,,,,,,,"Tamalkuchi, 13th Mile, Byrnihat, Ri-Bhoi, Meghalaya",Byrnihat,17,Individual,Proprietor,Byrnihat,17,,Ribhoi,,https://parivesh.nic.in/dms/okm/downloadDocument?docTypemappingId=40829&refId=113401637&refType=caf&uuid=ddcc2221-269c-42af-9910-595c65c99b3e&version=1.0,0,https://parivesh.nic.in/newupgrade/#/report/ec?proposalId=113428516,0.0,6935.0
113456667,It is a minor mineral boulderstone mining project requiring reappraisal.,New,SIA/ML/MIN/511268/2025,2024-12-02T06:13:23.615+00:00,2025-09-22T11:29:39.202+00:00,EC Granted,1.78,53.44,WANLANG PHAWA,,Application for EC for Mining of Minor Minerals of Mine Lease (0-5 HA) - Form-2,EC,B2,,Moodymmai Stone Quarry,MEGHALAYA,Thadlaskein,Moodymmai,,ML/SEAC /SEIAA/PP/WJH/120/2025,Khliehpomlum,Non - Linear,1.78,0.0,1.78,0.0,0.0,0.0,0.0,0.0,0,0,0,Not applicable as the project or activity is site specific,,NO,NO,NO,2025-07-30T05:49:36.366+00:00,,,,,,,,,,,,,,,,,,,,,,,,,,,,,,,,,,,,,,,"Mihmyntdu, West Jaintia Hills, Jowai, Meghalaya",Mihmyntdu,17,Individual,Proprietor,Mihmyntdu,17,,West Jaintia Hills,Khliehpomlum,https://parivesh.nic.in/dms/okm/downloadDocument?docTypemappingId=40829&refId=113451057&refType=caf&uuid=80d21f5d-f1b6-4c4e-8bea-3bacbd19da7e&version=1.0,279162,https://parivesh.nic.in/newupgrade/#/report/ec?proposalId=113456667,0.0,6935.0
113490216,It is a minor mineral limestone mining project,New,SIA/ML/MIN/511400/2024,2024-12-02T07:56:26.914+00:00,,DELISTED_BY_SYSTEM,4.9,46.0,ROCKY DHAR,,Application for EC for Mining of Minor Minerals of Mine Lease (0-5 HA) - Form-2,EC,B2,,M/s Dhar Mining Company Pvt Ltd.,MEGHALAYA,Shella Bholaganj,Birsaw,,,,Non - Linear,4.9,0.0,4.9,0.0,0.0,0.0,0.0,0.0,0,0,0,NO,"",NO,NO,NO,2024-12-02T12:24:48.449+00:00,,,,,,,,,,,,,,,,,,,,,,,,,,,,,,,,,,,,,,,"Langkyrding Mihngi, Shillong",Langkyrding Mihngi,17,Individual,Proprietor,Langkyrding Mihngi,17,,East Khasi Hills,,https://parivesh.nic.in/dms/okm/downloadDocument?docTypemappingId=40829&refId=113043367&refType=caf&uuid=c62c3139-74e2-4f09-bbe4-25307123779a&version=1.0,278891,https://parivesh.nic.in/newupgrade/#/report/ec?proposalId=113490216,0.0,10950.0
113617241,This is a minor mineral mining lease requiring reappraisal. The mining lease now falls in a B1 cluster hence Form-1 is being submitted to obtain Terms of Reference.,New,SIA/ML/MIN/512085/2024,2024-12-02T16:10:58.957+00:00,,DELISTED_BY_SYSTEM,2.05,62.5,DANIMA PDANG,Gaurang Environmental Solutions Pvt. Ltd.,Environment clearance form,TOR,B1,Mining of minerals,M/s Danima Pdang Limestone Mine,MEGHALAYA,Khliehriat,Lum Shnong,,,,Non - Linear,2.05,0.0,2.05,0.0,0.0,0.0,0.0,0.0,0,0,0,Not applicable as the project or activity is site specific,,NO,NO,NO,2024-12-02T16:26:59.769+00:00,,,,,,,,,,,,,,,,,,,,,,,,,,,,,,,,,,,,,,,,,,,,,,,East Jaintia Hills,,https://parivesh.nic.in/dms/okm/downloadDocument?docTypemappingId=40829&refId=113616176&refType=caf&uuid=a744ad02-35a5-4c7a-8991-dc4006b1776c&version=1.0,279465,https://parivesh.nic.in/newupgrade/#/report/ec?proposalId=113617241,0.0,16425.0
113621642,It is an existing minor mineral mining lease requiring reappraisal. Due to falling in a B1 cluster the Form-1 is being submitted to obtain Terms of Reference.,New,SIA/ML/MIN/512123/2026,2024-12-02T16:52:30.850+00:00,,DELISTED_BY_SYSTEM,4.936,113.2128,LAMSHWA KYNDOH,Gaurang Environmental Solutions Pvt. Ltd.,Environment clearance form,TOR,B1,Mining of minerals,Shiahtah Limestone Mine,MEGHALAYA,Khliehriat,Lum Shnong,,ML/SEAC/SEIAA/PP/EJH/160/2026,,Non - Linear,4.936,0.0,4.936,0.0,0.0,0.0,0.0,0.0,0,0,0,Not applicable as the project or activity is site specific,,NO,NO,NO,2026-04-14T18:34:28.729+00:00,,,,,,,,,,,,,,,,,,,,,,,,,,,,,,,,,,,,,,,,,,,,,,,East Jaintia Hills,,https://parivesh.nic.in/dms/okm/downloadDocument?docTypemappingId=40829&refId=113620614&refType=caf&uuid=54b9b561-0897-4254-be5d-9881b9719d19&version=1.0,279465,https://parivesh.nic.in/newupgrade/#/report/ec?proposalId=113621642,0.0,15695.0
113624292,"It is a minor mineral mining lease requiring reappraisal. The mining lease now falls under a B1 cluster, hence the Form-1 is being applied for Terms of Reference.",New,SIA/ML/MIN/512146/2026,2024-12-02T17:17:07.142+00:00,,Referred to SEIAA,4.739,111.7375,LAMSHWA KYNDOH,Gaurang Environmental Solutions Pvt. Ltd.,Environment clearance form,TOR,B1,Mining of minerals,Wah Pynkon Limestone Mine (4.739 ha),MEGHALAYA,Khliehriat,Lum Shnong,,ML/SEAC/SEIAA/PP/EJH/159/2026,,Non - Linear,4.739,0.0,4.739,0.0,0.0,0.0,0.0,0.0,0,0,0,Not applicable as the project or activity is site specific,,NO,NO,NO,2026-04-15T15:39:46.731+00:00,,,,,,,,,,,,,,,,,,,,,,,,,,,,,,,,,,,,,,,,,,,,,,,East Jaintia Hills,,https://parivesh.nic.in/dms/okm/downloadDocument?docTypemappingId=40829&refId=113623164&refType=caf&uuid=a335df6d-117b-43c0-ad56-54f8304a42e9&version=1.0,279465,https://parivesh.nic.in/newupgrade/#/report/ec?proposalId=113624292,0.0,17885.0
113630848,"This is a minor mineral mining lease which requires reappraisal. The mining lease now falls within a B1 cluster, thus Form-1 is being submitted to obtain Terms of Reference.",New,SIA/ML/MIN/512200/2026,2024-12-02T18:04:56.280+00:00,,Referred to SEIAA,4.518,108.5232,LAMSHWA KYNDOH,Gaurang Environmental Solutions Pvt. Ltd.,Environment clearance form,TOR,B1,Mining of minerals,Wah Pynkon-2 Limestone Mine (4.518 ha),MEGHALAYA,Khliehriat,Lum Shnong,,ML/SEAC/SEIAA/PP/EJH/158/2026,,Non - Linear,4.518,0.0,4.518,0.0,0.0,0.0,0.0,0.0,0,0,0,Not applicable as the project or activity is site specific,,NO,NO,NO,2026-04-15T18:02:47.792+00:00,,,,,,,,,,,,,,,,,,,,,,,,,,,,,,,,,,,,,,,,,,,,,,,East Jaintia Hills,,https://parivesh.nic.in/dms/okm/downloadDocument?docTypemappingId=40829&refId=113627571&refType=caf&uuid=ced1bb2b-64ff-4475-9e67-35a0730d3b5b&version=1.0,279465,https://parivesh.nic.in/newupgrade/#/report/ec?proposalId=113630848,0.0,17885.0
113759683,It is a minor mineral mining lease requiring reappraisal. The project now falls under a B1 cluster and thus Form-1 is being applied to obtain Terms of Reference.,New,SIA/ML/MIN/512674/2024,2024-12-03T12:08:56.503+00:00,,DELISTED_BY_SYSTEM,0.67,24.0,"MANGGAPARA(DAPGRE) STONE MINE, AREA- 1.10 HA.,  APPLICANT- SHRI RANA B. SANGMA",Gaurang Environmental Solutions Pvt. Ltd.,Environment clearance form,TOR,B1,Mining of minerals,M/s Rakarik Ro'ong Quarry,MEGHALAYA,Selsella,Manggapara,,,Dapgiri,Non - Linear,0.67,0.0,0.67,0.0,0.0,0.0,0.0,0.0,0,0,0,Not applicable as the project or activity is site specific,,NO,NO,NO,2024-12-03T12:23:11.653+00:00,,,,,,,,,,,,,,,,,,,,,,,,,,,,,,,,,,,,,,,,,,,,,,,West Garo Hills,Dapgiri,https://parivesh.nic.in/dms/okm/downloadDocument?docTypemappingId=40829&refId=113745335&refType=caf&uuid=7da85eec-a2ca-4ba5-9d41-7169e0940679&version=1.0,273059,https://parivesh.nic.in/newupgrade/#/report/ec?proposalId=113759683,0.0,10220.0
113790019,"It is minor mineral mining lease requiring reappraisal. The mining lease now falls under B1 cluster, thus Form-1 is being applied to obtain Terms of Reference.",New,SIA/ML/MIN/512839/2026,2024-12-03T16:51:53.931+00:00,,Referred to SEIAA,3.927,115.51,WORLIN LAMARE,Gaurang Environmental Solutions Pvt. Ltd.,Environment clearance form,TOR,B1,Mining of minerals,Lumshnong-1 Limestone Mine (3.927 ha),MEGHALAYA,Khliehriat,Lum Shnong,,ML/SEAC/SEIAA/PP/EJH/162/2026,,Non - Linear,3.927,0.0,3.927,0.0,0.0,0.0,0.0,0.0,0,0,0,Not applicable as the project or activity is site specific,,NO,NO,NO,2026-04-21T08:33:21.128+00:00,,,,,,,,,,,,,,,,,,,,,,,,,,,,,,,,,,,,,,,,,,,,,,,East Jaintia Hills,,https://parivesh.nic.in/dms/okm/downloadDocument?docTypemappingId=40829&refId=113788615&refType=caf&uuid=f0a855eb-c2b1-474c-9b67-dcefd3c4c88a&version=1.0,279465,https://parivesh.nic.in/newupgrade/#/report/ec?proposalId=113790019,0.0,18250.0
113791511,"This is a minor mineral mining lease requiring reappraisal. The mining lease now falls under a B1 cluster, thus Form-1 is being submitted to obtain Terms of Reference.",New,SIA/ML/MIN/512851/2026,2024-12-03T17:15:02.206+00:00,,Referred to SEIAA,4.546,119.07,WORLIN LAMARE,Gaurang Environmental Solutions Pvt. Ltd.,Environment clearance form,TOR,B1,Mining of minerals,Lumshnong-2 Limestone Mine (4.546 ha),MEGHALAYA,Khliehriat,Lum Shnong,,ML/SEAC/SEIAA/PP/EJH/161/2026,,Non - Linear,4.546,0.0,4.546,0.0,0.0,0.0,0.0,0.0,0,0,0,Not applicable as the project or activity is site specific,,NO,NO,NO,2026-04-14T16:53:36.159+00:00,,,,,,,,,,,,,,,,,,,,,,,,,,,,,,,,,,,,,,,,,,,,,,,East Jaintia Hills,,https://parivesh.nic.in/dms/okm/downloadDocument?docTypemappingId=40829&refId=113790984&refType=caf&uuid=11cb6630-5b6a-4390-bce2-4888cb0499b8&version=1.0,279465,https://parivesh.nic.in/newupgrade/#/report/ec?proposalId=113791511,0.0,18250.0
113795351,It is a minor mineral mining lease requiring reappraisal.,New,SIA/ML/MIN/512888/2025,2024-12-03T18:09:19.077+00:00,2025-09-29T10:08:03.546+00:00,EC Granted,1.35,52.5,ELDI DHAR,,Application for EC for Mining of Minor Minerals of Mine Lease (0-5 HA) - Form-2,EC,B2,,M/s Eldi Dhar Limestone Mine,MEGHALAYA,Khliehriat,Wahiajer,,ML/SEAC/SEIAA/PP/EJH/117/2025,,Non - Linear,1.35,0.0,1.35,0.0,0.0,0.0,0.0,0.0,0,0,0,Not applicable as the project or activity is site specific,,NO,NO,NO,2025-07-30T07:03:33.025+00:00,,,,,,,,,,,,,,,,,,,,,,,,,,,,,,,,,,,,,,,"Chiehruphi, East Jaintia Hills District, Meghalaya",Chiehruphi,17,Individual,Proprietor,Chiehruphi,17,,East Jaintia Hills,,https://parivesh.nic.in/dms/okm/downloadDocument?docTypemappingId=40829&refId=113795018&refType=caf&uuid=449e9d1b-80b4-453a-929b-9032511d721d&version=1.0,279463,https://parivesh.nic.in/newupgrade/#/report/ec?proposalId=113795351,0.0,10950.0
114545084,"The project envisages of 119536 cum. (Max.) / 298840 Tons of stone production from Bollonggre Stone Mine during the planned period. Maximum production will be 31558 Cum. (Max.) / 78895 Tons per year (max.).
Bollonggre Stone Mine Project is located at Village: Village: Bollonggre, P.O.-Hallidayganj, P.S.-Tura, District- West Garo Hills, State-Meghalaya, over an area of 1.25 Ha.",New,SIA/ML/MIN/514286/2024,2024-12-11T14:50:54.286+00:00,2025-02-07T07:20:46.330+00:00,EC Granted,1.25,103.4,nanseng marak,,Application for EC for Mining of Minor Minerals of Mine Lease (0-5 HA) - Form-2,EC,B2,,BOLLONGGRE STONE MINE,MEGHALAYA,Selsella,Hallidayganj,,ML/SEAC/SEIAA/PP/WGH/90/2024,,Non - Linear,1.25,0.0,1.25,0.0,0.0,0.0,0.0,0.0,0,0,0,Not applicable as the project or activity is site specific,,NO,NO,NO,2024-12-12T05:57:18.815+00:00,,,,,,,,,,,,,,,,,,,,,,,,,,,,,,,,,,,,,,,"23, BOLLONGSINGGIMARI,BOLLONGGRE, WEST GARO HILLS, FULBARI",,17,Individual,Owner,,17,,West Garo Hills,,https://parivesh.nic.in/dms/okm/downloadDocument?docTypemappingId=40829&refId=114544838&refType=caf&uuid=077cfe81-0ace-4219-8108-54ca78e63297&version=1.0,272935,https://parivesh.nic.in/newupgrade/#/report/ec?proposalId=114545084,0.0,6000.0
114789041,"The applicant Smt. Plenty K. Pyngrope, has been directed to apply for the grant of fresh Environmental Clearance and re-appraisal by SEIAA, vide Letter No. EKJ.20/1/2016/VOL-II/330, for her already operational Limestone Mine in pursuance to Order No. O.O No. 13, dated 20th October, 2023. As per the newly approved Mining Plan, Thanghunai Limestone Quarry has a targeted peak capacity of 148908 TPA, & is located over an area of 3 Ha, at Thanghunai, Nongtalang, West Jaintia Hills District, Meghalaya. It lies between the longitudes  92°04'43.48""E to  92°04'50.27""E and latitudes  25°13'12.18""N to  25°13'03.48""N. The Mine Lease area is accessible from district headquarters Jowai of West Jaintia Hills district by NH206 at a distance of around 40 Km in the NE direction. The nearest major Railway station is Guwahati Railway Station (around 192 Km NW of the block), connected via NH6. The nearest airport is the Umroi Airport (around 106 Km NW of the block) connected via Shillong Bypass Road-NH206",Amendment,SIA/ML/MIN/514641/2024,2024-12-14T08:23:29.079+00:00,2025-03-03T08:54:00.407+00:00,EC Granted,3.0,25.0,PLENTY PYNGROPE,,Environment clearance form,EC,B1,,Thanghunai Limestone Quarry,MEGHALAYA,Amlarem,Nongtalang Thymmai,,ML/SEAC/SEIAA/PP/WJH/18/2024,,Non - Linear,3.0,0.0,3.0,0.0,0.0,0.0,0.0,0.0,0,0,0,Not applicable as the project or activity is site specific,,NO,NO,NO,2025-01-17T07:36:49.291+00:00,,,,,,,,,,,,,,,,,,,,,,,,,,,,,,,,,,,,,,,,,,,,,,,West Jaintia Hills,,https://parivesh.nic.in/dms/okm/downloadDocument?docTypemappingId=40829&refId=46088032&refType=caf&uuid=e2ab7501-adbd-4f6a-9dbc-e5687ea59feb&version=1.0,279344,https://parivesh.nic.in/newupgrade/#/report/ec?proposalId=114789041,0.0,12600.0
114871984,Mining Project,New,SIA/ML/MIN/514811/2024,2024-12-16T09:33:21.984+00:00,2025-03-03T08:33:46.971+00:00,EC Granted,1.95,5.0,LAKHON PHAWA,,Application for EC for Mining of Minor Minerals of Mine Lease (0-5 HA) - Form-2,EC,B2,,LAKHON HILLS SAND MINE,MEGHALAYA,Thadlaskein,Sabahmuswang,,ML/SEAC/SEIAA/PP/WJH/98/2024,,Non - Linear,1.95,0.0,1.95,0.0,0.0,0.0,0.0,0.0,0,0,0,Not applicable as the project or activity is site specific,,NO,NO,NO,2024-12-17T08:45:00.646+00:00,,,,,,,,,,,,,,,,,,,,,,,,,,,,,,,,,,,,,,,Pasyih Village,Pasyih Village,17,Individual,Mine Owner,Pasyih Village,17,,West Jaintia Hills,,https://parivesh.nic.in/dms/okm/downloadDocument?docTypemappingId=40829&refId=114498762&refType=caf&uuid=18b40c57-818b-4a1d-b854-d60f689e71d1&version=1.0,279171,https://parivesh.nic.in/newupgrade/#/report/ec?proposalId=114871984,1400.0,1400.0
115904762,"-It is a mining project of limestone mineral.
-The mining method will be opencast using
HEMM with deep hole drilling & blasting.
-The proposed maximum production will be 204000.05 TPA of Limestone.
-Government of Meghalaya has issued an order on dated 4th January, 2018 vide letter no. MG.6/2011/187.for grant of Mining Lease over an area of 4.89 ha",New,SIA/ML/MIN/516248/2025,2024-12-26T11:09:17.667+00:00,2025-07-25T11:50:22.619+00:00,EC Granted,4.89,116.0,GREEN VALLIEY INDUSTRIES LIMITED,,Application for Corrigendum Form-13,OTHER,,,Madan Pyrda (Block-1) by M/s. Green Valliey Industries Limited,MEGHALAYA,Khliehriat,Chieh Ruphi,,ML/SEAC/SEIAA/PP/EJH/99/2024,145 of 2010 and 123 of 2010,Non - Linear,0.0,4.89,4.89,0.0,0.0,0.0,0.0,0.0,0,0,0,NO,"The project or activity is site specific, Therefore no site alternatives analysis is required.",NO,NO,NO,2025-03-06T09:52:57.046+00:00,,,,,,,,,,,,,,,,,,,,,,,,,,,,,,,,,,,,,,,"Green Valliey Industries Limited, Nongsning Village",Nongsning,17,Private Limited,Vice President,Nongsning,17,,East Jaintia Hills,145 of 2010 and 123 of 2010,https://parivesh.nic.in/dms/okm/downloadDocument?docTypemappingId=40829&refId=115892081&refType=caf&uuid=55830adb-d55e-49bd-83a4-da96ed0b9840&version=1.0,279454,https://parivesh.nic.in/newupgrade/#/report/ec?proposalId=115904762,0.0,5700.0
116259574,It is a minor mineral Limestone mining project,New,SIA/ML/MIN/516718/2024,2024-12-30T12:58:43.125+00:00,2025-03-03T08:52:09.940+00:00,EC Granted,4.5,23.5,DOMINIC POHRMEN,,Environment clearance form,EC,B1,,AMSYNDUI LIMESTONE MINE,MEGHALAYA,Amlarem,Nongtalang Main,,ML/SEAC/SEIAA/PP/WJH/96/2024,,Non - Linear,4.5,0.0,4.5,0.0,0.0,0.0,0.0,0.0,0,0,0,NO,"",NO,NO,NO,2025-01-01T10:18:29.749+00:00,,,,,,,,,,,,,,,,,,,,,,,,,,,,,,,,,,,,,,,,,,,,,,,West Jaintia Hills,,https://parivesh.nic.in/dms/okm/downloadDocument?docTypemappingId=40829&refId=7119979&refType=caf&uuid=0b2f3753-a0eb-43e5-9f20-51e7a2366cab&version=1.0,279340,https://parivesh.nic.in/newupgrade/#/report/ec?proposalId=116259574,0.0,12810.0
117011690,It is a minor mineral limestone mining project,New,SIA/ML/MIN/517742/2025,2025-01-08T08:54:07.345+00:00,2025-07-24T11:28:49.766+00:00,ToR Granted,1.0,0.0,SEISOH SYIEMLIEH,Gaurang Environmental Solutions Pvt. Ltd.,Environment clearance form,TOR,B1,Mining of minerals,Rusiar Limestone Mine,MEGHALAYA,Shella Bholaganj,Sohbar,,ML/SEAC/SEIAA/PP/EKH/102/2024,,Non - Linear,1.0,0.0,1.0,0.0,0.0,0.0,0.0,0.0,0,0,0,Not applicable as the project or activity is site specific,,NO,NO,NO,2025-02-23T09:49:29.953+00:00,,,,,,,,,,,,,,,,,,,,,,,,,,,,,,,,,,,,,,,,,,,,,,,East Khasi Hills,,https://parivesh.nic.in/dms/okm/downloadDocument?docTypemappingId=40829&refId=115196829&refType=caf&uuid=56275841-6aee-4f85-884d-e12195695684&version=1.0,278849,https://parivesh.nic.in/newupgrade/#/report/ec?proposalId=117011690,0.0,0.0
118437504,water supply to the village under jal jeevan mission,New,FP/ML/WATER/520184/2025,2025-01-25T08:19:45.308+00:00,,DELISTED_BY_SYSTEM,0.1,412.37,SYNSHARLIN SNAITANG,,Forest clearance form,,,,Augmentation of Telekali wss,MEGHALAYA,Gasuapara,Telikali,,,,Linear,0.0,0.1,0.1,0.0,0.0,0.0,0.0,0.0,0,0,0,Not applicable as the project or activity is site specific,,NO,NO,NO,2025-01-25T09:32:47.835+00:00,,,Degraded Forest Land,true,,,,,,,,,,,,,,,,,,,,,,,,,,,,,,,,,,,phe baghmara,Telekali,17,State Government (Department/Autonomous body),Executive Engineer,Telekali,17,,South Garo Hills,,https://parivesh.nic.in/dms/okm/downloadDocument?docTypemappingId=40829&refId=118433785&refType=caf&uuid=638f9b46-6f5c-4eed-8880-1c69aafdc514&version=1.0;https://parivesh.nic.in/dms/okm/downloadDocument?docTypemappingId=58989&refId=118433785&refType=FC&uuid=176210fa-4e50-4f5c-b7d3-99b9050514c2&version=1.6,275882,https://parivesh.nic.in/newupgrade/#/report/ec?proposalId=118437504,374.0,375.0
118484903,Limestone Mine,New,SIA/ML/MIN/520418/2025,2025-01-26T10:23:31.432+00:00,2025-10-16T03:28:32.592+00:00,EC Granted,4.75,25.0,ALMERIC A SOHKHLET,,Application for EC for Mining of Minor Minerals of Mine Lease (0-5 HA) - Form-2,EC,B2,,ANDERSON LIMESTONE MINE,MEGHALAYA,Ranikor,Lakma,,ML/SEAC/SEIAA/PP/SWKH/125/2025,,Non - Linear,4.75,0.0,4.75,0.0,0.0,0.0,0.0,0.0,0,0,0,Not applicable as the project or activity is site specific,,NO,NO,NO,2025-09-30T07:30:50.107+00:00,,,,,,,,,,,,,,,,,,,,,,,,,,,,,,,,,,,,,,,"C/0 :- R.R Cunville, 015, Uppper Lachumiere,",Shilong,17,Individual,Owner,Shillong,17,,South West Khasi Hills,,https://parivesh.nic.in/dms/okm/downloadDocument?docTypemappingId=40829&refId=118324168&refType=caf&uuid=6db20862-9889-4f91-b829-b452cf065594&version=1.0,277243,https://parivesh.nic.in/newupgrade/#/report/ec?proposalId=118484903,32.0,32.0
118523861,"The project envisages of 81967 cum. (Max.) / 221311 Tons of stone production from Dodanggre Stone Mine during the planned period. Maximum production will be 20855 Cum. (Max.) / 56309 Tons per year (max.).
Dodanggre Stone Mine Project is located at Village: Dodanggre, P.O.-Chibinang, P.S.-Tikirkilla, District- West Garo Hills, State-Meghalaya, over an area of 1.00 Ha.",New,SIA/ML/MIN/520614/2025,2025-01-27T06:45:09.507+00:00,2025-10-16T03:32:19.292+00:00,EC Granted,1.0,103.3,MARJENG MARAK,,Application for EC for Mining of Minor Minerals of Mine Lease (0-5 HA) - Form-2,EC,B2,,DODANGGRE STONE MINE,MEGHALAYA,Dadenggiri,Chibong,,ML/SEAC/SEIAA/PP/WGH/123/2025,,Non - Linear,1.0,0.0,1.0,0.0,0.0,0.0,0.0,0.0,0,0,0,Not applicable as the project or activity is site specific,,NO,NO,NO,2025-09-02T10:38:32.996+00:00,,,,,,,,,,,,,,,,,,,,,,,,,,,,,,,,,,,,,,,"CHAMBAK PARA, CHIBINANG, WEST GARO HILLS, MEGHALAYA",,17,Individual,Proponent,,17,,West Garo Hills,,https://parivesh.nic.in/dms/okm/downloadDocument?docTypemappingId=40829&refId=118427195&refType=caf&uuid=5b0a3ea7-f6f2-444b-99a1-a9e072cee655&version=1.0,273228,https://parivesh.nic.in/newupgrade/#/report/ec?proposalId=118523861,0.0,9900.0
119053666,It is a minor mineral limestone mining project,New,SIA/ML/MIN/521916/2025,2025-02-01T07:09:12.241+00:00,2025-07-24T11:26:33.609+00:00,ToR Granted,0.47,11.0,ARBIS TANGDHARA,Gaurang Environmental Solutions Pvt. Ltd.,Environment clearance form,TOR,B1,Mining of minerals,RIEWSIAR LIMESTONE MINE,MEGHALAYA,Shella Bholaganj,Sohbar,,ML/SEAC/SEIAA/PP/EKH/101/2024,,Non - Linear,0.47,0.0,0.47,0.0,0.0,0.0,0.0,0.0,0,0,0,NO,"",NO,NO,NO,2025-02-23T13:05:26.689+00:00,,,,,,,,,,,,,,,,,,,,,,,,,,,,,,,,,,,,,,,,,,,,,,,East Khasi Hills,,https://parivesh.nic.in/dms/okm/downloadDocument?docTypemappingId=40829&refId=119048671&refType=caf&uuid=4d497ceb-19e1-47fe-ad4e-a016120f7f1d&version=1.0,278849,https://parivesh.nic.in/newupgrade/#/report/ec?proposalId=119053666,0.0,5110.0
119517233,Re-notification of area of Balpakram National Park.,New,WL/ML/Others/522937/2025,2025-02-07T06:33:59.859+00:00,,,162.3,0.0,Eliazer Ch momin,,Wildlife clearance form,,,,Alteration of area of Balpakram National Park,MEGHALAYA,Rongara,Adachepa,,,,Non - Linear,0.0,162.3,162.3,0.0,0.0,0.0,0.0,0.0,0,0,0,NO,Area of existing National Park needs to be re-notified as per actual area.,NO,NO,NO,2025-02-07T07:40:35.097+00:00,,,,,,,,,,,,,,,,,,,,,,,,,,,,,,,,,,,,,,,,,,,,,,,South Garo Hills,,https://parivesh.nic.in/dms/okm/downloadDocument?docTypemappingId=40829&refId=119515320&refType=caf&uuid=2d73d6dc-229d-406f-ae90-ef6b928b9bf9&version=1.0,276308,https://parivesh.nic.in/newupgrade/#/report/ec?proposalId=119517233,0.0,0.0
119574890,"The proposal is for Umsangat Limestone Deposit-I over an area of 18.19 ha of M/s Goldstone Cements Limited. located at Umsangat, in Village: Musiang Lamare (Old), District- East Jaintia Hills, Meghalaya State at the latitude N25° 11’ 08.97” to N25° 11’ 35.20”, and longitude E 92° 20’ 24.02” to E 92° 20’42.29”. The lease area falls in the Survey of India Toposheet No. 83C/8 (Restricted). The proposed peak ROM quantity is 1002827 MT/annum max in any one year. The limestone produced from the 18.19 ha Umsangat Limestone Deposit-I shall be used captively by the clinker manufacturing plant of the Lessee M/s. Goldstone Cements Limited at Village: Musiang Lamare (Old), District- East Jaintia Hills, Meghalaya State.",New,SIA/ML/MIN/523036/2025,2025-02-07T12:45:05.902+00:00,2025-03-21T07:20:31.463+00:00,EC Granted,18.19,1177.6,GOLDSTONE CEMENTS LTD,,Environment clearance form,EC,B1,,Umsangat Limestone Deposit - I of M/s. Goldstone Cements Limited.,MEGHALAYA,Khliehriat,Musiang Lamare (Old),,ML/SEAC/SEIAA/PP/EJH/81/2024,,Hybrid,18.19,0.0,18.19,0.0,0.0,0.0,0.0,0.0,0,0,0,Not applicable as the project or activity is site specific,,NO,NO,NO,2025-02-07T17:05:20.530+00:00,,,,,,,,,,,,,,,,,,,,,,,,,,,,,,,,,,,,,,,,,,,,,,,East Jaintia Hills,,https://parivesh.nic.in/dms/okm/downloadDocument?docTypemappingId=40829&refId=95031373&refType=caf&uuid=33a80c07-2b6c-4e15-b612-0ec528f31fd8&version=1.0,279456,https://parivesh.nic.in/newupgrade/#/report/ec?proposalId=119574890,18300.0,18300.0
119632132,"The proposal is for Umsangat Limestone Deposit-II of M/s Goldstone Cements Ltd., over an extent of 9.16 Ha  located at Umsangat, in Village: Musiang Lamare (Old), District: East Jaintia Hills, Meghalaya State at the latitude 25° 11' 16.59"" N to 25° 11' 31.06"" N and 92° 20' 17.51"" E to 92° 20' 33.34"" E. The lease area falls in the Survey of India Toposheet No. 83C/8 (Restricted). The proposed peak ROM quantity is 1000798 MT/annum max in 5th year of mining plan period.  The limestone produced from the 9.16 ha Umsangat Limestone Deposit-II shall be used captively by the clinker manufacturing plant of the Lessee M/s. Goldstone Cements Limited at Village: Musiang Lamare (Old), Dist. East Jaintia Hills, Meghalaya State.",New,SIA/ML/MIN/523156/2025,2025-02-08T12:23:48.109+00:00,2025-03-10T11:00:33.566+00:00,EC Granted,9.16,1237.48,GOLDSTONE CEMENTS LTD,,Environment clearance form,EC,B1,,Umsangat Limestone Deposit - II of M/s. Goldstone Cements Limited.,MEGHALAYA,Khliehriat,Musiang Lamare (Old),,ML/SEAC/SEIAA/PP/EJH/82/2024,,Hybrid,9.16,0.0,9.16,0.0,0.0,0.0,0.0,0.0,0,0,0,Not applicable as the project or activity is site specific,,NO,NO,NO,2025-02-08T15:07:05.938+00:00,,,,,,,,,,,,,,,,,,,,,,,,,,,,,,,,,,,,,,,,,,,,,,,East Jaintia Hills,,https://parivesh.nic.in/dms/okm/downloadDocument?docTypemappingId=40829&refId=95948112&refType=caf&uuid=f27089b0-aa64-4763-a352-f670100ca3fd&version=1.0,279456,https://parivesh.nic.in/newupgrade/#/report/ec?proposalId=119632132,19800.0,19800.0
120000917,"Sutnga Limestone mine (ML area 230 ha) of Cosmos Cements Ltd. at Village Salang, Elaka Sutnga, Tehsil Khliehriat, District East Jaintia Hills, Meghalaya. Integrated Environmental Clearance (EC) for the plant and mine was obtained from MoEF&CC, New Delhi. However, Integrated Cement plant couldn’t be established within the validity period of Environmental Clearance and only mine is under operation.",Amendment,SIA/ML/MIN/523983/2025,2025-02-13T10:25:49.853+00:00,2025-07-25T11:34:55.835+00:00,EC Granted,230.0,900.0,COSMOS CEMENTS LIMITED,,Application for Corrigendum Form-13,OTHER,,,"Sutnga Limestone mine (ML area 230 ha) at Village Sutnga, Tehsil Khliehriat, District East Jaintia Hills, Meghalaya.",MEGHALAYA,Khliehriat,Sutnga,,ML/SEAC/SEIAA/PP/EJH/100/2024,"Salang Village, Sutnga Elaka, Khliehriat Taluk",Non - Linear,230.0,0.0,230.0,0.0,0.0,0.0,900.0,0.0,0,0,0,Not applicable as the project or activity is site specific,,YES,NO,NO,2025-03-10T06:54:35.624+00:00,,,,,,,,,,,,,,,,,,,,,,,,,,,,,,,,,,,,,,,"Village – Thangskai ,  P.O.- Lumshnong, District – East Jaintia Hills, State – Meghalaya-793210",,17,Others,"Assistant Executive Director, Authorized Signatory",,17,,East Jaintia Hills,"Salang Village, Sutnga Elaka, Khliehriat Taluk",https://parivesh.nic.in/dms/okm/downloadDocument?docTypemappingId=40829&refId=119949411&refType=caf&uuid=1a7f9bf4-99d6-4d18-90e5-0b6cbc337728&version=1.0,279403,https://parivesh.nic.in/newupgrade/#/report/ec?proposalId=120000917,0.0,36140.0
120043573,To provide a reliable and potable water supply to a specific population by addressing existing water scarcity.,New,FP/ML/OTHERS/524050/2025,2025-02-13T18:24:18.589+00:00,,Final Diversion Order Issued,0.006,472.4377,lAMPHRANG NENGNONG,,Forest clearance form,,,,Phudmawri Water Supply Scheme,MEGHALAYA,Mylliem,Mawlai (CT),,,78O14,Non - Linear,0.0,0.006,0.006,0.0,0.0,0.0,0.0,0.0,0,0,0,Not applicable as the project or activity is site specific,,NO,NO,NO,2025-02-13T18:35:52.024+00:00,,,Degraded Forest Land,true,,,,,,,,,,,,,,,,,,,,,,,,,,,,,,,,,,,"Mawlai Phudmawri B, Mawlai",Shillong,17,Trust/NGO/Partnership,General Secretary,Shillong,17,,East Khasi Hills,78O14,https://parivesh.nic.in/dms/okm/downloadDocument?docTypemappingId=40829&refId=120043421&refType=caf&uuid=2d88f2a7-3382-48a5-883d-621b0df608c3&version=1.0;https://parivesh.nic.in/dms/okm/downloadDocument?docTypemappingId=58989&refId=120043421&refType=FC&uuid=5b005d9a-a576-4a6f-9822-7f5309f23a3f&version=1.0,278353,https://parivesh.nic.in/newupgrade/#/report/ec?proposalId=120043573,120.0,367.0
120218968,"The proposal is for Khad-Moosiang Limestone Deposit of M/s. Cement International Limited, over an extent of 4.75 ha with the Maximum production capacity of 242758.60 TPA of Limestone & 101170.44 TPA of Sandstone (Waste) located at Village-Lumshnong, Tehsil-Khliehriat, District-Jaintia Hills, Meghalaya State. The lease area falls in the Survey of India Toposheet No. 83C/8. The mine is located at the latitude 25° 09' 46.00"" N - 25° 09' 57.19"" N and longitude 92° 22' 33.43"" E - 92° 22' 44.19"" E.",New,IA/ML/MIN/524364/2025,2025-02-15T12:42:10.251+00:00,2025-11-19T04:51:34.200+00:00,ToR Granted,4.75,375.0,LOVELY GYMPAD,"Global Environment & Mining Services LLP, Hospet",Environment clearance form,TOR,A,Mining of minerals,"Khad-Moosiang Limestone Deposit over an area 4.75 Ha of M/s. Cement International Limited, located at Lumshnong Village, Khliehriat Tehsil, East Jaintia Hills District, Meghalaya State.",MEGHALAYA,Khliehriat,Lum Shnong,J-11015/26/2022-IA.II(NCM),,-,Non - Linear,4.75,0.0,4.75,0.0,0.0,0.0,0.0,0.0,0,0,0,Not applicable as the project or activity is site specific,,NO,NO,NO,2025-10-22T14:54:24.663+00:00,,,,,,,,,,,,,,,,,,,,,,,,,,,,,,,,,,,,,,,,,,,,,,,East Jaintia Hills,-,https://parivesh.nic.in/dms/okm/downloadDocument?docTypemappingId=40829&refId=120183536&refType=caf&uuid=1d2d2c1f-b46e-44c2-8ab0-d5c1946e0edc&version=1.0,279465,https://parivesh.nic.in/newupgrade/#/report/ec?proposalId=120218968,12000.0,12000.0
120252924,Renewal of the Diversion of 0.09 ha of forest Land under Laitkor Protected Forest which was lease to Lumparing Nepali School since 1978.,New,FP/ML/SCH/524422/2025,2025-02-17T05:43:14.845+00:00,,DELISTED_BY_SYSTEM,0.09,0.0,LUMPARING NEPALI SCHOOL,,Form-B (Part-I): Renewal of Lease on Forest Land,,,,Diversion of 0.09 ha of forest Land under laitkor Protected Forest which was lease to Lumparing Nepali School since 1978,MEGHALAYA,Mylliem,Laitkor Mawri,,,Lumparing,Non - Linear,0.0,0.09,0.09,0.0,0.0,0.0,0.0,0.0,0,0,0,Not applicable as the project or activity is site specific,,NO,NO,NO,2026-04-27T18:30:00.000+00:00,,,,,,,,,,,,,,,,,,,,,,,,,,,,,,,,,,,,,,,Lower Lumparing,Mynsain,17,Others,Secretary,Mynsain,17,,East Khasi Hills,Lumparing,https://parivesh.nic.in/dms/okm/downloadDocument?docTypemappingId=40829&refId=47083674&refType=caf&uuid=ba786d9c-98a1-4ba5-aef2-b766f2841558&version=1.0,0,https://parivesh.nic.in/newupgrade/#/report/ec?proposalId=120252924,0.0,0.0
120368270,"It is a semi-mechanized mine. The production capacity of the Limestone mine will be 1,20,000 TPA. The Mining lease was granted on 14.12.2006. Further the Mine Lease was revived vide order No. MG.10/2014/198 dated 22.12.2017.",New,IA/ML/MIN/524622/2025,2025-02-18T10:14:22.178+00:00,,DELISTED_BY_SYSTEM,4.56,450.0,K SINGH WANN AND SONS,,Application for Validity Extension of EC- Form-6,OTHER,,,Mawlong Limestone Mine having mine lease area of 4.56 Ha of K.Singh Wann & Sons,MEGHALAYA,Shella Bholaganj,Lum-U-Smon,"J-11015/45/2018-IA,II(M)",,,Non - Linear,4.56,0.0,4.56,0.0,0.0,0.0,0.0,0.0,0,0,0,Not applicable as the project or activity is site specific,,NO,NO,NO,2025-11-22T08:00:07.406+00:00,,,,,,,,,,,,,,,,,,,,,,,,,,,,,,,,,,,,,,,,,,,,,,,East Khasi Hills,,https://parivesh.nic.in/dms/okm/downloadDocument?docTypemappingId=40829&refId=120354514&refType=caf&uuid=7069b56c-c8c2-4dbe-b519-df1f31adbed7&version=1.0,278862,https://parivesh.nic.in/newupgrade/#/report/ec?proposalId=120368270,0.0,10200.0
121657207,"It is a semi-mechanized mine. The production capacity of the Limestone mine will be 1,20,000 TPA. The Mining lease was granted on 14.12.2006. Further the Mine Lease was revived vide order No. MG.10/2014/198 dated 22.12.2017.",New,IA/ML/MIN/527715/2025,2025-03-05T09:32:01.802+00:00,,DELISTED_BY_SYSTEM,4.56,450.0,K SINGH WANN AND SONS,,Application for Transfer of EC- Form-7,OTHER,B1,,Mawlong Limestone Mine having mine lease area of 4.56 Ha of K.Singh Wann & Sons,MEGHALAYA,Shella Bholaganj,Birsaw,"J-11015/45/2018-IA,II(M)",,,Non - Linear,4.56,0.0,4.56,0.0,0.0,0.0,0.0,0.0,0,0,0,Not applicable as the project or activity is site specific,,NO,NO,NO,2025-11-14T07:33:43.939+00:00,,,,,,,,,,,,,,,,,,,,,,,,,,,,,,,,,,,,,,,"Village Ichamati, P.O. Ichamati, Via Shella,",Ichamati,17,Private Limited,Mine Lesse,Ichamati,17,,East Khasi Hills,,https://parivesh.nic.in/dms/okm/downloadDocument?docTypemappingId=40829&refId=120354514&refType=caf&uuid=7069b56c-c8c2-4dbe-b519-df1f31adbed7&version=1.0,278891,https://parivesh.nic.in/newupgrade/#/report/ec?proposalId=121657207,0.0,10200.0
121767288,"-It is a mining project of limestone mineral.
-The mining method will be opencast using
HEMM with deep hole drilling & blasting.
-The proposed maximum production will be 204000.05 TPA of Limestone.
-Government of Meghalaya has issued an order on dated 4th January, 2018 vide letter no. MG.6/2011/187.for grant of Mining Lease over an area of 4.89 ha",New,SIA/ML/MIN/527951/2025,2025-03-06T07:51:54.279+00:00,2025-09-22T10:40:44.548+00:00,EC Granted,4.89,116.0,GREEN VALLIEY INDUSTRIES LIMITED,,Application for Validity Extension of EC- Form-6,OTHER,,,Madan Pyrda (Block-1) by M/s. Green Valliey Industries Limited,MEGHALAYA,Khliehriat,Chieh Ruphi,,SEIAA/(Project-25/30/2016)/Vol.ll/43/2019/33/1013,145 of 2010 and 123 of 2010,Non - Linear,0.0,4.89,4.89,0.0,0.0,0.0,0.0,0.0,0,0,0,NO,"The project or activity is site specific, Therefore no site alternatives analysis is required.",NO,NO,NO,2025-03-06T09:38:15.248+00:00,,,,,,,,,,,,,,,,,,,,,,,,,,,,,,,,,,,,,,,,,,,,,,,East Jaintia Hills,145 of 2010 and 123 of 2010,https://parivesh.nic.in/dms/okm/downloadDocument?docTypemappingId=40829&refId=115892081&refType=caf&uuid=55830adb-d55e-49bd-83a4-da96ed0b9840&version=1.0,279454,https://parivesh.nic.in/newupgrade/#/report/ec?proposalId=121767288,0.0,5700.0
122394510,Extension of the Lease of the plot of land at Laitkor Protected Forest for purpose of School Playground,Expansion,FP/ML/SCH/529429/2025,2025-03-13T19:49:48.606+00:00,,DELISTED_BY_SYSTEM,0.233,0.0,SUMARBIN UMDOR,,Form-B (Part-I): Renewal of Lease on Forest Land,,,,Extension of the Lease of the plot of land at Laitkor Protected Forest,MEGHALAYA,Mylliem,Nongthymmai,,,78O/14,Non - Linear,0.0,0.233,0.233,0.0,0.0,0.0,0.0,0.0,0,0,0,Not applicable as the project or activity is site specific,,NO,NO,NO,2025-03-13T20:19:25.750+00:00,,,,,,,,,,,,,,,,,,,,,,,,,,,,,,,,,,,,,,,Malki,Shillong,17,Trust/NGO/Partnership,Secretary,Shillong,17,,East Khasi Hills,78O/14,https://parivesh.nic.in/dms/okm/downloadDocument?docTypemappingId=40829&refId=121171165&refType=caf&uuid=03d43145-d749-4fad-800b-b6c955a659a7&version=1.0,0,https://parivesh.nic.in/newupgrade/#/report/ec?proposalId=122394510,366.0,366.0
122593062,The proposed of this scheme is to provide safe potable drinking water to Depa Garat village with functional tap water connection with minimum supply level of 55 LPCD. This village is located under the Kharkutta C&RD block and it is approachable by road. The project is proposed under Jal Jeevan Mission (JJM). The Zonal reservoir for collecting potable  water for Depa Garat Village will be constructed provided the land and no trees will be cut down during the execution of the project.,New,FP/ML/WATER/529903/2025,2025-03-17T14:05:07.555+00:00,,DELISTED_BY_SYSTEM,0.011,22.95365,Public Works Department,,Forest clearance form,,,,Water supply scheme to Depa Garat,MEGHALAYA,Kharkutta,Depa Garat,,,0.011,Non - Linear,0.0,0.011,0.011,0.0,0.0,0.0,0.0,0.0,0,0,0,Not applicable as the project or activity is site specific,,NO,NO,NO,2025-03-20T11:26:49.485+00:00,,,Degraded Forest Land,true,,,,,,,,,,,,,,,,,,,,,,,,,,,,,,,,,,,"Office of the Executive Engineer, PHE, RWS Division, Resubelpara",Kharkutta,17,State Government (Department/Autonomous body),Sub-Divisional Officer,Kharkutta,17,,North Garo Hills,0.011,https://parivesh.nic.in/dms/okm/downloadDocument?docTypemappingId=40829&refId=121665719&refType=caf&uuid=b058757f-e0f8-407e-9eb3-3944c30583c1&version=1.0;https://parivesh.nic.in/dms/okm/downloadDocument?docTypemappingId=58989&refId=121665719&refType=FC&uuid=3289b0fd-9090-48a0-88a7-0afbf14bceff&version=1.0,274948,https://parivesh.nic.in/newupgrade/#/report/ec?proposalId=122593062,600.0,1095.0
122691444,Renewal of Lease for Plot of Land to Shillong Higher Secondary School for the purpose of imparting education,New,FP/ML/SCH/530127/2025,2025-03-18T17:31:35.047+00:00,,DELISTED_BY_SYSTEM,0.37,0.0,PROTIMA DAS,,Form-B (Part-I): Renewal of Lease on Forest Land,,,,Renewal of Lease for Plot of Land to Shillong Higher Secondary School,MEGHALAYA,Mylliem,Pynthormukhrah (CT),,,78O14,Non - Linear,0.0,0.37,0.37,0.0,0.0,0.0,0.0,0.0,0,0,0,Not applicable as the project or activity is site specific,,NO,NO,NO,2025-03-18T17:56:48.926+00:00,,,,,,,,,,,,,,,,,,,,,,,,,,,,,,,,,,,,,,,"Pynthorumkhrah, Forest Colony",Shillong,17,Trust/NGO/Partnership,SECRETARY,Shillong,17,,East Khasi Hills,78O14,https://parivesh.nic.in/dms/okm/downloadDocument?docTypemappingId=40829&refId=122690033&refType=caf&uuid=5a2a5a58-a9f1-47e8-b1f4-5aa32d8abbbe&version=1.0,278354,https://parivesh.nic.in/newupgrade/#/report/ec?proposalId=122691444,0.0,9130.0
122797317,"The area of 0.74 Ha, for mining of Boulder Stone",New,SIA/ML/MIN/530315/2025,2025-03-19T15:13:06.248+00:00,2025-10-19T17:42:10.143+00:00,EC Granted,0.74,16.3,winjila marak,,Application for EC for Mining of Minor Minerals of Mine Lease (0-5 HA) - Form-2,EC,B2,,Smt Winjila Marak,MEGHALAYA,Selsella,Batragre,,ML/SEAC/SEIAA/PP/WGH/107/2025,,Non - Linear,0.74,0.0,0.74,0.0,0.0,0.0,0.0,0.0,0,0,0,Not applicable as the project or activity is site specific,,NO,NO,NO,2025-07-28T07:35:11.784+00:00,,,,,,,,,,,,,,,,,,,,,,,,,,,,,,,,,,,,,,,"Village - Dilmagre,  P.O - Tura , District - West Garo Hills, State - Meghalaya",,17,Individual,Owner,,17,,West Garo Hills,,https://parivesh.nic.in/dms/okm/downloadDocument?docTypemappingId=40829&refId=122797107&refType=caf&uuid=f174d508-2f81-4c20-bb50-84ac7c99fa97&version=1.0,272977,https://parivesh.nic.in/newupgrade/#/report/ec?proposalId=122797317,19.0,19.0
122908723,"The water supply scheme to Depa village was sanctioned under Jal Jeevan mission, which is a flagship program of our Honorable Prime Minister of India. Its objective is to provide a functional household tap connection to every rural household with potable drinking water. the The scheme was sanctioned to benefit 406 people from 89 households residing in the village.",New,FP/ML/WATER/530513/2025,2025-03-20T13:47:53.676+00:00,,DELISTED_BY_SYSTEM,0.292,124.43648,Public Works Department,,Forest clearance form,,,,Water Supply Scheme to Depa Village,MEGHALAYA,Kharkutta,Depa,,,0.292,Non - Linear,0.0,0.292,0.292,0.0,0.0,0.0,0.0,0.0,0,0,0,Not applicable as the project or activity is site specific,,NO,NO,NO,2025-03-20T14:16:15.382+00:00,,,,false,,,,,,,,,,,,,,,,,,,,,,,,,,,,,,,,,,,"Office of the Executive Engineer, PHE, RWS Division, Resubelpara",Resubelpara,17,State Government (Department/Autonomous body),Sub-Divisional Officer PHED,Resubelpara,17,,North Garo Hills,0.292,https://parivesh.nic.in/dms/okm/downloadDocument?docTypemappingId=40829&refId=122907968&refType=caf&uuid=5060b34d-08f6-4450-880c-4e58559e750e&version=1.0;https://parivesh.nic.in/dms/okm/downloadDocument?docTypemappingId=58989&refId=122907968&refType=FC&uuid=4ef8bfce-693f-4f18-a42c-9720097de42c&version=1.0,274947,https://parivesh.nic.in/newupgrade/#/report/ec?proposalId=122908723,6100.0,1825.0
122910795,"The water supply scheme for Sarangma-A village was sanctioned under Jal Jeevan Mission, which is  a flagship program of  our Honorable Prime Minister of India. Its objective is to provide a functional household tap connection to every rural household with potable drinking water.",New,FP/ML/WATER/530522/2025,2025-03-20T14:36:12.446+00:00,,DELISTED_BY_SYSTEM,0.011,20.4776,Public Works Department,,Forest clearance form,,,,Water Supply Scheme to Sarangma-A,MEGHALAYA,Kharkutta,Sarangma A,,,0.011,Non - Linear,0.0,0.011,0.011,0.0,0.0,0.0,0.0,0.0,0,0,0,Not applicable as the project or activity is site specific,,NO,NO,NO,2025-03-20T15:02:46.017+00:00,,,,false,,,,,,,,,,,,,,,,,,,,,,,,,,,,,,,,,,,"Office of the Executive Engineer, PHE, RWS Division, Resubelpara",Resubelpara,17,State Government (Department/Autonomous body),Sub-Divisional Officer PHED,Resubelpara,17,,North Garo Hills,0.011,https://parivesh.nic.in/dms/okm/downloadDocument?docTypemappingId=40829&refId=122910280&refType=caf&uuid=f99ec105-c054-4ab1-9d5e-0b9b2f1db298&version=1.0;https://parivesh.nic.in/dms/okm/downloadDocument?docTypemappingId=58989&refId=122910280&refType=FC&uuid=f3ef12c4-1c6f-453d-ae70-a26712b7dc37&version=1.0,274945,https://parivesh.nic.in/newupgrade/#/report/ec?proposalId=122910795,415.0,415.0
123093853,Since the Williamnagar is the headquarter of East Garo Hills District the Gateway to Williamnagar is to be constructed at Chisobibra Tri-junction on the way to Williamnagar form the National Highway in accordance with the beautification of town and attraction of more tourists.  The project estimate is 12 meter in wide which is exactly the width of Right of Way.,New,FP/ML/OTHERS/530869/2025,2025-03-22T11:08:43.338+00:00,,Pending at DFO due to EDS by Nodal Officer,0.0012,28.951,DIMSERITHA A  SANGMA,,Forest clearance form,,,,Construction of Gateway to Williamnagar at Chisobibra Tri-Junction,MEGHALAYA,Samanda,Siso Bibra,,,,Non - Linear,0.0,0.0012,0.0012,0.0,0.0,0.0,0.0,0.0,0,0,0,Not applicable as the project or activity is site specific,,NO,NO,NO,2025-06-15T18:30:00.000+00:00,,,Degraded Forest Land,true,,,,,,,,,,,,,,,,,,,,,,,,,,,,,,,,,,,"DEPUTY COMMISSIONER 'S OIFFICE, EAST GARO HILLS, WILLIAMNAGAR",Williamnagar,17,State Government (Department/Autonomous body),District Planning Officer & Additional Deputy Commissioner,Williamnagar,17,,East Garo Hills,,https://parivesh.nic.in/dms/okm/downloadDocument?docTypemappingId=40829&refId=123070000&refType=caf&uuid=1e440df2-7499-42cd-b973-303a68845134&version=1.0;https://parivesh.nic.in/dms/okm/downloadDocument?docTypemappingId=59061&refId=123070000&refType=FC&uuid=bae6b90b-8668-4747-aef1-aed1f904d01b&version=1.0;https://parivesh.nic.in/dms/okm/downloadDocument?docTypemappingId=58989&refId=123070000&refType=FC&uuid=79af53dc-d10e-4f29-9552-90bf8669df53&version=1.11,0,https://parivesh.nic.in/newupgrade/#/report/ec?proposalId=123093853,30.0,0.0
123369004,"Chikasin Water Supply Scheme amounting to ₹.1,00,70,900.00 (Rupees One Crore Seventy Thousand and Nine Hundred) was sanctioned under Jal Jeevan Mission for taking up the aforementioned water supply scheme. Chikasin is located at a distance of about 30 kms from Resubelpara, the District Head Quarter of North Garo hills, Meghalaya. The village falls under Resubelpara Development Block and lies by the side of NH-62. The objective of the scheme is to provide Fully Functional Household Tap Connection (FHTC) to every household of Chikasin village with drinking water supply of 55 LPCD confirming to quality set under BIS 10500 in a sustainable and long-term basis with minimum service delivery charges to enhance the holistic development of the village in tune with the vision of Jal Jeevan Mission (JJM).",New,FP/ML/WATER/531232/2025,2025-03-25T08:53:24.273+00:00,,DELISTED_BY_SYSTEM,0.1624,100.709,Public Works Department,,Forest clearance form,,,,Chikasin Water Supply Scheme,MEGHALAYA,Resubelpara,Chisim Apal,,,0.1624,Non - Linear,0.0,0.1624,0.1624,0.0,0.0,0.0,0.0,0.0,0,0,0,Not applicable as the project or activity is site specific,,NO,NO,NO,2025-03-25T10:28:51.924+00:00,,,,false,,,,,,,,,,,,,,,,,,,,,,,,,,,,,,,,,,,"Office of the Executive Engineer, PHE, RWS Division, Resubelpara",Resubelpara,17,State Government (Department/Autonomous body),"Sub Divisional Officer, PHE",Resubelpara,17,,North Garo Hills,0.1624,https://parivesh.nic.in/dms/okm/downloadDocument?docTypemappingId=40829&refId=38628855&refType=caf&uuid=01521667-ef5f-48d7-91ce-fc7fd52f9cc4&version=1.0;https://parivesh.nic.in/dms/okm/downloadDocument?docTypemappingId=58989&refId=38628855&refType=FC&uuid=7af1684d-313c-44c3-88cf-9aed030914fd&version=1.0,274652,https://parivesh.nic.in/newupgrade/#/report/ec?proposalId=123369004,180.0,21960.0
123674494,DIVERSION OF 0.26 HECTARES OF FOREST LAND FOR CONSTRUCTION OF FIRE STATION AT POMLUM COMPARTMENT NO 2 UPPER SHILLONG PROTECTED FOREST BY MEGHALAYA FIRE AND EMERGENCY SERVICES.,New,FP/ML/OTHERS/531622/2025,2025-03-27T11:44:49.904+00:00,,DELISTED_BY_SYSTEM,0.26,1500.0,SUPERINTENDENT OF POLICE (FIRE & EMERGENCY SERVICE),,Forest clearance form,,,,DIVERSION OF FOREST LAND FOR CONSTRUCTION OF FIRE STATION AT POMLUM COMPARTMENT NO 2 UPPER SHILLONG PROTECTED FOREST,MEGHALAYA,Mylliem,Pomlum,,,78O14,Non - Linear,0.0,0.26,0.26,0.0,0.0,0.0,0.0,0.0,0,0,0,Not applicable as the project or activity is site specific,,NO,NO,NO,2025-11-10T18:30:00.000+00:00,,,Degraded Forest Land,true,,,,,,,,,,,,,,,,,,,,,,,,,,,,,,,,,,,Nongthymmai Shillong 793014 opposite Laitumkhrah Mosque.,FIRE BRIGADE NONGTHYMMAI,17,State Government (Department/Autonomous body),RESERVE OFFICER,NONGTHYMMAI SHILLONG,17,,East Khasi Hills,78O14,https://parivesh.nic.in/dms/okm/downloadDocument?docTypemappingId=40829&refId=117749835&refType=caf&uuid=32c1a053-2a4a-450c-9e03-40d419101127&version=1.0;https://parivesh.nic.in/dms/okm/downloadDocument?docTypemappingId=58989&refId=117749835&refType=FC&uuid=e0691114-4438-482d-8700-6431bf5b6ddc&version=1.0,278311,https://parivesh.nic.in/newupgrade/#/report/ec?proposalId=123674494,1220.0,642.0
124007191,It is a minor mineral boulder stone mining project,New,SIA/ML/MIN/532315/2025,2025-04-01T10:01:17.378+00:00,2025-07-25T10:58:12.141+00:00,EC Granted,1.62,13.4,BAITLANG LAMURONG,,Application for EC for Mining of Minor Minerals of Mine Lease (0-5 HA) - Form-2,EC,B2,,Lumkya Boulder Stone Mine,MEGHALAYA,Thadlaskein,Maskut,,ML/SEAC/SEIAA/PP/WJH/104/2025,,Non - Linear,1.62,0.0,1.62,0.0,0.0,0.0,0.0,0.0,0,0,0,Not applicable as the project or activity is site specific,,NO,NO,NO,2025-04-16T08:04:59.877+00:00,,,,,,,,,,,,,,,,,,,,,,,,,,,,,,,,,,,,,,,"Dkhiah East, East Jaintia Hills District, Meghalaya",Dkhiah East,17,Individual,Proprietor,Dkhiah East,17,,West Jaintia Hills,,https://parivesh.nic.in/dms/okm/downloadDocument?docTypemappingId=40829&refId=123760277&refType=caf&uuid=2ff9c686-753c-4dbf-9ba7-7de6c691bf61&version=1.0,279154,https://parivesh.nic.in/newupgrade/#/report/ec?proposalId=124007191,0.0,9125.0
125439599,It is a minor mineral lime stone mining project applying for reappraisal,New,SIA/ML/MIN/535012/2025,2025-04-23T08:32:21.373+00:00,2025-07-25T10:02:10.561+00:00,EC Granted,2.3125,24.2,KUNTIMAI TANGDHARA,,Environment clearance form,EC,B1,,RIKALENG LIME STONE,MEGHALAYA,Shella Bholaganj,Sohbar,,ML/SEAC/SEIAA/PP/EKH/2024,,Non - Linear,2.3125,0.0,2.3125,0.0,0.0,0.0,0.0,0.0,0,0,0,NO,"",NO,NO,NO,2025-05-06T11:26:26.041+00:00,,,,,,,,,,,,,,,,,,,,,,,,,,,,,,,,,,,,,,,,,,,,,,,East Khasi Hills,,https://parivesh.nic.in/dms/okm/downloadDocument?docTypemappingId=40829&refId=67749541&refType=caf&uuid=ca985171-182e-42ce-abcb-816800bc13c1&version=1.0,278849,https://parivesh.nic.in/newupgrade/#/report/ec?proposalId=125439599,0.0,9125.0
125751172,"It is a minor mineral limestone mining project applying for reappraisal. The Mining Lease that was granted in favour of Smti Nondini Syiemlieh was transferred to Smti Siesoh Syiemlieh. Now, Smti Siesoh Syiemlieh is applying for reappraisal of EC.",New,SIA/ML/MIN/535599/2025,2025-04-28T08:08:15.509+00:00,2025-07-24T11:16:15.532+00:00,EC Granted,3.375,24.8,SEISOH SYIEMLIEH,,Environment clearance form,EC,B1,,Limestone Mine,MEGHALAYA,Shella Bholaganj,Tharia,,ML/SEAC/SEIAA/PP/EKH/68/2024,,Non - Linear,3.375,0.0,3.375,0.0,0.0,0.0,0.0,0.0,0,0,0,NO,"",NO,NO,NO,2025-05-06T11:40:49.685+00:00,,,,,,,,,,,,,,,,,,,,,,,,,,,,,,,,,,,,,,,,,,,,,,,East Khasi Hills,,https://parivesh.nic.in/dms/okm/downloadDocument?docTypemappingId=40829&refId=66594308&refType=caf&uuid=e1dde542-d697-4d41-8c57-2fc8be351057&version=1.5,278851,https://parivesh.nic.in/newupgrade/#/report/ec?proposalId=125751172,0.0,8395.0
125972246,It is a minor mineral boulderstone mining project,New,SIA/ML/MIN/536011/2025,2025-05-01T05:08:47.366+00:00,2025-09-29T09:23:05.517+00:00,EC Granted,0.67,19.5,AMTIHUN MARBANIANG,,Application for EC for Mining of Minor Minerals of Mine Lease (0-5 HA) - Form-2,EC,B2,,Weinohksew Boulderstone Mine,MEGHALAYA,Nongstoin,Nongspung,,ML/SEAC/SEIAA/PP/WKH/116/2025,,Non - Linear,0.67,0.0,0.67,0.0,0.0,0.0,0.0,0.0,0,0,0,Not applicable as the project or activity is site specific,,NO,NO,NO,2025-08-14T09:37:04.102+00:00,,,,,,,,,,,,,,,,,,,,,,,,,,,,,,,,,,,,,,,"Mawkohnah Village, West Khasi Hills",Mawkohnah Village,17,Individual,Proprietor,Mawkohnah Village,17,,West Khasi Hills,,https://parivesh.nic.in/dms/okm/downloadDocument?docTypemappingId=40829&refId=125970783&refType=caf&uuid=bf56b134-5310-4d23-b9b5-924d49302a42&version=1.0,276786,https://parivesh.nic.in/newupgrade/#/report/ec?proposalId=125972246,0.0,8395.0
126016913,"Area is situated at a distance of Approx. 2.09 KM northeast of 121 KM post of NH 06 and Approx. 1.95 KM east of 117 KM Post of NH- 06 (Jowai- Badarpur National Highway) under village Thangskai. No river or streams are flowing through the area. The river Lukha is flowing about 2.0 km away from the area towards east and a nalah Wah Shyrton is flowing about 0.8 KM towards north. 

PL applied for prospecting of limestone mineral at Umnong Limestone Project Area over an area of 42.45 Ha in the village Thangskai, East Jaintia Hills, Meghalaya to the Secretary to the Govt. of Meghalaya, Mining and Geology department, Shillong vide Letter no - MCL/PL/Umnong/2025-26/01 dated 01.04.2025. The Umnong PL area of 42.45 Ha belongs to deemed forest category.",New,FP/ML/SRY/536060/2025,2025-05-01T09:46:37.603+00:00,,Pending at DFO/CF after acceptance in PSC-I,42.45,200.0,MEGHALAYA CEMENTS LIMITED,,Form-C: For seeking prior approval for Exploration & Survey,,,,Umnong Limestone PL area over 42.45 ha,MEGHALAYA,Khliehriat,Bri Shyrnot,,,,Non - Linear,0.0,42.45,42.45,0.0,0.0,0.0,0.0,0.0,0,0,0,Not applicable as the project or activity is site specific,,NO,NO,NO,2026-05-18T18:30:00.000+00:00,,,,,,,,,,,,,,,,,,,,,,,,,,,,,,,,,,,,,,,"BE-77, SALT LAKE CITY, SECTOR-1, KOLKATA-700064",Vill :Thangskai,17,Private Limited,SENIOR VP,Thangskai,17,,East Jaintia Hills,,https://parivesh.nic.in/dms/okm/downloadDocument?docTypemappingId=40829&refId=125950026&refType=caf&uuid=8765bac4-a4cc-4d6a-b1ab-d5e739c05cd4&version=1.0,279464,https://parivesh.nic.in/newupgrade/#/report/ec?proposalId=126016913,0.0,7110.0
126343258,"Project is of public importance for improvement, beautification and decongestion of vehicular traffic at Shillong City",New,FP/ML/ROAD/536588/2025,2025-05-06T07:31:35.993+00:00,,DELISTED_BY_SYSTEM,0.04,930.0,Public Works Department,,Forest clearance form,,,,Improvement and Beautification of J.N. Complex Junction (Phase I),MEGHALAYA,Mylliem,Pynthormukhrah (CT),,,78O14,Non - Linear,0.0,0.04,0.04,0.0,0.0,0.0,0.0,0.0,0,0,0,Not applicable as the project or activity is site specific,,NO,NO,NO,2025-06-30T18:30:00.000+00:00,,,Degraded Forest Land,true,,,,,,,,,,,,,,,,,,,,,,,,,,,,,,,,,,,"Shillong Central Division, Shillong",Shillong,17,State Government (Department/Autonomous body),Executive Engineer,Shillong,17,,East Khasi Hills,78O14,https://parivesh.nic.in/dms/okm/downloadDocument?docTypemappingId=40829&refId=126341976&refType=caf&uuid=09197a89-8472-4efa-be82-b0a0e9ee389f&version=1.0;https://parivesh.nic.in/dms/okm/downloadDocument?docTypemappingId=58989&refId=126341976&refType=FC&uuid=24fe574e-54b3-418d-b2a5-cc8739f558e7&version=1.0,278354,https://parivesh.nic.in/newupgrade/#/report/ec?proposalId=126343258,830.0,1092.0
126431202,"The water supply scheme for Sarangma-A village was sanctioned under Jal Jeevan Mission, which is a flagship program of our Honourable Prime Minister of India. Its main Objective is to provide a functional household tap connection to every rural household with potable drinking water.",New,FP/ML/WATER/536720/2025,2025-05-07T07:59:09.100+00:00,,Pending at UA due to EDS by DFO,0.011,20.4776,"Public Health Engineering Department, North Garo Hills ,Meghalaya.",,Forest clearance form,,,,Water Supply Scheme to Sarangma-A Village,MEGHALAYA,Kharkutta,Sarangma A,,,0.011,Non - Linear,0.0,0.011,0.011,0.0,0.0,0.0,0.0,0.0,0,0,0,Not applicable as the project or activity is site specific,,NO,NO,NO,2026-05-13T18:30:00.000+00:00,,,Degraded Forest Land,true,,,,,,,,,,,,,,,,,,,,,,,,,,,,,,,,,,,"Office of Executive Engineer RWS Resubelpara Division, PHED",Resubelpara,17,State Government (Department/Autonomous body),Executive Engineer(PHE) RWS Resubelpara Division,Resubelpara,17,,North Garo Hills,0.011,https://parivesh.nic.in/dms/okm/downloadDocument?docTypemappingId=40829&refId=126429270&refType=caf&uuid=dc19ebfe-2954-4bbe-9864-6747389da52f&version=1.0;https://parivesh.nic.in/dms/okm/downloadDocument?docTypemappingId=58989&refId=126429270&refType=FC&uuid=c5c57a2f-aca5-4f51-89fb-c9a106266ed4&version=1.0,274945,https://parivesh.nic.in/newupgrade/#/report/ec?proposalId=126431202,375.0,375.0
126440282,"The water supply scheme to Depa Village was sanctioned under Jal Jeevan Mission, which is a flagship program of our Honorable prime minister of India. Its objective is to provide a functional household tap connection to every rural household with potable drinking water. The scheme was sanctioned to benefit 406 people from 89 households residing in the village.",New,FP/ML/WATER/536736/2025,2025-05-07T09:34:03.860+00:00,,Pending at UA due to EDS by DFO,0.292,124.43648,"Public Health Engineering Department, North Garo Hills ,Meghalaya.",,Forest clearance form,,,,Water Supply Scheme to Depa Village,MEGHALAYA,Kharkutta,Depa,,,0.292,Non - Linear,0.0,0.292,0.292,0.0,0.0,0.0,0.0,0.0,0,0,0,Not applicable as the project or activity is site specific,,NO,NO,NO,2026-05-13T18:30:00.000+00:00,,,Degraded Forest Land,true,,,,,,,,,,,,,,,,,,,,,,,,,,,,,,,,,,,"Office of Executive Engineer RWS Resubelpara Division, PHED",Resubelpara,17,State Government (Department/Autonomous body),Executive Engineer(PHE) RWS Resubelpara Division,Resubelpara,17,,North Garo Hills,0.292,https://parivesh.nic.in/dms/okm/downloadDocument?docTypemappingId=40829&refId=126439314&refType=caf&uuid=ea8a6587-958e-445e-9c04-2db2adee9c84&version=1.0;https://parivesh.nic.in/dms/okm/downloadDocument?docTypemappingId=58989&refId=126439314&refType=FC&uuid=b0cc705d-cff7-44bf-a206-317167b9df91&version=1.0,274947,https://parivesh.nic.in/newupgrade/#/report/ec?proposalId=126440282,745.0,735.0
126449731,"The water supply scheme to Depa Garat Village was sanctioned under Jal Jeevan Mission, which is a flagship program of Honorable Prime Minister of India. Its objective is to provide functional household tap  connection to every rural household with potable drinking water.",New,FP/ML/WATER/536758/2025,2025-05-07T10:43:45.521+00:00,,Pending at UA due to EDS by DFO,0.011,22.95365,"Public Health Engineering Department, North Garo Hills ,Meghalaya.",,Forest clearance form,,,,Water supply Scheme to Depa Garat Village,MEGHALAYA,Kharkutta,Depa Garat,,,0.011,Non - Linear,0.0,0.011,0.011,0.0,0.0,0.0,0.0,0.0,0,0,0,Not applicable as the project or activity is site specific,,NO,NO,NO,2026-05-13T18:30:00.000+00:00,,,Degraded Forest Land,true,,,,,,,,,,,,,,,,,,,,,,,,,,,,,,,,,,,"Office of Executive Engineer RWS Resubelpara Division, PHED",Resubelpara,17,State Government (Department/Autonomous body),Executive Engineer(PHE) RWS Resubelpara Division,Resubelpara,17,,North Garo Hills,0.011,https://parivesh.nic.in/dms/okm/downloadDocument?docTypemappingId=40829&refId=126448760&refType=caf&uuid=24773e5b-37fd-43fb-85d9-643f503e9043&version=1.0;https://parivesh.nic.in/dms/okm/downloadDocument?docTypemappingId=58989&refId=126448760&refType=FC&uuid=cf5cdb87-7542-4ccd-9d83-a7375ac97aaa&version=1.0,274948,https://parivesh.nic.in/newupgrade/#/report/ec?proposalId=126449731,380.0,370.0
126458279,The Chikasin water supply scheme was sanctioned under Jal Jeevan Mission which is a flagship program of our Honorable Prime minister of India. it was sanctioned for  amounting Rs 10070900.00/-. Its objective is to provide functional household tap connection to every rural households with minimum of 55LPCD.,New,FP/ML/WATER/536773/2025,2025-05-07T11:36:30.007+00:00,,Pending at UA due to EDS by DFO,0.1624,100.709,"Public Health Engineering Department, North Garo Hills ,Meghalaya.",,Forest clearance form,,,,Chikasin Water Supply Scheme,MEGHALAYA,Resubelpara,Chisim Apal,,,0.1624,Non - Linear,0.0,0.1624,0.1624,0.0,0.0,0.0,0.0,0.0,0,0,0,Not applicable as the project or activity is site specific,,NO,NO,NO,2026-05-13T18:30:00.000+00:00,,,Degraded Forest Land,true,,,,,,,,,,,,,,,,,,,,,,,,,,,,,,,,,,,"Office of Executive Engineer RWS Resubelpara Division, PHED",Resubelpara,17,State Government (Department/Autonomous body),Executive Engineer(PHE) RWS Resubelpara Division,Resubelpara,17,,North Garo Hills,0.1624,https://parivesh.nic.in/dms/okm/downloadDocument?docTypemappingId=40829&refId=126457158&refType=caf&uuid=53184813-1d20-40ba-8153-366f4ab533d2&version=1.0;https://parivesh.nic.in/dms/okm/downloadDocument?docTypemappingId=58989&refId=126457158&refType=FC&uuid=20a9c8f0-cf2d-4652-9b11-c9f316d808bd&version=1.0,274716,https://parivesh.nic.in/newupgrade/#/report/ec?proposalId=126458279,745.0,735.0
126790644,"Dorbar Shnong Upper Lumparing, Shillong proposed the construction of a football ground, stadium, and multi-sport complex to provide consistent and equitable sports development for the community. With the region's increasing need for high-quality sports, the proposed sports infrastructure will be critical to the community's demands. The project's goal is to increase the quality of sports in the area and the state as a whole by providing dependable athletic infrastructure.",New,FP/ML/OTHERS/537374/2025,2025-05-12T18:29:28.651+00:00,,Pending at Nodal Officer due to EDS by State Secretary,1.29,2000.0,SHEMBOR NONGKYNRIH,,Forest clearance form,,,,Construction of Football Ground Stadium,MEGHALAYA,Mylliem,Lawsohtun (CT),,,78O14,Non - Linear,0.0,1.29,1.29,0.0,0.0,0.0,0.0,0.0,0,0,0,Not applicable as the project or activity is site specific,,NO,NO,NO,2025-06-24T18:30:00.000+00:00,,,Non-forest Land,true,,,,,,,,,,,,,,,,,,,,,,,,,,,,,,,,,,,"Upper Lumparing, Shillong",Shillong,17,Trust/NGO/Partnership,Secretary,Shillong,17,Raid Laban,East Khasi Hills,78O14,https://parivesh.nic.in/dms/okm/downloadDocument?docTypemappingId=40829&refId=126789998&refType=caf&uuid=e650645e-df21-490d-8b0f-9ad1f62bc49f&version=1.0;https://parivesh.nic.in/dms/okm/downloadDocument?docTypemappingId=59061&refId=126789998&refType=FC&uuid=52e0bb0a-e62b-4c59-b94f-c86a69b5ae38&version=1.0;https://parivesh.nic.in/dms/okm/downloadDocument?docTypemappingId=58989&refId=126789998&refType=FC&uuid=84c08e45-b034-4b17-a697-3588c45428dd&version=1.0,278362,https://parivesh.nic.in/newupgrade/#/report/ec?proposalId=126790644,11825.0,3325.0
127145936,It is a boulder stone mining lease requiring extension of EC validity,New,SIA/ML/MIN/538018/2025,2025-05-17T05:11:15.208+00:00,2025-08-07T08:32:43.761+00:00,EC Granted,10.0,80.0,MARASALI BOULDER STONE MINE,,Application for Validity Extension of EC- Form-6,OTHER,,,Boulder Stone Mine,MEGHALAYA,Selsella,Abagre,,SEIAA(2018)/PP/01/Pt/2018,,Non - Linear,10.0,0.0,10.0,0.0,0.0,0.0,0.0,0.0,0,0,0,NO,"",NO,NO,NO,2025-05-21T05:53:59.965+00:00,,,,,,,,,,,,,,,,,,,,,,,,,,,,,,,,,,,,,,,,,,,,,,,West Garo Hills,,https://parivesh.nic.in/dms/okm/downloadDocument?docTypemappingId=40829&refId=127101887&refType=caf&uuid=522fc174-8eee-4f25-bb29-7d8d7cdab058&version=1.0,273035,https://parivesh.nic.in/newupgrade/#/report/ec?proposalId=127145936,0.0,83950.0
127363508,The Project is of Public Importance for new route at Laitkor leading towards Shillong View Point,New,FP/ML/ROAD/538287/2025,2025-05-19T18:55:07.429+00:00,,DELISTED_BY_SYSTEM,1.1,653.0,Public Works Department,,Forest clearance form,,,,Construction including MBT of an Alternative Route to Shillong View Point (L - 1.250 Km),MEGHALAYA,Mylliem,Laitkor Nongdaneng,,,78O14,Linear,0.0,1.1,1.1,0.0,0.0,0.0,0.0,0.0,0,0,0,Not applicable as the project or activity is site specific,,NO,NO,NO,2026-01-29T18:30:00.000+00:00,,,Non-forest Land,true,,,,,,,,,,,,,,,,,,,,,,,,,,,,,,,,,,,"O/O Executive Engineer, PWD (ROADS), NH Shillong Byepass Division, Shillong",Shillong,17,State Government (Department/Autonomous body),Executive Engineer,Shillong,17,Shri Sailen Nongrum,East Khasi Hills,78O14,https://parivesh.nic.in/dms/okm/downloadDocument?docTypemappingId=40829&refId=127363318&refType=caf&uuid=9af7d355-7ee7-4442-bd67-3e995e471b4c&version=1.0;https://parivesh.nic.in/dms/okm/downloadDocument?docTypemappingId=59061&refId=127363318&refType=FC&uuid=d8caeddc-8085-41ea-a685-70d37e569f1d&version=1.0;https://parivesh.nic.in/dms/okm/downloadDocument?docTypemappingId=58989&refId=127363318&refType=FC&uuid=fb8cea04-f5ae-4485-93d8-7dc1f3ea00f7&version=1.0,278307,https://parivesh.nic.in/newupgrade/#/report/ec?proposalId=127363508,4380.0,1460.0
127879275,It is a minor mineral boulderstone mining project.,New,SIA/ML/MIN/538911/2025,2025-05-24T07:53:27.880+00:00,2025-09-19T11:53:36.172+00:00,EC Granted,2.14,11.4,TORESWELL TYRSA,,Application for EC for Mining of Minor Minerals of Mine Lease (0-5 HA) - Form-2,EC,B2,,Mawrongken Boulderstone Mine,MEGHALAYA,Mawshynrut,Mawjain,,ML/SEAC/SEIAA/PP/WKH/108/2025,,Non - Linear,2.14,0.0,2.14,0.0,0.0,0.0,0.0,0.0,0,0,0,Not applicable as the project or activity is site specific,,NO,NO,NO,2025-06-19T06:16:14.357+00:00,,,,,,,,,,,,,,,,,,,,,,,,,,,,,,,,,,,,,,,"Siejlieh Village, P.O. Nongstoin, West Khasi Hills",Siejlieh Village,17,Individual,Proprietor,Siejlieh Village,17,,West Khasi Hills,,https://parivesh.nic.in/dms/okm/downloadDocument?docTypemappingId=40829&refId=127873433&refType=caf&uuid=5e80c527-4663-4ff2-a605-4a4b922e931f&version=1.0,276388,https://parivesh.nic.in/newupgrade/#/report/ec?proposalId=127879275,0.0,7300.0
127924881,"Ranabbah Boulder Stone Mine is a newly proposed mining project for extraction of Boulder Stone via opencast semi-mechanised mining method. It is located at Ranabbah Domwahlang, West Khasi Hills, Meghalaya with a targeted Peak Production Capacity of 90880 TPA. The estimated Life of Mine is 10 years. The Mine Lease area is 1.90 Ha (4.69 acres) bound within the Latitudes - 25°30′09.40″ N to 25°30′16.01″ N & Longitudes - 91°18′31.68″ E to 91°18′38.80″ E, and lies under Toposheet No. 78O/6.  
The Mine Lease area is 6.2 Km south of NH-106. The nearest railway station is the Guwahati Railway Station (170 Km, NE of the ML area) & the nearest airport is the Shillong Airport (115 Km, E of the ML area).",New,SIA/ML/MIN/539012/2025,2025-05-25T11:55:34.790+00:00,2025-10-16T03:30:28.818+00:00,EC Granted,1.9,40.0,BLASSING MARNGAR,,Application for EC for Mining of Minor Minerals of Mine Lease (0-5 HA) - Form-2,EC,B2,,RANABBAH BOULDER STONE MINE,MEGHALAYA,Nongstoin,Domwahlang,,ML/SEAC/SEIAA/PP/111/2025,,Non - Linear,1.9,0.0,1.9,0.0,0.0,0.0,0.0,0.0,0,0,0,Not applicable as the project or activity is site specific,,NO,NO,NO,2025-06-17T08:41:48.645+00:00,,,,,,,,,,,,,,,,,,,,,,,,,,,,,,,,,,,,,,,"Mawthar, Mawkawah, Nongstoin, West Khasi Hills, Nongstoin, Meghalaya, 793119",,17,Individual,Project Proponent,,17,,West Khasi Hills,,https://parivesh.nic.in/dms/okm/downloadDocument?docTypemappingId=40829&refId=127924509&refType=caf&uuid=b0d25493-e715-41b6-97d3-01df736b6219&version=1.0,276796,https://parivesh.nic.in/newupgrade/#/report/ec?proposalId=127924881,450.0,10500.0
128150152,"Project is  Grain-based distillery with 3.5 MW co-generation power plant to manufacture  Extra Neutral Alcohol (ENA),Indian Made Foreign Liquor(IMFL),Malt Spirit and related products",New,SIA/ML/IND2/539275/2025,2025-05-27T10:16:45.634+00:00,2025-08-13T11:26:15.768+00:00,EC Granted,4.856,17095.56,S.P.Y AGRO INDUSTRIES (NE) PRIVATE LIMITED,,Application for Transfer of EC- Form-7,OTHER,A,,"Transfer of Environmental Clearance for a 100 KLPD grain-based distillery unit with a 3.5 MW co-generation power plant, located at New Industrial Area (MIDC), Byrnihat, District Ri Bhoi, Meghalaya, from M/s. CMJ Breweries Pvt. Ltd. to S.P.Y. Agro Industries (NE) Private Limited.",MEGHALAYA,Umling,Byrnihat,J-11011/153/2011-IA-II(I),ML/SEAC/SEIAA/PP/RB/106/2025,New Industrial Area,Non - Linear,4.856,0.0,4.856,0.0,0.0,0.0,0.0,0.0,0,0,0,NO,As the project or activity is site specific,NO,NO,NO,2025-06-02T06:21:49.629+00:00,,,,,,,,,,,,,,,,,,,,,,,,,,,,,,,,,,,,,,,"Plot No. 188, 1st Floor, Phase-II,Kamalapuri Colon, Srinagar Colony, Khairatabad, Hyderabad-500073 , Telangana",,36,Private Limited,DGM,,36,,Ribhoi,New Industrial Area,https://parivesh.nic.in/dms/okm/downloadDocument?docTypemappingId=40829&refId=127462567&refType=caf&uuid=fce2fc90-fcae-4d4a-9050-e4c3d3dde2ec&version=1.0,277492,https://parivesh.nic.in/newupgrade/#/report/ec?proposalId=128150152,14000.0,39370.0
129011171,"The area shall be utilized for infrastructure use. Warehouse/Shed project for storage of Cement, Raw Materials and Transit Goods",New,FP/ML/IND/540128/2025,2025-06-02T18:52:55.495+00:00,,Pending at DFO/CF after acceptance in PSC-I,9.89,621.0,MEGHALAYA CEMENTS LIMITED,,Forest clearance form,,,,Forest Clearance/ Forest Diversion for 6.0 ha. out of 9.89 ha. of Land for warehouse or infrastructural project of M/s Meghalaya Cements Limited,MEGHALAYA,Khliehriat,Bri Shyrnot,,,,Non - Linear,3.89,6.0,9.89,0.0,0.0,0.0,0.0,0.0,0,0,0,YES,,NO,NO,NO,2026-07-24T18:30:00.000+00:00,,,Non-forest Land,false,,,,,,,,,,,,,,,,,,,,,,,,,,,,,,,,,,,"BE-77, SALT LAKE CITY, SECTOR-1, KOLKATA-700064",,19,Private Limited,SENIOR VP,Thangskai,17,Meghalaya Cement Limited,East Jaintia Hills,,https://parivesh.nic.in/dms/okm/downloadDocument?docTypemappingId=40829&refId=129008844&refType=caf&uuid=e2c405a7-9a01-419e-950f-56256965aaf2&version=1.0;https://parivesh.nic.in/dms/okm/downloadDocument?docTypemappingId=59061&refId=129008844&refType=FC&uuid=a0e2f67a-3708-4ace-b497-a49b5ad417e4&version=1.0;https://parivesh.nic.in/dms/okm/downloadDocument?docTypemappingId=58989&refId=129008844&refType=FC&uuid=5bcc607b-5f53-433b-b442-7cc8c7eb8a8e&version=1.0,279464,https://parivesh.nic.in/newupgrade/#/report/ec?proposalId=129011171,6000.0,6000.0
129173231,It is a minor mineral boulder stone mining project,New,SIA/ML/MIN/540212/2025,2025-06-04T08:57:21.327+00:00,2026-03-29T13:41:06.361+00:00,EC Granted,1.41,11.0,SOKI SIANGSHAI,,Application for EC for Mining of Minor Minerals of Mine Lease (0-5 HA) - Form-2,EC,B2,,KHLIEH POH LOOM BOULDER STONE MINE,MEGHALAYA,Thadlaskein,Moodymmai,,ML/SEAC/SEIAA/PP/WJH/112/2025,'Khlieh Poh Loom' (Loom Myrlang),Non - Linear,1.41,0.0,1.41,0.0,0.0,0.0,0.0,0.0,0,0,0,Not applicable as the project or activity is site specific,,NO,NO,NO,2025-08-12T05:46:57.929+00:00,,,,,,,,,,,,,,,,,,,,,,,,,,,,,,,,,,,,,,,"Ummulong, West Jaintia Hills, Meghalaya.",Ummulong,17,Individual,Proprietor,Ummulong,17,,West Jaintia Hills,'Khlieh Poh Loom' (Loom Myrlang),https://parivesh.nic.in/dms/okm/downloadDocument?docTypemappingId=40829&refId=129170635&refType=caf&uuid=f668485e-2a7b-4851-8b2b-3acb1abb6b4c&version=1.0,279162,https://parivesh.nic.in/newupgrade/#/report/ec?proposalId=129173231,0.0,8760.0
129302768,"Barapani (Shillong) Airport in Meghalaya State is a domestic airport serving Shillong, the capital of Meghalaya. Under the proposed expansion, it is proposed to develop the following infrastructure at the existing airport considering A-320 as a critical aircraft for operations. The pavement strength has been considered with the potential for future upgrades to support A-321 operations.(i)Construction of Extended Runway from the existing length of 1829m x 45m to 2400m x 45m with provision of turn pads at both ends and strengthening of existing runway.(ii)Expansion of Apron for parking of 5 nos. of Code-C Aircraft in power-in push-back configuration & associated GSE area. Strengthening of existing apron, isolation bay and associated taxiways.(iii)Expansion of Existing Terminal Building by 5,550 sqm increasing the consolidated peak hour capacity to 1620 passengers (810 Arrival + 810 Departure) as per BCAS norms, with a provision of 2 nos. Passenger Boarding Bridge.(iv)Miscellaneous works.",Expansion,SIA/ML/INFRA2/540446/2025,2025-06-05T11:43:25.947+00:00,2025-08-01T08:19:37.243+00:00,ToR Granted,168.414,48867.0,AIRPORTS AUTHORITY OF INDIA SHILLONG,ABC Techno Labs India Private Limited (formerly known as ABC Environ Solutions Pvt. Ltd.),Environment clearance form,TOR,B1,Airports,"Expansion of Barapani (Shillong) Airport Including Runway Extension, Expansion Of Terminal Building & Apron And Other Allied Works",MEGHALAYA,Umsning,Mawbri,,ML/SEAC/SEIAA/PP/RB/105/2025,,Non - Linear,168.414,0.0,168.414,8.9031,0.0,8.9031,0.0,48867.0,0,0,0,NO,"The project is expansion of Barapani (Shillong) Airport. Therefore, alternative analysis for runway expansion was done and present proposal of runway expansion has been selected.",NO,YES,NO,2025-06-06T11:31:29.228+00:00,,,,,,,,,,,,,,,,,,,,,,,,,,,,,,,,,,,,,,,,,,,,,,,Ribhoi,,https://parivesh.nic.in/dms/okm/downloadDocument?docTypemappingId=40829&refId=129291953&refType=caf&uuid=18af2711-e4b8-4ca1-86d9-215edaa2a248&version=1.0,277967,https://parivesh.nic.in/newupgrade/#/report/ec?proposalId=129302768,160600.0,23725.0
129355237,"The Project is for setting of Cremation ground under District Rural Development Agency to provide ritual or Cremation ceremony for the Hindu community in rural and urban areas of Baghmara.
Cremation ground is to be set up in the village of Reserve Gittim located under Rongara C & RD Block. The Cremation shed will be constructed at the lower elevation of the Reserve Gittim near Simsang river. 
Since the plot is unavailable within the non forest area of Baghmara, it has to be constructed within the village falls under reserve forest area. Therefore the diversion of 0.43 Ha of forest land is required for the creation of Cremation ground .",New,FP/ML/OTHERS/540522/2025,2025-06-06T07:26:30.527+00:00,,Pending on UA for Compensatory Levies Payment,0.43,59.17,District Rural Development Agency South Garo Hills Baghmara,,Forest clearance form,,,,DIVERSION OF 0.43 Ha OF BAGHMARA FOREST RESERVE LAND FOR CREATION OF CREMATION GROUND AT RESERVE GITTIM NEAR BSF CAMP,MEGHALAYA,Rongara,Reserve Gittim,,,,Linear,0.0,0.43,0.43,0.0,0.0,0.0,0.0,0.0,0,0,0,Not applicable as the project or activity is site specific,,NO,NO,NO,2025-06-12T06:34:16.738+00:00,,,Degraded Forest Land,true,,,,,,,,,,,,,,,,,,,,,,,,,,,,,,,,,,,"DRDA, South Garo Hills, Baghmara",Baghmara,17,State Government (Department/Autonomous body),Deputy Commissioner,Baghmara,17,,South Garo Hills,,https://parivesh.nic.in/dms/okm/downloadDocument?docTypemappingId=40829&refId=129349237&refType=caf&uuid=970236a5-755a-43c3-9d8f-8434cb3b5793&version=1.0;https://parivesh.nic.in/dms/okm/downloadDocument?docTypemappingId=58989&refId=129349237&refType=FC&uuid=b55ea1ff-bef8-477b-9558-76f92932789b&version=1.0,276228,https://parivesh.nic.in/newupgrade/#/report/ec?proposalId=129355237,1000.0,18250.0
130030328,"It is a minor mineral boulderstone mining project applying for reappraisal. The Mining Lease has not been granted till date. However, the Divisional Forest Officer has renewed the Letter of Intent (attached as annexure)",New,SIA/ML/MIN/541544/2026,2025-06-16T08:03:04.365+00:00,2026-09-17T13:06:23.453+00:00,EC Granted,4.23,17.1804,KHRIKSHON LYNGKHOI,,Environment clearance form,EC,B1,,M/S Khrikshon Lyngkhoi Boulder Stone Mine (4.23 Ha),MEGHALAYA,Khatarshnong Laitkroh,Laitkynsew ( Raid Mawlieh),,ML/SEAC/SEIAA/PP/EKH/72/2024,,Non - Linear,4.23,0.0,4.23,0.0,0.0,0.0,0.0,0.0,0,0,0,NO,"",NO,NO,NO,2026-06-14T07:46:25.374+00:00,,,,,,,,,,,,,,,,,,,,,,,,,,,,,,,,,,,,,,,,,,,,,,,East Khasi Hills,,https://parivesh.nic.in/dms/okm/downloadDocument?docTypemappingId=40829&refId=63299818&refType=caf&uuid=aa431714-c651-4f92-994e-edfa2fb2e4ac&version=1.0,278591,https://parivesh.nic.in/newupgrade/#/report/ec?proposalId=130030328,0.0,21900.0
130173794,Mining Project,New,SIA/ML/MIN/541832/2025,2025-06-18T05:57:45.477+00:00,2025-09-29T09:34:51.783+00:00,EC Granted,1.99,45.0,MEBANJOP NONGRUM,,Application for EC for Mining of Minor Minerals of Mine Lease (0-5 HA) - Form-2,EC,B2,,Banjop Stone Mine,MEGHALAYA,Nongstoin,Domkohsam,,ML/SEAC/SEIAA/PP/WKH/109/2025,,Linear,1.99,0.0,1.99,0.0,0.0,0.0,0.0,0.0,0,0,0,Not applicable as the project or activity is site specific,,NO,NO,NO,2025-06-20T09:58:36.817+00:00,,,,,,,,,,,,,,,,,,,,,,,,,,,,,,,,,,,,,,,"Ranap Myllong,
Umlieh Village",Umlieh Village,17,Individual,Mine Owner,Umlieh Village,17,,West Khasi Hills,,https://parivesh.nic.in/dms/okm/downloadDocument?docTypemappingId=40829&refId=130164138&refType=caf&uuid=ef63abb5-bb36-4736-b597-daab9f7ae510&version=1.0,276789,https://parivesh.nic.in/newupgrade/#/report/ec?proposalId=130173794,5100.0,5100.0
131360624,"AREA– 1.93 ACRES (0.78 Ha.)  
 AKING NO. -III-25(18) 
AT 
Village- Megonggre, P.O.- Garobadha,  
District- West Garo Hills,  
State- Meghalaya",New,SIA/ML/MIN/543550/2025,2025-07-03T05:47:15.688+00:00,2025-10-16T03:36:10.584+00:00,EC Granted,0.78,79.58,RINGH SANGMA,,Application for EC for Mining of Minor Minerals of Mine Lease (0-5 HA) - Form-2,EC,B2,,MEGONGGRE STONE MINE (0.78 Ha.),MEGHALAYA,Selsella,Mronggre,,ML/SEAC/SEIAA/WGH/124/2025,AKING NO. -III-25(18),Non - Linear,0.78,0.0,0.78,0.0,0.0,0.0,0.0,0.0,0,0,0,Not applicable as the project or activity is site specific,,NO,NO,NO,2025-09-16T12:43:56.301+00:00,,,,,,,,,,,,,,,,,,,,,,,,,,,,,,,,,,,,,,,"R/O: HOUSE NO.-21, ILLAGE-BOLGANGRE, P.O.- MUKDANGRA, P.S.-AMPATI, DISTRICT-SOUTH GARO HILLS, STATE-MEGHALAYA",,17,Individual,Owner,,17,,West Garo Hills,AKING NO. -III-25(18),https://parivesh.nic.in/dms/okm/downloadDocument?docTypemappingId=40829&refId=131359459&refType=caf&uuid=b4cebbeb-dd84-4de5-b298-7a6a2d4a2b5a&version=1.0,272975,https://parivesh.nic.in/newupgrade/#/report/ec?proposalId=131360624,0.0,7200.0
131726420,"Application for transfer of Existing Environmental clearance  of 100% coal-based 8 MW Thermal Power Plant located at Lumshnong, East Jaintia Hills District, Meghalaya  by  Meghalaya power limited in the name of Star Cement Meghalaya Limited (hereinafter referred to as Transferee).
The aforementioned Environmental Clearance was originally granted to Meghalaya Power Limited (Transferor) by the State Environment Impact Assessment Authority (SEIAA), Meghalaya, vide File No. SEIAA/PROJECT-4/2007/20, dated 20.08.2009.
We wish to inform you that the  Meghalaya Power Limited, has been legally merged with  Star Cement Meghalaya Limited (Transferee) under the provisions of Sections 230–232 of the Companies Act, 2013, with effect from 10.05.2024.",New,SIA/ML/THE/544143/2025,2025-07-08T10:03:42.105+00:00,,Proposal pulled back (withdrawn),5.0,3320.0,STAR CEMENT MEGHALAYA LIMITED,,Application for Transfer of EC- Form-7,OTHER,B1,,"100% Coal-based 8 MW Thermal Power Plant project at Lumshnong, East Jaintia Hills District, Meghalaya",MEGHALAYA,Khliehriat,Lum Shnong,,SEIAA/PROJECT-4/2007/20,NA,Non - Linear,5.0,0.0,5.0,0.0,0.0,0.0,3320.0,0.0,0,0,0,Not applicable as the project or activity is site specific,,NO,NO,NO,2025-07-23T10:20:17.970+00:00,,,,,,,,,,,,,,,,,,,,,,,,,,,,,,,,,,,,,,,"104-B, 1st Floor, JMD Pacific Square, Sector-15, Part-2, Gurugram, Haryana",Gurugram,6,Private Limited,Director,Gurugram,6,,East Jaintia Hills,NA,https://parivesh.nic.in/dms/okm/downloadDocument?docTypemappingId=40829&refId=131719178&refType=caf&uuid=45dce200-608e-4324-853b-5af6e57a1e90&version=1.0,279465,https://parivesh.nic.in/newupgrade/#/report/ec?proposalId=131726420,0.0,15840.0
131776177,"Application for transfer of Existing Environmental clearance  of 43 MW imported coal based Thermal Power Plant project at Lumshnong, East Jaintia Hills District,  of Meghalaya   Meghalaya power limited in the name of Star Cement Meghalaya Limited (hereinafter referred to as Transferee). 
The aforementioned Environmental Clearance was originally granted to  Meghalaya Power Limited (Transferor) by the Ministry of Environment, Forest and Climate Change (MoEFCC), New Delhi vide file no. J-13012/33/2011-IA.II (T)  dated 03.06.2011 .
We wish to inform you that the Transferor,  of Meghalaya Power Limited, has been legally merged with Star Cement Meghalaya Limited (Transferee) under the provisions of Sections 230–232 of the Companies Act, 2013, with effect from 10.05.2024.",New,SIA/ML/THE/544218/2025,2025-07-09T06:01:56.375+00:00,,Proposal pulled back (withdrawn),18.2,18373.0,STAR CEMENT MEGHALAYA LIMITED,,Application for Transfer of EC- Form-7,OTHER,B1,,"43 MW imported coal based Thermal Power Plant project at Lumshnong, East Jaintia Hills District, Meghalaya",MEGHALAYA,Khliehriat,Lum Shnong,J-13012/33/2011-IA.II(T),,NA,Non - Linear,18.2,0.0,18.2,0.0,0.0,0.0,0.0,0.0,0,0,0,Not applicable as the project or activity is site specific,,NO,NO,NO,2025-07-24T11:46:20.725+00:00,,,,,,,,,,,,,,,,,,,,,,,,,,,,,,,,,,,,,,,"104-B, 1st Floor, JMD Pacific Square, Sector-15, Part-2, Gurugram, Haryana",Gurugram,6,Private Limited,Director,Gurugram,6,,East Jaintia Hills,NA,https://parivesh.nic.in/dms/okm/downloadDocument?docTypemappingId=40829&refId=131768693&refType=caf&uuid=2885659f-4933-41ab-9a6d-9c9da751f1a4&version=1.0,279465,https://parivesh.nic.in/newupgrade/#/report/ec?proposalId=131776177,0.0,26400.0
131778955,"AREA– (1.50 Ha.) 
 AKING NO. -III-25(13)
   IN NON-FOREST AREA
AT
VILLAGE– MATCHOKCHIRINGGRE (MANGGAPARA), P.O.- ZIKABARI, 
 DIST - WEST GARO HILLS, STATE- MEGHALAYA.",New,SIA/ML/MIN/544221/2025,2025-07-09T06:19:11.365+00:00,2025-10-16T03:34:22.465+00:00,EC Granted,1.5,14.78,GOERA MECHENG SANGMA,,Application for EC for Mining of Minor Minerals of Mine Lease (0-5 HA) - Form-2,EC,B2,,MATCHOKCHIRINGGRE (MANGGAPARA) STONE (Area-1.50 Ha.),MEGHALAYA,Selsella,Matchok Chiring,,ML/SEAC/SEIAA/PP/WGH/122/2025,AKING NO. -III-25(13),Non - Linear,1.5,0.0,1.5,0.0,0.0,0.0,0.0,0.0,0,0,0,Not applicable as the project or activity is site specific,,NO,NO,NO,2025-09-13T09:44:35.948+00:00,,,,,,,,,,,,,,,,,,,,,,,,,,,,,,,,,,,,,,,"MONDAL TILLA, VTC-TURA, P.O.-TURA, WEST GARO HILLS, MEGHALAYA",,17,Individual,Owner,,17,,West Garo Hills,AKING NO. -III-25(13),https://parivesh.nic.in/dms/okm/downloadDocument?docTypemappingId=40829&refId=131743043&refType=caf&uuid=75b157ec-2c1a-49a9-927e-e8c709728e71&version=1.0,273006,https://parivesh.nic.in/newupgrade/#/report/ec?proposalId=131778955,0.0,5700.0
132384719,It is a minor mineral Boulder Stone Mine project,New,SIA/ML/MIN/545349/2025,2025-07-19T05:18:58.000+00:00,2025-08-13T11:19:21.346+00:00,EC Granted,4.96,48.0,uRANUS STONE PRODUCTS LIMITED,,Application for Transfer of EC- Form-7,OTHER,B1,,Boulder Stone Mine,MEGHALAYA,Umling,Umduba,,ML/SEAC/SEIAA/PP/RB/6/2024,,Non - Linear,4.96,0.0,4.96,0.0,0.0,0.0,0.0,0.0,0,0,0,NO,"",NO,NO,NO,2025-07-26T12:41:57.749+00:00,,,,,,,,,,,,,,,,,,,,,,,,,,,,,,,,,,,,,,,"Umduba Village, Raid Marwet, Ri-Bhoi, Meghalaya",Umduba,17,Private Limited,Managing Director,Killing,17,,Ribhoi,,https://parivesh.nic.in/dms/okm/downloadDocument?docTypemappingId=40829&refId=132383532&refType=caf&uuid=edebb47d-71da-4f9e-b40f-7c332cf9d27c&version=1.0,277474,https://parivesh.nic.in/newupgrade/#/report/ec?proposalId=132384719,0.0,14100.0
132471881,It is a minor mineral limestone mining project requesting for transfer of EC from Shri Kitboklang Khonglah,New,SIA/ML/MIN/545515/2025,2025-07-21T10:05:22.029+00:00,2025-09-19T11:17:02.826+00:00,EC Granted,2.88,21.5,DAISY NYLLA MARBANIANG,,Application for Transfer of EC- Form-7,OTHER,B2,,D.N.M. Limestone Mine,MEGHALAYA,Shella Bholaganj,Mawlong,,ML/SEIAA/MIN/EKH/P-46/2020/8/1760,"Mawlong, Umtngaw,",Non - Linear,2.88,0.0,2.88,0.0,0.0,0.0,0.0,0.0,0,0,0,NO,"",NO,NO,NO,2025-08-28T06:56:49.549+00:00,,,,,,,,,,,,,,,,,,,,,,,,,,,,,,,,,,,,,,,"Mawlai Iewrynghep, East Khasi Hills, Shillong-793017",Mawlai Iewrynghep,17,Individual,Proprietor,Shillong,17,,East Khasi Hills,"Mawlong, Umtngaw,",https://parivesh.nic.in/dms/okm/downloadDocument?docTypemappingId=40829&refId=132462025&refType=caf&uuid=b370455e-6ea1-4d95-b36d-c755ecd07b73&version=1.0,278828,https://parivesh.nic.in/newupgrade/#/report/ec?proposalId=132471881,0.0,17885.0
133033597,The Proposed Project is a Boulder Stone Mine will be done by opencast semi mechanized method.,New,SIA/ML/MIN/546477/2025,2025-07-29T17:19:40.638+00:00,2025-09-29T09:29:12.195+00:00,EC Granted,83.0,25.5,GOERA MECHENG SANGMA,,Application for EC for Mining of Minor Minerals of Mine Lease (0-5 HA) - Form-2,EC,B2,,DABAKGRE STONE MINE,MEGHALAYA,Selsella,Kilmangittim,,ML/SEAC/SEIAA/PP/WGH/110/2025,,Non - Linear,83.0,0.0,83.0,0.0,0.0,0.0,0.0,0.0,0,0,0,Not applicable as the project or activity is site specific,,NO,NO,NO,2025-07-29T18:57:18.993+00:00,,,,,,,,,,,,,,,,,,,,,,,,,,,,,,,,,,,,,,,"MONDAL TILLA, VTC-TURA, P.O.-TURA, WEST GARO HILLS, MEGHALAYA",,17,Individual,Owner,,17,,West Garo Hills,,https://parivesh.nic.in/dms/okm/downloadDocument?docTypemappingId=40829&refId=132962285&refType=caf&uuid=1f92f8e1-cf78-4dd3-bc74-8e3b5616a1b7&version=1.0,272997,https://parivesh.nic.in/newupgrade/#/report/ec?proposalId=133033597,10.0,10.0
133103543,Renewal of Lease for Plot of Land to Shillong Higher Secondary School for the purpose of imparting education,New,FP/ML/SCH/546602/2025,2025-07-30T17:54:40.322+00:00,,Pending at PP due to EDS by Nodal Officer,0.37,0.0,PROTIMA DAS,,Forest clearance form,,,,Renewal of Lease for Plot of Land to Shillong Higher Secondary School,MEGHALAYA,Mylliem,Pynthormukhrah (CT),,,78O14,Non - Linear,0.0,0.37,0.37,0.0,0.0,0.0,0.0,0.0,0,0,0,Not applicable as the project or activity is site specific,,NO,NO,NO,2025-07-30T18:08:43.656+00:00,,,Non-forest Land,true,,,,,,,,,,,,,,,,,,,,,,,,,,,,,,,,,,,"Pynthorumkhrah, Forest Colony",Shillong,17,Trust/NGO/Partnership,SECRETARY,Shillong,17,,East Khasi Hills,78O14,https://parivesh.nic.in/dms/okm/downloadDocument?docTypemappingId=40829&refId=122690033&refType=caf&uuid=5a2a5a58-a9f1-47e8-b1f4-5aa32d8abbbe&version=1.0;https://parivesh.nic.in/dms/okm/downloadDocument?docTypemappingId=58989&refId=122690033&refType=FC&uuid=b20e69b5-260b-47be-a266-5735e6abbf5f&version=1.0,278354,https://parivesh.nic.in/newupgrade/#/report/ec?proposalId=133103543,0.0,9130.0
133606504,It is a minor mineral limestone mining project.,New,SIA/ML/MIN/547397/2025,2025-08-07T09:01:43.149+00:00,2025-09-22T11:19:46.876+00:00,ToR Granted,0.65,10.75,AIRINESS SHULLAI,Gaurang Environmental Solutions Pvt. Ltd.,Environment clearance form,TOR,B1,Mining of minerals,RUIENG LIMESTONE MINE,MEGHALAYA,Shella Bholaganj,Sohbar,,ML/SEAC/SEIAA/PP/EKH/113/2025,Ruieng,Non - Linear,0.65,0.0,0.65,0.0,0.0,0.0,0.0,0.0,0,0,0,Not applicable as the project or activity is site specific,,NO,NO,NO,2025-08-09T16:57:05.130+00:00,,,,,,,,,,,,,,,,,,,,,,,,,,,,,,,,,,,,,,,,,,,,,,,East Khasi Hills,Ruieng,https://parivesh.nic.in/dms/okm/downloadDocument?docTypemappingId=40829&refId=133603245&refType=caf&uuid=8d2d3954-d95d-452c-a70c-6df78f0be334&version=1.0,278849,https://parivesh.nic.in/newupgrade/#/report/ec?proposalId=133606504,0.0,9125.0
133755176,It is a minor mineral limestone mining project,New,SIA/ML/MIN/547602/2025,2025-08-09T07:38:25.422+00:00,2025-10-16T03:38:24.758+00:00,EC Granted,4.99,21.5,BUDAKIA MINERALS LLP,,Application for EC for Mining of Minor Minerals of Mine Lease (0-5 HA) - Form-2,EC,B2,,Marih Limestone Mine,MEGHALAYA,Shella Bholaganj,Mustoh,,ML/SEAC/SEIAA/PP/EKH/121/2025,Marih,Non - Linear,4.99,0.0,4.99,0.0,0.0,0.0,0.0,0.0,0,0,0,Not applicable as the project or activity is site specific,,NO,NO,NO,2025-09-22T05:45:35.930+00:00,,,,,,,,,,,,,,,,,,,,,,,,,,,,,,,,,,,,,,,"Marih, Mstoh, P.S. Shella, East Khasi Hills, Meghalaya",Marih,17,LLP,Designated Partner,Marih,17,,East Khasi Hills,Marih,https://parivesh.nic.in/dms/okm/downloadDocument?docTypemappingId=40829&refId=133716438&refType=caf&uuid=7daa517d-15cc-4b7d-9c9c-4384c2691d9a&version=1.0,278834,https://parivesh.nic.in/newupgrade/#/report/ec?proposalId=133755176,0.0,10950.0
134082321,It is a minor mineral limestone mining project applying for reappraisal,New,SIA/ML/MIN/548159/2026,2025-08-14T09:59:53.013+00:00,2026-09-16T07:45:07.222+00:00,EC Granted,3.4,200.0,suprita myrchiang,,Environment clearance form,EC,B1,,Amkapai Limestone Mine,MEGHALAYA,Amlarem,Nongtalang Main,,ML/SEAC/SEIAA/PP/WJH/67/2024,,Non - Linear,3.4,0.0,3.4,0.0,0.0,0.0,0.0,0.0,0,0,0,NO,"",NO,NO,NO,2026-06-14T11:13:52.538+00:00,,,,,,,,,,,,,,,,,,,,,,,,,,,,,,,,,,,,,,,,,,,,,,,West Jaintia Hills,,https://parivesh.nic.in/dms/okm/downloadDocument?docTypemappingId=40829&refId=77634381&refType=caf&uuid=b5534ec9-2c5e-45a4-ae4e-48f690c202e3&version=1.0,279340,https://parivesh.nic.in/newupgrade/#/report/ec?proposalId=134082321,0.0,8395.0
134602874,It is a minor mineral limestone mining project applying for re-appraisal of EC.,New,SIA/ML/MIN/549121/2026,2025-08-23T11:25:53.938+00:00,2026-09-16T08:22:52.476+00:00,EC Granted,3.4,56.0,alldrina nonglamin,,Environment clearance form,EC,B1,,M/s Limestone Mine,MEGHALAYA,Amlarem,Nongtalang Main,,ML/SEAC/SEIAA/PP/WJH/71/2024,,Non - Linear,3.4,0.0,3.4,0.0,0.0,0.0,0.0,0.0,0,0,0,NO,"",NO,NO,NO,2026-06-14T10:41:29.939+00:00,,,,,,,,,,,,,,,,,,,,,,,,,,,,,,,,,,,,,,,,,,,,,,,West Jaintia Hills,,https://parivesh.nic.in/dms/okm/downloadDocument?docTypemappingId=40829&refId=78227924&refType=caf&uuid=4ec340e1-c041-4642-bbc4-ac143b1a101f&version=1.0,279340,https://parivesh.nic.in/newupgrade/#/report/ec?proposalId=134602874,0.0,8030.0
134606289,"The proposal is for Lumshnong Limestone Mine of M/s Meghalaya Minerals & Mines Limited, over an extent of 4.2 Ha with the Maximum production capacity of 1,80,000.015 TPA of Limestone, located at Village-Lumshnong, Tehsil -Narpuh, District-East Jaintia Hills, Meghalaya State. The mine is located at the latitude 25° 09' 49.28"" N - 25° 10' 03.50"" N and longitude 92° 22' 42.70"" E - 92° 22' 49.94"" E",New,IA/ML/MIN/549135/2025,2025-08-23T12:48:05.371+00:00,,DELISTED_BY_SYSTEM,4.2,3.75,MEGHALAYA MINERALS & MINES LIMITED,"Global Environment & Mining Services LLP, Hospet",Environment clearance form,TOR,B1,Mining of minerals,"Lumshnong Limestone Mine over an area of 4.2 Ha of M/s Meghalaya Minerals & Mines Limited, located at Lumshnong Village, Narpuh Tehsil, East Jaintia Hills District, Meghalaya State",MEGHALAYA,Khliehriat,Lum Shnong,,,Lease Area: 4.2 Ha,Non - Linear,4.2,0.0,4.2,0.0,0.0,0.0,0.0,0.0,0,0,0,Not applicable as the project or activity is site specific,,NO,NO,NO,2025-08-24T15:23:50.219+00:00,,,,,,,,,,,,,,,,,,,,,,,,,,,,,,,,,,,,,,,,,,,,,,,East Jaintia Hills,Lease Area: 4.2 Ha,https://parivesh.nic.in/dms/okm/downloadDocument?docTypemappingId=40829&refId=134291737&refType=caf&uuid=778fe9a4-ebeb-4644-b8f5-6d9810424817&version=1.0,279465,https://parivesh.nic.in/newupgrade/#/report/ec?proposalId=134606289,14100.0,14100.0
134741538,The proposed project is a Boulder stone Mine will be done by opencast semi mechanized method.,New,SIA/ML/MIN/549334/2025,2025-08-26T07:01:53.914+00:00,2025-09-19T11:30:44.775+00:00,EC Granted,4.9,20.0,DROSTARLAND LYNGDOH,,Application for Transfer of EC- Form-7,OTHER,B2,,Wakrugre Boulder Stone Mine,MEGHALAYA,Selsella,Walkamgiri,,ML/SEIAA/MIN/WGH/P-67/2020/4/1926,,Non - Linear,4.9,0.0,4.9,0.0,0.0,0.0,0.0,0.0,0,0,0,Not applicable as the project or activity is site specific,,NO,NO,NO,2025-08-26T16:14:46.306+00:00,,,,,,,,,,,,,,,,,,,,,,,,,,,,,,,,,,,,,,,"Village- Domjyrti, PO Mawkyrwat, District- South West Khasi Hills, Meghalaya.",Domjyrti,17,Private Limited,Proprietor,Domjyrti,17,,West Garo Hills,,https://parivesh.nic.in/dms/okm/downloadDocument?docTypemappingId=40829&refId=133371035&refType=caf&uuid=0bc8cf34-a36e-4f1b-8672-3bac25d28cf7&version=1.0,273001,https://parivesh.nic.in/newupgrade/#/report/ec?proposalId=134741538,0.0,0.0
134749109,"The proposed project is a Boulder StoneMine will be done by opencast semimechanizedmethod. Mine Area is over 0.45 ha. at Sabraguri Village , District West Garo Hills, Meghalaya.The need and the importance of this Mine Project is mainly for the construction purpose fordevelopment (Private as well as Government projects). Huge demand for nearby towns and in theupcoming development projects.",New,SIA/ML/MIN/549346/2025,2025-08-26T07:52:14.282+00:00,2025-09-22T10:42:27.731+00:00,EC Granted,0.45,9.5,WASHING MARAK,,Application for Corrigendum Form-13,OTHER,,,SABRAGURI STONE QUARRY,MEGHALAYA,Selsella,Sapalguri,,,,Non - Linear,0.45,0.0,0.45,0.0,0.0,0.0,0.0,0.0,0,0,0,Not applicable as the project or activity is site specific,,NO,NO,NO,2025-08-26T08:50:36.710+00:00,,,,,,,,,,,,,,,,,,,,,,,,,,,,,,,,,,,,,,,"C/o: Gonseng Sangma, House no 1, Village- Jongkipara, P.O - Garobadha",,17,Individual,Owner,,17,,West Garo Hills,,https://parivesh.nic.in/dms/okm/downloadDocument?docTypemappingId=40829&refId=64092383&refType=caf&uuid=a38d9ef6-a9ea-4088-a6ed-e79cc7e05c78&version=1.0,272879,https://parivesh.nic.in/newupgrade/#/report/ec?proposalId=134749109,23.0,6923.0
134771719,Diversion of 46.63 Ha. of (42.11 Ha. Reserve Forest Land & 4.52 Ha. Deemed Forest) Land for Widening and improvement of existing single lane/ intermediate lane road to 2 Lane with Paved Shoulder from Darugre (Km 53.600) to Dalu (Km 204.00) section of old NH-62 (New NH-217) (Design length = 136.11 Km) in the State of Meghalaya on Hybrid Annuity Mode.,Expansion,FP/ML/ROAD/549391/2025,2025-08-26T10:40:59.711+00:00,,DELISTED_BY_SYSTEM,71.46,40.3506,Public Works Department,,Forest clearance form,,,,Widening and improvement of existing single lane/ intermediate lane road to 2 Lane with Paved Shoulder from Darugre (Km 53.600) to Dalu (Km 204.00) section of old NH-62 (New NH-217) (Design length = 136.11 Km) in the State of Meghalaya on HAM Mode.,MEGHALAYA,Baghmara,Sudu Boldak,,,,Linear,71.46,0.0,71.46,357.24,46.63,403.87,0.0,4035060.0,0,0,0,NO,Project is Non Site Specific,NO,NO,NO,2025-09-02T07:57:06.379+00:00,,https://parivesh.nic.in/dms/okm/downloadDocument?docTypemappingId=59020&refId=134771718&refType=fc&uuid=9d01b5dc-c346-488b-b5b7-9d86f65aa8c5&version=1.0,Non-forest Land,true,,,,,,,,,,,,,,,,,,,,,,,,,,,,,,,,,,,"Office of the Executive Engineer , PWD (Roads), NH Division , Baghmara, SGH",Baghmara,17,State Government (Department/Autonomous body),Executive Engineer,Baghmara,17,Hasan G Momin,South Garo Hills,,https://parivesh.nic.in/dms/okm/downloadDocument?docTypemappingId=40829&refId=106129366&refType=caf&uuid=db09f751-8930-4c88-bc1b-61e5496f5042&version=1.0;https://parivesh.nic.in/dms/okm/downloadDocument?docTypemappingId=59061&refId=106129366&refType=FC&uuid=6d216fd6-dc1e-4d39-9dfb-8e4a4ceab696&version=1.0;https://parivesh.nic.in/dms/okm/downloadDocument?docTypemappingId=58989&refId=106129366&refType=FC&uuid=4326c669-1753-4294-b3f5-ec26a78918b4&version=1.0;https://parivesh.nic.in/dms/okm/downloadDocument?docTypemappingId=58989&refId=106129366&refType=FC&uuid=b7d355b0-503b-4c1e-83b4-8283dd9aa352&version=1.0,276008,https://parivesh.nic.in/newupgrade/#/report/ec?proposalId=134771719,117500.0,0.0
135019103,"The objective of the project “Construction including MBT of Two-Laning Road from 4th Mile Upper Shillong to Lawsohtun (L = 3.100 Km)” is to develop an alternate road route of public importance in order to reduce traffic congestion in Shillong. The new alignment, starting near ST Road and ending near the Sericulture Office at Lawsohtun & Madan Laban Nepali Secondary School, is aimed at improving road connectivity, easing vehicular movement, and ensuring better accessibility to key institutions and residential areas. The project will also contribute to decongesting existing routes while providing safe and efficient transportation infrastructure for commuters.",New,FP/ML/ROAD/549426/2025,2025-08-26T16:30:54.307+00:00,,DELISTED_BY_SYSTEM,3.875,5126.30796,Public Works Department (Roads),,Forest clearance form,,,,"CONSTRUCTION INCLUDING MBT OF TWO LANING ROAD FROM 4TH MILE, UPPER SHILLONG TO LAWSOHTUN (L - 3.10 Km)",MEGHALAYA,Mylliem,4 Th. Mile,,,78O14,Linear,0.0,3.875,3.875,0.0,0.0,0.0,0.0,0.0,0,0,0,Not applicable as the project or activity is site specific,,NO,NO,NO,2025-08-26T17:50:44.234+00:00,,,Non-forest Land,true,,,,,,,,,,,,,,,,,,,,,,,,,,,,,,,,,,,"National Highway Division, Lower Lachumiere, Shillong",Shillong,17,State Government (Department/Autonomous body),Executive Engineer,Shillong,17,,East Khasi Hills,78O14,https://parivesh.nic.in/dms/okm/downloadDocument?docTypemappingId=40829&refId=134750422&refType=caf&uuid=26f552c9-0a89-44a8-8650-3bf0eb756ca9&version=1.0;https://parivesh.nic.in/dms/okm/downloadDocument?docTypemappingId=58989&refId=134750422&refType=FC&uuid=38bc118a-63fb-414f-b2b4-6b20bf95c6e7&version=1.0,278297,https://parivesh.nic.in/newupgrade/#/report/ec?proposalId=135019103,4015.0,7400.0
135086471,It is a minor mineral limestone mining project applying for reappraisal of EC,New,SIA/ML/MIN/549509/2026,2025-08-28T05:36:59.300+00:00,2026-09-17T12:58:53.708+00:00,EC Granted,4.3,20.0,DUKANI TARIANG,,Environment clearance form,EC,B1,,M/S Amsyndui Lime Stone Mine,MEGHALAYA,Amlarem,Nongtalang Main,,ML/SEAC/SEIAA/PP/PP/WJH/70/2024,,Non - Linear,4.3,0.0,4.3,0.0,0.0,0.0,0.0,0.0,0,0,0,NO,"",NO,NO,NO,2026-06-14T15:40:31.337+00:00,,,,,,,,,,,,,,,,,,,,,,,,,,,,,,,,,,,,,,,,,,,,,,,West Jaintia Hills,,https://parivesh.nic.in/dms/okm/downloadDocument?docTypemappingId=40829&refId=75644468&refType=caf&uuid=cff2adba-4072-4b6c-9f28-094afc3afdb9&version=1.0,279340,https://parivesh.nic.in/newupgrade/#/report/ec?proposalId=135086471,0.0,6600.0
135098150,"The project site covers an area of 1.36 ha of private land. It is situated at Ri-U-Siar, Lynti Dkhar Area, Sohbar Sirdarship, East Khasi Hills District, State- Meghalaya. The area lies between Longitude: 91°44'29.03""E to 91°44'33.20""E and Latitude: 25°10'43.83""N to 25°10'49.27""N. The entire project site is covered by Toposheet No. 78O/12 (Restricted). According to the approved Mining Plan, total mineral production for 10 years (life of mine) would be 505197 Tonnes and during the plan period (5 years) would be 252570 Tonnes. The targeted peak production is 50544 TPA (5th year of mining).",New,SIA/ML/MIN/549531/2026,2025-08-28T07:13:50.215+00:00,,Referred to SEIAA,1.36,23.0,idalis ryngnga,,Environment clearance form,EC,B1,,Lynti Dkhar Limestone Mine,MEGHALAYA,Shella Bholaganj,Sohbar,,ML/SEAC/SEIAA/PP/EKH/83/2024,,Non - Linear,1.36,0.0,1.36,0.0,0.0,0.0,0.0,0.0,0,0,0,Not applicable as the project or activity is site specific,,NO,NO,NO,2026-05-13T10:51:38.343+00:00,,,,,,,,,,,,,,,,,,,,,,,,,,,,,,,,,,,,,,,,,,,,,,,East Khasi Hills,,https://parivesh.nic.in/dms/okm/downloadDocument?docTypemappingId=40829&refId=92743616&refType=caf&uuid=ca9e4e08-e5aa-4324-8ca7-90ef25f0e9c0&version=1.0,278849,https://parivesh.nic.in/newupgrade/#/report/ec?proposalId=135098150,0.0,7500.0
135109461,Feasibility Study and Preparation of Detailed Project Report for upgradation of existing road to two Lanes with paved shoulder from Darugree (Ex. Km 53+601) to Dalu (Ex. Km 203+133) section of NH 62 in Meghalaya (New NH 217) (149.53 km in length),New,WL/ML/ROAD/549553/2025,2025-08-28T09:13:38.812+00:00,,,402.22,2830.0,Public Works Department,,Wildlife clearance form,,,,Feasibility Study and Preparation of Detailed Project Report for upgradation of existing road to two Lanes with paved shoulder from Darugree (Ex. Km 53+601) to Dalu (Ex. Km 203+133) section of NH 62 in Meghalaya (New NH 217) (149.53 km in length),MEGHALAYA,Dalu,Abeagre,,,,Linear,357.24,44.98,402.22,0.0,0.0,0.0,0.0,0.0,0,0,0,Not applicable as the project or activity is site specific,,NO,NO,NO,2025-09-16T10:36:17.124+00:00,,,,,,,,,,,,,,,,,,,,,,,,,,,,,,,,,,,,,,,,,,,,,,,West Garo Hills,,https://parivesh.nic.in/dms/okm/downloadDocument?docTypemappingId=40829&refId=133140325&refType=caf&uuid=4da712a1-df72-46f4-98e6-f4f45bd2a7a6&version=1.0,274376,https://parivesh.nic.in/newupgrade/#/report/ec?proposalId=135109461,114500.0,114500.0
135463563,"The proposal is for Larung Limestone Mine of M/s. JUD Cements Limited, over an extent of 4.76 Ha with the Maximum production capacity of 5,00,088.60 TPA of Limestone located at Village-Wahiajer, Tehsil- Lumshnong, District- East Jaintia Hills, Meghalaya State. The mine is located at the Latitude 25˚11′06.14″ N to 25˚11'15.21″ N and longitude is 92˚24′23.14″ E to 92˚24'35.05″ E.",New,IA/ML/MIN/550050/2025,2025-09-01T12:57:14.542+00:00,,Proposal returned in present form,4.76,375.0,J U D Cements PRIVATE LIMITED,"Global Environment & Mining Services LLP, Hospet",Environment clearance form,TOR,B1,Mining of minerals,"Larung Limestone Mine over an area of 4.76 Ha of M/s. JUD Cements Limited, located at Wahiajer Village, Lumshnong Tehsil, East Jaintia Hills District, Meghalaya State",MEGHALAYA,Khliehriat,Wahiajer,J-11015/40/2025-IA.II(NCM),,G46O8,Non - Linear,4.76,0.0,4.76,0.0,0.0,0.0,0.0,0.0,0,0,0,Not applicable as the project or activity is site specific,,NO,NO,NO,2025-09-02T10:33:56.811+00:00,,,,,,,,,,,,,,,,,,,,,,,,,,,,,,,,,,,,,,,,,,,,,,,East Jaintia Hills,G46O8,https://parivesh.nic.in/dms/okm/downloadDocument?docTypemappingId=40829&refId=135427398&refType=caf&uuid=3ce5efbf-b69d-4928-9c96-ec98caa49793&version=1.0,279463,https://parivesh.nic.in/newupgrade/#/report/ec?proposalId=135463563,14100.0,14100.0
135561363,It is a minor mineral boulderstone mining project,New,SIA/ML/MIN/550258/2026,2025-09-03T07:57:26.466+00:00,,Referred to SEIAA,0.67,24.8,PENIAL MALNGIANG,Gaurang Environmental Solutions Pvt. Ltd.,Environment clearance form,TOR,B1,Mining of minerals,Kroh Boulderstone Mine,MEGHALAYA,Shella Bholaganj,Sohbar,,ML/SEAC/SEIAA/PP/EKH/155/2026,,Non - Linear,0.67,0.0,0.67,0.0,0.0,0.0,0.0,0.0,0,0,0,Not applicable as the project or activity is site specific,,NO,NO,NO,2026-04-12T05:28:30.998+00:00,,,,,,,,,,,,,,,,,,,,,,,,,,,,,,,,,,,,,,,,,,,,,,,East Khasi Hills,,https://parivesh.nic.in/dms/okm/downloadDocument?docTypemappingId=40829&refId=135538225&refType=caf&uuid=39c06200-a276-4ad5-9ca0-43af187a54ce&version=1.0,278849,https://parivesh.nic.in/newupgrade/#/report/ec?proposalId=135561363,0.0,4380.0
136298619,It is a minor mineral boulder stone mining project,New,SIA/ML/MIN/551655/2025,2025-09-15T10:26:52.281+00:00,2025-10-19T17:06:34.592+00:00,EC Granted,2.38,24.8,MICHEAL IACAIS,,Application for EC for Mining of Minor Minerals of Mine Lease (0-5 HA) - Form-2,EC,B2,,Umlangiong Boulder Stone Mine,MEGHALAYA,Mairang,Mawpat,,ML/SEAC/SEIAA/PP/EWKH/137/2025,,Non - Linear,2.38,0.0,2.38,0.0,0.0,0.0,0.0,0.0,0,0,0,Not applicable as the project or activity is site specific,,NO,NO,NO,2025-10-14T15:02:09.106+00:00,,,,,,,,,,,,,,,,,,,,,,,,,,,,,,,,,,,,,,,"Nongshilliang, Malki, Shillong, East Khasi Hills, Meghalaya",Nongshilliang,17,Individual,Proprietor,Nongshilliang,17,,Eastern West Khasi Hills,,https://parivesh.nic.in/dms/okm/downloadDocument?docTypemappingId=40829&refId=136293053&refType=caf&uuid=094830c7-1970-4c14-8b54-444456230c88&version=1.0,277796,https://parivesh.nic.in/newupgrade/#/report/ec?proposalId=136298619,0.0,9125.0
136641733,"Integrated Cement Plant with capacity of clinker: 0.95 Million TPA, Cement: 0.99 Million TPA (OPC, PPC, PSC, SRC, RHPC & Composite Cement) CPP: 15 MW, WHRS: 7 MW) and DG Sets 2500 KVA (1x2500 KVA or 2X1000 KVA & 1X500 KVA or 1x1000 KVA, 2x500 KVA & 2x250KVA) in Khara Siang Lum Pyrshin in Daistong village, Elaka: Nongkhlieh Dolloiship, District of East Jaintia Hills (Meghalaya) by Shree Cement Ltd.",New,SIA/ML/IND1/552331/2025,2025-09-20T04:58:52.326+00:00,2025-10-15T12:03:28.424+00:00,ToR Granted,25.08,1.264,Shree Cement Limited,P and M Solutions,Environment clearance form,TOR,B1,Cement plants,"Integrated Cement Plant with capacity of clinker: 0.95 million TPA, Cement: 0.99 million TPA (OPC, PPC, PSC, SRC, RHPC & Composite Cement) CPP: 15 MW, WHRS: 7 MW) and DG Sets 2500 KVA (1x2500 KVA or 2X1000 KVA & 1X500 KVA or 1x1000 KVA, 2x500 KVA & 2x250KVA) in Khara Siang Lum Pyrshin in Daistong village, Elaka: Nongkhlieh Dolloiship, District of East Jaintia Hills (Meghalaya) by Shree Cement Ltd.",MEGHALAYA,Saipung,Daistong,,ML/SEAC/SEIAA/PP/EJH/126/2025,Khara Siang Lum Pyrshin,Non - Linear,25.08,0.0,25.08,0.0,0.0,0.0,0.0,0.0,0,0,0,YES,,NO,NO,NO,2025-09-29T12:14:07.402+00:00,,,,,,,,,,,,,,,,,,,,,,,,,,,,,,,,,,,,,,,,,,,,,,,East Jaintia Hills,Khara Siang Lum Pyrshin,https://parivesh.nic.in/dms/okm/downloadDocument?docTypemappingId=40829&refId=136640501&refType=caf&uuid=ad6fcb1e-5019-41fb-b271-7c7bf2c03ce4&version=1.0;https://parivesh.nic.in/dms/okm/downloadDocument?docTypemappingId=40828&refId=136640501&refType=caf&uuid=01156a03-7484-4d66-b801-7e4f2f70ee5a&version=1.0;https://parivesh.nic.in/dms/okm/downloadDocument?docTypemappingId=40828&refId=136640501&refType=caf&uuid=3b963dda-1f14-4d67-94e9-68603e96d277&version=1.0,279544,https://parivesh.nic.in/newupgrade/#/report/ec?proposalId=136641733,396000.0,155250.0
136887721,It is a minor mineral limestone mining project,New,SIA/ML/MIN/552900/2026,2025-09-24T06:09:14.885+00:00,,Referred to SEIAA,0.56,11.0,SIBOLIN WAR,Gaurang Environmental Solutions Pvt. Ltd.,Environment clearance form,TOR,B1,Mining of minerals,Orkaiang Limestone Mine,MEGHALAYA,Shella Bholaganj,Umtaru,,ML/SEAC/SEIAA/PP/EKH/154/2026,,Non - Linear,0.56,0.0,0.56,0.0,0.0,0.0,0.0,0.0,0,0,0,Not applicable as the project or activity is site specific,,NO,NO,NO,2026-04-21T15:27:32.245+00:00,,,,,,,,,,,,,,,,,,,,,,,,,,,,,,,,,,,,,,,,,,,,,,,East Khasi Hills,,https://parivesh.nic.in/dms/okm/downloadDocument?docTypemappingId=40829&refId=136782920&refType=caf&uuid=1cfc9e16-8b39-490e-8c47-5920e4e124d9&version=1.0,278886,https://parivesh.nic.in/newupgrade/#/report/ec?proposalId=136887721,0.0,4015.0
136937022,"Saryngkham Village Coal Block B with area 129 Ha. reverse D-shaped block, Rated Capacity 0.30 MTPA is located in the Village Byndihati village, Administrative Block Khliehriat CRD Block, District East Jaintia Hills, State Meghalaya. The Project area lies in the Survey of India Toposheet Nos 83C/7 (RF 1:50,000). The project site is about 1.10 Km West South-West of Myndihati town of Khliehriat. The NH-6 is around 160 m by local katcha roads in the western direction.",New,SIA/ML/CMIN/553008/2025,2025-09-24T12:00:59.115+00:00,2025-10-15T12:42:53.366+00:00,ToR Granted,129.0,2194.0,DAPMAIN SHYLLA,Cognitive Sustainable Solutions Private Limited,Environment clearance form,TOR,B1,Mining of minerals,Saryngkham Coal Block B,MEGHALAYA,Khliehriat,Byndihati,,ML/SEAC/SEIAA/PP/EJH/129/2025,Block B,Non - Linear,129.0,0.0,129.0,0.0,0.0,0.0,0.0,0.0,0,0,0,NO,Not applicable as the project or activity is site specific,NO,NO,NO,2025-09-29T11:06:58.777+00:00,,,,,,,,,,,,,,,,,,,,,,,,,,,,,,,,,,,,,,,,,,,,,,,East Jaintia Hills,Block B,https://parivesh.nic.in/dms/okm/downloadDocument?docTypemappingId=40829&refId=136924692&refType=caf&uuid=c61874d5-fb3e-4a5c-a163-9cf9cc7c1142&version=1.0,279435,https://parivesh.nic.in/newupgrade/#/report/ec?proposalId=136937022,9425.0,32190.0
137044478,"The Tarajak Block-I is situated in north eastern part of Langrin Coalfield. Block is located in the southern part of the West Khasi Hills District, Meghalaya. The Block-I is located at Tarajak village Mawshynrut C RD Block of sub-division Riangdo of West Khasi Hills district. The nearest post office (Pin code 793119) is Shallang and nearest police station is Shallang in the state of Meghalaya, India. The area is bounded by geographical coordinates Latitude 25°23' 30.13"" N & 25° 24' 07.61"" N and Longitude 90° 55' 16.07"" E & 90° 55' 59.95"" E. UTM grid
is within range of Latitude 2809934.43 to 2811083.25 (N) and Longitude 290870.59 to 292107.06 (E). The block falls in UTM Zone-46R.",New,SIA/ML/CMIN/553190/2025,2025-09-26T04:30:10.623+00:00,2025-10-15T17:16:54.249+00:00,ToR Granted,102.0,2119.0,namewan dkhar,,Environment clearance form,TOR,B1,Mining of minerals,Tarajak Coal Block I,MEGHALAYA,Mawshynrut,Tarajak,,ML/SEAC/SEIAA/PP/WKH/127/2025,Block I,Non - Linear,102.0,0.0,102.0,0.0,0.0,0.0,0.0,0.0,0,0,0,Not applicable as the project or activity is site specific,,NO,NO,NO,2025-09-29T10:35:15.967+00:00,,,,,,,,,,,,,,,,,,,,,,,,,,,,,,,,,,,,,,,,,,,,,,,West Khasi Hills,Block I,https://parivesh.nic.in/dms/okm/downloadDocument?docTypemappingId=40829&refId=137043872&refType=caf&uuid=78f0e776-635a-4bc1-8a04-3f8e3e8dee25&version=1.0,276636,https://parivesh.nic.in/newupgrade/#/report/ec?proposalId=137044478,25375.0,25375.0
137046002,"Tarajak Coal Block-VI at Village Tarajak village, Mawshynrut C & RD Block Riangdo, District West Khasi Hills, State Meghalaya. With an area of 102 Ha. Rated capacity of 0.15 MTPA.",New,SIA/ML/CMIN/553194/2025,2025-09-26T05:05:14.539+00:00,2025-10-15T19:21:23.216+00:00,ToR Granted,102.0,2351.0,namewan dkhar,Cognitive Sustainable Solutions Private Limited,Environment clearance form,TOR,B1,Mining of minerals,Tarajak Coal Block-VI,MEGHALAYA,Mawshynrut,Tarajak,,ML/SEAC/SEIAA/PP/WKH/128/2025,Block-VI,Non - Linear,102.0,0.0,102.0,0.0,0.0,0.0,0.0,0.0,0,0,0,Not applicable as the project or activity is site specific,,NO,NO,NO,2025-09-29T10:55:38.751+00:00,,,,,,,,,,,,,,,,,,,,,,,,,,,,,,,,,,,,,,,,,,,,,,,West Khasi Hills,Block-VI,https://parivesh.nic.in/dms/okm/downloadDocument?docTypemappingId=40829&refId=137044502&refType=caf&uuid=7f015190-4d1c-404a-a931-9de8c00a3329&version=1.0,276636,https://parivesh.nic.in/newupgrade/#/report/ec?proposalId=137046002,24360.0,25375.0
137361219,"The Dorbar Shnong Lumpyngngad proposes the construction of a Community Dorbar Hall cum Anganwadi Center and a Community Water Tank at Laitkor Protected Forest to meet the essential social and developmental needs of the locality. The Dorbar Hall and Anganwadi Center will serve as a community hub for meetings, cultural programs, training, early childhood education, nutrition, and maternal care, while the Community Water Tank will ensure reliable water storage and equitable distribution for domestic use, sanitation, and community needs. This project is vital for strengthening self-governance, preserving cultural identity, and improving the overall welfare, health, and well-being of the people of Lumpyngngad.",New,FP/ML/OTHERS/553846/2025,2025-10-01T17:47:12.065+00:00,,Pending at Nodal Officer for Recommendation,0.056,50.0,john lenon kharkongor,,Forest clearance form,,,,CONSTRUCTION OF COMMUNITY DORBAR HALL CUM AGANWADI CENTER AND COMMUNITY WATER TANK,MEGHALAYA,Mylliem,Nongthymmai (CT),,,78O14,Non - Linear,0.0,0.056,0.056,0.0,0.0,0.0,0.0,0.0,0,0,0,Not applicable as the project or activity is site specific,,NO,NO,NO,2025-10-01T18:12:27.332+00:00,,,Non-forest Land,true,,,,,,,,,,,,,,,,,,,,,,,,,,,,,,,,,,,"Lumpyngngad, Block 4, Nongthymmai",Shillong,17,Trust/NGO/Partnership,Secretary,Shillong,17,"Shri Sailen Nongrum,Shri Sailen Nongrum",East Khasi Hills,78O14,https://parivesh.nic.in/dms/okm/downloadDocument?docTypemappingId=40829&refId=137361065&refType=caf&uuid=62dcbd7b-543c-40d1-aea7-ebb284e0c3d4&version=1.0;https://parivesh.nic.in/dms/okm/downloadDocument?docTypemappingId=59061&refId=137361065&refType=FC&uuid=3eedc42a-ebed-4730-854d-2e0cda21fc3b&version=1.1;https://parivesh.nic.in/dms/okm/downloadDocument?docTypemappingId=58989&refId=137361065&refType=FC&uuid=bae9765c-4c95-46b1-b406-38ef31cfcada&version=1.0,278358,https://parivesh.nic.in/newupgrade/#/report/ec?proposalId=137361219,755.0,731.0
137409047,"-It is an opencast mechanized method with  HEMM deep hole drilling.
-The maximum proposed production of Limestone(RoM) will be 1.13 MTPA",New,SIA/ML/MIN/553921/2025,2025-10-03T07:29:19.216+00:00,2025-10-19T17:03:56.795+00:00,ToR Granted,15.27,1212.0,TNe cement private limited,Perfact Enviro Solutions Pvt. Ltd.,Environment clearance form,TOR,B1,Mining of minerals,Mynkre Limestone Mine (Lease Area-15.27 Ha) by M/s TNE Cement Private Limited,MEGHALAYA,Khliehriat,Mynkre,,ML/SEAC/SEIAA/PP/EJH/130/2025,,Non - Linear,15.27,0.0,15.27,0.0,0.0,0.0,0.0,0.0,0,0,0,Not applicable as the project or activity is site specific,,NO,NO,NO,2025-10-03T12:43:37.548+00:00,,,,,,,,,,,,,,,,,,,,,,,,,,,,,,,,,,,,,,,,,,,,,,,East Jaintia Hills,,https://parivesh.nic.in/dms/okm/downloadDocument?docTypemappingId=40829&refId=137289524&refType=caf&uuid=6248478a-5333-4d14-b110-a90f947adba7&version=1.0,279453,https://parivesh.nic.in/newupgrade/#/report/ec?proposalId=137409047,0.0,15900.0
137514025,"The Committee Balang Catholic Malki proposes the renewal of lease and diversion of 0.60 hectares of forest land for continued use as a burial ground for the Catholic Community of Malki, Shillong. The project includes the construction of a 450 sq. meter ossuary within the existing premises to preserve remains of earlier burials and optimize available space for future interments. This initiative ensures the continued religious and cultural service of the burial ground while maintaining environmental sustainability and minimizing ecological disturbance.",New,FP/ML/OTHERS/554128/2025,2025-10-05T18:30:36.076+00:00,,DELISTED_BY_SYSTEM,0.6,10.0,ANUK  R KHARMALKI,,Forest clearance form,,,,RENEWAL OF  EXISTING BURIAL GROUND FOR MALKI CATHOLIC CHURCH AND CONSTRUCTION OF OSSUARY,MEGHALAYA,Mylliem,Nongthymmai,,,78O14,Non - Linear,0.0,0.6,0.6,0.0,0.0,0.0,0.0,0.0,0,0,0,Not applicable as the project or activity is site specific,,NO,NO,NO,2025-10-05T18:40:34.921+00:00,,,Degraded Forest Land,true,,,,,,,,,,,,,,,,,,,,,,,,,,,,,,,,,,,"Malki, Shillong,",Shillong,17,Trust/NGO/Partnership,Secretary,Shillong,17,,East Khasi Hills,78O14,https://parivesh.nic.in/dms/okm/downloadDocument?docTypemappingId=40829&refId=137513988&refType=caf&uuid=1bd29338-81a8-4094-a706-85aaeff1e0e6&version=1.0;https://parivesh.nic.in/dms/okm/downloadDocument?docTypemappingId=58989&refId=137513988&refType=FC&uuid=fcc6bc6a-a98b-4e34-9bd0-2dba93f0e911&version=1.0,278407,https://parivesh.nic.in/newupgrade/#/report/ec?proposalId=137514025,370.0,366.0
137919505,It is a minor mineral Brick Earth Mining Project,New,SIA/ML/MIN/554881/2025,2025-10-11T17:31:54.775+00:00,2025-10-19T17:27:58.285+00:00,EC Granted,0.54,5.75,ANUP PAUL,,Application for EC for Mining of Minor Minerals of Mine Lease (0-5 HA) - Form-2,EC,B2,,Brick Earth Mine,MEGHALAYA,Selsella,Kharigaon,,ML/SEAC/SEIAA/PP/WGH/133/2025,,Non - Linear,0.54,0.0,0.54,0.0,0.0,0.0,0.0,0.0,0,0,0,NO,"",NO,NO,NO,2025-10-14T14:17:14.622+00:00,,,,,,,,,,,,,,,,,,,,,,,,,,,,,,,,,,,,,,,"Hallidayganj Village, PO & PS Hallidayganj, West Garo Hills District, Meghalaya.",Hallidayganj Village PO and PS Hallidayganj,17,Individual,Proprietor,Hallidayganj Village PO and PS Hallidayganj,17,,West Garo Hills,,https://parivesh.nic.in/dms/okm/downloadDocument?docTypemappingId=40829&refId=2885704&refType=caf&uuid=d65e37b0-17c5-4513-9f98-a8754b3e052c&version=1.0,272901,https://parivesh.nic.in/newupgrade/#/report/ec?proposalId=137919505,0.0,4380.0
137920038,It is a minor mineral Brick Earth Mining Project,New,SIA/ML/MIN/554884/2025,2025-10-11T19:16:52.234+00:00,2025-10-19T17:44:06.258+00:00,EC Granted,0.82,5.75,SHAHANAZ PARVIN,,Application for EC for Mining of Minor Minerals of Mine Lease (0-5 HA) - Form-2,EC,B2,,Brick Earth Mine,MEGHALAYA,Selsella,Haripur,,ML/SEAC/SEIAA/PP/WGH/133/2025,,Non - Linear,0.82,0.0,0.82,0.0,0.0,0.0,0.0,0.0,0,0,0,Not applicable as the project or activity is site specific,,NO,NO,NO,2025-10-14T14:29:29.652+00:00,,,,,,,,,,,,,,,,,,,,,,,,,,,,,,,,,,,,,,,"Haripur, PO Haripur, West Garo Hills, Meghalaya.",Haripur,17,Individual,Proprietor,Haripur,17,,West Garo Hills,,https://parivesh.nic.in/dms/okm/downloadDocument?docTypemappingId=40829&refId=5315205&refType=caf&uuid=b1e8c108-2f83-4fe3-9ff5-6b948e20d751&version=1.0,272849,https://parivesh.nic.in/newupgrade/#/report/ec?proposalId=137920038,0.0,4416.0
137930606,It is a minor mineral Brick Earth Mining Project,New,SIA/ML/MIN/554888/2025,2025-10-12T05:32:25.107+00:00,2025-10-19T17:12:37.719+00:00,EC Granted,0.83,5.75,MD ALI,,Application for EC for Mining of Minor Minerals of Mine Lease (0-5 HA) - Form-2,EC,B2,,Brick Earth Mine,MEGHALAYA,Selsella,Garodubi,,ML/SEAC/SEIAA/PP/WGH/131/2025,,Non - Linear,0.83,0.0,0.83,0.0,0.0,0.0,0.0,0.0,0,0,0,Not applicable as the project or activity is site specific,,NO,NO,NO,2025-10-14T15:11:29.178+00:00,,,,,,,,,,,,,,,,,,,,,,,,,,,,,,,,,,,,,,,"Garodubi Village, PO Haripur, West Garo Hills, Meghalaya.",Garodubi,17,Individual,Proprietor,Garodubi,17,,West Garo Hills,,https://parivesh.nic.in/dms/okm/downloadDocument?docTypemappingId=40829&refId=5319424&refType=caf&uuid=d09e63a8-c175-4aba-8043-238645362d4a&version=1.0,272846,https://parivesh.nic.in/newupgrade/#/report/ec?proposalId=137930606,0.0,4380.0
137932937,The proposed project is a Brick Earth Mine will be done by opencast manual method.,New,SIA/ML/MIN/554896/2025,2025-10-12T09:30:37.406+00:00,2025-10-19T17:09:39.546+00:00,EC Granted,0.32,3.0,SOPIKUL ISLAM,,Application for EC for Mining of Minor Minerals of Mine Lease (0-5 HA) - Form-2,EC,B2,,SINGWILGRE BRICK EARTH MINE,MEGHALAYA,Selsella,Ramjonggre ( L ),,ML/SEAC/SEIAA/PP/WGH/135/2025,NA,Non - Linear,0.32,0.0,0.32,0.0,0.0,0.0,0.0,0.0,0,0,0,Not applicable as the project or activity is site specific,,NO,NO,NO,2025-10-12T10:42:44.658+00:00,,,,,,,,,,,,,,,,,,,,,,,,,,,,,,,,,,,,,,,"S/O : Mokbul Hussain, 01, konarchar, Sabribari , West Garo Hills, Sabribari, Meghalaya- 794104",Singwilgre,17,Individual,Owner,Konachar,17,,West Garo Hills,NA,https://parivesh.nic.in/dms/okm/downloadDocument?docTypemappingId=40829&refId=137932681&refType=caf&uuid=ff053f63-af83-4aba-a5c0-6acb47632d69&version=1.0,272900,https://parivesh.nic.in/newupgrade/#/report/ec?proposalId=137932937,0.0,4500.0
137935431,The proposed Project is a Brick Earth Will be Done by opencast manual method .,New,SIA/ML/MIN/554908/2025,2025-10-12T14:57:09.094+00:00,2025-10-19T17:21:41.568+00:00,EC Granted,0.85,3.0,LUCHINA M SANGMA,,Application for EC for Mining of Minor Minerals of Mine Lease (0-5 HA) - Form-2,EC,B2,,SAKMAL BRICK EARTH MINE,MEGHALAYA,Selsella,Singgimari,,ML/SEAC/SEIAA/PP/WGH/132/2025,Na,Non - Linear,0.85,0.0,0.85,0.0,0.0,0.0,0.0,0.0,0,0,0,Not applicable as the project or activity is site specific,,NO,NO,NO,2025-10-12T15:46:39.308+00:00,,,,,,,,,,,,,,,,,,,,,,,,,,,,,,,,,,,,,,,"C/O : Josni M Marak , Chamaguri Gatsingbazar Selsella , West Garo Hills, Meghalaya",Sakmal,17,Individual,Owner,Chamaguri,17,,West Garo Hills,Na,https://parivesh.nic.in/dms/okm/downloadDocument?docTypemappingId=40829&refId=137935363&refType=caf&uuid=77fefb99-ebc1-48cf-b88b-40bbc7905812&version=1.0,272952,https://parivesh.nic.in/newupgrade/#/report/ec?proposalId=137935431,34.0,34.0
138093907,"It is a minor mineral boulderstone mining project that requires reappraisal. The Mining Lease was granted in the name of Shri Jamda Sangma, it was then transferred to Shri Selveston Momin on 4th July 2024. The project now falls in a B1 cluster, hence Form 1 is being submitted to obtain Terms of Reference.
The Approval of First Mining Plan was granted on 25 August 2017
The Approval of Renewal/Review of Mining Plan/Scheme was granted on 5 March 2024",New,SIA/ML/MIN/555200/2025,2025-10-15T04:12:08.798+00:00,,Proposal returned in present form,2.69,19.5,SELVESTON MOMIN,,Application for Transfer of EC- Form-7,OTHER,B1,,Umduba Stone Quarry,MEGHALAYA,Umling,Umduba,,DEIAA Letter No. DCRB(LR)5/2017/Rev/643,,Non - Linear,2.69,0.0,2.69,0.0,0.0,0.0,0.0,0.0,0,0,0,Not applicable as the project or activity is site specific,,NO,NO,NO,2025-10-15T04:46:10.927+00:00,,,,,,,,,,,,,,,,,,,,,,,,,,,,,,,,,,,,,,,"Umduba Village, Ri-Bhoi, Meghalaya",Umduba Village,17,Individual,Proprietor,Umduba Village,17,,Ribhoi,,https://parivesh.nic.in/dms/okm/downloadDocument?docTypemappingId=40829&refId=113332879&refType=caf&uuid=cbb37072-75f6-4957-a6c0-78c0e54584b7&version=1.0,277474,https://parivesh.nic.in/newupgrade/#/report/ec?proposalId=138093907,0.0,15695.0
138094964,The need and the importance of the sand quarry Project are mainly for the construction infrastructure development of the area. The sand excavated  from the quarry is carried to the domestic market for sale and to be used in construction of house and road.,New,SIA/ML/MIN/555205/2025,2025-10-15T04:39:46.883+00:00,2025-10-19T17:50:21.688+00:00,EC Granted,1.2,30.0,ELVIUS R MARAK,,Application for EC for Mining of Minor Minerals of Mine Lease (0-5 HA) - Form-2,EC,B2,,MALJANGGRE RIVER BED SAND MINE,MEGHALAYA,Betasing,Morkona,,ML/SEAC/SEIAA/PP/WGH/136/2025,NA,Non - Linear,1.2,0.0,1.2,0.0,0.0,0.0,0.0,0.0,0,0,0,Not applicable as the project or activity is site specific,,NO,NO,NO,2025-10-15T09:32:42.708+00:00,,,,,,,,,,,,,,,,,,,,,,,,,,,,,,,,,,,,,,,"S/O : Jerome Marak, 174 Walbakgre, Tura , P.O- Tura , District - West Garo Hills, Meghalaya -794001",Maljanggre,17,Individual,Owner,Walbakgre,17,,South West Garo Hills,NA,https://parivesh.nic.in/dms/okm/downloadDocument?docTypemappingId=40829&refId=138094581&refType=caf&uuid=cffe3b55-a63f-49b5-abcd-a7188c991358&version=1.0,273677,https://parivesh.nic.in/newupgrade/#/report/ec?proposalId=138094964,21.0,4221.0
138100244,It is a minor mineral boulderstone mining project,New,SIA/ML/MIN/555213/2025,2025-10-15T05:44:11.423+00:00,2025-10-19T17:00:37.849+00:00,EC Granted,1.1,13.75,JOJENG MARAK,,Application for Validity Extension of EC- Form-6,OTHER,,,M/s Jojeng Marak Boulder Stone Mine,MEGHALAYA,Selsella,Bollonggre,,ML/SEIAA/MIN/WGH/P-22/2020/1214,,Non - Linear,1.1,0.0,1.1,0.0,0.0,0.0,0.0,0.0,0,0,0,Not applicable as the project or activity is site specific,,NO,NO,NO,2025-10-15T18:26:26.299+00:00,,,,,,,,,,,,,,,,,,,,,,,,,,,,,,,,,,,,,,,,,,,,,,,West Garo Hills,,https://parivesh.nic.in/dms/okm/downloadDocument?docTypemappingId=40829&refId=138021586&refType=caf&uuid=c2b566b6-df69-437c-841a-1c77c9c06d1f&version=1.0,272870,https://parivesh.nic.in/newupgrade/#/report/ec?proposalId=138100244,0.0,13505.0
138503363,"This proposal is for obtaining Forest Clearance (FCA 1980) FOR Ripok Dokatchi School located at Rongreng Baiza, East Garo Hills, Meghalaya. The school land falls within the Rongrenggre Reserved Forest and clearance is required for educational purpose (non-forestry use). The Project is proposed by the School Managing Committee, Ripok Dokatchi School, represented by its President, Shri Taison D Shira.",New,FP/ML/SCH/555851/2025,2025-10-23T14:09:18.590+00:00,,DELISTED_BY_SYSTEM,0.4,25.0,Taison dalbot shira,,Forest clearance form,,,,"Forest Clearance for Ripok Dokatchi School, Rongreng Baiza",MEGHALAYA,Samanda,Upper Rongreng Baiza,,,NA,Non - Linear,0.0,0.4,0.4,0.0,0.0,0.0,0.0,0.0,0,0,0,NO,The school already exists at the proposed location and the land is community-identified and traditionally used for educational purposes. No alternative site is available or feasible.,NO,NO,NO,2025-10-24T06:36:22.639+00:00,,,Degraded Forest Land,true,,,,,,,,,,,,,,,,,,,,,,,,,,,,,,,,,,,"Rongreng Baiza, Williamnagar",Rongreng Baiza,17,Trust/NGO/Partnership,President School Managing Committee,Rongreng Baiza,17,,East Garo Hills,NA,https://parivesh.nic.in/dms/okm/downloadDocument?docTypemappingId=40829&refId=138462126&refType=caf&uuid=97d621b1-a1cb-4ec5-86c5-76effb18968f&version=1.0;https://parivesh.nic.in/dms/okm/downloadDocument?docTypemappingId=58989&refId=138462126&refType=FC&uuid=9db2a122-3b0d-495f-ae4d-83d0185c063a&version=1.0,936750,https://parivesh.nic.in/newupgrade/#/report/ec?proposalId=138503363,180.0,4980.0
158847178,"The project aims to establish St. Mary’s Secondary School at Rongreng Baiza to provide quality education to children in the region. The initiative seeks to improve access to secondary education, especially for students from rural and economically weaker backgrounds. The project will include the construction of classrooms, administrative blocks, sanitation facilities, and provision of essential learning materials. It will promote inclusive and equitable education in alignment with the objectives of the LIFE Mission and the Diocesan educational goals. The school land falls within the Rongrenggre Reserved Forest and clearance is required for Educational purposes.",Expansion,FP/ML/SCH/556642/2025,2025-10-30T14:10:23.450+00:00,,DELISTED_BY_SYSTEM,0.4,50.0,DIOCESE OF TURA,,Forest clearance form,,,,"Establishment of St. Mary's Secondary school ,",MEGHALAYA,Samanda,Upper Rongreng Baiza,,,N/A-RESERVED FOREST LAND,Non - Linear,0.0,0.4,0.4,0.0,0.0,0.0,50.0,0.0,0,0,0,Not applicable as the project or activity is site specific,,NO,NO,NO,2025-11-04T09:54:32.452+00:00,,,Degraded Forest Land,true,,,,,,,,,,,,,,,,,,,,,,,,,,,,,,,,,,,"ST MARY'S SECONDARY SCHOOL,RONGRENG BAIZA",WILLIAMNAGAR,17,Trust/NGO/Partnership,Head Teacher,WILLIAMNAGAR,17,,East Garo Hills,N/A-RESERVED FOREST LAND,https://parivesh.nic.in/dms/okm/downloadDocument?docTypemappingId=40829&refId=146218778&refType=caf&uuid=8ef52715-2f4f-467c-85bd-8df812841a7d&version=1.0;https://parivesh.nic.in/dms/okm/downloadDocument?docTypemappingId=58989&refId=146218778&refType=FC&uuid=20b39dee-224a-49ed-ba75-945eaff41c3e&version=1.0,936750,https://parivesh.nic.in/newupgrade/#/report/ec?proposalId=158847178,4100.0,2800.0
171016178,"Application for transfer of Existing Environmental clearance  of 8 MW Thermal Power Plant located at Lumshnong, East Jaintia Hills District, Meghalaya  by  Meghalaya power limited in the name of Star Cement Meghalaya Limited (hereinafter referred to as Transferee).
The aforementioned Environmental Clearance was originally granted to Meghalaya Power Limited (Transferor) by the State Environment Impact Assessment Authority (SEIAA), Meghalaya, vide File No. SEIAA/PROJECT-4/2007/20, dated 20.08.2009.
We wish to inform you that the  Meghalaya Power Limited, has been legally merged with  Star Cement Meghalaya Limited (Transferee) under the provisions of Sections 230–232 of the Companies Act, 2013, with effect from 10.05.2024.",New,IA/ML/THE/556733/2025,2025-10-31T10:14:49.427+00:00,2026-02-10T11:49:29.392+00:00,Granted,5.0,3320.0,STAR CEMENT MEGHALAYA LIMITED,,Application for Transfer of EC- Form-7,OTHER,B1,,"8 MW Thermal Power Plant at Lumshnong, East Jaintia Hills District, Meghalaya",MEGHALAYA,Khliehriat,Lum Shnong,J-13012/11/2025-IA.I(T),,,Non - Linear,5.0,0.0,5.0,0.0,0.0,0.0,0.0,0.0,0,0,0,Not applicable as the project or activity is site specific,,NO,NO,NO,2025-12-27T17:27:53.903+00:00,,,,,,,,,,,,,,,,,,,,,,,,,,,,,,,,,,,,,,,"104-B, 1st Floor, JMD Pacific Square, Sector-15, Part-2, Gurugram, Haryana",Gurugram,6,Private Limited,Director,Gurugram,6,,East Jaintia Hills,,https://parivesh.nic.in/dms/okm/downloadDocument?docTypemappingId=40829&refId=166137978&refType=caf&uuid=a310ffc7-0e14-4b0f-9c28-6872123f8f72&version=1.0,279465,https://parivesh.nic.in/newupgrade/#/report/ec?proposalId=171016178,0.0,15840.0
200076578,"Application for transfer of Existing Environmental clearance of 43 MW Thermal Power Plant project at Lumshnong, East Jaintia Hills District of Meghalaya. Meghalaya power limited in the name of Star Cement Meghalaya Limited (hereinafter referred to as Transferee). The aforementioned Environmental Clearance was originally granted to Meghalaya Power Limited (Transferor) by the Ministry of Environment, Forest and Climate Change (MoEFCC), New Delhi vide file no. J-13012/33/2011-IA.II (T) dated 03.06.2011 . We wish to inform you that the Transferor, of Meghalaya Power Limited, has been legally merged with Star Cement Meghalaya Limited (Transferee) under the provisions of Sections 230–232 of the Companies Act, 2013, with effect from 10.05.2024.",New,IA/ML/THE/556898/2025,2025-11-03T06:03:48.791+00:00,2026-01-20T09:44:06.475+00:00,Granted,18.2,18373.0,STAR CEMENT MEGHALAYA LIMITED,,Application for Transfer of EC- Form-7,OTHER,B1,,"43 MW Thermal Power Plant at Lumshnong, East Jaintia Hills District, Meghalaya",MEGHALAYA,Khliehriat,Lum Shnong,J-13012/33/2011-IA.II(T),J-13012/33/2011-IA.II(T),NA,Non - Linear,18.2,0.0,18.2,0.0,0.0,0.0,0.0,0.0,0,0,0,Not applicable as the project or activity is site specific,,NO,NO,NO,2025-12-26T18:18:36.821+00:00,,,,,,,,,,,,,,,,,,,,,,,,,,,,,,,,,,,,,,,"104-B, 1st Floor, JMD Pacific Square, Sector-15, Part-2, Gurugram, Haryana",Gurugram,6,Private Limited,Director,Gurugram,6,,East Jaintia Hills,NA,https://parivesh.nic.in/dms/okm/downloadDocument?docTypemappingId=40829&refId=165190978&refType=caf&uuid=420239fc-bb61-4eb8-9d7c-8945fb8ec351&version=1.0,279465,https://parivesh.nic.in/newupgrade/#/report/ec?proposalId=200076578,0.0,26400.0
467747378,Laying of Overhead Optical Fiber Cable for 4G/5G Connectivity in the area (Gairong - Kharkutta - Rajasimla),New,FP/ML/REDIV/558792/2025,2025-11-19T08:35:04.309+00:00,,Pending at UA due to EDS by DFO,0.0048,10.0,Rohit Sharma,,Form-E: Re-Diversion i) Land Use Change ii) Laying of Overhead/ Under Ground OFC/ drinking water pipeline/ slurry pipeline/ electric cable/ CNG/PNG within RoW,,,,Laying of Aerial/Overhead Optical Fiber Cable from Gairong - Kharkutta - Rajasimla for 4G/5G Network Connectivity.,MEGHALAYA,Kharkutta,Lower Rongmatchu,,,,Linear,0.0045,0.0003,0.0048,0.0,0.0,0.0,0.0,0.0,0,0,0,Not applicable as the project or activity is site specific,,NO,NO,NO,2026-09-16T18:30:00.000+00:00,,,,,,,,,,,,,,,,,,,,,,,,,,,,,,,,,,,,,,,"6th Floor, F-602, Universal Ecogreens Infraworld, Betkuchi, Guwahati",KAMRUP METRO,18,Individual,Executive,,18,,North Garo Hills,,https://parivesh.nic.in/dms/okm/downloadDocument?docTypemappingId=40829&refId=465686578&refType=caf&uuid=357f390a-a91c-4a4d-8766-3b8abb76b254&version=1.0,275082,https://parivesh.nic.in/newupgrade/#/report/ec?proposalId=467747378,155.0,1830.0
707382978,"-It is a mining project of limestone mineral.
-The mining method will be opencast using
HEMM with deep hole drilling & blasting.
-The proposed maximum production will be 654577 TPA of Limestone.
-Letter of Intent/authorization order has been granted by the state govt. vide letter no. 75/2022/220 dated 28th Sep, 2022.",New,IA/ML/MIN/560094/2026,2025-11-29T12:08:48.549+00:00,,ADS Raised,44.58,3013.97,GREEN VALLIEY INDUSTRIES LIMITED,,Environment clearance form,EC,B1,,"""Surve Larung Lumshnong Limestone Deposit (44.58 Ha.)'' with a proposed maximum excavation 1366475.2 TPA (654577 TPA of limestone and 711898.2 TPA of waste including topsoil) by M/s. Green Valliey Industries Limited.",MEGHALAYA,Khliehriat,Lum Shnong,IA-J-11015/25/2024-IA-II(NCM),,,Non - Linear,0.0,44.58,44.58,0.0,0.0,0.0,0.0,0.0,0,0,0,Not applicable as the project or activity is site specific,,NO,NO,NO,2026-08-03T06:41:35.278+00:00,,,,,,,,,,,,,,,,,,,,,,,,,,,,,,,,,,,,,,,,,,,,,,,East Jaintia Hills,,https://parivesh.nic.in/dms/okm/downloadDocument?docTypemappingId=40829&refId=36800631&refType=caf&uuid=594fcd49-4ae0-4d83-a6e5-924baa23abe3&version=1.0,279465,https://parivesh.nic.in/newupgrade/#/report/ec?proposalId=707382978,0.0,958800.0
789003778,"The project pertains to the renewal of the lease for a 0.117-hectare plot of barren land at Laitkor forests, which has been used continuously by Malki Presbyterian Secondary School as a playground since 1976. The land has been periodically leased to the school by the Government of Meghalaya, with the most recent lease valid until 13 November 2023. The school has already applied for renewal for the next term.

The playground is essential for the school as it has no other available land for student physical activities. It serves students from predominantly poor families, offering space for sports, PE activities, annual sports events, and community gatherings. The playground significantly contributes to the wellbeing, physical development, and social engagement of students and the wider community.

The project seeks approval for the renewal of the land lease so that the playground can continue to serve its vital role for students and the community.",New,FP/ML/OTHERS/560389/2025,2025-12-02T18:30:49.034+00:00,,DELISTED_BY_SYSTEM,0.117,10.0,SUMARBIN UMDOR,,Forest clearance form,,,,RENEWAL OF EXISTING PLAYGROUND ALLOTTED TO MALKI PRESBYTERIAN SECONDARY SCHOOL,MEGHALAYA,Mylliem,Lawsohtun (CT),,,78O14,Non - Linear,0.0,0.117,0.117,0.0,0.0,0.0,0.0,0.0,0,0,0,Not applicable as the project or activity is site specific,,NO,NO,NO,2026-02-23T18:30:00.000+00:00,,,Degraded Forest Land,true,,,,,,,,,,,,,,,,,,,,,,,,,,,,,,,,,,,Malki,Shillong,17,Trust/NGO/Partnership,Secretary,Shillong,17,,East Khasi Hills,78O14,https://parivesh.nic.in/dms/okm/downloadDocument?docTypemappingId=40829&refId=788988178&refType=caf&uuid=acc6e5df-6a1c-47f2-befd-760a64579055&version=1.0;https://parivesh.nic.in/dms/okm/downloadDocument?docTypemappingId=58989&refId=788988178&refType=FC&uuid=78e30c25-b6b7-47f6-9f0b-b8d1cd15d14d&version=1.0,278362,https://parivesh.nic.in/newupgrade/#/report/ec?proposalId=789003778,370.0,366.0
837817978,"The project seeks the renewal of a land lease for the Malki Presbyterian Secondary School playground at Laitkor. The school has continuously used this 0.117 Ha plot, along with an adjoining 0.116 Ha area, as its only playground since its allotment by the Government of Meghalaya in 1976. The playground is essential for students—most of whom come from economically disadvantaged families—as it supports physical education, sports, recreation, and annual school events. Without renewal, boundary restrictions would obstruct access and compromise student safety. The school therefore requests approval to renew the lease to ensure uninterrupted use of the playground for the benefit of both students and the local community.",Expansion,FP/ML/OTHERS/560678/2025,2025-12-05T06:32:55.678+00:00,,DELISTED_BY_SYSTEM,0.117,15.0,SUMARBIN UMDOR,,Forest clearance form,,,,EXTENSION OF EXISTING PLAYGROUND ALLOTTED TO MALKI PRESBYTERIAN SECONDARY SCHOOL,MEGHALAYA,Mylliem,Lawsohtun (CT),,,78O14,Non - Linear,0.0,0.117,0.117,0.0,0.116,0.116,1000000.0,500000.0,0,0,0,Not applicable as the project or activity is site specific,,NO,NO,NO,2026-02-24T18:30:00.000+00:00,,,Degraded Forest Land,true,,,,,,,,,,,,,,,,,,,,,,,,,,,,,,,,,,,Malki,Shillong,17,Trust/NGO/Partnership,Secretary,Shillong,17,,East Khasi Hills,78O14,https://parivesh.nic.in/dms/okm/downloadDocument?docTypemappingId=40829&refId=831662978&refType=caf&uuid=35c1f7b3-0eea-437e-a138-f95374744a05&version=1.0;https://parivesh.nic.in/dms/okm/downloadDocument?docTypemappingId=58989&refId=831662978&refType=FC&uuid=c337ca53-9080-406e-9514-ac04009e85c4&version=1.0,278362,https://parivesh.nic.in/newupgrade/#/report/ec?proposalId=837817978,366.0,366.0
1120021978,Diversion of 46.63 Ha. of (42.11 Ha. Reserve Forest Land & 4.52 Ha. Deemed Forest) Land for Widening and improvement of existing single lane/ intermediate lane road to 2 Lane with Paved Shoulder from Darugre (Km 53.600) to Dalu (Km 204.00) section of old NH-62 (New NH-217) (Design length = 136.11 Km) in the State of Meghalaya on Hybrid Annuity Mode.,Expansion,FP/ML/ROAD/562449/2025,2025-12-19T13:36:30.411+00:00,,Rejected in PSC-I,71.46,40.3506,Public Works Department,,Forest clearance form,,,,Widening and improvement of existing single lane/ intermediate lane road to 2 Lane with Paved Shoulder from Darugre (Km 53.600) to Dalu (Km 204.00) section of old NH-62 (New NH-217) (Design length = 136.11 Km) in the State of Meghalaya on HAM Mode.,MEGHALAYA,Dambo Rongjeng,Ronggomgittim,,,,Linear,71.46,0.0,71.46,357.24,46.63,403.87,0.0,4035060.0,0,0,0,NO,Project is Non Site Specific,NO,NO,NO,2026-01-15T11:26:03.614+00:00,,https://parivesh.nic.in/dms/okm/downloadDocument?docTypemappingId=59020&refId=1120021778&refType=fc&uuid=3b22bd19-69b2-48aa-9aaf-0a618439bbb4&version=1.0,Non-forest Land,true,,,,,,,,,,,,,,,,,,,,,,,,,,,,,,,,,,,"Office of the Executive Engineer , PWD (Roads), NH Division , Baghmara, SGH",Baghmara,17,State Government (Department/Autonomous body),Executive Engineer,Baghmara,17,Hasan G Momin,East Garo Hills,,https://parivesh.nic.in/dms/okm/downloadDocument?docTypemappingId=40829&refId=106129366&refType=caf&uuid=db09f751-8930-4c88-bc1b-61e5496f5042&version=1.0;https://parivesh.nic.in/dms/okm/downloadDocument?docTypemappingId=59061&refId=106129366&refType=FC&uuid=91c918ca-8371-488b-9f09-4fa79e72804c&version=1.0;https://parivesh.nic.in/dms/okm/downloadDocument?docTypemappingId=58989&refId=106129366&refType=FC&uuid=a4b21ca0-27cd-4dea-bb9a-613bcd4698af&version=1.0;https://parivesh.nic.in/dms/okm/downloadDocument?docTypemappingId=58989&refId=106129366&refType=FC&uuid=5f8c5b47-5b21-45aa-87f4-ef0c61fb21ef&version=1.0,274893,https://parivesh.nic.in/newupgrade/#/report/ec?proposalId=1120021978,117500.0,0.0
1218246768,"Mawtyngkhip PL area is located at a distance of approx 3.90 km towards east of Chiehruphi village located on NH- 06 (Jowai - Badarpur National Highway) at 120 KM Post and approx 2.31 KM east of 117 KM Post under village Thangskai. Nearest District headquarters is at Khliehriat which is about 27 KM from the prospecting area. The only road ways communication is available from the district headquarter through NH-06. Nearest railway station is about 80 KM at Badarpur on Guwahati – Lumding- Silchar section of NF Railway. Nearest airport is at Silchar about 130 KM.    PL area has been issued with composite license for limestone mineral at Mawtyngkhip Limestone Project Area over an area of 49.60 Ha at Mawtyngkhip, Village Thangskai, District East Jaintia Hills, Meghalaya. By the Govt. of Meghalaya, Mining and Geology department, Shillong vide Order no – MG.27/2025/236 dated 19.12.2025The Mawtyngkhip PL area of 49.60 Ha belongs to deemed forest category.",New,FP/ML/SRY/567715/2026,2026-02-02T19:18:41.908+00:00,,Pending at DFO/CF/Nodal Officer after acceptance in PSC-I,49.6,200.0,MEGHALAYA CEMENTS LIMITED,,Form-C: For seeking prior approval for Exploration & Survey,,,,Mawtyngkhip PL area over 49.60 ha.,MEGHALAYA,Khliehriat,Thang Skai,,,Village Mawtyngkhip and Umnong,Non - Linear,0.0,49.6,49.6,0.0,0.0,0.0,0.0,0.0,0,0,0,Not applicable as the project or activity is site specific,,NO,NO,NO,2026-02-03T15:57:27.561+00:00,,,,,,,,,,,,,,,,,,,,,,,,,,,,,,,,,,,,,,,"BE-77, SALT LAKE CITY, SECTOR-1, KOLKATA-700064",,19,Private Limited,SENIOR VP,Thangskai,17,,East Jaintia Hills,Village Mawtyngkhip and Umnong,https://parivesh.nic.in/dms/okm/downloadDocument?docTypemappingId=40829&refId=1218246735&refType=caf&uuid=061cc7af-47fd-457b-a327-86e7d81be99f&version=1.0,279462,https://parivesh.nic.in/newupgrade/#/report/ec?proposalId=1218246768,0.0,10370.0
1218489690,Construction of Higher Secondary School Building Arts Stream under SSA at Telekali SSA Secondary School.,New,FP/ML/SCH/568037/2026,2026-02-05T06:42:30.935+00:00,,DELISTED_BY_SYSTEM,0.3,230.0,DISTRICT SCHOOL EDUCATION OFFICER,,Forest clearance form,,,,Construction of Higher Secondary School Building Arts Stream under SSA at Telekali SSA Secondary School,MEGHALAYA,Gasuapara,Telikali,,,,Linear,0.0,0.3,0.3,0.0,0.0,0.0,0.0,0.0,0,0,0,Not applicable as the project or activity is site specific,,NO,NO,NO,2026-04-15T18:30:00.000+00:00,,,Degraded Forest Land,true,,,,,,,,,,,,,,,,,,,,,,,,,,,,,,,,,,,"BOLSALGRE, BAGHMARA, SOUTH GARO HILLS",Baghmara,17,State Government (Department/Autonomous body),District School Education Officer,Baghmara,17,,South Garo Hills,,https://parivesh.nic.in/dms/okm/downloadDocument?docTypemappingId=40829&refId=134752428&refType=caf&uuid=f83defad-1bae-4c35-8d11-cb5fa6084f21&version=1.0;https://parivesh.nic.in/dms/okm/downloadDocument?docTypemappingId=58989&refId=134752428&refType=FC&uuid=4e08a423-1359-4ed0-bb10-d9f108bdc258&version=1.0,275882,https://parivesh.nic.in/newupgrade/#/report/ec?proposalId=1218489690,738.0,731.0
1219340080,The proposal relates to divesion of 57.71 Ha Deemed Forest Including 3.4577 Ha of JHADC Working Scheme Area in the project Development of Greenfield Access Controlled 4 lane High Speed Corridor from Wahiajer village(km 45+645) in West Jaintia Hills District to Dkhiah West village(Km 78+600) in East Jaintia Hills District covering a length of 32.955 kms in the state of Meghalaya.,New,FP/ML/ROAD/569131/2026,2026-02-14T07:29:15.493+00:00,,Pending at DFO/CF after acceptance in PSC-I,241.9851,47353.49879,NATIONAL HIGHWAYS & INFRASTRUCTURE DEVELOPMENT CORPORATION LIMITED,,Forest clearance form,,,,"Diversion of 57.71 Ha Deemed Forest Including 3.4577 Ha of JHADC Working Scheme Forest Land for Development, Maintenance, Management and Operation of Greenfield High-Speed Corridor from Mawlyngkhung (near Shillong) in Meghalaya to Panchgram (near Silchar) in Assam by 4-Laning with Paved Shoulders on Hybrid Annuity Basis. (Package-2: From Km 45 645 to Km 78 600, Design Length – 32.955 Km)",MEGHALAYA,Mawryngkneng,Kruin,,,,Linear,184.2751,57.71,241.9851,0.0,0.0,0.0,0.0,0.0,0,0,0,YES,,NO,NO,NO,2026-07-12T18:30:00.000+00:00,,https://parivesh.nic.in/dms/okm/downloadDocument?docTypemappingId=59020&refId=1219340079&refType=fc&uuid=3fddb336-e682-42d0-97f5-b55412dd77a2&version=1.0,Non-forest Land,true,,,,,,,,,,,,,,,,,,,,,,,,,,,,,,,,,,,"Tower - A, World Trade Centre, Nauroji Nagar, New Delhi",,7,"Central PSU (eg. NHAI, AAI, NTP, CIL, SAIL)",Deputy General Manager (Project),,17,Neilkee Mukhim,East Khasi Hills,,https://parivesh.nic.in/dms/okm/downloadDocument?docTypemappingId=40828&refId=1218831858&refType=caf&uuid=b6a65dff-b103-4e73-b5d1-31b2a2061808&version=1.0;https://parivesh.nic.in/dms/okm/downloadDocument?docTypemappingId=40828&refId=1218831858&refType=caf&uuid=4c66d3ed-fccc-49a1-bb6c-a13e6200836e&version=1.7;https://parivesh.nic.in/dms/okm/downloadDocument?docTypemappingId=40828&refId=1218831858&refType=caf&uuid=77274339-05cc-41c4-8818-d79bbad38755&version=1.4;https://parivesh.nic.in/dms/okm/downloadDocument?docTypemappingId=40829&refId=1218831858&refType=caf&uuid=bd7d3b62-4dc4-4742-8a8a-411083241c57&version=1.0;https://parivesh.nic.in/dms/okm/downloadDocument?docTypemappingId=59061&refId=1218831858&refType=FC&uuid=d40a58ff-9ee6-4027-8654-3ca2c2b3a548&version=1.0;https://parivesh.nic.in/dms/okm/downloadDocument?docTypemappingId=58989&refId=1218831858&refType=FC&uuid=a77ae688-0f43-4837-af0d-0ddd868fb176&version=1.0,,https://parivesh.nic.in/newupgrade/#/report/ec?proposalId=1219340080,3988476.0,348750.0
1219435642,"The Sanmer Presbyterian Church seeks diversion of 0.26 hectare of forest land adjoining its existing chapel to construct a larger Church Hall, a Conference cum Sunday School Hall and parking facilities. This is necessitated by the substantial increase in congregation, which has resulted in overcrowding, safety concerns, and lack of parking space in the present premises. The proposed land is the only suitable and feasible area available for expansion, as no non-forest land exists nearby. The project is purely religious and community-oriented with no commercial purpose, aimed at ensuring safe, orderly, and accessible conduct of religious and social activities while complying with all forest and environmental conditions.",New,FP/ML/OTHERS/569272/2026,2026-02-16T08:36:07.289+00:00,,DELISTED_BY_SYSTEM,0.26,165.0,homberson khongngain,,Forest clearance form,,,,Construction of a New Church Building along with Conference cum Sunday School Hall and Parking Facilities,MEGHALAYA,Mylliem,5th Mile,,,78O14,Non - Linear,0.0,0.26,0.26,0.0,0.0,0.0,0.0,0.0,0,0,0,Not applicable as the project or activity is site specific,,NO,NO,NO,2026-02-16T09:05:09.423+00:00,,,Non-forest Land,true,,,,,,,,,,,,,,,,,,,,,,,,,,,,,,,,,,,"5th Mile, P.O Nonglyer, Upper Shillong",Shillong,17,Individual,Secretary,Shillong,17,,East Khasi Hills,78O14,https://parivesh.nic.in/dms/okm/downloadDocument?docTypemappingId=40829&refId=1219433849&refType=caf&uuid=cb88e81d-c159-42ca-9765-75dd234637c3&version=1.0;https://parivesh.nic.in/dms/okm/downloadDocument?docTypemappingId=58989&refId=1219433849&refType=FC&uuid=3cdb3237-9564-482a-91f7-5c73261afba1&version=1.0,278299,https://parivesh.nic.in/newupgrade/#/report/ec?proposalId=1219435642,7270.0,3830.0
1219646490,"Integrated Cement Plant with capacity of clinker: 0.95 Million TPA, Cement: 0.99 Million TPA (OPC, PPC, PSC, SRC, RHPC & Composite Cement) CPP: 15 MW, WHRS: 7 MW) and DG Sets 2500 KVA (1x2500 KVA or 2X1000 KVA & 1X500 KVA or 1x1000 KVA, 2x500 KVA & 2x250KVA) in Khara Siang Lum Pyrshin in Daistong village, Elaka: Nongkhlieh Dolloiship, District of East Jaintia Hills (Meghalaya) by Shree Cement Ltd.",New,SIA/ML/IND1/569540/2026,2026-02-18T08:06:38.227+00:00,,Proposal pulled back (withdrawn),25.08,1.264,Shree Cement Limited,,Environment clearance form,EC,B1,,"Integrated Cement Plant with capacity of clinker: 0.95 million TPA, Cement: 0.99 million TPA (OPC, PPC, PSC, SRC, RHPC & Composite Cement) CPP: 15 MW, WHRS: 7 MW) and DG Sets 2500 KVA (1x2500 KVA or 2X1000 KVA & 1X500 KVA or 1x1000 KVA, 2x500 KVA & 2x250KVA) in Khara Siang Lum Pyrshin in Daistong village, Elaka: Nongkhlieh Dolloiship, District of East Jaintia Hills (Meghalaya) by Shree Cement Ltd.",MEGHALAYA,Saipung,Daistong,,ML/SEAC/SEIAA/PP/EJH/126/2025,Khara Siang Lum Pyrshin,Non - Linear,25.08,0.0,25.08,0.0,0.0,0.0,0.0,0.0,0,0,0,YES,,NO,NO,NO,2026-02-23T05:00:46.973+00:00,,,,,,,,,,,,,,,,,,,,,,,,,,,,,,,,,,,,,,,,,,,,,,,East Jaintia Hills,Khara Siang Lum Pyrshin,https://parivesh.nic.in/dms/okm/downloadDocument?docTypemappingId=40829&refId=136640501&refType=caf&uuid=ad6fcb1e-5019-41fb-b271-7c7bf2c03ce4&version=1.0;https://parivesh.nic.in/dms/okm/downloadDocument?docTypemappingId=40828&refId=136640501&refType=caf&uuid=01156a03-7484-4d66-b801-7e4f2f70ee5a&version=1.0;https://parivesh.nic.in/dms/okm/downloadDocument?docTypemappingId=40828&refId=136640501&refType=caf&uuid=3b963dda-1f14-4d67-94e9-68603e96d277&version=1.0,279544,https://parivesh.nic.in/newupgrade/#/report/ec?proposalId=1219646490,396000.0,155250.0
1219999613,"Barapani (Shillong) Airport in Meghalaya State is a domestic airport serving Shillong, the capital of Meghalaya. Under the proposed expansion, it is proposed to develop the following infrastructure at the existing airport considering A-320 as a critical aircraft for operations. The pavement strength has been considered with the potential for future upgrades to support A-321 operations.(i)Construction of Extended Runway from the existing length of 1829m x 45m to 2400m x 45m with provision of turn pads at both ends and strengthening of existing runway.(ii)Expansion of Apron for parking of 5 nos. of Code-C Aircraft in power-in push-back configuration & associated GSE area. Strengthening of existing apron, isolation bay and associated taxiways.(iii)Expansion of Existing Terminal Building by 5,550 sqm increasing the consolidated peak hour capacity to 1620 passengers (810 Arrival + 810 Departure) as per BCAS norms, with a provision of 2 nos. Passenger Boarding Bridge.(iv)Miscellaneous works.",Expansion,SIA/ML/INFRA2/570041/2026,2026-02-22T07:40:55.575+00:00,2026-03-29T05:23:46.030+00:00,EC Granted,168.414,48867.0,AIRPORTS AUTHORITY OF INDIA SHILLONG,,Environment clearance form,EC,B1,,"Expansion of Barapani (Shillong) Airport Including Runway Extension, Expansion Of Terminal Building & Apron And Other Allied Works",MEGHALAYA,Umsning,Banbudai,,ML/SEAC/SEIAA/PP/RB/105/2025,,Non - Linear,168.414,0.0,168.414,8.9031,0.0,8.9031,0.0,48867.0,0,0,0,NO,"The project is expansion of Barapani (Shillong) Airport. Therefore, alternative analysis for runway expansion was done and present proposal of runway expansion has been selected.",NO,YES,NO,2026-02-22T10:27:30.832+00:00,,,,,,,,,,,,,,,,,,,,,,,,,,,,,,,,,,,,,,,,,,,,,,,Ribhoi,,https://parivesh.nic.in/dms/okm/downloadDocument?docTypemappingId=40829&refId=129291953&refType=caf&uuid=18af2711-e4b8-4ca1-86d9-215edaa2a248&version=1.0,277899,https://parivesh.nic.in/newupgrade/#/report/ec?proposalId=1219999613,160600.0,23725.0
1220038674,"Integrated Cement Plant with capacity of clinker: 0.95 Million TPA, Cement: 0.99 Million TPA (OPC, PPC, PSC, SRC, RHPC & Composite Cement) CPP: 15 MW, WHRS: 7 MW) and DG Sets 2500 KVA (1x2500 KVA or 2X1000 KVA & 1X500 KVA or 1x1000 KVA, 2x500 KVA & 2x250KVA) in Khara Siang Lum Pyrshin in Daistong village, Elaka: Nongkhlieh Dolloiship, District of East Jaintia Hills (Meghalaya) by Shree Cement Ltd.",New,SIA/ML/IND1/570078/2026,2026-02-23T06:49:06.815+00:00,2026-04-02T12:12:50.678+00:00,EC Granted,25.08,1.264,Shree Cement Limited,,Environment clearance form,EC,B1,,"Integrated Cement Plant with capacity of clinker: 0.95 million TPA, Cement: 0.99 million TPA (OPC, PPC, PSC, SRC, RHPC & Composite Cement) CPP: 15 MW, WHRS: 7 MW) and DG Sets 2500 KVA (1x2500 KVA or 2X1000 KVA & 1X500 KVA or 1x1000 KVA, 2x500 KVA & 2x250KVA) in Khara Siang Lum Pyrshin in Daistong village, Elaka: Nongkhlieh Dolloiship, District of East Jaintia Hills (Meghalaya) by Shree Cement Ltd.",MEGHALAYA,Saipung,Daistong,,ML/SEAC/SEIAA/PP/EJH/126/2025,Khara Siang Lum Pyrshin,Non - Linear,25.08,0.0,25.08,0.0,0.0,0.0,0.0,0.0,0,0,0,YES,,NO,NO,NO,2026-02-23T08:55:29.380+00:00,,,,,,,,,,,,,,,,,,,,,,,,,,,,,,,,,,,,,,,,,,,,,,,East Jaintia Hills,Khara Siang Lum Pyrshin,https://parivesh.nic.in/dms/okm/downloadDocument?docTypemappingId=40829&refId=136640501&refType=caf&uuid=ad6fcb1e-5019-41fb-b271-7c7bf2c03ce4&version=1.0;https://parivesh.nic.in/dms/okm/downloadDocument?docTypemappingId=40828&refId=136640501&refType=caf&uuid=01156a03-7484-4d66-b801-7e4f2f70ee5a&version=1.0;https://parivesh.nic.in/dms/okm/downloadDocument?docTypemappingId=40828&refId=136640501&refType=caf&uuid=3b963dda-1f14-4d67-94e9-68603e96d277&version=1.0,279544,https://parivesh.nic.in/newupgrade/#/report/ec?proposalId=1220038674,396000.0,155250.0
1220237237,"Rochonpara Stone Mine is located at Village– Rochonpara, P.O. –Dhanua, District-West Garo Hills, State – Meghalaya, over an area of 2.72 Acres (1.10Ha). The project envisages 95498.6 cubic meters (257846.2 MT) of stone production from Rochonpara Stone Mine during the planned period. Maximum production per year from the Mine will be 21905.7 Cum. (Max.) / 59145.4 Tons per year (max).",New,SIA/ML/MIN/570350/2026,2026-02-25T06:26:27.031+00:00,,DELISTED_BY_SYSTEM,1.1,77.0,MARSILLA SANGMA,,Environment clearance form,EC,B1,,ROCHONPARA STONE MINE,MEGHALAYA,Selsella,Rochonpara,,ML/SEIAA/MIN/WGH/P-351/2023,,Non - Linear,1.1,0.0,1.1,0.0,0.0,0.0,0.0,0.0,0,0,0,Not applicable as the project or activity is site specific,,NO,NO,NO,2026-02-25T07:31:25.426+00:00,,,,,,,,,,,,,,,,,,,,,,,,,,,,,,,,,,,,,,,,,,,,,,,West Garo Hills,,https://parivesh.nic.in/dms/okm/downloadDocument?docTypemappingId=40829&refId=6558704&refType=caf&uuid=ca55b7e4-0a11-47c0-af8a-29de92f9cbc8&version=1.0,273042,https://parivesh.nic.in/newupgrade/#/report/ec?proposalId=1220237237,0.0,11100.0
1220362916,"Proposed Moiong Thlushininang Limestone Mine (ML Area – 26.50 ha) with Limestone Production Capacity 1.007 Million TPA at Village Chiehriphi, Taluka – Khliehriat, District- East Jaintia Hills, Meghalaya.",Amendment,SIA/ML/MIN/570565/2026,2026-02-26T10:50:57.388+00:00,2026-04-21T13:15:27.587+00:00,EC Granted,26.5,1500.0,MEGHALAYA CEMENTS LIMITED,,Environment clearance form,EC,B1,,"Proposed Moiong Thlushininang Limestone Mine (ML Area – 26.50 ha) with Limestone Production Capacity 1.007 Million TPA at Village Chiehriphi, Taluka – Khliehriat, District- East Jaintia Hills, Meghalaya by M/s. Meghalaya Cements Ltd..",MEGHALAYA,Khliehriat,Chieh Ruphi,,ML/SEAC/SEIAA/PP/EJH/28/2024,,Non - Linear,26.5,0.0,26.5,0.0,0.0,0.0,0.0,0.0,0,0,0,Not applicable as the project or activity is site specific,,NO,NO,NO,2026-02-27T11:55:00.177+00:00,,,,,,,,,,,,,,,,,,,,,,,,,,,,,,,,,,,,,,,,,,,,,,,East Jaintia Hills,,https://parivesh.nic.in/dms/okm/downloadDocument?docTypemappingId=40829&refId=47093474&refType=caf&uuid=ce46a290-81e3-4b86-bd1e-c0df54f2535a&version=1.0,279454,https://parivesh.nic.in/newupgrade/#/report/ec?proposalId=1220362916,0.0,41850.0
1238104471,"Proposed Moiong Thlushininang Limestone Mine (ML Area – 26.50 ha) with Limestone Production Capacity 1.007 Million TPA at Village Chiehriphi, Taluka – Khliehriat, District- East Jaintia Hills, Meghalaya.",Amendment,SIA/ML/MIN/588666/2026,2026-02-26T10:50:57.388+00:00,2026-04-21T13:15:27.587+00:00,Proposal pulled back (withdrawn),26.5,1500.0,MEGHALAYA CEMENTS LIMITED,,Application for Amendment in EC- Form-4,OTHER,B1,,"Proposed Moiong Thlushininang Limestone Mine (ML Area – 26.50 ha) with Limestone Production Capacity 1.007 Million TPA at Village Chiehriphi, Taluka – Khliehriat, District- East Jaintia Hills, Meghalaya by M/s. Meghalaya Cements Ltd..",MEGHALAYA,Khliehriat,Chieh Ruphi,"",ML/SEAC/SEIAA/PP/EJH/28/2024,,Non - Linear,26.5,0.0,26.5,0.0,0.0,0.0,0.0,0.0,0,0,0,Not applicable as the project or activity is site specific,,NO,NO,NO,2026-08-11T10:36:07.651+00:00,,,,,,,,,,,,,,,,,,,,,,,,,,,,,,,,,,,,,,,,,,,,,,,East Jaintia Hills,,https://parivesh.nic.in/dms/okm/downloadDocument?docTypemappingId=40829&refId=47093474&refType=caf&uuid=ce46a290-81e3-4b86-bd1e-c0df54f2535a&version=1.0,279454,https://parivesh.nic.in/newupgrade/#/report/ec?proposalId=1238104471,0.0,41850.0
1220518204,"Matcha-Nokpante Stone Mine is located at Village– Matcha-Nokpante, P.O.-Dhanua, P.S.-Tura, District – West Garo Hills, State- Meghalaya, over an area of 1.68 Acres (0.68 Ha.). The project envisages 47907.7 cubic meters (127434.5 Tonnes) of stone production from Building Stone during the planned period. Maximum production per year from the Mine will be 9638.2 Cum. (Max.) / 25637.7 Tonnes (Max.) per year.",New,SIA/ML/MIN/570850/2026,2026-02-28T06:44:30.784+00:00,,Referred to SEIAA,0.68,62.7,SIMSANG MARAK,,Environment clearance form,EC,B1,,MATCHA-NOKPANTE STONE MINE,MEGHALAYA,Selsella,Rochonpara,,ML/SEAC/SEIAA/PP/WGH/27/2024,,Non - Linear,0.68,0.0,0.68,0.0,0.0,0.0,0.0,0.0,0,0,0,Not applicable as the project or activity is site specific,,NO,NO,NO,2026-02-28T08:05:41.454+00:00,,,,,,,,,,,,,,,,,,,,,,,,,,,,,,,,,,,,,,,,,,,,,,,West Garo Hills,,https://parivesh.nic.in/dms/okm/downloadDocument?docTypemappingId=40829&refId=54636459&refType=caf&uuid=39450b03-367a-4c9f-9a3a-17c59571aa7a&version=1.1,273042,https://parivesh.nic.in/newupgrade/#/report/ec?proposalId=1220518204,0.0,7800.0
1220549293,Stone mining project,New,SIA/ML/MIN/570935/2026,2026-02-28T11:42:10.368+00:00,,Referred to SEIAA,1.0,116.5,SANJAY KOCH,,Application for EC for Mining of Minor Minerals of Mine Lease (0-5 HA) - Form-2,EC,B2,,MANGGAPARA STONE MINE,MEGHALAYA,Selsella,Abisolagre,,ML/SEAC/SEIAA/PP/WGH/167/2026,,Non - Linear,1.0,0.0,1.0,0.0,0.0,0.0,0.0,0.0,0,0,0,Not applicable as the project or activity is site specific,,NO,NO,NO,2026-02-28T12:45:23.635+00:00,,,,,,,,,,,,,,,,,,,,,,,,,,,,,,,,,,,,,,,"MANGGAPARA, P.O. - ZIKABARI, DISTRICT - WEST GARO HILLS, MEGHALAYA",MANGGAPARA,17,Private Limited,PROPRIETOR,MANGGAPARA,17,,West Garo Hills,,https://parivesh.nic.in/dms/okm/downloadDocument?docTypemappingId=40829&refId=1220547727&refType=caf&uuid=9299af2c-05a5-4492-8b0f-30f6af352708&version=1.0,273082,https://parivesh.nic.in/newupgrade/#/report/ec?proposalId=1220549293,0.0,8700.0
1220552753,"Development, Maintenance, Management and Operation of Greenfield High-Speed Corridor from Mawlyngkhung (near Shillong) in Meghalaya to Panchgram (near Silchar) in Meghalaya Project Package- IV Under PMU-Badarpur",New,WL/ML/ROAD/570944/2026,2026-02-28T12:32:45.213+00:00,,,136.6147,10735.91,NATIONAL HIGHWAYS & INFRASTRUCTURE DEVELOPMENT CORPORATION LIMITED,,Wildlife clearance form,,,,Development of Greenfield High-Speed Corridor of 166.80 KM (NH 6) from Mawlyngkhung (near Shillong) in Meghalaya to Panchgram (near Silchar) in Assam- Project Package IV (Meghalaya Portion) Under NHIDCL PMU-Khliehriat,MEGHALAYA,Khliehriat,Lum Phyllut,,,,Linear,136.6147,0.0,136.6147,0.0,0.0,0.0,0.0,0.0,0,0,0,NO,"There is no feasible alternative alignment to avoid the Eco-Sensitive Zone due to technical constraints and the presence of the International Border on the opposite side. The proposed road will enhance: Movement of essential goods and services, supporting local livelihoods. Traffic safety and operational efficiency, Essential freight connectivity with Silchar (Assam), Meghalaya, and neighbouring states.",NO,NO,NO,2026-03-02T04:45:42.557+00:00,,,,,,,,,,,,,,,,,,,,,,,,,,,,,,,,,,,,,,,,,,,,,,,East Jaintia Hills,,https://parivesh.nic.in/dms/okm/downloadDocument?docTypemappingId=40829&refId=1220545484&refType=caf&uuid=715ff96c-f36b-4996-acd2-a0e089d1bdda&version=1.0,279493,https://parivesh.nic.in/newupgrade/#/report/ec?proposalId=1220552753,1716724.0,109600.0
1220623364,It is a minor mineral limestone mining project,New,SIA/ML/MIN/570992/2026,2026-03-02T05:43:10.496+00:00,2026-04-21T12:50:02.749+00:00,ToR Granted,4.98,21.5,BUDAKIA MINERALS LLP,Gaurang Environmental Solutions Pvt. Ltd.,Environment clearance form,TOR,B1,Mining of minerals,Mustoh Limestone Mine,MEGHALAYA,Shella Bholaganj,Mustoh,,ML/SEAC/SEIAA/PP/EKH/148/2026,,Non - Linear,4.98,0.0,4.98,0.0,0.0,0.0,0.0,0.0,0,0,0,Not applicable as the project or activity is site specific,,NO,NO,NO,2026-03-23T02:35:18.907+00:00,,,,,,,,,,,,,,,,,,,,,,,,,,,,,,,,,,,,,,,,,,,,,,,East Khasi Hills,,https://parivesh.nic.in/dms/okm/downloadDocument?docTypemappingId=40829&refId=1220051979&refType=caf&uuid=0f7f68cf-8939-4b60-97bc-f59bb2c40cb8&version=1.0,278834,https://parivesh.nic.in/newupgrade/#/report/ec?proposalId=1220623364,0.0,19710.0
1220722752,"Shree Cement Limited is proposing Lum Syrman Limestone Block - A (Mining Lease/ Block Area: 217.394 ha.) with Limestone Production Capacity: 6.0 Million TPA, Shale Production: 1.25 Million TPA, Top Soil: 0.0235 Million TPA, Over Burden Soil (Waste): 0.0565 Million TPA (Total Material Handling: 7.33 Million TPA) along with installation of Primary Crusher: 1200 TPH (along with Wobbler & Screening) and Secondary Crusher: 400 TPH at Village: Lum Syrman, Elaka: Nongkhlieh, Block: Saipung C&RD, District: East Jaintia Hills, Meghalaya.",New,SIA/ML/MIN/571136/2026,2026-03-03T07:46:47.666+00:00,2026-03-29T05:01:46.102+00:00,ToR Granted,217.394,73.98,Shree Cement Limited,Cognitive Sustainable Solutions Private Limited,Environment clearance form,TOR,B1,Mining of minerals,"Lum Syrman Limestone Block- A (ML Area: 217.394 ha.) with Limestone Production Capacity: 6.0 Million TPA, Shale Production: 1.25 Million TPA, Top Soil: 0.025 Million TPA, OB Soil (Waste): 0.0565 Million TPA (Total Material Handling: 7.33 Million TPA) along with installation of Primary Crusher: 1200 TPH (along with Wobbler & Screening) and Secondary Crusher: 400 TPH At Village: Lum Syrman, Elaka: Nongkhlieh, Block: Saipung C&RD, District: East Jaintia Hills, Meghalaya",MEGHALAYA,Saipung,Lumsharing,,ML/SEAC/SEIAA/PP/EJH/142/2026,"",Non - Linear,217.394,0.0,217.394,0.0,0.0,0.0,0.0,0.0,0,0,0,Not applicable as the project or activity is site specific,,NO,NO,NO,2026-03-05T12:07:16.055+00:00,,,,,,,,,,,,,,,,,,,,,,,,,,,,,,,,,,,,,,,,,,,,,,,East Jaintia Hills,"",https://parivesh.nic.in/dms/okm/downloadDocument?docTypemappingId=40829&refId=1220716316&refType=caf&uuid=9b52b90d-7715-4793-88b4-6ad1dec22db6&version=1.0,0,https://parivesh.nic.in/newupgrade/#/report/ec?proposalId=1220722752,0.0,43560.0
1220729224,It is a minor mineral boulder stone mining project,New,SIA/ML/MIN/571150/2026,2026-03-03T09:31:10.593+00:00,,Referred to SEIAA,1.64,15.0,HOPING KURBAH,,Application for EC for Mining of Minor Minerals of Mine Lease (0-5 HA) - Form-2,EC,B2,,Myrdon Boulder Stone Mine,MEGHALAYA,Umsning,Myrdon Mawtari,,ML/SEAC/SEIAA/PP/RB/153/2026,,Non - Linear,1.64,0.0,1.64,0.0,0.0,0.0,0.0,0.0,0,0,0,Not applicable as the project or activity is site specific,,NO,NO,NO,2026-04-10T16:54:28.226+00:00,,,,,,,,,,,,,,,,,,,,,,,,,,,,,,,,,,,,,,,"Umran Dairy, Umsning, Ri-Bhoi, Meghalaya",Umsning,17,Individual,Proprietor,Umsning,17,,Ribhoi,,https://parivesh.nic.in/dms/okm/downloadDocument?docTypemappingId=40829&refId=1220726683&refType=caf&uuid=e23f3291-0286-4dd7-889b-b0b708f17c66&version=1.0,277860,https://parivesh.nic.in/newupgrade/#/report/ec?proposalId=1220729224,0.0,10585.0
1220954281,It is a minor mineral sand mining project.,New,SIA/ML/MIN/571359/2026,2026-03-05T13:21:16.681+00:00,2026-03-31T11:04:58.459+00:00,EC Granted,1.99,19.0,EBRIS PARIAT,,Application for EC for Mining of Minor Minerals of Mine Lease (0-5 HA) - Form-2,EC,B2,,Khlieh Tyllu Sand Mine,MEGHALAYA,Thadlaskein,Moodymmai,,ML/SEAC/SEIAA/PP/WJH/146/2026,,Non - Linear,1.99,0.0,1.99,0.0,0.0,0.0,0.0,0.0,0,0,0,Not applicable as the project or activity is site specific,,NO,NO,NO,2026-03-07T16:41:51.392+00:00,,,,,,,,,,,,,,,,,,,,,,,,,,,,,,,,,,,,,,,"Mookyndur Village, West Jaintia Hills, Meghalaya",Mookyndur Village,17,Individual,Proprietor,Mookyndur Village,17,,West Jaintia Hills,,https://parivesh.nic.in/dms/okm/downloadDocument?docTypemappingId=40829&refId=1220940514&refType=caf&uuid=656bb1c0-8fd6-4857-8798-254f0ecd75ad&version=1.0,279162,https://parivesh.nic.in/newupgrade/#/report/ec?proposalId=1220954281,0.0,4015.0
1220954503,It is a minor mineral sand mining project.,New,SIA/ML/MIN/571360/2026,2026-03-05T13:25:33.020+00:00,2026-03-31T11:02:40.766+00:00,EC Granted,1.99,19.0,RIMIFUL SHYLLA,,Application for EC for Mining of Minor Minerals of Mine Lease (0-5 HA) - Form-2,EC,B2,,Lumtyrthoo Sand Mine,MEGHALAYA,Thadlaskein,Nartiang,,ML/SEAC/SEIAA/PP/WJH/145/2026,,Non - Linear,1.99,0.0,1.99,0.0,0.0,0.0,0.0,0.0,0,0,0,Not applicable as the project or activity is site specific,,NO,NO,NO,2026-03-07T17:17:21.619+00:00,,,,,,,,,,,,,,,,,,,,,,,,,,,,,,,,,,,,,,,"Langkyrding Mihngi, Shillong, East Khasi Hills, Meghalaya",Langkyrding Mihngi,17,Individual,Proprietor,Wahiajer,17,,West Jaintia Hills,,https://parivesh.nic.in/dms/okm/downloadDocument?docTypemappingId=40829&refId=1218617680&refType=caf&uuid=4dd3755e-6066-4eb9-94f6-f0b6d1e8e0f8&version=1.0,279139,https://parivesh.nic.in/newupgrade/#/report/ec?proposalId=1220954503,0.0,6205.0
1221078232,It is a minor mineral limestone mining project,New,SIA/ML/MIN/571536/2026,2026-03-07T04:48:22.618+00:00,2026-04-21T13:21:46.998+00:00,ToR Granted,1.7,16.5,IADARITY MARBANIANG,Gaurang Environmental Solutions Pvt. Ltd.,Environment clearance form,TOR,B1,Mining of minerals,Sohkhain Tyngwai Limestone Mine,MEGHALAYA,Shella Bholaganj,Sohbar,,ML/SEAC/SEIAA/PP/EKH/147/2026,,Non - Linear,1.7,0.0,1.7,0.0,0.0,0.0,0.0,0.0,0,0,0,Not applicable as the project or activity is site specific,,NO,NO,NO,2026-03-23T07:44:00.320+00:00,,,,,,,,,,,,,,,,,,,,,,,,,,,,,,,,,,,,,,,,,,,,,,,East Khasi Hills,,https://parivesh.nic.in/dms/okm/downloadDocument?docTypemappingId=40829&refId=1221022631&refType=caf&uuid=83ddad3a-5626-4cee-a386-b5e944bce11e&version=1.0,278849,https://parivesh.nic.in/newupgrade/#/report/ec?proposalId=1221078232,0.0,11680.0
1221191292,It is a minor mineral limestone mining project,New,SIA/ML/MIN/571710/2026,2026-03-09T07:17:45.576+00:00,2026-04-21T12:42:56.256+00:00,ToR Granted,0.51,6.0,MAGRITA TANGDHARA,Gaurang Environmental Solutions Pvt. Ltd.,Environment clearance form,TOR,B1,Mining of minerals,Sohkhain Limestone Mine,MEGHALAYA,Shella Bholaganj,Sohbar,,ML/SEAC/SEIAA/PP/EKH/149/2026,,Non - Linear,0.51,0.0,0.51,0.0,0.0,0.0,0.0,0.0,0,0,0,Not applicable as the project or activity is site specific,,NO,NO,NO,2026-03-22T16:56:13.083+00:00,,,,,,,,,,,,,,,,,,,,,,,,,,,,,,,,,,,,,,,,,,,,,,,East Khasi Hills,,https://parivesh.nic.in/dms/okm/downloadDocument?docTypemappingId=40829&refId=1221187212&refType=caf&uuid=b948528b-07d0-449d-b9d8-fa9e7f3e4ce9&version=1.0,278849,https://parivesh.nic.in/newupgrade/#/report/ec?proposalId=1221191292,0.0,6205.0
1221257860,The proposal relates to diversion of 40.7812 Ha Forest Area (Reserve Forest- 28.2412 Ha + Deemed Forest - 12.54 Ha) in the project Development of Greenfield Access Controlled 4 lane High Speed Corridor Package 4 from Kuliang village to Ratacherra village in East Jaintia Hills District in the state of Meghalaya.,New,FP/ML/ROAD/571786/2026,2026-03-09T14:04:15.512+00:00,,Pending at DFO/CF after acceptance in PSC-I,136.6147,24386.87,NATIONAL HIGHWAYS & INFRASTRUCTURE DEVELOPMENT CORPORATION LIMITED,,Forest clearance form,,,,"Diversion of 40.7812 Ha of Deemed/Reserve Forest Land for Development,  Maintenance, Management and Operation of Greenfield High-Speed Corridor from Mawlyngkhung (near Shillong) in Meghalaya to Panchgram (near Silchar) in Assam by 4-Laning with Paved Shoulders on Hybrid Annuity Basis (Package-4: From Km 133 320 to Km 164 355, Design Length – 31.035 Km)",MEGHALAYA,Mawryngkneng,NA,,,,Linear,95.8335,40.7812,136.6147,0.0,0.0,0.0,0.0,0.0,0,0,0,YES,,NO,NO,NO,2026-07-22T18:30:00.000+00:00,,https://parivesh.nic.in/dms/okm/downloadDocument?docTypemappingId=59020&refId=1221257856&refType=fc&uuid=b7fb98d7-46d8-4520-97c3-56c0db591f3d&version=1.0,Non-forest Land,true,,,,,,,,,,,,,,,,,,,,,,,,,,,,,,,,,,,"Tower - A, World Trade Centre, Nauroji Nagar, New Delhi",,7,"Central PSU (eg. NHAI, AAI, NTP, CIL, SAIL)",Deputy General Manager (Project),,17,Neilkee Mukhim,East Khasi Hills,,https://parivesh.nic.in/dms/okm/downloadDocument?docTypemappingId=40828&refId=1221243728&refType=caf&uuid=7e9ff6e1-e1c7-4ce8-a26d-8d8189fd8357&version=1.0;https://parivesh.nic.in/dms/okm/downloadDocument?docTypemappingId=40828&refId=1221243728&refType=caf&uuid=5f669a9d-40e2-4147-8da4-ec25eecb97a4&version=1.0;https://parivesh.nic.in/dms/okm/downloadDocument?docTypemappingId=40828&refId=1221243728&refType=caf&uuid=088761f6-1847-4fc5-8f40-854ae0a46064&version=1.0;https://parivesh.nic.in/dms/okm/downloadDocument?docTypemappingId=40829&refId=1221243728&refType=caf&uuid=3327ee77-c3e6-407c-9899-071fcffbcdd6&version=1.0;https://parivesh.nic.in/dms/okm/downloadDocument?docTypemappingId=59061&refId=1221243728&refType=FC&uuid=94c00ea5-716a-4860-aa25-1f9f83d09e43&version=1.0;https://parivesh.nic.in/dms/okm/downloadDocument?docTypemappingId=58989&refId=1221243728&refType=FC&uuid=1cfaf6fc-85dc-4b67-9797-0e26742233e5&version=1.0,,https://parivesh.nic.in/newupgrade/#/report/ec?proposalId=1221257860,1716724.0,109600.0
1221259504,"The proposal is for Khad-Moosiang Limestone Deposit of M/s. Cement International Limited, over an extent of 4.75 ha with the Maximum production capacity of 242758.60 TPA of Limestone & 101170.44 TPA of Sandstone (Waste) located at Village-Lumshnong, Tehsil-Khliehriat, District-Jaintia Hills, Meghalaya State. The lease area falls in the Survey of India Toposheet No. 83C/8. The mine is located at the latitude 25° 09' 46.00"" N - 25° 09' 57.19"" N and longitude 92° 22' 33.43"" E - 92° 22' 44.19"" E.",New,IA/ML/MIN/571788/2026,2026-03-09T14:22:03.439+00:00,2026-06-30T04:53:36.818+00:00,EC Granted,4.75,375.0,LOVELY GYMPAD,,Environment clearance form,EC,A,,"Khad-Moosiang Limestone Deposit over an area 4.75 Ha of M/s. Cement International Limited, located at Lumshnong Village, Khliehriat Tehsil, East Jaintia Hills District, Meghalaya State.",MEGHALAYA,Khliehriat,Lum Shnong,J-11015/26/2022-IA.II(NCM),,-,Non - Linear,4.75,0.0,4.75,0.0,0.0,0.0,0.0,0.0,0,0,0,Not applicable as the project or activity is site specific,,NO,NO,NO,2026-04-30T10:42:21.511+00:00,,,,,,,,,,,,,,,,,,,,,,,,,,,,,,,,,,,,,,,,,,,,,,,East Jaintia Hills,-,https://parivesh.nic.in/dms/okm/downloadDocument?docTypemappingId=40829&refId=120183536&refType=caf&uuid=1d2d2c1f-b46e-44c2-8ab0-d5c1946e0edc&version=1.0,279465,https://parivesh.nic.in/newupgrade/#/report/ec?proposalId=1221259504,12000.0,12000.0
1221423091,It is a minor mineral limestone mining project,New,SIA/ML/MIN/571945/2026,2026-03-10T15:54:26.256+00:00,2026-09-17T13:02:10.665+00:00,EC Granted,1.0,0.0,SEISOH SYIEMLIEH,,Environment clearance form,EC,B1,,Rusiar Limestone Mine,MEGHALAYA,Shella Bholaganj,Sohbar,,ML/SEAC/SEIAA/PP/EKH/102/2024,,Non - Linear,1.0,0.0,1.0,0.0,0.0,0.0,0.0,0.0,0,0,0,Not applicable as the project or activity is site specific,,NO,NO,NO,2026-06-13T13:52:38.054+00:00,,,,,,,,,,,,,,,,,,,,,,,,,,,,,,,,,,,,,,,,,,,,,,,East Khasi Hills,,https://parivesh.nic.in/dms/okm/downloadDocument?docTypemappingId=40829&refId=115196829&refType=caf&uuid=56275841-6aee-4f85-884d-e12195695684&version=1.0,278849,https://parivesh.nic.in/newupgrade/#/report/ec?proposalId=1221423091,0.0,0.0
1221555250,It is a minor mineral limestone mining project,New,SIA/ML/MIN/572115/2026,2026-03-12T07:47:51.252+00:00,,Referred to SEIAA,0.47,11.0,ARBIS TANGDHARA,,Environment clearance form,EC,B1,,RIEWSIAR LIMESTONE MINE,MEGHALAYA,Shella Bholaganj,Sohbar,,ML/SEAC/SEIAA/PP/EKH/101/2024,,Non - Linear,0.47,0.0,0.47,0.0,0.0,0.0,0.0,0.0,0,0,0,NO,"",NO,NO,NO,2026-06-13T14:01:01.473+00:00,,,,,,,,,,,,,,,,,,,,,,,,,,,,,,,,,,,,,,,,,,,,,,,East Khasi Hills,,https://parivesh.nic.in/dms/okm/downloadDocument?docTypemappingId=40829&refId=119048671&refType=caf&uuid=4d497ceb-19e1-47fe-ad4e-a016120f7f1d&version=1.0,278849,https://parivesh.nic.in/newupgrade/#/report/ec?proposalId=1221555250,0.0,5110.0
1221717414,It is a minor mineral limestone mining project,New,SIA/ML/MIN/572374/2026,2026-03-14T07:07:25.072+00:00,,Referred to SEIAA,0.91,16.0,CHARMPARRY WARJRI,,Application for EC for Mining of Minor Minerals of Mine Lease (0-5 HA) - Form-2,EC,B2,,Rusmen Limestone Mine,MEGHALAYA,Shella Bholaganj,Sohbar,,ML/SEAC/SEIAA/PP/EKH/152/2026,,Non - Linear,0.91,0.0,0.91,0.0,0.0,0.0,0.0,0.0,0,0,0,Not applicable as the project or activity is site specific,,NO,NO,NO,2026-04-12T17:34:28.756+00:00,,,,,,,,,,,,,,,,,,,,,,,,,,,,,,,,,,,,,,,"Sohbar Village, Sohbar Sirdarship, East Khasi Hills, Meghalaya",Sohbar Sirdarship,17,Individual,Proprietor,Sohbar Village,17,,East Khasi Hills,,https://parivesh.nic.in/dms/okm/downloadDocument?docTypemappingId=40829&refId=1221716649&refType=caf&uuid=d27b8491-fdeb-4eac-bcd6-e25364a0008f&version=1.0,278849,https://parivesh.nic.in/newupgrade/#/report/ec?proposalId=1221717414,0.0,6935.0
1221976862,"The Bagli Limestone Quarry project is a minor mineral mine located at Bagli near Lailad, Borsora, in the South West Khasi Hills District of Meghalaya. The applicant, Smt. Rita Massar, is a private individual who has a mining lease covering an area of 4.95 hectares (approximately 12.23 acres) of non-forest land. The project is situated near the Indo-Bangladesh border, roughly 40 km from the district headquarters at Mawkyrwat and 160 km from the state capital, Shillong. The limestone extracted from this site is intended for use in kilns to manufacture lime for building materials.
The total mineable reserve is 5,395,003 tonnes, with an anticipated mine life of 20 years based on an average annual production target of 269,750 tonnes by opencast semi mechanised method of working.  Since July, 2020 around 653,940 tonnes of limestone has been produced from the mine.",New,SIA/ML/MIN/572738/2026,2026-03-17T12:16:44.149+00:00,,Referred to SEAC,4.95,71.06,RITA MASSAR,,Application for Validity Extension of EC- Form-6,OTHER,,,Bagli Limestone Quarry,MEGHALAYA,Ranikor,Borsora,,SEIAA/Project-11/2019/949,,Non - Linear,4.95,0.0,4.95,0.0,0.0,0.0,0.0,0.0,0,0,0,Not applicable as the project or activity is site specific,,NO,NO,NO,2026-03-30T14:33:01.716+00:00,,,,,,,,,,,,,,,,,,,,,,,,,,,,,,,,,,,,,,,,,,,,,,,South West Khasi Hills,,https://parivesh.nic.in/dms/okm/downloadDocument?docTypemappingId=40829&refId=1221967299&refType=caf&uuid=052d6a5f-5e77-4202-ba6a-596cc0e25cb0&version=1.0,277244,https://parivesh.nic.in/newupgrade/#/report/ec?proposalId=1221976862,1000.0,13500.0
1222091781,"Newly proposed Lynti Dkhar Limestone Quarry of targeted peak capacity of 32481 TPA, is located over an area of 1.24 Ha. at Lynti Dkhar Area, Ru-ing, Sohbar Sirdarship, Shella-Bholaganj C&RD Block in the southern part of East Khasi Hills district, Meghalaya. The area is covered under Toposheet No. 78 O/12 of Survey of India & lies between the latitudes 25°10’58.60” N to 25°10’54.50” N to and longitudes 91°44’54.20” E to 91°44’48.40” E. The block area lies at a distance of 78 km from the district HQ - Shillong of East Khasi Hills district, Meghalaya and is accessible from the HQ via SH5 that is connected to NH 106. The nearest major railway station from the block is the Guwahati Railway Station (approx. 168 km road distance) which is connected to the proposed project site via SH5. The nearest airport is the Shillong Airport (approx. 102 km road distance) which is also connected to the proposed project site via SH5. The expected Life of Mine (LoM) is 13 years.",New,SIA/ML/MIN/572906/2026,2026-03-18T13:14:50.927+00:00,,Referred to SEIAA,1.24,25.0,NEBARSON TYMMENNIANG,,Environment clearance form,EC,B1,,Lynti Dkhar Limestone Quarry,MEGHALAYA,Shella Bholaganj,Sohbar,,ML/SEAC/SEIAA/PP/EKH/49/2024,,Non - Linear,1.24,0.0,1.24,0.0,0.0,0.0,0.0,0.0,0,0,0,Not applicable as the project or activity is site specific,,NO,NO,NO,2026-03-19T12:50:23.931+00:00,,,,,,,,,,,,,,,,,,,,,,,,,,,,,,,,,,,,,,,,,,,,,,,East Khasi Hills,,https://parivesh.nic.in/dms/okm/downloadDocument?docTypemappingId=40829&refId=65375197&refType=caf&uuid=00f391ee-f42b-4096-a034-32819fa6e67f&version=1.0,278849,https://parivesh.nic.in/newupgrade/#/report/ec?proposalId=1222091781,450.0,9300.0
1222179926,"The proposal relates to diversion of 9.31 Ha Protected, 12 Ha KHADC Forest and 204.3144 Ha Deemed Forest Area in the project Development of Greenfield Access Controlled 4 lane High Speed Corridor from Pyllun village(km 0+000) in Ri-bhoi District to Wahiajer village(Km 45+645) in Wast Jaintia Hills District covering a length of 45.645 kms in the state of Meghalaya.",New,FP/ML/ROAD/573014/2026,2026-03-19T13:42:55.057+00:00,,Pending at DFO/CF after acceptance in PSC-I,451.5618,183010.0,NATIONAL HIGHWAYS & INFRASTRUCTURE DEVELOPMENT CORPORATION LIMITED,,Forest clearance form,,,,"Diversion of 9.31 Ha Protected, 12 Ha KHADC Forest and 204.3144 Ha Deemed Forest Land for Development, Maintenance, Management and Operation of Greenfield High-Speed Corridor from Mawlyngkhung (near Shillong) in Meghalaya to Panchgram (near Silchar) in Assam by 4-Laning with Paved Shoulders on Hybrid Annuity Basis. (Package-1: From Km 0 000 to Km 45 645, Design Length – 45.645 Km)",MEGHALAYA,Mawryngkneng,Diengpasoh,,,,Linear,225.9374,225.6244,451.5618,0.0,0.0,0.0,0.0,0.0,0,0,0,YES,,NO,NO,NO,2026-08-01T18:30:00.000+00:00,,https://parivesh.nic.in/dms/okm/downloadDocument?docTypemappingId=59020&refId=1222179925&refType=fc&uuid=8bddcf89-5bfe-430b-b22c-e21179c31326&version=1.0,Non-forest Land,true,,,,,,,,,,,,,,,,,,,,,,,,,,,,,,,,,,,"Tower - A, World Trade Centre, Nauroji Nagar, New Delhi",,7,"Central PSU (eg. NHAI, AAI, NTP, CIL, SAIL)",General Manager (Project),,17,"Bonkey R Marak,Albinus Ronghang",East Khasi Hills,,https://parivesh.nic.in/dms/okm/downloadDocument?docTypemappingId=40829&refId=1222088668&refType=caf&uuid=9517cf7c-b466-4421-90d8-55c31e4cacdb&version=1.0;https://parivesh.nic.in/dms/okm/downloadDocument?docTypemappingId=40828&refId=1222088668&refType=caf&uuid=fead9baa-db45-4b1f-a236-e6557ba39fb6&version=1.2;https://parivesh.nic.in/dms/okm/downloadDocument?docTypemappingId=40828&refId=1222088668&refType=caf&uuid=5be02a0e-948d-45a1-ac7d-f719d26a03f2&version=1.0;https://parivesh.nic.in/dms/okm/downloadDocument?docTypemappingId=40828&refId=1222088668&refType=caf&uuid=00fc5415-becf-4a35-8203-8685e69c0789&version=1.0;https://parivesh.nic.in/dms/okm/downloadDocument?docTypemappingId=59061&refId=1222088668&refType=FC&uuid=cad08217-fbd8-4bfa-8c1d-8e257b332039&version=1.0;https://parivesh.nic.in/dms/okm/downloadDocument?docTypemappingId=58989&refId=1222088668&refType=FC&uuid=699e86a1-6525-4ba2-a0ef-7ad1cdf07db3&version=1.0;https://parivesh.nic.in/dms/okm/downloadDocument?docTypemappingId=58989&refId=1222088668&refType=FC&uuid=8d314404-b344-4eec-a6ad-725fee323813&version=1.0,278369,https://parivesh.nic.in/newupgrade/#/report/ec?proposalId=1222179926,5524275.0,348750.0
1222958828,"M/s TNE Cement Pvt. Ltd. (TCPL) is proposing to establish an Integrated Cement Plant comprising a clinkerization unit and a cement manufacturing unit at Village Mynkree, Tehsil Khliehriat, District East Jaintia Hills, Meghalaya. The proposed production capacity includes clinker – 2.0 Million TPA, cement – 2.0 Million TPA, Waste Heat Recovery System (WHRS) – 12 MW, and a thermal energy-based Captive Power Plant (CPP) – 25 MW.",New,IA/ML/IND1/574082/2026,2026-03-30T10:01:20.703+00:00,,Proposal returned in present form,38.55,1.5,TNe cement private limited,Perfact Enviro Solutions Pvt. Ltd.,Environment clearance form,TOR,A,Thermal Power Plants,"Establishment of Integrated Cement Plant with proposed production capacity: 2.0 Million TPA of clinker, 2.0 Million TPA of cement, 12 MW Waste Heat Recovery System (WHRS) and 25 MW thermal energy-based Captive Power Plant (CPP) at Village Mynkree, Tehsil Khliehriat, District East Jaintia Hills, Meghalaya",MEGHALAYA,Khliehriat,Chieh Ruphi,IA-J-11011/103/2026-IA-II(Ind-I),,,Hybrid,38.55,0.0,38.55,0.0,0.0,0.0,0.0,0.0,0,0,0,YES,,NO,NO,NO,2026-04-14T07:05:54.328+00:00,,,,,,,,,,,,,,,,,,,,,,,,,,,,,,,,,,,,,,,,,,,,,,,East Jaintia Hills,,https://parivesh.nic.in/dms/okm/downloadDocument?docTypemappingId=40828&refId=1222940263&refType=caf&uuid=b380ac65-e109-42a3-84a0-397a0340140f&version=1.0;https://parivesh.nic.in/dms/okm/downloadDocument?docTypemappingId=40828&refId=1222940263&refType=caf&uuid=3bf64ce1-6753-4a66-ae84-1a2b91473d64&version=1.0;https://parivesh.nic.in/dms/okm/downloadDocument?docTypemappingId=40829&refId=1222940263&refType=caf&uuid=aaf9878e-d9af-44a4-9803-42a76e7b3c16&version=1.0,,https://parivesh.nic.in/newupgrade/#/report/ec?proposalId=1222958828,14250.0,93576.0
1223183475,"2D/3D Seismic data acquisition in AS-ONHP-2022/2 block in East Khasi Hill district, Meghalaya",New,FP/ML/SRY/574386/2026,2026-04-02T06:51:58.118+00:00,,Pending at DFO for Compensatory Levies,45300.0,5000.0,OIL AND NATURAL GAS CORPORATION LIMITED,,FormC_Exempted_Category_Part_I,,,,2D and 3D Seismic data acquisition  of AS-ONHP-2022/2 project in East khasi hill district,MEGHALAYA,Pynursla,Nongshken,,,,Non - Linear,11200.0,34100.0,45300.0,0.0,0.0,0.0,0.0,0.0,0,0,0,Not applicable as the project or activity is site specific,,NO,NO,NO,2026-04-07T03:44:09.393+00:00,,,,,,,,,,,,,,,,,,,,,,,,,,,,,,,,,,,,,,,"Deendayal Urja Bhavan, 5, Nelson Mandela Marg, Vasant Kunj",,7,"Central PSU (eg. NHAI, AAI, NTP, CIL, SAIL)",SUPERINTENDING GEOPHYSICIST SURFACE,,18,,East Khasi Hills,,https://parivesh.nic.in/dms/okm/downloadDocument?docTypemappingId=40829&refId=1218477128&refType=caf&uuid=8850606e-5bcc-41a8-abf8-571b24a3365c&version=1.0,279005,https://parivesh.nic.in/newupgrade/#/report/ec?proposalId=1223183475,0.0,61440.0
1223829821,"Integrated Cement Plant with capacity of clinker: 0.95 Million TPA, Cement: 0.99 Million TPA (OPC, PPC, PSC, SRC, RHPC & Composite Cement) CPP: 15 MW, WHRS: 7 MW) and DG Sets 2500 KVA (1x2500 KVA or 2X1000 KVA & 1X500 KVA or 1x1000 KVA, 2x500 KVA & 2x250KVA) in Khara Siang Lum Pyrshin in Daistong village, Elaka: Nongkhlieh Dolloiship, District of East Jaintia Hills (Meghalaya) by Shree Cement Ltd.",New,SIA/ML/IND1/575178/2026,2026-04-09T08:00:28.405+00:00,2026-04-25T08:15:07.559+00:00,EC Granted,25.08,1.264,Shree Cement Limited,,Application for Corrigendum Form-13,OTHER,,,"Integrated Cement Plant with capacity of clinker: 0.95 million TPA, Cement: 0.99 million TPA (OPC, PPC, PSC, SRC, RHPC & Composite Cement) CPP: 15 MW, WHRS: 7 MW) and DG Sets 2500 KVA (1x2500 KVA or 2X1000 KVA & 1X500 KVA or 1x1000 KVA, 2x500 KVA & 2x250KVA) in Khara Siang Lum Pyrshin in Daistong village, Elaka: Nongkhlieh Dolloiship, District of East Jaintia Hills (Meghalaya) by Shree Cement Ltd.",MEGHALAYA,Saipung,Daistong,,ML/SEAC/SEIAA/PP/EJH/126/2025,Khara Siang Lum Pyrshin,Non - Linear,25.08,0.0,25.08,0.0,0.0,0.0,0.0,0.0,0,0,0,YES,,NO,NO,NO,2026-04-09T10:35:46.304+00:00,,,,,,,,,,,,,,,,,,,,,,,,,,,,,,,,,,,,,,,"Shree Cement Ltd.
Bangur Nagar, Post Box No. 33, Beawar 305901, Rajasthan, India",Beawar,8,Private Limited,Authorized Signatory & Head- Environment,,8,,East Jaintia Hills,Khara Siang Lum Pyrshin,https://parivesh.nic.in/dms/okm/downloadDocument?docTypemappingId=40829&refId=136640501&refType=caf&uuid=ad6fcb1e-5019-41fb-b271-7c7bf2c03ce4&version=1.0;https://parivesh.nic.in/dms/okm/downloadDocument?docTypemappingId=40828&refId=136640501&refType=caf&uuid=01156a03-7484-4d66-b801-7e4f2f70ee5a&version=1.0;https://parivesh.nic.in/dms/okm/downloadDocument?docTypemappingId=40828&refId=136640501&refType=caf&uuid=3b963dda-1f14-4d67-94e9-68603e96d277&version=1.0,279544,https://parivesh.nic.in/newupgrade/#/report/ec?proposalId=1223829821,396000.0,155250.0
1224271864,It is a minor mineral sand mining project.,New,SIA/ML/MIN/575657/2026,2026-04-14T09:45:34.834+00:00,,Proposal returned in present form,1.99,19.0,EBRIS PARIAT,,Application for Corrigendum Form-13,OTHER,,,Khlieh Tyllu Sand Mine,MEGHALAYA,Thadlaskein,Moodymmai,,,,Non - Linear,1.99,0.0,1.99,0.0,0.0,0.0,0.0,0.0,0,0,0,Not applicable as the project or activity is site specific,,NO,NO,NO,2026-04-14T10:02:31.038+00:00,,,,,,,,,,,,,,,,,,,,,,,,,,,,,,,,,,,,,,,"Mookyndur Village, West Jaintia Hills, Meghalaya",Mookyndur Village,17,Individual,Proprietor,Mookyndur Village,17,,West Jaintia Hills,,https://parivesh.nic.in/dms/okm/downloadDocument?docTypemappingId=40829&refId=1220940514&refType=caf&uuid=656bb1c0-8fd6-4857-8798-254f0ecd75ad&version=1.0,279162,https://parivesh.nic.in/newupgrade/#/report/ec?proposalId=1224271864,0.0,4015.0
1224425556,It is a minor mineral sand mining project.,New,SIA/ML/MIN/575836/2026,2026-04-16T03:35:52.360+00:00,,Proposal returned in present form,1.99,19.0,RIMIFUL SHYLLA,,Application for Corrigendum Form-13,OTHER,,,Lumtyrthoo Sand Mine,MEGHALAYA,Thadlaskein,Nartiang,,,,Non - Linear,1.99,0.0,1.99,0.0,0.0,0.0,0.0,0.0,0,0,0,Not applicable as the project or activity is site specific,,NO,NO,NO,2026-04-16T04:00:22.516+00:00,,,,,,,,,,,,,,,,,,,,,,,,,,,,,,,,,,,,,,,"Langkyrding Mihngi, Shillong, East Khasi Hills, Meghalaya",Langkyrding Mihngi,17,Individual,Proprietor,Wahiajer,17,,West Jaintia Hills,,https://parivesh.nic.in/dms/okm/downloadDocument?docTypemappingId=40829&refId=1218617680&refType=caf&uuid=4dd3755e-6066-4eb9-94f6-f0b6d1e8e0f8&version=1.0,279139,https://parivesh.nic.in/newupgrade/#/report/ec?proposalId=1224425556,0.0,6205.0
1224886219,It is a minor mineral limestone mining project,New,SIA/ML/MIN/576341/2026,2026-04-20T07:45:45.572+00:00,,Referred to SEIAA,4.98,24.5,ARBIS TANGDHARA,Gaurang Environmental Solutions Pvt. Ltd.,Environment clearance form,TOR,B1,Mining of minerals,Phaw Phaw Limestone Mine,MEGHALAYA,Shella Bholaganj,Sohbar,,ML/SEAC/SEIAA/PP/EKH/157/2026,,Non - Linear,4.98,0.0,4.98,0.0,0.0,0.0,0.0,0.0,0,0,0,Not applicable as the project or activity is site specific,,NO,NO,NO,2026-04-22T07:26:07.285+00:00,,,,,,,,,,,,,,,,,,,,,,,,,,,,,,,,,,,,,,,,,,,,,,,East Khasi Hills,,https://parivesh.nic.in/dms/okm/downloadDocument?docTypemappingId=40829&refId=1224438384&refType=caf&uuid=d0042421-cb09-4244-a036-9e509064aa3e&version=1.0,278849,https://parivesh.nic.in/newupgrade/#/report/ec?proposalId=1224886219,0.0,9855.0
1225020949,"The proposed project is an Integrated Municipal Solid Waste Management Processing & Treatment Facility with a total treatment capacity of 30 TPD, comprising composting (20 TPD), Material Recovery Facility (5 TPD), recycling/scrap storage (5 TPD), and an engineered sanitary landfill with an estimated capacity of approximately 60,000 m³ and design life of 25 years. The project will be developed over an area of 25 acres at Khliehriat Umlamat, Chyrmang Wah Village, West Jaintia Hills District, Meghalaya.",New,SIA/ML/INFRA2/576466/2026,2026-04-21T08:14:50.890+00:00,2026-09-14T07:22:38.974+00:00,ToR Granted,10.12,5830.0,JOWAI MUNICIPAL BOARD,Enviro Infra Solutions Pvt. Ltd.,Environment clearance form,TOR,B1,Common Municipal Solid Waste Management Facility (CMSWMF),"Proposed Integrated Solid Waste Management Processing & Treatment Facility for Jowai Municipal Board at Khliehriat Umlamat, Chyrmang Wah West Jaintia Hills District, Meghalaya.",MEGHALAYA,Thadlaskein,Chyrmang Wah,,ML/SEAC/SEIAA/PP/WJH/164/2026,,Hybrid,10.12,0.0,10.12,0.0,0.0,0.0,0.0,0.0,0,0,0,Not applicable as the project or activity is site specific,,NO,NO,NO,2026-04-23T08:01:39.799+00:00,,,,,,,,,,,,,,,,,,,,,,,,,,,,,,,,,,,,,,,,,,,,,,,West Jaintia Hills,,https://parivesh.nic.in/dms/okm/downloadDocument?docTypemappingId=40829&refId=1224993285&refType=caf&uuid=e16d9d9f-2d41-4d03-9964-be2961499d4e&version=1.0,279186,https://parivesh.nic.in/newupgrade/#/report/ec?proposalId=1225020949,28800.0,34560.0
1225163328,"It is a minor mineral boulderstone mining project which was granted EC from DEIAA, now seeking EC from SEIAA prior to resumption of operations",New,SIA/ML/MIN/576627/2026,2026-04-22T10:16:05.963+00:00,,Referred to SEIAA,4.0,476.3,AIJONISH D SHIRA,,Environment clearance form,TOR,B1,Mining of minerals,Kilmangittim Boulderstone Mine,MEGHALAYA,Selsella,Kilmangittim,,ML/SEAC/SEIAA/PP/WGH/163/2026,,Non - Linear,4.0,0.0,4.0,0.0,0.0,0.0,0.0,0.0,0,0,0,NO,"",NO,NO,NO,2026-04-22T12:05:16.040+00:00,,,,,,,,,,,,,,,,,,,,,,,,,,,,,,,,,,,,,,,,,,,,,,,West Garo Hills,,https://parivesh.nic.in/dms/okm/downloadDocument?docTypemappingId=40829&refId=1225157935&refType=caf&uuid=d7560356-e7d3-4618-9148-d18d444599ce&version=1.0,272997,https://parivesh.nic.in/newupgrade/#/report/ec?proposalId=1225163328,0.0,13870.0
1225772128,"Saryngkham Village Coal Block B with area 129 Ha. reverse D-shaped block, Rated Capacity 0.30 MTPA is located in the Village Byndihati village, Administrative Block Khliehriat CRD Block, District East Jaintia Hills, State Meghalaya. The Project area lies in the Survey of India Toposheet Nos 83C/7 (RF 1:50,000). The project site is about 1.10 Km West South-West of Myndihati town of Khliehriat. The NH-6 is around 160 m by local katcha roads in the western direction.",New,SIA/ML/CMIN/577219/2026,2026-04-28T07:36:54.959+00:00,2026-09-24T12:39:24.131+00:00,EC Granted,129.0,2194.0,DAPMAIN SHYLLA,,Environment clearance form,EC,B1,,Saryngkham Coal Block B,MEGHALAYA,Khliehriat,Byndihati,,ML/SEAC/SEIAA/PP/EJH/129/2025,Block B,Non - Linear,129.0,0.0,129.0,0.0,0.0,0.0,0.0,0.0,0,0,0,NO,Not applicable as the project or activity is site specific,NO,NO,NO,2026-05-13T08:02:13.467+00:00,,,,,,,,,,,,,,,,,,,,,,,,,,,,,,,,,,,,,,,,,,,,,,,East Jaintia Hills,Block B,https://parivesh.nic.in/dms/okm/downloadDocument?docTypemappingId=40829&refId=136924692&refType=caf&uuid=c61874d5-fb3e-4a5c-a163-9cf9cc7c1142&version=1.0,279435,https://parivesh.nic.in/newupgrade/#/report/ec?proposalId=1225772128,9425.0,32190.0
1226006642,"The Tarajak Block-I is situated in north eastern part of Langrin Coalfield. Block is located in the southern part of the West Khasi Hills District, Meghalaya. The Block-I is located at Tarajak village Mawshynrut C RD Block of sub-division Riangdo of West Khasi Hills district. The nearest post office (Pin code 793119) is Shallang and nearest police station is Shallang in the state of Meghalaya, India. The area is bounded by geographical coordinates Latitude 25°23' 30.13"" N & 25° 24' 07.61"" N and Longitude 90° 55' 16.07"" E & 90° 55' 59.95"" E. UTM grid
is within range of Latitude 2809934.43 to 2811083.25 (N) and Longitude 290870.59 to 292107.06 (E). The block falls in UTM Zone-46R.",New,SIA/ML/CMIN/577471/2026,2026-04-30T07:05:27.157+00:00,2026-09-24T12:43:55.364+00:00,EC Granted,102.0,2119.0,namewan dkhar,,Environment clearance form,EC,B1,,Tarajak Coal Block I,MEGHALAYA,Mawshynrut,Tarajak,,ML/SEAC/SEIAA/PP/WKH/127/2025,Block I,Non - Linear,102.0,0.0,102.0,0.0,0.0,0.0,0.0,0.0,0,0,0,Not applicable as the project or activity is site specific,,NO,NO,NO,2026-05-13T08:29:54.864+00:00,,,,,,,,,,,,,,,,,,,,,,,,,,,,,,,,,,,,,,,,,,,,,,,West Khasi Hills,Block I,https://parivesh.nic.in/dms/okm/downloadDocument?docTypemappingId=40829&refId=137043872&refType=caf&uuid=78f0e776-635a-4bc1-8a04-3f8e3e8dee25&version=1.0,276636,https://parivesh.nic.in/newupgrade/#/report/ec?proposalId=1226006642,25375.0,25375.0
1226243960,"Tarajak Coal Block-VI at Village Tarajak village, Mawshynrut C & RD Block Riangdo, District West Khasi Hills, State Meghalaya. With an area of 102 Ha. Rated capacity of 0.15 MTPA.",New,SIA/ML/CMIN/577707/2026,2026-05-02T06:25:00.860+00:00,2026-09-15T12:28:54.646+00:00,EC Granted,102.0,2351.0,namewan dkhar,,Environment clearance form,EC,B1,,Tarajak Coal Block-VI,MEGHALAYA,Mawshynrut,Tarajak,,ML/SEAC/SEIAA/PP/WKH/128/2025,Block-VI,Non - Linear,102.0,0.0,102.0,0.0,0.0,0.0,0.0,0.0,0,0,0,Not applicable as the project or activity is site specific,,NO,NO,NO,2026-05-13T08:42:04.474+00:00,,,,,,,,,,,,,,,,,,,,,,,,,,,,,,,,,,,,,,,,,,,,,,,West Khasi Hills,Block-VI,https://parivesh.nic.in/dms/okm/downloadDocument?docTypemappingId=40829&refId=137044502&refType=caf&uuid=7f015190-4d1c-404a-a931-9de8c00a3329&version=1.0,276636,https://parivesh.nic.in/newupgrade/#/report/ec?proposalId=1226243960,24360.0,25375.0
1226537396,The Proposed Project is a Brick Earth Mine will be done by opencast manual method.,New,SIA/ML/MIN/577956/2026,2026-05-05T07:51:03.116+00:00,2026-09-22T08:34:15.001+00:00,EC Granted,0.7,5.7,KARTUSH R. MARAK,,Application for Validity Extension of EC- Form-6,OTHER,,,Brick Earth Mine,MEGHALAYA,Gasuapara,Gasuapara,,ML/SEIAA/MIN/SGH/P-27/2020/1628,,Non - Linear,0.7,0.0,0.7,0.0,0.0,0.0,0.0,0.0,0,0,0,Not applicable as the project or activity is site specific,,NO,NO,NO,2026-05-05T08:06:26.125+00:00,,,,,,,,,,,,,,,,,,,,,,,,,,,,,,,,,,,,,,,,,,,,,,,South Garo Hills,,https://parivesh.nic.in/dms/okm/downloadDocument?docTypemappingId=40829&refId=1226535461&refType=caf&uuid=9d723b7c-fc9a-4050-82f5-9bf22e393b9b&version=1.0,0,https://parivesh.nic.in/newupgrade/#/report/ec?proposalId=1226537396,38.0,38.0
1226550721,"-It is an opencast mechanized method with  HEMM deep hole drilling.
-The maximum proposed production of Limestone(RoM) will be 1.13 MTPA",New,SIA/ML/MIN/577976/2026,2026-05-05T09:12:13.321+00:00,,Referred to SEIAA,15.27,1212.0,TNe cement private limited,,Environment clearance form,EC,B1,,Mynkre Limestone Mine (Lease Area-15.27 Ha) by M/s TNE Cement Private Limited,MEGHALAYA,Khliehriat,Mynkre,,ML/SEAC/SEIAA/PP/EJH/130/2025,,Non - Linear,15.27,0.0,15.27,0.0,0.0,0.0,0.0,0.0,0,0,0,Not applicable as the project or activity is site specific,,NO,NO,NO,2026-06-10T12:07:03.197+00:00,,,,,,,,,,,,,,,,,,,,,,,,,,,,,,,,,,,,,,,,,,,,,,,East Jaintia Hills,,https://parivesh.nic.in/dms/okm/downloadDocument?docTypemappingId=40829&refId=137289524&refType=caf&uuid=6248478a-5333-4d14-b110-a90f947adba7&version=1.0,279453,https://parivesh.nic.in/newupgrade/#/report/ec?proposalId=1226550721,0.0,15900.0
1226608541,The proposed proposal is for brick earth mining and will be opencast and manual method.,New,SIA/ML/MIN/578030/2026,2026-05-05T14:33:35.339+00:00,2026-09-24T12:29:44.946+00:00,EC Granted,0.503,5.27,MS KDS BRICKS,,Application for Validity Extension of EC- Form-6,OTHER,,,MS KDS BRICKS INDUSTRY,MEGHALAYA,Betasing,Garobadha,,ML/SEIAA/MIN/SWGH/P-149/2021,,Non - Linear,0.503,0.0,0.503,0.0,0.0,0.0,0.0,0.0,0,0,0,Not applicable as the project or activity is site specific,,NO,NO,NO,2026-05-05T14:50:44.626+00:00,,,,,,,,,,,,,,,,,,,,,,,,,,,,,,,,,,,,,,,,,,,,,,,South West Garo Hills,,https://parivesh.nic.in/dms/okm/downloadDocument?docTypemappingId=40829&refId=1226608056&refType=caf&uuid=88b71475-0e56-43d5-ab9c-1ab1b02c2c3f&version=1.0,0,https://parivesh.nic.in/newupgrade/#/report/ec?proposalId=1226608541,30.0,12.0
1226610928,The proposed Project is for Brick Earth Mining and will be opencast and manual method.,New,SIA/ML/MIN/578033/2026,2026-05-05T15:18:37.699+00:00,,Referred to SEIAA,2.0,8.0,MS KOLPO BRICKS,,Application for Validity Extension of EC- Form-6,OTHER,,,M/S KOLPO BRICK INDUSTRY,MEGHALAYA,Betasing,Damalgre,,ML/SEIAA/MIN/SWGH/P-148/2022/700,,Non - Linear,2.0,0.0,2.0,0.0,0.0,0.0,0.0,0.0,0,0,0,Not applicable as the project or activity is site specific,,NO,NO,NO,2026-05-05T15:28:46.976+00:00,,,,,,,,,,,,,,,,,,,,,,,,,,,,,,,,,,,,,,,,,,,,,,,South West Garo Hills,,https://parivesh.nic.in/dms/okm/downloadDocument?docTypemappingId=40829&refId=1226610602&refType=caf&uuid=a33bfef9-72b1-4cf4-83c2-0ab1f7b223b4&version=1.0,273024,https://parivesh.nic.in/newupgrade/#/report/ec?proposalId=1226610928,12.0,3612.0
1226612770,The proposed project is for Bricks Earth mine and will be done opencast and manual method.,New,SIA/ML/MIN/578034/2026,2026-05-05T15:59:58.014+00:00,2026-09-24T12:34:09.580+00:00,EC Granted,1.979,7.25,MS RNA BRICKS,,Application for Validity Extension of EC- Form-6,OTHER,,,M/S RNA BRICKS,MEGHALAYA,Betasing,Sonamite,,ML/SEIAA/MIN/SWGH/P-89/2020/9/1457,,Non - Linear,1.979,0.0,1.979,0.0,0.0,0.0,0.0,0.0,0,0,0,Not applicable as the project or activity is site specific,,NO,NO,NO,2026-05-05T16:08:51.096+00:00,,,,,,,,,,,,,,,,,,,,,,,,,,,,,,,,,,,,,,,,,,,,,,,South West Garo Hills,,https://parivesh.nic.in/dms/okm/downloadDocument?docTypemappingId=40829&refId=1226612549&refType=caf&uuid=e9a64c86-46ba-4499-a7e8-561a2e2c7a71&version=1.0,0,https://parivesh.nic.in/newupgrade/#/report/ec?proposalId=1226612770,18.0,18.0
1226816173,The proposed project is for brick earth mine and will be done by opencast manual method.,New,SIA/ML/MIN/578199/2026,2026-05-07T07:35:35.321+00:00,2026-09-22T08:32:03.745+00:00,EC Granted,0.625,5.21,RDS BRICKS,,Application for Validity Extension of EC- Form-6,OTHER,,,RDS BRICKS,MEGHALAYA,Betasing,Mukdangra,,ML/SEIAA/MIN/SWGH/P-90/2020/6/1546,,Non - Linear,0.625,0.0,0.625,0.0,0.0,0.0,0.0,0.0,0,0,0,Not applicable as the project or activity is site specific,,NO,NO,NO,2026-05-07T07:43:55.077+00:00,,,,,,,,,,,,,,,,,,,,,,,,,,,,,,,,,,,,,,,,,,,,,,,South West Garo Hills,,https://parivesh.nic.in/dms/okm/downloadDocument?docTypemappingId=40829&refId=1226813904&refType=caf&uuid=f09748cb-871c-4043-9d6f-a4822845eda2&version=1.0,0,https://parivesh.nic.in/newupgrade/#/report/ec?proposalId=1226816173,17.0,17.0
1227179065,"Proposed Moiong Thlushininang Limestone Mine (ML Area – 26.50 ha) with Limestone Production Capacity 1.007 Million TPA at Village Chiehriphi, Taluka – Khliehriat, District- East Jaintia Hills, Meghalaya.",New,SIA/ML/MIN/578550/2026,2026-05-11T05:21:11.782+00:00,2026-09-22T08:30:14.782+00:00,EC Granted,26.5,1500.0,MEGHALAYA CEMENTS LIMITED,,Application for Corrigendum Form-13,OTHER,,,"Proposed Moiong Thlushininang Limestone Mine (ML Area – 26.50 ha) with Limestone Production Capacity 1.007 Million TPA at Village Chiehriphi, Taluka – Khliehriat, District- East Jaintia Hills, Meghalaya by M/s. Meghalaya Cements Ltd..",MEGHALAYA,Khliehriat,Chieh Ruphi,,ML/SEAC/SEIAA/PP/EJH/28/2024,,Non - Linear,26.5,0.0,26.5,0.0,0.0,0.0,0.0,0.0,0,0,0,Not applicable as the project or activity is site specific,,NO,NO,NO,2026-05-11T06:21:14.965+00:00,,,,,,,,,,,,,,,,,,,,,,,,,,,,,,,,,,,,,,,"BE-77, SALT LAKE CITY, SECTOR-1, KOLKATA-700064","Thangskai, P.O. Lumshong, East Jaintia Hills, Meghalaya, 793210",17,Private Limited,SENIOR Vice President - Commercial,"BE-77, Salt Lake City Sector-1, Kolkata-700064",19,,East Jaintia Hills,,https://parivesh.nic.in/dms/okm/downloadDocument?docTypemappingId=40829&refId=47093474&refType=caf&uuid=ce46a290-81e3-4b86-bd1e-c0df54f2535a&version=1.0,279454,https://parivesh.nic.in/newupgrade/#/report/ec?proposalId=1227179065,0.0,41850.0
1227287883,The project involves diversion of 0.11 Ha of forest land adjacent to the existing Sanmer Presbyterian Church premises for extension of the Church building and development of parking facilities to accommodate the growing congregation and improve public convenience.,New,FP/ML/OTHERS/578667/2026,2026-05-11T17:01:32.742+00:00,,Pending at DFO for Scrutiny and Recommendation,0.11,25.0,homberson khongngain,,Forest clearance form,,,,Extension of Existing Church Building and Parking Facilities,MEGHALAYA,Mylliem,Mawklot,,,78O14,Non - Linear,0.0,0.11,0.11,0.0,0.0,0.0,0.0,0.0,0,0,0,Not applicable as the project or activity is site specific,,NO,NO,NO,2026-08-09T18:30:00.000+00:00,,,Non-forest Land,true,,,,,,,,,,,,,,,,,,,,,,,,,,,,,,,,,,,"5th Mile, P.O Nonglyer, Upper Shillong",Shillong,17,Individual,Secretary,Shillong,17,Shri Sailen Nongrum,East Khasi Hills,78O14,https://parivesh.nic.in/dms/okm/downloadDocument?docTypemappingId=40829&refId=1227287635&refType=caf&uuid=f7ef8f4b-5501-4140-833e-6429dfd6e6e8&version=1.0;https://parivesh.nic.in/dms/okm/downloadDocument?docTypemappingId=59061&refId=1227287635&refType=FC&uuid=db7aaa57-81c9-4b2f-be98-bbc4a42dfcc1&version=1.1;https://parivesh.nic.in/dms/okm/downloadDocument?docTypemappingId=58989&refId=1227287635&refType=FC&uuid=5000cfcb-e718-4849-a657-64c13b55d6d5&version=1.0,278303,https://parivesh.nic.in/newupgrade/#/report/ec?proposalId=1227287883,1230.0,830.0
1228067545,"Lafarge Umiam Mining Private Limited, (LUMPL) has a mining lease area of 100 ha located at Village- Nongtrai, Block- Mawsynram, Shella Confederacy, district- East Khasi Hills, Meghalaya, India. Lafarge Umiam Mining Pvt. Ltd. (LUMPL) is an Indian-incorporated company and a wholly owned subsidiary of LafargeHolcim Bangladesh PLC. (LHB), registered under the laws of Bangladesh. It is an opencast mine. LUMPL undertakes mining and crushing of limestone and exports the crushed limestone to the integrated plant of LafargeHolcim Bangladesh PLC (LHB) located at Chhatak, Sunamganj, Bangladesh, through a 17-km-long elevated cross-border belt conveyor.  LUMPL is currently mining limestone as per the approved limestone production capacity of 5.0 million tonnes per annum (MTPA).
The current proposal aims to increase production capacity of limestone from 5.0 Million Tons Per Annum (MTPA) to 6.0 Million TPA from the existing 100 ha mine.",Expansion,IA/ML/MIN/579338/2026,2026-05-18T06:48:30.329+00:00,2026-09-18T04:28:47.895+00:00,EC Granted,100.0,27216.31,LAFARGE UMIAM MINING PVT.LTD.,,Environment clearance form,EC,A,,"Proposed expansion under para 7(ii)a of EIA notification 2006 in production capacity of Limestone Mine from 5.0 MTPA to 6.0 MTPA from, ""Nongtrai Limestone Mine"" (ML area-100 ha) including installation of 1000 TPH capacity of crusher of M/s Lafarge Umiam Mining Private Limited",MEGHALAYA,Mawsynram,Nongtrai,J-11015/17/2013-IA.II(M),,,Non - Linear,0.0,100.0,100.0,0.0,0.0,0.0,19400.0,7816.31,0,0,0,Not applicable as the project or activity is site specific,,NO,YES,NO,2026-06-12T13:17:45.935+00:00,Exemption under clause 7 (ii) as per OM dated 11- April -2022,,,,,,,,,,,,,,,,,,,,,,,,,,,,,,,,,,,,,,,,,,,,,,East Khasi Hills,,https://parivesh.nic.in/dms/okm/downloadDocument?docTypemappingId=40829&refId=1221820470&refType=caf&uuid=af013390-1ff9-490d-88c1-1756bdf3e718&version=1.0,278681,https://parivesh.nic.in/newupgrade/#/report/ec?proposalId=1228067545,3000.0,188400.0
1228228029,"The project site covering an area of 0.93 ha is a private land . It is situated at Ribah, Ribah area, Nongjri Elaka, Nongjri Sirdarship, Pynursla, East Khasi Hills District, State - Meghalaya. The area lies between Longitude: 91°45'52.90""E to 91°45'55.70""E and Latitude: 25°10'20.40""N to 25°10'27.56""N. The entire project site is covered by Toposheet No. 78O/16 (Restricted). According to the approved Mining Plan with Mine Closure Plan, net extractable reserve/ total mineral production would be 163862 Tonnes during plan period of 5 yeras. The peak production would be 32883 TPA.",New,SIA/ML/MIN/579468/2026,2026-05-19T07:24:27.505+00:00,,Referred to SEIAA,0.93,25.0,LORD MAWKON,,Application for EC for Mining of Minor Minerals of Mine Lease (0-5 HA) - Form-2,EC,B2,,Ribah Stone Mine,MEGHALAYA,Pynursla,Nongjri Bah,,ML/SEAC/SEIAA/PP/EKH/166/2026,,Non - Linear,0.93,0.0,0.93,0.0,0.0,0.0,0.0,0.0,0,0,0,Not applicable as the project or activity is site specific,,NO,NO,NO,2026-05-22T08:09:26.553+00:00,,,,,,,,,,,,,,,,,,,,,,,,,,,,,,,,,,,,,,,"Nongjri Nongbah, Elaka Nongjri, Nongjri Sirdarship, under Pynursla C&RD Block",,17,Individual,Lessee,,17,,East Khasi Hills,,https://parivesh.nic.in/dms/okm/downloadDocument?docTypemappingId=40829&refId=1228088415&refType=caf&uuid=929cdb8d-8ccf-4003-b7dd-a8eafb489098&version=1.0,279002,https://parivesh.nic.in/newupgrade/#/report/ec?proposalId=1228228029,0.0,12600.0
1230052818,"It is a limestone mining project over a mining lease of 3.40 ha at Lum Sakhne, Latyrke Village, Elaka Nongkhlieh, East Jaintia Hills District, Meghalaya, granted under the Meghalaya Minor Mineral Concession Rules, 2016. Environmental Clearance for this lease was earlier accorded by the District Environment Impact Assessment Authority, East Jaintia Hills vide No. EJHD/Rev-240/2019/10 dated 22.03.2019. Pursuant to the order of the Hon'ble NGT dated 13.09.2018 in O.A. No. 186 of 2016 and MoEF&CC O.M. No. L-11011/175/2018-IA-II(M) dated 12.12.2018, projects of this size are appraised by SEAC and cleared by SEIAA. Limestone is further under reclassification from a minor mineral to a major mineral; in terms of MoEF&CC O.M. No. IA-Z-11013/148/2025-IA-II(NCM) dated 23.09.2025, a lease area of 5 ha or less continues to be appraised as Category B2. Fresh Environmental Clearance is therefore applied for from SEIAA, Meghalaya.",New,SIA/ML/MIN/580625/2026,2026-05-30T05:49:09.725+00:00,,ADS Raised,3.4,20.0,LESLY SHYLLA,,Application for EC for Mining of Minor Minerals of Mine Lease (0-5 HA) - Form-2,EC,B2,,Lum Sakhne Limestone Mine,MEGHALAYA,Saipung,Latyrke,,ML/SEAC/SEIAA/PP/ERJH/176/2026,,Non - Linear,3.4,0.0,3.4,0.0,0.0,0.0,0.0,0.0,0,0,0,Not applicable as the project or activity is site specific,,NO,NO,NO,2026-08-28T05:51:28.290+00:00,,,,,,,,,,,,,,,,,,,,,,,,,,,,,,,,,,,,,,,"Latyrke, East Jaintia Hills, Meghalaya",,17,Individual,Proprietor,,17,,East Jaintia Hills,,https://parivesh.nic.in/dms/okm/downloadDocument?docTypemappingId=40829&refId=1230045203&refType=caf&uuid=82ead034-c3f0-4fdd-b6a1-fc0109210671&version=1.0,279539,https://parivesh.nic.in/newupgrade/#/report/ec?proposalId=1230052818,0.0,14965.0
1232010155,"The Puwein Sdaddkhar Coal Block No-1, Langrin Coalfield is located in the south western part of the Western part of the West Khasi Hills District, Meghalaya. The Puwein Sdaddkhar Coal Block No-1 is located at Pyndengshahlang village; Mawshynrut C & RD Block of subdivision Riangdo of West Khasi Hills district, State Meghalaya. The Project area lies in the Survey of India Toposheet Nos 78O/3 (RF 1:50,000).",New,SIA/ML/CMIN/582093/2026,2026-06-13T09:56:56.578+00:00,2026-09-24T12:45:32.013+00:00,ToR Granted,122.0,88.76,Dasienika Dkhar,Cognitive Sustainable Solutions Private Limited,Environment clearance form,TOR,B1,Mining of minerals,Puwein Sdaddkhar Coal Block No-1,MEGHALAYA,Nongstoin,Pyndeng Shallang,,ML/SEAC/SEIAA/PP/WKH/168/2026,Langrin Coal Field,Hybrid,122.0,0.0,122.0,0.0,0.0,0.0,0.0,0.0,0,0,0,Not applicable as the project or activity is site specific,,NO,NO,NO,2026-06-16T06:20:45.161+00:00,,,,,,,,,,,,,,,,,,,,,,,,,,,,,,,,,,,,,,,,,,,,,,,West Khasi Hills,Langrin Coal Field,https://parivesh.nic.in/dms/okm/downloadDocument?docTypemappingId=40829&refId=1232008130&refType=caf&uuid=80ea1179-e791-436b-8217-89f72a2e876e&version=1.0,276876,https://parivesh.nic.in/newupgrade/#/report/ec?proposalId=1232010155,0.0,25375.0
1232020829,It is a minor mineral limestone mining project.,New,SIA/ML/MIN/582123/2026,2026-06-13T14:14:30.116+00:00,2026-09-16T08:16:31.500+00:00,EC Granted,0.65,10.75,AIRINESS SHULLAI,,Environment clearance form,EC,B1,,RUIENG LIMESTONE MINE,MEGHALAYA,Shella Bholaganj,Sohbar,,ML/SEAC/SEIAA/PP/EKH/113/2025,Ruieng,Non - Linear,0.65,0.0,0.65,0.0,0.0,0.0,0.0,0.0,0,0,0,Not applicable as the project or activity is site specific,,NO,NO,NO,2026-06-14T05:44:42.796+00:00,,,,,,,,,,,,,,,,,,,,,,,,,,,,,,,,,,,,,,,,,,,,,,,East Khasi Hills,Ruieng,https://parivesh.nic.in/dms/okm/downloadDocument?docTypemappingId=40829&refId=133603245&refType=caf&uuid=8d2d3954-d95d-452c-a70c-6df78f0be334&version=1.0,278849,https://parivesh.nic.in/newupgrade/#/report/ec?proposalId=1232020829,0.0,9125.0
1233636274,"Development, Maintenance, Management and Operation of Greenfield High-Speed Corridor from Mawlyngkhung (near Shillong) in Meghalaya to Panchgram (near Silchar) in Assam by 4-Laning with Paved Shoulders on Hybrid Annuity Basis (Package-III; From Km 78.600 to Km 133.320, Design Length– 54.720 Km) in Meghalaya.",New,WL/ML/ROAD/583670/2026,2026-06-29T11:38:06.471+00:00,,,419.7981,13716.2,NATIONAL HIGHWAYS & INFRASTRUCTURE DEVELOPMENT CORPORATION LIMITED,,Wildlife clearance form,,,,"Development, Maintenance, Management and Operation of Greenfield High-Speed Corridor from Mawlyngkhung (near Shillong) in Meghalaya to Panchgram (near Silchar) in Assam by 4-Laning with Paved Shoulders on Hybrid Annuity Basis (Package-III; From Km 78.600 to Km 133.320, Design Length– 54.720 Km for Wildlife Clearance) in Meghalaya.",MEGHALAYA,Khliehriat,Huroi,,,,Linear,419.7981,0.0,419.7981,0.0,0.0,0.0,0.0,0.0,0,0,0,NO,"There is no feasible alternative alignment to avoid the Eco-Sensitive Zone due to technical constraints and the presence of the International Border on the opposite side. The proposed road will enhance: Movement of essential goods and services, supporting local livelihoods. Traffic safety and operational efficiency, Essential freight connectivity with Silchar (Assam), Meghalaya, and neighbouring states.",NO,NO,NO,2026-06-30T06:51:34.811+00:00,,,,,,,,,,,,,,,,,,,,,,,,,,,,,,,,,,,,,,,,,,,,,,,East Jaintia Hills,,https://parivesh.nic.in/dms/okm/downloadDocument?docTypemappingId=40829&refId=1233608727&refType=caf&uuid=d1049695-547a-40fe-b6e2-b3e25715e162&version=1.0,279482,https://parivesh.nic.in/newupgrade/#/report/ec?proposalId=1233636274,6622560.0,348750.0
1234367833,"Request for Grant of ToR (Reappraisal) for limestone (minor mineral) quarrying over 2.00 ha at Bagli Village, Borsora, South West Khasi Hills District, Meghalaya. The Mining Lease was granted by the DFO under the Meghalaya Minor Mineral Concession Rules, 2016 for a period of 30 years to Smti Edina R.M. Lyngdoh (area originally 2.5 ha, subsequently rectified to 2.00 ha vide corrigendum dated July 2025), who then transferred the mining lease to P.D. Marbaniang Exporters (Proprietor: Smti Leefonya Marbaniang) with Government approval dated 16.01.2026. The mining lease is now being converted from Minor Mineral to Major Mineral.",New,SIA/ML/MIN/584378/2026,2026-07-06T07:55:03.054+00:00,2026-09-22T08:13:25.002+00:00,ToR Granted,2.0,20.0,LEEFONYA MARBANIANG,Gaurang Environmental Solutions Pvt. Ltd.,Environment clearance form,TOR,B1,Mining of minerals,Limestone Mine,MEGHALAYA,Ranikor,Bagli,,ML/SEAC/SEIAA/PP/SWKH/170/2026,,Non - Linear,2.0,0.0,2.0,0.0,0.0,0.0,0.0,0.0,0,0,0,NO,"",YES,NO,NO,2026-07-12T18:13:11.446+00:00,,,,,,,,,,,,,,,,,,,,,,,,,,,,,,,,,,,,,,,,,,,,,,,South West Khasi Hills,,https://parivesh.nic.in/dms/okm/downloadDocument?docTypemappingId=40829&refId=1234361946&refType=caf&uuid=88f69693-d6ad-4d24-9131-3816cb88cadd&version=1.0,277239,https://parivesh.nic.in/newupgrade/#/report/ec?proposalId=1234367833,0.0,8030.0
1234466528,"Request for Grant of ToR (Reappraisal) for limestone (minor mineral) quarrying over 4.99 ha at Bagli, Maheshkola, South West Khasi Hills, Meghalaya. Mining Lease granted by DFO under the Meghalaya Minor Mineral Concession Rules, 2016 (30 years), to Shri Khrikshon Lyngkhoi who later transferred to Smti Senful Kharkylliang who then transferred to Shri George Sinthang Marak. The mining lease is now being converted from Minor Mineral to Major Mineral.",New,SIA/ML/MIN/584491/2026,2026-07-07T05:35:40.717+00:00,,Referred to SEIAA,4.99,24.0,GEORGE S MARAK,Gaurang Environmental Solutions Pvt. Ltd.,Environment clearance form,TOR,B1,Mining of minerals,Marak Pavers Limestone Mine,MEGHALAYA,Ranikor,Bagli,,ML/SEAC/SEIAA/PP/SWKH/169/2026,,Non - Linear,4.99,0.0,4.99,0.0,0.0,0.0,0.0,0.0,0,0,0,NO,"",YES,NO,NO,2026-07-12T18:26:29.597+00:00,,,,,,,,,,,,,,,,,,,,,,,,,,,,,,,,,,,,,,,,,,,,,,,South West Khasi Hills,,https://parivesh.nic.in/dms/okm/downloadDocument?docTypemappingId=40829&refId=1234459334&refType=caf&uuid=8e1b7385-b56a-43cd-bda6-1cbddbb044b9&version=1.0,277239,https://parivesh.nic.in/newupgrade/#/report/ec?proposalId=1234466528,0.0,9490.0
1235708368,The Boulder Stone in the quarry area is proposed to be excavated by conventional method of open cast mining through the formation of safe benches.,New,SIA/ML/MIN/585958/2026,2026-07-19T14:26:05.309+00:00,2026-09-22T08:28:19.355+00:00,EC Granted,2.1,8.0,SMT BOTHME CH MARAK,,Application for Validity Extension of EC- Form-6,OTHER,,,Rochnopara Stone Mine,MEGHALAYA,Selsella,Rochonpara,,ML/SEIAA/MIN/WGH/P-18/2020,,Non - Linear,2.1,0.0,2.1,0.0,0.0,0.0,0.0,0.0,0,0,0,Not applicable as the project or activity is site specific,,NO,NO,NO,2026-07-19T14:50:03.899+00:00,,,,,,,,,,,,,,,,,,,,,,,,,,,,,,,,,,,,,,,,,,,,,,,West Garo Hills,,https://parivesh.nic.in/dms/okm/downloadDocument?docTypemappingId=40829&refId=1235708204&refType=caf&uuid=92ce02f1-1f2f-4978-8fb3-20b521255e38&version=1.0,273042,https://parivesh.nic.in/newupgrade/#/report/ec?proposalId=1235708368,0.0,0.0
1236460982,It is a minor mineral boulderstone mining project,New,SIA/ML/MIN/586773/2026,2026-07-26T11:42:04.983+00:00,,Referred to SEIAA,1.1,18.5,RINALDI RYNGKSAI,,Application for EC for Mining of Minor Minerals of Mine Lease (0-5 HA) - Form-2,EC,B2,,Boulderstone Mine,MEGHALAYA,Mairang,Mawpat,,ML/SEAC/SEIAA/PP/EWKH/173/2026,,Non - Linear,1.1,0.0,1.1,0.0,0.0,0.0,0.0,0.0,0,0,0,Not applicable as the project or activity is site specific,,NO,NO,NO,2026-07-27T11:28:13.740+00:00,,,,,,,,,,,,,,,,,,,,,,,,,,,,,,,,,,,,,,,"Langkyrdem, PS Pynursla, East Khasi Hills District, Meghalaya",,17,Individual,Proprietor,,17,,Eastern West Khasi Hills,,https://parivesh.nic.in/dms/okm/downloadDocument?docTypemappingId=40829&refId=1236460639&refType=caf&uuid=1c3bc560-ee4b-41eb-a8a5-e53aaa97da15&version=1.0,277005,https://parivesh.nic.in/newupgrade/#/report/ec?proposalId=1236460982,0.0,5520.0
1236679321,"The Sajay Laloo Sdaddkhar Block, Langrin Coalfield is located in the south western part of the West Khasi Hills District, Meghalaya. The Sajay Laloo Sdaddkhar Block is located at Sdaddkhar Village, Pyndengshahlang Mawshynrut C RD Block of sub-division Riangdo of West Khasi Hills district., State Meghalaya. The Project area lies in the Survey of India Toposheet Nos 78O/3 (RF 1:50,000).",New,SIA/ML/CMIN/587001/2026,2026-07-28T10:10:00.797+00:00,,Referred to SEIAA,100.0,46.62,SAJAY LALOO,Cognitive Sustainable Solutions Private Limited,Environment clearance form,TOR,B1,Mining of minerals,Sajay Laloo Sdaddkhar Coal Block,MEGHALAYA,Nongstoin,Sdad-dkhar,,ML/SEAC/SEIAA/PP/WEKH/171/2026,,Non - Linear,100.0,0.0,100.0,0.0,0.0,0.0,0.0,0.0,0,0,0,Not applicable as the project or activity is site specific,,NO,NO,NO,2026-07-29T11:04:29.871+00:00,,,,,,,,,,,,,,,,,,,,,,,,,,,,,,,,,,,,,,,,,,,,,,,West Khasi Hills,,https://parivesh.nic.in/dms/okm/downloadDocument?docTypemappingId=40829&refId=1236675019&refType=caf&uuid=0ba2aaa0-4b18-4b83-b91b-3e27aa6a8e7b&version=1.0,276886,https://parivesh.nic.in/newupgrade/#/report/ec?proposalId=1236679321,2030.0,15225.0
1237175013,"The Marbiangbor Sdaddkhar Coal Block is located at Sdaddkhar Village, Pyndengshahlang Mawshynrut C RD Block of sub-division Riangdo of West Khasi Hills district., State Meghalaya. The Project area lies in the Survey of India Toposheet Nos 78O/3 (RF 1:50,000).",New,SIA/ML/CMIN/587516/2026,2026-08-01T06:36:48.930+00:00,2026-09-24T12:51:54.949+00:00,ToR Granted,100.0,44.24,MARBIANGBOR NONGSIEJ,Cognitive Sustainable Solutions Private Limited,Environment clearance form,TOR,B1,Mining of minerals,Marbiangbor Sdaddkhar Coal Block,MEGHALAYA,Nongstoin,Sdad-dkhar,,ML/SEAC/SEIAA/PP/WKH/172/2026,,Non - Linear,100.0,0.0,100.0,0.0,0.0,0.0,0.0,0.0,0,0,0,Not applicable as the project or activity is site specific,,NO,NO,NO,2026-08-03T07:12:43.725+00:00,,,,,,,,,,,,,,,,,,,,,,,,,,,,,,,,,,,,,,,,,,,,,,,West Khasi Hills,,https://parivesh.nic.in/dms/okm/downloadDocument?docTypemappingId=40829&refId=1237171789&refType=caf&uuid=c430d069-406d-4b19-8a57-eae822994b61&version=1.0,276886,https://parivesh.nic.in/newupgrade/#/report/ec?proposalId=1237175013,1750.0,13125.0
1237360923,"The objective of this scheme is to provide an all-weather motorable road from 4th Mile Upper Shillong to Lawsohtun (Length: 3.010 km), thereby improving connectivity for the local residents. The road will facilitate the transportation of agricultural produce, construction materials, and essential commodities, while reducing travel difficulties and transportation costs.

As the area is rapidly developing due to its proximity to Shillong City, the proposed road is essential to meet the growing infrastructure needs. The land required for the project has been voluntarily provided by the local residents.

The estimate includes the construction of the road along with cross-drainage works, side drains, retaining walls, parapet walls, and other protection works. Upon completion, the project will significantly improve accessibility, enhance the standard of living of the local population, and contribute to the socio-economic development of the area and the State.",New,FP/ML/ROAD/587748/2026,2026-08-03T15:11:52.742+00:00,,Pending at DFO for Scrutiny and Recommendation,3.875,3926.93062,Public Works Department (Roads),,Forest clearance form,,,,"CONSTRUCTION INCLUDING MBT OF A ROAD FROM 4TH MILE, UPPER SHILLONG TO LAWSOHTUN (L - 3.010 Km)",MEGHALAYA,Mylliem,Lawsohtun (CT),,,78O14,Linear,0.0,3.875,3.875,0.0,0.0,0.0,0.0,0.0,0,0,0,Not applicable as the project or activity is site specific,,NO,NO,NO,2026-08-17T18:30:00.000+00:00,,,Non-forest Land,true,,,,,,,,,,,,,,,,,,,,,,,,,,,,,,,,,,,"National Highway Division, Lower Lachumiere, Shillong",Shillong,17,State Government (Department/Autonomous body),Executive Engineer,Shillong,17,Shri Sailen Nongrum,East Khasi Hills,78O14,https://parivesh.nic.in/dms/okm/downloadDocument?docTypemappingId=40829&refId=1236864690&refType=caf&uuid=4f60c3b2-86a9-47e7-8cc9-58b6ff482fa5&version=1.0;https://parivesh.nic.in/dms/okm/downloadDocument?docTypemappingId=59061&refId=1236864690&refType=FC&uuid=cab3d812-438f-4cc2-a83b-020fa4842fa7&version=1.0;https://parivesh.nic.in/dms/okm/downloadDocument?docTypemappingId=58989&refId=1236864690&refType=FC&uuid=0cec998c-e771-4d1d-818a-0d42eb938521&version=1.0,278362,https://parivesh.nic.in/newupgrade/#/report/ec?proposalId=1237360923,83950.0,2555.0
1237998334,"Diversion of 325.88 Ha Forest Area (68.60 Ha Reserve forest, 257.28 Ha. Deemed Forest Including 24.99 Ha. of JHADC Working scheme) for Development, Maintenance, Management and Operation of Greenfield High-Speed Corridor from Mawlyngkhung (near Shillong) in Meghalaya to Panchgram (near Silchar) in Assam by 4-Laning with Paved Shoulders on Hybrid Annuity Basis. (Package-3: From Km 78+600 to Km 133+320, Design Length – 54.720 Km).The road project starts from Dkhiah West village in East Jaintia Hills District and ends at Kuliang village in East Jaintia Hills District.",New,FP/ML/ROAD/588551/2026,2026-08-10T09:47:33.402+00:00,,Pending at UA due to EDS by MS after PSC-I,419.7973,38842459910.0,NATIONAL HIGHWAYS & INFRASTRUCTURE DEVELOPMENT CORPORATION LIMITED,,Forest clearance form,,,,"Development, Maintenance, Management and Operation of Greenfield High-Speed Corridor from Mawlyngkhung (near Shillong) in Meghalaya to Panchgram (near Silchar) in Assam by 4-Laning with Paved Shoulders on Hybrid Annuity Basis (Package-III; From Km 78.600 to Km 133.320, Design Length– 54.720 Km for Forest Clearance) in Meghalaya.",MEGHALAYA,Khliehriat,Dkhiah West,,,,Linear,93.9173,325.88,419.7973,0.0,0.0,0.0,0.0,0.0,0,0,0,YES,,NO,NO,NO,2026-08-11T07:33:34.362+00:00,,https://parivesh.nic.in/dms/okm/downloadDocument?docTypemappingId=59020&refId=1237998333&refType=fc&uuid=99ecf7a5-777e-476a-b487-f82b30374197&version=1.0,Non-forest Land,true,,,,,,,,,,,,,,,,,,,,,,,,,,,,,,,,,,,"Tower - A, World Trade Centre, Nauroji Nagar, New Delhi",,7,"Central PSU (eg. NHAI, AAI, NTP, CIL, SAIL)",Deputy General Manager (Project),,17,"Bonkey R Marak,Neilkee Mukhim",East Jaintia Hills,,https://parivesh.nic.in/dms/okm/downloadDocument?docTypemappingId=40829&refId=1237964114&refType=caf&uuid=05346dff-9feb-4ae4-ac19-bef110edc42f&version=1.0;https://parivesh.nic.in/dms/okm/downloadDocument?docTypemappingId=40828&refId=1237964114&refType=caf&uuid=110f93d6-d919-429f-8e5b-89ed83f612a7&version=1.1;https://parivesh.nic.in/dms/okm/downloadDocument?docTypemappingId=40828&refId=1237964114&refType=caf&uuid=2a3531bd-b1bc-4b1b-acc0-5e9e2823ad89&version=1.0;https://parivesh.nic.in/dms/okm/downloadDocument?docTypemappingId=40828&refId=1237964114&refType=caf&uuid=0a367174-86c1-4a0c-be44-a9dbacbfc2ad&version=1.0;https://parivesh.nic.in/dms/okm/downloadDocument?docTypemappingId=59061&refId=1237964114&refType=FC&uuid=2ef945b7-e03a-4496-8964-ae3481d3a412&version=1.0;https://parivesh.nic.in/dms/okm/downloadDocument?docTypemappingId=58989&refId=1237964114&refType=FC&uuid=912154bb-2940-469b-b3fd-71249ecabe89&version=1.0,279407,https://parivesh.nic.in/newupgrade/#/report/ec?proposalId=1237998334,6622560.0,348750.0
1238868505,Mining of bricks earth for an area of 2 Ha,New,SIA/ML/MIN/589609/2026,2026-08-20T06:31:21.940+00:00,2026-09-22T08:26:16.400+00:00,EC Granted,2.0,8.0,M/S RBI BRICKS,,Application for Validity Extension of EC- Form-6,OTHER,,,RBI BRICKS,MEGHALAYA,Betasing,Katalbari,,ML/SEIAA/MIN/SWGH/P-187/2021,,Non - Linear,2.0,0.0,2.0,0.0,0.0,0.0,0.0,0.0,0,0,0,Not applicable as the project or activity is site specific,,NO,NO,NO,2026-08-20T07:15:10.931+00:00,,,,,,,,,,,,,,,,,,,,,,,,,,,,,,,,,,,,,,,,,,,,,,,South West Garo Hills,,https://parivesh.nic.in/dms/okm/downloadDocument?docTypemappingId=40829&refId=1238866597&refType=caf&uuid=0c34f860-2dc9-4deb-b743-8636003bd207&version=1.0,273783,https://parivesh.nic.in/newupgrade/#/report/ec?proposalId=1238868505,25.0,25.0
1238875080,"Shree Cement Limited is proposing Lum Syrman Limestone Block - A (Mining Lease/ Block Area: 217.394 ha.) with Limestone Production Capacity: 6.0 Million TPA, Shale Production: 1.25 Million TPA, Top Soil: 0.0235 Million TPA, Over Burden Soil (Waste): 0.0565 Million TPA (Total Material Handling: 7.33 Million TPA) along with installation of Primary Crusher: 1200 TPH (along with Wobbler & Screening) and Secondary Crusher: 400 TPH at Village: Lum Syrman, Elaka: Nongkhlieh, Block: Saipung C&RD, District: East Jaintia Hills, Meghalaya.",New,SIA/ML/MIN/589621/2026,2026-08-20T07:09:04.589+00:00,,Pending at MS SEIAA,217.394,73.98,Shree Cement Limited,,Environment clearance form,EC,B1,,"Lum Syrman Limestone Block- A (ML Area: 217.394 ha.) with Limestone Production Capacity: 6.0 Million TPA, Shale Production: 1.25 Million TPA, Top Soil: 0.025 Million TPA, OB Soil (Waste): 0.0565 Million TPA (Total Material Handling: 7.33 Million TPA) along with installation of Primary Crusher: 1200 TPH (along with Wobbler & Screening) and Secondary Crusher: 400 TPH At Village: Lum Syrman, Elaka: Nongkhlieh, Block: Saipung C&RD, District: East Jaintia Hills, Meghalaya",MEGHALAYA,Saipung,Lumsharing,,ML/SEAC/SEIAA/PP/EJH/142/2026,"",Non - Linear,217.394,0.0,217.394,0.0,0.0,0.0,0.0,0.0,0,0,0,Not applicable as the project or activity is site specific,,NO,NO,NO,2026-09-02T11:59:17.061+00:00,,,,,,,,,,,,,,,,,,,,,,,,,,,,,,,,,,,,,,,,,,,,,,,East Jaintia Hills,"",https://parivesh.nic.in/dms/okm/downloadDocument?docTypemappingId=40829&refId=1220716316&refType=caf&uuid=9b52b90d-7715-4793-88b4-6ad1dec22db6&version=1.0,0,https://parivesh.nic.in/newupgrade/#/report/ec?proposalId=1238875080,0.0,43560.0
1239447632,Movable coal washery,New,SIA/ML/CMIN/590357/2026,2026-08-26T16:22:32.650+00:00,,Referred to SEAC,0.0459,500.0,MAILA G MARAK,,Environment clearance form,TOR,B2,Coal washeries,M/s M Global Enterprises,MEGHALAYA,Mawshynrut,Nonghynrum,,ML/SEAC/SEIAA/PP/WKH/175/2026,,Non - Linear,0.0459,0.0,0.0459,0.0,0.0,0.0,0.0,0.0,0,0,0,Not applicable as the project or activity is site specific,,NO,NO,NO,2026-08-26T17:49:29.372+00:00,,,,,,,,,,,,,,,,,,,,,,,,,,,,,,,,,,,,,,,,,,,,,,,West Khasi Hills,,https://parivesh.nic.in/dms/okm/downloadDocument?docTypemappingId=40829&refId=1238930736&refType=caf&uuid=f5b307f2-3e55-45b0-930e-9610e8e828ac&version=1.0,276611,https://parivesh.nic.in/newupgrade/#/report/ec?proposalId=1239447632,620.0,3025.0
1240230127,It is a minor mineral boulderstone mining project,New,SIA/ML/MIN/591298/2026,2026-09-05T08:00:54.067+00:00,,Pending at MS SEIAA,4.33,24.0,haney g marak,,Application for EC for Mining of Minor Minerals of Mine Lease (0-5 HA) - Form-2,EC,B2,,Nongchram Boulderstone Mine,MEGHALAYA,Mawshynrut,Nongchram (II),,ML/SEAC/SEIAA/PP/WKH/178/2026,,Non - Linear,4.33,0.0,4.33,0.0,0.0,0.0,0.0,0.0,0,0,0,NO,"",NO,NO,NO,2026-09-07T08:59:47.529+00:00,,,,,,,,,,,,,,,,,,,,,,,,,,,,,,,,,,,,,,,"R/o Dobetkolgre, Williamnagar, East Garo Hills, Meghalaya",Williamnagar,17,Individual,Proprietor,Williamnagar,17,,West Khasi Hills,,https://parivesh.nic.in/dms/okm/downloadDocument?docTypemappingId=40829&refId=89206519&refType=caf&uuid=c2f6cbaf-204f-4825-9f8a-590547957f10&version=1.0,274931,https://parivesh.nic.in/newupgrade/#/report/ec?proposalId=1240230127,0.0,10950.0
1241248592,"Stone Mine 
Area- 1.67 HA.
in Non forest land",New,SIA/ML/MIN/592539/2026,2026-09-18T07:12:30.547+00:00,,EDS raised,1.67,110.0,KINGKONG MARAK,Sathi Planners Private Limited,Environment clearance form,TOR,B1,Mining of minerals,Mangapara Stone Mine,MEGHALAYA,Selsella,Manggapara,,,,Hybrid,1.67,0.0,1.67,0.0,0.0,0.0,0.0,0.0,0,0,0,Not applicable as the project or activity is site specific,,NO,NO,NO,2026-09-18T10:47:52.246+00:00,,,,,,,,,,,,,,,,,,,,,,,,,,,,,,,,,,,,,,,,,,,,,,,West Garo Hills,,https://parivesh.nic.in/dms/okm/downloadDocument?docTypemappingId=40829&refId=1241229754&refType=caf&uuid=89ba18f2-1f67-4471-83d7-0aeb998a56c3&version=1.0,273059,https://parivesh.nic.in/newupgrade/#/report/ec?proposalId=1241248592,0.0,9000.0
1243575895,"The proposal is for diversion and renewal of 0.59 Ha of forest land located at Laitkor Protected Forest, Compartment No. 1, for the continued use of the existing burial ground of Malki Presbyterian Church, Shillong. The said forest land was allotted to the Church for use as a burial ground for a period of 25 years, which is now due for renewal. The proposal is therefore submitted for obtaining the requisite approval under the applicable provisions of the Forest (Conservation) Act, 1980, through the PARIVESH Portal, for continuation of the existing burial ground at the allotted site.",New,FP/ML/OTHERS/593693/2026,2026-09-28T18:15:22.149+00:00,,Pending at DFO for Scrutiny and Recommendation,0.59,0.0,Dan singh roy pde,,Forest clearance form,,,,Diversion and Renewal of Existing Burial Ground for Malki Presbyterian Church,MEGHALAYA,Mylliem,Nongthymmai (CT),,,78O14,Non - Linear,0.0,0.59,0.59,0.0,0.0,0.0,0.0,0.0,0,0,0,Not applicable as the project or activity is site specific,,NO,NO,NO,2026-09-29T09:28:00.715+00:00,,,Non-forest Land,true,,,,,,,,,,,,,,,,,,,,,,,,,,,,,,,,,,,"Malki, Shillong",Shillong,17,Individual,Secretary,Shillong,17,,East Khasi Hills,78O14,https://parivesh.nic.in/dms/okm/downloadDocument?docTypemappingId=40829&refId=1243192187&refType=caf&uuid=0e2bd03c-e65c-4c60-87ef-730f0980f080&version=1.0;https://parivesh.nic.in/dms/okm/downloadDocument?docTypemappingId=58989&refId=1243192187&refType=FC&uuid=26e08b29-17fa-482c-b06e-0807f15e7d6d&version=1.0,278358,https://parivesh.nic.in/newupgrade/#/report/ec?proposalId=1243575895,0.0,7300.0
