ID,Project Description,Proposal Type,Proposal Number,Application Date,Grant Date,Last Visible Status,Project Land Requirement (Hectares),Total Cost (Lakhs),Organization Name,EC Consultant,Description,Category,Project Category (Code),Project Category,Project Name,State,Sub District,Village,MoEFCC File,State File,Plot Nos,Shape of Project,Existing Non-Forest Land,Existing Forest Land,Existing Total Land,Additional Non-Forest Land,Additional Forest Land,Additional Total Land,Existing Cost,Expansion Cost,Villages Affected,Project Displaced Families,Project Affected Families,Alternative Site Examined,Alternative Site Description,Government Restriction,Litigation Pending,Violation Involved,Last Submission Date,Project Exemption Reason,Cost Benefit Report PDF,Compensatory Afforestation Type,Is Applicable Compensatory Afforestation,Organization Street,Organization City,Organization State,Organization Legal Status,Applicant Designation,Applicant City,Applicant State,Forest Clearance Present Owners,District,Plot Number,KML URLs,Village Code,proposal_url,Employment (Construction),Employment (Operational)
925220,Diversion of 1682 Sqm Forest Land for erection of 2 Monopoles at Garhi Mandu area under Maujpur to Majilis Park corridor of MRTS Phase-IV,New,FP/DL/RAIL/401488/2022,2022-09-27T06:02:36.687+00:00,,DELISTED_BY_SYSTEM,15.7782,262.2,DELHI METRO RAIL CORPORATION,,Forest clearance form,,,,Diversion of 1682 Sqm Forest Land for erection of 2 Monopoles at Garhi Mandu area under Maujpur to Majilis Park corridor of MRTS Phase-IV,DELHI,Civil Lines,W A Z I R A B A D,,,,Linear,15.61,0.1682,15.7782,0.0,0.0,0.0,0.0,0.0,0,0,0,Not applicable as the project or activity is site specific,,NO,NO,NO,2022-09-26T18:30:00.000+00:00,,,,false,"Delhi Metro Rail Corporation, Metro Bhawan, Fire brigade lane, Barakhamba Road, New Delhi",,7,"Central PSU (eg. NHAI, AAI, NTP, CIL, SAIL)",General Manager/Land,,7,,CENTRAL,,https://parivesh.nic.in/dms/okm/downloadDocument?docTypemappingId=58989&refId=905015&refType=caf&uuid=717b0f4d-c623-483f-91ef-1119437e2f89&version=1.7,,https://parivesh.nic.in/newupgrade/#/report/ec?proposalId=925220,1144275.0,51574500.0
988158,"It is a Group Housing at Plot No. 67 at Kirti Nagar, Industrial Area Najafgarh Road, New Delhi-110015 and will be developed by M/s TARC Projects Limited. The plot area of the project is 24,793.580 sqm and the built up area will be 2,21,677.63 sqm",New,SIA/DL/INFRA2/401931/2022,2022-09-30T11:08:37.332+00:00,2023-08-03T12:28:36.347+00:00,EC Granted,2.47,30000.0,TARC PROJECTS LIMITED,,Environment clearance form,EC,B1,,Group Housing,DELHI,Rajouri Garden,PATELNAGAR,DPCC/SEIAA-IV/C-428/DL/2022,DPCC/SEIAA-IV/C-428/DL/2022,,Hybrid,2.47,0.0,2.47,0.0,0.0,0.0,0.0,0.0,0,0,0,NO,The project site is allocated for Residential Use as per the Master Plan of Delhi 2031. Hence there is no change of land use. Project is well connected with the NH-10 i.e. 1.89 Km from the site. There is no Wildlife Sanctuary within 15 Km from the project site.,NO,NO,NO,2022-11-08T08:21:16.587+00:00,Building or Construction projects or Area Development projects or Townships,,,,,,,,,,,,WEST,,,,https://parivesh.nic.in/newupgrade/#/report/ec?proposalId=988158,144300.0,5460400.0
1051215,8 (a): Building and Construction Project,New,SIA/DL/INFRA2/402455/2022,2022-10-07T10:16:25.196+00:00,2023-07-03T17:23:36.333+00:00,EC Granted,0.5221,9500.0,INTERWINGS DECOR AND TRADERS PRIVATE LIMITED,Grass Roots Research and Creation India (P) Ltd.,Environment clearance form,TOR,B2,Building / Construction,"Business Services Building (I.T. Enabled/Financial/Accounting/Auditing/Book Keeping and Taxation Services) (1.29013 Acres) located at Plot No. A-1, Udyog Nagar Industrial Complex, New Rohtak Road, New Delhi by M/s Interwings Decor and Traders Pvt. Ltd.",DELHI,Punjabi Bagh,"",DPCC/SEIAA-IV/C-425/DL/2022,DPCC/SEIAA-IV/C-425/DL/2022,Plot No. A-1,Hybrid,0.5221,0.0,0.5221,0.0,0.0,0.0,0.0,0.0,0,0,0,Not applicable as the project or activity is site specific,,NO,NO,NO,2022-11-10T07:17:38.714+00:00,,,,,,,,,,,,,West,Plot No. A-1,https://parivesh.nic.in/dms/okm/downloadDocument?docTypemappingId=40829&refId=1035949&refType=caf&uuid=7307d2ac-b7d0-404b-b832-c0ef2cf5d920&version=1.9,,https://parivesh.nic.in/newupgrade/#/report/ec?proposalId=1051215,26400.0,513900.0
1084097,The total plot area of the site is 4046.8 sqm. At present there is an existing hospital building which will be completely demolished and a new hospital building will be constructed with the built up area of 28732.07 m2,New,SIA/DL/INFRA2/402720/2022,2022-10-10T12:46:50.803+00:00,2023-07-03T17:30:03.620+00:00,EC Granted,0.4046,153.0,MAHASATI MOHAN DEVI JAIN SHIKSHAN SAMITI,Perfact Enviro Solutions Pvt. Ltd.,Environment clearance form,TOR,B2,Building / Construction,"Multi-Specialty ""Mahavir Hospital""",DELHI,Saraswati Vihar,PRITAMPUR,DPCC/SEIAA-IV/C-432/DL/2022,DPCC/SEIAA-IV/C-432/DL/2022,,Non - Linear,0.4046,0.0,0.4046,0.0,0.0,0.0,0.0,0.0,0,0,0,NO,At present a hospital already exists at the site which will be demolished and a new hospital building will be constructed. This hospital is well connected with the NH-9 i.e. 0.22 Km from the site.,NO,NO,NO,2022-11-23T11:56:13.407+00:00,,,,,,,,,,,,,North West,,,,https://parivesh.nic.in/newupgrade/#/report/ec?proposalId=1084097,109500.0,6049875.0
1206186,Commercial Complex having BUA area 29795.734 sqm.,New,SIA/DL/INFRA2/403740/2022,2022-10-19T07:27:46.270+00:00,2023-07-03T17:41:59.350+00:00,EC Granted,0.1884,5088.0,UNITY BUILDWELL LIMITED,Perfact Enviro Solutions Pvt. Ltd.,Environment clearance form,TOR,B2,Building / Construction,Commercial Complex,DELHI,Saraswati Vihar,MANHOLPUR KALAN,DPCC/SEIAA-IV/C-431/DL/2022,DPCC/SEIAA-IV/C-431/DL/2022,,Non - Linear,0.1884,0.0,0.1884,0.0,0.0,0.0,0.0,0.0,0,0,0,NO,The land is granted by Delhi Development Authority vide possession number  F992(1)2022/CL dated 30.06.2022 for construction of Commercial Complex.,NO,NO,NO,2022-11-21T09:25:57.525+00:00,,,,,,,,,,,,,North West,,https://parivesh.nic.in/dms/okm/downloadDocument?docTypemappingId=40829&refId=1205835&refType=caf&uuid=286bd137-3e7b-42e8-b535-838e78977dc9&version=1.0,,https://parivesh.nic.in/newupgrade/#/report/ec?proposalId=1206186,142350.0,7818300.0
1275123,"Environmental Clearance vide letter no. 21-98/2008-IA.III dated 8th July, 2008 for plot area 13,603.00 m2 (3.36 Acres) and built-up area 55,550.169 m2 has already been granted to the project. However, a built up area of 61,646.72 m2 has already been constructed and now due to amendments in UBBL byelaws the total built-up area of the project will increase to 96510.902 m2. Hence application for expansion under violation category has been applied.",Expansion,SIA/DL/INFRA2/404320/2022,2022-10-27T07:22:08.921+00:00,2023-02-20T14:26:53.930+00:00,EC Granted,1.3603,45288.0,TIRUPATI BUILDINGS & OFFICES PRIVATE LIMITED,Perfact Enviro Solutions Pvt. Ltd.,Environment clearance form,TOR,B2,Building / Construction,Expansion of Hotel Building,DELHI,Dwarka,TOGAPUR,DPCC/SEIAA-IV/C-430/DL/2022,DPCC/SEIAA-IV/C-430/DL/2022,,Hybrid,1.3603,0.0,1.3603,0.0,0.0,0.0,40788.0,4500.0,0,0,0,NO,The project is expansion of existing operational Hotel complex,NO,NO,YES,2022-11-16T07:05:48.785+00:00,,,,,,,,,,,,,South West,,https://parivesh.nic.in/dms/okm/downloadDocument?docTypemappingId=40829&refId=1264625&refType=caf&uuid=37630e82-025f-4b0d-8f76-a779cbdcb400&version=1.1,,https://parivesh.nic.in/newupgrade/#/report/ec?proposalId=1275123,146000.0,803200.0
1364524,"The total plot area of the project is 15,434.40 sqm and the total built-up area of the project will be 1,01,756.192 sqm",New,SIA/DL/INFRA2/405024/2022,2022-11-02T07:14:45.382+00:00,2023-02-01T18:08:28.593+00:00,EC Granted,1.5434,14000.0,GARUR ENTERPRISES LLP,Perfact Enviro Solutions Pvt. Ltd.,Environment clearance form,TOR,B2,Building / Construction,Residential Group Housing Complex,DELHI,00000,AMBER HERI,DPCC/SEIAA-IV/C-429/DL/2022,DPCC/SEIAA-IV/C-429/DL/2022,,Non - Linear,1.5434,0.0,1.5434,0.0,0.0,0.0,0.0,0.0,0,0,0,NO,"Forest land is not involved. Shifting of any watercourse/road/rail/Transmission line/water pipeline, etc. is not required.",NO,NO,NO,2022-11-15T07:54:36.416+00:00,,,,,,,,,,,,,097,,https://parivesh.nic.in/dms/okm/downloadDocument?docTypemappingId=40829&refId=1363052&refType=caf&uuid=1f9475fa-55bc-4ace-9f1f-02c8ec893271&version=1.0,,https://parivesh.nic.in/newupgrade/#/report/ec?proposalId=1364524,164250.0,15841000.0
1383661,"Construction of cluster bus depot for electric buses at village Daurala, District-South West, Delhi",New,FP/DL/Others/405198/2022,2022-11-03T09:16:52.179+00:00,,REJECTED,4.3978,5000.0,TRANSPORT DEPARTMENT GNCTD,,Forest clearance form,,,,"Construction of cluster bus depot for electric buses at village Daurala, District-South West, Delhi",DELHI,Kapeshera,DEORALA,F.No.27/FCA/Bus Depot/22-23,,,Hybrid,0.0,4.3978,4.3978,0.0,0.0,0.0,0.0,0.0,0,0,0,NO,No,NO,NO,NO,2023-02-07T18:30:00.000+00:00,,,Non-forest Land,true,"O/o Special Commissioner(Transport), Transport Department(GNCTD), 5/9, Under Hill Road,, Delhi",DELHI,7,State Government (Department/Autonomous body),Executive Engineer,,7,"TRANSPORT DEPARTMENT ,TRANSPORT DEPARTMENT ,TRANSPORT DEPARTMENT ,TRANSPORT DEPARTMENT ,TRANSPORT DEPARTMENT ,TRANSPORT DEPARTMENT ,TRANSPORT DEPARTMENT ,TRANSPORT DEPARTMENT ,TRANSPORT DEPARTMENT ,TRANSPORT DEPARTMENT ,TRANSPORT DEPARTMENT ,TRANSPORT DEPARTMENT ,TRANSPORT DEPARTMENT",South West,,https://parivesh.nic.in/dms/okm/downloadDocument?docTypemappingId=40829&refId=1224420&refType=caf&uuid=db082525-36f4-410c-bbc7-57a2b56a2e50&version=1.0;https://parivesh.nic.in/dms/okm/downloadDocument?docTypemappingId=59061&refId=1224420&refType=FC&uuid=6a5c6428-0c29-4295-be16-4de7b07255b4&version=1.0;https://parivesh.nic.in/dms/okm/downloadDocument?docTypemappingId=58989&refId=1224420&refType=FC&uuid=3afed58d-7cb2-4402-b65f-b9e38e46b877&version=1.4,,https://parivesh.nic.in/newupgrade/#/report/ec?proposalId=1383661,250.0,73250.0
1565932,"M/s CRA Developers LLP. aims to provide a Group Housing Project at Plot no. PKT 02(a), Sector-32, Pocket-2, Block-B, Rohini, Delhi keeping in mind the growing demand of the ever-increasing population.",New,SIA/DL/INFRA2/406704/2022,2022-11-16T10:19:06.523+00:00,2023-07-03T17:36:59.767+00:00,EC Granted,0.753,14476.74,CRA DEVELOPERS LLP,Grass Roots Research and Creation India (P) Ltd.,Environment clearance form,TOR,B2,Building / Construction,Group Housing Project,DELHI,Narela,Pansali,DPCC/SEIAA-IV/C-435/DL/2022,DPCC/SEIAA-IV/C-435/DL/2022,"Pocket 2(a), Block B,",Linear,0.753,0.0,0.753,0.0,0.0,0.0,0.0,0.0,0,0,0,Not applicable as the project or activity is site specific,,NO,NO,NO,2022-11-23T14:03:23.879+00:00,,,,,,,,,,,,,North,"Pocket 2(a), Block B,",https://parivesh.nic.in/dms/okm/downloadDocument?docTypemappingId=40829&refId=1559214&refType=caf&uuid=04c53276-ea71-46ee-9e9e-56a6c69b3ad8&version=1.1,63904,https://parivesh.nic.in/newupgrade/#/report/ec?proposalId=1565932,4000.0,3675.0
1579790,"The Group Housing Project is to be developed by M/s Meru Resorts LLP. The project site is located at Plot no. 2, Vishwas Nagar, East Delhi-110032 on a land measuring 1.775 acres.",New,SIA/DL/INFRA2/406831/2022,2022-11-17T07:04:48.110+00:00,2023-07-03T17:39:54.203+00:00,EC Granted,0.7185,9367.0,MERU RESORTS LLP,Grass Roots Research and Creation India (P) Ltd.,Environment clearance form,TOR,B2,Building / Construction,"Group Housing Project at Plot No. 2, Vishwas Nagar, New Delhi By M/s Meru Resorts LLP",DELHI,0,KARKAR DUMAN,DPCC/SEIAA-IV/C-434/DL/2022,DPCC/SEIAA-IV/C-434/DL/2022,"Plot no. 2, Vishwas Nagar, East Delhi-110032",Linear,0.7185,0.0,0.7185,0.0,0.0,0.0,0.0,0.0,0,0,0,Not applicable as the project or activity is site specific,,NO,NO,NO,2022-11-25T09:16:27.174+00:00,,,,,,,,,,,,,Shahdara,"Plot no. 2, Vishwas Nagar, East Delhi-110032",https://parivesh.nic.in/dms/okm/downloadDocument?docTypemappingId=40829&refId=1569355&refType=caf&uuid=17fae494-0736-4bf2-a76b-963254e53826&version=1.0,"",https://parivesh.nic.in/newupgrade/#/report/ec?proposalId=1579790,45000.0,20460.0
1774827,"The Proposed Construction of Rohini Court project on total plot area measuring 17,415 sq.m. is proposed at Sector-26 Rohini, Delhi. The proposed site is in conformity with Delhi master plan.",New,IA/DL/INFRA2/408499/2024,2022-11-29T09:51:13.460+00:00,2025-01-02T13:45:33.202+00:00,EC Granted,1.7415,56856.0,Public Works Department,Ind Tech House Consult,Environment clearance form,TOR,B2,Building / Construction,"Construction of District Court at Sector-26 Rohini, New Delhi",DELHI,Narela,PEHALADPUR,21-460/2024-IA.III,,.,Non - Linear,1.7415,0.0,1.7415,0.0,0.0,0.0,0.0,0.0,0,0,0,Not applicable as the project or activity is site specific,,NO,NO,NO,2024-09-24T12:23:49.408+00:00,,,,,,,,,,,,,North,.,https://parivesh.nic.in/dms/okm/downloadDocument?docTypemappingId=40829&refId=1774262&refType=caf&uuid=30b8712a-33ba-4fe6-b174-2770d4129aa2&version=1.0,063918,https://parivesh.nic.in/newupgrade/#/report/ec?proposalId=1774827,3200.0,15010.0
1834264,construction of Bridge downstream of existing Chhawla Bridge,New,FP/DL/ROAD/409016/2022,2022-12-02T09:01:54.662+00:00,2025-07-28T03:16:28.331+00:00,Final Diversion Order Issued,0.7279,2721.01,IRRIGATION & FLOOD CONTROL DEPARTMENT,,Forest clearance form,,,,Construction of six lane RCC bridge on downstream of existing bridge on Chhawla Najafgarh Road,DELHI,Kapeshera,CHHAWLA,,,Najafgarh Drain,Hybrid,0.656,0.0719,0.7279,0.0,0.0,0.0,0.0,0.0,0,0,0,Not applicable as the project or activity is site specific,,NO,NO,NO,2023-01-06T10:24:52.358+00:00,,,Non-forest Land,true,"Office of the Executive Engineer, Civil Division VIII, Rohini Office Complex, Sector-15, Near Gas Godown, Opposite Taj Apartments, Rohini,",,7,State Government (Department/Autonomous body),Executive Engineer,,7,Irrigation and Flood Control,South West,Najafgarh Drain,https://parivesh.nic.in/dms/okm/downloadDocument?docTypemappingId=40829&refId=1603545&refType=caf&uuid=eaa328a7-d9d8-4463-a2f6-4b832b14852b&version=1.0;https://parivesh.nic.in/dms/okm/downloadDocument?docTypemappingId=59061&refId=1603545&refType=FC&uuid=4a360b31-bf36-4805-9207-77f9b47cb023&version=1.1;https://parivesh.nic.in/dms/okm/downloadDocument?docTypemappingId=58989&refId=1603545&refType=FC&uuid=1d3eab02-8222-43bf-a167-9fd9f6b34a4e&version=1.1,0,https://parivesh.nic.in/newupgrade/#/report/ec?proposalId=1834264,7310.0,732.0
1907822,"Public work department, Govt of NCT of Delhi proposes to construction of Additional District Court At Plot FC-17 In Front Of Existing Karkardooma Court Complex, Karkardooma, East Delhi, on total plot area measuring 4952.42 sq.m.",New,IA/DL/INFRA2/409692/2024,2022-12-07T11:10:42.675+00:00,2024-12-11T09:10:24.262+00:00,EC Granted,0.4952,17394.0,SIDDHARTH MAHAJAN,Ind Tech House Consult,Environment clearance form,TOR,B2,Building / Construction,"Construction of Additional District Court At Plot FC-17 In Front of Existing Karkardooma Court Complex, Karkardooma, East Delhi",DELHI,Vivek Vihar,KARKAR DUMAN,,,Plot FC-17,Non - Linear,0.4952,0.0,0.4952,0.0,0.0,0.0,0.0,0.0,0,0,0,Not applicable as the project or activity is site specific,,NO,NO,NO,2024-09-24T12:21:19.003+00:00,,,,,,,,,,,,,Shahdara,Plot FC-17,https://parivesh.nic.in/dms/okm/downloadDocument?docTypemappingId=40829&refId=1906047&refType=caf&uuid=f3ffb036-769d-4093-a2f1-a4cbbdc7aa64&version=1.0,0,https://parivesh.nic.in/newupgrade/#/report/ec?proposalId=1907822,15150.0,12310.0
2347248,"installation of new tube wells, pipe line and construction of rooms.",New,FP/DL/WATER/413205/2023,2023-01-04T10:46:01.176+00:00,,Pending at UA due to EDS by DFO,0.45,7045.5,DELHI JAL BOARD,,Forest clearance form,,,,Installation of 200 Nos Tube Wells in  Flood plains of Palla and other suitable locations for augmentation of water supply.,DELHI,Alipur,MUKHMALPUR,F.28/FCA/DJB/22-23,,,Linear,0.0,0.45,0.45,0.0,0.0,0.0,0.0,0.0,0,0,0,NO,nil,NO,NO,NO,2023-02-20T18:30:00.000+00:00,,,,false,"EXECUTIVE ENGINEER (PROJECT) W-VIII, A-BUILDING, VARUNALAYA, JHANDEWALAN, NEW DELHI-110005","",7,State Government (Department/Autonomous body),executive engineer,,7,,North,,https://parivesh.nic.in/dms/okm/downloadDocument?docTypemappingId=40829&refId=2340798&refType=caf&uuid=9897b6ae-edf7-45d5-9f0f-532ac3345db2&version=1.0;https://parivesh.nic.in/dms/okm/downloadDocument?docTypemappingId=58989&refId=2340798&refType=FC&uuid=ac493d84-bc29-4b50-ac78-55378667b133&version=1.15,0,https://parivesh.nic.in/newupgrade/#/report/ec?proposalId=2347248,910.0,910.0
2363567,3rd-4th Broad Gauge  Railway Line between  Anand Vihar- Tilak Bridge.(Northern Railway),Expansion,FP/DL/RAIL/413308/2023,2023-01-05T08:27:01.050+00:00,,Pending at UA for Compliance Report,176.0214,41812.016,"NORTHERN RAILWAY,CONSTRUCTION",,Forest clearance form,,,,3rd-4th Broad Gauge  Railway Line between  Anand Vihar- Tilak Bridge.(Northren Railway),DELHI,Gandhi Nagar,SHAKARPURKHAS,,,"305/212/2/3/1,298/210/2,228,232,312/235,229",Linear,34.0914,141.93,176.0214,2.1086,21.173,23.2816,0.0,41812.016,0,0,0,Not applicable as the project or activity is site specific,,NO,NO,NO,2024-01-28T18:30:00.000+00:00,,https://parivesh.nic.in/dms/okm/downloadDocument?docTypemappingId=59020&refId=2363566&refType=fc&uuid=19853b08-a665-4090-b8c0-f89852c5f0f7&version=1.0,Non-forest Land,true,"Office of the Dy.Chief Engineer,Construction,Shiva Ji Bridge-l, Northern Railway,New Delhi",Sakrpur khas and Mandawali Fazalpur and inderPath,7,Central Government (Department/Autonomous body),SSE,,7,"Northern Railway,Northern Railway,Northern Railway,Northern Railway",East,"305/212/2/3/1,298/210/2,228,232,312/235,229",https://parivesh.nic.in/dms/okm/downloadDocument?docTypemappingId=40829&refId=2293740&refType=caf&uuid=0d560744-eb0e-4f08-9f5c-f7a752dd17a2&version=1.0;https://parivesh.nic.in/dms/okm/downloadDocument?docTypemappingId=59061&refId=2293740&refType=FC&uuid=1cf83710-b158-44b2-ba8c-06634bd4ef4c&version=1.0;https://parivesh.nic.in/dms/okm/downloadDocument?docTypemappingId=58989&refId=2293740&refType=FC&uuid=c7d450c6-2f51-49a1-9780-9bdb8ccc89dd&version=1.0,0,https://parivesh.nic.in/newupgrade/#/report/ec?proposalId=2363567,43250.0,182550.0
2445066,"Underground Tunnel, Underpass, FOB, Loops, Ramps, Footpath, Road Work including Road Signage, Road/Street Lighting works, Tunnel furnishing (FF & FA system, PA system, Automated drainage, integrated tunnel management system etc.), landscaping/horticulture work & allied Works",New,FP/DL/ROAD/413865/2023,2023-01-09T13:57:07.234+00:00,,DELISTED_BY_SYSTEM,0.044,77700.0,Public Works Department,,Forest clearance form,,,,Construction of Integrated Transit Corridor Development plan in and around Pragati Maidan.,DELHI,Defence Colony,Saidabad (CT),,,mathura road,Linear,0.022,0.022,0.044,0.0,0.0,0.0,0.0,0.0,0,0,0,Not applicable as the project or activity is site specific,,NO,NO,NO,2023-01-10T11:52:58.456+00:00,,,,false,"ITPO Project Division, Bhairon Road T Junction Near Pragati Power Station, Ring Road New Delhi",,7,State Government (Department/Autonomous body),EXECUTIVE ENGINEER,,7,,South East,mathura road,https://parivesh.nic.in/dms/okm/downloadDocument?docTypemappingId=40829&refId=2124043&refType=caf&uuid=42068668-5a64-46e1-af3e-880ba8a41b3c&version=1.0;https://parivesh.nic.in/dms/okm/downloadDocument?docTypemappingId=58989&refId=2124043&refType=FC&uuid=5ce24319-4eb9-422d-a22d-b10eb1b5e50f&version=1.2,64080,https://parivesh.nic.in/newupgrade/#/report/ec?proposalId=2445066,120.0,120.0
2602101,National Highways Authority of India is developing NH-248BB (Dwarka Expressway) with its approaches and interchange at NH-48 and intends to connect it with NH-148AE (Nelson Mandela Marg) in Delhi. NH-248BB ends at the proposed interchange near Shivmurti at NH-48.,New,FP/DL/OTHERS/415050/2023,2023-01-19T03:18:43.512+00:00,,DELISTED_BY_SYSTEM,10.5145,4.08909,MINISTRY OF ROAD TRANSPORT & HIGHWAYS,,Forest clearance form,,,,Construction of a road tunnel for NH-148AE with its approach and connection to NH-248BB in NCT of Delhi,DELHI,Vasant Vihar,SAMALKA,,,"3, 6, 7, 15",Linear,3.0,7.5145,10.5145,0.0,0.0,0.0,0.0,0.0,0,0,0,Not applicable as the project or activity is site specific,,NO,NO,NO,2023-06-11T18:30:00.000+00:00,,,,false,"National Highways Authority of India
Project Implementation Unit Dwarka 201 E/A, 2nd Floor, D-21 Corporate Park, Dwarka, Sector 21, New Delhi",Samalka Rajokari Rangpuri Masoodpur Mahipalpur,7,Central Government (Department/Autonomous body),Project Director,Dwarka,7,,New Delhi,"3, 6, 7, 15",https://parivesh.nic.in/dms/okm/downloadDocument?docTypemappingId=40829&refId=2390374&refType=caf&uuid=ac1c7904-7753-4bcb-a440-167f48585c4d&version=1.0;https://parivesh.nic.in/dms/okm/downloadDocument?docTypemappingId=58989&refId=2390374&refType=FC&uuid=70e8d788-4e7a-40aa-9868-2b6a93fb3aac&version=1.18,64058,https://parivesh.nic.in/newupgrade/#/report/ec?proposalId=2602101,481855.0,22.0
2629135,"Environmental Clearance vide File No. 21-50/2020-IA-III dated 18.12.2020 for the development of “217 Bedded Hospital” located FC-53, Sarasvati Vihar, Delhi-110034 to be developed by Bharat Prakritik Chikitsa Mission (Regd.) on a plot area of 5100 sqm, Net plot area of 5082.201 sqm and the built-up area of 29222.305 sqm. Now, due to a change in planning, we are going for expansion of the said project. After expansion the built-up area will increase from 29222.305 sqm to 32,222.305 sqm.",Expansion,IA/DL/INFRA2/415231/2023,2023-01-20T07:30:39.159+00:00,2025-02-04T06:46:23.806+00:00,Proposal Withdrawal Request Accepted,0.51,12280.0,BHARAT PRAKRITIK CHIKITSA MISSION (REGD.),Perfact Enviro Solutions Pvt. Ltd.,Environment clearance form,TOR,B2,Building / Construction,Expansion of 217 bedded hospital,DELHI,Saraswati Vihar,YAKUT PUR,,,,Non - Linear,0.51,0.0,0.51,0.0,0.0,0.0,0.0,12280.0,0,0,0,NO,"Forest land is not involved & Shifting of any watercourse/road/rail/water pipeline, etc. is not required.",NO,NO,NO,2024-05-20T11:27:22.776+00:00,,,,,,,,,,,,,North West,,https://parivesh.nic.in/dms/okm/downloadDocument?docTypemappingId=40829&refId=2628225&refType=caf&uuid=d44ae3df-e6f2-45bc-a20a-6ec0331be774&version=1.0,0,https://parivesh.nic.in/newupgrade/#/report/ec?proposalId=2629135,164250.0,0.0
2642926,Diversion of 0.1682 Ha. Forest Land between Nanaksar Gurudwara and Garhi Mandu Forest range for erection of 2 Nos Monopoles,New,FP/DL/TRANS/415346/2023,2023-01-20T14:38:55.573+00:00,2025-11-19T07:20:25.888+00:00,Final Diversion Order Issued,0.1682,1180.3,DELHI TRANSCO LTD,,Forest clearance form,,,,Diversion of 0.1682 Ha. Forest Land between Nanaksar Gurudwara and Garhi Mandu Forest range for erection of 2 nos. Monopoles for shifting of South of Wazirabad to  Gopalpur 220 kV D/C line of DTL,DELHI,NAZUL,"",,,,Hybrid,0.0,0.1682,0.1682,0.0,0.0,0.0,0.0,0.0,0,0,0,Not applicable as the project or activity is site specific,,NO,NO,NO,2023-03-14T18:30:00.000+00:00,,,,false,"SHAKTIDEEP BUILDING, JHANDEWALAN EXTENSION, NEW DELHI",,7,State Government (Department/Autonomous body),Manager(T)SS & LM Plg.,,7,,Central,,https://parivesh.nic.in/dms/okm/downloadDocument?docTypemappingId=40829&refId=2642379&refType=caf&uuid=8ffc9dbe-abb6-485e-8dd7-5c4e1ac065f2&version=1.0;https://parivesh.nic.in/dms/okm/downloadDocument?docTypemappingId=58989&refId=2642379&refType=FC&uuid=963dcf8b-34b8-401a-9880-23c767be7bd4&version=1.2,0,https://parivesh.nic.in/newupgrade/#/report/ec?proposalId=2642926,1144275.0,51574500.0
2876986,"The proposed project is for Construction of Married Accomodation, Officers Mess, Unit MI Room, Religious Institute and Allied Infrastructure for BRO Personnel from QMG to DGBR",New,FP/DL/OTHERS/416986/2023,2023-02-03T12:34:17.343+00:00,,REJECTED,3.6017,30000.0,Ministry of Defense,,Forest clearance form,,,,"Construction of Married Accomodation, Officers Mess, Unit MI Room, Religious Institute and Allied Infrastructure for BRO Personnel from QMG to DGBR",DELHI,Delhi Cantonment,TODAPUR,,,,Hybrid,0.0,3.6017,3.6017,0.0,0.0,0.0,0.0,0.0,0,0,0,Not applicable as the project or activity is site specific,,NO,NO,NO,2023-02-19T18:30:00.000+00:00,,,Degraded Forest Land,true,HQ DGBR SEEMA SADAK BHAVAN NARAINA,,7,Central Government (Department/Autonomous body),"Authorized Signatory (JE, Civil)",,7,,New Delhi,,https://parivesh.nic.in/dms/okm/downloadDocument?docTypemappingId=40829&refId=2876419&refType=caf&uuid=3dbdec96-0022-493e-95e5-e161b28445cd&version=1.0;https://parivesh.nic.in/dms/okm/downloadDocument?docTypemappingId=58989&refId=2876419&refType=FC&uuid=fa29d7a1-2277-4f42-9867-fba406bd101c&version=1.2,0,https://parivesh.nic.in/newupgrade/#/report/ec?proposalId=2876986,3610.0,3610.0
2931582,"Central Public Works Department on behalf of ‘Government of India’ is taking up the construction of Infrastructure Work of traffic decongestion by construction of elevated corridors along with road improvement around newly constructed ‘General Pool Residential Colonies’ (GPRA) in Delhi. The work is of high priority being directly monitored by the MoHUA, GOI. The details of the alignment of the decongestion scheme along Ring Road is as follows:

Elevated corridor Route on Ring Road – Moolchand underpass till Africa Avenue flyover – via - South Extension, AIIMS, and Safdarjung.
		
The basic objective of the scheme is to decongest the Ring Road and enhance its traffic carrying capacity so as to handle additional traffic generated after construction of GPRA colonies as well as expansion of AIIMS Hospital Complex.",Expansion,FP/DL/ROAD/417344/2023,2023-02-07T11:01:12.603+00:00,,DELISTED_BY_SYSTEM,37.8825,95000.0,NIPUN GUPTA,,Forest clearance form,,,,"Integrated transit corridor development from INA to Mahipalpur, Moolchand to Africa Avenue and Street network development for Seven GPRA colonies, Kidwai Nagar (East) and AIIMS Trauma Centre, New Delhi. SH: - C/o Access controlled corridor and Elevated Road from Moolchand to Africa Avenue on Ring Road",DELHI,Vasant Vihar,"",,,,Linear,35.6185,2.264,37.8825,0.0,0.0,0.0,0.0,95000.0,0,0,0,Not applicable as the project or activity is site specific,,NO,NO,NO,2023-06-01T18:30:00.000+00:00,,,Non-forest Land,true,"OFFICE OF EXECUTIVE ENGINEER AND SENIOR MANAGER(C)-II, PROJECT DIVISION-II, CPWD, ROOM NO-310, 3RD FLOOR, VIDHYUT BHAWAN, SHANKAR MARKET, NEW DELHI-110001",,7,Individual,"EE & SM (C)-II, NDPZ, CPWD, New Delhi",,7,CPWD MoHUA,New Delhi,,https://parivesh.nic.in/dms/okm/downloadDocument?docTypemappingId=40829&refId=2909714&refType=caf&uuid=1aae37be-1561-4f6a-89dc-6dbe17027e7b&version=1.1;https://parivesh.nic.in/dms/okm/downloadDocument?docTypemappingId=59061&refId=2909714&refType=FC&uuid=f2980cd8-0142-4ac9-bc14-7fb200f4d6cf&version=1.0;https://parivesh.nic.in/dms/okm/downloadDocument?docTypemappingId=58989&refId=2909714&refType=FC&uuid=e13f3a9e-bbec-4ff7-b7d9-277c867facaf&version=1.6;https://parivesh.nic.in/dms/okm/downloadDocument?docTypemappingId=58989&refId=2909714&refType=FC&uuid=252cbf21-4274-4ff0-9058-f419a355fcb7&version=1.6,0,https://parivesh.nic.in/newupgrade/#/report/ec?proposalId=2931582,1662210.0,0.0
2932366,Bijwasan - Coaching / freight handling terminal,Expansion,FP/DL/RAIL/417352/2023,2023-02-07T11:25:03.473+00:00,,Pending at UA for Compliance Report,6.492,41268.0,"NORTHERN RAILWAY,CONSTRUCTION",,Forest clearance form,,,,Bijwasan - Coaching / freight handling terminal,DELHI,Kapeshera,BHARTAL,,,220,Linear,0.29,6.202,6.492,0.0,0.0,0.0,0.0,41268.0,0,0,0,Not applicable as the project or activity is site specific,,NO,NO,NO,2023-08-18T18:30:00.000+00:00,,,Non-forest Land,true,"Office of the Dy.Chief Engineer,Construction,Shiva Ji Bridge-l, Northern Railway,New Delhi",,7,Central Government (Department/Autonomous body),SSE,,7,Northren Railway,South West,220,https://parivesh.nic.in/dms/okm/downloadDocument?docTypemappingId=40829&refId=2862376&refType=caf&uuid=3af2b99d-1b1d-4283-b889-7a17d2c85fbe&version=1.0;https://parivesh.nic.in/dms/okm/downloadDocument?docTypemappingId=59061&refId=2862376&refType=FC&uuid=7bf6e8ce-e774-4142-a73a-328ba4d0a045&version=1.0;https://parivesh.nic.in/dms/okm/downloadDocument?docTypemappingId=58989&refId=2862376&refType=FC&uuid=46ad0e54-9cc7-4e21-9c60-942198ab1f4e&version=1.4,0,https://parivesh.nic.in/newupgrade/#/report/ec?proposalId=2932366,18750.0,7350.0
3132963,"Proposed Hospital for Vikrant Children Foundation and Research Center, on land measuring 1.4 hectare in Saket, New Delhi. The total plot area of the project is 14000 sq.m. The site is earmarked for development of health care establishments as per the local development/ zoning plan",New,SIA/DL/INFRA2/418770/2023,2023-02-17T07:02:35.357+00:00,2023-10-17T17:39:16.637+00:00,EC Granted,1.4,34400.0,VIKRANT CHILDREN FOUNDATION AND RESEARCH CENTRE,Ind Tech House Consult,Environment clearance form,TOR,B2,Building / Construction,"Proposed Hospital for Vikrant Children Foundation and Research Center, on land measuring 1.4 hectare in Saket, New Delhi",DELHI,Hauz Khas,HAUZ RANI,DPCC/SEIAA-IV/C-443/DL/2023,DPCC/SEIAA-IV/C-443/DL/2023,"The land has been allotted by DDA, Land document attached as annexure-B1",Non - Linear,1.4,0.0,1.4,0.0,0.0,0.0,0.0,0.0,0,0,0,Not applicable as the project or activity is site specific,,NO,NO,NO,2023-02-17T09:42:52.542+00:00,,,,,,,,,,,,,South,"The land has been allotted by DDA, Land document attached as annexure-B1",https://parivesh.nic.in/dms/okm/downloadDocument?docTypemappingId=40829&refId=3132056&refType=caf&uuid=b1316f7a-bae1-4fa0-ad80-7e87904fae54&version=1.0,0,https://parivesh.nic.in/newupgrade/#/report/ec?proposalId=3132963,75500.0,30100.0
3940091,Boring and installation of tube wells for augmentation of water supply.,New,FP/DL/WATER/422058/2023,2023-03-14T10:01:54.719+00:00,,Pending at Technical Officer RO for Stage-II Letter,0.9675,4404.0,Delhi Jal Board,,Forest clearance form,,,,Boring and installation of 150 nos tubewells at Nilothi and Najafgarh area etc for augmentation of water supply.,DELHI,Kapeshera,BADUSARA,F.No.31/FCA/DJB-Najafgarh/2023-24,,,Linear,0.0,0.9675,0.9675,0.0,0.0,0.0,0.0,0.0,0,0,0,Not applicable as the project or activity is site specific,,NO,NO,NO,2023-03-31T18:30:00.000+00:00,,,Non-forest Land,true,"Room No 403, Varunalaya Phase-I, Delhi Jal Board, Jhandewalan, New Delhi 110005",Delhi,7,State Government (Department/Autonomous body),Executive Engineer,,7,,South West,,https://parivesh.nic.in/dms/okm/downloadDocument?docTypemappingId=40829&refId=3898132&refType=caf&uuid=0544a148-c357-40f4-ab76-bf3242a0c262&version=1.1;https://parivesh.nic.in/dms/okm/downloadDocument?docTypemappingId=58989&refId=3898132&refType=FC&uuid=01a2a3bd-bcec-4e49-80c4-1eaa96a862ce&version=1.1,64032,https://parivesh.nic.in/newupgrade/#/report/ec?proposalId=3940091,5400.0,21900.0
3964185,"Installation of new tube wells, pipe line and construction of rooms.",New,FP/DL/WATER/422130/2023,2023-03-15T01:14:02.600+00:00,,DELISTED_BY_SYSTEM,0.5125,1200.0,Delhi Jal Board,,Forest clearance form,,,,Boring and installation of tube wells at Garhi Mandu forest for augmentation of water supply,DELHI,Seelam Pur,GARHI MANDO,,,Nazul Land,Linear,0.0,0.5125,0.5125,0.0,0.0,0.0,0.0,0.0,0,0,0,Not applicable as the project or activity is site specific,,NO,NO,NO,2023-03-27T18:30:00.000+00:00,,,,false,"Room No 403, Varunalaya Phase-I, Delhi Jal Board, Jhandewalan, New Delhi 110005",,7,State Government (Department/Autonomous body),Executive Engineer.,,7,,North East,Nazul Land,https://parivesh.nic.in/dms/okm/downloadDocument?docTypemappingId=40829&refId=3944671&refType=caf&uuid=30ccccba-a05b-4bb9-8d49-96f84a1c9bfe&version=1.1;https://parivesh.nic.in/dms/okm/downloadDocument?docTypemappingId=58989&refId=3944671&refType=FC&uuid=6b453da8-1cb8-42a2-bd9b-dec9a804feb5&version=1.76,0,https://parivesh.nic.in/newupgrade/#/report/ec?proposalId=3964185,3600.0,21900.0
4048553,Proposed MCD Office Building Situated,New,SIA/DL/INFRA2/422636/2023,2023-03-18T10:57:14.529+00:00,2024-01-31T12:12:36.800+00:00,EC Granted,0.9649,331.0,NAVEEN JAIN,Rian Enviro Private Limited Repl,Environment clearance form,TOR,B2,Building / Construction,"Proposed MCD Office Building Situated at Plot No. 02, Sector-11, City Centre, Dwarka,                         New Delhi",DELHI,Dwarka,TOGAPUR,DPCC/SEIAA-IV/C-446/DL/2023,DPCC/SEIAA-IV/C-446/DL/2023,Plot no -02,Non - Linear,0.9649,0.0,0.9649,0.0,0.0,0.0,0.0,0.0,0,0,0,NO,NA,NO,NO,NO,2023-04-21T09:39:12.031+00:00,,,,,,,,,,,,,South West,Plot no -02,https://parivesh.nic.in/dms/okm/downloadDocument?docTypemappingId=40829&refId=3763285&refType=caf&uuid=1218c935-f0a6-48b9-a7cf-405c763f9010&version=1.0,0,https://parivesh.nic.in/newupgrade/#/report/ec?proposalId=4048553,13590.0,13800.0
4156159,Tube Wells are to be installed for augmentation of water supply in the nearby water deficit areas,New,FP/DL/WATER/423253/2023,2023-03-24T05:53:59.879+00:00,,DELISTED_BY_SYSTEM,0.455,1341.0,Delhi Jal Board,,Forest clearance form,,,,Installation of Tube Wells along Gazipur drain,DELHI,Mayur Vihar,CHILLA SARODA BANGER,,,,Linear,0.0,0.455,0.455,0.0,0.0,0.0,0.0,0.0,0,0,0,Not applicable as the project or activity is site specific,,NO,NO,NO,2023-03-24T07:15:45.148+00:00,,,,false,"Chandrawal Water Works NO.2, Civil Lines, Delhi - 110054",,7,State Government (Department/Autonomous body),Deputy Superintending Engineer (Project)W-VI,,7,,East,,https://parivesh.nic.in/dms/okm/downloadDocument?docTypemappingId=40829&refId=4094568&refType=caf&uuid=12499adb-f1a3-4d00-a316-daed99ff531f&version=1.6;https://parivesh.nic.in/dms/okm/downloadDocument?docTypemappingId=58989&refId=4094568&refType=FC&uuid=eb285a81-2171-4a5c-9a2b-5dc1eef01c99&version=1.1,64054,https://parivesh.nic.in/newupgrade/#/report/ec?proposalId=4156159,700.0,2190.0
4182755,"The plot area is 248610.53 sqm (61.43 Acres), net plot area after deducting reserved area for Trumpet as per Zonal Plan & STP and canal area is 203,965.153 sqm (50.40 Acres) and the built-up area will be 268474.92 sqm.",New,SIA/DL/INFRA2/423398/2023,2023-03-25T06:25:58.360+00:00,2024-01-04T10:47:39.130+00:00,TOR Granted,20.3965,53000.0,WORLDSTREET SPORTS CENTER LIMITED,Perfact Enviro Solutions Pvt. Ltd.,Environment clearance form,TOR,B1,Townships/ Area Development Projects / Rehabilitation Centres,Development of Integrated Multi-Sports Arena,DELHI,Dwarka,AMBER HERI,DPCC/SEIAA-IV/C-464(TOR)/DL/2023,DPCC/SEIAA-IV/C-464(TOR)/DL/2023,,Hybrid,20.3965,0.0,20.3965,0.0,0.0,0.0,0.0,0.0,0,0,0,NO,No alternate site has been examined. The Land is allotted by Delhi Development Authority for Development of integrated multi sports Arena,NO,NO,NO,2023-10-05T13:17:04.391+00:00,,,,,,,,,,,,,South West,,https://parivesh.nic.in/dms/okm/downloadDocument?docTypemappingId=40829&refId=4181902&refType=caf&uuid=a70cf75e-1923-4faa-a69e-fce300fd7ea8&version=1.0,0,https://parivesh.nic.in/newupgrade/#/report/ec?proposalId=4182755,365000.0,418180500.0
4284219,"Installation of new tube wells, pipe line and construction of rooms.",New,FP/DL/WATER/424015/2023,2023-03-29T13:32:49.010+00:00,,Pending at UA for Compensatory Levies Payment and Compliance Report,0.5125,1200.0,Delhi Jal Board,,Forest clearance form,,,,Boring and installation of tube wells at Garhi Mandu forest for augmentation of water supply,DELHI,Seelam Pur,GARHI MANDO,F.No.30/FCA/DJB-Garhi Mandu/2023-24,,Nazul Land,Linear,0.0,0.5125,0.5125,0.0,0.0,0.0,0.0,0.0,0,0,0,Not applicable as the project or activity is site specific,,NO,NO,NO,2023-03-30T18:30:00.000+00:00,,,,false,"Room No 403, Varunalaya Phase-I, Delhi Jal Board, Jhandewalan, New Delhi 110005",,7,State Government (Department/Autonomous body),Executive Engineer.,,7,,North East,Nazul Land,https://parivesh.nic.in/dms/okm/downloadDocument?docTypemappingId=40829&refId=3944671&refType=caf&uuid=30ccccba-a05b-4bb9-8d49-96f84a1c9bfe&version=1.1;https://parivesh.nic.in/dms/okm/downloadDocument?docTypemappingId=58989&refId=3944671&refType=FC&uuid=cc7e570f-8ad1-4b13-a1e5-c89b7a5abe8a&version=1.7,0,https://parivesh.nic.in/newupgrade/#/report/ec?proposalId=4284219,3600.0,21900.0
4467286,"The proposed project is a Development of Hi-Tech Industry (IT/ITES/KBI) at B-15, Lawrence Road Industrial area, Delhi-110035 and will be developed by M/s Modern Flour Mills Private Limited. The plot area of the proposed project is 5364.548 sqm and the total built-up area of the project will be 39331.74 sqm.",New,SIA/DL/INFRA2/425126/2023,2023-04-06T10:06:25.439+00:00,2023-08-03T12:26:13.470+00:00,EC Granted,0.5364,15706.0,MODERN FLOUR MILLS PRIVATE LIMITED,Perfact Enviro Solutions Pvt. Ltd.,Environment clearance form,TOR,B2,Building / Construction,Development of Hi-Tech Industry (IT/ITES/KBI),DELHI,Saraswati Vihar,SHAKUR PUR,DPCC/SEIAA-IV/C-445/DL/2023,DPCC/SEIAA-IV/C-445/DL/2023,,Hybrid,0.5364,0.0,0.5364,0.0,0.0,0.0,0.0,0.0,0,0,0,NO,No alternative site has been examined.,NO,NO,NO,2023-04-17T10:17:39.259+00:00,,,,,,,,,,,,,North West,,https://parivesh.nic.in/dms/okm/downloadDocument?docTypemappingId=40829&refId=4463390&refType=caf&uuid=2fb4ec3e-83c4-4b96-b7a5-fcdc0383e277&version=1.0,0,https://parivesh.nic.in/newupgrade/#/report/ec?proposalId=4467286,109500.0,29346000.0
5090502,we propose to build additional single living officers accomodation. There are 30 trees which being affected due to proposed construction works and we apply for clearance.,New,FP/DL/REDIV/428075/2023,2023-05-04T10:30:29.027+00:00,,DELISTED_BY_SYSTEM,0.12,515.0,Ministry of Defense,,Form-E: Re-Diversion i) Land Use Change ii) Laying of Overhead/ Under Ground OFC/ drinking water pipeline/ slurry pipeline/ electric cable/ CNG/PNG within RoW,,,,24 living accomodation,DELHI,Defence Colony,NA,,,,Linear,0.0,0.12,0.12,0.0,0.0,0.0,0.0,0.0,0,0,0,Not applicable as the project or activity is site specific,,NO,NO,NO,2023-06-01T06:26:08.054+00:00,,,,,"AHRR, Delhi Cantt, Duala Kuan, Delhi",,7,Central Government (Department/Autonomous body),JQM,,7,,South East,,https://parivesh.nic.in/dms/okm/downloadDocument?docTypemappingId=40829&refId=5049439&refType=caf&uuid=ec78441a-5216-46f7-91f2-e51b8818b62c&version=1.2,"",https://parivesh.nic.in/newupgrade/#/report/ec?proposalId=5090502,28000.0,6250.0
5153971,"The project involves the expansion of Commercial Complex (IT enabled Services) located at Plot No.34 Rama Road, Najafgarh Industrial area, New Delhi promoted by Mirkana Engineering Pvt. Ltd. The total plot area of the project is 6959.280 sq.m and the gross built up area envisaged for the project is 37916.01 sq. m (existing: 31822.17 sq. m + proposed: 6093.84 sq.m)",Expansion,SIA/DL/INFRA2/428375/2023,2023-05-06T12:07:07.557+00:00,2024-01-31T12:27:20.280+00:00,EC Granted,0.6694,14107.0,MIRKANA ENGINEERING PVT LTD,Gaurang Environmental Solutions Pvt. Ltd.,Environment clearance form,TOR,B2,Building / Construction,Proposed Expansion of  Commercial Complex (IT enabled Services),DELHI,Patel Nagar,BASAI DARAPUR,DPCC/SEIAA-IV/C-448/DL/2023,DPCC/SEIAA-IV/C-448/DL/2023,,Linear,0.6694,0.0,0.6694,0.0,0.0,0.0,12512.0,1595.0,0,0,0,NO,There is no alternative site examined or part thereof for the non-site specific component,NO,NO,NO,2023-06-07T17:22:32.185+00:00,,,,,,,,,,,,,West,,https://parivesh.nic.in/dms/okm/downloadDocument?docTypemappingId=40829&refId=5153273&refType=caf&uuid=970e532c-4593-469e-a0be-c9700725667c&version=1.0,0,https://parivesh.nic.in/newupgrade/#/report/ec?proposalId=5153971,138700.0,383250.0
5284654,"This is existing project having built-up area 27,580.64 and completion certificate of the project was obtained on 15.06.2006 which is before EIA notification dated 14.09.2006. Now expansion includes only the addition of one room in each flat with balcony and a public toilet to the existing operational project and built-up area increases from 27580.64 sqm to 32554.17 sqm, so it attracts EIA notification dated 14.09.2006 accordingly we have submitted application for environment clearance.",New,SIA/DL/INFRA2/429002/2023,2023-05-11T19:37:24.261+00:00,2023-10-17T17:48:56.453+00:00,EC Granted,1.05,492.0,ENTREPRENEURS CO OP GROUP HOUSING SOCIETY LIMITED,Ind Tech House Consult,Environment clearance form,TOR,B2,Building / Construction,ADDITION AND ALTERATION IN CHITRAKOOT APARTMENTS BY ENTREPRENEURS CO-OP GROUP HOUSING SOCIETY LTD,DELHI,Delhi Cantonment,SAHBAD MOHD,DPCC/SEIAA-IV/C-452/DL/2023,DPCC/SEIAA-IV/C-452/DL/2023,,Non - Linear,1.05,0.0,1.05,0.0,0.0,0.0,0.0,0.0,0,0,0,Not applicable as the project or activity is site specific,,NO,NO,NO,2023-07-05T13:18:37.143+00:00,,,,,,,,,,,,,New Delhi,,https://parivesh.nic.in/dms/okm/downloadDocument?docTypemappingId=40829&refId=5284607&refType=caf&uuid=d6a568f7-af29-44ed-99d2-5ad82e02dce1&version=1.2,0,https://parivesh.nic.in/newupgrade/#/report/ec?proposalId=5284654,36500.0,18250.0
5475440,"Proposed expansion of “The Address” At Plot No. – 4B, Mayur Vihar, Phase-I Extension, New Delhi, 110091. The site is for commercial development Plot area of the project 4536 sqm and buit-up area  24314.060 sqm.",New,SIA/DL/INFRA2/429896/2023,2023-05-19T11:38:58.186+00:00,,Under Examination,0.4536,19434.0,ANTARCTICA PROPERTIES COMPANY LIMITED,Ind Tech House Consult,Environment clearance form,TOR,B2,Building / Construction,"PROPOSED EXPANSION OF “THE ADDRESS” AT PLOT NO. – 4B, MAYUR VIHAR, PHASE-I EXTENSION, NEW DELHI, 110091",DELHI,Mayur Vihar,CHILLA SARODA BANGER,,,Plot no.- 4B,Non - Linear,0.4536,0.0,0.4536,0.0,0.0,0.0,17234.0,2200.0,0,0,0,Not applicable as the project or activity is site specific,,NO,NO,NO,2023-06-06T07:55:16.510+00:00,,,,,,,,,,,,,East,Plot no.- 4B,https://parivesh.nic.in/dms/okm/downloadDocument?docTypemappingId=40829&refId=5474216&refType=caf&uuid=01003f21-9728-41ce-8bfc-5977a6f552dc&version=1.0,64054,https://parivesh.nic.in/newupgrade/#/report/ec?proposalId=5475440,30100.0,36520.0
5625124,This is proposed expansion of Waste to Energy Plant from 24 MW to 60 MW capacity. DMSWSL initially established IMSWMF with the capacity of 4000 TPD. Further A standalone RDF based WTE Plant of 24 MW with 1200 TPD of RDF as fuel which will be drawn from the existing facility. Now DMSWSL has proposed to utilize the leftover 1800 TPD of RDF by installing another 36 MW WTE cumulatively 60 MW.,Expansion,IA/DL/THE/430833/2023,2023-05-25T11:50:52.868+00:00,,DELISTED_BY_SYSTEM,3.48,1.2781,DELHI MSW SOLUTIONS LIMITED,,Environment clearance form,EC,A,,"Expansion of Waste to Energy Plant from 24 MW to 60 MW by M/s. Delhi MSW Solutions Ltd. (DMSWSL) at Tehsil Narela, District North West, Delhi",DELHI,Narela,BAWANA,J-13012/01/2022-IA.I (T),,"Pocket N-1 Sector 5, Bawana Industrial Area, Tehsil Narela, District North West Delhi, Delhi.",Non - Linear,3.48,0.0,3.48,3.48,0.0,3.48,37800.0,90010.0,0,0,0,NO,"No alternate sites were considered because the land required for proposed expansion project is within the existing IMSWMF Project area of 40.46 Ha (100 Acres) which notified Solid Waste Disposal site of Municipal Corporation of Delhi. No additional land to be acquired and there is no rehabilitation & resettlement involved. The land is within the Bawana Industrial Area, Narela Bawana, North West Delhi.",NO,NO,NO,2023-07-10T06:45:02.047+00:00,,,,,,,,,,,,,North,"Pocket N-1 Sector 5, Bawana Industrial Area, Tehsil Narela, District North West Delhi, Delhi.",https://parivesh.nic.in/dms/okm/downloadDocument?docTypemappingId=40829&refId=5558338&refType=caf&uuid=bf9b49be-8d8e-4b56-8cac-e8ea9857185e&version=1.0,63922,https://parivesh.nic.in/newupgrade/#/report/ec?proposalId=5625124,111000.0,103950.0
5693861,Construction of Integrated Transit Corridor Development plan in and around Pragati Maidan. Detail,New,FP/DL/ROAD/431247/2023,2023-05-28T10:39:29.779+00:00,,DELISTED_BY_SYSTEM,27.012,77700.0,Public Works Department,,Forest clearance form,,,,Construction of Integrated Transit Corridor Development plan in and around Pragati Maidan. Detail,DELHI,Kotwali,NA,,,H43X2,Linear,27.0,0.012,27.012,0.0,0.0,0.0,0.0,0.0,0,0,0,Not applicable as the project or activity is site specific,,NO,NO,NO,2023-05-28T11:53:03.268+00:00,,,,false,"ITPO Project Division, Bhairon Road T Junction Near Pragati Power Station, Ring Road New Delhi",pragati maidan,7,State Government (Department/Autonomous body),EXECUTIVE ENGINEER,ITPO pragati maidan,7,,Central,H43X2,https://parivesh.nic.in/dms/okm/downloadDocument?docTypemappingId=40829&refId=5692124&refType=caf&uuid=aabcc947-f547-43b0-afb3-a171d109eaf9&version=1.0;https://parivesh.nic.in/dms/okm/downloadDocument?docTypemappingId=58989&refId=5692124&refType=FC&uuid=7018652f-7a93-4543-b99f-7665c52c160b&version=1.1,800442,https://parivesh.nic.in/newupgrade/#/report/ec?proposalId=5693861,120.0,120.0
5812580,"The Proposed Building Plan of Plot No. S.U. Pocket no. Block Sector 22 Measuring 36583.00 (Sqmt) In Scheme Community Centre in Sector - 22 at Rohini, Delhi.
The project site is earmarked for Commercial development as per the conveyance deed vide file no. F92(15)06/C2 dated 26th march 2008",New,SIA/DL/INFRA2/431864/2023,2023-06-01T12:11:09.338+00:00,2023-10-17T17:00:20.303+00:00,EC Granted,3.6583,21577.0,YOGIRAJ PROMOTERS PRIVATE LIMITED,Ind Tech House Consult,Environment clearance form,TOR,B2,Building / Construction,"Proposed Building Plan of Plot No. S.U. Pocket no. Block Sector 22 Measuring 36583.00 (Sqmt) In Scheme Community Centre In Sector - 22 At Rohini, Delhi 110085",DELHI,Rohini,POOTH KALAN,DPCC/SEIAA-IV/C-456/DL/2023,DPCC/SEIAA-IV/C-456/DL/2023,Plot No. S.U. Plot Community Centre,Non - Linear,3.6583,0.0,3.6583,0.0,0.0,0.0,0.0,0.0,0,0,0,Not applicable as the project or activity is site specific,,NO,NO,NO,2023-07-23T14:17:25.436+00:00,,,,,,,,,,,,,North West,Plot No. S.U. Plot Community Centre,https://parivesh.nic.in/dms/okm/downloadDocument?docTypemappingId=40829&refId=5812066&refType=caf&uuid=4f39444d-ec21-4144-8227-856626dd7b90&version=1.0,63947,https://parivesh.nic.in/newupgrade/#/report/ec?proposalId=5812580,75300.0,530810.0
5966753,"Proposed expansion of “The Address” At Plot No. – 4B, Mayur Vihar, Phase-I Extension, New Delhi, 110091. The site is for commercial development Plot area of the project 4536 sqm and buit-up area  24314.060 sqm.",New,SIA/DL/INFRA2/432667/2023,2023-06-08T07:13:05.234+00:00,2023-10-17T16:36:55.733+00:00,EC Granted,0.4536,19434.0,ANTARCTICA PROPERTIES COMPANY LIMITED,Ind Tech House Consult,Environment clearance form,TOR,B2,Building / Construction,"ENVIRONMENT CLEARANCE FOR THE PROPOSED EXPANSION OF “THE ADDRESS” AT PLOT NO. – 4B, MAYUR VIHAR, PHASE-I EXTENSION, NEW DELHI, 110091",DELHI,Mayur Vihar,CHILLA SARODA BANGER,DPCC/SEIAA-IV/C-449/DL/2023,DPCC/SEIAA-IV/C-449/DL/2023,Plot no.- 4B,Non - Linear,0.4536,0.0,0.4536,0.0,0.0,0.0,0.0,0.0,0,0,0,Not applicable as the project or activity is site specific,,NO,NO,NO,2023-06-08T10:29:01.452+00:00,,,,,,,,,,,,,East,Plot no.- 4B,https://parivesh.nic.in/dms/okm/downloadDocument?docTypemappingId=40829&refId=5966500&refType=caf&uuid=6db6c28d-b62d-4849-b679-7cd2a3e41cd3&version=1.0,64054,https://parivesh.nic.in/newupgrade/#/report/ec?proposalId=5966753,30100.0,36520.0
6018345,Construction of Integrated Transit Corridor Development plan in and around Pragati Maidan.,New,FP/DL/ROAD/432909/2023,2023-06-10T08:31:54.253+00:00,,Pending at UA for Compliance Report,0.03,77700.0,Public Works Department,,Forest clearance form,,,,Construction of Integrated Transit Corridor Development plan in and around Pragati Maidan.,DELHI,Kotwali,NA,,,PRAGATI MAIDAN,Linear,0.0,0.03,0.03,0.0,0.0,0.0,0.0,0.0,0,0,0,Not applicable as the project or activity is site specific,,NO,NO,NO,2023-06-20T18:30:00.000+00:00,,,,false,"ITPO Project Division, Bhairon Road T Junction Near Pragati Power Station, Ring Road New Delhi",pragati maidan,7,State Government (Department/Autonomous body),EXECUTIVE ENGINEER,Pragati Maidan,7,PWD,Central,PRAGATI MAIDAN,https://parivesh.nic.in/dms/okm/downloadDocument?docTypemappingId=40829&refId=6017361&refType=caf&uuid=7aecb8b4-6bdd-4279-ac78-69b645ea03a7&version=1.1;https://parivesh.nic.in/dms/okm/downloadDocument?docTypemappingId=59061&refId=6017361&refType=FC&uuid=6e8af31f-1fd8-4b4e-8ae3-d17f61750011&version=1.0;https://parivesh.nic.in/dms/okm/downloadDocument?docTypemappingId=58989&refId=6017361&refType=FC&uuid=f6522804-538d-4bf9-b0b9-7b0cdaf3e395&version=1.8,800442,https://parivesh.nic.in/newupgrade/#/report/ec?proposalId=6018345,120.0,120.0
6081825,Boring and installation of tube wells in Gram Sabha land of Jhatikara and Shikarpur village and other suitable locations of Delhi for augmentation of water supply.,New,FP/DL/WATER/433272/2023,2023-06-13T12:04:05.083+00:00,,DELISTED_BY_SYSTEM,0.0222,100.0,Delhi Jal Board,,Forest clearance form,,,,Boring & Installation of tube wells in Gram Sabha land in Jhatikara and Shikarpur village and other suitable locations of Delhi for augmentation of water supply.,DELHI,Kapeshera,SHIKARPUR,,,,Linear,0.0,0.0222,0.0222,0.0,0.0,0.0,0.0,0.0,0,0,0,Not applicable as the project or activity is site specific,,NO,NO,NO,2023-06-13T12:59:04.728+00:00,,,,false,"Room No 403, Varunalaya Phase-I, Delhi Jal Board, Jhandewalan, New Delhi 110005",,7,State Government (Department/Autonomous body),Executive Engineer,,7,,South West,,https://parivesh.nic.in/dms/okm/downloadDocument?docTypemappingId=40829&refId=5606901&refType=caf&uuid=e758fc0a-ef23-42d0-a24f-c84ee2bcb7f1&version=1.5;https://parivesh.nic.in/dms/okm/downloadDocument?docTypemappingId=58989&refId=5606901&refType=FC&uuid=1bed4589-3209-4e1e-ac2d-ce198e0a533c&version=1.4,64036,https://parivesh.nic.in/newupgrade/#/report/ec?proposalId=6081825,1440.0,14600.0
6110344,"“Construction of Married Accommodation, Officers Mess, Unit MI Room, Religious Institute and Allied Infrastructure for BRO Personnel”  project  Located at A-1 Defence Land (Survey No-268) Near Village Todapur, New Delhi.",New,IA/DL/INFRA2/433371/2023,2023-06-14T10:14:07.761+00:00,,DELISTED_BY_SYSTEM,3.6017,30000.0,Ministry of Defense,Oceao Enviro Management Solutions (India) Pvt. Ltd.,Environment clearance form,TOR,A,Building / Construction,"“Construction of Married Accomodation, Officers Mess, Unit MI Room, Religious Institute and Allied Infrastructure for BRO Personnel”",DELHI,Delhi Cantonment,TODAPUR,,,,Hybrid,0.0,3.6017,3.6017,0.0,0.0,0.0,0.0,0.0,0,0,0,Not applicable as the project or activity is site specific,,NO,NO,NO,2023-06-14T15:29:07.752+00:00,,,,,,,,,,,,,New Delhi,,https://parivesh.nic.in/dms/okm/downloadDocument?docTypemappingId=40829&refId=6109800&refType=caf&uuid=ff6cc596-1edd-4d33-8580-45b4ce903530&version=1.0,0,https://parivesh.nic.in/newupgrade/#/report/ec?proposalId=6110344,18350.0,54800.0
6113307,Mathura Road to Gate No-8 and 9 ITPO Complex at Pragati Maidan,New,FP/DL/REDIV/433386/2023,2023-06-14T11:05:27.915+00:00,,DELISTED_BY_SYSTEM,0.6,50.0,Public Works Department,,Form-E: Re-Diversion i) Land Use Change ii) Laying of Overhead/ Under Ground OFC/ drinking water pipeline/ slurry pipeline/ electric cable/ CNG/PNG within RoW,,,,G-20 Preparedness Work Construction of Approach Road from Mathura Road to Gate No-8 and 9 of ITPO Complex,DELHI,Chanakya Puri,NA,,,,Non - Linear,0.5,0.1,0.6,0.0,0.0,0.0,0.0,0.0,0,0,0,Not applicable as the project or activity is site specific,,NO,NO,NO,2023-06-14T11:10:42.330+00:00,,,,,1-A battery Lane Opposite Tirath Ram Shaha Hospital Delhi,New Delhi,7,State Government (Department/Autonomous body),Executive Engineer,,7,,New Delhi,,https://parivesh.nic.in/dms/okm/downloadDocument?docTypemappingId=40829&refId=6107597&refType=caf&uuid=7beff92b-90ec-490a-bd94-75c271aef636&version=1.1,0,https://parivesh.nic.in/newupgrade/#/report/ec?proposalId=6113307,195.0,195.0
6115887,G-20 Preparedness Work Construction of Approach Road from Mathura Road to Gate No- 9 of ITPO Complex Pragati Maidan New Delhi,New,FP/DL/REDIV/433399/2023,2023-06-14T12:00:57.213+00:00,,DELISTED_BY_SYSTEM,0.6,50.0,Public Works Department,,Form-E: Re-Diversion i) Land Use Change ii) Laying of Overhead/ Under Ground OFC/ drinking water pipeline/ slurry pipeline/ electric cable/ CNG/PNG within RoW,,,,G-20 Preparedness Work Construction of Approach Road from Mathura Road to Gate No- 9 of ITPO Complex Pragati Maidan New Delhi,DELHI,Chanakya Puri,NA,,,,Linear,0.5,0.1,0.6,0.0,0.0,0.0,0.0,0.0,0,0,0,Not applicable as the project or activity is site specific,,NO,NO,NO,2023-06-14T12:05:27.470+00:00,,,,,1-A battery Lane Opposite Tirath Ram Shaha Hospital Delhi,,7,State Government (Department/Autonomous body),Executive Engineer,,7,,New Delhi,,https://parivesh.nic.in/dms/okm/downloadDocument?docTypemappingId=40829&refId=6115459&refType=caf&uuid=f64a36f4-84ba-44f0-b7d9-743d87987d50&version=1.0,0,https://parivesh.nic.in/newupgrade/#/report/ec?proposalId=6115887,105.0,105.0
6122552,"Construction of Married Accomodation, Officers Mess, Unit MI Room, Religious Institute and Allied Infrastructure for BRO Personnel",New,IA/DL/INFRA2/433437/2023,2023-06-15T02:54:53.622+00:00,,DELISTED_BY_SYSTEM,3.6017,30000.0,Ministry of Defense,Oceao Enviro Management Solutions (India) Pvt. Ltd.,Environment clearance form,TOR,B2,Building / Construction,"Construction of Married Accomodation, Officers Mess, Unit MI Room, Religious Institute and Allied Infrastructure for BRO Personnel",DELHI,Delhi Cantonment,TODAPUR,,,,Hybrid,0.0,3.6017,3.6017,0.0,0.0,0.0,0.0,0.0,0,0,0,Not applicable as the project or activity is site specific,,NO,NO,NO,2023-06-15T03:59:33.313+00:00,,,,,,,,,,,,,New Delhi,,https://parivesh.nic.in/dms/okm/downloadDocument?docTypemappingId=40829&refId=6120933&refType=caf&uuid=372b7249-7949-401e-a7eb-121df32d689b&version=1.0,0,https://parivesh.nic.in/newupgrade/#/report/ec?proposalId=6122552,18400.0,54800.0
6202961,"“Treatment Storage Disposal Facility” at Plot No. N1, Sector 5 Bawana Industrial Area, Narela, Delhi (adjacent to Waste to Energy Plant and Pragati Power Plant) by M/s Tamil Nadu Waste Management Limited",New,IA/DL/INFRA2/433883/2023,2023-06-19T10:35:29.511+00:00,2023-12-18T05:34:04.944+00:00,Granted,5.66,2340.0,RE SUSTAINABILITY IWM SOLUTIONS LIMITED,,Application for Transfer of EC- Form-7,OTHER,A,,"“Treatment Storage Disposal Facility” at Plot No. N1, Sector 5 Bawana Industrial Area, Narela, Delhi (adjacent to Waste to Energy Plant and Pragati Power Plant) by M/s Tamil Nadu Waste Management Limited",DELHI,Narela,BAWANA,F. No. 10-60/2019-IA-III,,N1,Linear,5.66,0.0,5.66,0.0,0.0,0.0,0.0,0.0,0,0,0,NO,"The project is located at Bawana Industrial Area, Narela, Delhi",NO,NO,NO,2023-06-19T12:36:18.921+00:00,,,,,"Level 11B, Aurobindo Galaxy, Hyderabad Knowledge City, Hitech City Road, Hyderabad, Telangana- 500081",,36,Private Limited,Deputy General Manager,,36,,North,N1,https://parivesh.nic.in/dms/okm/downloadDocument?docTypemappingId=40829&refId=6115682&refType=caf&uuid=86eac8a3-4b3e-4cf3-b851-854e970c19f4&version=1.0,63922,https://parivesh.nic.in/newupgrade/#/report/ec?proposalId=6202961,1695.0,11555.0
6241074,"Proposed Group Housing, Project at Plot No. PKT-1(b) Pocket 1 Block -B Sector - 32, Rohini, Delhi. The land was allotted by DDA in form of Conveyance deed vide File No.-F (6)/2022/GH dated 10.01.2023 for development of Group Housing Project. The total plot area of the project is 9930 sq.m.",New,SIA/DL/INFRA2/434079/2023,2023-06-20T13:51:49.055+00:00,2023-10-17T17:26:33.070+00:00,EC Granted,0.993,18980.0,CRA DEVELOPERS LLP,Ind Tech House Consult,Environment clearance form,TOR,B2,Building / Construction,"Proposed Group Housing, Project at Plot No. PKT-1(b) Pocket 1 Block -B Sector - 32, Rohini, Delhi",DELHI,Narela,PANSALI,DPCC/SEIAA-IV/C-451/DL/2023,DPCC/SEIAA-IV/C-451/DL/2023,Plot No. PKT-1(b) Pocket 1 Block -B,Non - Linear,0.993,0.0,0.993,0.0,0.0,0.0,0.0,0.0,0,0,0,Not applicable as the project or activity is site specific,,NO,NO,NO,2023-07-03T09:30:12.039+00:00,,,,,,,,,,,,,North,Plot No. PKT-1(b) Pocket 1 Block -B,https://parivesh.nic.in/dms/okm/downloadDocument?docTypemappingId=40829&refId=6240783&refType=caf&uuid=edb2b49c-4c15-45c2-a404-395b8e6c9a38&version=1.2,63904,https://parivesh.nic.in/newupgrade/#/report/ec?proposalId=6241074,6200.0,11050.0
6309411,"Environment clearance of the project was granted vide file no. DPCC/SEIAA-SEAC/131/11/214 dated 13.08.2012 for 339368.9 built-up area and 1000 nos. of hospital beds.
We had constructed 288802.21 sqm built up area and 825 nos. of hospital beds within valid EC period.
As the construction of service block 9470 sqm is not completed. So we are hereby applying the application for New Environment clearance.",New,SIA/DL/INFRA2/434417/2023,2023-06-23T08:43:15.529+00:00,2023-10-17T18:15:52.160+00:00,TOR Granted,12.9499,9769.0,DEEPAK BHUTALE,Ind Tech House Consult,Environment clearance form,TOR,B1,Townships/ Area Development Projects / Rehabilitation Centres,"Proposed “Masjid Moth Campus for AIIMS” at Masjid Moth, New Delhi",DELHI,Hauz Khas,MASJID MOTH,DPCC/SEIAA-IV/C-453(ToR)/DL/2023,DPCC/SEIAA-IV/C-453(ToR)/DL/2023,Given with Complete Report,Non - Linear,12.9499,0.0,12.9499,0.0,0.0,0.0,0.0,0.0,0,0,0,Not applicable as the project or activity is site specific,,NO,NO,NO,2023-07-06T14:35:36.189+00:00,,,,,,,,,,,,,South,Given with Complete Report,https://parivesh.nic.in/dms/okm/downloadDocument?docTypemappingId=40829&refId=6308335&refType=caf&uuid=b9fa43b5-919d-4fac-be98-dfc84636d9e7&version=1.0,0,https://parivesh.nic.in/newupgrade/#/report/ec?proposalId=6309411,18450.0,18750.0
6320385,"G-20 preparedness work construction of approach road from mathura road to gate no- 8& 9 of ITPO Complex, Pragati Maidan New Delhi",New,FP/DL/REDIV/434473/2023,2023-06-23T14:50:50.031+00:00,,DELISTED_BY_SYSTEM,0.2,60.0,Public Works Department,,Form-E: Re-Diversion i) Land Use Change ii) Laying of Overhead/ Under Ground OFC/ drinking water pipeline/ slurry pipeline/ electric cable/ CNG/PNG within RoW,,,,"G-20 preparedness work Construction of Approach road from Mathura Road to Gate No. 8 & 9 of ITPO Complex, Pragati Maidan New Delhi",DELHI,Chanakya Puri,NA,,,,Linear,0.0,0.2,0.2,0.0,0.0,0.0,0.0,0.0,0,0,0,Not applicable as the project or activity is site specific,,NO,NO,NO,2023-06-29T18:30:00.000+00:00,,,,,1-A battery Lane Opposite Tirath Ram Shaha Hospital Delhi,,7,State Government (Department/Autonomous body),Executive Engineer,,7,,New Delhi,,https://parivesh.nic.in/dms/okm/downloadDocument?docTypemappingId=40829&refId=6320322&refType=caf&uuid=9372c9a6-01ff-4a23-a3d7-4c4d087c7ceb&version=1.0,0,https://parivesh.nic.in/newupgrade/#/report/ec?proposalId=6320385,105.0,105.0
6383101,"The proposed project is a Construction of “Venkateshwar Hospital” at Sector -16, Rohini, Phase - II ( Public and Semi-Public facility Area No.4 ) New Delhi- 110085 by M/s JB Healthcare Pvt Ltd. Total Plot area is 8,064 m2 and the built-up area of the project will be 61,058 m2.",New,SIA/DL/INFRA2/434793/2023,2023-06-27T09:53:42.645+00:00,2024-01-31T11:56:21.060+00:00,EC Granted,0.8064,23872.0,JB HEALTHCARE PRIVATE LIMITED,Perfact Enviro Solutions Pvt. Ltd.,Environment clearance form,TOR,B2,Building / Construction,Venkateshwar Hospital,DELHI,Alipur,BADLI,DPCC/SEIAA-IV/C-457/DL/2023,DPCC/SEIAA-IV/C-457/DL/2023,,Hybrid,0.8064,0.0,0.8064,0.0,0.0,0.0,0.0,0.0,0,0,0,NO,No alternative site has been examined as is hospital is well connected with the NH-9 i.e. 2.22 Km from the site.,NO,NO,NO,2023-07-25T12:50:52.871+00:00,,,,,,,,,,,,,North,,https://parivesh.nic.in/dms/okm/downloadDocument?docTypemappingId=40829&refId=6380746&refType=caf&uuid=3db047b7-e1ea-4830-9d3f-80a8a65fb6f8&version=1.0,0,https://parivesh.nic.in/newupgrade/#/report/ec?proposalId=6383101,109500.0,39182750.0
6404639,"Proposed Expansion of Fortis Hospital at Shalimar Bagh, Delhi. The plot area of the project is 29700 m2 and the builtup area is 60,444.24 m2. The site is earmarked for public and semi-public development as per the local development.",New,SIA/DL/INFRA2/434909/2023,2023-06-28T07:01:14.605+00:00,2023-10-17T17:15:02.203+00:00,EC Granted,2.97,16250.0,FORTIS HOSPOTEL LIMITED,Ind Tech House Consult,Environment clearance form,TOR,B2,Building / Construction,"Proposed Expansion of Fortis Hospital at Shalimar Bagh, Delhi",DELHI,Model Town,AZADPUR,DPCC/SEIAA-IV/C-455/DL/2023,DPCC/SEIAA-IV/C-455/DL/2023,"Block-A, Shalimar Bagh",Non - Linear,2.97,0.0,2.97,0.0,0.0,0.0,0.0,16250.0,0,0,0,Not applicable as the project or activity is site specific,,NO,NO,NO,2023-07-14T13:42:10.719+00:00,,,,,,,,,,,,,North,"Block-A, Shalimar Bagh",https://parivesh.nic.in/dms/okm/downloadDocument?docTypemappingId=40829&refId=6403674&refType=caf&uuid=133cdd98-cd3d-4c6d-809f-deafb78b1566&version=1.2,0,https://parivesh.nic.in/newupgrade/#/report/ec?proposalId=6404639,15160.0,73100.0
6447139,"Jindal Urban Infrastructure Limited (JUIL) has formed SPV - JINDAL URBAN WASTE MANAGEMENT (BAWANA) LIMITED to develop Waste to Energy project at Bwana (30 MW)”project with a view to reduce the problem associated with disposal of solid waste at landfill, thereby complying with the various regulations as well as the objective and goal set for the country under the Swachh Bharat Mission (SBM).",New,IA/DL/THE/435160/2023,2023-06-30T05:34:24.686+00:00,2024-01-10T09:44:42.099+00:00,ToR Granted,6.07,66000.0,JINDAL URBAN WASTE MANAGEMENT (BAWANA) LIMITED,Mantec Consultants Pvt. Ltd.,Environment clearance form,TOR,A,Thermal Power Plants,"Proposed Waste to Energy Project 50 MW, DSIIDC Industrial Area, sector-5, Bawana, Delhi-110039 by M/s Jindal Urban Waste Management (Bawana) Limited.",DELHI,Narela,SULATANPUR DABAS,J-13012/04/2023-IA.I (T),,,Non - Linear,6.07,0.0,6.07,0.0,0.0,0.0,0.0,0.0,0,0,0,YES,,NO,NO,NO,2023-08-11T12:29:02.692+00:00,,,,,,,,,,,,,North,,https://parivesh.nic.in/dms/okm/downloadDocument?docTypemappingId=40828&refId=6436838&refType=caf&uuid=7c35c1ed-2606-42df-813e-8f47b66267cb&version=1.0;https://parivesh.nic.in/dms/okm/downloadDocument?docTypemappingId=40828&refId=6436838&refType=caf&uuid=2f80b4bf-ea94-44b2-afde-045edba2dd94&version=1.0;https://parivesh.nic.in/dms/okm/downloadDocument?docTypemappingId=40829&refId=6436838&refType=caf&uuid=381516cf-ac09-403e-b518-d6450acc3303&version=1.0,,https://parivesh.nic.in/newupgrade/#/report/ec?proposalId=6447139,399480.0,80062.0
6517259,"G-20 preparedness work Construction of Approach road from Mathura Road to Gate No. 8 & 9 of ITPO Complex, Pragati Maidan New Delhi-110001",New,FP/DL/ROAD/435513/2023,2023-07-03T14:04:52.516+00:00,,Pending at UA for Compliance Report,0.2,60.0,Public Works Department,,Forest clearance form,,,,"G-20 preparedness work Construction of Approach road from Mathura Road to Gate No. 8 & 9 of ITPO Complex, Pragati Maidan New Delhi-110001",DELHI,Chanakya Puri,NA,,,,Linear,0.0,0.2,0.2,0.0,0.0,0.0,0.0,0.0,0,0,0,Not applicable as the project or activity is site specific,,NO,NO,NO,2023-07-02T18:30:00.000+00:00,,,Degraded Forest Land,true,1-A battery Lane Opposite Tirath Ram Shaha Hospital Delhi,,7,State Government (Department/Autonomous body),Executive Engineer,,7,,New Delhi,,https://parivesh.nic.in/dms/okm/downloadDocument?docTypemappingId=40829&refId=6517033&refType=caf&uuid=33c58f7b-7d46-4f04-b627-f554a80fcb60&version=1.0;https://parivesh.nic.in/dms/okm/downloadDocument?docTypemappingId=58989&refId=6517033&refType=FC&uuid=277c8752-3e91-4607-9c41-1cd8bc8be985&version=1.1,0,https://parivesh.nic.in/newupgrade/#/report/ec?proposalId=6517259,105.0,105.0
6810537,"Proposed addition/ alteration in 
residential apartment",New,IA/DL/INFRA2/436781/2024,2023-07-14T20:00:32.925+00:00,2024-12-11T08:01:47.547+00:00,EC Granted,1.9771,3000.0,THE GOLD CROFT COOPERATIVE GROUP HOUSING SOCIETY LTD,Ind Tech House Consult,Environment clearance form,TOR,B2,Building / Construction,"‘Proposed addition/ alteration in  residential apartment’ namely ‘M/s  Gold Croft CGHS Ltd.’ at Plot no.4,  Sector 11, Dwarka, New Delhi -110075",DELHI,Dwarka,LAHHAR HERI,,,"Plot no. 4, Sec 11, Dwarka",Non - Linear,1.9771,0.0,1.9771,0.0,0.0,0.0,0.0,3000.0,0,0,0,Not applicable as the project or activity is site specific,,NO,NO,NO,2024-10-13T08:54:15.273+00:00,,,,,,,,,,,,,South West,"Plot no. 4, Sec 11, Dwarka",https://parivesh.nic.in/dms/okm/downloadDocument?docTypemappingId=40829&refId=6397351&refType=caf&uuid=4aea0c1f-7bda-4f3a-b558-4fa80c9e908d&version=1.0,0,https://parivesh.nic.in/newupgrade/#/report/ec?proposalId=6810537,45030.0,18266.0
6987761,"Construction of Flyover with Ramps, Footpath, Road Work including Road Signage, Street Light works, Drainage, Horticulture, Mural Works & allied works at Road No.56 between Anand Vihar ROB and Apsara Border ROB, New Delhi",New,FP/DL/ROAD/437580/2023,2023-07-21T06:59:13.127+00:00,,DELISTED_BY_SYSTEM,12.3153,25734.0,Public Works Department,,Forest clearance form,,,,"Construction of Flyover with Ramps, Footpath, Road Work including Road Signage, Street Light works, Drainage, Horticulture, Mural Works & allied works at Road No.56 between Anand Vihar ROB and Apsara Border ROB, New Delhi (EPC Mode).",DELHI,Vivek Vihar,KARKAR DUMAN,,,,Linear,11.4,0.9153,12.3153,0.0,0.0,0.0,0.0,0.0,0,0,0,Not applicable as the project or activity is site specific,,NO,NO,NO,2024-02-02T18:30:00.000+00:00,,,,false,Under Ring Bypass,Oppt gate no nine  IG Stadium,7,State Government (Department/Autonomous body),Executive Engineer,Oppt gate no nine  IG Stadium,7,,Shahdara,,https://parivesh.nic.in/dms/okm/downloadDocument?docTypemappingId=40829&refId=6731666&refType=caf&uuid=6fa3dc3c-613f-47f8-b46d-19ff678a8072&version=1.0;https://parivesh.nic.in/dms/okm/downloadDocument?docTypemappingId=58989&refId=6731666&refType=FC&uuid=ea5d1278-ea6f-4f1c-a878-9afcc740b2ba&version=1.2,0,https://parivesh.nic.in/newupgrade/#/report/ec?proposalId=6987761,46410.0,46410.0
8142598,Description of Project,New,IA/DL/IND1/441124/2023,2023-08-21T08:19:42.637+00:00,,DELISTED_BY_SYSTEM,24.0,12.0,Delhi Jal Board,,Environment clearance form,TOR,A,Cement plants,TOR TEST,DELHI,Suratgarh,CHAK 10 N R D,,,12,Linear,12.0,12.0,24.0,0.0,0.0,0.0,0.0,0.0,0,0,0,NO,n,NO,NO,NO,2023-08-21T08:22:25.353+00:00,,,,,,,,,,,,,Ganganagar,12,https://parivesh.nic.in/dms/okm/downloadDocument?docTypemappingId=40829&refId=8139886&refType=caf&uuid=988be23e-610d-4b40-ad57-e547e53f6afe&version=1.0,0,https://parivesh.nic.in/newupgrade/#/report/ec?proposalId=8142598,156.0,156.0
8710605,"This is existing project having built-up area 40387.212 sqm.
Construction of the project was completed before EIA notification 2006 and the completion was applied on 10.07.2006 before release of EIA notification dated 14.09.2006. The proposed expansion includes only the addition of one room in each flat with balcony and a public toilet to the existing operational project and hence, the built-up area increases from 40387.212 sqm to 48744.85 sqm, now it falls under the purview of EIA notification dated 14.09.2006, so we are hereby applying for environment clearance under 8(a) category.",New,SIA/DL/INFRA2/441809/2023,2023-08-25T10:24:17.137+00:00,2024-01-31T12:37:06.037+00:00,EC Granted,1.5,325.0,THE DELHI TRANSPORTERS CGHS LTD,Ind Tech House Consult,Environment clearance form,TOR,B2,Building / Construction,"Proposed Expansion of Delhi Transporters Co-operative Group Housing Society Ltd. at Plot No. 02, Sector 02, Dwarka, New Delhi",DELHI,Dwarka,MIRZAPUR,DPCC/SEIAA-IV/C-458/DL/2023,DPCC/SEIAA-IV/C-458/DL/2023,Plot no 2,Non - Linear,1.5,0.0,1.5,0.0,0.0,0.0,0.0,0.0,0,0,0,Not applicable as the project or activity is site specific,,NO,NO,NO,2023-09-04T10:36:58.588+00:00,,,,,,,,,,,,,South West,Plot no 2,https://parivesh.nic.in/dms/okm/downloadDocument?docTypemappingId=40829&refId=8709010&refType=caf&uuid=1cda0aa0-713f-4797-9c7b-01d65115f745&version=1.0,0,https://parivesh.nic.in/newupgrade/#/report/ec?proposalId=8710605,36500.0,18250.0
8717324,Construction of 765kV Khetri-Narela transmission line,New,FP/DL/TRANS/441848/2023,2023-08-25T12:16:14.136+00:00,2025-02-19T12:47:55.514+00:00,Final Diversion Order Issued,47.7576,64700.0,POWERGRID NARELA TRANSMISSION LIMITED,,Forest clearance form,,,,765kV Khetri-Narela transmission line,DELHI,Narela,MUNGESHPUR,,,,Linear,46.8065,0.9511,47.7576,0.0,0.0,0.0,0.0,0.0,0,0,0,YES,,NO,NO,NO,2023-11-02T18:30:00.000+00:00,,,Degraded Forest Land,true,"House No 2052/GF, Sector-1/H/GNNL, Narnaul, Haryana-123001",,6,"Central PSU (eg. NHAI, AAI, NTP, CIL, SAIL)",Chief Manager,,6,,North,,https://parivesh.nic.in/dms/okm/downloadDocument?docTypemappingId=40828&refId=8710517&refType=caf&uuid=443fc64e-b0ad-4a91-97c1-e53ada9f64c5&version=1.0;https://parivesh.nic.in/dms/okm/downloadDocument?docTypemappingId=40829&refId=8710517&refType=caf&uuid=4d36d3c4-695a-409d-86e1-a39902ba065d&version=1.0;https://parivesh.nic.in/dms/okm/downloadDocument?docTypemappingId=40828&refId=8710517&refType=caf&uuid=094236da-d99b-478b-a7c4-aa1df3fbb495&version=1.1;https://parivesh.nic.in/dms/okm/downloadDocument?docTypemappingId=58989&refId=8710517&refType=FC&uuid=7d9c1013-8adb-478b-be7c-1f7b90b2f148&version=1.7,,https://parivesh.nic.in/newupgrade/#/report/ec?proposalId=8717324,107380.0,0.0
8783507,Permission for shifting/transplanting/cutting of 23 nos. trees to straightening of road alignment situated at M/o Aff. MP Green area at Hastsal Ph.-I,New,FP/DL/OTHERS/442187/2023,2023-08-28T11:05:40.341+00:00,,DELISTED_BY_SYSTEM,0.09,30.0,Ministry of Housing and Urban Affairs,,Forest clearance form,,,,Permission for shifting/transplanting/cutting of trees to straightening of road alignment situated at M/o Aff. MP Green area at Hastsal Ph.-I,DELHI,Patel Nagar,HASTSAL,,,DDA Park at Aff. MP Green area at Hastsal Ph.-I.,Linear,0.0,0.09,0.09,0.0,0.0,0.0,0.0,0.0,0,0,0,Not applicable as the project or activity is site specific,,NO,NO,NO,2023-08-28T11:24:10.774+00:00,,,Degraded Forest Land,true,"Office of the Dy. Director (Hort.), Horticulture Division- III, DDA, B2B Janakpuri",Janakpuri East,7,Central Government (Department/Autonomous body),Deputy Director (Hort.),Janakpuri East,7,,West,DDA Park at Aff. MP Green area at Hastsal Ph.-I.,https://parivesh.nic.in/dms/okm/downloadDocument?docTypemappingId=40829&refId=8737938&refType=caf&uuid=18e4e933-28f9-49e6-bc3c-0c498f1e38e1&version=1.0;https://parivesh.nic.in/dms/okm/downloadDocument?docTypemappingId=58989&refId=8737938&refType=FC&uuid=70069893-f5ce-4144-b611-ff0cd3f6cf83&version=1.1,63991,https://parivesh.nic.in/newupgrade/#/report/ec?proposalId=8783507,5.0,5.0
9084360,LILO of 765 KV S/C Merrut Bhiwani Transmission Line at Narela,New,FP/DL/OTHERS/443420/2023,2023-09-07T06:32:50.880+00:00,,DELISTED_BY_SYSTEM,27.5906,1087.0,POWERGRID NARELA TRANSMISSION LIMITED,,Forest clearance form,,,,LILO of 765 KV S/C Merrut Bhiwani Transmission line at Narela,DELHI,Narela,HARAWALI,,,,Linear,27.2919,0.2987,27.5906,0.0,0.0,0.0,0.0,0.0,0,0,0,YES,,NO,NO,NO,2023-09-07T08:14:14.802+00:00,,,Degraded Forest Land,true,"House No 2052/GF, Sector-1/H/GNNL, Narnaul, Haryana-123001",,6,"Central PSU (eg. NHAI, AAI, NTP, CIL, SAIL)",Chief Manager,,6,,North,,https://parivesh.nic.in/dms/okm/downloadDocument?docTypemappingId=40828&refId=9082763&refType=caf&uuid=71eff21a-bdc5-4096-a41b-1a22f1538bb8&version=1.0;https://parivesh.nic.in/dms/okm/downloadDocument?docTypemappingId=40828&refId=9082763&refType=caf&uuid=4d988244-35f4-46d9-b260-0e7ea5712f41&version=1.0;https://parivesh.nic.in/dms/okm/downloadDocument?docTypemappingId=40829&refId=9082763&refType=caf&uuid=719440db-0f49-404a-bbc6-9dbc38e6dc2b&version=1.0;https://parivesh.nic.in/dms/okm/downloadDocument?docTypemappingId=58989&refId=9082763&refType=FC&uuid=d3bc23fe-83c3-4bc8-9e16-2aab23e75271&version=1.1,,https://parivesh.nic.in/newupgrade/#/report/ec?proposalId=9084360,1515.0,25556.0
9150799,"Proposed Group Housing, Project at Plot No. PKT-02(a) Pocket-2/ Block-A Sector - 32, Rohini, Delhi",New,SIA/DL/INFRA2/443763/2023,2023-09-09T11:51:33.876+00:00,2024-01-31T12:03:50.343+00:00,EC Granted,0.8216,15040.0,ICE FEEL MOUNT LLP,Ind Tech House Consult,Environment clearance form,TOR,B2,Building / Construction,"Proposed Group Housing, Project at Plot No. PKT-02(a) Pocket-2/ Block-A Sector - 32, Rohini, Delhi",DELHI,Narela,PANSALI,DPCC/SEIAA-IV/C-460/DL/2023,DPCC/SEIAA-IV/C-460/DL/2023,Plot No. PKT-02(a) Pocket-2/ Block-A,Non - Linear,0.8216,0.0,0.8216,0.0,0.0,0.0,0.0,0.0,0,0,0,Not applicable as the project or activity is site specific,,NO,NO,NO,2023-09-20T10:07:42.444+00:00,,,,,,,,,,,,,North,Plot No. PKT-02(a) Pocket-2/ Block-A,https://parivesh.nic.in/dms/okm/downloadDocument?docTypemappingId=40829&refId=9150497&refType=caf&uuid=5b2141a8-0959-46a6-b01e-99342cc302eb&version=1.0,63904,https://parivesh.nic.in/newupgrade/#/report/ec?proposalId=9150799,6200.0,11050.0
10125232,"The Proposed Group Housing at Plot No. 4 to 8, Block-A, Lawrence Road Industrial Area, Delhi-110034 by M/s Asteroid Shelter Homes Pvt. Ltd. The total plot area of the project is 13342.66 Sq.mtr.). The site is earmarked for Residential development as per the local development plan.
The company has vast experience in planning and construction of Residential projects. The project facilities include: 
	Residential Units
	EWS units
	Community hall.
The proposed building complexwill be designed and constructed within the designated site as per the defined building bye-laws and National Building Code 2016,",New,SIA/DL/INFRA2/444446/2023,2023-09-15T06:02:55.954+00:00,2024-03-12T16:42:17.917+00:00,EC Granted,1.3342,20000.0,ASTEROID SHELTERS HOMES PRIVATE LIMITED,Ambiental Global Private Limited,Environment clearance form,TOR,B2,Building / Construction,"Proposed Group Housing Project at Plot No. 4 to 8, Block-A, Lawrence Road Industrial Area, Delhi-110034 by M/s Asteroid Shelter Homes Pvt. Ltd.",DELHI,Saraswati Vihar,SHAKUR PUR,DPCC/SEIAA-IV/C-461/DL/2023,DPCC/SEIAA-IV/C-461/DL/2023,"Plot No. 4 to 8, Block-A, Lawrence Road Industrial Area, Delhi-110034",Non - Linear,1.3342,0.0,1.3342,0.0,0.0,0.0,0.0,0.0,0,0,0,Not applicable as the project or activity is site specific,,NO,NO,NO,2023-10-06T13:25:43.611+00:00,,,,,,,,,,,,,North West,"Plot No. 4 to 8, Block-A, Lawrence Road Industrial Area, Delhi-110034",https://parivesh.nic.in/dms/okm/downloadDocument?docTypemappingId=40829&refId=10124360&refType=caf&uuid=c0054f18-1aef-4d4b-9a7c-9e01d6eca9e3&version=1.0,0,https://parivesh.nic.in/newupgrade/#/report/ec?proposalId=10125232,15020.0,30900.0
15279765,"Construction of Commercial Building at Plot no LP-03-01 at Aerocity Downtown District, Indira Gandhi International Airport, New Delhi The developer of the project is M/S Vinta Realty Ltd. Total Plot area is 24,205.58  sq m. and the total built-up area will be 1,40,140.40 sq m.",New,IA/DL/INFRA2/447373/2024,2023-10-07T08:11:32.645+00:00,2024-12-11T09:46:53.740+00:00,EC Granted,2.42,44800.0,VINTA REALTY LIMITED,Ind Tech House Consult,Environment clearance form,TOR,B2,Building / Construction,"CONSTRUCTION OF COMMERCIAL BUILDING AT PLOT NO  LP-03-01 AT AEROCITY DOWNTOWN DISTRICT, INDIRA GANDHI INTERNATIONAL AIRPORT, NEW DELHI",DELHI,Vasant Vihar,MAHIPALPUR,21-461/2024-IA.III,,LP-03-01,Non - Linear,2.42,0.0,2.42,0.0,0.0,0.0,0.0,0.0,0,0,0,Not applicable as the project or activity is site specific,,NO,NO,NO,2024-09-24T12:32:26.043+00:00,,,,,,,,,,,,,New Delhi,LP-03-01,https://parivesh.nic.in/dms/okm/downloadDocument?docTypemappingId=40829&refId=15277488&refType=caf&uuid=f4b2bf48-7a2d-4fc0-90e1-f14945e11f54&version=1.0,0,https://parivesh.nic.in/newupgrade/#/report/ec?proposalId=15279765,547500.0,2906685.0
16928662,LILO of 765 KV Merrut-Bhiwani Transmission Line at Narela S/S.,New,FP/DL/PWR_TRANS/448829/2023,2023-10-14T06:30:33.825+00:00,2025-02-21T04:53:25.612+00:00,Final Diversion Order Issued,27.5906,10877.0,POWERGRID NARELA TRANSMISSION LIMITED,,Forest clearance form,,,,LILO OF 765 KV Meerut-Bhiwani Tranmission Line at Narela,DELHI,Narela,HARAWALI,,,,Linear,26.8714,0.7192,27.5906,0.0,0.0,0.0,0.0,0.0,0,0,0,YES,,NO,NO,NO,2024-10-17T18:30:00.000+00:00,,,Degraded Forest Land,true,"House No 2052/GF, Sector-1/H/GNNL, Narnaul, Haryana-123001",Narnaul,6,"Central PSU (eg. NHAI, AAI, NTP, CIL, SAIL)",Chief Manager,Narnaul,6,,North,,https://parivesh.nic.in/dms/okm/downloadDocument?docTypemappingId=40828&refId=16927355&refType=caf&uuid=54c191fb-ff59-450c-b62c-cc4cb57d699f&version=1.0;https://parivesh.nic.in/dms/okm/downloadDocument?docTypemappingId=40828&refId=16927355&refType=caf&uuid=a1b990a8-ddcf-4e1f-8ed0-b632b21d613e&version=1.0;https://parivesh.nic.in/dms/okm/downloadDocument?docTypemappingId=40828&refId=16927355&refType=caf&uuid=a1b990a8-ddcf-4e1f-8ed0-b632b21d613e&version=1.2;https://parivesh.nic.in/dms/okm/downloadDocument?docTypemappingId=40828&refId=16927355&refType=caf&uuid=54c191fb-ff59-450c-b62c-cc4cb57d699f&version=1.2;https://parivesh.nic.in/dms/okm/downloadDocument?docTypemappingId=40829&refId=16927355&refType=caf&uuid=250d5afa-44e0-4273-9eb6-4c69330ec113&version=1.0;https://parivesh.nic.in/dms/okm/downloadDocument?docTypemappingId=58989&refId=16927355&refType=FC&uuid=7295537d-4d27-4702-a792-2ce099ba1a49&version=1.0,,https://parivesh.nic.in/newupgrade/#/report/ec?proposalId=16928662,69615.0,102200.0
17858886,"Environment clearance of the project was granted vide file no. DPCC/SEIAA-SEAC/131/11/214 dated 13.08.2012 for 339368.9 built-up area and 1000 nos. of hospital beds.
We had constructed 288802.21 sqm built up area and 825 nos. of hospital beds within valid EC period.
As the construction of service block 9470 sqm is not completed. So we are hereby applying the application for New Environment clearance.",New,SIA/DL/INFRA2/449338/2023,2023-10-18T09:49:21.116+00:00,2024-03-12T16:34:15.950+00:00,EC Granted,12.9499,9769.0,DEEPAK BHUTALE,,Environment clearance form,EC,B1,,"Proposed “Masjid Moth Campus for AIIMS” at Masjid Moth, New Delhi",DELHI,Hauz Khas,MASJID MOTH,DPCC/SEIAA-IV/C-467/DL/2023,DPCC/SEIAA-IV/C-467/DL/2023,Given with Complete Report,Non - Linear,12.9499,0.0,12.9499,0.0,0.0,0.0,0.0,0.0,0,0,0,Not applicable as the project or activity is site specific,,NO,NO,NO,2023-11-16T02:45:59.832+00:00,Building or Construction projects or Area Development projects or Townships,,,,,,,,,,,,South,Given with Complete Report,https://parivesh.nic.in/dms/okm/downloadDocument?docTypemappingId=40829&refId=6308335&refType=caf&uuid=b9fa43b5-919d-4fac-be98-dfc84636d9e7&version=1.0,0,https://parivesh.nic.in/newupgrade/#/report/ec?proposalId=17858886,18450.0,18750.0
18583837,"Nirogi Charitable and Medical Research Trust, At Community Facility Institutional Complex,
Mandawali Fazalpur, Patparganj, Delhi-110092. The total plot area of the project is 8463 m2.
The site is earmarked for institutional development as per the local development plan.",New,IA/DL/INFRA2/449804/2024,2023-10-21T08:55:52.581+00:00,2024-12-11T07:48:08.023+00:00,EC Granted,0.8463,36500.0,NIROGI CHARITABLE AND MEDICAL RESEARCH TRUST,Ind Tech House Consult,Environment clearance form,TOR,B2,Building / Construction,"Nirogi Charitable and Medical Research Trust, At Community Facility Institutional Complex, Mandawali Fazalpur, Patparganj, Delhi-110092",DELHI,Preet Vihar,GAZIPUR,,,,Non - Linear,0.8463,0.0,0.8463,0.0,0.0,0.0,0.0,0.0,0,0,0,NO,Not applicable as the project or activity is site specific,NO,NO,NO,2024-10-13T09:40:21.416+00:00,,,,,,,,,,,,,East,,https://parivesh.nic.in/dms/okm/downloadDocument?docTypemappingId=40829&refId=18582500&refType=caf&uuid=90b19f9c-3990-495a-9ebd-89d67d36beb3&version=1.0,0,https://parivesh.nic.in/newupgrade/#/report/ec?proposalId=18583837,75500.0,30100.0
19751670,"Built Up Area = 38,646.8 sq. m.",New,IA/DL/INFRA2/450287/2023,2023-10-26T10:46:36.994+00:00,,DELISTED_BY_SYSTEM,0.9308,20800.0,JAMIA HAMDARD,Grass Roots Research and Creation India (P) Ltd.,Environment clearance form,TOR,B2,Building / Construction,"Multi-Speciality Hospital Project at Hamdard Nagar, Near Tughlakabad, District- South Delhi, Delhi by Jamia Hamdard.",DELHI,Kalkaji,TUGLAKABAD,,DPCC/SEIAA-IV/P2/C-471/DL/2024,,Linear,0.9308,0.0,0.9308,0.0,0.0,0.0,0.0,0.0,0,0,0,Not applicable as the project or activity is site specific,,NO,NO,NO,2024-02-09T12:30:25.059+00:00,,,,,,,,,,,,,South East,,https://parivesh.nic.in/dms/okm/downloadDocument?docTypemappingId=40829&refId=19750560&refType=caf&uuid=d3feeac4-e4f5-4253-837c-e86bc296c230&version=1.0,0,https://parivesh.nic.in/newupgrade/#/report/ec?proposalId=19751670,101000.0,378380.0
78880055,"There is further modification and expansion proposed in the campus, wherein, certain buildings will be demolished and redeveloped and following 3 blocks will be added:

•	Academic Block-103 (2B+G+6)
•	5 blocks of Type VI Faculty Housing (S+6)
•	2 blocks of Type C Residential Quarter block(S+6)
•	Electric Substation
Demolition and Redevelopment of following blocks is proposed as per C&D Rules, 2016 
-4 blocks of  3488.024 m2 Academic Block and  3 blocks of Type C Residential Quarter block  will be demolish
-1 block of  27472m2 Academic Block-103; 2B +G+6 and 2 Type C Residential Quarter blocks of 4,769.52 m2 (S+6); will be redeveloped",Amendment,IA/DL/INFRA2/483998/2024,2023-11-02T11:50:13.996+00:00,2024-10-28T12:53:27.793+00:00,ToR Granted,126.47,96396.0,INDIAN INSTITUTE OF TECHNOLOGY,Grass Roots Research and Creation India (P) Ltd.,Application for amendment in ToR (for categories A & B1)/Amendment in EC (for category B2)- Form-3,OTHER,B1,Townships/ Area Development Projects / Rehabilitation Centres,"Modification and Expansion of Indian Insititute of Technology located at Hauz Khas, Delhi by Indian Insititute of Technology",DELHI,Mehrauli,BER SARAI,21-350/2017-IA-III,DPCC/SEIAA-IV/C-470/DL/2023,,Non - Linear,126.47,0.0,126.47,0.0,0.0,0.0,0.0,96396.0,0,0,0,Not applicable as the project or activity is site specific,,NO,NO,NO,2024-06-28T11:00:40.614+00:00,,,,,,,,,,,,,South,,https://parivesh.nic.in/dms/okm/downloadDocument?docTypemappingId=40829&refId=21339858&refType=caf&uuid=f8a963a4-43b9-4956-a942-c0f09c237e39&version=1.0,0,https://parivesh.nic.in/newupgrade/#/report/ec?proposalId=78880055,7665.0,6570952.0
21341010,"There is further modification and expansion proposed in the campus, wherein, certain buildings will be demolished and redeveloped and following 3 blocks will be added:

•	Academic Block-103 (2B+G+6)
•	5 blocks of Type VI Faculty Housing (S+6)
•	2 blocks of Type C Residential Quarter block(S+6)
•	Electric Substation
Demolition and Redevelopment of following blocks is proposed as per C&D Rules, 2016 
-4 blocks of  3488.024 m2 Academic Block and  3 blocks of Type C Residential Quarter block  will be demolish
-1 block of  27472m2 Academic Block-103; 2B +G+6 and 2 Type C Residential Quarter blocks of 4,769.52 m2 (S+6); will be redeveloped",Amendment,SIA/DL/INFRA2/451098/2023,2023-11-02T11:50:13.996+00:00,2024-03-12T16:48:38.873+00:00,TOR Granted,126.47,96396.0,INDIAN INSTITUTE OF TECHNOLOGY,Grass Roots Research and Creation India (P) Ltd.,Environment clearance form,TOR,B1,Townships/ Area Development Projects / Rehabilitation Centres,"Modification and Expansion of Indian Insititute of Technology located at Hauz Khas, Delhi by Indian Insititute of Technology",DELHI,Mehrauli,BER SARAI,DPCC/SEIAA-IV/C-470/DL/2023,DPCC/SEIAA-IV/C-470/DL/2023,,Non - Linear,126.47,0.0,126.47,0.0,0.0,0.0,0.0,96396.0,0,0,0,Not applicable as the project or activity is site specific,,NO,NO,NO,2023-12-21T09:50:48.425+00:00,,,,,,,,,,,,,South,,https://parivesh.nic.in/dms/okm/downloadDocument?docTypemappingId=40829&refId=21339858&refType=caf&uuid=f8a963a4-43b9-4956-a942-c0f09c237e39&version=1.0,0,https://parivesh.nic.in/newupgrade/#/report/ec?proposalId=21341010,7665.0,6570952.0
22788529,"Removal of LILO of Bawana-Mandola 400kV D/C line at Maharanibagh S/S and Extension of above LILO section from Maharanibagh upto Narela S/S to from 2x400kV D/C Maharanibagh - Narela Line on M/C tower using twin HTLS conductor under ""Transmission System Strengthening Scheme for evacution of power from Solar Energy Zone in Rajasthan.",New,FP/DL/TRANS/451773/2023,2023-11-08T10:22:20.553+00:00,2025-09-26T13:01:22.139+00:00,Final Diversion Order Issued,130.5894,33306.0,POWER GRID CORPORATION OF INDIA LTD,,Forest clearance form,,,,Removal of LILO of Bawana- Mandola 400kV D/C line at Maharanibagh S/S and Extension of above LILO section from Maharanibagh upto Narela S/S so as to form 2X400kVD/C Maharanibagh- Narela line on Multicircuit tower using Twin HTLS conductor (RTM-Part G1),DELHI,Alipur,AKBARPUR MAZARA,,,,Linear,125.4014,5.188,130.5894,0.0,0.0,0.0,0.0,0.0,0,0,0,YES,,NO,NO,NO,2024-12-17T18:30:00.000+00:00,,,Degraded Forest Land,true,POWERGRID SECTOR 29 GURGAON,,6,"Central PSU (eg. NHAI, AAI, NTP, CIL, SAIL)",Chief Manager,,7,,North,,https://parivesh.nic.in/dms/okm/downloadDocument?docTypemappingId=40828&refId=22526963&refType=caf&uuid=5ff0ab0e-5be7-4850-a975-411622c9ff9d&version=1.0;https://parivesh.nic.in/dms/okm/downloadDocument?docTypemappingId=40829&refId=22526963&refType=caf&uuid=34f1d3a3-6266-4ed6-b066-e1af472dbf9e&version=1.0;https://parivesh.nic.in/dms/okm/downloadDocument?docTypemappingId=40828&refId=22526963&refType=caf&uuid=6ce461d6-fce2-4066-b447-456ad7c9f7d7&version=1.0;https://parivesh.nic.in/dms/okm/downloadDocument?docTypemappingId=58989&refId=22526963&refType=FC&uuid=6a16f76b-d6c8-483a-a434-423fe24f1dcb&version=1.0,,https://parivesh.nic.in/newupgrade/#/report/ec?proposalId=22788529,70525.0,89425.0
26629186,"Project area under the study is situated in southern part of Delhi fall under the Zone UC & J of Master Plan of Delhi. There are several large scale projects that are being executed in the area, but the major concern that was observed during the site visit was that these projects were lacking adequate accessibility. These projects included the development of SAARC University, Housing of CBI and CAPFIMS etc. In addition to these projects there are several plots that were allotted recently by DDA and these locations also warranted the provision of adequate infrastructure facility.
Total length of the road that are to be planned under the present study is 2.664 km",New,FP/DL/ROAD/453305/2023,2023-11-24T14:45:35.294+00:00,,DELISTED_BY_SYSTEM,8.6,4430.0,DELHI DEVELOPMENT AUTHORITY,,Forest clearance form,,,,"Construction of approach road from main Chhatarpur road to SAARC University, CAPFIMS and other establishments at Maidangarhi, and Satbari etc",DELHI,Saket,MADIAN GARHI,,,,Linear,5.0,3.6,8.6,0.0,0.0,0.0,0.0,0.0,0,0,0,Not applicable as the project or activity is site specific,,NO,YES,NO,2023-11-24T15:50:19.153+00:00,,,Non-forest Land,true,"Office of the Executive Engineer, South Maintenance Division-5, AGVC New Delhi-110049",Asian Games Village Complex AGVC,7,Central Government (Department/Autonomous body),"Executive Engineer, SMD-5",,7,"DDA,DDA",South,,https://parivesh.nic.in/dms/okm/downloadDocument?docTypemappingId=40829&refId=26628705&refType=caf&uuid=dfa8ff86-0aac-4b41-93db-96a81af2a74b&version=1.0;https://parivesh.nic.in/dms/okm/downloadDocument?docTypemappingId=59061&refId=26628705&refType=FC&uuid=13463d38-04b2-429b-ba4c-4a8607c3c77b&version=1.0;https://parivesh.nic.in/dms/okm/downloadDocument?docTypemappingId=58989&refId=26628705&refType=FC&uuid=a7dd3d30-86de-4f71-9b42-7964f567fb3d&version=1.0,64074,https://parivesh.nic.in/newupgrade/#/report/ec?proposalId=26629186,4043.0,9135.0
27599760,"The Proposed Development of Bus Depot, Vasant Vihar New Delhi, project on total area measuring 20234.3 m2 is proposed at Vasant Vihar, New Delhi. As per master plan of Delhi the project site falls under Terminal/Depot Rail/MRTS/BUS/Truck which is inconformity with the proposed project.",New,IA/DL/INFRA2/453608/2024,2023-11-28T10:26:48.827+00:00,,DELISTED_BY_SYSTEM,2.023,37486.0,NBCC (INDIA) LIMITED,Ind Tech House Consult,Environment clearance form,TOR,B2,Building / Construction,"Development of Vasant Vihar Bus Depot at vasant Vihar, New Delhi",DELHI,Vasant Vihar,MOHD. PUR MUNIRKA,,,,Non - Linear,2.023,0.0,2.023,0.0,0.0,0.0,0.0,0.0,0,0,0,NO,Not applicable as it is a building construction project,NO,NO,NO,2024-09-24T12:44:56.774+00:00,,,,,,,,,,,,,New Delhi,,https://parivesh.nic.in/dms/okm/downloadDocument?docTypemappingId=40829&refId=27589234&refType=caf&uuid=1750da9f-7a5c-474b-8bf7-7af788d6afff&version=1.0,0,https://parivesh.nic.in/newupgrade/#/report/ec?proposalId=27599760,9250.0,18650.0
28442860,"C/o Flyover at Nand Nagri & Gagan Cinema junction and Underpass at Loni Chowk of Mangal Pandey Marg including Road Signages, Electrical Works, Drainage, RWH and allied works on EPC Mode (MANGAL PANDEY MARG) [Flyover project division F-31, PWD)",New,FP/DL/ROAD/454061/2023,2023-12-01T17:54:32.165+00:00,,DELISTED_BY_SYSTEM,8.0,15.785,Public Works Department,,Forest clearance form,,,,"C/o Flyover at Nand Nagri & Gagan Cinema junction and Underpass at Loni Chowk of Mangal Pandey Marg including Road Signages, Electrical Works, Drainage, RWH and allied works on EPC Mode (MANGAL PANDEY MARG) [Flyover project division F-31, PWD)",DELHI,Seema Puri,MANDOLI,,,0/91,Linear,7.487,0.513,8.0,0.0,0.0,0.0,0.0,0.0,0,0,0,Not applicable as the project or activity is site specific,,NO,NO,NO,2023-12-22T18:30:00.000+00:00,,,,false,"ITPO Project Division, Bhairon Road T Junction Near Pragati Power Station, Ring Road New Delhi",Nand nagri,7,State Government (Department/Autonomous body),Executive Engineer,,7,,Shahdara,0/91,https://parivesh.nic.in/dms/okm/downloadDocument?docTypemappingId=40829&refId=28442692&refType=caf&uuid=4f9cb257-c34c-4d9c-a6ac-2941457ee0b9&version=1.0;https://parivesh.nic.in/dms/okm/downloadDocument?docTypemappingId=58989&refId=28442692&refType=FC&uuid=a3b594f1-f3da-4611-9b8c-fb1939030e36&version=1.0,63982,https://parivesh.nic.in/newupgrade/#/report/ec?proposalId=28442860,85.0,85.0
30489956,"Project area under the study is situated in southern part of Delhi fall under the Zone UC & J of Master Plan of Delhi. There are several large scale projects that are being executed in the area, but the major concern that was observed during the site visit was that these projects were lacking adequate accessibility. These projects included the development of SAARC University, Housing of CBI and CAPFIMS etc. In addition to these projects there are several plots that were allotted recently by DDA and these locations also warranted the provision of adequate infrastructure facility.
Total length of the road that are to be planned under the present study is 2.664 km",New,FP/DL/ROAD/454933/2023,2023-12-09T10:18:15.404+00:00,2026-07-12T15:14:54.064+00:00,Final Diversion Order Issued,8.6,4430.0,DELHI DEVELOPMENT AUTHORITY,,Forest clearance form,,,,"Construction of approach road from main Chhatarpur road to SAARC University, CAPFIMS and other establishments at Maidangarhi, and Satbari etc",DELHI,Saket,MADIAN GARHI,,,,Linear,5.0,3.6,8.6,0.0,0.0,0.0,0.0,0.0,0,0,0,Not applicable as the project or activity is site specific,,NO,YES,NO,2023-12-09T13:37:41.677+00:00,,,,false,"Office of the Executive Engineer, South Maintenance Division-5, AGVC New Delhi-110049",Asian Games Village Complex AGVC,7,Central Government (Department/Autonomous body),"Executive Engineer, SMD-5",,7,,South,,https://parivesh.nic.in/dms/okm/downloadDocument?docTypemappingId=40829&refId=26628705&refType=caf&uuid=dfa8ff86-0aac-4b41-93db-96a81af2a74b&version=1.0;https://parivesh.nic.in/dms/okm/downloadDocument?docTypemappingId=58989&refId=26628705&refType=FC&uuid=3ff9c083-0040-443b-b5f6-f427e5458b6f&version=1.6,64074,https://parivesh.nic.in/newupgrade/#/report/ec?proposalId=30489956,4043.0,9135.0
32857859,Expansion of Facility of All India Institute of Ayurveda,Expansion,SIA/DL/INFRA2/456274/2023,2023-12-21T09:00:38.818+00:00,,DELISTED_BY_SYSTEM,4.053,36900.0,ALL INDIA INSTITUTE OF AYURVEDA,"Open Arch Design and Enviro Solutions LLP, Vashi",Environment clearance form,TOR,B2,Building / Construction,"Environmental Clearance for Construction of All India Institute of Ayurveda at Sarita Vihar, New Delhi",DELHI,Sarita Vihar,MOLAR BAND,,DPCC/SEIAA-IV/P2/C-483/DL/2024,,Non - Linear,4.053,0.0,4.053,0.0,0.0,0.0,24065.0,12835.0,0,0,0,Not applicable as the project or activity is site specific,,NO,NO,NO,2024-04-29T14:45:39.016+00:00,,,,,,,,,,,,,South East,,https://parivesh.nic.in/dms/okm/downloadDocument?docTypemappingId=40829&refId=32850207&refType=caf&uuid=19473586-f28e-4d02-9c2e-7963f4523ee8&version=1.0,64085,https://parivesh.nic.in/newupgrade/#/report/ec?proposalId=32857859,30000.0,60000.0
37607846,Construction of Boys Hostel for VMMC and safdarjung Hospital New Delhi,New,FP/DL/SCH/458153/2024,2024-01-09T13:54:37.440+00:00,,DELISTED_BY_SYSTEM,1.58,6700.0,"Ministry of Health & Family Welfare Dept.,Govt. of India",,Forest clearance form,,,,Construction of Boys Hostel for VMMC and Safdarjung Hospital at West Kidwai Nagar New Delhi,DELHI,Vasant Vihar,NA,,,,Non - Linear,0.0,1.58,1.58,0.0,0.0,0.0,0.0,0.0,0,0,0,Not applicable as the project or activity is site specific,,NO,NO,NO,2024-02-07T18:30:00.000+00:00,,,Non-forest Land,true,"Dy. Director Admin. VMMC and Safdarjung Hospital, New Delhi",,7,Central Government (Department/Autonomous body),Dy. Director (Admin.),,7,DDA,New Delhi,,https://parivesh.nic.in/dms/okm/downloadDocument?docTypemappingId=40829&refId=37606630&refType=caf&uuid=cf8ef786-3b98-4fd0-8436-0fba756a63d3&version=1.0;https://parivesh.nic.in/dms/okm/downloadDocument?docTypemappingId=59061&refId=37606630&refType=FC&uuid=c2d6fdb0-cf13-4991-9b10-92989f25fab3&version=1.0;https://parivesh.nic.in/dms/okm/downloadDocument?docTypemappingId=58989&refId=37606630&refType=FC&uuid=b72e6161-08c7-4655-9de4-1e47c319c046&version=1.0,0,https://parivesh.nic.in/newupgrade/#/report/ec?proposalId=37607846,247500.0,126000.0
39153397,National Highways Authority of India is developing NH-248BB (Dwarka Expressway) with its approaches and interchange at NH-48 and intends to connect it with NH-148AE (Nelson Mandela Marg) in Delhi. NH-248BB ends at the proposed interchange near Shivmurti at NH-48.,New,FP/DL/OTHERS/458849/2024,2024-01-16T04:22:16.036+00:00,,Pending at UA due to EDS by DFO,10.5145,4.08909,MINISTRY OF ROAD TRANSPORT & HIGHWAYS,,Forest clearance form,,,,Construction of a road tunnel for NH-148AE with its approach and connection to NH-248BB in NCT of Delhi,DELHI,Vasant Vihar,RANG PURI,,,"955, 987, 988, 989, 992, 993, 994, 448, 449, 482, 481, 483, 484, 1731, 1523, 1379, 1524, 1611, 1610",Linear,3.0,7.5145,10.5145,0.0,0.0,0.0,0.0,0.0,0,0,0,Not applicable as the project or activity is site specific,,NO,NO,NO,2024-01-21T18:30:00.000+00:00,,,Non-forest Land,true,"National Highways Authority of India
Project Implementation Unit Dwarka 201 E/A, 2nd Floor, D-21 Corporate Park, Dwarka, Sector 21, New Delhi",Samalka Rajokari Rangpuri Masoodpur Mahipalpur,7,Central Government (Department/Autonomous body),Project Director,Dwarka,7,"NHAI,NHAI,NHAI,NHAI",New Delhi,"955, 987, 988, 989, 992, 993, 994, 448, 449, 482, 481, 483, 484, 1731, 1523, 1379, 1524, 1611, 1610",https://parivesh.nic.in/dms/okm/downloadDocument?docTypemappingId=40829&refId=2390374&refType=caf&uuid=ac1c7904-7753-4bcb-a440-167f48585c4d&version=1.0;https://parivesh.nic.in/dms/okm/downloadDocument?docTypemappingId=59061&refId=2390374&refType=FC&uuid=e29fd391-0ab6-433c-b899-487bf999a5bc&version=1.4;https://parivesh.nic.in/dms/okm/downloadDocument?docTypemappingId=58989&refId=2390374&refType=FC&uuid=9b180ebf-5b01-43ed-b772-ee03f50ba82b&version=1.0,64057,https://parivesh.nic.in/newupgrade/#/report/ec?proposalId=39153397,481855.0,22.0
39496447,"The Proposed hotel building project on total asset area measuring 20,352.85 sq.m. is proposed at Hospitality District, Aerocity, IGI Airport, New Delhi-1100037. The proposed site is for hotel development.",New,IA/DL/INFRA2/459191/2024,2024-01-18T11:04:38.388+00:00,2024-11-16T05:53:01.865+00:00,EC Granted,2.035,49000.0,AIRPORT LAND DEVELOPMENT - DELHI INTERNATIONAL AIRPORT LIMITED,Ind Tech House Consult,Environment clearance form,TOR,B2,Building / Construction,"ENVIRONMENT CLEARANCE FOR THE CONSTRUCTION OF HOTEL BUILDING ASSET NO-3 AT HOSPITALITY DISTRICT, AEROCITY, IGI AIRPORT, NEW DELHI-1100037",DELHI,Vasant Vihar,MAHIPALPUR,,DPCC/SEIAA-IV/P2/C-477/DL/2024,Asset no.-3,Non - Linear,2.035,0.0,2.035,0.0,0.0,0.0,0.0,0.0,0,0,0,Not applicable as the project or activity is site specific,,NO,NO,NO,2024-03-19T08:39:32.269+00:00,,,,,,,,,,,,,New Delhi,Asset no.-3,https://parivesh.nic.in/dms/okm/downloadDocument?docTypemappingId=40829&refId=39492324&refType=caf&uuid=1cdbe659-c79a-47b1-8ba0-45fbf629ce81&version=1.1,0,https://parivesh.nic.in/newupgrade/#/report/ec?proposalId=39496447,273000.0,641115.0
39504140,"Proposed Group Housing Project Located at Plot no 82, Block No. B-II, Mohan Cooperative Industrial Estate Ltd., Mathura Road, Badarpur, New Delhi. The total plot area of the project is 27504.78 sq.m and the built-up area of the project is 184457.45 sq.m.",New,IA/DL/INFRA2/459222/2024,2024-01-18T13:08:29.132+00:00,2024-09-23T07:08:44.763+00:00,Standard ToR Granted,2.7505,73920.0,BIRLA ESTATES PRIVATE LIMITED,Ind Tech House Consult,Environment clearance form,TOR,B1,Townships/ Area Development Projects / Rehabilitation Centres,"PROPOSED GROUP HOUSING PROJECT LOCATED AT PLOT NO 82, BLOCK NO. B-II, MOHAN COOPERATIVE INDUSTRIAL ESTATE LTD., MATHURA ROAD, BADARPUR, NEW DELHI",DELHI,Kalkaji,PUL PEHALADPUR,21-432/2024-IA.III,DPCC/SEIAA-IV/P2/C-473(ToR)/DL/2024,"Plot no 82, Block No. B-II",Non - Linear,2.7505,0.0,2.7505,0.0,0.0,0.0,0.0,0.0,0,0,0,Not applicable as the project or activity is site specific,,NO,NO,NO,2024-09-16T10:49:09.132+00:00,,,,,,,,,,,,,South East,"Plot no 82, Block No. B-II",https://parivesh.nic.in/dms/okm/downloadDocument?docTypemappingId=40829&refId=39503619&refType=caf&uuid=25b828fc-22ca-48ec-9bb5-c67ad1ae64b6&version=1.1,64082,https://parivesh.nic.in/newupgrade/#/report/ec?proposalId=39504140,15350.0,152620.0
40527104,Amendment in Environment Clearance,New,SIA/DL/INFRA2/459534/2024,2024-01-22T10:44:22.945+00:00,,DELISTED_BY_SYSTEM,14.9856,16189.0,DELHI AGRICULTURAL MARKETING BOARD,,Application for Amendment in EC- Form-4,OTHER,B1,,"Setting up of Wholesale Market of Flowers (including wholesale Fruit & Vegetable Market and Multi-Level Parking) at IFC Ghazipur, NH-24, New Delhi by M/s Delhi Agricultural Marketing Board (DAMB)",DELHI,Preet Vihar,GAZIPUR,,DPCC/SEIAA-IV/P2/C-486/DL/2024,,Non - Linear,14.9856,0.0,14.9856,0.0,0.0,0.0,0.0,0.0,0,0,0,NO,Proposed project is for Amendment in Environment Clearance.,NO,NO,NO,2024-04-01T11:52:05.980+00:00,Building or Construction projects or Area Development projects or Townships,,,,,,,,,,,,East,,https://parivesh.nic.in/dms/okm/downloadDocument?docTypemappingId=40829&refId=39221140&refType=caf&uuid=af65a184-cd30-4aa1-858c-82ca08cd00fc&version=1.0,0,https://parivesh.nic.in/newupgrade/#/report/ec?proposalId=40527104,2025.0,3850.0
40771575,"Kh. No. 646/1, 646/2, 647, 648, 649, 650, 651, 652/1, 652/2, 652/3 & 653 at Village Chattarpur, Tehsil Maharauli, New Delhi",New,SIA/DL/INFRA2/459579/2024,2024-01-23T07:10:34.786+00:00,,DELISTED_BY_SYSTEM,3.0,8405.0,ROHIT GUPTA,P and M Solutions,Environment clearance form,TOR,B2,Building / Construction,Proposed Modification and Alteration to the Existing Motel Building “Tivoli Garden”,DELHI,Saket,CHHATERPUR,,DPCC/SEIAA-IV/C-492/DL/2024,,Non - Linear,3.0,0.0,3.0,0.0,0.0,0.0,0.0,0.0,0,0,0,Not applicable as the project or activity is site specific,,NO,NO,NO,2024-07-15T12:05:53.547+00:00,,,,,,,,,,,,,South,,https://parivesh.nic.in/dms/okm/downloadDocument?docTypemappingId=40829&refId=40008237&refType=caf&uuid=c3f2549e-d02b-4452-8963-fea0c8e0aebb&version=1.4,64063,https://parivesh.nic.in/newupgrade/#/report/ec?proposalId=40771575,18250.0,18250.0
40787705,"Redevelopment of DTC colony at Shadipur, New Delhi. The land was transferred from DMRC for development of Group Housing Project. The total gross plot area of the project is 27913.65 sq.m., the net plot area of the project is 25739.01 sqm and the built-up area will be 115154 sqm. The project site is earmarked for Residential development as per the local development plan and is being developed as per the local building bye laws.",New,SIA/DL/INFRA2/459641/2024,2024-01-23T11:38:17.965+00:00,2025-12-09T06:48:10.849+00:00,Proposal Withdrawal Request Accepted,2.7913,44628.0,NBCC (INDIA) LIMITED,Ind Tech House Consult,Environment clearance form,TOR,B2,Building / Construction,"Environment Clearance for Redevelopment of DTC colony at Shadipur, New Delhi.",DELHI,Patel Nagar,KHAMPUR RAYA,,,"DTC colony, Shadipur",Non - Linear,2.7913,0.0,2.7913,0.0,0.0,0.0,0.0,0.0,0,0,0,Not applicable as the project or activity is site specific,,NO,NO,NO,2024-09-13T12:23:33.816+00:00,,,,,,,,,,,,,West,"DTC colony, Shadipur",https://parivesh.nic.in/dms/okm/downloadDocument?docTypemappingId=40829&refId=40785631&refType=caf&uuid=fbe1b451-1453-4230-b317-f8b412250ed7&version=1.0,0,https://parivesh.nic.in/newupgrade/#/report/ec?proposalId=40787705,15240.0,10970.0
42888140,"Proposed Group Housing, Project at Plot No. PKT-02(b) Pocket-2/ Block-B Sector - 32, Rohini, Delhi. The total plot area of the project is 7530 sq.m and built-up area 48538.07 sqm",New,IA/DL/INFRA2/460533/2024,2024-01-31T13:35:05.850+00:00,2024-11-16T05:59:18.201+00:00,EC Granted,0.753,10415.0,AMBITION HOMES PRIVATE LIMITED,Ind Tech House Consult,Environment clearance form,TOR,B2,Building / Construction,"PROPOSED GROUP HOUSING, PROJECT AT PLOT NO. PKT-02(B) POCKET-2/ BLOCK-B SECTOR - 32, ROHINI, DELHI",DELHI,Narela,PANSALI,,DPCC/SEIAA-IV/P2/C-474/DL/2024,PKT-02(b) Pocket-2/ Block-B,Non - Linear,0.753,0.0,0.753,0.0,0.0,0.0,0.0,0.0,0,0,0,Not applicable as the project or activity is site specific,,NO,NO,NO,2024-03-02T09:36:24.018+00:00,,,,,,,,,,,,,North,PKT-02(b) Pocket-2/ Block-B,https://parivesh.nic.in/dms/okm/downloadDocument?docTypemappingId=40829&refId=42887896&refType=caf&uuid=14e36004-f49c-457a-ac04-32b53c59de08&version=1.0,63904,https://parivesh.nic.in/newupgrade/#/report/ec?proposalId=42888140,15200.0,10970.0
43141329,"Integrated E-Waste Management Facility ( including activities such as E-Waste collection, dismantling, refurbishing and recycling including resource recovery.",New,IA/DL/IND1/460585/2024,2024-02-01T07:19:31.898+00:00,,DELISTED_BY_SYSTEM,8.5,45000.0,INHARA,,Environment clearance form,TOR,B1,Metallurgical Industries (ferrous and non ferrous),Ewaste Ecopark - 2,DELHI,Narela,HOLAMBIKALAN,IA-J-11011/387/2024-IA-II(IND-I),,,Linear,8.5,0.0,8.5,0.0,0.0,0.0,0.0,0.0,0,0,0,Not applicable as the project or activity is site specific,,NO,NO,NO,2024-02-01T13:23:57.136+00:00,,,,,,,,,,,,,North,,https://parivesh.nic.in/dms/okm/downloadDocument?docTypemappingId=40829&refId=43138303&refType=caf&uuid=3bc757cc-6bd1-4764-98fa-9f3bb364a6cd&version=1.0,63895,https://parivesh.nic.in/newupgrade/#/report/ec?proposalId=43141329,10200.0,540030.0
44783739,"The plot area is 248610.53 sqm (61.43 Acres), net plot area after deducting reserved area for Trumpet as per Zonal Plan & STP and canal area is 203,965.153 sqm (50.40 Acres) and the built-up area will be 268474.92 sqm.",New,IA/DL/INFRA2/462047/2024,2024-02-07T10:40:50.040+00:00,,Forwarded to DD,20.3965,53000.0,WORLDSTREET SPORTS CENTER LIMITED,,Environment clearance form,EC,B1,,Development of Integrated Multi-Sports Arena,DELHI,Dwarka,AMBER HERI,,DPCC/SEIAA-IV/P2/C-472/DL/2024,,Hybrid,20.3965,0.0,20.3965,0.0,0.0,0.0,0.0,0.0,0,0,0,NO,No alternate site has been examined. The Land is allotted by Delhi Development Authority for Development of integrated multi sports Arena,NO,NO,NO,2024-02-07T18:32:45.287+00:00,Building or Construction projects or Area Development projects or Townships,,,,,,,,,,,,South West,,https://parivesh.nic.in/dms/okm/downloadDocument?docTypemappingId=40829&refId=4181902&refType=caf&uuid=a70cf75e-1923-4faa-a69e-fce300fd7ea8&version=1.0,0,https://parivesh.nic.in/newupgrade/#/report/ec?proposalId=44783739,365000.0,418180500.0
48465018,"The Proposed project Construction of 150 Bedded Critical Care Hospital Block Building at AIIMS Trauma Center, New Delhi. The total plot area of the project is 4014 m2 and built-up area 28377.3 sqm",New,IA/DL/INFRA2/463488/2024,2024-02-20T11:00:37.047+00:00,,Proposal returned in present form,0.4014,18092.0,ALL INDIA INSTITUTE OF MEDICAL SCIENCE,Ind Tech House Consult,Environment clearance form,TOR,B2,Building / Construction,"Construction of 150 Bedded Critical Care Hospital Block Building at AIIMS Trauma Center, New Delhi",DELHI,Vasant Vihar,NA,,DPCC/SEIAA-IV/P2/C-487/DL/2024,,Non - Linear,0.4014,0.0,0.4014,0.0,0.0,0.0,0.0,0.0,0,0,0,Not applicable as the project or activity is site specific,,NO,NO,NO,2024-03-20T06:28:56.277+00:00,,,,,,,,,,,,,New Delhi,,https://parivesh.nic.in/dms/okm/downloadDocument?docTypemappingId=40829&refId=48463997&refType=caf&uuid=9a7e469d-5d98-47dd-b232-ebec709ac5c2&version=1.0,0,https://parivesh.nic.in/newupgrade/#/report/ec?proposalId=48465018,6500.0,36550.0
49055183,"The existing district center was developed in 1988 by DDA at Bhikaji Cama Place i.e. before EIA notification 1994 and 2006. Hence, EIA notification was not applicable to the project and Environment Clearance was not obtained. Now, DDA through M/s SOM Project Pvt Ltd are going for Upgradation and Renovation of some structures partially flooring, plastering etc. and construction of some additional shops. The Existing built- up area is 23883 sqm, while other details are not available for existing area. The proposed built-up area will be 1452 sqm. After construction and renovation, the total built-up area will be 25335 sqm. Since the total built-up area after upgradation & renovation is more than 20,000 m2 but less than 1,50, 000 m2, therefore the project is applied under Category B, Schedule 8 (a) of EIA notification 2006, & its amendments.",Expansion,IA/DL/INFRA2/463760/2024,2024-02-22T11:33:28.186+00:00,2024-04-10T06:13:36.954+00:00,Withdrawal Request Accepted,8.6872,6400.0,SOM PROJECTS PRIVATE LIMITED,EQMS Global Pvt. Ltd. formerly known as EQMS India Pvt. Ltd.,Environment clearance form,TOR,B2,Building / Construction,"Upgradation and Renovation of District Centre at Bhikaji Cama Place, Delhi",DELHI,Vasant Vihar,MOHD. PUR MUNIRKA,,,,Non - Linear,8.6872,0.0,8.6872,0.0,0.0,0.0,0.0,6400.0,0,0,0,Not applicable as the project or activity is site specific,,NO,NO,NO,2024-03-05T10:13:21.983+00:00,,,,,,,,,,,,,New Delhi,,https://parivesh.nic.in/dms/okm/downloadDocument?docTypemappingId=40829&refId=49050473&refType=caf&uuid=d185078a-3e47-4035-b7a4-5c5ee3ac7272&version=1.1,0,https://parivesh.nic.in/newupgrade/#/report/ec?proposalId=49055183,153300.0,0.0
50243625,"Proposed Jessa Ram Hospital, Karol Bagh New Delhi. The total plot area of the project is 4640 sq.m. Main use of the building will be as Hospital building. The total plot area of the project is 4640 sq.m and builtup area will be 27380 m2.",New,IA/DL/INFRA2/464396/2024,2024-02-28T12:32:54.575+00:00,2024-12-11T09:35:08.242+00:00,EC Granted,0.464,9583.0,R B SETH JESSA RAM & BROS CHARITABLE HOSPITAL TRUST,Ind Tech House Consult,Environment clearance form,TOR,B2,Building / Construction,"Proposed Jessa Ram Hospital, Karol Bagh, New Delhi",DELHI,Karol Bagh,NA,,DPCC/SEIAA-IV/P2/C-475/DL/2024,,Non - Linear,0.464,0.0,0.464,0.0,0.0,0.0,0.0,0.0,0,0,0,Not applicable as the project or activity is site specific,,NO,NO,NO,2024-03-01T14:41:10.476+00:00,,,,,,,,,,,,,Central,,https://parivesh.nic.in/dms/okm/downloadDocument?docTypemappingId=40829&refId=50241512&refType=caf&uuid=86d49eaa-a809-496c-947e-fe911daa2682&version=1.2,0,https://parivesh.nic.in/newupgrade/#/report/ec?proposalId=50243625,6096.0,18450.0
50271232,"This is existing project having built-up area of 25116.616 sqm.
Construction of the project was completed before EIA notification 2006 and completion drawing was granted on 07.06.2006 which is before EIA notification dated 14.09.2006. Now expansion includes only the addition of one bed room in each flat with attached toilet, utility room and balcony to the existing operational project and built-up area increases from 25116.616 sqm to 32253.876 sqm, so it attracts EIA notification dated 14.09.2006 accordingly we are submitting application for environment clearance.",New,IA/DL/INFRA2/464430/2024,2024-02-29T06:04:41.046+00:00,2024-11-16T06:17:43.534+00:00,EC Granted,0.95,713.0,THE SAWAN COOPERATIVE GROUP HOUSING SOCIETY LIMITED,Ind Tech House Consult,Environment clearance form,TOR,B2,Building / Construction,"Proposed expansion of Sawan CGHS Ltd. Group Housing Society at Plot No.-1, Sector-3, Dwarka, New Delhi. M/s Sawan CGHS Ltd.",DELHI,Patel Nagar,MATIALA,,DPCC/SEIAA-IV/P2/C-476/DL/2024,,Non - Linear,0.95,0.0,0.95,0.0,0.0,0.0,0.0,0.0,0,0,0,Not applicable as the project or activity is site specific,,NO,NO,NO,2024-09-24T06:08:54.309+00:00,,,,,,,,,,,,,West,,https://parivesh.nic.in/dms/okm/downloadDocument?docTypemappingId=40829&refId=50270005&refType=caf&uuid=aa0a0915-73ff-483b-8035-f654a1a9655a&version=1.0,0,https://parivesh.nic.in/newupgrade/#/report/ec?proposalId=50271232,24000.0,8030.0
51048473,"The project is Proposed Addition / Alteration in Maha Laxmi Castle and Villas Private Limited in Bakoli, Alipur, G.T. Karnal Road at Delhi.  The net plot area of the project is 20932.026 Sq.m.  There are 62 guest rooms, banquet hall and a restaurant already existing at the project site.
Existing builtup area of the project is 19,964.07 sqm (10534.17 sqm under operation phase is 10534.17 sqm and 9429.9 under construction) as per approved vide drawing Id no. 10116052 dated 18.10.2023 which is less than 20,000 sqm; hence EC was not applicable.
Now the builtup area is increased from 19,964.07 sqm to 32466.13 sqm which attract EIA notification 2006.",New,IA/DL/INFRA2/464810/2024,2024-03-02T11:21:14.838+00:00,2026-03-13T06:46:08.647+00:00,EC Granted,2.0932,8637.0,MAHALAXMI CASTLES AND VILLAS PRIVATE LIMITED,Ind Tech House Consult,Environment clearance form,TOR,B2,Building / Construction,"Environment Clearance for Proposed Addition / Alteration in Maha Laxmi Castle and Villas Private Limited in Bakoli, Alipur, G.T. Karnal Road At Delhi.",DELHI,Alipur,BAKOLI,,DPCC/SEIAA-IV/P2/C-478/DL/2024,,Non - Linear,2.0932,0.0,2.0932,0.0,0.0,0.0,0.0,0.0,0,0,0,NO,Not applicable as the project or activity is site specific,NO,NO,NO,2024-03-19T07:42:47.494+00:00,,,,,,,,,,,,,North,,https://parivesh.nic.in/dms/okm/downloadDocument?docTypemappingId=40829&refId=51046922&refType=caf&uuid=adab4bc8-83b6-4699-b5a3-9dd3647bf178&version=1.1,63909,https://parivesh.nic.in/newupgrade/#/report/ec?proposalId=51048473,12064.0,118280.0
52200279,"Delhi International Airport Ltd has “Proposed Hospital Building” at LP-03-06, Aerocity, IGI Airport, New Delhi -110037. The proposed project will be developed over a total plot area of 16,453 m2. The proposed project will be developed on vacant land.",New,IA/DL/INFRA2/465440/2024,2024-03-08T10:17:16.481+00:00,2024-11-16T06:23:26.957+00:00,EC Granted,16.453,20000.0,AIRPORT LAND DEVELOPMENT - DELHI INTERNATIONAL AIRPORT LIMITED,EQMS Global Pvt. Ltd. formerly known as EQMS India Pvt. Ltd.,Environment clearance form,TOR,B2,Building / Construction,"“Proposed Hospital Building” at LP-03-06, Aerocity, IGI Airport, New Delhi- 110037 By Delhi International Airport Ltd.",DELHI,Vasant Vihar,MAHIPALPUR,,DPCC/SEIAA-IV/P2/C-482/DL/2024,,Non - Linear,16.453,0.0,16.453,0.0,0.0,0.0,0.0,0.0,0,0,0,NO,No alternative sites examined as the development is as per development plan,NO,NO,NO,2024-04-29T05:51:19.358+00:00,,,,,,,,,,,,,New Delhi,,https://parivesh.nic.in/dms/okm/downloadDocument?docTypemappingId=40829&refId=51592260&refType=caf&uuid=86b4ec77-9711-4a72-a2c2-3f07e3abe188&version=1.0,0,https://parivesh.nic.in/newupgrade/#/report/ec?proposalId=52200279,109500.0,285795.0
57742249,"The existing district center was developed in 1988 by DDA at Bhikaji Cama Place i.e. before EIA notification 1994 and 2006. Hence, EIA notification was not applicable to the project and Environment Clearance was not obtained. Now, DDA through M/s SOM Project Pvt Ltd are going for Upgradation and Renovation of some structures partially flooring, plastering etc. and construction of some additional shops. The Existing built- up area is 23883 sqm, while other details are not available for existing area. The proposed built-up area will be 1452 sqm. After construction and renovation, the total built-up area will be 25335 sqm. Since the total built-up area after upgradation & renovation is more than 20,000 m2 but less than 1,50, 000 m2, therefore the project is applied under Category B, Schedule 8 (a) of EIA notification 2006, & its amendments.",Expansion,IA/DL/INFRA2/467965/2024,2024-04-01T05:54:52.389+00:00,,Proposal returned in present form,8.6872,48809.0,SOM PROJECTS PRIVATE LIMITED,EQMS Global Pvt. Ltd. formerly known as EQMS India Pvt. Ltd.,Environment clearance form,TOR,B2,Building / Construction,"Upgradation and Renovation of District Centre at Bhikaji Cama Place, Delhi",DELHI,Vasant Vihar,MOHD. PUR MUNIRKA,21-431/2024-IA.III,DPCC/SEIAA-IV/P2/C-484/DL/2024,,Non - Linear,8.6872,0.0,8.6872,0.0,0.0,0.0,42409.0,6400.0,0,0,0,NO,Not applicable as the project or activity is site specific,NO,NO,NO,2024-06-03T10:44:30.679+00:00,,,,,,,,,,,,,New Delhi,,https://parivesh.nic.in/dms/okm/downloadDocument?docTypemappingId=40829&refId=57741463&refType=caf&uuid=473bbc2e-81e4-4132-8d62-724952130409&version=1.0,0,https://parivesh.nic.in/newupgrade/#/report/ec?proposalId=57742249,153300.0,0.0
58314181,For forest clearance,New,FP/DL/ROAD/468228/2024,2024-04-03T07:22:17.677+00:00,,DELISTED_BY_SYSTEM,1.0066,25647.0,DIRECTORATE GENERAL ITBPF,,Forest clearance form,,,,"Construction of office building of Directorate General and Central Record Office of ITBP Force on 2.487 acres of land at Sector-10, R.K. Puram, New Delhi-110022",DELHI,Vasant Vihar,MOHD. PUR MUNIRKA,,,3939,Non - Linear,0.0,1.0066,1.0066,0.0,0.0,0.0,0.0,0.0,0,0,0,NO,Not required,NO,NO,NO,2024-04-03T10:12:05.026+00:00,,,Degraded Forest Land,true,Engineering Branch Dte Gen ITBPF CGO Complex Lodhi Road New Delhi,CGO Complex Lodhi Road New Delhi,7,Central Government (Department/Autonomous body),Inspector General (Engr),CGO Complex Lodhi Road New Delhi,7,,New Delhi,3939,https://parivesh.nic.in/dms/okm/downloadDocument?docTypemappingId=40829&refId=43685849&refType=caf&uuid=82f7ba30-be5e-4b19-8aa2-1a5d4b039c89&version=1.0;https://parivesh.nic.in/dms/okm/downloadDocument?docTypemappingId=58989&refId=43685849&refType=FC&uuid=3105e387-d532-49d3-aefa-d3d6e526a6d8&version=1.13,0,https://parivesh.nic.in/newupgrade/#/report/ec?proposalId=58314181,7800.0,480000.0
58337838,"The Proposed commercial building project is located at LP-1B-03 at Gateway District, Aerocity, Indira Gandhi International Airport, New Delhi. The developer of the project is M/s Alborz Developers Limited. Earlier environment clearance for the project was obtained vide F. no. 21-90/2018-IA-III dated 13th November, 2019 for total plot area 32189.13 m2 and built up area 3,27,428 m2 to M/s Delhi International Airport Limited. 

The Transfer of Environment Clearance to M/s Alborz Developers Limited was obtained vide F. No. 21-90/2018-IA-III dated 30th December 2020. 
Now the built-up area will be 2,29,862.47 m2. Therefore, we are applying for amendment in the environment clearance.",Amendment,IA/DL/INFRA2/468251/2024,2024-04-03T09:08:14.117+00:00,2024-11-13T12:05:58.768+00:00,EC Granted,3.2189,77000.0,ALBORZ DEVELOPERS LIMITED,,Application for Amendment in EC- Form-4,OTHER,B1,,"Amendment in Environment Clearance for Development of Commercial Building as LP-1B-03 at Gateway District of Aerocity, IGI Airport, New Delhi",DELHI,Vasant Vihar,MAHIPALPUR,21-90/2018-IA-III,DPCC/SEIAA-IV/P2/C-479/DL/2024,plot no LP 1B-03,Non - Linear,3.2189,0.0,3.2189,0.0,0.0,0.0,0.0,0.0,0,0,0,Not applicable as the project or activity is site specific,,NO,NO,NO,2024-04-16T12:38:56.007+00:00,Building or Construction projects or Area Development projects or Townships,,,,,,,,,,,,New Delhi,plot no LP 1B-03,https://parivesh.nic.in/dms/okm/downloadDocument?docTypemappingId=40829&refId=56645404&refType=caf&uuid=c5faa1fc-7307-47bc-a183-6f92d823eb0f&version=1.1,0,https://parivesh.nic.in/newupgrade/#/report/ec?proposalId=58337838,20500.0,146200.0
58339332,"Earlier Environment Clearance was obtained vide F. no. 21-91/2018-IA-III dated 13th November, 2019 for total plot area 20778 m2 and built-up area 206806 m2 to M/s Delhi International Airport Limited. 
The Transfer of Environment Clearance to M/s Populus Realty Limited was obtained vide F. No. 21-91/2018-IA-III dated 30th December 2020.

Now the built-up area will be 1,42,864.923 m2 Therefore, we are applying for amendment in the environment clearance.",Amendment,IA/DL/INFRA2/468252/2024,2024-04-03T09:13:13.406+00:00,2024-11-04T11:09:26.559+00:00,EC Granted,2.0778,48000.0,POPULUS REALTY LIMITED,,Application for Amendment in EC- Form-4,OTHER,B2,,"Amendment In Environment Clearance for Development of Commercial Building as LP-1B-04 at Gateway District of Aerocity, IGI Airport, New Delhi",DELHI,Vasant Vihar,MAHIPALPUR,21-91/2018-IA-III,DPCC/SEIAA-IV/P2/C-480/DL/2024,Plot No. LP-1B-04,Non - Linear,2.0778,0.0,2.0778,0.0,0.0,0.0,0.0,0.0,0,0,0,Not applicable as the project or activity is site specific,,NO,NO,NO,2024-04-16T13:20:19.287+00:00,Building or Construction projects or Area Development projects or Townships,,,,,,,,,,,,New Delhi,Plot No. LP-1B-04,https://parivesh.nic.in/dms/okm/downloadDocument?docTypemappingId=40829&refId=56662782&refType=caf&uuid=3ed5634e-4acb-43aa-851c-e8ace7add1f8&version=1.0,0,https://parivesh.nic.in/newupgrade/#/report/ec?proposalId=58339332,500020.0,146100.0
58377243,For forest clearance,New,FP/DL/OTHERS/468288/2024,2024-04-03T12:23:31.584+00:00,,DELISTED_BY_SYSTEM,1.0066,25647.0,DIRECTORATE GENERAL ITBPF,,Forest clearance form,,,,"Construction of office building of Directorate General and Central Record Office of ITBP Force on 2.487 acres of land at Sector-10, R.K. Puram, New Delhi-110022",DELHI,Vasant Vihar,MOHD. PUR MUNIRKA,,,3939,Non - Linear,0.0,1.0066,1.0066,0.0,0.0,0.0,0.0,0.0,0,0,0,NO,Not required,NO,NO,NO,2024-04-03T14:52:52.685+00:00,,,Degraded Forest Land,true,Engineering Branch Dte Gen ITBPF CGO Complex Lodhi Road New Delhi,CGO Complex Lodhi Road New Delhi,7,Central Government (Department/Autonomous body),Inspector General (Engr),CGO Complex Lodhi Road New Delhi,7,,New Delhi,3939,https://parivesh.nic.in/dms/okm/downloadDocument?docTypemappingId=40829&refId=43685849&refType=caf&uuid=82f7ba30-be5e-4b19-8aa2-1a5d4b039c89&version=1.0;https://parivesh.nic.in/dms/okm/downloadDocument?docTypemappingId=58989&refId=43685849&refType=FC&uuid=3105e387-d532-49d3-aefa-d3d6e526a6d8&version=1.17,0,https://parivesh.nic.in/newupgrade/#/report/ec?proposalId=58377243,7800.0,480000.0
59696462,"Proposed expansion of Group Housing project at Plot No. PKT-02(a) Pocket-2/ Block-A Sector - 32, Rohini, Delhi. The land has been allotted by DDA in form of Conveyance deed vide File No.-F (7)/2022/GH dated 09.11.2022 for development of Group Housing Project. The total plot area of the project is 8216 sq.m. 
Earlier Environment clearance was granted by SEIAA, Delhi vide file no. DPCC/SEIAA-IV/C-460/DL/2023 dated 31.01.2024 having plot area 8216 sqm and built-up area 50700 sqm.
Now, the built-up area is increasing from 50700 sqm to 53700 sqm. Therefore, we are applying for expansion of the project. The project site is earmarked for Residential development as per the local development plan and is being developed as per the local building bye laws.",Expansion,IA/DL/INFRA2/468764/2024,2024-04-08T12:30:23.103+00:00,2024-12-11T09:25:36.059+00:00,EC Granted,0.8216,15557.0,ICE FEEL MOUNT LLP,Ind Tech House Consult,Environment clearance form,TOR,B2,Building / Construction,"Environment Clearance for Proposed expansion of Group Housing, Project at Plot No. PKT-02(a) Pocket-2/ Block-A Sector - 32, Rohini, Delhi",DELHI,Narela,PANSALI,,DPCC/SEIAA-IV/P2/C-481/DL/2024,Plot No. PKT-02(a) Pocket-2/ Block-A,Non - Linear,0.8216,0.0,0.8216,0.0,0.0,0.0,15040.0,517.0,0,0,0,Not applicable as the project or activity is site specific,,NO,NO,NO,2024-09-24T13:18:41.195+00:00,,,,,,,,,,,,,North,Plot No. PKT-02(a) Pocket-2/ Block-A,https://parivesh.nic.in/dms/okm/downloadDocument?docTypemappingId=40829&refId=59695788&refType=caf&uuid=265a6c82-889d-4146-93ca-0c23cf3daaf9&version=1.0,63904,https://parivesh.nic.in/newupgrade/#/report/ec?proposalId=59696462,18100.0,15715.0
63038158,"The Proposed project Construction of Boys Hostel & Girls Hostel and Its Services (Package- II) Under EPC Mode of Contract at IIT, Delhi By M/s Indian Institute Technology. The total plot area of the project is 12,64,727 m2. 
Earlier environment clearance was obtained MoEF&CC vide file No. 21-350/2017-IA-III dated 26th June 2018 for the plot area 12,67,727 sqm and Built-up area 7,70,563.07 sqm. 
Further that Terms of Reference has been obtained vide F. No. DPCC/SEIAA-IV/C-470(Tor)/DL/2023/2041-2044 dated 12.03.2024 for the built-up area 8,69,304.286 sqm for which EIA was not submitted.  
Now we are proposing for the Hostel block (Boys and Girls) of built-up area 68221.8 sqm, due to which the built-up area of the project will be 9,37,526.09 sqm.",New,IA/DL/INFRA2/470534/2024,2024-04-25T06:04:43.873+00:00,2025-01-22T10:21:10.508+00:00,Withdrawal Request Accepted,126.4727,24135.0,INDIAN INSTITUTE OF TECHNOLOGY,Ind Tech House Consult,Environment clearance form,TOR,B1,Townships/ Area Development Projects / Rehabilitation Centres,"Construction of Boys Hostel & Girls Hostel and its services (Package- II) under EPC mode of contract at IIT, Delhi by M/s Indian Institute Technology",DELHI,Hauz Khas,HAUZ KHAS,,DPCC/SEIAA-IV/P2/C-485 (TOR)/DL/2024,,Non - Linear,126.4727,0.0,126.4727,0.0,0.0,0.0,0.0,0.0,0,0,0,Not applicable as the project or activity is site specific,,NO,NO,NO,2024-04-25T08:03:45.609+00:00,,,,,,,,,,,,,South,,https://parivesh.nic.in/dms/okm/downloadDocument?docTypemappingId=40829&refId=63036302&refType=caf&uuid=508e5e34-0690-4133-9f1a-a75495c3f139&version=1.0,0,https://parivesh.nic.in/newupgrade/#/report/ec?proposalId=63038158,6500.0,10970.0
65347322,"The proposed project is Expansion of “Group Housing” having plot area 11,930.00 sqm and net plot area of 9090.26 sqm.",Expansion,IA/DL/INFRA2/471591/2024,2024-05-03T12:01:46.117+00:00,2025-01-02T08:03:32.807+00:00,EC Granted,1.193,47000.0,ECHO BUILDTECH PRIVATE LIMITED,Perfact Enviro Solutions Pvt. Ltd.,Environment clearance form,TOR,B2,Building / Construction,"Expansion of “Group Housing” located at Khasra No. 8/26/2, at Village Kapashera, Tehsil Vasant Vihar, New Delhi by M/s Echo Buildtech Limited.",DELHI,Kapeshera,KAPASHERA,,DPCC/SEIAA-IV/P2/C-488/DL/2024,,Non - Linear,1.193,0.0,1.193,0.0,0.0,0.0,6842.0,40158.0,0,0,0,NO,No alternative site have been examined.,NO,NO,NO,2024-06-29T13:09:28.607+00:00,,,,,,,,,,,,,South West,,https://parivesh.nic.in/dms/okm/downloadDocument?docTypemappingId=40829&refId=65341278&refType=caf&uuid=4ba43043-377e-46a9-b8ca-0518d0747f7f&version=1.0,64059,https://parivesh.nic.in/newupgrade/#/report/ec?proposalId=65347322,292000.0,0.0
66585585,Single living accommodation is proposed for the army officials,New,FP/DL/ROAD/472259/2024,2024-05-09T02:52:18.111+00:00,,DELISTED_BY_SYSTEM,0.16,450.0,Ministry of Defense,,Forest clearance form,,,,24 living accomodation,DELHI,Vasant Vihar,BASANT NAGAR,,,,Linear,0.0,0.16,0.16,0.0,0.0,0.0,0.0,0.0,0,0,0,Not applicable as the project or activity is site specific,,NO,NO,NO,2024-05-09T05:30:36.565+00:00,,,Degraded Forest Land,true,"AHRR, Delhi Cantt, Duala Kuan, Delhi",,7,Central Government (Department/Autonomous body),Jt. AQM,,7,,New Delhi,,https://parivesh.nic.in/dms/okm/downloadDocument?docTypemappingId=40829&refId=56090826&refType=caf&uuid=f3bc8ae2-46ea-4878-a763-c26dc0a18718&version=1.0;https://parivesh.nic.in/dms/okm/downloadDocument?docTypemappingId=58989&refId=56090826&refType=FC&uuid=eff6d3f3-9ec2-4f60-899c-a690a9c511e6&version=1.10,0,https://parivesh.nic.in/newupgrade/#/report/ec?proposalId=66585585,3025.0,4070.0
67767860,The project is a construction of “Group Housing”,New,IA/DL/INFRA2/472744/2024,2024-05-13T12:01:41.264+00:00,2024-11-16T06:28:22.654+00:00,EC Granted,0.374,9200.0,Sanjay Surana,Perfact Enviro Solutions Pvt. Ltd.,Environment clearance form,TOR,B2,Building / Construction,"Group Housing at Khasra no.219/220 part at Sindhora kalan Village Gulabi Bagh by Sanjay Surana, Suraj Mal Surana & Chandrika Surana.",DELHI,Civil Lines,SADORA KALAN,,DPCC/SEIAA-IV/C-490/DL/2024,Khasra no 219/220,Non - Linear,0.374,0.0,0.374,0.0,0.0,0.0,0.0,0.0,0,0,0,NO,No Alternative site have been examined.,NO,NO,NO,2024-06-24T12:55:52.193+00:00,,,,,,,,,,,,,Central,Khasra no 219/220,https://parivesh.nic.in/dms/okm/downloadDocument?docTypemappingId=40829&refId=67761574&refType=caf&uuid=08b2ae45-25f7-4895-a395-728d708c585b&version=1.0,0,https://parivesh.nic.in/newupgrade/#/report/ec?proposalId=67767860,75000.0,328500.0
71669254,The proposed project is the Expansion of Hospital with a plot area of 5100.00 sqm and net plot area of 5082.201 sqm.,Expansion,SIA/DL/INFRA2/476657/2024,2024-05-28T09:22:39.412+00:00,,DELISTED_BY_SYSTEM,0.51,12280.0,BHARAT PRAKRITIK CHIKITSA MISSION,Perfact Enviro Solutions Pvt. Ltd.,Environment clearance form,TOR,B2,Building / Construction,Expansion of Hospital,DELHI,Saraswati Vihar,YAKUT PUR,,,,Non - Linear,0.51,0.0,0.51,0.0,0.0,0.0,0.0,12280.0,0,0,0,NO,No alternate site has been examined.,NO,NO,NO,2024-05-31T08:47:54.534+00:00,,,,,,,,,,,,,North West,,https://parivesh.nic.in/dms/okm/downloadDocument?docTypemappingId=40829&refId=71658559&refType=caf&uuid=6016d0d4-6f5a-4b64-b5a3-519322da851a&version=1.0,0,https://parivesh.nic.in/newupgrade/#/report/ec?proposalId=71669254,164250.0,0.0
72255098,"Jamia Hamdard (Hamdard University) is an institute of higher education located in South Delhi, New Delhi. It was established prior to EIA Notification, 2004, therefore EC is not applicable for existing buildings.
Following existing buildings were constructed post EIA Notification, 2006, however, their combined built-up area is 16,756.56 sqm (i.e. less than 20,000 sqm), hence EC was not required:
•	New Hospital Building (Built-up area = 16,700.8 sqm, Year of Construction = 2017)
•	Pump Room (Built-up area = 55.76 sqm, Year of Construction = 2017) 
The proposed Multi-Speciality Hospital & Research Centre has built-up area = 42,123.58 sqm and requires EC from SEIAA, Delhi.",New,SIA/DL/INFRA2/477477/2024,2024-05-30T11:17:12.374+00:00,,DELISTED_BY_SYSTEM,2.116,20800.0,JAMIA HAMDARD,Grass Roots Research and Creation India (P) Ltd.,Environment clearance form,TOR,B2,Building / Construction,Multi-Speciality Hospital & Research Centre by Jamia Hamdard (Hamdard University),DELHI,Kalkaji,TUGLAKABAD,,DPCC/SEIAA-IV/P2/C-495/DL/2024,,Non - Linear,2.116,0.0,2.116,0.0,0.0,0.0,0.0,0.0,0,0,0,Not applicable as the project or activity is site specific,,NO,NO,NO,2024-07-29T07:15:11.770+00:00,,,,,,,,,,,,,South East,,https://parivesh.nic.in/dms/okm/downloadDocument?docTypemappingId=40829&refId=72252723&refType=caf&uuid=4fa8bade-2a34-489d-973e-2e8de4e111e0&version=1.1,0,https://parivesh.nic.in/newupgrade/#/report/ec?proposalId=72255098,101000.0,29580.0
72516179,"Near village- Chapara , Tehsil-Pahari, District- Bharatpur (Rajasthan)",New,IA/DL/MIN/477991/2024,2024-05-31T13:49:37.982+00:00,,DELISTED_BY_SYSTEM,1.0,40.0,SANYAM JAIN,,Application for Transfer of EC- Form-7,OTHER,B2,,"“Transfer of Earlier EC Granted from Sh. Sanjeev Mittal  to Sh. Sanyam Jain , Existing “Masonry stone (Minor Mineral)” Mining Project, ML. No. 117/11, Area:- 1.00 Hect. (Non-Forest) with Production capacity- 112543 TPA at Near village- Chapara , Tehsil-Pahari, District- Bharatpur (Rajasthan)",DELHI,Pahari,CHHAPRA,,1746-54,,Linear,1.0,0.0,1.0,0.0,0.0,0.0,0.0,0.0,0,0,0,Not applicable as the project or activity is site specific,,NO,NO,NO,2024-05-31T14:01:11.234+00:00,,,,,"1/3006/B-2 1ST FLOOR' GALI NO.16, NEAR JAIN MANDIR RAM NAGAR EXT. MANDOLI ROAD VTC. SHAHARA",,7,Individual,owner,,7,,Bharatpur,,https://parivesh.nic.in/dms/okm/downloadDocument?docTypemappingId=40829&refId=72509762&refType=caf&uuid=1a2bd0ec-35ba-4ab8-bc3f-1d758e76db39&version=1.0,73879,https://parivesh.nic.in/newupgrade/#/report/ec?proposalId=72516179,0.0,3600.0
74082024,The proposed project is Construction of Building Campus with a plot area of 7744.00 sqm.,New,SIA/DL/INFRA2/479400/2024,2024-06-06T09:08:32.076+00:00,,DELISTED_BY_SYSTEM,0.7744,20000.0,The Federation of Indian Chambers of Commerce And Industry,Perfact Enviro Solutions Pvt. Ltd.,Environment clearance form,TOR,B2,Building / Construction,Construction of Building Campus at Mandi House by Federation of Indian Chambers of Commerce & Industry,DELHI,Chanakya Puri,NA,,,,Non - Linear,0.7744,0.0,0.7744,0.0,0.0,0.0,0.0,0.0,0,0,0,NO,No alternate site has been examined.,NO,NO,NO,2024-06-25T14:54:03.201+00:00,,,,,,,,,,,,,New Delhi,,https://parivesh.nic.in/dms/okm/downloadDocument?docTypemappingId=40829&refId=74062996&refType=caf&uuid=f95b9aa9-2e87-4d68-84ec-7c446352b4b4&version=1.3,0,https://parivesh.nic.in/newupgrade/#/report/ec?proposalId=74082024,292000.0,7438700.0
74746945,"There is further modification and expansion proposed in the campus, wherein, certain buildings will be demolished and redeveloped and following 3 blocks will be added:

•	Academic Block-103 (2B+G+6)
•	5 blocks of Type VI Faculty Housing (S+6)
•	2 blocks of Type C Residential Quarter block(S+6)
•	Electric Substation
Demolition and Redevelopment of following blocks is proposed as per C&D Rules, 2016 
-4 blocks of  3488.024 m2 Academic Block and  3 blocks of Type C Residential Quarter block  will be demolish
-1 block of  27472m2 Academic Block-103; 2B +G+6 and 2 Type C Residential Quarter blocks of 4,769.52 m2 (S+6); will be redeveloped",Amendment,IA/DL/INFRA2/479971/2024,2024-06-08T10:25:26.864+00:00,2025-02-21T04:54:46.171+00:00,EC Granted,126.47,96396.0,INDIAN INSTITUTE OF TECHNOLOGY,,Environment clearance form,EC,B1,,"Modification and Expansion of Indian Insititute of Technology located at Hauz Khas, Delhi by Indian Insititute of Technology",DELHI,Mehrauli,BER SARAI,,DPCC/SEIAA-IV/C-470/DL/2023,,Non - Linear,126.47,0.0,126.47,0.0,0.0,0.0,0.0,96396.0,0,0,0,Not applicable as the project or activity is site specific,,NO,NO,NO,2024-12-06T05:23:06.107+00:00,Building or Construction projects or Area Development projects or Townships,,,,,,,,,,,,South,,https://parivesh.nic.in/dms/okm/downloadDocument?docTypemappingId=40829&refId=21339858&refType=caf&uuid=f8a963a4-43b9-4956-a942-c0f09c237e39&version=1.0,0,https://parivesh.nic.in/newupgrade/#/report/ec?proposalId=74746945,7665.0,6570952.0
76663047,The proposed project is Group Housing with total plot area of 5353.61 sqm and net development area of 5277.12 sqm.,New,IA/DL/INFRA2/481309/2024,2024-06-14T11:37:08.385+00:00,2025-01-13T06:40:39.949+00:00,EC Granted,0.5353,14500.0,R R Texknit LLP,Perfact Enviro Solutions Pvt. Ltd.,Environment clearance form,TOR,B2,Building / Construction,Group Housing by R R Texknit LLP.,DELHI,Mehrauli,MEHRAULI,,DPCC/SEIAA-IV/P2/C-489/DL/2024,,Non - Linear,0.5353,0.0,0.5353,0.0,0.0,0.0,0.0,0.0,0,0,0,NO,No alternate site has been examined.,YES,NO,NO,2024-09-24T12:18:24.863+00:00,,,,,,,,,,,,,South,,https://parivesh.nic.in/dms/okm/downloadDocument?docTypemappingId=40829&refId=76616605&refType=caf&uuid=b33df36d-1d06-42ba-ad27-5e6fa92de7d8&version=1.0,0,https://parivesh.nic.in/newupgrade/#/report/ec?proposalId=76663047,273750.0,211800.0
77088294,"The proposed project is development of “Delhi Sports University” located at Village Ghevra, New Delhi on Land measuring 3,21,472.00 sqm (79.44 acres). Construction of the project has been assigned to PWD, all necessary clearance will be obtained by the PWD.",New,SIA/DL/INFRA2/482099/2024,2024-06-18T07:21:15.643+00:00,,DELISTED_BY_SYSTEM,32.1472,2.172,Public Works Department (Delhi Sports University),Aplinka Solutions & Technologies Private Limited,Environment clearance form,TOR,B1,Townships/ Area Development Projects / Rehabilitation Centres,Delhi Sports University,DELHI,Kanjhawala,GHEWRA,,,,Non - Linear,32.1472,0.0,32.1472,0.0,0.0,0.0,0.0,0.0,0,0,0,Not applicable as the project or activity is site specific,,NO,NO,NO,2024-06-18T14:06:03.965+00:00,,,,,,,,,,,,,North West,,https://parivesh.nic.in/dms/okm/downloadDocument?docTypemappingId=40829&refId=75312332&refType=caf&uuid=84360d95-ebfb-4b69-bb8e-e92c7ead4be4&version=1.2,63939,https://parivesh.nic.in/newupgrade/#/report/ec?proposalId=77088294,200.0,350.0
78889705,"The Proposed site is for establishment of Sanitary Landfill Facility for inert material of MSW and development of sanitary landfill with other ancillary facilities as per details below:
Sanitary Landfill: Total Area: -49 Acre 03 Bigha 19 Biswa
Capacity of SLF Facility: 600TPD
Sanitary landfill area – 105000 sqmt",New,SIA/DL/INFRA2/484030/2024,2024-06-26T10:30:01.595+00:00,,DELISTED_BY_SYSTEM,20.83,8500.0,Executive Engineer SLF BHALSWA MCD,Natureanalytica Envirocare Solutions Pvt Ltd.,Environment clearance form,TOR,B1,Common Municipal Solid Waste Management Facility (CMSWMF),"Proposed Municipal Solid Waste Management Sanitary Landfill Facility at Sultanpur-Dabas, Delhi",DELHI,Kapeshera,GUMAN HERA,,DPCC/SEIAA-IV/C-491(TOR)/DL/2024,,Non - Linear,0.0,20.83,20.83,0.0,0.0,0.0,0.0,0.0,0,0,0,YES,,YES,NO,NO,2024-07-01T10:03:59.769+00:00,,,,,,,,,,,,,South West,,https://parivesh.nic.in/dms/okm/downloadDocument?docTypemappingId=40828&refId=78237152&refType=caf&uuid=13747ff7-2bd6-41ea-b544-bdb5ea9df06a&version=1.0;https://parivesh.nic.in/dms/okm/downloadDocument?docTypemappingId=40828&refId=78237152&refType=caf&uuid=6b29b824-6f5f-417f-8917-d436c934920b&version=1.0;https://parivesh.nic.in/dms/okm/downloadDocument?docTypemappingId=40829&refId=78237152&refType=caf&uuid=8837e13f-8648-48bb-bae4-6c97e79cec75&version=1.0,,https://parivesh.nic.in/newupgrade/#/report/ec?proposalId=78889705,73000.0,547500.0
78922664,Permission for tree cutting at Railway Land Parcel Plot B at Ashok Vihar,New,FP/DL/ROAD/484131/2024,2024-06-26T17:33:56.807+00:00,,Rejected in PSC-I,7.87,4.865,Rail Land development authority,,Forest clearance form,,,,"Noc for tree cutting at Railway Land Parcel at Ashok Vihar, Delhi, Village- Wazirpur & Sadhora Kalan",DELHI,Narela,BHOR GARH,,,,Hybrid,0.0,7.87,7.87,0.0,0.0,0.0,0.0,0.0,0,0,0,Not applicable as the project or activity is site specific,,NO,NO,NO,2024-10-23T18:30:00.000+00:00,,https://parivesh.nic.in/dms/okm/downloadDocument?docTypemappingId=59020&refId=78922663&refType=fc&uuid=1bab971b-32ba-4c53-8a71-2e3a51dbd2c9&version=1.0,Non-forest Land,true,"Unit No. 702-B, 7th Floor, Konnectus Tower -2, DMRC Building, Ajmeri Gate, Delhi - 110002",,7,Central Government (Department/Autonomous body),Authorised Signatory,,7,"RLDA,RLDA,RLDA",North,,https://parivesh.nic.in/dms/okm/downloadDocument?docTypemappingId=40829&refId=78597959&refType=caf&uuid=bf5d46f7-59e2-4e8d-92fc-adf5dcb6fc10&version=1.0;https://parivesh.nic.in/dms/okm/downloadDocument?docTypemappingId=59061&refId=78597959&refType=FC&uuid=1dacd692-df1a-4d7a-95ef-47cde889e063&version=1.0;https://parivesh.nic.in/dms/okm/downloadDocument?docTypemappingId=58989&refId=78597959&refType=FC&uuid=2c9f7f8d-93c1-4393-8b37-ddceeeae3d1c&version=1.0,63906,https://parivesh.nic.in/newupgrade/#/report/ec?proposalId=78922664,261200.0,144200.0
81271231,As there is increase in the strength of Students and Faculty in IIT Delhi with the addition of New Courses.,New,FP/DL/OTHERS/485754/2024,2024-07-04T05:53:35.299+00:00,,DELISTED_BY_SYSTEM,4.0,26387.0,Indian institute of technology,,Forest clearance form,,,,Construction of academic block and Faculty hostel in Indian Institute of Technology,DELHI,Mehrauli,BER SARAI,,,"0/24, 0/25, 0/26,0/48, 0/49",Non - Linear,0.67,3.33,4.0,0.0,0.0,0.0,0.0,0.0,0,0,0,Not applicable as the project or activity is site specific,,NO,NO,NO,2024-07-04T06:13:26.936+00:00,,,,false,"IIT Delhi, Hauz Khas, New Delhi - 110016",Hauz Khas,7,Trust/NGO/Partnership,Executive Engineer Civil,Hauz Khas,7,,South,"0/24, 0/25, 0/26,0/48, 0/49",https://parivesh.nic.in/dms/okm/downloadDocument?docTypemappingId=40829&refId=75945053&refType=caf&uuid=7b71fb8e-60d7-4490-bbe2-c33a9ea82c36&version=1.0;https://parivesh.nic.in/dms/okm/downloadDocument?docTypemappingId=58989&refId=75945053&refType=FC&uuid=6835ffa1-11cb-49fb-a208-2b2b6074b554&version=1.0,0,https://parivesh.nic.in/newupgrade/#/report/ec?proposalId=81271231,1599.0,9125.0
82452691,Proposed project is Hotel project with plot Area 7220.40 sqm,New,IA/DL/INFRA2/486652/2024,2024-07-08T12:46:36.116+00:00,2025-01-22T10:26:22.754+00:00,Proposal Withdrawal Request Accepted,0.722,20000.0,JMJ GANPATIJI MAHARAJA HOSPITALITY PRIVATE LIMITED,,Application for Transfer of EC- Form-7,OTHER,B2,,"Expansion of Hotel at Plot No. 1, Wazirpur District Centre, Delhi",DELHI,Saraswati Vihar,YAKUT PUR,21-19/2019-IA-III,DPCC/SEIAA-IV/P2/C-494/DL/2024,,Non - Linear,0.722,0.0,0.722,0.0,0.0,0.0,0.0,0.0,0,0,0,Not applicable as the project or activity is site specific,,NO,NO,NO,2024-09-27T10:29:46.786+00:00,,,,,"Plot No. 1 & 2, Netaji Subhash Place, Wazirpur District Centre, Pitampura, Delhi",,7,Private Limited,Authorized Signatory,,7,,North West,,https://parivesh.nic.in/dms/okm/downloadDocument?docTypemappingId=40829&refId=82448656&refType=caf&uuid=e5e969fc-b8b0-48f1-9615-a0b7382c89b1&version=1.0,0,https://parivesh.nic.in/newupgrade/#/report/ec?proposalId=82452691,15200.0,18300.0
82715862,"The building project “Expansion of Hotel at Plot No. 2, Wazirpur District Center, Delhi” The total plot area of the project is 7030.4 sqm.",New,IA/DL/INFRA2/486755/2024,2024-07-09T07:44:11.122+00:00,2025-01-22T10:30:11.672+00:00,Proposal Withdrawal Request Accepted,0.703,20000.0,JMJ GANPATIJI MAHARAJA HOSPITALITY PRIVATE LIMITED,,Application for Transfer of EC- Form-7,OTHER,B2,,"Expansion of Hotel at Plot No. 2, Wazirpur District Centre, Delhi",DELHI,Saraswati Vihar,SHAKUR PUR,21-20/2019-IA-III,21-20/2019-IA-III,,Non - Linear,0.703,0.0,0.703,0.0,0.0,0.0,0.0,0.0,0,0,0,Not applicable as the project or activity is site specific,,NO,NO,NO,2024-09-27T10:54:02.425+00:00,,,,,"Plot No. 1 & 2, Netaji Subhash Place, Wazirpur District Centre, Pitampura, Delhi",Pitampura,7,Private Limited,Authorized Signatory,Pitampura,7,,North West,,https://parivesh.nic.in/dms/okm/downloadDocument?docTypemappingId=40829&refId=82710339&refType=caf&uuid=cf713f64-c4b4-4fa0-9b42-fcb9e65cab54&version=1.0,0,https://parivesh.nic.in/newupgrade/#/report/ec?proposalId=82715862,15200.0,18300.0
82743257,"Earlier EC was granted vide File no. - DPCC/SEIAA-IV/C-402/DL/2022 dated 22.09.2022 having plot area of 92146.77 sqm and built-up area of 446597.00 sqm.
Now, the built-up area is increasing from 446597 sqm to 469104.008 sqm.
Therefore, we are applying for expansion of the project.",Expansion,IA/DL/INFRA2/486843/2024,2024-07-09T11:00:11.026+00:00,2024-09-23T06:52:30.056+00:00,Standard ToR Granted,9.2145,1.973,ANGELICA DEVELOPERS LIMITED,Ind Tech House Consult,Environment clearance form,TOR,B1,Townships/ Area Development Projects / Rehabilitation Centres,"Expansion of Mega Commercial Development at Plot no. LP 1B 02 Gateway District, Aerocity, Indira Gandhi International Airport, New Delhi",DELHI,Vasant Vihar,MAHIPALPUR,21-433/2024-IA.III,DPCC/SEIAA-IV/P2/C-496/DL/2024,,Non - Linear,9.2145,0.0,9.2145,0.0,0.0,0.0,115000.0,82300.0,0,0,0,Not applicable as the project or activity is site specific,,NO,NO,NO,2024-08-02T07:26:38.735+00:00,,,,,,,,,,,,,New Delhi,,https://parivesh.nic.in/dms/okm/downloadDocument?docTypemappingId=40829&refId=82740296&refType=caf&uuid=b0cdf791-1acb-4908-9ff5-6057dd1e2462&version=1.0,0,https://parivesh.nic.in/newupgrade/#/report/ec?proposalId=82743257,500000.0,10.0
82751322,"All India Institute of Medical Science, Ansari Nagar, New Delhi",Expansion,SIA/DL/INFRA2/486866/2024,2024-07-09T11:56:56.953+00:00,,DELISTED_BY_SYSTEM,61.7348,15.73892,ALL INDIA INSTITUTE OF MEDICAL SCIENCE,ENV Developmental Assistance Systems (India) Pvt. Ltd.,Environment clearance form,TOR,B1,Townships/ Area Development Projects / Rehabilitation Centres,Expansion of redevelopment of All India Institute of Medical Sciences,DELHI,Defence Colony,KOTLA MUBARAKPUR,,DPCC/SEIAA-IV/P2/C-493 (TOR)/DL/2024,,Non - Linear,61.7348,0.0,61.7348,0.4014,0.0,0.4014,1555800.0,18092.0,0,0,0,Not applicable as the project or activity is site specific,,NO,NO,NO,2024-07-11T07:57:09.511+00:00,,,,,,,,,,,,,South East,,https://parivesh.nic.in/dms/okm/downloadDocument?docTypemappingId=40829&refId=82747124&refType=caf&uuid=06802fa8-d6fd-4fdf-9eed-0993ec2ce313&version=1.0,0,https://parivesh.nic.in/newupgrade/#/report/ec?proposalId=82751322,6500.0,54800.0
83074182,Providing & Laying 300 mm to 1400 mm dia internal and peripheral sewer line in Zindpur GOC falling under Zindpur WWTP catchment area in Narela (AC-1) & Burari AC-2.,New,FP/DL/OTHERS/487050/2024,2024-07-10T10:52:35.785+00:00,,Pending at UA for Compliance Report,0.0858,30000.0,Ashish kumar,,Forest clearance form,,,,Providing & Laying 300 mm to 1400 mm dia internal and peripheral sewer line in Zindpur GOC falling under Zindpur WWTP catchment area in Narela (AC-1) & Burari AC-2.,DELHI,Alipur,MUKHMALPUR,,,,Linear,0.0,0.0858,0.0858,0.0,0.0,0.0,0.0,0.0,0,0,0,Not applicable as the project or activity is site specific,,NO,NO,NO,2025-11-07T18:30:00.000+00:00,,,Non-forest Land,true,"Office Of Executive Engineer (C) Dr-III, Delhi Jal Board, Kanhaiya Nagar, New Delhi-110035.",,7,Individual,Executive Engineer,,7,Delhi Jal Board,North,,https://parivesh.nic.in/dms/okm/downloadDocument?docTypemappingId=40829&refId=83071549&refType=caf&uuid=7f3ab860-8f0a-4895-abca-f03d445f0515&version=1.0;https://parivesh.nic.in/dms/okm/downloadDocument?docTypemappingId=59061&refId=83071549&refType=FC&uuid=f079f295-89fd-45c4-a6d5-466e42aa95f7&version=1.0;https://parivesh.nic.in/dms/okm/downloadDocument?docTypemappingId=58989&refId=83071549&refType=FC&uuid=09439786-73d6-4bf8-959e-b65bb25fcbae&version=1.0,63911,https://parivesh.nic.in/newupgrade/#/report/ec?proposalId=83074182,610.0,610.0
84215429,"Permission fo tree cutting at Railway Land Parcel Plot A at Ashok Vihar, Delhi, Village- Wazirpur & Sadhora Kalan",New,FP/DL/ROAD/487766/2024,2024-07-14T08:18:32.565+00:00,,DELISTED_BY_SYSTEM,2.89,16300.0,Rail Land development authority,,Forest clearance form,,,,"Noc for tree cutting at Railway Land Parcel Plot A at Ashok Vihar, Delhi, Village- Wazirpur & Sadhora Kalan",DELHI,Civil Lines,SADORA KALAN,,,,Hybrid,0.0,2.89,2.89,0.0,0.0,0.0,0.0,0.0,0,0,0,Not applicable as the project or activity is site specific,,NO,NO,NO,2024-10-23T18:30:00.000+00:00,,,Non-forest Land,true,"Unit No. 702-B, 7th Floor, Konnectus Tower -2, DMRC Building, Ajmeri Gate, Delhi - 110002",,7,Central Government (Department/Autonomous body),Authorised signatory,,7,"RLDA,RLDA",Central,,https://parivesh.nic.in/dms/okm/downloadDocument?docTypemappingId=40829&refId=84214830&refType=caf&uuid=dc9c7040-4846-48e1-b62e-be43c097ab73&version=1.0;https://parivesh.nic.in/dms/okm/downloadDocument?docTypemappingId=59061&refId=84214830&refType=FC&uuid=5eba3587-d246-4aab-910c-42efc741ad5a&version=1.0;https://parivesh.nic.in/dms/okm/downloadDocument?docTypemappingId=58989&refId=84214830&refType=FC&uuid=6f65ca2b-e450-4766-8cca-bdce4f6e75f9&version=1.0,0,https://parivesh.nic.in/newupgrade/#/report/ec?proposalId=84215429,261360.0,147600.0
85077702,"Proposed Group Housing at Lodhi Railway Colony, Lodhi Road, Delhi by M/S Sawasdee Projects Private Limited. The total plot area of the project is 10744.44 sq.m. and builtup area will be 55494.71 s.qm. 
   
The project site is earmarked as Residential land as per the master plan of Delhi. Main use of the building will be residential building. The proposed building will be designed and constructed within the designated site as per the defined building bye-laws",New,IA/DL/INFRA2/488291/2024,2024-07-17T06:55:51.717+00:00,2024-11-16T06:39:37.021+00:00,EC Granted,1.0744,20906.0,SAWASDEE PROJECTS PRIVATE LIMITED,Ind Tech House Consult,Environment clearance form,TOR,B2,Building / Construction,"Proposed Group Housing at Lodhi Railway Colony, Lodhi Road, Delhi",DELHI,Defence Colony,NA,,DPCC/SEIAA-IV/P2/C-494/DL/2024,,Non - Linear,1.0744,0.0,1.0744,0.0,0.0,0.0,0.0,0.0,0,0,0,Not applicable as the project or activity is site specific,,NO,NO,NO,2024-08-05T06:28:52.752+00:00,,,,,,,,,,,,,South East,,https://parivesh.nic.in/dms/okm/downloadDocument?docTypemappingId=40829&refId=84810585&refType=caf&uuid=c723210a-76b9-4fc6-a279-45cf0d546e18&version=1.0,0,https://parivesh.nic.in/newupgrade/#/report/ec?proposalId=85077702,30200.0,32870.0
86554867,Proposed redevelopment of existing railway colony at sewa nagar Delhi is being developed by  M/S Sawasdee Projects Private Limited. The total plot area of the project is 27287.42 sq.m. and builtup area will be 33364.44 s.qm.,New,SIA/DL/INFRA2/489274/2024,2024-07-22T13:35:48.570+00:00,2025-12-09T06:53:13.016+00:00,Proposal Withdrawal Request Accepted,2.7287,80.0,SAWASDEE PROJECTS PRIVATE LIMITED,Ind Tech House Consult,Environment clearance form,TOR,B2,Building / Construction,"ENVIRONMENT CLEARANCE FOR REDEVELOPMENT OF EXISTING RAILWAY COLONY AT SEWA NAGAR, DELHI",DELHI,Defence Colony,NA,,,,Linear,2.7287,0.0,2.7287,0.0,0.0,0.0,0.0,0.0,0,0,0,Not applicable as the project or activity is site specific,,NO,NO,NO,2024-09-07T12:13:18.640+00:00,,,,,,,,,,,,,South East,,https://parivesh.nic.in/dms/okm/downloadDocument?docTypemappingId=40829&refId=86553995&refType=caf&uuid=4511d733-dce4-49a2-8fdd-7d05e57142bf&version=1.0,0,https://parivesh.nic.in/newupgrade/#/report/ec?proposalId=86554867,15100.0,7330.0
92172190,"Proposed Medical College attached to Atal Bihari Vajpayee Institute of Medical Sciences & Dr. Ram Manohar Lohia Hospital at Baba Kharak Singh Marg Area, New Delhi. The total plot area of the project is 12183.57 sqm and the builtup area will be 74317 sqm.",New,SIA/DL/INFRA2/492172/2024,2024-08-10T05:54:27.203+00:00,,DELISTED_BY_SYSTEM,1.2183,47500.0,"Ministry of Health & Family Welfare Dept.,Govt. of India",Ind Tech House Consult,Environment clearance form,TOR,B2,Building / Construction,"Proposed Medical College attached to Atal Bihari Vajpayee Institute of Medical Sciences & Dr. Ram Manohar Lohia Hospital at Baba Kharak Singh Marg Area, New Delhi",DELHI,Chanakya Puri,NA,,DPCC/SEIAA-IV/P2/C-497/DL/2024,,Non - Linear,1.2183,0.0,1.2183,0.0,0.0,0.0,0.0,0.0,0,0,0,Not applicable as the project or activity is site specific,,NO,NO,NO,2024-08-10T12:10:40.253+00:00,,,,,,,,,,,,,New Delhi,,https://parivesh.nic.in/dms/okm/downloadDocument?docTypemappingId=40829&refId=92171605&refType=caf&uuid=6f34f738-c7f4-4760-b9e4-f1313185c41c&version=1.0,0,https://parivesh.nic.in/newupgrade/#/report/ec?proposalId=92172190,120080.0,73020.0
97128940,The proposed project is Expansion of Indus Hotel & Spa having a plot area of 8446.0 sqm.,Expansion,IA/DL/INFRA2/494230/2024,2024-08-27T07:43:57.106+00:00,,Proposal returned in present form,0.8446,26000.0,ANUSH FINLEASE AND CONSTRUCTION PRIVATE LIMITED,Perfact Enviro Solutions Pvt. Ltd.,Environment clearance form,TOR,B2,Building / Construction,Expansion of Indus Hotel & Spa,DELHI,Vivek Vihar,KARKAR DUMAN,,,,Non - Linear,0.8446,0.0,0.8446,0.0,0.0,0.0,20000.0,6000.0,0,0,0,NO,No alternative site has been examined.,NO,NO,NO,2024-08-30T08:01:06.250+00:00,,,,,,,,,,,,,Shahdara,,https://parivesh.nic.in/dms/okm/downloadDocument?docTypemappingId=40829&refId=97120506&refType=caf&uuid=172b77c3-d889-497c-aade-73bc3fd9a5d3&version=1.0,0,https://parivesh.nic.in/newupgrade/#/report/ec?proposalId=97128940,219000.0,0.0
97909217,"The proposed project falls under activity 8(a) category B2 as per EIA Notification 2006, as the builtup area is less than 1,50,000 sqm.",New,IA/DL/INFRA2/494597/2024,2024-08-29T11:02:20.416+00:00,,DELISTED_BY_SYSTEM,37.0679,14549.0,JAMIA HAMDARD,Perfact Enviro Solutions Pvt. Ltd.,Environment clearance form,TOR,B2,Building / Construction,"Proposed Multispeciality Hospital & Research Center at Hamdard Nagar, near Tughlakabad, South Delhi, Delhi by Jamia Hamdard (Hamdard University)",DELHI,Kalkaji,TUGLAKABAD,21-472/2024-IA.III,,,Non - Linear,37.0679,0.0,37.0679,0.0,0.0,0.0,0.0,0.0,0,0,0,NO,The proposed project is part of existing Jamia Hamdard University Campus,NO,NO,NO,2024-10-22T16:32:20.180+00:00,,,,,,,,,,,,,South East,,https://parivesh.nic.in/dms/okm/downloadDocument?docTypemappingId=40829&refId=97906284&refType=caf&uuid=457c8f78-4158-4e58-b2c6-9a730db4a88b&version=1.0,0,https://parivesh.nic.in/newupgrade/#/report/ec?proposalId=97909217,175200.0,8913300.0
100330658,"Total Plot Area = 21,772.75 m2 (5.38 acre) and Built Up Area = 77,063.46 m2",New,IA/DL/INFRA2/495644/2024,2024-09-06T08:06:05.338+00:00,2024-11-16T06:44:32.740+00:00,EC Granted,2.18,35000.0,BAKSHI LAND AND DEVELOPMENT PRIVATE LIMITED,Grass Roots Research and Creation India (P) Ltd.,Environment clearance form,TOR,B2,Building / Construction,Motel Building Project by M/s Bakshi Land & Development Private Limited,DELHI,Vasant Vihar,GHATORNI,,,,Non - Linear,2.18,0.0,2.18,0.0,0.0,0.0,0.0,0.0,0,0,0,Not applicable as the project or activity is site specific,,NO,NO,NO,2024-09-19T08:27:32.875+00:00,,,,,,,,,,,,,New Delhi,,https://parivesh.nic.in/dms/okm/downloadDocument?docTypemappingId=40829&refId=100326088&refType=caf&uuid=be279ae4-88af-437c-a893-0b1a2031a23d&version=1.0,64061,https://parivesh.nic.in/newupgrade/#/report/ec?proposalId=100330658,54500.0,1722700.0
104026636,Proposed Expansion Hotel project with plot Area 7220.40 sqm,Expansion,IA/DL/INFRA2/497351/2024,2024-09-19T12:46:20.669+00:00,2025-09-08T05:00:27.747+00:00,EC Granted,0.722,30000.0,JMJ GANPATIJI MAHARAJA HOSPITALITY PRIVATE LIMITED,Ind Tech House Consult,Environment clearance form,TOR,B2,Building / Construction,"Expansion of Hotel at Plot No. 1, Wazirpur District Center, Delhi",DELHI,Saraswati Vihar,YAKUT PUR,21/05/2025-IA.III,,,Non - Linear,0.722,0.0,0.722,0.0,0.0,0.0,20000.0,10000.0,0,0,0,Not applicable as the project or activity is site specific,,NO,NO,NO,2025-01-13T12:00:15.140+00:00,,,,,,,,,,,,,North West,,https://parivesh.nic.in/dms/okm/downloadDocument?docTypemappingId=40829&refId=104022782&refType=caf&uuid=43d90be8-3957-47cc-823b-ca61f3451707&version=1.0,0,https://parivesh.nic.in/newupgrade/#/report/ec?proposalId=104026636,30200.0,0.0
104026834,"The building project “Expansion of Hotel at Plot No. 2, Wazirpur District Center, Delhi” is a Hotel cum Commercial Building in Plot No. 2, Wazirpur District Center, Netaji Subhash Palace, Pitampura, New Delhi. The total plot area of the project is 7030.4 sqm (1.7373 acres). Previous Environmental Clearance (EC) for the project (for builtup area 38,953.12 sqm) was obtained on 25.10.2019 from the Ministry of Environment, Forest and Climate Change (MOEFCC) (File No. 21-20/2019/IA-III, Proposal No. IA/DL/NCP/75433/2018).",Expansion,IA/DL/INFRA2/497352/2024,2024-09-19T12:48:59.111+00:00,2025-12-22T06:00:36.416+00:00,EC Granted,0.703,30000.0,JMJ GANPATIJI MAHARAJA HOSPITALITY PRIVATE LIMITED,Ind Tech House Consult,Environment clearance form,TOR,B2,Building / Construction,"Expansion of Hotel at Plot No. 2, Wazirpur District Center, Delhi",DELHI,Saraswati Vihar,SHAKUR PUR,21/06/2025-IA.III,,,Non - Linear,0.703,0.0,0.703,0.0,0.0,0.0,20000.0,10000.0,0,0,0,Not applicable as the project or activity is site specific,,NO,NO,NO,2025-01-13T12:05:34.457+00:00,,,,,,,,,,,,,North West,,https://parivesh.nic.in/dms/okm/downloadDocument?docTypemappingId=40829&refId=104024763&refType=caf&uuid=e0e306bb-506f-4518-8da3-2a5b78c70e6e&version=1.0,0,https://parivesh.nic.in/newupgrade/#/report/ec?proposalId=104026834,15250.0,0.0
105532637,The alignment of Maujpur to Majlis Park corridor is crossing the deemed forest between Yamuna Vihar – Bhajanpura.,New,FP/DL/RAIL/498265/2024,2024-09-25T09:36:32.623+00:00,,DELISTED_BY_SYSTEM,0.4623,10180.96,DELHI METRO RAIL CORPORATION LIMITED,,Forest clearance form,,,,"Construction of Elevated viaduct of length approx. 12.1 kms from Maujpur to Majlis park including Bridge across river Yamuna, Integrated Elevated viaduct with PWD flyover at lower Deck and metro line at upper deck from Yamuna Vihar to Bhajanpura and 08 Elevated stations viz. Yamuna Vihar, Bhajanpura Khajuri Khas, Sonia Vihar, soorghat, Jagatpur village, Jharoda Majraa and Burari of Majlis Park Maujpur Corridor of Delhi MRTS Phase-IV project",DELHI,Seelam Pur,GHOGDA GUJRAN KHADAR,,,00,Linear,0.0,0.4623,0.4623,0.0,0.0,0.0,0.0,0.0,0,0,0,Not applicable as the project or activity is site specific,,NO,NO,NO,2024-09-25T10:12:56.553+00:00,,,,false,"Metro Bhawan, Fire Brigade Lane, Bharakhambha Road, New Delhi",,7,Joint Venture (Govt. + Govt.),Sr. General Manager/Land,,7,,North East,00,https://parivesh.nic.in/dms/okm/downloadDocument?docTypemappingId=40829&refId=105498371&refType=caf&uuid=0bafa2da-a4a3-448b-8e90-eed5f27cd722&version=1.0;https://parivesh.nic.in/dms/okm/downloadDocument?docTypemappingId=58989&refId=105498371&refType=FC&uuid=acbd16a6-4a86-4a73-b613-77406a864cff&version=1.0,0,https://parivesh.nic.in/newupgrade/#/report/ec?proposalId=105532637,905200.0,17196500.0
106434566,The said proposal is for construction of a Toilet block in Mehrauli Archaeological Park over an area of (36 sqm) 6 m x 6 m. The Proposed area falls within South-Central ridge area. No tree felling is involved in this project. This is a basic utility project and is in larger public interest.,New,FP/DL/CommToilet/498790/2024,2024-09-28T10:12:20.299+00:00,,DELISTED_BY_SYSTEM,0.0036,12.0,DELHI DEVELOPMENT AUTHORITY DDA,,Forest clearance form,,,,Regarding Construction of Toilet Block in Mehrauli Archaeological Park in South Central Ridge,DELHI,Saket,Chattar Pur (CT),,,,Non - Linear,0.0,0.0036,0.0036,0.0,0.0,0.0,0.0,0.0,0,0,0,Not applicable as the project or activity is site specific,,NO,NO,NO,2024-12-26T18:30:00.000+00:00,,,Non-forest Land,true,"DDA, O/o Director(Hort.)South-East, 15th Floor, Vikas Minar, ITO, New Delhi-110002","",7,Central Government (Department/Autonomous body),Director,,7,DDA,South,,https://parivesh.nic.in/dms/okm/downloadDocument?docTypemappingId=40829&refId=106431545&refType=caf&uuid=1c21cf16-4fbb-467f-9b32-cd9b992d764f&version=1.0;https://parivesh.nic.in/dms/okm/downloadDocument?docTypemappingId=59061&refId=106431545&refType=FC&uuid=fafc1723-cdfb-4cb2-9c31-c96fe5566f46&version=1.0;https://parivesh.nic.in/dms/okm/downloadDocument?docTypemappingId=58989&refId=106431545&refType=FC&uuid=8f4b0bb6-a2cf-4b84-b910-8bf3e023d0e6&version=1.0,64073,https://parivesh.nic.in/newupgrade/#/report/ec?proposalId=106434566,60.0,2.0
109054979,"Proposed redevelopment of existing railway colony at Sewa Nagar Delhi is being developed by M/S Sawasdee Projects Private Limited. The total plot area of the project is 27287.42 sq.m. and builtup area will be 33916.01 s.qm. 
   
The project site is earmarked as Residential land as per the master plan of Delhi. Main use of the building will be residential building. The proposed building will be designed and constructed within the designated site as per the defined building bye-laws",New,IA/DL/INFRA2/500131/2024,2024-10-07T12:23:42.453+00:00,2024-12-11T09:04:17.919+00:00,EC Granted,2.7287,8000.0,SAWASDEE PROJECTS PRIVATE LIMITED,Ind Tech House Consult,Environment clearance form,TOR,B2,Building / Construction,"Environment clearance for Redevelopment of Existing Railway Colony at Sewa Nagar, Delhi",DELHI,Defence Colony,NA,,,,Non - Linear,2.7287,0.0,2.7287,0.0,0.0,0.0,0.0,0.0,0,0,0,Not applicable as the project or activity is site specific,,NO,NO,NO,2024-10-13T09:48:33.665+00:00,,,,,,,,,,,,,South East,,https://parivesh.nic.in/dms/okm/downloadDocument?docTypemappingId=40829&refId=109045290&refType=caf&uuid=2884144c-01af-4a0d-a2a8-5f1dd16bb1dd&version=1.0,0,https://parivesh.nic.in/newupgrade/#/report/ec?proposalId=109054979,15100.0,7330.0
109342820,"Proposed Group Housing Project Located at Plot no 82, Block No. B-II, Mohan Cooperative Industrial Estate Ltd., Mathura Road, Badarpur, New Delhi. The total plot area of the project is 27504.78 sq.m and the built-up area of the project is 184457.45 sq.m.",New,IA/DL/INFRA2/500236/2024,2024-10-08T10:19:20.694+00:00,,Proposal returned in present form,2.7505,73920.0,BIRLA ESTATES PRIVATE LIMITED,,Environment clearance form,EC,B1,,"PROPOSED GROUP HOUSING PROJECT LOCATED AT PLOT NO 82, BLOCK NO. B-II, MOHAN COOPERATIVE INDUSTRIAL ESTATE LTD., MATHURA ROAD, BADARPUR, NEW DELHI",DELHI,Kalkaji,PUL PEHALADPUR,21-432/2024-IA.III,,"Plot no 82, Block No. B-II",Non - Linear,2.7505,0.0,2.7505,0.0,0.0,0.0,0.0,0.0,0,0,0,Not applicable as the project or activity is site specific,,NO,NO,NO,2024-10-13T10:08:07.232+00:00,Building or Construction projects or Area Development projects or Townships,,,,,,,,,,,,South East,"Plot no 82, Block No. B-II",https://parivesh.nic.in/dms/okm/downloadDocument?docTypemappingId=40829&refId=39503619&refType=caf&uuid=25b828fc-22ca-48ec-9bb5-c67ad1ae64b6&version=1.1,64082,https://parivesh.nic.in/newupgrade/#/report/ec?proposalId=109342820,15350.0,152620.0
109357947,"Redevelopment of DTC colony at Shadipur, New Delhi. The land was transferred from DMRC for development of Group Housing Project. The total gross plot area of the project is 27913.65 sq.m., the net plot area of the project is 25739.01 sqm and the built-up area will be 115154 sqm. The project site is earmarked for Residential development as per the local development plan and is being developed as per the local building bye laws.",New,IA/DL/INFRA2/500275/2024,2024-10-08T11:51:26.157+00:00,,Proposal returned in present form,2.7913,44628.0,NBCC (INDIA) LIMITED,Ind Tech House Consult,Environment clearance form,TOR,B2,Building / Construction,"Environment Clearance for Redevelopment of DTC colony at Shadipur, New Delhi.",DELHI,Patel Nagar,KHAMPUR RAYA,,,,Non - Linear,2.7913,0.0,2.7913,0.0,0.0,0.0,0.0,0.0,0,0,0,Not applicable as the project or activity is site specific,,NO,NO,NO,2024-10-12T11:13:33.176+00:00,,,,,,,,,,,,,West,,https://parivesh.nic.in/dms/okm/downloadDocument?docTypemappingId=40829&refId=109350420&refType=caf&uuid=092cb5a9-73f1-457a-b5ed-403c7c625621&version=1.0,0,https://parivesh.nic.in/newupgrade/#/report/ec?proposalId=109357947,15240.0,10970.0
109431681,"Motel cum Commercial Project with built up area of 34,390.51 m2 and Total land area is 10,661.16 m2 (2.635 acre).",New,IA/DL/INFRA2/500438/2024,2024-10-09T11:21:24.523+00:00,2025-01-20T11:31:30.660+00:00,EC Granted,1.07,15000.0,PENGUIN FARMS P LTD,Grass Roots Research and Creation India (P) Ltd.,Environment clearance form,TOR,B2,Building / Construction,Motel cum Commercial Project by M/s Penguin Farms Private Limited,DELHI,Vasant Vihar,GHATORNI,21-474/2024-IA.III,,,Non - Linear,1.07,0.0,1.07,0.0,0.0,0.0,0.0,0.0,0,0,0,Not applicable as the project or activity is site specific,,NO,NO,NO,2024-10-17T09:43:01.090+00:00,,,,,,,,,,,,,New Delhi,,https://parivesh.nic.in/dms/okm/downloadDocument?docTypemappingId=40829&refId=109427012&refType=caf&uuid=1aac7d9f-e56f-497f-8397-0959f678cacf&version=1.0,64061,https://parivesh.nic.in/newupgrade/#/report/ec?proposalId=109431681,54500.0,927730.0
109484827,"Proposed Group Housing project at Plot no. Pkt 01 (a) Sector 32, Pocket- 1/Block – B admeasuring 10060 sq. mtrs. Sector-32, Rohini, New Delhi. The total plot area of the project is 10060 sq.m and built-up area will be 40849 Sq.m. The project site is earmarked for Residential development as per the local development plan and is being developed as per the local building bye laws. Hence, no new land use has been created.",New,IA/DL/INFRA2/500588/2024,2024-10-10T10:10:18.725+00:00,2024-12-11T09:54:51.750+00:00,EC Granted,1.006,29500.0,ozar organic llp,Ind Tech House Consult,Environment clearance form,TOR,B2,Building / Construction,"Environment Clearance for Proposed Group Housing project at Plot no. Pkt 01 (a) Sector 32, Pocket- 1/Block – B admeasuring 10060 sq. mtrs. Sector-32, Rohini, New Delhi",DELHI,Narela,PANSALI,21-462/2024-IA.III,,,Non - Linear,1.006,0.0,1.006,0.0,0.0,0.0,0.0,0.0,0,0,0,Not applicable as the project or activity is site specific,,NO,NO,NO,2024-10-10T13:32:18.030+00:00,,,,,,,,,,,,,North,,https://parivesh.nic.in/dms/okm/downloadDocument?docTypemappingId=40829&refId=109481467&refType=caf&uuid=3e908c17-982f-47e1-a717-a77486a762ab&version=1.0,63904,https://parivesh.nic.in/newupgrade/#/report/ec?proposalId=109484827,6200.0,11050.0
109521672,"Proposed IT/ITES Building at Mohan Cooperative Industrial Estate New Delhi. The total plot area of
the project is 5784.04 m2 and built-up area is 29438.81 m2.",New,IA/DL/INFRA2/500695/2024,2024-10-11T08:02:11.487+00:00,2025-01-20T13:14:00.513+00:00,EC Granted,0.5784,11700.0,TEJASWANI DEVELOPERS PRIVATE LIMITED,Ind Tech House Consult,Environment clearance form,TOR,B2,Building / Construction,"Proposed IT/ITES Building At Plot No. 37, Block A, Mohan Cooperative Industrial Estate New Delhi",DELHI,Defence Colony,SAIDABAD LBE CHIRAG,,,Plot No. 37,Non - Linear,0.5784,0.0,0.5784,0.0,0.0,0.0,0.0,0.0,0,0,0,Not applicable as the project or activity is site specific,,NO,NO,NO,2024-10-13T09:33:37.339+00:00,,,,,,,,,,,,,South East,Plot No. 37,https://parivesh.nic.in/dms/okm/downloadDocument?docTypemappingId=40829&refId=109520951&refType=caf&uuid=0650da12-701b-46ac-b193-f12a8e70869d&version=1.0,64080,https://parivesh.nic.in/newupgrade/#/report/ec?proposalId=109521672,6100.0,7330.0
109526450,"Earlier EC was granted vide File no. - DPCC/SEIAA-IV/C-402/DL/2022 dated 22.09.2022 having plot area of 92146.77 sqm and built-up area of 446597.00 sqm.
Now, the built-up area is increasing from 446597 sqm to 469104.008 sqm.
Therefore, we are applying for expansion of the project.",Expansion,IA/DL/INFRA2/500717/2024,2024-10-11T09:34:41.586+00:00,2026-05-27T11:29:12.274+00:00,EC Granted,9.2145,1.973,ANGELICA DEVELOPERS LIMITED,,Environment clearance form,EC,B1,,"Expansion of Mega Commercial Development at Plot no. LP 1B 02 Gateway District, Aerocity, Indira Gandhi International Airport, New Delhi",DELHI,Vasant Vihar,MAHIPALPUR,21-433/2024-IA.III,,,Non - Linear,9.2145,0.0,9.2145,0.0,0.0,0.0,115000.0,82300.0,0,0,0,Not applicable as the project or activity is site specific,,NO,NO,NO,2024-10-29T09:10:20.291+00:00,Building or Construction projects or Area Development projects or Townships,,,,,,,,,,,,New Delhi,,https://parivesh.nic.in/dms/okm/downloadDocument?docTypemappingId=40829&refId=82740296&refType=caf&uuid=b0cdf791-1acb-4908-9ff5-6057dd1e2462&version=1.0,0,https://parivesh.nic.in/newupgrade/#/report/ec?proposalId=109526450,500000.0,10.0
109609796,"The Proposed project Amendment of Max Super Speciality Hospital at Shalimar Bagh. The total plot area of the project is 10000 m2. Main use of the building will be as Hospital building. The project site is well connected to network of roads. 

Earlier Environmental clearance was granted vide file no. DPCC/SEIAA-D-III/C219/2016/3114-3119 dated 25.02.2016 for plot area 10000 m2  and built-up area 41641.189 m2. Now, due to addition of 46 beds, the total number of beds are increasing from 404 to 450. Therefore, we are applying for amendment in Environment Clearance.

The proposed building is constructed within the designated site as per the defined zoning plan, building bye-laws, National Building Code 2016, Delhi Building Code. The project is in operational phase.",New,IA/DL/INFRA2/500957/2024,2024-10-14T11:07:46.134+00:00,2024-12-11T07:29:24.912+00:00,EC Granted,1.0,20141.0,BALAJI MEDICAL AND DIAGNOSTIC RESEARCH CENTRE,,Application for Amendment in EC- Form-4,OTHER,B2,,Amendment of Max Super Speciality Hospital at Shalimar Bagh,DELHI,Alipur,BADLI,21-463/2024-IA.III,,,Non - Linear,1.0,0.0,1.0,0.0,0.0,0.0,0.0,0.0,0,0,0,Not applicable as the project or activity is site specific,,NO,NO,NO,2024-10-14T12:02:33.134+00:00,Building or Construction projects or Area Development projects or Townships,,,,,,,,,,,,North,,https://parivesh.nic.in/dms/okm/downloadDocument?docTypemappingId=40829&refId=109533279&refType=caf&uuid=425bf9dd-b783-413e-b25d-e26d08b808a7&version=1.0,0,https://parivesh.nic.in/newupgrade/#/report/ec?proposalId=109609796,10.0,36520.0
110301976,"Proposed Commercial Complex at Parmeshwari Wala Bagh, Near Azadpur Metro Station, Delhi will be developed by M/s Aggarwal Plaza Pvt. Ltd.	The Plot Area of the project will be 10656.0 sqm & Builtup area 39,540.410 sqm",New,IA/DL/INFRA2/503001/2024,2024-10-25T07:32:45.845+00:00,2025-01-02T13:53:35.160+00:00,EC Granted,1.0656,10700.0,AGGARWAL PLAZA PRIVATE LIMITED,Perfact Enviro Solutions Pvt. Ltd.,Environment clearance form,TOR,B2,Building / Construction,"Commercial Complex at Parmeshwari Wala Bagh, Near Azadpur Metro Station, Delhi will be developed by M/s Aggarwal Plaza Pvt. Ltd.",DELHI,Model Town,MALLIKPUR CHHAWNI,21-476/2024-IA.III,,,Non - Linear,1.0656,0.0,1.0656,0.0,0.0,0.0,0.0,0.0,0,0,0,NO,No Alternate Site has been examined,NO,NO,NO,2024-10-26T14:20:16.870+00:00,,,,,,,,,,,,,North,,https://parivesh.nic.in/dms/okm/downloadDocument?docTypemappingId=40829&refId=110293739&refType=caf&uuid=76a445b1-4191-471a-8335-87bf80455040&version=1.0,0,https://parivesh.nic.in/newupgrade/#/report/ec?proposalId=110301976,182500.0,2398050.0
110303524,"M/s TEHKHAND WASTE TO ELECTRICITY PROJECT LIMITED proposed to expand the existing 25 MW Waste to Energy Plant by 20 MW with total plant capacity up to 45 MW. Municipal Solid Waste in South Delhi is collected by MCD from different sources of generation such as residential, commercial, institutional, street sweeping and markets, function halls, cinema halls etc. The existing plant produces 25 MW of electricity. After expansion, the total capacity of plant will be up to 45 MW. 
The short description of the proposed project is as follows: 
•	Proposed Fuel: Refuse derived fuel prepared from MSW. 
•	Technology: Forward feed reciprocating grate, Ranking Cycle base.
•	After expansion, plant’s processing capacity: 3000±20% TPD of MSW (existing: 2000±20% TPD and proposed expansion: 1000±20% TPD). 
•	After expansion, plant’s production capacity: Up to 45 MW (existing: 25 MW and expansion: 20 MW).",Expansion,IA/DL/THE/503003/2025,2024-10-25T07:37:48.124+00:00,,Proposal pulled back (withdrawn),6.07,90000.0,TEHKHAND WASTE TO ELECTRICITY PROJECT LIMITED,Perfact Enviro Solutions Pvt. Ltd.,Environment clearance form,TOR,A,Thermal Power Plants,"“Proposed Expansion of Existing Waste to Energy Plant up to 45 MW”, at adjacent DTC Tehkhand Depot, Maa Anandmai Marg, New Delhi-110020 by M/s Tehkhand Waste to Electricity Project Limited",DELHI,Kalkaji,TEHKHAND,J-13012/03/2017-IA.I(T),,,Non - Linear,6.07,0.0,6.07,0.0,0.0,0.0,46500.0,43500.0,0,0,0,NO,"Space provision for the expansion project was already kept in the layout during implementation of existing project. Hence, no alternative analysis is required for the proposed expansion project.",NO,YES,NO,2025-08-07T06:21:08.320+00:00,,,,,,,,,,,,,South East,,https://parivesh.nic.in/dms/okm/downloadDocument?docTypemappingId=40829&refId=110259503&refType=caf&uuid=eab91d1d-a850-4d0c-a5fb-28d3b63f27dc&version=1.0,0,https://parivesh.nic.in/newupgrade/#/report/ec?proposalId=110303524,191260.0,742045.0
110315365,"Redevelopment of DTC colony at Shadipur, New Delhi. The land was transferred from DMRC for development of Group Housing Project. The total gross plot area of the project is 27913.65 sq.m., the net plot area of the project is 25739.01 sqm and the built-up area will be 115154 sqm. The project site is earmarked for Residential development as per the local development plan and is being developed as per the local building bye laws.",New,IA/DL/INFRA2/503018/2024,2024-10-25T09:27:50.424+00:00,,DELISTED_BY_SYSTEM,2.7913,44628.0,"Delhi Transport Corporation, Delhi (DTC), Govt. of Delhi",Ind Tech House Consult,Environment clearance form,TOR,B2,Building / Construction,"Environment Clearance for Redevelopment of DTC colony at Shadipur, New Delhi.",DELHI,Patel Nagar,KHAMPUR RAYA,21-475/2024-IA.III,,,Non - Linear,2.7913,0.0,2.7913,0.0,0.0,0.0,0.0,0.0,0,0,0,Not applicable as the project or activity is site specific,,NO,NO,NO,2024-10-25T11:45:32.737+00:00,,,,,,,,,,,,,West,,https://parivesh.nic.in/dms/okm/downloadDocument?docTypemappingId=40829&refId=110314200&refType=caf&uuid=3ee39068-a085-46c8-88d1-d9fff09323c9&version=1.0,0,https://parivesh.nic.in/newupgrade/#/report/ec?proposalId=110315365,15240.0,10970.0
110341815,"The proposal is for Amendment to EC for “Development of Vasant Vihar Bus Depot at Vasant Vihar, New Delhi”, to be developed by DTC, Govt. of Delhi. This is a Transport Building project. Total plot area of the project is 20,234.30 sqm. Total builtup area is 74,642.63 sqm. Previous EC for the project was obtained from MOEFCC on 20/01/2025.

Though revised builtup area (74,642.63 sqm) is less than earlier builtup area (80,907.39 sqm), amendment to EC is required for revision in Building Plan because of partial change in usage of the building. In earlier proposal, it was entirely Bus Depot. In revised proposal some commercial usage (shops and commercial office) has been added. In revised proposal, there are increase in FAR, no. of floors, building height, project cost, no. of car parking, power requirement, capacity of GG sets, population, water requirement, waste water, STP capacity and solid waste generation. There are decrease in builtup area and no. of bus parking.",Amendment,IA/DL/INFRA2/503073/2024,2024-10-25T12:35:37.521+00:00,2025-01-20T11:05:30.161+00:00,EC Granted,2.0234,40994.0,"Delhi Transport Corporation, Delhi (DTC), Govt. of Delhi",Ind Tech House Consult,Environment clearance form,TOR,B2,Building / Construction,"Development of Vasant Vihar Bus Depot at Vasant Vihar, New Delhi",DELHI,Vasant Vihar,MOHD. PUR MUNIRKA,21-477/2024-IA.III,,,Non - Linear,2.0234,0.0,2.0234,0.0,0.0,0.0,0.0,0.0,0,0,0,NO,Not applicable as it is a building construction project,NO,NO,NO,2024-10-25T13:35:46.439+00:00,,,,,,,,,,,,,New Delhi,,https://parivesh.nic.in/dms/okm/downloadDocument?docTypemappingId=40829&refId=110341086&refType=caf&uuid=a133066f-5ca2-487a-9235-42772148535a&version=1.0,0,https://parivesh.nic.in/newupgrade/#/report/ec?proposalId=110341815,229875.0,327405.0
110564234,"The Proposed project involves the construction of School of Engineering and Atal Bihari Vajpayee School of Management & Entrepreneurship at Jawaharlal Nehru University, New Delhi promoted by M/s Jawaharlal Nehru University (JNU), New Delhi. The total plot area of the project is 44803.40 sq.m (11.01 acres) and the Gross built up area envisaged for the project is 28907.75 sq.m.",New,IA/DL/INFRA2/503553/2024,2024-10-30T05:22:26.935+00:00,2025-01-02T13:58:26.067+00:00,EC Granted,4.48,15400.0,Jawaharlal Nehru University,Gaurang Environmental Solutions Pvt. Ltd.,Environment clearance form,TOR,B2,Building / Construction,"Proposed construction of School of Engineering and Atal Bihari Vajpayee School of Management & Entrepreneurship at Jawaharlal Nehru University, New Delhi promoted by M/s Jawaharlal Nehru University (JNU), New Delhi",DELHI,Vasant Vihar,MASOODPUR,21-478/2024-IA.III,,,Non - Linear,4.48,0.0,4.48,0.0,0.0,0.0,0.0,0.0,0,0,0,NO,None,NO,NO,NO,2024-10-30T07:45:41.920+00:00,,,,,,,,,,,,,New Delhi,,https://parivesh.nic.in/dms/okm/downloadDocument?docTypemappingId=40829&refId=110563085&refType=caf&uuid=bca54ab0-194f-4e48-b43d-f2ecc56cdce6&version=1.0,0,https://parivesh.nic.in/newupgrade/#/report/ec?proposalId=110564234,52520.0,105000.0
111911647,"Total Plot area of the project  is 58639 sqm.  
The project was in operation prior to 14th Sep 2006 having built-up area 45361.42 sqm with 200 Beds.
The project was under expansion for Burn & Plastic Unit having built up area 25079.62 sqm with 102 nos. of additional Beds for which EC Application was submitted to SEIAA, Delhi vide proposal no. SIA/DL/NCP/49759/2016. The project was recommended by the SEAC Delhi to SEIAA for grant of EC. Further SEAC  recommended to defer the project in 85th meeting to delist the project.
SEIAA, Delhi delisted the proposal vide letter no. F.No.306/DPCC/SEIAA/2017/46/5689 dated 21/04/2017 in view of Gazette Notification vide S.O No. 3999 (E) dated 09.12.2016 as the Jai Prakash Narayan Apex Trauma Centre is a part of AIIMS deemed university constituted under the act of parliament 1956. 
Now AIIMS is proposing Critical Care Hospital Block in Trauma Centre having proposed built-up area 28377.30 sqm and proposed 150 nos. beds.",New,IA/DL/INFRA2/506727/2024,2024-11-20T06:35:48.246+00:00,,Proposal returned in present form,5.8639,18092.0,ALL INDIA INSTITUTE OF MEDICAL SCIENCE,Ind Tech House Consult,Environment clearance form,TOR,B2,Building / Construction,"Environment Clearance for Proposed Expansion of Jai Prakash Narayan Apex Trauma Centre AIIMS, New Delhi",DELHI,Vasant Vihar,NA,,,,Non - Linear,5.8639,0.0,5.8639,0.0,0.0,0.0,0.0,0.0,0,0,0,Not applicable as the project or activity is site specific,,NO,NO,NO,2024-11-23T12:57:13.697+00:00,,,,,,,,,,,,,New Delhi,,https://parivesh.nic.in/dms/okm/downloadDocument?docTypemappingId=40829&refId=111909465&refType=caf&uuid=fc3bdb9d-d0b3-46fc-9d53-c56023913e06&version=1.0,0,https://parivesh.nic.in/newupgrade/#/report/ec?proposalId=111911647,6500.0,36550.0
112064248,"The proposed project is Expansion of Indian Spinal Injuries Center Located in Sector-C, Vasant Kunj, New Delhi-110070 by M/s Indian Spinal Injuries Centre.

The construction of the project began before 2006, OC was applied in 2008 and final OC was granted in 2016. Therefore, the project did not fall under purview of EIA notification 2006. Presently, we are planning for expansion of the project, hence we are applying for Environment Clearance. Existing plot area is 44678.88 m2 and existing builtup area is 24944.73 m2.

Addition in plot area is 16023.12 m2 and proposed Builtup area will be 60717.86 m2. The total plot area after expansion of the project will be 60702 m2 and total Builtup Area will be 85,662.59 m2.",New,IA/DL/INFRA2/507120/2024,2024-11-21T10:46:37.558+00:00,2025-09-12T05:23:46.415+00:00,EC Granted,6.0702,9500.0,Indian spinal injuries centre,Ind Tech House Consult,Environment clearance form,TOR,B2,Building / Construction,"Environment Clearance for Expansion of Indian Spinal Injuries Center Located in Sector-C, Vasant Kunj, New Delhi-110070",DELHI,Vasant Vihar,RANG PURI,21/11/2025-IA.III,,,Non - Linear,6.0702,0.0,6.0702,0.0,0.0,0.0,0.0,0.0,0,0,0,Not applicable as the project or activity is site specific,,NO,NO,NO,2025-02-07T11:20:01.707+00:00,,,,,,,,,,,,,New Delhi,,https://parivesh.nic.in/dms/okm/downloadDocument?docTypemappingId=40829&refId=112061331&refType=caf&uuid=855c5212-7ada-48e6-a6c4-395b10d3778a&version=1.0,64057,https://parivesh.nic.in/newupgrade/#/report/ec?proposalId=112064248,7450.0,124120.0
112540643,"South Asian University (SAU) is an international university established by the eight member nations of South Asian Association for Regional Co-operation (SAARC) viz. Afghanistan, Bangladesh, Bhutan, India, Maldives, Nepal, Pakistan and Sri Lanka.
SAU started its operations from the academic year 2010. The university now offers post-graduate and doctoral programmes in various disciplines that include Economics, Computer Science, Biotechnology, Mathematics, Sociology, International Relations and Law. It will ultimately have 11 post-graduate faculties and a faculty of undergraduate studies. SAU attracts students from all member nations and its degrees are recognised by all the eight SAARC countries.
The University has now shifted to its permanent campus on Rajpur Road in Maidan Garhi, South Delhi.",New,FP/DL/SCH/508377/2024,2024-11-26T12:10:53.331+00:00,,DELISTED_BY_SYSTEM,37.9099,1100.0,South Asian University,,Forest clearance form,,,,"Costruction of South Asian University Campus, Maidangarhi, Delhi-68.",DELHI,Saket,MADIAN GARHI,,,As DDA NOC,Non - Linear,36.831,1.0789,37.9099,0.0,0.0,0.0,0.0,0.0,0,0,0,Not applicable as the project or activity is site specific,,NO,NO,NO,2024-12-25T18:30:00.000+00:00,,,Non-forest Land,true,"Registrar,
South Asian University
Rajpur Road, Maidangarhi,
New Delhi-68",Maidan Garhi,7,Others,Registrar,Maidan Garhi,7,DDA,South,As DDA NOC,https://parivesh.nic.in/dms/okm/downloadDocument?docTypemappingId=40829&refId=112535694&refType=caf&uuid=db268d62-a250-4ed7-8f55-991880b9f7c7&version=1.0;https://parivesh.nic.in/dms/okm/downloadDocument?docTypemappingId=59061&refId=112535694&refType=FC&uuid=44073943-0332-41d8-adef-440380c13652&version=1.0;https://parivesh.nic.in/dms/okm/downloadDocument?docTypemappingId=58989&refId=112535694&refType=FC&uuid=6232bacd-5ca0-4536-b95a-2debfadad772&version=1.0,64074,https://parivesh.nic.in/newupgrade/#/report/ec?proposalId=112540643,2576900.0,237250.0
112643610,"The Central Public Works Department proposed the “Construction of Supreme Court Building for Creating Additional Court Rooms Including Constitutional Court, Chambers for the Hon’ble Judges and Facilities for Lawyers & Litigants” located at Tilak Marg, New Delhi.",New,IA/DL/INFRA2/508662/2024,2024-11-27T10:47:30.537+00:00,2025-02-12T04:53:41.745+00:00,EC Granted,2.25,44500.0,Central Public Works Department,Oceao Enviro Management Solutions (India) Pvt. Ltd.,Environment clearance form,TOR,B2,Building / Construction,"Construction of Supreme Court Building for Creating Additional Court Rooms Including Constitutional Court, Chambers for the Hon’ble Judges and Facilities for Lawyers & Litigants",DELHI,Chanakya Puri,NA,,,,Hybrid,2.25,0.0,2.25,0.0,0.0,0.0,0.0,0.0,0,0,0,Not applicable as the project or activity is site specific,,NO,NO,NO,2024-12-04T11:29:01.839+00:00,,,,,,,,,,,,,New Delhi,,https://parivesh.nic.in/dms/okm/downloadDocument?docTypemappingId=40829&refId=112630865&refType=caf&uuid=3ac1b7ec-352e-4597-9a3f-4f2baca5f511&version=1.0,0,https://parivesh.nic.in/newupgrade/#/report/ec?proposalId=112643610,15150.0,30025.0
112796508,"Redevelopment of DTC Colony at Khasra No. 886, 887, 888, 889/1, 891, 892, 893, 894 min., 895 and 896 village Tehar, Hari Nagar, New Delhi. Total plot area of the project is 37017.64 sq.m. The site is earmarked for residential as per Delhi Master plan 2021",New,IA/DL/INFRA2/509077/2024,2024-11-28T10:24:26.495+00:00,2024-12-18T07:57:22.744+00:00,Standard ToR Granted,3.7017,61400.0,"Delhi Transport Corporation, Delhi (DTC), Govt. of Delhi",Ind Tech House Consult,Environment clearance form,TOR,B1,Townships/ Area Development Projects / Rehabilitation Centres,"Redevelopment of DTC Colony at Khasra no. 886, 887, 888, 889/1, 891, 892, 893, 894 min. 895 and 896 village Tehar, Hari Nagar, New Delhi.",DELHI,Rajouri Garden,TIHAR,21-475/2024-IA.III,,,Non - Linear,3.7017,0.0,3.7017,0.0,0.0,0.0,0.0,0.0,0,0,0,Not applicable as the project or activity is site specific,,NO,NO,NO,2024-12-09T14:20:23.526+00:00,,,,,,,,,,,,,West,,https://parivesh.nic.in/dms/okm/downloadDocument?docTypemappingId=40829&refId=112790568&refType=caf&uuid=99f8322e-3b7f-43e4-bb7d-9dc216893996&version=1.0,0,https://parivesh.nic.in/newupgrade/#/report/ec?proposalId=112796508,162120.0,66815.0
112842459,"The proposed building project “Creation of New Infrastructure at Surajmal Vihar Campus, University of Delhi (Phase I)” is an Educational Institution in Surajmal Vihar, Delhi. The total plot area of the project is 6.17 hectares (15.24 acres) to be developed by University of Delhi (DU). The land of the project has been allotted to DU by Delhi Development Authority (DDA), Govt. of Delhi for development of University Campus (educational institution). The project site is well connected to network of roads leading to various parts of NCR.",New,IA/DL/INFRA2/509182/2024,2024-11-28T12:39:01.615+00:00,2025-02-10T09:07:24.687+00:00,EC Granted,6.1674,21721.0,University of Delhi,Ind Tech House Consult,Environment clearance form,TOR,B2,Building / Construction,"Creation of New Infrastructure at Surajmal Vihar Campus, University of Delhi (Phase I)",DELHI,Vivek Vihar,KARKAR DUMAN,21-490/2024-IA.III,,,Non - Linear,6.1674,0.0,6.1674,0.0,0.0,0.0,0.0,0.0,0,0,0,Not applicable as the project or activity is site specific,,NO,NO,NO,2024-12-12T10:48:57.343+00:00,,,,,,,,,,,,,Shahdara,,https://parivesh.nic.in/dms/okm/downloadDocument?docTypemappingId=40829&refId=112834793&refType=caf&uuid=a3f52b18-aa7b-4892-9226-510b041f25a0&version=1.0,0,https://parivesh.nic.in/newupgrade/#/report/ec?proposalId=112842459,7600.0,78595.0
113702751,REVISION & EXPANSION OF THE PROJECT,Expansion,IA/DL/INFRA2/512503/2025,2024-12-03T09:02:38.692+00:00,,DELISTED_BY_SYSTEM,0.76,32.03448,DEEPAK GUPTA MEMORIAL FOUNDATION,,Application for Transfer of EC- Form-7,OTHER,B2,,REVISION & EXPANSION OF THE HOSPITAL PROJECT,DELHI,Vivek Vihar,KARKAR DUMAN,DPCC/SEIAA-III/C-305/DL/2016/3470,,,Non - Linear,0.76,0.0,0.76,0.0,0.0,0.0,0.0,3203448.0,0,0,0,Not applicable as the project or activity is site specific,,NO,NO,NO,2025-02-10T06:11:42.830+00:00,,,,,PLOT NO 5 AND 6  KARKARDOOMA INSTITUTIONAL AREA VIKAS MARG DELHI,,7,Trust/NGO/Partnership,MEDICAL SUPERINTENDENT,,7,,Shahdara,,https://parivesh.nic.in/dms/okm/downloadDocument?docTypemappingId=40829&refId=111219425&refType=caf&uuid=bdbb77f5-4351-4db9-b8b0-91ba8796cbc3&version=1.0,0,https://parivesh.nic.in/newupgrade/#/report/ec?proposalId=113702751,4015.0,7665.0
113816854,"The Environment Clearance has been granted vide Letter No. DPCC/SEAC/163/SEIAA/31/2013 dated 30.07.2013 by the State Level Environment Impact Assessment Authority, Delhi for plot area 175,000.00 sqm.
After expansion, the project's built-up area will increase from 80,907.57 sqm to 93,760.06 sqm.",Expansion,IA/DL/INFRA2/512958/2024,2024-12-04T05:56:38.739+00:00,,Proposal returned in present form,17.5,13400.0,BOCHASANWASI SHRI AKSHARPURUSHOTTAM SWAMINARAYAN SANSTHA,Perfact Enviro Solutions Pvt. Ltd.,Environment clearance form,TOR,B2,Building / Construction,"Expansion of the Cultural Complex ""Akshar Dham"" at NH 24 off Nizamuddin Bridge, Akshardham Setu, New Delhi by M/s Bochasanwasi Shri Aksharpurshottum Swaminarayan Sanstha",DELHI,NAZUL,NA,IA3-02/01/2025-IA.III,,,Non - Linear,17.5,0.0,17.5,0.0,0.0,0.0,11000.0,2400.0,0,0,0,Not applicable as the project or activity is site specific,,NO,NO,NO,2024-12-17T12:45:25.452+00:00,,,,,,,,,,,,,Central,,https://parivesh.nic.in/dms/okm/downloadDocument?docTypemappingId=40829&refId=113810841&refType=caf&uuid=68b465b9-8fa1-4105-b545-ced718289a76&version=1.0,0,https://parivesh.nic.in/newupgrade/#/report/ec?proposalId=113816854,73000.0,10950000.0
114312177,"Earlier Environment Clearance was obtained vide F. no. 21-91/2018-IA-III dated 04th November, 2024 for total plot area 20778 m2 and built-up area 145338.923 m2 to M/s Populus Realty Limited.",New,IA/DL/INFRA2/513945/2025,2024-12-09T11:19:53.459+00:00,,DELISTED_BY_SYSTEM,2.0778,48000.0,POPULUS REALTY LIMITED,,Application for Corrigendum Form-13,OTHER,,,"Environment Clearance for Development of Commercial Building as LP-1B-04 at Gateway District of Aerocity, IGI Airport, New Delhi",DELHI,Vasant Vihar,MAHIPALPUR,,,,Non - Linear,2.0778,0.0,2.0778,0.0,0.0,0.0,0.0,0.0,0,0,0,Not applicable as the project or activity is site specific,,NO,NO,NO,2025-03-05T08:17:44.300+00:00,,,,,"Populus Realty Limited, 3rd Floor, Worldmark-2, Asset-8, Aerocity, NH-8, New Delhi",,7,Private Limited,Chief Projects,,7,,New Delhi,,https://parivesh.nic.in/dms/okm/downloadDocument?docTypemappingId=40829&refId=114296088&refType=caf&uuid=4ac26442-5494-4e2a-b233-af4e9aaec10f&version=1.0,0,https://parivesh.nic.in/newupgrade/#/report/ec?proposalId=114312177,500020.0,146100.0
114372085,"The project involves a proposed amendment to the Environmental Clearance (EC) for the expansion of a Group Housing Project (GHP)  on a plot area of 20,879.08 m². Previously, the project was granted EC by the EAC-MoEF&CC under Proposal No. IA/DL/MIS/170702-2018 and File No. IA3-21/10/2021-IA-III, dated 21.05.2021, for a Built-Up Area (BUA) of 1,42,876.04 m² (comprising FAR and Non-FAR). While the plot area and FAR remain unchanged, a minor revision in the Non-FAR area has led to an increase in the total BUA to 1,48,100.88 m². This adjustment does not affect the number of dwelling units, population, water consumption, or wastewater generation, ensuring no significant impact on the project's environmental parameters. The amendment seeks to update the BUA specifications in line with this minor change while adhering to all previously established environmental norms.",Amendment,IA/DL/INFRA2/514066/2024,2024-12-10T06:40:50.306+00:00,2025-02-04T06:52:55.628+00:00,Proposal Withdrawal Request Accepted,2.0879,86300.0,GODREJ VESTAMARK LLP,,Application for Amendment in EC- Form-4,OTHER,B2,,"Amendment in EC For Expansion of Group Housing colony  at Plot No.: B-319, Okhla Ind. area, Ph-1 New Delhi BY M/S GODREJ VESTAMARK LLP",DELHI,Kalkaji,TEHKHAND,,,,Linear,2.0879,0.0,2.0879,0.0,0.0,0.0,0.0,0.0,0,0,0,Not applicable as the project or activity is site specific,,NO,NO,NO,2024-12-12T07:22:01.364+00:00,Category B2 projects and activities,,,,,,,,,,,,South East,,https://parivesh.nic.in/dms/okm/downloadDocument?docTypemappingId=40829&refId=112550594&refType=caf&uuid=225f54be-27b9-4304-9ca9-89bac3808a52&version=1.0,0,https://parivesh.nic.in/newupgrade/#/report/ec?proposalId=114372085,13900.0,1492930.0
114481284,"Proposed Medical College attached to Atal Bihari Vajpayee Institute of Medical Sciences & Dr. Ram Manohar Lohia Hospital at Baba Kharak Singh Marg Area, New Delhi. The total plot area of the project is 12183.57 sqm and the builtup area will be 74317 sqm.",New,IA/DL/INFRA2/514212/2024,2024-12-11T07:04:01.102+00:00,2025-03-03T06:01:36.862+00:00,EC Granted,1.2183,47500.0,"Ministry of Health & Family Welfare Dept.,Govt. of India",Ind Tech House Consult,Environment clearance form,TOR,B2,Building / Construction,"Proposed Medical College attached to Atal Bihari Vajpayee Institute of Medical Sciences & Dr. Ram Manohar Lohia Hospital at Baba Kharak Singh Marg Area, New Delhi",DELHI,Chanakya Puri,NA,IA3-21/07/2025-IA.III,,,Non - Linear,1.2183,0.0,1.2183,0.0,0.0,0.0,0.0,0.0,0,0,0,Not applicable as the project or activity is site specific,,NO,NO,NO,2025-01-13T12:28:22.545+00:00,,,,,,,,,,,,,New Delhi,,https://parivesh.nic.in/dms/okm/downloadDocument?docTypemappingId=40829&refId=114477309&refType=caf&uuid=7b7d28d4-7e82-4956-8d29-19ca3d3ffd57&version=1.0,0,https://parivesh.nic.in/newupgrade/#/report/ec?proposalId=114481284,120080.0,73020.0
114633500,"The project involves a proposed amendment to the Environmental Clearance (EC) for the expansion of a Group Housing Project (GHP)  on a plot area of 20,879.08 m². Previously, the project was granted EC by the EAC-MoEF&CC under Proposal No. IA/DL/MIS/170702-2018 and File No. IA3-21/10/2021-IA-III, dated 21.05.2021, for a Built-Up Area (BUA) of 1,42,876.04 m² (comprising FAR and Non-FAR). While the plot area is unchanged, a minor revision in the FAR and Non-FAR area has led to an increase in the total BUA to 1,48,100.88 m². This adjustment does not affect the number of dwelling units, population, water consumption, or wastewater generation, ensuring no significant impact on the project's environmental parameters. The amendment seeks to update the BUA specifications in line with this minor change while adhering to all previously established environmental norms.",Amendment,IA/DL/INFRA2/514387/2024,2024-12-12T11:28:49.965+00:00,,Proposal returned in present form,2.0879,86300.0,GODREJ VESTAMARK LLP,,Application for amendment in ToR (for categories A & B1)/Amendment in EC (for category B2)- Form-3,OTHER,B2,Building / Construction,"Application for Amendment in Environment Clearance of Group Housing Project at Plot no. B- 319, Okhla Industrial Area, Phase I, New Delhi by M/S GODREJ VESTAMARK LLP",DELHI,Kalkaji,TEHKHAND,F.No.IA3-21/10/2021-IA.III,,B 319,Linear,2.0879,0.0,2.0879,0.0,0.0,0.0,0.0,0.0,0,0,0,Not applicable as the project or activity is site specific,,NO,NO,NO,2025-01-11T18:00:27.114+00:00,,,,,,,,,,,,,South East,B 319,https://parivesh.nic.in/dms/okm/downloadDocument?docTypemappingId=40829&refId=114471048&refType=caf&uuid=6c3f797e-960d-455d-bdad-1c576dd9a969&version=1.0,0,https://parivesh.nic.in/newupgrade/#/report/ec?proposalId=114633500,13900.0,1492930.0
115578887,"Airport Operation and management. Delhi International Airport Limited (DIAL) was awarded Environment Clearance (EC) for Expansion of Indira Gandhi International Airport in year 2018. An amendment in existing Environment Clearance is sought as per General Condition (II), for a minor change in land utilization within the existing airport master plan of airport land.",Amendment,IA/DL/INFRA2/515776/2024,2024-12-23T09:25:47.237+00:00,2025-04-11T05:19:17.850+00:00,EC Granted,2066.325,16.0,DELHI INTERNATIONAL AIRPORT LIMITED,,Application for Amendment in EC- Form-4,OTHER,A,,Amendment in existing Environment Clearance of Indira Gandhi International Airport,DELHI,Kapeshera,BIJAWASAN,F. No. 10-72/2016-IA-III,,,Non - Linear,2066.325,0.0,2066.325,0.0,0.0,0.0,1600000.0,0.0,0,0,0,NO,"The proposed project is an amendment in the developmental activities of within the existing airport premises. Hence, no alternative sites have been examined.",NO,NO,NO,2025-01-29T13:14:16.316+00:00,Other,,,,,,,,,,,,South West,,https://parivesh.nic.in/dms/okm/downloadDocument?docTypemappingId=40829&refId=115238661&refType=caf&uuid=2b70da76-3b9d-4588-9572-2ec2a9a8339b&version=1.0;https://parivesh.nic.in/dms/okm/downloadDocument?docTypemappingId=40829&refId=115238661&refType=caf&uuid=c1b3e310-8baa-4dd7-9cb8-1b48363d4252&version=1.0,0,https://parivesh.nic.in/newupgrade/#/report/ec?proposalId=115578887,1095000.0,12410000.0
115731675,"Proposed Group Housing Project Located at Plot no 82, Block No. B-II, Mohan Cooperative Industrial Estate Ltd., Mathura Road, Badarpur, New Delhi. The total plot area of the project is 27504.78 sq.m and the built-up area of the project is 184457.45 sq.m.",New,IA/DL/INFRA2/515970/2024,2024-12-24T12:04:49.347+00:00,2025-01-09T13:27:17.688+00:00,Standard ToR Granted,2.7505,73920.0,The India hume pipe company limited,Ind Tech House Consult,Environment clearance form,TOR,B1,Townships/ Area Development Projects / Rehabilitation Centres,"PROPOSED GROUP HOUSING PROJECT LOCATED AT PLOT NO 82, BLOCK NO. B-II, MOHAN COOPERATIVE INDUSTRIAL ESTATE LTD., MATHURA ROAD, BADARPUR, NEW DELHI",DELHI,Kalkaji,PUL PEHALADPUR,21/04/2025-IA.III,,"Plot no 82, Block No. B-II",Non - Linear,2.7505,0.0,2.7505,0.0,0.0,0.0,0.0,0.0,0,0,0,Not applicable as the project or activity is site specific,,NO,NO,NO,2025-01-03T12:59:24.931+00:00,,,,,,,,,,,,,South East,"Plot no 82, Block No. B-II",https://parivesh.nic.in/dms/okm/downloadDocument?docTypemappingId=40829&refId=115730004&refType=caf&uuid=563b334e-bfdd-4372-a5bd-fe0f60984d6c&version=1.0,64082,https://parivesh.nic.in/newupgrade/#/report/ec?proposalId=115731675,15350.0,152620.0
116022371,The road alignment is passing through the deemed forest between Yamuna Vihar - Bhajanpura,New,FP/DL/ROAD/516383/2024,2024-12-27T10:13:15.728+00:00,,Pending at PP due to EDS by DFO,2.7678,888.2658,DELHI METRO RAIL CORPORATION LIMITED,,Forest clearance form,,,,Strengtening/Improvement of Wazirabad road from Yamuna Viahr to Bhajanpura,DELHI,Yamuna Vihar,ZIALUDDIN PUR,,,"0/28,0/27,0/42,0/43,0/44,0/45,0/93,0/108,0/32,0/31,0/94,0/30,0/29,0/57",Linear,1.8415,0.9263,2.7678,0.0,0.0,0.0,0.0,0.0,0,0,0,Not applicable as the project or activity is site specific,,NO,NO,NO,2025-01-15T18:30:00.000+00:00,,,,false,"Metro Bhawan, Fire Brigade Lane, Bharakhambha Road, New Delhi",,7,Joint Venture (Govt. + Govt.),Sr. General Manager/Land,,7,,North East,"0/28,0/27,0/42,0/43,0/44,0/45,0/93,0/108,0/32,0/31,0/94,0/30,0/29,0/57",https://parivesh.nic.in/dms/okm/downloadDocument?docTypemappingId=40829&refId=115996515&refType=caf&uuid=d93fa0a9-4e95-4294-b203-a137f4e20257&version=1.0;https://parivesh.nic.in/dms/okm/downloadDocument?docTypemappingId=58989&refId=115996515&refType=FC&uuid=5e9a9c18-f50f-458e-8297-b8567adf81c5&version=1.0,63975,https://parivesh.nic.in/newupgrade/#/report/ec?proposalId=116022371,4600.0,360.0
116930377,"Construction of Flyover with Ramps, Footpath, Road Work including Road Signage, Street Light works, Drainage, Horticulture, Mural Works & allied  works at Road No. 56 between Anand Vihar ROB and Apsara Border ROB,  New Delhi (EPC Mode).",New,FP/DL/ROAD/517632/2025,2025-01-07T11:35:24.299+00:00,,DELISTED_BY_SYSTEM,0.4657,257.34,"Construction of Flyover with Ramps, Footpath, Road Work including Road Signage, Street Light works, Drainage, Horticulture, Mural Works & allied  works at Road No. 56 between Anand Vihar ROB and Apsara Border ROB, 	New Delhi (EPC Mode).",,Forest clearance form,,,,"Construction of Flyover with Ramps, Footpath, Road Work including Road Signage, Street Light works, Drainage, Horticulture, Mural Works & allied  works at Road No. 56 between Anand Vihar ROB and Apsara Border ROB,  New Delhi (EPC Mode).",DELHI,Seema Puri,NA,,,,Linear,0.0,0.4657,0.4657,0.0,0.0,0.0,0.0,0.0,0,0,0,Not applicable as the project or activity is site specific,,NO,NO,NO,2025-03-04T18:30:00.000+00:00,,,,false,"O/o EE, F-51, PWD, Under Ring Road Bypass I.G. Stadium Oppt. Gate No. 9, New Delhi -02",,7,State Government (Department/Autonomous body),Executive Engineer,,7,,Shahdara,,https://parivesh.nic.in/dms/okm/downloadDocument?docTypemappingId=40829&refId=116926674&refType=caf&uuid=1e53f299-897f-43bf-87f0-de0734e12d02&version=1.0;https://parivesh.nic.in/dms/okm/downloadDocument?docTypemappingId=58989&refId=116926674&refType=FC&uuid=101e5d09-dd18-4a55-9fd3-53673223ce40&version=1.0,0,https://parivesh.nic.in/newupgrade/#/report/ec?proposalId=116930377,46460.0,46410.0
117468767,"A new hostel building is being proposed at existing JNU campus having existing plot area 3854150
sqm. Existing Builtup area is 420401.3 sqm and existing ground coverage is 172154.7 sqm.",New,IA/DL/INFRA2/518408/2025,2025-01-13T12:33:40.772+00:00,2025-01-22T05:52:39.112+00:00,Standard ToR Granted,385.415,16900.0,Jawaharlal Nehru University,Ind Tech House Consult,Environment clearance form,TOR,B1,Townships/ Area Development Projects / Rehabilitation Centres,"PROPOSED HOSTEL BUILDING FOR SCHOOL OF ENGINEERING & ATAL BIHARI VAJPAYEE SCHOOL OF MANAGEMENT AND ENTREPRENEURSHIP (SOE & ABVSME) AT EXISTING JNU CAMPUS, NEW DELHI",DELHI,Vasant Vihar,MOHD. PUR MUNIRKA,21/09/2025-IA.III,,,Non - Linear,385.415,0.0,385.415,0.0,0.0,0.0,0.0,0.0,0,0,0,Not applicable as the project or activity is site specific,,NO,NO,NO,2025-01-13T13:34:48.043+00:00,,,,,,,,,,,,,New Delhi,,https://parivesh.nic.in/dms/okm/downloadDocument?docTypemappingId=40829&refId=117467796&refType=caf&uuid=c0f9ab70-eb8d-4899-999f-51220fdf409e&version=1.0,0,https://parivesh.nic.in/newupgrade/#/report/ec?proposalId=117468767,15100.0,18300.0
117609537,"Proposed Group Housing Project Located at Plot no 82, Block No. B-II, Mohan Cooperative Industrial Estate Ltd., Mathura Road, Badarpur, New Delhi. The total plot area of the project is 27504.78 sq.m and the built-up area of the project is 184457.45 sq.m.",New,IA/DL/INFRA2/518657/2025,2025-01-15T14:24:34.429+00:00,2025-09-08T06:06:32.641+00:00,EC Granted,2.7505,73920.0,The India hume pipe company limited,,Environment clearance form,EC,B1,,"PROPOSED GROUP HOUSING PROJECT LOCATED AT PLOT NO 82, BLOCK NO. B-II, MOHAN COOPERATIVE INDUSTRIAL ESTATE LTD., MATHURA ROAD, BADARPUR, NEW DELHI",DELHI,Kalkaji,PUL PEHALADPUR,21/04/2025-IA.III,,"Plot no 82, Block No. B-II",Non - Linear,2.7505,0.0,2.7505,0.0,0.0,0.0,0.0,0.0,0,0,0,Not applicable as the project or activity is site specific,,NO,NO,NO,2025-01-15T15:02:41.686+00:00,Building or Construction projects or Area Development projects or Townships,,,,,,,,,,,,South East,"Plot no 82, Block No. B-II",https://parivesh.nic.in/dms/okm/downloadDocument?docTypemappingId=40829&refId=115730004&refType=caf&uuid=563b334e-bfdd-4372-a5bd-fe0f60984d6c&version=1.0,64082,https://parivesh.nic.in/newupgrade/#/report/ec?proposalId=117609537,15350.0,152620.0
117760019,"The proposed project is the Expansion of “Group Housing'' located at Plot no. 67 Kirti Nagar, Industrial Area, Najafgarh Road, New Delhi to be developed by M/s Tarc Projects Limited. Since the total built-up area of the project is more than 1,50,000 m2, the project falls under Activity 8(b), Category B as per schedule of EIA Notification, 2006 and its subsequent amendments.",Expansion,IA/DL/INFRA2/518928/2025,2025-01-17T09:40:59.971+00:00,2025-02-03T05:20:35.637+00:00,Standard ToR Granted,2.47,30000.0,TARC PROJECTS LIMITED,Perfact Enviro Solutions Pvt. Ltd.,Environment clearance form,TOR,B1,Townships/ Area Development Projects / Rehabilitation Centres,"Expansion in “Group Housing” at 67, Najafgarh Road, Kirti Nagar, New Delhi",DELHI,Patel Nagar,BASAI DARAPUR,21/10/2025-IA.III,,,Non - Linear,2.47,0.0,2.47,0.0,0.0,0.0,30000.0,0.0,0,0,0,NO,No. alternate site has been examined.,NO,NO,NO,2025-01-25T06:07:39.630+00:00,,,,,,,,,,,,,West,,https://parivesh.nic.in/dms/okm/downloadDocument?docTypemappingId=40829&refId=117425917&refType=caf&uuid=5098243c-4bd7-4842-9ca8-b583f09361ac&version=1.0,0,https://parivesh.nic.in/newupgrade/#/report/ec?proposalId=117760019,1277500.0,0.0
118436016,"The proposed project is a ""Motel Complex"" located at Near IGI Airport, Opposite Shiv Murti,
New Delhi having total plot area is 20318.456 sqm and built-up area is 53404.631 sqm and the
total estimated cost of the project is Rs. 102 Crores.",New,SIA/DL/INFRA2/520179/2025,2025-01-25T07:57:24.950+00:00,,DELISTED_BY_SYSTEM,2.0318,10200.0,DTU HOTELS PRIVATE LIMITED,,Application for Transfer of EC- Form-7,OTHER,B2,,Redevelopment of Motel,DELHI,Vasant Vihar,SAMALKA,SEIAA-D/C304/EC-331/2016,,,Hybrid,2.0318,0.0,2.0318,0.0,0.0,0.0,0.0,0.0,0,0,0,Not applicable as the project or activity is site specific,,NO,NO,NO,2025-05-23T13:26:04.089+00:00,,,,,"Hotel Uppal Orchid, Near IGI Airport, Opp. Shiv Murti, New Delhi",,7,Private Limited,Authorized Signatory,,7,,New Delhi,,https://parivesh.nic.in/dms/okm/downloadDocument?docTypemappingId=40829&refId=118430363&refType=caf&uuid=a463499f-43dc-4bd6-8eea-7c75aaaf37a3&version=1.0,64058,https://parivesh.nic.in/newupgrade/#/report/ec?proposalId=118436016,109500.0,5657500.0
118944751,"Sir Ganga Ram Trust Society (Project Proponent) proposes the expansion of Sir Ganga Ram Hospital Project. The project site is located at Sir Ganga Ram Marg, Rajinder Nagar, New Delhi for increase in Built up area from 103327.501 sqm to 132420.931 sqm. The plot area will remain same i.e. 48422.35 sqm.",Expansion,IA/DL/INFRA2/521614/2025,2025-01-31T06:07:48.857+00:00,2025-09-17T05:24:11.243+00:00,EC Granted,4.84,25000.0,SIR GANGA RAM TRUST SOCIETY,Grass Roots Research and Creation India (P) Ltd.,Environment clearance form,TOR,B2,Building / Construction,Expansion of Sir Ganga Ram Hospital by Sir Ganga Ram Trust Society,DELHI,Karol Bagh,NA,21/27/2025-IA.III,,,Hybrid,4.84,0.0,4.84,0.0,0.0,0.0,10000.0,15000.0,0,0,0,Not applicable as the project or activity is site specific,,NO,NO,NO,2025-03-07T05:46:28.641+00:00,,,,,,,,,,,,,Central,,https://parivesh.nic.in/dms/okm/downloadDocument?docTypemappingId=40829&refId=118941866&refType=caf&uuid=c34a4f75-7a05-48c9-8ef6-34257362ed81&version=1.0,0,https://parivesh.nic.in/newupgrade/#/report/ec?proposalId=118944751,6000.0,1080800.0
119080923,"Construction of Sikar-II Narela 765 KV D/C   Transmission Line under Transmission Scheme for evacuation of power from REZ in Rajasthan (20GW) under Phase-III Part-D, State in Delhi",New,FP/DL/PWR_TRANS/522006/2025,2025-02-01T11:00:26.574+00:00,2026-02-10T07:01:15.098+00:00,Final Diversion Order Issued,23.2353,1.11086,SIKAR KHETRI TRANSMISSION LIMITED,,Forest clearance form,,,,"Construction of Sikar-II Narela 765 KV D/C   Transmission Line under Transmission Scheme for evacuation of power from REZ in Rajasthan (20GW) under Phase-III Part-D, State in Delhi",DELHI,Narela,MUNGESHPUR,,,,Linear,22.7652,0.4701,23.2353,0.0,0.0,0.0,0.0,0.0,0,0,0,YES,,NO,NO,NO,2025-11-10T18:30:00.000+00:00,,,Degraded Forest Land,true,"765/400 kV Substation, Village-Jurathra, VPO -Jurathra , District-Sikar (Rajasthan)",SIKAR,8,"Central PSU (eg. NHAI, AAI, NTP, CIL, SAIL)",DGM,SIKAR,8,,North,,https://parivesh.nic.in/dms/okm/downloadDocument?docTypemappingId=40828&refId=119079813&refType=caf&uuid=ecd38c87-a089-45fe-bf31-069bffb9861f&version=1.0;https://parivesh.nic.in/dms/okm/downloadDocument?docTypemappingId=40828&refId=119079813&refType=caf&uuid=aede108a-8b77-4709-a65c-e48a834893bf&version=1.0;https://parivesh.nic.in/dms/okm/downloadDocument?docTypemappingId=40828&refId=119079813&refType=caf&uuid=4c6b8a94-ead3-438f-a9f2-c2baa0d4f5cd&version=1.0;https://parivesh.nic.in/dms/okm/downloadDocument?docTypemappingId=40828&refId=119079813&refType=caf&uuid=5e85728e-8188-4d56-b7c5-76f145a515cc&version=1.0;https://parivesh.nic.in/dms/okm/downloadDocument?docTypemappingId=40829&refId=119079813&refType=caf&uuid=05bd1f12-1900-4ec8-987c-cd136d7c6234&version=1.0;https://parivesh.nic.in/dms/okm/downloadDocument?docTypemappingId=58989&refId=119079813&refType=FC&uuid=8a421465-bee6-496b-970c-b95b65615f12&version=1.0,,https://parivesh.nic.in/newupgrade/#/report/ec?proposalId=119080923,72000.0,191625.0
119761778,"The Proposed project is Construction of Commercial Building at Plot No- LP-03-03 At Aerocity Downtown District, Indira Gandhi International Airport, New Delhi. The proposed site is for commercial development.  The total plot area of the project is 12,413.12 Sq.m. and builtup area will be 73897.95 Sq.m. As per approved Master Plan for Delhi - 2021 (Approved by Delhi Development Authority vide Resolution No. 142/2006 dated 19th January, 2007), the project area is demarcated as ""AIRPORT"". As per the Airport Master Plan, the Project Site is designated as ""Commercial Zone"".",New,IA/DL/INFRA2/523483/2025,2025-02-11T06:44:13.378+00:00,2026-05-27T11:13:23.806+00:00,EC Granted,1.2413,27350.0,zagros developers limited,Ind Tech House Consult,Environment clearance form,TOR,B2,Building / Construction,"Construction of Commercial Building at Plot No- LP-03-03 At Aerocity Downtown District, Indira Gandhi International Airport, New Delhi",DELHI,Vasant Vihar,MAHIPALPUR,21/29/2025-IA.III,,,Non - Linear,1.2413,0.0,1.2413,0.0,0.0,0.0,0.0,0.0,0,0,0,Not applicable as the project or activity is site specific,,NO,NO,NO,2025-03-11T08:55:46.912+00:00,,,,,,,,,,,,,New Delhi,,https://parivesh.nic.in/dms/okm/downloadDocument?docTypemappingId=40829&refId=119755671&refType=caf&uuid=9ed21e46-0b2a-4eb2-aabf-1f5289eaeb4d&version=1.0,0,https://parivesh.nic.in/newupgrade/#/report/ec?proposalId=119761778,750020.0,1071375.0
119864188,"Environment Clearance has been granted vide Letter No. DPCC/SEAC/163/SEIAA/31/2013 dated 30.07.2013 by the State Level Environment Impact Assessment Authority, Delhi. 
After expansion, the built-up area will increase from 80,907.57 m² to 93,853.34 m2",Expansion,IA/DL/INFRA2/523717/2025,2025-02-12T07:18:09.933+00:00,2025-09-12T05:05:17.642+00:00,EC Granted,17.5,13400.0,BOCHASANWASI SHRI AKSHARPURUSHOTTAM SWAMINARAYAN SANSTHA,Perfact Enviro Solutions Pvt. Ltd.,Environment clearance form,TOR,B2,Building / Construction,"Expansion of the Cultural Complex ""Akshardham"" at N.H. 24, Pramukh Swami Maharaj Marg, Akshardham Setu, New Delhi by B.A.P.S. Swaminarayan Sanstha (Bochasanwasi Shri Aksharpurshottam Swaminarayan Sanstha)",DELHI,NAZUL,NA,21/01/2025-IA.III,,,Non - Linear,17.5,0.0,17.5,0.0,0.0,0.0,11000.0,2400.0,0,0,0,Not applicable as the project or activity is site specific,,NO,YES,NO,2025-02-15T09:24:52.316+00:00,,,,,,,,,,,,,Central,,https://parivesh.nic.in/dms/okm/downloadDocument?docTypemappingId=40829&refId=119861423&refType=caf&uuid=1e34bf18-e61a-4155-95c7-c6dce0feba28&version=1.0,0,https://parivesh.nic.in/newupgrade/#/report/ec?proposalId=119864188,73000.0,2190000.0
119887982,"The Proposed project is Construction of Commercial Building at Plot No- LP-03-02 At Aerocity 
Downtown District, Indira Gandhi International Airport, New Delhi. The proposed site is for 
commercial development.  The total plot area of the project is 24,206 Sq.m. and builtup area will be 
149691.85 Sq.m. As per approved Master Plan for Delhi - 2021 (Approved by Delhi Development 
Authority vide Resolution No. 142/2006 dated 19th January, 2007), the project area is demarcated 
as ""AIRPORT"". As per the Airport Master Plan, the Project Site is designated as ""Commercial Zone"".",New,IA/DL/INFRA2/523775/2025,2025-02-12T09:47:31.806+00:00,2026-05-27T11:23:26.151+00:00,EC Granted,2.4205,66370.0,PAMIR DEVELOPERS LIMITED,Ind Tech House Consult,Environment clearance form,TOR,B2,Building / Construction,"Construction of Commercial Building at Plot No- LP-03-02 at Aerocity Downtown District, Indira Gandhi International Airport, New Delhi",DELHI,Vasant Vihar,MAHIPALPUR,21/37/2025-IA.III,,,Non - Linear,2.4205,0.0,2.4205,0.0,0.0,0.0,0.0,0.0,0,0,0,Not applicable as the project or activity is site specific,,NO,NO,NO,2025-03-11T08:48:17.770+00:00,,,,,,,,,,,,,New Delhi,,https://parivesh.nic.in/dms/okm/downloadDocument?docTypemappingId=40829&refId=119885242&refType=caf&uuid=7a96cc97-33a8-4e48-aa92-2372fdc06360&version=1.0,0,https://parivesh.nic.in/newupgrade/#/report/ec?proposalId=119887982,750020.0,801590.0
120214916,"The proposed project is the Expansion of “Group Housing'' located at Plot no. 67 Kirti Nagar, Industrial Area, Najafgarh Road, New Delhi to be developed by M/s Tarc Projects Limited. Since the total built-up area of the project is more than 1,50,000 m2, the project falls under Activity 8(b), Category B as per schedule of EIA Notification, 2006 and its subsequent amendments.",Expansion,IA/DL/INFRA2/524351/2025,2025-02-15T11:51:11.418+00:00,2025-10-13T11:59:45.132+00:00,EC Granted,2.47,30000.0,TARC PROJECTS LIMITED,,Environment clearance form,EC,B1,,"Expansion in “Group Housing” at 67, Najafgarh Road, Kirti Nagar, New Delhi",DELHI,Patel Nagar,BASAI DARAPUR,21/10/2025-IA.III,,,Non - Linear,2.47,0.0,2.47,0.0,0.0,0.0,30000.0,0.0,0,0,0,NO,No. alternate site has been examined.,NO,NO,NO,2025-02-17T11:29:55.569+00:00,Building or Construction projects or Area Development projects or Townships,,,,,,,,,,,,West,,https://parivesh.nic.in/dms/okm/downloadDocument?docTypemappingId=40829&refId=117425917&refType=caf&uuid=5098243c-4bd7-4842-9ca8-b583f09361ac&version=1.0,0,https://parivesh.nic.in/newupgrade/#/report/ec?proposalId=120214916,1277500.0,0.0
120878261,Traffic Diversion through 0.9 ha of forest area falling in Neb Sarai & Saidulajaib Village for Construction of Neb Sarai & IGNOU Metro Station,New,FP/DL/ROAD/525533/2025,2025-02-24T10:55:48.528+00:00,2025-10-12T04:31:31.954+00:00,Final Diversion Order Issued,1.3598,153.0,DELHI METRO RAIL CORPORATION LIMITED,,Forest clearance form,,,,Traffic Diversion of  Forest Area at Neb Sarai and Saidulajaib Village for enabling construction of Neb Sarai and IGNOU Metro Station,DELHI,Saket,NEB SARAI,,,"39,40,41,44,45,55,57,66,67,87/1,87/2,88/2,90,113",Linear,0.4502,0.9096,1.3598,0.0,0.0,0.0,0.0,0.0,0,0,0,Not applicable as the project or activity is site specific,,NO,NO,NO,2025-03-09T18:30:00.000+00:00,,,,false,"Metro Bhawan, Fire Brigade Lane, Bharakhambha Road, New Delhi",,7,Joint Venture (Govt. + Govt.),Sr. General Manager/Land,,7,,South,"39,40,41,44,45,55,57,66,67,87/1,87/2,88/2,90,113",https://parivesh.nic.in/dms/okm/downloadDocument?docTypemappingId=40829&refId=120866660&refType=caf&uuid=d6862eb4-b107-455c-8de3-ffaf8e7aaa30&version=1.0;https://parivesh.nic.in/dms/okm/downloadDocument?docTypemappingId=58989&refId=120866660&refType=FC&uuid=f61c5d68-548c-4ac7-b6ee-68fd4006d51f&version=1.0,0,https://parivesh.nic.in/newupgrade/#/report/ec?proposalId=120878261,800.0,630.0
121562644,"The proposed project is “Construction of Infrastructure for NDRF HQ at Vasant Vihar, New Delhi” Construction of office building by National Disaster Response Force (NDRF) G.S. Chauhan, DIG (works) (Authorized Signatory) which is to be developed at NDRF land Vasant Vihar, New Delhi that is allotted by MoH&UA vide letter no. L&DO/L-II-A/II(1127)/04 dated 06.01.2020, 1.673 acres of land.",New,IA/DL/INFRA2/527495/2025,2025-03-04T09:47:18.824+00:00,2026-04-07T09:20:10.263+00:00,EC Granted,0.6769,19174.0,National disaster response force,,Environment clearance form,TOR,B2,Building / Construction,"Construction of Infrastructure for NDRF HQ at Vasant Vihar, New Delhi",DELHI,Vasant Vihar,KUSUMPUR,21/30/2025-IA.III,,,Non - Linear,0.6769,0.0,0.6769,0.0,0.0,0.0,0.0,0.0,0,0,0,NO,Site specific project,YES,NO,NO,2025-03-04T13:42:37.606+00:00,,,,,,,,,,,,,New Delhi,,https://parivesh.nic.in/dms/okm/downloadDocument?docTypemappingId=40829&refId=121560376&refType=caf&uuid=eed5fc29-83e4-4b39-ba07-cba7be190c59&version=1.0,64056,https://parivesh.nic.in/newupgrade/#/report/ec?proposalId=121562644,35.0,1126.0
121801088,"M/s Splendor Landbase Limited proposes expansion of Commercial Project ‘Splendor Forum’ at Plot no. 3 DDA District Centre, Jasola New Delhi. It is proposed to increase the no. of floors from 5 to 9, as a result of which the built-up area will increase to 31,186.673 sqm, whereas, Plot area remains same.",Expansion,IA/DL/INFRA2/528016/2025,2025-03-06T10:57:31.547+00:00,2025-10-14T12:30:29.527+00:00,EC Granted,0.5705,8400.0,SPLENDOR LANDBASE LIMITED,Grass Roots Research and Creation India (P) Ltd.,Environment clearance form,TOR,B2,Building / Construction,Expansion of Commercial Project ‘Splendor Forum’ by  M/s Splendor Landbase Limited,DELHI,Sarita Vihar,KOTLA MAHIGRAM,21/91/2025-IA.III,,,Hybrid,0.5705,0.0,0.5705,0.0,0.0,0.0,3400.0,5000.0,0,0,0,Not applicable as the project or activity is site specific,,NO,NO,NO,2025-08-22T07:44:51.644+00:00,,,,,,,,,,,,,South East,,https://parivesh.nic.in/dms/okm/downloadDocument?docTypemappingId=40829&refId=121794285&refType=caf&uuid=f1c0969f-4c96-4fb2-8b0b-cd4923077de7&version=1.0,64081,https://parivesh.nic.in/newupgrade/#/report/ec?proposalId=121801088,52000.0,319940.0
122211186,"Proposed Group Housing Project at Dwarka, Sector-17, New Delhi by M/s Eldeco Green Park Infrastructure Limited. The total plot area of the project is 7421.23 m2 and built-up area will be 46207.377 m2. The Land use of Project site is residential which is in conformity with master plan of Delhi 2021 

The project site is earmarked for Residential development as per the local development plan and is being developed as per the local building bye laws",New,IA/DL/INFRA2/528924/2025,2025-03-11T11:56:35.943+00:00,2025-11-17T05:29:02.511+00:00,EC Granted,0.7421,12400.0,Eldeco green park infrastructure limited,Ind Tech House Consult,Environment clearance form,TOR,B2,Building / Construction,"Proposed Group Housing Project at Sector-17, Dwarka New Delhi",DELHI,Dwarka,KAKROLA,21/130/2025-IA.III,,,Non - Linear,0.7421,0.0,0.7421,0.0,0.0,0.0,0.0,0.0,0,0,0,Not applicable as the project or activity is site specific,,NO,NO,NO,2025-09-06T11:27:41.677+00:00,,,,,,,,,,,,,South West,,https://parivesh.nic.in/dms/okm/downloadDocument?docTypemappingId=40829&refId=122207522&refType=caf&uuid=90d81158-a0cf-432b-88eb-56e67038e60b&version=1.0,0,https://parivesh.nic.in/newupgrade/#/report/ec?proposalId=122211186,90020.0,18270.0
122297904,"The project is Amendment in Environment clearance for Expansion of Dr. B. L. Kapur Memorial Hospital at Pusa Road, New Delhi.

Previous EC was obtained vide file no F.No.21-64/2015-IA.III dated 29.12.2015 from MoEF&CC for plot area 20,240 sqm and builtup area 1,20,711.54 sqm.  Now, we are proposing addition of 100 no. of beds and a MLCP block for car parking.

The existing plot area of the project is 20,240 m2 which will remain same and the total builtup area will decrease from 1,20,711.54 m2  to 85,718.288 m2. Hence, we are applying for Amendment in Environment Clearance.

58433.99 m2 of builtup area has already been constructed. 550 KLD STP, 100 KLD ETP and 4 no. of RWH Pits have been developed on site. 270 no. of trees have been planted on site.",New,SIA/DL/INFRA2/529181/2025,2025-03-12T11:02:34.336+00:00,,Referred to SEIAA,2.024,50387.0,LAHORE HOSPITAL SOCIETY,,Application for Amendment in EC- Form-4,OTHER,B2,,"Amendment in Environment clearance for Expansion of Dr. B. L. Kapur Memorial Hospital at Pusa Road, New Delhi",DELHI,Karol Bagh,NA,,DPCC/UTLEIAA-V/P2/C-505/DL/2025,,Non - Linear,2.024,0.0,2.024,0.0,0.0,0.0,0.0,0.0,0,0,0,Not applicable as the project or activity is site specific,,NO,NO,NO,2025-12-16T06:01:25.045+00:00,Category B2 projects and activities,,,,,,,,,,,,Central,,https://parivesh.nic.in/dms/okm/downloadDocument?docTypemappingId=40829&refId=122264473&refType=caf&uuid=24272d0e-9fbd-457f-add8-78a063e86c5c&version=1.0,0,https://parivesh.nic.in/newupgrade/#/report/ec?proposalId=122297904,47470.0,686240.0
122381503,"Construction of office building of Directorate General and Central Record Office of ITBP Force on 2.487  acres of land at Sector-10, R.K. Puram, New Delhi-110022",New,FP/DL/OTHERS/529391/2025,2025-03-13T12:14:13.543+00:00,,DELISTED_BY_SYSTEM,1.0066,24085.0,DIRECTORATE GENERAL ITBPF,,Forest clearance form,,,,"Construction of office building of Directorate General and Central Record Office of ITBP Force on 2.487  acres of land at Sector-10, R.K. Puram, New Delhi-110022",DELHI,Vasant Vihar,MOHD. PUR MUNIRKA,,,3939,Non - Linear,0.0,1.0066,1.0066,0.0,0.0,0.0,0.0,0.0,0,0,0,NO,Not required,NO,NO,NO,2025-03-13T13:40:09.101+00:00,,,Degraded Forest Land,true,Engineering Branch Dte Gen ITBPF CGO Complex Lodhi Road New Delhi,CGO Complex Lodhi Road New Delhi,7,Central Government (Department/Autonomous body),Inspector General (Engr),CGO Complex Lodhi Road New Delhi,7,,New Delhi,3939,https://parivesh.nic.in/dms/okm/downloadDocument?docTypemappingId=40829&refId=122360165&refType=caf&uuid=7a3ab5b7-71aa-4415-ae59-c45dd4413326&version=1.0;https://parivesh.nic.in/dms/okm/downloadDocument?docTypemappingId=58989&refId=122360165&refType=FC&uuid=78767514-890a-41a9-a40a-ec906b3a9103&version=1.0,0,https://parivesh.nic.in/newupgrade/#/report/ec?proposalId=122381503,7800.0,480000.0
123019558,"Construction of office building of Directorate General and Central Record Office of ITBP Force on 0.8278 hectare of land at Sector-10, R.K. Puram, New Delhi-110022.",New,FP/DL/OTHERS/530713/2025,2025-03-21T13:18:20.919+00:00,,DELISTED_BY_SYSTEM,0.8278,24085.0,DIRECTORATE GENERAL ITBPF,,Forest clearance form,,,,"Construction of office building of Directorate General and Central Record Office of ITBP Force on 0.8278 hectare of land at Sector-10, R.K. Puram, New Delhi-110022.f land",DELHI,Vasant Vihar,MOHD. PUR MUNIRKA,,,,Non - Linear,0.0,0.8278,0.8278,0.0,0.0,0.0,0.0,0.0,0,0,0,NO,Not Required,NO,NO,NO,2025-05-22T18:30:00.000+00:00,,,,false,Engineering Branch Dte Gen ITBPF CGO Complex Lodhi Road New Delhi,CGO Complex Lodhi Road New Delhi,7,Central Government (Department/Autonomous body),Inspector General (Engr),Engineering Branch Dte Gen ITBPF CGO Complex Lodhi,7,,New Delhi,,https://parivesh.nic.in/dms/okm/downloadDocument?docTypemappingId=40829&refId=123019314&refType=caf&uuid=dd6c38bb-1cda-4d6e-a2c4-6a50e0e2e8f7&version=1.0;https://parivesh.nic.in/dms/okm/downloadDocument?docTypemappingId=58989&refId=123019314&refType=FC&uuid=6cad7d0d-aa3d-4e17-975a-df417d3378aa&version=1.0,0,https://parivesh.nic.in/newupgrade/#/report/ec?proposalId=123019558,7800.0,480000.0
123788658,"8 (a): Building & Construction Project: Total Built-up area: 1,27,721 sqm",Expansion,IA/DL/INFRA2/531854/2025,2025-03-28T11:48:41.217+00:00,,Forwarded to DD,3.06,549.915,K K BIRLA ACADEMY,Grass Roots Research and Creation India (P) Ltd.,Environment clearance form,TOR,B2,Building / Construction,Expansion of “The Brij” by M/s. K. K. Birla Academy,DELHI,Vasant Vihar,KUSUMPUR,21/77/2025-IA.III,,,Hybrid,3.06,0.0,3.06,0.0,0.0,0.0,258.58,291.335,0,0,0,Not applicable as the project or activity is site specific,,NO,NO,NO,2025-03-28T13:48:16.234+00:00,,,,,,,,,,,,,New Delhi,,https://parivesh.nic.in/dms/okm/downloadDocument?docTypemappingId=40829&refId=123780683&refType=caf&uuid=92bc2885-389e-4166-9cfd-7b5988da3385&version=1.0,64056,https://parivesh.nic.in/newupgrade/#/report/ec?proposalId=123788658,49700.0,383710.0
123936173,"Redevelopment of DTC Colony at Khasra No. 886, 887, 888, 889/1, 891, 892, 893, 894 min., 895 and 896 village Tehar, Hari Nagar, New Delhi. Total plot area of the project is 37017.64 sq.m. The site is earmarked for residential as per Delhi Master plan 2021",New,IA/DL/INFRA2/532089/2025,2025-03-31T05:45:32.899+00:00,,Referred to EAC,3.7017,61400.0,"Delhi Transport Corporation, Delhi (DTC), Govt. of Delhi",,Environment clearance form,EC,B1,,"Redevelopment of DTC Colony at Khasra no. 886, 887, 888, 889/1, 891, 892, 893, 894 min. 895 and 896 village Tehar, Hari Nagar, New Delhi.",DELHI,Rajouri Garden,TIHAR,21-475/2024-IA.III,,,Non - Linear,3.7017,0.0,3.7017,0.0,0.0,0.0,0.0,0.0,0,0,0,Not applicable as the project or activity is site specific,,NO,NO,NO,2025-05-16T12:13:19.113+00:00,Other,,,,,,,,,,,,West,,https://parivesh.nic.in/dms/okm/downloadDocument?docTypemappingId=40829&refId=112790568&refType=caf&uuid=99f8322e-3b7f-43e4-bb7d-9dc216893996&version=1.0,0,https://parivesh.nic.in/newupgrade/#/report/ec?proposalId=123936173,162120.0,66815.0
124012419,"The Proposed project Elevate Delhi 7, Kamla Nagar, Delhi is being developed by M/s Oro Bloom Developments Private Limited and owned by M/s Texmaco Infrastructure and Holdings Private Limited. The total plot area of the project is 39673.09 m2 and proposed built-up area will be 428396 m2. The Land use of Project site is residential which is in conformity with master plan of Delhi 2021.",New,SIA/DL/INFRA2/532329/2025,2025-04-01T10:41:36.509+00:00,2026-01-29T08:25:55.322+00:00,ToR Granted,3.9673,1.50861,ORO BLOOM DEVELOPMENTS PRIVATE LIMITED,Ind Tech House Consult,Environment clearance form,TOR,B1,Townships/ Area Development Projects / Rehabilitation Centres,"Proposed Elevate Delhi 7, Kamla Nagar, Delhi",DELHI,Civil Lines,SADORA KALAN,,DPCC/UTLEIAA-V/P2/C-505/DL/2025,,Non - Linear,3.9673,0.0,3.9673,0.0,0.0,0.0,0.0,0.0,0,0,0,Not applicable as the project or activity is site specific,,NO,NO,NO,2025-12-12T12:44:59.511+00:00,,,,,,,,,,,,,Central,,https://parivesh.nic.in/dms/okm/downloadDocument?docTypemappingId=40829&refId=124008086&refType=caf&uuid=dfaa82a3-56c4-4a37-b926-4dd84cc148cd&version=1.0,0,https://parivesh.nic.in/newupgrade/#/report/ec?proposalId=124012419,225400.0,36530.0
124630253,"This is an expansion project. The project has already been granted Environmental Clearance dated 21st May 2019 for the built-up area of 1,34,783.84 m2. Further, the project granted Environmental Clearance from MOEFCC under expansion with built-up area 1,42,876.04 m² dated 21st May 2021.  Now, due to change in planning, there is a minor increase in the built-up area from 1,42,876.04 m² to 1,48,950.88 m². However, this increment in the BUA does not affect the project features like number of dwelling units, population, water consumption, or wastewater generation ensuring no significant impact on the project's environmental parameters.",Expansion,IA/DL/INFRA2/533600/2025,2025-04-10T10:55:38.866+00:00,2026-01-06T09:17:54.174+00:00,EC Granted,2.0879,86300.0,GODREJ VESTAMARK LLP,,Environment clearance form,TOR,B2,Building / Construction,"Expansion of Group Housing Colony at Plot no. B- 319, Okhla Industrial Area, Phase I, New Delhi",DELHI,Kalkaji,TEHKHAND,21/95/2025-IA.III,,Plot no. B- 319,Non - Linear,2.0879,0.0,2.0879,0.0,0.0,0.0,86300.0,0.0,0,0,0,Not applicable as the project or activity is site specific,,NO,NO,NO,2025-04-30T09:54:29.023+00:00,,,,,,,,,,,,,South East,Plot no. B- 319,https://parivesh.nic.in/dms/okm/downloadDocument?docTypemappingId=40829&refId=124628044&refType=caf&uuid=8e0124b6-39c1-4434-bae4-d29b30991a8f&version=1.0,0,https://parivesh.nic.in/newupgrade/#/report/ec?proposalId=124630253,13900.0,1492930.0
125006193,"The proposed construction of New Court Building for District Courts (Block-I &II) adjacent to Rouse Avenue Court Complex at DDU Marg, New Delhi is adjacent to existing Rouse Avenue Court Complex.
The Rouse Avenue Court Complex is a major judicial establishment in Central District of Delhi. DDU Marg (Deen Dayal Upadhyay Marg) is a well-connected road in central Delhi.
The need for this project arises from the requirement to construct additional court rooms  in line with the recruitment of new Judicial Officers to fill vacancies within the sanctioned strength of the GNCTD. An affidavit was filed in the Hon'ble Supreme Court of India  proposing the construction of new courtrooms and lawyer chambers on a plot adjacent to the existing Rouse Avenue Court Complex.",New,FP/DL/OTHERS/534205/2025,2025-04-17T05:33:10.310+00:00,,DELISTED_BY_SYSTEM,1.22,38450.0,Public Works Department,,Forest clearance form,,,,"Construction of New Court Building for District Courts (Block-I &II) adjacent to Rouse Avenue Court Complex at DDU Marg, New Delhi.",DELHI,Kotwali,NA,,,,Non - Linear,0.0,1.22,1.22,0.0,0.0,0.0,0.0,0.0,0,0,0,Not applicable as the project or activity is site specific,,NO,NO,NO,2025-10-14T18:30:00.000+00:00,,,Non-forest Land,true,"Office of Executive Engineer, Other Project Division -1, PWD, Rouse Avenue Court Complex, DDU Marg, New Delhi",,7,State Government (Department/Autonomous body),Executive Engineer,,7,"Public Works Department,GNCTD,Public Works Department,GNCTD,Public Works Department,GNCTD,Public Works Department,GNCTD,Public Works Department,GNCTD,Public Works Department,GNCTD,Public Works Department,GNCTD,Public Works Department,GNCTD,Public Works Department,GNCTD",Central,,https://parivesh.nic.in/dms/okm/downloadDocument?docTypemappingId=40829&refId=124923686&refType=caf&uuid=ffd237ac-61e0-414c-a6af-3213c907a577&version=1.0;https://parivesh.nic.in/dms/okm/downloadDocument?docTypemappingId=59061&refId=124923686&refType=FC&uuid=e674e1b9-2fbd-43ba-b068-05dba5d2e154&version=1.1;https://parivesh.nic.in/dms/okm/downloadDocument?docTypemappingId=58989&refId=124923686&refType=FC&uuid=71528c1c-43e5-4158-8c47-8ffa74e21d23&version=1.0,800442,https://parivesh.nic.in/newupgrade/#/report/ec?proposalId=125006193,9750.0,182700.0
125044931,"The Proposed project Construction of new building at Plot No. 2, FC-5, Block A, Sector-28, Rohini, Delhi. The total plot area of the project is 11817.00 m2 and Built-up area of the project is 31307.35 m2. The site is earmarked for Education and Research university development as per the master development plan",New,IA/DL/INFRA2/534319/2025,2025-04-17T10:19:58.274+00:00,2025-10-13T11:03:26.131+00:00,EC Granted,1.1817,18615.0,Central Ayurveda Research Institute,Ind Tech House Consult,Environment clearance form,TOR,B2,Building / Construction,"Construction of New Building at Plot No. 2, FC-5, Block A, Sector-28, Rohini, Delhi",DELHI,Alipur,SULTANPUR DAULATPUR,21/82/2025-IA.III,,,Non - Linear,1.1817,0.0,1.1817,0.0,0.0,0.0,0.0,0.0,0,0,0,Not applicable as the project or activity is site specific,,NO,NO,NO,2025-04-18T13:04:06.684+00:00,,,,,,,,,,,,,North,,https://parivesh.nic.in/dms/okm/downloadDocument?docTypemappingId=40829&refId=125042545&refType=caf&uuid=351b9588-6333-4c22-8fce-51e3935b78cc&version=1.0,63917,https://parivesh.nic.in/newupgrade/#/report/ec?proposalId=125044931,100060.0,109550.0
125104439,"The proposed building project “Group Housing” is a Residential Building (Group Housing) located at Plot No. 2A, Ishwar Nagar, Mathura Road, New Delhi, to be developed by M/s Sunup Build Private Limited. The total plot area of the project is 2.0067 acres, which is owned by the project proponent.  Built-up area 74,728.44 sqm.",New,IA/DL/INFRA2/534463/2025,2025-04-18T10:10:06.941+00:00,2025-11-19T09:20:35.043+00:00,EC Granted,0.8121,14945.0,SUNUP BUILD Private limited,Ind Tech House Consult,Environment clearance form,TOR,B2,Building / Construction,"Proposed Group Housing at Plot No. 2A, Ishwar Nagar, Mathura Road, New Delhi",DELHI,Kalkaji,BAHA PUR,21/94/2025-IA.III,,,Non - Linear,0.8121,0.0,0.8121,0.0,0.0,0.0,0.0,0.0,0,0,0,NO,Not applicable as the project or activity is site specific,NO,NO,NO,2025-04-18T13:05:01.201+00:00,,,,,,,,,,,,,South East,,https://parivesh.nic.in/dms/okm/downloadDocument?docTypemappingId=40829&refId=125102569&refType=caf&uuid=873bed7c-fe0e-43ce-bd68-d95ab7335508&version=1.0,0,https://parivesh.nic.in/newupgrade/#/report/ec?proposalId=125104439,270000.0,56575.0
125324347,"Diversion of 3.58 Ha. of Deemed Forest Land is required for Construction of Allied facilities such as Approach Roads, Parking, Drop off Area, Walkways etc. for proposed Bijwasan Railway Station project at Bijwasan, New Delhi.",Amendment,FP/DL/RAIL/534848/2025,2025-04-22T06:50:45.963+00:00,2026-07-09T10:56:41.820+00:00,Final Diversion Order Issued,10.53,37000.0,Rail Land development authority,,Forest clearance form,,,,Diversion of 3.58 Ha. Deemed Forest Land for Construction of allied facilities of Bijwasan Railway Station Project.,DELHI,Kapeshera,BHARTAL,,,"Part of  0/97, 0/96, 14/26, 14/22, 14/23, 17/3, 17/4, 17/2, 17/9, 17/8, 17/7, 17/15, 17/17, 17/23, 32/3, 0/223, 17/27",Non - Linear,6.95,3.58,10.53,0.0,0.0,0.0,0.0,0.0,0,0,0,Not applicable as the project or activity is site specific,,NO,NO,NO,2025-06-11T18:30:00.000+00:00,,,Degraded Forest Land,true,"Unit No. 702-B, 7th Floor, Konnectus Tower -2, DMRC Building, Ajmeri Gate, Delhi - 110002",,7,Central Government (Department/Autonomous body),JGM/Project-4,,7,,South West,"Part of  0/97, 0/96, 14/26, 14/22, 14/23, 17/3, 17/4, 17/2, 17/9, 17/8, 17/7, 17/15, 17/17, 17/23, 32/3, 0/223, 17/27",https://parivesh.nic.in/dms/okm/downloadDocument?docTypemappingId=40829&refId=124858929&refType=caf&uuid=3f4dcf84-2743-4823-95a5-d74d1cf38380&version=1.0;https://parivesh.nic.in/dms/okm/downloadDocument?docTypemappingId=58989&refId=124858929&refType=FC&uuid=0774b777-6c72-4c4f-8bf3-e1c7254c4e6c&version=1.0,0,https://parivesh.nic.in/newupgrade/#/report/ec?proposalId=125324347,930750.0,28743750.0
1227596606,"Diversion of 3.58 Ha. of Deemed Forest Land is required for Construction of Allied facilities such as Approach Roads, Parking, Drop off Area, Walkways etc. for proposed Bijwasan Railway Station project at Bijwasan, New Delhi.",New,FP/DL/RAIL/578943/2026,2025-04-22T06:50:45.963+00:00,2026-07-12T15:17:47.515+00:00,Final Diversion Order Issued,10.53,37000.0,Rail Land development authority,,Form H (Amendment in approval Granted),,,,Diversion of 3.58 Ha. Deemed Forest Land for Construction of allied facilities of Bijwasan Railway Station Project.,DELHI,Kapeshera,BHARTAL,"",,"Part of  0/97, 0/96, 14/26, 14/22, 14/23, 17/3, 17/4, 17/2, 17/9, 17/8, 17/7, 17/15, 17/17, 17/23, 32/3, 0/223, 17/27",Non - Linear,6.95,3.58,10.53,0.0,0.0,0.0,0.0,0.0,0,0,0,Not applicable as the project or activity is site specific,,NO,NO,NO,2026-05-14T05:36:24.842+00:00,,,Degraded Forest Land,true,"Unit No. 702-B, 7th Floor, Konnectus Tower -2, DMRC Building, Ajmeri Gate, Delhi - 110002",,7,Central Government (Department/Autonomous body),JGM/Project-4,,7,,South West,"Part of  0/97, 0/96, 14/26, 14/22, 14/23, 17/3, 17/4, 17/2, 17/9, 17/8, 17/7, 17/15, 17/17, 17/23, 32/3, 0/223, 17/27",https://parivesh.nic.in/dms/okm/downloadDocument?docTypemappingId=40829&refId=124858929&refType=caf&uuid=3f4dcf84-2743-4823-95a5-d74d1cf38380&version=1.0;https://parivesh.nic.in/dms/okm/downloadDocument?docTypemappingId=58989&refId=124858929&refType=FC&uuid=0774b777-6c72-4c4f-8bf3-e1c7254c4e6c&version=1.0,0,https://parivesh.nic.in/newupgrade/#/report/ec?proposalId=1227596606,930750.0,28743750.0
125453442,"Construction of Flyover with Ramps, Footpath, Road Work including Road  Signage, Street Light works, Drainage, Horticulture, Mural Works & allied works at Road No.56 between Anand Vihar ROB and Apsara Border ROB, New Delhi (EPC Mode).",New,FP/DL/ROAD/535040/2025,2025-04-23T10:14:34.644+00:00,,Pending at UA for DFO EDS Reply,0.4657,25734.0,"Construction of Flyover with Ramps, Footpath, Road Work including Road Signage, Street Light works, Drainage, Horticulture, Mural Works & allied  works at Road No. 56 between Anand Vihar ROB and Apsara Border ROB, 	New Delhi (EPC Mode).",,Forest clearance form,,,,"Construction of Flyover with Ramps, Footpath, Road Work including Road  Signage, Street Light works, Drainage, Horticulture, Mural Works & allied works at Road No.56 between Anand Vihar ROB and Apsara Border ROB, New Delhi (EPC Mode).",DELHI,Vivek Vihar,KARKAR DUMAN,,,"0/1133, 0/919, 0/918, 0/915, 0/914, 0/907, 0/884, 0/859, 0/856, 0/852,0/851, 0/850, 0/844, 0/847, 0/845, 0/844, 0/843",Linear,0.0,0.4657,0.4657,0.0,0.0,0.0,0.0,0.0,0,0,0,Not applicable as the project or activity is site specific,,NO,NO,NO,2025-05-25T18:30:00.000+00:00,,,,false,"O/o EE, F-51, PWD, Under Ring Road Bypass I.G. Stadium Oppt. Gate No. 9, New Delhi -02",NEW DELHI,7,State Government (Department/Autonomous body),Executive Engineer,NEW DELHI,7,,Shahdara,"0/1133, 0/919, 0/918, 0/915, 0/914, 0/907, 0/884, 0/859, 0/856, 0/852,0/851, 0/850, 0/844, 0/847, 0/845, 0/844, 0/843",https://parivesh.nic.in/dms/okm/downloadDocument?docTypemappingId=40829&refId=125451415&refType=caf&uuid=c094258a-c330-4ed4-b93d-0efe604f9ebe&version=1.0;https://parivesh.nic.in/dms/okm/downloadDocument?docTypemappingId=58989&refId=125451415&refType=FC&uuid=6d71cdbc-e185-4d13-ac7e-fdb3b6ae7fe8&version=1.0,0,https://parivesh.nic.in/newupgrade/#/report/ec?proposalId=125453442,46460.0,46460.0
126519603,"C/o Flyover at Nand Nagri & Gagan Cinema junction and Underpass at Loni Chowk of Mangal Pandey Marg including Road Signages, Electrical Works, Drainage, RWH and allied works on EPC Mode (MANGAL PANDEY MARG) [Flyover project division F-31, PWD)",Expansion,FP/DL/ROAD/536884/2025,2025-05-08T10:32:22.287+00:00,,DELISTED_BY_SYSTEM,2.34,0.0,Public Works Department,,Forest clearance form,,,,"C/o Flyover at Nand Nagri & Gagan Cinema junction and Underpass at Loni Chowk of Mangal Pandey Marg including Road Signages, Electrical Works, Drainage, RWH and allied works on EPC Mode (MANGAL PANDEY MARG) [Flyover project division F-31, PWD)",DELHI,Seema Puri,MANDOLI,,,709/A Khsra no. 382,Hybrid,0.31,2.03,2.34,0.0,0.0,0.0,0.0,0.0,0,0,0,Not applicable as the project or activity is site specific,,NO,NO,NO,2025-05-09T05:12:34.286+00:00,,,,false,"ITPO Project Division, Bhairon Road T Junction Near Pragati Power Station, Ring Road New Delhi",,7,State Government (Department/Autonomous body),Executive Engineer,,7,,Shahdara,709/A Khsra no. 382,https://parivesh.nic.in/dms/okm/downloadDocument?docTypemappingId=40829&refId=126502957&refType=caf&uuid=596e42af-22fe-49e9-ad5b-d5a88c96cc51&version=1.0;https://parivesh.nic.in/dms/okm/downloadDocument?docTypemappingId=58989&refId=126502957&refType=FC&uuid=afda2b8e-7859-4ce2-ab18-b0679c62b0ac&version=1.0,63982,https://parivesh.nic.in/newupgrade/#/report/ec?proposalId=126519603,1.0,1.0
126546966,"Jindal Urban Infrastructure Limited (JUIL) has formed SPV - JINDAL URBAN WASTE MANAGEMENT (BAWANA) LIMITED to develop Waste to Energy project at Bwana (30 MW)”project with a view to reduce the problem associated with disposal of solid waste at landfill, thereby complying with the various regulations as well as the objective and goal set for the country under the Swachh Bharat Mission (SBM).",New,IA/DL/THE/536932/2025,2025-05-08T15:42:28.686+00:00,2025-06-18T09:16:25.141+00:00,EC Granted,6.07,66000.0,JINDAL URBAN WASTE MANAGEMENT (BAWANA) LIMITED,,Environment clearance form,EC,A,,"Proposed Waste to Energy Project 50 MW, DSIIDC Industrial Area, sector-5, Bawana, Delhi-110039 by M/s Jindal Urban Waste Management (Bawana) Limited.",DELHI,Narela,SULATANPUR DABAS,J-13012/04/2023-IA.I (T),,,Non - Linear,6.07,0.0,6.07,0.0,0.0,0.0,0.0,0.0,0,0,0,YES,,NO,NO,NO,2025-05-12T12:47:17.953+00:00,,,,,,,,,,,,,North,,https://parivesh.nic.in/dms/okm/downloadDocument?docTypemappingId=40828&refId=6436838&refType=caf&uuid=7c35c1ed-2606-42df-813e-8f47b66267cb&version=1.0;https://parivesh.nic.in/dms/okm/downloadDocument?docTypemappingId=40828&refId=6436838&refType=caf&uuid=2f80b4bf-ea94-44b2-afde-045edba2dd94&version=1.0;https://parivesh.nic.in/dms/okm/downloadDocument?docTypemappingId=40829&refId=6436838&refType=caf&uuid=381516cf-ac09-403e-b518-d6450acc3303&version=1.0,,https://parivesh.nic.in/newupgrade/#/report/ec?proposalId=126546966,399480.0,80062.0
126734262,"C/o Flyover at Nand Nagri & Gagan Cinema junction and Underpass at Loni Chowk of Mangal Pandey Marg including Road Signages, Electrical Works, Drainage, RWH and allied works on EPC Mode (MANGAL PANDEY MARG) [Flyover project division F-31, PWD)",Expansion,FP/DL/ROAD/537239/2025,2025-05-12T06:36:29.555+00:00,,DELISTED_BY_SYSTEM,2.34,0.0,Public Works Department,,Form-B (Part-I): Renewal of Lease on Forest Land,,,,"C/o Flyover at Nand Nagri & Gagan Cinema junction and Underpass at Loni Chowk of Mangal Pandey Marg including Road Signages, Electrical Works, Drainage, RWH and allied works on EPC Mode (MANGAL PANDEY MARG) [Flyover project division F-31, PWD)",DELHI,Seema Puri,MANDOLI,,,709/A Khsra no. 382,Hybrid,0.31,2.03,2.34,0.0,0.0,0.0,0.0,0.0,0,0,0,Not applicable as the project or activity is site specific,,NO,NO,NO,2025-05-12T07:24:05.174+00:00,,,,,"ITPO Project Division, Bhairon Road T Junction Near Pragati Power Station, Ring Road New Delhi",,7,State Government (Department/Autonomous body),Executive Engineer,,7,,Shahdara,709/A Khsra no. 382,https://parivesh.nic.in/dms/okm/downloadDocument?docTypemappingId=40829&refId=126502957&refType=caf&uuid=596e42af-22fe-49e9-ad5b-d5a88c96cc51&version=1.0,63982,https://parivesh.nic.in/newupgrade/#/report/ec?proposalId=126734262,1.0,1.0
126947611,"C/o Flyover at Nand Nagri & Gagan Cinema junction and Underpass at Loni Chowk of Mangal Pandey Marg including Road Signages, Electrical Works, Drainage, RWH and allied works on EPC Mode (MANGAL PANDEY MARG) [Flyover project division F-31, PWD)",New,FP/DL/ROAD/537653/2025,2025-05-14T12:29:42.768+00:00,,DELISTED_BY_SYSTEM,2.34,15.785,Public Works Department,,Forest clearance form,,,,"C/o Flyover at Nand Nagri & Gagan Cinema junction and Underpass at Loni Chowk of Mangal Pandey Marg including Road Signages, Electrical Works, Drainage, RWH and allied works on EPC Mode (MANGAL PANDEY MARG) [Flyover project division F-31, PWD)",DELHI,Seema Puri,MANDOLI,,,0/91,Linear,2.03,0.31,2.34,0.0,0.0,0.0,0.0,0.0,0,0,0,Not applicable as the project or activity is site specific,,NO,NO,NO,2025-05-15T05:01:07.602+00:00,,,,false,"ITPO Project Division, Bhairon Road T Junction Near Pragati Power Station, Ring Road New Delhi",,7,State Government (Department/Autonomous body),EE,,7,,Shahdara,0/91,https://parivesh.nic.in/dms/okm/downloadDocument?docTypemappingId=40829&refId=126944365&refType=caf&uuid=d3c9c800-2e68-4336-8ef1-60cbf685c36b&version=1.0;https://parivesh.nic.in/dms/okm/downloadDocument?docTypemappingId=58989&refId=126944365&refType=FC&uuid=4f96360a-7582-4ef4-b83c-e6718a4a203c&version=1.0,63982,https://parivesh.nic.in/newupgrade/#/report/ec?proposalId=126947611,85.0,85.0
128193167,Construction of Student Accommodation for VMMC and Safdarjung Hospita at West Kidwai Nagar New Delhi,New,FP/DL/SCH/539327/2025,2025-05-27T12:59:58.257+00:00,2026-07-20T09:48:57.476+00:00,Final Diversion Order Issued,1.0,9900.0,"Ministry of Health & Family Welfare Dept.,Govt. of India",,Forest clearance form,,,,Construction of Student Accommodation for VMMC and Safdarjung Hospital at West Kidwai Nagar New Delhi,DELHI,Vasant Vihar,NA,,,,Non - Linear,0.0,1.0,1.0,0.0,0.0,0.0,0.0,0.0,0,0,0,Not applicable as the project or activity is site specific,,NO,NO,NO,2025-07-17T18:30:00.000+00:00,,,Non-forest Land,true,"Dy. Director Admin. VMMC and Safdarjung Hospital, New Delhi",,7,Central Government (Department/Autonomous body),DDA,,7,"DDA,DDA",New Delhi,,https://parivesh.nic.in/dms/okm/downloadDocument?docTypemappingId=40829&refId=128192524&refType=caf&uuid=f165df66-2e2c-4888-9f5c-0c006d5bdb65&version=1.0;https://parivesh.nic.in/dms/okm/downloadDocument?docTypemappingId=59061&refId=128192524&refType=FC&uuid=957003c8-b458-4a7d-9598-09c7093daac1&version=1.0;https://parivesh.nic.in/dms/okm/downloadDocument?docTypemappingId=58989&refId=128192524&refType=FC&uuid=44e2e285-3f7e-410f-af73-2a4313bf9d60&version=1.0,0,https://parivesh.nic.in/newupgrade/#/report/ec?proposalId=128193167,247500.0,126000.0
128418811,"The Proposed project is Construction of Commercial Building at Plot No- LP-02-01 at Aerocity
Downtown District, Indira Gandhi International Airport, New Delhi. The total plot area of the
project is 25,795 Sq.m. and builtup area will be 1,74,602 Sq.m. As per approved Master Plan for
Delhi - 2021 (Approved by Delhi Development Authority vide Resolution No. 142/2006 dated 19th
January, 2007), the project area is demarcated as ""AIRPORT"". As per the Airport Master Plan, the
Project Site is designated as ""Commercial Zone"" as per the Indira Gandhi Internation Airport Master Plan 2016.",New,IA/DL/INFRA2/539533/2025,2025-05-29T06:05:51.263+00:00,2025-08-26T10:52:14.407+00:00,Standard ToR Granted,2.5795,69200.0,PAMIR DEVELOPERS LIMITED,Ind Tech House Consult,Environment clearance form,TOR,B1,Townships/ Area Development Projects / Rehabilitation Centres,"Construction of Commercial Building at Plot No- LP-02- 01 at Aerocity Downtown District, Indira Gandhi International Airport, New Delhi.",DELHI,Vasant Vihar,MAHIPALPUR,21/100/2025-IA.III,,,Non - Linear,2.5795,0.0,2.5795,0.0,0.0,0.0,0.0,0.0,0,0,0,Not applicable as the project or activity is site specific,,NO,NO,NO,2025-05-31T10:33:33.562+00:00,,,,,,,,,,,,,New Delhi,,https://parivesh.nic.in/dms/okm/downloadDocument?docTypemappingId=40829&refId=128412019&refType=caf&uuid=38814ecc-dcea-4c71-a327-a252a5ee5685&version=1.0,0,https://parivesh.nic.in/newupgrade/#/report/ec?proposalId=128418811,750020.0,4916235.0
129245906,"The project is the development of “Shahi IT Building Project” by M/s Delhi Brass & Metal Works Pvt. Ltd. The Project site is located at Plot No. F88, Okhla, Industrial Area, Phase-1, New Delhi- 110020. The total Plot area is 4,346.933 m2 or 0.43 Ha. Total Built up Area of the project is 30,371.04 m2.",New,IA/DL/INFRA2/540340/2025,2025-06-05T06:15:07.308+00:00,2025-11-19T09:16:45.402+00:00,EC Granted,0.43,10000.0,delhi brass and metal works private limited,Oceao Enviro Management Solutions (India) Pvt. Ltd.,Environment clearance form,TOR,B2,Building / Construction,Shahi IT Building Project,DELHI,Kalkaji,TEHKHAND,21/149/2025-IA.III,,,Hybrid,0.43,0.0,0.43,0.0,0.0,0.0,0.0,0.0,0,0,0,Not applicable as the project or activity is site specific,,NO,NO,NO,2025-09-09T10:26:25.983+00:00,,,,,,,,,,,,,South East,,https://parivesh.nic.in/dms/okm/downloadDocument?docTypemappingId=40829&refId=129136628&refType=caf&uuid=84abb6ac-d380-49c6-b6ad-83d8a7154acd&version=1.0,0,https://parivesh.nic.in/newupgrade/#/report/ec?proposalId=129245906,15100.0,150500.0
129262628,National Highways Authority of India is developing NH-248BB (Dwarka Expressway) with its approaches and interchange at NH-48 and intends to connect it with NH-148AE (Nelson Mandela Marg) in Delhi. NH-248BB ends at the proposed interchange near Shivmurti at NH-48.,New,IA/DL/INFRA1/540378/2025,2025-06-05T07:45:32.896+00:00,2025-08-26T04:27:05.565+00:00,EC Granted,10.5145,4.08909,MINISTRY OF ROAD TRANSPORT & HIGHWAYS,,Environment clearance form,EC,A,,Construction of a road tunnel for NH-148AE with its approach and connection to NH-248BB in NCT of Delhi,DELHI,Vasant Vihar,RANG PURI,10/6/2022-IA.III,,"955, 987, 988, 989, 992, 993, 994, 448, 449, 482, 481, 483, 484, 1731, 1523, 1379, 1524, 1611, 1610",Linear,3.0,7.5145,10.5145,0.0,0.0,0.0,0.0,0.0,0,0,0,Not applicable as the project or activity is site specific,,NO,NO,NO,2025-06-17T05:34:41.738+00:00,,,,,,,,,,,,,New Delhi,"955, 987, 988, 989, 992, 993, 994, 448, 449, 482, 481, 483, 484, 1731, 1523, 1379, 1524, 1611, 1610",https://parivesh.nic.in/dms/okm/downloadDocument?docTypemappingId=40829&refId=2390374&refType=caf&uuid=ac1c7904-7753-4bcb-a440-167f48585c4d&version=1.0,64057,https://parivesh.nic.in/newupgrade/#/report/ec?proposalId=129262628,481855.0,22.0
130386247,"The project have been granted Environment Clearance for the Construction of a shopping mall at Plot No. 4, Vasant Kunj Mall, Vasant Kunj, New Delhi vide F.No.3-15/2006-IA.III dated 24.11.2006 from MOEF&CC for a Plot area of 15300.00 m2 in the name of M/s Regency Park Management Services Pvt. Ltd",New,SIA/DL/INFRA2/542167/2025,2025-06-20T06:43:21.673+00:00,,Referred to SEIAA,15300.0,25000.0,DLF CYBER CITY DEVELOPERS LIMITED,,Application for Transfer of EC- Form-7,OTHER,B2,,"Transfer of EC for the project shopping Mall Plot No-4.Vasant Kunj Mall, Vasant Kunj , New Delhi",DELHI,Vasant Vihar,MASOODPUR,3-15/2006-IA.III,DPCC/UTLEIAA-V/P2/C-504/DL/2025,Plot No-4,Hybrid,15300.0,0.0,15300.0,0.0,0.0,0.0,0.0,0.0,0,0,0,NO,The project is for transfer of EC and the project is operational,NO,NO,NO,2025-12-12T05:48:29.292+00:00,,,,,"DLF centre, 9th Floor, Sansad Marg, Parliament Street, New Delhi-110001",,7,Private Limited,Property Manager,,7,,New Delhi,Plot No-4,https://parivesh.nic.in/dms/okm/downloadDocument?docTypemappingId=40829&refId=130383558&refType=caf&uuid=2ff39f58-71ab-4696-b6a5-c3032690196f&version=1.0,0,https://parivesh.nic.in/newupgrade/#/report/ec?proposalId=130386247,0.0,1825010.0
131649187,Construction of One no. Underground metro station namely Yuge Yugeen Bharat is proposed to be constructed on Pandit Pant Marg.,New,FP/DL/OTHERS/544041/2025,2025-07-07T11:11:51.445+00:00,2026-01-22T22:34:45.768+00:00,Final Diversion Order Issued,1.4521,20632.0,DELHI METRO RAIL CORPORATION LIMITED,,Forest clearance form,,,,Construction of Yuge Yugeen Bharat underground station under Phase-V(A) of Delhi MRTS.,DELHI,Chanakya Puri,NA,,,Pt. Pant Marg,Linear,0.7488,0.7033,1.4521,0.0,0.0,0.0,0.0,0.0,0,0,0,Not applicable as the project or activity is site specific,,NO,NO,NO,2025-09-07T18:30:00.000+00:00,,,Degraded Forest Land,true,"Metro Bhawan, Fire Brigade Lane, Bharakhambha Road, New Delhi",,7,Joint Venture (Govt. + Govt.),Sr. General Manager/Land,,7,,New Delhi,Pt. Pant Marg,https://parivesh.nic.in/dms/okm/downloadDocument?docTypemappingId=40829&refId=131632026&refType=caf&uuid=618fff7a-6521-4b6a-9e3c-9cdd00f36573&version=1.0;https://parivesh.nic.in/dms/okm/downloadDocument?docTypemappingId=58989&refId=131632026&refType=FC&uuid=d63aa0d4-fcb4-4d6d-9abc-2faf25e043e9&version=1.0,0,https://parivesh.nic.in/newupgrade/#/report/ec?proposalId=131649187,87600.0,36520.0
131706269,Shopping Mall,New,SIA/DL/INFRA2/544120/2025,2025-07-08T07:49:01.454+00:00,,Referred to SEIAA,2.578,358.0,DLF Promenade Limited,,Application for Transfer of EC- Form-7,OTHER,B2,,"Shopping Mall located at Plot No. 3, Vasant Kunj, New Delhi",DELHI,Vasant Vihar,MASOODPUR,3-16/2006-IA.III,DPCC/UTLEIAA-V/P2/C-503/DL/2025,plot no-3,Hybrid,2.578,0.0,2.578,0.0,0.0,0.0,0.0,0.0,0,0,0,Not applicable as the project or activity is site specific,,NO,NO,NO,2025-12-12T05:50:28.143+00:00,,,,,"DLF Centre, 9th Floor, Sansad Marg, Parliament Street, New Delhi-110001",Gurugram,6,Private Limited,Building Manager,,7,,New Delhi,plot no-3,https://parivesh.nic.in/dms/okm/downloadDocument?docTypemappingId=40829&refId=130582613&refType=caf&uuid=5c6c3ae2-e446-46a8-867f-96907bae44bd&version=1.0,0,https://parivesh.nic.in/newupgrade/#/report/ec?proposalId=131706269,0.0,0.0
131738027,"Earlier EC for Redevelopment of All India Institute of Medical Sciences (AIIMS), New Delhi was obtained vide EC Identification No. - EC22B039DL162848 dated 01/09/2022. In Redevelopment proposal we are proposing one critical care unit block having built-up area 28377.3 sqm Due to proposed critical care unit block overall built-up area will be 19,03,858.99 sqm.",Expansion,IA/DL/INFRA2/544162/2025,2025-07-08T11:25:49.431+00:00,2025-08-26T10:04:42.211+00:00,Standard ToR Granted,61.7347,15.68092,ALL INDIA INSTITUTE OF MEDICAL SCIENCE,Ind Tech House Consult,Environment clearance form,TOR,B1,Townships/ Area Development Projects / Rehabilitation Centres,"Proposed Expansion of Redevelopment of All India Institute of Medical Sciences (AIIMS), New Delhi by All India Institute of Medical Sciences, New Delhi",DELHI,Vasant Vihar,NA,21/99/2025-IA.III,,,Non - Linear,61.7347,0.0,61.7347,0.0,0.0,0.0,1550000.0,18092.0,0,0,0,Not applicable as the project or activity is site specific,,NO,NO,NO,2025-07-08T14:17:27.279+00:00,,,,,,,,,,,,,New Delhi,,https://parivesh.nic.in/dms/okm/downloadDocument?docTypemappingId=40829&refId=131734345&refType=caf&uuid=5f7a873e-b485-4bde-aca0-8c28fa6a6a54&version=1.0,0,https://parivesh.nic.in/newupgrade/#/report/ec?proposalId=131738027,15200.0,36700.0
131891518,"M/s TEHKHAND WASTE TO ELECTRICITY PROJECT LIMITED proposed to expand the existing 25 MW Waste to Energy Plant by 20 MW with total plant capacity up to 45 MW. Municipal Solid Waste in South Delhi is collected by MCD from different sources of generation such as residential, commercial, institutional, street sweeping and markets, function halls, cinema halls etc. The existing plant produces 25 MW of electricity. After expansion, the total capacity of plant will be up to 45 MW. 
The short description of the proposed project is as follows: 
•	Proposed Fuel: Refuse derived fuel prepared from MSW. 
•	Technology: Forward feed reciprocating grate, Ranking Cycle base.
•	After expansion, plant’s processing capacity: 3000±20% TPD of MSW (existing: 2000±20% TPD and proposed expansion: 1000±20% TPD). 
•	After expansion, plant’s production capacity: Up to 45 MW (existing: 25 MW and expansion: up to 20 MW).",Expansion,IA/DL/THE/544398/2025,2025-07-10T12:19:09.399+00:00,2025-09-16T03:49:32.302+00:00,ToR Granted,6.07,90000.0,TEHKHAND WASTE TO ELECTRICITY PROJECT LIMITED,Perfact Enviro Solutions Pvt. Ltd.,Environment clearance form,TOR,A,Thermal Power Plants,"“Proposed Expansion of Existing Waste to Energy Plant up to 45 MW”, at adjacent DTC Tehkhand Depot, Maa Anandmai Marg, New Delhi-110020 by M/s Tehkhand Waste to Electricity Project Limited",DELHI,Kalkaji,TEHKHAND,J-13012/03/2017-IA.I(T),,"",Non - Linear,6.07,0.0,6.07,0.0,0.0,0.0,46500.0,43500.0,0,0,0,NO,"Space provision for the expansion project was already kept in the layout during implementation of existing project. Hence, no alternative analysis is required for the proposed expansion project.",NO,NO,NO,2025-07-21T10:29:34.806+00:00,,,,,,,,,,,,,South East,"",https://parivesh.nic.in/dms/okm/downloadDocument?docTypemappingId=40829&refId=131885496&refType=caf&uuid=1cd1281d-8bd6-4018-8001-33109a854578&version=1.0,0,https://parivesh.nic.in/newupgrade/#/report/ec?proposalId=131891518,191260.0,742045.0
132107245,"The proposed project is for Construction & Development of Hari Nagar DTC Bus Depot I & II. Plot area of the proposed Project is 25,171.47 m2 (6.22 acres) with built-up area of 70,397.81 m2. The development aims to create a self-sustainable model to use the available+ road frontage and maximize the potential of commercial activity on the site for multi-level bus parking for 384 buses, Retail shops, Commercial offices and DTC offices.",New,SIA/DL/INFRA2/544798/2025,2025-07-15T06:41:10.410+00:00,2026-05-01T08:33:39.951+00:00,EC Granted,2.5171,36454.0,"Delhi Transport Corporation, Delhi (DTC), Govt. of Delhi",,Environment clearance form,TOR,B2,Building / Construction,"Construction & Development of Hari Nagar DTC Bus Depot I & II at Hari Nagar, Delhi by Delhi Transport Corporation (DTC)",DELHI,Rajouri Garden,TIHAR,,DPCC/UTLEIAA-V/P2/C-500/DL/2025,,Non - Linear,2.5171,0.0,2.5171,0.0,0.0,0.0,0.0,0.0,0,0,0,Not applicable as the project or activity is site specific,,NO,NO,NO,2025-11-04T08:21:08.796+00:00,,,,,,,,,,,,,West,,https://parivesh.nic.in/dms/okm/downloadDocument?docTypemappingId=40829&refId=132097843&refType=caf&uuid=ed2a9d8f-3bab-4dc4-a2a4-447f9c2aa6bf&version=1.0,0,https://parivesh.nic.in/newupgrade/#/report/ec?proposalId=132107245,6130.0,13716.0
132357959,"Earlier Environment Clearance as granted for Plot area 15300 sqm. Now due to the availability of Extra FAR under UBBL Bye laws we are proposing expansion where he plot area will remain the same and the built up area of the project will increase from 63,037.12 sqm to 91,386.85 sqm",Expansion,IA/DL/INFRA2/545304/2025,2025-07-18T11:32:55.303+00:00,,DELISTED_BY_SYSTEM,15300.0,480.5,DLF CYBER CITY DEVELOPERS LIMITED,Perfact Enviro Solutions Pvt. Ltd.,Environment clearance form,TOR,B2,Building / Construction,Expansion of shopping mall,DELHI,Vasant Vihar,MASOODPUR,21/152/2025-IA.III,,-,Non - Linear,15300.0,0.0,15300.0,0.0,0.0,0.0,396.5,84.0,0,0,0,NO,Not applicable as the project or activity is site specific,NO,NO,NO,2025-09-15T06:32:01.323+00:00,,,,,,,,,,,,,New Delhi,-,https://parivesh.nic.in/dms/okm/downloadDocument?docTypemappingId=40829&refId=132346124&refType=caf&uuid=f5b05f94-e559-46aa-a687-09087a04089f&version=1.0,0,https://parivesh.nic.in/newupgrade/#/report/ec?proposalId=132357959,219000.0,2857950.0
132683466,"Earlier Environment Clearance as granted for Plot area 25,780 sqm. Now due to the availability of Extra FAR under UBBL Bye laws we ore proposing expansion where he plot area will remain the same and the built up area of the project will increase from 73935.789 sqm to 1,15,647.002 sqm",Expansion,IA/DL/INFRA2/545790/2025,2025-07-24T06:04:24.715+00:00,,DELISTED_BY_SYSTEM,2.578,64982.0,DLF Promenade Limited,Perfact Enviro Solutions Pvt. Ltd.,Environment clearance form,TOR,B2,Building / Construction,“Expansion of the shopping mall”,DELHI,Vasant Vihar,MASOODPUR,21/153/2025-IA.III,,Plot 3,Non - Linear,2.578,0.0,2.578,0.0,0.0,0.0,55782.0,9200.0,0,0,0,Not applicable as the project or activity is site specific,,NO,NO,NO,2025-09-15T09:05:40.000+00:00,,,,,,,,,,,,,New Delhi,Plot 3,https://parivesh.nic.in/dms/okm/downloadDocument?docTypemappingId=40829&refId=132674482&refType=caf&uuid=2742e7d5-8ade-470f-b7e2-496781cbe361&version=1.0,0,https://parivesh.nic.in/newupgrade/#/report/ec?proposalId=132683466,219000.0,4894650.0
133690108,"M/s Ozar Organic Llp proposes Expansion of Group Housing Project at Plot No. Pkt 01 (a) Sector 32, Pocket- 1/Block – B admeasuring 10060 Sq. Mtrs. Sector-32, Rohini, New Delhi. 

Earlier Environment Clearance has been granted to the project by MoEFF&CC vide EC Identification No. EC24C3801DL5283141N dated 11.12.2024 for plot area 10060 m2 and builtup area 40849 m2. Now, as the built-up area is increasing from 40849 sqm to 64308.84 sqm hence, we are undergoing expansion of project. The total plot area is 10060 m2 and builtup area will be 64308.84 m2",Expansion,IA/DL/INFRA2/547493/2025,2025-08-08T06:57:46.702+00:00,2025-11-17T05:39:45.428+00:00,EC Granted,1.006,36000.0,ozar organic llp,Ind Tech House Consult,Environment clearance form,TOR,B2,Building / Construction,"Proposed Expansion of Group Housing Project at Plot No. Pkt 01 (a) Sector 32, Pocket- 1/Block – B admeasuring 10060 Sq. Mtrs. Sector-32, Rohini, New Delhi.",DELHI,Narela,Pehlad Pur Bangar (CT),21/133/2025-IA.III,,"Plot No. Pkt 01 (a) Sector 32, Pocket- 1/Block – B",Non - Linear,1.006,0.0,1.006,0.0,0.0,0.0,29500.0,6500.0,0,0,0,Not applicable as the project or activity is site specific,,NO,NO,NO,2025-08-08T12:28:56.385+00:00,,,,,,,,,,,,,North,"Plot No. Pkt 01 (a) Sector 32, Pocket- 1/Block – B",https://parivesh.nic.in/dms/okm/downloadDocument?docTypemappingId=40829&refId=133687460&refType=caf&uuid=546a4c92-23bf-42f1-bf84-3615aac6307e&version=1.0,63918,https://parivesh.nic.in/newupgrade/#/report/ec?proposalId=133690108,60080.0,27020.0
133894989,This work involved installation of 10 nos tube wells and line network to supply water to the Forest area and some of the extracted water was to be diverted to CAPFIMS AIIMS campus. The District Level Advisory Committee had approved the project on 10.11.2023. These 10 nos tube wells and network has been installed and commissioned.,New,FP/DL/WATER/547874/2025,2025-08-12T09:14:35.932+00:00,,DELISTED_BY_SYSTEM,0.001,229.67,Delhi Jal Board,,Forest clearance form,,,,Installation of 10 nos tube wells in Animal Husbandry Land to supply water in CAPFIMS Maidangarhi New Delhi,DELHI,Saket,SAT BERI,,,,Non - Linear,0.0001,0.0009,0.001,0.0,0.0,0.0,0.0,0.0,0,0,0,Not applicable as the project or activity is site specific,,NO,NO,NO,2025-08-12T09:42:20.510+00:00,,,,false,"EE Water Project-VIII
A-Building, Varunalaya Jhandewalan
New Delhi-110005",,7,State Government (Department/Autonomous body),Executive Engineer,,7,,South,,https://parivesh.nic.in/dms/okm/downloadDocument?docTypemappingId=40829&refId=133821270&refType=caf&uuid=e61e810f-c940-4929-bad9-cbfa0d92712d&version=1.0;https://parivesh.nic.in/dms/okm/downloadDocument?docTypemappingId=58989&refId=133821270&refType=FC&uuid=927e907e-773d-44b4-97e1-a1cc80afc911&version=1.0,64063,https://parivesh.nic.in/newupgrade/#/report/ec?proposalId=133894989,0.0,3650.0
134058027,This work involved installation of 10 nos. tubewells and line network to supply water to the Forest area and some of the extracted water was to be diverted to CAPFIMS-AIIMS campus. The District Level Advisory Committee had approved the project on 10.11.2023. Thes 10 nos. tubewells and network has been installed and commissioned.,New,FP/DL/WATER/548108/2025,2025-08-14T06:23:32.918+00:00,,DELISTED_BY_SYSTEM,0.4963,229.67,Delhi Jal Board,,Forest clearance form,,,,Installation of 10 nos. tubewells in the Animal Husbandry Land to supply water to CAPFIMS MaidanGarhi (Deposit work),DELHI,Saket,MADIAN GARHI,,,,Linear,0.0001,0.4962,0.4963,0.0,0.0,0.0,0.0,0.0,0,0,0,Not applicable as the project or activity is site specific,,NO,NO,NO,2025-08-14T06:55:53.783+00:00,,,,false,"EE Water Project-VIII
A-Building, Varunalaya Jhandewalan
New Delhi-110005",,7,State Government (Department/Autonomous body),Executive Enginner,,7,,South,,https://parivesh.nic.in/dms/okm/downloadDocument?docTypemappingId=40829&refId=134057315&refType=caf&uuid=a19ecfa7-7f13-4efb-909c-ab70785391ee&version=1.0;https://parivesh.nic.in/dms/okm/downloadDocument?docTypemappingId=58989&refId=134057315&refType=FC&uuid=5b541cdc-7876-453a-9216-58369e677736&version=1.0,64074,https://parivesh.nic.in/newupgrade/#/report/ec?proposalId=134058027,0.0,3650.0
134765998,"DIVERSION OF DEEMED FOREST AREA FOR REDEVELOPMENT OF EXISTING GENERAL POOL RESIDENTIAL ACCOMODATION (GPRA) COLONY AT NETAJI NAGAR, NEW DELHI",New,FP/DL/OTHERS/549382/2025,2025-08-26T10:00:36.224+00:00,2026-01-20T11:57:28.773+00:00,Final Diversion Order Issued,10.0,1.034,NBCC (INDIA) LIMITED,,Forest clearance form,,,,"DIVERSION OF DEEMED FOREST AREA FOR REDEVELOPMENT OF GENERAL POOL RESIDENTIAL ACCOMODATION (GPRA) COLONY AT NETAJI NAGAR, NEW DELHI",DELHI,Vasant Vihar,MOHD. PUR MUNIRKA,,,,Non - Linear,0.0,10.0,10.0,0.0,0.0,0.0,0.0,0.0,0,0,0,Not applicable as the project or activity is site specific,,NO,NO,NO,2025-08-27T12:58:39.750+00:00,,,Degraded Forest Land,true,"SBG OFFICE (BIHAR), PATNA, 404, 4th floor, Maurya Tower, Mauryalok Complex, New Dakbunglow Road",,10,"Central PSU (eg. NHAI, AAI, NTP, CIL, SAIL)",CHIEF GENERAL MANAGER,Netaji Nagar,7,,New Delhi,,https://parivesh.nic.in/dms/okm/downloadDocument?docTypemappingId=40829&refId=133598154&refType=caf&uuid=3449f2fe-d3ab-4f04-ae3a-fad4871fa506&version=1.0;https://parivesh.nic.in/dms/okm/downloadDocument?docTypemappingId=58989&refId=133598154&refType=FC&uuid=3bc76525-d103-44ef-8650-35372ed468fc&version=1.0,0,https://parivesh.nic.in/newupgrade/#/report/ec?proposalId=134765998,438000.0,54750.0
135563537,"Project has been granted Environmental Clearance vide F. No. 21-535/2006/IA.III dated 15.01.2007 in the name of DLF Limited for the Project Commercial Complex ""DLF Dourtyard"" at Plot No. A-4 and P1A at Saket Place, Saket, New Delhi by MoEF&CC.  DLF Limited sold out the Property to Nambi Buildwell Pvt. Ltd. Later, Nambi Buildwell Pvt. Ltd. changed to Nambi Buildwell Limited by Registrar of Companies, Delhi.",New,SIA/DL/INFRA2/550267/2025,2025-09-03T08:22:52.004+00:00,,Referred to SEIAA,2.2796,49586.0,Nambi buildwell limited,,Application for Transfer of EC- Form-7,OTHER,B2,,"Transfer of EC for the Project Commercial Complex ""DLF Courtyard"" from DLF Limited to Nambi Buildwell Limited",DELHI,Hauz Khas,KHIRKI,21-535/2006-IA.III,DPCC/UTLEIAA-V/P2/C-502/DL/2025,A4 and P1A,Hybrid,2.2796,0.0,2.2796,0.0,0.0,0.0,0.0,0.0,0,0,0,Not applicable as the project or activity is site specific,,NO,NO,NO,2025-12-12T05:44:33.864+00:00,,,,,"Lower Ground, A-4, District Centre, Press Enclave Road, Saket, New Delhi-110017",Saket,7,Private Limited,Senior Executive Director,Saket,7,,South,A4 and P1A,https://parivesh.nic.in/dms/okm/downloadDocument?docTypemappingId=40829&refId=135561335&refType=caf&uuid=638a54f9-94d2-4c50-a351-a66aeb0feeb5&version=1.0,0,https://parivesh.nic.in/newupgrade/#/report/ec?proposalId=135563537,0.0,3285000.0
136290811,"The Proposed project is Construction of Commercial Building at Plot No- LP-02-01 at Aerocity
Downtown District, Indira Gandhi International Airport, New Delhi. The total plot area of the
project is 25,795 Sq.m. and builtup area will be 1,74,602 Sq.m. As per approved Master Plan for
Delhi - 2021 (Approved by Delhi Development Authority vide Resolution No. 142/2006 dated 19th
January, 2007), the project area is demarcated as ""AIRPORT"". As per the Airport Master Plan, the
Project Site is designated as ""Commercial Zone"" as per the Indira Gandhi Internation Airport Master Plan 2016.",New,SIA/DL/INFRA2/551633/2025,2025-09-15T09:18:23.055+00:00,2026-07-19T10:18:12.380+00:00,EC Granted,2.5795,69200.0,PAMIR DEVELOPERS LIMITED,,Environment clearance form,EC,B1,,"Construction of Commercial Building at Plot No- LP-02- 01 at Aerocity Downtown District, Indira Gandhi International Airport, New Delhi.",DELHI,Vasant Vihar,MAHIPALPUR,21/100/2025-IA.III,DPCC/UTLEIAA-V/P2/C-498/DL/2025,,Non - Linear,2.5795,0.0,2.5795,0.0,0.0,0.0,0.0,0.0,0,0,0,Not applicable as the project or activity is site specific,,NO,NO,NO,2025-12-12T06:50:28.561+00:00,Building or Construction projects or Area Development projects or Townships,,,,,,,,,,,,New Delhi,,https://parivesh.nic.in/dms/okm/downloadDocument?docTypemappingId=40829&refId=128412019&refType=caf&uuid=38814ecc-dcea-4c71-a327-a252a5ee5685&version=1.0,0,https://parivesh.nic.in/newupgrade/#/report/ec?proposalId=136290811,750020.0,4916235.0
136296084,"Construction of underground water tank in Budha Jayanti Park, New Delhi.",New,FP/DL/RainHarvest/551650/2025,2025-09-15T10:08:37.094+00:00,,DELISTED_BY_SYSTEM,0.05,1000.0,OM PARKASH,,Forest clearance form,,,,"Construction of underground water tank in  Budha Jayanti Park, New Delhi.",DELHI,Delhi Cantonment,JADID CHHAWNI,,,,Non - Linear,0.0,0.05,0.05,0.0,0.0,0.0,0.0,0.0,0,0,0,Not applicable as the project or activity is site specific,,NO,NO,NO,2025-10-27T18:30:00.000+00:00,,,Non-forest Land,true,"O/o EXECUTIVE ENGINEER  UNFILTERED WATER SUPPLY DIVISION , CPWD 4 PANDIT PANT MARG NEW DELHI 110001",,7,Central Government (Department/Autonomous body),Executive Engineer,,7,,New Delhi,,https://parivesh.nic.in/dms/okm/downloadDocument?docTypemappingId=40829&refId=67233531&refType=caf&uuid=43b748e1-01a9-4af2-a828-3c21c1c40943&version=1.0;https://parivesh.nic.in/dms/okm/downloadDocument?docTypemappingId=58989&refId=67233531&refType=FC&uuid=04bceb2c-3b4e-4ca8-98f8-48b75f0a86e4&version=1.0,0,https://parivesh.nic.in/newupgrade/#/report/ec?proposalId=136296084,325.0,16355.0
136813354,"Earlier Environment Clearance was granted on 26.11.2007 from MOEF&CC for a Plot area of 23,642.00 sqm and built-up area of 47,370.00 sqm. Now, expansion is proposed. After expansion plot area will remain same and the built up area of the project will increase from 47,370.00 sqm to 59568.66 sqm.",Expansion,SIA/DL/INFRA2/552766/2025,2025-09-23T08:17:39.256+00:00,,ADS Raised,2.3642,33730.0,Lodhi property company limited,Perfact Enviro Solutions Pvt. Ltd.,Environment clearance form,TOR,B2,Building / Construction,"Expansion of hotel “The Lodhi” at Plot No. -27, Lodhi Road, New Delhi by M/s Lodhi Property Company Limited.",DELHI,Defence Colony,NA,,DPCC/UTLEIAA-V/P2/C-511/DL/2026,Plot No. -27,Hybrid,2.3642,0.0,2.3642,0.0,0.0,0.0,29530.0,4200.0,0,0,0,NO,Not applicable as expansion is proposed on the existing land,NO,NO,NO,2025-12-16T10:51:30.580+00:00,,,,,,,,,,,,,South East,Plot No. -27,https://parivesh.nic.in/dms/okm/downloadDocument?docTypemappingId=40829&refId=136789245&refType=caf&uuid=7e1d8793-5b30-4030-91b2-274644f2819a&version=1.0,0,https://parivesh.nic.in/newupgrade/#/report/ec?proposalId=136813354,219000.0,14235000.0
137298421,"A new hostel building is being proposed at existing JNU campus having existing plot area 3854150
sqm. Existing Builtup area is 420401.3 sqm and existing ground coverage is 172154.7 sqm.",New,SIA/DL/INFRA2/553709/2025,2025-09-30T12:16:40.063+00:00,,Proposal returned in present form,385.415,16900.0,Jawaharlal Nehru University,,Environment clearance form,EC,B1,,"PROPOSED HOSTEL BUILDING FOR SCHOOL OF ENGINEERING & ATAL BIHARI VAJPAYEE SCHOOL OF MANAGEMENT AND ENTREPRENEURSHIP (SOE & ABVSME) AT EXISTING JNU CAMPUS, NEW DELHI",DELHI,Vasant Vihar,MOHD. PUR MUNIRKA,21/09/2025-IA.III,DPCC/UTLEIAA-V/P2/C 516/DL/2026,,Non - Linear,385.415,0.0,385.415,0.0,0.0,0.0,0.0,0.0,0,0,0,Not applicable as the project or activity is site specific,,NO,NO,NO,2025-12-30T09:51:45.764+00:00,Building or Construction projects or Area Development projects or Townships,,,,,,,,,,,,New Delhi,,https://parivesh.nic.in/dms/okm/downloadDocument?docTypemappingId=40829&refId=117467796&refType=caf&uuid=c0f9ab70-eb8d-4899-999f-51220fdf409e&version=1.0,0,https://parivesh.nic.in/newupgrade/#/report/ec?proposalId=137298421,15100.0,18300.0
137825439,Boring and installation of 26 Nos tube wells at Sanjay lake for augmentation of water supply.,New,FP/DL/WATER/554688/2025,2025-10-10T06:05:11.061+00:00,,DELISTED_BY_SYSTEM,0.0234,2300.0,Delhi Jal Board,,Forest clearance form,,,,Boring and installation of 26 Nos tube wells at Sanjay lake.,DELHI,Mayur Vihar,GHRONDA NEEM KA BANGAR,,,,Non - Linear,0.0,0.0234,0.0234,0.0,0.0,0.0,0.0,0.0,0,0,0,Not applicable as the project or activity is site specific,,NO,NO,NO,2025-12-01T18:30:00.000+00:00,,,,false,"Room No 403, Varunalaya Phase-I, Delhi Jal Board, Jhandewalan, New Delhi 110005",,7,State Government (Department/Autonomous body),EE(Project)W-III,,7,,East,,https://parivesh.nic.in/dms/okm/downloadDocument?docTypemappingId=40829&refId=137131418&refType=caf&uuid=fc9a1869-a768-45ee-84cd-83e788a2d76a&version=1.0;https://parivesh.nic.in/dms/okm/downloadDocument?docTypemappingId=58989&refId=137131418&refType=FC&uuid=2d82956d-fc66-4934-84f8-9c78b15e20f7&version=1.2,63985,https://parivesh.nic.in/newupgrade/#/report/ec?proposalId=137825439,1440.0,10950.0
138108367,"The Expansion of Proposed hospital at Pitampura, FC-53, Pitampura, New Delhi-110034 by M/s Bharat Prakritik Chikitsa Mission. The total plot area(as Per land Documents) of the project is 5100 m2. And net plot area is 5037.64 m2.

Earlier Environment Clearance has been obtained for the project from MoEF&CC Delhi vide EC File No. 21-50/2020-IA-III dated 18.12.2020 for plot area 5100 m2 and builtup area 29222.305 m2. Now, nos. of beds increased from 217 nos. to 343 nos. so builtup area is increased from 29222.305 m2 to 36658.892 m2, therefore we are applying for Expansion in Environment Clearance. The plot area will remain same. CTE has been obtained for the project vide Certificate no. G-50742 dated 16/09/2025, however no construction work is started at site.",Expansion,SIA/DL/INFRA2/555233/2025,2025-10-15T06:47:04.746+00:00,,Proposal returned in present form,0.51,29984.0,BHARAT PRAKRITIK CHIKITSA MISSION,Ind Tech House Consult,Environment clearance form,TOR,B2,Building / Construction,"Proposed Hospital at Pitampura, FC-53, Pitampura, New Delhi-110034",DELHI,Saraswati Vihar,YAKUT PUR,,DPCC/UTLEIAA-V/P2/C 514/DL/2026,,Non - Linear,0.51,0.0,0.51,0.0,0.0,0.0,10985.0,18999.0,0,0,0,Not applicable as the project or activity is site specific,,NO,NO,NO,2025-12-17T10:49:18.926+00:00,,,,,,,,,,,,,North West,,https://parivesh.nic.in/dms/okm/downloadDocument?docTypemappingId=40829&refId=138104896&refType=caf&uuid=f570fbc2-142f-446c-ae5e-ca825e4c567d&version=1.0,0,https://parivesh.nic.in/newupgrade/#/report/ec?proposalId=138108367,54040.0,50.0
138238367,"Construction of “Jhatikara - Dwarka 400 kV (D/C) Line (Twin HTLS) under Rajasthan REZ Phase-III, Part D, Phase-II Scheme”.",New,FP/DL/PWR_TRANS/555418/2025,2025-10-16T11:40:48.958+00:00,2026-03-31T06:19:38.245+00:00,Final Diversion Order Issued,76.3922,28410.0,POWER GRID CORPORATION OF INDIA LTD,,Forest clearance form,,,,400 kV Dc Jhatikara Dwarka Transmission line,DELHI,Kapeshera,BADUSARA,,,,Linear,54.3035,22.0887,76.3922,0.0,0.0,0.0,0.0,0.0,0,0,0,YES,,NO,NO,NO,2025-12-08T18:30:00.000+00:00,,https://parivesh.nic.in/dms/okm/downloadDocument?docTypemappingId=59020&refId=138238366&refType=fc&uuid=2932a0c0-7151-448d-89a9-87ecab6e8e7f&version=1.0,Degraded Forest Land,true,POWERGRID SECTOR 29 GURGAON,,6,"Central PSU (eg. NHAI, AAI, NTP, CIL, SAIL)",Chief Manager,,7,,South West,,https://parivesh.nic.in/dms/okm/downloadDocument?docTypemappingId=40829&refId=137681800&refType=caf&uuid=4993b58e-10dd-49a9-990c-38dd966c3742&version=1.0;https://parivesh.nic.in/dms/okm/downloadDocument?docTypemappingId=40828&refId=137681800&refType=caf&uuid=9043a847-71bb-4f5d-8016-3d1c1af63904&version=1.0;https://parivesh.nic.in/dms/okm/downloadDocument?docTypemappingId=58989&refId=137681800&refType=FC&uuid=24a71e53-548d-4d80-9842-78dd0355c7f6&version=1.0,64032,https://parivesh.nic.in/newupgrade/#/report/ec?proposalId=138238367,2930.0,2000.0
138250614,This work involved installation of 10 nos. tubewells and line network to supply water to the Forest area and some of the extracted water was to be diverted to CAPFIMS-AIIMS campus. The District Level Advisory Committee had approved the project on 10.11.2023. Thes 10 nos. tubewells and network has been installed and commissioned.,New,FP/DL/WATER/555437/2025,2025-10-16T16:51:52.448+00:00,,DELISTED_BY_SYSTEM,0.4963,229.67,Delhi Jal Board,,Forest clearance form,,,,Installation of 10 nos. tubewells in the Animal Husbandry Land to supply water to CAPFIMS MaidanGarhi (Deposit work),DELHI,Saket,MADIAN GARHI,,,,Linear,0.0001,0.4962,0.4963,0.0,0.0,0.0,0.0,0.0,0,0,0,Not applicable as the project or activity is site specific,,NO,NO,NO,2025-10-16T17:05:39.011+00:00,,,,false,"EE Water Project-VIII
A-Building, Varunalaya Jhandewalan
New Delhi-110005",,7,State Government (Department/Autonomous body),Executive Enginner,,7,,South,,https://parivesh.nic.in/dms/okm/downloadDocument?docTypemappingId=40829&refId=134057315&refType=caf&uuid=a19ecfa7-7f13-4efb-909c-ab70785391ee&version=1.0;https://parivesh.nic.in/dms/okm/downloadDocument?docTypemappingId=58989&refId=134057315&refType=FC&uuid=83ab21cf-039f-4ee9-9139-7b0f8f5dd0dd&version=1.0,64074,https://parivesh.nic.in/newupgrade/#/report/ec?proposalId=138250614,0.0,3650.0
228779178,REVISION & EXPANSION OF THE PROJECT,Expansion,SIA/DL/INFRA2/557074/2025,2025-11-04T11:56:51.405+00:00,2026-07-20T12:11:24.950+00:00,EC Granted,0.76,32.03448,DEEPAK GUPTA MEMORIAL FOUNDATION,,Application for Transfer of EC- Form-7,OTHER,B2,,REVISION & EXPANSION OF THE HOSPITAL PROJECT,DELHI,Vivek Vihar,KARKAR DUMAN,,DPCC/UTLEIAA-V/P2/C-501/DL/2025,,Non - Linear,0.76,0.0,0.76,0.0,0.0,0.0,0.0,3203448.0,0,0,0,Not applicable as the project or activity is site specific,,NO,NO,NO,2025-12-12T07:33:12.311+00:00,,,,,PLOT NO 5 AND 6  KARKARDOOMA INSTITUTIONAL AREA VIKAS MARG DELHI,,7,Trust/NGO/Partnership,MEDICAL SUPERINTENDENT,,7,,Shahdara,,https://parivesh.nic.in/dms/okm/downloadDocument?docTypemappingId=40829&refId=170799578&refType=caf&uuid=6894eada-7909-46c2-a81a-0274dd1d0d0e&version=1.0,0,https://parivesh.nic.in/newupgrade/#/report/ec?proposalId=228779178,4015.0,7665.0
256913578,"M/s. SMS Water Grace BMW Pvt. Ltd. proposes a New Project of Common Bio Medical Waste Treatment Facility (CBMWTF) Consisting of Incineration System having Capacity scalable up to (800 kg/hr.), Autoclave having Capacity scalable up to (1200 kg/batch), Shredder having Capacity scalable up to (1200 kg/hr.), Chemical Disinfection Unit having Capacity scalable up to (1000 kg/hr.), ETP having capacity of 120 KLD and STP having capacity of 5 KLD at Property Bearing No. 53 and 32, Rajasthani udhyog nagar (near Jahangirpuri) G.T Karnal road, Delhi-110033, India.",New,SIA/DL/INFRA2/557293/2026,2025-11-06T10:17:25.559+00:00,2026-02-27T12:31:41.593+00:00,ToR Granted,0.2378,1950.0,SMS Water grace bmw private limited,Enpro Envirotech & Engineers Pvt. Ltd.,Environment clearance form,TOR,B1,Bio-Medical Waste Treatment Facilities,"M/s. SMS Water Grace BMW Pvt. Ltd. proposes a Common Bio Medical Waste Treatment Facility (CBMWTF) Consisting of Incineration System having Capacity scalable up to (800 kg/hr.), Autoclave having Capacity scalable up to (1200 kg/batch), Shredder having Capacity scalable up to (1200 kg/hr.), Chemical Disinfection Unit having Capacity scalable up to (1000 kg/hr.), ETP having capacity of 120 KLD and STP having capacity of 5 KLD at Delhi-110033, India",DELHI,Saraswati Vihar,HAIDER PUR,,DPCC/UTLEIAA-V/P2/C-510/DL/2026,"Property Bearing No. 53 and 32, Rajasthani udhyog nagar (near Jahangirpuri) G.T Karnal road, Delhi-110033, India.",Non - Linear,0.2378,0.0,0.2378,0.0,0.0,0.0,0.0,0.0,0,0,0,Not applicable as the project or activity is site specific,,NO,NO,NO,2026-01-01T11:26:39.085+00:00,,,,,,,,,,,,,North West,"Property Bearing No. 53 and 32, Rajasthani udhyog nagar (near Jahangirpuri) G.T Karnal road, Delhi-110033, India.",https://parivesh.nic.in/dms/okm/downloadDocument?docTypemappingId=40829&refId=254436978&refType=caf&uuid=8803aa54-9228-47cd-bb87-58125c390cb3&version=1.0,0,https://parivesh.nic.in/newupgrade/#/report/ec?proposalId=256913578,111.0,16210.0
589221178,"Proposed Construction of Inter-Disciplinary Academic, Administrative and Research Building for
Institution of Eminence at Maurice Nagar, University of Delhi. The total plot area of the project is
39038.22 m2 and the built-up area is 43021.07 sqm. The project is ear-marked for Education and
Research University/University Centre development as per Delhi master plan - 2021.",New,SIA/DL/INFRA2/559582/2025,2025-11-25T12:12:46.482+00:00,2026-06-19T12:23:42.739+00:00,EC Granted,3.9038,19000.0,University of Delhi,Ind Tech House Consult,Environment clearance form,TOR,B2,Building / Construction,"Proposed Construction of Inter-Disciplinary Academic, Administrative and Research Building for Institution of Eminence at Maurice Nagar, University of Delhi",DELHI,Civil Lines,CIVIL STATION,,DPCC/UTLEIAA-V/P2/C-499/DL/2025,,Non - Linear,3.9038,0.0,3.9038,0.0,0.0,0.0,0.0,0.0,0,0,0,Not applicable as the project or activity is site specific,,NO,NO,NO,2025-12-11T11:54:53.459+00:00,,,,,,,,,,,,,Central,,https://parivesh.nic.in/dms/okm/downloadDocument?docTypemappingId=40829&refId=588932178&refType=caf&uuid=8bff3ad1-b550-46cb-88ea-a40fbc3f9ac5&version=1.0,800441,https://parivesh.nic.in/newupgrade/#/report/ec?proposalId=589221178,90070.0,2440805.0
611820978,"Proposed Construction of Hostel cum Residential Block at Dhaka Complex for Institute of Eminence, University of Delhi. The total plot area of the project is 29,445 m2 and the built-up area is 68,000 sqm. The project is ear-marked for Residential as per Delhi master plan - 2021",New,SIA/DL/INFRA2/559693/2025,2025-11-26T10:41:49.819+00:00,2026-06-19T12:20:58.469+00:00,EC Granted,2.9445,30100.0,University of Delhi,Ind Tech House Consult,Environment clearance form,TOR,B2,Building / Construction,"Proposed Construction of Hostel cum Residential Block at Dhaka Complex for Institute of Eminence, University of Delhi",DELHI,Model Town,DHAKA,,DPCC/UTLEIAA-V/P2/C-506/DL/2025,,Non - Linear,2.9445,0.0,2.9445,0.0,0.0,0.0,0.0,0.0,0,0,0,Not applicable as the project or activity is site specific,,NO,NO,NO,2025-12-19T07:12:18.049+00:00,,,,,,,,,,,,,North,,https://parivesh.nic.in/dms/okm/downloadDocument?docTypemappingId=40829&refId=610907778&refType=caf&uuid=a3bf7d12-2b13-48e8-9c41-b57d88bcf9f5&version=1.0,0,https://parivesh.nic.in/newupgrade/#/report/ec?proposalId=611820978,150060.0,656655.0
648826578,"The Redevelopment of Buddha Jayanti Park SH: Path ways, water canal, toilet blocks, parking area, welcome centre, food court), will be construction by CPWD, New Delhi. It will be benefitted to the habitants of Delhi and nearby area central Delhi. The project will generate employee approx. 50-80 Nos of person on permanent/temporary.",New,FP/DL/OTHERS/559882/2025,2025-11-27T16:45:01.345+00:00,,DELISTED_BY_SYSTEM,10.0,7445.0,Central Public Works Department,,Forest clearance form,,,,"Forest Clearance for Redevelopment of Buddha Jayanti Park, New Delhi by CPWD",DELHI,Delhi Cantonment,JADID CHHAWNI,,,,Non - Linear,0.0,10.0,10.0,0.0,0.0,0.0,0.0,0.0,0,0,0,NO,Not applicable as the project or activity is site specific,NO,NO,NO,2025-11-27T17:24:55.411+00:00,,,,false,"4/F, Sub-Division, CPWD, Udyog Bhawan, New Delhi-110011",,7,Central Government (Department/Autonomous body),Assistant Engineer,,7,,New Delhi,,https://parivesh.nic.in/dms/okm/downloadDocument?docTypemappingId=40829&refId=621028778&refType=caf&uuid=fee0a7e2-5349-4c03-9a8f-f6b390f6eeba&version=1.0;https://parivesh.nic.in/dms/okm/downloadDocument?docTypemappingId=58989&refId=621028778&refType=FC&uuid=8cc273a2-987e-42bf-9e17-7758b1283fe4&version=1.0,0,https://parivesh.nic.in/newupgrade/#/report/ec?proposalId=648826578,3410.0,3340.0
701015578,"Widening of road from Prembari Pull to Singhalpur village labour chowk including construction of Toilet block, RCC boundary wall, RCC drain, footpath work etc. under PWD Division NWR-1 and Sub Division NWR-14 delhi, during 2025-26",New,FP/DL/OTHERS/560066/2025,2025-11-29T10:13:14.174+00:00,,Pending at UA for Compliance Report,0.126,535.0,Public Works Department,,Forest clearance form,,,,"Widening of road from Prembari Pull to Singhalpur village labour chowk including construction of Toilet block, RCC boundary wall, RCC drain, footpath work etc. under PWD Division NWR-1 and Sub Division NWR-14 delhi, during 2025-26",DELHI,Saraswati Vihar,SAHI PUR,,,1,Non - Linear,0.0,0.126,0.126,0.0,0.0,0.0,0.0,0.0,0,0,0,NO,Only possible route,NO,NO,NO,2025-11-29T10:33:43.665+00:00,,,Degraded Forest Land,true,"O/o Executive Engineer, PWD North West Road-1, Mukarba Chowk","",7,State Government (Department/Autonomous body),Executive Engineer,,7,,North West,1,https://parivesh.nic.in/dms/okm/downloadDocument?docTypemappingId=40829&refId=700169778&refType=caf&uuid=7015d2ae-d451-4d39-9010-b09d58815b4d&version=1.0;https://parivesh.nic.in/dms/okm/downloadDocument?docTypemappingId=58989&refId=700169778&refType=FC&uuid=a7175c56-e076-4951-a54a-1e89675513b6&version=1.0,0,https://parivesh.nic.in/newupgrade/#/report/ec?proposalId=701015578,475.0,1825.0
865606178,"The project is a New Project named Proposed Addition/ Alteration of Him Hit CGHS at Plot No. 8, Sector-22, Dwarka, New Delhi, developed by Him Hit Cooperative Group Housing Society Ltd.. This is a Residential Building (Group Housing) project. Total plot area of the project is 10,500.00 sqm (2.5946 acre). Total built-up area of the subject project is 28,072.79 sqm. The plot of the project is allotted by DDA for establishment of Residential Building. The project site is located in Dwarka tehsil of South West Delhi district in the state of Delhi. Since the revised built-up area (28,072.79 sqm) is more than 20,000 sqm, Environmental Clearance (EC) is required. No construction is done at the project site.",New,SIA/DL/INFRA2/560859/2025,2025-12-06T10:21:00.797+00:00,2026-09-14T08:42:28.809+00:00,EC Granted,1.05,1650.0,The himhit cghs limited,Ind Tech House Consult,Environment clearance form,TOR,B2,Building / Construction,"Proposed Addition/ Alteration of Him Hit CGHS at Plot No. 8, Sector-22, Dwarka, New Delhi",DELHI,Delhi Cantonment,SAHBAD MOHD,,DPCC/UTLEIAA-V/P2/C-512/DL/2026,Plot No. 8,Non - Linear,1.05,0.0,1.05,0.0,0.0,0.0,0.0,0.0,0,0,0,Not applicable as the project or activity is site specific,,NO,NO,NO,2025-12-23T09:03:23.274+00:00,,,,,,,,,,,,,New Delhi,Plot No. 8,https://parivesh.nic.in/dms/okm/downloadDocument?docTypemappingId=40829&refId=856592778&refType=caf&uuid=9aa58bcb-53ba-4aea-a5e1-fbbc021c041f&version=1.0,0,https://parivesh.nic.in/newupgrade/#/report/ec?proposalId=865606178,15390.0,3650.0
960967378,"we are proposing to redevelop the existing warehouses, by demolishing them and constructing new warehouses having the same plot area 40480 m2 with built up area of 88812.8 m2 .",New,SIA/DL/INFRA2/561449/2025,2025-12-11T11:14:19.163+00:00,2026-05-01T08:24:09.294+00:00,EC Granted,40480.0,33500.0,CENTRAL WAREHOUSING CORPORATION,Perfact Enviro Solutions Pvt. Ltd.,Environment clearance form,TOR,B2,Building / Construction,''Warehouse Project'' located at Rana Pratap Bagh G.T karnal Road Delhi by M/s Central Warehousing Corporation.,DELHI,Model Town,RAJPUR CHHAWNI,,DPCC/UTLEIAA-V/P2/C-507/DL/2025,,Non - Linear,40480.0,0.0,40480.0,0.0,0.0,0.0,0.0,0.0,0,0,0,Not applicable as the project or activity is site specific,,NO,NO,NO,2025-12-12T07:00:22.847+00:00,,,,,,,,,,,,,North,,https://parivesh.nic.in/dms/okm/downloadDocument?docTypemappingId=40829&refId=959635578&refType=caf&uuid=b3e0c462-c116-48f8-9192-40345d23b21b&version=1.0,0,https://parivesh.nic.in/newupgrade/#/report/ec?proposalId=960967378,200.0,21454700.0
965099778,"The proposed warehouse project is located at Okhla Phase-II, South East, Delhi by M/s Central Warehousing Corporation.The land of 3.812 Acres was given by DDA on lease to Central Warehousing Corporation in 1997 for construction of warehouses.  
At present there are existing operational warehouses with a builtup area of approx. 8076.00 Sqm.
Now, we are proposing to redevelop the existing warehouses, by demolishing them and constructing new warehouses having the same plot area 15426.63 m2 with built up area of 40917.79 m2",New,SIA/DL/INFRA2/561478/2025,2025-12-11T13:32:18.437+00:00,2026-05-01T08:19:39.689+00:00,EC Granted,1.54,12500.0,CENTRAL WAREHOUSING CORPORATION,Perfact Enviro Solutions Pvt. Ltd.,Environment clearance form,TOR,B2,Building / Construction,"“Warehouse project” located at Okhla Phase-II, South East, Delhi by M/s. Central Warehousing Corporation",DELHI,Defence Colony,SAIDABAD LBE CHIRAG,,DPCC/UTLEIAA-V/P2/C-508/DL/2025,,Non - Linear,1.54,0.0,1.54,0.0,0.0,0.0,0.0,0.0,0,0,0,NO,Not applicable as the project or activity is site specific,NO,NO,NO,2025-12-12T08:19:17.673+00:00,,,,,,,,,,,,,South East,,https://parivesh.nic.in/dms/okm/downloadDocument?docTypemappingId=40829&refId=963405178&refType=caf&uuid=0b7e8777-b3f2-48da-b956-8ed46a301ab9&version=1.0,64080,https://parivesh.nic.in/newupgrade/#/report/ec?proposalId=965099778,7300.0,10446300.0
976124178,"A hospital building will be constructed on the plot area of 29,999.34 sqm and the built-up area of the project will be 90779.00 sqm. As, the built-up area of the project will be less than 1,50,000 sqm hence it falls under Category ‘B’, Activity 8(a) of Schedule of the EIA notification, 2006 and its subsequent amendments.",New,SIA/DL/INFRA2/561540/2025,2025-12-12T07:49:19.582+00:00,,ADS Raised,3.0,25000.0,DR Narayan Dutt  ShrimaliFoundation International Charitable Trust Society,Perfact Enviro Solutions Pvt. Ltd.,Environment clearance form,TOR,B2,Building / Construction,"Hospital at site no-2, Facility Centre, Pitampura, New Delhi by Dr. Narayan Dutt Shrimali Foundation International Charitable Trust Society",DELHI,Saraswati Vihar,MANHOLPUR KALAN,,DPCC/UTLEIAA-V/P2/C-513/DL/2026,,Non - Linear,3.0,0.0,3.0,0.0,0.0,0.0,0.0,0.0,0,0,0,Not applicable as the project or activity is site specific,,NO,NO,NO,2025-12-12T09:18:45.887+00:00,,,,,,,,,,,,,North West,,https://parivesh.nic.in/dms/okm/downloadDocument?docTypemappingId=40829&refId=974566578&refType=caf&uuid=e400989e-1ee2-41b7-b272-2db6c63fdda8&version=1.0,0,https://parivesh.nic.in/newupgrade/#/report/ec?proposalId=976124178,273900.0,10585000.0
1040689378,"This is existing project having built-up area of 28408.448 sqm.
The land was allotted to Seema CGHS Ltd  by DDA on 25th July 2002 for plot area 12501.482 sqm. After approval of building plan we have completed construction of 28,408.448 sqm on 23.08.2004 and Occupancy certificate was obtained on 15.06.2006 and the project does not attract EIA notification 1994 & subsequent amendments. 
Now we are proposing extension of bedrooms, dining room, addition of store room, addition & extension of balconies in each flat due to which built-up area is  increasing  from 28408.448 sqm to 32825.748 sqm, Now, it attracts EIA notification dated 14.09.2006 & subsequent amendments, accordingly we are submitting application for environment clearance under category 8(a)",New,SIA/DL/INFRA2/561909/2025,2025-12-16T08:56:54.067+00:00,2026-09-14T08:32:48.411+00:00,EC Granted,1.2501,441.7,THE SEEMA COOPERATIVE GROUP HOUSING SOCIETY LIMITED,Ind Tech House Consult,Environment clearance form,TOR,B2,Building / Construction,"Proposed Expansion of Seema CGHS Ltd. at Plot No.-7, Sec-11, Dwarka, New Delhi, by M/s The Seema CGHS Ltd.",DELHI,Dwarka,PALAM,,DPCC/UTLEIAA-V/P2/C 515/DL/2026,Plot No. 7,Non - Linear,1.2501,0.0,1.2501,0.0,0.0,0.0,0.0,0.0,0,0,0,Not applicable as the project or activity is site specific,,NO,NO,NO,2025-12-16T13:36:04.290+00:00,,,,,,,,,,,,,South West,Plot No. 7,https://parivesh.nic.in/dms/okm/downloadDocument?docTypemappingId=40829&refId=1039682578&refType=caf&uuid=99f5cc52-b3b0-41db-9214-6a0f23d26636&version=1.0,0,https://parivesh.nic.in/newupgrade/#/report/ec?proposalId=1040689378,14610.0,9145.0
1068768978,"M/s Aria Hotels & Consultancy Services Pvt. Ltd. is proposing the Revision & Expansion in “JW Marriott"" Hotel at Asset Area-4, Land Parcel-1A, Hospitality District, Delhi Aerocity (Near Indira Gandhi International Airport), New Delhi.” The proposal involves the Revision & vertical expansion of the existing Commercial Block of the mixed-use development (Hotel + Commercial) located at Asset No. 4, Aerocity, Delhi. The expansion includes construction of one additional floor above the existing 6th floor of the Commercial Tower.",Expansion,SIA/DL/INFRA2/562124/2026,2025-12-17T11:25:34.254+00:00,,ADS Raised,2.3386,11000.0,arun kumar shukla,Chaitanya Projects Consultancy Limited,Environment clearance form,TOR,B2,Building / Construction,"Revision & Expansion of ""JW Marriott"" Hotel",DELHI,Vasant Vihar,MAHIPALPUR,,DPCC/UTLEIAA-V/P2/C 520/DL/2026,,Non - Linear,2.3386,0.0,2.3386,0.0,0.0,0.0,10000.0,1000.0,0,0,0,Not applicable as the project or activity is site specific,,NO,NO,NO,2026-01-21T09:57:10.092+00:00,,,,,,,,,,,,,New Delhi,,https://parivesh.nic.in/dms/okm/downloadDocument?docTypemappingId=40829&refId=1064322178&refType=caf&uuid=1833bb5c-bac4-4952-8da8-41d7fbe20c77&version=1.0,0,https://parivesh.nic.in/newupgrade/#/report/ec?proposalId=1068768978,1825.0,36050.0
1181727178,Ajmal khan metro station of Inderlok- Indraprastha Corridor is passing through Deemed Forest area ( as Per the affidavit of Sh. R.K. Goel),New,FP/DL/OTHERS/562819/2025,2025-12-23T09:30:09.740+00:00,,DELISTED_BY_SYSTEM,0.7533,16825.0,DELHI METRO RAIL CORPORATION LIMITED,,Forest clearance form,,,,Construction of Ajmal Khan Park Metro Station Under Inderlok -Indraprastha corridor of MRTS project Phase - IV,DELHI,Karol Bagh,NA,,,Ajmal Khan Park,Linear,0.1121,0.6412,0.7533,0.0,0.0,0.0,0.0,0.0,0,0,0,Not applicable as the project or activity is site specific,,NO,NO,NO,2026-01-01T18:30:00.000+00:00,,,Degraded Forest Land,true,"Metro Bhawan, Fire Brigade Lane, Bharakhambha Road, New Delhi",,7,Joint Venture (Govt. + Govt.),Sr. General Manager/Land,,7,,Central,Ajmal Khan Park,https://parivesh.nic.in/dms/okm/downloadDocument?docTypemappingId=40829&refId=1162721178&refType=caf&uuid=d69469b9-7f29-4170-99b6-761bcce7aa00&version=1.0;https://parivesh.nic.in/dms/okm/downloadDocument?docTypemappingId=58989&refId=1162721178&refType=FC&uuid=e37b4b8c-76af-4e86-9284-07f7e0fa4eb7&version=1.0,0,https://parivesh.nic.in/newupgrade/#/report/ec?proposalId=1181727178,102060.0,766521.0
1208857668,"We are proposing to redevelop the existing warehouses by  demolishing the existing warehouses (9707.40 m2) and constructing new warehouses within the same plot area of 20,240 m² and built-up area after reconstruction of the warehouse will be 61,298.98 m².",New,SIA/DL/INFRA2/563023/2026,2025-12-24T11:41:30.447+00:00,,Referred to SEIAA,20240.0,17500.0,CENTRAL WAREHOUSING CORPORATION,Perfact Enviro Solutions Pvt. Ltd.,Environment clearance form,TOR,B2,Building / Construction,"Warehouse project located at Block 2, Landmark near DSIDC, Kirti Nagar Industrial Area, New Delhi  by M/s. Central Warehousing Corporation.",DELHI,Patel Nagar,BASAI DARAPUR,,DPCC/UTLEIAA-V/P2/C-525/DL/2025,,Non - Linear,20240.0,0.0,20240.0,0.0,0.0,0.0,0.0,0.0,0,0,0,Not applicable as the project or activity is site specific,,NO,NO,NO,2026-03-13T11:03:21.334+00:00,,,,,,,,,,,,,West,,https://parivesh.nic.in/dms/okm/downloadDocument?docTypemappingId=40829&refId=1208811058&refType=caf&uuid=f16e5d2d-e413-4088-8edf-2ccb4e434af1&version=1.0,0,https://parivesh.nic.in/newupgrade/#/report/ec?proposalId=1208857668,146000.0,17432400.0
1209054973,"The proposed warehouse project is located at F-82, Okhla Industrial Area, Okhla Phase-I, South East, Delhi by M/s Central Warehousing Corporation.
At present there are existing operational warehouses with a builtup area of approx. 25,746.61 Sqm.
Now, we are proposing to redevelop the existing warehouses, by demolishing them and constructing new warehouses having the same plot area 8882.86 m2 with built up area of 25,746.61 m2 .",New,SIA/DL/INFRA2/563061/2026,2025-12-25T06:02:14.008+00:00,,Referred to SEIAA,0.88,9000.0,CENTRAL WAREHOUSING CORPORATION,Perfact Enviro Solutions Pvt. Ltd.,Environment clearance form,TOR,B2,Building / Construction,"“Warehouse project” located at F-82, Okhla Industrial Area, Okhla Phase-I, South East, Delhi by M/s. Central Warehousing Corporation",DELHI,Kalkaji,TEHKHAND,,DPCC/UTLEIAA-V/P2/C-523/DL/2025,,Non - Linear,0.88,0.0,0.88,0.0,0.0,0.0,0.0,0.0,0,0,0,NO,Not applicable as the project or activity is site specific,NO,NO,NO,2026-03-07T11:50:53.250+00:00,,,,,,,,,,,,,South East,,https://parivesh.nic.in/dms/okm/downloadDocument?docTypemappingId=40829&refId=1209040228&refType=caf&uuid=004cc5b7-7f0c-497b-81df-e669809badcb&version=1.0,0,https://parivesh.nic.in/newupgrade/#/report/ec?proposalId=1209054973,146000.0,7446000.0
1210741463,"This is existing project having built-up area of 18522.950 sqm.
The land was allotted to DPS Society  by Ministry of Works & housing Vide Sanction letter dated 22.03.66,4.07.74 and 31.1.77 for 6.104 Acres (12501.482 sqm). The Occupancy certificate from MCD for the building was obtained before EIA notification so the project does not attract EIA notification 1994 & subsequent amendments.
Now we are proposing an additional block to the existing building and built-up area increases from 18522.95 sqm to 36162.75 sqm, so it attracts EIA notification dated 14.09.2006; accordingly, we are submitting application for environment clearance.",New,SIA/DL/INFRA2/563516/2025,2025-12-29T12:04:47.727+00:00,2026-06-19T12:32:27.151+00:00,EC Granted,2.4701,8000.0,The Delhi Public School society,Ind Tech House Consult,Environment clearance form,TOR,B2,Building / Construction,"Proposed Addition/Alteration in Building Plan For Delhi Public School (Sr. Sec), at Sector-XII, R.K Puram, New Delhi",DELHI,Vasant Vihar,MOHD. PUR MUNIRKA,,DPCC/UTLEIAA-V/P2/C 517/DL/2026,,Non - Linear,2.4701,0.0,2.4701,0.0,0.0,0.0,0.0,0.0,0,0,0,Not applicable as the project or activity is site specific,,NO,NO,NO,2025-12-30T12:57:04.352+00:00,,,,,,,,,,,,,New Delhi,,https://parivesh.nic.in/dms/okm/downloadDocument?docTypemappingId=40829&refId=1210638993&refType=caf&uuid=4943491d-31b5-4575-afa6-0d12bc4249c7&version=1.0,0,https://parivesh.nic.in/newupgrade/#/report/ec?proposalId=1210741463,30040.0,30185.0
1215185098,"The Proposed Building Plan of Plot No. S.U. Pocket no. Block Sector 22 Measuring 36583.00 (Sqmt) In Scheme Community Centre in Sector - 22 at Rohini, Delhi. The project site is earmarked for Commercial development as per the conveyance deed vide file no. F92(15)06/C2 dated 12th January 2008. 
Earlier the environment clearance was obtained EC Identification No. - EC23B038DL135926 File No. - DPCC/SEIAA-IV/C-456/DL/2023 dated 17.10.2023 for plot area 36583 sqm and Built-up area 147544.733 sqm. Now due to change in building plan and utilization of building we are applying for the amendment in environment clearance. The site is for commercial development.",New,SIA/DL/INFRA2/564474/2026,2026-01-06T11:55:24.293+00:00,,ADS Raised,3.6583,33218.0,YOGIRAJ PROMOTERS PRIVATE LIMITED,,Application for Amendment in EC- Form-4,OTHER,B2,,"Amendment/Modification in Environment clearance of Proposed Building Plan of Plot No. S.U. Pocket no. Block Sector 22 Measuring 36583.00 {Sqmt) In Scheme Community Centre In Sector - 22 At Rohini, Delhi",DELHI,Rohini,Begum Pur (CT),,DPCC/UTLEIAA-V/P2/C 518/DL/2026,,Non - Linear,3.6583,0.0,3.6583,0.0,0.0,0.0,0.0,0.0,0,0,0,Not applicable as the project or activity is site specific,,NO,NO,NO,2026-01-06T12:26:29.171+00:00,Building or Construction projects or Area Development projects or Townships,,,,,,,,,,,,North West,,https://parivesh.nic.in/dms/okm/downloadDocument?docTypemappingId=40829&refId=1215074368&refType=caf&uuid=ca2acb6c-53e7-4293-9838-7d92fb479165&version=1.0,63946,https://parivesh.nic.in/newupgrade/#/report/ec?proposalId=1215185098,75300.0,73050.0
1216386750,Construction of inspection road and wheel guard on Right bank from down stream of outer Ring Road to Prem Badi Pul.,New,FP/DL/ROAD/564953/2026,2026-01-09T09:47:33.665+00:00,,Pending on UA for Compensatory Levies Payment,1.59,706.41,IRRIGATION AND FLOOD CONTROL DEPARTMENT GNCTD,,Forest clearance form,,,,Rejuvenation of Dry Munak Canal by Construction of inspection road and wheel guard on Right bank from down stream of outer Ring Road to Prem Badi Pul.,DELHI,Saraswati Vihar,HAIDER PUR,,,"0/139,0/318,0/317,0/315,0/313,0/312,0/310,0/311,0/244,0/239,0/238,0/241,0/237,0/236,0/234,0/235, 0/0161,0/162,0/163/0/164,0/165,0/168,0/172,0/217,0/232,0/231,0/227,0/228,0/463,0/463,0/464,0/46 5,0/467,0/468,0/85,0/86",Linear,0.0,1.59,1.59,0.0,0.0,0.0,0.0,0.0,0,0,0,Not applicable as the project or activity is site specific,,NO,NO,NO,2026-05-19T18:30:00.000+00:00,,,Non-forest Land,true,OFFICE OF THE EXECUTIVE ENGINEER CIVIL DIVISION VI IRRIGATION AND FLOOD CONTROL DEPARTMENT BHARAT NAGAR ASHOK VIHAR,,7,State Government (Department/Autonomous body),EXECUTIVE ENGINEER,,7,"I&FC department , GNCTD,I&FC department , GNCTD,I&FC department , GNCTD,I&FC department , GNCTD",North West,"0/139,0/318,0/317,0/315,0/313,0/312,0/310,0/311,0/244,0/239,0/238,0/241,0/237,0/236,0/234,0/235, 0/0161,0/162,0/163/0/164,0/165,0/168,0/172,0/217,0/232,0/231,0/227,0/228,0/463,0/463,0/464,0/46 5,0/467,0/468,0/85,0/86",https://parivesh.nic.in/dms/okm/downloadDocument?docTypemappingId=40829&refId=1216370896&refType=caf&uuid=0b080133-c95a-45c5-940d-e5e088cf0671&version=1.0;https://parivesh.nic.in/dms/okm/downloadDocument?docTypemappingId=59061&refId=1216370896&refType=FC&uuid=c498c73c-c6c3-4320-bfad-67a9bbc7de18&version=1.0;https://parivesh.nic.in/dms/okm/downloadDocument?docTypemappingId=58989&refId=1216370896&refType=FC&uuid=fa2cfddc-3a77-4e1b-bd2b-035dababac98&version=1.0,0,https://parivesh.nic.in/newupgrade/#/report/ec?proposalId=1216386750,900.0,900.0
1216410893,Construction of Double lane bridge on U/S of Singalpur Bridge across Dry Munal Canal.,New,FP/DL/ROAD/564988/2026,2026-01-09T11:37:45.609+00:00,,Pending on UA for Compensatory Levies Payment,0.0355,469.04,IRRIGATION AND FLOOD CONTROL DEPARTMENT GNCTD,,Forest clearance form,,,,Construction of Double lane bridge on U/S of Singalpur Bridge across Dry Munal Canal.,DELHI,Saraswati Vihar,SAHI PUR,,,0/40,Linear,0.0,0.0355,0.0355,0.0,0.0,0.0,0.0,0.0,0,0,0,Not applicable as the project or activity is site specific,,NO,NO,NO,2026-02-17T18:30:00.000+00:00,,,Non-forest Land,true,OFFICE OF THE EXECUTIVE ENGINEER CIVIL DIVISION VI IRRIGATION AND FLOOD CONTROL DEPARTMENT BHARAT NAGAR ASHOK VIHAR,,7,State Government (Department/Autonomous body),EXECUTIVE ENGINEER,,7,"I&FCD, Delhi",North West,0/40,https://parivesh.nic.in/dms/okm/downloadDocument?docTypemappingId=40829&refId=1216409508&refType=caf&uuid=e8244820-5d6a-41e0-aab3-439c3d81912c&version=1.0;https://parivesh.nic.in/dms/okm/downloadDocument?docTypemappingId=59061&refId=1216409508&refType=FC&uuid=44c76b80-c2c4-4b1e-82f1-9a678424ac5b&version=1.0;https://parivesh.nic.in/dms/okm/downloadDocument?docTypemappingId=58989&refId=1216409508&refType=FC&uuid=c2a1a2dd-5b24-4aca-af8c-0d27049d44ff&version=1.0,0,https://parivesh.nic.in/newupgrade/#/report/ec?proposalId=1216410893,1200.0,1200.0
1216421493,Construction of inspection road and wheel guard on Left bank from down stream of outer Ring Road to Prem Badi Pul.,New,FP/DL/ROAD/565004/2026,2026-01-09T12:24:39.459+00:00,,Pending on UA for Compensatory Levies Payment,1.59,690.0,IRRIGATION AND FLOOD CONTROL DEPARTMENT GNCTD,,Forest clearance form,,,,Rejuvenation of Dry Munak Canal by Construction of inspection road and wheel guard on Left bank from down stream of outer Ring Road to Prem Badi Pul.,DELHI,Saraswati Vihar,HAIDER PUR,,,"0/139,0/318,0/317,0/315,0/313,0/312,0/310,0/311,0/244,0/239,0/238,0/241,0/237,0/236,0/234,0/235,0/0161,0/162,0/163/0/164,0/165,0/168,0/172,0/217,0/232,0/231,0/227,0/228,0/463,0/463,0/464,0/465,0/467,0/468,0/85,0/86",Linear,0.0,1.59,1.59,0.0,0.0,0.0,0.0,0.0,0,0,0,Not applicable as the project or activity is site specific,,NO,NO,NO,2026-03-01T18:30:00.000+00:00,,,Non-forest Land,true,OFFICE OF THE EXECUTIVE ENGINEER CIVIL DIVISION VI IRRIGATION AND FLOOD CONTROL DEPARTMENT BHARAT NAGAR ASHOK VIHAR,,7,State Government (Department/Autonomous body),EXECUTIVE ENGINEER,,7,"I&FC department,I&FC department,I&FC department,I&FC department,I&FC department,I&FC department",North West,"0/139,0/318,0/317,0/315,0/313,0/312,0/310,0/311,0/244,0/239,0/238,0/241,0/237,0/236,0/234,0/235,0/0161,0/162,0/163/0/164,0/165,0/168,0/172,0/217,0/232,0/231,0/227,0/228,0/463,0/463,0/464,0/465,0/467,0/468,0/85,0/86",https://parivesh.nic.in/dms/okm/downloadDocument?docTypemappingId=40829&refId=1216419756&refType=caf&uuid=089a4594-9ed4-4551-8540-6d44e86b0c2d&version=1.0;https://parivesh.nic.in/dms/okm/downloadDocument?docTypemappingId=59061&refId=1216419756&refType=FC&uuid=b5e42b1a-dcf7-480f-834b-f1ecaf26657b&version=1.2;https://parivesh.nic.in/dms/okm/downloadDocument?docTypemappingId=58989&refId=1216419756&refType=FC&uuid=b3dc275d-f15b-4f2b-995a-797c23f36a06&version=1.0,0,https://parivesh.nic.in/newupgrade/#/report/ec?proposalId=1216421493,900.0,900.0
1216590621,"Proposed Indian Institute of Foreign Trade Campus, Maidan Garhi, New Delhi, Delhi by Indian Institute of Foreign Trade. The total plot area of the project is 30558.59 m2 and the built-up area is 53440.83 sqm. Land has been allotted by DDA for create infrastructure for academic purpose.",New,SIA/DL/INFRA2/565256/2026,2026-01-12T11:36:13.788+00:00,,DELISTED_BY_SYSTEM,3.0558,28898.0,Indian institute of foreign trade,Ind Tech House Consult,Environment clearance form,TOR,B2,Building / Construction,"Proposed Indian Institute of Foreign Trade Campus, Maidan Garhi, New Delhi, Delhi",DELHI,Saket,MADIAN GARHI,,DPCC/UTLEIAA-V/P2/C 519/DL/2026,,Non - Linear,3.0558,0.0,3.0558,0.0,0.0,0.0,0.0,0.0,0,0,0,Not applicable as the project or activity is site specific,,NO,NO,NO,2026-01-12T12:54:42.439+00:00,,,,,,,,,,,,,South,,https://parivesh.nic.in/dms/okm/downloadDocument?docTypemappingId=40829&refId=1216581519&refType=caf&uuid=4fd56e00-0a37-4d8d-be8b-676fd476d56a&version=1.0,64074,https://parivesh.nic.in/newupgrade/#/report/ec?proposalId=1216590621,48100.0,30020.0
1216599877,Boring and installation of tube wells along with tube well rooms and water line.,New,FP/DL/WATER/565279/2026,2026-01-12T12:32:46.162+00:00,2026-09-23T15:38:31.105+00:00,Final Diversion Order Issued,0.138,496.0,Delhi Jal Board,,Forest clearance form,,,,"Boring and Installation of 46 Nos. tubewells along with construction of tubewell rooms at Sanjay Lake, smriti van adj. area at Mayur Vihar, East Delhi.",DELHI,Mayur Vihar,KOTLA,,,"0/146,0/153,0/154,0/155,0/156,0/157,0/224,0/10,0/143/2,0/16,0/0,0/13/5,0/142/2,0/199,0/197,0/192,0/193",Hybrid,0.0,0.138,0.138,0.0,0.0,0.0,0.0,0.0,0,0,0,Not applicable as the project or activity is site specific,,NO,NO,NO,2026-02-03T18:30:00.000+00:00,,,,false,"EE(Project) W-VI , Chandrawal W.W.-II",Civil Lines,7,State Government (Department/Autonomous body),EE (project) W-VI,Civil Lines,7,,East,"0/146,0/153,0/154,0/155,0/156,0/157,0/224,0/10,0/143/2,0/16,0/0,0/13/5,0/142/2,0/199,0/197,0/192,0/193",https://parivesh.nic.in/dms/okm/downloadDocument?docTypemappingId=40829&refId=1216422136&refType=caf&uuid=6eb989a0-04d5-4518-8f3f-4b529bf7634c&version=1.0;https://parivesh.nic.in/dms/okm/downloadDocument?docTypemappingId=58989&refId=1216422136&refType=FC&uuid=6f3eedb9-6184-466c-abd2-bccd03283d90&version=1.0,0,https://parivesh.nic.in/newupgrade/#/report/ec?proposalId=1216599877,1440.0,7300.0
1217127247,"M/s TEHKHAND WASTE TO ELECTRICITY PROJECT LIMITED proposed to expand the existing 25 MW Waste to Energy Plant by 20 MW with total plant capacity up to 45 MW. Municipal Solid Waste in South Delhi is collected by MCD from different sources of generation such as residential, commercial, institutional, street sweeping and markets, function halls, cinema halls etc. The existing plant produces 25 MW of electricity. After expansion, the total capacity of plant will be up to 45 MW. 
The short description of the proposed project is as follows: 
•	Proposed Fuel: Refuse derived fuel prepared from MSW. 
•	Technology: Forward feed reciprocating grate, Ranking Cycle base.
•	After expansion, plant’s processing capacity: 3000±20% TPD of MSW (existing: 2000±20% TPD and proposed expansion: 1000±20% TPD). 
•	After expansion, plant’s production capacity: Up to 45 MW (existing: 25 MW and expansion: up to 20 MW).",Expansion,IA/DL/THE/566057/2026,2026-01-19T11:50:31.267+00:00,2026-06-04T01:48:36.509+00:00,EC Granted,6.07,90000.0,TEHKHAND WASTE TO ELECTRICITY PROJECT LIMITED,,Environment clearance form,EC,A,,"“Proposed Expansion of Existing Waste to Energy Plant up to 45 MW”, at adjacent DTC Tehkhand Depot, Maa Anandmai Marg, New Delhi-110020 by M/s Tehkhand Waste to Electricity Project Limited",DELHI,Kalkaji,TEHKHAND,J-13012/03/2017-IA.I(T),,"",Non - Linear,6.07,0.0,6.07,0.0,0.0,0.0,46500.0,43500.0,0,0,0,NO,"Space provision for the expansion project was already kept in the layout during implementation of existing project. Hence, no alternative analysis is required for the proposed expansion project.",NO,NO,NO,2026-03-01T19:28:33.078+00:00,Exemption under clause 7 (ii) as per OM dated 11- April -2022,,,,,,,,,,,,South East,"",https://parivesh.nic.in/dms/okm/downloadDocument?docTypemappingId=40829&refId=131885496&refType=caf&uuid=1cd1281d-8bd6-4018-8001-33109a854578&version=1.0,0,https://parivesh.nic.in/newupgrade/#/report/ec?proposalId=1217127247,191260.0,742045.0
1217477916,"Construction of Ajmal Khan Pak ,Delhi Sachivalya-IG stadium and Indraprastha stations of Inderlok- Indraprastha corridor of Delhi MRTS Project of Phase-IV.",New,FP/DL/RAIL/566623/2026,2026-01-23T11:21:04.957+00:00,,Pending at DFO For Compliance Review,25.3309,50643.0,DELHI METRO RAIL CORPORATION LIMITED,,Forest clearance form,,,,"Construction of Ajmal Khan Pak ,Delhi Sachivalya-IG stadium and Indraprastha stations of Inderlok- Indraprastha corridor of Delhi MRTS Project of Phase-IV.",DELHI,Kotwali,DELHI,,,,Linear,21.6867,3.6442,25.3309,0.0,0.0,0.0,0.0,0.0,0,0,0,Not applicable as the project or activity is site specific,,NO,NO,NO,2026-03-01T18:30:00.000+00:00,,,Degraded Forest Land,true,"Metro Bhawan, Fire Brigade Lane, Bharakhambha Road, New Delhi",,7,Joint Venture (Govt. + Govt.),Sr. General Manager/Land,,7,,Central,,https://parivesh.nic.in/dms/okm/downloadDocument?docTypemappingId=40829&refId=1217372487&refType=caf&uuid=83219d95-7f5f-4a29-8496-88c5e34f6f39&version=1.0;https://parivesh.nic.in/dms/okm/downloadDocument?docTypemappingId=58989&refId=1217372487&refType=FC&uuid=0904ddf8-f231-47e1-83c1-b26e2829535d&version=1.0,0,https://parivesh.nic.in/newupgrade/#/report/ec?proposalId=1217477916,94500.0,4380000.0
1219527628,"The Proposed project Elevate Delhi 7, Kamla Nagar, Delhi is being developed by M/s Oro Bloom Developments Private Limited and owned by M/s Texmaco Infrastructure and Holdings Private Limited. The total plot area of the project is 39673.09 m2 and proposed built-up area will be 428396 m2. The Land use of Project site is residential which is in conformity with master plan of Delhi 2021.",New,SIA/DL/INFRA2/569399/2026,2026-02-17T07:40:34.478+00:00,,ADS Raised,3.9673,1.50861,ORO BLOOM DEVELOPMENTS PRIVATE LIMITED,,Environment clearance form,EC,B1,,"Proposed Elevate Delhi 7, Kamla Nagar, Delhi",DELHI,Civil Lines,SADORA KALAN,,DPCC/UTLEIAA-V/P2/C-505/DL/2025,,Non - Linear,3.9673,0.0,3.9673,0.0,0.0,0.0,0.0,0.0,0,0,0,Not applicable as the project or activity is site specific,,NO,NO,NO,2026-03-17T13:01:47.652+00:00,Building or Construction projects or Area Development projects or Townships,,,,,,,,,,,,Central,,https://parivesh.nic.in/dms/okm/downloadDocument?docTypemappingId=40829&refId=124008086&refType=caf&uuid=dfaa82a3-56c4-4a37-b926-4dd84cc148cd&version=1.0,0,https://parivesh.nic.in/newupgrade/#/report/ec?proposalId=1219527628,225400.0,36530.0
1219807852,"The Redevelopment of Buddha Jayanti Park SH: Path ways, water canal, toilet blocks, parking area, welcome centre, food court), will be construction by CPWD, New Delhi. It will be benefitted to the habitants of Delhi and nearby area central Delhi. The project will generate employee approx. 50-80 Nos of person on permanent/temporary.",New,FP/DL/OTHERS/569767/2026,2026-02-19T15:51:06.656+00:00,,Pending at PP due to EDS by DFO,4.167,7445.0,Central Public Works Department,,Forest clearance form,,,,"Forest Clearance for Redevelopment of Buddha Jayanti Park(4.167 hect.), New Delhi by CPWD",DELHI,Delhi Cantonment,JADID CHHAWNI,,,,Non - Linear,0.0,4.167,4.167,0.0,0.0,0.0,0.0,0.0,0,0,0,NO,Not applicable as the project or activity is site specific,NO,NO,NO,2026-06-11T18:30:00.000+00:00,,,Non-forest Land,true,"Executive Engineer (Civil), Vigyan Bhawan, Room No.01, Ground floor, Jodhpur Hostel Block-6, Pandra Road, New Delhi, -110003",,7,Central Government (Department/Autonomous body),Executive Engineer,,7,,New Delhi,,https://parivesh.nic.in/dms/okm/downloadDocument?docTypemappingId=40829&refId=1219628560&refType=caf&uuid=fc266b32-b800-4969-ab7a-8273b42a877b&version=1.0;https://parivesh.nic.in/dms/okm/downloadDocument?docTypemappingId=58989&refId=1219628560&refType=FC&uuid=b479ad51-dbc6-43ca-bdd6-e0dd0436bd7a&version=1.0,0,https://parivesh.nic.in/newupgrade/#/report/ec?proposalId=1219807852,3410.0,3340.0
1219853576,Construction of Rithala-Kundli metro corridor of DMRC Phase-IV MRTS,New,FP/DL/RAIL/569814/2026,2026-02-20T07:50:58.825+00:00,2026-08-15T10:30:48.834+00:00,Final Diversion Order Issued,59.6696,6.23099,DELHI METRO RAIL CORPORATION LIMITED,,Forest clearance form,,,,Construction of Rithala - Kundli  Metro Corridor Of DMRC Phase- IV MRTS,DELHI,Narela,KURENI,,,"0/50,25/26,25/13,25/14,25/15,26/11,26/10,26/9 26/8,26/27,26/7,26/4,26/5,27/1,14/21,14/22,0/0 14/23,0/62,14/15,14/25,14/24,0/63,14/17,14/16 13/20,13/26,13/12,13/13,13/28,13/6,13/5",Linear,53.1869,6.4827,59.6696,0.0,0.0,0.0,0.0,0.0,0,0,0,Not applicable as the project or activity is site specific,,NO,NO,NO,2026-02-23T06:05:42.477+00:00,,,Degraded Forest Land,true,"Metro Bhawan, Fire Brigade Lane, Bharakhambha Road, New Delhi",,7,Joint Venture (Govt. + Govt.),Sr. General Manager/Land,,7,,North,"0/50,25/26,25/13,25/14,25/15,26/11,26/10,26/9 26/8,26/27,26/7,26/4,26/5,27/1,14/21,14/22,0/0 14/23,0/62,14/15,14/25,14/24,0/63,14/17,14/16 13/20,13/26,13/12,13/13,13/28,13/6,13/5",https://parivesh.nic.in/dms/okm/downloadDocument?docTypemappingId=40829&refId=1218874168&refType=caf&uuid=f5f47b85-0a8a-48b8-9e29-5df4558cefc1&version=1.2;https://parivesh.nic.in/dms/okm/downloadDocument?docTypemappingId=58989&refId=1218874168&refType=FC&uuid=51d81548-3a2c-47e5-8321-c082a5060abd&version=1.2,63882,https://parivesh.nic.in/newupgrade/#/report/ec?proposalId=1219853576,129356000.0,10950000.0
1220589434,"Construction of proposed 4.5Km long major drain along Railway Line from Mundka halt station KM 19/26-28 to Najafgarh Supplementary drain Km 15/10-12, Delhi-Bhatinda Railway Line under Irrigation & Flood Control Department, Civil Division-VIII, Rohini Sec-15, Delhi, during 2025-26",New,FP/DL/ROAD/570979/2026,2026-03-01T14:17:15.933+00:00,,DELISTED_BY_SYSTEM,2.1419,22093.0,IRRIGATION & FLOOD CONTROL DEPARTMENT,,Forest clearance form,,,,"Construction of proposed 4.5Km long major drain along Railway Line from Mundka halt station KM 19/26-28 to Najafgarh Supplementary drain Km 15/10-12, Delhi-Bhatinda Railway Line under Irrigation & Flood Control Department, Civil Division-VIII, Rohini Sec-15, Delhi, during 2025-26",DELHI,Punjabi Bagh,MUNDKA,,,401,Linear,0.0,2.1419,2.1419,0.0,0.0,0.0,0.0,0.0,0,0,0,Not applicable as the project or activity is site specific,,NO,NO,NO,2026-03-03T09:50:42.581+00:00,,,Non-forest Land,true,"Office of the Executive Engineer, Civil Division VIII, Rohini Office Complex, Sector-15, Near Gas Godown, Opposite Taj Apartments, Rohini,",,7,State Government (Department/Autonomous body),Executive Engineer,,7,"I&FCD, Delhi,I&FCD, Delhi,I&FCD, Delhi,I&FCD, Delhi,I&FCD, Delhi,I&FCD, Delhi,I&FCD, Delhi",West,401,https://parivesh.nic.in/dms/okm/downloadDocument?docTypemappingId=40829&refId=1220471155&refType=caf&uuid=4f3a1918-364d-426f-a04d-7db1c5012fd2&version=1.0;https://parivesh.nic.in/dms/okm/downloadDocument?docTypemappingId=59061&refId=1220471155&refType=FC&uuid=bf249700-d052-4bb3-8949-4e0f870aa69d&version=1.1;https://parivesh.nic.in/dms/okm/downloadDocument?docTypemappingId=58989&refId=1220471155&refType=FC&uuid=336cc142-bcca-4cdc-918c-a2d45501de88&version=1.0,64001,https://parivesh.nic.in/newupgrade/#/report/ec?proposalId=1220589434,7300.0,4380.0
1220741811,"DTU Hotel Pvt Ltd. KH-5/2, 6 Samalkha,  Near IGI Airport, Opp. Shiv Murti, New Delhi",New,SIA/DL/INFRA2/571179/2026,2026-03-03T12:21:56.273+00:00,,Referred to SEIAA,5.3404,10200.0,DTU HOTELS PRIVATE LIMITED,,Application for Transfer of EC- Form-7,OTHER,B1,,M/s. DTU Hotel Private Limited.,DELHI,Vasant Vihar,SAMALKA,,DPCC/UTLEIAA-V/P2/C 520/DL/2026,"KH-5/2, 6",Linear,5.3404,0.0,5.3404,0.0,0.0,0.0,0.0,0.0,0,0,0,Not applicable as the project or activity is site specific,,NO,NO,NO,2026-03-03T12:31:40.024+00:00,,,,,"Hotel Uppal Orchid, Near IGI Airport, Opp. Shiv Murti, New Delhi",Samalkha,7,Private Limited,Authorized Signatory,Samalkha,7,,New Delhi,"KH-5/2, 6",https://parivesh.nic.in/dms/okm/downloadDocument?docTypemappingId=40829&refId=1220740630&refType=caf&uuid=3971e878-2349-4776-a090-b486c2f96298&version=1.0,64058,https://parivesh.nic.in/newupgrade/#/report/ec?proposalId=1220741811,600.0,910.0
1221489073,The total plot area of the project is 77105 m2 and Built-up area of the project will be 41340 m2. The site is earmarked for Hospital development as per Delhi Master Plan.,New,SIA/DL/INFRA2/572028/2026,2026-03-11T11:54:05.065+00:00,2026-07-23T07:48:44.263+00:00,EC Granted,7.7105,22134.0,Commandant AHRR,Ind Tech House Consult,Environment clearance form,TOR,B2,Building / Construction,"Proposed Construction of Oncology Center Building (200 Bedded) at Army Hospital (R&R), Delhi Cantt, Delhi",DELHI,Vasant Vihar,BASANT NAGAR,,DPCC/UTLEIAA-V/P2/C-522/DL/2025,,Non - Linear,7.7105,0.0,7.7105,0.0,0.0,0.0,0.0,0.0,0,0,0,Not applicable as the project or activity is site specific,,NO,NO,NO,2026-03-11T13:20:13.775+00:00,,,,,,,,,,,,,New Delhi,,https://parivesh.nic.in/dms/okm/downloadDocument?docTypemappingId=40829&refId=1221487949&refType=caf&uuid=2b678bb8-7447-4d11-9014-44993140c859&version=1.0,0,https://parivesh.nic.in/newupgrade/#/report/ec?proposalId=1221489073,180120.0,290225.0
1221569977,"Environment Clearance has been granted vide Letter No. DPCC/SEAC/163/SEIAA/31/2013 dated 30.07.2013 by the State Level Environment Impact Assessment Authority, Delhi. After expansion, the built-up area will increase from 80,907.57 m² to 101,153.34 m²",Expansion,SIA/DL/INFRA2/572141/2026,2026-03-12T10:12:22.303+00:00,2026-09-10T13:19:59.122+00:00,EC Granted,17.5,13400.0,BOCHASANWASI SHRI AKSHARPURUSHOTTAM SWAMINARAYAN SANSTHA,Perfact Enviro Solutions Pvt. Ltd.,Environment clearance form,TOR,B2,Building / Construction,"Expansion of the Cultural Complex ""Akshardham"" at N.H. 24, Pramukh Swami Maharaj Marg, Akshardham Setu, New Delhi by B.A.P.S. Swaminarayan Sanstha ( Bochasanwasi Shri Aksharpurshottam Swaminarayan Sanstha)",DELHI,NAZUL,NA,,DPCC/UTLEIAA-V/P2/C-524/DL/2025,,Non - Linear,17.5,0.0,17.5,0.0,0.0,0.0,11000.0,2400.0,0,0,0,Not applicable as the project or activity is site specific,,NO,YES,NO,2026-03-13T10:53:36.102+00:00,,,,,,,,,,,,,Central,,https://parivesh.nic.in/dms/okm/downloadDocument?docTypemappingId=40829&refId=1221562585&refType=caf&uuid=a2c47899-fa0b-4993-ab0d-855f7d4a27cd&version=1.0,0,https://parivesh.nic.in/newupgrade/#/report/ec?proposalId=1221569977,73000.0,4380000.0
1222260715,Construction of GB Pant Delhi Skill & Entrepreneurship University (Erstwhile Integrated Campus of GB Pant Engineering College & Polytechnic) at Okhla Campus Delhi on the total land area measuring 92915 Sqm. and Built-area 105783.75 Sqm.,New,SIA/DL/INFRA2/573113/2026,2026-03-20T12:16:28.911+00:00,2026-07-23T07:58:16.291+00:00,EC Granted,9.2915,52666.0,Department of Training & Technical Education (Government of NCT of Delhi),Rian Enviro Private Limited (REPL),Environment clearance form,TOR,B2,Building / Construction,Construction of GB Pant Delhi Skill & Entrepreneurship University (Erstwhile Integrated Campus of GB Pant Engineering College & Polytechnic) at Okhla Campus Delhi.,DELHI,Kalkaji,BAHA PUR,,DPCC/UTLEIAA-V/P2/C-526/DL/2025,"Khasra No’s- 400,401, 1131/402,1187/1130/402, 440,444,445, 446,447,448,449,450,451,453 & 454",Non - Linear,9.2915,0.0,9.2915,0.0,0.0,0.0,0.0,0.0,0,0,0,Not applicable as the project or activity is site specific,,NO,NO,NO,2026-03-23T12:36:11.811+00:00,,,,,,,,,,,,,South East,"Khasra No’s- 400,401, 1131/402,1187/1130/402, 440,444,445, 446,447,448,449,450,451,453 & 454",https://parivesh.nic.in/dms/okm/downloadDocument?docTypemappingId=40829&refId=1222257081&refType=caf&uuid=51e3f867-1ba1-4ea4-a5f6-61fac70f2c6c&version=1.0,0,https://parivesh.nic.in/newupgrade/#/report/ec?proposalId=1222260715,11800.0,198500.0
1222413482,Construction of Foot Over Bridge near Kendriya Vidyalya JNU at Vedant Deshika Marg,New,FP/DL/ROAD/573330/2026,2026-03-23T10:57:06.655+00:00,,Pending at DFO due to EDS by Nodal Officer,0.0783,414.41,PWD,,Forest clearance form,,,,Construction of Foot Over Bridge near Kendriya Vidyalya JNU at Vedant Deshika Marg,DELHI,Mehrauli,BER SARAI,,,NA,Linear,0.0,0.0783,0.0783,0.0,0.0,0.0,0.0,0.0,0,0,0,Not applicable as the project or activity is site specific,,NO,NO,NO,2026-04-16T17:15:26.745+00:00,,,Degraded Forest Land,true,"JB Tito Marg, Andrewsganj, New Delhi",,7,State Government (Department/Autonomous body),Executive Engineer,,7,Executive Engineer,South,NA,https://parivesh.nic.in/dms/okm/downloadDocument?docTypemappingId=40829&refId=1222231326&refType=caf&uuid=15b2e69a-5e22-428c-9215-c644ae1e1704&version=1.0;https://parivesh.nic.in/dms/okm/downloadDocument?docTypemappingId=59061&refId=1222231326&refType=FC&uuid=c8e8096c-cdd5-4e85-98ad-52b3a6bab105&version=1.0;https://parivesh.nic.in/dms/okm/downloadDocument?docTypemappingId=58989&refId=1222231326&refType=FC&uuid=76507ce2-eeb6-4cb0-9297-e9dd60e7e471&version=1.0,0,https://parivesh.nic.in/newupgrade/#/report/ec?proposalId=1222413482,202.0,53.0
1222483501,Delhi Jal Board has installed 09 nos. of tube wells after getting approval of District level advisory committee in its meeting held on 10.11.2023. This work was executed as per approval and now DJB intends to supply part water to CAPFIMS-AIIMS Hospital campus.,New,FP/DL/WATER/573408/2026,2026-03-24T07:45:46.595+00:00,,Pending at DFO due to EDS by Nodal Officer,0.1066,229.67,Delhi Jal Board,,Forest clearance form,,,,Operationalization of 09 nos. already installed tube wells in the Animal Husbandry Land to supply water to CAPFIMS Maidan Garhi,DELHI,Saket,SAT BERI,,,,Linear,0.0009,0.1057,0.1066,0.0,0.0,0.0,0.0,0.0,0,0,0,Not applicable as the project or activity is site specific,,NO,NO,NO,2026-03-24T07:55:46.214+00:00,,,,false,"EE Water Project-VIII
A-Building, Varunalaya Jhandewalan
New Delhi-110005",DELHI,7,State Government (Department/Autonomous body),EXECUTIVE ENGINEER,DELHI,7,,South,,https://parivesh.nic.in/dms/okm/downloadDocument?docTypemappingId=40829&refId=1222481475&refType=caf&uuid=e051d12e-75de-4123-93dc-2bdc26b3c539&version=1.0;https://parivesh.nic.in/dms/okm/downloadDocument?docTypemappingId=58989&refId=1222481475&refType=FC&uuid=94f1aac9-2b8c-4905-9c02-246ea19ec368&version=1.0,64063,https://parivesh.nic.in/newupgrade/#/report/ec?proposalId=1222483501,0.0,3650.0
1222576220,Construction of shivaji Stadium  and Kartavya Bhawan stations under Phase-V (A) of Delhi MRTS,New,FP/DL/RAIL/573522/2026,2026-03-25T07:21:37.899+00:00,,Pending at DFO for Compensatory Levies,12.47,360000.0,DELHI METRO RAIL CORPORATION LIMITED,,Forest clearance form,,,,Construction of shivaji Stadium  and Kartavya Bhawan stations under Phase-V (A) of Delhi MRTS,DELHI,Chanakya Puri,NA,,,,Linear,11.194,1.276,12.47,0.0,0.0,0.0,0.0,0.0,0,0,0,Not applicable as the project or activity is site specific,,NO,NO,NO,2026-06-16T18:30:00.000+00:00,,,Degraded Forest Land,true,"Metro Bhawan, Fire Brigade Lane, Bharakhambha Road, New Delhi",,7,Joint Venture (Govt. + Govt.),Sr. General Manager/Land,,7,,New Delhi,,https://parivesh.nic.in/dms/okm/downloadDocument?docTypemappingId=40829&refId=1222556919&refType=caf&uuid=30ddae5d-8efa-44d9-83a0-016164000782&version=1.0;https://parivesh.nic.in/dms/okm/downloadDocument?docTypemappingId=58989&refId=1222556919&refType=FC&uuid=3bfaf8e1-461c-4e01-a668-4d7eb819654d&version=1.0;https://parivesh.nic.in/dms/okm/downloadDocument?docTypemappingId=58989&refId=1222556919&refType=FC&uuid=1000d591-2fc4-442b-b9f5-a19b368df0d3&version=1.0,0,https://parivesh.nic.in/newupgrade/#/report/ec?proposalId=1222576220,745771.0,310420.0
1222600866,"Construction of service road is very important due to the non-availability of nearby crossing between Basant Gaon to Niryat Bhawan at Outer Ring Road under Division South West Road-I, New Delhi, residents are compelled to take longer and inconvenient route leading to significant wastage of time, compelling vehicles to take longer detours or make unsafe turning conditions., increased fuel consumption and traffic congestion. This has led to frequent traffic conflicts, including abrupt lane changes, illegal crossings, and wrong-side driving, which pose serious road safety hazards for both motorists and pedestrians",New,FP/DL/ROAD/573557/2026,2026-03-25T10:31:21.760+00:00,,Pending at UA due to Delisting by Authority,0.045,12.58136,Public Works Department GNCTD,,Forest clearance form,,,,"proposed  Construction of Service  Road From Hanuman Mandir, Basant Gaon to Niryat Bhawan on outer Ring Road.",DELHI,Vasant Vihar,BASANT NAGAR,,,33/10,Linear,0.0,0.045,0.045,0.0,0.0,0.0,0.0,0.0,0,0,0,Not applicable as the project or activity is site specific,,YES,NO,NO,2026-04-08T18:30:00.000+00:00,,,Non-forest Land,true,O/o Executive Engineer South West Road-1 Brar Square Delhi cantt New Delhi-110010,Brar Square,7,State Government (Department/Autonomous body),Excutive Engineer,Brar Square,7,"Executive Engineer, PWD",New Delhi,33/10,https://parivesh.nic.in/dms/okm/downloadDocument?docTypemappingId=40829&refId=1222598336&refType=caf&uuid=8cb64c28-d1ef-4c94-b569-4825f33af434&version=1.0;https://parivesh.nic.in/dms/okm/downloadDocument?docTypemappingId=59061&refId=1222598336&refType=FC&uuid=6481ba8d-6b87-4e39-9609-028954e3f685&version=1.0;https://parivesh.nic.in/dms/okm/downloadDocument?docTypemappingId=58989&refId=1222598336&refType=FC&uuid=92b71a8b-6f9b-4826-ac68-5876f7bbf029&version=1.0,0,https://parivesh.nic.in/newupgrade/#/report/ec?proposalId=1222600866,202.0,53.0
1222681097,"The existing project “Classic Apartment” is a residential development as per MPD-2021, originally constructed based on the scheme sanctioned by DDA vide file no. F23(42)97/BLDG(Pt-2) dated 30.07.1998 having total builtup area 20457.36 Sqm. (Stilt Parking:2101.040 Sqm. + 18356.32 SQM.). Now addition/alteration work is proposed in the existing apartment, due to which the total built-up area will become 28,353.45 sqm",New,SIA/DL/INFRA2/573654/2026,2026-03-26T07:54:46.685+00:00,,ADS Raised,1.05,1500.0,AIMO COOPERATIVE GROUP HOUSING SOCIETY LIMITED,Rian Enviro Private Limited (REPL),Environment clearance form,TOR,B2,Building / Construction,"Proposed Environmental Clearnce for addition / Alteration in Classic Apartment at Plot no. 11, Sector-22, Dwarka, New Delhi-110077 by AIMO C.G.H.S. Ltd.",DELHI,Delhi Cantonment,SAHBAD MOHD,,DPCC/SEAC/8(a)/2026/AIMO,Plot no. 11,Non - Linear,1.05,0.0,1.05,0.0,0.0,0.0,0.0,0.0,0,0,0,Not applicable as the project or activity is site specific,,NO,NO,NO,2026-06-01T13:41:27.528+00:00,,,,,,,,,,,,,New Delhi,Plot no. 11,https://parivesh.nic.in/dms/okm/downloadDocument?docTypemappingId=40829&refId=1222671412&refType=caf&uuid=0a7d58e5-5d3b-4c03-985f-661d9cab7462&version=1.0,0,https://parivesh.nic.in/newupgrade/#/report/ec?proposalId=1222681097,11800.0,7400.0
1222953102,The proposed project is Expansion of Indus Hotel & Spa having a plot area of 8446.0 sqm.,Expansion,SIA/DL/INFRA2/574067/2026,2026-03-30T09:16:15.857+00:00,,ADS Raised,0.8446,26000.0,ANUSH FINLEASE AND CONSTRUCTION PRIVATE LIMITED,Perfact Enviro Solutions Pvt. Ltd.,Environment clearance form,TOR,B2,Building / Construction,Expansion of Indus Hotel & Spa,DELHI,Vivek Vihar,KARKAR DUMAN,,DPCC/UTLEIAA-V/P2/C 550/DL/2026,,Linear,0.8446,0.0,0.8446,0.0,0.0,0.0,20000.0,6000.0,0,0,0,NO,No alternative site has been examined.,NO,NO,NO,2026-06-11T12:52:27.441+00:00,,,,,,,,,,,,,Shahdara,,https://parivesh.nic.in/dms/okm/downloadDocument?docTypemappingId=40829&refId=1222942582&refType=caf&uuid=2059c7c8-eeaa-4f1c-8086-79b25b6855e4&version=1.0,0,https://parivesh.nic.in/newupgrade/#/report/ec?proposalId=1222953102,219000.0,0.0
1224044654,"M/s Gradus Hospitality Pvt. Ltd plans to establish a CBWTF at Plot no. C-10, SMA Industrial Area, Delhi-110033 and proposes for installation of State of Art facility for treatment and disposal of BMW generated by HCFs in Delhi.",New,SIA/DL/INFRA2/575410/2026,2026-04-11T06:21:41.894+00:00,2026-06-19T12:29:51.518+00:00,ToR Granted,0.21,985.0,GRADUS HOSPITALITY PRIVATE LIMITED,Shivalik Solid Waste Management Limited,Environment clearance form,TOR,B1,Bio-Medical Waste Treatment Facilities,"Common Bio-Medical Waste Treatment Facility at Plot no. C-10, SMA Industrial Area, Delhi by M/s Gradus Hospitality Pvt. Ltd.",DELHI,Saraswati Vihar,HAIDER PUR,,DPCC/UTLEIAA-V/P2/C 528/DL/2026,"Plot no. C-10, SMA Industrial Area, Delhi",Hybrid,0.21,0.0,0.21,0.0,0.0,0.0,0.0,0.0,0,0,0,NO,"Site has been selected, keeping in view selection criteria as per CPCB guideline.",NO,NO,NO,2026-05-11T12:47:08.867+00:00,,,,,,,,,,,,,North West,"Plot no. C-10, SMA Industrial Area, Delhi",https://parivesh.nic.in/dms/okm/downloadDocument?docTypemappingId=40829&refId=1224042120&refType=caf&uuid=2f99dc9a-8bce-4959-a3ed-d624ec03723e&version=1.0,0,https://parivesh.nic.in/newupgrade/#/report/ec?proposalId=1224044654,10950.0,52650.0
1224459262,Environment clearance of the project was obtained vide EC Identification No. EC24C3804DL5565649N and File No. 21/11/2025-IA.III dated 12/09/2025 from MoEF&CC. Now we are proposed one block in existing project.,Expansion,SIA/DL/INFRA2/575874/2026,2026-04-16T07:35:11.256+00:00,,ADS Raised,6.0702,21700.0,Indian spinal injuries centre,Ind Tech House Consult,Environment clearance form,TOR,B2,Building / Construction,"Expansion of ISIC Multispecialty Hospital Located in Sector-C, Vasant Kunj, New Delhi-110070",DELHI,Vasant Vihar,RANG PURI,,DPCC/UTLEIAA-V/P2/C-532/DL/2026,,Non - Linear,6.0702,0.0,6.0702,0.0,0.0,0.0,9500.0,12200.0,0,0,0,Not applicable as the project or activity is site specific,,NO,NO,NO,2026-06-23T14:20:41.883+00:00,,,,,,,,,,,,,New Delhi,,https://parivesh.nic.in/dms/okm/downloadDocument?docTypemappingId=40829&refId=1224401923&refType=caf&uuid=2b71c33d-f826-46db-ab7f-b4c856bc0105&version=1.0,64057,https://parivesh.nic.in/newupgrade/#/report/ec?proposalId=1224459262,75100.0,91350.0
1224724408,National Highways Authority of India is developing NH-248BB (Dwarka Expressway) with its approaches and interchange at NH-48 and intends to connect it with NH-148AE (Nelson Mandela Marg) in Delhi. NH-248BB ends at the proposed interchange near Shivmurti at NH-48.,New,IA/DL/INFRA1/576174/2026,2026-04-18T06:52:07.769+00:00,,Proposal returned in present form,10.5145,4.08909,MINISTRY OF ROAD TRANSPORT & HIGHWAYS,,Application for Amendment in EC- Form-4,OTHER,A,,Construction of a road tunnel for NH-148AE with its approach and connection to NH-248BB in NCT of Delhi,DELHI,Vasant Vihar,RANG PURI,10/6/2022-IA.111,,"955, 987, 988, 989, 992, 993, 994, 448, 449, 482, 481, 483, 484, 1731, 1523, 1379, 1524, 1611, 1610",Linear,3.0,7.5145,10.5145,0.0,0.0,0.0,0.0,0.0,0,0,0,Not applicable as the project or activity is site specific,,NO,NO,NO,2026-04-18T07:31:58.469+00:00,,,,,,,,,,,,,New Delhi,"955, 987, 988, 989, 992, 993, 994, 448, 449, 482, 481, 483, 484, 1731, 1523, 1379, 1524, 1611, 1610",https://parivesh.nic.in/dms/okm/downloadDocument?docTypemappingId=40829&refId=2390374&refType=caf&uuid=ac1c7904-7753-4bcb-a440-167f48585c4d&version=1.0,64057,https://parivesh.nic.in/newupgrade/#/report/ec?proposalId=1224724408,481855.0,22.0
1225678949,"EC for Quartz & Feldspar Mining Project, M.L. No- 14/2020, Area- 1.4627 ha., Production capacity- 1,20,744 TPA (ROM) at Khasra No.- 3017, near village- Bubaniya, Tehsil- Nasirabad, District- Ajmer, Rajasthan.",New,SIA/DL/MIN/577119/2026,2026-04-27T10:16:52.972+00:00,,Proposal returned in present form,1.4627,50.0,MOHINDER KUMAR MANGLA,,Application for Transfer of EC- Form-7,OTHER,B2,,MOHINDER MANGLA,DELHI,Nasirabad,Bubaniya,,DPCC/UTLEIAA-V/P2/C 527/DL/2026,KHASRA NO. 3017,Non - Linear,1.4627,0.0,1.4627,0.0,0.0,0.0,0.0,0.0,0,0,0,NO,"""Mining is a site-specific project as it depends on the occurrence of minerals in a particular geographical location. Since Quartz and Feldspar are available at the applied site (Khasra No. 3017), no alternative sites were examined.""",NO,NO,NO,2026-04-28T08:28:08.659+00:00,,,,,"E-6B, D D A FLATS MUNIRKA, J.N.U. S.O, SOUTH WEST DELHI, DELHI, 110067",SOUTH WEST DELHI,7,Individual,PROPRIETOR,,7,,Ajmer,KHASRA NO. 3017,https://parivesh.nic.in/dms/okm/downloadDocument?docTypemappingId=40829&refId=1225663490&refType=caf&uuid=c08d6451-f866-466b-849b-39d88598e1f0&version=1.0,92168,https://parivesh.nic.in/newupgrade/#/report/ec?proposalId=1225678949,0.0,4500.0
1225696228,"Transfer of Environmental Clearance bearing Identification No. EC24C3803DL5830563N dated 20.01.2025 to M/s Pace Commodity Brokers Pvt. Ltd. for the “IT-ITES Building” Project at Plot No. 37, Block A, Mohan Cooperative Industrial Estate, New Delhi",New,SIA/DL/INFRA2/577132/2026,2026-04-27T11:35:13.133+00:00,,ADS Raised,0.5784,11700.0,PACE COMMODITY BROKERS PRIVATE LIMITED,,Application for Transfer of EC- Form-7,OTHER,B2,,“IT-ITES Building” Project,DELHI,Defence Colony,SAIDABAD LBE CHIRAG,,DPCC/UTLEIAA-V/P2/C-529/DL/2025,,Non - Linear,0.5784,0.0,0.5784,0.0,0.0,0.0,0.0,0.0,0,0,0,Not applicable as the project or activity is site specific,,NO,NO,NO,2026-06-15T11:37:11.013+00:00,,,,,"C-3, Okhla Industrial Area, Phase-1, New Delhi - 110020",,7,Private Limited,Authorized Signatory,,7,,South East,,https://parivesh.nic.in/dms/okm/downloadDocument?docTypemappingId=40829&refId=1225691907&refType=caf&uuid=30c1cae4-4938-498d-b58f-d3113ec12c68&version=1.0,64080,https://parivesh.nic.in/newupgrade/#/report/ec?proposalId=1225696228,4585.0,603250.0
1225918355,"Construction of proposed 4.5Km long major drain along Railway Line from Mundka halt station KM 19/26-28 to Najafgarh Supplementary drain Km 15/10-12, Delhi-Bhatinda Railway Line under Irrigation & Flood Control Department, Civil Division-VIII, Rohini Sec-15, Delhi, for the year 2025-26",New,FP/DL/OTHERS/577377/2026,2026-04-29T09:09:30.192+00:00,,Pending at UA due to Delisting by Authority,2.1419,22093.0,IRRIGATION & FLOOD CONTROL DEPARTMENT,,Forest clearance form,,,,"Construction of proposed 4.5Km long major drain along Railway Line from Mundka halt station KM 19/26-28 to Najafgarh Supplementary drain Km 15/10-12, Delhi-Bhatinda Railway Line under Irrigation & Flood Control Department, Civil Division-VIII, Rohini Sec-15, Delhi, for the year 2025-26",DELHI,Rohini,KIRARI SULEMAN NAGAR,,,"1375,1376,1377,1378",Linear,0.0,2.1419,2.1419,0.0,0.0,0.0,0.0,0.0,0,0,0,Not applicable as the project or activity is site specific,,NO,NO,NO,2026-06-10T18:30:00.000+00:00,,,Degraded Forest Land,true,"Office of the Executive Engineer, Civil Division VIII, Rohini Office Complex, Sector-15, Near Gas Godown, Opposite Taj Apartments, Rohini,",,7,State Government (Department/Autonomous body),Executive Engineer,,7,"I&FCD, Delhi,I&FCD, Delhi",North West,"1375,1376,1377,1378",https://parivesh.nic.in/dms/okm/downloadDocument?docTypemappingId=40829&refId=1225909688&refType=caf&uuid=f336e24f-582e-4865-a79c-f8beba3b2de2&version=1.0;https://parivesh.nic.in/dms/okm/downloadDocument?docTypemappingId=59061&refId=1225909688&refType=FC&uuid=ee31c82f-de8b-4272-88b6-c3cdaa06348c&version=1.0;https://parivesh.nic.in/dms/okm/downloadDocument?docTypemappingId=58989&refId=1225909688&refType=FC&uuid=631a00b3-3674-4e3b-93bd-393c78bf29e9&version=1.0,63942,https://parivesh.nic.in/newupgrade/#/report/ec?proposalId=1225918355,7300.0,4380.0
1225984836,"The Expenditure Sanction shall be issued after
opening of separate Head of Account for the above
said proposed work/project, as advised by the
Planning Department, GNCTD, and making of
adequate budgetary provisions under the relevant
Head of Account in accordance with the financial
phasing of the project in RE 2025-26 and onwards. The
Engineer-in-Charge shall call tender for the aforesaid
project for early finalization and award of the tender.
However, the tender shall be awarded only after
issuance of Expenditure Sanction for the project after
opening of new Head of Account. Strict compliance of
all the pre-sanction/post-sanction
guidelines/requirement circulated as Annexure to
Government Order No. PA/DSF/Misc./2012-13/Exp-
4/538-45 dated 17/05/2012 must [be] ensured during
planning and execution period.",New,FP/DL/OTHERS/577455/2026,2026-04-30T02:44:55.960+00:00,,DELISTED_BY_SYSTEM,0.8857,15306.99,Sanjay kumar,,Forest clearance form,,,,"Improvement   of   drainage   system  at  MB Road   under   Sub   Division -24   of   Division   South  East  Road -2  PWD, New  Delhi.  (SH:  Construction  of  Precast  RCC  Box  dra in  at  MB  Road from  Batra  Hospital  to  RUB  Pul  Pra hladpur).",DELHI,Kalkaji,TUGLAKABAD,,,NA,Linear,0.0,0.8857,0.8857,0.0,0.0,0.0,0.0,0.0,0,0,0,Not applicable as the project or activity is site specific,,NO,NO,NO,2026-04-30T03:51:12.911+00:00,,,Non-forest Land,true,"PWD, Division, South East Road-2, Sukhdev Vihar near Modi Mill Flyover, New Delhi-110025.",Sukhdev Vihar,7,State Government (Department/Autonomous body),"PWD, Division, South East Road-2, Sukhdev Vihar near Modi Mill Flyover, New Delhi-110025.",Sukhdev Vihar,7,,South East,NA,https://parivesh.nic.in/dms/okm/downloadDocument?docTypemappingId=40829&refId=1225083578&refType=caf&uuid=63156b8b-eda8-4180-ab4d-ba424658030c&version=1.0;https://parivesh.nic.in/dms/okm/downloadDocument?docTypemappingId=58989&refId=1225083578&refType=FC&uuid=41bac8c7-9070-4b52-821d-bb776f464217&version=1.0,0,https://parivesh.nic.in/newupgrade/#/report/ec?proposalId=1225984836,1684.0,603.0
1227023181,"M/s. SMS Water Grace BMW Pvt. Ltd. proposes a New Project of Common Bio Medical Waste Treatment Facility (CBMWTF) Consisting of Incineration System having Capacity scalable up to (800 kg/hr.), Autoclave having Capacity scalable up to (1200 kg/batch), Shredder having Capacity scalable up to (1200 kg/hr.), Chemical Disinfection Unit having Capacity scalable up to (1000 kg/hr.), ETP having capacity of 120 KLD and STP having capacity of 5 KLD at Property Bearing No. 53 and 32, Rajasthani udhyog nagar (near Jahangirpuri) G.T Karnal road, Delhi-110033, India.",New,SIA/DL/INFRA2/578405/2026,2026-05-08T12:20:17.773+00:00,,ADS Raised,0.2378,1950.0,SMS Water grace bmw private limited,,Environment clearance form,EC,B1,,"M/s. SMS Water Grace BMW Pvt. Ltd. proposes a Common Bio Medical Waste Treatment Facility (CBMWTF) Consisting of Incineration System having Capacity scalable up to (800 kg/hr.), Autoclave having Capacity scalable up to (1200 kg/batch), Shredder having Capacity scalable up to (1200 kg/hr.), Chemical Disinfection Unit having Capacity scalable up to (1000 kg/hr.), ETP having capacity of 120 KLD and STP having capacity of 5 KLD at Delhi-110033, India",DELHI,Saraswati Vihar,HAIDER PUR,,DPCC/UTLEIAA-V/P2/C-510/DL/2026,"Property Bearing No. 53 and 32, Rajasthani udhyog nagar (near Jahangirpuri) G.T Karnal road, Delhi-110033, India.",Non - Linear,0.2378,0.0,0.2378,0.0,0.0,0.0,0.0,0.0,0,0,0,Not applicable as the project or activity is site specific,,NO,NO,NO,2026-07-11T12:50:05.342+00:00,Located within industrial estates,,,,,,,,,,,,North West,"Property Bearing No. 53 and 32, Rajasthani udhyog nagar (near Jahangirpuri) G.T Karnal road, Delhi-110033, India.",https://parivesh.nic.in/dms/okm/downloadDocument?docTypemappingId=40829&refId=254436978&refType=caf&uuid=8803aa54-9228-47cd-bb87-58125c390cb3&version=1.0,0,https://parivesh.nic.in/newupgrade/#/report/ec?proposalId=1227023181,111.0,16210.0
1227268321,"Government of Nagaland proposes Reconstruction / Redevelopment of Nagaland House at Plot No  29, Dr. A.P.J. Abdul Kalam Road, New Delhi. The total plot area of the project is 9890.05 sqm and the built-up area will be 25525.2 sqm. Existing building having 3076.62 sqm built-up area will be demolished. The site is earmarked for residential as per Delhi Master plan 2021.",New,SIA/DL/INFRA2/578636/2026,2026-05-11T12:09:47.561+00:00,,ADS Raised,0.989,23348.0,Government of Nagaland,Ind Tech House Consult,Environment clearance form,TOR,B2,Building / Construction,"Redevelopment of Nagaland House at Plot No - 29, Dr. A.P.J. Abdul Kalam Road, New Delhi",DELHI,Chanakya Puri,NA,,DPCC/UTLEIAA-V/P2/C-533/DL/2026,,Non - Linear,0.989,0.0,0.989,0.0,0.0,0.0,0.0,0.0,0,0,0,Not applicable as the project or activity is site specific,,NO,NO,NO,2026-06-23T14:35:23.266+00:00,,,,,,,,,,,,,New Delhi,,https://parivesh.nic.in/dms/okm/downloadDocument?docTypemappingId=40829&refId=1227266498&refType=caf&uuid=b5f0c12d-0465-47aa-9c30-29565fa58b60&version=1.0,0,https://parivesh.nic.in/newupgrade/#/report/ec?proposalId=1227268321,60100.0,85220.0
1227554944,"The proposed business building project comprises the 2B+G+4S+11 floors. The proposed business building comprises the multiple offices, electrical rooms, server rooms, service rooms, Lift loby, coffee shop.",New,SIA/DL/INFRA2/578919/2026,2026-05-13T12:23:22.780+00:00,,DELISTED_BY_SYSTEM,0.4019,9000.0,METAL FITTINGS PVT LTD,Ascenso Enviro Private Limited,Environment clearance form,TOR,B2,Building / Construction,"Proposed Business Building “Metal Fittings Pvt. Ltd.” located at Plot no. 25, Block-B, Okhla Industrial Area, Phase-I, New Delhi.",DELHI,Defence Colony,SAIDABAD LBE CHIRAG,,,,Non - Linear,0.4019,0.0,0.4019,0.0,0.0,0.0,0.0,0.0,0,0,0,Not applicable as the project or activity is site specific,,NO,NO,NO,2026-05-18T12:38:00.212+00:00,,,,,,,,,,,,,South East,,https://parivesh.nic.in/dms/okm/downloadDocument?docTypemappingId=40829&refId=1227548303&refType=caf&uuid=b683861d-48ec-4335-ba94-09e5a0769079&version=1.0,64080,https://parivesh.nic.in/newupgrade/#/report/ec?proposalId=1227554944,36700.0,511050.0
1228437361,Delhi Jal Board has installed 09 nos. of tube wells after getting approval of District level advisory committee in its meeting held on 10.11.2023 & 08.12.2023. This work was executed as per approval and now DJB intends to supply part water to CAPFIMS AIIMS Hospital campus.,New,FP/DL/WATER/579632/2026,2026-05-20T11:42:02.201+00:00,,Pending at DFO due to EDS by Nodal Officer,0.2257,491.84,Delhi Jal Board,,Forest clearance form,,,,"Operationalization of 09 nos. already installed tube wells in the land owned by ""Department of Forest Wildlife South Division"" and ""DDA"" to supply water to CAPFIMS AIIMS Maidan Garhi.",DELHI,Saket,MADIAN GARHI,,,,Linear,0.1161,0.1096,0.2257,0.0,0.0,0.0,0.0,0.0,0,0,0,Not applicable as the project or activity is site specific,,NO,NO,NO,2026-06-16T18:30:00.000+00:00,,,,false,"EE Water Project-VIII
A-Building, Varunalaya Jhandewalan
New Delhi-110005",,7,State Government (Department/Autonomous body),EE (Water) Project-VIII,,7,,South,,https://parivesh.nic.in/dms/okm/downloadDocument?docTypemappingId=40829&refId=1228414610&refType=caf&uuid=cf59a556-134d-4d87-aea1-295068442536&version=1.0;https://parivesh.nic.in/dms/okm/downloadDocument?docTypemappingId=58989&refId=1228414610&refType=FC&uuid=95bccff8-3f10-4419-a389-24d7c8de4716&version=1.0,64074,https://parivesh.nic.in/newupgrade/#/report/ec?proposalId=1228437361,3650.0,3650.0
1230631729,"The project is a New Project named “Proposed New Building for Admin/ Academic Blocks 16A & 16B at Delhi School of Economics Complex, North Campus, University of Delhi”, to be developed by University of Delhi. This is an Educational Building project. Total plot area of the project is 9,395 sqm (2.3216 acre). The site is earmarked as institutional land use zone as per DU North Campus Layout Plan. The land of the project is allocated by University of Delhi, for establishment of Educational Building. The project site is located in North Delhi district in the state of Delhi. The project site is well connected to network of roads leading to various parts of NCR.

Since the built-up area (45,221.89 sqm) is more than 20,000 sqm, Environmental Clearance (EC) is required. No construction is done at the project site.

The project is planned as per the regulations and procedures laid down by the Delhi Development Authority (DDA), Govt. of Delhi. The project is planned and designed as per land use",New,SIA/DL/INFRA2/580870/2026,2026-06-02T07:08:26.010+00:00,,Under Verification,0.9395,21032.0,University of Delhi,Ind Tech House Consult,Environment clearance form,TOR,B2,Building / Construction,"Proposed New Building for Admin/ Academic Blocks 16A & 16B at Delhi School of Economics Complex, North Campus, University of Delhi",DELHI,Civil Lines,CIVIL STATION,,,,Non - Linear,0.9395,0.0,0.9395,0.0,0.0,0.0,0.0,0.0,0,0,0,Not applicable as the project or activity is site specific,,NO,NO,NO,2026-08-07T09:35:50.121+00:00,,,,,,,,,,,,,Central,,https://parivesh.nic.in/dms/okm/downloadDocument?docTypemappingId=40829&refId=1230624458&refType=caf&uuid=d55b53f3-2285-4b00-a8bc-7e6a46d98f1e&version=1.0,800441,https://parivesh.nic.in/newupgrade/#/report/ec?proposalId=1230631729,150010.0,111020.0
1230839194,"Earlier, Expansion in Environment clearance was obtained vide EC Identification No. EC23B038DL171457, File No. DPCC/SEIAA-IV/C-455/DL/2023dated 17.10.2023 for total plot area 29,700 SQM, built up area 60444.24 SQM and 541 nos. of hospital beds. Now we are going for the further expansion of the project due to revision in approved building plan for addition of a building block and MLCP after which the total built-up area will be 69917.54 sqm and total number of beds will be 791 nos.",Expansion,SIA/DL/INFRA2/581047/2026,2026-06-03T11:04:51.567+00:00,,DELISTED_BY_SYSTEM,2.97,30305.0,FORTIS HOSPOTEL LIMITED,Ind Tech House Consult,Environment clearance form,TOR,B2,Building / Construction,"Proposed Expansion of Fortis Hospital at Shalimar Bagh, Delhi",DELHI,Model Town,AZADPUR,,,,Non - Linear,2.97,0.0,2.97,0.0,0.0,0.0,16250.0,14055.0,0,0,0,Not applicable as the project or activity is site specific,,NO,NO,NO,2026-06-20T10:21:17.360+00:00,,,,,,,,,,,,,North,,https://parivesh.nic.in/dms/okm/downloadDocument?docTypemappingId=40829&refId=1230826228&refType=caf&uuid=459fe780-b931-45ac-b176-b0b9b8bde7f3&version=1.0,0,https://parivesh.nic.in/newupgrade/#/report/ec?proposalId=1230839194,15100.0,18275.0
1230848597,"The project is a New Project named “Construction of New Hostel Building for School of Engineering & Atal Bihari Vajpayee School of Management and Entrepreneurship (SOE & ABVSME) at Existing JNU Campus, New Delhi”, to be developed by Jawaharlal Nehru University. This is a Hostel Building project. Total plot area of the project is 18,729.36 sqm (4.6281 acre). The site is earmarked as residential land use zone as per the JNU Master Plan. The land for JNU is allotted by DDA & MHRD, for establishment of a University.

The project site is located in South West Delhi district in the state of Delhi. The latitude and longitude of the centre of the project site are 28°32'01.74""N and 77°09'38.65""E respectively. The project site is well connected to network of roads leading to various parts of NCR.

Since the built-up area (58,744.85 sqm) is more than 20,000 sqm, Environmental Clearance (EC) is required. No construction is done at the project site.",New,SIA/DL/INFRA2/581054/2026,2026-06-03T11:36:11.824+00:00,,Under Verification,1.8729,16900.0,Jawaharlal Nehru University,Ind Tech House Consult,Environment clearance form,TOR,B2,Building / Construction,"Construction of New Hostel Building for School of Engineering & Atal Bihari Vajpayee School of Management and Entrepreneurship (SOE & ABVSoM&E) at JNU Campus, New Delhi",DELHI,Vasant Vihar,MASOODPUR,,,,Non - Linear,1.8729,0.0,1.8729,0.0,0.0,0.0,0.0,0.0,0,0,0,Not applicable as the project or activity is site specific,,NO,NO,NO,2026-08-04T11:51:18.617+00:00,,,,,,,,,,,,,New Delhi,,https://parivesh.nic.in/dms/okm/downloadDocument?docTypemappingId=40829&refId=1230844811&refType=caf&uuid=a6a222e9-6c96-4348-ba8c-7517430b756b&version=1.0,0,https://parivesh.nic.in/newupgrade/#/report/ec?proposalId=1230848597,97260.0,36520.0
1231007085,"Application for Transfer of Environmental Clearance originally granted to M/s Green Retreat and Motels Pvt. Ltd. for the project vide Letter File No. 21-15/2019-IA-III dated 23.05.2019, in the name of M/s TARC Green Retreat Limited (hereinafter referred to as the Transferee). The aforementioned Environmental Clearance was originally granted to M/s Green Retreat and Motels Pvt. Ltd. by the competent authority vide Letter File No. 21-15/2019-IA-III dated 23.05.2019. We wish to inform you that the project is proposed to be transferred from M/s Green Retreat and Motels Pvt. Ltd. to M/s TARC Green Retreat Limited, and accordingly, approval for transfer of the Environmental Clearance in favour of the Transferee is requested.",New,SIA/DL/INFRA2/581219/2026,2026-06-04T12:42:39.557+00:00,,Referred to SEAC,2.93,24600.0,TARC GREEN RETREAT LIMITED,,Application for Transfer of EC- Form-7,OTHER,B2,,"“Motel and Commercial Complex” at Khasra No. 18/1, 18/2, 18/3, 18/2/2, 18/8, 18/9, 18/10, 18/14/1/2, Village Smalkha, Tehsil Mehrauli, Delhi by M/s Green Retreat Limited.",DELHI,Vasant Vihar,SAMALKA,,DPCC/UTLEIAA-V/P2/C-530/DL/2025,,Hybrid,2.93,0.0,2.93,0.0,0.0,0.0,0.0,0.0,0,0,0,Not applicable as the project or activity is site specific,,NO,NO,NO,2026-06-19T11:28:56.241+00:00,,,,,"E-4, Second Floor, Defence Colony, New Delhi-110024",,7,Private Limited,DGM,,7,,New Delhi,,https://parivesh.nic.in/dms/okm/downloadDocument?docTypemappingId=40829&refId=1230993851&refType=caf&uuid=ebf78611-5b57-4d68-a6f6-a204a2d2c909&version=1.0,64058,https://parivesh.nic.in/newupgrade/#/report/ec?proposalId=1231007085,18375.0,131080.0
1231448971,The project road takes off from Proposed Shivmurti Interchange (Dwarka Expressway Package-1) to Nelson Mandela Marg Near Ambience mall. The project also includes development of unidirectional flyover and elevated U Turn along the crossroad from Chhatarpur to Mahipalpur.,Expansion,IA/DL/INFRA1/581602/2026,2026-06-08T18:31:11.807+00:00,2026-09-12T09:52:07.685+00:00,ToR Granted,7.5145,10.70967,NATIONAL HIGHWAY AUTHORITY OF INDIA,Acro Design and Engineering,Environment clearance form,TOR,A,Road,Expansion of project Construction of a road tunnel for NH-148AE with its approach and connection to NH-248BB in NCT of Delhi till Ambience Mall,DELHI,Vasant Vihar,MASOODPUR,10/29/2026-IA.III,,,Linear,0.0,7.5145,7.5145,8.8,0.0,8.8,374000.0,696967.0,1,50,50,NO,The proposed expansion is the extended part of the project which had earlier received EC.,NO,NO,NO,2026-06-10T13:09:01.011+00:00,,,,,,,,,,,,,New Delhi,,https://parivesh.nic.in/dms/okm/downloadDocument?docTypemappingId=40829&refId=1231129927&refType=caf&uuid=29a38f07-7349-4773-8aaa-ca4e4cdfd1e9&version=1.0,0,https://parivesh.nic.in/newupgrade/#/report/ec?proposalId=1231448971,7000.0,0.0
1231596253,"Proposed Indian Institute of Foreign Trade Campus, Maidan Garhi, New Delhi, Delhi by Indian Institute of Foreign Trade. The total plot area of the project is 30558.59 m2 and the built-up area is 53440.83 sqm. Land has been allotted by DDA for create infrastructure for academic purpose.",New,WL/DL/SCH/581717/2026,2026-06-10T04:56:16.577+00:00,,,3.0558,28898.0,Indian institute of foreign trade,,Wildlife clearance form,,,,"Proposed Indian Institute of Foreign Trade Campus, Maidan Garhi, New Delhi, Delhi",DELHI,Saket,MADIAN GARHI,,,,Non - Linear,3.0558,0.0,3.0558,0.0,0.0,0.0,0.0,0.0,0,0,0,Not applicable as the project or activity is site specific,,NO,NO,NO,2026-06-10T12:18:31.773+00:00,,,,,,,,,,,,,South,,https://parivesh.nic.in/dms/okm/downloadDocument?docTypemappingId=40829&refId=1216581519&refType=caf&uuid=4fd56e00-0a37-4d8d-be8b-676fd476d56a&version=1.0,64074,https://parivesh.nic.in/newupgrade/#/report/ec?proposalId=1231596253,48100.0,30020.0
1231683452,"Diversion of 1.94 Ha Deemed Forest land is required for the construction of allied facilities such as  Elevated Road , MLCP, Arrival and Departure Concourse etc. for proposed Major Upgradation of  Delhi Cantonment Railway Station Project.",New,FP/DL/RAIL/581814/2026,2026-06-10T12:38:22.390+00:00,,Pending at Technical Officer - IRO,7.64,35937.804,Rail Land development authority,,Forest clearance form,,,,Diversion of 1.94 Ha Deemed Forest land for the construction of Major Upgradation of  Delhi Cantonment Railway Station Project.,DELHI,Delhi Cantonment,NANGAL RAYA,,,"455,856,297/4,2072/1816/1582,2074,2074/1570,1548,1549,1550,1551,1553,94,558/140/1,624/174/1,340,373",Linear,5.7,1.94,7.64,0.0,0.0,0.0,0.0,0.0,0,0,0,Not applicable as the project or activity is site specific,,NO,NO,NO,2026-06-30T18:30:00.000+00:00,,,Degraded Forest Land,true,"Unit No. 702-B, 7th Floor, Konnectus Tower -2, DMRC Building, Ajmeri Gate, Delhi - 110002",Delhi,7,Central Government (Department/Autonomous body),JGM/Project-4,,7,Railways,New Delhi,"455,856,297/4,2072/1816/1582,2074,2074/1570,1548,1549,1550,1551,1553,94,558/140/1,624/174/1,340,373",https://parivesh.nic.in/dms/okm/downloadDocument?docTypemappingId=40829&refId=1231680503&refType=caf&uuid=97f3667e-d10b-466a-9085-34f75647f4f9&version=1.0;https://parivesh.nic.in/dms/okm/downloadDocument?docTypemappingId=59061&refId=1231680503&refType=FC&uuid=b770d371-32b2-4c2a-8d91-c4c382a4dc62&version=1.0;https://parivesh.nic.in/dms/okm/downloadDocument?docTypemappingId=58989&refId=1231680503&refType=FC&uuid=db6e6472-2fca-4603-aa39-b4b72b81bc82&version=1.0,0,https://parivesh.nic.in/newupgrade/#/report/ec?proposalId=1231683452,643464.0,16275870.0
1231805566,IPB Construction project,New,IA/DL/DUMMY-CSM/581909/2026,2026-06-11T11:12:45.176+00:00,,Proposal Accepted and Referred to EAC,20.0,124.0,ANKUR CHAUDHARY,,Environment clearance form,TOR,A,Demo Activity,Test_Demo1,DELHI,Jarapada,DUBANALI,Test/File/No,,,Hybrid,8.0,12.0,20.0,0.0,0.0,0.0,36.0,88.0,0,0,0,Not applicable as the project or activity is site specific,,NO,NO,NO,2026-06-11T11:13:33.392+00:00,,,,,,,,,,,,,Anugul,,https://parivesh.nic.in/dms/okm/downloadDocument?docTypemappingId=40829&refId=1231004320&refType=caf&uuid=0d9a71cb-eda6-46c3-9077-a9271ee0013c&version=1.0,404292,https://parivesh.nic.in/newupgrade/#/report/ec?proposalId=1231805566,15050.0,8100.0
1232618733,"Construction of service road 
for residents of Basant Gaon who are being 
 compelled to take longer and inconvenient route to reach Basant Gaon, 
leading to significant wastage of time, compelling
vehicles to take longer detours or make unsafe
turning conditions., increased fuel consumption and
traffic congestion. This is creating frequent traffic 
conflicts, including abrupt lane changes, illegal
crossings, and wrong-side driving, which pose serious
road safety hazards for  motorists.",New,FP/DL/OTHERS/582620/2026,2026-06-18T14:55:05.456+00:00,,Pending at Technical Officer - IRO,0.045,12.0,Public Works Department GNCTD,,Forest clearance form,,,,"Construction of Service Road from Hanuman mandir, Basant Gaon to Niryat Bhawan on Outer Ring Road under Division South West Road-I/SD-I, New Delhi.",DELHI,Vasant Vihar,BASANT NAGAR,,,,Linear,0.0,0.045,0.045,0.0,0.0,0.0,0.0,0.0,0,0,0,Not applicable as the project or activity is site specific,,NO,NO,NO,2026-07-06T18:30:00.000+00:00,,,Degraded Forest Land,true,O/o Executive Engineer South West Road-1 Brar Square Delhi cantt New Delhi-110010,Brar Square,7,State Government (Department/Autonomous body),Excutive Engineer,Brar Square,7,,New Delhi,,https://parivesh.nic.in/dms/okm/downloadDocument?docTypemappingId=40829&refId=1232618277&refType=caf&uuid=4cb82c7f-0f9b-459e-af81-d8af0af3b883&version=1.0;https://parivesh.nic.in/dms/okm/downloadDocument?docTypemappingId=58989&refId=1232618277&refType=FC&uuid=6c4ae904-0b39-4284-b99e-5b5e60a4046a&version=1.0,0,https://parivesh.nic.in/newupgrade/#/report/ec?proposalId=1232618733,202.0,53.0
1232911675,"The proposed project pertains to the addition & alteration of Sansad Vihar Cooperative Group Housing Society Ltd. (CGHS) located at Plot No. 2, Sector-3, Dwarka, New Delhi. The total plot area of the project is 9,500 sq.m. (2.35 acres). The proposed addition & alteration include extension of bedrooms, balconies, kitchen & alteration in bathrooms in the existing residential flats leading to increase in BUA to 27,211.450 sq.m.",New,SIA/DL/INFRA2/582894/2026,2026-06-22T07:14:47.518+00:00,,ADS Raised,0.95,3.0,SANSAD VIHAR COOPERATIVE GROUP HOUSING SOCIETY LTD,,Environment clearance form,TOR,B2,Building / Construction,"Addition and Alteration of Sansad Vihar Cooperative Group Housing Society (CGHS) at Plot no. 2, Sector 3, Dwarka, New Delhi by Sansad Vihar CGHS Ltd.",DELHI,Patel Nagar,MATIALA,,DPCC/UTLEIAA-V/P2/C-534/DL/2026,Plot No. 2,Non - Linear,0.95,0.0,0.95,0.0,0.0,0.0,0.0,0.0,0,0,0,Not applicable as the project or activity is site specific,,NO,NO,NO,2026-08-24T17:46:47.978+00:00,,,,,,,,,,,,,West,Plot No. 2,https://parivesh.nic.in/dms/okm/downloadDocument?docTypemappingId=40829&refId=1232899122&refType=caf&uuid=62b924ff-d1d7-420a-9176-fc33882e4248&version=1.0,0,https://parivesh.nic.in/newupgrade/#/report/ec?proposalId=1232911675,3100.0,3720.0
1233060768,"The proposed project is construction of Interchange at Kalindi Kunj Junction and Okhla Barrage in South East district in the State of Delhi, is being developed to improve traffic movement and reduce congestion at the heavily trafficked Kalindi Kunj–Okhla Barrage corridor. The project will provide seamless connectivity between Delhi, Noida, and Faridabad by facilitating uninterrupted vehicular movement through a grade-separated interchange system.",Expansion,FP/DL/ROAD/583045/2026,2026-06-23T09:40:07.301+00:00,,Pending at PP due to EDS by DFO,5.6012,16319.0,"CMU, MATHURA, NHAI",,Forest clearance form,,,,"Construction of Interchange at Kalindi Kunj Junction and Okhla Barrage, in the state of Delhi",DELHI,Sarita Vihar,JASOLA,,,,Linear,4.434,1.1672,5.6012,2.2009,0.1274,2.3283,0.0,16319.0,0,0,0,Not applicable as the project or activity is site specific,,NO,NO,NO,2026-06-29T05:25:08.717+00:00,,,Degraded Forest Land,true,"Plot No. 8, Toll Plaza Building, Near Sarai  Toll Plaza Faridabad",Faridabad,6,"Central PSU (eg. NHAI, AAI, NTP, CIL, SAIL)",Project Director,Faridabad,6,,South East,,https://parivesh.nic.in/dms/okm/downloadDocument?docTypemappingId=40829&refId=1233021175&refType=caf&uuid=ae0521ad-8663-4deb-8204-1c77268b303b&version=1.0;https://parivesh.nic.in/dms/okm/downloadDocument?docTypemappingId=58989&refId=1233021175&refType=FC&uuid=31f96e31-0775-43fd-86d2-5eefd9a810d6&version=1.0,0,https://parivesh.nic.in/newupgrade/#/report/ec?proposalId=1233060768,32400.0,0.0
1233107522,Construction of new road from Sangam Vihar “T” Point near Shooting Range to Sangam Vihar “J” Block,New,FP/DL/OTHERS/583111/2026,2026-06-23T17:42:48.126+00:00,,Pending at UA due to EDS by MS after PSC-I,12.5,5000.0,Sh Anshul Bakliwal,,Forest clearance form,,,,Construction of new road from Sangam Vihar “T” Point near Shooting Range to Sangam Vihar “J” Block under Sub Division SER-2/24 during 2025-26.,DELHI,Saket,DEVLI,,,NA,Linear,0.0,12.5,12.5,0.0,0.0,0.0,0.0,0.0,0,0,0,Not applicable as the project or activity is site specific,,NO,NO,NO,2026-06-24T15:40:02.941+00:00,,,Degraded Forest Land,true,"EXECUTIVE ENGINEER, DIVISION SOUTH ROAD-2 (M-442), PWD, SUKHDEV VIHAR NEW DELHI",Sukhdev Vihar,7,State Government (Department/Autonomous body),EXECUTIVE ENGINEER,Sukhdev Vihar,7,,South,NA,https://parivesh.nic.in/dms/okm/downloadDocument?docTypemappingId=40829&refId=1233107207&refType=caf&uuid=83fc888e-43e8-4b04-8703-5c8f75506f88&version=1.0;https://parivesh.nic.in/dms/okm/downloadDocument?docTypemappingId=58989&refId=1233107207&refType=FC&uuid=694ee4f0-5f83-4644-935f-38088defe6b1&version=1.0,64076,https://parivesh.nic.in/newupgrade/#/report/ec?proposalId=1233107522,605.0,60.0
1233332771,"M/s Anant Raj Limited. was granted Environmental Clearance by the Ministry of Environment, Forest and Climate Change (MoEF&CC)-New Delhi, vide F.No. 21-30/2020-IA-III dated 14th July, 2020 and then Transfer of EC has been obtained from State Level Environment Impact Assessment Authority (SEIAA)-Delhi, Vide F. No. DPCC/SEIAA-IV/C-385/DL/2022/3937-3949 dated 08.07.2022 for the name change from M/s Anant Raj Limited to M/s Anant Raj Hotels Pvt. Limited. We wish to inform you that the project is proposed to be transferred from M/s Anant Raj Hotels Pvt. Limited has been converted into M/s Jindpur Industrial Park Private Limited., and accordingly, approval for transfer of the Environmental Clearance in favour of the Transferee is requested.",New,SIA/DL/INFRA2/583348/2026,2026-06-25T11:23:25.425+00:00,,DELISTED_BY_SYSTEM,5.7222,5000.0,JINDPUR INDUSTRIAL PARK PRIVATE LIMITED,,Application for Transfer of EC- Form-7,OTHER,B2,,‘Construction of Warehouse’ by Jindpur Industrial Park Private Limited.,DELHI,Alipur,JINDPUR,,21-30/2020-IA-III,,Hybrid,5.7222,0.0,5.7222,0.0,0.0,0.0,0.0,0.0,0,0,0,Not applicable as the project or activity is site specific,,NO,NO,NO,2026-06-30T10:48:07.307+00:00,,,,,"E-4, Defence Colony, New Delhi -110044",,7,Private Limited,Authorized Signatory,Jindpur,7,,North,,https://parivesh.nic.in/dms/okm/downloadDocument?docTypemappingId=40829&refId=1233329343&refType=caf&uuid=9f706de3-6307-4ea5-87ee-ebfd0e5e9ea3&version=1.0,63896,https://parivesh.nic.in/newupgrade/#/report/ec?proposalId=1233332771,0.0,243090.0
1233349227,"The proposed project “Redevelopment of school Campus at Delhi Public School, Mathura Road, New Delhi-110003” having Blocks in which Senior School (B+G+3), Junior School (B+G+3), MPH (Multi-Purpose Hall, G+1), Staff Accommodation (G+1) promoted by The Delhi Public School Society.",New,SIA/DL/INFRA2/583379/2026,2026-06-25T12:54:53.977+00:00,,EDS raised,5.6543,185.0,The Delhi Public School society,Enkay Enviro Services Pvt. Ltd.,Environment clearance form,TOR,B2,Building / Construction,"Redevelopment of school Campus at Delhi Public School, Mathura Road, New Delhi-110003",DELHI,Defence Colony,NA,,,,Non - Linear,5.6543,0.0,5.6543,0.0,0.0,0.0,0.0,0.0,0,0,0,Not applicable as the project or activity is site specific,,NO,NO,NO,2026-09-03T13:07:14.601+00:00,,,,,,,,,,,,,South East,,https://parivesh.nic.in/dms/okm/downloadDocument?docTypemappingId=40829&refId=1233325653&refType=caf&uuid=a1b0afcc-dba9-40f4-a22a-5ba283dfedef&version=1.0,0,https://parivesh.nic.in/newupgrade/#/report/ec?proposalId=1233349227,3710.0,150015.0
1233423061,"Diversion of forest land falling within the existing secured boundary of Radha Soami Satsang, Bhati area, for integrated environmental management, institutional protection infrastructure, fire prevention measures, regulated access pathways, water conservation works and associated eco-sensitive non-permanent support facilities",New,FP/DL/OTHERS/583465/2026,2026-06-26T11:16:31.620+00:00,,Pending at Nodal Officer for Recommendation after PSC-II,249.35,10.0,RADHA SOAMI SATSANG BEAS,,Forest clearance form,,,,"Diversion of forest land falling within the existing secured boundary of Radha Soami Satsang, Bhati area, for integrated environmental management, institutional protection infrastructure, fire prevention measures, regulated access pathways, water conservation works and associated eco-sensitive non-permanent support facilities",DELHI,Saket,BHATI,,,459,Non - Linear,240.0,9.35,249.35,0.0,0.0,0.0,0.0,0.0,0,0,0,Not applicable as the project or activity is site specific,,NO,NO,NO,2026-07-24T18:30:00.000+00:00,,,Non-forest Land,true,RADHA SOAMI SATSANG BEAS,Bhati,7,Trust/NGO/Partnership,Secretary,Bhati,7,"RSSB,RSSB,RSSB,RSSB,RSSB,RSSB,RSSB,RSSB,RSSB,RSSB,RSSB,RSSB,RSSB,RSSB,RSSB,RSSB,RSSB,RSSB,RSSB,RSSB,RSSB,RSSB,RSSB,RSSB,RSSB,RSSB,RSSB,RSSB,RSSB,RSSB,RSSB",South,459,https://parivesh.nic.in/dms/okm/downloadDocument?docTypemappingId=40829&refId=1233419166&refType=caf&uuid=bc80f214-f032-4f94-9c69-fb03ccc5b45d&version=1.0;https://parivesh.nic.in/dms/okm/downloadDocument?docTypemappingId=59061&refId=1233419166&refType=FC&uuid=eb5d660b-27ce-4073-a396-66cf1a5f98a9&version=1.0;https://parivesh.nic.in/dms/okm/downloadDocument?docTypemappingId=58989&refId=1233419166&refType=FC&uuid=d986a60d-2e0f-4cc5-8f22-a3d9374f7398&version=1.0,0,https://parivesh.nic.in/newupgrade/#/report/ec?proposalId=1233423061,3660.0,3660.0
1233801444,"Existing storm water drainage system of M.B. Road from Lado Sarai to Batra Hospital is in dilapidated condition, and it's size has become inadequate to carry the present time storm water runoff during the heavy rains in rainy season. Some drain portions are not available in the stretch, some drains have been damaged by DMRC during metro line construction on this road. Due to which waterlogging occurs during rainy season on different-different locations on MB Road and commuters have to face problems along with heavy traffic jam.  M.B. Road is a prominent road which connects Mehrauli to Badarpur and various institutional offices and there is heavy traffic movement on this road.
        To ease out the problem of drainage  on MB Road following provisions has been taken
1. Construction of Box type Precast RCC Drain of size 2.00 mtr width and 3.00 mtr depth on both side of road.",New,FP/DL/OTHERS/583827/2026,2026-06-30T15:28:07.031+00:00,,Pending at UA due to Delisting by Authority,6.42,38700.0,Public Works Department GNCTD,,Forest clearance form,,,,"Improvement of drainage system at M.B Road under Division South Road 1, PWD, New Delhi (SH:- Construction of Precast RCC drain at MB Road from Lado Sarai to Batra Hospital",DELHI,Hauz Khas,HAUZ RANI,,,NA,Linear,0.0,6.42,6.42,0.0,0.0,0.0,0.0,0.0,0,0,0,Not applicable as the project or activity is site specific,,NO,NO,NO,2026-06-30T16:10:28.900+00:00,,,Non-forest Land,true,"Office of Executive Engineer, Division South Road-1, PWD, Sukhde Vihar, New Delhi-110025",Sukhdev Vihar,7,State Government (Department/Autonomous body),Executive Engineer,Sukhdev Vihar,7,,South,NA,https://parivesh.nic.in/dms/okm/downloadDocument?docTypemappingId=40829&refId=1233800707&refType=caf&uuid=0c315a9d-1ee7-4890-b01c-07569528d426&version=1.0;https://parivesh.nic.in/dms/okm/downloadDocument?docTypemappingId=58989&refId=1233800707&refType=FC&uuid=c03bd54b-aa14-4be7-978b-6b2d8ac90ab1&version=1.0,0,https://parivesh.nic.in/newupgrade/#/report/ec?proposalId=1233801444,1684.0,579.0
1236268939,"The proposal is for Amendment to EC for “Development of Vasant Vihar Bus Depot at Vasant Vihar, New Delhi”, to be developed by DTC, Govt. of Delhi. This is redevelopment of Bus Depot. Total plot area of the project is 20,234.30 sqm. Total builtup area is 74,642.63 sqm. Previous EC for the project was obtained from MOEFCC on 20/01/2025. Though revised builtup area (74,642.63 sqm) is less than earlier builtup area (80,907.39 sqm), amendment to EC is required for revision in Building Plan because of partial change in usage of the building. In earlier proposal, it was entirely Bus Depot. In revised proposal some commercial usage (shops and commercial office) has been added. In revised proposal, there are increase in FAR, no. of floors, building height, project cost, no. of car parking, power requirement, capacity of GG sets, population, water requirement, waste water, STP capacity and solid waste generation. There are decrease in builtup area and no. of bus parking.",Amendment,SIA/DL/INFRA2/586545/2026,2026-07-24T08:35:54.126+00:00,,DELISTED_BY_SYSTEM,2.0234,40994.0,"Delhi Transport Corporation, Delhi (DTC), Govt. of Delhi",Ind Tech House Consult,Application for amendment in ToR (for categories A & B1)/Amendment in EC (for category B2)- Form-3,OTHER,B2,Building / Construction,"Amendment to Environmental Clearance for Development of Vasant Vihar Bus Depot at Vasant Vihar, New Delhi",DELHI,Vasant Vihar,MOHD. PUR MUNIRKA,,,DTC Depot,Non - Linear,2.0234,0.0,2.0234,0.0,0.0,0.0,0.0,0.0,0,0,0,NO,Not applicable as the project or activity is site specific.,NO,NO,NO,2026-08-03T10:00:04.159+00:00,,,,,,,,,,,,,New Delhi,DTC Depot,https://parivesh.nic.in/dms/okm/downloadDocument?docTypemappingId=40829&refId=1236250082&refType=caf&uuid=dd5e5963-adf5-4d87-a955-f4780503e9a1&version=1.0,0,https://parivesh.nic.in/newupgrade/#/report/ec?proposalId=1236268939,229875.0,327405.0
1236281697,"Earlier EC for Redevelopment of All India Institute of Medical Sciences (AIIMS), New Delhi was obtained vide EC Identification No. - EC22B039DL162848 dated 01/09/2022. In Redevelopment proposal we are proposing one critical care unit block having built-up area 28377.3 sqm Due to proposed critical care unit block overall built-up area will be 19,03,858.99 sqm.",Expansion,SIA/DL/INFRA2/586561/2026,2026-07-24T09:59:32.330+00:00,,ADS Raised,61.7347,15.68092,ALL INDIA INSTITUTE OF MEDICAL SCIENCE,,Environment clearance form,EC,B1,,"Proposed Expansion of Redevelopment of All India Institute of Medical Sciences (AIIMS), New Delhi by All India Institute of Medical Sciences, New Delhi",DELHI,Defence Colony,KOTLA MUBARAKPUR,,DPCC/UTLEIAA-V/P2/C-535/DL/2026,,Non - Linear,61.7347,0.0,61.7347,0.0,0.0,0.0,1550000.0,18092.0,0,0,0,Not applicable as the project or activity is site specific,,NO,NO,NO,2026-08-25T09:14:59.365+00:00,Building or Construction projects or Area Development projects or Townships,,,,,,,,,,,,South East,,https://parivesh.nic.in/dms/okm/downloadDocument?docTypemappingId=40829&refId=131734345&refType=caf&uuid=5f7a873e-b485-4bde-aca0-8c28fa6a6a54&version=1.0,0,https://parivesh.nic.in/newupgrade/#/report/ec?proposalId=1236281697,15200.0,36700.0
1238103776,"The instant proposal is to install Sub-stations including underground electrification for tube wells around water body situated at Sanjay Lake area (where water table is high due to continuous ground water recharge from lake), and interlink them through water pipeline to extract ground water for augmenting supply of potable water in nearby water deficit areas.",New,FP/DL/WATER/588664/2026,2026-08-11T09:12:49.711+00:00,,Pending at UA for DFO EDS Reply,0.012,354.0,delhi jal board,,Forest clearance form,,,,Installation of Electric Sub Station (ESS) and allied accessories in the forest land of Sanjay Lake,DELHI,Mayur Vihar,GHRONDA NEEM KA BANGAR,,,"0/146,0/153,0/154,0/155,0/156,0/157,0/224,0/10,0/143/2,0/16,0/0,0/13/5,0/142/2,0/199,0/197,0/192,0/193",Hybrid,0.0,0.012,0.012,0.0,0.0,0.0,0.0,0.0,0,0,0,Not applicable as the project or activity is site specific,,NO,NO,NO,2026-09-10T06:28:11.567+00:00,,,,false,"140 MGD WTP, Sonia Vihar",Delhi,7,State Government (Department/Autonomous body),Executive Engineer (E&M),Delhi,7,,East,"0/146,0/153,0/154,0/155,0/156,0/157,0/224,0/10,0/143/2,0/16,0/0,0/13/5,0/142/2,0/199,0/197,0/192,0/193",https://parivesh.nic.in/dms/okm/downloadDocument?docTypemappingId=40829&refId=1238093182&refType=caf&uuid=6341cc7b-7de1-4d57-a79f-a4df3e0910ba&version=1.0;https://parivesh.nic.in/dms/okm/downloadDocument?docTypemappingId=58989&refId=1238093182&refType=FC&uuid=e8d8c660-d1f4-4dea-85ea-6a10dd5a7c6d&version=1.0,63985,https://parivesh.nic.in/newupgrade/#/report/ec?proposalId=1238103776,183.0,7301.0
1238478507,"Wild Sense Works-Wild Sense emits a directional ultrasonic burst at 25,000 Hz — above the hearing range of most adults, but disruptive to many animals. Aim, press, and release. A built-in LED flashlight doubles the device as a night-patrol torch. No traps, no chemicals, no physical contact.
How to Use: 1 Push the red switch to the first position, 2 Aim directly at the approaching animal,3 Indicator flashes red while transmitting,4 Release within 6 seconds — repeat only if needed,5 Return switch to middle position to turn OFF",New,WL/DL/Others/589147/2026,2026-08-15T09:25:34.304+00:00,,,0.008,10.0,HARISH KUMAR,,Wildlife clearance form,,,,Tapasya International,DELHI,Saraswati Vihar,MANHOLPUR KALAN,,,89,Hybrid,0.008,0.0,0.008,0.0,0.0,0.0,0.0,0.0,0,0,0,Not applicable as the project or activity is site specific,,NO,NO,NO,2026-08-17T07:39:18.714+00:00,,,,,,,,,,,,,North West,89,https://parivesh.nic.in/dms/okm/downloadDocument?docTypemappingId=40829&refId=1238388509&refType=caf&uuid=614b6df2-75d5-4ac5-a707-be7065da067d&version=1.0,0,https://parivesh.nic.in/newupgrade/#/report/ec?proposalId=1238478507,25.0,25.0
1238759534,"The details regarding expenditure sanction- Existing storm water drainage system of M.B. Road from Batra Hospital to RUB Pul Pr is in dilapidated condition, and its size has become inadequate to carry the present time storm water runoff during the heavy rains in rainy season. Some drain portions are not available in the stretch, some drains have been damaged by DMRC during metro line construction on this road. Due to which waterlogging occurs during rainy season on different-different locations on MB Road and commuters have to face problems along with heavy traffic jam MB Road is a prominent road which connects Mehrauli to Badarpur and various institutional offices and there is heavy traffic movement on this road. To ease out the problem of drainage on MB Road following provisions has been taken 1. Constructions of Box type Precast RCC Drain of size 2.00 mtr width and 3.00 mtr depth on both side of road. The A/A & E/S amounting Rs. 387.84 Cr. issued by the Competent Authority Vide No.",New,FP/DL/OTHERS/589450/2026,2026-08-19T06:09:59.467+00:00,,Pending at UA for DFO EDS Reply,0.8859,15000.0,Sh Anshul Bakliwal,,Forest clearance form,,,,"Improvement of drainage system at MB Road under Sub Division-24 of Division South East Road-2 PWD, New Delhi. (SH: Construction of Precast RCC Box drain at MB Road from Batra Hospital to RUB Pul Prahladpur).",DELHI,Kalkaji,TUGLAKABAD,,,NA,Linear,0.0,0.8859,0.8859,0.0,0.0,0.0,0.0,0.0,0,0,0,Not applicable as the project or activity is site specific,,NO,NO,NO,2026-09-18T12:55:25.709+00:00,,,Degraded Forest Land,true,"EXECUTIVE ENGINEER, DIVISION SOUTH ROAD-2 (M-442), PWD, SUKHDEV VIHAR NEW DELHI",Sukhdev Vihar,7,State Government (Department/Autonomous body),EXECUTIVE ENGINEER,Sukhdev Vihar,7,,South East,NA,https://parivesh.nic.in/dms/okm/downloadDocument?docTypemappingId=40829&refId=1238523277&refType=caf&uuid=9b71bff6-bb2d-4c5f-8b8c-d3637764bf7a&version=1.0;https://parivesh.nic.in/dms/okm/downloadDocument?docTypemappingId=58989&refId=1238523277&refType=FC&uuid=2fd90a08-fb62-4370-8b2b-9ebe0e0931f2&version=1.0,0,https://parivesh.nic.in/newupgrade/#/report/ec?proposalId=1238759534,1684.0,579.0
1238915087,"Kailash Deepak Hospital (run by Deepak Gupta Memorial Foundation) proposes expansion of Hospital project. The project site is located at Plot no. 5 & 6 Karkardooma Institutional Area Vikas Marg Delhi. The project was earlier granted Environment Clearance (EC) by SEIAA, Delhi on 29.04.2016. Due to change in project name  PP obtained the EC transfer Delhi on 20.07.2026. Under proposed expansion following new buildings will be added due to which  BUA will increase from 32,425 sqm to 48,284.78 sqm, whereas, Plot area will remain same -OPD, Patient rooms, multi Level Car parking, Day Care & Health Check up ward & offices. Certain existing structures as listed below with cumulative Built-up area = 481.31 sqm are proposed to be dismantled as part of expansion:
•	The staircases of Blocks A, B & C  
•	The machine rooms of Blocks A and B
The dismantling work shall be undertaken in accordance C&D waste rules2025 & disposed through vendors. Post expansion no. of beds will increase from 200 to 250",Expansion,SIA/DL/INFRA2/589696/2026,2026-08-20T11:12:28.024+00:00,,EDS raised,3083.454,67.005,DEEPAK GUPTA MEMORIAL FOUNDATION,Grass Roots Research and Creation India (P) Ltd.,Environment clearance form,TOR,B2,Building / Construction,Expansion of Hospital project at Plot no. 5 & 6 Karkardooma Institutional Area Vikas Marg Delhi by  Kailash Deepak Hospital (run by Deepak Gupta Memorial Foundation),DELHI,Vivek Vihar,KARKAR DUMAN,,,,Non - Linear,3083.454,0.0,3083.454,0.0,0.0,0.0,32.03,34.975,0,0,0,Not applicable as the project or activity is site specific,,NO,NO,NO,2026-08-20T19:37:18.961+00:00,,,,,,,,,,,,,Shahdara,,https://parivesh.nic.in/dms/okm/downloadDocument?docTypemappingId=40829&refId=1238894874&refType=caf&uuid=36de6272-5b7f-4117-8e84-3b3cb49843d0&version=1.0,0,https://parivesh.nic.in/newupgrade/#/report/ec?proposalId=1238915087,18615.0,0.0
1239392946,"The proposal is for Proposed Addition/ Alteration at Rafi Ahmed Kidwai CGHS Ltd. (Happy Home Apartment) at Plot No. 12A, Sector-7, Dwarka, New Delhi, developed by The Rafi Ahmed Kidwai Co-op Group Housing Society Ltd. This is a existing Group Housing project. Total plot area of the project is 13,499.53 sqm (3.3358 acre). Total builtup area of the project is 35,262.51 sqm. The plot of the project is allotted by Delhi Development Authority (DDA) for establishment of Group Housing. The location of the project site falls under Dwarka tehsil of South West Delhi district in the state of Delhi. Since the revised builtup area (35,262.51 sqm) is more than 20,000 sqm, Environmental Clearance (EC) is required. No construction is done at the project site for the proposed addition/ alteration.",New,SIA/DL/INFRA2/590246/2026,2026-08-26T05:01:51.238+00:00,,EDS raised,1.35,2095.0,the rafi ahmed kidwai coop group housing society limited,Ind Tech House Consult,Environment clearance form,TOR,B2,Building / Construction,"Proposed Addition/ Alteration at Rafi Ahmed Kidwai CGHS Ltd. (Happy Home Apartment) at Plot No. 12A, Sector-7, Dwarka, New Delhi",DELHI,Dwarka,PALAM,,,"Plot No.12A, Sector-7, Dwarka",Non - Linear,1.35,0.0,1.35,0.0,0.0,0.0,0.0,0.0,0,0,0,Not applicable as the project or activity is site specific,,NO,NO,NO,2026-08-26T16:06:32.666+00:00,,,,,,,,,,,,,South West,"Plot No.12A, Sector-7, Dwarka",https://parivesh.nic.in/dms/okm/downloadDocument?docTypemappingId=40829&refId=1239389498&refType=caf&uuid=130e8978-6b06-469a-aadd-43019434f4dd&version=1.0,0,https://parivesh.nic.in/newupgrade/#/report/ec?proposalId=1239392946,24520.0,3650.0
1240090669,"The project involves Redevelopment of DTC Headquarter Office at I.P. Bus Depot, I.P. Estate, New Delhi. The existing facilities at the depot comprise bus parking bays, bus maintenance bays, guard block, workshop shed, CNG station & store, ESS building, administrative block, and an office building having G+2 floors. DTC is proposing the redevelopment of its Headquarters Office by demolishing the existing office building and constructing a new building with 2 Basements + Ground + 11 Floors (2B+G+11). The proposed building will have mixed occupancy comprising mercantile and business uses, including office spaces and commercial areas. The total plot area of the project site is 26,015.78 sq. m. with built-up area of 22,360.976 m2",New,SIA/DL/INFRA2/591114/2026,2026-09-03T09:40:52.631+00:00,,EDS raised,2.6016,203.96,"Delhi Transport Corporation, Delhi (DTC), Govt. of Delhi",,Environment clearance form,TOR,B2,Building / Construction,"Proposed Redevelopment of DTC Headquarter Office at I.P. Bus Depot, I.P. Estate, New Delhi by Delhi Transport Corporation (DTC)",DELHI,Chanakya Puri,NA,,,,Non - Linear,2.6016,0.0,2.6016,0.0,0.0,0.0,0.0,0.0,0,0,0,Not applicable as the project or activity is site specific,,NO,NO,NO,2026-09-03T13:00:39.307+00:00,,,,,,,,,,,,,New Delhi,,https://parivesh.nic.in/dms/okm/downloadDocument?docTypemappingId=40829&refId=1240056928&refType=caf&uuid=79cb788c-71c4-4d5d-8835-f942c71f8193&version=1.0,0,https://parivesh.nic.in/newupgrade/#/report/ec?proposalId=1240090669,15200.0,18370.0
1240952115,The project aims to protect government land from the encroachment and beautification by replacement of exotic tree species with native species to restore ecology and enhance biodiversity.,New,FP/DL/Canal/592137/2026,2026-09-15T03:56:56.716+00:00,,Pending at UA for DFO EDS Reply,1.4065,4668.6487,IRRIGATION AND FLOOD CONTROL DEPARTMENT GNCTD,,Forest clearance form,,,,Construction of Boundary wall and beautification of dry Munak Canal from down-stream of outer ring road to Inderlok metro station for the year 2025-26.,DELHI,Saraswati Vihar,HAIDER PUR,,,"0/139,0/318,0/317,0/315,0/313,0/312,0/310,0/311,0/244,0/239,0/238,0/241,0/237,0/236,0/234,0/235,0/0161,0/162,0/163/0/164,0/165,0/168,0/172,0/217,0/232,0/231,0/227,0",Linear,0.0,1.4065,1.4065,0.0,0.0,0.0,0.0,0.0,0,0,0,Not applicable as the project or activity is site specific,,NO,NO,NO,2026-09-15T04:37:44.143+00:00,,,Non-forest Land,true,OFFICE OF THE EXECUTIVE ENGINEER CIVIL DIVISION VI IRRIGATION AND FLOOD CONTROL DEPARTMENT BHARAT NAGAR ASHOK VIHAR,,7,State Government (Department/Autonomous body),Executive Engineer,,7,I&FC Department,North West,"0/139,0/318,0/317,0/315,0/313,0/312,0/310,0/311,0/244,0/239,0/238,0/241,0/237,0/236,0/234,0/235,0/0161,0/162,0/163/0/164,0/165,0/168,0/172,0/217,0/232,0/231,0/227,0",https://parivesh.nic.in/dms/okm/downloadDocument?docTypemappingId=40829&refId=1240949771&refType=caf&uuid=8aa4a9df-7549-49bc-8dc7-00a7c63a4190&version=1.0;https://parivesh.nic.in/dms/okm/downloadDocument?docTypemappingId=59061&refId=1240949771&refType=FC&uuid=ec186a64-0731-4ec5-821c-38499ebad524&version=1.0;https://parivesh.nic.in/dms/okm/downloadDocument?docTypemappingId=58989&refId=1240949771&refType=FC&uuid=11c6d8b8-2d96-4fbd-b8d3-a3dcc38a9392&version=1.0,0,https://parivesh.nic.in/newupgrade/#/report/ec?proposalId=1240952115,2600.0,2600.0
1241190969,"Proposed Professional College at Plot No-153, Sector-12, Dwarka, Delhi by M/s Jagan Nath Gupta Memorial Educational Society",New,SIA/DL/INFRA2/592470/2026,2026-09-17T11:13:50.528+00:00,,Under Verification,1.2,90.0,JAGAN NATH GUPTA MEMORIAL EDUCATIONAL SOCIETY,Acro Design and Engineering,Environment clearance form,TOR,B2,Building / Construction,"Proposed Professional College at Plot No-153, Sector-12, Dwarka, Delhi by M/s Jagan Nath Gupta Memorial Educational Society",DELHI,Dwarka,LAHHAR HERI,,,,Non - Linear,1.2,0.0,1.2,0.0,0.0,0.0,0.0,0.0,0,0,0,Not applicable as the project or activity is site specific,,NO,NO,NO,2026-09-29T07:42:58.972+00:00,,,,,,,,,,,,,South West,,https://parivesh.nic.in/dms/okm/downloadDocument?docTypemappingId=40829&refId=1241187218&refType=caf&uuid=2d7cd407-2f0b-4391-b1b1-2c675f63d8b3&version=1.0,0,https://parivesh.nic.in/newupgrade/#/report/ec?proposalId=1241190969,15010.0,12005.0
1244572862,"To facilitate smooth traffic movement between pitampura and shalimar bagh, a six-lane bridge has been proposed as per Master plan 2021.",New,FP/DL/ROAD/594709/2026,2026-10-07T11:43:53.608+00:00,,Pending at DFO for Scrutiny and Recommendation,0.3189,1602.21,IRRIGATION AND FLOOD CONTROL DEPARTMENT GNCTD,,Forest clearance form,,,,"Construction of a Six-Lane Bridge over the Dry Munak Canal, connecting Shalimar Bagh and Pitampura near Singalpur Village, in Shalimar Bagh Assembly Constituency-14 for the year 2026-27.",DELHI,Saraswati Vihar,SAHI PUR,,,149,Linear,0.0,0.3189,0.3189,0.0,0.0,0.0,0.0,0.0,0,0,0,Not applicable as the project or activity is site specific,,NO,NO,NO,2026-10-07T12:21:05.778+00:00,,,Non-forest Land,true,OFFICE OF THE EXECUTIVE ENGINEER CIVIL DIVISION VI IRRIGATION AND FLOOD CONTROL DEPARTMENT BHARAT NAGAR ASHOK VIHAR,,7,State Government (Department/Autonomous body),Executive Engineer,,7,I&FC department,North West,149,https://parivesh.nic.in/dms/okm/downloadDocument?docTypemappingId=40829&refId=1244424588&refType=caf&uuid=a2aa3256-51a6-478e-a680-5bfbe87778a0&version=1.3;https://parivesh.nic.in/dms/okm/downloadDocument?docTypemappingId=59061&refId=1244424588&refType=FC&uuid=6d4e46a3-1fe5-4bb2-abe4-c17698a55fa5&version=1.0;https://parivesh.nic.in/dms/okm/downloadDocument?docTypemappingId=58989&refId=1244424588&refType=FC&uuid=d27288d9-d861-4610-a1c7-0fed208e3b0c&version=1.3,0,https://parivesh.nic.in/newupgrade/#/report/ec?proposalId=1244572862,1250.0,610.0
