ID,Project Description,Proposal Type,Proposal Number,Application Date,Grant Date,Last Visible Status,Project Land Requirement (Hectares),Total Cost (Lakhs),Organization Name,EC Consultant,Description,Category,Project Category (Code),Project Category,Project Name,State,Sub District,Village,MoEFCC File,State File,Plot Nos,Shape of Project,Existing Non-Forest Land,Existing Forest Land,Existing Total Land,Additional Non-Forest Land,Additional Forest Land,Additional Total Land,Existing Cost,Expansion Cost,Villages Affected,Project Displaced Families,Project Affected Families,Alternative Site Examined,Alternative Site Description,Government Restriction,Litigation Pending,Violation Involved,Last Submission Date,Project Exemption Reason,Cost Benefit Report PDF,Compensatory Afforestation Type,Is Applicable Compensatory Afforestation,Mining Date of Issue,Mining Date of Validity,Mining Lease Period,Mining Date of Expiry,Mining Lease Area,Mining Production Capacity,Mining Other Info,Mining Status of Approval,Mining Estimated Reserve Names,Mining Estimated Reserve FL,Mining Estimated Reserve NFL,Mining Proved Reserves,Mining Indicated Reserves,Mining Inferred Reserves,Mining Mineable Reserves,Mining Approved Life of Mine,Mining Approving Authority Name,Mining Life of Mine Other Info,Mining Type of Mining,Mining Method of Mining,Mining Type of Mining Other Info,Mining Blasting Other Info,Mining External Dumping Remarks,Mining Internal Dumping Remarks,Mining Topsoil Dumping Remarks,Mining Total Quarry Area,Mining Quarry Other Info,Mining Transportation Mode From Pithead,Mining Transportation Mode From Loading,Mining Transportation Mode Other Info,Mining Plantation Area,Mining Water Body,Mining Public Use,Mining Other Use,Organization Street,Organization City,Organization State,Organization Legal Status,Applicant Designation,Applicant City,Applicant State,Forest Clearance Present Owners,District,Plot Number,KML URLs,Village Code,proposal_url,Employment (Construction),Employment (Operational)
727511,This is run-of-river small hydro project and proposed installed capacity is 7.5 MW.,New,FP/AR/HYD/IRRIG/400256/2022,2022-09-09T10:06:25.117+00:00,,Pending at DFO for Scrutiny and Recommendation,1.5665,8199.53,KANGTENG HYDRO POWER PRIVATE LIMITED,,Forest clearance form,,,,Khangtang SHP,ARUNACHAL PRADESH,Mukto Circle,Bragyap,,,,Non - Linear,0.0,1.5665,1.5665,0.0,0.0,0.0,0.0,0.0,0,0,0,Not applicable as the project or activity is site specific,,NO,NO,NO,2022-10-01T18:30:00.000+00:00,,,Degraded Forest Land,true,,,,,,,,,,,,,,,,,,,,,,,,,,,,,,,,,,,"Plot No : 304-L-III, Third Floor, Road No 78, 
Jubilee Hills, Hyderabad",,36,Private Limited,Director,,36,,Tawang,,https://parivesh.nic.in/dms/okm/downloadDocument?docTypemappingId=58989&refId=723641&refType=caf&uuid=a0ee436a-5dd7-4d09-988d-2e63f0ffeabd&version=1.16,,https://parivesh.nic.in/newupgrade/#/report/ec?proposalId=727511,6600.0,346755.0
950078,Proposal for establishment of Patrol Pump at Banderdewa. Bharat Petroleum Corporation Limited will develop the retail outlet at the above location within 3 KMs of Banderdewa Check Gate towards Naharlagun on RHS on NH415.,New,FP/AR/OTHERS/401633/2022,2022-09-28T08:18:20.099+00:00,,DELISTED_BY_SYSTEM,0.09,80.0,TAME NAYA,,Forest clearance form,,,,Establishment of Patrol Pump at Banderdewa,ARUNACHAL PRADESH,Banderdawa,Banderdewa Dapo,,,,Non - Linear,0.0,0.09,0.09,0.0,0.0,0.0,0.0,0.0,0,0,0,Not applicable as the project or activity is site specific,,NO,NO,NO,2022-09-28T08:33:07.983+00:00,,,Degraded Forest Land,true,,,,,,,,,,,,,,,,,,,,,,,,,,,,,,,,,,,"Tame Naya, Sinki View, Engineer Colony, Itanagar",Itanagar,12,Individual,Supervisor,,12,,Papum Pare,,https://parivesh.nic.in/dms/okm/downloadDocument?docTypemappingId=58989&refId=949629&refType=caf&uuid=0728c57c-0ce7-4a1b-8a63-b832c0e42ed3&version=1.0,,https://parivesh.nic.in/newupgrade/#/report/ec?proposalId=950078,55.0,55.0
1023179,Greenfield Project of Grain Based Distillery Plant of 100 KLD along with Co-Generation Power Plant of 3 MW having CO2 and DDGS as by-products.,New,WL/AR/IND/402221/2022,2022-10-04T08:53:13.401+00:00,,,8.0,13250.0,NORTH EAST ETHANOL ENERGY PRIVATE LIMITED,,Wildlife clearance form,,,,"Greenfield Project of Grain Based Distillery Plant of 100 KLD along with Co-Generation Power Plant of 3 MW at Plot No.: 234, Village- Ezengo, Town- Roing, District- Lower Dibang Valley, State- Arunachal Pradesh by M/s North East Ethanol Energy Private Limited.",ARUNACHAL PRADESH,Roing HQ,Ali Ledo,,,"Plot no. 234, Village- Ezengo, District- Lower Dibang Valley",Linear,8.0,0.0,8.0,0.0,0.0,0.0,0.0,0.0,0,0,0,NO,Land has been taken on lease basis.,YES,NO,NO,2022-10-17T07:42:42.151+00:00,,,,,,,,,,,,,,,,,,,,,,,,,,,,,,,,,,,,,,,,,,,,,,,Lower Dibang Valley,"Plot no. 234, Village- Ezengo, District- Lower Dibang Valley",https://parivesh.nic.in/dms/okm/downloadDocument?docTypemappingId=59109&refId=1023178&refType=caf&uuid=ca9f1f31-5729-476e-a8dc-381312d84087&version=1.12,,https://parivesh.nic.in/newupgrade/#/report/ec?proposalId=1023179,10100.0,82500.0
1046809,2 lane approach with paved shoulder alongwith major 386m long Extra-Dosed bridge over river Siang at design 2+908 and 63.5m long major bridge atdesign km 2+590 in between km 118.8 of AY junction with,New,FP/AR/ROAD/402424/2022,2022-10-07T07:19:57.896+00:00,,REMOVED,10.9801,21600.0,"BRO,1448 RCC (GREF),PROJECT BRAHMANK",,Forest clearance form,,,,2 lane approach with paved shoulder along with major 386m long Extra-Dosed bridge over river Siang at design 2+908 and 63.5m long major bridge at design km 2+590 in between km 118.8 of AY junction wit,ARUNACHAL PRADESH,Jengging Circle,Moying,,,,Linear,10.98,0.0001,10.9801,0.0,0.0,0.0,0.0,0.0,0,0,0,Not applicable as the project or activity is site specific,,NO,NO,NO,2022-12-01T07:23:17.496+00:00,,,,false,,,,,,,,,,,,,,,,,,,,,,,,,,,,,,,,,,,1448 RCC (GREF) PIN 931448 C/O 99 APO,Upper Siang,12,Central Government (Department/Autonomous body),Sr Manager,DELHI,7,,Upper Siang,,https://parivesh.nic.in/dms/okm/downloadDocument?docTypemappingId=40829&refId=1044129&refType=caf&uuid=4b1d717b-378a-47eb-9c0a-1b5c81243174&version=1.1;https://parivesh.nic.in/dms/okm/downloadDocument?docTypemappingId=58989&refId=1044129&refType=caf&uuid=cce56ea8-0a8c-4228-a4a5-23b94f96bdf9&version=1.2,266176,https://parivesh.nic.in/newupgrade/#/report/ec?proposalId=1046809,146050.0,76655.0
1351285,Construction of Petrol pump at Banderdew,New,FP/AR/PetrolPump/404956/2022,2022-11-01T10:33:07.617+00:00,,DELISTED_BY_SYSTEM,0.09,15.0,TAI YAGAK,,Forest clearance form,,,,Establishment Of Patrol Pump At Banderdewa,ARUNACHAL PRADESH,01593,Banderdewa,,,,Non - Linear,0.0,0.09,0.09,0.0,0.0,0.0,0.0,0.0,0,0,0,Not applicable as the project or activity is site specific,,NO,NO,NO,2025-05-13T18:30:00.000+00:00,,,Degraded Forest Land,true,,,,,,,,,,,,,,,,,,,,,,,,,,,,,,,,,,,"DO: Tai Tara, Sangram, Peel, Kurung Kumey,791118",,12,Individual,Proprietor,,12,,248,,https://parivesh.nic.in/dms/okm/downloadDocument?docTypemappingId=40829&refId=1349889&refType=caf&uuid=da593df6-9ab1-440e-b75c-f1f69bb93f64&version=1.0;https://parivesh.nic.in/dms/okm/downloadDocument?docTypemappingId=58989&refId=1349889&refType=caf&uuid=30f8d358-4667-42c0-a479-2d00e5c0684f&version=1.0,,https://parivesh.nic.in/newupgrade/#/report/ec?proposalId=1351285,2195.0,733.0
1389393,"Bile-Migging road alignment will connect the Shiyom valley to Siang valley. The road Bile Migging length is approximately of 31 Kms under Siang district. There is no connectivity at present between Bile to Migging, which makes the proposal alignment from Bile to Migging to be an important connectivity covering settlements: Dupu, Bile, Yio, Payum HQ, Gasheng & Migging. The Right of Way (RoW) has been kept to two lanning depending on the present requirement of connecting the above settlements and also for smooth and fast movement of Defence vehicle as Arunachal Pradesh shares its state boundary with international boundary of Bhutan to the west (160 km), China to the north and north-east (1,080 km) and Myanmar to the east (440 km).",New,FP/AR/ROAD/405246/2022,2022-11-03T12:33:42.851+00:00,,DELISTED_BY_SYSTEM,112.862,57533.0,Ministry of Road Transport & Highways,,Forest clearance form,,,,CONSTRUCTION OF ROAD TO NHDL SPECIFICATION WITH PAVED SHOULDER FROM BILE OF DESIGN KM 0+000 TO MIGGING OF DESIGN KM 30+850 ON EPC MODE IN THE STATE OF ARUNACHAL PRADESH BY BRO,ARUNACHAL PRADESH,Payum Circle,Bogu,,,,Linear,0.0,112.862,112.862,0.0,0.0,0.0,0.0,0.0,0,0,0,Not applicable as the project or activity is site specific,,NO,NO,NO,2022-11-07T05:43:59.241+00:00,,https://parivesh.nic.in/dms/okm/downloadDocument?docTypemappingId=59020&refId=1389392&refType=fc&uuid=46136eef-ff7e-422b-b534-6cbdac48f17f&version=1.0,,false,,,,,,,,,,,,,,,,,,,,,,,,,,,,,,,,,,,"92RCC, C/O 99APO","",12,Central Government (Department/Autonomous body),Officer Commanding,,12,,Siang,,https://parivesh.nic.in/dms/okm/downloadDocument?docTypemappingId=40829&refId=1388295&refType=caf&uuid=1a20d40b-f9da-4322-a8d5-e4529147e14d&version=1.0;https://parivesh.nic.in/dms/okm/downloadDocument?docTypemappingId=58989&refId=1388295&refType=caf&uuid=8deb4fe6-ed95-4627-b938-bffa8841c966&version=1.1,,https://parivesh.nic.in/newupgrade/#/report/ec?proposalId=1389393,62587.0,38000.0
1495161,"Bile-Migging road alignment will connect the Shiyom valley to Siang valley. The road Bile Migging length is approximately of 31 Kms under Siang district. There is no connectivity at present between Bile to Migging, which makes the proposal alignment from Bile to Migging to be an important connectivity covering settlements: Dupu, Bile, Yio, Payum HQ, Gasheng & Migging. The Right of Way (RoW) has been kept to two lanning depending on the present requirement of connecting the above settlements and also for smooth and fast movement of Defence vehicle as Arunachal Pradesh shares its state boundary with international boundary of Bhutan to the west (160 km), China to the north and north-east (1,080 km) and Myanmar to the east (440 km).",New,FP/AR/ROAD/406147/2022,2022-11-11T11:24:31.331+00:00,,DELISTED_BY_SYSTEM,112.862,57533.0,Ministry of Road Transport & Highways,,Forest clearance form,,,,CONSTRUCTION OF ROAD TO NHDL SPECIFICATION WITH PAVED SHOULDER ON BILE-MIGGING FROM KM 15.00 TO KM 51.56 (BILE END) (DESIGN LENGTH 30.850 KM) ON EPC MODE IN THE STATE OF ARUNACHAL PRADESH BY BRO,ARUNACHAL PRADESH,0,Bogu,,,,Linear,0.0,112.862,112.862,0.0,0.0,0.0,0.0,0.0,0,0,0,Not applicable as the project or activity is site specific,,NO,NO,NO,2022-11-11T12:11:54.381+00:00,,https://parivesh.nic.in/dms/okm/downloadDocument?docTypemappingId=59020&refId=1495158&refType=fc&uuid=e10a1b77-5964-48cd-bf8e-8b1ab1ae8aeb&version=1.0,Degraded Forest Land,true,,,,,,,,,,,,,,,,,,,,,,,,,,,,,,,,,,,"92RCC, C/O 99APO",,12,Central Government (Department/Autonomous body),Officer Commanding,,12,,Siang,,https://parivesh.nic.in/dms/okm/downloadDocument?docTypemappingId=40829&refId=1493529&refType=caf&uuid=43a85591-350d-4168-8022-5af85ab4df24&version=1.1;https://parivesh.nic.in/dms/okm/downloadDocument?docTypemappingId=58989&refId=1493529&refType=caf&uuid=5eb93def-c728-47c0-8a6d-eea4d1c64eb4&version=1.0,263423,https://parivesh.nic.in/newupgrade/#/report/ec?proposalId=1495161,62587.0,38000.0
1520721,"The proposed 33kV line is a sub-project which is conceived under Government of India project namely ""Comprehensive scheme of Transmission and Distribution in Arunachal Pradesh"" (A Central Sector Project funded by GoI)",New,FP/AR/TRANS/406350/2022,2022-11-14T04:23:35.979+00:00,,Final Diversion Order Issued,59.595,1424.442,DEPARTMENT OF POWER GOVT OF ARUNACHAL PRADESH,,Forest clearance form,,,,Construction Of 33kV Line From Tezu To Wakro Under Comprehensive Transmission And Distribution Scheme In Arunachal Pradesh.,ARUNACHAL PRADESH,Wakro Circle,Proshi,,,,Linear,0.0,59.595,59.595,0.0,0.0,0.0,0.0,0.0,0,0,0,Not applicable as the project or activity is site specific,,NO,NO,NO,2023-05-24T18:30:00.000+00:00,,https://parivesh.nic.in/dms/okm/downloadDocument?docTypemappingId=59020&refId=1520720&refType=fc&uuid=0b4f3659-0687-47cc-9ae8-62abd7a13723&version=1.0,Degraded Forest Land,true,,,,,,,,,,,,,,,,,,,,,,,,,,,,,,,,,,,"Vidyut Bhawan, Ziro Point Tiniali, Itanagar,791111",,12,State Government (Department/Autonomous body),Executive Engineer (Electrical),,12,,Lohit,,https://parivesh.nic.in/dms/okm/downloadDocument?docTypemappingId=40829&refId=1454401&refType=caf&uuid=ff2935d9-e278-4a5e-8d32-bddd01e6c7b1&version=1.0;https://parivesh.nic.in/dms/okm/downloadDocument?docTypemappingId=58989&refId=1454401&refType=FC&uuid=f3019b7e-5af9-4777-8b0a-6c111985a9b2&version=1.0;https://parivesh.nic.in/dms/okm/downloadDocument?docTypemappingId=58989&refId=1454401&refType=FC&uuid=072c55d2-d3f7-46d8-a0f5-573af26dc6b1&version=1.1,266483,https://parivesh.nic.in/newupgrade/#/report/ec?proposalId=1520721,1845.0,3290.0
1877557,Road,New,FP/AR/ROAD/409403/2022,2022-12-05T18:45:13.245+00:00,,REMOVED,112.862,38889.0,Ministry of Road Transport & Highways,,Forest clearance form,,,,"CONSTRUCTION OF 2-LANE (7.00 M CARRIAGEWAY WITH HARD SHOULDERS) NH CONFIGURATION OF BILE-MIGGING ROAD FROM DESIGN CHAINAGE KM 8.50 TO KM 39.350 ON ENGINEERING, PROCUREMENT AND CONSTRUCTION (EPC) MODE IN THE STATE OF ARUNACHAL PRADESH",ARUNACHAL PRADESH,Payum Circle,Payum H.Q.,,,Proposed Right of Way (PRoW),Linear,0.0,112.862,112.862,0.0,0.0,0.0,0.0,0.0,0,0,0,Not applicable as the project or activity is site specific,,NO,NO,NO,2023-05-22T18:30:00.000+00:00,,https://parivesh.nic.in/dms/okm/downloadDocument?docTypemappingId=59020&refId=1877556&refType=fc&uuid=2f4ea8d9-526d-4a90-97b5-44774b288f32&version=1.0,Degraded Forest Land,true,,,,,,,,,,,,,,,,,,,,,,,,,,,,,,,,,,,"92RCC, C/O 99APO",,12,Central Government (Department/Autonomous body),Officer Commanding,,12,,Siang,Proposed Right of Way (PRoW),https://parivesh.nic.in/dms/okm/downloadDocument?docTypemappingId=40829&refId=2505181&refType=caf&uuid=2422d9d1-1c28-45d5-83fa-f8850c9f38b4&version=1.0;https://parivesh.nic.in/dms/okm/downloadDocument?docTypemappingId=40829&refId=1877499&refType=caf&uuid=6d4745b0-b1e6-41be-9169-3011e0128159&version=1.0;https://parivesh.nic.in/dms/okm/downloadDocument?docTypemappingId=58989&refId=1877499&refType=FC&uuid=8016a655-acb6-46de-aee3-6662e413b5a7&version=1.0,263414,https://parivesh.nic.in/newupgrade/#/report/ec?proposalId=1877557,613088.0,3190950.0
2039506,The Transmission line is the part of Arunachal Pradesh Comprehensive Scheme of Transmission and Distribution to strengthen the power situation of the State of Arunachal Pradesh.,New,FP/AR/TRANS/410857/2022,2022-12-15T11:52:12.458+00:00,,REMOVED,187.728,4487.0,TADURAM DARANG,,Forest clearance form,,,,Construction of 132 kV S/C on D/C Tower from Roing to Anini under Comprehensive Scheme for Strengthening of Transmission and Distribution System in Arunachal Pradesh,ARUNACHAL PRADESH,Roing HQ,Kayi,,,,Linear,0.0,187.728,187.728,0.0,0.0,0.0,0.0,0.0,0,0,0,NO,Central Govt. project,NO,NO,NO,2023-06-05T18:30:00.000+00:00,,https://parivesh.nic.in/dms/okm/downloadDocument?docTypemappingId=59020&refId=2039505&refType=fc&uuid=4fd5829b-9b85-446e-88fc-573e2cef94f1&version=1.0,Degraded Forest Land,true,,,,,,,,,,,,,,,,,,,,,,,,,,,,,,,,,,,"Department of Power
Office of the Chief Engineer (Power)
Vidyut Bhawan, First Floor 
0 Point Itanagar
791111",,12,Individual,Executive Engineer,,12,,Lower Dibang Valley,,https://parivesh.nic.in/dms/okm/downloadDocument?docTypemappingId=40829&refId=2027080&refType=caf&uuid=f800ae41-07ae-4481-95be-ed2b3604531f&version=1.0;https://parivesh.nic.in/dms/okm/downloadDocument?docTypemappingId=58989&refId=2027080&refType=FC&uuid=03b67b6c-1b09-490b-80b6-81ed2d8d1c78&version=1.7,266263,https://parivesh.nic.in/newupgrade/#/report/ec?proposalId=2039506,2205.0,91254.0
2053072,"The proposed 33kV line is a sub-project which is conceived under Government of India project namely ""Comprehensive scheme of Transmission and Distribution in Arunachal Pradesh"" (A Central Sector Project funded by GoI)",New,FP/AR/TRANS/410963/2022,2022-12-16T09:23:47.720+00:00,,Final Diversion Order Issued,18.023,592.237,BAFRENSO PUL,,Forest clearance form,,,,CONSTRUCTION OF 33 KV LINE FROM PROPOSED 33/11 KV HALAIPANI (MARBO) S/STN TO PROPOSED 33/11KV HALAIPANI S/STN UNDER COMPREHENSIVE SCHEME FOR STRENGTHENING OF TRANSMISSION AND DISTRIBUTION IN (NER) ARUNACHAL PRADESH,ARUNACHAL PRADESH,Hawai HQ,Blong,,,,Linear,0.0,18.023,18.023,0.0,0.0,0.0,0.0,0.0,0,0,0,NO,Central Govt Project.,NO,NO,NO,2023-05-29T18:30:00.000+00:00,,https://parivesh.nic.in/dms/okm/downloadDocument?docTypemappingId=59020&refId=2053071&refType=fc&uuid=464c86f2-f464-45d9-a9ec-547bb603d99c&version=1.0,Degraded Forest Land,true,,,,,,,,,,,,,,,,,,,,,,,,,,,,,,,,,,,"HAYULIANG ELECTRICAL DIVISION, DEPARTMENT OF POWER, ARUNACHAL PRADESH",HAYULIANG,12,State Government (Department/Autonomous body),EXECUTIVE ENGINEER,HAYULIANG,12,,Anjaw,,https://parivesh.nic.in/dms/okm/downloadDocument?docTypemappingId=40829&refId=2004161&refType=caf&uuid=c7862eea-25d9-4e06-81fb-ae56d705c948&version=1.1;https://parivesh.nic.in/dms/okm/downloadDocument?docTypemappingId=58989&refId=2004161&refType=FC&uuid=83aaacb2-4bdd-4d47-99c0-22de2890ac3b&version=1.0;https://parivesh.nic.in/dms/okm/downloadDocument?docTypemappingId=58989&refId=2004161&refType=FC&uuid=debc970b-413e-4dd1-b897-919dea67dc5f&version=1.2,266921,https://parivesh.nic.in/newupgrade/#/report/ec?proposalId=2053072,25740.0,0.0
2064987,"The proposed 33kV line is a sub-project which is conceived under Government of India project namely ""Comprehensive scheme of Transmission and Distribution in Arunachal Pradesh"" (A Central Sector Project funded by GoI).",New,FP/AR/TRANS/411074/2022,2022-12-17T06:14:15.454+00:00,,Final Diversion Order Issued,10.6005,348.333,BAFRENSO PUL,,Forest clearance form,,,,CONSTRUCTION OF 33 KV LINE FROM PROPOSED 33/11 KV HALLAIPANI (MARBO) S/STN TO PROPOSED 33/11 KV HAWAI S/STN UNDER COMPREHENSIVE SCHEME FOR STRENGTHENING OF TRANSMISSION AND DISTRIBUTION IN (NER) ARUNACHAL PRADESH,ARUNACHAL PRADESH,Hawai HQ,12th K.M. Camp,,,,Linear,0.0,10.6005,10.6005,0.0,0.0,0.0,0.0,0.0,0,0,0,NO,Central Government Project,NO,NO,NO,2023-05-28T18:30:00.000+00:00,,https://parivesh.nic.in/dms/okm/downloadDocument?docTypemappingId=59020&refId=2064986&refType=fc&uuid=dfe54c5f-7882-454a-a2f0-dc5881d9ae3b&version=1.0,Degraded Forest Land,true,,,,,,,,,,,,,,,,,,,,,,,,,,,,,,,,,,,"HAYULIANG ELECTRICAL DIVISION, DEPARTMENT OF POWER, ARUNACHAL PRADESH","",12,State Government (Department/Autonomous body),Executive Engineer,,12,,Anjaw,,https://parivesh.nic.in/dms/okm/downloadDocument?docTypemappingId=40829&refId=2025542&refType=caf&uuid=8992b51d-be28-45bd-950e-071298ee716c&version=1.0;https://parivesh.nic.in/dms/okm/downloadDocument?docTypemappingId=58989&refId=2025542&refType=FC&uuid=dbb686d4-49d1-4eee-b687-74e45a517b0d&version=1.0,266961,https://parivesh.nic.in/newupgrade/#/report/ec?proposalId=2064987,25740.0,0.0
2070892,"The proposed 33kV line is a sub-project which is conceived under Government of India project namely ""Comprehensive scheme of Transmission and Distribution in Arunachal Pradesh"" (A Central Sector Project funded by GoI)",New,FP/AR/TRANS/411132/2022,2022-12-17T09:44:05.464+00:00,,Final Diversion Order Issued,50.469,1658.4143,BAFRENSO PUL,,Forest clearance form,,,,CONSTRUCTION OF 33 KV LINE FROM PROPOSED 33/11 KV HAWAI S/STN to PROPOSED 33/11 KV WALLONG S/STN UNDER COMPREHENSIVE SCHEME FOR STRENGTHENING OF TRANSMISSION AND DISTRIBUTION IN (NER) ARUNACHAL PRADESH,ARUNACHAL PRADESH,Hawai HQ,12th K.M. Camp,,,,Linear,0.0,50.469,50.469,0.0,0.0,0.0,0.0,0.0,0,0,0,NO,Central Government Project,NO,NO,NO,2023-05-29T18:30:00.000+00:00,,https://parivesh.nic.in/dms/okm/downloadDocument?docTypemappingId=59020&refId=2070891&refType=fc&uuid=c23d3409-768b-44e3-a1a3-2aee3abfa1c9&version=1.0,Degraded Forest Land,true,,,,,,,,,,,,,,,,,,,,,,,,,,,,,,,,,,,"HAYULIANG ELECTRICAL DIVISION, DEPARTMENT OF POWER, ARUNACHAL PRADESH",,12,State Government (Department/Autonomous body),Executive Engineer,,12,,Anjaw,,https://parivesh.nic.in/dms/okm/downloadDocument?docTypemappingId=40829&refId=2025742&refType=caf&uuid=1e01f920-48d9-4d8b-b883-2ae67c500d9f&version=1.0;https://parivesh.nic.in/dms/okm/downloadDocument?docTypemappingId=58989&refId=2025742&refType=FC&uuid=c28cd5ab-7496-4538-8c51-2af6a85fe6ca&version=1.0;https://parivesh.nic.in/dms/okm/downloadDocument?docTypemappingId=58989&refId=2025742&refType=FC&uuid=c28cd5ab-7496-4538-8c51-2af6a85fe6ca&version=1.1,266961,https://parivesh.nic.in/newupgrade/#/report/ec?proposalId=2070892,25740.0,0.0
2072531,"The proposed 33kV line is a sub-project which is conceived under Government of India project namely ""Comprehensive scheme of Transmission and Distribution in Arunachal Pradesh"" (A Central Sector Project funded by GoI)",New,FP/AR/TRANS/411141/2022,2022-12-17T10:27:05.751+00:00,,Final Diversion Order Issued,51.903,1240.5862,BAFRENSO PUL,,Forest clearance form,,,,CONSTRUCTION OF 33 KV LINE FROM PROPOSED 33/11 KV HALAIPANI S/STN TO PROPOSED 33/11KV HAYULAING S/STN UNDER COMPREHENSIVE SCHEME FOR STRENGTHENING OF TRANSMISSION AND DISTRIBUTION IN (NER) ARUNACHAL PRADESH,ARUNACHAL PRADESH,Hayuliang ADC,Abohagam,,,H47S12,Linear,0.0,51.903,51.903,0.0,0.0,0.0,0.0,0.0,0,0,0,Not applicable as the project or activity is site specific,,NO,NO,NO,2023-05-29T18:30:00.000+00:00,,https://parivesh.nic.in/dms/okm/downloadDocument?docTypemappingId=59020&refId=2072530&refType=fc&uuid=8204f04b-fd75-4178-83cd-6d1149c54ebf&version=1.0,Degraded Forest Land,true,,,,,,,,,,,,,,,,,,,,,,,,,,,,,,,,,,,"HAYULIANG ELECTRICAL DIVISION, DEPARTMENT OF POWER, ARUNACHAL PRADESH",,12,State Government (Department/Autonomous body),Executive Engineer,,12,,Anjaw,H47S12,https://parivesh.nic.in/dms/okm/downloadDocument?docTypemappingId=40829&refId=2025986&refType=caf&uuid=b7f194d9-af79-4a9a-ad33-4b64cb5182aa&version=1.0;https://parivesh.nic.in/dms/okm/downloadDocument?docTypemappingId=58989&refId=2025986&refType=FC&uuid=4066d73b-6e5b-4f25-b808-7d1fd8a730e1&version=1.3,266825,https://parivesh.nic.in/newupgrade/#/report/ec?proposalId=2072531,25740.0,0.0
2383496,Construction of foot track from Mago-Tsela distance 27.42 Km and width 5m for ITBP troops in border area of Arunachal Pradesh,New,FP/AR/ROAD/413454/2023,2023-01-06T06:43:44.040+00:00,,"Pending at TO – MoEFCC, HQ for Final Approval",18.21,6143.0,ARUN PISHARODY,,Forest clearance form,,,,Construction of foot track from Mago- Tsela,ARUNACHAL PRADESH,Thingbu Circle,Mago,,,,Linear,0.0,18.21,18.21,0.0,0.0,0.0,0.0,0.0,0,0,0,Not applicable as the project or activity is site specific,,YES,NO,NO,2023-04-02T18:30:00.000+00:00,,,Degraded Forest Land,true,,,,,,,,,,,,,,,,,,,,,,,,,,,,,,,,,,,"120 RCC, 763BRTF, DAMTENG",Damteng,12,Central Government (Department/Autonomous body),Second In Charge,damteng,12,,Tawang,,https://parivesh.nic.in/dms/okm/downloadDocument?docTypemappingId=40829&refId=2379512&refType=caf&uuid=38662a49-776a-4b1e-8aab-0306c124e595&version=1.1;https://parivesh.nic.in/dms/okm/downloadDocument?docTypemappingId=58989&refId=2379512&refType=FC&uuid=7a0296f0-1d70-4633-9a1a-efd4c78f33ed&version=1.2,261607,https://parivesh.nic.in/newupgrade/#/report/ec?proposalId=2383496,820.0,24700.0
2690733,"Under the comprehensive package of  PM Kisan Sampada Yojana implemented by Ministry of Food Processing Industries, Govt. of India, one of the component scheme is Mega Food Park. M/S Rongoge Mega Food Park located at Dolikoto, Banderdewa, Papumpare District, Arunachal Pradesh has been sanctioned under this scheme, having an area measuring 29.93 ha.
This is the lone upcoming Mega Food Park in the State which requires diversion of the forest land falling under Reserve Forest area for setting up of the Park and any other Industries in the near future which would immensely benefit the State by creating employment opportunities particularly among the rural sector. Setting up of the food park would provide better infrastructure and better facilities, exposing farmers to a more systematic, market driven and profitable farming activities, thereby increasing their revenue.",New,FP/AR/IND/415686/2023,2023-01-24T06:15:53.454+00:00,,Pending at DFO for Compensatory Levies,29.93,11500.0,GOLI ANGU,,Forest clearance form,,,,"Diversion of Forest Land for Non-forestry Use at Dolikoto, Banderdewa, Arunachal Pradesh",ARUNACHAL PRADESH,Banderdawa,Dolicoto,,,,Non - Linear,0.0,29.93,29.93,0.0,0.0,0.0,0.0,0.0,0,0,0,Not applicable as the project or activity is site specific,,NO,NO,NO,2024-03-06T18:30:00.000+00:00,,https://parivesh.nic.in/dms/okm/downloadDocument?docTypemappingId=59020&refId=2690732&refType=fc&uuid=841c40de-d423-4b15-b458-e5b13a048162&version=1.0,Degraded Forest Land,true,,,,,,,,,,,,,,,,,,,,,,,,,,,,,,,,,,,"Dy. Director of Industries
Directorate of Industries
Udyog Sadan, C-Sector
Itanagar",,12,Individual,"Deputy Director of Industries, GoAP",,12,,Papum Pare,,https://parivesh.nic.in/dms/okm/downloadDocument?docTypemappingId=40829&refId=2383041&refType=caf&uuid=d43ad37c-3211-4d7c-b8ed-bb8397122e3e&version=1.0;https://parivesh.nic.in/dms/okm/downloadDocument?docTypemappingId=58989&refId=2383041&refType=FC&uuid=8a168368-b553-413d-a3b0-1667cb32c614&version=1.0,0,https://parivesh.nic.in/newupgrade/#/report/ec?proposalId=2690733,109500.0,109500.0
2844484,"Panyor Lepa Middle HEP (24 MW) was allotted to JMD Power Solutions Private Limited (JPSPL) by Government of Arunachal Pradesh (GoAP)vide MoA dated 19.08.2010. Project is  located in Papum Pare district of Arunachal Pradesh. Panyor Lepa Middle HEP is a run of the river scheme to utilize available water of Panyor River between EL 940.0 m and EL 851.05 m for power generation. The project envisages construction of a spillway arrangement along with undersluice across Panyor River to divert water through Head regulator, Intake tunnel, Intake channel, surface desilting basins, collection pool, Head Race Tunnel, Surge Shaft, Penstock and a surface powerhouse",New,FP/AR/HYD/IRRIG/416757/2023,2023-02-02T07:57:37.849+00:00,,Pending at REC,17.31,31174.0,J M D POWER SOLUTIONS PRIVATE LIMITED,,Forest clearance form,,,,PANYOR LEPA MIDDLE HEP (24 MW),ARUNACHAL PRADESH,Mengio EAC,Pan,,,S6,Non - Linear,0.0,17.31,17.31,0.0,0.0,0.0,0.0,0.0,0,0,0,Not applicable as the project or activity is site specific,,NO,NO,NO,2023-10-05T18:30:00.000+00:00,,https://parivesh.nic.in/dms/okm/downloadDocument?docTypemappingId=59020&refId=2844483&refType=fc&uuid=97392e7c-42c0-4c2c-9ece-e5da8e3d4dd5&version=1.0,Degraded Forest Land,true,,,,,,,,,,,,,,,,,,,,,,,,,,,,,,,,,,,"C 736, 2nd Floor,
New Friends Colony",New Delhi,7,Private Limited,CEO,New Delhi,7,,Papum Pare,S6,https://parivesh.nic.in/dms/okm/downloadDocument?docTypemappingId=40829&refId=2835235&refType=caf&uuid=3b8a53e3-b98c-4a32-8476-9bca7f4ebead&version=1.0;https://parivesh.nic.in/dms/okm/downloadDocument?docTypemappingId=58989&refId=2835235&refType=FC&uuid=ef33771d-0ab9-477c-9c03-de98ef290644&version=1.1,262698,https://parivesh.nic.in/newupgrade/#/report/ec?proposalId=2844484,1037230.0,273767.0
2942393,"Department of Telecommunication, Government of India has recently partnered with Airtel to install telecommunication towers in the rural area of ARUNACHAL PRADESH  under its project USOF (Universal Service Obligation Fund)",New,FP/AR/OTHERS/417422/2023,2023-02-08T07:17:52.029+00:00,,DELISTED_BY_SYSTEM,0.0225,50.0,BHARTI AIRTEL ASSAM,,Forest clearance form,,,,Name of the Project Diversion of 0.0225 Hectare of Forest land for construction of Mobile tower under Universal Service Obligation Fund for Provision of Mobile Services at Denben Village,ARUNACHAL PRADESH,Miao ADC,0,,,,Non - Linear,0.0,0.0225,0.0225,0.0,0.0,0.0,0.0,0.0,0,0,0,Not applicable as the project or activity is site specific,,NO,NO,NO,2023-06-02T13:29:13.928+00:00,,,,false,,,,,,,,,,,,,,,,,,,,,,,,,,,,,,,,,,,"Bharti House, 6th mile",Guwahati,18,Private Limited,Manager,Guwahati,18,,Changlang,,https://parivesh.nic.in/dms/okm/downloadDocument?docTypemappingId=40829&refId=2942002&refType=caf&uuid=f5f80734-11e1-4a32-9e91-3181d46279fc&version=1.0;https://parivesh.nic.in/dms/okm/downloadDocument?docTypemappingId=58989&refId=2942002&refType=FC&uuid=aa826c06-ae29-4f3b-9514-025fcdfd5886&version=1.1,"",https://parivesh.nic.in/newupgrade/#/report/ec?proposalId=2942393,30.0,0.0
2942891,"Department of Telecommunication, Government of India has recently partnered with Airtel to install telecommunication towers in the rural area of ARUNACHAL PRADESH under its project USOF (Universal Service Obligation Fund)",New,FP/AR/OTHERS/417428/2023,2023-02-08T07:29:22.543+00:00,,DELISTED_BY_SYSTEM,0.0225,50.0,BHARTI AIRTEL ASSAM,,Forest clearance form,,,,Name of the Project Diversion of 0.0225 Hectare of Forest land for construction of Mobile tower under Universal Service Obligation Fund for Provision of Mobile Services at nibodi Village,ARUNACHAL PRADESH,Miao ADC,0,,,,Non - Linear,0.0,0.0225,0.0225,0.0,0.0,0.0,0.0,0.0,0,0,0,Not applicable as the project or activity is site specific,,NO,NO,NO,2023-06-02T13:33:48.896+00:00,,,,false,,,,,,,,,,,,,,,,,,,,,,,,,,,,,,,,,,,"Bharti House, 6th mile",Guwahati,18,Private Limited,Manager,Guwahati,18,,Changlang,,https://parivesh.nic.in/dms/okm/downloadDocument?docTypemappingId=40829&refId=2942631&refType=caf&uuid=82059dad-1bf8-4a6d-a0d8-8e6a2568550e&version=1.1;https://parivesh.nic.in/dms/okm/downloadDocument?docTypemappingId=58989&refId=2942631&refType=FC&uuid=fca17e30-6022-43bf-8d7e-ea78f793047e&version=1.1,"",https://parivesh.nic.in/newupgrade/#/report/ec?proposalId=2942891,30.0,0.0
2943306,"Department of Telecommunication, Government of India has recently partnered with Airtel to install telecommunication towers in the rural area of ARUNACHAL PRADESH under its project USOF (Universal Service Obligation Fund)",New,FP/AR/OTHERS/417429/2023,2023-02-08T07:37:31.810+00:00,,DELISTED_BY_SYSTEM,0.0225,50.0,BHARTI AIRTEL ASSAM,,Forest clearance form,,,,Name of the Project Diversion of 0.0225 Hectare of Forest land for construction of Mobile tower under Universal Service Obligation Fund for Provision of Mobile Services at Khagam Village,ARUNACHAL PRADESH,Miao ADC,0,,,,Non - Linear,0.0,0.0225,0.0225,0.0,0.0,0.0,0.0,0.0,0,0,0,Not applicable as the project or activity is site specific,,NO,NO,NO,2023-06-02T13:31:21.927+00:00,,,,false,,,,,,,,,,,,,,,,,,,,,,,,,,,,,,,,,,,"Bharti House, 6th mile",Guwahati,18,Private Limited,Manager,guwahati,18,,Changlang,,https://parivesh.nic.in/dms/okm/downloadDocument?docTypemappingId=40829&refId=2943096&refType=caf&uuid=8aed4589-0353-4ef0-a3e8-a857e32c544f&version=1.0;https://parivesh.nic.in/dms/okm/downloadDocument?docTypemappingId=58989&refId=2943096&refType=FC&uuid=c26a705e-51af-493d-ac12-ee2d564eb404&version=1.1,"",https://parivesh.nic.in/newupgrade/#/report/ec?proposalId=2943306,30.0,0.0
2943834,"Department of Telecommunication, Government of India has recently partnered with Airtel to install telecommunication towers in the rural area of ARUNACHAL PRADESH under its project USOF (Universal Service Obligation Fund)",New,FP/AR/OTHERS/417433/2023,2023-02-08T07:55:02.892+00:00,,DELISTED_BY_SYSTEM,0.0225,50.0,BHARTI AIRTEL ASSAM,,Forest clearance form,,,,Diversion of 0.0225 Hectare of Forest land for construction of Mobile tower under Universal Service Obligation Fund for Provision of Mobile Services at Gamyoing Village,ARUNACHAL PRADESH,Dambuk ADC,Gamyoing,,,,Non - Linear,0.0,0.0225,0.0225,0.0,0.0,0.0,0.0,0.0,0,0,0,Not applicable as the project or activity is site specific,,NO,NO,NO,2023-05-04T04:11:33.667+00:00,,,,false,,,,,,,,,,,,,,,,,,,,,,,,,,,,,,,,,,,"Bharti House, 6th mile",Guwahati,18,Private Limited,Manager,Guwahati,18,,Lower Dibang Valley,,https://parivesh.nic.in/dms/okm/downloadDocument?docTypemappingId=40829&refId=2943636&refType=caf&uuid=17decf80-1c29-4af4-875c-22ae70d5a3cc&version=1.0;https://parivesh.nic.in/dms/okm/downloadDocument?docTypemappingId=58989&refId=2943636&refType=FC&uuid=8a9daa9b-5633-4bfb-93c6-e0d28b38c834&version=1.1,266309,https://parivesh.nic.in/newupgrade/#/report/ec?proposalId=2943834,30.0,0.0
2971251,"Two Laning with paved shoulder NH configuration under SARDP-NE on Engineering, Procurement and Construction mode for Daporijo(Upper Subansiri) via Dumporijo- Dollungmukh (Lower Subansiri) road section (length-120.4 Km) in the State of Arunachal Pradesh",New,FP/AR/ROAD/417612/2023,2023-02-09T11:06:10.942+00:00,,DELISTED_BY_SYSTEM,333.01,1.365,RO ITANAGAR MORT&H,,Forest clearance form,,,,"Feasibility study, Preparation of Detailed Project Report and providing pre-construction services in respect of Two Laning with paved shoulder NH configuration under SARDP-NE on Engineering, Procurement and Construction mode for Daporijo(Upper Subansiri) via Dumporijo- Dollungmukh (Lower Subansiri) road section (length-125 Km) in the State of Arunachal Pradesh",ARUNACHAL PRADESH,Maro Circle,Nojomote,,,,Linear,0.0,333.01,333.01,0.0,0.0,0.0,0.0,0.0,0,0,0,NO,The proposed alignment is the most feasible site for the road construction.,NO,NO,NO,2023-02-14T13:07:53.643+00:00,,https://parivesh.nic.in/dms/okm/downloadDocument?docTypemappingId=59020&refId=2971250&refType=fc&uuid=efc95c0e-120d-4d1a-874e-551ea9d9e049&version=1.0,Degraded Forest Land,true,,,,,,,,,,,,,,,,,,,,,,,,,,,,,,,,,,,RO ITANAGAR NEAR DURGA MANDIR VIP ROAD NITI VIHAR ITANAGAR ARUNACHAL PRADESH,Itanagar,12,Central Government (Department/Autonomous body),EXECUTIVE DIRECTOR P,Itanagar,12,,Upper Subansiri,,https://parivesh.nic.in/dms/okm/downloadDocument?docTypemappingId=40829&refId=1586117&refType=caf&uuid=2bb60afd-7dda-49ba-b834-324d6184d8e6&version=1.2;https://parivesh.nic.in/dms/okm/downloadDocument?docTypemappingId=58989&refId=1586117&refType=FC&uuid=36c6b4dd-13a9-4859-b2cd-e20b227c3c15&version=1.13;https://parivesh.nic.in/dms/okm/downloadDocument?docTypemappingId=58989&refId=1586117&refType=FC&uuid=36c6b4dd-13a9-4859-b2cd-e20b227c3c15&version=1.16;https://parivesh.nic.in/dms/okm/downloadDocument?docTypemappingId=58989&refId=1586117&refType=FC&uuid=36c6b4dd-13a9-4859-b2cd-e20b227c3c15&version=1.17,263207,https://parivesh.nic.in/newupgrade/#/report/ec?proposalId=2971251,345165.0,4840.0
3130068,"The present project road is a vital link to reach line of Actual Control (LAC) at Indo-China Border. The Project Starting from KM118.8 of Along-Yingkiong Junction (Design Km 0+00), Connecting Yingkiong to Moying Village And Ending At KM93.5 on Ditte-Dimme-Migging Road (Design Km 5+047)",New,FP/AR/ROAD/418749/2023,2023-02-17T05:59:10.357+00:00,,REMOVED,10.9801,21600.0,"BRO,1448 RCC (GREF),PROJECT BRAHMANK",,Forest clearance form,,,,"Detailed Project Report for 2 Lane Approach With Paved Shoulder Alongwith Two Major Bridges - 386 M Long Extra-dosed Bridge Over River Siang At Design KM 2+908 And 63.5 M Long Bridge At Design KM 2+590. Road Length of 4.597 Kms (Excluding Length of Bridge Spans) Starting from KM118.8 of Along-Yingkiong Junction (Design Km 0+00), Connecting Yingkiong to Moying Village And Ending At KM93.5 on Ditte-Dimme-Migging Road (Design Km 5+047) Under 761 BRTF, Project Brahmank (Arunachal Pradesh)",ARUNACHAL PRADESH,Yingkiong Circle,Gette,,,,Linear,10.98,0.0001,10.9801,0.0,0.0,0.0,0.0,0.0,0,0,0,NO,Not applicable as the project or activity is site specific,NO,NO,NO,2023-02-17T09:39:51.396+00:00,,,,false,,,,,,,,,,,,,,,,,,,,,,,,,,,,,,,,,,,1448 RCC (GREF) PIN 931448 C/O 99 APO,,12,Central Government (Department/Autonomous body),Sr Manager,,7,,Upper Siang,,https://parivesh.nic.in/dms/okm/downloadDocument?docTypemappingId=40829&refId=3120804&refType=caf&uuid=5c953f3e-465f-465c-be1d-6844217b59cc&version=1.0;https://parivesh.nic.in/dms/okm/downloadDocument?docTypemappingId=58989&refId=3120804&refType=FC&uuid=1b15c197-86e1-4119-814e-5ce3093e6360&version=1.5,263978,https://parivesh.nic.in/newupgrade/#/report/ec?proposalId=3130068,146050.0,76655.0
3412386,Construction of 132 kV Loop-In Loop-Out switching sub-station at Tippi near industrial estate area.,New,WL/AR/SubStation/420493/2023,2023-03-01T07:03:14.101+00:00,,,0.534,500.53,DEPARTMENT OF POWER GOVT OF ARUNACHAL PRADESH,,Wildlife clearance form,,,,Diversion Proposal of 5336 sq.mtrs (0.534 Ha) of Forest land for Construction of 132 kV LILO Switching Sub-Station at Tippi near Industrial Estate area.,ARUNACHAL PRADESH,Bhalukpong EAC,Tippi,,,,Non - Linear,0.0,0.534,0.534,0.0,0.0,0.0,0.0,0.0,0,0,0,Not applicable as the project or activity is site specific,,NO,NO,NO,2023-03-03T10:53:24.439+00:00,,,,,,,,,,,,,,,,,,,,,,,,,,,,,,,,,,,,,,,,,,,,,,,West Kameng,,https://parivesh.nic.in/dms/okm/downloadDocument?docTypemappingId=40829&refId=3411886&refType=caf&uuid=b637c01a-bd12-4d72-9ea0-d85114c1d79c&version=1.1;https://parivesh.nic.in/dms/okm/downloadDocument?docTypemappingId=59109&refId=3412385&refType=caf&uuid=1f0146ff-272d-430d-8075-ecdc39ec7449&version=1.2,261868,https://parivesh.nic.in/newupgrade/#/report/ec?proposalId=3412386,2925.0,2925.0
3741182,Proposal for diversion of 0.12 ha oof forest land for establishment of Ms/HSD Retail Outlet at Location on NH15 within 2KM of intersection of NH415 and NH15 at Banderdewa,New,FP/AR/PetrolPump/421194/2023,2023-03-06T11:21:31.824+00:00,,Final Diversion Order Issued,0.12,1.5,ARUN LORAM,,Forest clearance form,,,,Proposal for diversion of 0.12 ha oof forest land for establishment of Ms/HSD Retail Outlet at Location on NH15 within 2KM of intersection of NH415 and NH15 at Banderdewa,ARUNACHAL PRADESH,Banderdawa,Banderdewa,,,,Non - Linear,0.0,0.12,0.12,0.0,0.0,0.0,0.0,0.0,0,0,0,Not applicable as the project or activity is site specific,,NO,NO,NO,2023-04-04T18:30:00.000+00:00,,,Degraded Forest Land,true,,,,,,,,,,,,,,,,,,,,,,,,,,,,,,,,,,,"Village Karsingsa, PO/PS Banderdewa, District Papum Pare, Arunachal Pradesh",Karsingsa,12,Individual,Proprietor,Karisingsa,12,,Papum Pare,,https://parivesh.nic.in/dms/okm/downloadDocument?docTypemappingId=40829&refId=3101013&refType=caf&uuid=a60a5690-a903-4b76-8365-74c86abc1f48&version=1.0;https://parivesh.nic.in/dms/okm/downloadDocument?docTypemappingId=58989&refId=3101013&refType=FC&uuid=163e2559-cdda-4043-a91e-c28e293a10dc&version=1.1,262335,https://parivesh.nic.in/newupgrade/#/report/ec?proposalId=3741182,1695.0,1695.0
4098964,The project road is covered under district of Dhemaji in Assam and also under district of East Siang in Arunachal  Pradesh.  This  proposal is particularly made for the project  road  under  Pasighat forest division (Pobha RF) in Arunachal Pradesh.,Expansion,FP/AR/ROAD/422917/2023,2023-03-21T08:05:57.622+00:00,2026-03-03T07:13:20.174+00:00,Final Diversion Order Issued,36.24,1.0016832,NHIDCL,,Forest clearance form,,,,"Widening & Up-gradation of NH 515 from 2-Lane to 4-Lane with Paved Shoulder Divided National Highway from Kandulijan Gaon to Oyan (Pobha RF Segment, Pasighat Forest Division Part) under Bharatmala Pariyojana (Lot-1, Package – IV)",ARUNACHAL PRADESH,Oyan Circle,Donyi Polo T.E.,,,,Linear,30.47,5.77,36.24,41.0,6.39,47.39,35000.0,65168.32,0,0,0,NO,The project involve widening and up-gradation of existing Road,NO,NO,NO,2023-06-25T18:30:00.000+00:00,,,Degraded Forest Land,true,,,,,,,,,,,,,,,,,,,,,,,,,,,,,,,,,,,"National Highways and Infrastructure Development Corporation Ltd,
3rd Floor, PTI Building, 4 parliament Street, 
New Delhi",,7,Central Government (Department/Autonomous body),Executive Director P,,18,,East Siang,,https://parivesh.nic.in/dms/okm/downloadDocument?docTypemappingId=40829&refId=4098724&refType=caf&uuid=d59fa33d-92a4-4a2a-8aa6-4235b05f44ae&version=1.0;https://parivesh.nic.in/dms/okm/downloadDocument?docTypemappingId=58989&refId=4098724&refType=FC&uuid=a7e5a973-509c-4a1c-8d27-0d5f1cedb1a8&version=1.0,263873,https://parivesh.nic.in/newupgrade/#/report/ec?proposalId=4098964,6000.0,8745.0
4135989,Construction of 132kV S/c on D/c Tower from Roing to Anini under CSST&DS-Arunachal Pradesh.,New,FP/AR/TRANS/423130/2023,2023-03-23T06:42:39.191+00:00,,REMOVED,192.456,3.19945,TADURAM DARANG,,Forest clearance form,,,,Construction of 132kV S/c on D/c Tower from Roing to Anini under Comprehensive Scheme for Strengthening of Transmission & Distribution System in Arunachal Pradesh.,ARUNACHAL PRADESH,Anelih,Asongo,,,,Linear,0.0,192.456,192.456,0.0,0.0,0.0,0.0,0.0,0,0,0,YES,,NO,NO,NO,2023-06-05T18:30:00.000+00:00,,https://parivesh.nic.in/dms/okm/downloadDocument?docTypemappingId=59020&refId=4135987&refType=fc&uuid=d19a7841-9ec0-4af4-9c7e-a70efee9b61e&version=1.0,Degraded Forest Land,true,,,,,,,,,,,,,,,,,,,,,,,,,,,,,,,,,,,"Department of Power
Office of the Chief Engineer (Power)
Vidyut Bhawan, First Floor 
0 Point Itanagar
791111",,12,Individual,Executive Engineer,,12,,Upper Dibang Valley,,https://parivesh.nic.in/dms/okm/downloadDocument?docTypemappingId=40828&refId=4134215&refType=caf&uuid=832a18c9-1026-44d6-8b8f-0b26bbabc854&version=1.0;https://parivesh.nic.in/dms/okm/downloadDocument?docTypemappingId=40829&refId=4134215&refType=caf&uuid=9cfcdcb1-669f-4b4b-a415-b64e9d882ece&version=1.0;https://parivesh.nic.in/dms/okm/downloadDocument?docTypemappingId=58989&refId=4134215&refType=FC&uuid=3a006b8f-a96b-4625-87d1-011e1e323ddb&version=1.4;https://parivesh.nic.in/dms/okm/downloadDocument?docTypemappingId=58989&refId=4134215&refType=FC&uuid=ff4c4eeb-0671-4c03-9f14-72605f894df3&version=1.0,,https://parivesh.nic.in/newupgrade/#/report/ec?proposalId=4135989,89925.0,76650.0
4259356,Improvement/Upgradation of Km 118.8 AY Junction with NH 513 at Yingkiong to Moying Village road including bridges in Upper Siang District of Arunachal Pradesh,New,FP/AR/ROAD/423867/2023,2023-03-29T04:13:03.645+00:00,,Stage-II Accorded,13.1099,21600.0,Ministry of Defense,,Forest clearance form,,,,Improvement/Upgradation of Km 118.8 AY Junction with NH 513 at Yingkiong to Moying Village road including bridges in Upper Siang District of Arunachal Pradesh,ARUNACHAL PRADESH,Yingkiong Circle,11 K.M. L/Camp,,,,Linear,0.5325,12.5774,13.1099,0.0,0.0,0.0,0.0,0.0,0,0,0,NO,Not applicable as the project or activity is site specific,NO,NO,NO,2023-06-13T18:30:00.000+00:00,,,,false,,,,,,,,,,,,,,,,,,,,,,,,,,,,,,,,,,,"Officer Commanding, 1448 BCC (GREF), C/O-99APO",Tuting,12,Central Government (Department/Autonomous body),Officer Commanding,Tuting,12,,Upper Siang,,https://parivesh.nic.in/dms/okm/downloadDocument?docTypemappingId=40829&refId=4249579&refType=caf&uuid=a8f7e380-eb33-4a76-a6cd-1faf82cfee48&version=1.0;https://parivesh.nic.in/dms/okm/downloadDocument?docTypemappingId=58989&refId=4249579&refType=FC&uuid=75f706fd-55a9-4d24-9738-db709a7a26b0&version=1.1,263983,https://parivesh.nic.in/newupgrade/#/report/ec?proposalId=4259356,369436.0,28447.0
4390083,"Department of Telecommunication, Government of India has recently partnered with Airtel to install telecommunication towers in the rural area of ARUNACHAL PRADESH under its project USOF (Universal Service Obligation Fund)",New,FP/AR/OTHERS/424689/2023,2023-04-03T11:20:57.333+00:00,,DELISTED_BY_SYSTEM,0.0225,50.0,BHARTI AIRTEL ASSAM,,Forest clearance form,,,,Diversion of 0.0225 Hectare of Forest land for construction of Mobile tower under Universal Service Obligation Fund,ARUNACHAL PRADESH,Seijosa ADC,A - 1  Block,,,,Non - Linear,0.0,0.0225,0.0225,0.0,0.0,0.0,0.0,0.0,0,0,0,Not applicable as the project or activity is site specific,,NO,NO,NO,2023-05-03T06:26:53.922+00:00,,,,false,,,,,,,,,,,,,,,,,,,,,,,,,,,,,,,,,,,"Bharti House, 6th mile",Guwahati,18,Private Limited,Manager,guwahati,18,,Pakke Kessang,,https://parivesh.nic.in/dms/okm/downloadDocument?docTypemappingId=40829&refId=4389789&refType=caf&uuid=f9416ff9-58e7-42a1-bf86-37a10bf9838f&version=1.0;https://parivesh.nic.in/dms/okm/downloadDocument?docTypemappingId=58989&refId=4389789&refType=FC&uuid=18d41949-4ea2-4776-9acb-b097b3d24467&version=1.0,261901,https://parivesh.nic.in/newupgrade/#/report/ec?proposalId=4390083,30.0,0.0
4391468,"Department of Telecommunication, Government of India has recently partnered with Airtel to install telecommunication towers in the rural area of ARUNACHAL PRADESH under its project USOF (Universal Service Obligation Fund)",New,FP/AR/OTHERS/424698/2023,2023-04-03T11:49:37.633+00:00,,Pending at DFO for Scrutiny and Recommendation,0.0225,50.0,BHARTI AIRTEL ASSAM,,Forest clearance form,,,,Diversion of 0.0225 Hectare of Forest land for construction of Mobile tower under Universal Service Obligation Fund,ARUNACHAL PRADESH,KOLORIANG HQ,Taba,,,,Non - Linear,0.0,0.0225,0.0225,0.0,0.0,0.0,0.0,0.0,0,0,0,Not applicable as the project or activity is site specific,,NO,NO,NO,2023-11-19T18:30:00.000+00:00,,,,false,,,,,,,,,,,,,,,,,,,,,,,,,,,,,,,,,,,"Bharti House, 6th mile",Guwahati,18,Private Limited,Manager,Guwahati,18,,Kurung Kumey,,https://parivesh.nic.in/dms/okm/downloadDocument?docTypemappingId=40829&refId=4391301&refType=caf&uuid=3983b157-e41f-4af2-8056-8e143888fde7&version=1.0;https://parivesh.nic.in/dms/okm/downloadDocument?docTypemappingId=58989&refId=4391301&refType=FC&uuid=5cf8c841-d48c-4b6d-9e36-2a595e8be3f3&version=1.1,265484,https://parivesh.nic.in/newupgrade/#/report/ec?proposalId=4391468,30.0,0.0
4439268,The proposed 3V line is a sub-project which is conceived under Government of India project namely “Comprehensive scheme of Transmission and Distribution in Arunachal Pradesh” (A Central Sector project funded by Gol),New,FP/AR/TRANS/424941/2023,2023-04-05T09:41:51.094+00:00,,DELISTED_BY_SYSTEM,51.903,430.876,DEPARTMENT OF POWER GOVT OF ARUNACHAL PRADESH,,Forest clearance form,,,,CONSTRUCTION OF 33 KV LINE FROM PROPOSED 33/11 KV HALAIPANI S/STN TO PROPOSED 33/11KV HAYULAING S/STN UNDER COMPREHENSIVE SCHEME FOR STRENGTHENING OF TRANSMISSION AND DISTRIBUTION IN (NER) ARUNACHAL P,ARUNACHAL PRADESH,Hayuliang ADC,Tafraliang,,,,Linear,0.0,51.903,51.903,0.0,0.0,0.0,0.0,0.0,0,0,0,YES,,NO,NO,NO,2023-04-05T10:00:54.591+00:00,,https://parivesh.nic.in/dms/okm/downloadDocument?docTypemappingId=59020&refId=4439267&refType=fc&uuid=5e8feb70-8494-4e0f-9dd2-1ce2cb375cf6&version=1.0,Degraded Forest Land,true,,,,,,,,,,,,,,,,,,,,,,,,,,,,,,,,,,,"Vidyut Bhawan, Ziro Point Tiniali, Itanagar,791111",,12,State Government (Department/Autonomous body),EE,,12,,Anjaw,,https://parivesh.nic.in/dms/okm/downloadDocument?docTypemappingId=40828&refId=4427768&refType=caf&uuid=cca4752d-9f72-4bef-8fb8-128492a710ad&version=1.0;https://parivesh.nic.in/dms/okm/downloadDocument?docTypemappingId=40829&refId=4427768&refType=caf&uuid=a0742fff-984a-4ed4-b473-a478088db2e8&version=1.0;https://parivesh.nic.in/dms/okm/downloadDocument?docTypemappingId=58989&refId=4427768&refType=FC&uuid=f3802a24-3fda-4fdf-a365-ed082ce88b07&version=1.0,,https://parivesh.nic.in/newupgrade/#/report/ec?proposalId=4439268,26070.0,0.0
4815396,Diversion of Land of 0.02 hectare for 4G Network Uncovered villages in the state of Arunachal pradesh,New,FP/AR/OTHERS/427022/2023,2023-04-24T09:59:56.498+00:00,,Final Diversion Order Issued,0.02,133.265,MAHESH NAIR,,Forest clearance form,,,,4G Saturation project Arunachal Pradesh,ARUNACHAL PRADESH,Tezu HQ,Jeinko,,,,Hybrid,0.0,0.02,0.02,0.0,0.0,0.0,0.0,0.0,0,0,0,Not applicable as the project or activity is site specific,,YES,NO,NO,2023-11-01T18:30:00.000+00:00,,,,false,,,,,,,,,,,,,,,,,,,,,,,,,,,,,,,,,,,"General Manager Telecom, BSNL Bhavan, Thiruvalla",GM BSNL Itanagar,12,"Central PSU (eg. NHAI, AAI, NTP, CIL, SAIL)",Divisional Engineer BSS TLA,GM BSNL Itanagar,12,,Lohit,,https://parivesh.nic.in/dms/okm/downloadDocument?docTypemappingId=40829&refId=3113523&refType=caf&uuid=cf4c27ee-2cf8-45e5-b21b-a15de451d104&version=1.0;https://parivesh.nic.in/dms/okm/downloadDocument?docTypemappingId=58989&refId=3113523&refType=FC&uuid=2b87cc97-d916-40f9-ac5b-00b8cd947369&version=1.8,266402,https://parivesh.nic.in/newupgrade/#/report/ec?proposalId=4815396,20.0,5.0
4815852,Diversion of Land of 0.02 hectare for 4G Network Uncovered villages in the state of Arunachal pradesh,New,FP/AR/OTHERS/427028/2023,2023-04-24T10:10:32.000+00:00,,DELISTED_BY_SYSTEM,0.02,133.265,MAHESH NAIR,,Forest clearance form,,,,4G Saturation project Arunachal Pradesh,ARUNACHAL PRADESH,Tezu HQ,Jeinko,,,,Hybrid,0.0,0.02,0.02,0.0,0.0,0.0,0.0,0.0,0,0,0,Not applicable as the project or activity is site specific,,YES,NO,NO,2023-08-28T09:34:00.942+00:00,,,,false,,,,,,,,,,,,,,,,,,,,,,,,,,,,,,,,,,,"General Manager Telecom, BSNL Bhavan, Thiruvalla",GM BSNL Itanagar,12,"Central PSU (eg. NHAI, AAI, NTP, CIL, SAIL)",Divisional Engineer BSS TLA,GM BSNL Itanagar,12,,Lohit,,https://parivesh.nic.in/dms/okm/downloadDocument?docTypemappingId=40829&refId=3113523&refType=caf&uuid=cf4c27ee-2cf8-45e5-b21b-a15de451d104&version=1.0;https://parivesh.nic.in/dms/okm/downloadDocument?docTypemappingId=58989&refId=3113523&refType=FC&uuid=897e45ae-4f8b-4662-abc3-83f7f592efb1&version=1.6,266402,https://parivesh.nic.in/newupgrade/#/report/ec?proposalId=4815852,20.0,5.0
4908382,Establishment of petrol pump at Banderdewa.,New,FP/AR/PetrolPump/427408/2023,2023-04-27T11:24:50.523+00:00,2026-04-10T10:24:17.325+00:00,Final Diversion Order Issued,0.1034,15.0,TAI YAGAK,,Forest clearance form,,,,Establishment of petrol pump at Banderdewa.,ARUNACHAL PRADESH,Gumto Circle,Gumto - I,,,,Non - Linear,0.0,0.1034,0.1034,0.0,0.0,0.0,0.0,0.0,0,0,0,Not applicable as the project or activity is site specific,,NO,NO,NO,2023-06-01T18:30:00.000+00:00,,,Degraded Forest Land,true,,,,,,,,,,,,,,,,,,,,,,,,,,,,,,,,,,,"DO: Tai Tara, Sangram, Peel, Kurung Kumey,791118",,12,Individual,Properitorship,,12,,Papum Pare,,https://parivesh.nic.in/dms/okm/downloadDocument?docTypemappingId=40829&refId=4908006&refType=caf&uuid=2e02e641-0009-446d-baa0-3fe0b2822a48&version=1.0;https://parivesh.nic.in/dms/okm/downloadDocument?docTypemappingId=58989&refId=4908006&refType=FC&uuid=66104fc2-2647-4efc-94af-b48034d3ca6d&version=1.3;https://parivesh.nic.in/dms/okm/downloadDocument?docTypemappingId=58989&refId=4908006&refType=FC&uuid=99d162aa-5848-4d2d-84a5-4e58385eafee&version=1.1,262518,https://parivesh.nic.in/newupgrade/#/report/ec?proposalId=4908382,2195.0,733.0
5225628,Forest clearance is required for the subject piece of land of Dr. Tamwang Lowang for Establishment of BPCL Retail Outlet dealership at Location Deomali not on NH (within 4KM radius of M/s Changun Agency on Arunachal side) at Deomali in Tirap District.,New,FP/AR/PetrolPump/428725/2023,2023-05-09T11:39:37.745+00:00,,REMOVED,0.25,40.0,TAMWANG LOWANG,,Forest clearance form,,,,BPCL Retail Outlet at Location Deomali not on NH (within 4 KM radius of M/s Changun Agency on Arunachal side) at Deomali in Tirap District,ARUNACHAL PRADESH,Deomali ADC,Namsangmukh,,,,Non - Linear,0.0,0.25,0.25,0.0,0.0,0.0,0.0,0.0,0,0,0,Not applicable as the project or activity is site specific,,NO,NO,NO,2023-05-08T18:30:00.000+00:00,,,Degraded Forest Land,true,,,,,,,,,,,,,,,,,,,,,,,,,,,,,,,,,,,Niti Vihar Banglow No.12 Near Satsang,Deomali,12,Individual,Proprietor,,12,,Tirap,,https://parivesh.nic.in/dms/okm/downloadDocument?docTypemappingId=40829&refId=5219762&refType=caf&uuid=7d5f5c12-8201-493c-8297-019e0c79d920&version=1.0;https://parivesh.nic.in/dms/okm/downloadDocument?docTypemappingId=58989&refId=5219762&refType=FC&uuid=ef02a53e-9315-460f-af74-6da9fdf10c94&version=1.3,264416,https://parivesh.nic.in/newupgrade/#/report/ec?proposalId=5225628,1515.0,1515.0
5404581,Establishment of BPCL Retail Outlet Dealership (Petrol Pump) within 5 KM from Bhairakunda Check Gate on Assam- Arunachal Border in West Kameng District,New,FP/AR/PetrolPump/429554/2023,2023-05-17T09:58:06.019+00:00,,Final Diversion Order Issued,0.08,25.0,TASHI WANGCHU,,Forest clearance form,,,,Establishment of BPCL Retail Outlet Dealership (Petrol Pump) within 5 KM from Bhairakunda Check Gate on Assam- Arunachal Border in West Kameng District,ARUNACHAL PRADESH,Balemu,Kharumali,,,1,Non - Linear,0.0,0.08,0.08,0.0,0.0,0.0,0.0,0.0,0,0,0,Not applicable as the project or activity is site specific,,NO,NO,NO,2023-05-17T10:13:03.283+00:00,,,Degraded Forest Land,true,,,,,,,,,,,,,,,,,,,,,,,,,,,,,,,,,,,"Village shamphung, PO/PS Kalaktang",Shampung,12,Individual,Proprietor,Shamphung,12,,West Kameng,1,https://parivesh.nic.in/dms/okm/downloadDocument?docTypemappingId=40829&refId=5393780&refType=caf&uuid=f18740a0-f75b-4209-9319-cf3967aba251&version=1.3;https://parivesh.nic.in/dms/okm/downloadDocument?docTypemappingId=58989&refId=5393780&refType=FC&uuid=53a2e925-2764-49e0-894d-be45621cdaf8&version=1.0,261888,https://parivesh.nic.in/newupgrade/#/report/ec?proposalId=5404581,1280.0,1280.0
5668876,"Construction of 132kV S/c on D/c Tower from Roing to Anini TL under CSST&DS,Arunachal Pradesh",New,FP/AR/TRANS/431061/2023,2023-05-27T06:06:57.696+00:00,,Final Diversion Order Issued,231.452,3.19945,TADURAM DARANG,,Forest clearance form,,,,Construction of 132kV S/c on D/c Tower from Roing to Anini under Comprehensive Scheme for Strengthening of Transmission & Distribution in Arunachal Pradesh.,ARUNACHAL PRADESH,Anelih,11 K.M. Point,,,,Linear,0.0,231.452,231.452,0.0,0.0,0.0,0.0,0.0,0,0,0,YES,,NO,NO,NO,2023-05-27T13:07:35.915+00:00,,https://parivesh.nic.in/dms/okm/downloadDocument?docTypemappingId=59020&refId=5668875&refType=fc&uuid=86faff04-4956-4763-a73e-8f938cb1620a&version=1.0,Degraded Forest Land,true,,,,,,,,,,,,,,,,,,,,,,,,,,,,,,,,,,,"Department of Power
Office of the Chief Engineer (Power)
Vidyut Bhawan, First Floor 
0 Point Itanagar
791111",,12,Individual,Executive Engineer,,12,,Upper Dibang Valley,,https://parivesh.nic.in/dms/okm/downloadDocument?docTypemappingId=40828&refId=5659376&refType=caf&uuid=f2bbb1c5-8120-4958-ad6c-33d0cb69844a&version=1.0;https://parivesh.nic.in/dms/okm/downloadDocument?docTypemappingId=40829&refId=5659376&refType=caf&uuid=bd7a4535-f94e-4cb2-a095-71a37f70e51f&version=1.0;https://parivesh.nic.in/dms/okm/downloadDocument?docTypemappingId=58989&refId=5659376&refType=FC&uuid=28b8b903-6863-4844-8ae0-af29b6c8e921&version=1.6;https://parivesh.nic.in/dms/okm/downloadDocument?docTypemappingId=58989&refId=5659376&refType=FC&uuid=9e3abe95-3a0d-4338-aaa6-1581bf20562e&version=1.0,,https://parivesh.nic.in/newupgrade/#/report/ec?proposalId=5668876,89925.0,76650.0
5770460,"The Location KHAR is proposed in village-Injan of dist. Changlang of Arunachal Pradesh, in North Kharsang structure to explore the Girujan reservoirs as the primary target and Namsang as the secondary target.",New,FP/AR/MINOIL/431651/2023,2023-05-31T09:01:56.211+00:00,2026-04-02T14:34:48.225+00:00,Final Diversion Order Issued,3.33,1964.0,OIL INDIA LIMITED,,Forest clearance form,,,,"Diversion of 3.33 Ha. of Forest land for drilling at Location KHAR in the Namphur Reserve Forest under Nampong Forest division, Arunachal Pradesh",ARUNACHAL PRADESH,Kharsang Circle,Injan,,,,Non - Linear,0.0,3.33,3.33,0.0,0.0,0.0,0.0,0.0,0,0,0,Not applicable as the project or activity is site specific,,NO,NO,NO,2023-06-06T18:30:00.000+00:00,,,Degraded Forest Land,true,,,,,,,,,,,,,,,,,,,,,,,,,,,,,,,,,,,"OIL INDIA LIMITED 
DULIAJAN
District  : Dibrugarh",,18,"Central PSU (eg. NHAI, AAI, NTP, CIL, SAIL)",EXECUTIVE DIRECTOR (HSE),,18,,Changlang,,https://parivesh.nic.in/dms/okm/downloadDocument?docTypemappingId=40829&refId=5769922&refType=caf&uuid=c23c34eb-272e-47e8-961a-784d5bddd75f&version=1.0;https://parivesh.nic.in/dms/okm/downloadDocument?docTypemappingId=58989&refId=5769922&refType=FC&uuid=43d46041-d6ea-4eee-96c6-d6214345818f&version=1.0,264320,https://parivesh.nic.in/newupgrade/#/report/ec?proposalId=5770460,300.0,12240.0
5921942,"The project executed by Border Road Organization is of national importance. The road is to be developed  for two lane NH specification with hard shoulders, on EPC mode. Total length is 28.543 km, starts from Taliha to Tato.",New,FP/AR/ROAD/432450/2023,2023-06-06T11:40:41.213+00:00,,DELISTED_BY_SYSTEM,86.8455,33607.0,Ministry of Defense,,Forest clearance form,,,,Preparation of DPR for balance work on EPC mode under Phase-A of SARDP-NE in the State of Arunachal Pradesh for Taliha-Tato road from km 0.00 to km 28.543 to NHDL specification in sector of 77 RCC/23 BRTF under project Arunank.,ARUNACHAL PRADESH,Taliha ADC,Taliha H.Q.,,,Muck site 1,Non - Linear,0.0,86.8455,86.8455,0.0,0.0,0.0,0.0,0.0,0,0,0,NO,The proposed alignment is the most feasible site for the road construction.,NO,NO,NO,2023-07-25T10:43:10.044+00:00,,https://parivesh.nic.in/dms/okm/downloadDocument?docTypemappingId=59020&refId=5921941&refType=fc&uuid=dc090109-9429-4e45-a8fe-b08b09ae0a26&version=1.0,Degraded Forest Land,true,,,,,,,,,,,,,,,,,,,,,,,,,,,,,,,,,,,"Officer Commanding, 77 RCC(GREF), C/o 99APO",Daporijo,12,Central Government (Department/Autonomous body),Executive Engineer,Daporijo,12,,Upper Subansiri,Muck site 1,https://parivesh.nic.in/dms/okm/downloadDocument?docTypemappingId=40829&refId=5904077&refType=caf&uuid=327e3a22-a591-40e1-ab8d-15e65090d890&version=1.5;https://parivesh.nic.in/dms/okm/downloadDocument?docTypemappingId=58989&refId=5904077&refType=FC&uuid=ff4a41c4-a41c-4ec7-80bd-fb333e357b97&version=1.8,262984,https://parivesh.nic.in/newupgrade/#/report/ec?proposalId=5921942,25185.0,24076.0
6116885,"The Taliha to Tato road is of total length 90.577 km which is divided into two packages i.e. Package-I (from 28.543  km to 80.000 km of 51.457 km package length) & Package-II (from 80.000 km to 119.120 km of 39.120 km package length). Taliha - Tato road alignment will connect the Subansiri valley to Siyom valley. This will serve as an interlink between Subansiri and Siyom river basins and will help lateral connectivity to five administrative circle headquarters of Mechukha, Manigong, Payum, Tato and Kaying in Siyom valley of West Siang District with Daporijo, Taliha and Nacho in Subansiri valley of Upper Subansari District in Arunachal Pradesh. This Forest Clearance proposal is for the Package-I (28.543 km to 80.000 km)",New,FP/AR/ROAD/433407/2023,2023-06-14T12:21:39.383+00:00,,DELISTED_BY_SYSTEM,209.18,90998.6,Ministry of Defense,,Forest clearance form,,,,"UP-GRADATION TO TWO LANE WITH HARD SHOULDER NH CONFIGURATION OF TALIHA–TATO ROAD FROM KM. 28.543 TO KM. 80.000 ON ENGINEERING, PROCUREMENT AND CONSTRUCTION (EPC) MODE UNDER SARDP-NE IN THE STATE OF ARUNACHAL PRADESH BY BRO",ARUNACHAL PRADESH,Taliha ADC,Taliha H.Q.,,,PRoW,Linear,0.0,209.18,209.18,0.0,0.0,0.0,0.0,0.0,0,0,0,Not applicable as the project or activity is site specific,,NO,NO,NO,2023-06-14T14:14:59.072+00:00,,https://parivesh.nic.in/dms/okm/downloadDocument?docTypemappingId=59020&refId=6116884&refType=fc&uuid=684cd798-b8cd-4716-afb1-fe63d4ec15f4&version=1.0,Degraded Forest Land,true,,,,,,,,,,,,,,,,,,,,,,,,,,,,,,,,,,,"Officer Commanding, 77 RCC(GREF), C/o 99APO",Daporjio,12,Central Government (Department/Autonomous body),Officer Commanding,Daporjio,12,,Upper Subansiri,PRoW,https://parivesh.nic.in/dms/okm/downloadDocument?docTypemappingId=40829&refId=6115311&refType=caf&uuid=153c9c95-1dce-46fa-a893-3be9814e7712&version=1.0;https://parivesh.nic.in/dms/okm/downloadDocument?docTypemappingId=58989&refId=6115311&refType=FC&uuid=1a14ac28-87b2-4cda-a545-b9b0f683b9bb&version=1.0;https://parivesh.nic.in/dms/okm/downloadDocument?docTypemappingId=58989&refId=6115311&refType=FC&uuid=e25b5f7f-4d9f-45b2-a59f-1bee983a4c74&version=1.0,262984,https://parivesh.nic.in/newupgrade/#/report/ec?proposalId=6116885,1038094.0,5402985.0
6138210,"The Taliha to Tato road is of total length 90.577 km which is divided into two packages i.e. Package-I (from 28.543 km to 80.000 km of 51.457 km package length) & Package-II (from 80.000 km to 119.120 km of 39.120 km package length). Taliha - Tato road alignment will connect the Subansiri valley to Siyom valley. This will serve as an interlink between Subansiri and Siyom river basins and will help lateral connectivity to five administrative circle headquarters of Mechukha, Manigong, Payum, Tato and Kaying in Siyom valley of West Siang District with Daporijo, Taliha and Nacho in Subansiri valley of Upper Subansari District in Arunachal Pradesh. This Forest Clearance proposal is for the Package-II (80.000 km to 119.120 km)",New,FP/AR/ROAD/433507/2023,2023-06-15T10:44:44.028+00:00,,DELISTED_BY_SYSTEM,202.73,69181.4,Ministry of Defense,,Forest clearance form,,,,"UP-GRADATION TO TWO LANE WITH HARD SHOULDER NH CONFIGURATION OF TATO–TALIHA ROAD FROM KM. 80.000 TO KM. 119.120 ON ENGINEERING, PROCUREMENT AND CONSTRUCTION (EPC) MODE UNDER SARDP-NE IN THE STATE OF ARUNACHAL PRADESH BY BRO",ARUNACHAL PRADESH,Mechuka ADC,Mechuka H.Q.,,,M9-17,Linear,0.0,202.73,202.73,0.0,0.0,0.0,0.0,0.0,0,0,0,Not applicable as the project or activity is site specific,,NO,NO,NO,2023-06-15T12:07:23.326+00:00,,https://parivesh.nic.in/dms/okm/downloadDocument?docTypemappingId=59020&refId=6138209&refType=fc&uuid=2ff877ef-1957-4fd4-bfda-bb5a023e55cc&version=1.0,Degraded Forest Land,true,,,,,,,,,,,,,,,,,,,,,,,,,,,,,,,,,,,"Officer Commanding, 77 RCC(GREF), C/o 99APO",Daporjio,12,Central Government (Department/Autonomous body),Officer Commanding,Daporjio,12,,Shi Yomi,M9-17,https://parivesh.nic.in/dms/okm/downloadDocument?docTypemappingId=40829&refId=6137870&refType=caf&uuid=6dfafe05-f014-48b5-80f2-72816eefe24a&version=1.0;https://parivesh.nic.in/dms/okm/downloadDocument?docTypemappingId=58989&refId=6137870&refType=FC&uuid=cd57767f-3496-40c8-bbc9-b46b286e6a27&version=1.0,263348,https://parivesh.nic.in/newupgrade/#/report/ec?proposalId=6138210,789207.0,4107600.0
6550857,Proposal for Diversion of forest land measuring 0.27 Ha for construction of SV-01 Station for day-to-day monitoring and control of pipeline operation for Gohpur – Itanagar Pipeline Project,New,FP/AR/OTHERS/435643/2023,2023-07-05T05:07:47.210+00:00,,Final Diversion Order Issued,0.27,400.0,INDRADHANUSH GAS GRID LIMITED,,Forest clearance form,,,,Proposal for Diversion of forest land measuring 0.27 Ha for construction of SV-01 Station for Gohpur – Itanagar Pipeline Project,ARUNACHAL PRADESH,Banderdawa,Balijan Karbi,,,,Non - Linear,0.0,0.27,0.27,0.0,0.0,0.0,0.0,0.0,0,0,0,Not applicable as the project or activity is site specific,,NO,NO,NO,2023-09-18T18:30:00.000+00:00,,,,false,,,,,,,,,,,,,,,,,,,,,,,,,,,,,,,,,,,"5th Floor, Central Mall, Christian Basti, G. S. Road, Guwahati",Guwahati,18,"Central PSU (eg. NHAI, AAI, NTP, CIL, SAIL)",Chief Project Manager,Guwahati,18,,Papum Pare,,https://parivesh.nic.in/dms/okm/downloadDocument?docTypemappingId=40829&refId=6550588&refType=caf&uuid=cf8a973f-3c18-4a21-a760-78b1f1ca10d8&version=1.0;https://parivesh.nic.in/dms/okm/downloadDocument?docTypemappingId=58989&refId=6550588&refType=FC&uuid=33aa8331-6afd-46d7-ac59-f7fe2e20e256&version=1.0,262288,https://parivesh.nic.in/newupgrade/#/report/ec?proposalId=6550857,2640.0,21600.0
6554073,Proposal for Diversion of forest land measuring 0.80 Ha for construction of RT Station for day-to-day monitoring and control of pipeline operation for Gohpur – Itanagar Pipeline Project,New,FP/AR/OTHERS/435653/2023,2023-07-05T06:20:18.481+00:00,,Final Diversion Order Issued,0.8,600.0,INDRADHANUSH GAS GRID LIMITED,,Forest clearance form,,,,Proposal for Diversion of forest land measuring 0.80 Ha for construction of RT Station for Gohpur – Itanagar Pipeline Project,ARUNACHAL PRADESH,Banderdawa,Chakma - IX,,,,Non - Linear,0.0,0.8,0.8,0.0,0.0,0.0,0.0,0.0,0,0,0,Not applicable as the project or activity is site specific,,NO,NO,NO,2023-09-18T18:30:00.000+00:00,,,,false,,,,,,,,,,,,,,,,,,,,,,,,,,,,,,,,,,,"5th Floor, Central Mall, Christian Basti, G. S. Road, Guwahati",Guwahati,18,"Central PSU (eg. NHAI, AAI, NTP, CIL, SAIL)",Chief Project Manager,Guwahati,18,,Papum Pare,,https://parivesh.nic.in/dms/okm/downloadDocument?docTypemappingId=40829&refId=6553772&refType=caf&uuid=d84dbba8-5374-4c2a-a431-042f563d2832&version=1.0;https://parivesh.nic.in/dms/okm/downloadDocument?docTypemappingId=58989&refId=6553772&refType=FC&uuid=c34ceedd-bb3d-431f-a12e-11cd5f2653cb&version=1.3,262301,https://parivesh.nic.in/newupgrade/#/report/ec?proposalId=6554073,4500.0,75600.0
6558377,Establishment of New Ammunition Storage Shelter & Gun Position at Bruni near ITBP Camp.,Expansion,WL/AR/SRY/435673/2023,2023-07-05T07:46:10.537+00:00,,,0.0,2230.0,Ministry of Defense,,Wildlife clearance form,,,,Establishment of New Amn Shelter & Gun Position - Bruni,ARUNACHAL PRADESH,Anini,NA,,,,Non - Linear,0.0,0.0,0.0,0.0,1.6,1.6,2230.0,0.0,0,0,0,Not applicable as the project or activity is site specific,,NO,NO,NO,2023-07-05T08:03:35.578+00:00,,,,,,,,,,,,,,,,,,,,,,,,,,,,,,,,,,,,,,,,,,,,,,,Upper Dibang Valley,,https://parivesh.nic.in/dms/okm/downloadDocument?docTypemappingId=40829&refId=4186993&refType=caf&uuid=3cf6bd51-6e51-4164-8e5f-5ec5bcb85327&version=1.4,"",https://parivesh.nic.in/newupgrade/#/report/ec?proposalId=6558377,15.0,0.0
6575329,Preparation of Gun Area and Ammunition Shelters for deployment of Guns (during hotwar) & stocking of Ammunition.,New,WL/AR/SRY/435757/2023,2023-07-05T15:35:02.313+00:00,,,1.6,2230.0,Ministry of Defense,,Wildlife clearance form,,,,Preparation of Gun Area and Construction of Ammunition Shelters at Bruni (Near ITBP Camp),ARUNACHAL PRADESH,Anini,NA,,,,Non - Linear,0.0,1.6,1.6,0.0,0.0,0.0,0.0,0.0,0,0,0,Not applicable as the project or activity is site specific,,NO,NO,NO,2023-07-07T04:48:03.873+00:00,,,,,,,,,,,,,,,,,,,,,,,,,,,,,,,,,,,,,,,,,,,,,,,Upper Dibang Valley,,https://parivesh.nic.in/dms/okm/downloadDocument?docTypemappingId=40829&refId=4255180&refType=caf&uuid=f93519ee-ec37-4e9c-bc21-fde3e30e144d&version=1.0,"",https://parivesh.nic.in/newupgrade/#/report/ec?proposalId=6575329,3840.0,3840.0
6623929,"Diversion of 4.72 Ha of Forest land for constructions of Panyor HEP (24.75 MW) being developed by M/s. Panyor Hydro Power Private Limited in Lower Subansari District, Arunachal Pradesh",New,FP/AR/HYD/IRRIG/435964/2023,2023-07-07T10:37:25.178+00:00,,Pending at DFO for Compensatory Levies,23.2,325.0,PANYOR HYDRO POWER PRIVATE LIMITED,,Forest clearance form,,,,Panyor Hydro Electic Project (24.75MW),ARUNACHAL PRADESH,Yazali Circle,Kuch-Kut,,,,Non - Linear,18.48,4.72,23.2,0.0,0.0,0.0,0.0,0.0,0,0,0,Not applicable as the project or activity is site specific,,NO,NO,NO,2023-07-07T13:06:35.406+00:00,,,Degraded Forest Land,true,,,,,,,,,,,,,,,,,,,,,,,,,,,,,,,,,,,B SECTOR NAHARLAGUN,,12,Private Limited,Director,Hapoli,12,,Lower Subansiri,,https://parivesh.nic.in/dms/okm/downloadDocument?docTypemappingId=40829&refId=6492734&refType=caf&uuid=af245568-5f5c-4d26-a58f-a57944d70f95&version=1.0;https://parivesh.nic.in/dms/okm/downloadDocument?docTypemappingId=58989&refId=6492734&refType=FC&uuid=010b05b2-2205-4ebc-a019-54338d53097c&version=1.0,264944,https://parivesh.nic.in/newupgrade/#/report/ec?proposalId=6623929,132850.0,369000.0
6682232,Preparation of Gun Area and Ammunition shelters for deployment of Guns (during hotwar) & stocking of Ammunition,New,FP/AR/OTHERS/436237/2023,2023-07-10T14:29:45.065+00:00,,DELISTED_BY_SYSTEM,1.6,2230.0,Ministry of Defense,,Forest clearance form,,,,Establishment of New Amn Shelters & Gun Position - Bruni,ARUNACHAL PRADESH,Anini,NA,,,,Non - Linear,0.0,1.6,1.6,0.0,0.0,0.0,0.0,0.0,0,0,0,Not applicable as the project or activity is site specific,,NO,NO,NO,2023-08-29T18:30:00.000+00:00,,,,false,,,,,,,,,,,,,,,,,,,,,,,,,,,,,,,,,,,"Quarter Master, 1861 Medium Regiment
PIN-921861
c/o 99 APO",Dinjan Military Camp,18,Central Government (Department/Autonomous body),Quarter Master,Dinjan Military Camp,18,,Upper Dibang Valley,,https://parivesh.nic.in/dms/okm/downloadDocument?docTypemappingId=40829&refId=6630646&refType=caf&uuid=59df0d39-b8f1-4fdc-980a-c5902c4a08bc&version=1.2;https://parivesh.nic.in/dms/okm/downloadDocument?docTypemappingId=58989&refId=6630646&refType=FC&uuid=53c8db3a-c07c-4eea-b616-97e80f7a6032&version=1.0,"",https://parivesh.nic.in/newupgrade/#/report/ec?proposalId=6682232,2880.0,2880.0
6732125,"Regularization  of existing re-rolling mill and induction furnace at Banderdewa, District Papum Pare, Arunachal Pradesh-791123",New,SIA/AR/IND1/436453/2023,2023-07-12T08:47:53.963+00:00,,TOR GRANTED,0.6,384.0,SATYAM STEELS & ALLOYS,,Environment clearance form,TOR,B1,Metallurgical Industries (ferrous and non ferrous),M/s Satyam Steel and Alloys for regularization of the existing manufacturing unit of TMT Bars(28500 MTPA) and M.S Ingot/Billets (30000 MTPA) products with induction furnace and rolling mill,ARUNACHAL PRADESH,Banderdawa,Banderdewa,SIA/AR/IND1/436453/2023,SIA/AR/IND1/436453/2023,DC/LM/LPC-036/05,Hybrid,0.6,0.0,0.6,0.0,0.0,0.0,0.0,0.0,0,0,0,Not applicable as the project or activity is site specific,,NO,NO,NO,2023-07-14T11:23:18.263+00:00,,,,,,,,,,,,,,,,,,,,,,,,,,,,,,,,,,,,,,,,,,,,,,,Papum Pare,DC/LM/LPC-036/05,https://parivesh.nic.in/dms/okm/downloadDocument?docTypemappingId=40829&refId=6729972&refType=caf&uuid=3ac47536-b615-4af1-b62d-a628bc44383d&version=1.0,0,https://parivesh.nic.in/newupgrade/#/report/ec?proposalId=6732125,0.0,75100.0
6758929,"Department of Telecommunication, Government of India has recently partnered with Airtel to install telecommunication towers in the rural area of ARUNACHAL PRADESH under its project USOF (Universal Service Obligation Fund)",New,FP/AR/OTHERS/436567/2023,2023-07-13T07:00:40.826+00:00,,DELISTED_BY_SYSTEM,0.0225,50.0,BHARTI AIRTEL ASSAM,,Forest clearance form,,,,Name of the Project Diversion of 0.0225 Hectare of Forest land for construction of Mobile tower under Universal Service Obligation Fund for Provision of Mobile Services,ARUNACHAL PRADESH,Miao ADC,Khagam Singpho,,,,Non - Linear,0.0,0.0225,0.0225,0.0,0.0,0.0,0.0,0.0,0,0,0,Not applicable as the project or activity is site specific,,NO,NO,NO,2023-12-13T18:30:00.000+00:00,,,,false,,,,,,,,,,,,,,,,,,,,,,,,,,,,,,,,,,,"Bharti House, 6th mile",guwahati,18,Private Limited,Manager,guwahati,18,,Changlang,,https://parivesh.nic.in/dms/okm/downloadDocument?docTypemappingId=40829&refId=6758670&refType=caf&uuid=2420fb41-59a0-4a9e-93db-3cb4b1a4ed08&version=1.0;https://parivesh.nic.in/dms/okm/downloadDocument?docTypemappingId=58989&refId=6758670&refType=FC&uuid=e372abb3-9461-4663-b5a4-51ef048df1bd&version=1.0,264256,https://parivesh.nic.in/newupgrade/#/report/ec?proposalId=6758929,30.0,0.0
6759934,"Department of Telecommunication, Government of India has recently partnered with Airtel to install telecommunication towers in the rural area of ARUNACHAL PRADESH under its project USOF (Universal Service Obligation Fund)",New,FP/AR/OTHERS/436573/2023,2023-07-13T07:16:16.988+00:00,,DELISTED_BY_SYSTEM,0.0225,50.0,BHARTI AIRTEL ASSAM,,Forest clearance form,,,,Name of the Project Diversion of 0.0225 Hectare of Forest land for construction of Mobile tower under Universal Service Obligation Fund for Provision of Mobile Services at nibodi Village,ARUNACHAL PRADESH,Miao ADC,NA,,,,Non - Linear,0.0,0.0225,0.0225,0.0,0.0,0.0,0.0,0.0,0,0,0,Not applicable as the project or activity is site specific,,NO,NO,NO,2023-12-13T18:30:00.000+00:00,,,,false,,,,,,,,,,,,,,,,,,,,,,,,,,,,,,,,,,,"Bharti House, 6th mile",guwahati,18,Private Limited,Manager,guwahati,18,,Changlang,,https://parivesh.nic.in/dms/okm/downloadDocument?docTypemappingId=40829&refId=6759797&refType=caf&uuid=30081967-a31e-4cd4-ac19-7511cf06d208&version=1.0;https://parivesh.nic.in/dms/okm/downloadDocument?docTypemappingId=58989&refId=6759797&refType=FC&uuid=8d09b660-d6bd-45c9-a4ca-eb45b1c55c1e&version=1.0,"",https://parivesh.nic.in/newupgrade/#/report/ec?proposalId=6759934,30.0,0.0
6760481,"Department of Telecommunication, Government of India has recently partnered with Airtel to install telecommunication towers in the rural area of ARUNACHAL PRADESH under its project USOF (Universal Service Obligation Fund)",New,FP/AR/OTHERS/436576/2023,2023-07-13T07:25:17.184+00:00,,DELISTED_BY_SYSTEM,0.0225,50.0,BHARTI AIRTEL ASSAM,,Forest clearance form,,,,Name of the Project Diversion of 0.0225 Hectare of Forest land for construction of Mobile tower under Universal Service Obligation Fund for Provision of Mobile Services at Denben Village,ARUNACHAL PRADESH,Miao ADC,NA,,,,Non - Linear,0.0,0.0225,0.0225,0.0,0.0,0.0,0.0,0.0,0,0,0,Not applicable as the project or activity is site specific,,NO,NO,NO,2023-12-13T18:30:00.000+00:00,,,,false,,,,,,,,,,,,,,,,,,,,,,,,,,,,,,,,,,,"Bharti House, 6th mile",guwahati,18,Private Limited,Manager,guwahati,18,,Changlang,,https://parivesh.nic.in/dms/okm/downloadDocument?docTypemappingId=40829&refId=6760334&refType=caf&uuid=4bb9769e-d462-4fa1-970e-0c7191d32aec&version=1.0;https://parivesh.nic.in/dms/okm/downloadDocument?docTypemappingId=58989&refId=6760334&refType=FC&uuid=838bde4b-b981-49db-b37d-f6283201ceaa&version=1.0,"",https://parivesh.nic.in/newupgrade/#/report/ec?proposalId=6760481,30.0,0.0
6887535,Manufacturer of MS INGOT and TMT Bars of capacity 67200 and 74400 MTPA respectively,New,SIA/AR/IND1/437136/2023,2023-07-18T07:15:03.747+00:00,,EDS raised,5.38,1326.0,SATYAM ISPAT (NORTH EAST) LIMITED,,Environment clearance form,TOR,B1,Metallurgical Industries (ferrous and non ferrous),Regularisation of existing manufacturing unit- SATYAM ISPAT(NORTH EAST) LIMITED that produces MS ingots of capacity 67200 MTPA and TMT Bars of capacity 74400 MTPA.,ARUNACHAL PRADESH,Narayanpur,Achi Hapa,SIA/AR/IND1/437136/2023,SIA/AR/IND1/437136/2023,LPC provided,Hybrid,5.38,0.0,5.38,0.0,0.0,0.0,0.0,0.0,0,0,0,Not applicable as the project or activity is site specific,,NO,NO,NO,2023-07-18T08:42:44.818+00:00,,,,,,,,,,,,,,,,,,,,,,,,,,,,,,,,,,,,,,,,,,,,,,,Lakhimpur,LPC provided,https://parivesh.nic.in/dms/okm/downloadDocument?docTypemappingId=40829&refId=6886130&refType=caf&uuid=fcfb2b6d-fdfe-41be-b8fe-740df321b519&version=1.0,262328,https://parivesh.nic.in/newupgrade/#/report/ec?proposalId=6887535,0.0,60050.0
7418101,"The NEC has directed to construct road from Thongleng PMGSY road to Thangaphey Pilgrimage Centre to MDR Standard Specification to give proper connectivity which benefited the Pan Arunachal Pradesh under NESIDS (Road)
Therefore, this Road Project initiate to new construction Road with carriageway width of 5.50 Mtrs to provide better transportation and communication facilities to many villages falling under this stretch, viz. Thongleng, Sakur, Thillam, Pamaghar and Kudung in Arunachal Pradesh as a whole.
All efforts were made to locate alternate area new alignment having a length of 21.00 Km, of the area is fall under the jurisdiction of DFO, Tawang Forest Division, Tawang. No other alternate areas were available hence the alignment proposed is based on the actual of the forest area. 
There will not be any losses on this account as diversion of the forest land to this project will not affect any house or structure under the project “CONSTRUCTION OF ROAD FROM THONGLENG PMGSY ROAD TO THANG",New,FP/AR/ROAD/439451/2023,2023-08-06T16:01:46.401+00:00,,DELISTED_BY_SYSTEM,16.8,5962.0,Public Works Department,,Forest clearance form,,,,PROPOSAL FOR FOREST CLEARANCE FOR THE CONSTRUCTION OF ROAD FROM THONGLENG PMGSY ROAD TO THANGAPEY PILGRIMAGE CENTRE (21.00 Km) FOR EXECUTATION IN EPC MODE AT TAWANG DISTRICT IN THE STATE OF ARUNACHAL PRADESH UNDER NESIDS.,ARUNACHAL PRADESH,Lumla ADC,Pamaghar,,,1,Linear,0.0,16.8,16.8,0.0,0.0,0.0,0.0,0.0,0,0,0,Not applicable as the project or activity is site specific,,NO,NO,NO,2023-10-19T18:30:00.000+00:00,,https://parivesh.nic.in/dms/okm/downloadDocument?docTypemappingId=59020&refId=7418100&refType=fc&uuid=4a4f1b88-403d-466f-ac10-0c6538431a03&version=1.0,Degraded Forest Land,true,,,,,,,,,,,,,,,,,,,,,,,,,,,,,,,,,,,"Office of the Executive Engineer
Lumla PWD Division","Thongleng, Sakur, Thillam, Pamaghar, Kudung and Lumla",12,State Government (Department/Autonomous body),Executive Engineer,Lumla,12,,Tawang,1,https://parivesh.nic.in/dms/okm/downloadDocument?docTypemappingId=40829&refId=7212515&refType=caf&uuid=bb154a74-605b-47a3-8cae-eac42f9a260c&version=1.0;https://parivesh.nic.in/dms/okm/downloadDocument?docTypemappingId=58989&refId=7212515&refType=FC&uuid=817a989a-ff41-498d-b3f7-ffc8d8414951&version=1.2,261488,https://parivesh.nic.in/newupgrade/#/report/ec?proposalId=7418101,13510.0,13510.0
7780429,"It is a run-off-the river scheme with diurnal peaking power benefits, envisages utilization of water of Emra River. The scheme includes construction of a 113 m high concrete dam and would utilize about 207.55 cumec discharge with a gross head of 175 m to provide an installed capacity of 315 MW.",New,IA/AR/RIV/439743/2023,2023-08-08T11:24:44.817+00:00,2023-11-02T16:56:38.647+00:00,ToR Granted,236.0,3.65664,ATHENA EMRA POWER PRIVATE LIMITED,R. S. Envirolinks Technologies Pvt. Ltd.,Environment clearance form,TOR,A,River Valley/Irrigation projects,Emra-II Hydro Electric Project,ARUNACHAL PRADESH,Anelih,11 K.M. Point,J-12011/49/2023-IA.I (R),,,Hybrid,82.0,154.0,236.0,0.0,0.0,0.0,0.0,0.0,0,0,0,YES,,NO,NO,NO,2023-08-09T07:39:42.137+00:00,,,,,,,,,,,,,,,,,,,,,,,,,,,,,,,,,,,,,,,,,,,,,,,Upper Dibang Valley,,https://parivesh.nic.in/dms/okm/downloadDocument?docTypemappingId=40829&refId=7779809&refType=caf&uuid=e68756b4-908b-46a0-9fc5-aa38627e0a5f&version=1.0,266087,https://parivesh.nic.in/newupgrade/#/report/ec?proposalId=7780429,720000.0,720000.0
7902860,Dipre Small Hydro Electric Project 2 x 3.25 MW,New,FP/AR/HYD/IRRIG/440173/2023,2023-08-12T05:10:32.490+00:00,,Pending on UA for Compensatory Levies Payment,2.1496,5129.0,UPPER BICHOM SMALL HYDRO PROJECTS PRIVATE LIMITED,,Forest clearance form,,,,Dipre Small Hydro Project,ARUNACHAL PRADESH,Nafra EAC,Dibbin,,,,Non - Linear,0.0,2.1496,2.1496,0.0,0.0,0.0,0.0,0.0,0,0,0,Not applicable as the project or activity is site specific,,NO,NO,NO,2023-10-18T18:30:00.000+00:00,,,Degraded Forest Land,true,,,,,,,,,,,,,,,,,,,,,,,,,,,,,,,,,,,"Plot no 304 - L - III, 3rd Floor, Sun Stone (Surya Chakra) House, Road No.  78, Jubilee Hills, Hyderabad",,36,Private Limited,Deputy General Manager,,36,,West Kameng,,https://parivesh.nic.in/dms/okm/downloadDocument?docTypemappingId=40829&refId=7893902&refType=caf&uuid=b768baef-2678-4c68-bdb4-5d9b8fe7b762&version=1.0;https://parivesh.nic.in/dms/okm/downloadDocument?docTypemappingId=58989&refId=7893902&refType=FC&uuid=cb0ad34b-aa40-4b61-a527-e653f1f36eca&version=1.5,261732,https://parivesh.nic.in/newupgrade/#/report/ec?proposalId=7902860,26280.0,200750.0
8257442,Preparation of Gun Area and Ammunition shelters for deployment of Guns (during hotwar) & stocking of Ammunition,New,WL/AR/Others/441582/2023,2023-08-24T06:04:15.485+00:00,,,1.6,2230.0,Ministry of Defense,,Wildlife clearance form,,,,Establishment of New Amn Shelters & Gun Position - Bruni,ARUNACHAL PRADESH,Anini,NA,,,,Non - Linear,0.0,1.6,1.6,0.0,0.0,0.0,0.0,0.0,0,0,0,Not applicable as the project or activity is site specific,,NO,NO,NO,2023-08-24T11:00:09.997+00:00,,,,,,,,,,,,,,,,,,,,,,,,,,,,,,,,,,,,,,,,,,,,,,,Upper Dibang Valley,,https://parivesh.nic.in/dms/okm/downloadDocument?docTypemappingId=40829&refId=6630646&refType=caf&uuid=59df0d39-b8f1-4fdc-980a-c5902c4a08bc&version=1.2,"",https://parivesh.nic.in/newupgrade/#/report/ec?proposalId=8257442,2880.0,2880.0
8794309,"Diversion of forest land area against built-up area of 59.00 Ha of land for establishment of permanent Lower Siang District Headquarter at Siji, Arunachal Pradesh",New,FP/AR/OTHERS/442237/2023,2023-08-28T17:06:10.785+00:00,,REMOVED,59.0,60000.0,DEPUTY COMMISSIONER LOWER SIANG DISTRICT,,Forest clearance form,,,,"Diversion of 59.00 Ha of Forest Land for establishment of  Lower Siang District Headquarter at Siji, Arunachal Pradesh",ARUNACHAL PRADESH,Likabali SDO,Siji,,,1,Non - Linear,0.0,59.0,59.0,0.0,0.0,0.0,0.0,0.0,0,0,0,Not applicable as the project or activity is site specific,,NO,NO,NO,2023-08-29T18:30:00.000+00:00,,https://parivesh.nic.in/dms/okm/downloadDocument?docTypemappingId=59020&refId=8794308&refType=fc&uuid=fc6ba364-d48e-4237-8867-73f97eef74c3&version=1.0,Degraded Forest Land,true,,,,,,,,,,,,,,,,,,,,,,,,,,,,,,,,,,,"Office of the Deputy Commissioner, Lower Siang District",,12,State Government (Department/Autonomous body),Extra Assistant Commissioner,,12,,Lower Siang,1,https://parivesh.nic.in/dms/okm/downloadDocument?docTypemappingId=40829&refId=8793870&refType=caf&uuid=fbee9e2e-f04b-43c5-bac2-42693a97200f&version=1.0;https://parivesh.nic.in/dms/okm/downloadDocument?docTypemappingId=58989&refId=8793870&refType=FC&uuid=b52354ad-4cce-444b-8a3d-d28867067f9f&version=1.1,263716,https://parivesh.nic.in/newupgrade/#/report/ec?proposalId=8794309,219700.0,8761500.0
8824095,"The construction of Arun Rang Manch (Auditorium-cum-Theater) behind Dorjee Khandu State Convention Hall, Itanagar, Arunachal Pradesh, idea is to create basically shall be a cultural complex that is imbued with an intrinsic local context and historical ambience.",New,FP/AR/OTHERS/442360/2023,2023-08-29T10:53:36.194+00:00,,DELISTED_BY_SYSTEM,0.1092,500.0,TEM KAYA,,Forest clearance form,,,,"Proposal for diversion of 0.1092 ha of forest land for Construction of Arun Rang Manch (Auditorium-cum-Theater) behind Dorjee Khandu State Convention Hall, Itanagar, Papum Pare District of Arunachal Pradesh",ARUNACHAL PRADESH,Itanagar EAC,Daria Puru,,,1,Non - Linear,0.0,0.1092,0.1092,0.0,0.0,0.0,0.0,0.0,0,0,0,Not applicable as the project or activity is site specific,,NO,NO,NO,2024-01-22T18:30:00.000+00:00,,,Degraded Forest Land,true,,,,,,,,,,,,,,,,,,,,,,,,,,,,,,,,,,,"Department of Art & Culture Officer, C/o DC Office, Capital Complex, Itanagar.",Itanagar,12,Individual,DACO,Itanagar,12,,Papum Pare,1,https://parivesh.nic.in/dms/okm/downloadDocument?docTypemappingId=40829&refId=8823069&refType=caf&uuid=90aae584-e389-46d3-ad29-51f022d4bfcd&version=1.0;https://parivesh.nic.in/dms/okm/downloadDocument?docTypemappingId=58989&refId=8823069&refType=FC&uuid=709a7bfb-c9a6-402c-aa7c-a947e52bb871&version=1.0,262453,https://parivesh.nic.in/newupgrade/#/report/ec?proposalId=8824095,3060.0,3060.0
8848384,"The Location KHAR is proposed in village-Injan of dist. Changlang of Arunachal Pradesh, in North Kharsang structure to explore the Girujan reservoirs as the primary target and Namsang as the secondary target.",Amendment,SIA/AR/IND2/442424/2023,2023-08-30T07:58:49.660+00:00,2024-09-07T19:22:25.677+00:00,EC Granted,3.33,1964.0,OIL INDIA LIMITED,,Environment clearance form,TOR,B2,"Off-shore and onshore oil and gas exploration,  development and production","Diversion of 3.33 Ha. of Forest land for drilling at Location KHAR in the Namphur Reserve Forest under Nampong Forest division, Arunachal Pradesh",ARUNACHAL PRADESH,Kharsang Circle,Injan,SIA/AR/IND2/442424/2023,SIA/AR/IND2/442424/2023,,Non - Linear,0.0,3.33,3.33,0.0,0.0,0.0,0.0,0.0,0,0,0,Not applicable as the project or activity is site specific,,NO,NO,NO,2023-10-13T03:23:38.551+00:00,,,,,,,,,,,,,,,,,,,,,,,,,,,,,,,,,,,,,,,,,,,,,,,Changlang,,https://parivesh.nic.in/dms/okm/downloadDocument?docTypemappingId=40829&refId=5769922&refType=caf&uuid=c23c34eb-272e-47e8-961a-784d5bddd75f&version=1.0,264320,https://parivesh.nic.in/newupgrade/#/report/ec?proposalId=8848384,300.0,12240.0
8859102,Diversion of Land of 0.02 hectare for 4G Network Uncovered villages in the state of Arunachal pradesh,New,FP/AR/OTHERS/442483/2023,2023-08-30T12:19:57.294+00:00,,Final Diversion Order Issued,0.02,133.265,MAHESH NAIR,,Forest clearance form,,,,4G Saturation project Arunachal Pradesh,ARUNACHAL PRADESH,Tezu HQ,Jeinko,,,,Hybrid,0.0,0.02,0.02,0.0,0.0,0.0,0.0,0.0,0,0,0,Not applicable as the project or activity is site specific,,YES,NO,NO,2023-11-01T18:30:00.000+00:00,,,,false,,,,,,,,,,,,,,,,,,,,,,,,,,,,,,,,,,,"General Manager Telecom, BSNL Bhavan, Thiruvalla",GM BSNL Itanagar,12,"Central PSU (eg. NHAI, AAI, NTP, CIL, SAIL)",Divisional Engineer BSS TLA,GM BSNL Itanagar,12,,Lohit,,https://parivesh.nic.in/dms/okm/downloadDocument?docTypemappingId=40829&refId=3113523&refType=caf&uuid=cf4c27ee-2cf8-45e5-b21b-a15de451d104&version=1.0;https://parivesh.nic.in/dms/okm/downloadDocument?docTypemappingId=58989&refId=3113523&refType=FC&uuid=477234b0-c97e-4eb0-a5b4-774ebf3ee0b7&version=1.0,266402,https://parivesh.nic.in/newupgrade/#/report/ec?proposalId=8859102,20.0,5.0
8912880,Diversion of Land of 0.02 hectare for 4G Network Uncovered villages in the state of Arunachal pradesh,New,FP/AR/OTHERS/442696/2023,2023-09-01T10:21:35.857+00:00,,Final Diversion Order Issued,0.02,133.265,MAHESH NAIR,,Forest clearance form,,,,4G Saturation project Arunachal Pradesh,ARUNACHAL PRADESH,Tezu HQ,Jeinko,,,,Hybrid,0.0,0.02,0.02,0.0,0.0,0.0,0.0,0.0,0,0,0,Not applicable as the project or activity is site specific,,YES,NO,NO,2023-11-01T18:30:00.000+00:00,,,,false,,,,,,,,,,,,,,,,,,,,,,,,,,,,,,,,,,,"General Manager Telecom, BSNL Bhavan, Thiruvalla",GM BSNL Itanagar,12,"Central PSU (eg. NHAI, AAI, NTP, CIL, SAIL)",Divisional Engineer BSS TLA,GM BSNL Itanagar,12,,Lohit,,https://parivesh.nic.in/dms/okm/downloadDocument?docTypemappingId=40829&refId=3113523&refType=caf&uuid=cf4c27ee-2cf8-45e5-b21b-a15de451d104&version=1.0;https://parivesh.nic.in/dms/okm/downloadDocument?docTypemappingId=58989&refId=3113523&refType=FC&uuid=b7cb5858-32e6-4ee0-abda-3cb6ce2c532b&version=1.5,266402,https://parivesh.nic.in/newupgrade/#/report/ec?proposalId=8912880,20.0,5.0
8961923,Diversion of Land of 0.02 hectare for 4G Network Uncovered villages in the state of Arunachal pradesh,New,FP/AR/OTHERS/442911/2023,2023-09-03T15:44:21.209+00:00,,Final Diversion Order Issued,0.02,133.265,MAHESH NAIR,,Forest clearance form,,,,4G Saturation project Arunachal Pradesh,ARUNACHAL PRADESH,Tezu HQ,Jeinko,,,,Hybrid,0.0,0.02,0.02,0.0,0.0,0.0,0.0,0.0,0,0,0,Not applicable as the project or activity is site specific,,YES,NO,NO,2023-11-01T18:30:00.000+00:00,,,,false,,,,,,,,,,,,,,,,,,,,,,,,,,,,,,,,,,,"General Manager Telecom, BSNL Bhavan, Thiruvalla",GM BSNL Itanagar,12,"Central PSU (eg. NHAI, AAI, NTP, CIL, SAIL)",Divisional Engineer BSS TLA,GM BSNL Itanagar,12,,Lohit,,https://parivesh.nic.in/dms/okm/downloadDocument?docTypemappingId=40829&refId=3113523&refType=caf&uuid=cf4c27ee-2cf8-45e5-b21b-a15de451d104&version=1.0;https://parivesh.nic.in/dms/okm/downloadDocument?docTypemappingId=58989&refId=3113523&refType=FC&uuid=aaf787dd-867c-41aa-b75b-7a4cd98f8114&version=1.0,266402,https://parivesh.nic.in/newupgrade/#/report/ec?proposalId=8961923,20.0,5.0
8962275,Diversion of Land of 0.02 hectare for 4G Network Uncovered villages in the state of Arunachal pradesh,New,FP/AR/OTHERS/442914/2023,2023-09-03T16:32:58.372+00:00,,Pending on UA for Compensatory Levies Payment,0.02,133.265,MAHESH NAIR,,Forest clearance form,,,,4G Saturation project Arunachal Pradesh,ARUNACHAL PRADESH,Tezu HQ,Daninliang,,,,Hybrid,0.0,0.02,0.02,0.0,0.0,0.0,0.0,0.0,0,0,0,Not applicable as the project or activity is site specific,,YES,NO,NO,2023-11-01T18:30:00.000+00:00,,,,false,,,,,,,,,,,,,,,,,,,,,,,,,,,,,,,,,,,"General Manager Telecom, BSNL Bhavan, Thiruvalla",GM BSNL Itanagar,12,"Central PSU (eg. NHAI, AAI, NTP, CIL, SAIL)",Divisional Engineer BSS TLA,GM BSNL Itanagar,12,,Lohit,,https://parivesh.nic.in/dms/okm/downloadDocument?docTypemappingId=40829&refId=3113523&refType=caf&uuid=cf4c27ee-2cf8-45e5-b21b-a15de451d104&version=1.0;https://parivesh.nic.in/dms/okm/downloadDocument?docTypemappingId=58989&refId=3113523&refType=FC&uuid=9e882cf0-151f-466b-90c2-87df4c9a1ba0&version=1.1,266428,https://parivesh.nic.in/newupgrade/#/report/ec?proposalId=8962275,20.0,5.0
8966747,Kumchai Early Production System (EPS) is a production facility for processing crude oil from nearby wells.,New,FP/AR/OTHERS/442920/2023,2023-09-04T03:32:09.327+00:00,2025-10-22T06:21:31.094+00:00,Final Diversion Order Issued,2.58,2500.0,OIL INDIA LIMITED,,Forest clearance form,,,,Establishment of Kumchai Early Production System (EPS) along with enclosed flaring system,ARUNACHAL PRADESH,Diyun EAC,Innao Ahom,,,,Non - Linear,0.0,2.58,2.58,0.0,0.0,0.0,0.0,0.0,0,0,0,Not applicable as the project or activity is site specific,,NO,NO,NO,2023-09-03T18:30:00.000+00:00,,,Degraded Forest Land,true,,,,,,,,,,,,,,,,,,,,,,,,,,,,,,,,,,,"OIL INDIA LIMITED 
DULIAJAN
District  : Dibrugarh",Duliajan,18,"Central PSU (eg. NHAI, AAI, NTP, CIL, SAIL)",EXECUTIVE DIRECTOR (HSE),Duliajan,18,,Changlang,,https://parivesh.nic.in/dms/okm/downloadDocument?docTypemappingId=40829&refId=8966687&refType=caf&uuid=d71e2744-7ee5-410f-a68c-d55b1872eada&version=1.0;https://parivesh.nic.in/dms/okm/downloadDocument?docTypemappingId=58989&refId=8966687&refType=FC&uuid=26362308-443d-4e28-8f03-8c87fdc6314c&version=1.0,264330,https://parivesh.nic.in/newupgrade/#/report/ec?proposalId=8966747,6120.0,10950.0
9169402,Diversion of Land of 0.02 hectare for 4G Network Uncovered villages in the state of Arunachal pradesh,New,FP/AR/OTHERS/443833/2023,2023-09-11T03:13:36.604+00:00,,Final Diversion Order Issued,0.02,133.265,MAHESH NAIR,,Forest clearance form,,,,4G Saturation project Arunachal Pradesh,ARUNACHAL PRADESH,Tezu HQ,Jeinko,,,,Hybrid,0.0,0.02,0.02,0.0,0.0,0.0,0.0,0.0,0,0,0,Not applicable as the project or activity is site specific,,YES,NO,NO,2023-11-01T18:30:00.000+00:00,,,,false,,,,,,,,,,,,,,,,,,,,,,,,,,,,,,,,,,,"General Manager Telecom, BSNL Bhavan, Thiruvalla",GM BSNL Itanagar,12,"Central PSU (eg. NHAI, AAI, NTP, CIL, SAIL)",Divisional Engineer BSS TLA,GM BSNL Itanagar,12,,Lohit,,https://parivesh.nic.in/dms/okm/downloadDocument?docTypemappingId=40829&refId=3113523&refType=caf&uuid=cf4c27ee-2cf8-45e5-b21b-a15de451d104&version=1.0;https://parivesh.nic.in/dms/okm/downloadDocument?docTypemappingId=58989&refId=3113523&refType=FC&uuid=291c856c-e65e-43d3-8b11-f8f97d153bf7&version=1.1,266402,https://parivesh.nic.in/newupgrade/#/report/ec?proposalId=9169402,20.0,5.0
10807294,"Government Secondary School, Karsingsa (Existing Government School)",New,FP/AR/SCH/444823/2023,2023-09-18T09:15:57.119+00:00,,DELISTED_BY_SYSTEM,0.234,100.0,NABAM PALI,,Forest clearance form,,,,"""Diversion of forest land of 0.234 ha. for access to Govt. Secondary School, Karsingsa at Karsingsa Village, under Banderdewa Forest Division""",ARUNACHAL PRADESH,Itanagar EAC,Bedhi Bdhak,,,,Non - Linear,0.0,0.234,0.234,0.0,0.0,0.0,0.0,0.0,0,0,0,Not applicable as the project or activity is site specific,,NO,NO,NO,2023-09-18T09:54:35.922+00:00,,,,false,,,,,,,,,,,,,,,,,,,,,,,,,,,,,,,,,,,"Abotani village, Karsingsa
PO/PS- Banderdewa
District- Papum Pare
Arunachal Arunachal Pradesh
PIN-791123",,12,Individual,"Vice Chairman, SMDC, Govt. Secondary School Karsin",,12,,Papum Pare,,https://parivesh.nic.in/dms/okm/downloadDocument?docTypemappingId=40829&refId=9185531&refType=caf&uuid=aef10429-68db-489e-aff1-deb1727df966&version=1.0;https://parivesh.nic.in/dms/okm/downloadDocument?docTypemappingId=58989&refId=9185531&refType=FC&uuid=2ee868fe-714b-4d92-a5b4-6b89555c1751&version=1.1,262440,https://parivesh.nic.in/newupgrade/#/report/ec?proposalId=10807294,15900.0,125826.0
11807629,"Diversion of 0.648 Ha of forest land for construction of Petrol Depot at Digaru Trijunction in Lohit Dist, Arunachal Pradesh",New,FP/AR/PetrolPump/445447/2023,2023-09-22T16:01:00.242+00:00,,DELISTED_BY_SYSTEM,0.648,20.0,BADANG TAYANG,,Forest clearance form,,,,Diversion of 0.648 ha of forest land for construction of Petrol Depot at Digaru Trijunction in Lohit Dist Arunachal Pradesh,ARUNACHAL PRADESH,Chongkham EAC,Alubari,,,,Hybrid,0.0,0.648,0.648,0.0,0.0,0.0,0.0,0.0,0,0,0,Not applicable as the project or activity is site specific,,NO,NO,NO,2023-09-22T16:51:06.375+00:00,,,Degraded Forest Land,true,,,,,,,,,,,,,,,,,,,,,,,,,,,,,,,,,,,"TELLULIANG (NEW)
PO : TEZU
DIST : LOHIT
ARUNACHAL PRADESH",Tezu,12,Individual,Proprietor,Tezu,12,,Namsai,,https://parivesh.nic.in/dms/okm/downloadDocument?docTypemappingId=40829&refId=11807557&refType=caf&uuid=0220963e-2d94-4e9b-9cfc-c5174f325baa&version=1.0;https://parivesh.nic.in/dms/okm/downloadDocument?docTypemappingId=58989&refId=11807557&refType=FC&uuid=b58cdb36-e160-443a-a879-dde5ccb86cf6&version=1.0,266493,https://parivesh.nic.in/newupgrade/#/report/ec?proposalId=11807629,7305.0,3655.0
13663051,Diversion of the forest land for construction of Microwave tower at Udayak Pass by Indian Army.,New,FP/AR/CommPost/446558/2023,2023-09-30T12:02:38.159+00:00,,DELISTED_BY_SYSTEM,0.0729,0.0,Ministry of Defense,,Forest clearance form,,,,Diversion of Forest Land for construction of Microwave Tower at Udayak Pass by Indian Army,ARUNACHAL PRADESH,Tezu HQ,Hawa Camp,,,,Hybrid,0.0,0.0729,0.0729,0.0,0.0,0.0,0.0,0.0,0,0,0,NO,for communication purpose by indian Army,NO,NO,NO,2024-06-17T18:30:00.000+00:00,,,Degraded Forest Land,true,,,,,,,,,,,,,,,,,,,,,,,,,,,,,,,,,,,181 Mountain Brigade Signal Company,,12,Central Government (Department/Autonomous body),Naib Subedar,,12,,Lohit,,https://parivesh.nic.in/dms/okm/downloadDocument?docTypemappingId=40829&refId=12972559&refType=caf&uuid=0f9f98b3-62be-4afa-a8dc-b7aeb4cd83c8&version=1.1;https://parivesh.nic.in/dms/okm/downloadDocument?docTypemappingId=58989&refId=12972559&refType=FC&uuid=ebe044f4-0e0e-42e0-9c35-c91daf31bb02&version=1.6,266417,https://parivesh.nic.in/newupgrade/#/report/ec?proposalId=13663051,0.0,0.0
15992337,Proposal for diversion of 41 ha for widening and Strengthening of Itanagar to Jote road 20 km (SH: Poma Range 0.00 km to 10.0 km).,New,WL/AR/ROAD/448196/2023,2023-10-06T12:42:30.404+00:00,,,,,Byabang Nil Tugu,,Wildlife clearance form,,,,Proposal for diversion of 41 ha for widening and Strengthening of Itanagar to Jote road 20 km (SH: Poma Range 0.00 km to 10.0 km).,Arunachal Pradesh,,,,,,,,,,,,,,,,,,,,,,,2023-10-06T12:42:30.404+00:00,,,,,,,,,,,,,,,,,,,,,,,,,,,,,,,,,,,,,,,,,,,,,,,,,,,https://parivesh.nic.in/newupgrade/#/report/ec?proposalId=15992337,,
15991943,Proposal for Diversion 0.96 Hectares from Itanagar Wildlife Sanctuary for improvement/widening of existing 4 lane road on NH-415 to four lane from Pappunallah to Banderdewa by Public Works Department in Papum Pare District of Arunachal Pradesh.,New,WL/AR/ROAD/447999/2023,2023-10-06T12:42:30.404+00:00,,,,,Toli  Basar,,Wildlife clearance form,,,,Proposal for diversion of forest land for improvement/widening of NH 415 (Old NH-52A) from Design Chainage 40.400 KM to 59.170 KM (Pappunallah to Banderdewa Section) in Papum Pare District of Arunachal Pradesh,Arunachal Pradesh,,,,,,,,,,,,,,,,,,,,,,,2023-10-06T12:42:30.404+00:00,,,,,,,,,,,,,,,,,,,,,,,,,,,,,,,,,,,,,,,,,,,,,,,,,,,https://parivesh.nic.in/newupgrade/#/report/ec?proposalId=15991943,,
15978192,"Tato-I Hydro Electric Project (186 MW), a Run of the River Scheme, located in Shi Yomi District of Arunachal Pradesh. Project envisages construction of 9m high Weir across River Yarjep. Catchment area of the project 1154 Sq. Km, a Surface Type Power House of the Project is located on left bank of the river near village Heyo will house 3 Units of 62 MW capacity each to generate 186 MW of hydro power. No National Park/ Wildlife Sanctuary/ Biosphere Reserve/ Historical Monuments etc. exists within 10 Km radius of the project.",New,IA/AR/RIV/447696/2023,2023-10-10T08:20:35.062+00:00,2024-01-01T12:48:08.560+00:00,Granted,52.8,1.60427,NORTH EASTERN ELECTRIC POWER CORPORATION LTD,,Application for Transfer of EC- Form-7,OTHER,A,,Tato-I Hydro Electric Project (186 MW),ARUNACHAL PRADESH,Tato,Menying,J-12011/55/2009-IA.I,,,Non - Linear,0.0,52.8,52.8,0.0,0.0,0.0,0.0,0.0,6,0,88,Not applicable as the project or activity is site specific,,NO,NO,NO,2023-11-13T09:49:39.428+00:00,,,,,,,,,,,,,,,,,,,,,,,,,,,,,,,,,,,,,,,"BROOKLAND COMPOUND, LOWER NEW COLONY, LAITUMKHRAH",SHILLONG,17,"Central PSU (eg. NHAI, AAI, NTP, CIL, SAIL)",Assistant Manager Environment,SHILLONG,17,,Shi Yomi,,https://parivesh.nic.in/dms/okm/downloadDocument?docTypemappingId=40829&refId=11053576&refType=caf&uuid=4da3f04a-aaab-442a-855d-18cccd7a265b&version=1.1,263345,https://parivesh.nic.in/newupgrade/#/report/ec?proposalId=15978192,470400.0,1752000.0
16457281,"The proposed RoW of the project road is 24m however at some stretches the RoW is 34 m at a total length of 275 m. In order to improve accessibility for Army/ITBP force to reach Jorging base camp easily, the Pango-Jorging road is proposed to construct to achieve faster transportation will ultimately lead to massive saving of travelling time and total reduction in transportation costs. This road project will open the lines of communication and movement of troops for the armed forces in Arunachal Pradesh border areas. The project road starts from Design Ch. 0.000 and ends at Design Ch. 82.060 having total design length of 82.060 km and is passing through Upper Siang district in the state of Arunachal Pradesh",New,FP/AR/ROAD/448545/2023,2023-10-12T06:43:34.729+00:00,,DELISTED_BY_SYSTEM,209.982,1.80888,RO ITANAGAR MORT&H,,Forest clearance form,,,,Proposal for Diversion of 209.982 ha (including muck disposal sites) of Forest Land for Development of Pango – Jorging Road to intermediate lane with earthen shoulders in the state of Arunachal Pradesh (Length: 82.060 km) for Execution on EPC Mode in the State of Arunachal Pradesh.,ARUNACHAL PRADESH,Palling Circle,Migging H.Q.,,,,Linear,0.0,209.982,209.982,0.0,0.0,0.0,0.0,0.0,0,0,0,NO,"The projects road is located in hilly terrain in the state of Arunachal Pradesh. Entire project road is of new construction with two lane with earthen shoulder configuration. In order to improve accessibility for ITBP force to reach Jorging base camp easily, the Pango to Jorging road is proposed to construct to achieve faster transportation will ultimately lead to massive saving of travelling time and total reduction in transportation costs. This road project will open the lines of communication",NO,NO,NO,2023-11-09T05:18:19.808+00:00,,https://parivesh.nic.in/dms/okm/downloadDocument?docTypemappingId=59020&refId=16457280&refType=fc&uuid=fb509710-e2f8-4263-aa8b-22932b823dd1&version=1.0,Non-forest Land,true,,,,,,,,,,,,,,,,,,,,,,,,,,,,,,,,,,,RO ITANAGAR NEAR DURGA MANDIR VIP ROAD NITI VIHAR ITANAGAR ARUNACHAL PRADESH,,12,Central Government (Department/Autonomous body),EXECUTIVE DIRECTOR P,,12,,Upper Siang,,https://parivesh.nic.in/dms/okm/downloadDocument?docTypemappingId=40829&refId=16456247&refType=caf&uuid=f144efd6-0dd2-4723-b4c4-4da2e3a9653c&version=1.0;https://parivesh.nic.in/dms/okm/downloadDocument?docTypemappingId=58989&refId=16456247&refType=FC&uuid=81fbc787-034a-4200-b820-b2cc2ba826fa&version=1.0,263951,https://parivesh.nic.in/newupgrade/#/report/ec?proposalId=16457281,45260.0,27375.0
16465431,"BRO is deployed along the Eastern (LAC) borders of the country to develop the Line of communication to forward posts thereby reducing time to mobilize its troops during operational emergency. The work executed by BRO are of strategic in nature and is of national importance. The construction of road between Migging-Tuting road to NHDL specification would facilitate in maintenance & sustenance of the troops deployed all along the border (LAC) in the Upper Siang district of Arunachal Pradesh, by transportation of ammunitions & logistics. It will also reduce the time taken for induction and de-induction of troops, equipment's and logistics along the LAC. The proposed Package 1 of Migging-Tuting road is a 19.834 kms road. It is proposed as a two lane road with hard shoulders to facilitate seamless two way vehicle movement and provide all weather connectivity with safe night time travel and adequate road safety features. The proposed road is improved as per IRC guidelines for Hill roads.",Expansion,FP/AR/ROAD/448583/2023,2023-10-12T09:37:59.967+00:00,,Stage-II Accorded,2.1982,27302.0,Ministry of Defense,,Forest clearance form,,,,Construction/Improvement of Migging-Tuting Road (M-T) Road from Class-9 to NHDL Specification between Migging to Tuting from Km.0.00 to Km.19.834 (Design Chainage) for a length of 19.834 km under 105 RCC/HQ 761 BRTF/ HQ CE (P) BRAHMANK in Upper Siang District of Arunachal Pradesh,ARUNACHAL PRADESH,Palling Circle,Singing,,,,Linear,0.0,2.1982,2.1982,0.0,67.9625,67.9625,0.0,27302.0,0,0,0,Not applicable as the project or activity is site specific,,NO,NO,NO,2024-01-03T18:30:00.000+00:00,,https://parivesh.nic.in/dms/okm/downloadDocument?docTypemappingId=59020&refId=16465430&refType=fc&uuid=4e0308b1-af33-4a9d-b24f-0a106332b4dc&version=1.0,Non-forest Land,true,,,,,,,,,,,,,,,,,,,,,,,,,,,,,,,,,,,"105 RCC (GREF) PIN 930105, C/o 99 APO",Moying Village,12,Central Government (Department/Autonomous body),OC,Moying Village,12,,Upper Siang,,https://parivesh.nic.in/dms/okm/downloadDocument?docTypemappingId=40829&refId=15733744&refType=caf&uuid=e509fc15-23b2-4ac8-aca1-49c4b4416dc1&version=1.0;https://parivesh.nic.in/dms/okm/downloadDocument?docTypemappingId=58989&refId=15733744&refType=FC&uuid=e1113cf8-81d7-43a3-b271-66e33c7c99e8&version=1.3,263955,https://parivesh.nic.in/newupgrade/#/report/ec?proposalId=16465431,1095.0,0.0
16481201,"Heo HEP (240MW) is proposed on the Yarjep Chu River (tributary of Siyom River) between Puring and Meying villages in Shi Yomi District of Arunachal Pradesh. The project envisages construction of a 16 m high barrage from the foundation level across river Yarjep Chu. Water from the proposed Reservoir will be conveyed to the Power House through a 3.87 Km long Water Conductor System to generate 240 MW of hydropower. The catchment area of the project is 1065 Sq.km. Total land requirement for the project is 59.9 ha. The total submergence area is about 8.4 ha. A surface powerhouse is proposed on the left bank of the river near Meying village with 3 units of 80 MW capacity each. 66 families are likely to be affected due to this project. No national park/wildlife sanctuary/biosphere reserve/historical monuments etc., exists within 10 Km radius of the project. The total estimated present-day cost of the project is about Rs. 1773 Crores and likely to be completed in 50 months.",New,IA/AR/RIV/448652/2023,2023-10-12T16:18:46.501+00:00,2024-01-01T12:30:15.127+00:00,Granted,59.9,1.773,NORTH EASTERN ELECTRIC POWER CORPORATION LTD,,Application for Transfer of EC- Form-7,OTHER,A,,Heo Hydro Electric Project (240 MW),ARUNACHAL PRADESH,Mechuka ADC,Hiri,J-12011/57/2009-IA.I,,,Non - Linear,0.0,59.9,59.9,0.0,0.0,0.0,0.0,0.0,6,0,66,Not applicable as the project or activity is site specific,,NO,NO,NO,2023-11-13T09:53:01.868+00:00,,,,,,,,,,,,,,,,,,,,,,,,,,,,,,,,,,,,,,,"BROOKLAND COMPOUND, LOWER NEW COLONY, LAITUMKHRAH",SHILLONG,17,"Central PSU (eg. NHAI, AAI, NTP, CIL, SAIL)",Assistant Manager Environment,SHILLONG,17,,Shi Yomi,,https://parivesh.nic.in/dms/okm/downloadDocument?docTypemappingId=40829&refId=16476184&refType=caf&uuid=3326f069-5c0e-43d5-bee9-5a7d617c671b&version=1.0,263340,https://parivesh.nic.in/newupgrade/#/report/ec?proposalId=16481201,541800.0,1898000.0
16695731,"The project executed by Border Road Organization is of national importance. The road is to be developed  for two lane NH specification with hard shoulders, on EPC mode. Total length is 28.543 km, starts from Taliha to Tato.",New,FP/AR/ROAD/448687/2023,2023-10-13T06:49:23.962+00:00,,Pending at UA for Compliance Report,95.5,33607.0,Ministry of Defense,,Forest clearance form,,,,Construction of Taliha-Tato Road from km 0.00 to km 28.543 (Length 28.543 km) to NHDL specification in sector of 77RCC/23BRTF (GREF) under Project Arunank in the state of Arunachal Pradesh.,ARUNACHAL PRADESH,Taliha ADC,Doyom,,,,Linear,0.0,95.5,95.5,0.0,0.0,0.0,0.0,0.0,0,0,0,YES,,NO,NO,NO,2024-06-23T18:30:00.000+00:00,,,Degraded Forest Land,true,,,,,,,,,,,,,,,,,,,,,,,,,,,,,,,,,,,"105 RCC (GREF) PIN 930105, C/o 99 APO",Daporijo,12,Central Government (Department/Autonomous body),Executive Engineer,Daporijo,12,,Upper Subansiri,,https://parivesh.nic.in/dms/okm/downloadDocument?docTypemappingId=40828&refId=16476177&refType=caf&uuid=3db984c6-ebba-45ba-b5d5-17c975e6b652&version=1.3;https://parivesh.nic.in/dms/okm/downloadDocument?docTypemappingId=40829&refId=16476177&refType=caf&uuid=ee4dd178-324d-4e95-ac29-25305cf3a851&version=1.0;https://parivesh.nic.in/dms/okm/downloadDocument?docTypemappingId=58989&refId=16476177&refType=FC&uuid=83e37447-0bee-4df9-98ab-105577f9335d&version=1.2,,https://parivesh.nic.in/newupgrade/#/report/ec?proposalId=16695731,1095.0,1825.0
17388063,Tato-II HEP (700 MW) is proposed on the Siyom River in Shi Yomi District of Arunachal Pradesh. The project envisages construction of a 123 m high concrete Dam from the river bed level across river Siyom to generate 700 MW of hydropower. The catchment area of the project is 2560 Sq.km. Total land required for the project is 313.88 Ha consisting of Unclassed State Forest and the project does not involve any non-forest land. An underground powerhouse is proposed on the left bank of the river near Siyom village with 4 units of 175 MW capacity each. A total 376 families will be affected due to this project out of which 51 families will be displaced. No National Park/Sanctuary/Biosphere Reserve/Historical monument exists in the vicinity of the project area. International boundary is 42 Km (aerial dist.) away from project site. The total estimated present-day cost of the project is about Rs. 7120.51 Crores and likely to be completed in 84 months (including pre-investment period of 12 months).,New,IA/AR/RIV/449080/2023,2023-10-16T12:40:57.934+00:00,2024-01-01T14:56:14.652+00:00,Granted,313.88,7.12051,NORTH EASTERN ELECTRIC POWER CORPORATION LTD,,Application for Transfer of EC- Form-7,OTHER,A,,Tato-II Hydro Electric Project (700 MW),ARUNACHAL PRADESH,Tato,Tato Village,J-12011/55/2006-IA.I,,,Non - Linear,0.0,313.88,313.88,0.0,0.0,0.0,0.0,0.0,9,51,376,Not applicable as the project or activity is site specific,,NO,NO,NO,2023-11-13T09:57:05.436+00:00,,,,,,,,,,,,,,,,,,,,,,,,,,,,,,,,,,,,,,,"BROOKLAND COMPOUND, LOWER NEW COLONY, LAITUMKHRAH",SHILLONG,17,"Central PSU (eg. NHAI, AAI, NTP, CIL, SAIL)",Assistant Manager Environment,SHILLONG,17,,Shi Yomi,,https://parivesh.nic.in/dms/okm/downloadDocument?docTypemappingId=40829&refId=17383794&refType=caf&uuid=5ad4952f-ece2-4274-9a21-7a965e3a7160&version=1.2,0,https://parivesh.nic.in/newupgrade/#/report/ec?proposalId=17388063,1825050.0,3650000.0
17602948,Proposal for Diversion of forest land measuring 0.3728 Ha for construction of RT Station for day-to-day monitoring and control of pipeline operation and approach leading to RT-02 location for Gohpur – Itanagar Pipeline Project,New,FP/AR/OTHERS/449116/2023,2023-10-17T06:20:05.946+00:00,,REMOVED,0.3728,600.0,INDRADHANUSH GAS GRID LIMITED,,Forest clearance form,,,,Proposal for Diversion of forest land measuring 0.3728 Ha for construction of RT-02 Station for Gohpur – Itanagar Pipeline Project,ARUNACHAL PRADESH,Banderdawa,Chakma - IX,,,,Non - Linear,0.0,0.3728,0.3728,0.0,0.0,0.0,0.0,0.0,0,0,0,Not applicable as the project or activity is site specific,,NO,NO,NO,2023-10-19T18:30:00.000+00:00,,,,false,,,,,,,,,,,,,,,,,,,,,,,,,,,,,,,,,,,"5th Floor, Central Mall, Christian Basti, G. S. Road, Guwahati",Guwahati,18,"Central PSU (eg. NHAI, AAI, NTP, CIL, SAIL)",Chief Project Manager,Guwahati,18,,Papum Pare,,https://parivesh.nic.in/dms/okm/downloadDocument?docTypemappingId=40829&refId=17602508&refType=caf&uuid=4ac803a6-1d62-4b1b-b0cc-a15565196eee&version=1.0;https://parivesh.nic.in/dms/okm/downloadDocument?docTypemappingId=58989&refId=17602508&refType=FC&uuid=99e44182-4ab2-4e90-8d83-a42d29dc5ec4&version=1.3,262301,https://parivesh.nic.in/newupgrade/#/report/ec?proposalId=17602948,4500.0,75600.0
17856274,"This is a proposal for diversion of 20.421 ha of forestland of four lanning to NHDL Specification the new alignment with Part 8mtr to 11 mtr the exisiting alignment (ROW 7 mtrI in Itanagar WLS Division, Naharlagun.",Expansion,FP/AR/ROAD/449330/2023,2023-10-18T09:25:45.042+00:00,,Pending at DFO/CF/Nodal Officer after acceptance in PSC-I,0.0,34183.0,ARUNACHAL PWD HIGHWAY,,Forest clearance form,,,,Proposal for diversion of 20.421 ha of forest land for widening/improvement of four lanning of NH-415 from design chainage 29.500 km to 40.440 km (Police HQ to Pappu Nallah) Itanagar to Banderdewa section in the State of Arunachal Pradesh under Annual Plan 2016-17 on EPC mode (Package A) length 10.09 km.,ARUNACHAL PRADESH,Itanagar EAC,Papu Nalah to E/Gate,,,,Linear,0.0,0.0,0.0,0.0,20.421,20.421,34183.0,0.0,0,0,0,Not applicable as the project or activity is site specific,,NO,NO,NO,2024-01-10T18:30:00.000+00:00,,https://parivesh.nic.in/dms/okm/downloadDocument?docTypemappingId=59020&refId=17856271&refType=fc&uuid=571f3fe9-8cc9-47ac-be3e-5a4cbd509f78&version=1.0,Degraded Forest Land,true,,,,,,,,,,,,,,,,,,,,,,,,,,,,,,,,,,,"Chief Engineer Highway Zone
PWD AP, Itanagar",Itanagar,12,State Government (Department/Autonomous body),ChiefEngineer,Itanagar,12,,Papum Pare,,https://parivesh.nic.in/dms/okm/downloadDocument?docTypemappingId=40829&refId=17843780&refType=caf&uuid=9eca4258-6a2c-42d1-a2ab-23adafd58390&version=1.3;https://parivesh.nic.in/dms/okm/downloadDocument?docTypemappingId=58989&refId=17843780&refType=FC&uuid=eab98a99-617c-49dc-8c14-fbf4a62967f1&version=1.1,262455,https://parivesh.nic.in/newupgrade/#/report/ec?proposalId=17856274,28470.0,0.0
17876715,"Department of Telecommunication, Government of India has recently partnered with Airtel to install telecommunication towers in the rural area of ARUNACHAL PRADESH under its project USOF (Universal Service Obligation Fund)",New,WL/AR/Others/449436/2023,2023-10-18T18:11:01.236+00:00,,,0.0225,50.0,BHARTI AIRTEL ASSAM,,Wildlife clearance form,,,,Name of the Project Diversion of 0.0225 Hectare of Forest land for construction of Mobile tower at Miao to Vijoynagar Road (UARV01) under Universal Service Obligation Fund for Provision of Mobile Services,ARUNACHAL PRADESH,Miao ADC,NA,,,,Non - Linear,0.0,0.0225,0.0225,0.0,0.0,0.0,0.0,0.0,0,0,0,Not applicable as the project or activity is site specific,,NO,NO,NO,2023-10-19T15:37:51.942+00:00,,,,,,,,,,,,,,,,,,,,,,,,,,,,,,,,,,,,,,,,,,,,,,,Changlang,,https://parivesh.nic.in/dms/okm/downloadDocument?docTypemappingId=40829&refId=17876560&refType=caf&uuid=7915571d-9b64-4dc4-8c0f-5496b2872205&version=1.0,0,https://parivesh.nic.in/newupgrade/#/report/ec?proposalId=17876715,30.0,0.0
17876829,"Department of Telecommunication, Government of India has recently partnered with Airtel to install telecommunication towers in the rural area of ARUNACHAL PRADESH under its project USOF (Universal Service Obligation Fund)",New,WL/AR/Others/449437/2023,2023-10-18T18:36:12.371+00:00,,,0.0225,50.0,BHARTI AIRTEL ASSAM,,Wildlife clearance form,,,,Name of the Project Diversion of 0.0225 Hectare of Forest land for construction of Mobile tower at Miao to Vijoynagar Road (UARV02) under Universal Service Obligation Fund for Provision of Mobile Services,ARUNACHAL PRADESH,Miao ADC,NA,,,,Non - Linear,0.0,0.0225,0.0225,0.0,0.0,0.0,0.0,0.0,0,0,0,Not applicable as the project or activity is site specific,,NO,NO,NO,2023-10-19T15:53:46.482+00:00,,,,,,,,,,,,,,,,,,,,,,,,,,,,,,,,,,,,,,,,,,,,,,,Changlang,,https://parivesh.nic.in/dms/okm/downloadDocument?docTypemappingId=40829&refId=17876789&refType=caf&uuid=ed523f06-644f-49e9-b587-20953fd550ec&version=1.0,"",https://parivesh.nic.in/newupgrade/#/report/ec?proposalId=17876829,30.0,0.0
17876872,"Department of Telecommunication, Government of India has recently partnered with Airtel to install telecommunication towers in the rural area of ARUNACHAL PRADESH under its project USOF (Universal Service Obligation Fund)",New,WL/AR/Others/449438/2023,2023-10-18T18:51:27.408+00:00,,,0.0225,50.0,BHARTI AIRTEL ASSAM,,Wildlife clearance form,,,,Name of the Project Diversion of 0.0225 Hectare of Forest land for construction of Mobile tower at Miao to Vijoynagar Road (UARV03)  under Universal Service Obligation Fund for Provision of Mobile Services,ARUNACHAL PRADESH,Miao ADC,NA,,,,Non - Linear,0.0,0.0225,0.0225,0.0,0.0,0.0,0.0,0.0,0,0,0,Not applicable as the project or activity is site specific,,NO,NO,NO,2023-10-19T16:02:52.802+00:00,,,,,,,,,,,,,,,,,,,,,,,,,,,,,,,,,,,,,,,,,,,,,,,Changlang,,https://parivesh.nic.in/dms/okm/downloadDocument?docTypemappingId=40829&refId=17876849&refType=caf&uuid=95d2a56c-984e-4797-9eaf-2f63a1996701&version=1.0,"",https://parivesh.nic.in/newupgrade/#/report/ec?proposalId=17876872,30.0,0.0
17876910,"Department of Telecommunication, Government of India has recently partnered with Airtel to install telecommunication towers in the rural area of ARUNACHAL PRADESH under its project USOF (Universal Service Obligation Fund)",New,WL/AR/Others/449439/2023,2023-10-18T19:07:03.220+00:00,,,0.0225,50.0,BHARTI AIRTEL ASSAM,,Wildlife clearance form,,,,Name of the Project Diversion of 0.0225 Hectare of Forest land for construction of Mobile tower at Miao to Vijoynagar Road (UARV04) under Universal Service Obligation Fund for Provision of Mobile Services,ARUNACHAL PRADESH,Miao ADC,NA,,,,Non - Linear,0.0,0.0225,0.0225,0.0,0.0,0.0,0.0,0.0,0,0,0,Not applicable as the project or activity is site specific,,NO,NO,NO,2023-10-19T16:52:17.651+00:00,,,,,,,,,,,,,,,,,,,,,,,,,,,,,,,,,,,,,,,,,,,,,,,Changlang,,https://parivesh.nic.in/dms/okm/downloadDocument?docTypemappingId=40829&refId=17876895&refType=caf&uuid=a0f4998b-bc30-4ba6-a152-c99db7ce7efc&version=1.0,"",https://parivesh.nic.in/newupgrade/#/report/ec?proposalId=17876910,30.0,0.0
17876940,"Department of Telecommunication, Government of India has recently partnered with Airtel to install telecommunication towers in the rural area of ARUNACHAL PRADESH under its project USOF (Universal Service Obligation Fund)",New,WL/AR/Others/449440/2023,2023-10-18T19:18:03.769+00:00,,,0.0225,50.0,BHARTI AIRTEL ASSAM,,Wildlife clearance form,,,,Name of the Project Diversion of 0.0225 Hectare of Forest land for construction of Mobile tower at Miao to Vijoynagar Road (UARV05)under Universal Service Obligation Fund for Provision of Mobile Services,ARUNACHAL PRADESH,Nampong SDO,NA,,,,Non - Linear,0.0,0.0225,0.0225,0.0,0.0,0.0,0.0,0.0,0,0,0,Not applicable as the project or activity is site specific,,NO,NO,NO,2023-10-19T18:09:43.175+00:00,,,,,,,,,,,,,,,,,,,,,,,,,,,,,,,,,,,,,,,,,,,,,,,Changlang,,https://parivesh.nic.in/dms/okm/downloadDocument?docTypemappingId=40829&refId=17876924&refType=caf&uuid=7f0c8c20-f27c-4a17-8e53-f7dd875c5d9b&version=1.0,"",https://parivesh.nic.in/newupgrade/#/report/ec?proposalId=17876940,30.0,0.0
17876988,"Department of Telecommunication, Government of India has recently partnered with Airtel to install telecommunication towers in the rural area of ARUNACHAL PRADESH under its project USOF (Universal Service Obligation Fund)",New,WL/AR/Others/449442/2023,2023-10-18T19:27:59.791+00:00,,,0.0225,50.0,BHARTI AIRTEL ASSAM,,Wildlife clearance form,,,,Name of the Project Diversion of 0.0225 Hectare of Forest land for construction of Mobile tower at Miao to Vijoynagar Road (UARV06)  under Universal Service Obligation Fund for Provision of Mobile Services,ARUNACHAL PRADESH,Vijoynagar EAC,NA,,,,Non - Linear,0.0,0.0225,0.0225,0.0,0.0,0.0,0.0,0.0,0,0,0,Not applicable as the project or activity is site specific,,NO,NO,NO,2023-10-19T18:13:51.927+00:00,,,,,,,,,,,,,,,,,,,,,,,,,,,,,,,,,,,,,,,,,,,,,,,Changlang,,https://parivesh.nic.in/dms/okm/downloadDocument?docTypemappingId=40829&refId=17876958&refType=caf&uuid=cb1da6fe-21a0-4d0b-9799-6840aed9094f&version=1.0,"",https://parivesh.nic.in/newupgrade/#/report/ec?proposalId=17876988,30.0,0.0
17877105,"Department of Telecommunication, Government of India has recently partnered with Airtel to install telecommunication towers in the rural area of ARUNACHAL PRADESH under its project USOF (Universal Service Obligation Fund)",New,WL/AR/Others/449443/2023,2023-10-18T19:39:19.484+00:00,,,0.0225,50.0,BHARTI AIRTEL ASSAM,,Wildlife clearance form,,,,Name of the Project Diversion of 0.0225 Hectare of Forest land for construction of Mobile tower at Miao to Vijoynagar Road (UARV07) under Universal Service Obligation Fund for Provision of Mobile Services,ARUNACHAL PRADESH,Vijoynagar EAC,NA,,,,Non - Linear,0.0,0.0225,0.0225,0.0,0.0,0.0,0.0,0.0,0,0,0,Not applicable as the project or activity is site specific,,NO,NO,NO,2023-10-19T18:20:20.352+00:00,,,,,,,,,,,,,,,,,,,,,,,,,,,,,,,,,,,,,,,,,,,,,,,Changlang,,https://parivesh.nic.in/dms/okm/downloadDocument?docTypemappingId=40829&refId=17876998&refType=caf&uuid=884fd9c6-df4a-4017-b7c6-754ecf7687dc&version=1.0,"",https://parivesh.nic.in/newupgrade/#/report/ec?proposalId=17877105,30.0,0.0
18119602,"Department of Telecommunication, Government of India has recently partnered with Airtel to install telecommunication towers in the rural area of ARUNACHAL PRADESH under its project USOF (Universal Service Obligation Fund)",New,FP/AR/OTHERS/449603/2023,2023-10-19T18:32:56.664+00:00,,DELISTED_BY_SYSTEM,0.0225,50.0,BHARTI AIRTEL ASSAM,,Forest clearance form,,,,Diversion of 0.0225 Hectare of Forest land for construction of Mobile tower at Miao to Vijoynagar Road (UARV08) under Universal Service Obligation Fund for Provision of Mobile Services,ARUNACHAL PRADESH,Vijoynagar EAC,Chidudi,,,,Non - Linear,0.0,0.0225,0.0225,0.0,0.0,0.0,0.0,0.0,0,0,0,Not applicable as the project or activity is site specific,,NO,NO,NO,2023-12-13T18:30:00.000+00:00,,,,false,,,,,,,,,,,,,,,,,,,,,,,,,,,,,,,,,,,"Bharti House, 6th mile",,18,Private Limited,Manager,,18,,Changlang,,https://parivesh.nic.in/dms/okm/downloadDocument?docTypemappingId=40829&refId=18119588&refType=caf&uuid=e76c41a5-8ffe-484b-ae35-a9515ef88de1&version=1.0;https://parivesh.nic.in/dms/okm/downloadDocument?docTypemappingId=58989&refId=18119588&refType=FC&uuid=241e2e2f-5b74-4548-82f5-82470e826372&version=1.1,264245,https://parivesh.nic.in/newupgrade/#/report/ec?proposalId=18119602,30.0,0.0
19243108,Construction of Taksing Ghora Camp-Lung OP ICBR-II road to NHSL specification under 128RCC/23 BRTF Project Arunank in Upper Subansiri of Arunachal Pradesh.,New,FP/AR/ROAD/449994/2023,2023-10-24T05:21:06.685+00:00,,DELISTED_BY_SYSTEM,17.636,4664.0,128 RCC (BRO),,Forest clearance form,,,,Construction of Taksing Ghora Camp- Lung OP ICBR-II road in the State of Arunachal Pradesh along Indo-China Border ( Length-6.515 Km),ARUNACHAL PRADESH,Taksing,NA,,,,Linear,0.0,17.636,17.636,0.0,0.0,0.0,0.0,0.0,0,0,0,Not applicable as the project or activity is site specific,,NO,NO,NO,2023-11-04T12:55:18.627+00:00,,,Degraded Forest Land,true,,,,,,,,,,,,,,,,,,,,,,,,,,,,,,,,,,,"128 Road Construction Coy
C/o 99 APO",Limeking,12,Central Government (Department/Autonomous body),OC RCC,Limeking,12,,Upper Subansiri,,https://parivesh.nic.in/dms/okm/downloadDocument?docTypemappingId=40829&refId=18085104&refType=caf&uuid=2f843571-4743-4874-a5be-32c920ca4d41&version=1.0;https://parivesh.nic.in/dms/okm/downloadDocument?docTypemappingId=58989&refId=18085104&refType=FC&uuid=0e433f0d-a9dc-46c5-8986-ca52200ccf30&version=1.2,"",https://parivesh.nic.in/newupgrade/#/report/ec?proposalId=19243108,43800.0,14400.0
19729711,Construction of Taksing Ghora Camp-Lung OP ICBR-II road to NHSL specification under 128RCC/23 BRTF Project Arunank in Upper Subansiri of Arunachal Pradesh.,New,FP/AR/ROAD/450192/2023,2023-10-26T03:57:31.331+00:00,,DELISTED_BY_SYSTEM,17.636,4664.0,128 RCC (BRO),,Forest clearance form,,,,Construction of Taksing Ghora Camp- Lung OP ICBR-II road in the State of Arunachal Pradesh along Indo-China Border ( Length-6.515 Km),ARUNACHAL PRADESH,Taksing,NA,,,,Linear,0.0,17.636,17.636,0.0,0.0,0.0,0.0,0.0,0,0,0,Not applicable as the project or activity is site specific,,NO,NO,NO,2023-11-04T12:51:01.074+00:00,,https://parivesh.nic.in/dms/okm/downloadDocument?docTypemappingId=59020&refId=19729710&refType=fc&uuid=bb6512ec-4c22-4ad6-9452-9b170f9bdafe&version=1.0,Degraded Forest Land,true,,,,,,,,,,,,,,,,,,,,,,,,,,,,,,,,,,,"128 Road Construction Coy
C/o 99 APO",Limeking,12,Central Government (Department/Autonomous body),OC RCC,Limeking,12,,Upper Subansiri,,https://parivesh.nic.in/dms/okm/downloadDocument?docTypemappingId=40829&refId=18085104&refType=caf&uuid=2f843571-4743-4874-a5be-32c920ca4d41&version=1.0;https://parivesh.nic.in/dms/okm/downloadDocument?docTypemappingId=58989&refId=18085104&refType=FC&uuid=0e433f0d-a9dc-46c5-8986-ca52200ccf30&version=1.3,"",https://parivesh.nic.in/newupgrade/#/report/ec?proposalId=19729711,43800.0,14400.0
19730831,Construction of Taksing Ghora Camp-Lung OP ICBR-II road to NHSL specification under 128RCC/23 BRTF Project Arunank in Upper Subansiri of Arunachal Pradesh.,New,FP/AR/ROAD/450195/2023,2023-10-26T04:41:16.125+00:00,,Pending at Nodal Officer for Compliance Review,17.636,4664.0,128 RCC (BRO),,Forest clearance form,,,,Construction of Taksing Ghora Camp- Lung OP ICBR-II road in the State of Arunachal Pradesh along Indo-China Border ( Length-6.515 Km),ARUNACHAL PRADESH,Taksing,NA,,,,Linear,0.0,17.636,17.636,0.0,0.0,0.0,0.0,0.0,0,0,0,Not applicable as the project or activity is site specific,,NO,NO,NO,2023-11-16T18:30:00.000+00:00,,https://parivesh.nic.in/dms/okm/downloadDocument?docTypemappingId=59020&refId=19730830&refType=fc&uuid=ef3dab2d-331b-4203-b107-65f6668d6d73&version=1.0,Degraded Forest Land,true,,,,,,,,,,,,,,,,,,,,,,,,,,,,,,,,,,,"128 Road Construction Coy
C/o 99 APO",Limeking,12,Central Government (Department/Autonomous body),OC RCC,Limeking,12,,Upper Subansiri,,https://parivesh.nic.in/dms/okm/downloadDocument?docTypemappingId=40829&refId=18085104&refType=caf&uuid=2f843571-4743-4874-a5be-32c920ca4d41&version=1.0;https://parivesh.nic.in/dms/okm/downloadDocument?docTypemappingId=58989&refId=18085104&refType=FC&uuid=0e433f0d-a9dc-46c5-8986-ca52200ccf30&version=1.4,"",https://parivesh.nic.in/newupgrade/#/report/ec?proposalId=19730831,43800.0,14400.0
19731958,"This is a proposal for diversion of 20.421 ha of forestland of four lanning to NHDL Specification the new alignment with Part 8mtr to 11 mtr the exisiting alignment (ROW 7 mtrI in Itanagar WLS Division, Naharlagun.",Expansion,WL/AR/ROAD/450201/2023,2023-10-26T05:12:00.544+00:00,,,0.0,34183.0,ARUNACHAL PWD HIGHWAY,,Wildlife clearance form,,,,Proposal for diversion of 20.421 ha of forest land for widening/improvement of four lanning of NH-415 from design chainage 29.500 km to 40.440 km (Police HQ to Pappu Nallah) Itanagar to Banderdewa section in the State of Arunachal Pradesh under Annual Plan 2016-17 on EPC mode (Package A) length 10.09 km.,ARUNACHAL PRADESH,Itanagar EAC,Papu Nalah to E/Gate,,,,Linear,0.0,0.0,0.0,0.0,20.421,20.421,34183.0,0.0,0,0,0,Not applicable as the project or activity is site specific,,NO,NO,NO,2023-10-26T05:44:32.525+00:00,,,,,,,,,,,,,,,,,,,,,,,,,,,,,,,,,,,,,,,,,,,,,,,Papum Pare,,https://parivesh.nic.in/dms/okm/downloadDocument?docTypemappingId=40829&refId=17843780&refType=caf&uuid=9eca4258-6a2c-42d1-a2ab-23adafd58390&version=1.3,262455,https://parivesh.nic.in/newupgrade/#/report/ec?proposalId=19731958,28470.0,0.0
21331706,The Taksang Chu SHP is a run of the river schemes to harness the hydrocarbon potential of River Taksang Chu. the project will utilize a gross head of about 224m for a generation  of 3.4 MW in a surfaace powerhouse.,New,FP/AR/HYD/IRRIG/451063/2023,2023-11-02T09:53:42.174+00:00,,Pending at Nodal Officer due to EDS by State Secretary,3.21,4596.0,TAM MUGLI,,Forest clearance form,,,,Proposal for diversion of 3.21 ha of forest land for construction of Taksang Chu SHEP 3.4 MW at Tawang District of Arunachal Pradesh,ARUNACHAL PRADESH,Zemithang Circle,Zemithang H.Q.,,,1,Non - Linear,0.0,3.21,3.21,0.0,0.0,0.0,0.0,0.0,0,0,0,Not applicable as the project or activity is site specific,,NO,NO,NO,2024-03-11T18:30:00.000+00:00,,,Degraded Forest Land,true,,,,,,,,,,,,,,,,,,,,,,,,,,,,,,,,,,,"Park View Apartment , Lower Niti Vihar, Itanagar",Itanagar,12,Individual,Assistance Manager,Itanagar,12,,Tawang,1,https://parivesh.nic.in/dms/okm/downloadDocument?docTypemappingId=40829&refId=20023403&refType=caf&uuid=e6397e97-2e88-43c3-86ff-b22a03b328bf&version=1.0;https://parivesh.nic.in/dms/okm/downloadDocument?docTypemappingId=58989&refId=20023403&refType=FC&uuid=54cba646-56b5-4ffa-96d0-63913a6a3500&version=1.1,0,https://parivesh.nic.in/newupgrade/#/report/ec?proposalId=21331706,50370.0,50370.0
22288923,construction of Arunachal Frontier Highway (NH-913) from NH-215 (near Kharsang) to Miao –Gandhigram – Vijaynagar Road of NH-913 in the statte of Arunachal Pradesh,Expansion,WL/AR/ROAD/451498/2023,2023-11-06T10:38:51.414+00:00,,,0.0,21.1,Public Works Department,,Wildlife clearance form,,,,Arunachal Frontier Highway (NH-913) from NH-215 (near Kharsang) to Miao –Gandhigram – Vijaynagar Road of NH-913,ARUNACHAL PRADESH,Vijoynagar EAC,Gaherigaon,,,,Linear,0.0,0.0,0.0,0.0,310.0,310.0,60000.0,2050000.0,0,0,0,Not applicable as the project or activity is site specific,,NO,NO,NO,2023-11-06T12:23:57.230+00:00,,,,,,,,,,,,,,,,,,,,,,,,,,,,,,,,,,,,,,,,,,,,,,,Changlang,,https://parivesh.nic.in/dms/okm/downloadDocument?docTypemappingId=40829&refId=20814172&refType=caf&uuid=4770637e-0953-4213-af9a-2833c131c5b6&version=1.0,264241,https://parivesh.nic.in/newupgrade/#/report/ec?proposalId=22288923,2850.0,900.0
23047495,This project shall provide connectivity to Pakke Tifger Reserve from Seijosa town.,New,WL/AR/Approach/451933/2023,2023-11-09T14:22:04.474+00:00,,,0.75,3023.0,Public Works Department,,Wildlife clearance form,,,,C/o Jeepable bridge(only light vehicles) on seijosa -Pakke Reserve(PTR) (span -260.00 Mtrs),ARUNACHAL PRADESH,Seijosa ADC,Niti Darlong,,,,Linear,0.75,0.0,0.75,0.0,0.0,0.0,0.0,0.0,0,0,0,NO,"project is site specific, with a minimal scope of shifting",NO,NO,NO,2023-11-09T14:46:03.184+00:00,,,,,,,,,,,,,,,,,,,,,,,,,,,,,,,,,,,,,,,,,,,,,,,Pakke Kessang,,https://parivesh.nic.in/dms/okm/downloadDocument?docTypemappingId=40829&refId=9889993&refType=caf&uuid=3921fb49-d4fe-4d54-9126-d65f035eddcc&version=1.0,261906,https://parivesh.nic.in/newupgrade/#/report/ec?proposalId=23047495,11000.0,21902.0
23275651,"The proposed oil & gas well drilling at Loc. OCKA falls in Lohit Reserved Forest under Chowkham Forest Range, Namsai Forest Division, Namsai District in the State of Arunachal Pradesh. Total 4.88 ha forest area (Plinth: 2.99 ha, Approach Road: 1.13 ha, Flare pit: 0.17 ha and Safety zone: 0.59 ha) has been proposed for diversion in this diversion proposal.",New,FP/AR/MINOIL/451999/2023,2023-11-10T09:01:43.509+00:00,2026-04-02T14:31:29.551+00:00,Final Diversion Order Issued,4.88,2000.0,OIL INDIA LIMITED,,Forest clearance form,,,,Forest Diversion Proposal for oil & gas well drilling at Loc. OCKA located in Lohit Reserved Forest in Namsai District under OALP Block AA-ONHP-2017/13 in the State of Arunachal Pradesh,ARUNACHAL PRADESH,Sunpura Circle,27th Mile,,,,Non - Linear,0.0,4.88,4.88,0.0,0.0,0.0,0.0,0.0,0,0,0,Not applicable as the project or activity is site specific,,NO,NO,NO,2024-01-04T18:30:00.000+00:00,,,Degraded Forest Land,true,,,,,,,,,,,,,,,,,,,,,,,,,,,,,,,,,,,"OIL INDIA LIMITED 
DULIAJAN
District  : Dibrugarh",Duliajan,18,"Central PSU (eg. NHAI, AAI, NTP, CIL, SAIL)",EXECUTIVE DIRECTOR (HSE),Duliajan,18,,Lohit,,https://parivesh.nic.in/dms/okm/downloadDocument?docTypemappingId=40829&refId=23275147&refType=caf&uuid=a52c575b-915d-428f-be8b-d9fa9b363c8a&version=1.0;https://parivesh.nic.in/dms/okm/downloadDocument?docTypemappingId=58989&refId=23275147&refType=FC&uuid=99e8c8ae-3afc-4e8d-ae7f-ce83acc7d393&version=1.0,266379,https://parivesh.nic.in/newupgrade/#/report/ec?proposalId=23275651,9000.0,8100.0
23944216,"The proposed RoW of the project road is 24m however at some stretches the RoW is 34 m at a total length of 275 m. In order to improve accessibility for Army/ITBP force to reach Jorging base camp easily, the Pango-Jorging road is proposed to construct to achieve faster transportation will ultimately lead to massive saving of travelling time and total reduction in transportation costs. This road project will open the lines of communication and movement of troops for the armed forces in Arunachal Pradesh border areas. The project road starts from Design Ch. 0.000 and ends at Design Ch. 82.060 having total design length of 82.060 km and is passing through Upper Siang district in the state of Arunachal Pradesh",New,WL/AR/ROAD/452207/2023,2023-11-13T10:19:40.124+00:00,,,209.982,1.80888,RO ITANAGAR MORT&H,,Wildlife clearance form,,,,Proposal for Diversion of 209.982 ha (including muck disposal sites) of Forest Land for Development of Pango – Jorging Road to intermediate lane with earthen shoulders in the state of Arunachal Pradesh (Length: 82.060 km) for Execution on EPC Mode in the State of Arunachal Pradesh.,ARUNACHAL PRADESH,Palling Circle,Migging H.Q.,,,,Linear,0.0,209.982,209.982,0.0,0.0,0.0,0.0,0.0,0,0,0,NO,"The projects road is located in hilly terrain in the state of Arunachal Pradesh. Entire project road is of new construction with two lane with earthen shoulder configuration. In order to improve accessibility for ITBP force to reach Jorging base camp easily, the Pango to Jorging road is proposed to construct to achieve faster transportation will ultimately lead to massive saving of travelling time and total reduction in transportation costs. This road project will open the lines of communication",NO,NO,NO,2023-11-14T08:16:11.845+00:00,,,,,,,,,,,,,,,,,,,,,,,,,,,,,,,,,,,,,,,,,,,,,,,Upper Siang,,https://parivesh.nic.in/dms/okm/downloadDocument?docTypemappingId=40829&refId=16456247&refType=caf&uuid=f144efd6-0dd2-4723-b4c4-4da2e3a9653c&version=1.0,263951,https://parivesh.nic.in/newupgrade/#/report/ec?proposalId=23944216,45260.0,27375.0
24183871,"Department of Telecommunication, Government of India has recently partnered with Airtel to install telecommunication towers in the rural area of ARUNACHAL PRADESH under its project USOF (Universal Service Obligation Fund)",New,FP/AR/OTHERS/452334/2023,2023-11-14T15:52:39.110+00:00,,Pending on UA for Compensatory Levies Payment,0.0225,50.0,BHARTI AIRTEL ASSAM,,Forest clearance form,,,,Diversion of 0.0225 Hectare of Forest land for construction of Mobile tower at Miao to Vijoynagar Road (UARV01) under Universal Service Obligation Fund for Provision of Mobile Services,ARUNACHAL PRADESH,Miao ADC,NA,,,,Non - Linear,0.0,0.0225,0.0225,0.0,0.0,0.0,0.0,0.0,0,0,0,Not applicable as the project or activity is site specific,,NO,NO,NO,2023-12-10T18:30:00.000+00:00,,,,false,,,,,,,,,,,,,,,,,,,,,,,,,,,,,,,,,,,"Bharti House, 6th mile",,18,Private Limited,Manager,,18,,Changlang,,https://parivesh.nic.in/dms/okm/downloadDocument?docTypemappingId=40829&refId=24183759&refType=caf&uuid=cd10ced5-12f6-4f93-bed4-f94c20e2ac4f&version=1.0;https://parivesh.nic.in/dms/okm/downloadDocument?docTypemappingId=58989&refId=24183759&refType=FC&uuid=62be2dd0-4475-4f5d-b1a6-8d648ce86b96&version=1.0,0,https://parivesh.nic.in/newupgrade/#/report/ec?proposalId=24183871,30.0,0.0
24183947,"Department of Telecommunication, Government of India has recently partnered with Airtel to install telecommunication towers in the rural area of ARUNACHAL PRADESH under its project USOF (Universal Service Obligation Fund)",New,FP/AR/OTHERS/452335/2023,2023-11-14T16:07:15.381+00:00,,Pending on UA for Compensatory Levies Payment,0.0225,50.0,BHARTI AIRTEL ASSAM,,Forest clearance form,,,,Diversion of 0.0225 Hectare of Forest land for construction of Mobile tower at Miao to Vijoynagar Road (UARV02) under Universal Service Obligation Fund for Provision of Mobile Services,ARUNACHAL PRADESH,Miao ADC,NA,,,,Non - Linear,0.0,0.0225,0.0225,0.0,0.0,0.0,0.0,0.0,0,0,0,Not applicable as the project or activity is site specific,,NO,NO,NO,2023-12-10T18:30:00.000+00:00,,,,false,,,,,,,,,,,,,,,,,,,,,,,,,,,,,,,,,,,"Bharti House, 6th mile",,18,Private Limited,Manager,,18,,Changlang,,https://parivesh.nic.in/dms/okm/downloadDocument?docTypemappingId=40829&refId=24183931&refType=caf&uuid=974917f0-0ff9-4fb8-af8d-783a284bc42c&version=1.0;https://parivesh.nic.in/dms/okm/downloadDocument?docTypemappingId=58989&refId=24183931&refType=FC&uuid=291e443e-3c92-4729-a90d-152f017419a4&version=1.0,"",https://parivesh.nic.in/newupgrade/#/report/ec?proposalId=24183947,30.0,0.0
24184019,"Department of Telecommunication, Government of India has recently partnered with Airtel to install telecommunication towers in the rural area of ARUNACHAL PRADESH under its project USOF (Universal Service Obligation Fund)",New,FP/AR/OTHERS/452337/2023,2023-11-14T16:22:22.229+00:00,,Pending on UA for Compensatory Levies Payment,0.0225,50.0,BHARTI AIRTEL ASSAM,,Forest clearance form,,,,Diversion of 0.0225 Hectare of Forest land for construction of Mobile tower at Miao to Vijoynagar Road (UARV03) under Universal Service Obligation Fund for Provision of Mobile Services,ARUNACHAL PRADESH,Miao ADC,NA,,,,Non - Linear,0.0,0.0225,0.0225,0.0,0.0,0.0,0.0,0.0,0,0,0,Not applicable as the project or activity is site specific,,NO,NO,NO,2023-12-10T18:30:00.000+00:00,,,,false,,,,,,,,,,,,,,,,,,,,,,,,,,,,,,,,,,,"Bharti House, 6th mile",,18,Private Limited,Manager,,18,,Changlang,,https://parivesh.nic.in/dms/okm/downloadDocument?docTypemappingId=40829&refId=24184000&refType=caf&uuid=11c88fb4-c9a9-4fdb-ae26-13385b396f7b&version=1.0;https://parivesh.nic.in/dms/okm/downloadDocument?docTypemappingId=58989&refId=24184000&refType=FC&uuid=6da549d0-62d9-4267-b8af-0d2b16477800&version=1.0,0,https://parivesh.nic.in/newupgrade/#/report/ec?proposalId=24184019,30.0,0.0
24184117,"Department of Telecommunication, Government of India has recently partnered with Airtel to install telecommunication towers in the rural area of ARUNACHAL PRADESH under its project USOF (Universal Service Obligation Fund)",New,FP/AR/OTHERS/452338/2023,2023-11-14T16:37:32.183+00:00,,Pending on UA for Compensatory Levies Payment,0.0225,50.0,BHARTI AIRTEL ASSAM,,Forest clearance form,,,,Diversion of 0.0225 Hectare of Forest land for construction of Mobile tower at Miao to Vijoynagar Road (UARV04) under Universal Service Obligation Fund for Provision of Mobile Services,ARUNACHAL PRADESH,Miao ADC,NA,,,,Non - Linear,0.0,0.0225,0.0225,0.0,0.0,0.0,0.0,0.0,0,0,0,Not applicable as the project or activity is site specific,,NO,NO,NO,2023-12-10T18:30:00.000+00:00,,,,false,,,,,,,,,,,,,,,,,,,,,,,,,,,,,,,,,,,"Bharti House, 6th mile",,18,Private Limited,Manager,,18,,Changlang,,https://parivesh.nic.in/dms/okm/downloadDocument?docTypemappingId=40829&refId=24184091&refType=caf&uuid=a0d07067-a3d9-4b25-b6b9-6ef896dcce3f&version=1.0;https://parivesh.nic.in/dms/okm/downloadDocument?docTypemappingId=58989&refId=24184091&refType=FC&uuid=dc1d3ca8-572c-4745-aa95-66d370f6ca7f&version=1.0,0,https://parivesh.nic.in/newupgrade/#/report/ec?proposalId=24184117,30.0,0.0
24184237,"Department of Telecommunication, Government of India has recently partnered with Airtel to install telecommunication towers in the rural area of ARUNACHAL PRADESH under its project USOF (Universal Service Obligation Fund)",New,FP/AR/OTHERS/452339/2023,2023-11-14T16:50:48.217+00:00,,Pending on UA for Compensatory Levies Payment,0.0225,50.0,BHARTI AIRTEL ASSAM,,Forest clearance form,,,,Diversion of 0.0225 Hectare of Forest land for construction of Mobile tower at Miao to Vijoynagar Road (UARV05)under Universal Service Obligation Fund for Provision of Mobile Services,ARUNACHAL PRADESH,Nampong SDO,NA,,,,Non - Linear,0.0,0.0225,0.0225,0.0,0.0,0.0,0.0,0.0,0,0,0,Not applicable as the project or activity is site specific,,NO,NO,NO,2023-12-10T18:30:00.000+00:00,,,,false,,,,,,,,,,,,,,,,,,,,,,,,,,,,,,,,,,,"Bharti House, 6th mile",,18,Private Limited,Manager,,18,,Changlang,,https://parivesh.nic.in/dms/okm/downloadDocument?docTypemappingId=40829&refId=24184208&refType=caf&uuid=29ea8eb7-e525-4b59-9c42-46a4e3bf0d9c&version=1.0;https://parivesh.nic.in/dms/okm/downloadDocument?docTypemappingId=58989&refId=24184208&refType=FC&uuid=be762487-4269-47d6-938c-3e0d1c7eb1a3&version=1.0,"",https://parivesh.nic.in/newupgrade/#/report/ec?proposalId=24184237,30.0,0.0
24184490,"Department of Telecommunication, Government of India has recently partnered with Airtel to install telecommunication towers in the rural area of ARUNACHAL PRADESH under its project USOF (Universal Service Obligation Fund)",New,FP/AR/OTHERS/452341/2023,2023-11-14T17:09:35.139+00:00,,DELISTED_BY_SYSTEM,0.0225,50.0,BHARTI AIRTEL ASSAM,,Forest clearance form,,,,Diversion of 0.0225 Hectare of Forest land for construction of Mobile tower at Miao to Vijoynagar Road (UARV06) under Universal Service Obligation Fund for Provision of Mobile Services,ARUNACHAL PRADESH,Vijoynagar EAC,NA,,,,Non - Linear,0.0,0.0225,0.0225,0.0,0.0,0.0,0.0,0.0,0,0,0,Not applicable as the project or activity is site specific,,NO,NO,NO,2023-12-10T18:30:00.000+00:00,,,,false,,,,,,,,,,,,,,,,,,,,,,,,,,,,,,,,,,,"Bharti House, 6th mile",,18,Private Limited,Manager,,18,,Changlang,,https://parivesh.nic.in/dms/okm/downloadDocument?docTypemappingId=40829&refId=24184403&refType=caf&uuid=cacf4e14-ed3b-4b03-a5d4-64b411d4c12f&version=1.0;https://parivesh.nic.in/dms/okm/downloadDocument?docTypemappingId=58989&refId=24184403&refType=FC&uuid=7753ff01-5edf-4629-bd40-a4e0448be84b&version=1.0,"",https://parivesh.nic.in/newupgrade/#/report/ec?proposalId=24184490,30.0,0.0
24184632,"Department of Telecommunication, Government of India has recently partnered with Airtel to install telecommunication towers in the rural area of ARUNACHAL PRADESH under its project USOF (Universal Service Obligation Fund)",New,FP/AR/OTHERS/452342/2023,2023-11-14T17:24:08.281+00:00,,Pending on UA for Compensatory Levies Payment,0.0225,50.0,BHARTI AIRTEL ASSAM,,Forest clearance form,,,,Diversion of 0.0225 Hectare of Forest land for construction of Mobile tower at 82nd mile Miao to Vijoynagar Road (UARV07) under Universal Service Obligation Fund for Provision of Mobile Services,ARUNACHAL PRADESH,Vijoynagar EAC,NA,,,,Non - Linear,0.0,0.0225,0.0225,0.0,0.0,0.0,0.0,0.0,0,0,0,Not applicable as the project or activity is site specific,,NO,NO,NO,2023-11-14T18:06:26.035+00:00,,,,false,,,,,,,,,,,,,,,,,,,,,,,,,,,,,,,,,,,"Bharti House, 6th mile",,18,Private Limited,Manager,,18,,Changlang,,https://parivesh.nic.in/dms/okm/downloadDocument?docTypemappingId=40829&refId=24184595&refType=caf&uuid=e69baf75-92df-461f-9106-f3d71bff11e9&version=1.0;https://parivesh.nic.in/dms/okm/downloadDocument?docTypemappingId=58989&refId=24184595&refType=FC&uuid=db34e348-3c93-41e8-a8ae-d0b9366b82a9&version=1.0,0,https://parivesh.nic.in/newupgrade/#/report/ec?proposalId=24184632,30.0,0.0
24184723,"Department of Telecommunication, Government of India has recently partnered with Airtel to install telecommunication towers in the rural area of ARUNACHAL PRADESH under its project USOF (Universal Service Obligation Fund)",New,FP/AR/OTHERS/452344/2023,2023-11-14T17:44:28.199+00:00,,Pending on UA for Compensatory Levies Payment,0.0225,50.0,BHARTI AIRTEL ASSAM,,Forest clearance form,,,,Diversion of 0.0225 Hectare of Forest land for construction of Mobile tower at 86th mile Gandhigram Village (UARV08) under Universal Service Obligation Fund for Provision of Mobile Services,ARUNACHAL PRADESH,Vijoynagar EAC,Gandhigram,,,,Non - Linear,0.0,0.0225,0.0225,0.0,0.0,0.0,0.0,0.0,0,0,0,Not applicable as the project or activity is site specific,,NO,NO,NO,2023-11-14T18:03:34.564+00:00,,,,false,,,,,,,,,,,,,,,,,,,,,,,,,,,,,,,,,,,"Bharti House, 6th mile",,18,Private Limited,Manager,,18,,Changlang,,https://parivesh.nic.in/dms/okm/downloadDocument?docTypemappingId=40829&refId=24184702&refType=caf&uuid=e93f8acc-73a1-4aef-99f4-0081f5f9440c&version=1.1;https://parivesh.nic.in/dms/okm/downloadDocument?docTypemappingId=58989&refId=24184702&refType=FC&uuid=7cd0e8e8-fa17-4159-98ff-35302194e001&version=1.0,264244,https://parivesh.nic.in/newupgrade/#/report/ec?proposalId=24184723,30.0,0.0
24884885,"Diversion of forest land area against built-up area of 19 ha of land for establishment of permanent Lower Siang DIstrict Headquarter at Siji, Arunachal Pradesh.",New,FP/AR/OTHERS/452522/2023,2023-11-17T06:48:24.772+00:00,,Final Diversion Order Issued,19.0,6500.0,DEPUTY COMMISSIONER LOWER SIANG DISTRICT,,Forest clearance form,,,,"Proposal for diversion of 19 ha forest land for establishment of Lower Siang District Headquarter at Siji, Arunachal Pradesh",ARUNACHAL PRADESH,Likabali SDO,Siji,,,1,Non - Linear,0.0,19.0,19.0,0.0,0.0,0.0,0.0,0.0,0,0,0,YES,,NO,NO,NO,2023-11-16T18:30:00.000+00:00,,,Degraded Forest Land,true,,,,,,,,,,,,,,,,,,,,,,,,,,,,,,,,,,,"Office of the Deputy Commissioner, Lower Siang District",Siji Likabali,12,State Government (Department/Autonomous body),Extra Assistant Commissioner,,12,,Lower Siang,1,https://parivesh.nic.in/dms/okm/downloadDocument?docTypemappingId=40829&refId=24878594&refType=caf&uuid=2dfd5ba6-f738-428a-b4bb-dc069f3a455d&version=1.0;https://parivesh.nic.in/dms/okm/downloadDocument?docTypemappingId=40828&refId=24878594&refType=caf&uuid=c83af707-bb78-453a-84e7-07c3c535dd6a&version=1.0;https://parivesh.nic.in/dms/okm/downloadDocument?docTypemappingId=58989&refId=24878594&refType=FC&uuid=1e641729-6227-4a04-aa46-14da65ebc019&version=1.0,263716,https://parivesh.nic.in/newupgrade/#/report/ec?proposalId=24884885,4850.0,1850.0
25598331,The proposed dam site of Oju HEP is located on Lower Subansiri River between Redi and Oju villages. The diversion area is downstream of confluence point of Koyi Siko nallah with Lower Subansiri River. The powerhouse is located upstream of the confluence of Tsari Chu nallah and Keru nallah with Si Nigit River.,New,IA/AR/RIV/452755/2023,2023-11-20T07:38:00.443+00:00,2024-01-30T11:17:55.883+00:00,ToR Granted,750.06,31.3564,OJU SUBANSIRI HYDRO POWER CORPORATION PVT LTD,WAPCOS Limited,Application for amendment in ToR (for categories A & B1)/Amendment in EC (for category B2)- Form-3,OTHER,A,River Valley/Irrigation projects,Oju HEP,ARUNACHAL PRADESH,Taksing,Dadu,J-12011/10/2022-IA.I (R),,,Hybrid,0.0,750.06,750.06,0.0,0.0,0.0,0.0,0.0,1,9,9,YES,,NO,NO,NO,2023-12-08T07:37:11.297+00:00,,,,,,,,,,,,,,,,,,,,,,,,,,,,,,,,,,,,,,,,,,,,,,,Upper Subansiri,,https://parivesh.nic.in/dms/okm/downloadDocument?docTypemappingId=40829&refId=22294935&refType=caf&uuid=23825209-7dee-477b-9275-1f9d128f42f2&version=1.0;https://parivesh.nic.in/dms/okm/downloadDocument?docTypemappingId=40828&refId=22294935&refType=caf&uuid=40eb01d4-5992-4618-850c-2e8fc3913a0d&version=1.0;https://parivesh.nic.in/dms/okm/downloadDocument?docTypemappingId=40828&refId=22294935&refType=caf&uuid=bbb0c281-f5b8-43f7-86fe-86abe2b3285a&version=1.0;https://parivesh.nic.in/dms/okm/downloadDocument?docTypemappingId=40828&refId=22294935&refType=caf&uuid=cde1cefd-a956-4e7c-bfb9-14fca64ee66f&version=1.0,262764,https://parivesh.nic.in/newupgrade/#/report/ec?proposalId=25598331,2160000.0,1260000.0
26334405,Proposal for Diversion of forest land measuring 0.3728 Ha for construction of RT Station for day-to-day monitoring and control of pipeline operation and approach leading to RT-02 location for Gohpur – Itanagar Pipeline Project,New,WL/AR/Others/453073/2023,2023-11-23T01:35:50.438+00:00,,,0.3728,600.0,INDRADHANUSH GAS GRID LIMITED,,Wildlife clearance form,,,,Proposal for Diversion of forest land measuring 0.3728 Ha for construction of RT-02 Station for Gohpur – Itanagar Pipeline Project,ARUNACHAL PRADESH,Banderdawa,Chakma - IX,,,,Non - Linear,0.0,0.3728,0.3728,0.0,0.0,0.0,0.0,0.0,0,0,0,Not applicable as the project or activity is site specific,,NO,NO,NO,2023-12-14T10:07:42.207+00:00,,,,,,,,,,,,,,,,,,,,,,,,,,,,,,,,,,,,,,,,,,,,,,,Papum Pare,,https://parivesh.nic.in/dms/okm/downloadDocument?docTypemappingId=40829&refId=17602508&refType=caf&uuid=4ac803a6-1d62-4b1b-b0cc-a15565196eee&version=1.0,262301,https://parivesh.nic.in/newupgrade/#/report/ec?proposalId=26334405,4500.0,75600.0
26344872,The project has stratagic importance and is related to developement of the road infrastructure in the State of Arunachal Pradesh.,New,FP/AR/OTHERS/453111/2023,2023-11-23T06:54:22.723+00:00,,DELISTED_BY_SYSTEM,1.65,600.0,ARUNACHAL PWD HIGHWAY,,Forest clearance form,,,,Proposal for diversion of 1.65 ha of forest land for construction of Toll Plaza ot NH-415 from km 53.860 to 54.025 Banderdewa.,ARUNACHAL PRADESH,Naharlagun EAC,Kharsingasa Village,,,,Non - Linear,0.0,1.65,1.65,0.0,0.0,0.0,0.0,0.0,0,0,0,Not applicable as the project or activity is site specific,,NO,NO,NO,2023-12-14T18:30:00.000+00:00,,,Degraded Forest Land,true,,,,,,,,,,,,,,,,,,,,,,,,,,,,,,,,,,,"Chief Engineer Highway Zone
PWD AP, Itanagar",Banderdewa,12,State Government (Department/Autonomous body),ChiefEngineer,Itanagar,12,,Papum Pare,,https://parivesh.nic.in/dms/okm/downloadDocument?docTypemappingId=40829&refId=26342949&refType=caf&uuid=a0db9ecb-b357-450a-915f-78f9f4988ae8&version=1.0;https://parivesh.nic.in/dms/okm/downloadDocument?docTypemappingId=58989&refId=26342949&refType=FC&uuid=d4b1dbbc-5fcc-4319-bcd2-7770ef93135b&version=1.0,0,https://parivesh.nic.in/newupgrade/#/report/ec?proposalId=26344872,28470.0,22995.0
26367574,Proposal for Diversion of forest land measuring 0.80 Ha for construction of RT Station for day-to-day monitoring and control of pipeline operation for Gohpur – Itanagar Pipeline Project,New,WL/AR/Others/453192/2023,2023-11-23T12:22:23.886+00:00,,,0.8,600.0,INDRADHANUSH GAS GRID LIMITED,,Wildlife clearance form,,,,Proposal for Diversion of forest land measuring 0.80 Ha for construction of RT Station for Gohpur – Itanagar Pipeline Project,ARUNACHAL PRADESH,Banderdawa,Chakma - IX,,,,Non - Linear,0.0,0.8,0.8,0.0,0.0,0.0,0.0,0.0,0,0,0,Not applicable as the project or activity is site specific,,NO,NO,NO,2023-11-27T10:01:43.910+00:00,,,,,,,,,,,,,,,,,,,,,,,,,,,,,,,,,,,,,,,,,,,,,,,Papum Pare,,https://parivesh.nic.in/dms/okm/downloadDocument?docTypemappingId=40829&refId=6553772&refType=caf&uuid=d84dbba8-5374-4c2a-a431-042f563d2832&version=1.0,262301,https://parivesh.nic.in/newupgrade/#/report/ec?proposalId=26367574,4500.0,75600.0
29446950,"Oju hydroelectric project is proposed for development on Subansiri river in Upper Subansiri district of Arunachal Pradesh. The project scheme entails a run-of-the-river development with peaking power capability. The project is one of the projects in a cascade development on Subansiri River. The project is planned to generate 2220 MW (2100 MW + 120 MW auxiliary (dam toe)), with sufficient storage to meet daily peak hour energy generation requirements.",New,FP/AR/HYD/IRRIG/454399/2023,2023-12-05T07:50:32.085+00:00,,Pending at PP due to EDS by Nodal Officer,750.06,31.3564,OJU SUBANSIRI HYDRO POWER CORPORATION PVT LTD,,Forest clearance form,,,,"Oju Hydroelectric Project of capacity 2220 MW at Village Reddi, Tehsil Limeking Circle, District Upper Subansiri, Arunachal Pradesh by M/s Oju Subansiri Hydro Power Corporation Pvt. Ltd.",ARUNACHAL PRADESH,Taksing,Taying,,,,Hybrid,0.0,750.06,750.06,0.0,0.0,0.0,0.0,0.0,1,9,9,YES,,NO,NO,NO,2024-01-24T18:30:00.000+00:00,,https://parivesh.nic.in/dms/okm/downloadDocument?docTypemappingId=59020&refId=29446949&refType=fc&uuid=98f06bb6-64b5-4253-b4e8-fd7788f79fc9&version=1.0,Degraded Forest Land,true,,,,,,,,,,,,,,,,,,,,,,,,,,,,,,,,,,,"M-3, 2 Floor, Hauz Khas, Sri Aurobindo Marg, New Delhi",A Qutub Institutional Area Shaheed Jeet Singh Marg,7,Private Limited,Manager,,7,,Upper Subansiri,,https://parivesh.nic.in/dms/okm/downloadDocument?docTypemappingId=40828&refId=29443379&refType=caf&uuid=0795b8e1-c8b1-4910-9509-7f16228c27a1&version=1.0;https://parivesh.nic.in/dms/okm/downloadDocument?docTypemappingId=40828&refId=29443379&refType=caf&uuid=cefabaf9-abb5-4085-becc-3a73f955a352&version=1.0;https://parivesh.nic.in/dms/okm/downloadDocument?docTypemappingId=40828&refId=29443379&refType=caf&uuid=9dc4847a-236a-409f-9831-9de84b00e6be&version=1.0;https://parivesh.nic.in/dms/okm/downloadDocument?docTypemappingId=40829&refId=29443379&refType=caf&uuid=3e97d758-1ea7-4d81-9b37-0d8380dea1a6&version=1.0;https://parivesh.nic.in/dms/okm/downloadDocument?docTypemappingId=58989&refId=29443379&refType=FC&uuid=2f052e18-a89d-41a9-b2f7-405991967f2d&version=1.0,,https://parivesh.nic.in/newupgrade/#/report/ec?proposalId=29446950,2160000.0,1260000.0
30258904,Requirement of Forest Land for construction of Operational Track from Malinye to Balua,New,FP/AR/OTHERS/454848/2023,2023-12-08T15:42:10.524+00:00,,DELISTED_BY_SYSTEM,2.625,50.0,Ministry of Defense,,Forest clearance form,,,,Forest Clearance,ARUNACHAL PRADESH,Etalin,Maliney,,,,Non - Linear,0.0,2.625,2.625,0.0,0.0,0.0,0.0,0.0,0,0,0,Not applicable as the project or activity is site specific,,NO,NO,NO,2023-12-09T04:28:05.235+00:00,,,,false,,,,,,,,,,,,,,,,,,,,,,,,,,,,,,,,,,,"103 Engineer Regiment, PIN-914103, c/o 99 APO",,12,Central Government (Department/Autonomous body),Engineer Planning Officer,,12,,Upper Dibang Valley,,https://parivesh.nic.in/dms/okm/downloadDocument?docTypemappingId=40829&refId=30257732&refType=caf&uuid=1c6489bf-7207-4712-882e-e3fe33de93ae&version=1.0;https://parivesh.nic.in/dms/okm/downloadDocument?docTypemappingId=58989&refId=30257732&refType=FC&uuid=142b8e55-42ca-4944-ba45-816c752411fa&version=1.2,265996,https://parivesh.nic.in/newupgrade/#/report/ec?proposalId=30258904,3780.0,3780.0
30954127,Proposal for Diversion of forest land measuring 0.80 Ha for construction of RT Station for day-to-day monitoring and control of pipeline operation for Gohpur – Itanagar Pipeline Project,New,WL/AR/Others/455037/2023,2023-12-11T07:08:50.397+00:00,,,0.8,600.0,INDRADHANUSH GAS GRID LIMITED,,Wildlife clearance form,,,,Proposal for Diversion of forest land measuring 0.80 Ha for construction of RT Station for Gohpur – Itanagar Pipeline Project,ARUNACHAL PRADESH,Banderdawa,Chakma - IX,,,,Non - Linear,0.0,0.8,0.8,0.0,0.0,0.0,0.0,0.0,0,0,0,Not applicable as the project or activity is site specific,,NO,NO,NO,2023-12-11T08:18:54.298+00:00,,,,,,,,,,,,,,,,,,,,,,,,,,,,,,,,,,,,,,,,,,,,,,,Papum Pare,,https://parivesh.nic.in/dms/okm/downloadDocument?docTypemappingId=40829&refId=30953749&refType=caf&uuid=51e60af1-ffc3-4791-a1cd-184533a5dc33&version=1.0,262301,https://parivesh.nic.in/newupgrade/#/report/ec?proposalId=30954127,4500.0,75600.0
31761247,The project envisages utilization of the discharge of the Tangon river to generate about 680MW of power by using a gross head of about 286.3m. The project is proposed to be developed as a run-of-the-river scheme by constructing a 85m high concrete gravity dam on Tangon river and diverting the water through an underground waterway system to utilize the available head in an underground powerhouse.,New,IA/AR/RIV/455548/2023,2023-12-14T10:39:17.368+00:00,2024-03-05T11:50:55.496+00:00,ToR Granted,261.53,5.89601,SJVN Limited,R. S. Envirolinks Technologies Pvt. Ltd.,Environment clearance form,TOR,A,River Valley/Irrigation projects,Attunli Hydroelectric Project (680 MW),ARUNACHAL PRADESH,Etalin,Athunli,J-12011/61/2006-IA.I (R),,,Hybrid,20.0,241.53,261.53,0.0,0.0,0.0,0.0,0.0,0,0,0,YES,,NO,NO,NO,2024-01-11T11:45:11.719+00:00,,,,,,,,,,,,,,,,,,,,,,,,,,,,,,,,,,,,,,,,,,,,,,,Upper Dibang Valley,,https://parivesh.nic.in/dms/okm/downloadDocument?docTypemappingId=40829&refId=31759808&refType=caf&uuid=92ca7d41-776d-430a-a866-7f6059140a8f&version=1.0,265989,https://parivesh.nic.in/newupgrade/#/report/ec?proposalId=31761247,4200000.0,3600000.0
37324614,Tato-II HEP (700 MW) is proposed on the Siyom River in Shi Yomi District of Arunachal Pradesh. The project envisages construction of a 123 m high concrete Dam from the river bed level across river Siyom to generate 700 MW of hydropower. The catchment area of the project is 2560 Sq.km. Total land required for the project is 313.88 Ha consisting of Unclassed State Forest and the project does not involve any non-forest land. An underground powerhouse is proposed on the left bank of the river near Siyom village with 4 units of 175 MW capacity each. A total 376 families will be affected due to this project out of which 51 families will be displaced. No National Park/Sanctuary/Biosphere Reserve/Historical monument exists in the vicinity of the project area. International boundary is 42 Km (aerial dist.) away from project site. The total estimated present-day cost of the project is about Rs. 7120.51 Crores and likely to be completed in 84 months (including pre-investment period of 12 months).,New,FP/AR/HYD/IRRIG/458005/2024,2024-01-08T08:44:52.483+00:00,2026-03-17T17:02:01.737+00:00,Final Diversion Order Issued,313.88,7.12051,NORTH EASTERN ELECTRIC POWER CORPORATION LTD,,Forest clearance form,,,,Tato-II Hydro Electric Project (700 MW),ARUNACHAL PRADESH,Tato,Quing,,,,Non - Linear,0.0,313.88,313.88,0.0,0.0,0.0,0.0,0.0,9,51,376,Not applicable as the project or activity is site specific,,NO,NO,NO,2024-03-18T18:30:00.000+00:00,,https://parivesh.nic.in/dms/okm/downloadDocument?docTypemappingId=59020&refId=37324613&refType=fc&uuid=cd6bcacf-bfb5-4acb-8406-33043b59e09a&version=1.0,Degraded Forest Land,true,,,,,,,,,,,,,,,,,,,,,,,,,,,,,,,,,,,"BROOKLAND COMPOUND, LOWER NEW COLONY, LAITUMKHRAH",SHILLONG,17,"Central PSU (eg. NHAI, AAI, NTP, CIL, SAIL)",Assistant Manager Environment,SHILLONG,17,,Shi Yomi,,https://parivesh.nic.in/dms/okm/downloadDocument?docTypemappingId=40829&refId=17383794&refType=caf&uuid=5ad4952f-ece2-4274-9a21-7a965e3a7160&version=1.2;https://parivesh.nic.in/dms/okm/downloadDocument?docTypemappingId=58989&refId=17383794&refType=FC&uuid=d7c940d9-36b2-4a66-ae97-a018cc45e3c4&version=1.2,0,https://parivesh.nic.in/newupgrade/#/report/ec?proposalId=37324614,1825050.0,3650000.0
40775435,"The Kalai H.E. Project Stage- II is located in the Anjaw District of Arunachal Pradesh. The project envisages utilization of the discharge of the Lohit River, a tributary of the Brahmaputra River to generate about 1200 MW of power or 4852.95 GWh of design Energy (90% dependable year with 95% machine availability). The project is proposed to be developed as a run-of-the-river with a pondage scheme by constructing a 198.00 m high concrete gravity dam (from the deepest foundation level) and an underground powerhouse.",New,FP/AR/HYD/IRRIG/459593/2024,2024-01-23T08:26:42.495+00:00,,REMOVED,869.3503,14.17626,THDC INDIA LIMITED,,Forest clearance form,,,,Kalai II Hydro Electric Project,ARUNACHAL PRADESH,Hawai HQ,12th K.M. Camp,,,,Hybrid,0.0,869.3503,869.3503,0.0,0.0,0.0,0.0,0.0,25,276,595,YES,,NO,NO,NO,2024-03-04T18:30:00.000+00:00,,https://parivesh.nic.in/dms/okm/downloadDocument?docTypemappingId=59020&refId=40775434&refType=fc&uuid=d7757311-0826-46e2-97e1-7af118351c1e&version=1.0,Degraded Forest Land,true,,,,,,,,,,,,,,,,,,,,,,,,,,,,,,,,,,,"Gangotri Bhawan, Pragatipuram",,5,"Central PSU (eg. NHAI, AAI, NTP, CIL, SAIL)",General Manager,,5,,Anjaw,,https://parivesh.nic.in/dms/okm/downloadDocument?docTypemappingId=40828&refId=40774729&refType=caf&uuid=79a27101-5646-4b4d-b4b6-df5e2f85769a&version=1.0;https://parivesh.nic.in/dms/okm/downloadDocument?docTypemappingId=40828&refId=40774729&refType=caf&uuid=26d2b628-6991-46cb-a8d5-3425f15c8909&version=1.0;https://parivesh.nic.in/dms/okm/downloadDocument?docTypemappingId=40828&refId=40774729&refType=caf&uuid=46c52817-f071-481d-91e4-4813f0736ff5&version=1.0;https://parivesh.nic.in/dms/okm/downloadDocument?docTypemappingId=40828&refId=40774729&refType=caf&uuid=73b49eac-0cf8-4ece-aa6d-8e1ccbfffb7f&version=1.0;https://parivesh.nic.in/dms/okm/downloadDocument?docTypemappingId=40828&refId=40774729&refType=caf&uuid=64d76435-9e86-4241-a4fc-53025f73da81&version=1.0;https://parivesh.nic.in/dms/okm/downloadDocument?docTypemappingId=40828&refId=40774729&refType=caf&uuid=2835caf8-21f3-49cd-b2ab-3960f634bfdd&version=1.0;https://parivesh.nic.in/dms/okm/downloadDocument?docTypemappingId=40829&refId=40774729&refType=caf&uuid=569e056e-7486-4fc2-aa0c-dafb2a182f5f&version=1.0;https://parivesh.nic.in/dms/okm/downloadDocument?docTypemappingId=40829&refId=128317503&refType=caf&uuid=296ae938-b9d0-4117-b24b-9a5d8ea9f860&version=1.0;https://parivesh.nic.in/dms/okm/downloadDocument?docTypemappingId=58989&refId=40774729&refType=FC&uuid=33f35a26-d0e2-40ab-8806-ccbff914b01a&version=1.0;https://parivesh.nic.in/dms/okm/downloadDocument?docTypemappingId=58989&refId=40774729&refType=FC&uuid=7b62027c-c06b-4723-b34f-09939444922b&version=1.0,,https://parivesh.nic.in/newupgrade/#/report/ec?proposalId=40775435,4015000.0,3285000.0
40788434,This project shall provide connectivity to Pakke Tiger Reserve from Seijosa.,New,FP/AR/ROAD/459645/2024,2024-01-23T11:46:49.116+00:00,,DELISTED_BY_SYSTEM,0.75,3023.0,Public Works Department,,Forest clearance form,,,,"Proposal for diversion of 0.75 ha of forestland for construction of Jeepable Bridge (Only light vehicles) at Seijosa - Pakke Tiger Reserve, Span- 260 mtrs under RIDF XXIX, in Pakke Kessang District of Arunachal Pradesh",ARUNACHAL PRADESH,Seijosa ADC,Darlong,,,1,Linear,0.0,0.75,0.75,0.0,0.0,0.0,0.0,0.0,0,0,0,Not applicable as the project or activity is site specific,,NO,NO,NO,2024-01-23T12:25:34.685+00:00,,,,false,,,,,,,,,,,,,,,,,,,,,,,,,,,,,,,,,,,"KONGO GYADI, WESSANG NEAR ANYA PETROL PUMP EAST KAMENG DISTRICT ARUNACHAL PRADESH",Seijosa,12,State Government (Department/Autonomous body),Asstt. Engineer,Seijosa,12,,Pakke Kessang,1,https://parivesh.nic.in/dms/okm/downloadDocument?docTypemappingId=40829&refId=40787500&refType=caf&uuid=4c4ef859-3184-40fa-86ff-1cebac71be2b&version=1.0;https://parivesh.nic.in/dms/okm/downloadDocument?docTypemappingId=58989&refId=40787500&refType=FC&uuid=3d98af12-bcdb-48b6-acc3-7dde18255ca6&version=1.1,0,https://parivesh.nic.in/newupgrade/#/report/ec?proposalId=40788434,43800.0,54750.0
40791574,This project shall provide connectivity to Pakke Tiger Reserve from Seijosa.,New,WL/AR/ROAD/459661/2024,2024-01-23T12:33:53.920+00:00,,,0.75,3023.0,Public Works Department,,Wildlife clearance form,,,,"Proposal for diversion of 0.75 ha of forestland for construction of Jeepable Bridge (Only light vehicles) at Seijosa - Pakke Tiger Reserve, Span- 260 mtrs under RIDF XXIX, in Pakke Kessang District of Arunachal Pradesh",ARUNACHAL PRADESH,Seijosa ADC,Darlong,,,1,Linear,0.0,0.75,0.75,0.0,0.0,0.0,0.0,0.0,0,0,0,Not applicable as the project or activity is site specific,,NO,NO,NO,2024-01-23T12:48:55.304+00:00,,,,,,,,,,,,,,,,,,,,,,,,,,,,,,,,,,,,,,,,,,,,,,,Pakke Kessang,1,https://parivesh.nic.in/dms/okm/downloadDocument?docTypemappingId=40829&refId=40787500&refType=caf&uuid=4c4ef859-3184-40fa-86ff-1cebac71be2b&version=1.0,0,https://parivesh.nic.in/newupgrade/#/report/ec?proposalId=40791574,43800.0,54750.0
42571014,"The construction of Arun Rang Manch (Auditorium-cum-Theater) behind Dorjee Khandu State Convention Hall, Itanagar, Arunachal Pradesh, idea is to create basically shall be a cultural complex that is imbued with an intrinsic local context and historical ambience.",New,WL/AR/Others/460252/2024,2024-01-30T04:27:21.175+00:00,,,0.1092,500.0,TEM KAYA,,Wildlife clearance form,,,,"Proposal for diversion of 0.1092 ha of forest land for Construction of Arun Rang Manch (Auditorium-cum-Theater) behind Dorjee Khandu State Convention Hall, Itanagar, Papum Pare District of Arunachal Pradesh",ARUNACHAL PRADESH,Itanagar EAC,Daria Puru,,,1,Non - Linear,0.0,0.1092,0.1092,0.0,0.0,0.0,0.0,0.0,0,0,0,Not applicable as the project or activity is site specific,,NO,NO,NO,2024-01-30T06:42:08.588+00:00,,,,,,,,,,,,,,,,,,,,,,,,,,,,,,,,,,,,,,,,,,,,,,,Papum Pare,1,https://parivesh.nic.in/dms/okm/downloadDocument?docTypemappingId=40829&refId=8823069&refType=caf&uuid=90aae584-e389-46d3-ad29-51f022d4bfcd&version=1.0,262453,https://parivesh.nic.in/newupgrade/#/report/ec?proposalId=42571014,3060.0,3060.0
45030659,"The Attunli HEP is proposed to be developed as a run-of-the-river scheme by constructing a 85m high concrete gravity dam on Talo (Tangon) river near Apanli village in Anini Circle of Dibang Valley district (Arunachal Pradesh)and diverting the water through an underground waterway system to utilize the available head in an underground powerhouse. The submergence area is estimated as 31.25 ha at FRL of 1360m. A head race tunnel of 7.95km long has been proposed on the left bank of Talo (Tangon) river to carry water from the dam. An underground power house has been proposed on the left bank of Talo (Tangon) river near Attunli village, around 205km from Roing, the district head quarter of Lower Dibang Valley district. Anini, the district headquarter of Dibang Valley district, is around 245km north of Roing. The proposed scheme would produce 2796MU in 90% dependable year with 95% plant availability (design energy). The downstream project is Tangon limb of Etalin HEP (3097 MW).",New,FP/AR/HYD/IRRIG/462108/2024,2024-02-08T05:47:37.667+00:00,,Pending at DFO for Compensatory Levies,261.53,6.26781,SJVN LIMITED,,Forest clearance form,,,,Attunli Hydro Electric Project,ARUNACHAL PRADESH,Etalin,Sunil,,,"LA-11, LA-12, LA-13, LA-14",Hybrid,0.0,261.53,261.53,0.0,0.0,0.0,0.0,0.0,6,35,92,Not applicable as the project or activity is site specific,,NO,NO,NO,2024-02-27T18:30:00.000+00:00,,https://parivesh.nic.in/dms/okm/downloadDocument?docTypemappingId=59020&refId=45030658&refType=fc&uuid=cb4bed13-5539-4c7c-98c9-af78b1dd8fbc&version=1.1,Degraded Forest Land,true,,,,,,,,,,,,,,,,,,,,,,,,,,,,,,,,,,,"HOD, Corporate Environment Department, SJVN Ltd., Shanan, Shimla-171006, Himachal Pradesh, India",,2,"Central PSU (eg. NHAI, AAI, NTP, CIL, SAIL)",CHIEF GENERAL MANAGER,,2,,Upper Dibang Valley,"LA-11, LA-12, LA-13, LA-14",https://parivesh.nic.in/dms/okm/downloadDocument?docTypemappingId=40829&refId=43425879&refType=caf&uuid=2b95252d-a953-42e5-a8fd-01ec7662fe51&version=1.0;https://parivesh.nic.in/dms/okm/downloadDocument?docTypemappingId=58989&refId=43425879&refType=FC&uuid=9d8df8f2-ae22-40e2-929f-c8384d3a7184&version=1.0,265993,https://parivesh.nic.in/newupgrade/#/report/ec?proposalId=45030659,4516500.0,3860000.0
46761169,The Etalin H.E. Project is located in Dibang Valley District of Arunachal Pradesh and is proposed to be developed as a run-of river. The project involves constructing concrete gravity dams of 101.5m on Dri river and 80m high on Talo (Tangon) river and diverting the water through two (2) separate waterway systems to utilize the available head in a common underground powerhouse located just upstream of the confluence of Dri and Talo (Tangon) rivers.  Project will generate 3097 MW of power or 12991.52 MU of design Energy (90% dependable year with 95% machine availability) through 10no. francis turbines of 307MW each.,New,FP/AR/HYD/IRRIG/462857/2024,2024-02-14T12:12:17.503+00:00,,Pending on UA for Levies Payment,1175.03,25.29595,SJVN LIMITED,,Forest clearance form,,,,Etalin Hydro Electric Project,ARUNACHAL PRADESH,Etalin,Athunli,,,"LA21, LA21A",Hybrid,0.0,1175.03,1175.03,0.0,0.0,0.0,0.0,0.0,21,176,284,Not applicable as the project or activity is site specific,,NO,NO,NO,2024-02-27T18:30:00.000+00:00,,https://parivesh.nic.in/dms/okm/downloadDocument?docTypemappingId=59020&refId=46761164&refType=fc&uuid=6e2a874a-a1d3-4792-bcbc-1a7bb7505db5&version=1.0,Degraded Forest Land,true,,,,,,,,,,,,,,,,,,,,,,,,,,,,,,,,,,,"HOD, Corporate Environment Department, SJVN Ltd., Shanan, Shimla-171006, Himachal Pradesh, India",,2,"Central PSU (eg. NHAI, AAI, NTP, CIL, SAIL)",CHIEF GENERAL MANAGER,,2,,Upper Dibang Valley,"LA21, LA21A",https://parivesh.nic.in/dms/okm/downloadDocument?docTypemappingId=40829&refId=46379129&refType=caf&uuid=9b5e4179-50f9-4768-914d-3f9f0ad6c4ad&version=1.0;https://parivesh.nic.in/dms/okm/downloadDocument?docTypemappingId=58989&refId=46379129&refType=FC&uuid=21cead96-72d7-42e1-86d8-9631ca22a6e6&version=1.0,265989,https://parivesh.nic.in/newupgrade/#/report/ec?proposalId=46761169,10959890.0,18980000.0
47029832,Re-routing of 132kV Naharlagun to Gerukamukh Transmission line under Comprehensive Scheme for strengthening of transmission and distribution system in Arunachal Pradesh (CSST&DS in A.P).,Amendment,FP/AR/PWR_TRANS/462947/2024,2024-02-15T09:10:26.816+00:00,2026-08-05T05:01:21.919+00:00,Pending at State Government for Diversion Letter,202.692,6591.256,DEPARTMENT OF POWER GOVT OF ARUNACHAL PRADESH,,Forest clearance form,,,,Construction of 132kV Naharlagun to Gerukamukh Transmission line under Comprehensive Scheme for strengthening of transmission and distribution system in Arunachal Pradesh (CSST&DS in A.P).,ARUNACHAL PRADESH,Naharlagun EAC,10 Mile Camp,,,,Linear,0.0,202.692,202.692,0.0,0.0,0.0,0.0,0.0,0,0,0,YES,,NO,NO,NO,2024-03-17T18:30:00.000+00:00,,https://parivesh.nic.in/dms/okm/downloadDocument?docTypemappingId=59020&refId=47029830&refType=fc&uuid=dbc537e4-32d2-453c-a474-fd4d7fc9f4f8&version=1.0,Degraded Forest Land,true,,,,,,,,,,,,,,,,,,,,,,,,,,,,,,,,,,,"BIDYUT BHAWAN, ZIRO POINT TINIALI, ITANAGAR, ARUNACHAL PRADESH",,12,State Government (Department/Autonomous body),EE,,12,,Papum Pare,,https://parivesh.nic.in/dms/okm/downloadDocument?docTypemappingId=40828&refId=47021852&refType=caf&uuid=7ee1cbed-70ac-4f8f-a9d0-623ede6b5ea5&version=1.0;https://parivesh.nic.in/dms/okm/downloadDocument?docTypemappingId=40829&refId=47021852&refType=caf&uuid=d7a0fb00-a773-453e-a381-46aa604524ec&version=1.0;https://parivesh.nic.in/dms/okm/downloadDocument?docTypemappingId=40829&refId=47021852&refType=caf&uuid=058e81f3-d8aa-476a-be5b-b3bc5b93858f&version=1.0;https://parivesh.nic.in/dms/okm/downloadDocument?docTypemappingId=40828&refId=47021852&refType=caf&uuid=16646546-bf60-4956-863c-8ec45d1409dc&version=1.0;https://parivesh.nic.in/dms/okm/downloadDocument?docTypemappingId=40828&refId=47021852&refType=caf&uuid=3ed1716e-1f69-4ac6-9529-e5c9ac81850e&version=1.0;https://parivesh.nic.in/dms/okm/downloadDocument?docTypemappingId=40828&refId=47021852&refType=caf&uuid=edbc07ea-cd96-4859-be92-1b48243b10e3&version=1.0;https://parivesh.nic.in/dms/okm/downloadDocument?docTypemappingId=40828&refId=47021852&refType=caf&uuid=446f3dc9-27bb-48c1-9334-1d16e2dd7d37&version=1.0;https://parivesh.nic.in/dms/okm/downloadDocument?docTypemappingId=40828&refId=47021852&refType=caf&uuid=086a6c43-132b-4ee3-a664-67a45ba7d1c4&version=1.0;https://parivesh.nic.in/dms/okm/downloadDocument?docTypemappingId=40829&refId=47021852&refType=caf&uuid=4f761baf-ca09-4c2c-86eb-b8a6c7c40a3a&version=1.0;https://parivesh.nic.in/dms/okm/downloadDocument?docTypemappingId=58989&refId=47021852&refType=FC&uuid=b0cdb356-304a-499e-a40e-4b2c7f527cc2&version=1.1,,https://parivesh.nic.in/newupgrade/#/report/ec?proposalId=47029832,76776.0,51100.0
51585114,The Mosi Small Hydro Project is run- of the -river scheme to harness the Hydro Power potential of Sippi River. The project will envisages an installed capacity of 6.0 MW (3X2.0MW).,New,FP/AR/HYD/IRRIG/465026/2024,2024-03-05T07:05:55.636+00:00,,Pending at DFO due to EDS by Nodal Officer,11.222,9041.84,TAM MUGLI,,Forest clearance form,,,,Proposal for diversion of 11.222 ha forest land for construction of Mosi SHP (3X2.0 MW) in Upper Subansiri District of Arunachal Pradesh.,ARUNACHAL PRADESH,Daporijo Hq,Sippi,,,1,Non - Linear,0.0,11.222,11.222,0.0,0.0,0.0,0.0,0.0,0,0,0,Not applicable as the project or activity is site specific,,NO,NO,NO,2024-09-10T06:27:41.403+00:00,,,Degraded Forest Land,true,,,,,,,,,,,,,,,,,,,,,,,,,,,,,,,,,,,"Park View Apartment , Lower Niti Vihar, Itanagar",Itanaagar,12,Individual,Assisstant Manager,Itanagar,12,,Upper Subansiri,1,https://parivesh.nic.in/dms/okm/downloadDocument?docTypemappingId=40829&refId=51583347&refType=caf&uuid=df5bb649-9275-4632-ac83-1bd9581a3900&version=1.0;https://parivesh.nic.in/dms/okm/downloadDocument?docTypemappingId=58989&refId=51583347&refType=FC&uuid=caf07ae2-1dd7-4dd5-9d63-5f7693c0baaa&version=1.3,263129,https://parivesh.nic.in/newupgrade/#/report/ec?proposalId=51585114,473040.0,801540.0
53435409,"Kamala HE Project is proposed as a multipurpose scheme for flood moderation and hydropower generation. It envisages utilization of water from Kamala River, a major tributary of Subansiri River. The scheme proposes construction of a 216 m high concrete gravity dam. The project shall have a installed capacity of 1720MW.",New,IA/AR/RIV/465936/2024,2024-03-14T07:21:11.748+00:00,2024-08-07T12:59:21.627+00:00,ToR Granted,3858.8904,2181500.0,NHPC LIMITED,R. S. Envirolinks Technologies Pvt. Ltd.,Environment clearance form,TOR,A,River Valley/Irrigation projects,Kamala Hydro Electric Project,ARUNACHAL PRADESH,Kamporijo Circle,Boa,J-12011/11/2024-IA-I(R),,,Non - Linear,580.8,3278.0904,3858.8904,0.0,0.0,0.0,0.0,0.0,6,1300,1300,YES,,NO,NO,NO,2024-05-08T10:32:51.257+00:00,,,,,,,,,,,,,,,,,,,,,,,,,,,,,,,,,,,,,,,,,,,,,,,Kamle,,https://parivesh.nic.in/dms/okm/downloadDocument?docTypemappingId=40828&refId=29700385&refType=caf&uuid=d3785da6-bb56-4aa5-944d-dbb33724a0a9&version=1.0;https://parivesh.nic.in/dms/okm/downloadDocument?docTypemappingId=40828&refId=29700385&refType=caf&uuid=d430ed46-ca08-4114-b55d-0f5fa8a86fc5&version=1.0;https://parivesh.nic.in/dms/okm/downloadDocument?docTypemappingId=40829&refId=29700385&refType=caf&uuid=d0f9ce06-070e-4195-a3bd-7469d87a50c6&version=1.0,,https://parivesh.nic.in/newupgrade/#/report/ec?proposalId=53435409,8030000.0,9490000.0
128305482,"The Kalai H.E. Project Stage- II is located in the Anjaw District of Arunachal Pradesh. The project envisages utilization of the discharge of the Lohit River, a tributary of the Brahmaputra River to generate about 1200 MW of power or 4852.95 GWh of design Energy (90% dependable year with 95% machine availability). The project is proposed to be developed as a run-of-the-river with a pondage scheme by constructing a 198.00 m high concrete gravity dam (from the deepest foundation level) and an underground powerhouse.",Amendment,IA/AR/RIV/539430/2025,2024-03-20T04:30:20.440+00:00,2025-07-08T04:33:07.475+00:00,ToR Granted,869.3503,14.17626,THDC INDIA LIMITED,WAPCOS Limited,Application for amendment in ToR (for categories A & B1)/Amendment in EC (for category B2)- Form-3,OTHER,A,River Valley/Irrigation projects,Kalai II Hydro Electric Project,ARUNACHAL PRADESH,Hawai HQ,48th K.M. Camp,J-12011/40/2009-IA-I(R),,,Hybrid,0.0,869.3503,869.3503,0.0,0.0,0.0,0.0,0.0,33,376,1521,YES,,NO,NO,NO,2025-06-13T13:53:39.489+00:00,,,,,,,,,,,,,,,,,,,,,,,,,,,,,,,,,,,,,,,,,,,,,,,Anjaw,,https://parivesh.nic.in/dms/okm/downloadDocument?docTypemappingId=40828&refId=40774729&refType=caf&uuid=79a27101-5646-4b4d-b4b6-df5e2f85769a&version=1.0;https://parivesh.nic.in/dms/okm/downloadDocument?docTypemappingId=40828&refId=40774729&refType=caf&uuid=26d2b628-6991-46cb-a8d5-3425f15c8909&version=1.0;https://parivesh.nic.in/dms/okm/downloadDocument?docTypemappingId=40829&refId=128317503&refType=caf&uuid=296ae938-b9d0-4117-b24b-9a5d8ea9f860&version=1.0;https://parivesh.nic.in/dms/okm/downloadDocument?docTypemappingId=40828&refId=40774729&refType=caf&uuid=46c52817-f071-481d-91e4-4813f0736ff5&version=1.0;https://parivesh.nic.in/dms/okm/downloadDocument?docTypemappingId=40828&refId=40774729&refType=caf&uuid=73b49eac-0cf8-4ece-aa6d-8e1ccbfffb7f&version=1.0;https://parivesh.nic.in/dms/okm/downloadDocument?docTypemappingId=40828&refId=40774729&refType=caf&uuid=64d76435-9e86-4241-a4fc-53025f73da81&version=1.0;https://parivesh.nic.in/dms/okm/downloadDocument?docTypemappingId=40828&refId=40774729&refType=caf&uuid=2835caf8-21f3-49cd-b2ab-3960f634bfdd&version=1.0;https://parivesh.nic.in/dms/okm/downloadDocument?docTypemappingId=40829&refId=40774729&refType=caf&uuid=569e056e-7486-4fc2-aa0c-dafb2a182f5f&version=1.0,,https://parivesh.nic.in/newupgrade/#/report/ec?proposalId=128305482,4015000.0,3285000.0
54692084,"The Kalai H.E. Project Stage- II is located in the Anjaw District of Arunachal Pradesh. The project envisages utilization of the discharge of the Lohit River, a tributary of the Brahmaputra River to generate about 1200 MW of power or 4852.95 GWh of design Energy (90% dependable year with 95% machine availability). The project is proposed to be developed as a run-of-the-river with a pondage scheme by constructing a 198.00 m high concrete gravity dam (from the deepest foundation level) and an underground powerhouse.",Amendment,IA/AR/RIV/466561/2024,2024-03-20T04:30:20.440+00:00,2024-08-07T12:55:35.502+00:00,ToR Granted,869.3503,14.17626,THDC INDIA LIMITED,WAPCOS Limited,Environment clearance form,TOR,A,River Valley/Irrigation projects,Kalai II Hydro Electric Project,ARUNACHAL PRADESH,Hawai HQ,48th K.M. Camp,J-12011/40/2009-IA-I(R),,,Hybrid,0.0,869.3503,869.3503,0.0,0.0,0.0,0.0,0.0,33,376,1521,YES,,NO,NO,NO,2024-04-10T12:17:16.838+00:00,,,,,,,,,,,,,,,,,,,,,,,,,,,,,,,,,,,,,,,,,,,,,,,Anjaw,,https://parivesh.nic.in/dms/okm/downloadDocument?docTypemappingId=40828&refId=40774729&refType=caf&uuid=79a27101-5646-4b4d-b4b6-df5e2f85769a&version=1.0;https://parivesh.nic.in/dms/okm/downloadDocument?docTypemappingId=40828&refId=40774729&refType=caf&uuid=26d2b628-6991-46cb-a8d5-3425f15c8909&version=1.0;https://parivesh.nic.in/dms/okm/downloadDocument?docTypemappingId=40829&refId=128317503&refType=caf&uuid=296ae938-b9d0-4117-b24b-9a5d8ea9f860&version=1.0;https://parivesh.nic.in/dms/okm/downloadDocument?docTypemappingId=40828&refId=40774729&refType=caf&uuid=46c52817-f071-481d-91e4-4813f0736ff5&version=1.0;https://parivesh.nic.in/dms/okm/downloadDocument?docTypemappingId=40828&refId=40774729&refType=caf&uuid=73b49eac-0cf8-4ece-aa6d-8e1ccbfffb7f&version=1.0;https://parivesh.nic.in/dms/okm/downloadDocument?docTypemappingId=40828&refId=40774729&refType=caf&uuid=64d76435-9e86-4241-a4fc-53025f73da81&version=1.0;https://parivesh.nic.in/dms/okm/downloadDocument?docTypemappingId=40828&refId=40774729&refType=caf&uuid=2835caf8-21f3-49cd-b2ab-3960f634bfdd&version=1.0;https://parivesh.nic.in/dms/okm/downloadDocument?docTypemappingId=40829&refId=40774729&refType=caf&uuid=569e056e-7486-4fc2-aa0c-dafb2a182f5f&version=1.0,,https://parivesh.nic.in/newupgrade/#/report/ec?proposalId=54692084,4015000.0,3285000.0
55084474,Subansiri Upper HE Project is proposed as a multipurpose scheme for flood moderation and hydropower generation. It envisages utilization of water from River Subansiri. The scheme proposes construction of a 237m high concrete gravity dam. The project shall have a probable installed capacity of 1605 MW.,New,IA/AR/RIV/466971/2024,2024-03-22T09:22:56.635+00:00,,ToR Granted,2733.0,2181500.0,NHPC LIMITED,R. S. Envirolinks Technologies Pvt. Ltd.,Environment clearance form,TOR,A,River Valley/Irrigation projects,Subansiri Upper HE Project,ARUNACHAL PRADESH,Payeng Circle,Achingmuri,J-12011/59/2010-IA-I (R),,,Non - Linear,0.0,2733.0,2733.0,0.0,0.0,0.0,0.0,0.0,27,982,982,YES,,NO,NO,NO,2024-06-24T06:13:28.569+00:00,,,,,,,,,,,,,,,,,,,,,,,,,,,,,,,,,,,,,,,,,,,,,,,Upper Subansiri,,https://parivesh.nic.in/dms/okm/downloadDocument?docTypemappingId=40828&refId=49653079&refType=caf&uuid=8cd8762f-51ab-4901-b455-d61105a82f78&version=1.0;https://parivesh.nic.in/dms/okm/downloadDocument?docTypemappingId=40828&refId=49653079&refType=caf&uuid=22afd873-d359-4d3b-b970-40f176beadc9&version=1.4;https://parivesh.nic.in/dms/okm/downloadDocument?docTypemappingId=40828&refId=49653079&refType=caf&uuid=d2f05df6-64bc-4055-9206-8104ef2c1b35&version=1.0;https://parivesh.nic.in/dms/okm/downloadDocument?docTypemappingId=40828&refId=49653079&refType=caf&uuid=930d2c18-cd6a-427d-ba82-23e3e279d454&version=1.0;https://parivesh.nic.in/dms/okm/downloadDocument?docTypemappingId=40828&refId=49653079&refType=caf&uuid=0ee684b8-0701-4b36-8781-aa8ba868bfa8&version=1.0;https://parivesh.nic.in/dms/okm/downloadDocument?docTypemappingId=40828&refId=49653079&refType=caf&uuid=0ee684b8-0701-4b36-8781-aa8ba868bfa8&version=1.1;https://parivesh.nic.in/dms/okm/downloadDocument?docTypemappingId=40828&refId=49653079&refType=caf&uuid=1bbb7b3a-2d29-4feb-b466-cdd463130214&version=1.0;https://parivesh.nic.in/dms/okm/downloadDocument?docTypemappingId=40829&refId=49653079&refType=caf&uuid=38247453-4266-47b2-a9ab-2aa800112807&version=1.28,,https://parivesh.nic.in/newupgrade/#/report/ec?proposalId=55084474,8030000.0,9490000.0
55598088,Obtaining clearance under FCA-1980 for conduct of field firing exercise at Baliliang Field Firing Range (BFFR). Hence the proposal for diversion of Forest Land for BFFR is hereby submitted for your due consideration and approval.,New,FP/AR/OTHERS/467176/2024,2024-03-23T14:32:42.134+00:00,,Rejected in PSC-I,670.0,0.0,KARAN SINGH,,Forest clearance form,,,,OBTAINING FOREST CLEARANCE : BFFR,ARUNACHAL PRADESH,Sunpura Circle,43rd Mile,,,,Non - Linear,0.0,670.0,670.0,0.0,0.0,0.0,0.0,0.0,0,0,0,Not applicable as the project or activity is site specific,,NO,NO,NO,2024-03-22T18:30:00.000+00:00,,,,false,,,,,,,,,,,,,,,,,,,,,,,,,,,,,,,,,,,"GSO-2 , HQ 181 MTN BDE, LOHITPUR , c/o 99 APO",,12,Individual,GSO-2,,12,,Lohit,,https://parivesh.nic.in/dms/okm/downloadDocument?docTypemappingId=40829&refId=55353043&refType=caf&uuid=d2f6eea3-4247-45e9-b48c-a42c8e07c639&version=1.0;https://parivesh.nic.in/dms/okm/downloadDocument?docTypemappingId=58989&refId=55353043&refType=FC&uuid=d217881e-0c8b-4ec5-8332-7d407a5a7929&version=1.0,266412,https://parivesh.nic.in/newupgrade/#/report/ec?proposalId=55598088,0.0,0.0
58298900,Diversion of 27.19 ha of forest land for construction of Tamen to Dollungmukh road (Phase-I) 42.03 km to 72.03 km intermediate lanning road connectivity to SDO administrative Headquarter at Dollungmukh.,New,WL/AR/ROAD/468192/2024,2024-04-03T04:14:08.045+00:00,,,27.19,5.3,BAMANG RAJU,,Wildlife clearance form,,,,Proposal for diversion of 27.19 ha of forest land for construction of Tamen to Dollungmukh Road (Phase 1) 42.03 km to 72.03 km,ARUNACHAL PRADESH,Dollungmukh Circle,Onga,,,1,Linear,0.0,27.19,27.19,0.0,0.0,0.0,0.0,0.0,0,0,0,Not applicable as the project or activity is site specific,,NO,NO,NO,2024-07-26T04:56:54.932+00:00,,,,,,,,,,,,,,,,,,,,,,,,,,,,,,,,,,,,,,,,,,,,,,,Kamle,1,https://parivesh.nic.in/dms/okm/downloadDocument?docTypemappingId=40829&refId=58298060&refType=caf&uuid=714d6d90-ba61-465e-9a2d-76a2b53a8cc6&version=1.0,265107,https://parivesh.nic.in/newupgrade/#/report/ec?proposalId=58298900,6300.0,6300.0
60083863,construction of Arunachal Frontier Highway (NH-913) from NH-215 (near Kharsang) to Miao –Gandhigram – Vijaynagar Road of NH-913 in the statte of Arunachal Pradesh,Expansion,WL/AR/ROAD/469050/2024,2024-04-11T08:30:01.465+00:00,,,0.0,21.1,Public Works Department,,Wildlife clearance form,,,,Arunachal Frontier Highway (NH-913) from NH-215 (near Kharsang) to Miao –Gandhigram – Vijaynagar Road of NH-913,ARUNACHAL PRADESH,Kharsang Circle,Balinong,,,,Linear,0.0,0.0,0.0,0.0,310.0,310.0,60000.0,2050000.0,0,0,0,Not applicable as the project or activity is site specific,,NO,NO,NO,2024-04-11T09:35:45.248+00:00,,,,,,,,,,,,,,,,,,,,,,,,,,,,,,,,,,,,,,,,,,,,,,,Changlang,,https://parivesh.nic.in/dms/okm/downloadDocument?docTypemappingId=40829&refId=60074317&refType=caf&uuid=c577311c-e460-4545-99c6-75274408aa9a&version=1.0,264299,https://parivesh.nic.in/newupgrade/#/report/ec?proposalId=60083863,2850.0,900.0
60883366,"Kamala HE Project is proposed as a multipurpose scheme for flood moderation and hydropower generation. It envisages utilization of water from Kamala River, a major tributary of Subansiri River. The scheme proposes construction of a 216 m high concrete gravity dam. The project shall have a installed capacity of 1720MW.",New,FP/AR/HYD/IRRIG/469328/2024,2024-04-15T06:10:21.354+00:00,,Pending at PP due to EDS by Nodal Officer,3858.8904,2181500.0,NHPC LIMITED,,Forest clearance form,,,,Kamala Hydro Electric Project,ARUNACHAL PRADESH,Kamporijo Circle,Bam,,,,Non - Linear,580.8,3278.0904,3858.8904,0.0,0.0,0.0,0.0,0.0,6,1300,1300,YES,,NO,NO,NO,2025-04-03T18:30:00.000+00:00,,https://parivesh.nic.in/dms/okm/downloadDocument?docTypemappingId=59020&refId=60883363&refType=fc&uuid=c19cf5a4-09ae-4192-9a7c-aea1dbb02ae3&version=1.0,Degraded Forest Land,true,,,,,,,,,,,,,,,,,,,,,,,,,,,,,,,,,,,"NHPC OFFICE COMPLEX, SECTOR-33, FARIDABAD, HARYANA NHPC OFFICE COMPLEX, SECTOR-33, FARIDABAD, HARYANA",,6,Others,General Manager (Env.),,6,,Kamle,,https://parivesh.nic.in/dms/okm/downloadDocument?docTypemappingId=40828&refId=29700385&refType=caf&uuid=d3785da6-bb56-4aa5-944d-dbb33724a0a9&version=1.0;https://parivesh.nic.in/dms/okm/downloadDocument?docTypemappingId=40828&refId=29700385&refType=caf&uuid=d430ed46-ca08-4114-b55d-0f5fa8a86fc5&version=1.0;https://parivesh.nic.in/dms/okm/downloadDocument?docTypemappingId=40829&refId=29700385&refType=caf&uuid=d0f9ce06-070e-4195-a3bd-7469d87a50c6&version=1.0;https://parivesh.nic.in/dms/okm/downloadDocument?docTypemappingId=58989&refId=29700385&refType=FC&uuid=3b5f2518-d15a-42e2-8e4d-abc05de9f43a&version=1.0;https://parivesh.nic.in/dms/okm/downloadDocument?docTypemappingId=58989&refId=29700385&refType=FC&uuid=d64fde4c-e0dc-4265-b54d-c262de541ea3&version=1.0;https://parivesh.nic.in/dms/okm/downloadDocument?docTypemappingId=58989&refId=29700385&refType=FC&uuid=37549c21-d003-4dda-a255-fc28d212b48c&version=1.0,,https://parivesh.nic.in/newupgrade/#/report/ec?proposalId=60883366,8030000.0,9490000.0
63030768,"The Taliha to Tato road is of total length 92.998 km which is divided into three packages i.e. Package-I (from 28.543 km to 60.250 km of 31.707 km package length), Package-II (from 60.250 km to 87.130 km of 26.880 km package length) & Package-III (from 87.130 km to 121.541 km of 34.411 km package length). Taliha - Tato road alignment will connect the Subansiri valley to Siyom valley. This will serve as an interlink between Subansiri and Siyom river basins and will help lateral connectivity to five administrative circle headquarters of Mechukha, Manigong, Payum, Tato and Kaying in Siyom valley of West Siang District with Daporijo, Taliha and Nacho in Subansiri valley of Shi Yomi District in Arunachal Pradesh. This stretch falls under Package-II. The stretch is a Green field alignment.",New,FP/AR/ROAD/470516/2024,2024-04-24T15:21:03.343+00:00,,Pending at UA for Compensatory Levies Payment and Compliance Report,142.73,51839.0,Ministry of Defense,,Forest clearance form,,,,UPGRADATION TO TWO LANE WITH HARD SHOULDER NH CONFIGURATION OF TALIHA-TATO ROAD FROM KM 60.250 TO KM 87.130 ON ENGINEERING PROCUREMENT AND CONSTRUCTION (EPC)MODE UNDER SARDP-NE STATE OF ARUNACHAL PRADESH BY BRO,ARUNACHAL PRADESH,Taliha ADC,NA,,,M2-04,Linear,0.0,142.73,142.73,0.0,0.0,0.0,0.0,0.0,0,0,0,YES,,NO,NO,NO,2024-06-17T18:30:00.000+00:00,,https://parivesh.nic.in/dms/okm/downloadDocument?docTypemappingId=59020&refId=63030767&refType=fc&uuid=f5b0a6c9-5064-470b-9d91-c2d722a2dff7&version=1.1,Degraded Forest Land,true,,,,,,,,,,,,,,,,,,,,,,,,,,,,,,,,,,,"105 RCC (GREF) PIN 930105, C/o 99 APO",Daporjio,12,Central Government (Department/Autonomous body),Officer Commanding,Daporjio,12,,Upper Subansiri,M2-04,https://parivesh.nic.in/dms/okm/downloadDocument?docTypemappingId=40829&refId=63020629&refType=caf&uuid=af5e22bd-8823-4824-9c13-240bc7f4f1fb&version=1.0;https://parivesh.nic.in/dms/okm/downloadDocument?docTypemappingId=58989&refId=63020629&refType=FC&uuid=961c3522-8580-46b8-ba06-40b95cf85e2c&version=1.1;https://parivesh.nic.in/dms/okm/downloadDocument?docTypemappingId=58989&refId=63020629&refType=FC&uuid=16313662-e938-471e-8345-e49ea6202d5e&version=1.0,0,https://parivesh.nic.in/newupgrade/#/report/ec?proposalId=63030768,3364677.0,0.0
64158313,Naying Hydro Electric Project is proposed for development on Siyom River in Shi Yomi and Siang district of Arunachal Pradesh. The project scheme entails a run-of-the-river development with peaking power capability. Project components involve a concrete gravity dam and an underground powerhouse complex connected through a 7.08km long headrace tunnel. Total land required for the project is 470.80 Ha which is entirely of Unclassed State Forest (USF) category. The total estimated present day cost of the project is Rs. 10369.00 Crore and is likely to be completed in 6 years (excluding 1.5 years for preconstruction activities).,New,IA/AR/RIV/470969/2024,2024-04-29T10:54:43.720+00:00,2024-08-07T09:58:43.738+00:00,ToR Granted,470.8,11.83586,NORTH EASTERN ELECTRIC POWER CORPORATION LTD,R. S. Envirolinks Technologies Pvt. Ltd.,Environment clearance form,TOR,A,River Valley/Irrigation projects,"NAYING HYDRO ELECTRIC PROJECT (1000 MW) - NEAR VILLAGE- YAPIK, DISTRICTS- SHI YOMI & SIANG,  STATE- ARUNACHAL PRADESH",ARUNACHAL PRADESH,Tato,Gai,J-12011/37/2007-IA-I (R),,,Non - Linear,0.0,470.8,470.8,0.0,0.0,0.0,0.0,0.0,12,72,408,Not applicable as the project or activity is site specific,,NO,NO,NO,2024-05-11T10:38:46.795+00:00,,,,,,,,,,,,,,,,,,,,,,,,,,,,,,,,,,,,,,,,,,,,,,,Shi Yomi,,https://parivesh.nic.in/dms/okm/downloadDocument?docTypemappingId=40829&refId=64143334&refType=caf&uuid=ca6cda03-ec93-4695-bbc3-824d36552c5c&version=1.1,263437,https://parivesh.nic.in/newupgrade/#/report/ec?proposalId=64158313,1825050.0,3650000.0
65917093,The project starts from towards Bile and end towards Migging for this stretch at designed chainage 06+320 and ends at chainage 26+378. This is a green filed alignment passes through Siang District and Along Forest Division. This is a strategic road of Government of India. The project continues after Migging stretch under separate Financial Project. The alignment is a green field alignment and it touches most of the remote population where there is no existing alignment.,New,FP/AR/ROAD/471833/2024,2024-05-06T07:46:27.575+00:00,,Pending at DFO for Compliance Review,70.23,31847.0,Ministry of Defense,,Forest clearance form,,,,"CONSTRUCTION OF TWO 2-LANE (7.00 M CARRIAGEWAY WITH HARD SHOULDER) NH CONFIGURATION OF BILLE - MIGGING ROAD FROM DESIGN CHAINAGE KM 06.320 TO KM 26.378 ON ENGINEERING, PROCUREMENT AND CONSTRUCTION (EPC) MODE IN THE STATE OF ARUNACHAL PRADESH",ARUNACHAL PRADESH,Payum Circle,Payum H.Q.,,,MBM-01,Linear,0.0,70.23,70.23,0.0,0.0,0.0,0.0,0.0,0,0,0,YES,,NO,NO,NO,2024-07-02T18:30:00.000+00:00,,https://parivesh.nic.in/dms/okm/downloadDocument?docTypemappingId=59020&refId=65917084&refType=fc&uuid=625eea1c-6ce1-4b72-a31f-a4fa10ceff36&version=1.0,Degraded Forest Land,true,,,,,,,,,,,,,,,,,,,,,,,,,,,,,,,,,,,"105 RCC (GREF) PIN 930105, C/o 99 APO",,12,Central Government (Department/Autonomous body),Officer Commanding,,12,,Siang,MBM-01,https://parivesh.nic.in/dms/okm/downloadDocument?docTypemappingId=40829&refId=65911029&refType=caf&uuid=ef23b84f-df82-4c12-b467-61d2ff5b72d1&version=1.0;https://parivesh.nic.in/dms/okm/downloadDocument?docTypemappingId=58989&refId=65911029&refType=FC&uuid=06ed0fd6-6a82-46f8-ab29-d9329bd35c94&version=1.0,263414,https://parivesh.nic.in/newupgrade/#/report/ec?proposalId=65917093,2510740.0,0.0
66567032,Subansiri Upper HE Project is proposed as a multipurpose scheme for flood moderation and hydropower generation. It envisages utilization of water from River Subansiri. The scheme proposes construction of a 237m high concrete gravity dam. The project shall have a probable installed capacity of 1605 MW.,New,FP/AR/SRY/472205/2024,2024-05-08T10:58:53.213+00:00,,DELISTED_BY_SYSTEM,2733.0,2181500.0,NHPC LIMITED,,Form-C: For seeking prior approval for Exploration & Survey,,,,Subansiri Upper HE Project,ARUNACHAL PRADESH,Daporijo Hq,Dugi,,,,Non - Linear,0.0,2733.0,2733.0,0.0,0.0,0.0,0.0,0.0,27,982,982,YES,,NO,NO,NO,2024-05-13T18:30:00.000+00:00,,,,,,,,,,,,,,,,,,,,,,,,,,,,,,,,,,,,,,,"NHPC OFFICE COMPLEX, SECTOR-33, FARIDABAD, HARYANA NHPC OFFICE COMPLEX, SECTOR-33, FARIDABAD, HARYANA",,6,Others,General Manager (Env.),,6,,Upper Subansiri,,https://parivesh.nic.in/dms/okm/downloadDocument?docTypemappingId=40828&refId=49653079&refType=caf&uuid=8cd8762f-51ab-4901-b455-d61105a82f78&version=1.0;https://parivesh.nic.in/dms/okm/downloadDocument?docTypemappingId=40828&refId=49653079&refType=caf&uuid=22afd873-d359-4d3b-b970-40f176beadc9&version=1.4;https://parivesh.nic.in/dms/okm/downloadDocument?docTypemappingId=40828&refId=49653079&refType=caf&uuid=d2f05df6-64bc-4055-9206-8104ef2c1b35&version=1.0;https://parivesh.nic.in/dms/okm/downloadDocument?docTypemappingId=40828&refId=49653079&refType=caf&uuid=930d2c18-cd6a-427d-ba82-23e3e279d454&version=1.0;https://parivesh.nic.in/dms/okm/downloadDocument?docTypemappingId=40828&refId=49653079&refType=caf&uuid=0ee684b8-0701-4b36-8781-aa8ba868bfa8&version=1.0;https://parivesh.nic.in/dms/okm/downloadDocument?docTypemappingId=40828&refId=49653079&refType=caf&uuid=0ee684b8-0701-4b36-8781-aa8ba868bfa8&version=1.1;https://parivesh.nic.in/dms/okm/downloadDocument?docTypemappingId=40828&refId=49653079&refType=caf&uuid=1bbb7b3a-2d29-4feb-b466-cdd463130214&version=1.0;https://parivesh.nic.in/dms/okm/downloadDocument?docTypemappingId=40829&refId=49653079&refType=caf&uuid=38247453-4266-47b2-a9ab-2aa800112807&version=1.28,,https://parivesh.nic.in/newupgrade/#/report/ec?proposalId=66567032,8030000.0,9490000.0
69030177,The project is for providing 4G mobile connectivity in uncovered villages.This is a project of central government funded by USOF and BSNL has been nominatedas the executing agency of this 4G Saturation project.,New,WL/AR/SRY/473469/2024,2024-05-18T02:42:00.463+00:00,,,0.02,133.265,MAHESH NAIR,,Wildlife clearance form,,,,4G SATURATION PROJECT ARP,ARUNACHAL PRADESH,Tezu HQ,Tafra Gam,,,,Hybrid,0.0,0.02,0.02,0.0,0.0,0.0,0.0,0.0,0,0,0,Not applicable as the project or activity is site specific,,YES,NO,NO,2024-05-18T06:09:17.805+00:00,,,,,,,,,,,,,,,,,,,,,,,,,,,,,,,,,,,,,,,,,,,,,,,Lohit,,https://parivesh.nic.in/dms/okm/downloadDocument?docTypemappingId=40829&refId=4753807&refType=caf&uuid=5f37d335-3274-4c46-9985-2b2deab5d341&version=1.0,266396,https://parivesh.nic.in/newupgrade/#/report/ec?proposalId=69030177,20.0,5.0
71256435,Diversion of Forest Land in Kurung Kumey District for the Construction of Frontier Highway Pkg-3 from Surli to Huri (K.m 0.000 to K.m 78.388) in the State of Arunachal Pradesh.,New,FP/AR/ROAD/476271/2024,2024-05-27T09:14:36.131+00:00,,Pending at DFO for Compliance Review,438.0,1.3599854999999998,ARUNACHAL PWD HIGHWAY,,Forest clearance form,,,,Diversion of Forest Land in Kurung Kumey District for the Construction of Frontier Highways in the State of Arunachal Pradesh,ARUNACHAL PRADESH,DAMIN CIRCLE,Chate,,,,Linear,0.0,438.0,438.0,0.0,0.0,0.0,0.0,0.0,0,0,0,Not applicable as the project or activity is site specific,,NO,NO,NO,2024-08-04T18:30:00.000+00:00,,https://parivesh.nic.in/dms/okm/downloadDocument?docTypemappingId=59020&refId=71256429&refType=fc&uuid=e11fa02a-b351-4c36-b0ba-276a7d3e5287&version=1.0,Degraded Forest Land,true,,,,,,,,,,,,,,,,,,,,,,,,,,,,,,,,,,,"Chief Engineer Highway Zone
PWD AP, Itanagar",,12,State Government (Department/Autonomous body),Chief Engineer,,12,,Kurung Kumey,,https://parivesh.nic.in/dms/okm/downloadDocument?docTypemappingId=40829&refId=71241498&refType=caf&uuid=f7f7b971-59d8-4f39-8a1b-49b30d0d67c1&version=1.0;https://parivesh.nic.in/dms/okm/downloadDocument?docTypemappingId=58989&refId=71241498&refType=FC&uuid=c1b1fdc5-d79a-4791-ab9b-b1ce5ee48303&version=1.0,265796,https://parivesh.nic.in/newupgrade/#/report/ec?proposalId=71256435,15330.0,7400.0
72096212,The project has stratagic importance and is related to developement of the road infrastructure in the State of Arunachal Pradesh.,New,WL/AR/Others/477068/2024,2024-05-29T10:08:43.879+00:00,,,1.65,600.0,ARUNACHAL PWD HIGHWAY,,Wildlife clearance form,,,,Proposal for diversion of 1.65 ha of forest land for construction of Toll Plaza ot NH-415 from km 53.860 to 54.025 Banderdewa.,ARUNACHAL PRADESH,Naharlagun EAC,Kharsingasa Village,,,,Non - Linear,0.0,1.65,1.65,0.0,0.0,0.0,0.0,0.0,0,0,0,Not applicable as the project or activity is site specific,,NO,NO,NO,2024-06-04T09:47:11.652+00:00,,,,,,,,,,,,,,,,,,,,,,,,,,,,,,,,,,,,,,,,,,,,,,,Papum Pare,,https://parivesh.nic.in/dms/okm/downloadDocument?docTypemappingId=40829&refId=26342949&refType=caf&uuid=a0db9ecb-b357-450a-915f-78f9f4988ae8&version=1.0,0,https://parivesh.nic.in/newupgrade/#/report/ec?proposalId=72096212,28470.0,22995.0
72929175,"Proposal for diversion of forest land area 232.8409 hectares for construction of “intermediate lane of construction of Arunachal frontier highway (NH-913) from Bomdila-Nafra-Lada
“Section starts from Chainage 0+000 km to 167+750 km on Bomdila-Nafra road in West Kameng District and ends at   Lada in East Kameng District for total length of 167.750 km in the state of Arunachal Pradesh.",New,FP/AR/ROAD/478422/2024,2024-06-02T11:48:46.470+00:00,,Pending at UA due to EDS by DFO,334.5389,2.51418,ARUNACHAL PWD HIGHWAY,,Forest clearance form,,,,"Construction of road from km. 19.554 to km. 167.750 (Package-1,2&3) of Bomdila -Nafra-Lada section of NH-913 (Frontier Highway) to Intermediate Lane on EPC mode in the State of Arunachal Pradesh (Package-1)",ARUNACHAL PRADESH,Nafra EAC,Jerigaon,,,,Linear,101.4876,233.0513,334.5389,0.0,0.0,0.0,0.0,0.0,0,0,0,Not applicable as the project or activity is site specific,,NO,NO,NO,2024-07-11T18:30:00.000+00:00,,https://parivesh.nic.in/dms/okm/downloadDocument?docTypemappingId=59020&refId=72929163&refType=fc&uuid=e9edfce1-9048-48e2-9a1d-6776f74f70ae&version=1.1,Degraded Forest Land,true,,,,,,,,,,,,,,,,,,,,,,,,,,,,,,,,,,,"Chief Engineer Highway Zone
PWD AP, Itanagar",,12,State Government (Department/Autonomous body),Chief Engineer,,12,,West Kameng,,https://parivesh.nic.in/dms/okm/downloadDocument?docTypemappingId=40829&refId=72912928&refType=caf&uuid=e010ac94-f298-4e85-bc75-d889d4495a1b&version=1.2;https://parivesh.nic.in/dms/okm/downloadDocument?docTypemappingId=58989&refId=72912928&refType=FC&uuid=430df4e7-2f0a-4146-b8d4-dcbb251ef824&version=1.0,261743,https://parivesh.nic.in/newupgrade/#/report/ec?proposalId=72929175,14580.0,4500.0
74027874,"PROPOSAL UNDER FOREST (CONSERVATION) ACT, 1980 DIVERSION OF FOREST LAND FOR CONSULTANCY SERVICES FOR PREPARATION OF DPR OF 2- LANING OF THE PROPOSED FRONTIER HIGHWAY FROM NAFRA TO VIJAYNAGAR IN THE STATE OF ARUNACHAL PRADESH IN 9 PACKAGES (PACKAGE 2: DPR/FH/AR. P/2020/02: LADA TO SARLI, 200KM) Start Ch-0+000 to 126+150",New,FP/AR/ROAD/479230/2024,2024-06-05T12:31:32.217+00:00,,REMOVED,365.304,2.67099,ARUNACHAL PWD HIGHWAY,,Forest clearance form,,,,"PROPOSAL UNDER FOREST (CONSERVATION) ACT, 1980 DIVERSION OF FOREST LAND FOR CONSULTANCY SERVICES FOR PREPARATION OF DPR OF 2- LANING OF THE PROPOSED FRONTIER HIGHWAY FROM NAFRA TO VIJAYNAGAR IN THE STATE OF ARUNACHAL PRADESH IN 9 PACKAGES (PACKAGE 2: DPR/FH/AR. P/2020/02: LADA TO SARLI, 200KM)",ARUNACHAL PRADESH,Sawa CIrcle,Sawa H.Q.,,,,Linear,0.0,365.304,365.304,0.0,0.0,0.0,0.0,0.0,0,0,0,Not applicable as the project or activity is site specific,,NO,NO,NO,2024-06-25T18:30:00.000+00:00,,https://parivesh.nic.in/dms/okm/downloadDocument?docTypemappingId=59020&refId=74027873&refType=fc&uuid=a182b0c1-ef23-4e00-8a22-eca6d694be28&version=1.1,Degraded Forest Land,true,,,,,,,,,,,,,,,,,,,,,,,,,,,,,,,,,,,"Chief Engineer Highway Zone
PWD AP, Itanagar",,12,State Government (Department/Autonomous body),ChiefEngineer,,12,,East Kameng,,https://parivesh.nic.in/dms/okm/downloadDocument?docTypemappingId=40829&refId=72912930&refType=caf&uuid=338e752c-756e-47bf-b703-d501adc27265&version=1.3;https://parivesh.nic.in/dms/okm/downloadDocument?docTypemappingId=58989&refId=72912930&refType=FC&uuid=009a1b5f-5756-4d43-af78-3ac2a1135e8f&version=1.2,262272,https://parivesh.nic.in/newupgrade/#/report/ec?proposalId=74027874,14600.0,14500.0
74044820,"Proposal for diversion of forest land area 174.212 hectares for construction of ""intermediate 
lane of construction of Arunachal frontier highway from Lada to and end at Sarli at Km (0+000 
to 183+400) length – 183.400 km” in the state of Arunachal Pradesh"". 
“Section- start from Kurung Kumey District Border (Koloriang) to and end at Sarli Circle at Km 
(126+150 to 183+400) length – 57.250 km” in the state of Arunachal Pradesh"".",New,FP/AR/ROAD/479300/2024,2024-06-05T19:13:20.115+00:00,,REMOVED,174.212,1.20962,ARUNACHAL PWD HIGHWAY,,Forest clearance form,,,,"PROPOSAL UNDER FOREST (CONSERVATION) ACT, 1980 DIVERSION OF FOREST LAND FOR CONSULTANCY SERVICES FOR PREPARATION OF DPR OF 2- LANING OF THE PROPOSED FRONTIER HIGHWAY FROM NAFRA TO VIJAYNAGAR IN THE STATE OF ARUNACHAL PRADESH IN 9 PACKAGES (PACKAGE 2: DPR/FH/AR. P/2020/02: LADA TO SARLI, 200KM) Start Ch-126+150 to 183+400",ARUNACHAL PRADESH,KOLORIANG HQ,Tayeng,,,,Linear,0.0,174.212,174.212,0.0,0.0,0.0,0.0,0.0,0,0,0,Not applicable as the project or activity is site specific,,NO,NO,NO,2024-06-24T18:30:00.000+00:00,,https://parivesh.nic.in/dms/okm/downloadDocument?docTypemappingId=59020&refId=74044819&refType=fc&uuid=95fe8f04-d6ef-4775-b104-844702ca8dd5&version=1.1,Degraded Forest Land,true,,,,,,,,,,,,,,,,,,,,,,,,,,,,,,,,,,,"Chief Engineer Highway Zone
PWD AP, Itanagar",,12,State Government (Department/Autonomous body),ChiefEngineer,,12,,Kurung Kumey,,https://parivesh.nic.in/dms/okm/downloadDocument?docTypemappingId=40829&refId=73542378&refType=caf&uuid=492dc2ec-66ed-405e-875f-765eb176deaf&version=1.1;https://parivesh.nic.in/dms/okm/downloadDocument?docTypemappingId=58989&refId=73542378&refType=FC&uuid=9632d71a-9af4-4aaa-9349-dd2e630219be&version=1.0,265449,https://parivesh.nic.in/newupgrade/#/report/ec?proposalId=74044820,10900.0,7300.0
76638478,Waste Management System in Capital Complex and Development of external infrastructure at Karsingsa Papum Pare District of Arunachal Pradesh,New,SIA/AR/INFRA2/481225/2024,2024-06-14T09:19:11.266+00:00,2025-10-31T05:43:01.333+00:00,EC Rejected,7.0,370.6063,ITANAGAR MUNICIPAL CORPORATION,,Environment clearance form,TOR,B2,Common Municipal Solid Waste Management Facility (CMSWMF),Construction of solid waste management plant at Karsingsa,ARUNACHAL PRADESH,Naharlagun EAC,10 Mile Camp,,Env(SEIAA-SEAC_ArP)-238/2025,,Non - Linear,0.0,7.0,7.0,0.0,0.0,0.0,0.0,0.0,0,0,0,Not applicable as the project or activity is site specific,,NO,NO,NO,2024-06-17T08:08:37.379+00:00,,,,,,,,,,,,,,,,,,,,,,,,,,,,,,,,,,,,,,,,,,,,,,,Papum Pare,,https://parivesh.nic.in/dms/okm/downloadDocument?docTypemappingId=40829&refId=58621997&refType=caf&uuid=ee40ba34-e309-4270-bf23-36c22d8f95dd&version=1.0,262514,https://parivesh.nic.in/newupgrade/#/report/ec?proposalId=76638478,270.0,270.0
77031988,Waste Management System in Capital Complex and Development of external infrastructure at Karsingsa Papum Pare District of Arunachal Pradesh,New,WL/AR/Others/481852/2024,2024-06-17T08:19:50.648+00:00,,,7.0,370.6063,ITANAGAR MUNICIPAL CORPORATION,,Wildlife clearance form,,,,Construction of solid waste management plant at Karsingsa,ARUNACHAL PRADESH,Naharlagun EAC,10 Mile Camp,,,,Non - Linear,0.0,7.0,7.0,0.0,0.0,0.0,0.0,0.0,0,0,0,Not applicable as the project or activity is site specific,,NO,NO,NO,2024-06-17T10:09:48.725+00:00,,,,,,,,,,,,,,,,,,,,,,,,,,,,,,,,,,,,,,,,,,,,,,,Papum Pare,,https://parivesh.nic.in/dms/okm/downloadDocument?docTypemappingId=40829&refId=58621997&refType=caf&uuid=ee40ba34-e309-4270-bf23-36c22d8f95dd&version=1.0,262514,https://parivesh.nic.in/newupgrade/#/report/ec?proposalId=77031988,270.0,270.0
77434315,"Onshore Oil & Gas Exploration Drilling & Testing at Location OCKA in OALP Block AA-ONHP-2017/13 (841 Sq. Km.) in the Namsai (Lohit Reserve Forest under Namsai Forest Division), Lohit and Changlang Districts of Arunachal Pradesh and also partially (0.5 Sq. km) falls in Tinsukia district of Assam. One drilling location (Loc. OCKA) has been planned with target depth of 4900m.",New,SIA/AR/IND2/482396/2024,2024-06-19T08:02:36.897+00:00,2025-07-17T11:41:27.113+00:00,EC Granted,4.88,2000.0,OIL INDIA LIMITED,ABC Techno Labs India Private Limited (formerly known as ABC Environ Solutions Pvt. Ltd.),Environment clearance form,TOR,B2,"Off-shore and onshore oil and gas exploration,  development and production","Proposed Onshore Oil & Gas Exploration for Loc. OCKA in OALP-I Block AA-ONHP-2017/13 (Chongkham Block) at Namsai district, Arunachal Pradesh",ARUNACHAL PRADESH,Lathao Circle,Jona - IV,,Env(SEIAA-SEAC_ArP)-239/2025,,Non - Linear,0.0,4.88,4.88,0.0,0.0,0.0,0.0,0.0,0,0,0,Not applicable as the project or activity is site specific,,NO,NO,NO,2024-08-26T08:25:16.729+00:00,,,,,,,,,,,,,,,,,,,,,,,,,,,,,,,,,,,,,,,,,,,,,,,Namsai,,https://parivesh.nic.in/dms/okm/downloadDocument?docTypemappingId=40829&refId=77429499&refType=caf&uuid=0bd89056-fee6-410c-80a0-19a60fd3a832&version=1.0,266573,https://parivesh.nic.in/newupgrade/#/report/ec?proposalId=77434315,9000.0,9000.0
78604954,This is a green field alignment stretch starting from the existing road at km 0.000 from Bile and ends at 06.320 km towards Migging since the entire project is proposed till Migging. The project is  a Strategic importance in the purview of National Security of Ministry of Defence. The length is 06.320 km for this stretch.,New,FP/AR/ROAD/483840/2024,2024-06-25T14:43:55.635+00:00,,Pending at DFO for Compliance Review,23.26,12419.0,Ministry of Defense,,Forest clearance form,,,,Construction of  road Bile to Migging (km 0.00 to km 6.32; km 0.00 is Bile end). On a stretch of NH 913 ( Frontier Highway) to intermediate lane under EPC in Arunachal Pradesh. Under Package-I,ARUNACHAL PRADESH,Payum Circle,Molo,,,,Linear,0.0,23.26,23.26,0.0,0.0,0.0,0.0,0.0,0,0,0,YES,,NO,NO,NO,2024-06-25T17:15:59.302+00:00,,https://parivesh.nic.in/dms/okm/downloadDocument?docTypemappingId=59020&refId=78604953&refType=fc&uuid=74c65eb0-c6a7-4714-861b-2200c0769d68&version=1.0,Degraded Forest Land,true,,,,,,,,,,,,,,,,,,,,,,,,,,,,,,,,,,,"105 RCC (GREF) PIN 930105, C/o 99 APO",,12,Central Government (Department/Autonomous body),Officer Commanding,,12,,Siang,,https://parivesh.nic.in/dms/okm/downloadDocument?docTypemappingId=40828&refId=78601899&refType=caf&uuid=0e77b6a3-da45-47cf-8d5e-dfdc96140bc2&version=1.0;https://parivesh.nic.in/dms/okm/downloadDocument?docTypemappingId=40828&refId=78601899&refType=caf&uuid=c7b480aa-1e6d-441d-a715-9fdefd6ebbe2&version=1.0;https://parivesh.nic.in/dms/okm/downloadDocument?docTypemappingId=40829&refId=78601899&refType=caf&uuid=c71c6506-b797-4324-9e26-7f67d56ebc54&version=1.0;https://parivesh.nic.in/dms/okm/downloadDocument?docTypemappingId=58989&refId=78601899&refType=FC&uuid=820a1edc-ecc7-4f0b-a0a1-b47bbde66fa8&version=1.0,,https://parivesh.nic.in/newupgrade/#/report/ec?proposalId=78604954,791100.0,0.0
78873761,"Dedza Dolomite Deposit is located over an area of 185.94 ha (Block A- 95.76 Ha, Block B- 48.37 Ha, Block C- 41.81 Ha) in village –Kaspi and New Kaspi, district – West Kameng, State – Arunachal Pradesh and included in the Survey of India Toposheet Nos. 83A/12. 
The area has rugged and dissected topography. The elevation of three blocks of the area varies from 1100 mRL to 1645 mRL.
The project has been proposed for an annual production of 66,33,131 TPA (Block A: 58,40,119 TPA, Block B: 3,97,225 TPA, Block C: 3,95,787 TPA) of Dolomite Mineral by open cast fully mechanized method.",New,SIA/AR/MIN/483976/2024,2024-06-26T08:35:49.568+00:00,,Under Examination,185.94,2002.0,Metis Steel Private Limited,Mantec Consultants Pvt. Ltd.,Environment clearance form,TOR,B1,Mining of minerals,"MINING OF MINOR MINERAL (DOLOMITE) IN DEDZA AREA, DISTRICT- WEST KAMENG, ARUNACHAL PRADESH",ARUNACHAL PRADESH,Singchung ADC,14 BRTF Labour Camp,,,,Non - Linear,185.94,0.0,185.94,0.0,0.0,0.0,0.0,0.0,0,0,0,Not applicable as the project or activity is site specific,,NO,NO,NO,2024-06-28T08:10:15.706+00:00,,,,,,,,,,,,,,,,,,,,,,,,,,,,,,,,,,,,,,,,,,,,,,,West Kameng,,https://parivesh.nic.in/dms/okm/downloadDocument?docTypemappingId=40829&refId=78913444&refType=caf&uuid=92cb0486-30fc-4dba-973b-c5cf7511ede7&version=1.0;https://parivesh.nic.in/dms/okm/downloadDocument?docTypemappingId=40829&refId=78870971&refType=caf&uuid=111f0b94-6775-4e81-b1c9-60a44ba9d6dc&version=1.0,261822,https://parivesh.nic.in/newupgrade/#/report/ec?proposalId=78873761,12000.0,90000.0
78925369,Proposal for diversion of forest land Under Seppa Forest Division area 164.3656 hectares for the construction of “intermediate lane of construction of Arunachal frontier highway (NH-913) from Bomdila-Nafra-Lada,New,FP/AR/ROAD/484137/2024,2024-06-26T19:52:17.073+00:00,,Pending at UA due to EDS by DFO,176.216,1.26686,ARUNACHAL PWD HIGHWAY,,Forest clearance form,,,,Construction of road from km. 19.554 to km. 167.750 (Package-4) of Bomdila -Nafra-Lada section of NH-913 (Frontier Highway) to Intermediate Lane on EPC mode in the State of Arunachal Pradesh (Package-1),ARUNACHAL PRADESH,Lada Circle,Lada H.Q.,,,,Linear,13.32,162.896,176.216,0.0,0.0,0.0,0.0,0.0,0,0,0,Not applicable as the project or activity is site specific,,NO,NO,NO,2024-07-12T18:30:00.000+00:00,,https://parivesh.nic.in/dms/okm/downloadDocument?docTypemappingId=59020&refId=78925368&refType=fc&uuid=d3fd30f5-84a2-4409-8576-07828fb12e7d&version=1.1,Degraded Forest Land,true,,,,,,,,,,,,,,,,,,,,,,,,,,,,,,,,,,,"Chief Engineer Highway Zone
PWD AP, Itanagar",,12,State Government (Department/Autonomous body),ChiefEngineer,,12,,East Kameng,,https://parivesh.nic.in/dms/okm/downloadDocument?docTypemappingId=40829&refId=78924801&refType=caf&uuid=f27bab52-7f96-4369-ba27-0eeb18d4d615&version=1.0;https://parivesh.nic.in/dms/okm/downloadDocument?docTypemappingId=58989&refId=78924801&refType=FC&uuid=991857a2-cd43-461a-bcb4-bcfaab9a58fd&version=1.2,262082,https://parivesh.nic.in/newupgrade/#/report/ec?proposalId=78925369,21780.0,3380.0
78925482,This is a green field alignment stretch in continuation to Pkg-III. This is starting from km 17.812 from Bile side and ends at 32.375 km towards Migging since the entire project is proposed till Migging. The project is a Strategic importance in the purview of National Security of Ministry of Defence. The length is 14.563 km for this stretch.,New,FP/AR/ROAD/484138/2024,2024-06-26T20:52:19.392+00:00,,Stage-II Accorded,59.85,19207.0,Ministry of Defense,,Forest clearance form,,,,"CONSTRUCTION OF ROAD FROM KM 17.812 TO KM 32.375 (MIGGING END)  OF BILE  TO MIGGING STRETCH OF NH 913 (FRONTIER HIGHWAY) TO INTERMEDIATE LANE ON EPC MODE  IN THE STATE OF ARUNCHAL PARDESH (PKG-II, PART-I)",ARUNACHAL PRADESH,Migging Circle,NA,,,P-US-Y,Linear,0.0,59.85,59.85,0.0,0.0,0.0,0.0,0.0,0,0,0,YES,,NO,NO,NO,2024-06-26T22:18:05.820+00:00,,https://parivesh.nic.in/dms/okm/downloadDocument?docTypemappingId=59020&refId=78925481&refType=fc&uuid=af7fb521-9130-4dd0-bbcd-1eaeae2ea2f9&version=1.0,Degraded Forest Land,true,,,,,,,,,,,,,,,,,,,,,,,,,,,,,,,,,,,"105 RCC (GREF) PIN 930105, C/o 99 APO",Moying,12,Central Government (Department/Autonomous body),OC,Moying,12,,Upper Siang,P-US-Y,https://parivesh.nic.in/dms/okm/downloadDocument?docTypemappingId=40829&refId=78925438&refType=caf&uuid=559ab828-a9a3-44f0-8a8a-6c119cc722dc&version=1.0;https://parivesh.nic.in/dms/okm/downloadDocument?docTypemappingId=40828&refId=78925438&refType=caf&uuid=8b8d9214-0e63-4ad6-b80b-47ee3fed8376&version=1.1;https://parivesh.nic.in/dms/okm/downloadDocument?docTypemappingId=40828&refId=78925438&refType=caf&uuid=8173a23f-fe61-4b2a-8211-22de3f919ce2&version=1.0;https://parivesh.nic.in/dms/okm/downloadDocument?docTypemappingId=58989&refId=78925438&refType=FC&uuid=6df221e7-24a9-42ea-b800-b58c6ffb8232&version=1.0,0,https://parivesh.nic.in/newupgrade/#/report/ec?proposalId=78925482,1822909.0,0.0
81298611,"Proposal for Diversion of 11.948 Ha forest land for Construction of Double lane road to provide air connectivity between Donyi Polo Airport, Itanagar and Naharlagun Railway Station via Sonajuli and Durpang in Assam (0.00 to 33.79 Km)",New,FP/AR/ROAD/485852/2024,2024-07-04T09:44:48.146+00:00,,REMOVED,42.528,32315.0,"PWD, Government of Arunachal Pradesh",,Forest clearance form,,,,"Proposal for Diversion of 11.948 Ha forest land for Construction of Double lane road to provide air connectivity between Donyi Polo Airport, Itanagar and Naharlagun Railway Station via Sonajuli and Durpang in Assam (0.00 to 33.79 Km)",ARUNACHAL PRADESH,Naharlagun EAC,Tapik Colony,,,NA,Linear,30.58,11.948,42.528,0.0,0.0,0.0,0.0,0.0,0,0,0,Not applicable as the project or activity is site specific,,NO,NO,NO,2024-07-03T18:30:00.000+00:00,,https://parivesh.nic.in/dms/okm/downloadDocument?docTypemappingId=59020&refId=81298598&refType=fc&uuid=1716e5f7-db3e-4f66-97b1-2be2cd930693&version=1.0,Degraded Forest Land,true,,,,,,,,,,,,,,,,,,,,,,,,,,,,,,,,,,,"O/o Executive Engineer, Naharlagun Division PWD
P.o/P.s Naharlagun",Naharlgun,12,State Government (Department/Autonomous body),Assistant Engineer,Naharlgun,12,,Papum Pare,NA,https://parivesh.nic.in/dms/okm/downloadDocument?docTypemappingId=40829&refId=81282486&refType=caf&uuid=dd585fb1-1443-4556-988f-291eec78f0b7&version=1.0;https://parivesh.nic.in/dms/okm/downloadDocument?docTypemappingId=58989&refId=81282486&refType=FC&uuid=c077305b-f524-45f9-aaeb-1ec9bc0c776e&version=1.0,262348,https://parivesh.nic.in/newupgrade/#/report/ec?proposalId=81298611,36387.0,520.0
83083133,"Proposal for diversion of forest land Under Koloriang Forest Division area 171.801 hectares for the construction of "" intermediate lane of construction of Arunachal Pradesh frontier highway (NH-913) from Lada to Sarli.",New,FP/AR/ROAD/487070/2024,2024-07-10T11:51:42.600+00:00,,Stage-II Accorded,171.801,1.20962,ARUNACHAL PWD HIGHWAY,,Forest clearance form,,,,"Construction of Road From km 126.150 to km 183.400 (Package-6,7) of Lada-Sarli District- Kurung Kumey, State of Arunachal Pradesh.",ARUNACHAL PRADESH,KOLORIANG HQ,Tayeng,,,,Linear,47.988,123.813,171.801,0.0,0.0,0.0,0.0,0.0,0,0,0,Not applicable as the project or activity is site specific,,NO,NO,NO,2024-07-10T22:04:54.078+00:00,,https://parivesh.nic.in/dms/okm/downloadDocument?docTypemappingId=59020&refId=83083131&refType=fc&uuid=44215e2f-5bb3-4ffa-a613-058fb13d9607&version=1.0,Degraded Forest Land,true,,,,,,,,,,,,,,,,,,,,,,,,,,,,,,,,,,,"Chief Engineer Highway Zone
PWD AP, Itanagar",,12,State Government (Department/Autonomous body),ChiefEngineer,,12,,Kurung Kumey,,https://parivesh.nic.in/dms/okm/downloadDocument?docTypemappingId=40829&refId=83072571&refType=caf&uuid=f8f7da6b-39de-44b9-9e48-cc5351139bec&version=1.1;https://parivesh.nic.in/dms/okm/downloadDocument?docTypemappingId=58989&refId=83072571&refType=FC&uuid=1d53fed6-1e99-4cbb-bdc3-1bdca01342b1&version=1.3,265449,https://parivesh.nic.in/newupgrade/#/report/ec?proposalId=83083133,10900.0,7300.0
84453836,C/o of road under Vibrant Village Programme,New,FP/AR/CommPost/487808/2024,2024-07-15T03:12:26.218+00:00,,Rejected in PSC-I,30.0,5132.63,LIKWANG LOWANG,,Forest clearance form,,,,L030-Manchal PWD Road to (Nenuliang) to Zapaliang,ARUNACHAL PRADESH,Hayuliang ADC,New Hati Duba,,,,Linear,0.0,30.0,30.0,0.0,0.0,0.0,0.0,0.0,5,0,0,Not applicable as the project or activity is site specific,,NO,NO,NO,2024-07-28T18:30:00.000+00:00,,,,false,,,,,,,,,,,,,,,,,,,,,,,,,,,,,,,,,,,"C/O SE RWD, NAMSAI CIRCLE",Zapaliang,12,Central Government (Department/Autonomous body),EEN,Namsai,12,,Anjaw,,https://parivesh.nic.in/dms/okm/downloadDocument?docTypemappingId=40829&refId=84452854&refType=caf&uuid=7fd06334-ed65-40b4-ab2f-aa4599748779&version=1.0;https://parivesh.nic.in/dms/okm/downloadDocument?docTypemappingId=58989&refId=84452854&refType=FC&uuid=9a74e93b-b93f-4eca-baf7-4e1c3d2e2452&version=1.5,266368,https://parivesh.nic.in/newupgrade/#/report/ec?proposalId=84453836,10970.0,10970.0
84460371,"The proposal is to set up Municipal Solid Waste Management Plant at Dapo Yarlo, Itanagar by Itanagar Municipal Corporation (IMC) which will Provide facilities for treatment and disposal of solid waste from Itanagar City. The project will be benefited to around one lakhs fifty thousand population living in itanagar city.",New,SIA/AR/INFRA2/487819/2024,2024-07-15T05:22:10.607+00:00,,DELISTED_BY_SYSTEM,10.0,1722.0,ITANAGAR MUNICIPAL CORPORATION,,Environment clearance form,TOR,B2,Common Municipal Solid Waste Management Facility (CMSWMF),"C/o SWM Plant at Dapo Yarlo, Itanagar",ARUNACHAL PRADESH,Banderdawa,Balijan Karbi,,Env(SEIAA-SEAC_ArP)-237/2025,,Non - Linear,0.0,10.0,10.0,0.0,0.0,0.0,0.0,0.0,0,0,0,Not applicable as the project or activity is site specific,,NO,NO,NO,2024-07-15T06:32:11.061+00:00,,,,,,,,,,,,,,,,,,,,,,,,,,,,,,,,,,,,,,,,,,,,,,,Papum Pare,,https://parivesh.nic.in/dms/okm/downloadDocument?docTypemappingId=40829&refId=84458364&refType=caf&uuid=70a9d233-3f14-407a-a36f-e77859e76f21&version=1.1,262288,https://parivesh.nic.in/newupgrade/#/report/ec?proposalId=84460371,660.0,660.0
84471712,"Proposal for Diversion of forest land Under Seppa forest division area 187.023 hectares for the construction of "" intermediate lane of construction of Arunachal Pradesh frontier highway Lada to Sarli length 0 to 126.150km.",New,FP/AR/ROAD/487857/2024,2024-07-15T07:00:25.111+00:00,,Pending at DFO due to EDS by Nodal Officer,369.793,2.67099,ARUNACHAL PWD HIGHWAY,,Forest clearance form,,,,"Construction of Road From km 0.000 to km 126.150 (Package-1,2,3,4,5) of Lada-Sarli District- East Kameng, State of Arunachal Pradesh.",ARUNACHAL PRADESH,Chayangtajo ADC,Kesse Bagang,,,,Linear,182.77,187.023,369.793,0.0,0.0,0.0,0.0,0.0,0,0,0,Not applicable as the project or activity is site specific,,NO,NO,NO,2024-07-30T18:30:00.000+00:00,,https://parivesh.nic.in/dms/okm/downloadDocument?docTypemappingId=59020&refId=84471688&refType=fc&uuid=5953b9c8-5090-46a1-8253-f113d28464a0&version=1.0,Degraded Forest Land,true,,,,,,,,,,,,,,,,,,,,,,,,,,,,,,,,,,,"Chief Engineer Highway Zone
PWD AP, Itanagar",,12,State Government (Department/Autonomous body),ChiefEngineer,,12,,East Kameng,,https://parivesh.nic.in/dms/okm/downloadDocument?docTypemappingId=40829&refId=84464101&refType=caf&uuid=660c1bba-278d-473f-a838-a6a5c70075d5&version=1.0;https://parivesh.nic.in/dms/okm/downloadDocument?docTypemappingId=58989&refId=84464101&refType=FC&uuid=3b48a284-76e2-4adb-b714-e8eec5b2e91a&version=1.0,262219,https://parivesh.nic.in/newupgrade/#/report/ec?proposalId=84471712,14600.0,14500.0
84474999,"The proposal is to set up Municipal Solid Waste Management Plant at Dapo Yarlo, Itanagar by Itanagar Municipal Corporation (IMC) which will Provide facilities for treatment and disposal of solid waste from Itanagar City. The project will be benefited to around one lakhs fifty thousand population living in itanagar city.",New,WL/AR/Others/487870/2024,2024-07-15T07:28:04.548+00:00,,,10.0,1722.0,ITANAGAR MUNICIPAL CORPORATION,,Wildlife clearance form,,,,"C/o SWM Plant at Dapo Yarlo, Itanagar",ARUNACHAL PRADESH,Banderdawa,Balijan Karbi,,,,Non - Linear,0.0,10.0,10.0,0.0,0.0,0.0,0.0,0.0,0,0,0,Not applicable as the project or activity is site specific,,NO,NO,NO,2024-07-15T08:23:10.255+00:00,,,,,,,,,,,,,,,,,,,,,,,,,,,,,,,,,,,,,,,,,,,,,,,Papum Pare,,https://parivesh.nic.in/dms/okm/downloadDocument?docTypemappingId=40829&refId=84458364&refType=caf&uuid=70a9d233-3f14-407a-a36f-e77859e76f21&version=1.1,262288,https://parivesh.nic.in/newupgrade/#/report/ec?proposalId=84474999,660.0,660.0
85376026,"Proposal for Diversion of 11.948 Ha forest land for Construction of Double lane road to provide air connectivity between Donyi Polo Airport, Itanagar and Naharlagun Railway Station via Sonajuli and Durpang (0.00 to 33.79 Km)",New,FP/AR/ROAD/488519/2024,2024-07-18T08:06:57.173+00:00,,REMOVED,42.528,32315.0,Executive Engineer PWD Naharlagun Division  Arunachal Pradesh,,Forest clearance form,,,,"Proposal for Diversion of 11.948 Ha forest land for Construction of Double lane road to provide air connectivity between Donyi Polo Airport, Itanagar and Naharlagun Railway Station via Sonajuli and Durpang (0.00 to 33.79 Km)",ARUNACHAL PRADESH,Naharlagun EAC,Tarajuli,,,,Linear,30.58,11.948,42.528,0.0,0.0,0.0,0.0,0.0,0,0,0,Not applicable as the project or activity is site specific,,NO,NO,NO,2024-07-18T09:09:26.660+00:00,,https://parivesh.nic.in/dms/okm/downloadDocument?docTypemappingId=59020&refId=85376022&refType=fc&uuid=f087db36-98b9-4c08-bb7f-ea1152498016&version=1.0,Degraded Forest Land,true,,,,,,,,,,,,,,,,,,,,,,,,,,,,,,,,,,,"O/o Executive Engineer, Naharlagun Division PWD
P.o/P.s Naharlagun",Naharlagun,12,State Government (Department/Autonomous body),Assistant Engineer,Naharlagun,12,,Papum Pare,,https://parivesh.nic.in/dms/okm/downloadDocument?docTypemappingId=40829&refId=85371428&refType=caf&uuid=5d031666-f8a6-4698-b3b1-a714a1818956&version=1.1;https://parivesh.nic.in/dms/okm/downloadDocument?docTypemappingId=58989&refId=85371428&refType=FC&uuid=ba8c443d-257b-4b62-b442-f384171be21c&version=1.2,262480,https://parivesh.nic.in/newupgrade/#/report/ec?proposalId=85376026,36387.0,520.0
85696990,"Oju hydroelectric project is proposed for development on Subansiri river in Upper Subansiri district of Arunachal Pradesh. The project scheme entails a run-of-the-river development with peaking power capability. The project is one of the projects in a cascade development on Subansiri River. The project is planned to generate 2220 MW (2100 MW + 120 MW auxiliary (dam toe)), with sufficient storage to meet daily peak hour energy generation requirements.",New,FP/AR/SRY/488757/2024,2024-07-19T10:35:07.836+00:00,,Pending at DFO for Scrutiny and Recommendation,750.06,31.3564,OJU SUBANSIRI HYDRO POWER CORPORATION PVT LTD,,Form-C: For seeking prior approval for Exploration & Survey,,,,"Oju Hydroelectric Project of capacity 2220 MW at Village Reddi, Tehsil Limeking Circle, District Upper Subansiri, Arunachal Pradesh by M/s Oju Subansiri Hydro Power Corporation Pvt. Ltd.",ARUNACHAL PRADESH,Taksing,Taying,,,,Hybrid,0.0,750.06,750.06,0.0,0.0,0.0,0.0,0.0,1,9,9,YES,,NO,NO,NO,2024-07-19T12:05:27.083+00:00,,,,,,,,,,,,,,,,,,,,,,,,,,,,,,,,,,,,,,,"M-3, 2 Floor, Hauz Khas, Sri Aurobindo Marg, New Delhi",A Qutub Institutional Area Shaheed Jeet Singh Marg,7,Private Limited,Manager,,7,,Upper Subansiri,,https://parivesh.nic.in/dms/okm/downloadDocument?docTypemappingId=40828&refId=29443379&refType=caf&uuid=0795b8e1-c8b1-4910-9509-7f16228c27a1&version=1.0;https://parivesh.nic.in/dms/okm/downloadDocument?docTypemappingId=40828&refId=29443379&refType=caf&uuid=cefabaf9-abb5-4085-becc-3a73f955a352&version=1.0;https://parivesh.nic.in/dms/okm/downloadDocument?docTypemappingId=40828&refId=29443379&refType=caf&uuid=9dc4847a-236a-409f-9831-9de84b00e6be&version=1.0;https://parivesh.nic.in/dms/okm/downloadDocument?docTypemappingId=40829&refId=29443379&refType=caf&uuid=3e97d758-1ea7-4d81-9b37-0d8380dea1a6&version=1.0,,https://parivesh.nic.in/newupgrade/#/report/ec?proposalId=85696990,2160000.0,1260000.0
86857450,"Drilling of Development wells (40 Nos.) and Exploratory wells (5 Wells) in the Kharsang Oil Field at District - Changlang, Arunachal Pradesh by M/s. GeoEnpro Petroleum Ltd.",Expansion,IA/AR/IND2/489413/2024,2024-07-23T12:20:10.706+00:00,2025-02-28T05:15:58.855+00:00,EC Granted,994.0,1.47,GEOENPRO PETROLEUM LIMITED,,Environment clearance form,EC,A,,"Drilling of Development wells (40 Nos.) and Exploratory wells (5 Wells) in the Kharsang Oil Field at District - Changlang, Arunachal Pradesh by M/s. GeoEnpro Petroleum Ltd.",ARUNACHAL PRADESH,Jairampur ADC,17 Mile M.V. Road (Sher) (17 Mile Villag,J-11011/389/2006-IA.II(I),,,Non - Linear,0.0,994.0,994.0,0.0,0.0,0.0,75000.0,72000.0,0,0,0,Not applicable as the project or activity is site specific,,NO,NO,NO,2024-07-25T13:12:03.148+00:00,Other,,,,,,,,,,,,,,,,,,,,,,,,,,,,,,,,,,,,,,,,,,,,,,Changlang,,https://parivesh.nic.in/dms/okm/downloadDocument?docTypemappingId=40829&refId=86805439&refType=caf&uuid=adc745b7-f47a-4906-a6c4-0d664c715b98&version=1.0,264287,https://parivesh.nic.in/newupgrade/#/report/ec?proposalId=86857450,6750.0,12775.0
88618547,"The rejuvenation of Sally is a holistic project aimed at restoring and enhancing the ecological health and aesthetic appeal of the lake. This initiative focuses on sustainable practices to ensure long-term benefits for the environment and the community. The Main components of this project include desiltation, landscaping, plantation, stormwater management, installation of solar lights, stone packing embankment, spillway construction, bio toilets, and informative signages.",New,WL/AR/Others/490270/2024,2024-07-29T12:49:55.817+00:00,,,1.3,263.0,EXECUTIVE ENGINEER UD & HOUSING ROING DIVISION,,Wildlife clearance form,,,,"Rejuvenation of Sally Lake, Roing",ARUNACHAL PRADESH,Roing HQ,8 KM,,,,Non - Linear,0.3,1.0,1.3,0.0,0.0,0.0,0.0,0.0,0,0,0,Not applicable as the project or activity is site specific,,NO,NO,NO,2024-07-31T14:27:58.217+00:00,,,,,,,,,,,,,,,,,,,,,,,,,,,,,,,,,,,,,,,,,,,,,,,Lower Dibang Valley,,https://parivesh.nic.in/dms/okm/downloadDocument?docTypemappingId=40829&refId=88611212&refType=caf&uuid=7b1b2c96-be77-4ea1-8401-0e4b3bc0a9b9&version=1.0,266145,https://parivesh.nic.in/newupgrade/#/report/ec?proposalId=88618547,1470.0,0.0
89175686,"Proposal for diversion of 28.28 Ha forest land for Construction of Double lane road to provide air connectivity between Donyi Polo Airport, Itanagar and Naharlagun Railway Station via Sonajuli and Durpang (0.00 to 34.09 Km)",New,FP/AR/ROAD/490538/2024,2024-07-31T06:01:37.481+00:00,,Pending at FAC,42.91,32315.0,Executive Engineer PWD Naharlagun Division  Arunachal Pradesh,,Forest clearance form,,,,"Proposal for diversion of 28.28 Ha forest land for Construction of Double lane road to provide air connectivity between Donyi Polo Airport, Itanagar and Naharlagun Railway Station via Sonajuli and Durpang (0.00 to 34.09 Km)",ARUNACHAL PRADESH,Banderdawa,Ania Hapa,,,,Linear,14.63,28.28,42.91,0.0,0.0,0.0,0.0,0.0,0,0,0,Not applicable as the project or activity is site specific,,NO,NO,NO,2024-08-19T18:30:00.000+00:00,,https://parivesh.nic.in/dms/okm/downloadDocument?docTypemappingId=59020&refId=89175684&refType=fc&uuid=10124eab-d533-4685-a91e-5a30ca09bc97&version=1.0,Degraded Forest Land,true,,,,,,,,,,,,,,,,,,,,,,,,,,,,,,,,,,,"O/o Executive Engineer, Naharlagun Division PWD
P.o/P.s Naharlagun",Naharlagun,12,State Government (Department/Autonomous body),Assistant Engineer,Naharlagun,12,,Papum Pare,,https://parivesh.nic.in/dms/okm/downloadDocument?docTypemappingId=40829&refId=89174238&refType=caf&uuid=a705c243-de3a-4b48-8b95-d1c7b21975f8&version=1.0;https://parivesh.nic.in/dms/okm/downloadDocument?docTypemappingId=58989&refId=89174238&refType=FC&uuid=aedf262b-9cc5-477f-a949-8fab7f604467&version=1.0,262432,https://parivesh.nic.in/newupgrade/#/report/ec?proposalId=89175686,49388.0,560.0
93354010,Naying Hydro Electric Project is proposed for development on Siyom River in Shi Yomi and Siang district of Arunachal Pradesh. The project scheme entails a run-of-the-river development with peaking power capability. Project components involve a concrete gravity dam and an underground powerhouse complex connected through a 7.08km long headrace tunnel. Total land required for the project is 470.80 Ha which is entirely of Unclassed State Forest (USF) category. The total estimated present day cost of the project is Rs. 10369.00 Crore and is likely to be completed in 6 years (excluding 1.5 years for preconstruction activities).,Amendment,FP/AR/HYD/IRRIG/492810/2024,2024-08-14T10:07:31.143+00:00,,"Pending at Technical Officer - MoEFCC, HQ",470.8,11.83586,NORTH EASTERN ELECTRIC POWER CORPORATION LTD,,Forest clearance form,,,,"NAYING HYDRO ELECTRIC PROJECT (1000 MW) - NEAR VILLAGE- YAPIK, DISTRICTS- SHI YOMI & SIANG,  STATE- ARUNACHAL PRADESH",ARUNACHAL PRADESH,Tato,Gai,,,,Non - Linear,0.0,470.8,470.8,0.0,0.0,0.0,0.0,0.0,12,72,408,Not applicable as the project or activity is site specific,,NO,NO,NO,2024-12-01T18:30:00.000+00:00,,https://parivesh.nic.in/dms/okm/downloadDocument?docTypemappingId=59020&refId=93354008&refType=fc&uuid=27f36cf8-bac2-4de2-b785-02c5f82c50b3&version=1.0,Degraded Forest Land,true,,,,,,,,,,,,,,,,,,,,,,,,,,,,,,,,,,,"BROOKLAND COMPOUND, LOWER NEW COLONY, LAITUMKHRAH",SHILLONG,17,"Central PSU (eg. NHAI, AAI, NTP, CIL, SAIL)",Assistant Manager Environment,SHILLONG,17,,Shi Yomi,,https://parivesh.nic.in/dms/okm/downloadDocument?docTypemappingId=40829&refId=64143334&refType=caf&uuid=ca6cda03-ec93-4695-bbc3-824d36552c5c&version=1.1;https://parivesh.nic.in/dms/okm/downloadDocument?docTypemappingId=58989&refId=64143334&refType=FC&uuid=f2708667-4407-4230-9da7-3e260eb9871e&version=1.0,263437,https://parivesh.nic.in/newupgrade/#/report/ec?proposalId=93354010,1825050.0,3650000.0
95294543,Subansiri Upper HE Project is proposed as a multipurpose scheme for flood moderation and hydropower generation. It envisages utilization of water from River Subansiri. The scheme proposes construction of a 237m high concrete gravity dam. The project shall have a probable installed capacity of 1605 MW.,New,FP/AR/HYD/IRRIG/493475/2024,2024-08-21T07:11:41.239+00:00,,Pending at Nodal Officer due to EDS by State Secretary,2733.0,2181500.0,NHPC LIMITED,,Forest clearance form,,,,Subansiri Upper HE Project,ARUNACHAL PRADESH,Payeng Circle,Achingmuri,,,,Non - Linear,0.0,2733.0,2733.0,0.0,0.0,0.0,0.0,0.0,27,982,982,YES,,NO,NO,NO,2025-02-24T18:30:00.000+00:00,,https://parivesh.nic.in/dms/okm/downloadDocument?docTypemappingId=59020&refId=95294515&refType=fc&uuid=1967e426-831c-424b-b2ac-4b26a9d7b57d&version=1.0,Degraded Forest Land,true,,,,,,,,,,,,,,,,,,,,,,,,,,,,,,,,,,,"NHPC OFFICE COMPLEX, SECTOR-33, FARIDABAD, HARYANA NHPC OFFICE COMPLEX, SECTOR-33, FARIDABAD, HARYANA",,6,Others,General Manager (Env.),,6,,Upper Subansiri,,https://parivesh.nic.in/dms/okm/downloadDocument?docTypemappingId=40828&refId=49653079&refType=caf&uuid=8cd8762f-51ab-4901-b455-d61105a82f78&version=1.0;https://parivesh.nic.in/dms/okm/downloadDocument?docTypemappingId=40828&refId=49653079&refType=caf&uuid=22afd873-d359-4d3b-b970-40f176beadc9&version=1.4;https://parivesh.nic.in/dms/okm/downloadDocument?docTypemappingId=40828&refId=49653079&refType=caf&uuid=d2f05df6-64bc-4055-9206-8104ef2c1b35&version=1.0;https://parivesh.nic.in/dms/okm/downloadDocument?docTypemappingId=40828&refId=49653079&refType=caf&uuid=930d2c18-cd6a-427d-ba82-23e3e279d454&version=1.0;https://parivesh.nic.in/dms/okm/downloadDocument?docTypemappingId=40828&refId=49653079&refType=caf&uuid=0ee684b8-0701-4b36-8781-aa8ba868bfa8&version=1.0;https://parivesh.nic.in/dms/okm/downloadDocument?docTypemappingId=40828&refId=49653079&refType=caf&uuid=0ee684b8-0701-4b36-8781-aa8ba868bfa8&version=1.1;https://parivesh.nic.in/dms/okm/downloadDocument?docTypemappingId=40828&refId=49653079&refType=caf&uuid=1bbb7b3a-2d29-4feb-b466-cdd463130214&version=1.0;https://parivesh.nic.in/dms/okm/downloadDocument?docTypemappingId=40829&refId=49653079&refType=caf&uuid=38247453-4266-47b2-a9ab-2aa800112807&version=1.28;https://parivesh.nic.in/dms/okm/downloadDocument?docTypemappingId=58989&refId=49653079&refType=FC&uuid=f4013c4c-3ea6-4e85-af9a-c49605118824&version=1.0,,https://parivesh.nic.in/newupgrade/#/report/ec?proposalId=95294543,8030000.0,9490000.0
95301927,This project is related to exploration of Hydrocarbons at the Location. KHAQ,New,FP/AR/MINOIL/493493/2024,2024-08-21T07:59:29.031+00:00,,DELISTED_BY_SYSTEM,3.59,1964.0,OIL INDIA LIMITED,,Forest clearance form,,,,Exploratory drilling at Loc. KHAQ,ARUNACHAL PRADESH,Kharsang Circle,Longtom-I,,,1,Non - Linear,0.0,3.59,3.59,0.0,0.0,0.0,0.0,0.0,0,0,0,Not applicable as the project or activity is site specific,,NO,NO,NO,2024-08-24T05:36:55.841+00:00,,,Degraded Forest Land,true,,,,,,,,,,,,,,,,,,,,,,,,,,,,,,,,,,,"OIL INDIA LIMITED 
DULIAJAN
District  : Dibrugarh",,18,"Central PSU (eg. NHAI, AAI, NTP, CIL, SAIL)",EXECUTIVE DIRECTOR (HSE),,18,,Changlang,1,https://parivesh.nic.in/dms/okm/downloadDocument?docTypemappingId=40829&refId=93915336&refType=caf&uuid=4aed4df8-3798-4fa3-b3ad-b0edc3e4731e&version=1.0;https://parivesh.nic.in/dms/okm/downloadDocument?docTypemappingId=58989&refId=93915336&refType=FC&uuid=c49a530d-8935-4528-9170-fc130081cdb7&version=1.0,264305,https://parivesh.nic.in/newupgrade/#/report/ec?proposalId=95301927,720.0,10080.0
95322183,Proposal for diversion of 15 ha of forest  land for construction of Manchal PWD road ( Nenuliang) to Zapaliang  Road (Design Length: 25 Km) for Execution on EPC Mode in the state of Arunachal Pradesh.,New,FP/AR/ROAD/493523/2024,2024-08-21T10:39:49.621+00:00,,REMOVED,15.0,5132.63,LIKWANG LOWANG,,Forest clearance form,,,,Proposal for diversion of 15 ha of forest land for construction of Manchal PWD Road (Nenuliang) to Zapaliang Road (Design Length: 25 Km) in Anjaw District of Arunachal Pradesh,ARUNACHAL PRADESH,Hayuliang ADC,Nenuliang,,,,Linear,0.0,15.0,15.0,0.0,0.0,0.0,0.0,0.0,0,0,0,Not applicable as the project or activity is site specific,,NO,NO,NO,2024-08-21T11:18:01.186+00:00,,,Degraded Forest Land,true,,,,,,,,,,,,,,,,,,,,,,,,,,,,,,,,,,,"C/O SE RWD, NAMSAI CIRCLE",Zapaliang,12,Central Government (Department/Autonomous body),Executive Engineer,Namsai,12,,Anjaw,,https://parivesh.nic.in/dms/okm/downloadDocument?docTypemappingId=40829&refId=95314529&refType=caf&uuid=a341e02d-17d8-4bfd-9be2-36479965e034&version=1.0;https://parivesh.nic.in/dms/okm/downloadDocument?docTypemappingId=58989&refId=95314529&refType=FC&uuid=ada37c8b-5335-4d10-b518-e9e09e96ee58&version=1.0,266720,https://parivesh.nic.in/newupgrade/#/report/ec?proposalId=95322183,56575.0,56575.0
97490194,"Kamala HE Project is proposed as a multipurpose scheme for flood moderation and hydropower generation. It envisages utilization of water from Kamala River, a major tributary of Subansiri River. The scheme proposes construction of a 216 m high concrete gravity dam. The project shall have a installed capacity of 1720MW.",New,FP/AR/SRY/494382/2024,2024-08-28T07:32:25.338+00:00,,Pending at DFO for Scrutiny and Recommendation,3858.8904,2181500.0,NHPC LIMITED,,Form-C: For seeking prior approval for Exploration & Survey,,,,Kamala Hydro Electric Project,ARUNACHAL PRADESH,Kamporijo Circle,Bam,,,,Non - Linear,580.8,3278.0904,3858.8904,0.0,0.0,0.0,0.0,0.0,6,1300,1300,YES,,NO,NO,NO,2024-08-30T06:32:06.309+00:00,,,,,,,,,,,,,,,,,,,,,,,,,,,,,,,,,,,,,,,"NHPC OFFICE COMPLEX, SECTOR-33, FARIDABAD, HARYANA NHPC OFFICE COMPLEX, SECTOR-33, FARIDABAD, HARYANA",,6,Others,General Manager (Env.),,6,,Kamle,,https://parivesh.nic.in/dms/okm/downloadDocument?docTypemappingId=40828&refId=29700385&refType=caf&uuid=d3785da6-bb56-4aa5-944d-dbb33724a0a9&version=1.0;https://parivesh.nic.in/dms/okm/downloadDocument?docTypemappingId=40828&refId=29700385&refType=caf&uuid=d430ed46-ca08-4114-b55d-0f5fa8a86fc5&version=1.0;https://parivesh.nic.in/dms/okm/downloadDocument?docTypemappingId=40829&refId=29700385&refType=caf&uuid=d0f9ce06-070e-4195-a3bd-7469d87a50c6&version=1.0,,https://parivesh.nic.in/newupgrade/#/report/ec?proposalId=97490194,8030000.0,9490000.0
102054710,This proposed project is to develop new All Weather Road and provide connectivity to Dharmabumgey Gonpa & Paidhar village under Vibrant Village Programm (VVP) in Tawang District.,New,FP/AR/ROAD/496437/2024,2024-09-12T15:02:50.423+00:00,,Pending on UA for Compensatory Levies Payment,2.75,895.16,"Rural Work Division, Tawang",,Forest clearance form,,,,C/o Road from Changteng to Paidhar via Dharmabumgey Gonpa.,ARUNACHAL PRADESH,Lhou Circle,Dharmakang,,,,Linear,0.18,2.57,2.75,0.0,0.0,0.0,0.0,0.0,0,0,0,Not applicable as the project or activity is site specific,,NO,NO,NO,2024-09-30T18:30:00.000+00:00,,,,false,,,,,,,,,,,,,,,,,,,,,,,,,,,,,,,,,,,"C/O Executive Engineer
Rural Works Division Tawang",Tawang,12,State Government (Department/Autonomous body),Junior Eningeer,Tawang,12,,Tawang,,https://parivesh.nic.in/dms/okm/downloadDocument?docTypemappingId=40829&refId=100600048&refType=caf&uuid=d96726e5-0209-42bd-86bd-4d9f28502042&version=1.0;https://parivesh.nic.in/dms/okm/downloadDocument?docTypemappingId=58989&refId=100600048&refType=FC&uuid=83e67723-def7-49b4-82c9-3eacdc1664d1&version=1.0,261514,https://parivesh.nic.in/newupgrade/#/report/ec?proposalId=102054710,40.0,0.0
102297319,This proposed project is to develop new All Weather Road and provide connectivity to Gridar Gonpa under Vibrant Village Programm (VVP) in Tawang District.,New,FP/AR/ROAD/496457/2024,2024-09-13T03:27:24.666+00:00,,Pending at Nodal Officer due to EDS by State Secretary,2.94,689.52,"Rural Work Division, Tawang",,Forest clearance form,,,,C/O Road from Tawang-Lungla BRO road to Gridar Gonpa,ARUNACHAL PRADESH,TAWANG HQ,Gridar Gonpa,,,,Linear,0.27,2.67,2.94,0.0,0.0,0.0,0.0,0.0,0,0,0,Not applicable as the project or activity is site specific,,NO,NO,NO,2024-09-30T18:30:00.000+00:00,,,Degraded Forest Land,true,,,,,,,,,,,,,,,,,,,,,,,,,,,,,,,,,,,"C/O Executive Engineer
Rural Works Division Tawang",Tawang,12,State Government (Department/Autonomous body),Junior Engineer,Tawang,12,,Tawang,,https://parivesh.nic.in/dms/okm/downloadDocument?docTypemappingId=40829&refId=100064189&refType=caf&uuid=b5a3bc87-329d-4eb7-89bd-64758d7b5bd6&version=1.0;https://parivesh.nic.in/dms/okm/downloadDocument?docTypemappingId=58989&refId=100064189&refType=FC&uuid=efa3790f-274e-464f-bad5-76c75d3339f8&version=1.0,261483,https://parivesh.nic.in/newupgrade/#/report/ec?proposalId=102297319,40.0,0.0
102331278,"The proposed Project is new All weather Road Connecting  unconnected habitation/village,i.e Sakpret, Gorze  Gonpa and Yuesa Gonpa  of Length 7.50km with takeoff point as BRO Road.
Since, there is no existing connectivity between BRO Road to Yuesa Gonpa  via Sakpret and  Gorze Gonpa, hence the alignment has been proposed as per VR (PMGSY) standard specification through Non forest and  forest Land. This  project will initiate to new construction of road, having formation width 6.00mtr and  carriageway width of 3.75 mtrs to provide better transportation and communication facilities to the people  under Lumla sub-Division.",New,FP/AR/ROAD/496578/2024,2024-09-13T10:36:19.189+00:00,,Pending at Nodal Officer due to EDS by State Secretary,4.24,1638.19,Rural Works Division Lumla,,Forest clearance form,,,,Construction of road from BRO road to  Yuesa Gonpa via. Sakpret and Gorze Gonpa.,ARUNACHAL PRADESH,TAWANG HQ,Sakpret,,,1,Non - Linear,0.0,4.24,4.24,0.0,0.0,0.0,0.0,0.0,0,0,0,Not applicable as the project or activity is site specific,,NO,NO,NO,2024-09-29T18:30:00.000+00:00,,,,false,,,,,,,,,,,,,,,,,,,,,,,,,,,,,,,,,,,Rural Works Division Lumla,Lumla,12,State Government (Department/Autonomous body),Executive Engineer,Lumla,12,,Tawang,1,https://parivesh.nic.in/dms/okm/downloadDocument?docTypemappingId=40829&refId=101141299&refType=caf&uuid=90912862-deac-459d-97e2-499e8b654ccb&version=1.0;https://parivesh.nic.in/dms/okm/downloadDocument?docTypemappingId=58989&refId=101141299&refType=FC&uuid=39e67227-04f8-49dc-8e36-30183807d020&version=1.0,261490,https://parivesh.nic.in/newupgrade/#/report/ec?proposalId=102331278,5990.0,5990.0
102595227,"The proposed project is new All Weather Road, connecting  unconnected habitation /village i.e Toshur  Gonpa with PWD road as Takeoff point. Since there is no existing connectivity between PWD Road  to  Toshur Gonpa, hence the alignment has been proposed as per VR (PMGSY) standard specification through forest land. This road project initiate to construct new road having  carriageway width of 3.75mtr. to provide better transportation, communication and comprehensive development of the Pamaghar village in particularly, and Tawang district as whole.",New,FP/AR/ROAD/496650/2024,2024-09-14T04:50:38.130+00:00,,Pending at Nodal Officer due to EDS by State Secretary,1.85,695.07,Rural Works Division Lumla,,Forest clearance form,,,,Construction of Road from PWD Road to Toshur Gonpa,ARUNACHAL PRADESH,TAWANG HQ,Kudung,,,,Linear,0.0,1.85,1.85,0.0,0.0,0.0,0.0,0.0,0,0,0,Not applicable as the project or activity is site specific,,NO,NO,NO,2024-09-29T18:30:00.000+00:00,,,Degraded Forest Land,true,,,,,,,,,,,,,,,,,,,,,,,,,,,,,,,,,,,Rural Works Division Lumla,Lumla,12,State Government (Department/Autonomous body),Executive Engineer,Lumla,12,,Tawang,,https://parivesh.nic.in/dms/okm/downloadDocument?docTypemappingId=40829&refId=102035700&refType=caf&uuid=ab51d575-eaf9-4087-b324-64cb13637618&version=1.0;https://parivesh.nic.in/dms/okm/downloadDocument?docTypemappingId=58989&refId=102035700&refType=FC&uuid=e9e4c095-dab9-41f5-ae70-25d7a628db98&version=1.0,261416,https://parivesh.nic.in/newupgrade/#/report/ec?proposalId=102595227,3408.0,3408.0
102601258,This proposed project is to develop new All Weather Road and provide connectivity to the Thangaphe Gonpa under Vibrant Village Program (VVP) in Tawang District.,New,FP/AR/ROAD/496675/2024,2024-09-14T07:14:34.972+00:00,,Pending at DFO due to EDS by Nodal Officer,12.47,4398.97,"Rural Work Division, Tawang",,Forest clearance form,,,,C/o Road from BRO road to Thangaphe Gonpa.,ARUNACHAL PRADESH,TAWANG HQ,Thangphe Gonpa,,,,Linear,1.2,11.27,12.47,0.0,0.0,0.0,0.0,0.0,0,0,0,Not applicable as the project or activity is site specific,,NO,NO,NO,2024-11-05T18:30:00.000+00:00,,https://parivesh.nic.in/dms/okm/downloadDocument?docTypemappingId=59020&refId=102601256&refType=fc&uuid=3ee4e6f9-4cb9-4314-8008-6177dca6400f&version=1.0,Degraded Forest Land,true,,,,,,,,,,,,,,,,,,,,,,,,,,,,,,,,,,,"C/O Executive Engineer
Rural Works Division Tawang",Tawang,12,State Government (Department/Autonomous body),Junior Engineer,Tawang,12,,Tawang,,https://parivesh.nic.in/dms/okm/downloadDocument?docTypemappingId=40829&refId=100600180&refType=caf&uuid=21c00897-dfe4-4e99-843e-a4cb1ca6aa64&version=1.0;https://parivesh.nic.in/dms/okm/downloadDocument?docTypemappingId=58989&refId=100600180&refType=FC&uuid=c7739a70-3993-43eb-944e-e10740e6e562&version=1.0,261496,https://parivesh.nic.in/newupgrade/#/report/ec?proposalId=102601258,70.0,0.0
102612144,"The proposed project is new ALL Weather Road Connecting Unconnected Habitation/Village i.e Gyamo and Ramyang Under Dudunghar circle. Since there  is no Connectivity between  LT Bro Road to  Gyamo and Ramyang, Hence the alignment has been proposed as per VR( PMGSY) standard through forest land. This project will initiate new road construction having carriageway width of 3.75mtr. to provide better transportation and communication facilities to the people of Dudunghar circle.",New,FP/AR/ROAD/496731/2024,2024-09-14T10:39:54.895+00:00,,Pending at Nodal Officer due to EDS by State Secretary,0.71,232.46,Rural Works Division Lumla,,Forest clearance form,,,,Construction of road from LT BRO Road to Ramyang Via Gyamo,ARUNACHAL PRADESH,DUDUNGHAR,Lumchang,,,,Linear,0.24,0.47,0.71,0.0,0.0,0.0,0.0,0.0,0,0,0,Not applicable as the project or activity is site specific,,NO,NO,NO,2024-09-29T18:30:00.000+00:00,,,,false,,,,,,,,,,,,,,,,,,,,,,,,,,,,,,,,,,,Rural Works Division Lumla,Lumla,12,State Government (Department/Autonomous body),Executive Engineer,Lumla,12,,Tawang,,https://parivesh.nic.in/dms/okm/downloadDocument?docTypemappingId=40829&refId=102309963&refType=caf&uuid=89e1834a-8efa-49c2-9bdb-025e08c106f3&version=1.0;https://parivesh.nic.in/dms/okm/downloadDocument?docTypemappingId=58989&refId=102309963&refType=FC&uuid=3b7f5778-c325-448a-9e71-3254d8005085&version=1.0,261420,https://parivesh.nic.in/newupgrade/#/report/ec?proposalId=102612144,1540.0,1540.0
104322159,"Dedza Dolomite Deposit is located over an area of 185.94 ha (Block A- 95.76 Ha, Block B- 48.37 Ha, Block C- 41.81 Ha) in village –Kaspi and New Kaspi, district – West Kameng, State – Arunachal Pradesh and included in the Survey of India Toposheet Nos. 83A/12. 
The area has rugged and dissected topography. The elevation of three blocks of the area varies from 1100 mRL to 1645 mRL.
The project has been proposed for an annual production of 66,33,131 TPA (Block A: 58,40,119 TPA, Block B: 3,97,225 TPA, Block C: 3,95,787 TPA) of Dolomite Mineral by open cast fully mechanized method.",New,SIA/AR/MIN/497485/2024,2024-09-20T10:42:32.264+00:00,2025-06-30T09:39:36.584+00:00,ToR Granted,185.94,2002.0,Metis Steel Private Limited,Mantec Consultants Pvt. Ltd.,Environment clearance form,TOR,B1,Mining of minerals,"Mining of Dolomite mineral for Dedza Dolomite deposit in proposed Dedza mines, District-West Kameng, Arunachal Pradesh",ARUNACHAL PRADESH,Singchung ADC,14 BRTF Labour Camp,,Env(SEIAA-SEAC_ArP)-240/2025,,Non - Linear,185.94,0.0,185.94,0.0,0.0,0.0,0.0,0.0,0,0,0,Not applicable as the project or activity is site specific,,NO,NO,NO,2024-09-25T11:38:50.244+00:00,,,,,,,,,,,,,,,,,,,,,,,,,,,,,,,,,,,,,,,,,,,,,,,West Kameng,,https://parivesh.nic.in/dms/okm/downloadDocument?docTypemappingId=40829&refId=104318237&refType=caf&uuid=f02fc166-27c1-4e08-ba59-fa479fea546f&version=1.0,261822,https://parivesh.nic.in/newupgrade/#/report/ec?proposalId=104322159,12000.0,90000.0
104933564,"The rejuvenation of Sally is a holistic project aimed at restoring and enhancing the ecological health and aesthetic appeal of the lake. This initiative focuses on sustainable practices to ensure long-term benefits for the environment and the community. The Main components of this project include desiltation, landscaping, plantation, stormwater management, installation of solar lights, stone packing embankment, spillway construction, bio toilets, and informative signages.",New,FP/AR/OTHERS/497985/2024,2024-09-23T14:46:01.827+00:00,,DELISTED_BY_SYSTEM,1.3,263.0,EXECUTIVE ENGINEER UD & HOUSING ROING DIVISION,,Forest clearance form,,,,"Rejuvenation of Sally Lake, Roing",ARUNACHAL PRADESH,Roing HQ,8 KM,,,,Non - Linear,0.3,1.0,1.3,0.0,0.0,0.0,0.0,0.0,0,0,0,Not applicable as the project or activity is site specific,,NO,NO,NO,2024-10-03T07:51:24.133+00:00,,,,false,,,,,,,,,,,,,,,,,,,,,,,,,,,,,,,,,,,"Urban Development & Housing, Roing Division, Roing",Roing,12,State Government (Department/Autonomous body),Executive Engineer,Roing,12,,Lower Dibang Valley,,https://parivesh.nic.in/dms/okm/downloadDocument?docTypemappingId=40829&refId=88611212&refType=caf&uuid=7b1b2c96-be77-4ea1-8401-0e4b3bc0a9b9&version=1.0;https://parivesh.nic.in/dms/okm/downloadDocument?docTypemappingId=58989&refId=88611212&refType=FC&uuid=bda706b2-f553-48db-9872-aad979381859&version=1.0,266145,https://parivesh.nic.in/newupgrade/#/report/ec?proposalId=104933564,1470.0,0.0
109030667,"The rejuvenation of Sally is a holistic project aimed at restoring and enhancing the ecological health and aesthetic appeal of the lake. This initiative focuses on sustainable practices to ensure long-term benefits for the environment and the community. The Main components of this project include desiltation, landscaping, plantation, stormwater management, installation of solar lights, stone packing embankment, spillway construction, bio toilets, and informative signages.",New,FP/AR/OTHERS/500062/2024,2024-10-07T08:36:54.786+00:00,,Pending at DFO for Scrutiny and Recommendation,1.3,263.0,EXECUTIVE ENGINEER UD & HOUSING ROING DIVISION,,Forest clearance form,,,,"Rejuvenation of Sally Lake, Roing",ARUNACHAL PRADESH,Roing HQ,Gmroh - II,,,,Non - Linear,0.3,1.0,1.3,0.0,0.0,0.0,0.0,0.0,0,0,0,Not applicable as the project or activity is site specific,,NO,NO,NO,2024-10-07T10:39:32.088+00:00,,,,false,,,,,,,,,,,,,,,,,,,,,,,,,,,,,,,,,,,"Urban Development & Housing, Roing Division, Roing",Roing,12,State Government (Department/Autonomous body),Executive Engineer,Roing,12,,Lower Dibang Valley,,https://parivesh.nic.in/dms/okm/downloadDocument?docTypemappingId=40829&refId=88611212&refType=caf&uuid=7b1b2c96-be77-4ea1-8401-0e4b3bc0a9b9&version=1.0;https://parivesh.nic.in/dms/okm/downloadDocument?docTypemappingId=58989&refId=88611212&refType=FC&uuid=2180aeaa-f999-4451-9f0e-74e7dd9ebebe&version=1.0,266154,https://parivesh.nic.in/newupgrade/#/report/ec?proposalId=109030667,1470.0,0.0
110349120,"Proposal for diversion of 0.0945 ha of forest land for Establishment of Indian Oil Corporation (IOC) Filling Station at Lower Dodum, Karsingsa.",New,FP/AR/PetrolPump/503095/2024,2024-10-25T16:28:45.809+00:00,,Pending on UA for Compensatory Levies Payment,0.0945,40.0,Dominic tadar,,Forest clearance form,,,,"Proposal for diversion of 0.0945 ha of forest land for Establishment of Indian Oil Corporation (IOC) Filling Station at Lower Dodum, Karsingsa.",ARUNACHAL PRADESH,Naharlagun EAC,Lower Dobum,,,1,Non - Linear,0.0,0.0945,0.0945,0.0,0.0,0.0,0.0,0.0,0,0,0,Not applicable as the project or activity is site specific,,NO,NO,NO,2024-12-17T18:30:00.000+00:00,,,,false,,,,,,,,,,,,,,,,,,,,,,,,,,,,,,,,,,,"P Sector, Near Rajbhawan, Itanagar",,12,Individual,Proprietor,,12,,Papum Pare,1,https://parivesh.nic.in/dms/okm/downloadDocument?docTypemappingId=40829&refId=110349067&refType=caf&uuid=8d85a8d1-a643-4f68-8e19-d7f63f919c1a&version=1.0;https://parivesh.nic.in/dms/okm/downloadDocument?docTypemappingId=58989&refId=110349067&refType=FC&uuid=16a31645-0b9a-4a4a-9a9b-da225f8bd782&version=1.0,262351,https://parivesh.nic.in/newupgrade/#/report/ec?proposalId=110349120,15540.0,15540.0
110351589,"Proposal for diversion of 0.0969 ha of forest land for Establishment of Bharat Petroleum Corporation (BPC) Filling Station at Lekhi Village, Nirjuli",New,FP/AR/PetrolPump/503099/2024,2024-10-25T18:41:57.949+00:00,,Pending on UA for Compensatory Levies Payment,0.0969,42.0,Dominic tadar,,Forest clearance form,,,,"Proposal for diversion of 0.0969 ha of forest land for Establishment of Bharat Petroleum Corporation (BPC) Filling Station at Lekhi Village, Nirjuli",ARUNACHAL PRADESH,Naharlagun EAC,Lekhi Village,,,0.0969,Non - Linear,0.0,0.0969,0.0969,0.0,0.0,0.0,0.0,0.0,0,0,0,Not applicable as the project or activity is site specific,,NO,NO,NO,2024-12-17T18:30:00.000+00:00,,,,false,,,,,,,,,,,,,,,,,,,,,,,,,,,,,,,,,,,"P Sector, Near Rajbhawan, Itanagar",,12,Individual,Proprietor,,12,,Papum Pare,0.0969,https://parivesh.nic.in/dms/okm/downloadDocument?docTypemappingId=40829&refId=110351454&refType=caf&uuid=bad99a43-f8e7-4b08-9b17-1518a0395ca6&version=1.0;https://parivesh.nic.in/dms/okm/downloadDocument?docTypemappingId=58989&refId=110351454&refType=FC&uuid=da82e35e-2456-48c2-b9eb-fa5ee0c86c16&version=1.0,262465,https://parivesh.nic.in/newupgrade/#/report/ec?proposalId=110351589,19240.0,15540.0
110386719,"This proposed project is to develop new All Weather Road and provide connectivity to Tarmang Gonpa, Jharmang Gonpa & Khromten Gonpa under Vibrant Village Programm (VVP) in Tawang district.",New,FP/AR/ROAD/503226/2024,2024-10-26T12:33:15.079+00:00,,REMOVED,6.3085,1971.62,"Rural Work Division, Tawang",,Forest clearance form,,,,C/o Road from Tawang-Bomdila BRO road to Khromten Gonpa via Tarmang & Jharmang Gonpa,ARUNACHAL PRADESH,TAWANG HQ,Khromten Gonpa,,,,Linear,0.0,6.3085,6.3085,0.0,0.0,0.0,0.0,0.0,0,0,0,Not applicable as the project or activity is site specific,,NO,NO,NO,2024-10-26T12:53:12.917+00:00,,https://parivesh.nic.in/dms/okm/downloadDocument?docTypemappingId=59020&refId=110386706&refType=fc&uuid=e968535d-f22a-4256-b945-5a383240345c&version=1.0,Degraded Forest Land,true,,,,,,,,,,,,,,,,,,,,,,,,,,,,,,,,,,,"C/O Executive Engineer
Rural Works Division Tawang",Tawang,12,State Government (Department/Autonomous body),Junior Engineer,Tawang,12,,Tawang,,https://parivesh.nic.in/dms/okm/downloadDocument?docTypemappingId=40829&refId=110385423&refType=caf&uuid=2f0628f6-13cf-4d82-b5a8-843d3d2c5164&version=1.0;https://parivesh.nic.in/dms/okm/downloadDocument?docTypemappingId=58989&refId=110385423&refType=FC&uuid=ae1e7865-be59-4bdf-804d-310da29a5dba&version=1.0,261525,https://parivesh.nic.in/newupgrade/#/report/ec?proposalId=110386719,60.0,0.0
110388547,This proposed project is to develop new All Weather Road and provide connectivity to Thespa Gonpa under Vibrant Village Programm (VVP) in Tawang District.,New,FP/AR/ROAD/503234/2024,2024-10-26T13:09:32.432+00:00,,DELISTED_BY_SYSTEM,9.63,3141.64,"Rural Work Division, Tawang",,Forest clearance form,,,,C/o Road from BRTF Road to Thespa Gonpa,ARUNACHAL PRADESH,TAWANG HQ,Thespa Gonpa,,,,Linear,0.9,8.73,9.63,0.0,0.0,0.0,0.0,0.0,0,0,0,Not applicable as the project or activity is site specific,,NO,NO,NO,2024-11-05T18:30:00.000+00:00,,https://parivesh.nic.in/dms/okm/downloadDocument?docTypemappingId=59020&refId=110388543&refType=fc&uuid=c24947a3-13f3-4def-bd4f-4c371f909e72&version=1.0,Degraded Forest Land,true,,,,,,,,,,,,,,,,,,,,,,,,,,,,,,,,,,,"C/O Executive Engineer
Rural Works Division Tawang",Tawang,12,State Government (Department/Autonomous body),Junior Engineer,Tawang,12,,Tawang,,https://parivesh.nic.in/dms/okm/downloadDocument?docTypemappingId=40829&refId=110388358&refType=caf&uuid=67bf197d-2b0d-4a59-9697-10423f5666af&version=1.0;https://parivesh.nic.in/dms/okm/downloadDocument?docTypemappingId=58989&refId=110388358&refType=FC&uuid=b61de5c0-ec02-4b75-9118-1a3694138653&version=1.0,261508,https://parivesh.nic.in/newupgrade/#/report/ec?proposalId=110388547,100.0,0.0
110389256,This proposed project is to develop new All Weather Road and provide connectivity to the Luguthang village under Vibrant Village Programm (VVP) in Tawang district.,New,FP/AR/ROAD/503239/2024,2024-10-26T13:31:02.077+00:00,,Pending at Nodal Officer due to EDS by State Secretary,13.03,4490.83,"Rural Work Division, Tawang",,Forest clearance form,,,,C/o Road from Thingbu-Mago PMGSY road to Luguthang.,ARUNACHAL PRADESH,Thingbu Circle,Luguthang,,,,Linear,0.0,13.03,13.03,0.0,0.0,0.0,0.0,0.0,0,0,0,Not applicable as the project or activity is site specific,,NO,NO,NO,2024-11-05T18:30:00.000+00:00,,https://parivesh.nic.in/dms/okm/downloadDocument?docTypemappingId=59020&refId=110389252&refType=fc&uuid=9f8ed9d7-ed41-4ac5-9bbb-00d770bd344e&version=1.0,Degraded Forest Land,true,,,,,,,,,,,,,,,,,,,,,,,,,,,,,,,,,,,"C/O Executive Engineer
Rural Works Division Tawang",Tawang,12,State Government (Department/Autonomous body),Junior Engineer,Tawang,12,,Tawang,,https://parivesh.nic.in/dms/okm/downloadDocument?docTypemappingId=40829&refId=110389165&refType=caf&uuid=8764002c-6e4e-4471-a33b-014fa2d9a318&version=1.0;https://parivesh.nic.in/dms/okm/downloadDocument?docTypemappingId=58989&refId=110389165&refType=FC&uuid=046be545-0394-4554-9a0a-93d6bd03f92d&version=1.0,261611,https://parivesh.nic.in/newupgrade/#/report/ec?proposalId=110389256,100.0,0.0
110542164,"Proposal for diversion of 0.137 ha forest land for Hindustan Petroleum Corporation Limited (HPCL) Filling station at Banderdewa, on NH 15 between Police Training Centre, Arunachal Pradesh to Banderdewa Check Gate.",New,FP/AR/PetrolPump/503540/2024,2024-10-29T16:27:23.166+00:00,,Pending at DFO due to EDS by Nodal Officer,0.137,32.0,Kipa Ano,,Forest clearance form,,,,Proposal for diversion of 0.137 ha forest land for Hindustan Petroleum Corporation Limited (HPCL) Filling station at Banderdewa,ARUNACHAL PRADESH,Bihpuria,Reserve Gaon,,,,Non - Linear,0.0,0.137,0.137,0.0,0.0,0.0,0.0,0.0,0,0,0,Not applicable as the project or activity is site specific,,NO,NO,NO,2025-02-12T18:30:00.000+00:00,,,,false,,,,,,,,,,,,,,,,,,,,,,,,,,,,,,,,,,,"C 25/027, Segment III Karsingsa, Near F.C.I Godam, Banderdewa",Karsingsa,12,Individual,Proprietor,,12,,Lakhimpur,,https://parivesh.nic.in/dms/okm/downloadDocument?docTypemappingId=40829&refId=110542101&refType=caf&uuid=4d405b5f-7fab-4e45-b30b-1b4e2c9b0386&version=1.0;https://parivesh.nic.in/dms/okm/downloadDocument?docTypemappingId=58989&refId=110542101&refType=FC&uuid=9fd656f8-3b82-420f-ad07-13929dbacb98&version=1.0,287678,https://parivesh.nic.in/newupgrade/#/report/ec?proposalId=110542164,15540.0,15540.0
110952988,"This proposed project is to develop new All Weather Road and provide connectivity to Tarmang Gonpa, Jharmang Gonpa and Khromten Gonpa under Vibrant Village Programm (VVP) in Tawang district.",New,FP/AR/ROAD/504485/2024,2024-11-06T10:56:58.028+00:00,,Pending at Nodal Officer due to EDS by State Secretary,6.3085,1971.62,"Rural Work Division, Tawang",,Forest clearance form,,,,C/o Road from Tawang-Bomdila BRO road to Khromten Gonpa via Tarmang andJharmang Gonpa,ARUNACHAL PRADESH,Kitpi Circle,Namet,,,,Linear,0.0,6.3085,6.3085,0.0,0.0,0.0,0.0,0.0,0,0,0,Not applicable as the project or activity is site specific,,NO,NO,NO,2024-11-05T18:30:00.000+00:00,,https://parivesh.nic.in/dms/okm/downloadDocument?docTypemappingId=59020&refId=110952963&refType=fc&uuid=c14809c4-f667-47de-a7df-5eb081303ff2&version=1.0,Degraded Forest Land,true,,,,,,,,,,,,,,,,,,,,,,,,,,,,,,,,,,,"C/O Executive Engineer
Rural Works Division Tawang",Tawang,12,State Government (Department/Autonomous body),Junior Engineer,Tawang,12,,Tawang,,https://parivesh.nic.in/dms/okm/downloadDocument?docTypemappingId=40829&refId=110949529&refType=caf&uuid=d9d94d45-04c7-47d1-9fbe-4eb4f7b4e5c4&version=1.0;https://parivesh.nic.in/dms/okm/downloadDocument?docTypemappingId=58989&refId=110949529&refType=FC&uuid=235959c2-8658-4777-8009-76cbb5c564b5&version=1.0,261524,https://parivesh.nic.in/newupgrade/#/report/ec?proposalId=110952988,60.0,0.0
112754818,"The mine lease area is located in Taliha village in Upper Subansiri district of Arunachal Pradesh over an area of 496 ha. for Production of Graphite 410879 TPA (ROM). In the process, 857725 m3 of waste (including Quartzite), 124026 m3 of Topsoil and 996318 m3 of Graphite Bearing Material (GBM) shall also get generated during 12 years of Mine Life.",New,FP/AR/MIN/QRY/508950/2024,2024-11-28T07:46:56.981+00:00,,REMOVED,496.0,7882.0,STHENOS CEMENT PRIVATE LIMITED,,Forest clearance form,,,,"Taliha Graphite Deposit over an area 496 ha. in Village Taliha, Upper Subansiri District, Arunachal Pradesh",ARUNACHAL PRADESH,Taliha ADC,Taliha H.Q.,,,,Non - Linear,421.407,74.593,496.0,0.0,0.0,0.0,0.0,0.0,0,0,0,Not applicable as the project or activity is site specific,,NO,YES,NO,2024-12-23T11:26:58.495+00:00,,,Degraded Forest Land,true,2021-01-29T00:00:00.000+00:00,50/00,50/00,2071-02-04T00:00:00.000+00:00,496.0,0.4109,"",Approved,,,,0.0001,8.2182,0.0001,2.9294,12/00,Indian Bureau of Mines (IBM),"The life of mine is calculated based on current G2 level exploration and mineral reserve, it would be modified with upliftment of resource after proposed G1 level exploration.",Opencast,Mechanized,"","","",No internal dumpling been proposed,"Topsoil dump area been proposed, generated topsoil will be utilised for plantation purpose  immediate after excavation.",13.27,"No void as land scar due to mining. Only benches will be developed on hill slopes, which will be biologically reclaimed post mining","The excavated ore to be despatched directly from the pit head through covered
trucks","The excavated ore will be directly dispatched from the pit head to the nearest railway station using covered trucks. 
 Subsequently, the material will be transported to the end consumer through a combination of rail and road transportation, as
deemed suitable.","",44.33,16.0,34.29,401.38,"Ground Floor,347, Santosh Roy Road, Barisha, South 24 Paraganas, West Bengal, PIN-700008",Barisha,19,Private Limited,Human Resource-Manager,Kolkata,19,,Upper Subansiri,,https://parivesh.nic.in/dms/okm/downloadDocument?docTypemappingId=40829&refId=112744233&refType=caf&uuid=f6085091-e453-46da-ac18-f42453ffa81a&version=1.0;https://parivesh.nic.in/dms/okm/downloadDocument?docTypemappingId=58989&refId=112744233&refType=FC&uuid=f2435cc0-72fe-44f4-967b-3ac2c865ff3a&version=1.0,262984,https://parivesh.nic.in/newupgrade/#/report/ec?proposalId=112754818,7000.0,304800.0
113140497,"HQ 1441 BCC (GREF),C/O 99 APO, Tenga ,Opposite side of govt upper primary school Tenga ,Dist -west kameng ,Arunachal Pradesh .PIn - 790116.",New,FP/AR/ROAD/509966/2024,2024-11-30T07:08:32.910+00:00,2026-03-02T05:04:49.065+00:00,Final Diversion Order Issued,0.3792,194.29,Ministry of Defense,,Forest clearance form,,,,CONSTRUCTION OF 158 MTR LONG APPROACH ROAD TO UNDER CONSTRUCTION MAJOR PERMANENT PINJOLI BRIDGE OVER PINJOLI NALLAH AT KM 49.750 ON ROAD BALIPARA-CHARDUAR-TAWANG UNDER PROJECT VARTAK IN ARUNACHAL PRADESH STATE.,ARUNACHAL PRADESH,Bhalukpong EAC,Elephant Flat,,,,Linear,0.0,0.3792,0.3792,0.0,0.0,0.0,0.0,0.0,0,0,0,Not applicable as the project or activity is site specific,,NO,NO,NO,2024-11-29T18:30:00.000+00:00,,,Degraded Forest Land,true,,,,,,,,,,,,,,,,,,,,,,,,,,,,,,,,,,,"HQ DGBR, SEEMA SADAK BHAWAN, RING ROAD, DELHI CANTT, NEW DELHI-10",,7,Central Government (Department/Autonomous body),Officer Commanding,TENGA VALLEY,12,,West Kameng,,https://parivesh.nic.in/dms/okm/downloadDocument?docTypemappingId=40829&refId=112721227&refType=caf&uuid=1448007c-f6eb-4320-991f-bd7d7a694355&version=1.2;https://parivesh.nic.in/dms/okm/downloadDocument?docTypemappingId=58989&refId=112721227&refType=FC&uuid=41f80418-f254-4364-bdc3-8e0b301e97b8&version=1.0,261869,https://parivesh.nic.in/newupgrade/#/report/ec?proposalId=113140497,9380.0,8760.0
113636074,Proposal for diversion of 0.0916 ha of forest land for Establishment of Hindustan Petroleum Corporation Limited (HPCL) Filling Station at Chimpu towards Hollongi on NH 415 in Papum Pare District of Arunachal Pradesh.,New,FP/AR/PetrolPump/512242/2024,2024-12-02T18:50:19.136+00:00,,Pending at DFO for Compensatory Levies,0.0916,60.0,Yangfo Sona,,Forest clearance form,,,,Proposal for diversion of 0.0916 ha of forest lend for Establishment of Hindustan Petroleum Corporation Limited (HPCL) Filling Station at Chimpu towards Hollongion NH 415 in Papum Pare District of Arunachal Pradesh,ARUNACHAL PRADESH,Itanagar EAC,Hollongi Karbi,,,,Non - Linear,0.0,0.0916,0.0916,0.0,0.0,0.0,0.0,0.0,0,0,0,Not applicable as the project or activity is site specific,,NO,NO,NO,2025-07-13T18:30:00.000+00:00,,,,false,,,,,,,,,,,,,,,,,,,,,,,,,,,,,,,,,,,"e 22, Sarli, Kurung Kumey Ditrict",Sarli,12,Individual,Proprietor,Sarli,12,,Papum Pare,,https://parivesh.nic.in/dms/okm/downloadDocument?docTypemappingId=40829&refId=113635355&refType=caf&uuid=81761850-9511-46c2-b40c-a8a8e17499c3&version=1.0;https://parivesh.nic.in/dms/okm/downloadDocument?docTypemappingId=58989&refId=113635355&refType=FC&uuid=304ed366-6958-4918-b735-c071efd7f494&version=1.0,262294,https://parivesh.nic.in/newupgrade/#/report/ec?proposalId=113636074,6342.0,11627.0
114790584,"Oju hydroelectric project is proposed for development on Subansiri river in Upper Subansiri district of Arunachal Pradesh. The project scheme entails a run-of-the-river development with peaking power capability. The project is one of the projects in a cascade development on Subansiri River. The project is planned to generate 2220 MW (2100 MW + 120 MW auxiliary (dam toe)), with sufficient storage to meet daily peak hour energy generation requirements.",New,FP/AR/SRY/514649/2024,2024-12-14T08:48:25.031+00:00,,Pending at PP due to EDS by Nodal Officer,750.06,31.3564,OJU SUBANSIRI HYDRO POWER CORPORATION PVT LTD,,Form-C: For seeking prior approval for Exploration & Survey,,,,"Oju Hydroelectric Project of capacity 2220 MW at Village Reddi, Tehsil Limeking Circle, District Upper Subansiri, Arunachal Pradesh by M/s Oju Subansiri Hydro Power Corporation Pvt. Ltd.",ARUNACHAL PRADESH,Taksing,Taying,,,,Hybrid,0.0,750.06,750.06,0.0,0.0,0.0,0.0,0.0,1,9,9,YES,,NO,NO,NO,2024-12-14T09:59:30.627+00:00,,,,,,,,,,,,,,,,,,,,,,,,,,,,,,,,,,,,,,,"M-3, 2 Floor, Hauz Khas, Sri Aurobindo Marg, New Delhi",A Qutub Institutional Area Shaheed Jeet Singh Marg,7,Private Limited,Manager,,7,,Upper Subansiri,,https://parivesh.nic.in/dms/okm/downloadDocument?docTypemappingId=40828&refId=29443379&refType=caf&uuid=0795b8e1-c8b1-4910-9509-7f16228c27a1&version=1.0;https://parivesh.nic.in/dms/okm/downloadDocument?docTypemappingId=40828&refId=29443379&refType=caf&uuid=cefabaf9-abb5-4085-becc-3a73f955a352&version=1.0;https://parivesh.nic.in/dms/okm/downloadDocument?docTypemappingId=40828&refId=29443379&refType=caf&uuid=9dc4847a-236a-409f-9831-9de84b00e6be&version=1.0;https://parivesh.nic.in/dms/okm/downloadDocument?docTypemappingId=40829&refId=29443379&refType=caf&uuid=3e97d758-1ea7-4d81-9b37-0d8380dea1a6&version=1.0,,https://parivesh.nic.in/newupgrade/#/report/ec?proposalId=114790584,2160000.0,1260000.0
114998581,"The mine lease area is located in Dodeserum village in Lower Subansiri district of Arunachal Pradesh. As per the approved Mining Plan total Mineable mineral reserve is estimated at 5,73,616 tonnes. Total Mining Lease area of the project is 183 Ha. The project envisages peak production of 1,59,957 TPA (ROM) Graphite ore. In the process, 2,66,557 m3 of overburden and 79,154 tonnes of Low-Grade Ore as Graphite Bearing Material (GBM) shall also get generated during 8 years of Mine Life. The proposed method of mining is conventional opencast mining deploying shovel – dumper combination and the mine is Fully Mechanized.",New,FP/AR/MIN/QRY/515023/2024,2024-12-17T11:06:31.266+00:00,,Pending at DFO due to EDS by MS After PSC-II,183.0,1361.0,TASSO ALLOYS PRIVATE LIMITED,,Forest clearance form,,,,"Dodeserum Graphite Deposit over an area of 183 Ha. in Village Dodeserum, Lower Subansiri District of Arunachal Pradesh.",ARUNACHAL PRADESH,Yazali Circle,Dodo,,,,Non - Linear,134.78,48.22,183.0,0.0,0.0,0.0,0.0,0.0,0,0,0,Not applicable as the project or activity is site specific,,NO,YES,NO,2025-02-03T18:30:00.000+00:00,,https://parivesh.nic.in/dms/okm/downloadDocument?docTypemappingId=59020&refId=114998557&refType=fc&uuid=7743fd86-64d5-4c73-be2f-2320c174d832&version=1.0,Degraded Forest Land,true,2019-08-21T00:00:00.000+00:00,50/00,50/00,2071-01-29T00:00:00.000+00:00,183.0,0.16,"",Approved,Graphite,0.2262,0.3474,0.001,1.7538,0.001,0.5736,08/00,Indian Bureau of Mines (IBM),"",Opencast,Mechanized,"","","","","",11.236,No void as land scar due to mining. Only benches will be developed on hill slopes which will be biologically reclaimed post mining.,The excavated ore to be despatched directly from the pit head through covered trucks,The excavated ore to be despatched directly from the pit head through covered trucks,"",53.36,0.001,2.661,126.978,"Ground floor 347 Santosh Roy Road, Barisha, South 24 Paraganas  West Bengal PIN 70008",Kolkata,19,Private Limited,Senior Manager,Kolkata,19,,Lower Subansiri,,https://parivesh.nic.in/dms/okm/downloadDocument?docTypemappingId=40829&refId=114857301&refType=caf&uuid=7e5d4888-280c-44a3-8cef-04ce401ff606&version=1.0;https://parivesh.nic.in/dms/okm/downloadDocument?docTypemappingId=58989&refId=114857301&refType=FC&uuid=64611ea1-3283-487b-bad1-4678d754ad00&version=1.0,264898,https://parivesh.nic.in/newupgrade/#/report/ec?proposalId=114998581,7000.0,190400.0
115387551,"The mine lease area is located in Tai, Tamaripa & Techidoni village in Upper Subansiri and Leparada district of Arunachal Pradesh. As per the approved Mining Plan total Mineable mineral reserve is estimated at 15,60,736 tonnes. Total Mining Lease area of the project is 196 Ha. 
The project envisages production of 2,79,923 TPA (ROM) Graphite ore. In the process, 4,06,296 m3 of waste 193 m3 of Top soil and 186890.8 T of Low-Grade Ore as Graphite Bearing Material (GBM) shall also get generated during 10 years of Mine Life.
The proposed method of mining is conventional opencast mining deploying shovel – dumper combination and the mine is Fully Mechanized.",New,FP/AR/MIN/QRY/515501/2024,2024-12-20T13:21:43.100+00:00,,REMOVED,196.0,3820.0,TASSO ALLOYS PRIVATE LIMITED,,Forest clearance form,,,,"Tai-Techidoni Graphite Deposit over an area of 196 Ha in Villages: Tai, Tamaripa & Techidoni, districts: Lepa Rada & Upper Subansiri of Arunachal Pradesh",ARUNACHAL PRADESH,Tirbin EAC,Tai,,,,Non - Linear,178.09,17.91,196.0,0.0,0.0,0.0,0.0,0.0,0,0,0,Not applicable as the project or activity is site specific,,NO,YES,NO,2024-12-23T10:55:02.541+00:00,,,Degraded Forest Land,true,2021-01-29T00:00:00.000+00:00,50/00,50/00,2071-02-07T00:00:00.000+00:00,196.0,0.2799,"",Approved,Graphite,0.0001,1.5607,0.0001,4.8579,0.0001,1.5607,10/00,Indian Bureau of Mines,"The life of mine is calculated based on current G2 level exploration and mineral reserve, it would be modified with upliftment of resource after proposed G1 level exploration.",Opencast,Mechanized,"","","",Internal dump not proposed,No topsoil dump has been proposed. Generated topsoil will be utilised immediate after excavation.,8.52,No void as land scar due to mining. Only benches will be developed on hill slopes which will be biologically reclaimed post mining,The excavated ore to be despatched directly from the pit head through covered trucks,"The excavated ore will be directly dispatched from the pit head to the nearest railway station using covered trucks. Subsequently, the material will be transported to the end consumer through a combination of rail and road transportation, as deemed suitable.","",20.492,16.679,13.806,145.023,"Ground floor 347 Santosh Roy Road, Barisha, South 24 Paraganas  West Bengal PIN 70008",Kolkata,19,Private Limited,Human Resource Manager,Kolkata,19,,Lepa Rada,,https://parivesh.nic.in/dms/okm/downloadDocument?docTypemappingId=40829&refId=115381523&refType=caf&uuid=db674e93-d3a5-433a-af8e-ad227f02dd6c&version=1.0;https://parivesh.nic.in/dms/okm/downloadDocument?docTypemappingId=58989&refId=115381523&refType=FC&uuid=1da5b133-08e2-42ce-8971-22fb3e0a0971&version=1.0,263639,https://parivesh.nic.in/newupgrade/#/report/ec?proposalId=115387551,7000.0,264000.0
116865936,"Chokpa Dolostone Quarry (Applicant- O/o Department of Geology & Mining, Rupa, District- West Kameng, Arunachal Pradesh), over an area of 1.10 Hect. is situated near Village- Lumbaktang (Chokpa), District– West Kameng & State Arunachal Pradesh. It is a fresh lease. Applicant has applied for fresh grant of lease & Certificate for notification was issued by Assistant Mineral Development Officer, Rupa, and West Kameng District vides Letter No. RGM/DOLOMITE-16/18-19, Rupa, Dated 16.12.2024 as per Rule 60 of APMMCR-2020. The Mining Office has asked for having Environment Clearance as per the judgment of honourable Supreme Court, New Delhi dated 27.02.2012. 

The proposed rate of production is 25000 CUM per annum of Dolostone. The lease area comprises of Private Land. The applied lease area is Non-forest Land. A Land agreement has been made between land owner & Project proponent. The estimated project cost is INR 35.50 lacs. The expected life of mine is 6 years",New,SIA/AR/MIN/517534/2025,2025-01-07T05:29:35.087+00:00,2025-07-17T12:26:15.010+00:00,EC Granted,1.1,35.5,Geology & Mining,,Application for EC for Mining of Minor Minerals of Mine Lease (0-5 HA) - Form-2,EC,B2,,Chokpa Dolostone Quarry,ARUNACHAL PRADESH,Rupa SDO,Lumbaktang,,Env(SEIAA-SEAC_ArP)-236/2025,,Non - Linear,1.1,0.0,1.1,0.0,0.0,0.0,0.0,0.0,0,0,0,Not applicable as the project or activity is site specific,,NO,NO,NO,2025-02-14T04:20:00.338+00:00,,,,,,,,,,,,,,,,,,,,,,,,,,,,,,,,,,,,,,,"O/o Director, Geology & Mining, Govt. of Arunachal Pradesh, Chandranagar, Near DC Office Capital Complex",,12,State Government (Department/Autonomous body),Director,,12,,West Kameng,,https://parivesh.nic.in/dms/okm/downloadDocument?docTypemappingId=40829&refId=116864253&refType=caf&uuid=44beaa3a-58b3-4109-b2e0-4be8d85efc47&version=1.0,261788,https://parivesh.nic.in/newupgrade/#/report/ec?proposalId=116865936,0.0,4600.0
117902257,"The Kalai H.E. Project Stage- II is located in the Anjaw District of Arunachal Pradesh. The project envisages utilization of the discharge of the Lohit River, a tributary of the Brahmaputra River to generate about 1200 MW of power or 4852.95 GWh of design Energy (90% dependable year with 95% machine availability). The project is proposed to be developed as a run-of-the-river with a pondage scheme by constructing a 198.00 m high concrete gravity dam (from the deepest foundation level) and an underground powerhouse.",New,FP/AR/HYD/IRRIG/519205/2025,2025-01-19T14:06:58.218+00:00,,Pending on UA for Levies Payment,869.3503,14.17626,THDC INDIA LIMITED,,Forest clearance form,,,,Kalai II Hydro Electric Project,ARUNACHAL PRADESH,Hawai HQ,12th K.M. Camp,,,,Hybrid,0.0,869.3503,869.3503,0.0,0.0,0.0,0.0,0.0,25,276,595,YES,,NO,NO,NO,2025-01-20T12:51:12.788+00:00,,https://parivesh.nic.in/dms/okm/downloadDocument?docTypemappingId=59020&refId=117902256&refType=fc&uuid=9edebf4d-9be6-4d57-ae7a-8212bc425e0a&version=1.0,Degraded Forest Land,true,,,,,,,,,,,,,,,,,,,,,,,,,,,,,,,,,,,"Gangotri Bhawan, Pragatipuram",,5,"Central PSU (eg. NHAI, AAI, NTP, CIL, SAIL)",General Manager,,5,,Anjaw,,https://parivesh.nic.in/dms/okm/downloadDocument?docTypemappingId=40828&refId=40774729&refType=caf&uuid=79a27101-5646-4b4d-b4b6-df5e2f85769a&version=1.0;https://parivesh.nic.in/dms/okm/downloadDocument?docTypemappingId=40828&refId=40774729&refType=caf&uuid=26d2b628-6991-46cb-a8d5-3425f15c8909&version=1.0;https://parivesh.nic.in/dms/okm/downloadDocument?docTypemappingId=40828&refId=40774729&refType=caf&uuid=46c52817-f071-481d-91e4-4813f0736ff5&version=1.0;https://parivesh.nic.in/dms/okm/downloadDocument?docTypemappingId=40828&refId=40774729&refType=caf&uuid=73b49eac-0cf8-4ece-aa6d-8e1ccbfffb7f&version=1.0;https://parivesh.nic.in/dms/okm/downloadDocument?docTypemappingId=40828&refId=40774729&refType=caf&uuid=64d76435-9e86-4241-a4fc-53025f73da81&version=1.0;https://parivesh.nic.in/dms/okm/downloadDocument?docTypemappingId=40828&refId=40774729&refType=caf&uuid=2835caf8-21f3-49cd-b2ab-3960f634bfdd&version=1.0;https://parivesh.nic.in/dms/okm/downloadDocument?docTypemappingId=40829&refId=40774729&refType=caf&uuid=569e056e-7486-4fc2-aa0c-dafb2a182f5f&version=1.0;https://parivesh.nic.in/dms/okm/downloadDocument?docTypemappingId=40829&refId=128317503&refType=caf&uuid=296ae938-b9d0-4117-b24b-9a5d8ea9f860&version=1.0;https://parivesh.nic.in/dms/okm/downloadDocument?docTypemappingId=58989&refId=40774729&refType=FC&uuid=502cfb91-9233-4a19-b807-1f8b5e83c274&version=1.0;https://parivesh.nic.in/dms/okm/downloadDocument?docTypemappingId=58989&refId=40774729&refType=FC&uuid=5fe9b3ae-46f5-43b9-817b-732643540301&version=1.0,,https://parivesh.nic.in/newupgrade/#/report/ec?proposalId=117902257,4015000.0,3285000.0
118136006,"Proposal for Survey & Regional Coal Exploration in Thalot, Deomali, Block Namsang, Sub-Division Deomali over an area of 501 ha. Land falls under Namsang Village Reserved Forest (VRF) /Deomali forest Range/Tirap. Details of activities proposed to be undertaken in forest land:-Survey, exploration Drilling & Sampling. 12 (twelve) nos boreholes core drilling (96mm hole Diameter or 3.70 inch)",New,FP/AR/SRY/519719/2025,2025-01-22T06:07:18.596+00:00,,Pending at DFO for Issue Approval letter,501.0,467.544,Geology & Mining,,FormC_Exempted_Category_Part_I,,,,"Proposal for Survey & Regional Coal Exploration in Thalot, Deomali, Block Namsang, Sub-Division Deomali over an area of 501 ha.",ARUNACHAL PRADESH,Namtok EAC,3 K.M. Forest Camp (Namdang-II),,,,Non - Linear,0.0,501.0,501.0,0.0,0.0,0.0,0.0,0.0,0,0,0,Not applicable as the project or activity is site specific,,NO,NO,NO,2025-01-27T11:45:13.531+00:00,,,,,,,,,,,,,,,,,,,,,,,,,,,,,,,,,,,,,,,"O/o Director, Geology & Mining, Govt. of Arunachal Pradesh, Chandranagar, Near DC Office Capital Complex",,12,State Government (Department/Autonomous body),Director,,12,,Changlang,,https://parivesh.nic.in/dms/okm/downloadDocument?docTypemappingId=40829&refId=116921285&refType=caf&uuid=5cda4a96-36f2-464a-858d-01345dd84128&version=1.0,264143,https://parivesh.nic.in/newupgrade/#/report/ec?proposalId=118136006,0.0,2760.0
118290703,"Proposal for Survey & Regional Coal Exploration in Naitong-Bogapani Block, Borduria Sub-Division, Khonsa over an area of 499 Ha. Land falls under Borduria Village Reserved Forest (VRF) /Bogapani Range/Tirap. Details of activities proposed to be undertaken- Survey, exploration Drilling & Sampling. Drilling of Boreholes- 12 (twelve) nos boreholes core drilling (96mm hole Diameter or 3.70 inch)",New,FP/AR/SRY/519925/2025,2025-01-23T10:22:13.313+00:00,,Pending at DFO for Issue Approval letter,499.0,374.2775,Geology & Mining,,FormC_Exempted_Category_Part_I,,,,"Proposal for Survey & Regional Coal Exploration in Naitong-Bogapani Block, Borduria Sub-Division, Khonsa over an area of 499 Ha",ARUNACHAL PRADESH,Khonsa HQ,Bogapani,,,,Non - Linear,0.0,499.0,499.0,0.0,0.0,0.0,0.0,0.0,0,0,0,Not applicable as the project or activity is site specific,,NO,NO,NO,2025-01-27T11:58:01.684+00:00,,,,,,,,,,,,,,,,,,,,,,,,,,,,,,,,,,,,,,,"O/o Director, Geology & Mining, Govt. of Arunachal Pradesh, Chandranagar, Near DC Office Capital Complex",,12,State Government (Department/Autonomous body),Director,,12,,Tirap,,https://parivesh.nic.in/dms/okm/downloadDocument?docTypemappingId=40829&refId=116860648&refType=caf&uuid=4fd8caa7-95dd-4201-9ac6-d2e026b7e606&version=1.0,264477,https://parivesh.nic.in/newupgrade/#/report/ec?proposalId=118290703,0.0,2760.0
118553968,"It is Run of the River type 24.60 MW Small Hydro Power Project envisaging the utilisation of the flow of River Kamlang situated upstream of the Kamlang Bridge, near Wakro village. It consists of the construction of a Diversion Barrage, temporary bridge, De-silting Tank, Approach Channel, Intake, Flushing Duct, Head Race Tunnel, Surge Shaft, Pressure Shaft, Thrust Block and Penstocks, Power House, Switchyard, Tail Race Channel, Transmission Line, a Residential Colony and other appurtenant Infrastructure.",New,FP/AR/HYD/IRRIG/520674/2025,2025-01-27T10:25:54.263+00:00,2025-12-05T11:53:42.009+00:00,Final Diversion Order Issued,18.586,33528.31,ARUN SHAKTI ENERGY PRIVATE LIMITED,,Forest clearance form,,,,Kamlang Small Hydro Power Project 24.6 MW,ARUNACHAL PRADESH,Wakro Circle,Kamja,,,19,Non - Linear,0.0,18.586,18.586,0.0,0.0,0.0,0.0,0.0,0,0,0,Not applicable as the project or activity is site specific,,NO,NO,NO,2025-02-06T10:47:12.110+00:00,,https://parivesh.nic.in/dms/okm/downloadDocument?docTypemappingId=59020&refId=118553928&refType=fc&uuid=a2d33f90-c90b-4236-a65b-9a13ab1d2a62&version=1.0,Degraded Forest Land,true,,,,,,,,,,,,,,,,,,,,,,,,,,,,,,,,,,,"NAMSAI TRIJUNCTION ROAD, DEOBEEL, NAMSAI",NAMSAI,12,Private Limited,PROJECT MANAGER,NAMSAI,12,,Lohit,19,https://parivesh.nic.in/dms/okm/downloadDocument?docTypemappingId=40829&refId=118513086&refType=caf&uuid=daa74eeb-4611-4241-a95e-3d37cabef95e&version=1.0;https://parivesh.nic.in/dms/okm/downloadDocument?docTypemappingId=58989&refId=118513086&refType=FC&uuid=7a5423ae-1ad4-4832-aac3-94fe13ca5bea&version=1.0,266444,https://parivesh.nic.in/newupgrade/#/report/ec?proposalId=118553968,532850.0,292015.0
118605988,"M/s Alloycraft Industries LLP is proposing 2 x 21 MVA Ferro Alloy Plant (38,000 TPA Fe-Si) at Plot no. 20, 21, 33, 34, 45, Industrial Growth Centre, Niglok-Ngorlung, District East Siang, Arunachal Pradesh. As per EIA Notification dated 14th Sept., 2006 and subsequent amendments, the project falls under Category “A” S. No. ‘3 (a)’ Metallurgical Industries (ferrous & non- ferrous) and will be appraised at Central level in MoEF&CC, New Delhi.",New,IA/AR/IND1/520839/2025,2025-01-28T06:20:10.341+00:00,2025-02-06T11:54:34.481+00:00,Standard ToR Granted,5.0,22700.0,alloycraft industries llp,J. M. Environet Pvt. Ltd.,Environment clearance form,TOR,A,Metallurgical Industries (ferrous and non ferrous),"Proposed 2 x 21 MVA Ferro Alloy Plant (38,000 TPA Fe-Si) at Plot no. 20, 21, 33, 34, 45, Industrial Growth Centre, Niglok-Ngorlung, District East Siang, Arunachal Pradesh by M/s Alloycraft Industries LLP",ARUNACHAL PRADESH,Oyan Circle,10th Mile Oyan,IA-J-11011/45/2025-IA-II(Ind-I),,,Hybrid,5.0,0.0,5.0,0.0,0.0,0.0,0.0,0.0,0,0,0,YES,,NO,NO,NO,2025-01-28T09:05:34.033+00:00,,,,,,,,,,,,,,,,,,,,,,,,,,,,,,,,,,,,,,,,,,,,,,,East Siang,,https://parivesh.nic.in/dms/okm/downloadDocument?docTypemappingId=40828&refId=118604527&refType=caf&uuid=dadb4f26-93e3-4065-946e-9141e954c148&version=1.0;https://parivesh.nic.in/dms/okm/downloadDocument?docTypemappingId=40829&refId=118604527&refType=caf&uuid=b2da3070-fc3d-4a70-9336-0767b11eea6b&version=1.0;https://parivesh.nic.in/dms/okm/downloadDocument?docTypemappingId=40828&refId=118604527&refType=caf&uuid=e0246c1a-04d2-4767-a915-c85f05766c27&version=1.0,,https://parivesh.nic.in/newupgrade/#/report/ec?proposalId=118605988,18925.0,108000.0
119697888,WILDLIFE CLEARANCE PROPOSAL FOR CONSTRUCTION OF MALINYE-BALUA-KAPUDA ROAD FROM KM 00+000 TO KM 56+000 WITH NET LENGTH 56.000 KM IN DIBANG VALLEY DISTRICT IN THE STATE OF ARUNACHAL PRADESH,New,WL/AR/DEF/523314/2025,2025-02-10T09:34:31.189+00:00,,,123.511,49160.0,Border Roads Organisation,,Wildlife clearance form,,,,WILDLIFE CLEARANCE PROPOSAL FOR CONSTRUCTION OF MALINYE-BALUA-KAPUDA ROAD FROM KM 00+000 TO KM 56+000 WITH NET LENGTH 56.000 KM IN DIBANG VALLEY DISTRICT IN THE STATE OF ARUNACHAL PRADESH,ARUNACHAL PRADESH,Etalin,Maliney,,,-,Linear,0.0,123.511,123.511,0.0,0.0,0.0,0.0,0.0,0,0,0,Not applicable as the project or activity is site specific,,NO,NO,NO,2025-02-12T09:53:44.891+00:00,,,,,,,,,,,,,,,,,,,,,,,,,,,,,,,,,,,,,,,,,,,,,,,Upper Dibang Valley,-,https://parivesh.nic.in/dms/okm/downloadDocument?docTypemappingId=40829&refId=119695563&refType=caf&uuid=2f41c5ad-e74b-4e22-9fa1-d76fc161e733&version=1.0,265996,https://parivesh.nic.in/newupgrade/#/report/ec?proposalId=119697888,793388.0,437209.0
119709033,WILDLIFE CLEARANCE PROPOSAL FOR CONSTRUCTION OF KAPUDA-PHUPHU ROAD FROM KM 00+000 TO KM 20+880 WITH NET LENGTH 20.880 KM IN DIBANG VALLEY DISTRICT IN THE STATE OF ARUNACHAL PRADESH,New,WL/AR/DEF/523340/2025,2025-02-10T10:41:02.653+00:00,,,44.129,30663.0,Border Roads Organisation,,Wildlife clearance form,,,,WILDLIFE CLEARANCE PROPOSAL FOR CONSTRUCTION OF KAPUDA-PHUPHU ROAD FROM KM 00+000 TO KM 20+880 WITH NET LENGTH 20.880 KM IN DIBANG VALLEY DISTRICT IN THE STATE OF ARUNACHAL PRADESH,ARUNACHAL PRADESH,Etalin,NA,,,-,Linear,0.0,44.129,44.129,0.0,0.0,0.0,0.0,0.0,0,0,0,Not applicable as the project or activity is site specific,,NO,NO,NO,2025-02-12T09:54:44.167+00:00,,,,,,,,,,,,,,,,,,,,,,,,,,,,,,,,,,,,,,,,,,,,,,,Upper Dibang Valley,-,https://parivesh.nic.in/dms/okm/downloadDocument?docTypemappingId=40829&refId=119707469&refType=caf&uuid=a9b46260-5c02-4459-84fa-f2385c5c476a&version=1.0,"",https://parivesh.nic.in/newupgrade/#/report/ec?proposalId=119709033,438000.0,197100.0
119732064,"The mine lease area is located in Tai, Tamaripa & Techidoni village in Upper Subansiri and Leparada district of Arunachal Pradesh. As per the approved Mining Plan total Mineable mineral reserve is estimated at 15,60,736 tones. Total Mining Lease area of the project is 196 Ha. 
The project envisages production of 2,79,923 TPA (ROM) Graphite ore. In the process, 4,06,296 m3 of waste 194 m3 of Top soil and 1,86,890.8 T of Low-Grade Ore as Graphite Bearing Material (GBM) shall also get generated during 10 years of Mine Life.
The proposed method of mining is conventional opencast mining deploying shovel – dumper combination and the mine is Fully Mechanized.",New,FP/AR/MIN/QRY/523397/2025,2025-02-10T13:06:17.188+00:00,,Pending at DFO/CF/Nodal Officer after acceptance in PSC-I,23.432,3820.0,TASSO ALLOYS PRIVATE LIMITED,,Forest clearance form,,,,"Tai-Techidoni Graphite Deposit in Village Tai, Tamaripa & Techidoni, districts Lepa Rada & Upper Subansiri of Arunachal Pradesh",ARUNACHAL PRADESH,Baririjo Circle,Tamaripa,,,,Non - Linear,0.0,23.432,23.432,0.0,0.0,0.0,0.0,0.0,0,0,0,Not applicable as the project or activity is site specific,,NO,YES,NO,2025-02-11T05:58:19.229+00:00,,https://parivesh.nic.in/dms/okm/downloadDocument?docTypemappingId=59020&refId=119732063&refType=fc&uuid=a9d6f2c4-3231-4992-9ca8-bf2e8a238b2c&version=1.0,Degraded Forest Land,true,2019-08-21T00:00:00.000+00:00,50/00,50/00,2071-02-07T00:00:00.000+00:00,196.0,,"",Approved,Graphite,0.0001,1.5607,0.0001,4.8579,0.0001,1.5607,10/00,Indian Bureau of Mines (IBM),"",Opencast,Mechanized,"","","",Internal dump not proposed,No topsoil dump has been proposed. Generated topsoil will be utilised immediate after excavation,8.52,No void as land scar due to mining as per current working plan. Only benches will be developed on hill slopes which will be biologically reclaimed post mining.,The excavated ore to be despatched directly from pit head to nearest siding through covered trucks,"The excavated ore will be directly dispatched from the pit head to the nearest railway siding using covered trucks. Subsequently, the material will be transported to the end consumer through a combination of rail and road transportation, as deemed suitable.","",20.492,16.679,14.025,144.804,"Ground floor 347 Santosh Roy Road, Barisha, South 24 Paraganas  West Bengal PIN 70008","Ground floor 347 Santosh Roy Road, Barisha",19,Private Limited,Senior Manager,Belgachia,19,,Upper Subansiri,,https://parivesh.nic.in/dms/okm/downloadDocument?docTypemappingId=40829&refId=119726774&refType=caf&uuid=677a5109-777a-4607-b1de-0d18b6405738&version=1.0;https://parivesh.nic.in/dms/okm/downloadDocument?docTypemappingId=58989&refId=119726774&refType=FC&uuid=748f128f-3d88-4962-afda-c5249ee56f42&version=1.0;https://parivesh.nic.in/dms/okm/downloadDocument?docTypemappingId=58989&refId=119726774&refType=FC&uuid=878fe4d2-14b6-4cc9-a121-844058fa1c25&version=1.0,263315,https://parivesh.nic.in/newupgrade/#/report/ec?proposalId=119732064,7000.0,264000.0
119783038,"The mine lease area is located in Taliha village in Upper Subansiri district of Arunachal Pradesh over an area of 496 ha. for maximum production of Graphite (ROM) 4,10,879 TPA. 
1,24,027 m3 of Topsoil, 18,54,044 m3 OB/SB/IB including 996319 m3 (2510723 T) of Graphite Bearing Material will be generated during the life of mine. Total excavation will be 31,40,540 m3. 
As per the approved Mining Plan total Mineable mineral reserve is estimated at 29,29,424 tons. 
The proposed method of mining is conventional opencast mining deploying shovel – dumper combination and the mine is Fully Mechanized.",New,FP/AR/MIN/QRY/523534/2025,2025-02-11T08:44:39.561+00:00,,Pending at Nodal Officer for Recommendation after PSC-II,33.437,7882.0,STHENOS CEMENT PRIVATE LIMITED,,Forest clearance form,,,,"Taliha Graphite Deposit in Village Taliha, Upper Subansiri district, Arunachal Pradesh",ARUNACHAL PRADESH,Taliha ADC,Taliha H.Q.,,,,Hybrid,0.0,33.437,33.437,0.0,0.0,0.0,0.0,0.0,0,0,0,Not applicable as the project or activity is site specific,,NO,YES,NO,2025-02-11T12:08:04.927+00:00,,https://parivesh.nic.in/dms/okm/downloadDocument?docTypemappingId=59020&refId=119783037&refType=fc&uuid=6321bc80-9e36-4a0c-969e-2e3585cd7b5c&version=1.0,Degraded Forest Land,true,2019-08-21T00:00:00.000+00:00,50/00,50/00,2071-02-04T00:00:00.000+00:00,496.0,,"",Approved,Graphite,0.0001,2.9294,0.0001,8.2182,0.0001,2.9294,12/00,Indian Bureau of Mines (IBM),"The life of mine is calculated based on current G2 level exploration and mineral reserve, it would be modified with upliftment of resource after proposed G1 level exploration.",Opencast,Mechanized,"","","",No internal dumpling been proposed,"Topsoil dump area been proposed, generated topsoil will be utilised for plantation purpose immediate after excavation.",13.27,"",The excavated ore to be despatched directly from the pit head through covered trucks,"The excavated ore will be directly dispatched from the pit head to the nearest railway station using covered trucks. 
Subsequently, the material will be transported to the end consumer through a combination of rail and road transportation, as deemed suitable.","",44.33,16.0,36.456,399.214,"Ground Floor,347, Santosh Roy Road, Barisha, South 24 Paraganas, West Bengal, PIN-700008",Kolkata,19,Private Limited,Senior Manager,Kolkata,19,,Upper Subansiri,,https://parivesh.nic.in/dms/okm/downloadDocument?docTypemappingId=40829&refId=119756261&refType=caf&uuid=c28a6e44-1ad5-48c5-be86-83706066fcc4&version=1.0;https://parivesh.nic.in/dms/okm/downloadDocument?docTypemappingId=58989&refId=119756261&refType=FC&uuid=98b4e163-e846-414b-bdb2-3c04d88023ac&version=1.0,262984,https://parivesh.nic.in/newupgrade/#/report/ec?proposalId=119783038,7000.0,304800.0
120375362,"Proposal for diversion of 0.0945 ha of forest land for Establishment of Indian Oil Corporation (IOC) Filling Station at Lower Dodum, Karsingsa.",New,WL/AR/PetrolPump/524639/2025,2025-02-18T10:49:32.908+00:00,,,0.0945,40.0,Dominic tadar,,Wildlife clearance form,,,,"Proposal for diversion of 0.0945 ha of forest land for Establishment of Indian Oil Corporation (IOC) Filling Station at Lower Dodum, Karsingsa.",ARUNACHAL PRADESH,Naharlagun EAC,Lower Dobum,,,1,Non - Linear,0.0,0.0945,0.0945,0.0,0.0,0.0,0.0,0.0,0,0,0,Not applicable as the project or activity is site specific,,NO,NO,NO,2025-02-18T11:01:35.563+00:00,,,,,,,,,,,,,,,,,,,,,,,,,,,,,,,,,,,,,,,,,,,,,,,Papum Pare,1,https://parivesh.nic.in/dms/okm/downloadDocument?docTypemappingId=40829&refId=110349067&refType=caf&uuid=8d85a8d1-a643-4f68-8e19-d7f63f919c1a&version=1.0,262351,https://parivesh.nic.in/newupgrade/#/report/ec?proposalId=120375362,15540.0,15540.0
120427207,"Proposal for diversion of 0.0969 ha of forest land for Establishment of Bharat Petroleum Corporation (BPC) Filling Station at Lekhi Village, Nirjuli",New,WL/AR/PetrolPump/524723/2025,2025-02-19T06:30:05.815+00:00,,,0.0969,42.0,Dominic tadar,,Wildlife clearance form,,,,"Proposal for diversion of 0.0969 ha of forest land for Establishment of Bharat Petroleum Corporation (BPC) Filling Station at Lekhi Village, Nirjuli",ARUNACHAL PRADESH,Naharlagun EAC,Lekhi Village,,,0.0969,Non - Linear,0.0,0.0969,0.0969,0.0,0.0,0.0,0.0,0.0,0,0,0,Not applicable as the project or activity is site specific,,NO,NO,NO,2025-02-19T06:38:04.350+00:00,,,,,,,,,,,,,,,,,,,,,,,,,,,,,,,,,,,,,,,,,,,,,,,Papum Pare,0.0969,https://parivesh.nic.in/dms/okm/downloadDocument?docTypemappingId=40829&refId=110351454&refType=caf&uuid=bad99a43-f8e7-4b08-9b17-1518a0395ca6&version=1.0,262465,https://parivesh.nic.in/newupgrade/#/report/ec?proposalId=120427207,19240.0,15540.0
121043719,WILDLIFE CLEARANCE PROPOSAL FOR CONSTRUCTION OF MALINYE-BALUA-KAPUDA ROAD FROM KM 00+000 TO KM 56+000 WITH NET LENGTH 56.000 KM IN DIBANG VALLEY DISTRICT IN THE STATE OF ARUNACHAL PRADESH,New,WL/AR/DEF/525861/2025,2025-02-26T06:17:18.956+00:00,,,121.018,49160.0,Border Roads Organisation,,Wildlife clearance form,,,,WILDLIFE CLEARANCE PROPOSAL FOR CONSTRUCTION OF MALINYE-BALUA-KAPUDA ROAD FROM KM 00+000 TO KM 56+000 WITH NET LENGTH 56.000 KM IN DIBANG VALLEY DISTRICT IN THE STATE OF ARUNACHAL PRADESH,ARUNACHAL PRADESH,Etalin,Maliney,,,-,Linear,0.0,121.018,121.018,0.0,0.0,0.0,0.0,0.0,0,0,0,Not applicable as the project or activity is site specific,,NO,NO,NO,2025-02-26T06:38:57.574+00:00,,,,,,,,,,,,,,,,,,,,,,,,,,,,,,,,,,,,,,,,,,,,,,,Upper Dibang Valley,-,https://parivesh.nic.in/dms/okm/downloadDocument?docTypemappingId=40829&refId=121003299&refType=caf&uuid=58488c5f-be34-4985-bfae-e6cce26f79c1&version=1.0,265996,https://parivesh.nic.in/newupgrade/#/report/ec?proposalId=121043719,793388.0,437209.0
121111023,WILDLIFE CLEARANCE PROPOSAL FOR CONSTRUCTION OF MALINYE-BALUA-KAPUDA ROAD FROM KM 00+000 TO KM 56+000 WITH NET LENGTH 56.000 KM (TOTAL AREA 121.0180 HA INCLUDING 111.2860 HA WLS + 9.7320 HA ESZ) IN DIBANG VALLEY DISTRICT IN THE STATE OF ARUNACHAL PRADESH,New,WL/AR/DEF/526111/2025,2025-02-27T07:03:38.259+00:00,,,123.511,49160.0,Border Roads Organisation,,Wildlife clearance form,,,,WILDLIFE CLEARANCE PROPOSAL FOR CONSTRUCTION OF MALINYE-BALUA-KAPUDA ROAD FROM KM 00+000 TO KM 56+000 WITH NET LENGTH 56.000 KM (TOTAL AREA 121.0180 HA INCLUDING 111.2860 HA WLS + 9.7320 HA ESZ) IN DIBANG VALLEY DISTRICT IN THE STATE OF ARUNACHAL PRADESH,ARUNACHAL PRADESH,Etalin,Maliney,,,-,Linear,0.0,123.511,123.511,0.0,0.0,0.0,0.0,0.0,0,0,0,Not applicable as the project or activity is site specific,,NO,NO,NO,2025-02-27T09:10:09.298+00:00,,,,,,,,,,,,,,,,,,,,,,,,,,,,,,,,,,,,,,,,,,,,,,,Upper Dibang Valley,-,https://parivesh.nic.in/dms/okm/downloadDocument?docTypemappingId=40829&refId=121110071&refType=caf&uuid=4c60aa49-c1fe-4bef-9d28-2456aa5b1e15&version=1.0,265996,https://parivesh.nic.in/newupgrade/#/report/ec?proposalId=121111023,793388.0,437209.0
121848348,This project is related to exploratory drilling for establishing Hydrocarbons at the Location KHAS.,New,FP/AR/MINOIL/528152/2025,2025-03-07T04:58:52.435+00:00,,Pending at DFO For Compliance Review,3.94,1964.0,OIL INDIA LIMITED,,Forest clearance form,,,,Onshore Oil & Gas drilling at Loc. KHAS,ARUNACHAL PRADESH,Miao ADC,Old Plone,,,,Non - Linear,0.0,3.94,3.94,0.0,0.0,0.0,0.0,0.0,0,0,0,Not applicable as the project or activity is site specific,,NO,NO,NO,2025-03-11T09:21:50.594+00:00,,,Degraded Forest Land,true,,,,,,,,,,,,,,,,,,,,,,,,,,,,,,,,,,,"OIL INDIA LIMITED 
DULIAJAN
District  : Dibrugarh",Duliajan,18,"Central PSU (eg. NHAI, AAI, NTP, CIL, SAIL)",EXECUTIVE DIRECTOR (HSE),Duliajan,18,,Changlang,,https://parivesh.nic.in/dms/okm/downloadDocument?docTypemappingId=40829&refId=121844792&refType=caf&uuid=2672ceac-4946-4a71-a1d4-4635f3ecf550&version=1.0;https://parivesh.nic.in/dms/okm/downloadDocument?docTypemappingId=58989&refId=121844792&refType=FC&uuid=f45c1d96-1ef7-4e9e-8d06-cfdba1d09a63&version=1.0,264265,https://parivesh.nic.in/newupgrade/#/report/ec?proposalId=121848348,720.0,10080.0
122014816,Proposal for diversion of 0.0013 ha of forest land for establishment of Petrol Pump at Chimpu Weekly Market in Papum Pare District of Arunachal Pradesh.,New,FP/AR/PetrolPump/528440/2025,2025-03-09T10:22:26.094+00:00,,REMOVED,0.0013,78.0,Tadar Yaming,,Forest clearance form,,,,Proposal for diversion of 0.0013 ha of forest land for establishment of Petrol Pump at Chimpu Weekly Market in Papum Pare District of Arunachal Pradesh.,ARUNACHAL PRADESH,Itanagar EAC,Bedhi Bdhak,,,1,Non - Linear,0.0,0.0013,0.0013,0.0,0.0,0.0,0.0,0.0,0,0,0,Not applicable as the project or activity is site specific,,NO,NO,NO,2025-03-09T10:33:11.020+00:00,,,,false,,,,,,,,,,,,,,,,,,,,,,,,,,,,,,,,,,,"D/o Tadar Rade,  Near S.E (E), Office of Department of Power, A Sector, Naharlagun",Naharlagun,12,Individual,Proprietor,Naharlagun,12,,Papum Pare,1,https://parivesh.nic.in/dms/okm/downloadDocument?docTypemappingId=40829&refId=121942673&refType=caf&uuid=63c2013c-f281-49e5-8e24-ae1650f6abbb&version=1.0;https://parivesh.nic.in/dms/okm/downloadDocument?docTypemappingId=58989&refId=121942673&refType=FC&uuid=9816a30f-f00b-4c6f-99fa-501920cd5d02&version=1.0,262440,https://parivesh.nic.in/newupgrade/#/report/ec?proposalId=122014816,5400.0,5400.0
122622039,"Proposal for diverion of 21.4 ha of forest land for construction of Manchal PWD road (Nenuliang) to Zapaliang ( design length 25.00 km) for execution of EPC Mode in the state of Arunachal Pradesh by Rural Works Department (RWD), Arunachal Pradesh.",New,FP/AR/ROAD/529961/2025,2025-03-18T06:36:45.363+00:00,,REMOVED,21.4,4748.47,"Rural  Works Department, Hayuliang",,Forest clearance form,,,,Proposal for diverion of 21.4 ha of forest land for construction of Manchal PWD road (Nenuliang) to Zapaliang ( design length 25.00 km) for execution of EPC Mode in Anjaw District of Arunanchaal Pradesh by RWD.,ARUNACHAL PRADESH,Hayuliang ADC,Zapaliang,,,1,Linear,0.0,21.4,21.4,0.0,0.0,0.0,0.0,0.0,0,0,0,Not applicable as the project or activity is site specific,,NO,NO,NO,2025-03-19T14:43:03.154+00:00,,https://parivesh.nic.in/dms/okm/downloadDocument?docTypemappingId=59020&refId=122622037&refType=fc&uuid=c1cd92d0-83ab-415e-ada8-b7387efe926b&version=1.0,Degraded Forest Land,true,,,,,,,,,,,,,,,,,,,,,,,,,,,,,,,,,,,"DPIU-II, Rural Works Department, Hayuliang",Hayuliang,12,State Government (Department/Autonomous body),Executive Engineer,Hayuliang,12,,Anjaw,1,https://parivesh.nic.in/dms/okm/downloadDocument?docTypemappingId=40829&refId=122510444&refType=caf&uuid=b3a8a2d0-80d9-4d89-9238-016ec840ef2c&version=1.0;https://parivesh.nic.in/dms/okm/downloadDocument?docTypemappingId=58989&refId=122510444&refType=FC&uuid=680f0c7d-0403-4ba7-ad70-774146268219&version=1.0,266716,https://parivesh.nic.in/newupgrade/#/report/ec?proposalId=122622039,12045.0,12045.0
123963794,Proposal for diversion of 0.0916 ha of forest land for Establishment of IOCL Petrol Pump at Chimpu in Papum Pare District of Arunachal Pradesh,New,FP/AR/PetrolPump/532213/2025,2025-03-31T15:30:21.865+00:00,,Pending on UA for Compensatory Levies Payment,0.0916,78.0,Tadar Yaming,,Forest clearance form,,,,Proposal for diversion of 0.0916 ha of forest land for Establishment of IOCL Petrol Pump at Chimpu in Papum Pare District of Arunachal Pradesh,ARUNACHAL PRADESH,Itanagar EAC,Hollongi Karbi,,,,Non - Linear,0.0,0.0916,0.0916,0.0,0.0,0.0,0.0,0.0,0,0,0,Not applicable as the project or activity is site specific,,NO,NO,NO,2025-03-31T15:38:48.233+00:00,,,,false,,,,,,,,,,,,,,,,,,,,,,,,,,,,,,,,,,,"D/o Tadar Rade,  Near S.E (E), Office of Department of Power, A Sector, Naharlagun",Naharlagun,12,Individual,Proprietor,Naharlagun,12,,Papum Pare,,https://parivesh.nic.in/dms/okm/downloadDocument?docTypemappingId=40829&refId=123963636&refType=caf&uuid=93d867bf-17ed-466f-9f5e-c73ecf3a1cef&version=1.0;https://parivesh.nic.in/dms/okm/downloadDocument?docTypemappingId=58989&refId=123963636&refType=FC&uuid=40fd493a-2b33-4af9-bb5b-a44d64b6d21d&version=1.0,262294,https://parivesh.nic.in/newupgrade/#/report/ec?proposalId=123963794,6372.0,6372.0
124253312,"HQ 1441 BCC (GREF), C/o 99 APO  Tenga  Opposite side of Govt upper primary school Tenga, Dist- West Kameng Arunachal Pradesh Pin-790116",New,WL/AR/ROAD/532876/2025,2025-04-04T11:16:59.634+00:00,,,0.3792,194.29,Ministry of Defense,,Wildlife clearance form,,,,CONSTRUCTION OF 158 MTR LONG APPROACH ROAD TO UNDER CONSTRUCTION MAJOR PMT PINJOLI BRIDGE OVER PINJOLI NALLAH AT KM 49.750 ON ROAD BALIPARA - CHARDUAR - TAWANG UNDER PROJECT VARTAK IN ARUNACHAL PRADESH STATE,ARUNACHAL PRADESH,Bhalukpong EAC,Elephant Flat,,,,Linear,0.0,0.3792,0.3792,0.0,0.0,0.0,0.0,0.0,0,0,0,Not applicable as the project or activity is site specific,,NO,NO,NO,2025-04-08T06:15:51.616+00:00,,,,,,,,,,,,,,,,,,,,,,,,,,,,,,,,,,,,,,,,,,,,,,,West Kameng,,https://parivesh.nic.in/dms/okm/downloadDocument?docTypemappingId=40829&refId=124246603&refType=caf&uuid=c1e8b672-2657-460c-bbed-ad9a108bde25&version=1.0,261869,https://parivesh.nic.in/newupgrade/#/report/ec?proposalId=124253312,9380.0,8760.0
124310035,"The staging camp is to be established to guard Indo China Border, keeping the necessity and its importance for national security. No revenue will be generated from this project.",New,WL/AR/DEF/532990/2025,2025-04-05T10:38:15.414+00:00,,,0.6,50.0,COMMANDANT 9TH BN ITBP LOHITPUR,,Wildlife clearance form,,,,Proposal for Diversion of 0.6 Hac. of Forest land for establishment of New Staging camp at Makri of 9th Bn ITBP,ARUNACHAL PRADESH,Etalin,NA,,,,Non - Linear,0.0,0.6,0.6,0.0,0.0,0.0,0.0,0.0,0,0,0,Not applicable as the project or activity is site specific,,NO,NO,NO,2025-04-10T06:58:04.515+00:00,,,,,,,,,,,,,,,,,,,,,,,,,,,,,,,,,,,,,,,,,,,,,,,Upper Dibang Valley,,https://parivesh.nic.in/dms/okm/downloadDocument?docTypemappingId=40829&refId=124308802&refType=caf&uuid=443cd1f9-32cf-4c64-80cd-b7b9ed9c9fde&version=1.0,"",https://parivesh.nic.in/newupgrade/#/report/ec?proposalId=124310035,15330.0,15330.0
124316001,"The staging camp is established to guard Indo China Border, keeping the necessity and its importance for national security. No revenue will be generated from this project.",New,WL/AR/DEF/533016/2025,2025-04-05T11:45:27.143+00:00,,,0.6,50.0,COMMANDANT 9TH BN ITBP LOHITPUR,,Wildlife clearance form,,,,Proposal for Diversion of 0.6 Hac. of Forest land for establishment of New Staging camp at Pasopani of 9th Bn ITBP,ARUNACHAL PRADESH,Mipi,NA,,,,Non - Linear,0.0,0.6,0.6,0.0,0.0,0.0,0.0,0.0,0,0,0,Not applicable as the project or activity is site specific,,NO,NO,NO,2025-04-10T06:55:58.231+00:00,,,,,,,,,,,,,,,,,,,,,,,,,,,,,,,,,,,,,,,,,,,,,,,Upper Dibang Valley,,https://parivesh.nic.in/dms/okm/downloadDocument?docTypemappingId=40829&refId=124315582&refType=caf&uuid=a4637011-a437-454a-ada8-1b21074c6259&version=1.0,"",https://parivesh.nic.in/newupgrade/#/report/ec?proposalId=124316001,15330.0,15330.0
124660429,"The Staging camp is established to guard Indo China Border , Keeping the necessity and its importance for national security. No revenue will be generated from this project.",New,WL/AR/DEF/533646/2025,2025-04-11T04:28:13.747+00:00,,,0.6,50.0,COMMANDANT 9TH BN ITBP LOHITPUR,,Wildlife clearance form,,,,"Proposal for Diversion of 0.6 Hact. of forest land for construction of new staging camp Awalin (Area Emopani), 9th Bn ITB Police",ARUNACHAL PRADESH,Etalin,NA,,,,Non - Linear,0.0,0.6,0.6,0.0,0.0,0.0,0.0,0.0,0,0,0,Not applicable as the project or activity is site specific,,NO,NO,NO,2025-04-11T11:05:47.739+00:00,,,,,,,,,,,,,,,,,,,,,,,,,,,,,,,,,,,,,,,,,,,,,,,Upper Dibang Valley,,https://parivesh.nic.in/dms/okm/downloadDocument?docTypemappingId=40829&refId=124660164&refType=caf&uuid=52755458-bea7-44dd-9dcf-83fd61fcf5fb&version=1.0,"",https://parivesh.nic.in/newupgrade/#/report/ec?proposalId=124660429,15330.0,15330.0
125511930,"Proposal for survey & Regional coal Exploration in Khamdu block, Jairampur sub-division, Changlang over an area of 500.(Hac) land falls under Jairampur-Nampong reserve forest (RF) /Nampong range /Changlang. Details of activities proposed to be undertaken-Survey, exploration Drilling & sampling. Drilling of Boreholes-12 (twelve) nos boreholes core drilling (96mm hole Diameter or 3.70 inch)",New,FP/AR/SRY/535142/2025,2025-04-24T07:25:15.524+00:00,,DELISTED_BY_SYSTEM,500.0,574.8589,Geology & Mining,,FormC_Exempted_Category_Part_I,,,,"Proposal for survey of Regional Coal Exploration in Khamdu block, Jairampur Sub-division, District- Changlang over an area of 500 Ha.",ARUNACHAL PRADESH,Lyngok Longtoi Circle,Chumpon,,,,Non - Linear,0.0,500.0,500.0,0.0,0.0,0.0,0.0,0.0,0,0,0,Not applicable as the project or activity is site specific,,NO,NO,NO,2025-04-24T08:23:28.125+00:00,,,,,,,,,,,,,,,,,,,,,,,,,,,,,,,,,,,,,,,"O/o Director, Geology & Mining, Govt. of Arunachal Pradesh, Chandranagar, Near DC Office Capital Complex",Chandranagar,12,State Government (Department/Autonomous body),Director,Chandranagar,12,,Changlang,,https://parivesh.nic.in/dms/okm/downloadDocument?docTypemappingId=40829&refId=125510886&refType=caf&uuid=e749042e-f5a3-44c6-a979-57ddfe9be38c&version=1.0,264161,https://parivesh.nic.in/newupgrade/#/report/ec?proposalId=125511930,0.0,2760.0
125527402,"Proposal for survey & Regional coal Exploration in Panchun block, Kharsang sub-division, Changlang over an area of 504.(Hac) land falls under Namchik reserve forest (RF) /Namchik range /Changlang. Details of activities proposed to be undertaken-Survey, exploration Drilling & sampling. Drilling of Boreholes-12 (twelve) nos boreholes core drilling (96mm hole Diameter or 3.70 inch)",New,FP/AR/SRY/535174/2025,2025-04-24T09:32:11.678+00:00,,Approval Granted,504.0,391.5847,Geology & Mining,,FormC_Exempted_Category_Part_I,,,,"Proposal for survey & Regional coal Exploration in Panchun Block, Kharsang Sub-division,  District Changlang  over an area of  504 Ha.",ARUNACHAL PRADESH,Kharsang Circle,Longtom - II,,,,Non - Linear,0.0,504.0,504.0,0.0,0.0,0.0,0.0,0.0,0,0,0,Not applicable as the project or activity is site specific,,NO,NO,NO,2025-05-28T18:30:00.000+00:00,,,,,,,,,,,,,,,,,,,,,,,,,,,,,,,,,,,,,,,"O/o Director, Geology & Mining, Govt. of Arunachal Pradesh, Chandranagar, Near DC Office Capital Complex",Chandranagar,12,State Government (Department/Autonomous body),Director,Chandranagar,12,,Changlang,,https://parivesh.nic.in/dms/okm/downloadDocument?docTypemappingId=40829&refId=125526588&refType=caf&uuid=d8bf5497-ab5a-4711-8c9d-e00cc08f5e66&version=1.0,264327,https://parivesh.nic.in/newupgrade/#/report/ec?proposalId=125527402,0.0,2760.0
125975410,"Proposal for diversion of 0.1441 ha of forest land for Etablishment of Petrol Pump at Dobum, Banderdewa in Papum Pare District of Arunachal Pradesh.",New,FP/AR/PetrolPump/536015/2025,2025-05-01T05:37:06.299+00:00,2026-05-12T11:39:49.534+00:00,Final Diversion Order Issued,0.1441,70.0,Gunia Nabam,,Forest clearance form,,,,"Proposal for diversion of 0.0041 ha of forest land for Etablishment of Petrol Pump at Dobum, Banderdewa in Papum Pare District of Arunachal Pradesh.",ARUNACHAL PRADESH,Naharlagun EAC,Upper Dobum,,,1,Non - Linear,0.0,0.1441,0.1441,0.0,0.0,0.0,0.0,0.0,0,0,0,Not applicable as the project or activity is site specific,,NO,NO,NO,2025-05-02T08:27:50.547+00:00,,,,false,,,,,,,,,,,,,,,,,,,,,,,,,,,,,,,,,,,"Sagalee, Upper Gai","",12,Individual,Proprietor,Nirjuli,12,,Papum Pare,1,https://parivesh.nic.in/dms/okm/downloadDocument?docTypemappingId=40829&refId=125890748&refType=caf&uuid=71872c4d-1b38-4a96-b1d6-7cada28bd432&version=1.0;https://parivesh.nic.in/dms/okm/downloadDocument?docTypemappingId=58989&refId=125890748&refType=FC&uuid=83959a87-b5a3-413b-a583-a59af06447b5&version=1.0,262352,https://parivesh.nic.in/newupgrade/#/report/ec?proposalId=125975410,12045.0,35040.0
126584727,Tato-II HEP (700 MW) is proposed on the Siyom River in Shi Yomi District of Arunachal Pradesh. The project envisages construction of a 123 m high concrete Dam from the river bed level across river Siyom to generate 700 MW of hydropower. The catchment area of the project is 2560 Sq.km. Total land required for the project is 313.88 Ha consisting of Unclassed State Forest and the project does not involve any non-forest land. An underground powerhouse is proposed on the left bank of the river near Siyom village with 4 units of 175 MW capacity each. A total 376 families will be affected due to this project out of which 51 families will be displaced. No National Park/Sanctuary/Biosphere Reserve/Historical monument exists in the vicinity of the project area. International boundary is 42 Km (aerial dist.) away from project site. The total estimated present-day cost of the project is about Rs. 7120.51 Crores and likely to be completed in 84 months (including pre-investment period of 12 months).,New,IA/AR/RIV/537011/2025,2025-05-09T08:31:43.885+00:00,,Proposal returned in present form,313.88,7.12051,NORTH EASTERN ELECTRIC POWER CORPORATION LTD,,Application for Validity Extension of EC- Form-6,OTHER,,,Tato-II Hydro Electric Project (700 MW),ARUNACHAL PRADESH,Tato,Tato Village,J-12011/55/2006-IA-I,,,Non - Linear,0.0,313.88,313.88,0.0,0.0,0.0,0.0,0.0,9,51,376,Not applicable as the project or activity is site specific,,NO,NO,NO,2025-05-13T12:54:31.447+00:00,,,,,,,,,,,,,,,,,,,,,,,,,,,,,,,,,,,,,,,,,,,,,,,Shi Yomi,,https://parivesh.nic.in/dms/okm/downloadDocument?docTypemappingId=40829&refId=17383794&refType=caf&uuid=5ad4952f-ece2-4274-9a21-7a965e3a7160&version=1.2,0,https://parivesh.nic.in/newupgrade/#/report/ec?proposalId=126584727,1825050.0,3650000.0
127215649,Proposal for diversion of 14.87 ha of forest land for Establishment of Multi-purpose Sport Facility at Itanagar (Muda Hapa) in Papum Pare District of Arunachal Pradesh.,New,FP/AR/OTHERS/538141/2025,2025-05-18T15:18:09.842+00:00,,DELISTED_BY_SYSTEM,14.87,90.0,Baby Diri,,Forest clearance form,,,,Proposal for diversion of 14.87 ha of forest land for Establishment of Multi-purpose Sport Facility at Itanagar (Muda Hapa) in Papum Pare District of Arunachal Pradesh.,ARUNACHAL PRADESH,Balijan ADC,Chakma - II,,,1,Non - Linear,0.0,14.87,14.87,0.0,0.0,0.0,0.0,0.0,0,0,0,Not applicable as the project or activity is site specific,,NO,NO,NO,2025-05-21T06:13:55.201+00:00,,,Degraded Forest Land,true,,,,,,,,,,,,,,,,,,,,,,,,,,,,,,,,,,,"Ania village, Near Primary School, Nirjuli",Nirjuli,12,Individual,Proprietor,,12,,Papum Pare,1,https://parivesh.nic.in/dms/okm/downloadDocument?docTypemappingId=40829&refId=127215570&refType=caf&uuid=576e0ef2-ca28-4c4f-9778-88000ce445e6&version=1.0;https://parivesh.nic.in/dms/okm/downloadDocument?docTypemappingId=58989&refId=127215570&refType=FC&uuid=68adf078-6f0c-43d9-91c5-f67bb255ad7f&version=1.0,262290,https://parivesh.nic.in/newupgrade/#/report/ec?proposalId=127215649,6570.0,6570.0
127691648,"The proposed project is as Greenfield road Connecting Old Mirba to Fongda village in Tawang. The project is sanctioned under RIDF-XXX, funded by NABARD. This road once completed shall shorten the distance from Old Mirba and its neighbouring villages to Tawang District HQ to a great extent, thereby boosting the agro-economy and socio-development of the nearby areas. The road  length is 7.00 km and would be of ODR specification with a formation width of 6.00 m and carriage way of 3.75 m. All efforts were made to locate and alternate alignment for the project, however, the proposed alignment serves the project best in terms of costing and time. The areas falls under the jurisdiction of DFO, Tawang.",New,FP/AR/ROAD/538695/2025,2025-05-22T17:55:27.752+00:00,,Pending on UA for Compensatory Levies Payment,4.81,2300.0,Public Works Department,,Forest clearance form,,,,C/o Road from Old Mirba to Fongda village in Tawang District,ARUNACHAL PRADESH,Lhou Circle,Sarong,,,,Linear,0.0,4.81,4.81,0.0,0.0,0.0,0.0,0.0,0,0,0,YES,,NO,NO,NO,2025-05-22T18:30:00.000+00:00,,,Degraded Forest Land,true,,,,,,,,,,,,,,,,,,,,,,,,,,,,,,,,,,,"O/o The Executive Engineer, Jang Division, PWD, Jang",,12,State Government (Department/Autonomous body),Assistant Engineer,,12,,Tawang,,https://parivesh.nic.in/dms/okm/downloadDocument?docTypemappingId=40829&refId=127068284&refType=caf&uuid=3f21d435-725a-4bcf-b35e-67d75d7bb65c&version=1.0;https://parivesh.nic.in/dms/okm/downloadDocument?docTypemappingId=40828&refId=127068284&refType=caf&uuid=1b4b51b3-8d6b-4bba-a2fa-9e654614991e&version=1.1;https://parivesh.nic.in/dms/okm/downloadDocument?docTypemappingId=40828&refId=127068284&refType=caf&uuid=1b4b51b3-8d6b-4bba-a2fa-9e654614991e&version=1.2;https://parivesh.nic.in/dms/okm/downloadDocument?docTypemappingId=58989&refId=127068284&refType=FC&uuid=ab3c12b6-e72b-4670-beba-97e32e152a71&version=1.0,261606,https://parivesh.nic.in/newupgrade/#/report/ec?proposalId=127691648,29750.0,16610.0
129034547,Prooposal for diversion of 7.30 ha of forest land for establishment of JNV school at Chessa village under Balijan Circle in Papum Pare District of Arunachal Pradesh.,New,FP/AR/SCH/540148/2025,2025-06-03T05:50:26.999+00:00,,DELISTED_BY_SYSTEM,7.3,7700.0,Ruhi Tagung Rughu,,Forest clearance form,,,,Prooposal for diversion of 7.30 ha of forest land for establishment of JNV school at Chessa village under Balijan Circle in Papum Pare District of Arunachal Pradesh.,ARUNACHAL PRADESH,Banderdawa,Chessa,,,1,Non - Linear,0.0,7.3,7.3,0.0,0.0,0.0,0.0,0.0,0,0,0,Not applicable as the project or activity is site specific,,NO,NO,NO,2025-06-03T06:21:42.739+00:00,,,Degraded Forest Land,true,,,,,,,,,,,,,,,,,,,,,,,,,,,,,,,,,,,"Near Divine Church, Lobi Colony, Itanagar",Lobi,12,Individual,Corporator,Lobi,12,,Papum Pare,1,https://parivesh.nic.in/dms/okm/downloadDocument?docTypemappingId=40829&refId=129031055&refType=caf&uuid=8245a13c-e049-4785-8bda-a2c11b86042b&version=1.0;https://parivesh.nic.in/dms/okm/downloadDocument?docTypemappingId=58989&refId=129031055&refType=FC&uuid=82c2b884-e9c0-48c5-8be1-d471e004de54&version=1.0,262308,https://parivesh.nic.in/newupgrade/#/report/ec?proposalId=129034547,22995.0,22995.0
129192888,Proposal for diversion of 0.15 ha of forest land for establishment of Alphabet Hospital at Banderdewa in Papum Pare District of Arunachal Pradesh.,New,FP/AR/OTHERS/540251/2025,2025-06-04T10:32:20.564+00:00,,DELISTED_BY_SYSTEM,0.15,89.0,ARUN LORAM,,Forest clearance form,,,,Proposal for diversion of 0.15 ha of forest land for establishment of Alphabet Hospital at Banderdewa in Papum Pare District of Arunachal Pradesh.,ARUNACHAL PRADESH,Banderdawa,Banderdewa,,,1,Non - Linear,0.0,0.15,0.15,0.0,0.0,0.0,0.0,0.0,0,0,0,Not applicable as the project or activity is site specific,,NO,NO,NO,2025-07-28T18:30:00.000+00:00,,,,false,,,,,,,,,,,,,,,,,,,,,,,,,,,,,,,,,,,"Village Karsingsa, PO/PS Banderdewa, District Papum Pare, Arunachal Pradesh",,12,Individual,Proprietor,,12,,Papum Pare,1,https://parivesh.nic.in/dms/okm/downloadDocument?docTypemappingId=40829&refId=129043292&refType=caf&uuid=a67564e3-1f29-416d-a72b-425c7487605d&version=1.0;https://parivesh.nic.in/dms/okm/downloadDocument?docTypemappingId=58989&refId=129043292&refType=FC&uuid=6ea3c583-fd56-4ea3-8938-f3ca62dc809b&version=1.0,262335,https://parivesh.nic.in/newupgrade/#/report/ec?proposalId=129192888,22995.0,22995.0
130781114,Etalin H.E. Project is located in Dibang Valley District of Arunachal Pradesh and is proposed to be developed as a run-of river. The project involves constructing concrete gravity dams of 101.5m on Dri river and 80m high on Talo (Tangon) river and diverting the water through two (2) separate waterway systems to utilize the available head in a common underground powerhouse located just upstream of the confluence of Dri and Talo (Tangon) rivers. Project will generate 3097 MW of power or 12260.43 MU of design Energy (90% dependable year with 95% machine availability) through 10no. francis turbines of 307MW each along-with Dam- toe e-flow units of 19.6 MW and 7.4 MW at Dri and Tangon Dams respectively.,New,IA/AR/RIV/542725/2025,2025-06-25T09:38:11.740+00:00,2025-07-07T04:28:25.228+00:00,Granted,1175.03,30.03736,SJVN LIMITED,,Application for Transfer of ToR - Form-8,OTHER,A,,Environment Clearance of Etalin HEP 3097 MW,ARUNACHAL PRADESH,Etalin,Adapowa,J-12011/60/2006-IA-I,,,Hybrid,0.0,1175.03,1175.03,0.0,0.0,0.0,0.0,0.0,21,176,284,NO,Not applicable as the project or activity is site specific,NO,NO,NO,2025-06-25T09:56:39.537+00:00,,,,,,,,,,,,,,,,,,,,,,,,,,,,,,,,,,,,,,,,,,,,,,,Upper Dibang Valley,,https://parivesh.nic.in/dms/okm/downloadDocument?docTypemappingId=40829&refId=130778750&refType=caf&uuid=e9ce1265-bf82-4e85-9248-051960962ccb&version=1.0,266061,https://parivesh.nic.in/newupgrade/#/report/ec?proposalId=130781114,10959890.0,18980000.0
130813915,"Establishment of Field Ammunition Dept of Indian Army in 1200 acres of land at General area of Rakap, Sangdupota Circle, Banderdewa Forest Division, Papum Pare District, Arunachal Pradesh is required for construction of Ammunition Storage Infrastructure to store Ammunition of Indian Army. Government of India sanction for acquisition of 1200 acres of land at the same location has already been accorded vide Government of India,Ministry of Defence, Department of Defence Letter no 652/US(L)/D(L)/2021 Dt 14 Aug 2023. The case is now being processed for Diversion of 1200 acres of Reserve Forest Land at the same location for establishment of Field Ammunition Depot.",New,FP/AR/OTHERS/542783/2025,2025-06-25T14:03:55.790+00:00,,DELISTED_BY_SYSTEM,485.6228,1.21235,Ministry of Defense,,Forest clearance form,,,,"Establishment of Field Ammunition Depot of Indian Army at General area of Rakap village, Under Sangdupota Circle, Banderdewa Forest Division, Papum Pare District, Arunachal Pradesh",ARUNACHAL PRADESH,Sangdupota Basar Nello Circle,Rakap,,,0,Hybrid,0.0,485.6228,485.6228,0.0,0.0,0.0,0.0,0.0,0,0,0,Not applicable as the project or activity is site specific,,NO,NO,NO,2025-07-04T16:56:25.534+00:00,,,,false,,,,,,,,,,,,,,,,,,,,,,,,,,,,,,,,,,,"40 FIELD AMMUNITION DEPOT, PIN 909740, C/O 99 APO",Rakap,12,Central Government (Department/Autonomous body),Works Section Incharge,Dinjan,18,,Papum Pare,0,https://parivesh.nic.in/dms/okm/downloadDocument?docTypemappingId=40829&refId=128696645&refType=caf&uuid=f1d19520-1d45-4ca8-8138-cf01e114010c&version=1.7;https://parivesh.nic.in/dms/okm/downloadDocument?docTypemappingId=58989&refId=128696645&refType=FC&uuid=bfdb386d-104a-4130-9050-cf170d01678c&version=1.0,262363,https://parivesh.nic.in/newupgrade/#/report/ec?proposalId=130813915,1606000.0,48782250.0
131020948,"The Kalai H.E. Project Stage- II is located in the Anjaw District of Arunachal Pradesh. The project envisages utilization of the discharge of the Lohit River, a tributary of the Brahmaputra River to generate about 1200 MW of power or 4852.95 GWh of design Energy (90% dependable year with 95% machine availability). The project is proposed to be developed as a run-of-the-river with a pondage scheme by constructing a 198.00 m high concrete gravity dam (from the deepest foundation level) and an underground powerhouse.",Amendment,FP/AR/SRY/543069/2025,2025-06-28T10:42:12.415+00:00,,DELISTED_BY_SYSTEM,869.3503,14.17626,THDC INDIA LIMITED,,Form-C: For seeking prior approval for Exploration & Survey,,,,Kalai II Hydro Electric Project,ARUNACHAL PRADESH,Hawai HQ,Chendun,,,,Hybrid,0.0,869.3503,869.3503,0.0,0.0,0.0,0.0,0.0,33,376,1521,YES,,NO,NO,NO,2025-07-01T12:10:37.582+00:00,,,,,,,,,,,,,,,,,,,,,,,,,,,,,,,,,,,,,,,"Gangotri Bhawan, Pragatipuram",,5,"Central PSU (eg. NHAI, AAI, NTP, CIL, SAIL)",General Manager,,5,,Anjaw,,https://parivesh.nic.in/dms/okm/downloadDocument?docTypemappingId=40828&refId=40774729&refType=caf&uuid=79a27101-5646-4b4d-b4b6-df5e2f85769a&version=1.0;https://parivesh.nic.in/dms/okm/downloadDocument?docTypemappingId=40828&refId=40774729&refType=caf&uuid=26d2b628-6991-46cb-a8d5-3425f15c8909&version=1.0;https://parivesh.nic.in/dms/okm/downloadDocument?docTypemappingId=40829&refId=128317503&refType=caf&uuid=296ae938-b9d0-4117-b24b-9a5d8ea9f860&version=1.0;https://parivesh.nic.in/dms/okm/downloadDocument?docTypemappingId=40828&refId=40774729&refType=caf&uuid=46c52817-f071-481d-91e4-4813f0736ff5&version=1.0;https://parivesh.nic.in/dms/okm/downloadDocument?docTypemappingId=40828&refId=40774729&refType=caf&uuid=73b49eac-0cf8-4ece-aa6d-8e1ccbfffb7f&version=1.0;https://parivesh.nic.in/dms/okm/downloadDocument?docTypemappingId=40828&refId=40774729&refType=caf&uuid=64d76435-9e86-4241-a4fc-53025f73da81&version=1.0;https://parivesh.nic.in/dms/okm/downloadDocument?docTypemappingId=40828&refId=40774729&refType=caf&uuid=2835caf8-21f3-49cd-b2ab-3960f634bfdd&version=1.0;https://parivesh.nic.in/dms/okm/downloadDocument?docTypemappingId=40829&refId=40774729&refType=caf&uuid=569e056e-7486-4fc2-aa0c-dafb2a182f5f&version=1.0,,https://parivesh.nic.in/newupgrade/#/report/ec?proposalId=131020948,4015000.0,3285000.0
131231742,"Detailed mapping of 50 Sq.km on a scale of 1:12,500 will be carried out along with trenching and sampling. The co-ordinates under which the team will execute the geological work is as follow:
Sl.no	Longitude	Latitude
A	E92°15′43.1ʺ	N27°22′00ʺ
B	E92°21′56.9ʺ	N27°22′00ʺ
C	E92°21′56.9ʺ	N27°19′18ʺ
D	E92°15′43.1ʺ	N27°19′18ʺ",New,FP/AR/SRY/543346/2025,2025-07-01T12:08:44.393+00:00,,Rejected in PSC-I,5000.0,4.5,"Geological Survey of INDIA, Ministry of Mines",,Form-C: For seeking prior approval for Exploration & Survey,,,,"Reconnaissance survey for Tungsten, tin & associated mineralisation in Dirang area, West Kameng District, Arunachal Pradesh code: M2ASMIF-MEP/NC/NER/SU-ARA/2025/54149",ARUNACHAL PRADESH,Dirang ADC,5 Mile Village,,,,Non - Linear,372.0,4628.0,5000.0,0.0,0.0,0.0,0.0,0.0,0,0,0,Not applicable as the project or activity is site specific,,NO,NO,NO,2025-07-01T12:58:34.670+00:00,,,,,,,,,,,,,,,,,,,,,,,,,,,,,,,,,,,,,,,"Geological Survey of India, Sate Unit Arunachal Pradesh, Itanagar",,12,Central Government (Department/Autonomous body),Senior Geologist,,12,,West Kameng,,https://parivesh.nic.in/dms/okm/downloadDocument?docTypemappingId=40829&refId=131218941&refType=caf&uuid=fc37dafd-8394-4210-b656-857eb041af42&version=1.0,261688,https://parivesh.nic.in/newupgrade/#/report/ec?proposalId=131231742,41.0,121.0
131259591,To find the potential for Nickel and platinum group of elements.,New,FP/AR/SRY/543386/2025,2025-07-02T04:27:06.073+00:00,,Rejected in PSC-I,61.0,4.0,"Geological Survey of INDIA, Ministry of Mines",,Form-C: For seeking prior approval for Exploration & Survey,,,,"Reconnaissance survey for Ni- PGE and associated mineralization in and around Mayudia area, Lower Dibang valley District, Arunachal Pradesh.",ARUNACHAL PRADESH,Hunli SDO,Atingo,,,,Linear,61.0,0.0,61.0,0.0,0.0,0.0,0.0,0.0,0,0,0,Not applicable as the project or activity is site specific,,NO,NO,NO,2025-07-25T08:55:49.433+00:00,,,,,,,,,,,,,,,,,,,,,,,,,,,,,,,,,,,,,,,"GSI Complex, Ganga Village, Itanagar",,12,Central Government (Department/Autonomous body),Geologist,,12,,Lower Dibang Valley,,https://parivesh.nic.in/dms/okm/downloadDocument?docTypemappingId=40829&refId=127096279&refType=caf&uuid=2b1d434c-026a-48eb-8bdd-e1b7d148a395&version=1.0,266053,https://parivesh.nic.in/newupgrade/#/report/ec?proposalId=131259591,280.0,162.0
131271002,"To search for W, Sn & associated mineralisation in Saleri area.",New,FP/AR/SRY/543409/2025,2025-07-02T06:16:22.755+00:00,,Rejected in PSC-I,5000.0,5.0,"Geological Survey of INDIA, Ministry of Mines",,Form-C: For seeking prior approval for Exploration & Survey,,,,"Reconnaissance survey for Tungsten, tin &associated mineralisation in Saleri area, West Kameng District, Arunachal Pradesh.",ARUNACHAL PRADESH,Thembang Circle,Chandar,,,2,Linear,1000.0,4000.0,5000.0,0.0,0.0,0.0,0.0,0.0,0,0,0,Not applicable as the project or activity is site specific,,NO,NO,NO,2025-07-02T06:33:09.581+00:00,,,,,,,,,,,,,,,,,,,,,,,,,,,,,,,,,,,,,,,"GSI COMPLEX, GANGA BASTI ROAD, NEAR PHQ",itanagr,12,Central Government (Department/Autonomous body),Geologist,,12,,West Kameng,2,https://parivesh.nic.in/dms/okm/downloadDocument?docTypemappingId=40829&refId=131267702&refType=caf&uuid=7d347905-0773-447e-975c-614c1784387b&version=1.0,261710,https://parivesh.nic.in/newupgrade/#/report/ec?proposalId=131271002,181.0,181.0
131311353,"To assess the resource of Vanadium, graphite and associated minerals",New,FP/AR/SRY/543490/2025,2025-07-02T11:02:30.082+00:00,,Rejected in PSC-I,150.0,10.0,"Geological Survey of INDIA, Ministry of Mines",,Form-C: For seeking prior approval for Exploration & Survey,,,,"Preliminary exploration for Vanadium, Graphite and associated minerals in Khyunglo block, Lower Subansiri District, Arunachal Pradesh",ARUNACHAL PRADESH,Toru Circle,Khyunglo,,,83E/11,Non - Linear,10.0,140.0,150.0,0.0,0.0,0.0,0.0,0.0,0,0,0,NO,There is no alternate site under consideration,NO,NO,NO,2025-07-02T11:27:54.451+00:00,,,,,,,,,,,,,,,,,,,,,,,,,,,,,,,,,,,,,,,"Geological Survey of India, State Unit Arunachal Pradesh, Itanagar",Itanagar,12,Central Government (Department/Autonomous body),Geologist,Itanagar,12,,Papum Pare,83E/11,https://parivesh.nic.in/dms/okm/downloadDocument?docTypemappingId=40829&refId=127424570&refType=caf&uuid=ead9fd42-772c-480a-8e9b-dcc28d564d4b&version=1.0;https://parivesh.nic.in/dms/okm/downloadDocument?docTypemappingId=40829&refId=127400839&refType=caf&uuid=d8b41ae5-dfa2-4d95-8b99-75edba38d9e5&version=1.0,262535,https://parivesh.nic.in/newupgrade/#/report/ec?proposalId=131311353,860.0,860.0
131479088,"Oil India Limited (OIL) has been awarded the PEL Block Jairampur Ext. for oil and gas exploration. Jairampur Extn PEL area falling in the Changlang District, Arunachal Pradesh and covering an area of 185 sq. Km was initially granted to Oil India Ltd (OIL) w.e.f. 01.05.1990. Out of the above 185 sq. km of the original PEL area, 154 sq. km was relinquished to facilitate demarcation of block ARP-ONN-97/1 under NELP with effect from July, 1999 and after further relinquishing the area (reduction of 25% of 31 sq.km), the balance 24.61 Sq. Km remained with OIL. OIL has identified Loc. JRBA & Loc. JRBB with provision for additional 5 (five) nos. of cluster wells to be drilled from the same plinth The target depths of the aforesaid two locations are 2300 mts & 4000 mts respectively. Consequently, Forest Clearance is required under Section 2 (ii) of the Forest Conservation Act, 1980.",New,FP/AR/MINOIL/543746/2025,2025-07-04T10:42:54.269+00:00,,"Pending at Technical Officer - MoEFCC, HQ",21.97,4000.0,OIL INDIA LIMITED,,Forest clearance form,,,,"Forest Clearance for Diversion of 21.97 Ha of Forest land for drilling of 2 (two) nos exploratory wells at JRBA & JRBB along with construction of plinth & approach road with provision for inclusion of additional 5 (five) nos. of cluster wells within the same diverted area of 21.97 Ha in Jairampur Extn PEL Block of Oil India Limited which falls in Honkap Reserve Forest under Nampong Forest Division, Jairampur, Changlang District, Arunachal Pradesh.",ARUNACHAL PRADESH,Miao ADC,Nayang,,,,Non - Linear,0.0,21.97,21.97,0.0,0.0,0.0,0.0,0.0,0,0,0,Not applicable as the project or activity is site specific,,NO,NO,NO,2025-07-14T13:21:00.513+00:00,,https://parivesh.nic.in/dms/okm/downloadDocument?docTypemappingId=59020&refId=131479087&refType=fc&uuid=21df11df-cd69-4e68-9046-e5ec7472b8ac&version=1.0,Degraded Forest Land,true,,,,,,,,,,,,,,,,,,,,,,,,,,,,,,,,,,,"OIL INDIA LIMITED 
DULIAJAN
District  : Dibrugarh",Duliajan,18,"Central PSU (eg. NHAI, AAI, NTP, CIL, SAIL)",EXECUTIVE DIRECTOR (HSE),Duliajan,18,,Changlang,,https://parivesh.nic.in/dms/okm/downloadDocument?docTypemappingId=40829&refId=131478223&refType=caf&uuid=a5a4bea6-1c36-40bc-ba7e-a7916a796c4b&version=1.0;https://parivesh.nic.in/dms/okm/downloadDocument?docTypemappingId=58989&refId=131478223&refType=FC&uuid=f8b0668f-cc9c-4367-8b34-c1c05e6cd334&version=1.0,264280,https://parivesh.nic.in/newupgrade/#/report/ec?proposalId=131479088,9180.0,9540.0
131706186,"Drilling of 2 (two) nos. exploratory wells at JRBA & JRBB along with provision for drilling additional 5 (five) nos. of cluster exploratory wells using the same plinth of JRBA & JRBB in Jairampur Extn PEL Block within the 24.61 Sq.km PEL Block of Oil India Limited falling in Honkap Reserve Forest under Nampong Forest Division, Jairampur, Changlang District, Arunachal Pradesh",New,SIA/AR/IND2/544119/2025,2025-07-08T07:48:24.123+00:00,2025-12-18T06:39:28.458+00:00,EC Granted,21.97,4000.0,OIL INDIA LIMITED,ABC Techno Labs India Private Limited (formerly known as ABC Environ Solutions Pvt. Ltd.),Environment clearance form,TOR,B2,"Off-shore and onshore oil and gas exploration,  development and production","Prior Environment Clearance under provision of Schedule 1(b) of EIA notification, 2006 for drilling of 2 (two) nos exploratory wells at JRBA & JRBB along with provision for drilling additional 5 (five) nos. of cluster exploratory wells using the same plinth of JRBA & JRBB in Jairampur Extn PEL Block within the 24.61 Sq.km PEL Block of Oil India Limited falling in Honkap Reserve Forest under Nampong Forest Division, Jairampur, Changlang District, Arunachal Pradesh",ARUNACHAL PRADESH,Miao ADC,New Khamlang,,SIA/AR/IND2/544119/2025,,Non - Linear,0.0,21.97,21.97,0.0,0.0,0.0,0.0,0.0,0,0,0,Not applicable as the project or activity is site specific,,NO,NO,NO,2025-08-14T13:08:15.518+00:00,,,,,,,,,,,,,,,,,,,,,,,,,,,,,,,,,,,,,,,,,,,,,,,Changlang,,https://parivesh.nic.in/dms/okm/downloadDocument?docTypemappingId=40829&refId=131702070&refType=caf&uuid=8a3d7f1a-de45-4386-8e8d-a93d572bca64&version=1.0,264282,https://parivesh.nic.in/newupgrade/#/report/ec?proposalId=131706186,18000.0,19800.0
131819292,To obtain  NOC for Exploration at Endolin-Isholin GRAPHITE BLOCK,New,FP/AR/SRY/544294/2025,2025-07-09T11:18:18.637+00:00,,Pending at DFO for Scrutiny and Recommendation,503.15,1450.0,MAMCO MINING PRIVATE LIMITED,,Form-C: For seeking prior approval for Exploration & Survey,,,,Proposal for Exploration at ENDOLIN-iSHOLIN GRAPHITE BLOCK in Upper Dibang Valley of Arunachal Pradesh,ARUNACHAL PRADESH,Anelih,Ithungo (17 K.M. Point),,,1,Non - Linear,503.15,0.0,503.15,0.0,0.0,0.0,0.0,0.0,0,0,0,Not applicable as the project or activity is site specific,,NO,NO,NO,2025-10-23T18:30:00.000+00:00,,,,,,,,,,,,,,,,,,,,,,,,,,,,,,,,,,,,,,,"PLOT NO. 84, NEAR FOOTBALL GROUND, BARAJAMDA, WEST SINGHBHUM , JHARKHAND-833221",,20,Private Limited,DIRECTOR,,20,,Upper Dibang Valley,1,https://parivesh.nic.in/dms/okm/downloadDocument?docTypemappingId=40829&refId=131808955&refType=caf&uuid=6692a7d1-e451-4e72-9b68-a0fa92bc6ac9&version=1.0,266078,https://parivesh.nic.in/newupgrade/#/report/ec?proposalId=131819292,5475.0,5475.0
132057800,Proposal for diversion of 0.1093 ha of forest land for Establishment of Stone Crusher Unit at Seijosa in Pakke Kesang district of Arunachal Pradesh.,New,FP/AR/OTHERS/544706/2025,2025-07-14T10:00:51.810+00:00,,DELISTED_BY_SYSTEM,0.1093,30.0,Mene Bagang,,Forest clearance form,,,,Proposal for diversion of 0.1093 ha of forest land for Establishment of Stone Crusher Unit at Seijosa in Pakke Kesang district of Arunachal Pradesh,ARUNACHAL PRADESH,Seijosa ADC,A - 2  Block,,,1,Non - Linear,0.0,0.1093,0.1093,0.0,0.0,0.0,0.0,0.0,0,0,0,Not applicable as the project or activity is site specific,,NO,NO,NO,2025-07-14T10:28:15.019+00:00,,,,false,,,,,,,,,,,,,,,,,,,,,,,,,,,,,,,,,,,"D/o Nikhio Bagang, B/NO.-41, Goloso, Mobusa- 1, East Kameng.",,12,Individual,Proprietor,,12,,Pakke Kessang,1,https://parivesh.nic.in/dms/okm/downloadDocument?docTypemappingId=40829&refId=132031581&refType=caf&uuid=88413a0b-f1b2-4390-ae53-717de5cf7359&version=1.0;https://parivesh.nic.in/dms/okm/downloadDocument?docTypemappingId=58989&refId=132031581&refType=FC&uuid=8fe42124-e51d-4465-8daf-9abc59a1a302&version=1.0,261902,https://parivesh.nic.in/newupgrade/#/report/ec?proposalId=132057800,4380.0,4380.0
132140165,Etalin H.E. Project is located in Dibang Valley District of Arunachal Pradesh and is proposed to be developed as a run-of river. The project involves constructing concrete gravity dams of 101.5m on Dri river and 80m high on Talo (Tangon) river and diverting the water through two (2) separate waterway systems to utilize the available head in a common underground powerhouse located just upstream of the confluence of Dri and Talo (Tangon) rivers. Project will generate 3097 MW of power or 12260.43 MU of design Energy (90% dependable year with 95% machine availability) through 10no. francis turbines of 307MW each along-with Dam- toe e-flow units of 19.6 MW and 7.4 MW at Dri and Tangon Dams respectively.,New,IA/AR/RIV/544875/2025,2025-07-15T11:32:45.819+00:00,2025-08-23T08:04:49.771+00:00,EC Granted,1175.03,30.03736,SJVN LIMITED,,Environment clearance form,EC,A,,Environment Clearance of Etalin HEP 3097 MW,ARUNACHAL PRADESH,Etalin,Adapowa,J-12011/60/2006-IA-I(R),,,Hybrid,0.0,1175.03,1175.03,0.0,0.0,0.0,0.0,0.0,21,176,284,NO,Not applicable as the project or activity is site specific,NO,NO,NO,2025-07-17T11:42:05.000+00:00,,,,,,,,,,,,,,,,,,,,,,,,,,,,,,,,,,,,,,,,,,,,,,,Upper Dibang Valley,,https://parivesh.nic.in/dms/okm/downloadDocument?docTypemappingId=40829&refId=130778750&refType=caf&uuid=e9ce1265-bf82-4e85-9248-051960962ccb&version=1.0,266061,https://parivesh.nic.in/newupgrade/#/report/ec?proposalId=132140165,10959890.0,18980000.0
132504992,To find the potential for Nickel and platinum group of elements.,New,WL/AR/SRY/545565/2025,2025-07-22T04:11:36.554+00:00,,,61.0,4.0,"Geological Survey of INDIA, Ministry of Mines",,Wildlife clearance form,,,,"Reconnaissance survey for Ni- PGE and associated mineralization in and around Mayudia area, Lower Dibang valley District, Arunachal Pradesh.",ARUNACHAL PRADESH,Hunli SDO,Atingo,,,,Linear,61.0,0.0,61.0,0.0,0.0,0.0,0.0,0.0,0,0,0,Not applicable as the project or activity is site specific,,NO,NO,NO,2025-07-22T04:12:09.573+00:00,,,,,,,,,,,,,,,,,,,,,,,,,,,,,,,,,,,,,,,,,,,,,,,Lower Dibang Valley,,https://parivesh.nic.in/dms/okm/downloadDocument?docTypemappingId=40829&refId=127096279&refType=caf&uuid=2b1d434c-026a-48eb-8bdd-e1b7d148a395&version=1.0,266053,https://parivesh.nic.in/newupgrade/#/report/ec?proposalId=132504992,280.0,162.0
133025150,"Chokpa Dolostone Quarry (Applicant- O/o Department of Geology & Mining, Rupa, District- West Kameng, Arunachal Pradesh), over an area of 1.10 Hect. is situated near Village- Lumbaktang (Chokpa), District– West Kameng & State Arunachal Pradesh. It is a fresh lease. Applicant has applied for fresh grant of lease & Certificate for notification was issued by Assistant Mineral Development Officer, Rupa, and West Kameng District vides Letter No. RGM/DOLOMITE-16/18-19, Rupa, Dated 16.12.2024 as per Rule 60 of APMMCR-2020. The Mining Office has asked for having Environment Clearance as per the judgment of honourable Supreme Court, New Delhi dated 27.02.2012. 

The proposed rate of production is 25000 CUM per annum of Dolostone. The lease area comprises of Private Land. The applied lease area is Non-forest Land. A Land agreement has been made between land owner & Project proponent. The estimated project cost is INR 35.50 lacs. The expected life of mine is 6 years",New,SIA/AR/MIN/546462/2025,2025-07-29T12:35:28.971+00:00,2025-08-07T16:02:21.786+00:00,EC Granted,1.1,35.5,Geology & Mining,,Application for Corrigendum Form-13,OTHER,,,Chokpa Dolostone Quarry,ARUNACHAL PRADESH,Rupa SDO,Lumbaktang,,,,Non - Linear,1.1,0.0,1.1,0.0,0.0,0.0,0.0,0.0,0,0,0,Not applicable as the project or activity is site specific,,NO,NO,NO,2025-07-29T13:21:07.520+00:00,,,,,,,,,,,,,,,,,,,,,,,,,,,,,,,,,,,,,,,"O/o Director, Geology & Mining, Govt. of Arunachal Pradesh, Chandranagar, Near DC Office Capital Complex",,12,State Government (Department/Autonomous body),Director,,12,,West Kameng,,https://parivesh.nic.in/dms/okm/downloadDocument?docTypemappingId=40829&refId=116864253&refType=caf&uuid=44beaa3a-58b3-4109-b2e0-4be8d85efc47&version=1.0,261788,https://parivesh.nic.in/newupgrade/#/report/ec?proposalId=133025150,0.0,4600.0
133213651,The proposed dam site of Oju HEP is located on Lower Subansiri River between Redi and Oju villages. The diversion area is downstream of confluence point of Koyi Siko nallah with Lower Subansiri River. The powerhouse is located upstream of the confluence of Tsari Chu nallah and Keru nallah with Si Nigit River.,New,IA/AR/RIV/546767/2025,2025-08-01T08:28:40.697+00:00,,DELISTED_BY_SYSTEM,750.06,31.3564,OJU SUBANSIRI HYDRO POWER CORPORATION PVT LTD,,Environment clearance form,EC,A,,Oju HEP,ARUNACHAL PRADESH,Taksing,Dadu,J-12011/10/2022-IA.I (R),,,Hybrid,0.0,750.06,750.06,0.0,0.0,0.0,0.0,0.0,1,9,9,YES,,NO,NO,NO,2025-08-01T11:48:23.002+00:00,,,,,,,,,,,,,,,,,,,,,,,,,,,,,,,,,,,,,,,,,,,,,,,Upper Subansiri,,https://parivesh.nic.in/dms/okm/downloadDocument?docTypemappingId=40829&refId=22294935&refType=caf&uuid=23825209-7dee-477b-9275-1f9d128f42f2&version=1.0;https://parivesh.nic.in/dms/okm/downloadDocument?docTypemappingId=40828&refId=22294935&refType=caf&uuid=40eb01d4-5992-4618-850c-2e8fc3913a0d&version=1.0;https://parivesh.nic.in/dms/okm/downloadDocument?docTypemappingId=40828&refId=22294935&refType=caf&uuid=bbb0c281-f5b8-43f7-86fe-86abe2b3285a&version=1.0;https://parivesh.nic.in/dms/okm/downloadDocument?docTypemappingId=40828&refId=22294935&refType=caf&uuid=cde1cefd-a956-4e7c-bfb9-14fca64ee66f&version=1.0,262764,https://parivesh.nic.in/newupgrade/#/report/ec?proposalId=133213651,2160000.0,1260000.0
133355336,"Apply for renewal/ extension of Environmental Clearance in respect of M/s Hanyak Kan Coke Unit, Vill. Taipong, P.O/P.S. Jairampur, Dist. Changlang, Arunachal Pradesh",New,SIA/AR/IND1/546952/2025,2025-08-04T06:01:27.617+00:00,,Proposal returned in present form,1.35,39.3,TANGYAN SIMAI,,Application for Validity Extension of EC- Form-6,OTHER,,,Apply for renewal/ extension of Environmental Clearance,ARUNACHAL PRADESH,Jairampur ADC,Typong,,SIA/AR/IND1/546952/2025,0,Hybrid,1.35,0.0,1.35,0.0,0.0,0.0,3930000.0,0.0,0,0,0,Not applicable as the project or activity is site specific,,NO,NO,NO,2025-08-04T14:00:23.911+00:00,,,,,,,,,,,,,,,,,,,,,,,,,,,,,,,,,,,,,,,,,,,,,,,Changlang,0,https://parivesh.nic.in/dms/okm/downloadDocument?docTypemappingId=40829&refId=133210558&refType=caf&uuid=a957e268-b3d1-4a8e-96a4-77f85fc30d46&version=1.0,264226,https://parivesh.nic.in/newupgrade/#/report/ec?proposalId=133355336,0.0,0.0
133428604,Proposed Grain-Based Distillery for production of 150 KLD Extra Neutral Alcohol (ENA) along with 5.0 M.W. Captive Power Plant,New,SIA/AR/IND2/547084/2025,2025-08-05T05:14:02.316+00:00,2025-10-31T05:33:43.035+00:00,ToR Granted,6.2047,17419.0,J Y DISTILLERY PRIVATE LIMITED,Chandigarh Pollution Testing Laboratory –EIA Division,Environment clearance form,TOR,B1,Distilleries,"Proposed Grain-Based Distillery for production of 150 KLD Extra Neutral Alcohol (ENA) along with 5.0 M.W. Captive Power Plant by M/s J.Y. Distillery Private Limited in the revenue estate of Village Hollongi, District Papum Pare, Arunachal Pradesh",ARUNACHAL PRADESH,Balijan ADC,Daflagarh forest camp,,(SEAC_ARP)-278/ToR/2025,,Hybrid,6.2047,0.0,6.2047,0.0,0.0,0.0,0.0,0.0,0,0,0,Not applicable as the project or activity is site specific,,NO,NO,NO,2025-08-05T05:49:36.627+00:00,,,,,,,,,,,,,,,,,,,,,,,,,,,,,,,,,,,,,,,,,,,,,,,Papum Pare,,https://parivesh.nic.in/dms/okm/downloadDocument?docTypemappingId=40829&refId=133428236&refType=caf&uuid=1778a183-7f95-4b70-9e7a-80cc55bc1f80&version=1.0,262284,https://parivesh.nic.in/newupgrade/#/report/ec?proposalId=133428604,16510.0,49550.0
133457285,Lease granted for 15 years from 30.3.1981 to 28.2.1996 for the purpose of establishment of Coffee Demonstration Farm,Expansion,FP/AR/OTHERS/547136/2025,2025-08-05T09:35:51.961+00:00,,Rejected in PSC-I,15.3,422.36,COFFEE BOARD,,Form-B (Part-I): Renewal of Lease on Forest Land,,,,"Lease Deed Renewal of Technology Evaluation Centre, Coffee Board, Deomali, Arunachal pradesh.",ARUNACHAL PRADESH,Deomali ADC,Namsangmukh,,,comp no.39,Non - Linear,0.0,15.3,15.3,0.0,0.0,0.0,402.36,20.0,0,0,0,Not applicable as the project or activity is site specific,,NO,NO,NO,2025-08-05T10:30:02.469+00:00,,,,,,,,,,,,,,,,,,,,,,,,,,,,,,,,,,,,,,,"O/O TEC, COFFEE BOARD, DEOMALI",Deomali,12,Central Government (Department/Autonomous body),Extension inspector,Deomali,12,,Tirap,comp no.39,https://parivesh.nic.in/dms/okm/downloadDocument?docTypemappingId=40829&refId=133368042&refType=caf&uuid=19c60406-6ff5-4c98-9c0b-452394c01f6f&version=1.0,264416,https://parivesh.nic.in/newupgrade/#/report/ec?proposalId=133457285,1095.0,4285.0
133831784,"Proposal for diversion of 0.1441 ha of forest land for Etablishment of Petrol Pump at Dobum, Banderdewa in Papum Pare District of Arunachal Pradesh.",New,WL/AR/PetrolPump/547746/2025,2025-08-11T10:32:25.011+00:00,,,0.1441,70.0,Gunia Nabam,,Wildlife clearance form,,,,"Proposal for diversion of 0.0041 ha of forest land for Etablishment of Petrol Pump at Dobum, Banderdewa in Papum Pare District of Arunachal Pradesh.",ARUNACHAL PRADESH,Naharlagun EAC,Upper Dobum,,,1,Non - Linear,0.0,0.1441,0.1441,0.0,0.0,0.0,0.0,0.0,0,0,0,Not applicable as the project or activity is site specific,,NO,NO,NO,2025-08-11T11:01:03.636+00:00,,,,,,,,,,,,,,,,,,,,,,,,,,,,,,,,,,,,,,,,,,,,,,,Papum Pare,1,https://parivesh.nic.in/dms/okm/downloadDocument?docTypemappingId=40829&refId=125890748&refType=caf&uuid=71872c4d-1b38-4a96-b1d6-7cada28bd432&version=1.0,262352,https://parivesh.nic.in/newupgrade/#/report/ec?proposalId=133831784,12045.0,35040.0
133908822,To find the potential for Nickel and platinum group of elements.,New,FP/AR/SRY/547900/2025,2025-08-12T10:55:45.542+00:00,,Pending at DFO for Scrutiny and Recommendation,61.0,4.0,"Geological Survey of INDIA, Ministry of Mines",,FormC_Exempted_Category_Part_I,,,,"Reconnaissance survey for Ni- PGE and associated mineralization in and around Mayudia area, Lower Dibang valley District, Arunachal Pradesh.",ARUNACHAL PRADESH,Hunli SDO,Atingo,,,,Linear,61.0,0.0,61.0,0.0,0.0,0.0,0.0,0.0,0,0,0,Not applicable as the project or activity is site specific,,NO,NO,NO,2025-08-12T11:26:58.055+00:00,,,,,,,,,,,,,,,,,,,,,,,,,,,,,,,,,,,,,,,"GSI Complex, Ganga Village, Itanagar",,12,Central Government (Department/Autonomous body),Geologist,,12,,Lower Dibang Valley,,https://parivesh.nic.in/dms/okm/downloadDocument?docTypemappingId=40829&refId=127096279&refType=caf&uuid=2b1d434c-026a-48eb-8bdd-e1b7d148a395&version=1.0,266053,https://parivesh.nic.in/newupgrade/#/report/ec?proposalId=133908822,280.0,162.0
134119873,Proposal for diversion of 0.0916 ha of forest land for Establishment of Hindustan Petroleum Corporation Limited (HPCL) Filling Station at Chimpu towards Hollongi on NH 415 in Papum Pare District of Arunachal Pradesh.,New,WL/AR/PetrolPump/548224/2025,2025-08-15T03:46:06.103+00:00,,,0.0916,60.0,Yangfo Sona,,Wildlife clearance form,,,,Proposal for diversion of 0.0916 ha of forest lend for Establishment of Hindustan Petroleum Corporation Limited (HPCL) Filling Station at Chimpu towards Hollongion NH 415 in Papum Pare District of Arunachal Pradesh,ARUNACHAL PRADESH,Itanagar EAC,Hollongi Karbi,,,,Non - Linear,0.0,0.0916,0.0916,0.0,0.0,0.0,0.0,0.0,0,0,0,Not applicable as the project or activity is site specific,,NO,NO,NO,2025-08-20T07:19:49.099+00:00,,,,,,,,,,,,,,,,,,,,,,,,,,,,,,,,,,,,,,,,,,,,,,,Papum Pare,,https://parivesh.nic.in/dms/okm/downloadDocument?docTypemappingId=40829&refId=113635355&refType=caf&uuid=81761850-9511-46c2-b40c-a8a8e17499c3&version=1.0,262294,https://parivesh.nic.in/newupgrade/#/report/ec?proposalId=134119873,6342.0,11627.0
135470694,PERMISSION TO SURVEY TEAM OF CONTRACTOR ALONG WITH BRO PERSONNEL (TOTAL AROUND 20 PERSON) ENTERING IN THE AREA OF “NAMDAPHA NATIONAL PARK & TIGER RESERVE” FOR “FEASIBILITY STUDY AND PREPARATION OF DETAILED PROJECT REPORT FOR CONSTRUCTION OF ROAD STRETCH BETWEEN KM 30.00 TO KM 100.00 ON NAMPONG-VIJAYNAGAR ROAD IN ARUNACHAL PRADESH STATE”,New,FP/AR/SRY/550071/2025,2025-09-01T22:33:24.700+00:00,,Approval Granted,149.3,43000.0,Ministry of Defense,,FormC_Exempted_Category_Part_I,,,,PERMISSION TO SURVEY TEAM OF CONTRACTOR ALONG WITH BRO PERSONNEL (TOTAL AROUND 20 PERSON) ENTERING IN THE AREA OF “NAMDAPHA NATIONAL PARK & TIGER RESERVE” FOR “FEASIBILITY STUDY AND PREPARATION OF DETAILED PROJECT REPORT FOR CONSTRUCTION OF ROAD STRETCH BETWEEN KM 30.00 TO KM 100.00 ON NAMPONG-VIJAYNAGAR ROAD IN ARUNACHAL PRADESH STATE”,ARUNACHAL PRADESH,Nampong SDO,Changlai,,,,Linear,0.0,149.3,149.3,0.0,0.0,0.0,0.0,0.0,0,0,0,Not applicable as the project or activity is site specific,,NO,NO,NO,2025-10-14T18:30:00.000+00:00,,,,,,,,,,,,,,,,,,,,,,,,,,,,,,,,,,,,,,,"HQ 103 RCC (GREF), C/O 99 APO, PIN 930 103",,12,Central Government (Department/Autonomous body),Executive Engineer (Civil),TIRAP,12,,Changlang,,https://parivesh.nic.in/dms/okm/downloadDocument?docTypemappingId=40829&refId=135151437&refType=caf&uuid=a879ef85-adfe-4317-98d9-a2f723c95804&version=1.0,264217,https://parivesh.nic.in/newupgrade/#/report/ec?proposalId=135470694,602250.0,109500.0
135612000,PERMISSION TO SURVEY TEAM OF CONTRACTOR ALONG WITH BRO PERSONNEL (TOTAL AROUND 20 PERSON) ENTERING IN THE AREA OF “NAMDAPHA NATIONAL PARK & TIGER RESERVE” FOR “FEASIBILITY STUDY AND PREPARATION OF DPR AND PROVIDING PRE CONSTRUCTION ACTIVITIES FOR ERECTION OF FENCING AND CONSTRUCTION OF TRACK ALONG THE FENCE OF IND0-MYANMAR BORDER BETWEEN BP-175 TO BP 179 (LENGTH 64.00 KM)) INCLUDING CONSTRUCTION OF APPROACH RAODS IN THE STATE OF ARUNACHAL PRADESH”,New,FP/AR/SRY/550373/2025,2025-09-04T01:39:27.669+00:00,,Approval Granted,198.29,60000.0,Ministry of Defense,,FormC_Exempted_Category_Part_I,,,,PERMISSION TO SURVEY TEAM OF CONTRACTOR ALONG WITH BRO PERSONNEL (TOTAL AROUND 20 PERSON) ENTERING IN THE AREA OF “NAMDAPHA NATIONAL PARK & TIGER RESERVE” FOR “FEASIBILITY STUDY AND PREPARATION OF DPR AND PROVIDING PRE CONSTRUCTION ACTIVITIES FOR ERECTION OF FENCING AND CONSTRUCTION OF TRACK ALONG THE FENCE OF IND0-MYANMAR BORDER BETWEEN BP-175 TO BP 179 (LENGTH 64.00 KM)) INCLUDING CONSTRUCTION OF APPROACH RAODS IN THE STATE OF ARUNACHAL PRADESH”,ARUNACHAL PRADESH,Nampong SDO,Mossang Khamlang,,,,Linear,0.0,198.29,198.29,0.0,0.0,0.0,0.0,0.0,0,0,0,Not applicable as the project or activity is site specific,,NO,NO,NO,2025-09-04T01:48:03.023+00:00,,,,,,,,,,,,,,,,,,,,,,,,,,,,,,,,,,,,,,,"HQ 103 RCC (GREF), C/O 99 APO, PIN 930 103",,12,Central Government (Department/Autonomous body),Executive Engineer (Civil),TIRAP,12,,Changlang,,https://parivesh.nic.in/dms/okm/downloadDocument?docTypemappingId=40829&refId=135530026&refType=caf&uuid=b47c469a-f8ea-4289-8e3c-efba729ae420&version=1.0,264203,https://parivesh.nic.in/newupgrade/#/report/ec?proposalId=135612000,602250.0,153300.0
135927494,Small Hydro Electric Project,New,FP/AR/HYD/IRRIG/550911/2025,2025-09-09T07:14:25.942+00:00,,REMOVED,2.2944,8412.0,pipekang hydro power private limited,,Forest clearance form,,,,Paikangrong  SHEP 2 x 4.5 MW,ARUNACHAL PRADESH,Thingbu Circle,Kharsa(New),,,NIL,Non - Linear,0.0,2.2944,2.2944,0.0,0.0,0.0,0.0,0.0,0,0,0,Not applicable as the project or activity is site specific,,NO,NO,NO,2025-09-10T07:14:08.553+00:00,,,,false,,,,,,,,,,,,,,,,,,,,,,,,,,,,,,,,,,,"L-304 III, Sunstone, surya chakra house, rd no 78, Jublee Hills",Hyderabad,36,Private Limited,Director,,36,,Tawang,NIL,https://parivesh.nic.in/dms/okm/downloadDocument?docTypemappingId=40829&refId=135923627&refType=caf&uuid=7676cc31-2702-400a-ab59-1443c763d5d8&version=1.0;https://parivesh.nic.in/dms/okm/downloadDocument?docTypemappingId=58989&refId=135923627&refType=FC&uuid=6dfff3e5-087f-4590-adca-7c7f63c82cc2&version=1.0,261555,https://parivesh.nic.in/newupgrade/#/report/ec?proposalId=135927494,144800.0,638750.0
136145173,Forrest Diversion Proposal for Paikangrong SHEP 9 MW. Small Run off the river Hydro electric project on Paikangrong Nallah a Tributary of Tawang chu river,New,FP/AR/HYD/IRRIG/551344/2025,2025-09-12T06:24:30.399+00:00,,Pending at State Secretary due to EDS by IRO,2.2944,8447.0,pipekang hydro power private limited,,Forest clearance form,,,,Paikangrong SHEP 9MW,ARUNACHAL PRADESH,Lhou Circle,Beghar,,,,Non - Linear,0.0,2.2944,2.2944,0.0,0.0,0.0,0.0,0.0,0,0,0,Not applicable as the project or activity is site specific,,NO,NO,NO,2025-09-12T09:11:11.324+00:00,,,Degraded Forest Land,true,,,,,,,,,,,,,,,,,,,,,,,,,,,,,,,,,,,"L-304 III, Sunstone, surya chakra house, rd no 78, Jublee Hills",HYDERABAD,36,Private Limited,Director,HYDERABAD,36,,Tawang,,https://parivesh.nic.in/dms/okm/downloadDocument?docTypemappingId=40829&refId=136105737&refType=caf&uuid=f6a53c87-e2d1-4095-a8db-6a3609901df2&version=1.0;https://parivesh.nic.in/dms/okm/downloadDocument?docTypemappingId=58989&refId=136105737&refType=FC&uuid=b49f8c0e-703c-4a8d-9d7e-a9b5f8b3d6f5&version=1.0,261541,https://parivesh.nic.in/newupgrade/#/report/ec?proposalId=136145173,144800.0,638750.0
136316028,Exploration of Graphite and Vandium at DEPO village over 104.65 ha at Depo Graphite & vanadium Block in Papum Pare District of Arunachal Pardesh,New,FP/AR/SRY/551701/2025,2025-09-15T12:33:31.139+00:00,,Approval Granted,104.65,230.0,SHUVRENDU ROYCHOUDHURY,,FormC_Exempted_Category_Part_I,,,,Proposal for Survey and exploration for Graphite and vanadium at Depo Village over 104.65 ha at Depo Graphite & Vanadium Block in Papum Pare District of Arunachal Pradesh.,ARUNACHAL PRADESH,Toru Circle,Depo,,,83 E/11,Non - Linear,0.0,104.65,104.65,0.0,0.0,0.0,0.0,0.0,0,0,0,Not applicable as the project or activity is site specific,,NO,NO,NO,2025-09-16T05:58:35.858+00:00,,,,,,,,,,,,,,,,,,,,,,,,,,,,,,,,,,,,,,,"Vedanta Limited-1st Floor, C Wing, Unit 103, Corporate Avenue Atul Projects, Chakala , Andheri (East) Mumbai, Mumbai City, Maharashtra 400093,India",,27,Private Limited,Project Head - Kuraloi A North Coal Mine,MUMBAI,27,,Papum Pare,83 E/11,https://parivesh.nic.in/dms/okm/downloadDocument?docTypemappingId=40829&refId=136313506&refType=caf&uuid=dd278100-427d-4f35-be9d-0a7a28803a39&version=1.0,262539,https://parivesh.nic.in/newupgrade/#/report/ec?proposalId=136316028,0.0,10200.0
136370826,Proposal for diverion of 21.4 ha of forest land for construction of Manchal PWD road (Nenuliang) to Zapaliang ( design length 25.00 km) for execution of EPC Mode in Anjaw District of Arunanchaal Pradesh by RWD.,New,FP/AR/ROAD/551799/2025,2025-09-16T09:44:14.562+00:00,2026-05-12T11:36:32.968+00:00,Final Diversion Order Issued,21.4,4748.47,"Rural  Works Department, Hayuliang",,Forest clearance form,,,,Proposal for diverion of 21.4 ha of forest land for construction of Manchal PWD road (Nenuliang) to Zapaliang ( design length 25.00 km) for execution of EPC Mode in Anjaw District of Arunanchaal Pradesh by RWD.,ARUNACHAL PRADESH,Manchal Circle,Manchal,,,1,Linear,0.0,21.4,21.4,0.0,0.0,0.0,0.0,0.0,0,0,0,Not applicable as the project or activity is site specific,,NO,NO,NO,2025-09-16T10:26:59.835+00:00,,https://parivesh.nic.in/dms/okm/downloadDocument?docTypemappingId=59020&refId=136370825&refType=fc&uuid=a84a43a6-1275-415a-a4b9-1b1253dfb186&version=1.0,Degraded Forest Land,true,,,,,,,,,,,,,,,,,,,,,,,,,,,,,,,,,,,"DPIU-II, Rural Works Department, Hayuliang",,12,State Government (Department/Autonomous body),EE,,12,,Anjaw,1,https://parivesh.nic.in/dms/okm/downloadDocument?docTypemappingId=40829&refId=136370046&refType=caf&uuid=46d7b8e3-1738-470d-8a8b-7ca6118ab8a5&version=1.0;https://parivesh.nic.in/dms/okm/downloadDocument?docTypemappingId=58989&refId=136370046&refType=FC&uuid=084a6455-0ac2-416c-af19-1679d88ee850&version=1.0,266762,https://parivesh.nic.in/newupgrade/#/report/ec?proposalId=136370826,12045.0,12045.0
136797933,"To search for W, Sn & associated mineralisation in Saleri area.",New,FP/AR/SRY/552727/2025,2025-09-23T06:33:30.262+00:00,,Approval Granted,5000.0,5.0,"Geological Survey of INDIA, Ministry of Mines",,FormC_Exempted_Category_Part_I,,,,"Reconnaissance survey for Tungsten, tin &associated mineralisation in Saleri area, West Kameng District, Arunachal Pradesh.",ARUNACHAL PRADESH,Thembang Circle,Chandar,,,2,Linear,1000.0,4000.0,5000.0,0.0,0.0,0.0,0.0,0.0,0,0,0,Not applicable as the project or activity is site specific,,NO,NO,NO,2025-10-08T13:29:56.548+00:00,,,,,,,,,,,,,,,,,,,,,,,,,,,,,,,,,,,,,,,"GSI COMPLEX, GANGA BASTI ROAD, NEAR PHQ",itanagr,12,Central Government (Department/Autonomous body),Geologist,,12,,West Kameng,2,https://parivesh.nic.in/dms/okm/downloadDocument?docTypemappingId=40829&refId=131267702&refType=caf&uuid=7d347905-0773-447e-975c-614c1784387b&version=1.0,261710,https://parivesh.nic.in/newupgrade/#/report/ec?proposalId=136797933,181.0,181.0
137377983,"Detailed mapping of 50 Sq.km on a scale of 1:12,500 will be carried out along with trenching and sampling. The co-ordinates under which the team will execute the geological work is as follow:
Sl.no	Longitude	Latitude
A	E92°15′43.1ʺ	N27°22′00ʺ
B	E92°21′56.9ʺ	N27°22′00ʺ
C	E92°21′56.9ʺ	N27°19′18ʺ
D	E92°15′43.1ʺ	N27°19′18ʺ",New,FP/AR/SRY/553876/2025,2025-10-02T15:46:17.682+00:00,,Rejected in PSC-I,5000.0,4.5,"Geological Survey of INDIA, Ministry of Mines",,Form-C: For seeking prior approval for Exploration & Survey,,,,"Reconnaissance survey for Tungsten, tin & associated mineralisation in Dirang area, West Kameng District, Arunachal Pradesh code: M2ASMIF-MEP/NC/NER/SU-ARA/2025/54149",ARUNACHAL PRADESH,Dirang ADC,5 Mile Village,,,,Non - Linear,372.0,4628.0,5000.0,0.0,0.0,0.0,0.0,0.0,0,0,0,Not applicable as the project or activity is site specific,,NO,NO,NO,2025-10-02T16:37:44.809+00:00,,,,,,,,,,,,,,,,,,,,,,,,,,,,,,,,,,,,,,,"Geological Survey of India, Sate Unit Arunachal Pradesh, Itanagar",,12,Central Government (Department/Autonomous body),Senior Geologist,,12,,West Kameng,,https://parivesh.nic.in/dms/okm/downloadDocument?docTypemappingId=40829&refId=131218941&refType=caf&uuid=fc37dafd-8394-4210-b656-857eb041af42&version=1.0,261688,https://parivesh.nic.in/newupgrade/#/report/ec?proposalId=137377983,41.0,121.0
137570948,"The proposed Demwe Lower Hydroelectric Project falls in the foothills of Lohit basin and is proposed on the river Lohit, a tributary of mighty Brahmaputra in Lohit District of Arunachal Pradesh. The project envisages construction of a 474.35 m Concrete Gravity Dam from the riverbed level across river Lohit to generate 1750 MW of hydropower. The total land requirements for the various activities have been estimated as 1589.97 ha. In which Non Forest Land 174.05 ha and Forest land 1415.92 ha. A total 204 families will be affected due to this project out of which 240 families will be displaced. The minimum distance from main river Lohit to the Sanctuary is around 4.12 km along the Lang river. The FRL/MWL of Demwe Lower was fixed in such a way that no submergence occurs in the Kamlang Wildlife Sanctuary. Which is at an aerial distance of about 9.3 km from Sanctuary. The total estimated cost of the project is about Rs. Rs. 8347.89 Croresand likely to be completed in 60 months.",New,IA/AR/RIV/554221/2025,2025-10-06T12:32:52.953+00:00,2025-11-19T04:17:20.429+00:00,Granted,1589.97,8.34789,GREENKO DEMWE  POWER LIMITED,,Application for Transfer of EC- Form-7,OTHER,A,,Demwe Lower Hydroelectric Project,ARUNACHAL PRADESH,Tezu HQ,Tidding,J-12011/14/2008-IA.I,,,Hybrid,174.05,1415.92,1589.97,0.0,0.0,0.0,0.0,0.0,23,240,240,YES,,NO,NO,NO,2025-10-09T05:11:02.464+00:00,,,,,,,,,,,,,,,,,,,,,,,,,,,,,,,,,,,,,,,"2nd floor, Block D, Plot No.13, Sy.No:64 part, Hitech City layout, Madhapur, Rangareddy (Dist), Telanagana",Madhapur,36,Private Limited,General Manager,Madhapur,36,,Lohit,,https://parivesh.nic.in/dms/okm/downloadDocument?docTypemappingId=40829&refId=137565610&refType=caf&uuid=ee993cfd-756a-4351-a5c2-3d4c7db9246f&version=1.0,266405,https://parivesh.nic.in/newupgrade/#/report/ec?proposalId=137570948,4620000.0,2400000.0
137858024,"Proposal for survey & Regional coal Exploration in Khamdu block, Jairampur sub-division, Changlang over an area of 500.(Hac) land falls under Jairampur-Nampong reserve forest (RF) /Nampong range /Changlang. Details of activities proposed to be undertaken-Survey, exploration Drilling & sampling. Drilling of Boreholes-12 (twelve) nos boreholes core drilling (96mm hole Diameter or 3.70 inch)",New,FP/AR/SRY/554742/2025,2025-10-10T10:39:12.071+00:00,,Approval Granted,500.0,574.8589,Geology & Mining,,FormC_Exempted_Category_Part_I,,,,"Proposal for survey & Regional coal Exploration in Khamdu Block, Jairampur sub-division, District-Changlang over an area of 500 Ha",ARUNACHAL PRADESH,Lyngok Longtoi Circle,Chumpon,,,,Non - Linear,0.0,500.0,500.0,0.0,0.0,0.0,0.0,0.0,0,0,0,Not applicable as the project or activity is site specific,,NO,NO,NO,2025-10-10T10:53:38.345+00:00,,,,,,,,,,,,,,,,,,,,,,,,,,,,,,,,,,,,,,,"O/o Director, Geology & Mining, Govt. of Arunachal Pradesh, Chandranagar, Near DC Office Capital Complex",Chandranagar,12,State Government (Department/Autonomous body),Director,Chandranagar,12,,Changlang,,https://parivesh.nic.in/dms/okm/downloadDocument?docTypemappingId=40829&refId=137854805&refType=caf&uuid=1998d899-e642-4c45-93b3-e27fcd485b22&version=1.0,264161,https://parivesh.nic.in/newupgrade/#/report/ec?proposalId=137858024,0.0,2760.0
138031668,PERMISSION TO SURVEY TEAM OF CONTRACTOR ALONG WITH BRO PERSONNEL (TOTAL AROUND 20 PERSON) ENTERING IN THE AREA OF “NAMDAPHA NATIONAL PARK & TIGER RESERVE” FOR “FEASIBILITY STUDY AND PREPARATION OF DETAILED PROJECT REPORT FOR CONSTRUCTION OF ROAD STRETCH BETWEEN KM 30.00 TO KM 100.00 ON NAMPONG-VIJAYNAGAR ROAD IN ARUNACHAL PRADESH STATE”,New,WL/AR/SRY/555076/2025,2025-10-14T06:28:05.355+00:00,,,149.3,43000.0,Ministry of Defense,,Wildlife clearance form,,,,PERMISSION TO SURVEY TEAM OF CONTRACTOR ALONG WITH BRO PERSONNEL (TOTAL AROUND 20 PERSON) ENTERING IN THE AREA OF “NAMDAPHA NATIONAL PARK & TIGER RESERVE” FOR “FEASIBILITY STUDY AND PREPARATION OF DETAILED PROJECT REPORT FOR CONSTRUCTION OF ROAD STRETCH BETWEEN KM 30.00 TO KM 100.00 ON NAMPONG-VIJAYNAGAR ROAD IN ARUNACHAL PRADESH STATE”,ARUNACHAL PRADESH,Nampong SDO,Changlai,,,,Linear,0.0,149.3,149.3,0.0,0.0,0.0,0.0,0.0,0,0,0,Not applicable as the project or activity is site specific,,NO,NO,NO,2025-10-14T10:49:15.898+00:00,,,,,,,,,,,,,,,,,,,,,,,,,,,,,,,,,,,,,,,,,,,,,,,Changlang,,https://parivesh.nic.in/dms/okm/downloadDocument?docTypemappingId=40829&refId=135151437&refType=caf&uuid=a879ef85-adfe-4317-98d9-a2f723c95804&version=1.0,264217,https://parivesh.nic.in/newupgrade/#/report/ec?proposalId=138031668,602250.0,109500.0
138042972,PERMISSION TO SURVEY TEAM OF CONTRACTOR ALONG WITH BRO PERSONNEL (TOTAL AROUND 20 PERSON) ENTERING IN THE AREA OF “NAMDAPHA NATIONAL PARK & TIGER RESERVE” FOR “FEASIBILITY STUDY AND PREPARATION OF DPR AND PROVIDING PRE CONSTRUCTION ACTIVITIES FOR ERECTION OF FENCING AND CONSTRUCTION OF TRACK ALONG THE FENCE OF IND0-MYANMAR BORDER BETWEEN BP-175 TO BP 179 (LENGTH 64.00 KM)) INCLUDING CONSTRUCTION OF APPROACH RAODS IN THE STATE OF ARUNACHAL PRADESH”,New,WL/AR/SRY/555100/2025,2025-10-14T08:02:31.895+00:00,,,198.29,60000.0,Ministry of Defense,,Wildlife clearance form,,,,PERMISSION TO SURVEY TEAM OF CONTRACTOR ALONG WITH BRO PERSONNEL (TOTAL AROUND 20 PERSON) ENTERING IN THE AREA OF “NAMDAPHA NATIONAL PARK & TIGER RESERVE” FOR “FEASIBILITY STUDY AND PREPARATION OF DPR AND PROVIDING PRE CONSTRUCTION ACTIVITIES FOR ERECTION OF FENCING AND CONSTRUCTION OF TRACK ALONG THE FENCE OF IND0-MYANMAR BORDER BETWEEN BP-175 TO BP 179 (LENGTH 64.00 KM)) INCLUDING CONSTRUCTION OF APPROACH RAODS IN THE STATE OF ARUNACHAL PRADESH”,ARUNACHAL PRADESH,Nampong SDO,Mossang Khamlang,,,,Linear,0.0,198.29,198.29,0.0,0.0,0.0,0.0,0.0,0,0,0,Not applicable as the project or activity is site specific,,NO,NO,NO,2025-10-14T10:51:46.059+00:00,,,,,,,,,,,,,,,,,,,,,,,,,,,,,,,,,,,,,,,,,,,,,,,Changlang,,https://parivesh.nic.in/dms/okm/downloadDocument?docTypemappingId=40829&refId=135530026&refType=caf&uuid=b47c469a-f8ea-4289-8e3c-efba729ae420&version=1.0,264203,https://parivesh.nic.in/newupgrade/#/report/ec?proposalId=138042972,602250.0,153300.0
138145595,"Dedza Dolomite Deposit is located in Kaspi and New Kaspi village in West Kameng district of Arunachal Pradesh and included in the Survey of India Toposheet Nos. 83A/12. The area has rugged and dissected topography. As per the approved Mining Plan total mineable mineral reserve is estimated at 1,25,46,389 tonnes. Total Mining lease area of the project is 185.94Ha. The project envisages peak production of 6633131 TPA of Dolomite mineral by opencast fully mechanized method.",New,FP/AR/MIN/QRY/555302/2025,2025-10-15T11:14:04.210+00:00,,REMOVED,43.0,2002.0,metis steel private limited,,Forest clearance form,,,,"Mining of dolomite mineral for Dedza Dolomite deposit in the district of West Kameng, Arunachal Pradesh",ARUNACHAL PRADESH,Singchung ADC,14 BRTF Labour Camp,,,,Non - Linear,0.0,43.0,43.0,0.0,0.0,0.0,0.0,0.0,0,0,0,Not applicable as the project or activity is site specific,,NO,NO,NO,2025-10-15T14:12:50.438+00:00,,https://parivesh.nic.in/dms/okm/downloadDocument?docTypemappingId=59020&refId=138145594&refType=fc&uuid=8d731df1-c0cf-4ad9-9f2a-83e7627573e6&version=1.0,Degraded Forest Land,true,2020-10-14T00:00:00.000+00:00,50/00,50/00,2071-02-04T00:00:00.000+00:00,185.94,6.63,LOI was extended for 3 years Vide letter no DGM/11013/1/2021/CN-34169/2000-10 Dated 26/8/2025,Approved,Dolomite,12.55,0.0001,0.0001,55.39,0.0001,12.55,08/00,"Department of Geology and Mining, Govt. of Arunachal Pradesh","",Opencast,Mechanized,"","","",NIL,NIL,19.29,Since excavation is planned in hill slopes there will be revision elevation and no void generation.,The excavated ore to be despatched directly from the pit head through covered trucks,The excavated ore to be despatched directly from the pit head through covered trucks,"",54.76,0.01,0.25,130.92,"347, Santosh Roy Road, Thakurpukur, South 24 Parganas, Kolkata",Kolkata,19,Private Limited,Deputy Manager (Geology),Kolkata,19,,West Kameng,,https://parivesh.nic.in/dms/okm/downloadDocument?docTypemappingId=40829&refId=137829018&refType=caf&uuid=7966f084-d358-4c4c-9268-af54acbeeb36&version=1.0;https://parivesh.nic.in/dms/okm/downloadDocument?docTypemappingId=58989&refId=137829018&refType=FC&uuid=12f16f70-cd05-4c06-b18a-40a99ea509d5&version=1.0,261822,https://parivesh.nic.in/newupgrade/#/report/ec?proposalId=138145595,12000.0,1710000.0
259499778,"Detailed mapping of 50 Sq.km on a scale of 1:12,500 will be carried out along with trenching and sampling. The co-ordinates under which the team will execute the geological work is as follow:
Sl.no	Longitude	Latitude
A	E92°15′43.1ʺ	N27°22′00ʺ
B	E92°21′56.9ʺ	N27°22′00ʺ
C	E92°21′56.9ʺ	N27°19′18ʺ
D	E92°15′43.1ʺ	N27°19′18ʺ",New,FP/AR/SRY/557317/2025,2025-11-06T11:25:57.090+00:00,,Approval Granted,5000.0,4.5,"Geological Survey of INDIA, Ministry of Mines",,FormC_Exempted_Category_Part_I,,,,"Reconnaissance survey for Tungsten, tin & associated mineralisation in Dirang area, West Kameng District, Arunachal Pradesh code: M2ASMIF-MEP/NC/NER/SU-ARA/2025/54149",ARUNACHAL PRADESH,Dirang ADC,5 Mile Village,,,,Non - Linear,372.0,4628.0,5000.0,0.0,0.0,0.0,0.0,0.0,0,0,0,Not applicable as the project or activity is site specific,,NO,NO,NO,2025-11-06T11:59:26.890+00:00,,,,,,,,,,,,,,,,,,,,,,,,,,,,,,,,,,,,,,,"Geological Survey of India, Sate Unit Arunachal Pradesh, Itanagar",,12,Central Government (Department/Autonomous body),Senior Geologist,,12,,West Kameng,,https://parivesh.nic.in/dms/okm/downloadDocument?docTypemappingId=40829&refId=131218941&refType=caf&uuid=fc37dafd-8394-4210-b656-857eb041af42&version=1.0,261688,https://parivesh.nic.in/newupgrade/#/report/ec?proposalId=259499778,41.0,121.0
306912178,"The Kalai H.E. Project Stage- II is located in the Anjaw District of Arunachal Pradesh. The project envisages utilization of the discharge of the Lohit River, a tributary of the Brahmaputra River to generate about 1200 MW of power or 4852.95 GWh of design Energy (90% dependable year with 95% machine availability). The project is proposed to be developed as a run-of-the-river with a pondage scheme by constructing a 198.00 m high concrete gravity dam (from the deepest foundation level) and an underground powerhouse.",Amendment,IA/AR/RIV/557663/2025,2025-11-10T09:26:35.125+00:00,2026-06-19T11:05:35.601+00:00,EC Granted,869.3503,14.17626,THDC INDIA LIMITED,,Environment clearance form,EC,A,,Kalai II Hydro Electric Project,ARUNACHAL PRADESH,Hawai HQ,48th K.M. Camp,J-12011/40/2009-IA-I(R),,,Hybrid,0.0,869.3503,869.3503,0.0,0.0,0.0,0.0,0.0,33,376,1521,YES,,NO,NO,NO,2025-11-28T12:18:36.103+00:00,,,,,,,,,,,,,,,,,,,,,,,,,,,,,,,,,,,,,,,,,,,,,,,Anjaw,,https://parivesh.nic.in/dms/okm/downloadDocument?docTypemappingId=40828&refId=40774729&refType=caf&uuid=79a27101-5646-4b4d-b4b6-df5e2f85769a&version=1.0;https://parivesh.nic.in/dms/okm/downloadDocument?docTypemappingId=40828&refId=40774729&refType=caf&uuid=26d2b628-6991-46cb-a8d5-3425f15c8909&version=1.0;https://parivesh.nic.in/dms/okm/downloadDocument?docTypemappingId=40829&refId=128317503&refType=caf&uuid=296ae938-b9d0-4117-b24b-9a5d8ea9f860&version=1.0;https://parivesh.nic.in/dms/okm/downloadDocument?docTypemappingId=40828&refId=40774729&refType=caf&uuid=46c52817-f071-481d-91e4-4813f0736ff5&version=1.0;https://parivesh.nic.in/dms/okm/downloadDocument?docTypemappingId=40828&refId=40774729&refType=caf&uuid=73b49eac-0cf8-4ece-aa6d-8e1ccbfffb7f&version=1.0;https://parivesh.nic.in/dms/okm/downloadDocument?docTypemappingId=40828&refId=40774729&refType=caf&uuid=64d76435-9e86-4241-a4fc-53025f73da81&version=1.0;https://parivesh.nic.in/dms/okm/downloadDocument?docTypemappingId=40828&refId=40774729&refType=caf&uuid=2835caf8-21f3-49cd-b2ab-3960f634bfdd&version=1.0;https://parivesh.nic.in/dms/okm/downloadDocument?docTypemappingId=40829&refId=40774729&refType=caf&uuid=569e056e-7486-4fc2-aa0c-dafb2a182f5f&version=1.0,,https://parivesh.nic.in/newupgrade/#/report/ec?proposalId=306912178,4015000.0,3285000.0
482201978,"Proposed Grain-Based Distillery for production of 225 KLD Extra Neutral Alcohol (ENA) along with 7.5 M.W. Captive Power Plant by M/s J.Y. Distillery Private Limited located in the revenue estate of Village Hollongi, District Papum Pare, Arunachal Pradesh",New,IA/AR/IND2/558857/2025,2025-11-20T04:10:15.794+00:00,,Proposal pulled back (withdrawn),6.2047,22069.0,J Y DISTILLERY PRIVATE LIMITED,Chandigarh Pollution Testing Laboratory –EIA Division,Environment clearance form,TOR,A,Distilleries,"Proposed Grain-Based Distillery for production of 225 KLD Extra Neutral Alcohol (ENA) along with 7.5 M.W. Captive Power Plant by M/s J.Y. Distillery Private Limited located in the revenue estate of Village Hollongi, District Papum Pare, Arunachal Pradesh",ARUNACHAL PRADESH,Balijan ADC,Daflagarh forest camp,IA-J-11011/415/2025-IA-II,,,Hybrid,6.2047,0.0,6.2047,0.0,0.0,0.0,0.0,0.0,0,0,0,Not applicable as the project or activity is site specific,,NO,NO,NO,2025-11-25T11:08:57.441+00:00,,,,,,,,,,,,,,,,,,,,,,,,,,,,,,,,,,,,,,,,,,,,,,,Papum Pare,,https://parivesh.nic.in/dms/okm/downloadDocument?docTypemappingId=40829&refId=482090178&refType=caf&uuid=e326e997-b4e2-4664-bf21-3ce15695f13c&version=1.0,262284,https://parivesh.nic.in/newupgrade/#/report/ec?proposalId=482201978,16510.0,67040.0
592136578,"Niare Hydro Electric Project is proposed as a run-of-river scheme across Subansiri River, a major right bank tributary of River Brahmaputra. The project envisages the construction of about 149.50m high Concrete Gravity Dam above the deepest foundation level near Niare village, 50 km upstream of Nacho town in Upper Subansiri District of Arunachal Pradesh.  The installed capacity of the project has been proposed as 909 MW (810 MW + 99 MW) with a rated net head of 185.28m and a design discharge of 486.50 cumecs for Main Scheme and 122 cumecs for Auxiliary Scheme. The submergence area is estimated as 48 ha at FRL of 1259m. A head race tunnel of 4.1 km long has been proposed on the left bank of Subansiri river to carry water from the dam. The proposed scheme would produce 3536MU in 90% dependable year with 95% machine availability with an annual Plant Load Factor of 45.65%.",New,FP/AR/HYD/IRRIG/559610/2025,2025-11-25T18:50:02.603+00:00,,Pending at DFO/CF/Nodal Officer after acceptance in PSC-I,175.05,7726.5,ANDRA POWER PRIVATE LIMITED,,Forest clearance form,,,,Niare Hydroelectric Project (909 MW),ARUNACHAL PRADESH,Limeking Circle,Bodok,,,,Non - Linear,0.0,175.05,175.05,0.0,0.0,0.0,0.0,0.0,0,0,0,YES,,NO,NO,NO,2025-11-26T18:12:33.074+00:00,,https://parivesh.nic.in/dms/okm/downloadDocument?docTypemappingId=59020&refId=592136378&refType=fc&uuid=bf905f42-560b-4f83-8bd3-7e3383f36657&version=1.0,Degraded Forest Land,true,,,,,,,,,,,,,,,,,,,,,,,,,,,,,,,,,,,"302, Third floor, E 561 A, J.R. Plaza Palam Extension, Sector 7, Dwarka, South West Delhi, New Delhi, Delhi, India, 110077",,7,Private Limited,Authorised Signatory,,7,,Upper Subansiri,,https://parivesh.nic.in/dms/okm/downloadDocument?docTypemappingId=40828&refId=431558778&refType=caf&uuid=e488114d-ef9b-43b1-a2b4-96544256b1ce&version=1.0;https://parivesh.nic.in/dms/okm/downloadDocument?docTypemappingId=40828&refId=431558778&refType=caf&uuid=2dab1f71-9e49-4771-b9eb-7cfcf3cfc773&version=1.0;https://parivesh.nic.in/dms/okm/downloadDocument?docTypemappingId=40829&refId=431558778&refType=caf&uuid=75af6b74-3075-4817-8133-f5ae292eae95&version=1.0;https://parivesh.nic.in/dms/okm/downloadDocument?docTypemappingId=40828&refId=431558778&refType=caf&uuid=fdf8599f-d1b5-4ed7-b428-17854ce4efa8&version=1.0;https://parivesh.nic.in/dms/okm/downloadDocument?docTypemappingId=40828&refId=431558778&refType=caf&uuid=468349c4-266a-45b1-b9c4-4d00bfe8f2e7&version=1.0;https://parivesh.nic.in/dms/okm/downloadDocument?docTypemappingId=58989&refId=431558778&refType=FC&uuid=e892182a-b463-4194-9887-57b93dc0adbc&version=1.0,,https://parivesh.nic.in/newupgrade/#/report/ec?proposalId=592136578,3900000.0,2160000.0
808153578,Diversion of 20.36 Hectare of forest land for construction of 132 kV S/C (on D/C Tower) Kimi-Khuppi Transmission Line in West Kameng District of Arunachal Pradesh under State Funded Project of Arunachal Pradesh,New,FP/AR/PWR_TRANS/560496/2025,2025-12-03T15:46:50.430+00:00,,Pending at Nodal Officer due to EDS by State Secretary,20.36,5875.3,DEPARTMENT OF POWER GOVERNMENT OF ARUNACHAL PRADESH,,Forest clearance form,,,,132 kV S/C (on D/C Tower) Kimi-Khuppi Transmission Line,ARUNACHAL PRADESH,Jamiri Circle,Kimi Village,,,,Linear,0.0,20.36,20.36,0.0,0.0,0.0,0.0,0.0,0,0,0,YES,,NO,NO,NO,2025-12-12T17:19:30.596+00:00,,https://parivesh.nic.in/dms/okm/downloadDocument?docTypemappingId=59020&refId=808153378&refType=fc&uuid=9a02d940-eda0-4c19-a0ee-3f9549ee4f6e&version=1.0,Degraded Forest Land,true,,,,,,,,,,,,,,,,,,,,,,,,,,,,,,,,,,,"VIDYUT BHAWAN, ZERO POINT, ITANAGAR-791111",,12,State Government (Department/Autonomous body),EXECUTIVE ENGINEER,,12,,West Kameng,,https://parivesh.nic.in/dms/okm/downloadDocument?docTypemappingId=40829&refId=800585578&refType=caf&uuid=ec9d4f20-68d5-4608-9094-ffe1ef394f17&version=1.0;https://parivesh.nic.in/dms/okm/downloadDocument?docTypemappingId=40828&refId=800585578&refType=caf&uuid=8fb9a288-239b-4741-858f-693b0e0b4c3f&version=1.0;https://parivesh.nic.in/dms/okm/downloadDocument?docTypemappingId=40828&refId=800585578&refType=caf&uuid=f006f239-cdf0-4909-aaff-602a011de28e&version=1.0;https://parivesh.nic.in/dms/okm/downloadDocument?docTypemappingId=40828&refId=800585578&refType=caf&uuid=8cc89e00-01b7-4a30-a129-3545a3a0e17a&version=1.0;https://parivesh.nic.in/dms/okm/downloadDocument?docTypemappingId=58989&refId=800585578&refType=FC&uuid=f68ecb84-5d2a-44df-b5db-81e47f10d286&version=1.0,0,https://parivesh.nic.in/newupgrade/#/report/ec?proposalId=808153578,25550.0,102200.0
883265578,KAMLANG T-JUNCTION TO DEBAN (MIAO)  FROM DESIGN KM. 0.000 TO 39.600 (DESIGN LENGTH 39.600) SECTION OF FRONTIER HIGHWAY (NH-913) IN THE STATE OF ARUNACHAL PRADESH,New,WL/AR/ROAD/560958/2025,2025-12-08T06:32:17.041+00:00,,,81.02,47629.0,NATIONAL HIGHWAYS & INFRASTRUCTURE DEVELOPMENT CORPORATION LIMITED,,Wildlife clearance form,,,,Proposal for Diversion of forest land for the construction of intermidiate lane with with hard shoulder of KAMLANG T-JUNCTION  TO DEBAN (MIAO) FROM DESIGN KM. 0.000 TO 39.600 ( DESIGN LENGTH 39.600KM ) SECTION OF FRONTIER  HIGHWAY (NH-913) IN THE STATE OF ARUNACHAL PRADESH ON EPC MODE,ARUNACHAL PRADESH,Wakro Circle,Chikroglat,,,,Linear,0.0,81.02,81.02,0.0,0.0,0.0,0.0,0.0,0,0,0,Not applicable as the project or activity is site specific,,NO,NO,NO,2026-06-18T06:49:58.884+00:00,,,,,,,,,,,,,,,,,,,,,,,,,,,,,,,,,,,,,,,,,,,,,,,Lohit,,https://parivesh.nic.in/dms/okm/downloadDocument?docTypemappingId=40829&refId=353316378&refType=caf&uuid=8054bcc1-7c5b-42ac-b8ee-cc3b34d7fcea&version=1.0,266459,https://parivesh.nic.in/newupgrade/#/report/ec?proposalId=883265578,37500.0,71175.0
909512178,Forest clearance is required for the subject piece of land of Miss Jirmeen Tok Camdir for Establishment of HPCL Retail Outlet dealership Outlet  at Upper Seijosa within  2 km from SBI Seijosa on Seijosa Itakhola Road in Pakke Kessang district,New,FP/AR/PetrolPump/561132/2025,2025-12-09T07:56:31.542+00:00,,DELISTED_BY_SYSTEM,0.111,30.0,jirmeen tok camdir,,Forest clearance form,,,,"Proposal for diversion of forest land measuring 0.1110 Ha for establishment of a Hindustan Petroleum Corporation Limited (HPCL) Retail Outlet Dealership (Petrol Pump) within 2 Km of State Bank of India, Seijosa on Itakhola-Seijusa Road in Pakke Kessang District of Arunachal Pradesh",ARUNACHAL PRADESH,Seijosa ADC,Upper Seijosa,,,1,Non - Linear,0.0,0.111,0.111,0.0,0.0,0.0,0.0,0.0,0,0,0,Not applicable as the project or activity is site specific,,NO,NO,NO,2025-12-18T06:11:52.231+00:00,,,,false,,,,,,,,,,,,,,,,,,,,,,,,,,,,,,,,,,,Model Village PO PS NAHARLAGUN 791110 DISTRICT PAPUM PARE ARUNACHAL PRADESH,Seijosa,12,Individual,Proprietor,,12,,Pakke Kessang,1,https://parivesh.nic.in/dms/okm/downloadDocument?docTypemappingId=40829&refId=907226978&refType=caf&uuid=f5272f88-dfab-42be-b97e-86dedd074fc1&version=1.0;https://parivesh.nic.in/dms/okm/downloadDocument?docTypemappingId=58989&refId=907226978&refType=FC&uuid=83606474-7e10-4913-a12c-8025dde760d7&version=1.2,261913,https://parivesh.nic.in/newupgrade/#/report/ec?proposalId=909512178,11748.0,11748.0
944326378,Diversion of 20.36 Hectare of forest land for construction of 132 kV S/C (on D/C Tower) Kimi-Khuppi Transmission Line in West Kameng District of Arunachal Pradesh under State Funded Project of Arunachal Pradesh,New,WL/AR/TRANS/561339/2025,2025-12-10T18:29:46.644+00:00,,,20.36,5875.3,DEPARTMENT OF POWER GOVERNMENT OF ARUNACHAL PRADESH,,Wildlife clearance form,,,,132 kV S/C (on D/C Tower) Kimi-Khuppi Transmission Line,ARUNACHAL PRADESH,Jamiri Circle,Kimi Village,,,,Linear,0.0,20.36,20.36,0.0,0.0,0.0,0.0,0.0,0,0,0,YES,,NO,NO,NO,2025-12-12T17:12:15.052+00:00,,,,,,,,,,,,,,,,,,,,,,,,,,,,,,,,,,,,,,,,,,,,,,,West Kameng,,https://parivesh.nic.in/dms/okm/downloadDocument?docTypemappingId=40829&refId=800585578&refType=caf&uuid=ec9d4f20-68d5-4608-9094-ffe1ef394f17&version=1.0;https://parivesh.nic.in/dms/okm/downloadDocument?docTypemappingId=40828&refId=800585578&refType=caf&uuid=8fb9a288-239b-4741-858f-693b0e0b4c3f&version=1.0;https://parivesh.nic.in/dms/okm/downloadDocument?docTypemappingId=40828&refId=800585578&refType=caf&uuid=f006f239-cdf0-4909-aaff-602a011de28e&version=1.0;https://parivesh.nic.in/dms/okm/downloadDocument?docTypemappingId=40828&refId=800585578&refType=caf&uuid=8cc89e00-01b7-4a30-a129-3545a3a0e17a&version=1.0,0,https://parivesh.nic.in/newupgrade/#/report/ec?proposalId=944326378,25550.0,102200.0
1051713378,Proposal for diversion of 1.94 ha of forest land for construction of Chuna Bridge Point to Kenda-Zho road (2.800 KM) in Tawang District of Arunachal Pradesh,New,FP/AR/ROAD/561983/2025,2025-12-16T15:26:37.124+00:00,,Pending at DFO for Scrutiny and Recommendation,1.94,40.0,Public Works Department,,Forest clearance form,,,,Proposal for diversion of 1.94 ha of forest land for construction of Chuna Bridge Point to Kenda-Zho road (2.800 KM) in Tawang District of Arunachal Pradesh,ARUNACHAL PRADESH,Thingbu Circle,Thingbu-Luguthang,,,1,Linear,0.0,1.94,1.94,0.0,0.0,0.0,0.0,0.0,0,0,0,YES,,NO,NO,NO,2025-12-17T14:13:09.006+00:00,,,Degraded Forest Land,true,,,,,,,,,,,,,,,,,,,,,,,,,,,,,,,,,,,"Lhou Sub-Division, PWD, Lhou, District Tawang-790105",,12,State Government (Department/Autonomous body),Assistant Engineer,,12,,Tawang,1,https://parivesh.nic.in/dms/okm/downloadDocument?docTypemappingId=40829&refId=934414778&refType=caf&uuid=eb97b915-fa92-4efb-9d67-2f82805f462f&version=1.0;https://parivesh.nic.in/dms/okm/downloadDocument?docTypemappingId=40828&refId=934414778&refType=caf&uuid=e7a8e1ed-599a-4123-9d26-d02fe5646bc6&version=1.0;https://parivesh.nic.in/dms/okm/downloadDocument?docTypemappingId=40828&refId=934414778&refType=caf&uuid=c823ef62-718a-4240-a16c-546cd381fd97&version=1.0;https://parivesh.nic.in/dms/okm/downloadDocument?docTypemappingId=40828&refId=934414778&refType=caf&uuid=e23ffdcb-bfd7-48c2-8764-4c57c694427d&version=1.0;https://parivesh.nic.in/dms/okm/downloadDocument?docTypemappingId=40828&refId=934414778&refType=caf&uuid=3d419207-caa8-4099-8caa-1582da60607c&version=1.0;https://parivesh.nic.in/dms/okm/downloadDocument?docTypemappingId=58989&refId=934414778&refType=FC&uuid=01e7abce-88cf-4117-b532-b5749feec24b&version=1.0,261610,https://parivesh.nic.in/newupgrade/#/report/ec?proposalId=1051713378,27690.0,27690.0
1082659578,"Kamala HE Project is proposed as a multipurpose scheme for flood moderation and hydropower generation. It envisages utilization of water from Kamala River, a major tributary of Subansiri River. The scheme proposes construction of a 216 m high concrete gravity dam. The project shall have a installed capacity of 1720MW.",New,IA/AR/RIV/562202/2026,2025-12-18T07:30:05.529+00:00,,DELISTED_BY_SYSTEM,3858.8904,2181500.0,NHPC LIMITED,,Environment clearance form,EC,A,,Kamala Hydro Electric Project,ARUNACHAL PRADESH,Kamporijo Circle,Bam,J-12011/11/2024-IA-I(R),,,Non - Linear,580.8,3278.0904,3858.8904,0.0,0.0,0.0,0.0,0.0,6,1300,1300,YES,,NO,NO,NO,2026-01-06T07:45:13.703+00:00,,,,,,,,,,,,,,,,,,,,,,,,,,,,,,,,,,,,,,,,,,,,,,,Kamle,,https://parivesh.nic.in/dms/okm/downloadDocument?docTypemappingId=40828&refId=29700385&refType=caf&uuid=d3785da6-bb56-4aa5-944d-dbb33724a0a9&version=1.0;https://parivesh.nic.in/dms/okm/downloadDocument?docTypemappingId=40828&refId=29700385&refType=caf&uuid=d430ed46-ca08-4114-b55d-0f5fa8a86fc5&version=1.0;https://parivesh.nic.in/dms/okm/downloadDocument?docTypemappingId=40829&refId=29700385&refType=caf&uuid=d0f9ce06-070e-4195-a3bd-7469d87a50c6&version=1.0,,https://parivesh.nic.in/newupgrade/#/report/ec?proposalId=1082659578,8030000.0,9490000.0
1176044978,"The proposed Demwe Lower Hydroelectric Project falls in the foothills of Lohit basin and is proposed on the river Lohit, a tributary of mighty Brahmaputra in Lohit District of Arunachal Pradesh. The project envisages construction of a 474.35 m Concrete Gravity Dam from the riverbed level across river Lohit to generate 1750 MW of hydropower. The total land requirements for the various activities have been estimated as 1589.97 ha. In which Non Forest Land 174.05 ha and Forest land 1415.92 ha. A total 204 families will be affected due to this project out of which 240 families will be displaced. The minimum distance from main river Lohit to the Sanctuary is around 4.12 km along the Lang river. The FRL/MWL of Demwe Lower was fixed in such a way that no submergence occurs in the Kamlang Wildlife Sanctuary. Which is at an aerial distance of about 9.3 km from Sanctuary. The total estimated cost of the project is about Rs. Rs. 8347.89 Croresand likely to be completed in 60 months.",New,IA/AR/RIV/562775/2025,2025-12-23T07:02:46.355+00:00,,Proposal returned in present form,1589.97,8.34789,GREENKO DEMWE  POWER LIMITED,,Application for Validity Extension of EC- Form-6,OTHER,,,Demwe Lower Hydroelectric Project,ARUNACHAL PRADESH,Hayuliang ADC,Yealing,J-12011/4/2008-IA.I,,,Hybrid,174.05,1415.92,1589.97,0.0,0.0,0.0,0.0,0.0,23,240,240,YES,,NO,NO,NO,2025-12-24T09:49:42.354+00:00,,,,,,,,,,,,,,,,,,,,,,,,,,,,,,,,,,,,,,,,,,,,,,,Anjaw,,https://parivesh.nic.in/dms/okm/downloadDocument?docTypemappingId=40829&refId=137565610&refType=caf&uuid=ee993cfd-756a-4351-a5c2-3d4c7db9246f&version=1.0,266363,https://parivesh.nic.in/newupgrade/#/report/ec?proposalId=1176044978,4620000.0,2400000.0
1216257223,"Request for Forest clearance for renewal of lease of 15.30ha of land in favour of Coffee Board, Technology Evaluation Centre, Deomali, Arunachal Pradesh",New,FP/AR/OTHERS/564751/2026,2026-01-08T09:21:30.957+00:00,,Rejected in PSC-I,15.3,0.0,COFFEE BOARD,,Form-B (Part-I): Renewal of Lease on Forest Land,,,,"Request for Forest clearance for renewal of lease of 15.30ha of land in favour of Coffee Board, Technology Evaluation Centre, Deomali, Arunachal Pradesh",ARUNACHAL PRADESH,Deomali ADC,Namsangmukh,,,comp.no.39,Non - Linear,0.0,15.3,15.3,0.0,0.0,0.0,0.0,0.0,0,0,0,Not applicable as the project or activity is site specific,,YES,NO,NO,2026-01-08T12:31:15.736+00:00,,,,,,,,,,,,,,,,,,,,,,,,,,,,,,,,,,,,,,,"O/O TEC, COFFEE BOARD, DEOMALI",,12,Central Government (Department/Autonomous body),Extension Inspector,Deomali,12,,Tirap,comp.no.39,https://parivesh.nic.in/dms/okm/downloadDocument?docTypemappingId=40829&refId=1216048318&refType=caf&uuid=0326bd24-3e72-4234-bb2e-446954c2fffa&version=1.0,264416,https://parivesh.nic.in/newupgrade/#/report/ec?proposalId=1216257223,0.0,2556.0
1216425951,"The Kalai H.E. Project Stage- II is located in the Anjaw District of Arunachal Pradesh. The project envisages utilization of the discharge of the Lohit River, a tributary of the Brahmaputra River to generate about 1200 MW of power or 4852.95 GWh of design Energy (90% dependable year with 95% machine availability). The project is proposed to be developed as a run-of-the-river with a pondage scheme by constructing a 198.00 m high concrete gravity dam (from the deepest foundation level) and an underground powerhouse.",Amendment,FP/AR/SRY/565007/2026,2026-01-09T12:57:34.343+00:00,,Approval Granted,869.3503,14.17626,THDC INDIA LIMITED,,FormC_Exempted_Category_Part_I,,,,Kalai II Hydro Electric Project,ARUNACHAL PRADESH,Hawai HQ,Chendun,,,,Hybrid,0.0,869.3503,869.3503,0.0,0.0,0.0,0.0,0.0,33,376,1521,YES,,NO,NO,NO,2026-01-22T18:30:00.000+00:00,,,,,,,,,,,,,,,,,,,,,,,,,,,,,,,,,,,,,,,"Gangotri Bhawan, Pragatipuram",,5,"Central PSU (eg. NHAI, AAI, NTP, CIL, SAIL)",General Manager,,5,,Anjaw,,https://parivesh.nic.in/dms/okm/downloadDocument?docTypemappingId=40828&refId=40774729&refType=caf&uuid=79a27101-5646-4b4d-b4b6-df5e2f85769a&version=1.0;https://parivesh.nic.in/dms/okm/downloadDocument?docTypemappingId=40828&refId=40774729&refType=caf&uuid=26d2b628-6991-46cb-a8d5-3425f15c8909&version=1.0;https://parivesh.nic.in/dms/okm/downloadDocument?docTypemappingId=40829&refId=128317503&refType=caf&uuid=296ae938-b9d0-4117-b24b-9a5d8ea9f860&version=1.0;https://parivesh.nic.in/dms/okm/downloadDocument?docTypemappingId=40828&refId=40774729&refType=caf&uuid=46c52817-f071-481d-91e4-4813f0736ff5&version=1.0;https://parivesh.nic.in/dms/okm/downloadDocument?docTypemappingId=40828&refId=40774729&refType=caf&uuid=73b49eac-0cf8-4ece-aa6d-8e1ccbfffb7f&version=1.0;https://parivesh.nic.in/dms/okm/downloadDocument?docTypemappingId=40828&refId=40774729&refType=caf&uuid=64d76435-9e86-4241-a4fc-53025f73da81&version=1.0;https://parivesh.nic.in/dms/okm/downloadDocument?docTypemappingId=40828&refId=40774729&refType=caf&uuid=2835caf8-21f3-49cd-b2ab-3960f634bfdd&version=1.0;https://parivesh.nic.in/dms/okm/downloadDocument?docTypemappingId=40829&refId=40774729&refType=caf&uuid=569e056e-7486-4fc2-aa0c-dafb2a182f5f&version=1.0,,https://parivesh.nic.in/newupgrade/#/report/ec?proposalId=1216425951,4015000.0,3285000.0
1216694024,"Forest clearance for the already allotted land to Geological Survey of India near Ganga Basti, Itanagar.",New,FP/AR/DeReservation/565430/2026,2026-01-13T11:05:54.365+00:00,,Rejected in PSC-I,8.26,3189.98,"Geological Survey of INDIA, Ministry of Mines",,Forest clearance form,,,,"Geological Survey of India, SU: Arunachal Pradesh",ARUNACHAL PRADESH,Itanagar EAC,Yijo Hapa,,,"129, K-13",Hybrid,1.1,7.16,8.26,0.0,0.0,0.0,0.0,0.0,0,0,0,Not applicable as the project or activity is site specific,,NO,YES,NO,2026-02-12T09:29:08.897+00:00,,,Degraded Forest Land,true,,,,,,,,,,,,,,,,,,,,,,,,,,,,,,,,,,,"GEOLOGICAL SURVEY OF INDIA, GANGA BASTI, NEAR POLICE HEAD QUARTER ITANAGAR",Ganga Basti,12,Central Government (Department/Autonomous body),Geologist,,12,,Papum Pare,"129, K-13",https://parivesh.nic.in/dms/okm/downloadDocument?docTypemappingId=40829&refId=1213118188&refType=caf&uuid=a70655f3-5526-4373-9616-d7b5e2632d6c&version=1.0;https://parivesh.nic.in/dms/okm/downloadDocument?docTypemappingId=58989&refId=1213118188&refType=FC&uuid=3b4ad163-c850-460b-a634-c696a6f06022&version=1.0,262446,https://parivesh.nic.in/newupgrade/#/report/ec?proposalId=1216694024,960.0,960.0
1218398917,"The staging camp is to be established to guard Indo China Border, keeping the necessity and its importance for national security. No revenue will be generated from this project.",New,WL/AR/DEF/567919/2026,2026-02-04T07:26:41.686+00:00,,,0.6,50.0,"Indo Tibetan Border Police, Ministry of Home Affairs",,Wildlife clearance form,,,,"Diversion of 1.5 Acres (0.6 hect) of forest land for construction of new Staging camp at Tapo Oyan of 58th bn ITBP, Roing (Ar.P)",ARUNACHAL PRADESH,Mipi,NA,,,,Non - Linear,0.0,0.6,0.6,0.0,0.0,0.0,0.0,0.0,0,0,0,Not applicable as the project or activity is site specific,,NO,NO,NO,2026-02-04T11:51:22.362+00:00,,,,,,,,,,,,,,,,,,,,,,,,,,,,,,,,,,,,,,,,,,,,,,,Upper Dibang Valley,,https://parivesh.nic.in/dms/okm/downloadDocument?docTypemappingId=40829&refId=1218377808&refType=caf&uuid=2c7c869c-182b-4f29-a6f9-ca5be0d8d19a&version=1.0,"",https://parivesh.nic.in/newupgrade/#/report/ec?proposalId=1218398917,15330.0,15330.0
1218455320,Forest clearance is required for the subject piece of land of Miss Jirmeen Tok Camdir for Establishment of HPCL Retail Outlet dealership Outlet  at Upper Seijosa within  2 km from SBI Seijosa on Seijosa Itakhola Road in Pakke Kessang district,New,WL/AR/PetrolPump/568010/2026,2026-02-04T16:29:19.572+00:00,,,0.111,30.0,jirmeen tok camdir,,Wildlife clearance form,,,,"Proposal for diversion of forest land measuring 0.1110 Ha for establishment of a Hindustan Petroleum Corporation Limited (HPCL) Retail Outlet Dealership (Petrol Pump) within 2 Km of State Bank of India, Seijosa on Itakhola-Seijusa Road in Pakke Kessang District of Arunachal Pradesh",ARUNACHAL PRADESH,Seijosa ADC,Upper Seijosa,,,1,Non - Linear,0.0,0.111,0.111,0.0,0.0,0.0,0.0,0.0,0,0,0,Not applicable as the project or activity is site specific,,NO,NO,NO,2026-02-04T16:55:18.794+00:00,,,,,,,,,,,,,,,,,,,,,,,,,,,,,,,,,,,,,,,,,,,,,,,Pakke Kessang,1,https://parivesh.nic.in/dms/okm/downloadDocument?docTypemappingId=40829&refId=907226978&refType=caf&uuid=f5272f88-dfab-42be-b97e-86dedd074fc1&version=1.0,261913,https://parivesh.nic.in/newupgrade/#/report/ec?proposalId=1218455320,11748.0,11748.0
1219175074,"Diversion of 4.68 ha of Namchik Reserve Forest for a safety zone around the Mining Lease of Namchik Namphuk Opencast Coal Mine, Dist. Changlang, Arunachal Pradesh, in compliance with the Condition No 6 of the approval of diversion of 128.97 ha of forest accorded by the Forest Department Govt. of Arunachal Pradesh vide No FOR.14-7/Cons/2002/Pt-I/13344-51, dated July 27, 2025 [Online Proposal No - FP/AR/MIN/611/2003] granted to M/s Coal Pulz Private Limited",New,FP/AR/MIN/QRY/568940/2026,2026-02-12T12:36:35.106+00:00,,Pending at Nodal Officer for Recommendation,4.68,13387.0,COAL PULZ PRIVATE LIMITED,,Forest clearance form,,,,"Diversion of 4.68 ha of Namchik Reserve Forest for a safety zone around the Mining Lease of Namchik Namphuk Opencast Coal Mine, Dist. Changlang, Arunachal Pradesh, in compliance with the Condition No 6 of the approval of diversion of 128.97 ha of forest accorded by the Forest Department Govt. of Arunachal Pradesh vide No FOR.14-7/Cons/2002/Pt-I/13344-51, dated July 27, 2025 [Online Proposal No - FP/AR/MIN/611/2003] granted to M/s Coal Pulz Private Limited",ARUNACHAL PRADESH,Kharsang Circle,Longtom-I,,,,Non - Linear,0.0,4.68,4.68,0.0,0.0,0.0,0.0,0.0,0,0,0,Not applicable as the project or activity is site specific,,NO,NO,NO,2026-04-09T18:30:00.000+00:00,,,Degraded Forest Land,true,2025-09-10T00:00:00.000+00:00,30,30/00,2055-09-09T00:00:00.000+00:00,133.65,0.2,"",Approved,Coal,2.34,0.0,5.6723,0.0001,0.0001,2.34,14/00,"Coal Controller Organization A subordinate organization of Ministry of Coal, Government of India,","",Opencast,Mechanized,"","",The External Dump area is within the mining lease area for which diversion of forest land is approved. The present diversion proposal is for safety zone and there will be no external dump within the safety zone,No internal dump is proposed in the approved Mining Plan within the Mining Lease Area for for which diversion of forest land is approved.  The present proposal is for safety zone. There will be no internal dump within the safety zone,The Topsoil Dump area is within the mining lease area for which diversion of forest land is approved. The present diversion proposal is for safety zone and there will be no topsoil dump within the safety zone,29.94,"The values shown are within the mining lease for which the forest diversion is already approved.  The present diversion proposal is for safety zone, and there will be no quarry area or final void within the safety zone.",A dedicated area of 1.1525ha is earmarked for the storage of coal within the Mining Lease Area. This area does not overlap the safety zone proposed for diversion. The coal stored in that area of 1.1525ha will be further transported for consumer use.,"Coal produced from the mine will be sold to various consumers on an ex-mine basis. The consumers will be placing trucks for taking the delivery of the coal from the mine, and the project proponent will be loading the trucks of the consumers by deploying suitable loading machinery (Pay Loader) as per the approved Mining Plan.

Accordingly, the transportation will be by Road Mode from the Mining Lease, and the consumers will be deciding the route of transportation of coal from the mine to their consumption centre.","",81.37,0.0001,52.28,0.0001,"1ST FLOOR, UNIQUE PLAZA, 
TRIPURA ROAD
NEAR  ISUZU SHOWROOM
BELTOLA
GUWAHATI",,18,Private Limited,DIRECTOR,,18,,Changlang,,https://parivesh.nic.in/dms/okm/downloadDocument?docTypemappingId=40829&refId=1217078391&refType=caf&uuid=dfab3d7a-b131-4421-8b8e-17c36264aa4f&version=1.0;https://parivesh.nic.in/dms/okm/downloadDocument?docTypemappingId=58989&refId=1217078391&refType=FC&uuid=040386de-7a50-40a1-9c6e-ac2621b6c78d&version=1.0,264305,https://parivesh.nic.in/newupgrade/#/report/ec?proposalId=1219175074,4148250.0,657720.0
1219409991,Anjaw Hydro Electric Project is proposed as a pure run of the river scheme (R-o-R) in Anjaw district of Arunachal Pradesh across river Lohit which is a major left bank tributary of the Brahmaputra River. This project utilizes a design head of 26.03 m for an installed capacity of 270 MW (4 x 67.50 MW) with a design discharge of 1166.65 cumecs. The project envisages construction of a 27m high barrage from the crest level at a distance of 2.0 km from Chikruliang village. The project has an installed capacity of 270 MW with an annual energy generation of 1157.14 MU 95% Machine availability in 90% dependable year.,New,FP/AR/HYD/IRRIG/569222/2026,2026-02-16T05:33:14.063+00:00,,Pending at DFO/CF/Nodal Officer after acceptance in PSC-I,156.5,2.98343,LOHIT URJA PRIVATE LIMITED,,Forest clearance form,,,,Anjaw Hydro Electric Project (270MW),ARUNACHAL PRADESH,Hayuliang ADC,Chunga,,,,Non - Linear,0.0,156.5,156.5,0.0,0.0,0.0,0.0,0.0,6,14,0,YES,,NO,NO,NO,2026-02-17T08:51:00.778+00:00,,https://parivesh.nic.in/dms/okm/downloadDocument?docTypemappingId=59020&refId=1219409990&refType=fc&uuid=b7cf28d0-141c-4e87-9aac-e99f104f92bc&version=1.0,Degraded Forest Land,true,,,,,,,,,,,,,,,,,,,,,,,,,,,,,,,,,,,"Front Side, 3rd Floor, Part of Property No. E-561, A-561, G.R. Plaza, Palam Sector-7, dwarka, New Delhi",,7,Private Limited,Director,,7,,Anjaw,,https://parivesh.nic.in/dms/okm/downloadDocument?docTypemappingId=40829&refId=1219146757&refType=caf&uuid=cda33ce8-0467-4ac0-8337-7de5ce11670e&version=1.0;https://parivesh.nic.in/dms/okm/downloadDocument?docTypemappingId=40828&refId=1219146757&refType=caf&uuid=6730ff8a-1c8a-422b-ab50-5c16db5a0cac&version=1.0;https://parivesh.nic.in/dms/okm/downloadDocument?docTypemappingId=40828&refId=1219146757&refType=caf&uuid=dcdd2dde-2358-41f5-8171-6c4afcc4ca36&version=1.0;https://parivesh.nic.in/dms/okm/downloadDocument?docTypemappingId=40828&refId=1219146757&refType=caf&uuid=8f7b9dad-0338-42d4-b967-c4e05bd2b8d5&version=1.0;https://parivesh.nic.in/dms/okm/downloadDocument?docTypemappingId=58989&refId=1219146757&refType=FC&uuid=a229c9d5-2e4c-4d77-9c52-7ca5157500af&version=1.0;https://parivesh.nic.in/dms/okm/downloadDocument?docTypemappingId=58989&refId=1219146757&refType=FC&uuid=24b1f9a7-484d-4047-895d-4ab0de2c2719&version=1.0,266670,https://parivesh.nic.in/newupgrade/#/report/ec?proposalId=1219409991,2340000.0,1440000.0
1219726839,This project is related to exploratory drilling for establishing Hydrocarbons at the Location KHAS.,New,SIA/AR/IND2/569648/2026,2026-02-19T05:22:28.292+00:00,2026-09-10T09:12:26.130+00:00,EC Granted,3.94,1964.0,OIL INDIA LIMITED,,Environment clearance form,TOR,B2,"Off-shore and onshore oil and gas exploration,  development and production",Onshore Oil & Gas drilling at Loc. KHAS,ARUNACHAL PRADESH,Miao ADC,Old Plone,,SIA/AR/IND2/569648/2026,,Non - Linear,0.0,3.94,3.94,0.0,0.0,0.0,0.0,0.0,0,0,0,Not applicable as the project or activity is site specific,,NO,NO,NO,2026-04-22T08:14:00.236+00:00,,,,,,,,,,,,,,,,,,,,,,,,,,,,,,,,,,,,,,,,,,,,,,,Changlang,,https://parivesh.nic.in/dms/okm/downloadDocument?docTypemappingId=40829&refId=121844792&refType=caf&uuid=2672ceac-4946-4a71-a1d4-4635f3ecf550&version=1.0,264265,https://parivesh.nic.in/newupgrade/#/report/ec?proposalId=1219726839,720.0,10080.0
1219728632,"The proposed Staging Camp is being established for the purpose of guarding the Indo–China Border, considering its strategic necessity and importance for national security. The project is purely operational in nature and intended to strengthen border management and surveillance in the sensitive frontier region. No commercial activity or revenue generation is involved in this project. The establishment is solely for defence and operational purposes in the interest of national security.",New,WL/AR/DEF/569653/2026,2026-02-19T05:35:59.134+00:00,,,0.6,50.0,"Indo Tibetan Border Police, Ministry of Home Affairs",,Wildlife clearance form,,,,Proposal for Diversion of 0.6 Hac. of Forest land for establishment of new staging camp at Pamo of 62nd Bn ITBP,ARUNACHAL PRADESH,Anini,NA,,,,Non - Linear,0.0,0.6,0.6,0.0,0.0,0.0,0.0,0.0,0,0,0,Not applicable as the project or activity is site specific,,NO,NO,NO,2026-05-08T06:55:22.827+00:00,,,,,,,,,,,,,,,,,,,,,,,,,,,,,,,,,,,,,,,,,,,,,,,Upper Dibang Valley,,https://parivesh.nic.in/dms/okm/downloadDocument?docTypemappingId=40829&refId=1219574316&refType=caf&uuid=37442a03-9cb6-4489-84ff-199ddd492f71&version=1.0,"",https://parivesh.nic.in/newupgrade/#/report/ec?proposalId=1219728632,7.0,7.0
1219737655,"Dedza Dolomite Deposit is located in Kaspi and New Kaspivillage in West Kameng district of Arunachal Pradesh andincluded in the Survey of India Toposheet Nos. 83A/12. Thearea has rugged and dissected topography. As per theapproved Mining Plan total mineable mineral reserve isestimated at 1,25,46,389 tonnes. Total Mining lease area ofthe project is 185.94Ha. The project envisages peakproduction of 6633131 TPA of Dolomite mineral byopencast fully mechanized method.",New,FP/AR/MIN/QRY/569667/2026,2026-02-19T06:27:45.511+00:00,,Pending at DFO/CF/Nodal Officer after acceptance in PSC-I,42.983,2002.0,Metis Steel Private Limited,,Forest clearance form,,,,"Mining of dolomite mineral for Dedza Dolomite deposit in the district of West Kameng, Arunachal Pradesh",ARUNACHAL PRADESH,Singchung ADC,Dahung River Side-I,,,,Non - Linear,25.426,17.557,42.983,0.0,0.0,0.0,0.0,0.0,0,0,0,Not applicable as the project or activity is site specific,,NO,NO,NO,2026-02-20T13:03:35.067+00:00,,https://parivesh.nic.in/dms/okm/downloadDocument?docTypemappingId=59020&refId=1219737654&refType=fc&uuid=d6411a8d-dc4a-4006-a85e-dfa982e0eb9e&version=1.0,Degraded Forest Land,true,2020-10-14T00:00:00.000+00:00,50/00,50/00,2071-02-04T00:00:00.000+00:00,185.94,6.63,LOI was extended for 3 years Vide letter no DGM/11013/1/2021/CN-34169/2000-10 Dated 26/8/2025,Approved,Dolomite,5.55,7.0,0.0001,55.39,0.0001,12.55,08/00,"Department of Geology and Mining, Govt. of Arunachal Pradesh","",Opencast,Mechanized,"","","",NIL,NIL,19.29,"",The excavated ore to be despatched directly from the pit head through covered trucks,The excavated ore to be despatched directly from the pit head through covered trucks,"",54.76,0.01,0.25,130.92,"347, Santosh Roy Road, Thakurpukur, South 24 Parganas, Kolkata",Kolkata,19,Private Limited,Deputy Manager - Geology,Kolkata,19,,West Kameng,,https://parivesh.nic.in/dms/okm/downloadDocument?docTypemappingId=40829&refId=1219414763&refType=caf&uuid=90e18efd-afd2-4ce5-ab40-07caf3da2187&version=1.0;https://parivesh.nic.in/dms/okm/downloadDocument?docTypemappingId=58989&refId=1219414763&refType=FC&uuid=c9430394-ae28-4fd0-bb56-aa7ec3a3d5b4&version=1.0,261817,https://parivesh.nic.in/newupgrade/#/report/ec?proposalId=1219737655,12000.0,1710000.0
1219764080,"Forest clearance for already allotted land to the Geological Survey of India near Ganga Basti, Itanagar",New,FP/AR/OTHERS/569710/2026,2026-02-19T09:10:52.156+00:00,,Pending at DFO/CF after acceptance in PSC-I,8.26,3189.98,"Geological Survey of INDIA, Ministry of Mines",,Forest clearance form,,,,"Diversion of Forest Land for Office Infrastructure of Geological Survey of India, SU: Arunachal Pradesh, Itanagar",ARUNACHAL PRADESH,Balijan ADC,Balijan Nishi,,,,Non - Linear,1.1,7.16,8.26,0.0,0.0,0.0,0.0,0.0,0,0,0,Not applicable as the project or activity is site specific,,NO,YES,NO,2026-06-07T18:30:00.000+00:00,,,Degraded Forest Land,true,,,,,,,,,,,,,,,,,,,,,,,,,,,,,,,,,,,"GEOLOGICAL SURVEY OF INDIA, GANGA BASTI, NEAR POLICE HEAD QUARTER ITANAGAR",Ganga Basti,12,Central Government (Department/Autonomous body),Geologist,Ganga Basti Itanagar,12,,Papum Pare,,https://parivesh.nic.in/dms/okm/downloadDocument?docTypemappingId=40829&refId=1219723972&refType=caf&uuid=8da2b9ef-2d1e-4e87-b1c7-1b8dd9cf3a83&version=1.0;https://parivesh.nic.in/dms/okm/downloadDocument?docTypemappingId=58989&refId=1219723972&refType=FC&uuid=80730758-e508-4341-9901-84e4ff5f85e7&version=1.0,262287,https://parivesh.nic.in/newupgrade/#/report/ec?proposalId=1219764080,960.0,960.0
1220093381,Proposal for diversion of 0.25 ha of forest land for Establishment of BPCL Retail Outlet at Location Deomali not on NH (within 4 KM radius of M/s Changun Agency on Arunachal side) at Deomali in Tirap District,New,FP/AR/PetrolPump/570130/2026,2026-02-23T13:30:22.227+00:00,,Pending at DFO due to EDS by Nodal Officer,0.25,40.0,Wanggo Lowang,,Forest clearance form,,,,Proposal for diversion of 0.25 ha of forest land for Establishment of BPCL Retail Outlet at Location Deomali not on NH (within 4 KM radius of M/s Changun Agency on Arunachal side) at Deomali in Tirap District,ARUNACHAL PRADESH,Deomali ADC,Namsangmukh,,,1,Non - Linear,0.0,0.25,0.25,0.0,0.0,0.0,0.0,0.0,0,0,0,Not applicable as the project or activity is site specific,,NO,NO,NO,2026-02-23T14:18:24.832+00:00,,,,false,,,,,,,,,,,,,,,,,,,,,,,,,,,,,,,,,,,"S/o Wangki Lowang, MLA Colony, Deomali",Deomali,12,Individual,Proprietor,Deomali,12,,Tirap,1,https://parivesh.nic.in/dms/okm/downloadDocument?docTypemappingId=40829&refId=1220036049&refType=caf&uuid=c19849a1-7748-4da3-91e4-b211a44be595&version=1.0;https://parivesh.nic.in/dms/okm/downloadDocument?docTypemappingId=58989&refId=1220036049&refType=FC&uuid=5a04f9f3-67a0-4838-8f34-2fb35099b832&version=1.0,264416,https://parivesh.nic.in/newupgrade/#/report/ec?proposalId=1220093381,7665.0,7665.0
1220425925,BOTTEL WATER PACKING PLANT,New,FP/AR/WATER/570661/2026,2026-02-27T06:28:34.243+00:00,,Pending at Nodal Officer for Recommendation,0.0365,50.0,TALAR TACHI,,Forest clearance form,,,,DRINKING WATER PLANT,ARUNACHAL PRADESH,Seijosa ADC,Upper Seijosa,,,"N 26°57'13.31""  E 93° 0'21.22""",Non - Linear,0.0,0.0365,0.0365,0.0,0.0,0.0,0.0,0.0,0,0,0,Not applicable as the project or activity is site specific,,NO,NO,NO,2026-03-09T15:08:55.314+00:00,,,,false,,,,,,,,,,,,,,,,,,,,,,,,,,,,,,,,,,,"SEIJOSA- II, UPPER SEIJOSA, EAST KAMENG, SEIJOSA, ARUNACHAL PRADESH",SEIJOSA,12,Individual,PROPRATOR,SEIJOSA,12,,Pakke Kessang,"N 26°57'13.31""  E 93° 0'21.22""",https://parivesh.nic.in/dms/okm/downloadDocument?docTypemappingId=40829&refId=1220147954&refType=caf&uuid=e2f1b28f-bb31-488a-b15f-e518317f78f7&version=1.0;https://parivesh.nic.in/dms/okm/downloadDocument?docTypemappingId=58989&refId=1220147954&refType=FC&uuid=1aecfe27-b23b-4a7e-9579-8e412ca5b3d7&version=1.0,261913,https://parivesh.nic.in/newupgrade/#/report/ec?proposalId=1220425925,4501.0,15.0
1221390702,"Niare Hydro Electric Project is proposed as a run-of-river scheme across Subansiri River, a major right bank tributary of River Brahmaputra. The project envisages the construction of about 149.50m high Concrete Gravity Dam above the deepest foundation level near Niare village, 50 km upstream of Nacho town in Upper Subansiri District of Arunachal Pradesh.  The installed capacity of the project has been proposed as 909 MW (810 MW + 99 MW) with a rated net head of 185.28m and a design discharge of 486.50 cumecs for Main Scheme and 122 cumecs for Auxiliary Scheme. The submergence area is estimated as 48 ha at FRL of 1259m. A head race tunnel of 4.1 km long has been proposed on the left bank of Subansiri river to carry water from the dam. The proposed scheme would produce 3536MU in 90% dependable year with 95% machine availability with an annual Plant Load Factor of 45.65%.",New,IA/AR/RIV/571878/2026,2026-03-10T09:52:11.215+00:00,,Proposal returned in present form,175.05,7726.5,ANDRA POWER PRIVATE LIMITED,R. S. Envirolinks Technologies Pvt. Ltd.,Application for amendment in ToR (for categories A & B1)/Amendment in EC (for category B2)- Form-3,OTHER,A,River Valley/Irrigation projects,Niare Hydroelectric Project (909 MW),ARUNACHAL PRADESH,Limeking Circle,Bodok,J-12011/07/2021-IA-I (R),,,Non - Linear,0.0,175.05,175.05,0.0,0.0,0.0,0.0,0.0,0,0,0,YES,,NO,NO,NO,2026-03-17T08:08:18.620+00:00,,,,,,,,,,,,,,,,,,,,,,,,,,,,,,,,,,,,,,,,,,,,,,,Upper Subansiri,,https://parivesh.nic.in/dms/okm/downloadDocument?docTypemappingId=40828&refId=431558778&refType=caf&uuid=e488114d-ef9b-43b1-a2b4-96544256b1ce&version=1.0;https://parivesh.nic.in/dms/okm/downloadDocument?docTypemappingId=40828&refId=431558778&refType=caf&uuid=2dab1f71-9e49-4771-b9eb-7cfcf3cfc773&version=1.0;https://parivesh.nic.in/dms/okm/downloadDocument?docTypemappingId=40829&refId=431558778&refType=caf&uuid=75af6b74-3075-4817-8133-f5ae292eae95&version=1.0;https://parivesh.nic.in/dms/okm/downloadDocument?docTypemappingId=40828&refId=431558778&refType=caf&uuid=fdf8599f-d1b5-4ed7-b428-17854ce4efa8&version=1.0;https://parivesh.nic.in/dms/okm/downloadDocument?docTypemappingId=40828&refId=431558778&refType=caf&uuid=468349c4-266a-45b1-b9c4-4d00bfe8f2e7&version=1.0,,https://parivesh.nic.in/newupgrade/#/report/ec?proposalId=1221390702,3900000.0,2160000.0
1221604486,"The staging camp is established to guard the Indo-China Border , keeping the necessity and importance for national security. No revenue will be generated from this project",New,WL/AR/DEF/572199/2026,2026-03-13T01:11:36.736+00:00,,,0.6,50.0,COMMANDANT 9TH BN ITBP LOHITPUR,,Wildlife clearance form,,,,Proposal for Diversion of 0.6 Hact. of forest land for Establishment of new staging camp Kandey of 9th Bn ITB Police,ARUNACHAL PRADESH,Etalin,Maliney,,,,Non - Linear,0.6,0.0,0.6,0.0,0.0,0.0,0.0,0.0,0,0,0,Not applicable as the project or activity is site specific,,NO,NO,NO,2026-03-13T01:38:14.627+00:00,,,,,,,,,,,,,,,,,,,,,,,,,,,,,,,,,,,,,,,,,,,,,,,Upper Dibang Valley,,https://parivesh.nic.in/dms/okm/downloadDocument?docTypemappingId=40829&refId=1221604457&refType=caf&uuid=32498555-56a1-4226-b692-81c99d984743&version=1.0,265996,https://parivesh.nic.in/newupgrade/#/report/ec?proposalId=1221604486,15330.0,15330.0
1221652334,"The staging camp is established to guard the Indo China Border, keeping the necessity and importance for national security. No revenue will be generated from this project.",New,WL/AR/DEF/572275/2026,2026-03-13T09:56:48.855+00:00,,,0.6,50.0,COMMANDANT 9TH BN ITBP LOHITPUR,,Wildlife clearance form,,,,Proposal for Diversion of 0.6 Hact. of forest land for Establishment of new staging camp Bhoop Singh of 9th Bn ITB Police,ARUNACHAL PRADESH,Etalin,Maliney,,,,Non - Linear,0.6,0.0,0.6,0.0,0.0,0.0,0.0,0.0,0,0,0,Not applicable as the project or activity is site specific,,NO,NO,NO,2026-03-13T10:14:57.942+00:00,,,,,,,,,,,,,,,,,,,,,,,,,,,,,,,,,,,,,,,,,,,,,,,Upper Dibang Valley,,https://parivesh.nic.in/dms/okm/downloadDocument?docTypemappingId=40829&refId=1221604887&refType=caf&uuid=412c0eef-8096-436a-9da0-fb2d8e5d86f1&version=1.0,265996,https://parivesh.nic.in/newupgrade/#/report/ec?proposalId=1221652334,15330.0,15330.0
1221958086,"The staging camp is to be established to guard Indo China Border. Keeping the necessity and its importance for national security, No revenue will be generated from this project.",New,WL/AR/DEF/572711/2026,2026-03-17T10:40:20.104+00:00,,,0.3,25.0,COMMANDANT 9TH BN ITBP LOHITPUR,,Wildlife clearance form,,,,"Proposal for Diversion of 0.74 Acres (0.3 hect) of forest land for construction of helipad of size-20x15mtr at Phuphu of 9th Bn ITBP, Lohitpur.",ARUNACHAL PRADESH,Etalin,Maliney,,,,Non - Linear,0.0,0.3,0.3,0.0,0.0,0.0,0.0,0.0,0,0,0,Not applicable as the project or activity is site specific,,NO,NO,NO,2026-03-17T11:03:33.533+00:00,,,,,,,,,,,,,,,,,,,,,,,,,,,,,,,,,,,,,,,,,,,,,,,Upper Dibang Valley,,https://parivesh.nic.in/dms/okm/downloadDocument?docTypemappingId=40829&refId=1219460111&refType=caf&uuid=8d52b940-8143-486e-8b17-97ef12be87b9&version=1.0,265996,https://parivesh.nic.in/newupgrade/#/report/ec?proposalId=1221958086,15330.0,15330.0
1221966612,"The staging camp is to be established to guard Indo China Border. Keeping the necessity and its importance for national security, No revenue will be generated from this project.",New,WL/AR/DEF/572723/2026,2026-03-17T11:11:22.573+00:00,,,0.3,25.0,COMMANDANT 9TH BN ITBP LOHITPUR,,Wildlife clearance form,,,,"Proposal for Diversion of 0.74 Acres (0.3 hect) of forest land for construction of helipad of size-100x30mtr at Kapuda fwd area of 9th Bn ITBP, Lohitpur.",ARUNACHAL PRADESH,Etalin,Maliney,,,,Non - Linear,0.0,0.3,0.3,0.0,0.0,0.0,0.0,0.0,0,0,0,Not applicable as the project or activity is site specific,,NO,NO,NO,2026-03-17T11:51:47.286+00:00,,,,,,,,,,,,,,,,,,,,,,,,,,,,,,,,,,,,,,,,,,,,,,,Upper Dibang Valley,,https://parivesh.nic.in/dms/okm/downloadDocument?docTypemappingId=40829&refId=1219411116&refType=caf&uuid=e49ef1cf-c9e7-4ded-976b-e16eb77fa1d5&version=1.0,265996,https://parivesh.nic.in/newupgrade/#/report/ec?proposalId=1221966612,15330.0,15330.0
1222173936,BOTTEL WATER PACKING PLANT,New,WL/AR/SRY/573006/2026,2026-03-19T12:29:21.236+00:00,,,0.0365,50.0,TALAR TACHI,,Wildlife clearance form,,,,DRINKING WATER PLANT,ARUNACHAL PRADESH,Seijosa ADC,Upper Seijosa,,,"N 26°57'13.31""  E 93° 0'21.22""",Non - Linear,0.0,0.0365,0.0365,0.0,0.0,0.0,0.0,0.0,0,0,0,Not applicable as the project or activity is site specific,,NO,NO,NO,2026-03-19T12:43:07.634+00:00,,,,,,,,,,,,,,,,,,,,,,,,,,,,,,,,,,,,,,,,,,,,,,,Pakke Kessang,"N 26°57'13.31""  E 93° 0'21.22""",https://parivesh.nic.in/dms/okm/downloadDocument?docTypemappingId=40829&refId=1220147954&refType=caf&uuid=e2f1b28f-bb31-488a-b15f-e518317f78f7&version=1.0,261913,https://parivesh.nic.in/newupgrade/#/report/ec?proposalId=1222173936,4501.0,15.0
1222611905,Naying Hydro Electric Project is proposed for development on Siyom River in Shi Yomi and Siang district of Arunachal Pradesh. The project scheme entails a run-of-the-river development with peaking power capability. Project components involve a concrete gravity dam and an underground powerhouse complex connected through a 7.08km long headrace tunnel. Total land required for the project is 470.80 Ha which is entirely of Unclassed State Forest (USF) category. The total estimated present day cost of the project is Rs. 10369.00 Crore and is likely to be completed in 6 years (excluding 1.5 years for preconstruction activities).,New,IA/AR/RIV/573573/2026,2026-03-25T11:40:36.666+00:00,,ADS Raised,470.8,11.83586,NORTH EASTERN ELECTRIC POWER CORPORATION LTD,,Environment clearance form,EC,A,,"NAYING HYDRO ELECTRIC PROJECT (1000 MW) - NEAR VILLAGE- YAPIK, DISTRICTS- SHI YOMI & SIANG,  STATE- ARUNACHAL PRADESH",ARUNACHAL PRADESH,Tato,Gai,J-12011/37/2007-IA-I (R),,,Non - Linear,0.0,470.8,470.8,0.0,0.0,0.0,0.0,0.0,12,72,408,Not applicable as the project or activity is site specific,,NO,NO,NO,2026-04-17T12:06:12.246+00:00,,,,,,,,,,,,,,,,,,,,,,,,,,,,,,,,,,,,,,,,,,,,,,,Shi Yomi,,https://parivesh.nic.in/dms/okm/downloadDocument?docTypemappingId=40829&refId=64143334&refType=caf&uuid=ca6cda03-ec93-4695-bbc3-824d36552c5c&version=1.1,263437,https://parivesh.nic.in/newupgrade/#/report/ec?proposalId=1222611905,1825050.0,3650000.0
1222777191,"Niare Hydro Electric Project is proposed as a run-of-river scheme across Subansiri River, a major right bank tributary of River Brahmaputra. The project envisages the construction of about 149.50m high Concrete Gravity Dam above the deepest Foundation level near Niare village 50 km upstream of Nacho town in Upper Subansiri District of Arunachal Pradesh. The installed capacity of the project has been proposed as 909 MW (810 MW + 99 MW) with a rated net head of 186.36m and a design discharge of 484 cumecs for Main Scheme and 89.53m and 123.05 cumecs for Auxiliary Scheme.",New,IA/AR/RIV/573804/2026,2026-03-27T09:42:18.184+00:00,2026-05-22T11:57:14.986+00:00,ToR Granted,175.05,8.47767,ANDRA POWER PRIVATE LIMITED,R. S. Envirolinks Technologies Pvt. Ltd.,Environment clearance form,TOR,A,River Valley/Irrigation projects,Niare Hydro Electric Project (909 MW),ARUNACHAL PRADESH,Limeking Circle,Gelinceniak Camp,J-12011/21/2026-IA.I(R),,,Non - Linear,0.0,175.05,175.05,0.0,0.0,0.0,0.0,0.0,0,0,0,YES,,NO,NO,NO,2026-04-02T16:20:45.314+00:00,,,,,,,,,,,,,,,,,,,,,,,,,,,,,,,,,,,,,,,,,,,,,,,Upper Subansiri,,https://parivesh.nic.in/dms/okm/downloadDocument?docTypemappingId=40828&refId=1222759934&refType=caf&uuid=a4aff05a-6e09-4021-8a1d-17ab47648b15&version=1.0;https://parivesh.nic.in/dms/okm/downloadDocument?docTypemappingId=40829&refId=1222759934&refType=caf&uuid=fea93e05-26b3-42a6-838b-1d150d2558dd&version=1.0;https://parivesh.nic.in/dms/okm/downloadDocument?docTypemappingId=40828&refId=1222759934&refType=caf&uuid=17a985ff-e394-406e-905e-6b234de4d698&version=1.0;https://parivesh.nic.in/dms/okm/downloadDocument?docTypemappingId=40828&refId=1222759934&refType=caf&uuid=f4f7ebd2-63d3-49a7-abc2-623297bb8310&version=1.0;https://parivesh.nic.in/dms/okm/downloadDocument?docTypemappingId=40828&refId=1222759934&refType=caf&uuid=12eb8e20-6824-4f4b-8deb-28ab2b657d17&version=1.0,,https://parivesh.nic.in/newupgrade/#/report/ec?proposalId=1222777191,3900000.0,2160000.0
1222940267,Packages Bootled Drinkng Water Plant,New,WL/AR/DRKWATER/574042/2026,2026-03-30T07:27:52.024+00:00,,,0.0365,50.0,TALAR TACHI,,Wildlife clearance form,,,,Packaged Bottled Drinking Water Plant,ARUNACHAL PRADESH,Seijosa ADC,Upper Seijosa,,,"N 26°57'13.31"" E 93° 0'21.22""",Non - Linear,0.0365,0.0,0.0365,0.0,0.0,0.0,0.0,0.0,0,0,0,Not applicable as the project or activity is site specific,,NO,NO,NO,2026-03-30T08:18:28.346+00:00,,,,,,,,,,,,,,,,,,,,,,,,,,,,,,,,,,,,,,,,,,,,,,,Pakke Kessang,"N 26°57'13.31"" E 93° 0'21.22""",https://parivesh.nic.in/dms/okm/downloadDocument?docTypemappingId=40829&refId=1222937461&refType=caf&uuid=844bfef2-cdc1-42db-8778-cc4f3b6576dc&version=1.0,261913,https://parivesh.nic.in/newupgrade/#/report/ec?proposalId=1222940267,4501.0,15.0
1222940932,Packages Bootled Drinkng Water Plant,New,WL/AR/DRKWATER/574044/2026,2026-03-30T07:32:20.914+00:00,,,0.0365,50.0,TALAR TACHI,,Wildlife clearance form,,,,Packaged Bottled Drinking Water Plant,ARUNACHAL PRADESH,Seijosa ADC,Upper Seijosa,,,"N 26°57'13.31"" E 93° 0'21.22""",Non - Linear,0.0365,0.0,0.0365,0.0,0.0,0.0,0.0,0.0,0,0,0,Not applicable as the project or activity is site specific,,NO,NO,NO,2026-03-30T08:06:18.679+00:00,,,,,,,,,,,,,,,,,,,,,,,,,,,,,,,,,,,,,,,,,,,,,,,Pakke Kessang,"N 26°57'13.31"" E 93° 0'21.22""",https://parivesh.nic.in/dms/okm/downloadDocument?docTypemappingId=40829&refId=1222937461&refType=caf&uuid=844bfef2-cdc1-42db-8778-cc4f3b6576dc&version=1.0,261913,https://parivesh.nic.in/newupgrade/#/report/ec?proposalId=1222940932,4501.0,15.0
1223200131,"The proposed Demwe Lower Hydroelectric Project falls in the foothills of Lohit basin and is proposed on the river Lohit, a tributary of mighty Brahmaputra in Lohit District of Arunachal Pradesh. The project envisages construction of a 474.35 m Concrete Gravity Dam from the riverbed level across river Lohit to generate 1750 MW of hydropower. 

The total land requirements for the various activities have been estimated as 1589.97 ha. In which Non Forest Land 174.05 ha and Forest land 1415.92 ha. A total 204 families will be affected due to this project out of which 240 families will be displaced. The minimum distance from main river Lohit to the Sanctuary is around 4.12 km along the Lang River. The FRL/MWL of Demwe Lower was fixed in such a way that no submergence occurs in the Kamlang Wildlife Sanctuary. Which is at an aerial distance of about 9.3 km from Sanctuary. The total estimated cost of the project is about Rs. Rs. 8347.89 Crores and likely to be completed in 60 months.",New,FP/AR/HYD/IRRIG/574420/2026,2026-04-02T09:32:54.760+00:00,,"Pending at Union Minister - MoEFCC, HQ",1589.97,8.37489,GREENKO DEMWE  POWER LIMITED,,Form-F: Application for Transfer of Lease/Change in User Agency Name,,,,Demwe Lower Hydroelectric Project,ARUNACHAL PRADESH,Wakro Circle,Kanjang,,,,Non - Linear,174.05,1415.92,1589.97,0.0,0.0,0.0,0.0,0.0,23,240,240,YES,,NO,NO,NO,2026-04-04T05:33:34.538+00:00,,,,,,,,,,,,,,,,,,,,,,,,,,,,,,,,,,,,,,,"2nd floor, Block D, Plot No.13, Sy.No:64 part, Hitech City layout, Madhapur, Rangareddy (Dist), Telanagana",Hyderabad,36,Private Limited,Assistant Vice President (AVP),Hyderabad,36,,Lohit,,https://parivesh.nic.in/dms/okm/downloadDocument?docTypemappingId=40829&refId=1223186953&refType=caf&uuid=afd35e8d-66db-4152-89ef-48d41cc44ce8&version=1.0;https://parivesh.nic.in/dms/okm/downloadDocument?docTypemappingId=40828&refId=1223186953&refType=caf&uuid=b8f8592c-f07b-4c09-afa7-64e92165e56d&version=1.0,266432,https://parivesh.nic.in/newupgrade/#/report/ec?proposalId=1223200131,4620000.0,2400000.0
1224197610,Etalin H.E. Project is located in Dibang Valley District of Arunachal Pradesh and is proposed to be developed as a run-of river. The project involves constructing concrete gravity dams of 101.5m on Dri river and 80m high on Talo (Tangon) river and diverting the water through two (2) separate waterway systems to utilize the available head in a common underground powerhouse located just upstream of the confluence of Dri and Talo (Tangon) rivers. Project will generate 3097 MW of power or 12260.43 MU of design Energy (90% dependable year with 95% machine availability) through 10no. francis turbines of 307MW each along-with Dam- toe e-flow units of 19.6 MW and 7.4 MW at Dri and Tangon Dams respectively.,New,IA/AR/RIV/575562/2026,2026-04-13T10:01:14.965+00:00,2026-07-22T03:41:31.248+00:00,Granted,1175.03,30.03736,NHPC LIMITED,,Application for Transfer of EC- Form-7,OTHER,A,,Etalin HEP 3097 MW,ARUNACHAL PRADESH,Etalin,Adapowa,J-12011/60/2006-IA-I(R),,,Hybrid,0.0,1175.03,1175.03,0.0,0.0,0.0,0.0,0.0,21,176,284,NO,Not applicable as the project or activity is site specific,NO,NO,NO,2026-04-13T11:17:55.807+00:00,,,,,,,,,,,,,,,,,,,,,,,,,,,,,,,,,,,,,,,"NHPC OFFICE COMPLEX, SECTOR - 33",,6,"Central PSU (eg. NHAI, AAI, NTP, CIL, SAIL)",General Manager (Env.),,6,,Upper Dibang Valley,,https://parivesh.nic.in/dms/okm/downloadDocument?docTypemappingId=40829&refId=1224191861&refType=caf&uuid=e87e8cce-4e50-46f1-b2b2-e45d25f58ec3&version=1.1,266061,https://parivesh.nic.in/newupgrade/#/report/ec?proposalId=1224197610,10959890.0,18980000.0
1224270730,"Proposal seeking prior approval of Central Government under Section 2 (1) (ii) of Van (SES) Adhiniyam, 1980 for diversion of 4.80 Ha. Namchik Reserve Forest land within lease area of 137.4880 (Allocated area- 103.5245 +Additional area- 33.9635) Ha. of Namchik West Coal Block under Nampong Forest Divisions, Jairampur, Dist. Changlang of Arunachal Pradesh for Open Cast Coal Mining Project granted to M/s. PRA Nuravi Coal Mining Pvt. Ltd.",New,IA/AR/CMIN/575655/2026,2026-04-14T09:35:28.732+00:00,2026-07-31T04:23:47.841+00:00,ToR Granted,137.488,55000.0,PRA NURAVI COAL MINING PRIVATE LIMITED,Institute for Environmental Management,Environment clearance form,TOR,A,Mining of minerals,NAMCHIK WEST COAL MINE,ARUNACHAL PRADESH,Kharsang Circle,Namchik Havi,J-13012/03/2026-IA-II(M),,Forest Land,Non - Linear,132.688,4.8,137.488,0.0,0.0,0.0,0.0,0.0,2,52,52,Not applicable as the project or activity is site specific,,NO,NO,NO,2026-06-17T10:20:46.848+00:00,,,,,,,,,,,,,,,,,,,,,,,,,,,,,,,,,,,,,,,,,,,,,,,Changlang,Forest Land,https://parivesh.nic.in/dms/okm/downloadDocument?docTypemappingId=40829&refId=150395378&refType=caf&uuid=87071f72-3986-4fa3-a497-5bd34fdc6d06&version=1.0,264302,https://parivesh.nic.in/newupgrade/#/report/ec?proposalId=1224270730,32400.0,50400.0
1224610866,Onshore Oil & Gas Exploration Drilling & Testing at Loc. ONMB in OALP-I Block AA-ONHP-2017/16 under Namsai District in the State of Arunachal Pradesh,New,SIA/AR/IND2/576052/2026,2026-04-17T09:00:43.178+00:00,2026-09-11T06:26:22.479+00:00,EC Granted,3.24,1964.0,OIL INDIA LTD,,Environment clearance form,TOR,B2,"Off-shore and onshore oil and gas exploration,  development and production",Onshore Oil & Gas Exploration Drilling & Testing at Loc. ONMB in OALP-I Block AA-ONHP-2017/16 under Namsai District in the State of Arunachal Pradesh,ARUNACHAL PRADESH,Namsai HQ,6th Mile Camp,,SIA/AR/IND2/576052/2026,,Non - Linear,3.24,0.0,3.24,0.0,0.0,0.0,0.0,0.0,0,0,0,Not applicable as the project or activity is site specific,,NO,NO,NO,2026-04-28T10:28:39.814+00:00,,,,,,,,,,,,,,,,,,,,,,,,,,,,,,,,,,,,,,,,,,,,,,,Namsai,,https://parivesh.nic.in/dms/okm/downloadDocument?docTypemappingId=40829&refId=1224601339&refType=caf&uuid=06bc09dd-3418-4cc4-81a3-bef6d3e73923&version=1.0,266546,https://parivesh.nic.in/newupgrade/#/report/ec?proposalId=1224610866,9000.0,18000.0
1225873284,Onshore Oil & Gas Drilling & Testing at Loc. ONMA in OALP-I Block AA-ONHP-2017/16 under Namsai District in the state of Arunachal Pradesh.,New,SIA/AR/IND2/577329/2026,2026-04-29T04:57:53.040+00:00,2026-09-11T06:44:03.163+00:00,EC Granted,3.53,1964.0,OIL INDIA LTD,,Environment clearance form,TOR,B2,"Off-shore and onshore oil and gas exploration,  development and production",Onshore Oil & Gas Drilling & Testing at Loc. ONMA in OALP-I Block AA-ONHP-2017/16 under Namsai District in the state of Arunachal Pradesh.,ARUNACHAL PRADESH,Namsai HQ,Enten,,SIA/AR/IND2/577329/2026,,Non - Linear,3.53,0.0,3.53,0.0,0.0,0.0,0.0,0.0,0,0,0,Not applicable as the project or activity is site specific,,NO,NO,NO,2026-05-05T07:56:41.597+00:00,,,,,,,,,,,,,,,,,,,,,,,,,,,,,,,,,,,,,,,,,,,,,,,Namsai,,https://parivesh.nic.in/dms/okm/downloadDocument?docTypemappingId=40829&refId=1225868667&refType=caf&uuid=8921045b-f9bf-4667-b22a-c14a3de151af&version=1.0,266542,https://parivesh.nic.in/newupgrade/#/report/ec?proposalId=1225873284,9000.0,18000.0
1226789627,"The mine lease area is located in Bopi village in Kamle district of Arunachal Pradesh. As per the approved Mining Plan total mineable mineral
reserve is estimated at 3,07,284 tonnes. Total Mining Lease area of the project is 37 ha.
The project envisages peak production of 52,939 TPA (ROM) Graphite ore. In the process, 44281.8 m3 of waste and 33,355 tonne of Graphite Bearing Material will be generated.
The proposed method of mining is conventional opencast mining deploying shovel - dumper combination and the mine is Fully Mechanized.",New,FP/AR/MIN/QRY/578172/2026,2026-05-07T05:29:04.679+00:00,,DELISTED_BY_SYSTEM,5.44,753.0,TASSO ALLOYS PRIVATE LIMITED,,Forest clearance form,,,,"Bopi Graphite Deposit in Village Bopi, Kamle District, Arunachal Pradesh.",ARUNACHAL PRADESH,Puchi Geko Circle,Bopi,,,,Non - Linear,3.93,1.51,5.44,0.0,0.0,0.0,0.0,0.0,0,0,0,Not applicable as the project or activity is site specific,,NO,YES,NO,2026-05-20T10:36:47.054+00:00,,,Degraded Forest Land,true,2019-08-21T00:00:00.000+00:00,50,50/00,2071-02-04T00:00:00.000+00:00,37.0,,"",Approved,Graphite,0.0001,0.3072,0.0001,1.0094,0.0001,0.3072,11/0,Indian Bureau of Mines (IBM),"",Opencast,Mechanized,"","",No External Dump has been proposed,No Internal dump has been proposed,No topsoil dump has been proposed.,0.99,"",The excavated ore to be despatched directly from the pit head through covered trucks,The excavated ore to be despatched directly from the pit head through covered trucks,"",3.11,0.08,3.16,30.65,"Ground floor 347 Santosh Roy Road, Barisha, South 24 Paraganas  West Bengal PIN 70008",Kolkata,19,Private Limited,Human Resource Manager,Kolkata,19,,Upper Subansiri,,https://parivesh.nic.in/dms/okm/downloadDocument?docTypemappingId=40829&refId=1224444103&refType=caf&uuid=bbeec160-2fab-4c9b-b5d1-f89dddd446a2&version=1.0;https://parivesh.nic.in/dms/okm/downloadDocument?docTypemappingId=58989&refId=1224444103&refType=FC&uuid=a7bfb93f-94fd-4733-a914-447ff128d96c&version=1.0,263146,https://parivesh.nic.in/newupgrade/#/report/ec?proposalId=1226789627,7000.0,215600.0
1226789652,"Laa-Lamdak Graphite Deposit is located over an area of 0.79 sq. km (79 ha.) in Village – Laa-Lamdak, District – Kamle, State – Arunachal Pradesh and can be located in the Survey of India Toposheet Nos. 83 I/01. The project envisages production of Graphite 50,084.487 TPA (ROM), 29,213.58 TPA (OB/SB/IB), Total Excavation 79,298.067 TPA.",New,FP/AR/MIN/QRY/578173/2026,2026-05-07T05:29:16.926+00:00,,Rejected in PSC-I,9.24,306.0,SKAMORD MINING PRIVATE LIMITED,,Forest clearance form,,,,"Laa-Lamdak Graphite Deposit in Kamle District , Arunachal Pradesh",ARUNACHAL PRADESH,Puchi Geko Circle,Laa,,,,Non - Linear,3.73,5.51,9.24,0.0,0.0,0.0,0.0,0.0,0,0,0,Not applicable as the project or activity is site specific,,NO,YES,NO,2026-05-21T06:58:41.849+00:00,,https://parivesh.nic.in/dms/okm/downloadDocument?docTypemappingId=59020&refId=1226789651&refType=fc&uuid=443122f7-0359-4f9e-9d1f-5b2afd9d4518&version=1.0,Degraded Forest Land,true,2019-08-21T00:00:00.000+00:00,50,50/00,2071-02-04T00:00:00.000+00:00,79.0,,"",Approved,Graphite,0.0001,0.0878,0.0001,0.6703,0.001,0.0878,06/00,Indian Bureau of Mines (IBM),"",Opencast,Mechanized,"","","",No Internal dump has been proposed,No topsoil dump has been proposed.,1.94,"",The excavated ore to be despatched directly from the pit head through covered trucks.,The excavated ore to be despatched directly from the pit head through covered trucks.,"",6.83,0.3,3.65,68.22,"347, Santosh Roy Road, Kolkata Municipal Corporation, Thakurpukur, Kol-700008",,19,Private Limited,Director,,19,,Upper Subansiri,,https://parivesh.nic.in/dms/okm/downloadDocument?docTypemappingId=40829&refId=1224470684&refType=caf&uuid=d1be3726-e33d-4531-b552-0322ac9a22cc&version=1.0;https://parivesh.nic.in/dms/okm/downloadDocument?docTypemappingId=58989&refId=1224470684&refType=FC&uuid=17a69ee4-3a88-4c8b-ba7b-cc8a5d475d88&version=1.0,263155,https://parivesh.nic.in/newupgrade/#/report/ec?proposalId=1226789652,7000.0,215600.0
1227013510,"The proposed helipad is being established for the purpose of guarding the Indo–China Border, considering its strategic necessity and importance for national security. The project is purely operational in nature and intended to strengthen border management and surveillance in the sensitive frontier region. No commercial activity or revenue generation is involved in this project. The establishment is solely for defence and operational purposes in the interest of national security.",New,WL/AR/DEF/578393/2026,2026-05-08T11:26:37.475+00:00,,,0.3,25.0,"Indo Tibetan Border Police, Ministry of Home Affairs",,Wildlife clearance form,,,,Proposal for Diversion of 0.74 acre (0.3 Hect) of forest land for construction of helipad of size 100 mtr x 30 mtr at Balchida BOP of 62nd Bn ITBP,ARUNACHAL PRADESH,Anini,NA,,,,Non - Linear,0.0,0.3,0.3,0.0,0.0,0.0,0.0,0.0,0,0,0,Not applicable as the project or activity is site specific,,NO,NO,NO,2026-08-07T06:25:13.332+00:00,,,,,,,,,,,,,,,,,,,,,,,,,,,,,,,,,,,,,,,,,,,,,,,Upper Dibang Valley,,https://parivesh.nic.in/dms/okm/downloadDocument?docTypemappingId=40829&refId=1224663240&refType=caf&uuid=b6d6d6c1-6cea-4285-b45b-c9ae84ce7fdc&version=1.0,"",https://parivesh.nic.in/newupgrade/#/report/ec?proposalId=1227013510,15330.0,730.0
1227387120,"M/s. Prasam Alloycraft Industries LLP is proposing 2 x 21 MVA Ferro Alloy Plant (42,000 TPA
Fe-Si) at Village Denlo, District Lower Dibang Valley, Arunachal Pradesh. The total area allocated
to the company by Office of the Deputy Commissioner, Lower Dibang Valley District: Roing,
Govt. of Arunachal Pradesh is 34.23 hectares out of which the total project area is 14 hectares
(34.59 acres) & completely under the possession of the company.
As per EIA Notification dated 14th Sept., 2006 and subsequent amendments, the project falls under Category “A” S. No. ‘3 (a)’ Metallurgical Industries (ferrous & non- ferrous) and will be appraised at Central level in MoEF&CC, New Delhi.",New,IA/AR/IND1/578763/2026,2026-05-12T10:45:35.498+00:00,2026-06-03T04:04:18.422+00:00,ToR Granted,14.0,22700.0,PRASAM ALLOYCRAFT INDUSTRIES LLP,J. M. Environet Pvt. Ltd.,Environment clearance form,TOR,A,Metallurgical Industries (ferrous and non ferrous),"Proposed 42,000 TPA Ferro Alloy Plant (2x21 MVA Fe-Si) at Village Denlo, District Lower Dibang Valley, Arunachal Pradesh by M/s. Prasam Alloycraft Industries LLP",ARUNACHAL PRADESH,Koronu Circle,Delo(Denlo),IA-J-11011/154/2026-IA-II(Ind-I),,,Hybrid,14.0,0.0,14.0,0.0,0.0,0.0,0.0,0.0,0,0,0,YES,,NO,NO,NO,2026-05-12T13:10:48.839+00:00,,,,,,,,,,,,,,,,,,,,,,,,,,,,,,,,,,,,,,,,,,,,,,,Lower Dibang Valley,,https://parivesh.nic.in/dms/okm/downloadDocument?docTypemappingId=40829&refId=1227378204&refType=caf&uuid=6f3c0183-31f6-49d9-a4e6-8477e21baa00&version=1.0;https://parivesh.nic.in/dms/okm/downloadDocument?docTypemappingId=40828&refId=1227378204&refType=caf&uuid=2e01216b-884d-4e38-8ecb-d95af2bd069f&version=1.0;https://parivesh.nic.in/dms/okm/downloadDocument?docTypemappingId=40828&refId=1227378204&refType=caf&uuid=165efafc-04e5-49d0-8395-d2bd955d7496&version=1.0,266356,https://parivesh.nic.in/newupgrade/#/report/ec?proposalId=1227387120,36500.0,108000.0
1227625925,CONSTRUCTION OF 132 KV ROING-DAMBUK LILO LINE UNDER COMPREHENSIVE SCHEM FOR STRENGTHENING OF TRANSMISSION AND DISTRIBUTION SYSTEM IN ARUNACHAL PRADESH,New,FP/AR/PWR_TRANS/578961/2026,2026-05-14T06:59:43.693+00:00,,Pending at Nodal Officer due to EDS by State Secretary,12.9,268.31,EXECUTIVE ENGINEER (E) PASIGHAT TRANSMISSION DIVISION NO-III,,Forest clearance form,,,,132 kV Roing-Dambuk LILO  Line,ARUNACHAL PRADESH,Roing HQ,Agamgite - I,,,,Linear,0.0,12.9,12.9,0.0,0.0,0.0,0.0,0.0,0,0,0,YES,,NO,NO,NO,2026-05-14T09:25:59.346+00:00,,https://parivesh.nic.in/dms/okm/downloadDocument?docTypemappingId=59020&refId=1227625923&refType=fc&uuid=efc54608-b987-4642-ae3d-63c6268164ca&version=1.0,Degraded Forest Land,true,,,,,,,,,,,,,,,,,,,,,,,,,,,,,,,,,,,"O/O EXECUTIVE ENGINEER(E),  TRANSMISSION DIVISION NO-III, GTC , PASIGHAT","",12,State Government (Department/Autonomous body),EXECUTIVE ENGINEER,,12,,Lower Dibang Valley,,https://parivesh.nic.in/dms/okm/downloadDocument?docTypemappingId=40829&refId=1227567394&refType=caf&uuid=7ea5a9f6-9ada-42ce-91cf-187c308c54f9&version=1.0;https://parivesh.nic.in/dms/okm/downloadDocument?docTypemappingId=58989&refId=1227567394&refType=FC&uuid=6fa634f9-ec95-43be-857b-c9e0f424c9f8&version=1.0,266157,https://parivesh.nic.in/newupgrade/#/report/ec?proposalId=1227625925,24525.0,140525.0
1227889380,"The proposed 132 kV the Gogamukh (ISTS) – Gerukamukh (Arunachal Pradesh) 132kV D/c (Zebra) Transmission line is a sub-project which is conceived under the govt. of India's ambitious “North Eastern Region Expansion Scheme-XVI (NERESXVI)” through tariff based competitive bidding process "" to establish Inter-State transmission system. Which aims in major improvement of power scenario of the concerning states by constructing new transmission/distribution lines and associated sub-stations. To establish the faboveInter State Transmission System for North Eastern Region Expansion Scheme-XVI (NERES-XVI) (hereinafter referred to as ‘Project’) on build, own, operate and transfer basis, and to provide transmission service. Ministry of Power, Govt. of India has conveyed approval of the project.",New,FP/AR/PWR_TRANS/579198/2026,2026-05-16T04:31:13.672+00:00,,Pending at DFO/CF after acceptance in PSC-I,5.03,37546.0,NERES XVI POWER TRANSMISSION LIMITED,,Forest clearance form,,,,Gogamukh (ISTS) – Gerukamukh (Arunachal Pradesh) 132kV D/c (Zebra) line,ARUNACHAL PRADESH,Dollungmukh Circle,Kalaptukar,,,1,Linear,0.0,5.03,5.03,0.0,0.0,0.0,0.0,0.0,0,0,0,Not applicable as the project or activity is site specific,,NO,NO,NO,2026-06-03T18:30:00.000+00:00,,https://parivesh.nic.in/dms/okm/downloadDocument?docTypemappingId=59020&refId=1227889379&refType=fc&uuid=2e365b7f-b6c8-40e4-a82c-4f15e5c630bf&version=1.0,Degraded Forest Land,true,,,,,,,,,,,,,,,,,,,,,,,,,,,,,,,,,,,"Floor No: 2nd Floor
Building No/ Flat No: House No.2
Road No/Street: Bishnu Path, Chariali
Locality/Sub Locality: Ghoramara
Guwahati City,
Kamrup Metropolitan,
Assam,
PIN-781028",Guwahati,12,Private Limited,Manager Projects,,18,,Kamle,1,https://parivesh.nic.in/dms/okm/downloadDocument?docTypemappingId=40829&refId=1227888343&refType=caf&uuid=9eafea5b-53d7-4bd7-a004-2fb17c7d3798&version=1.0;https://parivesh.nic.in/dms/okm/downloadDocument?docTypemappingId=58989&refId=1227888343&refType=FC&uuid=7e9eaab8-0a55-4d55-9e9a-61a4db8ff2bb&version=1.0,265114,https://parivesh.nic.in/newupgrade/#/report/ec?proposalId=1227889380,25550.0,319125.0
1227961814,"Proposal seeking prior approval of Central Government under Section 2 (1) (ii) of Van (SES) Adhiniyam, 1980 for diversion of 4.80 Ha. Namchik Reserve Forest land within lease area of 137.4880 (Allocated area- 103.5245 +Additional area- 33.9635) Ha. of Namchik West Coal Block under Nampong Forest Divisions, Jairampur, Dist. Changlang of Arunachal Pradesh for Open Cast Coal Mining Project granted to M/s. PRA Nuravi Coal Mining Pvt. Ltd.",New,FP/AR/MIN/QRY/579273/2026,2026-05-16T11:58:01.186+00:00,,Pending at Nodal Officer for Recommendation,137.488,55000.0,PRA NURAVI COAL MINING PRIVATE LIMITED,,Forest clearance form,,,,NAMCHIK WEST COAL MINE,ARUNACHAL PRADESH,Kharsang Circle,Namchik Havi,,,Forest Land,Non - Linear,132.688,4.8,137.488,0.0,0.0,0.0,0.0,0.0,2,52,52,Not applicable as the project or activity is site specific,,NO,NO,NO,2026-07-13T18:30:00.000+00:00,,,Non-forest Land,true,2025-06-27T00:00:00.000+00:00,30,20/00,2055-06-26T00:00:00.000+00:00,137.488,0.415,Ministry of Coal has allocated 103.52 Ha. for coal mining under Namchik West Coal Block and an additional area of 33.968 Ha. consented by State Govt. of Arunachal Pradesh for handling of Over Burden and allied activities.,Approved,Coal,0.9,8.8791,9.7791,8.8012,7.3239,1.4811,12/00,"Coal Controller organization a subordinate organization of Ministry of Coal, Govt. of India.","",Opencast,Mechanized,"","","","",Top soil will be used in creation of Green Belt and biological reclamation of the OB dump depicted in the approved mining plan.,83.0843,"",There is no nearby railway siding for the transportation of coal produced from from the proposed mine. this mine is commercial mine and sale of coal will be ex-mine basis. Therefore mode of transport will be road Transport.,Road transport from pit head to customer site.,"",137.488,1.0,132.687,4.8,"PRA HOUSE, NEAR UDYOG BHAWAN, SHANKER NAGAR",,22,Private Limited,VP Project and Planning,,22,"Thanshom Mossang,Thanshom Mossang,Thanshom Mossang",Changlang,Forest Land,https://parivesh.nic.in/dms/okm/downloadDocument?docTypemappingId=40829&refId=150395378&refType=caf&uuid=87071f72-3986-4fa3-a497-5bd34fdc6d06&version=1.0;https://parivesh.nic.in/dms/okm/downloadDocument?docTypemappingId=59061&refId=150395378&refType=FC&uuid=d74b879c-0ea5-4a70-b21c-c82e430458f0&version=1.0;https://parivesh.nic.in/dms/okm/downloadDocument?docTypemappingId=58989&refId=150395378&refType=FC&uuid=3b802d5c-dffb-4ea3-ad59-e6b61c14bc19&version=1.0,264302,https://parivesh.nic.in/newupgrade/#/report/ec?proposalId=1227961814,32400.0,50400.0
1228082915,"A revised mining plan is to be prepared as per the approval condition no 13 of the current Mining Plan Approval No NAMCHIK NAMPHUK COAL MINEARAR001/APP00297/2024, dated 15 Jan 2024, and a topographical survey is accordingly proposed for the preparation of the revised mining plan for Namchik Namphuk Coal Mine to projectise 67.1980 ha of the vested coal block which has not been covered the current approval of the Mining Plan.",New,FP/AR/SRY/579351/2026,2026-05-18T07:47:47.280+00:00,,Pending at DFO for Scrutiny and Recommendation,67.198,15.0,COAL PULZ PRIVATE LIMITED,,FormC_Exempted_Category_Part_I,,,,"Topographical Survey of 67.1980 ha. of Namchik Reserve Forest for preparation of Mining Plan and Mine Closure Plan for Namchik Namphuk Coal Mine vested to M/S Coal Pulz Private Limited by the Ministry of Coal, GoI vide vesting order no. NA-104/21/2023-NA , dated 17 Aug, 2023.",ARUNACHAL PRADESH,Kharsang Circle,Longtom-I,,,,Non - Linear,0.0,67.198,67.198,0.0,0.0,0.0,0.0,0.0,0,0,0,Not applicable as the project or activity is site specific,,NO,NO,NO,2026-05-18T12:19:05.260+00:00,,,,,,,,,,,,,,,,,,,,,,,,,,,,,,,,,,,,,,,"1ST FLOOR, UNIQUE PLAZA, 
TRIPURA ROAD
NEAR  ISUZU SHOWROOM
BELTOLA
GUWAHATI",,18,Private Limited,DIRECTOR,Guwahati,18,,Changlang,,https://parivesh.nic.in/dms/okm/downloadDocument?docTypemappingId=40829&refId=1228059054&refType=caf&uuid=7ba1b7a2-108f-43b0-86ad-9987fb8164b5&version=1.0,264305,https://parivesh.nic.in/newupgrade/#/report/ec?proposalId=1228082915,0.0,630.0
1229284591,"The staging camp is to be established to guard Indo-China Border, keeping the necessity and its importance for national security. No revenue will be generated from this project.",New,WL/AR/DEF/580261/2026,2026-05-26T11:20:06.603+00:00,,,0.3,25.0,"Indo Tibetan Border Police, Ministry of Home Affairs",,Wildlife clearance form,,,,"Diversion of 0.74 Acres (0.3 hect) of forest land for construction of helipad at Staging camp at Tathi of 58thbn ITBP, Roing (Ar.P)",ARUNACHAL PRADESH,Mipi,NA,,,,Non - Linear,0.0,0.3,0.3,0.0,0.0,0.0,0.0,0.0,0,0,0,Not applicable as the project or activity is site specific,,NO,NO,NO,2026-05-26T12:38:39.318+00:00,,,,,,,,,,,,,,,,,,,,,,,,,,,,,,,,,,,,,,,,,,,,,,,Upper Dibang Valley,,https://parivesh.nic.in/dms/okm/downloadDocument?docTypemappingId=40829&refId=1228889522&refType=caf&uuid=f8b4e396-082d-48db-9ead-73fc2a4968ef&version=1.0,"",https://parivesh.nic.in/newupgrade/#/report/ec?proposalId=1229284591,14620.0,15330.0
1229294554,DEMONSTRATING AND PROVIDING CAPACITY BUILDING PROGRAM TO COFFEE GROWERS,New,FP/AR/OTHERS/580267/2026,2026-05-26T11:48:49.694+00:00,,Pending at MS for Acceptance in PSC-I,14.02,170.0,COFFEE BOARD,,Forest clearance form,,,,"REQUEST FOR FOREST CLEARANCE OF TEC, COFFEE BOARD, DEOMALI - REG.",ARUNACHAL PRADESH,Deomali ADC,Namsangmukh,,,COMP NO. 39,Non - Linear,0.0,14.02,14.02,0.0,0.0,0.0,0.0,0.0,0,0,0,Not applicable as the project or activity is site specific,,YES,NO,NO,2026-09-10T18:30:00.000+00:00,,,Degraded Forest Land,true,,,,,,,,,,,,,,,,,,,,,,,,,,,,,,,,,,,"COFFEE BOARD,FLAT NO.103,,BINAND APARTMENT,RAJAT KAMAL PATH,GUWAHATI",,18,Central Government (Department/Autonomous body),JOINT DIRECTOR (EXTENSION),,18,,Tirap,COMP NO. 39,https://parivesh.nic.in/dms/okm/downloadDocument?docTypemappingId=40829&refId=1229291486&refType=caf&uuid=86a16228-b4cc-4fb6-8e68-9c7e06022530&version=1.0;https://parivesh.nic.in/dms/okm/downloadDocument?docTypemappingId=58989&refId=1229291486&refType=FC&uuid=af32e5e9-8a98-4cee-bdc3-59d75c0e7c33&version=1.0,264416,https://parivesh.nic.in/newupgrade/#/report/ec?proposalId=1229294554,0.0,4150.0
1229325945,"The staging camp is to be established to guard Indo-China Border, keeping the necessity and its importance for national security. No revenue will be generated from this project.",New,WL/AR/DEF/580290/2026,2026-05-26T15:03:15.625+00:00,,,0.03,10.0,"Indo Tibetan Border Police, Ministry of Home Affairs",,Wildlife clearance form,,,,"Diversion of 0.074 Acres (0.03 hect) of forest land for construction of helipad at AMAHA of 58th bn ITBP, Roing (Ar.P)",ARUNACHAL PRADESH,Mipi,NA,,,,Non - Linear,0.0,0.03,0.03,0.0,0.0,0.0,0.0,0.0,0,0,0,Not applicable as the project or activity is site specific,,NO,NO,NO,2026-05-26T16:01:31.160+00:00,,,,,,,,,,,,,,,,,,,,,,,,,,,,,,,,,,,,,,,,,,,,,,,Upper Dibang Valley,,https://parivesh.nic.in/dms/okm/downloadDocument?docTypemappingId=40829&refId=1228885959&refType=caf&uuid=d6e2938e-f945-447d-8ba5-bb91026e60e8&version=1.0,"",https://parivesh.nic.in/newupgrade/#/report/ec?proposalId=1229325945,15330.0,15330.0
1229380645,The Etalin H.E. Project is located in Dibang Valley District of Arunachal Pradesh and is proposed to be developed as a run-of river. The project involves constructing concrete gravity dams of 101.5m on Dri river and 80m high on Talo (Tangon) river and diverting the water through two (2) separate waterway systems to utilize the available head in a common underground powerhouse located just upstream of the confluence of Dri and Talo (Tangon) rivers.  Project will generate 3097 MW of power or 12991.52 MU of design Energy (90% dependable year with 95% machine availability) through 10no. francis turbines of 307MW each.,New,FP/AR/HYD/IRRIG/580317/2026,2026-05-27T05:48:55.094+00:00,,"Pending at AIGF - MoEFCC, HQ",1175.03,25.29595,SJVN LIMITED,,Form-F: Application for Transfer of Lease/Change in User Agency Name,,,,Etalin Hydro Electric Project,ARUNACHAL PRADESH,Etalin,Athunli,,,"LA21, LA21A",Hybrid,0.0,1175.03,1175.03,0.0,0.0,0.0,0.0,0.0,21,176,284,Not applicable as the project or activity is site specific,,NO,NO,NO,2026-06-12T05:21:33.065+00:00,,,,,,,,,,,,,,,,,,,,,,,,,,,,,,,,,,,,,,,"HOD, Corporate Environment Department, SJVN Ltd., Shanan, Shimla-171006, Himachal Pradesh, India",,2,"Central PSU (eg. NHAI, AAI, NTP, CIL, SAIL)",CHIEF GENERAL MANAGER,,2,,Upper Dibang Valley,"LA21, LA21A",https://parivesh.nic.in/dms/okm/downloadDocument?docTypemappingId=40829&refId=46379129&refType=caf&uuid=9b5e4179-50f9-4768-914d-3f9f0ad6c4ad&version=1.0,265989,https://parivesh.nic.in/newupgrade/#/report/ec?proposalId=1229380645,10959890.0,18980000.0
1230044909,"Laa-Lamdak Graphite Deposit is located over an area of 0.79 sq. km (79 ha.) in Village – Laa-Lamdak, District – Kamle, State – Arunachal Pradesh and can be located in the Survey of India Toposheet Nos. 83 I/01. The project envisages production of Graphite 50,084.487 TPA (ROM), 29,213.58 TPA (OB/SB/IB), Total Excavation 79,298.067 TPA.",New,FP/AR/MIN/QRY/580622/2026,2026-05-30T05:27:15.311+00:00,,DELISTED_BY_SYSTEM,9.24,306.0,SKAMORD MINING PRIVATE LIMITED,,Forest clearance form,,,,"Laa-Lamdak Graphite Deposit in Kamle District , Arunachal Pradesh",ARUNACHAL PRADESH,Puchi Geko Circle,Laa,,,,Non - Linear,5.12,4.12,9.24,0.0,0.0,0.0,0.0,0.0,0,0,0,Not applicable as the project or activity is site specific,,NO,YES,NO,2026-06-01T11:48:34.298+00:00,,,Degraded Forest Land,true,2019-08-21T00:00:00.000+00:00,50,50/00,2071-02-04T00:00:00.000+00:00,79.0,,"",Approved,Graphite,0.0001,0.0878,0.0001,0.6703,0.0001,0.0878,06/00,Indian Bureau of Mines (IBM),"",Opencast,Mechanized,"","","",No Internal dump has been proposed,No topsoil dump has been proposed.,1.94,"",The excavated ore to be despatched directly from the pit head through covered trucks.,The excavated ore to be despatched directly from the pit head through covered trucks.,"",6.83,0.3,3.65,68.22,"347, Santosh Roy Road, Kolkata Municipal Corporation, Thakurpukur, Kol-700008",,19,Private Limited,Director,,19,,Upper Subansiri,,https://parivesh.nic.in/dms/okm/downloadDocument?docTypemappingId=40829&refId=1229819606&refType=caf&uuid=abd21884-7106-4bdc-a2d5-0b3af4638db4&version=1.0;https://parivesh.nic.in/dms/okm/downloadDocument?docTypemappingId=58989&refId=1229819606&refType=FC&uuid=4c86a957-ffba-4ab2-b9a5-9f62af2786c0&version=1.0,263155,https://parivesh.nic.in/newupgrade/#/report/ec?proposalId=1230044909,7000.0,215600.0
1231805093,"To establish the subsurface continuity of vanadium, graphite and 
associated mineralisation.",New,FP/AR/SRY/581908/2026,2026-06-11T11:10:09.957+00:00,,Rejected in PSC-I,100.0,4.5,"Geological Survey of INDIA, Ministry of Mines",,Form-C: For seeking prior approval for Exploration & Survey,,,,"Preliminary exploration for vanadium, graphite and associated minerals around Dem, Keyi Panyor district, Arunachal Pradesh",ARUNACHAL PRADESH,Pistana Circle,Dem - I,,,,Non - Linear,10.0,90.0,100.0,0.0,0.0,0.0,0.0,0.0,0,0,0,Not applicable as the project or activity is site specific,,NO,NO,NO,2026-06-12T06:11:07.405+00:00,,,,,,,,,,,,,,,,,,,,,,,,,,,,,,,,,,,,,,,"GSI Complex, Near PHQ, Chandranagar,
Ganga Village, Itanagar",,12,Central Government (Department/Autonomous body),Geologist,,12,,Lower Subansiri,,https://parivesh.nic.in/dms/okm/downloadDocument?docTypemappingId=40829&refId=1231796784&refType=caf&uuid=23033278-98c2-416f-aae2-f42579a3efff&version=1.0,264972,https://parivesh.nic.in/newupgrade/#/report/ec?proposalId=1231805093,903.0,903.0
1232172259,The project envisages utilization of the discharge of the Tangon river to generate about 680MW of power by using a gross head of about 286.3m. The project is proposed to be developed as a run-of-the-river scheme by constructing a 85m high concrete gravity dam on Tangon river and diverting the water through an underground waterway system to utilize the available head in an underground powerhouse.,New,IA/AR/RIV/582227/2026,2026-06-15T11:21:44.065+00:00,2026-09-18T04:11:32.914+00:00,EC Granted,261.53,5.89601,SJVN Limited,,Environment clearance form,EC,A,,Attunli Hydroelectric Project (680 MW),ARUNACHAL PRADESH,Etalin,Athunli,J-12011/61/2006-IA.I (R),,,Hybrid,20.0,241.53,261.53,0.0,0.0,0.0,0.0,0.0,0,0,0,YES,,NO,NO,NO,2026-06-17T11:48:32.926+00:00,,,,,,,,,,,,,,,,,,,,,,,,,,,,,,,,,,,,,,,,,,,,,,,Upper Dibang Valley,,https://parivesh.nic.in/dms/okm/downloadDocument?docTypemappingId=40829&refId=31759808&refType=caf&uuid=92ca7d41-776d-430a-a866-7f6059140a8f&version=1.0,265989,https://parivesh.nic.in/newupgrade/#/report/ec?proposalId=1232172259,4200000.0,3600000.0
1233073640,"The proposed Demwe Lower Hydroelectric Project falls in the foothills of Lohit basin and is proposed on the river Lohit, a tributary of mighty Brahmaputra in Lohit District of Arunachal Pradesh. The project envisages construction of a 474.35 m Concrete Gravity Dam from the riverbed level across river Lohit to generate 1750 MW of hydropower.",New,FP/AR/SRY/583068/2026,2026-06-23T10:45:46.458+00:00,,Pending at DFO for Issue Approval letter,1589.97,20.0,GREENKO DEMWE  POWER LIMITED,,FormC_Exempted_Category_Part_I,,,,"Permission for Borehole Drilling in Lohit Forest Division for Construction of Demwe Lower Hydro Electric Project in Lohit District, Arunachal Pradesh",ARUNACHAL PRADESH,Tezu HQ,Tohangam,,,,Non - Linear,174.05,1415.92,1589.97,0.0,0.0,0.0,0.0,0.0,0,0,0,Not applicable as the project or activity is site specific,,NO,NO,NO,2026-06-24T11:55:16.069+00:00,,,,,,,,,,,,,,,,,,,,,,,,,,,,,,,,,,,,,,,"2nd floor, Block D, Plot No.13, Sy.No:64 part, Hitech City layout, Madhapur, Rangareddy (Dist), Telanagana",Hyderabad,36,Private Limited,Associate Vice President (AVP),Hyderabad,36,,Lohit,,https://parivesh.nic.in/dms/okm/downloadDocument?docTypemappingId=40829&refId=1233067387&refType=caf&uuid=84fe3574-b81d-48a6-a2f1-30582f051826&version=1.0,266416,https://parivesh.nic.in/newupgrade/#/report/ec?proposalId=1233073640,3650.0,0.0
1233306175,"The 50 TPD Scientific Waste Disposal Facility at Chimpu, Itanagar is an integrated Municipal Solid Waste Management facility developed for scientific processing and disposal of municipal waste generated from the Itanagar Capital Region. The facility includes waste to energy and scientific disposal of residual waste, with the objective of reducing open dumping and ensuring environmentally sustainable waste management.",New,SIA/AR/INFRA2/583318/2026,2026-06-25T09:04:14.481+00:00,,Under Verification,0.95,377700000.0,ITANAGAR MUNICIPAL CORPORATION,,Environment clearance form,TOR,B2,Common Municipal Solid Waste Management Facility (CMSWMF),50 TPD Scientific Waste Disposal Facility,ARUNACHAL PRADESH,Balijan ADC,Lower Tubung,,,,Non - Linear,0.0,0.95,0.95,0.0,0.0,0.0,0.0,0.0,0,0,0,Not applicable as the project or activity is site specific,,NO,NO,NO,2026-06-29T07:09:03.654+00:00,,,,,,,,,,,,,,,,,,,,,,,,,,,,,,,,,,,,,,,,,,,,,,,Papum Pare,,https://parivesh.nic.in/dms/okm/downloadDocument?docTypemappingId=40829&refId=1233168048&refType=caf&uuid=b93b34d3-3de3-4b36-97b6-b3762a4f0290&version=1.0,262286,https://parivesh.nic.in/newupgrade/#/report/ec?proposalId=1233306175,1200.0,69350.0
1233619023,CONSTRUCTION OF 33 KV DAMBUK-BIZARI LINE UNDER COMPREHENSIVE SCHEME FOR STRENGTHENING OF TRANSMISSION AND DISTRIBUTION SYSTEM IN ARUNACHAL PRADESH,New,FP/AR/PWR_TRANS/583659/2026,2026-06-29T10:27:31.734+00:00,,Pending at Nodal Officer for Recommendation after PSC-II,24.5,678.9891,"EXECUTIVE ENGINEER(E), ROING ELECTRICAL DIVISION, DEPARTMENT OF POWER, ARUNACHAL PRADESH",,Forest clearance form,,,,33 kV line from 132/33kv Dambuk Ss to 33/11kV Bijari Ss,ARUNACHAL PRADESH,Dambuk ADC,Bizari III,,,NA,Linear,0.0,24.5,24.5,0.0,0.0,0.0,0.0,0.0,0,0,0,YES,,NO,NO,NO,2026-06-29T11:32:42.327+00:00,,https://parivesh.nic.in/dms/okm/downloadDocument?docTypemappingId=59020&refId=1233619022&refType=fc&uuid=0e5e75d3-c749-4b0c-ad30-3728b491c6dc&version=1.0,Degraded Forest Land,true,,,,,,,,,,,,,,,,,,,,,,,,,,,,,,,,,,,"O/O THE EXECUTIVE ENGINEER(ELECT), ROING ELECTRICAL DIVISION, ROING",ROING,12,State Government (Department/Autonomous body),EXECUTIVE ENGINEER (ELECT),ROING,12,,Lower Dibang Valley,NA,https://parivesh.nic.in/dms/okm/downloadDocument?docTypemappingId=40829&refId=1233385187&refType=caf&uuid=7b235ee8-213d-4b7c-a96f-8eb1356ad827&version=1.0;https://parivesh.nic.in/dms/okm/downloadDocument?docTypemappingId=58989&refId=1233385187&refType=FC&uuid=1f1a5e02-b2a2-4425-856e-26e1b27551f8&version=1.0,266303,https://parivesh.nic.in/newupgrade/#/report/ec?proposalId=1233619023,24525.0,140525.0
1234389311,Subansiri Upper HE Project is proposed as a multipurpose scheme for flood moderation and hydropower generation. It envisages utilization of water from River Subansiri. The scheme proposes construction of a 237m high concrete gravity dam. The project shall have a probable installed capacity of 1605 MW.,New,IA/AR/RIV/584408/2026,2026-07-06T10:01:38.734+00:00,,Forwarded to MS,2733.0,2181500.0,NHPC LIMITED,,Environment clearance form,EC,A,,Subansiri Upper HE Project,ARUNACHAL PRADESH,Daporijo Hq,Morak-Nima,J-12011/59/2010-IA-I (R),,,Non - Linear,0.0,2733.0,2733.0,0.0,0.0,0.0,0.0,0.0,27,982,982,YES,,NO,NO,NO,2026-07-08T12:41:43.456+00:00,,,,,,,,,,,,,,,,,,,,,,,,,,,,,,,,,,,,,,,,,,,,,,,Upper Subansiri,,https://parivesh.nic.in/dms/okm/downloadDocument?docTypemappingId=40828&refId=49653079&refType=caf&uuid=8cd8762f-51ab-4901-b455-d61105a82f78&version=1.0;https://parivesh.nic.in/dms/okm/downloadDocument?docTypemappingId=40828&refId=49653079&refType=caf&uuid=22afd873-d359-4d3b-b970-40f176beadc9&version=1.4;https://parivesh.nic.in/dms/okm/downloadDocument?docTypemappingId=40828&refId=49653079&refType=caf&uuid=d2f05df6-64bc-4055-9206-8104ef2c1b35&version=1.0;https://parivesh.nic.in/dms/okm/downloadDocument?docTypemappingId=40828&refId=49653079&refType=caf&uuid=930d2c18-cd6a-427d-ba82-23e3e279d454&version=1.0;https://parivesh.nic.in/dms/okm/downloadDocument?docTypemappingId=40828&refId=49653079&refType=caf&uuid=0ee684b8-0701-4b36-8781-aa8ba868bfa8&version=1.0;https://parivesh.nic.in/dms/okm/downloadDocument?docTypemappingId=40828&refId=49653079&refType=caf&uuid=0ee684b8-0701-4b36-8781-aa8ba868bfa8&version=1.1;https://parivesh.nic.in/dms/okm/downloadDocument?docTypemappingId=40828&refId=49653079&refType=caf&uuid=1bbb7b3a-2d29-4feb-b466-cdd463130214&version=1.0;https://parivesh.nic.in/dms/okm/downloadDocument?docTypemappingId=40829&refId=49653079&refType=caf&uuid=38247453-4266-47b2-a9ab-2aa800112807&version=1.28,,https://parivesh.nic.in/newupgrade/#/report/ec?proposalId=1234389311,8030000.0,9490000.0
1234449819,Construction of  33kV Yingkiong to Mariyang line under comprehensive scheme project of Arunachal Pradesh.,New,FP/AR/PWR_TRANS/584475/2026,2026-07-07T03:13:19.843+00:00,,Pending at DFO/CF after acceptance in PSC-I,64.82,11.31,DEPARTMENT OF POWER  GOVT OF ARUNACHAL PRADESH,,Forest clearance form,,,,Construction of  33kV Yingkiong to Mariyang line under comprehensive scheme project of Arunachal Pradesh.,ARUNACHAL PRADESH,Geku EAC,Bomi,,,,Linear,0.0,64.82,64.82,0.0,0.0,0.0,0.0,0.0,0,0,0,YES,,NO,NO,NO,2026-07-29T18:30:00.000+00:00,,https://parivesh.nic.in/dms/okm/downloadDocument?docTypemappingId=59020&refId=1234449818&refType=fc&uuid=588f243c-7fea-4b6f-b3a4-520ccfce4c7b&version=1.0,Degraded Forest Land,true,,,,,,,,,,,,,,,,,,,,,,,,,,,,,,,,,,,"UPPER MARKET
YINGKIONG",YINGKIONG,12,State Government (Department/Autonomous body),Executive Engineer(E),YINGKIONG,12,,Upper Siang,,https://parivesh.nic.in/dms/okm/downloadDocument?docTypemappingId=40829&refId=1232538799&refType=caf&uuid=6f9d54da-3979-4b07-862c-0b734f9aea52&version=1.0;https://parivesh.nic.in/dms/okm/downloadDocument?docTypemappingId=40828&refId=1232538799&refType=caf&uuid=0a4b3513-57d0-445e-a76c-649a65400d0f&version=1.0;https://parivesh.nic.in/dms/okm/downloadDocument?docTypemappingId=58989&refId=1232538799&refType=FC&uuid=b6f34d99-8f48-410f-94fd-a04783175b19&version=1.0,264015,https://parivesh.nic.in/newupgrade/#/report/ec?proposalId=1234449819,4380.0,1460.0
1234547639,Construction of  33kV Yingkiong to Geku line under comprehensive scheme project of Arunachal Pradesh.,New,FP/AR/PWR_TRANS/584574/2026,2026-07-07T12:18:31.684+00:00,,Pending at DFO/CF after acceptance in PSC-I,71.9,13.762,DEPARTMENT OF POWER  GOVT OF ARUNACHAL PRADESH,,Forest clearance form,,,,Construction of  33kV Yingkiong to Geku line under comprehensive scheme project of Arunachal Pradesh.,ARUNACHAL PRADESH,Yingkiong Circle,11 K.M. L/Camp,,,,Linear,0.0,71.9,71.9,0.0,0.0,0.0,0.0,0.0,0,0,0,YES,,NO,NO,NO,2026-07-29T18:30:00.000+00:00,,https://parivesh.nic.in/dms/okm/downloadDocument?docTypemappingId=59020&refId=1234547638&refType=fc&uuid=99899f10-1d56-421e-a197-3859a5989a12&version=1.0,Degraded Forest Land,true,,,,,,,,,,,,,,,,,,,,,,,,,,,,,,,,,,,"UPPER MARKET
YINGKIONG",YINGKIONG,12,State Government (Department/Autonomous body),Executive Engineer (E),YINGKIONG,12,,Upper Siang,,https://parivesh.nic.in/dms/okm/downloadDocument?docTypemappingId=40828&refId=1233391176&refType=caf&uuid=ac1d2def-5180-4701-925b-777eb49fc3e5&version=1.0;https://parivesh.nic.in/dms/okm/downloadDocument?docTypemappingId=40829&refId=1233391176&refType=caf&uuid=d1f7fd51-22cb-440e-b5b7-8d68aac51cd5&version=1.0;https://parivesh.nic.in/dms/okm/downloadDocument?docTypemappingId=40828&refId=1233391176&refType=caf&uuid=9e1388a9-9269-437c-a34a-1e32b9376baa&version=1.0;https://parivesh.nic.in/dms/okm/downloadDocument?docTypemappingId=58989&refId=1233391176&refType=FC&uuid=620d3dc8-e4f7-4d02-a1fa-87fd4a4baa19&version=1.0,,https://parivesh.nic.in/newupgrade/#/report/ec?proposalId=1234547639,4380.0,1460.0
1234715887,"Proposal for diversion of 0.137 ha forest land for Hindustan Petroleum Corporation Limited (HPCL) Filling station at Banderdewa, on NH 15 between Police Training Centre, Arunachal Pradesh to Banderdewa Check Gate.",New,WL/AR/PetrolPump/584732/2026,2026-07-09T05:09:31.877+00:00,,,0.137,32.0,Kipa Ano,,Wildlife clearance form,,,,Proposal for diversion of 0.137 ha forest land for Hindustan Petroleum Corporation Limited (HPCL) Filling station at Banderdewa,ARUNACHAL PRADESH,Bihpuria,Reserve Gaon,,,,Non - Linear,0.0,0.137,0.137,0.0,0.0,0.0,0.0,0.0,0,0,0,Not applicable as the project or activity is site specific,,NO,NO,NO,2026-07-11T11:52:19.247+00:00,,,,,,,,,,,,,,,,,,,,,,,,,,,,,,,,,,,,,,,,,,,,,,,Lakhimpur,,https://parivesh.nic.in/dms/okm/downloadDocument?docTypemappingId=40829&refId=110542101&refType=caf&uuid=4d405b5f-7fab-4e45-b30b-1b4e2c9b0386&version=1.0,287678,https://parivesh.nic.in/newupgrade/#/report/ec?proposalId=1234715887,15540.0,15540.0
1235846905,CONSTRUCTION OF DEFENCE STRATEGIC PROJECT AT HAYULIANG,New,FP/AR/OTHERS/586075/2026,2026-07-20T12:53:11.783+00:00,,Pending at State Secretary due to EDS by RO,34.803,10932.53,Ministry of Defense,,Forest clearance form,,,,CONSTRUCTION OF DEFENCE STRATEGIC PROJECT AT HAYULIANG,ARUNACHAL PRADESH,Hayuliang ADC,Air Field Ziro Point,,,,Non - Linear,0.0,34.803,34.803,0.0,0.0,0.0,0.0,0.0,0,0,0,Not applicable as the project or activity is site specific,,NO,NO,NO,2026-07-21T18:30:00.000+00:00,,https://parivesh.nic.in/dms/okm/downloadDocument?docTypemappingId=59020&refId=1235846904&refType=fc&uuid=bc533ce0-0cae-4df9-b6a6-7e4f2046f6c7&version=1.0,Degraded Forest Land,true,,,,,,,,,,,,,,,,,,,,,,,,,,,,,,,,,,,"Hayuliang, Military Camp,
9MADRAS TRAVANCORE
PIN - 911409
c/o 99 APO",,12,Central Government (Department/Autonomous body),QUARTERMASTER,,12,,Anjaw,,https://parivesh.nic.in/dms/okm/downloadDocument?docTypemappingId=40829&refId=1235730442&refType=caf&uuid=5c160ee4-6621-4dd3-b3a9-0e2517182c53&version=1.0;https://parivesh.nic.in/dms/okm/downloadDocument?docTypemappingId=58989&refId=1235730442&refType=FC&uuid=fd47947f-468f-4993-ac8b-c30a7a052f3a&version=1.0,266725,https://parivesh.nic.in/newupgrade/#/report/ec?proposalId=1235846905,68640.0,51168.0
1236930888,This project is related to exploratory drilling for establishing Hydrocarbons at the Location KHAT.,New,SIA/AR/IND2/587254/2026,2026-07-30T08:45:54.516+00:00,,Proposal Accepted and Referred to SEAC,2.75,4000.0,OIL INDIA LTD,,Environment clearance form,TOR,B2,"Off-shore and onshore oil and gas exploration,  development and production","Onshore Oil & Gas drilling of one well at Loc. KHAT under Ningru Extension PML, Changalang District, Arunachal Pradesh",ARUNACHAL PRADESH,Bordumsa ADC,Madhupur-II,,SIA/AR/IND2/587254/2026,,Non - Linear,2.75,0.0,2.75,0.0,0.0,0.0,0.0,0.0,0,0,0,Not applicable as the project or activity is site specific,,NO,NO,NO,2026-08-03T05:14:37.159+00:00,,,,,,,,,,,,,,,,,,,,,,,,,,,,,,,,,,,,,,,,,,,,,,,Changlang,,https://parivesh.nic.in/dms/okm/downloadDocument?docTypemappingId=40829&refId=1236879144&refType=caf&uuid=05041833-1d2a-4fa5-b2a1-1878600eec25&version=1.0,264357,https://parivesh.nic.in/newupgrade/#/report/ec?proposalId=1236930888,720.0,10080.0
1237666168,"Sito Sikhe Vanadium and Graphite block is a composite license block handed over by Government of Arunachal Pradesh through auction to The Proprietor of M/s Yuma Enterprises, Tarh Nachung, in Sito and Sikhe Village, Pistana Circle, Keyi Panyor District (Earlier Lower Subansiri), Arunachal Pradesh vide LOI no. DGM/11012/1/2026/CN:292480/8733-52 dated: 2nd April 2026. The block encompasses a total of 96.56 Ha area.",New,FP/AR/SRY/588118/2026,2026-08-06T10:09:29.336+00:00,,Pending at DFO for Scrutiny and Recommendation,96.56,1000.0,Tarh Nachung,,FormC_Exempted_Category_Part_I,,,,Sito Sikhe Vanadium and Graphite Block,ARUNACHAL PRADESH,Pistana Circle,Sekhe,,,,Non - Linear,0.0,96.56,96.56,0.0,0.0,0.0,0.0,0.0,0,0,0,Not applicable as the project or activity is site specific,,NO,NO,NO,2026-08-10T10:29:40.559+00:00,,,,,,,,,,,,,,,,,,,,,,,,,,,,,,,,,,,,,,,"P-sector , Nirjuli, Po Nirjuli, Ps Nirjuli",Sito Sikhe,12,Individual,Proprietor,,12,,Lower Subansiri,,https://parivesh.nic.in/dms/okm/downloadDocument?docTypemappingId=40829&refId=1237321372&refType=caf&uuid=8b5025b2-5dfc-485a-8f6c-a590fe8e99bf&version=1.0,264963,https://parivesh.nic.in/newupgrade/#/report/ec?proposalId=1237666168,720.0,8400.0
1240347890,"The project envisages the construction of a new 90.00 m span, 70R-loading steel arch bridge over the Sibo Korong River at Pasighat, East Siang District, Arunachal Pradesh, together with approach roads and other allied infrastructure. The proposed bridge is intended to establish an alternative and resilient road connectivity between the Komlighat–Sibo/Siang side and the GTC area of Pasighat.

At present, vehicular movement between these areas is completely dependent on the existing bridge along NH-515, resulting in traffic congestion. Further, the project will improve accessibility to educational institutions, healthcare facilities, facilitate uninterrupted movement during emergencies, and cater to future increases in traffic demand, making the infrastructure sustainable and adequate for long-term requirements.",New,FP/AR/ROAD/591413/2026,2026-09-07T09:43:36.612+00:00,,Pending at UA due to EDS by DFO,0.745,4771.0,"PWD, Pasighat Division",,Forest clearance form,,,,C/o 70R loading capacity bridge over Sibo Korong in Pasighat in East Siang District of Arunachal Pradesh (Span 90m) under CRIF SETU BANDHAN,ARUNACHAL PRADESH,Mebo ADC,Ranaghat,,,,Linear,0.655,0.09,0.745,0.0,0.0,0.0,0.0,0.0,0,0,0,Not applicable as the project or activity is site specific,,NO,NO,NO,2026-09-07T10:12:14.936+00:00,,,,false,,,,,,,,,,,,,,,,,,,,,,,,,,,,,,,,,,,"Office of the Executive Engineer, PWD, Pasighat",Pasighat,12,State Government (Department/Autonomous body),Executive Engineer,Pasighat,12,,East Siang,,https://parivesh.nic.in/dms/okm/downloadDocument?docTypemappingId=40829&refId=1233344468&refType=caf&uuid=1a92d072-a31c-43f7-85c0-2c7b2c7c9cbb&version=1.0;https://parivesh.nic.in/dms/okm/downloadDocument?docTypemappingId=58989&refId=1233344468&refType=FC&uuid=73e82bbf-5177-4bf2-b835-3de3bb0dedb3&version=1.0,263911,https://parivesh.nic.in/newupgrade/#/report/ec?proposalId=1240347890,224475.0,266000.0
1240896465,"The projects road is located in hilly terrain in the state of Arunachal Pradesh. Entire project road is of new construction with single lane with earthen shoulder configuration. In order to improve accessibility for ITBP force to reach Balchida base camp easily, the Bruni to Balchida road is proposed to construct to achieve faster transportation will ultimately lead to massive saving of travelling time and total reduction in transportation costs. This road project will open the lines of communication and movement of troops for the armed forces in Arunachal Pradesh border areas. Project site is hilly terrain with forest and having no road of any type, even pedestrian track is not defined in full stretch. As enquired at site from the local villagers/porters/ITBP staff the length of present pedestrian route, being used by ITBP and others, is about 15 Kms.",New,WL/AR/DEF/592082/2026,2026-09-14T07:09:03.768+00:00,,,47.4,27084.0,NATIONAL HIGHWAYS & INFRASTRUCTURE DEVELOPMENT CORPORATION LIMITED,,Wildlife clearance form,,,,Development of Bruni - Balchida Road to single lane with earthen shoulders approved under ICBR (Ph-III) project in the state of Arunachal Pradesh (Total length 17.095 km) (Package-II).,ARUNACHAL PRADESH,Anini,NA,,,,Linear,0.0,47.4,47.4,0.0,0.0,0.0,0.0,0.0,0,0,0,NO,No,NO,NO,NO,2026-09-17T06:53:57.047+00:00,,,,,,,,,,,,,,,,,,,,,,,,,,,,,,,,,,,,,,,,,,,,,,,Upper Dibang Valley,,https://parivesh.nic.in/dms/okm/downloadDocument?docTypemappingId=40829&refId=1240888454&refType=caf&uuid=5b63932b-3815-4ed6-94f5-219452fbdf97&version=1.0,"",https://parivesh.nic.in/newupgrade/#/report/ec?proposalId=1240896465,89587.0,109500.0
1241202443,"The projects road is located in hilly terrain in the state of Arunachal Pradesh. Entire project road is of new construction with single lane with earthen shoulder configuration. In order to improve accessibility for ITBP force to reach Taphuk base camp easily, the Tuting-(Kunging) Kahebingo-Taphuk road is proposed to construct to achieve faster transportation will ultimately lead to massive saving of travelling time and total reduction in transportation costs. This road project will open the lines of communication and movement of troops for the armed forces in Arunachal Pradesh border areas. Project site is hilly terrain with forest and having no road of any type, even pedestrian track is not defined in full stretch. As enquired at site from the local villagers/porters/ITBP staff the length of present pedestrian route, being used by ITBP and others, is approximately about 30 Kms.",New,WL/AR/DEF/592487/2026,2026-09-17T12:51:41.845+00:00,,,19.72,1068.0,NATIONAL HIGHWAYS & INFRASTRUCTURE DEVELOPMENT CORPORATION LIMITED,,Wildlife clearance form,,,,Development of Tuting-(Kunging) Kahebingo-Taphuk road to single lane with earthen shoulders approved under ICBR (ph-III) project in the state of Arunachal Pradesh (Total length 89.572 km) (Package-III),ARUNACHAL PRADESH,Tuting ADC,Darging/Dobolote/Moter Rene/Parle/Badang,,,,Linear,0.0,19.72,19.72,0.0,0.0,0.0,0.0,0.0,0,0,0,Not applicable as the project or activity is site specific,,NO,NO,NO,2026-09-18T07:03:02.857+00:00,,,,,,,,,,,,,,,,,,,,,,,,,,,,,,,,,,,,,,,,,,,,,,,Upper Siang,,https://parivesh.nic.in/dms/okm/downloadDocument?docTypemappingId=40829&refId=1241184650&refType=caf&uuid=56be8ed4-9504-46b2-a68d-df3cf3c01ef3&version=1.0,263932,https://parivesh.nic.in/newupgrade/#/report/ec?proposalId=1241202443,422981.0,54770.0
1241558620,"M/s Rongoge Mega Food Park Pvt Ltd has proposed Civil Construction of an industrial building for
Mega Food Park” at Do likoto, Banderdewa, Arunachal Pradesh. The proposed industrial shed will be used for Food Processing, Packaging & Manufacturing of food products. The land documents have been enclosed as Annexure I . The project will be spread over in total Plot Area – 2,02,342.80 Sq.m. & its built-up-Area 3 ,03,514.2 Sq.m. As per the EIA Notification 14th September 2006 and its 
subsequent amendments, the project is falling in the category ""B1 "" and schedule 8(b).",New,SIA/AR/INFRA2/592893/2026,2026-09-22T06:38:23.412+00:00,,Under Examination,20.2342,73.022,GOLI ANGU,Acro Design and Engineering,Environment clearance form,TOR,B1,Townships/ Area Development Projects / Rehabilitation Centres,"Proposed Civil Construction of Industrial Building for “Mega Food Park” at Dolikoto, Banderdewa, Arunachal Pradesh by M/s Rongoge Mega Food Park Pvt Ltd.",ARUNACHAL PRADESH,Narayanpur,Achi Hapa,,,as per land documents enclosed,Non - Linear,20.2342,0.0,20.2342,0.0,0.0,0.0,0.0,0.0,0,0,0,Not applicable as the project or activity is site specific,,NO,NO,NO,2026-09-22T09:32:03.628+00:00,,,,,,,,,,,,,,,,,,,,,,,,,,,,,,,,,,,,,,,,,,,,,,,Lakhimpur,as per land documents enclosed,https://parivesh.nic.in/dms/okm/downloadDocument?docTypemappingId=40829&refId=1241554745&refType=caf&uuid=9501728f-3598-4e7e-a7f0-e0f8de9f24f1&version=1.0,262328,https://parivesh.nic.in/newupgrade/#/report/ec?proposalId=1241558620,25580.0,255745.0
1243068089,"The installed capacity of the Kurung Hydro Electric Project is 292 MW. The dam site of Kurung Hydro-electric Project (HEP) is located near Sangram village about 1.50 km upstream of Panyo R Nallah confluence, a right bank tributary of the Kurung river. The project is located in the Kurung Kumey District of Arunachal Pradesh.",New,IA/AR/RIV/592956/2026,2026-09-22T11:03:52.122+00:00,,Under Examination,911.5,41425900000.0,NORTH EASTERN ELECTRIC POWER CORPORATION LTD,WAPCOS Limited,Environment clearance form,TOR,A,River Valley/Irrigation projects,Kurung Hydro Electric Project (292 MW),ARUNACHAL PRADESH,SANGRAM SDO,6 Mile Camp,,,,Hybrid,0.0,911.5,911.5,0.0,0.0,0.0,0.0,0.0,4,47,65,YES,,NO,NO,NO,2026-09-28T08:52:09.886+00:00,,,,,,,,,,,,,,,,,,,,,,,,,,,,,,,,,,,,,,,,,,,,,,,Kurung Kumey,,https://parivesh.nic.in/dms/okm/downloadDocument?docTypemappingId=40829&refId=1241572028&refType=caf&uuid=596e8f58-0403-4cb2-a84e-7ccc68ba1ded&version=1.0;https://parivesh.nic.in/dms/okm/downloadDocument?docTypemappingId=40828&refId=1241572028&refType=caf&uuid=fc7d9674-de9f-433e-9911-6cb63c6843b9&version=1.0;https://parivesh.nic.in/dms/okm/downloadDocument?docTypemappingId=40828&refId=1241572028&refType=caf&uuid=015626b2-e150-4c0c-8542-415dbbf9f684&version=1.0;https://parivesh.nic.in/dms/okm/downloadDocument?docTypemappingId=40828&refId=1241572028&refType=caf&uuid=ef72d90a-195c-4acb-bbfb-da1025fb939d&version=1.0,265304,https://parivesh.nic.in/newupgrade/#/report/ec?proposalId=1243068089,713100.0,1277500.0
1243074486,"The project is located near village Lungte in Shi Yomi district of Arunachal Pradesh and envisages utilization of the waters of the Siyom, a tributary of Siang, for power generation in a run of river development harnessing a rated net head of 281.67 m in Main Unit. The project proposes a total installed capacity of 351 MW, comprising three main units of 110.66 MW each (332 MW) and two auxiliary units of 9.5 MW each (19 MW).",New,IA/AR/RIV/592970/2026,2026-09-22T11:40:44.128+00:00,,Under Examination,404.93,602616.0,NORTH EASTERN ELECTRIC POWER CORPORATION LTD,P and M Solutions,Environment clearance form,TOR,A,River Valley/Irrigation projects,"Hirong Hydro Electric Projects (351 MW) near village Lungte, District-Shi Yomi, State-Arunachal Pradesh.",ARUNACHAL PRADESH,Payum Circle,Aliney,,,,Non - Linear,0.0,404.93,404.93,0.0,0.0,0.0,0.0,0.0,7,0,312,Not applicable as the project or activity is site specific,,NO,NO,NO,2026-09-28T12:18:34.191+00:00,,,,,,,,,,,,,,,,,,,,,,,,,,,,,,,,,,,,,,,,,,,,,,,Siang,,https://parivesh.nic.in/dms/okm/downloadDocument?docTypemappingId=40829&refId=1241575539&refType=caf&uuid=483ad03d-422e-48bd-9105-8d43a75b40ee&version=1.0,266022,https://parivesh.nic.in/newupgrade/#/report/ec?proposalId=1243074486,1423500.0,2190000.0
1243569587,"The proposed project is for the construction of road from Bizari village to Ngopok area in Lower Dibang Valley District, Arunachal Pradesh.",New,FP/AR/ROAD/593682/2026,2026-09-28T13:40:25.088+00:00,,Pending at DFO for Scrutiny and Recommendation,3.8,3372.0,"Arunachal Pradesh Public Works Department, Roing division",,Forest clearance form,,,,Construction of road from Bizari to Ngopok in Lower Dibang Valley District,ARUNACHAL PRADESH,Tinali Paglam Circle,Keara-Ah (Chimu),,,,Linear,0.0,3.8,3.8,0.0,0.0,0.0,0.0,0.0,0,0,0,YES,,NO,NO,NO,2026-09-28T16:03:15.435+00:00,,,Degraded Forest Land,true,,,,,,,,,,,,,,,,,,,,,,,,,,,,,,,,,,,"Office of the Executive Engineer, PWD Roing division",Roing,12,State Government (Department/Autonomous body),EXECUTIVE ENGINEER,Roing,12,,Lower Dibang Valley,,https://parivesh.nic.in/dms/okm/downloadDocument?docTypemappingId=40829&refId=1243568576&refType=caf&uuid=b71a1005-ff83-437e-a2b4-626cd368a917&version=1.0;https://parivesh.nic.in/dms/okm/downloadDocument?docTypemappingId=40828&refId=1243568576&refType=caf&uuid=a814a2b5-b7f0-4868-b622-fb524febcf4e&version=1.0;https://parivesh.nic.in/dms/okm/downloadDocument?docTypemappingId=40828&refId=1243568576&refType=caf&uuid=d636b763-54f9-4fc3-ab86-b4fe08ff105e&version=1.0;https://parivesh.nic.in/dms/okm/downloadDocument?docTypemappingId=40828&refId=1243568576&refType=caf&uuid=09084ff0-16bc-4c8d-aba0-06694e3d67db&version=1.0;https://parivesh.nic.in/dms/okm/downloadDocument?docTypemappingId=58989&refId=1243568576&refType=FC&uuid=834db9ae-b54b-4378-904c-cc285ebc4e96&version=1.0,266304,https://parivesh.nic.in/newupgrade/#/report/ec?proposalId=1243569587,110025.0,24990.0
1244841751,"The proposed diversion is limited to 0.1585 hectares, which is the minimum area proposed for the establishment and operation of the retail outlet, subject to verification through the approved site layout. The project is intended to improve the availability of essential petroleum products, facilitate uninterrupted fuel supply to road users, support local transportation and economic activities, and generate employment opportunities for local people.",New,FP/AR/PetrolPump/595061/2026,2026-10-10T04:19:37.735+00:00,,Pending at DFO for Scrutiny and Recommendation,0.1585,90.0,Tadar  Talley,,Forest clearance form,,,,Proposal for diversion of 0.1585 ha of forest land for establishment of MS/HSD Partial DODO Type Regular Retail Dealership Outlet (Petrol Pump) at Banderdewa NH- 15 in Papum Pare District of Arunachal Pradesh,ARUNACHAL PRADESH,Bihpuria,PARBOTIPUR NO.2 RAJGARH,,,1,Hybrid,0.0,0.1585,0.1585,0.0,0.0,0.0,0.0,0.0,0,0,0,NO,unavailability of alternative sites for the project apart from forests,NO,NO,NO,2026-10-10T04:46:32.276+00:00,,,,false,,,,,,,,,,,,,,,,,,,,,,,,,,,,,,,,,,,"Yupia, Doimuk, Papum Pare, Arunachal Pradesh",Yupia Doimuk,12,Individual,Proprietor,,12,,Lakhimpur,1,https://parivesh.nic.in/dms/okm/downloadDocument?docTypemappingId=40829&refId=1244838841&refType=caf&uuid=08c13209-41b9-4ade-8e9d-51b42e81872c&version=1.0;https://parivesh.nic.in/dms/okm/downloadDocument?docTypemappingId=58989&refId=1244838841&refType=FC&uuid=e02d3587-99f4-456f-a9cc-b777c518948b&version=1.0,287611,https://parivesh.nic.in/newupgrade/#/report/ec?proposalId=1244841751,11715.0,11715.0
